t,x,y,z,vx,vy,vz,Fz,phase
0.000000,0.426496,-0.113218,-0.161738,0.000310,0.001097,-0.000126,6.179014,WAIT_USER_CONFIRM
0.001000,0.426496,-0.113221,-0.161739,-0.000399,0.000387,-0.000803,6.178997,WAIT_USER_CONFIRM
0.002000,0.426493,-0.113222,-0.161739,-0.001318,-0.000138,-0.000600,6.178905,WAIT_USER_CONFIRM
0.003000,0.426495,-0.113222,-0.161738,-0.000344,-0.000316,0.000192,6.178659,WAIT_USER_CONFIRM
0.004000,0.426494,-0.113220,-0.161740,-0.000434,0.000759,-0.000315,6.178224,WAIT_USER_CONFIRM
0.005000,0.426496,-0.113219,-0.161739,0.000916,0.001333,0.000073,6.177652,WAIT_USER_CONFIRM
0.006000,0.426495,-0.113220,-0.161741,-0.000175,0.000374,-0.000355,6.177054,WAIT_USER_CONFIRM
0.007000,0.426500,-0.113223,-0.161738,0.001377,-0.000559,0.000643,6.176535,WAIT_USER_CONFIRM
0.008000,0.426508,-0.113223,-0.161734,0.003419,-0.000266,0.001577,6.176170,WAIT_USER_CONFIRM
0.009000,0.426521,-0.113228,-0.161724,0.005802,-0.001428,0.003699,6.176047,WAIT_USER_CONFIRM
0.010000,0.426534,-0.113234,-0.161715,0.007636,-0.002762,0.005148,6.176368,WAIT_USER_CONFIRM
0.011000,0.426549,-0.113238,-0.161704,0.009862,-0.003015,0.006829,6.177530,WAIT_USER_CONFIRM
0.012000,0.426573,-0.113244,-0.161688,0.013809,-0.003806,0.009449,6.180123,WAIT_USER_CONFIRM
0.013000,0.426598,-0.113250,-0.161671,0.015504,-0.004506,0.011148,6.184897,WAIT_USER_CONFIRM
0.014000,0.426628,-0.113257,-0.161651,0.019137,-0.005553,0.013595,6.192715,WAIT_USER_CONFIRM
0.015000,0.426654,-0.113269,-0.161631,0.021354,-0.007263,0.015453,6.204492,WAIT_USER_CONFIRM
0.016000,0.426685,-0.113275,-0.161612,0.024589,-0.007097,0.016602,6.221089,WAIT_USER_CONFIRM
0.017000,0.426724,-0.113285,-0.161588,0.030272,-0.008172,0.019707,6.243190,WAIT_USER_CONFIRM
0.018000,0.426758,-0.113297,-0.161565,0.032647,-0.009397,0.021043,6.271203,WAIT_USER_CONFIRM
0.019000,0.426795,-0.113309,-0.161542,0.034468,-0.010163,0.021639,6.305221,WAIT_USER_CONFIRM
0.020000,0.426837,-0.113321,-0.161516,0.038043,-0.010855,0.023500,6.344970,WAIT_USER_CONFIRM
0.021000,0.426875,-0.113335,-0.161490,0.038670,-0.011863,0.024323,6.389774,WAIT_USER_CONFIRM
0.022000,0.426914,-0.113353,-0.161464,0.039722,-0.013951,0.025566,6.438604,WAIT_USER_CONFIRM
0.023000,0.426961,-0.113367,-0.161436,0.042538,-0.013574,0.026603,6.490175,WAIT_USER_CONFIRM
0.024000,0.427006,-0.113380,-0.161407,0.044106,-0.013419,0.027622,6.543046,WAIT_USER_CONFIRM
0.025000,0.427059,-0.113396,-0.161376,0.046966,-0.014645,0.029042,6.595720,WAIT_USER_CONFIRM
0.026000,0.427108,-0.113407,-0.161346,0.048648,-0.013375,0.029422,6.646745,WAIT_USER_CONFIRM
0.027000,0.427161,-0.113420,-0.161314,0.049722,-0.012982,0.030080,6.694795,WAIT_USER_CONFIRM
0.028000,0.427213,-0.113441,-0.161281,0.050704,-0.015639,0.031423,6.738706,WAIT_USER_CONFIRM
0.029000,0.427262,-0.113460,-0.161250,0.050587,-0.016702,0.031580,6.777509,WAIT_USER_CONFIRM
0.030000,0.427311,-0.113479,-0.161218,0.050476,-0.017746,0.031855,6.810407,WAIT_USER_CONFIRM
0.031000,0.427365,-0.113497,-0.161187,0.050424,-0.017825,0.031044,6.836709,WAIT_USER_CONFIRM
0.032000,0.427415,-0.113514,-0.161158,0.048810,-0.016926,0.029845,6.855726,WAIT_USER_CONFIRM
0.033000,0.427470,-0.113529,-0.161126,0.050167,-0.016431,0.030378,6.866698,WAIT_USER_CONFIRM
0.034000,0.427531,-0.113545,-0.161092,0.052714,-0.016108,0.031172,6.868824,WAIT_USER_CONFIRM
0.035000,0.427584,-0.113564,-0.161060,0.053123,-0.016418,0.031465,6.861409,WAIT_USER_CONFIRM
0.036000,0.427645,-0.113584,-0.161022,0.055161,-0.017405,0.033217,6.844007,WAIT_USER_CONFIRM
0.037000,0.427700,-0.113603,-0.160989,0.055272,-0.017819,0.032893,6.816499,WAIT_USER_CONFIRM
0.038000,0.427761,-0.113624,-0.160951,0.056668,-0.018502,0.034657,6.779104,WAIT_USER_CONFIRM
0.039000,0.427825,-0.113642,-0.160914,0.057536,-0.018482,0.034786,6.732348,WAIT_USER_CONFIRM
0.040000,0.427889,-0.113661,-0.160878,0.059667,-0.018735,0.035252,6.677023,WAIT_USER_CONFIRM
0.041000,0.427965,-0.113679,-0.160835,0.064013,-0.018592,0.037292,6.614118,WAIT_USER_CONFIRM
0.042000,0.428032,-0.113697,-0.160797,0.065297,-0.018613,0.037510,6.544749,WAIT_USER_CONFIRM
0.043000,0.428103,-0.113723,-0.160752,0.066942,-0.020814,0.039735,6.470128,WAIT_USER_CONFIRM
0.044000,0.428162,-0.113744,-0.160715,0.064921,-0.020517,0.039176,6.391538,WAIT_USER_CONFIRM
0.045000,0.428227,-0.113763,-0.160675,0.066247,-0.019775,0.039895,6.310301,WAIT_USER_CONFIRM
0.046000,0.428296,-0.113784,-0.160633,0.067529,-0.019643,0.040519,6.227708,WAIT_USER_CONFIRM
0.047000,0.428363,-0.113805,-0.160592,0.068155,-0.020421,0.041157,6.144965,WAIT_USER_CONFIRM
0.048000,0.428434,-0.113823,-0.160550,0.069095,-0.019633,0.041436,6.063164,WAIT_USER_CONFIRM
0.049000,0.428509,-0.113839,-0.160507,0.071355,-0.018779,0.042193,5.983257,WAIT_USER_CONFIRM
0.050000,0.428593,-0.113857,-0.160458,0.075546,-0.018225,0.044090,5.906070,WAIT_USER_CONFIRM
0.051000,0.428668,-0.113881,-0.160413,0.075933,-0.020022,0.044445,5.832339,WAIT_USER_CONFIRM
0.052000,0.428741,-0.113912,-0.160363,0.074841,-0.023852,0.046153,5.762751,WAIT_USER_CONFIRM
0.053000,0.428808,-0.113942,-0.160319,0.072618,-0.026231,0.045790,5.697918,WAIT_USER_CONFIRM
0.054000,0.428891,-0.113966,-0.160268,0.075584,-0.025144,0.047263,5.638336,WAIT_USER_CONFIRM
0.055000,0.428977,-0.113985,-0.160218,0.078392,-0.023479,0.048031,5.584364,WAIT_USER_CONFIRM
0.056000,0.429060,-0.114006,-0.160168,0.080082,-0.022698,0.048522,5.536259,WAIT_USER_CONFIRM
0.057000,0.429152,-0.114028,-0.160113,0.084079,-0.022133,0.050670,5.494228,WAIT_USER_CONFIRM
0.058000,0.429236,-0.114053,-0.160061,0.083079,-0.022632,0.050575,5.458484,WAIT_USER_CONFIRM
0.059000,0.429331,-0.114078,-0.160003,0.085994,-0.023611,0.052738,5.429254,WAIT_USER_CONFIRM
0.060000,0.429417,-0.114104,-0.159948,0.086811,-0.024063,0.053863,5.406781,WAIT_USER_CONFIRM
0.061000,0.429496,-0.114132,-0.159893,0.083818,-0.025369,0.053926,5.391315,WAIT_USER_CONFIRM
0.062000,0.429580,-0.114158,-0.159839,0.083036,-0.025242,0.053289,5.383074,WAIT_USER_CONFIRM
0.063000,0.429667,-0.114189,-0.159783,0.084042,-0.026743,0.053978,5.382133,WAIT_USER_CONFIRM
0.064000,0.429751,-0.114216,-0.159729,0.083034,-0.026482,0.053554,5.388299,WAIT_USER_CONFIRM
0.065000,0.429839,-0.114245,-0.159671,0.084495,-0.027441,0.054819,5.401055,WAIT_USER_CONFIRM
0.066000,0.429940,-0.114267,-0.159609,0.089119,-0.025582,0.057009,5.419655,WAIT_USER_CONFIRM
0.067000,0.430040,-0.114292,-0.159547,0.092195,-0.024877,0.058205,5.443312,WAIT_USER_CONFIRM
0.068000,0.430135,-0.114321,-0.159485,0.093251,-0.026229,0.059651,5.471384,WAIT_USER_CONFIRM
0.069000,0.430229,-0.114360,-0.159421,0.092292,-0.030439,0.060556,5.503438,WAIT_USER_CONFIRM
0.070000,0.430319,-0.114398,-0.159359,0.090874,-0.033222,0.060768,5.539186,WAIT_USER_CONFIRM
0.071000,0.430407,-0.114436,-0.159299,0.089260,-0.035137,0.060373,5.578342,WAIT_USER_CONFIRM
0.072000,0.430488,-0.114468,-0.159244,0.086325,-0.034422,0.058632,5.620447,WAIT_USER_CONFIRM
0.073000,0.430572,-0.114494,-0.159188,0.085239,-0.031858,0.057633,5.664730,WAIT_USER_CONFIRM
0.074000,0.430662,-0.114522,-0.159130,0.087559,-0.030009,0.057950,5.710096,WAIT_USER_CONFIRM
0.075000,0.430754,-0.114549,-0.159071,0.090084,-0.029082,0.058661,5.755249,WAIT_USER_CONFIRM
0.076000,0.430850,-0.114579,-0.159008,0.092929,-0.029164,0.060419,5.798906,WAIT_USER_CONFIRM
0.077000,0.430942,-0.114611,-0.158946,0.092285,-0.030626,0.060701,5.839996,WAIT_USER_CONFIRM
0.078000,0.431037,-0.114647,-0.158883,0.093079,-0.032018,0.061708,5.877758,WAIT_USER_CONFIRM
0.079000,0.431128,-0.114677,-0.158823,0.091987,-0.031128,0.061026,5.911726,WAIT_USER_CONFIRM
0.080000,0.431225,-0.114710,-0.158762,0.092643,-0.032139,0.060654,5.941631,WAIT_USER_CONFIRM
0.081000,0.431319,-0.114745,-0.158700,0.092992,-0.033294,0.060853,5.967264,WAIT_USER_CONFIRM
0.082000,0.431413,-0.114777,-0.158641,0.093030,-0.032687,0.060148,5.988368,WAIT_USER_CONFIRM
0.083000,0.431505,-0.114805,-0.158582,0.092239,-0.030692,0.059295,6.004602,WAIT_USER_CONFIRM
0.084000,0.431598,-0.114838,-0.158520,0.092594,-0.030597,0.060022,6.015572,WAIT_USER_CONFIRM
0.085000,0.431679,-0.114867,-0.158466,0.088646,-0.030051,0.057982,6.020920,WAIT_USER_CONFIRM
0.086000,0.431766,-0.114904,-0.158407,0.088420,-0.032259,0.058551,6.020382,WAIT_USER_CONFIRM
0.087000,0.431866,-0.114933,-0.158344,0.092335,-0.031301,0.060349,6.013803,WAIT_USER_CONFIRM
0.088000,0.431969,-0.114957,-0.158282,0.094767,-0.029459,0.060563,6.001204,WAIT_USER_CONFIRM
0.089000,0.432066,-0.114980,-0.158222,0.095278,-0.026744,0.060053,5.982875,WAIT_USER_CONFIRM
0.090000,0.432157,-0.115007,-0.158163,0.093783,-0.026822,0.059827,5.959373,WAIT_USER_CONFIRM
0.091000,0.432249,-0.115040,-0.158102,0.093079,-0.029522,0.060450,5.931443,WAIT_USER_CONFIRM
0.092000,0.432342,-0.115073,-0.158040,0.092375,-0.031024,0.060550,5.899940,WAIT_USER_CONFIRM
0.093000,0.432445,-0.115105,-0.157974,0.095034,-0.031555,0.062411,5.865767,WAIT_USER_CONFIRM
0.094000,0.432536,-0.115135,-0.157913,0.093607,-0.031036,0.061760,5.829837,WAIT_USER_CONFIRM
0.095000,0.432625,-0.115163,-0.157853,0.091354,-0.029797,0.061016,5.793069,WAIT_USER_CONFIRM
0.096000,0.432712,-0.115184,-0.157794,0.090495,-0.026829,0.060312,5.756355,WAIT_USER_CONFIRM
0.097000,0.432810,-0.115206,-0.157734,0.093150,-0.025307,0.060511,5.720518,WAIT_USER_CONFIRM
0.098000,0.432917,-0.115229,-0.157667,0.097651,-0.024650,0.062491,5.686309,WAIT_USER_CONFIRM
0.099000,0.433014,-0.115260,-0.157603,0.097824,-0.026328,0.063145,5.654435,WAIT_USER_CONFIRM
0.100000,0.433105,-0.115295,-0.157538,0.095154,-0.029398,0.063627,5.625595,WAIT_USER_CONFIRM
0.101000,0.433196,-0.115327,-0.157472,0.092669,-0.030154,0.063773,5.600479,WAIT_USER_CONFIRM
0.102000,0.433282,-0.115353,-0.157413,0.090701,-0.029147,0.062556,5.579718,WAIT_USER_CONFIRM
0.103000,0.433388,-0.115376,-0.157348,0.094461,-0.027675,0.062978,5.563819,WAIT_USER_CONFIRM
0.104000,0.433496,-0.115404,-0.157281,0.099543,-0.027492,0.064292,5.553099,WAIT_USER_CONFIRM
0.105000,0.433595,-0.115431,-0.157218,0.099323,-0.027540,0.064102,5.547666,WAIT_USER_CONFIRM
0.106000,0.433685,-0.115465,-0.157153,0.096055,-0.029511,0.063988,5.547446,WAIT_USER_CONFIRM
0.107000,0.433781,-0.115497,-0.157085,0.096000,-0.029893,0.065234,5.552227,WAIT_USER_CONFIRM
0.108000,0.433869,-0.115521,-0.157023,0.094118,-0.028226,0.064884,5.561743,WAIT_USER_CONFIRM
0.109000,0.433964,-0.115545,-0.156958,0.093592,-0.027374,0.064742,5.575798,WAIT_USER_CONFIRM
0.110000,0.434054,-0.115571,-0.156897,0.092334,-0.027228,0.063673,5.594315,WAIT_USER_CONFIRM
0.111000,0.434152,-0.115595,-0.156832,0.094220,-0.026591,0.064148,5.617253,WAIT_USER_CONFIRM
0.112000,0.434254,-0.115617,-0.156767,0.095987,-0.025252,0.063949,5.644500,WAIT_USER_CONFIRM
0.113000,0.434357,-0.115637,-0.156700,0.098544,-0.022955,0.064613,5.675828,WAIT_USER_CONFIRM
0.114000,0.434451,-0.115664,-0.156636,0.096717,-0.024401,0.064394,5.710900,WAIT_USER_CONFIRM
0.115000,0.434539,-0.115695,-0.156572,0.093614,-0.026873,0.064367,5.749286,WAIT_USER_CONFIRM
0.116000,0.434636,-0.115721,-0.156506,0.093858,-0.027021,0.064739,5.790478,WAIT_USER_CONFIRM
0.117000,0.434735,-0.115743,-0.156442,0.095592,-0.025317,0.064414,5.833914,WAIT_USER_CONFIRM
0.118000,0.434835,-0.115764,-0.156379,0.096934,-0.023732,0.063904,5.879011,WAIT_USER_CONFIRM
0.119000,0.434921,-0.115791,-0.156320,0.092510,-0.024748,0.061717,5.925147,WAIT_USER_CONFIRM
0.120000,0.435004,-0.115822,-0.156260,0.089348,-0.026731,0.061222,5.971580,WAIT_USER_CONFIRM
0.121000,0.435094,-0.115848,-0.156197,0.088956,-0.026238,0.061188,6.017397,WAIT_USER_CONFIRM
0.122000,0.435176,-0.115869,-0.156140,0.086854,-0.024599,0.060152,6.061564,WAIT_USER_CONFIRM
0.123000,0.435276,-0.115891,-0.156075,0.090988,-0.024039,0.061910,6.103051,WAIT_USER_CONFIRM
0.124000,0.435371,-0.115908,-0.156015,0.091827,-0.021485,0.061120,6.140971,WAIT_USER_CONFIRM
0.125000,0.435458,-0.115934,-0.155954,0.090586,-0.022542,0.060951,6.174670,WAIT_USER_CONFIRM
0.126000,0.435540,-0.115957,-0.155898,0.087552,-0.022789,0.059539,6.203725,WAIT_USER_CONFIRM
0.127000,0.435629,-0.115981,-0.155839,0.087505,-0.023303,0.059078,6.227834,WAIT_USER_CONFIRM
0.128000,0.435723,-0.115998,-0.155781,0.089866,-0.021524,0.058967,6.246698,WAIT_USER_CONFIRM
0.129000,0.435818,-0.116015,-0.155723,0.092162,-0.019615,0.058879,6.259975,WAIT_USER_CONFIRM
0.130000,0.435901,-0.116040,-0.155666,0.089486,-0.021403,0.058420,6.267304,WAIT_USER_CONFIRM
0.131000,0.435992,-0.116063,-0.155606,0.089223,-0.022354,0.058904,6.268377,WAIT_USER_CONFIRM
0.132000,0.436080,-0.116080,-0.155550,0.088631,-0.021150,0.058087,6.263001,WAIT_USER_CONFIRM
0.133000,0.436168,-0.116095,-0.155494,0.088278,-0.019423,0.057382,6.251152,WAIT_USER_CONFIRM
0.134000,0.436242,-0.116115,-0.155445,0.083978,-0.020128,0.055166,6.232959,WAIT_USER_CONFIRM
0.135000,0.436320,-0.116137,-0.155394,0.081894,-0.021051,0.053915,6.208619,WAIT_USER_CONFIRM
0.136000,0.436400,-0.116154,-0.155344,0.082353,-0.019726,0.053229,6.178283,WAIT_USER_CONFIRM
0.137000,0.436483,-0.116174,-0.155291,0.082584,-0.020012,0.052853,6.141994,WAIT_USER_CONFIRM
0.138000,0.436560,-0.116189,-0.155242,0.080816,-0.018539,0.052077,6.099742,WAIT_USER_CONFIRM
0.139000,0.436644,-0.116209,-0.155184,0.081021,-0.018471,0.053326,6.051584,WAIT_USER_CONFIRM
0.140000,0.436729,-0.116219,-0.155131,0.082280,-0.015758,0.053490,5.997834,WAIT_USER_CONFIRM
0.141000,0.436821,-0.116232,-0.155075,0.085509,-0.014646,0.054406,5.939238,WAIT_USER_CONFIRM
0.142000,0.436910,-0.116257,-0.155016,0.086534,-0.018089,0.055726,5.877025,WAIT_USER_CONFIRM
0.143000,0.436983,-0.116282,-0.154964,0.082077,-0.020670,0.054442,5.812796,WAIT_USER_CONFIRM
0.144000,0.437056,-0.116300,-0.154913,0.078816,-0.020252,0.053354,5.748295,WAIT_USER_CONFIRM
0.145000,0.437135,-0.116315,-0.154860,0.077612,-0.018303,0.052428,5.685165,WAIT_USER_CONFIRM
0.146000,0.437218,-0.116322,-0.154809,0.079239,-0.014775,0.051987,5.624786,WAIT_USER_CONFIRM
0.147000,0.437308,-0.116333,-0.154753,0.084073,-0.012982,0.053470,5.568290,WAIT_USER_CONFIRM
0.148000,0.437381,-0.116350,-0.154704,0.081265,-0.014095,0.052585,5.516656,WAIT_USER_CONFIRM
0.149000,0.437457,-0.116376,-0.154646,0.079593,-0.017883,0.054249,5.470803,WAIT_USER_CONFIRM
0.150000,0.437533,-0.116395,-0.154591,0.078488,-0.018078,0.054546,5.431605,WAIT_USER_CONFIRM
0.151000,0.437615,-0.116401,-0.154538,0.079222,-0.014638,0.053993,5.399907,WAIT_USER_CONFIRM
0.152000,0.437695,-0.116411,-0.154485,0.079691,-0.012968,0.053683,5.376483,WAIT_USER_CONFIRM
0.153000,0.437773,-0.116430,-0.154431,0.078872,-0.014809,0.053534,5.361967,WAIT_USER_CONFIRM
0.154000,0.437843,-0.116453,-0.154381,0.076684,-0.017084,0.052535,5.356767,WAIT_USER_CONFIRM
0.155000,0.437920,-0.116470,-0.154330,0.076751,-0.017528,0.052249,5.360963,WAIT_USER_CONFIRM
0.156000,0.438003,-0.116478,-0.154279,0.079062,-0.014099,0.051827,5.374217,WAIT_USER_CONFIRM
0.157000,0.438076,-0.116491,-0.154228,0.077660,-0.013813,0.051898,5.395768,WAIT_USER_CONFIRM
0.158000,0.438144,-0.116505,-0.154179,0.074411,-0.013901,0.050985,5.424548,WAIT_USER_CONFIRM
0.159000,0.438233,-0.116515,-0.154124,0.079342,-0.012975,0.052553,5.459362,WAIT_USER_CONFIRM
0.160000,0.438327,-0.116525,-0.154069,0.084896,-0.011378,0.053590,5.499078,WAIT_USER_CONFIRM
0.161000,0.438396,-0.116548,-0.154021,0.080283,-0.015061,0.052049,5.542740,WAIT_USER_CONFIRM
0.162000,0.438450,-0.116569,-0.153979,0.072097,-0.017054,0.048966,5.589484,WAIT_USER_CONFIRM
0.163000,0.438512,-0.116579,-0.153938,0.069170,-0.014908,0.046851,5.638286,WAIT_USER_CONFIRM
0.164000,0.438594,-0.116577,-0.153890,0.073643,-0.009385,0.047136,5.687768,WAIT_USER_CONFIRM
0.165000,0.438679,-0.116579,-0.153840,0.078197,-0.006802,0.048300,5.736322,WAIT_USER_CONFIRM
0.166000,0.438750,-0.116596,-0.153793,0.076196,-0.010629,0.048401,5.782459,WAIT_USER_CONFIRM
0.167000,0.438811,-0.116620,-0.153746,0.071519,-0.015379,0.048083,5.825087,WAIT_USER_CONFIRM
0.168000,0.438873,-0.116634,-0.153705,0.068507,-0.015645,0.045998,5.863536,WAIT_USER_CONFIRM
0.169000,0.438951,-0.116644,-0.153659,0.071571,-0.013933,0.046281,5.897373,WAIT_USER_CONFIRM
0.170000,0.439013,-0.116650,-0.153621,0.067504,-0.010891,0.042987,5.926171,WAIT_USER_CONFIRM
0.171000,0.439079,-0.116664,-0.153577,0.067498,-0.012182,0.043400,5.949394,WAIT_USER_CONFIRM
0.172000,0.439140,-0.116676,-0.153537,0.065548,-0.011865,0.042692,5.966418,WAIT_USER_CONFIRM
0.173000,0.439209,-0.116687,-0.153495,0.067188,-0.011544,0.042273,5.976682,WAIT_USER_CONFIRM
0.174000,0.439280,-0.116697,-0.153450,0.068276,-0.011616,0.043195,5.979818,WAIT_USER_CONFIRM
0.175000,0.439347,-0.116707,-0.153406,0.066913,-0.011377,0.042804,5.975713,WAIT_USER_CONFIRM
0.176000,0.439409,-0.116717,-0.153366,0.065453,-0.010383,0.042065,5.964514,WAIT_USER_CONFIRM
0.177000,0.439476,-0.116727,-0.153325,0.065502,-0.009891,0.041606,5.946599,WAIT_USER_CONFIRM
0.178000,0.439540,-0.116742,-0.153282,0.064792,-0.012026,0.041903,5.922517,WAIT_USER_CONFIRM
0.179000,0.439595,-0.116756,-0.153244,0.061546,-0.012875,0.040614,5.892920,WAIT_USER_CONFIRM
0.180000,0.439652,-0.116764,-0.153207,0.059999,-0.011637,0.039606,5.858506,WAIT_USER_CONFIRM
0.181000,0.439714,-0.116770,-0.153169,0.060750,-0.009304,0.039011,5.819943,WAIT_USER_CONFIRM
0.182000,0.439772,-0.116775,-0.153133,0.059735,-0.008136,0.038085,5.777827,WAIT_USER_CONFIRM
0.183000,0.439826,-0.116785,-0.153097,0.058116,-0.009085,0.037611,5.732691,WAIT_USER_CONFIRM
0.184000,0.439885,-0.116799,-0.153060,0.058059,-0.011177,0.037639,5.685023,WAIT_USER_CONFIRM
0.185000,0.439945,-0.116807,-0.153022,0.059261,-0.010462,0.037877,5.635296,WAIT_USER_CONFIRM
0.186000,0.439994,-0.116819,-0.152989,0.056496,-0.010391,0.036518,5.583972,WAIT_USER_CONFIRM
0.187000,0.440043,-0.116830,-0.152955,0.054819,-0.010629,0.036269,5.531498,WAIT_USER_CONFIRM
0.188000,0.440087,-0.116835,-0.152924,0.051722,-0.008689,0.034827,5.478277,WAIT_USER_CONFIRM
0.189000,0.440150,-0.116838,-0.152886,0.055405,-0.006545,0.035752,5.424692,WAIT_USER_CONFIRM
0.190000,0.440213,-0.116842,-0.152849,0.057336,-0.005793,0.036145,5.371188,WAIT_USER_CONFIRM
0.191000,0.440264,-0.116849,-0.152816,0.055555,-0.005708,0.034835,5.318332,WAIT_USER_CONFIRM
0.192000,0.440314,-0.116858,-0.152782,0.054399,-0.006918,0.035213,5.266787,WAIT_USER_CONFIRM
0.193000,0.440362,-0.116872,-0.152747,0.051254,-0.009479,0.034681,5.217225,WAIT_USER_CONFIRM
0.194000,0.440414,-0.116880,-0.152714,0.051935,-0.008837,0.034373,5.170255,WAIT_USER_CONFIRM
0.195000,0.440462,-0.116885,-0.152683,0.051534,-0.007609,0.033602,5.126384,WAIT_USER_CONFIRM
0.196000,0.440521,-0.116892,-0.152648,0.054323,-0.006950,0.034384,5.085977,WAIT_USER_CONFIRM
0.197000,0.440565,-0.116900,-0.152618,0.050652,-0.007143,0.032493,5.049261,WAIT_USER_CONFIRM
0.198000,0.440618,-0.116908,-0.152584,0.050876,-0.007371,0.033092,5.016348,WAIT_USER_CONFIRM
0.199000,0.440665,-0.116913,-0.152553,0.050202,-0.006944,0.032797,4.987255,WAIT_USER_CONFIRM
0.200000,0.440709,-0.116919,-0.152523,0.048381,-0.006793,0.032081,4.961969,WAIT_USER_CONFIRM
0.201000,0.440753,-0.116927,-0.152495,0.046675,-0.007150,0.030540,4.940479,WAIT_USER_CONFIRM
0.202000,0.440805,-0.116937,-0.152461,0.047888,-0.008238,0.031396,4.922717,WAIT_USER_CONFIRM
0.203000,0.440843,-0.116943,-0.152436,0.044796,-0.007731,0.029376,4.908498,WAIT_USER_CONFIRM
0.204000,0.440882,-0.116950,-0.152410,0.042922,-0.006981,0.028427,4.897490,WAIT_USER_CONFIRM
0.205000,0.440918,-0.116955,-0.152384,0.041524,-0.005803,0.027750,4.889223,WAIT_USER_CONFIRM
0.206000,0.440962,-0.116958,-0.152356,0.042076,-0.004675,0.027698,4.883146,WAIT_USER_CONFIRM
0.207000,0.441008,-0.116962,-0.152328,0.043351,-0.004658,0.027886,4.878748,WAIT_USER_CONFIRM
0.208000,0.441046,-0.116975,-0.152301,0.041821,-0.007760,0.028008,4.875661,WAIT_USER_CONFIRM
0.209000,0.441077,-0.116991,-0.152277,0.038682,-0.010322,0.026849,4.873682,WAIT_USER_CONFIRM
0.210000,0.441117,-0.116993,-0.152252,0.039282,-0.008732,0.026611,4.872701,WAIT_USER_CONFIRM
0.211000,0.441159,-0.116998,-0.152228,0.039602,-0.007418,0.025740,4.872610,WAIT_USER_CONFIRM
0.212000,0.441186,-0.117004,-0.152208,0.034377,-0.007108,0.023523,4.873242,WAIT_USER_CONFIRM
0.213000,0.441223,-0.117015,-0.152182,0.034527,-0.008572,0.024175,4.874324,WAIT_USER_CONFIRM
0.214000,0.441260,-0.117016,-0.152160,0.035617,-0.006651,0.023702,4.875490,WAIT_USER_CONFIRM
0.215000,0.441306,-0.117014,-0.152135,0.039404,-0.003368,0.024195,4.876377,WAIT_USER_CONFIRM
0.216000,0.441346,-0.117015,-0.152112,0.040247,-0.002687,0.024272,4.876746,WAIT_USER_CONFIRM
0.217000,0.441372,-0.117031,-0.152090,0.034810,-0.006992,0.023097,4.876558,WAIT_USER_CONFIRM
0.218000,0.441397,-0.117046,-0.152070,0.031522,-0.009872,0.022168,4.875931,WAIT_USER_CONFIRM
0.219000,0.441437,-0.117053,-0.152046,0.034149,-0.008986,0.022918,4.875002,WAIT_USER_CONFIRM
0.220000,0.441475,-0.117057,-0.152026,0.035887,-0.007292,0.022179,4.873824,WAIT_USER_CONFIRM
0.221000,0.441509,-0.117060,-0.152004,0.036029,-0.005368,0.022531,4.872374,WAIT_USER_CONFIRM
0.222000,0.441541,-0.117065,-0.151983,0.035327,-0.005496,0.022376,4.870622,WAIT_USER_CONFIRM
0.223000,0.441571,-0.117068,-0.151962,0.034397,-0.005166,0.022424,4.868645,WAIT_USER_CONFIRM
0.224000,0.441608,-0.117076,-0.151940,0.035820,-0.005794,0.022749,4.866687,WAIT_USER_CONFIRM
0.225000,0.441638,-0.117087,-0.151920,0.035013,-0.007146,0.022334,4.865133,WAIT_USER_CONFIRM
0.226000,0.441667,-0.117094,-0.151901,0.033108,-0.007259,0.021347,4.864384,WAIT_USER_CONFIRM
0.227000,0.441700,-0.117098,-0.151880,0.032708,-0.005822,0.020911,4.864733,WAIT_USER_CONFIRM
0.228000,0.441724,-0.117107,-0.151863,0.030712,-0.006925,0.020279,4.866309,WAIT_USER_CONFIRM
0.229000,0.441746,-0.117117,-0.151845,0.027849,-0.008183,0.019459,4.869104,WAIT_USER_CONFIRM
0.230000,0.441772,-0.117124,-0.151828,0.027576,-0.007671,0.018917,4.872995,WAIT_USER_CONFIRM
0.231000,0.441806,-0.117124,-0.151809,0.029287,-0.005333,0.018660,4.877742,WAIT_USER_CONFIRM
0.232000,0.441841,-0.117126,-0.151788,0.030848,-0.004425,0.019370,4.883014,WAIT_USER_CONFIRM
0.233000,0.441863,-0.117134,-0.151770,0.028362,-0.005208,0.019033,4.888498,WAIT_USER_CONFIRM
0.234000,0.441876,-0.117145,-0.151757,0.023565,-0.007037,0.017415,4.894009,WAIT_USER_CONFIRM
0.235000,0.441903,-0.117153,-0.151739,0.024788,-0.007541,0.017759,4.899481,WAIT_USER_CONFIRM
0.236000,0.441929,-0.117153,-0.151724,0.024674,-0.004891,0.016417,4.904867,WAIT_USER_CONFIRM
0.237000,0.441952,-0.117161,-0.151707,0.024376,-0.005655,0.016727,4.910045,WAIT_USER_CONFIRM
0.238000,0.441972,-0.117163,-0.151692,0.023116,-0.004083,0.016322,4.914821,WAIT_USER_CONFIRM
0.239000,0.441989,-0.117166,-0.151678,0.022223,-0.003552,0.015980,4.919016,WAIT_USER_CONFIRM
0.240000,0.442012,-0.117171,-0.151663,0.022835,-0.003809,0.015840,4.922549,WAIT_USER_CONFIRM
0.241000,0.442041,-0.117176,-0.151645,0.025041,-0.003794,0.016554,4.925453,WAIT_USER_CONFIRM
0.242000,0.442049,-0.117186,-0.151634,0.019961,-0.005979,0.014559,4.927817,WAIT_USER_CONFIRM
0.243000,0.442068,-0.117189,-0.151619,0.019498,-0.005433,0.014646,4.929699,WAIT_USER_CONFIRM
0.244000,0.442082,-0.117190,-0.151609,0.018331,-0.003556,0.013616,4.931063,WAIT_USER_CONFIRM
0.245000,0.442100,-0.117191,-0.151596,0.017759,-0.002629,0.013044,4.931802,WAIT_USER_CONFIRM
0.246000,0.442115,-0.117193,-0.151586,0.017624,-0.001808,0.012204,4.931777,WAIT_USER_CONFIRM
0.247000,0.442137,-0.117195,-0.151572,0.018578,-0.001902,0.012656,4.930829,WAIT_USER_CONFIRM
0.248000,0.442150,-0.117197,-0.151562,0.016841,-0.002277,0.011768,4.928776,WAIT_USER_CONFIRM
0.249000,0.442169,-0.117201,-0.151548,0.018331,-0.002541,0.012936,4.925447,WAIT_USER_CONFIRM
0.250000,0.442178,-0.117202,-0.151541,0.015305,-0.001536,0.010905,4.920730,WAIT_USER_CONFIRM
0.251000,0.442191,-0.117202,-0.151531,0.014993,-0.001186,0.010595,4.914577,WAIT_USER_CONFIRM
0.252000,0.442207,-0.117202,-0.151521,0.015532,-0.000892,0.010640,4.906968,WAIT_USER_CONFIRM
0.253000,0.442220,-0.117205,-0.151512,0.014284,-0.001211,0.009993,4.897884,WAIT_USER_CONFIRM
0.254000,0.442230,-0.117207,-0.151504,0.012400,-0.001329,0.009099,4.887307,WAIT_USER_CONFIRM
0.255000,0.442243,-0.117206,-0.151494,0.012705,-0.000507,0.009181,4.875218,WAIT_USER_CONFIRM
0.256000,0.442251,-0.117206,-0.151488,0.011069,0.000240,0.007912,4.861613,WAIT_USER_CONFIRM
0.257000,0.442263,-0.117207,-0.151479,0.011834,-0.000340,0.008721,4.846516,WAIT_USER_CONFIRM
0.258000,0.442271,-0.117206,-0.151474,0.010922,0.000577,0.007436,4.829997,WAIT_USER_CONFIRM
0.259000,0.442284,-0.117208,-0.151466,0.011805,-0.000214,0.008036,4.812175,WAIT_USER_CONFIRM
0.260000,0.442287,-0.117208,-0.151463,0.009715,-0.000221,0.006573,4.793195,WAIT_USER_CONFIRM
0.261000,0.442301,-0.117208,-0.151455,0.011037,0.000054,0.007115,4.773194,WAIT_USER_CONFIRM
0.262000,0.442308,-0.117207,-0.151450,0.009966,0.000220,0.006561,4.752293,WAIT_USER_CONFIRM
0.263000,0.442315,-0.117205,-0.151445,0.009357,0.000515,0.006256,4.730619,WAIT_USER_CONFIRM
0.264000,0.442323,-0.117209,-0.151440,0.009295,-0.001006,0.006227,4.708319,WAIT_USER_CONFIRM
0.265000,0.442332,-0.117208,-0.151434,0.009512,-0.000611,0.006378,4.685555,WAIT_USER_CONFIRM
0.266000,0.442338,-0.117208,-0.151430,0.008206,-0.000466,0.005124,4.662491,WAIT_USER_CONFIRM
0.267000,0.442346,-0.117209,-0.151424,0.008256,-0.000332,0.005824,4.639281,WAIT_USER_CONFIRM
0.268000,0.442347,-0.117206,-0.151422,0.006284,0.000643,0.004167,4.616073,WAIT_USER_CONFIRM
0.269000,0.442352,-0.117207,-0.151420,0.006247,0.000809,0.003750,4.593020,WAIT_USER_CONFIRM
0.270000,0.442359,-0.117211,-0.151414,0.006294,-0.001120,0.004430,4.570241,WAIT_USER_CONFIRM
0.271000,0.442361,-0.117213,-0.151411,0.004412,-0.001318,0.003739,4.547810,WAIT_USER_CONFIRM
0.272000,0.442367,-0.117213,-0.151408,0.005370,-0.000903,0.004010,4.525795,WAIT_USER_CONFIRM
0.273000,0.442364,-0.117214,-0.151407,0.002668,-0.000371,0.002635,4.504291,WAIT_USER_CONFIRM
0.274000,0.442371,-0.117214,-0.151403,0.003740,-0.000656,0.003097,4.483413,WAIT_USER_CONFIRM
0.275000,0.442373,-0.117219,-0.151400,0.003867,-0.001665,0.003274,4.463287,WAIT_USER_CONFIRM
0.276000,0.442378,-0.117221,-0.151397,0.004374,-0.001583,0.003524,4.444064,WAIT_USER_CONFIRM
0.277000,0.442383,-0.117224,-0.151392,0.004649,-0.001695,0.003711,4.425942,WAIT_USER_CONFIRM
0.278000,0.442384,-0.117228,-0.151390,0.002993,-0.002203,0.002738,4.409172,WAIT_USER_CONFIRM
0.279000,0.442384,-0.117231,-0.151387,0.002565,-0.002065,0.002901,4.394011,WAIT_USER_CONFIRM
0.280000,0.442385,-0.117230,-0.151386,0.001599,-0.001308,0.002037,4.380680,WAIT_USER_CONFIRM
0.281000,0.442384,-0.117234,-0.151385,0.000927,-0.002518,0.001852,4.369335,WAIT_USER_CONFIRM
0.282000,0.442387,-0.117233,-0.151384,0.001212,-0.001469,0.001635,4.360041,WAIT_USER_CONFIRM
0.283000,0.442388,-0.117235,-0.151382,0.001516,-0.001983,0.001749,4.352770,WAIT_USER_CONFIRM
0.284000,0.442387,-0.117238,-0.151382,0.000229,-0.001781,0.001248,4.347432,WAIT_USER_CONFIRM
0.285000,0.442388,-0.117242,-0.151378,0.000648,-0.002969,0.001976,4.343913,WAIT_USER_CONFIRM
0.286000,0.442389,-0.117240,-0.151379,0.000287,-0.001172,0.000969,4.342112,WAIT_USER_CONFIRM
0.287000,0.442389,-0.117247,-0.151377,0.000552,-0.002921,0.001449,4.341944,WAIT_USER_CONFIRM
0.288000,0.442390,-0.117246,-0.151377,-0.000065,-0.001842,0.000762,4.343311,WAIT_USER_CONFIRM
0.289000,0.442390,-0.117246,-0.151377,-0.000275,-0.000645,-0.000016,4.346071,WAIT_USER_CONFIRM
0.290000,0.442390,-0.117251,-0.151377,0.000161,-0.001762,0.000131,4.350018,WAIT_USER_CONFIRM
0.291000,0.442390,-0.117250,-0.151376,0.000548,-0.000737,0.000377,4.354875,WAIT_USER_CONFIRM
0.292000,0.442389,-0.117249,-0.151377,0.000467,-0.000086,0.000098,4.360338,WAIT_USER_CONFIRM
0.293000,0.442385,-0.117250,-0.151379,-0.000563,-0.000427,-0.000499,4.366144,WAIT_USER_CONFIRM
0.294000,0.442386,-0.117250,-0.151378,-0.000566,-0.000587,-0.000337,4.372078,WAIT_USER_CONFIRM
0.295000,0.442388,-0.117251,-0.151377,0.000045,-0.000790,0.000214,4.377964,WAIT_USER_CONFIRM
0.296000,0.442387,-0.117251,-0.151379,-0.000643,-0.000407,-0.000506,4.383676,WAIT_USER_CONFIRM
0.297000,0.442388,-0.117249,-0.151379,-0.000547,0.000212,-0.000511,4.389152,WAIT_USER_CONFIRM
0.298000,0.442386,-0.117248,-0.151379,-0.000444,0.000727,-0.000312,4.394373,WAIT_USER_CONFIRM
0.299000,0.442384,-0.117251,-0.151380,-0.001115,-0.000404,-0.000728,4.399360,WAIT_USER_CONFIRM
0.300000,0.442383,-0.117250,-0.151380,-0.001551,-0.000049,-0.000571,4.404164,WAIT_USER_CONFIRM
0.301000,0.442385,-0.117249,-0.151380,-0.001116,-0.000057,-0.000589,4.408850,WAIT_USER_CONFIRM
0.302000,0.442380,-0.117246,-0.151384,-0.002851,0.000726,-0.001709,4.413477,WAIT_USER_CONFIRM
0.303000,0.442383,-0.117245,-0.151383,-0.001194,0.001067,-0.001128,4.418079,WAIT_USER_CONFIRM
0.304000,0.442381,-0.117248,-0.151384,-0.001532,-0.000245,-0.001044,4.422639,WAIT_USER_CONFIRM
0.305000,0.442381,-0.117248,-0.151384,-0.001314,-0.000639,-0.000877,4.427107,WAIT_USER_CONFIRM
0.306000,0.442380,-0.117248,-0.151385,-0.001593,-0.000102,-0.000929,4.431438,WAIT_USER_CONFIRM
0.307000,0.442379,-0.117244,-0.151387,-0.002334,0.001174,-0.001769,4.435605,WAIT_USER_CONFIRM
0.308000,0.442378,-0.117244,-0.151386,-0.001545,0.001069,-0.000987,4.439602,WAIT_USER_CONFIRM
0.309000,0.442378,-0.117244,-0.151385,-0.000465,0.000688,-0.000115,4.443454,WAIT_USER_CONFIRM
0.310000,0.442379,-0.117240,-0.151387,0.000433,0.002424,-0.000376,4.447275,WAIT_USER_CONFIRM
0.311000,0.442377,-0.117240,-0.151388,-0.000430,0.001633,-0.000768,4.451274,WAIT_USER_CONFIRM
0.312000,0.442377,-0.117242,-0.151388,0.000011,0.000997,-0.000567,4.455677,WAIT_USER_CONFIRM
0.313000,0.442371,-0.117238,-0.151391,-0.002054,0.001271,-0.001416,4.460631,WAIT_USER_CONFIRM
0.314000,0.442372,-0.117239,-0.151391,-0.001171,0.000418,-0.000799,4.466174,WAIT_USER_CONFIRM
0.315000,0.442371,-0.117239,-0.151391,-0.000770,0.000493,-0.000441,4.472263,WAIT_USER_CONFIRM
0.316000,0.442371,-0.117238,-0.151390,-0.000844,0.000403,-0.000380,4.478837,WAIT_USER_CONFIRM
0.317000,0.442371,-0.117238,-0.151390,0.000456,0.000757,0.000307,4.485868,WAIT_USER_CONFIRM
0.318000,0.442368,-0.117240,-0.151391,-0.000938,-0.000702,0.000010,4.493398,WAIT_USER_CONFIRM
0.319000,0.442368,-0.117236,-0.151391,-0.000654,0.000854,-0.000107,4.501521,WAIT_USER_CONFIRM
0.320000,0.442368,-0.117236,-0.151391,-0.000335,0.000782,0.000134,4.510351,WAIT_USER_CONFIRM
0.321000,0.442368,-0.117235,-0.151391,-0.000560,0.001224,-0.000131,4.519993,WAIT_USER_CONFIRM
0.322000,0.442365,-0.117234,-0.151393,-0.001192,0.001200,-0.000520,4.530524,WAIT_USER_CONFIRM
0.323000,0.442366,-0.117235,-0.151392,-0.000684,-0.000198,0.000093,4.541964,WAIT_USER_CONFIRM
0.324000,0.442365,-0.117234,-0.151393,-0.001431,0.000437,-0.000657,4.554263,WAIT_USER_CONFIRM
0.325000,0.442372,-0.117234,-0.151389,0.000260,0.000843,0.000194,4.567310,WAIT_USER_CONFIRM
0.326000,0.442368,-0.117236,-0.151390,-0.000614,0.000078,-0.000272,4.580961,WAIT_USER_CONFIRM
0.327000,0.442369,-0.117235,-0.151390,0.000483,-0.000108,0.000332,4.595067,WAIT_USER_CONFIRM
0.328000,0.442370,-0.117237,-0.151389,0.000969,-0.000631,0.000699,4.609492,WAIT_USER_CONFIRM
0.329000,0.442370,-0.117236,-0.151389,0.000803,-0.000077,0.000440,4.624135,WAIT_USER_CONFIRM
0.330000,0.442372,-0.117233,-0.151388,0.000829,0.000702,0.000405,4.638928,WAIT_USER_CONFIRM
0.331000,0.442369,-0.117234,-0.151389,-0.000444,0.000034,-0.000061,4.653832,WAIT_USER_CONFIRM
0.332000,0.442373,-0.117232,-0.151388,0.000572,0.000291,0.000184,4.668812,WAIT_USER_CONFIRM
0.333000,0.442376,-0.117230,-0.151387,0.000582,0.000756,0.000202,4.683829,WAIT_USER_CONFIRM
0.334000,0.442375,-0.117229,-0.151387,0.000366,0.001415,-0.000000,4.698840,WAIT_USER_CONFIRM
0.335000,0.442379,-0.117232,-0.151385,0.001490,-0.000101,0.000776,4.713813,WAIT_USER_CONFIRM
0.336000,0.442380,-0.117232,-0.151384,0.001741,-0.000122,0.001113,4.728749,WAIT_USER_CONFIRM
0.337000,0.442378,-0.117231,-0.151385,0.001253,0.000209,0.000597,4.743695,WAIT_USER_CONFIRM
0.338000,0.442379,-0.117231,-0.151383,0.001188,-0.000100,0.000893,4.758731,WAIT_USER_CONFIRM
0.339000,0.442380,-0.117231,-0.151384,0.000088,-0.000757,0.000303,4.773940,WAIT_USER_CONFIRM
0.340000,0.442380,-0.117229,-0.151385,0.000149,0.000120,-0.000065,4.789360,WAIT_USER_CONFIRM
0.341000,0.442377,-0.117230,-0.151387,-0.001123,-0.000007,-0.000794,4.804943,WAIT_USER_CONFIRM
0.342000,0.442382,-0.117231,-0.151383,0.001160,-0.000840,0.000891,4.820538,WAIT_USER_CONFIRM
0.343000,0.442378,-0.117228,-0.151386,-0.001274,0.000460,-0.001198,4.835944,WAIT_USER_CONFIRM
0.344000,0.442381,-0.117228,-0.151385,0.000273,0.000333,0.000013,4.850955,WAIT_USER_CONFIRM
0.345000,0.442379,-0.117229,-0.151386,-0.000264,0.000488,-0.000348,4.865379,WAIT_USER_CONFIRM
0.346000,0.442381,-0.117229,-0.151384,0.000169,0.000619,-0.000100,4.879065,WAIT_USER_CONFIRM
0.347000,0.442381,-0.117230,-0.151384,-0.000340,0.000415,-0.000316,4.891932,WAIT_USER_CONFIRM
0.348000,0.442380,-0.117231,-0.151384,0.000022,0.000505,-0.000036,4.903966,WAIT_USER_CONFIRM
0.349000,0.442377,-0.117232,-0.151386,-0.001109,-0.000497,-0.000498,4.915203,WAIT_USER_CONFIRM
0.350000,0.442378,-0.117232,-0.151385,-0.000692,-0.000422,-0.000148,4.925706,WAIT_USER_CONFIRM
0.351000,0.442375,-0.117233,-0.151386,-0.001276,-0.000574,-0.000361,4.935549,WAIT_USER_CONFIRM
0.352000,0.442379,-0.117232,-0.151385,0.000493,-0.000554,0.000454,4.944819,WAIT_USER_CONFIRM
0.353000,0.442373,-0.117232,-0.151388,-0.001689,-0.000031,-0.000816,4.953621,WAIT_USER_CONFIRM
0.354000,0.442373,-0.117236,-0.151387,-0.001782,-0.000750,-0.000712,4.962052,WAIT_USER_CONFIRM
0.355000,0.442373,-0.117237,-0.151387,-0.001597,-0.000872,-0.000830,4.970156,WAIT_USER_CONFIRM
0.356000,0.442374,-0.117236,-0.151387,-0.001012,0.000200,-0.000655,4.977904,WAIT_USER_CONFIRM
0.357000,0.442369,-0.117241,-0.151389,-0.001834,-0.001328,-0.000988,4.985227,WAIT_USER_CONFIRM
0.358000,0.442374,-0.117238,-0.151386,0.000175,-0.000337,0.000005,4.992047,WAIT_USER_CONFIRM
0.359000,0.442369,-0.117240,-0.151389,-0.001403,-0.000430,-0.000910,4.998302,WAIT_USER_CONFIRM
0.360000,0.442372,-0.117243,-0.151387,-0.000246,-0.001181,0.000056,5.003972,WAIT_USER_CONFIRM
0.361000,0.442371,-0.117245,-0.151387,-0.000389,-0.001488,0.000061,5.009084,WAIT_USER_CONFIRM
0.362000,0.442369,-0.117246,-0.151388,-0.001779,-0.001310,-0.000801,5.013716,WAIT_USER_CONFIRM
0.363000,0.442368,-0.117244,-0.151389,-0.001326,-0.000635,-0.000495,5.017962,WAIT_USER_CONFIRM
0.364000,0.442372,-0.117246,-0.151386,0.000786,-0.001067,0.000880,5.021911,WAIT_USER_CONFIRM
0.365000,0.442370,-0.117246,-0.151387,-0.000161,-0.001119,0.000082,5.025682,WAIT_USER_CONFIRM
0.366000,0.442370,-0.117246,-0.151386,-0.000146,-0.000877,0.000647,5.029455,WAIT_USER_CONFIRM
0.367000,0.442367,-0.117246,-0.151389,-0.001664,-0.000983,-0.000530,5.033435,WAIT_USER_CONFIRM
0.368000,0.442370,-0.117249,-0.151387,-0.000189,-0.001999,0.000414,5.037797,WAIT_USER_CONFIRM
0.369000,0.442373,-0.117248,-0.151386,0.001025,-0.001137,0.000560,5.042645,WAIT_USER_CONFIRM
0.370000,0.442370,-0.117249,-0.151386,0.000384,-0.001441,0.000684,5.048026,WAIT_USER_CONFIRM
0.371000,0.442375,-0.117249,-0.151384,0.001231,-0.001231,0.001023,5.053967,WAIT_USER_CONFIRM
0.372000,0.442375,-0.117246,-0.151385,0.001110,0.000218,0.000738,5.060505,WAIT_USER_CONFIRM
0.373000,0.442378,-0.117249,-0.151383,0.001972,-0.001434,0.001339,5.067693,WAIT_USER_CONFIRM
0.374000,0.442379,-0.117248,-0.151383,0.001568,-0.000664,0.000909,5.075582,WAIT_USER_CONFIRM
0.375000,0.442379,-0.117245,-0.151384,0.001328,0.000410,0.000557,5.084193,WAIT_USER_CONFIRM
0.376000,0.442380,-0.117245,-0.151383,0.001167,0.000340,0.000382,5.093486,WAIT_USER_CONFIRM
0.377000,0.442379,-0.117249,-0.151382,0.001259,-0.000834,0.000816,5.103353,WAIT_USER_CONFIRM
0.378000,0.442381,-0.117248,-0.151382,0.001089,-0.000574,0.000564,5.113635,WAIT_USER_CONFIRM
0.379000,0.442381,-0.117245,-0.151383,0.000212,0.000478,-0.000145,5.124143,WAIT_USER_CONFIRM
0.380000,0.442385,-0.117246,-0.151381,0.000727,0.000036,0.000423,5.134663,WAIT_USER_CONFIRM
0.381000,0.442388,-0.117243,-0.151379,0.001557,0.000947,0.000626,5.144978,WAIT_USER_CONFIRM
0.382000,0.442384,-0.117243,-0.151382,0.000263,0.000858,-0.000099,5.154915,WAIT_USER_CONFIRM
0.383000,0.442387,-0.117242,-0.151380,0.001623,0.000933,0.000637,5.164361,WAIT_USER_CONFIRM
0.384000,0.442387,-0.117239,-0.151380,0.001189,0.001119,0.000428,5.173250,WAIT_USER_CONFIRM
0.385000,0.442388,-0.117239,-0.151380,0.000977,0.001328,0.000428,5.181564,WAIT_USER_CONFIRM
0.386000,0.442388,-0.117238,-0.151380,0.000451,0.001303,-0.000045,5.189324,WAIT_USER_CONFIRM
0.387000,0.442385,-0.117239,-0.151382,-0.000710,0.000543,-0.000508,5.196549,WAIT_USER_CONFIRM
0.388000,0.442385,-0.117238,-0.151381,-0.000970,-0.000187,-0.000107,5.203211,WAIT_USER_CONFIRM
0.389000,0.442385,-0.117237,-0.151381,-0.000234,0.000113,-0.000010,5.209246,WAIT_USER_CONFIRM
0.390000,0.442386,-0.117233,-0.151381,0.000246,0.000979,0.000312,5.214602,WAIT_USER_CONFIRM
0.391000,0.442384,-0.117236,-0.151383,-0.000531,-0.000521,-0.000226,5.219279,WAIT_USER_CONFIRM
0.392000,0.442384,-0.117234,-0.151383,-0.000604,0.000260,-0.000264,5.223305,WAIT_USER_CONFIRM
0.393000,0.442387,-0.117233,-0.151381,0.000168,0.000537,0.000385,5.226705,WAIT_USER_CONFIRM
0.394000,0.442383,-0.117232,-0.151383,-0.001202,0.000398,-0.000573,5.229513,WAIT_USER_CONFIRM
0.395000,0.442384,-0.117232,-0.151382,-0.000315,-0.000123,-0.000177,5.231791,WAIT_USER_CONFIRM
0.396000,0.442380,-0.117233,-0.151384,-0.001179,-0.000308,-0.000435,5.233592,WAIT_USER_CONFIRM
0.397000,0.442376,-0.117235,-0.151385,-0.001408,-0.000668,-0.000494,5.234942,WAIT_USER_CONFIRM
0.398000,0.442379,-0.117232,-0.151384,-0.000352,0.000383,0.000001,5.235851,WAIT_USER_CONFIRM
0.399000,0.442377,-0.117232,-0.151386,-0.001122,0.000154,-0.000587,5.236343,WAIT_USER_CONFIRM
0.400000,0.442379,-0.117230,-0.151385,-0.000051,0.000806,-0.000126,5.236462,WAIT_USER_CONFIRM
0.401000,0.442381,-0.117236,-0.151383,0.001029,-0.001375,0.000804,5.236270,WAIT_USER_CONFIRM
0.402000,0.442377,-0.117233,-0.151386,-0.000240,-0.000370,0.000110,5.235858,WAIT_USER_CONFIRM
0.403000,0.442372,-0.117231,-0.151389,-0.001912,0.000057,-0.001068,5.235335,WAIT_USER_CONFIRM
0.404000,0.442374,-0.117232,-0.151388,-0.000325,-0.000439,-0.000113,5.234781,WAIT_USER_CONFIRM
0.405000,0.442377,-0.117232,-0.151386,0.000955,-0.000015,0.000453,5.234213,WAIT_USER_CONFIRM
0.406000,0.442375,-0.117230,-0.151388,-0.000098,0.000668,-0.000595,5.233628,WAIT_USER_CONFIRM
0.407000,0.442374,-0.117230,-0.151388,-0.000178,0.000443,-0.000314,5.233023,WAIT_USER_CONFIRM
0.408000,0.442374,-0.117231,-0.151389,-0.000431,0.000024,-0.000400,5.232375,WAIT_USER_CONFIRM
0.409000,0.442373,-0.117232,-0.151389,-0.000403,-0.000614,-0.000103,5.231636,WAIT_USER_CONFIRM
0.410000,0.442373,-0.117232,-0.151390,-0.000237,-0.000095,-0.000458,5.230754,WAIT_USER_CONFIRM
0.411000,0.442374,-0.117230,-0.151390,0.000481,0.000466,0.000006,5.229679,WAIT_USER_CONFIRM
0.412000,0.442373,-0.117232,-0.151390,-0.000320,-0.000228,-0.000292,5.228363,WAIT_USER_CONFIRM
0.413000,0.442370,-0.117233,-0.151391,-0.001352,-0.000559,-0.000534,5.226765,WAIT_USER_CONFIRM
0.414000,0.442372,-0.117235,-0.151390,-0.001138,-0.000910,-0.000400,5.224857,WAIT_USER_CONFIRM
0.415000,0.442374,-0.117234,-0.151389,-0.000052,-0.000148,0.000064,5.222615,WAIT_USER_CONFIRM
0.416000,0.442377,-0.117236,-0.151387,0.001117,-0.000890,0.000958,5.220053,WAIT_USER_CONFIRM
0.417000,0.442372,-0.117238,-0.151390,-0.001389,-0.001358,-0.000352,5.217252,WAIT_USER_CONFIRM
0.418000,0.442375,-0.117236,-0.151388,-0.001078,-0.000814,0.000044,5.214337,WAIT_USER_CONFIRM
0.419000,0.442381,-0.117234,-0.151385,0.000997,-0.000243,0.000759,5.211422,WAIT_USER_CONFIRM
0.420000,0.442382,-0.117236,-0.151385,0.000901,-0.000935,0.000691,5.208617,WAIT_USER_CONFIRM
0.421000,0.442378,-0.117237,-0.151387,-0.000048,-0.001241,0.000110,5.206033,WAIT_USER_CONFIRM
0.422000,0.442378,-0.117236,-0.151387,-0.000275,-0.000830,0.000232,5.203745,WAIT_USER_CONFIRM
0.423000,0.442377,-0.117240,-0.151386,-0.000478,-0.001747,0.000298,5.201763,WAIT_USER_CONFIRM
0.424000,0.442382,-0.117236,-0.151385,0.001054,0.000264,0.000635,5.200057,WAIT_USER_CONFIRM
0.425000,0.442379,-0.117239,-0.151386,-0.000626,-0.000494,-0.000045,5.198589,WAIT_USER_CONFIRM
0.426000,0.442377,-0.117239,-0.151387,-0.001088,-0.000569,-0.000422,5.197320,WAIT_USER_CONFIRM
0.427000,0.442380,-0.117239,-0.151385,0.001099,-0.000694,0.000769,5.196178,WAIT_USER_CONFIRM
0.428000,0.442379,-0.117242,-0.151385,0.000202,-0.001350,0.000537,5.195077,WAIT_USER_CONFIRM
0.429000,0.442379,-0.117243,-0.151384,-0.000172,-0.001278,0.000622,5.193965,WAIT_USER_CONFIRM
0.430000,0.442383,-0.117239,-0.151383,0.000580,0.000108,0.000449,5.192857,WAIT_USER_CONFIRM
0.431000,0.442377,-0.117240,-0.151386,-0.001482,-0.000379,-0.000594,5.191811,WAIT_USER_CONFIRM
0.432000,0.442380,-0.117239,-0.151384,-0.000162,0.000031,0.000123,5.190871,WAIT_USER_CONFIRM
0.433000,0.442378,-0.117241,-0.151385,-0.001066,-0.000792,-0.000203,5.190036,WAIT_USER_CONFIRM
0.434000,0.442379,-0.117241,-0.151383,-0.000658,-0.000507,0.000162,5.189274,WAIT_USER_CONFIRM
0.435000,0.442382,-0.117239,-0.151383,0.000207,0.000324,0.000114,5.188564,WAIT_USER_CONFIRM
0.436000,0.442377,-0.117242,-0.151384,-0.001001,-0.000715,0.000017,5.187910,WAIT_USER_CONFIRM
0.437000,0.442380,-0.117241,-0.151382,-0.000456,-0.000173,0.000275,5.187346,WAIT_USER_CONFIRM
0.438000,0.442380,-0.117240,-0.151382,0.000210,0.000185,0.000555,5.186940,WAIT_USER_CONFIRM
0.439000,0.442376,-0.117239,-0.151385,-0.001538,0.000291,-0.000742,5.186793,WAIT_USER_CONFIRM
0.440000,0.442375,-0.117240,-0.151386,-0.001990,-0.000317,-0.000760,5.186978,WAIT_USER_CONFIRM
0.441000,0.442374,-0.117240,-0.151386,-0.002513,-0.000263,-0.001124,5.187472,WAIT_USER_CONFIRM
0.442000,0.442378,-0.117238,-0.151384,-0.001081,0.000483,-0.000463,5.188150,WAIT_USER_CONFIRM
0.443000,0.442377,-0.117241,-0.151383,-0.000058,-0.000414,-0.000052,5.188858,WAIT_USER_CONFIRM
0.444000,0.442377,-0.117239,-0.151384,-0.000084,0.000048,-0.000303,5.189482,WAIT_USER_CONFIRM
0.445000,0.442377,-0.117241,-0.151383,-0.000352,-0.000450,0.000169,5.189971,WAIT_USER_CONFIRM
0.446000,0.442377,-0.117242,-0.151383,0.000119,-0.000808,0.000302,5.190339,WAIT_USER_CONFIRM
0.447000,0.442375,-0.117239,-0.151385,-0.000334,0.000574,-0.000145,5.190669,WAIT_USER_CONFIRM
0.448000,0.442377,-0.117241,-0.151383,0.000404,-0.000398,0.000329,5.191101,WAIT_USER_CONFIRM
0.449000,0.442374,-0.117237,-0.151386,-0.001174,0.000689,-0.000620,5.191789,WAIT_USER_CONFIRM
0.450000,0.442376,-0.117236,-0.151385,0.000068,0.000933,0.000024,5.192859,WAIT_USER_CONFIRM
0.451000,0.442378,-0.117238,-0.151383,0.000569,-0.000188,0.000503,5.194404,WAIT_USER_CONFIRM
0.452000,0.442372,-0.117237,-0.151387,-0.001825,0.000184,-0.000874,5.196495,WAIT_USER_CONFIRM
0.453000,0.442377,-0.117237,-0.151384,0.000401,0.000165,0.000174,5.199172,WAIT_USER_CONFIRM
0.454000,0.442376,-0.117238,-0.151385,0.000140,-0.000972,0.000230,5.202419,WAIT_USER_CONFIRM
0.455000,0.442376,-0.117237,-0.151385,0.000488,-0.000209,0.000439,5.206191,WAIT_USER_CONFIRM
0.456000,0.442377,-0.117238,-0.151385,0.000179,-0.000921,0.000091,5.210446,WAIT_USER_CONFIRM
0.457000,0.442378,-0.117237,-0.151385,0.000737,-0.000352,0.000084,5.215144,WAIT_USER_CONFIRM
0.458000,0.442377,-0.117239,-0.151385,0.000120,-0.000552,-0.000108,5.220210,WAIT_USER_CONFIRM
0.459000,0.442380,-0.117238,-0.151383,0.001358,0.000062,0.000595,5.225534,WAIT_USER_CONFIRM
0.460000,0.442375,-0.117239,-0.151385,-0.000185,-0.000035,0.000054,5.231018,WAIT_USER_CONFIRM
0.461000,0.442376,-0.117238,-0.151384,0.000372,0.000110,0.000142,5.236615,WAIT_USER_CONFIRM
0.462000,0.442375,-0.117239,-0.151385,-0.000413,-0.000241,-0.000092,5.242323,WAIT_USER_CONFIRM
0.463000,0.442381,-0.117239,-0.151382,0.001779,0.000125,0.001034,5.248146,WAIT_USER_CONFIRM
0.464000,0.442376,-0.117240,-0.151384,-0.000414,-0.000455,0.000034,5.254101,WAIT_USER_CONFIRM
0.465000,0.442382,-0.117242,-0.151380,0.001698,-0.001165,0.001140,5.260232,WAIT_USER_CONFIRM
0.466000,0.442382,-0.117238,-0.151381,0.001432,0.000586,0.000634,5.266593,WAIT_USER_CONFIRM
0.467000,0.442377,-0.117240,-0.151385,-0.001080,0.000203,-0.001067,5.273215,WAIT_USER_CONFIRM
0.468000,0.442377,-0.117241,-0.151385,-0.000657,0.000251,-0.000606,5.280042,WAIT_USER_CONFIRM
0.469000,0.442380,-0.117240,-0.151383,0.000562,0.000594,0.000062,5.286893,WAIT_USER_CONFIRM
0.470000,0.442377,-0.117241,-0.151385,-0.000214,0.000533,-0.000613,5.293534,WAIT_USER_CONFIRM
0.471000,0.442381,-0.117239,-0.151383,0.001344,0.001304,-0.000039,5.299760,WAIT_USER_CONFIRM
0.472000,0.442379,-0.117240,-0.151384,0.000396,0.001347,-0.000403,5.305421,WAIT_USER_CONFIRM
0.473000,0.442379,-0.117240,-0.151383,0.000676,0.000794,-0.000011,5.310418,WAIT_USER_CONFIRM
0.474000,0.442376,-0.117241,-0.151384,-0.000513,0.000410,-0.000516,5.314713,WAIT_USER_CONFIRM
0.475000,0.442379,-0.117241,-0.151383,0.000456,0.000487,-0.000023,5.318314,WAIT_USER_CONFIRM
0.476000,0.442379,-0.117240,-0.151383,-0.000172,0.000783,-0.000288,5.321256,WAIT_USER_CONFIRM
0.477000,0.442382,-0.117241,-0.151382,0.000478,0.000125,0.000302,5.323600,WAIT_USER_CONFIRM
0.478000,0.442380,-0.117241,-0.151383,-0.000234,0.000115,-0.000028,5.325442,WAIT_USER_CONFIRM
0.479000,0.442380,-0.117241,-0.151383,-0.000090,0.000050,0.000119,5.326905,WAIT_USER_CONFIRM
0.480000,0.442380,-0.117241,-0.151384,0.000012,-0.000334,-0.000209,5.328121,WAIT_USER_CONFIRM
0.481000,0.442379,-0.117240,-0.151385,-0.000336,0.000520,-0.000480,5.329183,WAIT_USER_CONFIRM
0.482000,0.442376,-0.117237,-0.151386,-0.000479,0.001124,-0.000519,5.330111,WAIT_USER_CONFIRM
0.483000,0.442375,-0.117239,-0.151386,-0.000395,0.000303,-0.000175,5.330873,WAIT_USER_CONFIRM
0.484000,0.442377,-0.117239,-0.151385,0.000670,0.000073,0.000319,5.331439,WAIT_USER_CONFIRM
0.485000,0.442376,-0.117239,-0.151386,-0.000368,0.000149,-0.000228,5.331814,WAIT_USER_CONFIRM
0.486000,0.442380,-0.117236,-0.151385,0.001779,0.000613,0.000804,5.332043,WAIT_USER_CONFIRM
0.487000,0.442378,-0.117234,-0.151386,0.000214,0.000896,-0.000011,5.332193,WAIT_USER_CONFIRM
0.488000,0.442373,-0.117237,-0.151388,-0.001089,-0.000042,-0.000296,5.332347,WAIT_USER_CONFIRM
0.489000,0.442375,-0.117236,-0.151387,-0.000175,0.000631,-0.000109,5.332567,WAIT_USER_CONFIRM
0.490000,0.442374,-0.117235,-0.151388,-0.001058,0.000727,-0.000818,5.332856,WAIT_USER_CONFIRM
0.491000,0.442379,-0.117234,-0.151386,0.000272,0.001336,-0.000113,5.333146,WAIT_USER_CONFIRM
0.492000,0.442375,-0.117234,-0.151388,-0.000652,0.000760,-0.000384,5.333313,WAIT_USER_CONFIRM
0.493000,0.442381,-0.117235,-0.151384,0.001593,0.000283,0.000804,5.333246,WAIT_USER_CONFIRM
0.494000,0.442378,-0.117233,-0.151386,0.000577,0.000601,0.000181,5.332892,WAIT_USER_CONFIRM
0.495000,0.442378,-0.117232,-0.151386,0.000917,0.000379,0.000527,5.332270,WAIT_USER_CONFIRM
0.496000,0.442376,-0.117230,-0.151388,0.000460,0.000866,0.000029,5.331447,WAIT_USER_CONFIRM
0.497000,0.442375,-0.117233,-0.151388,0.000273,-0.000166,0.000194,5.330490,WAIT_USER_CONFIRM
0.498000,0.442380,-0.117232,-0.151385,0.001531,0.000043,0.000887,5.329447,WAIT_USER_CONFIRM
0.499000,0.442377,-0.117231,-0.151387,0.000500,0.000560,-0.000048,5.328351,WAIT_USER_CONFIRM
0.500000,0.442378,-0.117233,-0.151386,0.000663,-0.000120,0.000303,5.327224,WAIT_USER_CONFIRM
0.501000,0.442378,-0.117234,-0.151386,0.000648,-0.000365,0.000100,5.326055,WAIT_USER_CONFIRM
0.502000,0.442374,-0.117236,-0.151387,-0.000923,-0.000561,-0.000550,5.324785,WAIT_USER_CONFIRM
0.503000,0.442378,-0.117233,-0.151386,0.000229,0.000492,-0.000162,5.323299,WAIT_USER_CONFIRM
0.504000,0.442378,-0.117231,-0.151385,0.000529,0.001337,0.000015,5.321464,WAIT_USER_CONFIRM
0.505000,0.442380,-0.117234,-0.151385,0.000319,-0.000084,-0.000064,5.319185,WAIT_USER_CONFIRM
0.506000,0.442381,-0.117234,-0.151383,0.000885,-0.000001,0.000756,5.316448,WAIT_USER_CONFIRM
0.507000,0.442381,-0.117233,-0.151384,0.001148,0.000177,0.000422,5.313327,WAIT_USER_CONFIRM
0.508000,0.442380,-0.117236,-0.151384,0.000406,-0.000845,0.000354,5.309966,WAIT_USER_CONFIRM
0.509000,0.442381,-0.117234,-0.151384,0.000340,0.000322,0.000079,5.306537,WAIT_USER_CONFIRM
0.510000,0.442379,-0.117237,-0.151383,-0.000062,-0.000789,0.000403,5.303191,WAIT_USER_CONFIRM
0.511000,0.442381,-0.117240,-0.151382,0.000454,-0.000983,0.000292,5.300051,WAIT_USER_CONFIRM
0.512000,0.442381,-0.117237,-0.151383,0.000747,0.000197,0.000284,5.297219,WAIT_USER_CONFIRM
0.513000,0.442384,-0.117240,-0.151381,0.001020,-0.001042,0.000695,5.294761,WAIT_USER_CONFIRM
0.514000,0.442381,-0.117237,-0.151384,0.000051,0.000293,-0.000179,5.292713,WAIT_USER_CONFIRM
0.515000,0.442380,-0.117240,-0.151383,-0.000358,-0.000541,-0.000254,5.291075,WAIT_USER_CONFIRM
0.516000,0.442377,-0.117240,-0.151385,-0.001184,-0.000236,-0.000704,5.289783,WAIT_USER_CONFIRM
0.517000,0.442382,-0.117242,-0.151382,0.000127,-0.001016,0.000105,5.288704,WAIT_USER_CONFIRM
0.518000,0.442381,-0.117241,-0.151382,-0.000633,-0.000335,-0.000253,5.287684,WAIT_USER_CONFIRM
0.519000,0.442382,-0.117244,-0.151382,-0.000425,-0.001280,-0.000211,5.286597,WAIT_USER_CONFIRM
0.520000,0.442380,-0.117244,-0.151383,-0.001350,-0.000579,-0.000831,5.285354,WAIT_USER_CONFIRM
0.521000,0.442381,-0.117245,-0.151382,-0.001124,-0.000993,-0.000312,5.283876,WAIT_USER_CONFIRM
0.522000,0.442378,-0.117241,-0.151385,-0.001720,-0.000134,-0.001010,5.282090,WAIT_USER_CONFIRM
0.523000,0.442382,-0.117243,-0.151382,0.000095,-0.000425,0.000078,5.279955,WAIT_USER_CONFIRM
0.524000,0.442380,-0.117244,-0.151382,-0.001442,-0.000751,-0.000626,5.277471,WAIT_USER_CONFIRM
0.525000,0.442379,-0.117244,-0.151384,-0.001917,-0.000012,-0.001274,5.274675,WAIT_USER_CONFIRM
0.526000,0.442378,-0.117244,-0.151384,-0.001734,-0.000081,-0.000897,5.271597,WAIT_USER_CONFIRM
0.527000,0.442375,-0.117244,-0.151385,-0.002086,0.000190,-0.001087,5.268236,WAIT_USER_CONFIRM
0.528000,0.442376,-0.117246,-0.151384,-0.001533,-0.000721,-0.000337,5.264594,WAIT_USER_CONFIRM
0.529000,0.442378,-0.117243,-0.151384,-0.000595,0.000496,-0.000233,5.260724,WAIT_USER_CONFIRM
0.530000,0.442377,-0.117242,-0.151384,-0.000550,0.000894,-0.000195,5.256762,WAIT_USER_CONFIRM
0.531000,0.442376,-0.117242,-0.151385,-0.000889,0.000334,-0.000574,5.252911,WAIT_USER_CONFIRM
0.532000,0.442377,-0.117243,-0.151384,-0.000198,-0.000119,-0.000141,5.249382,WAIT_USER_CONFIRM
0.533000,0.442376,-0.117245,-0.151385,-0.000283,-0.000705,0.000019,5.246340,WAIT_USER_CONFIRM
0.534000,0.442379,-0.117245,-0.151383,0.000992,-0.001091,0.000610,5.243892,WAIT_USER_CONFIRM
0.535000,0.442377,-0.117240,-0.151384,-0.000053,0.000434,0.000044,5.242123,WAIT_USER_CONFIRM
0.536000,0.442378,-0.117240,-0.151385,0.000131,0.000026,-0.000047,5.241100,WAIT_USER_CONFIRM
0.537000,0.442380,-0.117242,-0.151383,0.001384,-0.000667,0.000679,5.240864,WAIT_USER_CONFIRM
0.538000,0.442375,-0.117240,-0.151386,-0.000775,0.000225,-0.000533,5.241417,WAIT_USER_CONFIRM
0.539000,0.442378,-0.117239,-0.151385,0.000452,0.000458,-0.000127,5.242706,WAIT_USER_CONFIRM
0.540000,0.442378,-0.117240,-0.151384,0.000615,0.000265,0.000443,5.244633,WAIT_USER_CONFIRM
0.541000,0.442382,-0.117236,-0.151382,0.001476,0.001352,0.000749,5.247099,WAIT_USER_CONFIRM
0.542000,0.442380,-0.117237,-0.151384,0.000996,0.000806,0.000181,5.250065,WAIT_USER_CONFIRM
0.543000,0.442378,-0.117238,-0.151384,-0.000433,0.000195,-0.000370,5.253538,WAIT_USER_CONFIRM
0.544000,0.442379,-0.117234,-0.151385,-0.000766,0.000700,-0.000493,5.257484,WAIT_USER_CONFIRM
0.545000,0.442380,-0.117233,-0.151384,0.000164,0.000844,-0.000116,5.261791,WAIT_USER_CONFIRM
0.546000,0.442383,-0.117233,-0.151383,0.001281,0.000491,0.000536,5.266318,WAIT_USER_CONFIRM
0.547000,0.442380,-0.117234,-0.151384,0.000062,0.000149,-0.000218,5.270949,WAIT_USER_CONFIRM
0.548000,0.442383,-0.117236,-0.151383,0.001088,-0.000480,0.000392,5.275607,WAIT_USER_CONFIRM
0.549000,0.442380,-0.117236,-0.151383,0.000537,-0.000511,0.000375,5.280224,WAIT_USER_CONFIRM
0.550000,0.442382,-0.117235,-0.151383,0.000956,-0.000094,0.000314,5.284744,WAIT_USER_CONFIRM
0.551000,0.442380,-0.117236,-0.151384,0.000407,-0.000497,0.000185,5.289125,WAIT_USER_CONFIRM
0.552000,0.442380,-0.117236,-0.151384,0.000675,-0.000232,0.000148,5.293330,WAIT_USER_CONFIRM
0.553000,0.442382,-0.117235,-0.151383,0.000970,0.000258,0.000467,5.297319,WAIT_USER_CONFIRM
0.554000,0.442379,-0.117237,-0.151384,-0.000085,-0.000215,-0.000125,5.301052,WAIT_USER_CONFIRM
0.555000,0.442383,-0.117235,-0.151382,0.001269,0.000331,0.000529,5.304511,WAIT_USER_CONFIRM
0.556000,0.442377,-0.117236,-0.151385,-0.000934,-0.000065,-0.000380,5.307695,WAIT_USER_CONFIRM
0.557000,0.442382,-0.117238,-0.151382,0.000733,-0.000665,0.000434,5.310617,WAIT_USER_CONFIRM
0.558000,0.442380,-0.117239,-0.151383,-0.000010,-0.000830,0.000207,5.313300,WAIT_USER_CONFIRM
0.559000,0.442379,-0.117240,-0.151384,-0.000651,-0.000788,-0.000392,5.315762,WAIT_USER_CONFIRM
0.560000,0.442378,-0.117237,-0.151384,-0.001035,0.000387,-0.000614,5.317995,WAIT_USER_CONFIRM
0.561000,0.442381,-0.117241,-0.151381,0.000388,-0.000536,0.000547,5.319955,WAIT_USER_CONFIRM
0.562000,0.442381,-0.117240,-0.151383,0.000002,-0.000040,-0.000235,5.321605,WAIT_USER_CONFIRM
0.563000,0.442378,-0.117242,-0.151384,-0.001245,-0.000492,-0.000762,5.322942,WAIT_USER_CONFIRM
0.564000,0.442378,-0.117240,-0.151385,-0.000523,0.000190,-0.000662,5.323951,WAIT_USER_CONFIRM
0.565000,0.442383,-0.117241,-0.151382,0.000777,-0.000207,0.000198,5.324570,WAIT_USER_CONFIRM
0.566000,0.442379,-0.117242,-0.151384,-0.000602,-0.000330,-0.000453,5.324734,WAIT_USER_CONFIRM
0.567000,0.442382,-0.117245,-0.151381,0.000341,-0.001163,0.000253,5.324427,WAIT_USER_CONFIRM
0.568000,0.442379,-0.117242,-0.151383,-0.000473,-0.000158,-0.000310,5.323679,WAIT_USER_CONFIRM
0.569000,0.442378,-0.117244,-0.151384,-0.001052,-0.000725,-0.000478,5.322556,WAIT_USER_CONFIRM
0.570000,0.442376,-0.117244,-0.151384,-0.001850,-0.000922,-0.000642,5.321122,WAIT_USER_CONFIRM
0.571000,0.442378,-0.117242,-0.151383,-0.000679,-0.000191,-0.000227,5.319431,WAIT_USER_CONFIRM
0.572000,0.442374,-0.117245,-0.151386,-0.001904,-0.001028,-0.000877,5.317531,WAIT_USER_CONFIRM
0.573000,0.442382,-0.117241,-0.151381,0.000849,0.000338,0.000810,5.315477,WAIT_USER_CONFIRM
0.574000,0.442381,-0.117240,-0.151383,0.000344,0.000557,0.000149,5.313365,WAIT_USER_CONFIRM
0.575000,0.442378,-0.117240,-0.151385,0.000040,0.000964,-0.000248,5.311353,WAIT_USER_CONFIRM
0.576000,0.442376,-0.117240,-0.151385,-0.000454,0.000554,-0.000423,5.309611,WAIT_USER_CONFIRM
0.577000,0.442380,-0.117242,-0.151383,0.000545,0.000087,0.000161,5.308251,WAIT_USER_CONFIRM
0.578000,0.442381,-0.117238,-0.151383,0.000467,0.001259,-0.000022,5.307314,WAIT_USER_CONFIRM
0.579000,0.442379,-0.117239,-0.151385,-0.000847,0.000206,-0.000498,5.306812,WAIT_USER_CONFIRM
0.580000,0.442383,-0.117238,-0.151382,0.000622,0.000589,0.000276,5.306737,WAIT_USER_CONFIRM
0.581000,0.442381,-0.117238,-0.151383,-0.000220,0.000968,-0.000212,5.307070,WAIT_USER_CONFIRM
0.582000,0.442380,-0.117241,-0.151383,-0.000169,0.000098,0.000028,5.307797,WAIT_USER_CONFIRM
0.583000,0.442383,-0.117238,-0.151383,0.000041,0.000437,-0.000160,5.308901,WAIT_USER_CONFIRM
0.584000,0.442380,-0.117240,-0.151384,-0.000284,0.000196,-0.000418,5.310343,WAIT_USER_CONFIRM
0.585000,0.442381,-0.117237,-0.151383,-0.000894,0.001046,-0.000704,5.312036,WAIT_USER_CONFIRM
0.586000,0.442383,-0.117239,-0.151382,0.000500,0.000361,0.000004,5.313848,WAIT_USER_CONFIRM
0.587000,0.442385,-0.117239,-0.151381,0.000399,0.000259,0.000120,5.315642,WAIT_USER_CONFIRM
0.588000,0.442381,-0.117238,-0.151384,-0.000481,0.000509,-0.000740,5.317315,WAIT_USER_CONFIRM
0.589000,0.442382,-0.117235,-0.151383,0.000020,0.001263,-0.000389,5.318785,WAIT_USER_CONFIRM
0.590000,0.442382,-0.117235,-0.151384,0.000667,0.000696,-0.000233,5.319976,WAIT_USER_CONFIRM
0.591000,0.442381,-0.117236,-0.151383,0.000206,0.000789,-0.000002,5.320829,WAIT_USER_CONFIRM
0.592000,0.442379,-0.117237,-0.151384,-0.000863,0.000325,-0.000575,5.321328,WAIT_USER_CONFIRM
0.593000,0.442378,-0.117238,-0.151384,-0.000315,0.000253,-0.000431,5.321496,WAIT_USER_CONFIRM
0.594000,0.442380,-0.117236,-0.151385,0.000106,0.000981,-0.000418,5.321362,WAIT_USER_CONFIRM
0.595000,0.442379,-0.117237,-0.151384,-0.000213,0.000558,-0.000152,5.320949,WAIT_USER_CONFIRM
0.596000,0.442380,-0.117240,-0.151383,-0.000243,-0.000186,-0.000128,5.320287,WAIT_USER_CONFIRM
0.597000,0.442380,-0.117239,-0.151383,-0.000189,-0.000212,-0.000342,5.319430,WAIT_USER_CONFIRM
0.598000,0.442380,-0.117236,-0.151384,0.000613,0.000846,-0.000124,5.318437,WAIT_USER_CONFIRM
0.599000,0.442375,-0.117240,-0.151385,-0.000982,-0.000829,-0.000387,5.317342,WAIT_USER_CONFIRM
0.600000,0.442380,-0.117238,-0.151383,0.000877,0.000162,0.000466,5.316173,WAIT_USER_CONFIRM
0.601000,0.442376,-0.117238,-0.151385,-0.001207,0.000101,-0.000611,5.314976,WAIT_USER_CONFIRM
0.602000,0.442379,-0.117239,-0.151384,-0.000222,-0.000290,-0.000146,5.313823,WAIT_USER_CONFIRM
0.603000,0.442376,-0.117240,-0.151385,-0.001534,-0.000722,-0.000614,5.312777,WAIT_USER_CONFIRM
0.604000,0.442377,-0.117240,-0.151385,-0.000645,-0.000069,-0.000316,5.311862,WAIT_USER_CONFIRM
0.605000,0.442377,-0.117240,-0.151385,-0.000126,-0.000440,-0.000157,5.311069,WAIT_USER_CONFIRM
0.606000,0.442376,-0.117244,-0.151384,-0.000691,-0.001413,0.000131,5.310382,WAIT_USER_CONFIRM
0.607000,0.442376,-0.117243,-0.151384,-0.000511,-0.001005,0.000214,5.309798,WAIT_USER_CONFIRM
0.608000,0.442377,-0.117241,-0.151384,-0.000894,0.000123,-0.000179,5.309354,WAIT_USER_CONFIRM
0.609000,0.442375,-0.117243,-0.151385,-0.001133,-0.000371,-0.000319,5.309117,WAIT_USER_CONFIRM
0.610000,0.442377,-0.117242,-0.151384,-0.000166,0.000258,0.000006,5.309154,WAIT_USER_CONFIRM
0.611000,0.442381,-0.117243,-0.151382,0.001700,-0.000191,0.001014,5.309515,WAIT_USER_CONFIRM
0.612000,0.442380,-0.117243,-0.151383,0.000843,-0.000191,0.000327,5.310256,WAIT_USER_CONFIRM
0.613000,0.442381,-0.117243,-0.151383,0.001250,0.000386,0.000379,5.311443,WAIT_USER_CONFIRM
0.614000,0.442382,-0.117244,-0.151381,0.001994,-0.000170,0.001045,5.313121,WAIT_USER_CONFIRM
0.615000,0.442384,-0.117242,-0.151381,0.001514,0.000980,0.000419,5.315314,WAIT_USER_CONFIRM
0.616000,0.442380,-0.117243,-0.151383,-0.000148,0.000469,-0.000285,5.318031,WAIT_USER_CONFIRM
0.617000,0.442383,-0.117243,-0.151381,0.001036,0.000701,0.000324,5.321240,WAIT_USER_CONFIRM
0.618000,0.442382,-0.117246,-0.151380,0.001108,-0.000359,0.000649,5.324859,WAIT_USER_CONFIRM
0.619000,0.442379,-0.117243,-0.151383,-0.000372,0.000086,-0.000345,5.328787,WAIT_USER_CONFIRM
0.620000,0.442385,-0.117242,-0.151379,0.001684,0.000323,0.000838,5.332916,WAIT_USER_CONFIRM
0.621000,0.442384,-0.117242,-0.151380,0.001114,0.000463,0.000592,5.337153,WAIT_USER_CONFIRM
0.622000,0.442388,-0.117241,-0.151379,0.002241,0.000734,0.000774,5.341452,WAIT_USER_CONFIRM
0.623000,0.442388,-0.117242,-0.151378,0.002513,0.000415,0.001118,5.345820,WAIT_USER_CONFIRM
0.624000,0.442384,-0.117240,-0.151380,0.000639,0.000935,0.000056,5.350293,WAIT_USER_CONFIRM
0.625000,0.442386,-0.117237,-0.151380,0.000840,0.001612,0.000071,5.354893,WAIT_USER_CONFIRM
0.626000,0.442388,-0.117241,-0.151378,0.000967,0.000309,0.000594,5.359610,WAIT_USER_CONFIRM
0.627000,0.442381,-0.117239,-0.151383,-0.001528,0.000512,-0.000907,5.364398,WAIT_USER_CONFIRM
0.628000,0.442380,-0.117239,-0.151383,-0.000878,0.000287,-0.000514,5.369169,WAIT_USER_CONFIRM
0.629000,0.442385,-0.117238,-0.151380,0.001078,0.000501,0.000768,5.373785,WAIT_USER_CONFIRM
0.630000,0.442385,-0.117239,-0.151379,0.000287,0.000306,0.000370,5.378122,WAIT_USER_CONFIRM
0.631000,0.442388,-0.117238,-0.151380,0.000430,0.000486,-0.000107,5.382139,WAIT_USER_CONFIRM
0.632000,0.442389,-0.117237,-0.151378,0.000522,0.000659,0.000355,5.385843,WAIT_USER_CONFIRM
0.633000,0.442381,-0.117236,-0.151382,-0.001679,0.000952,-0.000825,5.389244,WAIT_USER_CONFIRM
0.634000,0.442382,-0.117235,-0.151383,-0.000260,0.001013,-0.000638,5.392326,WAIT_USER_CONFIRM
0.635000,0.442384,-0.117237,-0.151381,0.000630,0.000192,0.000029,5.395034,WAIT_USER_CONFIRM
0.636000,0.442383,-0.117236,-0.151382,-0.000018,0.000973,-0.000483,5.397271,WAIT_USER_CONFIRM
0.637000,0.442383,-0.117236,-0.151382,-0.000447,0.000690,-0.000524,5.398926,WAIT_USER_CONFIRM
0.638000,0.442381,-0.117235,-0.151383,-0.001150,0.000623,-0.000933,5.399896,WAIT_USER_CONFIRM
0.639000,0.442383,-0.117235,-0.151382,-0.000797,0.000238,-0.000296,5.400096,WAIT_USER_CONFIRM
0.640000,0.442380,-0.117235,-0.151384,-0.001124,-0.000067,-0.000673,5.399475,WAIT_USER_CONFIRM
0.641000,0.442381,-0.117233,-0.151384,-0.000718,0.000598,-0.000603,5.398025,WAIT_USER_CONFIRM
0.642000,0.442375,-0.117236,-0.151387,-0.002805,-0.000902,-0.001386,5.395768,WAIT_USER_CONFIRM
0.643000,0.442378,-0.117234,-0.151384,-0.000757,0.000036,-0.000252,5.392724,WAIT_USER_CONFIRM
0.644000,0.442373,-0.117232,-0.151388,-0.002077,0.000605,-0.001334,5.388920,WAIT_USER_CONFIRM
0.645000,0.442376,-0.117236,-0.151386,-0.000237,-0.000596,-0.000132,5.384410,WAIT_USER_CONFIRM
0.646000,0.442376,-0.117235,-0.151385,-0.000135,-0.000710,0.000092,5.379283,WAIT_USER_CONFIRM
0.647000,0.442373,-0.117235,-0.151388,-0.000886,-0.000656,-0.000472,5.373670,WAIT_USER_CONFIRM
0.648000,0.442371,-0.117237,-0.151389,-0.001473,-0.001919,-0.000644,5.367723,WAIT_USER_CONFIRM
0.649000,0.442373,-0.117234,-0.151387,-0.000195,-0.000224,0.000094,5.361574,WAIT_USER_CONFIRM
0.650000,0.442370,-0.117235,-0.151389,-0.001171,-0.000617,-0.000344,5.355329,WAIT_USER_CONFIRM
0.651000,0.442371,-0.117235,-0.151388,-0.001255,-0.000288,-0.000363,5.349107,WAIT_USER_CONFIRM
0.652000,0.442370,-0.117235,-0.151390,-0.000938,-0.000191,-0.000688,5.343040,WAIT_USER_CONFIRM
0.653000,0.442374,-0.117235,-0.151388,0.000586,0.000259,0.000267,5.337238,WAIT_USER_CONFIRM
0.654000,0.442378,-0.117240,-0.151384,0.001988,-0.001643,0.001502,5.331793,WAIT_USER_CONFIRM
0.655000,0.442378,-0.117239,-0.151385,0.001211,-0.000476,0.000426,5.326835,WAIT_USER_CONFIRM
0.656000,0.442375,-0.117238,-0.151387,0.000131,-0.000193,-0.000096,5.322530,WAIT_USER_CONFIRM
0.657000,0.442375,-0.117237,-0.151386,0.000406,0.000105,0.000081,5.318992,WAIT_USER_CONFIRM
0.658000,0.442378,-0.117241,-0.151384,0.001135,-0.000931,0.000566,5.316245,WAIT_USER_CONFIRM
0.659000,0.442375,-0.117236,-0.151387,-0.000573,0.000204,-0.000502,5.314250,WAIT_USER_CONFIRM
0.660000,0.442378,-0.117238,-0.151385,0.001024,-0.000141,0.000416,5.312932,WAIT_USER_CONFIRM
0.661000,0.442379,-0.117237,-0.151384,0.000658,0.000345,0.000383,5.312196,WAIT_USER_CONFIRM
0.662000,0.442382,-0.117239,-0.151382,0.001470,-0.000739,0.001158,5.311976,WAIT_USER_CONFIRM
0.663000,0.442381,-0.117239,-0.151382,0.000636,-0.000203,0.000774,5.312275,WAIT_USER_CONFIRM
0.664000,0.442382,-0.117240,-0.151382,0.001389,-0.000411,0.000921,5.313171,WAIT_USER_CONFIRM
0.665000,0.442384,-0.117243,-0.151380,0.001965,-0.001548,0.001317,5.314766,WAIT_USER_CONFIRM
0.666000,0.442386,-0.117241,-0.151380,0.002090,-0.001054,0.001216,5.317137,WAIT_USER_CONFIRM
0.667000,0.442384,-0.117239,-0.151381,0.001334,-0.000248,0.000748,5.320314,WAIT_USER_CONFIRM
0.668000,0.442381,-0.117243,-0.151381,0.000147,-0.001257,0.000479,5.324266,WAIT_USER_CONFIRM
0.669000,0.442381,-0.117239,-0.151382,-0.000548,-0.000213,-0.000208,5.328894,WAIT_USER_CONFIRM
0.670000,0.442383,-0.117242,-0.151380,-0.000119,-0.000868,0.000597,5.334037,WAIT_USER_CONFIRM
0.671000,0.442382,-0.117239,-0.151381,-0.000321,0.000761,-0.000003,5.339510,WAIT_USER_CONFIRM
0.672000,0.442388,-0.117243,-0.151378,0.001700,-0.000963,0.001100,5.345164,WAIT_USER_CONFIRM
0.673000,0.442385,-0.117242,-0.151380,-0.001202,-0.000112,-0.000595,5.350893,WAIT_USER_CONFIRM
0.674000,0.442388,-0.117240,-0.151378,-0.000028,0.000353,0.000043,5.356588,WAIT_USER_CONFIRM
0.675000,0.442386,-0.117241,-0.151379,-0.000570,0.000391,-0.000387,5.362110,WAIT_USER_CONFIRM
0.676000,0.442385,-0.117244,-0.151379,-0.000471,-0.001125,-0.000093,5.367300,WAIT_USER_CONFIRM
0.677000,0.442386,-0.117243,-0.151379,0.000131,-0.001264,0.000371,5.372006,WAIT_USER_CONFIRM
0.678000,0.442384,-0.117244,-0.151381,-0.000869,-0.000845,-0.000512,5.376104,WAIT_USER_CONFIRM
0.679000,0.442377,-0.117245,-0.151383,-0.002989,-0.000820,-0.001151,5.379491,WAIT_USER_CONFIRM
0.680000,0.442381,-0.117245,-0.151381,-0.001015,-0.000837,-0.000343,5.382060,WAIT_USER_CONFIRM
0.681000,0.442381,-0.117246,-0.151381,-0.000918,-0.000942,-0.000386,5.383710,WAIT_USER_CONFIRM
0.682000,0.442381,-0.117247,-0.151382,-0.000718,-0.001042,-0.000650,5.384377,WAIT_USER_CONFIRM
0.683000,0.442378,-0.117246,-0.151382,-0.001342,-0.000456,-0.000773,5.384025,WAIT_USER_CONFIRM
0.684000,0.442379,-0.117246,-0.151381,-0.000736,0.000028,-0.000283,5.382635,WAIT_USER_CONFIRM
0.685000,0.442375,-0.117244,-0.151384,-0.001804,0.000335,-0.001117,5.380229,WAIT_USER_CONFIRM
0.686000,0.442378,-0.117247,-0.151383,-0.000430,-0.000527,-0.000190,5.376894,WAIT_USER_CONFIRM
0.687000,0.442382,-0.117243,-0.151382,0.000758,0.000943,-0.000015,5.372764,WAIT_USER_CONFIRM
0.688000,0.442375,-0.117245,-0.151384,-0.001020,0.000118,-0.000468,5.368021,WAIT_USER_CONFIRM
0.689000,0.442376,-0.117246,-0.151383,-0.000132,-0.000528,0.000203,5.362888,WAIT_USER_CONFIRM
0.690000,0.442374,-0.117243,-0.151385,-0.000806,0.000263,-0.000529,5.357613,WAIT_USER_CONFIRM
0.691000,0.442374,-0.117246,-0.151385,-0.000334,-0.000866,-0.000022,5.352431,WAIT_USER_CONFIRM
0.692000,0.442375,-0.117242,-0.151385,-0.000280,0.000563,-0.000264,5.347521,WAIT_USER_CONFIRM
0.693000,0.442378,-0.117247,-0.151383,-0.000081,-0.000808,-0.000060,5.343003,WAIT_USER_CONFIRM
0.694000,0.442374,-0.117243,-0.151386,-0.000921,0.000548,-0.000513,5.338936,WAIT_USER_CONFIRM
0.695000,0.442377,-0.117243,-0.151384,-0.000034,-0.000064,-0.000008,5.335335,WAIT_USER_CONFIRM
0.696000,0.442379,-0.117243,-0.151383,0.000738,0.000488,0.000350,5.332193,WAIT_USER_CONFIRM
0.697000,0.442380,-0.117241,-0.151383,0.000420,0.001271,0.000084,5.329516,WAIT_USER_CONFIRM
0.698000,0.442382,-0.117242,-0.151382,0.000570,0.000177,0.000252,5.327347,WAIT_USER_CONFIRM
0.699000,0.442377,-0.117241,-0.151384,-0.000722,0.001265,-0.000497,5.325740,WAIT_USER_CONFIRM
0.700000,0.442380,-0.117241,-0.151383,0.000488,0.000208,0.000011,5.324726,WAIT_USER_CONFIRM
0.701000,0.442383,-0.117241,-0.151382,0.001300,0.000594,0.000556,5.324290,WAIT_USER_CONFIRM
0.702000,0.442380,-0.117239,-0.151383,0.000641,0.000708,0.000387,5.324399,WAIT_USER_CONFIRM
0.703000,0.442382,-0.117238,-0.151383,0.000666,0.000438,0.000257,5.325039,WAIT_USER_CONFIRM
0.704000,0.442385,-0.117235,-0.151382,0.001397,0.001209,0.000262,5.326209,WAIT_USER_CONFIRM
0.705000,0.442388,-0.117240,-0.151378,0.002641,-0.000334,0.001628,5.327899,WAIT_USER_CONFIRM
0.706000,0.442383,-0.117237,-0.151381,0.000335,0.000394,0.000183,5.330102,WAIT_USER_CONFIRM
0.707000,0.442385,-0.117237,-0.151380,0.000980,0.000322,0.000568,5.332834,WAIT_USER_CONFIRM
0.708000,0.442389,-0.117235,-0.151379,0.001853,0.001395,0.000562,5.336099,WAIT_USER_CONFIRM
0.709000,0.442386,-0.117237,-0.151380,-0.000733,0.000572,-0.000413,5.339857,WAIT_USER_CONFIRM
0.710000,0.442390,-0.117235,-0.151378,0.000545,0.000709,0.000276,5.344015,WAIT_USER_CONFIRM
0.711000,0.442388,-0.117235,-0.151379,-0.000776,0.000628,-0.000308,5.348434,WAIT_USER_CONFIRM
0.712000,0.442387,-0.117234,-0.151380,-0.000260,0.000750,-0.000011,5.352964,WAIT_USER_CONFIRM
0.713000,0.442390,-0.117234,-0.151379,0.000751,0.000058,0.000520,5.357474,WAIT_USER_CONFIRM
0.714000,0.442389,-0.117235,-0.151379,-0.000290,-0.000575,0.000251,5.361870,WAIT_USER_CONFIRM
0.715000,0.442386,-0.117236,-0.151380,-0.000872,-0.000538,-0.000244,5.366095,WAIT_USER_CONFIRM
0.716000,0.442388,-0.117233,-0.151380,-0.000515,0.000112,-0.000392,5.370091,WAIT_USER_CONFIRM
0.717000,0.442384,-0.117235,-0.151382,-0.001917,-0.000306,-0.000955,5.373758,WAIT_USER_CONFIRM
0.718000,0.442385,-0.117233,-0.151382,-0.000669,-0.000105,-0.000544,5.376941,WAIT_USER_CONFIRM
0.719000,0.442382,-0.117232,-0.151383,-0.001962,-0.000007,-0.001152,5.379455,WAIT_USER_CONFIRM
0.720000,0.442379,-0.117234,-0.151385,-0.002741,-0.000586,-0.001426,5.381111,WAIT_USER_CONFIRM
0.721000,0.442383,-0.117235,-0.151382,-0.001141,-0.000786,-0.000289,5.381737,WAIT_USER_CONFIRM
0.722000,0.442383,-0.117234,-0.151382,-0.000940,-0.000456,-0.000210,5.381230,WAIT_USER_CONFIRM
0.723000,0.442385,-0.117234,-0.151381,-0.000589,-0.000037,-0.000235,5.379614,WAIT_USER_CONFIRM
0.724000,0.442384,-0.117233,-0.151382,-0.000651,-0.000170,-0.000417,5.377032,WAIT_USER_CONFIRM
0.725000,0.442383,-0.117235,-0.151383,-0.000935,-0.000612,-0.000484,5.373681,WAIT_USER_CONFIRM
0.726000,0.442381,-0.117235,-0.151383,-0.001417,-0.000024,-0.000591,5.369753,WAIT_USER_CONFIRM
0.727000,0.442379,-0.117237,-0.151384,-0.001644,-0.000396,-0.000857,5.365407,WAIT_USER_CONFIRM
0.728000,0.442377,-0.117236,-0.151385,-0.002015,-0.000026,-0.000956,5.360767,WAIT_USER_CONFIRM
0.729000,0.442376,-0.117239,-0.151385,-0.001414,-0.000302,-0.000643,5.355925,WAIT_USER_CONFIRM
0.730000,0.442376,-0.117237,-0.151386,-0.001119,0.000960,-0.000840,5.350955,WAIT_USER_CONFIRM
0.731000,0.442374,-0.117234,-0.151387,-0.000900,0.001548,-0.000844,5.345943,WAIT_USER_CONFIRM
0.732000,0.442376,-0.117237,-0.151386,-0.000235,0.000402,-0.000288,5.340982,WAIT_USER_CONFIRM
0.733000,0.442377,-0.117237,-0.151386,-0.000257,0.000319,-0.000258,5.336182,WAIT_USER_CONFIRM
0.734000,0.442374,-0.117239,-0.151387,-0.001207,-0.000125,-0.000561,5.331653,WAIT_USER_CONFIRM
0.735000,0.442378,-0.117239,-0.151384,0.000268,-0.000223,0.000435,5.327494,WAIT_USER_CONFIRM
0.736000,0.442376,-0.117242,-0.151386,-0.000260,-0.000783,-0.000160,5.323801,WAIT_USER_CONFIRM
0.737000,0.442378,-0.117240,-0.151384,0.000157,-0.000025,0.000357,5.320670,WAIT_USER_CONFIRM
0.738000,0.442380,-0.117240,-0.151383,0.000621,-0.000066,0.000667,5.318201,WAIT_USER_CONFIRM
0.739000,0.442380,-0.117239,-0.151384,0.000430,-0.000015,0.000273,5.316504,WAIT_USER_CONFIRM
0.740000,0.442380,-0.117240,-0.151384,0.000193,-0.000306,-0.000277,5.315685,WAIT_USER_CONFIRM
0.741000,0.442379,-0.117240,-0.151384,0.000271,0.000011,0.000105,5.315771,WAIT_USER_CONFIRM
0.742000,0.442382,-0.117239,-0.151382,0.000849,0.000113,0.000525,5.316686,WAIT_USER_CONFIRM
0.743000,0.442383,-0.117238,-0.151382,0.000370,-0.000220,0.000243,5.318318,WAIT_USER_CONFIRM
0.744000,0.442386,-0.117240,-0.151380,0.001955,-0.000688,0.000879,5.320571,WAIT_USER_CONFIRM
0.745000,0.442385,-0.117238,-0.151381,0.001477,0.000248,0.000411,5.323359,WAIT_USER_CONFIRM
0.746000,0.442388,-0.117235,-0.151379,0.001728,0.000933,0.000881,5.326600,WAIT_USER_CONFIRM
0.747000,0.442390,-0.117239,-0.151378,0.003027,-0.000594,0.001560,5.330226,WAIT_USER_CONFIRM
0.748000,0.442388,-0.117238,-0.151379,0.001061,-0.000675,0.000574,5.334225,WAIT_USER_CONFIRM
0.749000,0.442387,-0.117241,-0.151379,0.000536,-0.001460,0.000569,5.338600,WAIT_USER_CONFIRM
0.750000,0.442388,-0.117241,-0.151379,0.000744,-0.001337,0.000411,5.343314,WAIT_USER_CONFIRM
0.751000,0.442386,-0.117239,-0.151380,0.000682,-0.000202,0.000111,5.348253,WAIT_USER_CONFIRM
0.752000,0.442387,-0.117239,-0.151379,0.000181,-0.000603,0.000259,5.353248,WAIT_USER_CONFIRM
0.753000,0.442389,-0.117237,-0.151379,0.000963,0.000135,0.000429,5.358120,WAIT_USER_CONFIRM
0.754000,0.442385,-0.117240,-0.151380,-0.000884,-0.001102,-0.000146,5.362726,WAIT_USER_CONFIRM
0.755000,0.442386,-0.117241,-0.151379,0.000427,-0.001283,0.000556,5.366962,WAIT_USER_CONFIRM
0.756000,0.442384,-0.117242,-0.151380,-0.000121,-0.001544,0.000269,5.370758,WAIT_USER_CONFIRM
0.757000,0.442385,-0.117242,-0.151380,-0.000103,-0.001577,0.000286,5.374075,WAIT_USER_CONFIRM
0.758000,0.442384,-0.117240,-0.151381,-0.000944,-0.000316,-0.000212,5.376893,WAIT_USER_CONFIRM
0.759000,0.442385,-0.117240,-0.151380,-0.000992,-0.000455,-0.000323,5.379197,WAIT_USER_CONFIRM
0.760000,0.442384,-0.117240,-0.151381,-0.001900,-0.000197,-0.000679,5.380964,WAIT_USER_CONFIRM
0.761000,0.442381,-0.117242,-0.151382,-0.001704,-0.000852,-0.000343,5.382168,WAIT_USER_CONFIRM
0.762000,0.442380,-0.117243,-0.151383,-0.001937,-0.001057,-0.000694,5.382783,WAIT_USER_CONFIRM
0.763000,0.442378,-0.117243,-0.151384,-0.001515,-0.000994,-0.000793,5.382783,WAIT_USER_CONFIRM
0.764000,0.442382,-0.117242,-0.151382,0.000034,-0.000147,0.000165,5.382130,WAIT_USER_CONFIRM
0.765000,0.442381,-0.117245,-0.151382,0.000053,-0.001156,0.000265,5.380800,WAIT_USER_CONFIRM
0.766000,0.442381,-0.117242,-0.151382,0.000893,-0.000171,0.000551,5.378845,WAIT_USER_CONFIRM
0.767000,0.442381,-0.117243,-0.151382,0.001689,-0.000243,0.000857,5.376411,WAIT_USER_CONFIRM
0.768000,0.442376,-0.117244,-0.151384,0.000053,-0.000432,0.000033,5.373711,WAIT_USER_CONFIRM
0.769000,0.442377,-0.117244,-0.151384,0.000496,-0.000308,0.000395,5.370964,WAIT_USER_CONFIRM
0.770000,0.442377,-0.117245,-0.151384,0.000667,-0.000400,0.000399,5.368340,WAIT_USER_CONFIRM
0.771000,0.442373,-0.117243,-0.151386,-0.000514,0.000328,-0.000238,5.365954,WAIT_USER_CONFIRM
0.772000,0.442373,-0.117243,-0.151385,-0.000327,-0.000037,0.000084,5.363872,WAIT_USER_CONFIRM
0.773000,0.442370,-0.117245,-0.151387,-0.000796,-0.000646,-0.000494,5.362120,WAIT_USER_CONFIRM
0.774000,0.442379,-0.117246,-0.151382,0.002544,-0.000862,0.001370,5.360685,WAIT_USER_CONFIRM
0.775000,0.442377,-0.117244,-0.151384,0.000518,0.000299,-0.000031,5.359539,WAIT_USER_CONFIRM
0.776000,0.442374,-0.117245,-0.151385,-0.000522,-0.000178,-0.000291,5.358660,WAIT_USER_CONFIRM
0.777000,0.442373,-0.117243,-0.151386,-0.000315,0.000987,-0.000458,5.358015,WAIT_USER_CONFIRM
0.778000,0.442374,-0.117244,-0.151385,-0.000030,0.000817,-0.000252,5.357541,WAIT_USER_CONFIRM
0.779000,0.442376,-0.117246,-0.151384,0.000305,0.000015,-0.000012,5.357154,WAIT_USER_CONFIRM
0.780000,0.442377,-0.117242,-0.151384,0.000999,0.001320,0.000186,5.356789,WAIT_USER_CONFIRM
0.781000,0.442379,-0.117242,-0.151383,0.001251,0.000669,0.000201,5.356413,WAIT_USER_CONFIRM
0.782000,0.442381,-0.117242,-0.151382,0.001267,0.000507,0.000433,5.356038,WAIT_USER_CONFIRM
0.783000,0.442376,-0.117242,-0.151385,0.000192,0.001148,-0.000423,5.355702,WAIT_USER_CONFIRM
0.784000,0.442382,-0.117243,-0.151380,0.001839,0.000173,0.000954,5.355453,WAIT_USER_CONFIRM
0.785000,0.442380,-0.117243,-0.151382,0.000720,0.000091,0.000181,5.355347,WAIT_USER_CONFIRM
0.786000,0.442382,-0.117241,-0.151381,0.001487,0.000642,0.000511,5.355448,WAIT_USER_CONFIRM
0.787000,0.442384,-0.117244,-0.151378,0.001640,-0.000383,0.001346,5.355840,WAIT_USER_CONFIRM
0.788000,0.442383,-0.117238,-0.151381,0.001441,0.001407,0.000419,5.356634,WAIT_USER_CONFIRM
0.789000,0.442385,-0.117238,-0.151379,0.001601,0.000780,0.000917,5.357977,WAIT_USER_CONFIRM
0.790000,0.442384,-0.117240,-0.151380,0.001362,0.000346,0.000673,5.360005,WAIT_USER_CONFIRM
0.791000,0.442385,-0.117239,-0.151379,0.001752,0.000382,0.001023,5.362810,WAIT_USER_CONFIRM
0.792000,0.442382,-0.117239,-0.151381,0.000647,0.000220,0.000241,5.366428,WAIT_USER_CONFIRM
0.793000,0.442388,-0.117239,-0.151378,0.001633,0.000297,0.000715,5.370829,WAIT_USER_CONFIRM
0.794000,0.442383,-0.117237,-0.151381,-0.000034,0.001048,-0.000171,5.375910,WAIT_USER_CONFIRM
0.795000,0.442384,-0.117239,-0.151380,0.000577,-0.000143,0.000228,5.381508,WAIT_USER_CONFIRM
0.796000,0.442383,-0.117238,-0.151381,-0.000284,-0.000223,-0.000176,5.387421,WAIT_USER_CONFIRM
0.797000,0.442384,-0.117237,-0.151381,0.000269,0.000084,-0.000036,5.393435,WAIT_USER_CONFIRM
0.798000,0.442386,-0.117238,-0.151379,0.001332,-0.000371,0.000722,5.399344,WAIT_USER_CONFIRM
0.799000,0.442386,-0.117237,-0.151379,0.001273,0.000304,0.000403,5.404990,WAIT_USER_CONFIRM
0.800000,0.442386,-0.117235,-0.151379,0.001746,0.000512,0.000994,5.410287,WAIT_USER_CONFIRM
0.801000,0.442384,-0.117236,-0.151381,0.000160,0.000023,-0.000088,5.415224,WAIT_USER_CONFIRM
0.802000,0.442384,-0.117235,-0.151382,-0.000305,0.000040,-0.000533,5.419817,WAIT_USER_CONFIRM
0.803000,0.442382,-0.117236,-0.151382,-0.000663,-0.000551,-0.000156,5.424030,WAIT_USER_CONFIRM
0.804000,0.442380,-0.117236,-0.151383,-0.001270,-0.000685,-0.000560,5.427758,WAIT_USER_CONFIRM
0.805000,0.442381,-0.117236,-0.151382,-0.000614,-0.000415,-0.000119,5.430874,WAIT_USER_CONFIRM
0.806000,0.442382,-0.117238,-0.151382,0.000268,-0.000736,0.000446,5.433289,WAIT_USER_CONFIRM
0.807000,0.442380,-0.117233,-0.151384,-0.000542,0.000625,-0.000535,5.434985,WAIT_USER_CONFIRM
0.808000,0.442374,-0.117234,-0.151387,-0.002710,0.000125,-0.001640,5.435991,WAIT_USER_CONFIRM
0.809000,0.442380,-0.117237,-0.151382,0.000161,-0.000647,0.000492,5.436314,WAIT_USER_CONFIRM
0.810000,0.442375,-0.117234,-0.151386,-0.002047,0.000404,-0.001061,5.435935,WAIT_USER_CONFIRM
0.811000,0.442376,-0.117236,-0.151386,-0.001069,-0.000579,-0.000503,5.434857,WAIT_USER_CONFIRM
0.812000,0.442378,-0.117237,-0.151385,-0.000621,-0.000516,-0.000230,5.433107,WAIT_USER_CONFIRM
0.813000,0.442376,-0.117237,-0.151386,-0.000440,-0.000831,0.000061,5.430726,WAIT_USER_CONFIRM
0.814000,0.442373,-0.117238,-0.151387,-0.001706,-0.000810,-0.000621,5.427778,WAIT_USER_CONFIRM
0.815000,0.442377,-0.117236,-0.151385,-0.000021,-0.000005,0.000285,5.424359,WAIT_USER_CONFIRM
0.816000,0.442376,-0.117238,-0.151385,-0.000567,-0.000608,-0.000040,5.420583,WAIT_USER_CONFIRM
0.817000,0.442380,-0.117238,-0.151383,0.000711,-0.000713,0.000776,5.416599,WAIT_USER_CONFIRM
0.818000,0.442374,-0.117238,-0.151386,-0.001927,-0.000743,-0.000783,5.412572,WAIT_USER_CONFIRM
0.819000,0.442378,-0.117239,-0.151384,0.000093,-0.000784,0.000204,5.408646,WAIT_USER_CONFIRM
0.820000,0.442376,-0.117236,-0.151386,-0.000348,0.000443,-0.000468,5.404894,WAIT_USER_CONFIRM
0.821000,0.442379,-0.117239,-0.151384,0.000016,-0.000926,0.000043,5.401323,WAIT_USER_CONFIRM
0.822000,0.442379,-0.117237,-0.151384,0.000415,0.000230,0.000339,5.397904,WAIT_USER_CONFIRM
0.823000,0.442379,-0.117238,-0.151384,-0.000099,-0.000640,-0.000136,5.394618,WAIT_USER_CONFIRM
0.824000,0.442381,-0.117237,-0.151383,-0.000127,-0.000492,0.000043,5.391469,WAIT_USER_CONFIRM
0.825000,0.442379,-0.117240,-0.151383,-0.000945,-0.001339,0.000035,5.388467,WAIT_USER_CONFIRM
0.826000,0.442380,-0.117236,-0.151384,-0.000786,0.000501,-0.000644,5.385612,WAIT_USER_CONFIRM
0.827000,0.442383,-0.117238,-0.151382,-0.000490,0.000261,-0.000262,5.382889,WAIT_USER_CONFIRM
0.828000,0.442383,-0.117240,-0.151382,0.000467,-0.000603,0.000400,5.380266,WAIT_USER_CONFIRM
0.829000,0.442385,-0.117238,-0.151381,0.001006,0.000221,0.000475,5.377733,WAIT_USER_CONFIRM
0.830000,0.442385,-0.117239,-0.151381,0.001091,0.000301,0.000712,5.375341,WAIT_USER_CONFIRM
0.831000,0.442380,-0.117237,-0.151384,-0.001029,0.000439,-0.000735,5.373193,WAIT_USER_CONFIRM
0.832000,0.442385,-0.117238,-0.151380,0.000575,0.000173,0.000429,5.371391,WAIT_USER_CONFIRM
0.833000,0.442384,-0.117241,-0.151381,-0.000742,-0.000552,-0.000587,5.369973,WAIT_USER_CONFIRM
0.834000,0.442388,-0.117238,-0.151379,0.000247,0.000325,-0.000062,5.368904,WAIT_USER_CONFIRM
0.835000,0.442387,-0.117238,-0.151379,0.000501,0.000210,0.000480,5.368095,WAIT_USER_CONFIRM
0.836000,0.442386,-0.117237,-0.151380,-0.000413,0.000722,-0.000214,5.367461,WAIT_USER_CONFIRM
0.837000,0.442386,-0.117239,-0.151380,0.000209,-0.000288,0.000310,5.366972,WAIT_USER_CONFIRM
0.838000,0.442386,-0.117237,-0.151381,-0.000605,0.000595,-0.000492,5.366636,WAIT_USER_CONFIRM
0.839000,0.442388,-0.117244,-0.151378,0.000613,-0.001867,0.000825,5.366463,WAIT_USER_CONFIRM
0.840000,0.442387,-0.117238,-0.151379,0.000812,-0.000063,0.000520,5.366462,WAIT_USER_CONFIRM
0.841000,0.442387,-0.117240,-0.151379,0.000500,-0.000662,0.000423,5.366664,WAIT_USER_CONFIRM
0.842000,0.442384,-0.117239,-0.151381,-0.000200,0.000037,-0.000348,5.367107,WAIT_USER_CONFIRM
0.843000,0.442385,-0.117242,-0.151381,-0.000021,-0.000760,-0.000044,5.367784,WAIT_USER_CONFIRM
0.844000,0.442385,-0.117243,-0.151380,0.000896,-0.000818,0.000469,5.368624,WAIT_USER_CONFIRM
0.845000,0.442385,-0.117242,-0.151380,0.000359,0.000040,0.000097,5.369527,WAIT_USER_CONFIRM
0.846000,0.442381,-0.117240,-0.151382,-0.000512,0.000323,-0.000243,5.370413,WAIT_USER_CONFIRM
0.847000,0.442380,-0.117241,-0.151383,-0.000796,-0.000301,-0.000391,5.371227,WAIT_USER_CONFIRM
0.848000,0.442384,-0.117243,-0.151380,0.001144,-0.000982,0.000863,5.371929,WAIT_USER_CONFIRM
0.849000,0.442383,-0.117240,-0.151383,0.000553,0.000462,-0.000276,5.372493,WAIT_USER_CONFIRM
0.850000,0.442380,-0.117244,-0.151382,-0.000840,-0.000869,-0.000044,5.372907,WAIT_USER_CONFIRM
0.851000,0.442381,-0.117245,-0.151381,0.000136,-0.000716,0.000206,5.373146,WAIT_USER_CONFIRM
0.852000,0.442379,-0.117248,-0.151383,-0.000262,-0.001595,-0.000153,5.373179,WAIT_USER_CONFIRM
0.853000,0.442379,-0.117244,-0.151383,-0.000156,0.000117,-0.000031,5.372964,WAIT_USER_CONFIRM
0.854000,0.442382,-0.117243,-0.151382,-0.000217,0.000013,-0.000019,5.372445,WAIT_USER_CONFIRM
0.855000,0.442381,-0.117243,-0.151383,-0.000372,-0.000279,-0.000217,5.371576,WAIT_USER_CONFIRM
0.856000,0.442384,-0.117244,-0.151380,0.000481,-0.000532,0.000430,5.370342,WAIT_USER_CONFIRM
0.857000,0.442381,-0.117242,-0.151383,-0.001560,0.000592,-0.001044,5.368747,WAIT_USER_CONFIRM
0.858000,0.442384,-0.117242,-0.151381,-0.000039,0.000223,-0.000194,5.366794,WAIT_USER_CONFIRM
0.859000,0.442380,-0.117241,-0.151383,-0.001197,-0.000040,-0.000629,5.364464,WAIT_USER_CONFIRM
0.860000,0.442381,-0.117241,-0.151382,-0.000393,-0.000125,-0.000285,5.361729,WAIT_USER_CONFIRM
0.861000,0.442380,-0.117240,-0.151383,-0.000413,0.000161,-0.000314,5.358574,WAIT_USER_CONFIRM
0.862000,0.442383,-0.117240,-0.151382,0.000670,0.000294,0.000074,5.355017,WAIT_USER_CONFIRM
0.863000,0.442383,-0.117242,-0.151381,0.000597,0.000335,0.000144,5.351119,WAIT_USER_CONFIRM
0.864000,0.442384,-0.117238,-0.151382,0.000890,0.001231,0.000109,5.346983,WAIT_USER_CONFIRM
0.865000,0.442384,-0.117242,-0.151380,0.000496,0.000193,0.000255,5.342745,WAIT_USER_CONFIRM
0.866000,0.442385,-0.117241,-0.151380,0.000844,-0.000104,0.000421,5.338570,WAIT_USER_CONFIRM
0.867000,0.442380,-0.117239,-0.151383,-0.001160,0.000673,-0.000717,5.334614,WAIT_USER_CONFIRM
0.868000,0.442388,-0.117242,-0.151379,0.001614,-0.000293,0.000831,5.330996,WAIT_USER_CONFIRM
0.869000,0.442386,-0.117239,-0.151379,0.000945,0.000114,0.000622,5.327795,WAIT_USER_CONFIRM
0.870000,0.442384,-0.117239,-0.151381,0.000078,0.000598,-0.000381,5.325080,WAIT_USER_CONFIRM
0.871000,0.442382,-0.117239,-0.151382,-0.000739,0.000921,-0.000681,5.322898,WAIT_USER_CONFIRM
0.872000,0.442387,-0.117238,-0.151380,0.000072,0.001060,-0.000460,5.321222,WAIT_USER_CONFIRM
0.873000,0.442386,-0.117238,-0.151380,0.000294,0.000852,-0.000166,5.319957,WAIT_USER_CONFIRM
0.874000,0.442386,-0.117237,-0.151380,0.000286,0.000974,-0.000244,5.318986,WAIT_USER_CONFIRM
0.875000,0.442384,-0.117237,-0.151381,-0.000756,0.000248,-0.000577,5.318211,WAIT_USER_CONFIRM
0.876000,0.442385,-0.117238,-0.151381,-0.000613,0.000180,-0.000663,5.317543,WAIT_USER_CONFIRM
0.877000,0.442388,-0.117237,-0.151380,-0.000423,0.000528,-0.000609,5.316888,WAIT_USER_CONFIRM
0.878000,0.442384,-0.117238,-0.151380,-0.001098,0.000097,-0.000580,5.316150,WAIT_USER_CONFIRM
0.879000,0.442386,-0.117239,-0.151380,-0.000212,-0.000348,-0.000289,5.315255,WAIT_USER_CONFIRM
0.880000,0.442384,-0.117239,-0.151380,-0.000279,-0.000012,-0.000167,5.314175,WAIT_USER_CONFIRM
0.881000,0.442382,-0.117239,-0.151382,-0.001264,0.000293,-0.001025,5.312915,WAIT_USER_CONFIRM
0.882000,0.442380,-0.117240,-0.151383,-0.002116,-0.000054,-0.001033,5.311492,WAIT_USER_CONFIRM
0.883000,0.442380,-0.117236,-0.151384,-0.001729,0.000812,-0.001145,5.309896,WAIT_USER_CONFIRM
0.884000,0.442381,-0.117238,-0.151382,-0.001057,-0.000165,-0.000447,5.308109,WAIT_USER_CONFIRM
0.885000,0.442385,-0.117239,-0.151380,0.000975,-0.000252,0.000735,5.306138,WAIT_USER_CONFIRM
0.886000,0.442382,-0.117240,-0.151381,-0.000330,-0.000346,-0.000031,5.304082,WAIT_USER_CONFIRM
0.887000,0.442378,-0.117238,-0.151384,-0.001232,0.000680,-0.000786,5.302113,WAIT_USER_CONFIRM
0.888000,0.442377,-0.117240,-0.151385,-0.001464,0.000467,-0.000959,5.300399,WAIT_USER_CONFIRM
0.889000,0.442381,-0.117237,-0.151383,0.000015,0.000563,-0.000041,5.299024,WAIT_USER_CONFIRM
0.890000,0.442379,-0.117238,-0.151384,-0.001486,0.000259,-0.000678,5.298009,WAIT_USER_CONFIRM
0.891000,0.442378,-0.117240,-0.151383,-0.000875,0.000045,-0.000236,5.297357,WAIT_USER_CONFIRM
0.892000,0.442378,-0.117240,-0.151383,-0.000620,0.000059,-0.000048,5.297088,WAIT_USER_CONFIRM
0.893000,0.442381,-0.117241,-0.151382,0.001075,0.000084,0.000742,5.297243,WAIT_USER_CONFIRM
0.894000,0.442379,-0.117239,-0.151383,-0.000656,0.000679,-0.000117,5.297903,WAIT_USER_CONFIRM
0.895000,0.442380,-0.117242,-0.151382,-0.000378,-0.000465,0.000190,5.299170,WAIT_USER_CONFIRM
0.896000,0.442378,-0.117241,-0.151383,-0.000131,-0.000191,0.000349,5.301130,WAIT_USER_CONFIRM
0.897000,0.442377,-0.117241,-0.151383,-0.000540,0.000105,0.000012,5.303826,WAIT_USER_CONFIRM
0.898000,0.442381,-0.117239,-0.151382,-0.000139,0.000859,-0.000253,5.307259,WAIT_USER_CONFIRM
0.899000,0.442381,-0.117240,-0.151382,0.000182,-0.000109,0.000264,5.311379,WAIT_USER_CONFIRM
0.900000,0.442378,-0.117240,-0.151384,-0.000598,-0.000173,-0.000040,5.316086,WAIT_USER_CONFIRM
0.901000,0.442381,-0.117240,-0.151382,0.000802,0.000170,0.000485,5.321260,WAIT_USER_CONFIRM
0.902000,0.442383,-0.117238,-0.151381,0.001270,0.000171,0.000901,5.326788,WAIT_USER_CONFIRM
0.903000,0.442381,-0.117236,-0.151383,-0.000068,0.000643,-0.000248,5.332593,WAIT_USER_CONFIRM
0.904000,0.442382,-0.117238,-0.151382,-0.000101,-0.000102,0.000043,5.338604,WAIT_USER_CONFIRM
0.905000,0.442385,-0.117237,-0.151380,0.000649,0.000509,0.000574,5.344728,WAIT_USER_CONFIRM
0.906000,0.442383,-0.117238,-0.151381,-0.000509,0.000684,-0.000374,5.350861,WAIT_USER_CONFIRM
0.907000,0.442385,-0.117238,-0.151380,0.001249,0.000672,0.000465,5.356913,WAIT_USER_CONFIRM
0.908000,0.442384,-0.117239,-0.151380,-0.000198,0.000554,0.000043,5.362806,WAIT_USER_CONFIRM
0.909000,0.442382,-0.117238,-0.151382,-0.000479,0.000834,-0.000447,5.368465,WAIT_USER_CONFIRM
0.910000,0.442386,-0.117238,-0.151381,0.000895,0.000562,-0.000090,5.373805,WAIT_USER_CONFIRM
0.911000,0.442385,-0.117238,-0.151381,0.000577,0.000586,0.000005,5.378720,WAIT_USER_CONFIRM
0.912000,0.442384,-0.117238,-0.151380,-0.000253,0.000810,-0.000046,5.383100,WAIT_USER_CONFIRM
0.913000,0.442384,-0.117238,-0.151380,-0.000635,0.000878,-0.000448,5.386878,WAIT_USER_CONFIRM
0.914000,0.442382,-0.117237,-0.151382,-0.001489,0.001392,-0.001164,5.390035,WAIT_USER_CONFIRM
0.915000,0.442382,-0.117239,-0.151382,-0.001458,0.000045,-0.000985,5.392551,WAIT_USER_CONFIRM
0.916000,0.442385,-0.117239,-0.151380,-0.000525,0.000178,-0.000253,5.394365,WAIT_USER_CONFIRM
0.917000,0.442385,-0.117242,-0.151378,-0.001111,-0.000680,-0.000030,5.395412,WAIT_USER_CONFIRM
0.918000,0.442386,-0.117240,-0.151379,-0.000755,0.000232,-0.000382,5.395703,WAIT_USER_CONFIRM
0.919000,0.442383,-0.117241,-0.151380,-0.001791,-0.000223,-0.000436,5.395345,WAIT_USER_CONFIRM
0.920000,0.442382,-0.117239,-0.151382,-0.001942,0.000401,-0.000964,5.394489,WAIT_USER_CONFIRM
0.921000,0.442384,-0.117241,-0.151381,-0.000538,-0.000435,-0.000347,5.393275,WAIT_USER_CONFIRM
0.922000,0.442379,-0.117241,-0.151382,-0.001187,0.000047,-0.000572,5.391797,WAIT_USER_CONFIRM
0.923000,0.442382,-0.117241,-0.151382,0.000178,0.000071,-0.000149,5.390112,WAIT_USER_CONFIRM
0.924000,0.442383,-0.117243,-0.151380,0.000845,-0.000318,0.000522,5.388272,WAIT_USER_CONFIRM
0.925000,0.442381,-0.117241,-0.151382,-0.000049,0.000436,-0.000103,5.386364,WAIT_USER_CONFIRM
0.926000,0.442383,-0.117242,-0.151381,0.001089,-0.000349,0.000634,5.384524,WAIT_USER_CONFIRM
0.927000,0.442381,-0.117242,-0.151383,0.000329,-0.000458,0.000036,5.382901,WAIT_USER_CONFIRM
0.928000,0.442379,-0.117240,-0.151383,-0.000147,0.000239,-0.000006,5.381623,WAIT_USER_CONFIRM
0.929000,0.442377,-0.117244,-0.151384,-0.000657,-0.001039,-0.000250,5.380766,WAIT_USER_CONFIRM
0.930000,0.442374,-0.117245,-0.151385,-0.001443,-0.000510,-0.000998,5.380336,WAIT_USER_CONFIRM
0.931000,0.442379,-0.117246,-0.151382,0.000135,-0.000686,0.000137,5.380245,WAIT_USER_CONFIRM
0.932000,0.442382,-0.117246,-0.151380,0.000986,-0.000612,0.000436,5.380344,WAIT_USER_CONFIRM
0.933000,0.442378,-0.117242,-0.151384,-0.000049,0.000877,-0.000325,5.380510,WAIT_USER_CONFIRM
0.934000,0.442379,-0.117243,-0.151382,-0.000258,0.000409,-0.000366,5.380674,WAIT_USER_CONFIRM
0.935000,0.442384,-0.117243,-0.151380,0.001520,0.000808,0.000491,5.380799,WAIT_USER_CONFIRM
0.936000,0.442381,-0.117243,-0.151382,0.000297,0.000436,-0.000368,5.380866,WAIT_USER_CONFIRM
0.937000,0.442382,-0.117245,-0.151380,0.001102,0.000024,0.000758,5.380883,WAIT_USER_CONFIRM
0.938000,0.442378,-0.117244,-0.151384,-0.000911,0.000899,-0.001189,5.380878,WAIT_USER_CONFIRM
0.939000,0.442381,-0.117243,-0.151382,0.000982,0.000652,0.000104,5.380858,WAIT_USER_CONFIRM
0.940000,0.442379,-0.117244,-0.151382,-0.000447,0.000352,-0.000362,5.380784,WAIT_USER_CONFIRM
0.941000,0.442382,-0.117243,-0.151381,0.000538,0.000621,-0.000049,5.380597,WAIT_USER_CONFIRM
0.942000,0.442380,-0.117244,-0.151383,-0.000658,0.000022,-0.000528,5.380251,WAIT_USER_CONFIRM
0.943000,0.442382,-0.117240,-0.151382,-0.000171,0.000903,-0.000274,5.379713,WAIT_USER_CONFIRM
0.944000,0.442379,-0.117242,-0.151383,-0.000959,0.000209,-0.000589,5.378947,WAIT_USER_CONFIRM
0.945000,0.442383,-0.117242,-0.151381,0.000334,-0.000226,-0.000014,5.377923,WAIT_USER_CONFIRM
0.946000,0.442383,-0.117243,-0.151381,-0.000201,-0.000710,-0.000114,5.376621,WAIT_USER_CONFIRM
0.947000,0.442388,-0.117239,-0.151378,0.000889,0.000493,0.000328,5.375041,WAIT_USER_CONFIRM
0.948000,0.442390,-0.117239,-0.151377,0.001466,0.000572,0.000715,5.373239,WAIT_USER_CONFIRM
0.949000,0.442383,-0.117241,-0.151380,-0.001124,-0.000528,-0.000451,5.371340,WAIT_USER_CONFIRM
0.950000,0.442387,-0.117237,-0.151379,0.000123,0.000774,-0.000064,5.369504,WAIT_USER_CONFIRM
0.951000,0.442386,-0.117240,-0.151379,-0.000267,-0.000286,-0.000057,5.367860,WAIT_USER_CONFIRM
0.952000,0.442388,-0.117239,-0.151378,0.000197,-0.000367,0.000483,5.366492,WAIT_USER_CONFIRM
0.953000,0.442386,-0.117237,-0.151381,-0.000030,0.000399,-0.000120,5.365473,WAIT_USER_CONFIRM
0.954000,0.442387,-0.117236,-0.151379,-0.000322,0.000753,-0.000095,5.364878,WAIT_USER_CONFIRM
0.955000,0.442392,-0.117239,-0.151377,0.000774,-0.000404,0.000444,5.364761,WAIT_USER_CONFIRM
0.956000,0.442385,-0.117239,-0.151380,-0.001703,-0.000396,-0.000907,5.365131,WAIT_USER_CONFIRM
0.957000,0.442385,-0.117239,-0.151380,-0.000694,-0.000089,-0.000490,5.365925,WAIT_USER_CONFIRM
0.958000,0.442387,-0.117239,-0.151380,-0.000226,-0.000251,-0.000277,5.366993,WAIT_USER_CONFIRM
0.959000,0.442384,-0.117240,-0.151380,0.000172,-0.000055,-0.000016,5.368147,WAIT_USER_CONFIRM
0.960000,0.442385,-0.117238,-0.151380,0.000506,0.000464,0.000070,5.369233,WAIT_USER_CONFIRM
0.961000,0.442385,-0.117237,-0.151381,0.000669,0.000554,0.000126,5.370176,WAIT_USER_CONFIRM
0.962000,0.442382,-0.117239,-0.151382,-0.000408,-0.000450,-0.000520,5.370973,WAIT_USER_CONFIRM
0.963000,0.442381,-0.117239,-0.151383,-0.000805,-0.000373,-0.000408,5.371634,WAIT_USER_CONFIRM
0.964000,0.442388,-0.117241,-0.151377,0.001120,-0.000635,0.000808,5.372145,WAIT_USER_CONFIRM
0.965000,0.442384,-0.117237,-0.151382,-0.001006,0.000445,-0.000804,5.372501,WAIT_USER_CONFIRM
0.966000,0.442385,-0.117237,-0.151380,-0.000182,-0.000050,-0.000107,5.372726,WAIT_USER_CONFIRM
0.967000,0.442381,-0.117241,-0.151382,-0.000902,-0.001539,-0.000169,5.372844,WAIT_USER_CONFIRM
0.968000,0.442384,-0.117239,-0.151381,-0.000360,-0.000177,-0.000171,5.372865,WAIT_USER_CONFIRM
0.969000,0.442382,-0.117238,-0.151382,-0.000600,-0.000358,-0.000144,5.372796,WAIT_USER_CONFIRM
0.970000,0.442382,-0.117237,-0.151382,-0.000190,-0.000049,0.000101,5.372661,WAIT_USER_CONFIRM
0.971000,0.442380,-0.117238,-0.151383,-0.001396,-0.000170,-0.000547,5.372518,WAIT_USER_CONFIRM
0.972000,0.442378,-0.117240,-0.151383,-0.001619,-0.000451,-0.000415,5.372440,WAIT_USER_CONFIRM
0.973000,0.442376,-0.117240,-0.151385,-0.001486,-0.000438,-0.000574,5.372489,WAIT_USER_CONFIRM
0.974000,0.442382,-0.117240,-0.151382,-0.000073,-0.000588,0.000027,5.372699,WAIT_USER_CONFIRM
0.975000,0.442381,-0.117239,-0.151383,-0.000445,0.000045,-0.000344,5.373076,WAIT_USER_CONFIRM
0.976000,0.442384,-0.117241,-0.151380,0.001083,-0.000600,0.000847,5.373617,WAIT_USER_CONFIRM
0.977000,0.442386,-0.117240,-0.151379,0.000343,-0.000514,0.000527,5.374342,WAIT_USER_CONFIRM
0.978000,0.442380,-0.117241,-0.151382,-0.001538,-0.000697,-0.000416,5.375326,WAIT_USER_CONFIRM
0.979000,0.442380,-0.117238,-0.151383,-0.001167,0.000459,-0.000882,5.376647,WAIT_USER_CONFIRM
0.980000,0.442382,-0.117239,-0.151381,0.000040,-0.000194,0.000110,5.378302,WAIT_USER_CONFIRM
0.981000,0.442384,-0.117241,-0.151380,0.000417,-0.000354,-0.000078,5.380200,WAIT_USER_CONFIRM
0.982000,0.442383,-0.117238,-0.151381,-0.000651,0.000703,-0.000568,5.382211,WAIT_USER_CONFIRM
0.983000,0.442380,-0.117240,-0.151383,-0.001159,-0.000270,-0.000890,5.384193,WAIT_USER_CONFIRM
0.984000,0.442379,-0.117240,-0.151384,-0.000855,-0.000093,-0.000701,5.385983,WAIT_USER_CONFIRM
0.985000,0.442381,-0.117238,-0.151383,0.000222,0.000761,-0.000252,5.387414,WAIT_USER_CONFIRM
0.986000,0.442386,-0.117239,-0.151380,0.001846,0.000687,0.000651,5.388365,WAIT_USER_CONFIRM
0.987000,0.442387,-0.117242,-0.151378,0.002158,-0.000215,0.001006,5.388829,WAIT_USER_CONFIRM
0.988000,0.442387,-0.117241,-0.151378,0.001720,0.000138,0.001067,5.388944,WAIT_USER_CONFIRM
0.989000,0.442388,-0.117239,-0.151379,0.001176,0.000773,0.000390,5.388952,WAIT_USER_CONFIRM
0.990000,0.442387,-0.117239,-0.151379,-0.000008,0.000094,-0.000035,5.389120,WAIT_USER_CONFIRM
0.991000,0.442386,-0.117240,-0.151379,-0.000309,0.000435,-0.000200,5.389643,WAIT_USER_CONFIRM
0.992000,0.442388,-0.117240,-0.151378,-0.000055,-0.000406,0.000211,5.390597,WAIT_USER_CONFIRM
0.993000,0.442389,-0.117237,-0.151379,0.000472,0.001062,-0.000109,5.391974,WAIT_USER_CONFIRM
0.994000,0.442388,-0.117240,-0.151378,-0.000377,0.000085,-0.000099,5.393717,WAIT_USER_CONFIRM
0.995000,0.442387,-0.117240,-0.151378,-0.000727,0.000322,-0.000252,5.395748,WAIT_USER_CONFIRM
0.996000,0.442387,-0.117238,-0.151380,-0.000897,0.001007,-0.000564,5.397977,WAIT_USER_CONFIRM
0.997000,0.442390,-0.117240,-0.151378,0.000063,-0.000219,0.000094,5.400320,WAIT_USER_CONFIRM
0.998000,0.442386,-0.117241,-0.151380,-0.001143,-0.000183,-0.000830,5.402688,WAIT_USER_CONFIRM
0.999000,0.442386,-0.117241,-0.151379,-0.001241,0.000012,-0.000725,5.404969,WAIT_USER_CONFIRM
1.000000,0.442388,-0.117240,-0.151379,-0.000389,0.000162,-0.000451,5.407006,WAIT_USER_CONFIRM
1.001000,0.442385,-0.117241,-0.151380,-0.001513,-0.000236,-0.000911,5.408622,WAIT_USER_CONFIRM
1.002000,0.442386,-0.117242,-0.151380,-0.001155,0.000188,-0.000774,5.409653,WAIT_USER_CONFIRM
1.003000,0.442382,-0.117240,-0.151382,-0.001917,0.000755,-0.001575,5.409955,WAIT_USER_CONFIRM
1.004000,0.442382,-0.117243,-0.151381,-0.001282,0.000117,-0.000843,5.409404,WAIT_USER_CONFIRM
1.005000,0.442378,-0.117245,-0.151382,-0.001660,0.000303,-0.001028,5.407901,WAIT_USER_CONFIRM
1.006000,0.442377,-0.117243,-0.151384,-0.001605,0.001138,-0.001389,5.405404,WAIT_USER_CONFIRM
1.007000,0.442379,-0.117243,-0.151383,-0.001898,0.000409,-0.001252,5.401921,WAIT_USER_CONFIRM
1.008000,0.442382,-0.117244,-0.151381,-0.000027,0.000351,-0.000210,5.397507,WAIT_USER_CONFIRM
1.009000,0.442381,-0.117246,-0.151381,-0.000103,-0.000748,0.000155,5.392281,WAIT_USER_CONFIRM
1.010000,0.442378,-0.117243,-0.151383,-0.000871,0.000406,-0.000678,5.386460,WAIT_USER_CONFIRM
1.011000,0.442375,-0.117242,-0.151384,-0.001981,0.000808,-0.001132,5.380318,WAIT_USER_CONFIRM
1.012000,0.442376,-0.117243,-0.151384,-0.001044,0.000001,-0.000595,5.374104,WAIT_USER_CONFIRM
1.013000,0.442375,-0.117243,-0.151385,-0.001407,0.000293,-0.000718,5.368005,WAIT_USER_CONFIRM
1.014000,0.442376,-0.117248,-0.151383,-0.000373,-0.001243,0.000004,5.362158,WAIT_USER_CONFIRM
1.015000,0.442379,-0.117244,-0.151382,0.000576,-0.000153,0.000285,5.356686,WAIT_USER_CONFIRM
1.016000,0.442377,-0.117244,-0.151384,0.000097,-0.000125,-0.000018,5.351727,WAIT_USER_CONFIRM
1.017000,0.442384,-0.117243,-0.151379,0.002026,0.000169,0.001152,5.347443,WAIT_USER_CONFIRM
1.018000,0.442378,-0.117244,-0.151382,0.000606,0.000130,0.000379,5.344027,WAIT_USER_CONFIRM
1.019000,0.442383,-0.117242,-0.151381,0.001913,0.000995,0.000768,5.341692,WAIT_USER_CONFIRM
1.020000,0.442386,-0.117243,-0.151378,0.002680,0.000391,0.001406,5.340645,WAIT_USER_CONFIRM
1.021000,0.442384,-0.117243,-0.151380,0.000723,0.000560,0.000498,5.341067,WAIT_USER_CONFIRM
1.022000,0.442380,-0.117242,-0.151382,-0.001236,0.000249,-0.000554,5.343083,WAIT_USER_CONFIRM
1.023000,0.442381,-0.117241,-0.151382,-0.000441,0.000257,-0.000090,5.346697,WAIT_USER_CONFIRM
1.024000,0.442388,-0.117239,-0.151379,0.002149,0.001060,0.000582,5.351765,WAIT_USER_CONFIRM
1.025000,0.442385,-0.117242,-0.151380,-0.000283,0.000041,-0.000329,5.358040,WAIT_USER_CONFIRM
1.026000,0.442386,-0.117238,-0.151380,0.000120,0.001222,-0.000339,5.365218,WAIT_USER_CONFIRM
1.027000,0.442390,-0.117242,-0.151377,0.001564,-0.000093,0.000885,5.372970,WAIT_USER_CONFIRM
1.028000,0.442390,-0.117237,-0.151378,0.000650,0.001099,-0.000026,5.380996,WAIT_USER_CONFIRM
1.029000,0.442389,-0.117240,-0.151378,0.000119,0.000292,-0.000229,5.389062,WAIT_USER_CONFIRM
1.030000,0.442389,-0.117238,-0.151378,0.000581,0.000947,-0.000037,5.396973,WAIT_USER_CONFIRM
1.031000,0.442388,-0.117236,-0.151379,-0.000191,0.002111,-0.000609,5.404540,WAIT_USER_CONFIRM
1.032000,0.442389,-0.117237,-0.151378,0.001060,0.001103,0.000281,5.411597,WAIT_USER_CONFIRM
1.033000,0.442386,-0.117238,-0.151380,-0.000372,0.000155,-0.000370,5.418025,WAIT_USER_CONFIRM
1.034000,0.442389,-0.117238,-0.151378,0.001237,0.000674,0.000768,5.423765,WAIT_USER_CONFIRM
1.035000,0.442385,-0.117237,-0.151380,-0.000776,0.000227,-0.000265,5.428819,WAIT_USER_CONFIRM
1.036000,0.442387,-0.117237,-0.151380,-0.000322,0.000413,-0.000395,5.433238,WAIT_USER_CONFIRM
1.037000,0.442388,-0.117238,-0.151378,0.000144,0.000400,0.000188,5.437075,WAIT_USER_CONFIRM
1.038000,0.442389,-0.117239,-0.151378,-0.000291,-0.000285,-0.000244,5.440359,WAIT_USER_CONFIRM
1.039000,0.442389,-0.117237,-0.151379,0.000442,0.000796,0.000068,5.443100,WAIT_USER_CONFIRM
1.040000,0.442390,-0.117237,-0.151379,0.000997,0.000705,0.000083,5.445309,WAIT_USER_CONFIRM
1.041000,0.442388,-0.117239,-0.151380,0.000986,0.000261,-0.000028,5.447002,WAIT_USER_CONFIRM
1.042000,0.442385,-0.117238,-0.151381,0.000722,0.001099,-0.000294,5.448183,WAIT_USER_CONFIRM
1.043000,0.442386,-0.117238,-0.151380,0.001175,0.000815,0.000283,5.448841,WAIT_USER_CONFIRM
1.044000,0.442384,-0.117239,-0.151381,0.000412,0.000103,-0.000024,5.448966,WAIT_USER_CONFIRM
1.045000,0.442382,-0.117240,-0.151381,0.000264,-0.000662,0.000210,5.448576,WAIT_USER_CONFIRM
1.046000,0.442383,-0.117243,-0.151380,0.000486,-0.001592,0.000802,5.447724,WAIT_USER_CONFIRM
1.047000,0.442383,-0.117241,-0.151381,0.000560,-0.000134,0.000144,5.446494,WAIT_USER_CONFIRM
1.048000,0.442383,-0.117241,-0.151381,0.000643,-0.000651,0.000423,5.444992,WAIT_USER_CONFIRM
1.049000,0.442378,-0.117244,-0.151383,-0.000829,-0.001320,-0.000057,5.443305,WAIT_USER_CONFIRM
1.050000,0.442378,-0.117242,-0.151384,-0.000375,-0.000005,-0.000257,5.441470,WAIT_USER_CONFIRM
1.051000,0.442376,-0.117242,-0.151385,-0.001274,-0.000543,-0.000543,5.439469,WAIT_USER_CONFIRM
1.052000,0.442377,-0.117242,-0.151384,-0.000847,-0.000345,-0.000385,5.437226,WAIT_USER_CONFIRM
1.053000,0.442380,-0.117243,-0.151381,0.000509,-0.000596,0.000416,5.434646,WAIT_USER_CONFIRM
1.054000,0.442373,-0.117244,-0.151385,-0.001937,-0.000596,-0.000982,5.431654,WAIT_USER_CONFIRM
1.055000,0.442377,-0.117242,-0.151384,0.000104,-0.000050,-0.000113,5.428203,WAIT_USER_CONFIRM
1.056000,0.442376,-0.117242,-0.151385,-0.000662,0.000480,-0.000739,5.424262,WAIT_USER_CONFIRM
1.057000,0.442379,-0.117243,-0.151382,-0.000222,-0.000636,-0.000086,5.419809,WAIT_USER_CONFIRM
1.058000,0.442376,-0.117241,-0.151384,-0.000809,0.000300,-0.000567,5.414845,WAIT_USER_CONFIRM
1.059000,0.442380,-0.117241,-0.151382,0.000443,0.000329,0.000144,5.409406,WAIT_USER_CONFIRM
1.060000,0.442380,-0.117240,-0.151383,-0.000203,0.000574,-0.000446,5.403574,WAIT_USER_CONFIRM
1.061000,0.442381,-0.117242,-0.151381,-0.000169,-0.000222,0.000111,5.397457,WAIT_USER_CONFIRM
1.062000,0.442385,-0.117240,-0.151380,0.000816,0.000957,-0.000004,5.391183,WAIT_USER_CONFIRM
1.063000,0.442383,-0.117240,-0.151382,-0.000161,0.000434,-0.000882,5.384873,WAIT_USER_CONFIRM
1.064000,0.442386,-0.117239,-0.151380,0.001312,-0.000129,0.000510,5.378606,WAIT_USER_CONFIRM
1.065000,0.442389,-0.117235,-0.151379,0.001532,0.001157,0.000272,5.372414,WAIT_USER_CONFIRM
1.066000,0.442388,-0.117236,-0.151379,0.000642,0.001302,-0.000225,5.366353,WAIT_USER_CONFIRM
1.067000,0.442390,-0.117240,-0.151377,0.001263,-0.000473,0.000662,5.360519,WAIT_USER_CONFIRM
1.068000,0.442387,-0.117236,-0.151379,-0.000403,0.001162,-0.000601,5.355028,WAIT_USER_CONFIRM
1.069000,0.442390,-0.117238,-0.151378,0.000679,0.000033,0.000046,5.349983,WAIT_USER_CONFIRM
1.070000,0.442392,-0.117237,-0.151377,0.000486,0.000559,0.000040,5.345447,WAIT_USER_CONFIRM
1.071000,0.442391,-0.117236,-0.151377,0.000065,0.000943,-0.000124,5.341451,WAIT_USER_CONFIRM
1.072000,0.442391,-0.117236,-0.151377,0.000241,0.000412,0.000235,5.338029,WAIT_USER_CONFIRM
1.073000,0.442391,-0.117234,-0.151378,0.000546,0.000449,0.000229,5.335229,WAIT_USER_CONFIRM
1.074000,0.442389,-0.117235,-0.151378,0.000635,0.000448,0.000337,5.333125,WAIT_USER_CONFIRM
1.075000,0.442390,-0.117233,-0.151378,0.000693,0.001173,0.000098,5.331792,WAIT_USER_CONFIRM
1.076000,0.442390,-0.117235,-0.151378,0.000598,0.000460,0.000018,5.331294,WAIT_USER_CONFIRM
1.077000,0.442388,-0.117235,-0.151379,0.000270,0.000828,-0.000074,5.331651,WAIT_USER_CONFIRM
1.078000,0.442392,-0.117234,-0.151377,0.001470,0.001088,0.000165,5.332829,WAIT_USER_CONFIRM
1.079000,0.442389,-0.117234,-0.151379,0.001189,0.001026,0.000136,5.334761,WAIT_USER_CONFIRM
1.080000,0.442390,-0.117236,-0.151378,0.000543,0.000582,-0.000138,5.337358,WAIT_USER_CONFIRM
1.081000,0.442390,-0.117235,-0.151379,-0.000285,0.000875,-0.000667,5.340514,WAIT_USER_CONFIRM
1.082000,0.442387,-0.117240,-0.151379,-0.001065,-0.000937,-0.000832,5.344075,WAIT_USER_CONFIRM
1.083000,0.442385,-0.117238,-0.151380,-0.002128,0.000133,-0.000953,5.347819,WAIT_USER_CONFIRM
1.084000,0.442386,-0.117239,-0.151380,-0.001132,-0.000440,-0.000579,5.351493,WAIT_USER_CONFIRM
1.085000,0.442385,-0.117237,-0.151380,-0.001426,0.000260,-0.000621,5.354873,WAIT_USER_CONFIRM
1.086000,0.442382,-0.117241,-0.151381,-0.002181,-0.001111,-0.000888,5.357809,WAIT_USER_CONFIRM
1.087000,0.442381,-0.117242,-0.151381,-0.001204,-0.001294,-0.000302,5.360224,WAIT_USER_CONFIRM
1.088000,0.442382,-0.117242,-0.151382,0.000077,-0.000746,0.000065,5.362094,WAIT_USER_CONFIRM
1.089000,0.442379,-0.117244,-0.151383,0.000011,-0.001147,0.000066,5.363447,WAIT_USER_CONFIRM
1.090000,0.442380,-0.117242,-0.151382,-0.000130,-0.000199,-0.000007,5.364362,WAIT_USER_CONFIRM
1.091000,0.442376,-0.117244,-0.151383,-0.000944,-0.000513,-0.000318,5.364958,WAIT_USER_CONFIRM
1.092000,0.442379,-0.117244,-0.151382,0.000023,-0.000829,0.000335,5.365360,WAIT_USER_CONFIRM
1.093000,0.442374,-0.117244,-0.151384,-0.000870,-0.000528,-0.000227,5.365696,WAIT_USER_CONFIRM
1.094000,0.442374,-0.117247,-0.151384,-0.000935,-0.001629,-0.000349,5.366077,WAIT_USER_CONFIRM
1.095000,0.442376,-0.117245,-0.151384,0.000032,-0.000218,-0.000095,5.366564,WAIT_USER_CONFIRM
1.096000,0.442378,-0.117245,-0.151382,0.000261,-0.000413,0.000516,5.367162,WAIT_USER_CONFIRM
1.097000,0.442376,-0.117246,-0.151384,-0.001168,-0.000912,-0.000649,5.367864,WAIT_USER_CONFIRM
1.098000,0.442376,-0.117248,-0.151383,-0.000744,-0.001242,0.000099,5.368665,WAIT_USER_CONFIRM
1.099000,0.442376,-0.117247,-0.151384,-0.001102,-0.000730,-0.000607,5.369530,WAIT_USER_CONFIRM
1.100000,0.442377,-0.117248,-0.151383,-0.000498,-0.000621,-0.000135,5.370389,WAIT_USER_CONFIRM
1.101000,0.442379,-0.117245,-0.151381,0.000193,0.000541,0.000084,5.371164,WAIT_USER_CONFIRM
1.102000,0.442383,-0.117247,-0.151380,0.001496,0.000157,0.000617,5.371816,WAIT_USER_CONFIRM
1.103000,0.442382,-0.117244,-0.151381,0.000846,0.001757,-0.000258,5.372382,WAIT_USER_CONFIRM
1.104000,0.442380,-0.117246,-0.151381,0.000627,0.000672,-0.000073,5.372933,WAIT_USER_CONFIRM
1.105000,0.442380,-0.117247,-0.151381,-0.000351,0.000198,-0.000267,5.373518,WAIT_USER_CONFIRM
1.106000,0.442380,-0.117243,-0.151382,-0.000119,0.001060,-0.000337,5.374141,WAIT_USER_CONFIRM
1.107000,0.442385,-0.117245,-0.151380,0.001054,-0.000006,0.000191,5.374776,WAIT_USER_CONFIRM
1.108000,0.442383,-0.117242,-0.151381,0.000147,0.000335,-0.000139,5.375385,WAIT_USER_CONFIRM
1.109000,0.442384,-0.117243,-0.151380,-0.000499,0.000264,-0.000513,5.375917,WAIT_USER_CONFIRM
1.110000,0.442386,-0.117242,-0.151379,0.000551,0.000522,0.000201,5.376312,WAIT_USER_CONFIRM
1.111000,0.442388,-0.117241,-0.151378,0.000274,0.000962,-0.000029,5.376529,WAIT_USER_CONFIRM
1.112000,0.442388,-0.117242,-0.151378,-0.000475,0.000457,-0.000367,5.376569,WAIT_USER_CONFIRM
1.113000,0.442390,-0.117241,-0.151377,-0.000260,0.000621,-0.000547,5.376458,WAIT_USER_CONFIRM
1.114000,0.442387,-0.117242,-0.151378,-0.001341,0.000317,-0.000824,5.376198,WAIT_USER_CONFIRM
1.115000,0.442390,-0.117237,-0.151378,-0.001008,0.001610,-0.000990,5.375743,WAIT_USER_CONFIRM
1.116000,0.442389,-0.117239,-0.151378,-0.001056,0.000476,-0.000655,5.375020,WAIT_USER_CONFIRM
1.117000,0.442389,-0.117242,-0.151377,-0.000043,-0.001037,0.000015,5.373968,WAIT_USER_CONFIRM
1.118000,0.442393,-0.117238,-0.151376,0.000863,0.000610,0.000317,5.372577,WAIT_USER_CONFIRM
1.119000,0.442391,-0.117238,-0.151377,0.000820,0.000413,0.000223,5.370914,WAIT_USER_CONFIRM
1.120000,0.442390,-0.117237,-0.151378,0.000667,0.000455,0.000204,5.369122,WAIT_USER_CONFIRM
1.121000,0.442388,-0.117239,-0.151378,-0.000381,0.000422,-0.000244,5.367390,WAIT_USER_CONFIRM
1.122000,0.442385,-0.117238,-0.151380,-0.000443,0.000023,-0.000377,5.365891,WAIT_USER_CONFIRM
1.123000,0.442388,-0.117239,-0.151378,-0.000437,-0.000771,-0.000218,5.364741,WAIT_USER_CONFIRM
1.124000,0.442385,-0.117239,-0.151380,-0.000920,-0.000351,-0.000611,5.363972,WAIT_USER_CONFIRM
1.125000,0.442389,-0.117239,-0.151378,0.000760,-0.000475,0.000380,5.363557,WAIT_USER_CONFIRM
1.126000,0.442383,-0.117238,-0.151382,-0.001082,-0.000148,-0.000916,5.363445,WAIT_USER_CONFIRM
1.127000,0.442377,-0.117236,-0.151384,-0.003013,0.000320,-0.001691,5.363567,WAIT_USER_CONFIRM
1.128000,0.442383,-0.117236,-0.151381,-0.000592,0.000561,-0.000651,5.363804,WAIT_USER_CONFIRM
1.129000,0.442381,-0.117238,-0.151382,-0.001119,-0.000056,-0.000671,5.363996,WAIT_USER_CONFIRM
1.130000,0.442380,-0.117241,-0.151382,-0.001570,-0.000732,-0.000755,5.364002,WAIT_USER_CONFIRM
1.131000,0.442378,-0.117240,-0.151383,-0.001499,-0.000133,-0.000796,5.363734,WAIT_USER_CONFIRM
1.132000,0.442376,-0.117241,-0.151383,-0.001719,-0.000410,-0.000836,5.363154,WAIT_USER_CONFIRM
1.133000,0.442379,-0.117240,-0.151383,-0.000773,-0.000196,-0.000513,5.362270,WAIT_USER_CONFIRM
1.134000,0.442377,-0.117241,-0.151383,-0.000823,-0.000507,-0.000323,5.361125,WAIT_USER_CONFIRM
1.135000,0.442379,-0.117240,-0.151383,-0.000236,-0.000190,-0.000342,5.359795,WAIT_USER_CONFIRM
1.136000,0.442379,-0.117239,-0.151383,-0.000240,0.000189,-0.000189,5.358380,WAIT_USER_CONFIRM
1.137000,0.442377,-0.117240,-0.151384,-0.000468,-0.000029,-0.000235,5.356998,WAIT_USER_CONFIRM
1.138000,0.442376,-0.117241,-0.151384,-0.000261,-0.000625,0.000104,5.355780,WAIT_USER_CONFIRM
1.139000,0.442377,-0.117239,-0.151385,0.000012,0.000396,-0.000235,5.354860,WAIT_USER_CONFIRM
1.140000,0.442380,-0.117240,-0.151383,0.001536,0.000540,0.000769,5.354364,WAIT_USER_CONFIRM
1.141000,0.442378,-0.117245,-0.151382,0.000983,-0.000989,0.000847,5.354411,WAIT_USER_CONFIRM
1.142000,0.442379,-0.117241,-0.151382,0.001557,0.000725,0.001007,5.355144,WAIT_USER_CONFIRM
1.143000,0.442379,-0.117239,-0.151383,0.000998,0.001362,0.000301,5.356727,WAIT_USER_CONFIRM
1.144000,0.442383,-0.117241,-0.151381,0.001555,0.000703,0.000713,5.359304,WAIT_USER_CONFIRM
1.145000,0.442383,-0.117242,-0.151380,0.000875,-0.000230,0.000542,5.362951,WAIT_USER_CONFIRM
1.146000,0.442381,-0.117240,-0.151381,0.000536,0.000063,0.000410,5.367655,WAIT_USER_CONFIRM
1.147000,0.442381,-0.117241,-0.151381,0.000235,-0.000201,0.000252,5.373319,WAIT_USER_CONFIRM
1.148000,0.442387,-0.117242,-0.151378,0.001789,-0.000048,0.001047,5.379789,WAIT_USER_CONFIRM
1.149000,0.442385,-0.117240,-0.151380,0.000571,0.000576,-0.000042,5.386885,WAIT_USER_CONFIRM
1.150000,0.442387,-0.117239,-0.151380,0.001394,0.000743,0.000016,5.394407,WAIT_USER_CONFIRM
1.151000,0.442387,-0.117242,-0.151378,0.001282,-0.000342,0.000589,5.402111,WAIT_USER_CONFIRM
1.152000,0.442391,-0.117239,-0.151377,0.001570,0.000720,0.000598,5.409733,WAIT_USER_CONFIRM
1.153000,0.442393,-0.117238,-0.151376,0.001479,0.001017,0.000696,5.417060,WAIT_USER_CONFIRM
1.154000,0.442391,-0.117239,-0.151377,-0.000174,0.000624,-0.000336,5.423964,WAIT_USER_CONFIRM
1.155000,0.442393,-0.117239,-0.151376,0.000953,0.000227,0.000542,5.430368,WAIT_USER_CONFIRM
1.156000,0.442393,-0.117240,-0.151376,0.000391,-0.000229,0.000201,5.436210,WAIT_USER_CONFIRM
1.157000,0.442391,-0.117238,-0.151377,-0.000754,0.000146,-0.000310,5.441433,WAIT_USER_CONFIRM
1.158000,0.442392,-0.117238,-0.151377,0.000304,0.000174,-0.000259,5.445979,WAIT_USER_CONFIRM
1.159000,0.442391,-0.117239,-0.151377,0.000258,0.000005,-0.000103,5.449769,WAIT_USER_CONFIRM
1.160000,0.442392,-0.117238,-0.151377,0.000841,0.000070,0.000397,5.452714,WAIT_USER_CONFIRM
1.161000,0.442390,-0.117239,-0.151377,-0.000034,-0.000504,0.000038,5.454756,WAIT_USER_CONFIRM
1.162000,0.442389,-0.117240,-0.151378,-0.000566,-0.000604,-0.000292,5.455889,WAIT_USER_CONFIRM
1.163000,0.442389,-0.117241,-0.151378,-0.000314,-0.001013,-0.000038,5.456134,WAIT_USER_CONFIRM
1.164000,0.442386,-0.117239,-0.151380,-0.000746,-0.000363,-0.000238,5.455511,WAIT_USER_CONFIRM
1.165000,0.442390,-0.117239,-0.151378,0.000668,-0.000107,0.000258,5.454056,WAIT_USER_CONFIRM
1.166000,0.442387,-0.117237,-0.151379,0.000310,0.000612,0.000241,5.451842,WAIT_USER_CONFIRM
1.167000,0.442387,-0.117241,-0.151379,-0.000248,-0.000396,-0.000066,5.449004,WAIT_USER_CONFIRM
1.168000,0.442386,-0.117239,-0.151380,-0.000693,0.000434,-0.000647,5.445708,WAIT_USER_CONFIRM
1.169000,0.442386,-0.117240,-0.151378,-0.000844,0.000252,-0.000116,5.442097,WAIT_USER_CONFIRM
1.170000,0.442388,-0.117243,-0.151378,0.000245,-0.000990,0.000169,5.438273,WAIT_USER_CONFIRM
1.171000,0.442383,-0.117240,-0.151380,-0.000804,0.000360,-0.000163,5.434329,WAIT_USER_CONFIRM
1.172000,0.442384,-0.117240,-0.151380,-0.000695,-0.000125,-0.000213,5.430358,WAIT_USER_CONFIRM
1.173000,0.442379,-0.117243,-0.151382,-0.001341,-0.000521,-0.000505,5.426444,WAIT_USER_CONFIRM
1.174000,0.442385,-0.117243,-0.151380,0.000349,-0.000142,0.000105,5.422647,WAIT_USER_CONFIRM
1.175000,0.442386,-0.117242,-0.151380,-0.000353,-0.000242,-0.000181,5.418996,WAIT_USER_CONFIRM
1.176000,0.442381,-0.117243,-0.151382,-0.001223,-0.000404,-0.000507,5.415496,WAIT_USER_CONFIRM
1.177000,0.442380,-0.117242,-0.151382,-0.000864,0.000247,-0.000141,5.412138,WAIT_USER_CONFIRM
1.178000,0.442378,-0.117242,-0.151383,-0.001325,0.000040,-0.000403,5.408917,WAIT_USER_CONFIRM
1.179000,0.442379,-0.117246,-0.151382,-0.001597,-0.000929,-0.000259,5.405848,WAIT_USER_CONFIRM
1.180000,0.442383,-0.117243,-0.151380,-0.000356,0.000123,0.000043,5.402964,WAIT_USER_CONFIRM
1.181000,0.442380,-0.117243,-0.151383,-0.001226,-0.000370,-0.000564,5.400294,WAIT_USER_CONFIRM
1.182000,0.442380,-0.117241,-0.151383,-0.000648,0.000218,-0.000456,5.397842,WAIT_USER_CONFIRM
1.183000,0.442384,-0.117244,-0.151379,0.000310,-0.000945,0.000647,5.395575,WAIT_USER_CONFIRM
1.184000,0.442383,-0.117243,-0.151381,-0.000818,-0.000428,-0.000469,5.393453,WAIT_USER_CONFIRM
1.185000,0.442383,-0.117242,-0.151380,-0.000109,-0.000283,0.000112,5.391454,WAIT_USER_CONFIRM
1.186000,0.442381,-0.117243,-0.151382,-0.000375,-0.000392,-0.000280,5.389563,WAIT_USER_CONFIRM
1.187000,0.442384,-0.117242,-0.151381,0.000478,-0.000212,0.000279,5.387756,WAIT_USER_CONFIRM
1.188000,0.442385,-0.117240,-0.151381,0.000051,0.000415,-0.000014,5.386012,WAIT_USER_CONFIRM
1.189000,0.442387,-0.117241,-0.151378,0.000807,-0.000073,0.000999,5.384346,WAIT_USER_CONFIRM
1.190000,0.442388,-0.117241,-0.151378,0.000260,-0.000075,0.000496,5.382844,WAIT_USER_CONFIRM
1.191000,0.442389,-0.117239,-0.151378,0.000609,0.000295,0.000428,5.381663,WAIT_USER_CONFIRM
1.192000,0.442386,-0.117237,-0.151379,-0.000774,0.001255,-0.000269,5.380973,WAIT_USER_CONFIRM
1.193000,0.442385,-0.117240,-0.151380,-0.002031,0.000065,-0.000883,5.380878,WAIT_USER_CONFIRM
1.194000,0.442389,-0.117239,-0.151379,0.000011,0.000755,-0.000249,5.381371,WAIT_USER_CONFIRM
1.195000,0.442392,-0.117240,-0.151376,0.001115,0.000088,0.000878,5.382347,WAIT_USER_CONFIRM
1.196000,0.442390,-0.117241,-0.151377,-0.000389,-0.000445,0.000259,5.383683,WAIT_USER_CONFIRM
1.197000,0.442388,-0.117240,-0.151378,-0.000444,-0.000042,0.000131,5.385307,WAIT_USER_CONFIRM
1.198000,0.442391,-0.117237,-0.151377,0.000090,0.000993,-0.000011,5.387191,WAIT_USER_CONFIRM
1.199000,0.442390,-0.117236,-0.151379,-0.000326,0.001231,-0.000667,5.389299,WAIT_USER_CONFIRM
1.200000,0.442389,-0.117237,-0.151379,-0.000157,0.000858,-0.000163,5.391552,WAIT_USER_CONFIRM
1.201000,0.442389,-0.117239,-0.151377,-0.000688,-0.000240,-0.000143,5.393837,WAIT_USER_CONFIRM
1.202000,0.442389,-0.117240,-0.151378,-0.000992,-0.000461,-0.000396,5.396040,WAIT_USER_CONFIRM
1.203000,0.442388,-0.117238,-0.151378,-0.001378,0.000529,-0.000691,5.398061,WAIT_USER_CONFIRM
1.204000,0.442389,-0.117241,-0.151377,-0.001300,-0.001049,-0.000454,5.399795,WAIT_USER_CONFIRM
1.205000,0.442389,-0.117239,-0.151378,-0.001756,-0.000114,-0.000853,5.401128,WAIT_USER_CONFIRM
1.206000,0.442389,-0.117239,-0.151378,-0.001734,-0.000319,-0.000523,5.401940,WAIT_USER_CONFIRM
1.207000,0.442385,-0.117241,-0.151380,-0.002195,-0.000879,-0.001092,5.402134,WAIT_USER_CONFIRM
1.208000,0.442384,-0.117241,-0.151380,-0.001802,-0.001371,-0.000542,5.401639,WAIT_USER_CONFIRM
1.209000,0.442382,-0.117241,-0.151381,-0.002161,-0.000916,-0.000937,5.400404,WAIT_USER_CONFIRM
1.210000,0.442382,-0.117241,-0.151380,-0.002224,-0.000694,-0.000595,5.398408,WAIT_USER_CONFIRM
1.211000,0.442380,-0.117245,-0.151382,-0.001688,-0.001769,-0.000660,5.395680,WAIT_USER_CONFIRM
1.212000,0.442384,-0.117244,-0.151380,-0.000298,-0.001465,0.000319,5.392300,WAIT_USER_CONFIRM
1.213000,0.442380,-0.117241,-0.151382,-0.000936,0.000165,-0.000565,5.388392,WAIT_USER_CONFIRM
1.214000,0.442380,-0.117245,-0.151382,-0.000477,-0.001254,-0.000107,5.384119,WAIT_USER_CONFIRM
1.215000,0.442378,-0.117243,-0.151383,-0.000391,-0.000465,-0.000137,5.379652,WAIT_USER_CONFIRM
1.216000,0.442378,-0.117245,-0.151382,0.000018,-0.000774,0.000209,5.375159,WAIT_USER_CONFIRM
1.217000,0.442381,-0.117243,-0.151382,0.000725,-0.000460,0.000238,5.370805,WAIT_USER_CONFIRM
1.218000,0.442376,-0.117246,-0.151384,-0.000146,-0.001280,-0.000047,5.366750,WAIT_USER_CONFIRM
1.219000,0.442374,-0.117242,-0.151385,-0.001138,0.000075,-0.000568,5.363120,WAIT_USER_CONFIRM
1.220000,0.442378,-0.117244,-0.151382,0.000589,-0.000596,0.000424,5.359987,WAIT_USER_CONFIRM
1.221000,0.442379,-0.117243,-0.151383,0.000676,0.000239,0.000216,5.357397,WAIT_USER_CONFIRM
1.222000,0.442382,-0.117243,-0.151380,0.001450,0.000706,0.000849,5.355412,WAIT_USER_CONFIRM
1.223000,0.442379,-0.117244,-0.151382,0.000458,0.000483,-0.000093,5.354124,WAIT_USER_CONFIRM
1.224000,0.442382,-0.117243,-0.151381,0.001515,0.000333,0.000515,5.353621,WAIT_USER_CONFIRM
1.225000,0.442379,-0.117242,-0.151382,-0.000107,0.000545,0.000079,5.353939,WAIT_USER_CONFIRM
1.226000,0.442381,-0.117240,-0.151381,0.001338,0.001050,0.000389,5.355060,WAIT_USER_CONFIRM
1.227000,0.442380,-0.117242,-0.151381,-0.000175,0.000630,-0.000158,5.356935,WAIT_USER_CONFIRM
1.228000,0.442383,-0.117242,-0.151380,0.000985,0.000667,0.000273,5.359495,WAIT_USER_CONFIRM
1.229000,0.442386,-0.117241,-0.151379,0.002005,0.000145,0.000997,5.362652,WAIT_USER_CONFIRM
1.230000,0.442387,-0.117241,-0.151379,0.002005,0.000635,0.000828,5.366332,WAIT_USER_CONFIRM
1.231000,0.442385,-0.117241,-0.151378,0.001611,0.000681,0.000856,5.370503,WAIT_USER_CONFIRM
1.232000,0.442384,-0.117242,-0.151379,0.000488,-0.000181,0.000531,5.375178,WAIT_USER_CONFIRM
1.233000,0.442389,-0.117240,-0.151376,0.002255,0.000644,0.001217,5.380384,WAIT_USER_CONFIRM
1.234000,0.442385,-0.117239,-0.151379,0.001232,0.000761,0.000433,5.386149,WAIT_USER_CONFIRM
1.235000,0.442391,-0.117240,-0.151376,0.002755,0.000310,0.001116,5.392480,WAIT_USER_CONFIRM
1.236000,0.442389,-0.117239,-0.151376,0.001071,0.000319,0.000686,5.399341,WAIT_USER_CONFIRM
1.237000,0.442386,-0.117237,-0.151379,-0.000171,0.000385,-0.000041,5.406648,WAIT_USER_CONFIRM
1.238000,0.442385,-0.117237,-0.151380,-0.000912,0.000691,-0.000769,5.414272,WAIT_USER_CONFIRM
1.239000,0.442389,-0.117238,-0.151377,-0.000158,0.000420,-0.000089,5.422011,WAIT_USER_CONFIRM
1.240000,0.442389,-0.117239,-0.151377,-0.000498,0.000160,-0.000291,5.429604,WAIT_USER_CONFIRM
1.241000,0.442387,-0.117237,-0.151379,-0.001474,0.000597,-0.001073,5.436782,WAIT_USER_CONFIRM
1.242000,0.442390,-0.117238,-0.151377,-0.000340,-0.000117,-0.000209,5.443300,WAIT_USER_CONFIRM
1.243000,0.442391,-0.117239,-0.151376,0.000289,-0.000161,0.000132,5.448951,WAIT_USER_CONFIRM
1.244000,0.442387,-0.117238,-0.151379,-0.000627,0.000400,-0.000620,5.453610,WAIT_USER_CONFIRM
1.245000,0.442386,-0.117237,-0.151380,-0.000533,0.000630,-0.000522,5.457229,WAIT_USER_CONFIRM
1.246000,0.442388,-0.117239,-0.151378,0.000742,-0.000136,0.000389,5.459810,WAIT_USER_CONFIRM
1.247000,0.442384,-0.117238,-0.151380,0.000191,0.000391,-0.000079,5.461402,WAIT_USER_CONFIRM
1.248000,0.442383,-0.117240,-0.151380,-0.000579,-0.000442,-0.000239,5.462113,WAIT_USER_CONFIRM
1.249000,0.442383,-0.117238,-0.151382,-0.000415,0.000465,-0.000472,5.462069,WAIT_USER_CONFIRM
1.250000,0.442381,-0.117239,-0.151382,-0.000375,-0.000039,-0.000214,5.461378,WAIT_USER_CONFIRM
1.251000,0.442380,-0.117240,-0.151382,-0.001205,-0.000243,-0.000650,5.460114,WAIT_USER_CONFIRM
1.252000,0.442380,-0.117238,-0.151383,-0.001219,0.000535,-0.001025,5.458321,WAIT_USER_CONFIRM
1.253000,0.442382,-0.117243,-0.151381,0.000127,-0.000778,0.000072,5.456005,WAIT_USER_CONFIRM
1.254000,0.442384,-0.117245,-0.151378,0.000868,-0.001139,0.000843,5.453167,WAIT_USER_CONFIRM
1.255000,0.442377,-0.117240,-0.151383,-0.001342,0.000474,-0.000770,5.449861,WAIT_USER_CONFIRM
1.256000,0.442379,-0.117242,-0.151383,-0.000351,-0.000431,-0.000206,5.446209,MOVE_JOINT
1.257000,0.442380,-0.117242,-0.151382,-0.000175,-0.000120,0.000039,5.442330,MOVE_JOINT
1.258000,0.442380,-0.117240,-0.151382,0.000069,0.000466,0.000075,5.438333,MOVE_JOINT
1.259000,0.442381,-0.117244,-0.151381,0.000451,-0.000396,0.000353,5.434338,MOVE_JOINT
1.260000,0.442381,-0.117242,-0.151382,0.000909,0.000363,0.000216,5.430493,MOVE_JOINT
1.261000,0.442380,-0.117243,-0.151382,0.000182,0.000266,-0.000012,5.426936,MOVE_JOINT
1.262000,0.442377,-0.117244,-0.151384,0.000012,0.000307,-0.000414,5.423760,MOVE_JOINT
1.263000,0.442375,-0.117243,-0.151385,-0.000015,-0.000358,0.000125,5.420989,MOVE_JOINT
1.264000,0.442380,-0.117242,-0.151382,0.001875,0.000078,0.000961,5.418593,MOVE_JOINT
1.265000,0.442381,-0.117240,-0.151383,0.000853,0.000238,0.000190,5.416544,MOVE_JOINT
1.266000,0.442385,-0.117243,-0.151379,0.001820,-0.000656,0.001404,5.414834,MOVE_JOINT
1.267000,0.442393,-0.117248,-0.151371,0.003424,-0.001165,0.002909,5.413487,MOVE_JOINT
1.268000,0.442405,-0.117253,-0.151361,0.005217,-0.002492,0.004752,5.412627,MOVE_JOINT
1.269000,0.442417,-0.117254,-0.151351,0.006773,-0.002107,0.006085,5.412574,MOVE_JOINT
1.270000,0.442428,-0.117257,-0.151339,0.007635,-0.002591,0.007507,5.413878,MOVE_JOINT
1.271000,0.442448,-0.117264,-0.151323,0.010988,-0.003626,0.009938,5.417286,MOVE_JOINT
1.272000,0.442465,-0.117268,-0.151307,0.012447,-0.003611,0.011422,5.423689,MOVE_JOINT
1.273000,0.442481,-0.117273,-0.151293,0.013328,-0.003781,0.012149,5.434029,MOVE_JOINT
1.274000,0.442502,-0.117284,-0.151273,0.015487,-0.006060,0.014155,5.449176,MOVE_JOINT
1.275000,0.442527,-0.117290,-0.151254,0.019255,-0.006275,0.016229,5.469796,MOVE_JOINT
1.276000,0.442545,-0.117299,-0.151240,0.019179,-0.007288,0.015948,5.496276,MOVE_JOINT
1.277000,0.442570,-0.117303,-0.151220,0.021750,-0.006611,0.017418,5.528640,MOVE_JOINT
1.278000,0.442594,-0.117311,-0.151202,0.022301,-0.007112,0.017777,5.566496,MOVE_JOINT
1.279000,0.442619,-0.117321,-0.151181,0.023573,-0.008548,0.019047,5.609057,MOVE_JOINT
1.280000,0.442650,-0.117330,-0.151160,0.026836,-0.008938,0.020279,5.655233,MOVE_JOINT
1.281000,0.442677,-0.117340,-0.151140,0.027134,-0.009218,0.020440,5.703710,MOVE_JOINT
1.282000,0.442708,-0.117348,-0.151118,0.028343,-0.009155,0.020978,5.753013,MOVE_JOINT
1.283000,0.442731,-0.117355,-0.151100,0.028043,-0.008709,0.020785,5.801554,MOVE_JOINT
1.284000,0.442769,-0.117366,-0.151074,0.031382,-0.008724,0.022365,5.847702,MOVE_JOINT
1.285000,0.442798,-0.117371,-0.151054,0.030922,-0.007686,0.021858,5.889883,MOVE_JOINT
1.286000,0.442830,-0.117381,-0.151031,0.031555,-0.008791,0.022267,5.926666,MOVE_JOINT
1.287000,0.442865,-0.117391,-0.151008,0.032436,-0.008976,0.022624,5.956791,MOVE_JOINT
1.288000,0.442899,-0.117401,-0.150985,0.032495,-0.009315,0.022347,5.979163,MOVE_JOINT
1.289000,0.442938,-0.117405,-0.150961,0.034889,-0.007791,0.022800,5.992844,MOVE_JOINT
1.290000,0.442982,-0.117411,-0.150935,0.037446,-0.007253,0.023563,5.997058,MOVE_JOINT
1.291000,0.443014,-0.117428,-0.150911,0.035125,-0.010168,0.023819,5.991246,MOVE_JOINT
1.292000,0.443044,-0.117440,-0.150887,0.032794,-0.011197,0.023458,5.975101,MOVE_JOINT
1.293000,0.443091,-0.117445,-0.150861,0.037913,-0.009099,0.024583,5.948558,MOVE_JOINT
1.294000,0.443138,-0.117443,-0.150836,0.041009,-0.005595,0.024925,5.911756,MOVE_JOINT
1.295000,0.443182,-0.117451,-0.150806,0.041302,-0.006226,0.026374,5.865066,MOVE_JOINT
1.296000,0.443215,-0.117470,-0.150779,0.037637,-0.010594,0.026277,5.809154,MOVE_JOINT
1.297000,0.443254,-0.117478,-0.150752,0.037483,-0.009430,0.025991,5.744981,MOVE_JOINT
1.298000,0.443305,-0.117480,-0.150724,0.041518,-0.006705,0.026909,5.673675,MOVE_JOINT
1.299000,0.443354,-0.117483,-0.150694,0.043757,-0.005562,0.027699,5.596407,MOVE_JOINT
1.300000,0.443390,-0.117492,-0.150667,0.041869,-0.006187,0.027681,5.514365,MOVE_JOINT
1.301000,0.443433,-0.117506,-0.150635,0.041345,-0.009040,0.028691,5.428763,MOVE_JOINT
1.302000,0.443482,-0.117514,-0.150603,0.044098,-0.008372,0.029620,5.340832,MOVE_JOINT
1.303000,0.443533,-0.117518,-0.150571,0.046736,-0.006780,0.030609,5.251796,MOVE_JOINT
1.304000,0.443586,-0.117526,-0.150536,0.049357,-0.006409,0.032117,5.162847,MOVE_JOINT
1.305000,0.443631,-0.117540,-0.150503,0.048350,-0.008703,0.032715,5.075157,MOVE_JOINT
1.306000,0.443678,-0.117549,-0.150469,0.048289,-0.008474,0.033165,4.989883,MOVE_JOINT
1.307000,0.443731,-0.117561,-0.150432,0.049600,-0.009998,0.034227,4.908127,MOVE_JOINT
1.308000,0.443785,-0.117569,-0.150397,0.051223,-0.009264,0.034672,4.830883,MOVE_JOINT
1.309000,0.443843,-0.117579,-0.150359,0.053273,-0.009353,0.035679,4.758977,MOVE_JOINT
1.310000,0.443897,-0.117590,-0.150321,0.052931,-0.009586,0.036068,4.693023,MOVE_JOINT
1.311000,0.443952,-0.117606,-0.150280,0.053960,-0.011519,0.037613,4.633443,MOVE_JOINT
1.312000,0.444004,-0.117616,-0.150243,0.052858,-0.010972,0.037280,4.580517,MOVE_JOINT
1.313000,0.444063,-0.117624,-0.150204,0.054586,-0.010347,0.037961,4.534421,MOVE_JOINT
1.314000,0.444124,-0.117634,-0.150165,0.056549,-0.009808,0.038318,4.495208,MOVE_JOINT
1.315000,0.444188,-0.117648,-0.150121,0.059175,-0.011269,0.039951,4.462785,MOVE_JOINT
1.316000,0.444253,-0.117663,-0.150075,0.060952,-0.012402,0.041915,4.436938,MOVE_JOINT
1.317000,0.444307,-0.117678,-0.150036,0.058035,-0.013417,0.040722,4.417417,MOVE_JOINT
1.318000,0.444369,-0.117692,-0.149992,0.058643,-0.013870,0.041522,4.403967,MOVE_JOINT
1.319000,0.444430,-0.117705,-0.149949,0.059990,-0.013136,0.041850,4.396272,MOVE_JOINT
1.320000,0.444505,-0.117712,-0.149903,0.065763,-0.010590,0.043494,4.393905,MOVE_JOINT
1.321000,0.444572,-0.117723,-0.149860,0.066801,-0.011017,0.043865,4.396383,MOVE_JOINT
1.322000,0.444622,-0.117743,-0.149819,0.061241,-0.013784,0.042628,4.403217,MOVE_JOINT
1.323000,0.444680,-0.117765,-0.149774,0.059104,-0.016794,0.042961,4.413897,MOVE_JOINT
1.324000,0.444738,-0.117778,-0.149733,0.058599,-0.015857,0.042321,4.427829,MOVE_JOINT
1.325000,0.444807,-0.117786,-0.149688,0.061100,-0.013419,0.042684,4.444293,MOVE_JOINT
1.326000,0.444873,-0.117797,-0.149644,0.062314,-0.012907,0.042765,4.462473,MOVE_JOINT
1.327000,0.444934,-0.117813,-0.149599,0.062200,-0.014124,0.043974,4.481530,MOVE_JOINT
1.328000,0.444996,-0.117834,-0.149552,0.062265,-0.016363,0.044787,4.500726,MOVE_JOINT
1.329000,0.445064,-0.117846,-0.149506,0.065162,-0.015009,0.045710,4.519530,MOVE_JOINT
1.330000,0.445132,-0.117857,-0.149462,0.066673,-0.013732,0.045577,4.537651,MOVE_JOINT
1.331000,0.445207,-0.117866,-0.149415,0.069072,-0.012214,0.045650,4.554960,MOVE_JOINT
1.332000,0.445271,-0.117887,-0.149370,0.067915,-0.015209,0.045827,4.571369,MOVE_JOINT
1.333000,0.445329,-0.117905,-0.149325,0.064512,-0.016268,0.045367,4.586742,MOVE_JOINT
1.334000,0.445387,-0.117922,-0.149282,0.061777,-0.016695,0.044445,4.600858,MOVE_JOINT
1.335000,0.445467,-0.117929,-0.149232,0.067265,-0.013427,0.046369,4.613420,MOVE_JOINT
1.336000,0.445548,-0.117928,-0.149184,0.071559,-0.008569,0.046473,4.624131,MOVE_JOINT
1.337000,0.445625,-0.117935,-0.149136,0.073001,-0.008280,0.046821,4.632818,MOVE_JOINT
1.338000,0.445688,-0.117957,-0.149090,0.069474,-0.012706,0.046634,4.639506,MOVE_JOINT
1.339000,0.445748,-0.117980,-0.149046,0.065737,-0.016038,0.045629,4.644342,MOVE_JOINT
1.340000,0.445812,-0.117992,-0.149002,0.065358,-0.015057,0.044980,4.647444,MOVE_JOINT
1.341000,0.445881,-0.118000,-0.148960,0.066847,-0.012496,0.044467,4.648745,MOVE_JOINT
1.342000,0.445952,-0.118001,-0.148915,0.068625,-0.008836,0.044508,4.647958,MOVE_JOINT
1.343000,0.446021,-0.118004,-0.148873,0.068980,-0.006765,0.043892,4.644683,MOVE_JOINT
1.344000,0.446094,-0.118014,-0.148827,0.069950,-0.007738,0.044448,4.638570,MOVE_JOINT
1.345000,0.446164,-0.118034,-0.148778,0.070307,-0.011807,0.046023,4.629439,MOVE_JOINT
1.346000,0.446224,-0.118052,-0.148734,0.066323,-0.013956,0.045144,4.617323,MOVE_JOINT
1.347000,0.446288,-0.118063,-0.148689,0.065857,-0.012486,0.044988,4.602405,MOVE_JOINT
1.348000,0.446358,-0.118068,-0.148643,0.067431,-0.010149,0.045535,4.584929,MOVE_JOINT
1.349000,0.446433,-0.118072,-0.148594,0.069618,-0.007925,0.046554,4.565195,MOVE_JOINT
1.350000,0.446514,-0.118077,-0.148543,0.073954,-0.006799,0.047931,4.543687,MOVE_JOINT
1.351000,0.446583,-0.118093,-0.148497,0.072849,-0.009530,0.047703,4.521175,MOVE_JOINT
1.352000,0.446651,-0.118108,-0.148451,0.071433,-0.011043,0.047313,4.498624,MOVE_JOINT
1.353000,0.446712,-0.118121,-0.148407,0.067614,-0.012068,0.046404,4.476936,MOVE_JOINT
1.354000,0.446776,-0.118133,-0.148360,0.065959,-0.011922,0.046338,4.456731,MOVE_JOINT
1.355000,0.446845,-0.118139,-0.148314,0.066765,-0.010190,0.046215,4.438281,MOVE_JOINT
1.356000,0.446930,-0.118144,-0.148261,0.072749,-0.008012,0.048480,4.421646,MOVE_JOINT
1.357000,0.447006,-0.118152,-0.148212,0.074952,-0.008214,0.049119,4.406888,MOVE_JOINT
1.358000,0.447071,-0.118168,-0.148165,0.072354,-0.010609,0.048994,4.394226,MOVE_JOINT
1.359000,0.447135,-0.118184,-0.148117,0.069576,-0.012482,0.048357,4.384017,MOVE_JOINT
1.360000,0.447201,-0.118194,-0.148071,0.068059,-0.011827,0.047675,4.376595,MOVE_JOINT
1.361000,0.447267,-0.118200,-0.148025,0.068131,-0.009830,0.047438,4.372133,MOVE_JOINT
1.362000,0.447342,-0.118209,-0.147975,0.070530,-0.009069,0.048389,4.370629,MOVE_JOINT
1.363000,0.447413,-0.118222,-0.147928,0.071426,-0.010166,0.048372,4.371993,MOVE_JOINT
1.364000,0.447492,-0.118229,-0.147878,0.073587,-0.009100,0.048592,4.376110,MOVE_JOINT
1.365000,0.447558,-0.118240,-0.147832,0.070968,-0.009971,0.047561,4.382825,MOVE_JOINT
1.366000,0.447621,-0.118255,-0.147785,0.068092,-0.011420,0.047381,4.391885,MOVE_JOINT
1.367000,0.447688,-0.118265,-0.147739,0.067463,-0.010954,0.047119,4.402918,MOVE_JOINT
1.368000,0.447762,-0.118273,-0.147689,0.070606,-0.010149,0.048409,4.415490,MOVE_JOINT
1.369000,0.447841,-0.118279,-0.147639,0.072841,-0.008440,0.048789,4.429199,MOVE_JOINT
1.370000,0.447917,-0.118291,-0.147589,0.074123,-0.009267,0.049099,4.443776,MOVE_JOINT
1.371000,0.447987,-0.118303,-0.147540,0.073455,-0.009885,0.049428,4.459112,MOVE_JOINT
1.372000,0.448055,-0.118317,-0.147490,0.071940,-0.011334,0.049486,4.475208,MOVE_JOINT
1.373000,0.448128,-0.118323,-0.147443,0.072183,-0.009624,0.048987,4.492122,MOVE_JOINT
1.374000,0.448202,-0.118339,-0.147393,0.072851,-0.011250,0.049080,4.509902,MOVE_JOINT
1.375000,0.448276,-0.118352,-0.147341,0.072573,-0.012097,0.049672,4.528516,MOVE_JOINT
1.376000,0.448347,-0.118360,-0.147295,0.072442,-0.010809,0.048588,4.547828,MOVE_JOINT
1.377000,0.448422,-0.118371,-0.147246,0.073220,-0.011128,0.048829,4.567606,MOVE_JOINT
1.378000,0.448488,-0.118379,-0.147201,0.071322,-0.009991,0.047948,4.587525,MOVE_JOINT
1.379000,0.448555,-0.118397,-0.147151,0.070365,-0.012862,0.048640,4.607181,MOVE_JOINT
1.380000,0.448624,-0.118408,-0.147103,0.069770,-0.011678,0.048479,4.626154,MOVE_JOINT
1.381000,0.448695,-0.118417,-0.147056,0.070286,-0.010893,0.048279,4.644073,MOVE_JOINT
1.382000,0.448765,-0.118432,-0.147007,0.070192,-0.012410,0.048378,4.660646,MOVE_JOINT
1.383000,0.448832,-0.118442,-0.146961,0.069543,-0.011404,0.047712,4.675635,MOVE_JOINT
1.384000,0.448896,-0.118454,-0.146917,0.067849,-0.011244,0.046486,4.688801,MOVE_JOINT
1.385000,0.448967,-0.118467,-0.146870,0.068601,-0.011795,0.047002,4.699853,MOVE_JOINT
1.386000,0.449033,-0.118478,-0.146824,0.068823,-0.010926,0.046620,4.708425,MOVE_JOINT
1.387000,0.449101,-0.118490,-0.146776,0.068582,-0.011164,0.046909,4.714123,MOVE_JOINT
1.388000,0.449165,-0.118506,-0.146732,0.065993,-0.012439,0.045442,4.716578,MOVE_JOINT
1.389000,0.449233,-0.118519,-0.146686,0.067296,-0.012851,0.046055,4.715454,MOVE_JOINT
1.390000,0.449301,-0.118529,-0.146641,0.067801,-0.011748,0.045924,4.710450,MOVE_JOINT
1.391000,0.449368,-0.118541,-0.146596,0.068932,-0.011387,0.046210,4.701337,MOVE_JOINT
1.392000,0.449430,-0.118552,-0.146553,0.066610,-0.012212,0.045296,4.688009,MOVE_JOINT
1.393000,0.449499,-0.118566,-0.146505,0.067608,-0.012758,0.046135,4.670484,MOVE_JOINT
1.394000,0.449563,-0.118578,-0.146462,0.065882,-0.012012,0.044962,4.648894,MOVE_JOINT
1.395000,0.449631,-0.118589,-0.146416,0.066231,-0.012013,0.045350,4.623471,MOVE_JOINT
1.396000,0.449697,-0.118602,-0.146372,0.065885,-0.012415,0.044700,4.594541,MOVE_JOINT
1.397000,0.449766,-0.118617,-0.146325,0.067049,-0.013483,0.045818,4.562499,MOVE_JOINT
1.398000,0.449825,-0.118625,-0.146286,0.063665,-0.011569,0.043373,4.527789,MOVE_JOINT
1.399000,0.449890,-0.118641,-0.146239,0.064228,-0.013370,0.044489,4.490884,MOVE_JOINT
1.400000,0.449950,-0.118654,-0.146196,0.062867,-0.012922,0.043830,4.452268,MOVE_JOINT
1.401000,0.450012,-0.118663,-0.146153,0.063519,-0.011341,0.044041,4.412463,MOVE_JOINT
1.402000,0.450068,-0.118677,-0.146113,0.061595,-0.012675,0.043116,4.372049,MOVE_JOINT
1.403000,0.450133,-0.118687,-0.146071,0.063129,-0.011989,0.043427,4.331639,MOVE_JOINT
1.404000,0.450195,-0.118699,-0.146028,0.062751,-0.012047,0.043238,4.291825,MOVE_JOINT
1.405000,0.450250,-0.118709,-0.145989,0.060254,-0.011536,0.041548,4.253136,MOVE_JOINT
1.406000,0.450307,-0.118719,-0.145951,0.058684,-0.010710,0.040465,4.215982,MOVE_JOINT
1.407000,0.450369,-0.118735,-0.145908,0.060071,-0.012268,0.041389,4.180598,MOVE_JOINT
1.408000,0.450432,-0.118743,-0.145865,0.060720,-0.010979,0.041795,4.147070,MOVE_JOINT
1.409000,0.450494,-0.118756,-0.145822,0.061543,-0.011327,0.042135,4.115452,MOVE_JOINT
1.410000,0.450552,-0.118764,-0.145782,0.060341,-0.010154,0.041316,4.085884,MOVE_JOINT
1.411000,0.450617,-0.118777,-0.145738,0.061684,-0.010569,0.042118,4.058611,MOVE_JOINT
1.412000,0.450677,-0.118790,-0.145697,0.060653,-0.011249,0.041685,4.033945,MOVE_JOINT
1.413000,0.450739,-0.118799,-0.145654,0.059923,-0.011074,0.041762,4.012220,MOVE_JOINT
1.414000,0.450803,-0.118810,-0.145612,0.061506,-0.011019,0.041861,3.993755,MOVE_JOINT
1.415000,0.450865,-0.118821,-0.145570,0.061766,-0.011182,0.041951,3.978812,MOVE_JOINT
1.416000,0.450928,-0.118828,-0.145529,0.061719,-0.010091,0.041620,3.967554,MOVE_JOINT
1.417000,0.450989,-0.118839,-0.145488,0.060813,-0.010182,0.041132,3.960028,MOVE_JOINT
1.418000,0.451050,-0.118848,-0.145447,0.060710,-0.010149,0.040770,3.956153,MOVE_JOINT
1.419000,0.451113,-0.118854,-0.145406,0.062174,-0.008783,0.041301,3.955723,MOVE_JOINT
1.420000,0.451170,-0.118868,-0.145365,0.061063,-0.010216,0.041241,3.958445,MOVE_JOINT
1.421000,0.451228,-0.118878,-0.145326,0.060038,-0.010154,0.040663,3.963998,MOVE_JOINT
1.422000,0.451282,-0.118886,-0.145291,0.058412,-0.009800,0.038959,3.972047,MOVE_JOINT
1.423000,0.451344,-0.118894,-0.145250,0.059889,-0.009274,0.039841,3.982184,MOVE_JOINT
1.424000,0.451403,-0.118902,-0.145212,0.059561,-0.008861,0.039561,3.993896,MOVE_JOINT
1.425000,0.451465,-0.118910,-0.145172,0.060246,-0.008743,0.039735,4.006642,MOVE_JOINT
1.426000,0.451521,-0.118918,-0.145135,0.059712,-0.008129,0.039267,4.019928,MOVE_JOINT
1.427000,0.451583,-0.118927,-0.145096,0.060889,-0.008611,0.039519,4.033322,MOVE_JOINT
1.428000,0.451638,-0.118936,-0.145061,0.059678,-0.008466,0.038549,4.046420,MOVE_JOINT
1.429000,0.451695,-0.118942,-0.145025,0.058791,-0.007759,0.037678,4.058806,MOVE_JOINT
1.430000,0.451755,-0.118951,-0.144987,0.059375,-0.007903,0.037803,4.070012,MOVE_JOINT
1.431000,0.451811,-0.118960,-0.144951,0.058261,-0.008541,0.037182,4.079535,MOVE_JOINT
1.432000,0.451872,-0.118966,-0.144913,0.059116,-0.007770,0.037234,4.086878,MOVE_JOINT
1.433000,0.451925,-0.118977,-0.144879,0.057348,-0.008295,0.036330,4.091598,MOVE_JOINT
1.434000,0.451983,-0.118983,-0.144843,0.056846,-0.008113,0.035936,4.093333,MOVE_JOINT
1.435000,0.452043,-0.118991,-0.144805,0.057997,-0.008110,0.036646,4.091818,MOVE_JOINT
1.436000,0.452093,-0.118999,-0.144774,0.055493,-0.007973,0.034922,4.086913,MOVE_JOINT
1.437000,0.452151,-0.119003,-0.144739,0.056361,-0.007493,0.035194,4.078606,MOVE_JOINT
1.438000,0.452197,-0.119008,-0.144711,0.053368,-0.006802,0.033079,4.066965,MOVE_JOINT
1.439000,0.452253,-0.119015,-0.144675,0.054395,-0.006892,0.033912,4.052085,MOVE_JOINT
1.440000,0.452302,-0.119022,-0.144644,0.052076,-0.006651,0.032649,4.034080,MOVE_JOINT
1.441000,0.452348,-0.119029,-0.144615,0.049999,-0.007335,0.031715,4.013122,MOVE_JOINT
1.442000,0.452397,-0.119035,-0.144583,0.049773,-0.006698,0.031585,3.989441,MOVE_JOINT
1.443000,0.452449,-0.119042,-0.144551,0.049792,-0.006779,0.031675,3.963320,MOVE_JOINT
1.444000,0.452501,-0.119047,-0.144518,0.050117,-0.006658,0.031985,3.935120,MOVE_JOINT
1.445000,0.452550,-0.119054,-0.144486,0.050085,-0.006784,0.032068,3.905330,MOVE_JOINT
1.446000,0.452598,-0.119060,-0.144456,0.048692,-0.006594,0.031299,3.874565,MOVE_JOINT
1.447000,0.452648,-0.119063,-0.144425,0.049300,-0.005631,0.031159,3.843517,MOVE_JOINT
1.448000,0.452700,-0.119074,-0.144390,0.050949,-0.007100,0.032598,3.812893,MOVE_JOINT
1.449000,0.452746,-0.119079,-0.144361,0.049374,-0.006609,0.031497,3.783393,MOVE_JOINT
1.450000,0.452791,-0.119085,-0.144332,0.048761,-0.006493,0.031242,3.755705,MOVE_JOINT
1.451000,0.452841,-0.119093,-0.144301,0.049175,-0.006673,0.031111,3.730440,MOVE_JOINT
1.452000,0.452889,-0.119099,-0.144271,0.048745,-0.006413,0.030878,3.708064,MOVE_JOINT
1.453000,0.452939,-0.119105,-0.144239,0.049612,-0.006590,0.031273,3.688883,MOVE_JOINT
1.454000,0.452983,-0.119109,-0.144212,0.047701,-0.006005,0.029996,3.673068,MOVE_JOINT
1.455000,0.453036,-0.119120,-0.144177,0.049059,-0.007682,0.031245,3.660677,MOVE_JOINT
1.456000,0.453080,-0.119125,-0.144150,0.047761,-0.006616,0.030322,3.651685,MOVE_JOINT
1.457000,0.453126,-0.119130,-0.144122,0.047317,-0.006088,0.029495,3.646009,MOVE_JOINT
1.458000,0.453168,-0.119136,-0.144095,0.045753,-0.005741,0.028608,3.643496,MOVE_JOINT
1.459000,0.453216,-0.119143,-0.144065,0.046508,-0.006321,0.029192,3.643878,MOVE_JOINT
1.460000,0.453260,-0.119151,-0.144036,0.045979,-0.006938,0.029128,3.646799,MOVE_JOINT
1.461000,0.453301,-0.119157,-0.144009,0.044737,-0.006798,0.028601,3.651888,MOVE_JOINT
1.462000,0.453343,-0.119163,-0.143983,0.044031,-0.006268,0.027959,3.658810,MOVE_JOINT
1.463000,0.453381,-0.119170,-0.143959,0.042465,-0.006573,0.026756,3.667243,MOVE_JOINT
1.464000,0.453422,-0.119175,-0.143934,0.042041,-0.006161,0.026432,3.676822,MOVE_JOINT
1.465000,0.453463,-0.119181,-0.143908,0.042071,-0.006273,0.026338,3.687103,MOVE_JOINT
1.466000,0.453502,-0.119190,-0.143883,0.041239,-0.007357,0.026147,3.697590,MOVE_JOINT
1.467000,0.453546,-0.119196,-0.143855,0.042623,-0.006817,0.026790,3.707816,MOVE_JOINT
1.468000,0.453589,-0.119203,-0.143829,0.042817,-0.006703,0.026532,3.717417,MOVE_JOINT
1.469000,0.453626,-0.119210,-0.143805,0.041202,-0.006819,0.025877,3.726161,MOVE_JOINT
1.470000,0.453664,-0.119213,-0.143782,0.040100,-0.005843,0.025024,3.733920,MOVE_JOINT
1.471000,0.453706,-0.119225,-0.143754,0.040524,-0.007340,0.025655,3.740619,MOVE_JOINT
1.472000,0.453746,-0.119231,-0.143730,0.040423,-0.006712,0.025303,3.746222,MOVE_JOINT
1.473000,0.453789,-0.119238,-0.143702,0.041395,-0.006800,0.026197,3.750754,MOVE_JOINT
1.474000,0.453828,-0.119248,-0.143677,0.040960,-0.007918,0.025992,3.754325,MOVE_JOINT
1.475000,0.453866,-0.119255,-0.143653,0.040204,-0.007126,0.025419,3.757141,MOVE_JOINT
1.476000,0.453904,-0.119264,-0.143628,0.039938,-0.007799,0.025482,3.759452,MOVE_JOINT
1.477000,0.453944,-0.119269,-0.143603,0.039254,-0.006694,0.024920,3.761500,MOVE_JOINT
1.478000,0.453983,-0.119280,-0.143578,0.039252,-0.007513,0.024779,3.763483,MOVE_JOINT
1.479000,0.454018,-0.119284,-0.143556,0.038215,-0.006593,0.024132,3.765540,MOVE_JOINT
1.480000,0.454058,-0.119293,-0.143530,0.038312,-0.007463,0.024475,3.767734,MOVE_JOINT
1.481000,0.454091,-0.119301,-0.143509,0.037725,-0.007529,0.023862,3.770073,MOVE_JOINT
1.482000,0.454127,-0.119309,-0.143485,0.036894,-0.007744,0.023533,3.772526,MOVE_JOINT
1.483000,0.454163,-0.119318,-0.143462,0.035811,-0.008360,0.023051,3.775024,MOVE_JOINT
1.484000,0.454200,-0.119323,-0.143439,0.036814,-0.007402,0.023421,3.777458,MOVE_JOINT
1.485000,0.454233,-0.119331,-0.143418,0.035418,-0.007845,0.022648,3.779704,MOVE_JOINT
1.486000,0.454264,-0.119335,-0.143399,0.033475,-0.006759,0.021104,3.781639,MOVE_JOINT
1.487000,0.454295,-0.119343,-0.143379,0.032977,-0.007965,0.021079,3.783092,MOVE_JOINT
1.488000,0.454328,-0.119346,-0.143360,0.033033,-0.006192,0.020485,3.783817,MOVE_JOINT
1.489000,0.454356,-0.119352,-0.143343,0.030920,-0.006154,0.019520,3.783506,MOVE_JOINT
1.490000,0.454394,-0.119356,-0.143319,0.033343,-0.004987,0.020672,3.781846,MOVE_JOINT
1.491000,0.454423,-0.119362,-0.143302,0.031401,-0.005186,0.019318,3.778595,MOVE_JOINT
1.492000,0.454453,-0.119370,-0.143282,0.031454,-0.005590,0.019444,3.773618,MOVE_JOINT
1.493000,0.454485,-0.119372,-0.143264,0.031630,-0.004307,0.019234,3.766864,MOVE_JOINT
1.494000,0.454514,-0.119377,-0.143246,0.031332,-0.004200,0.018933,3.758343,MOVE_JOINT
1.495000,0.454546,-0.119382,-0.143228,0.031454,-0.004693,0.018696,3.748113,MOVE_JOINT
1.496000,0.454574,-0.119384,-0.143212,0.029825,-0.004185,0.017866,3.736258,MOVE_JOINT
1.497000,0.454604,-0.119392,-0.143193,0.029168,-0.005016,0.017691,3.722851,MOVE_JOINT
1.498000,0.454637,-0.119396,-0.143174,0.031106,-0.004701,0.018521,3.707948,MOVE_JOINT
1.499000,0.454663,-0.119399,-0.143159,0.029388,-0.004225,0.017199,3.691624,MOVE_JOINT
1.500000,0.454698,-0.119402,-0.143138,0.029944,-0.004302,0.017882,3.673990,MOVE_JOINT
1.501000,0.454721,-0.119405,-0.143125,0.027587,-0.004251,0.016569,3.655189,MOVE_JOINT
1.502000,0.454758,-0.119407,-0.143103,0.029957,-0.003741,0.018026,3.635405,MOVE_JOINT
1.503000,0.454787,-0.119410,-0.143087,0.029326,-0.003950,0.017576,3.614892,MOVE_JOINT
1.504000,0.454816,-0.119415,-0.143070,0.029828,-0.004537,0.017871,3.594000,MOVE_JOINT
1.505000,0.454847,-0.119419,-0.143051,0.030762,-0.004790,0.018504,3.573161,MOVE_JOINT
1.506000,0.454877,-0.119418,-0.143034,0.030061,-0.003452,0.017763,3.552853,MOVE_JOINT
1.507000,0.454907,-0.119425,-0.143015,0.030298,-0.004459,0.018332,3.533568,MOVE_JOINT
1.508000,0.454937,-0.119426,-0.142998,0.030379,-0.003255,0.018032,3.515791,MOVE_JOINT
1.509000,0.454966,-0.119427,-0.142980,0.030590,-0.002129,0.018281,3.499988,MOVE_JOINT
1.510000,0.454990,-0.119429,-0.142966,0.028097,-0.001859,0.016668,3.486595,MOVE_JOINT
1.511000,0.455020,-0.119432,-0.142949,0.028488,-0.002179,0.016770,3.475974,MOVE_JOINT
1.512000,0.455047,-0.119433,-0.142933,0.027822,-0.002044,0.016377,3.468338,MOVE_JOINT
1.513000,0.455074,-0.119436,-0.142917,0.027527,-0.001976,0.016142,3.463724,MOVE_JOINT
1.514000,0.455099,-0.119442,-0.142901,0.026506,-0.003315,0.015941,3.462020,MOVE_JOINT
1.515000,0.455127,-0.119443,-0.142885,0.026759,-0.002416,0.015633,3.463019,MOVE_JOINT
1.516000,0.455153,-0.119444,-0.142870,0.026126,-0.001734,0.015155,3.466443,MOVE_JOINT
1.517000,0.455177,-0.119445,-0.142855,0.025618,-0.001550,0.015064,3.471969,MOVE_JOINT
1.518000,0.455201,-0.119447,-0.142841,0.024730,-0.000895,0.014477,3.479263,MOVE_JOINT
1.519000,0.455223,-0.119452,-0.142828,0.023052,-0.002507,0.013656,3.487999,MOVE_JOINT
1.520000,0.455246,-0.119452,-0.142815,0.023374,-0.001698,0.013680,3.497836,MOVE_JOINT
1.521000,0.455274,-0.119452,-0.142800,0.024238,-0.001203,0.013929,3.508398,MOVE_JOINT
1.522000,0.455294,-0.119454,-0.142788,0.022969,-0.001012,0.013191,3.519308,MOVE_JOINT
1.523000,0.455316,-0.119457,-0.142777,0.022559,-0.002110,0.012660,3.530216,MOVE_JOINT
1.524000,0.455339,-0.119460,-0.142763,0.022605,-0.002210,0.012876,3.540788,MOVE_JOINT
1.525000,0.455362,-0.119462,-0.142752,0.022685,-0.002788,0.012643,3.550685,MOVE_JOINT
1.526000,0.455383,-0.119466,-0.142739,0.022908,-0.002947,0.012942,3.559590,MOVE_JOINT
1.527000,0.455399,-0.119465,-0.142733,0.020785,-0.002336,0.010996,3.567227,MOVE_JOINT
1.528000,0.455426,-0.119469,-0.142717,0.022616,-0.002931,0.012394,3.573339,MOVE_JOINT
1.529000,0.455446,-0.119472,-0.142707,0.021766,-0.002721,0.011603,3.577675,MOVE_JOINT
1.530000,0.455464,-0.119474,-0.142697,0.020240,-0.002425,0.010920,3.580032,MOVE_JOINT
1.531000,0.455480,-0.119478,-0.142688,0.019325,-0.002763,0.010521,3.580278,MOVE_JOINT
1.532000,0.455501,-0.119481,-0.142676,0.020463,-0.003171,0.011173,3.578347,MOVE_JOINT
1.533000,0.455519,-0.119487,-0.142667,0.019666,-0.004010,0.010529,3.574254,MOVE_JOINT
1.534000,0.455542,-0.119484,-0.142656,0.019971,-0.002490,0.010650,3.568088,MOVE_JOINT
1.535000,0.455556,-0.119488,-0.142648,0.018222,-0.002489,0.009546,3.559992,MOVE_JOINT
1.536000,0.455582,-0.119492,-0.142635,0.020088,-0.002954,0.010833,3.550159,MOVE_JOINT
1.537000,0.455598,-0.119496,-0.142627,0.018269,-0.003300,0.009665,3.538833,MOVE_JOINT
1.538000,0.455616,-0.119499,-0.142617,0.018438,-0.003422,0.009871,3.526307,MOVE_JOINT
1.539000,0.455632,-0.119500,-0.142608,0.017680,-0.002442,0.009370,3.512897,MOVE_JOINT
1.540000,0.455652,-0.119507,-0.142595,0.018063,-0.004317,0.010014,3.498925,MOVE_JOINT
1.541000,0.455670,-0.119508,-0.142588,0.018176,-0.002887,0.009399,3.484722,MOVE_JOINT
1.542000,0.455682,-0.119510,-0.142581,0.015773,-0.002400,0.008146,3.470614,MOVE_JOINT
1.543000,0.455704,-0.119513,-0.142568,0.017567,-0.002494,0.009492,3.456880,MOVE_JOINT
1.544000,0.455718,-0.119518,-0.142561,0.016143,-0.002692,0.008561,3.443757,MOVE_JOINT
1.545000,0.455736,-0.119519,-0.142551,0.017037,-0.002152,0.009046,3.431483,MOVE_JOINT
1.546000,0.455751,-0.119522,-0.142543,0.016495,-0.002350,0.008637,3.420301,MOVE_JOINT
1.547000,0.455761,-0.119524,-0.142537,0.014094,-0.002219,0.007329,3.410429,MOVE_JOINT
1.548000,0.455780,-0.119526,-0.142526,0.015230,-0.002778,0.008539,3.402018,MOVE_JOINT
1.549000,0.455796,-0.119528,-0.142519,0.015116,-0.002229,0.008191,3.395162,MOVE_JOINT
1.550000,0.455808,-0.119530,-0.142511,0.014682,-0.002459,0.008192,3.389949,MOVE_JOINT
1.551000,0.455820,-0.119531,-0.142506,0.013493,-0.002224,0.007320,3.386480,MOVE_JOINT
1.552000,0.455834,-0.119535,-0.142498,0.014223,-0.002607,0.007831,3.384837,MOVE_JOINT
1.553000,0.455845,-0.119535,-0.142493,0.013189,-0.001634,0.006977,3.385040,MOVE_JOINT
1.554000,0.455860,-0.119536,-0.142485,0.014262,-0.001795,0.007415,3.387040,MOVE_JOINT
1.555000,0.455870,-0.119541,-0.142479,0.013263,-0.002262,0.007235,3.390727,MOVE_JOINT
1.556000,0.455882,-0.119538,-0.142474,0.012630,-0.000585,0.006368,3.395944,MOVE_JOINT
1.557000,0.455897,-0.119542,-0.142465,0.013753,-0.001688,0.007387,3.402508,MOVE_JOINT
1.558000,0.455906,-0.119543,-0.142462,0.012208,-0.001221,0.005891,3.410220,MOVE_JOINT
1.559000,0.455919,-0.119545,-0.142455,0.012222,-0.001559,0.006172,3.418863,MOVE_JOINT
1.560000,0.455927,-0.119548,-0.142450,0.011303,-0.002180,0.005972,3.428177,MOVE_JOINT
1.561000,0.455939,-0.119547,-0.142445,0.011754,-0.000897,0.005754,3.437875,MOVE_JOINT
1.562000,0.455947,-0.119551,-0.142440,0.010276,-0.002216,0.005362,3.447686,MOVE_JOINT
1.563000,0.455960,-0.119550,-0.142435,0.010604,-0.001201,0.004904,3.457354,MOVE_JOINT
1.564000,0.455968,-0.119549,-0.142432,0.009002,-0.000916,0.004113,3.466617,MOVE_JOINT
1.565000,0.455983,-0.119551,-0.142423,0.010925,-0.001112,0.005298,3.475199,MOVE_JOINT
1.566000,0.455990,-0.119553,-0.142420,0.009922,-0.000766,0.004708,3.482852,MOVE_JOINT
1.567000,0.456004,-0.119554,-0.142413,0.010767,-0.001015,0.005142,3.489417,MOVE_JOINT
1.568000,0.456014,-0.119554,-0.142408,0.010602,-0.000888,0.005314,3.494853,MOVE_JOINT
1.569000,0.456024,-0.119558,-0.142404,0.010058,-0.001876,0.004758,3.499223,MOVE_JOINT
1.570000,0.456035,-0.119559,-0.142398,0.010548,-0.001630,0.004924,3.502656,MOVE_JOINT
1.571000,0.456041,-0.119562,-0.142394,0.009751,-0.001868,0.004994,3.505296,MOVE_JOINT
1.572000,0.456052,-0.119563,-0.142389,0.010136,-0.001555,0.005007,3.507292,MOVE_JOINT
1.573000,0.456056,-0.119565,-0.142386,0.008306,-0.001947,0.004100,3.508811,MOVE_JOINT
1.574000,0.456070,-0.119567,-0.142379,0.009611,-0.002464,0.005080,3.510010,MOVE_JOINT
1.575000,0.456074,-0.119568,-0.142377,0.007420,-0.001790,0.003743,3.511015,MOVE_JOINT
1.576000,0.456083,-0.119568,-0.142372,0.007545,-0.000957,0.003951,3.511924,MOVE_JOINT
1.577000,0.456090,-0.119571,-0.142369,0.007503,-0.001321,0.003591,3.512811,MOVE_JOINT
1.578000,0.456096,-0.119573,-0.142365,0.006643,-0.001591,0.003664,3.513725,MOVE_JOINT
1.579000,0.456101,-0.119575,-0.142363,0.006072,-0.001274,0.002993,3.514694,MOVE_JOINT
1.580000,0.456112,-0.119574,-0.142358,0.007223,-0.000590,0.003360,3.515720,MOVE_JOINT
1.581000,0.456123,-0.119575,-0.142351,0.008347,-0.000705,0.004206,3.516791,MOVE_JOINT
1.582000,0.456131,-0.119576,-0.142348,0.008628,-0.000451,0.004140,3.517923,MOVE_JOINT
1.583000,0.456135,-0.119576,-0.142346,0.007228,-0.000317,0.003506,3.519200,MOVE_JOINT
1.584000,0.456142,-0.119579,-0.142342,0.007033,0.000091,0.003477,3.520755,MOVE_JOINT
1.585000,0.456150,-0.119578,-0.142339,0.006476,0.000318,0.002979,3.522717,MOVE_JOINT
1.586000,0.456153,-0.119582,-0.142337,0.006079,-0.000988,0.003045,3.525178,MOVE_JOINT
1.587000,0.456165,-0.119579,-0.142331,0.007592,0.000225,0.003618,3.528170,MOVE_JOINT
1.588000,0.456172,-0.119582,-0.142328,0.007686,-0.000498,0.003729,3.531690,MOVE_JOINT
1.589000,0.456176,-0.119584,-0.142326,0.006182,-0.000951,0.003112,3.535736,MOVE_JOINT
1.590000,0.456181,-0.119585,-0.142323,0.005783,-0.001036,0.002985,3.540306,MOVE_JOINT
1.591000,0.456189,-0.119583,-0.142319,0.006286,0.000301,0.002921,3.545368,MOVE_JOINT
1.592000,0.456198,-0.119583,-0.142314,0.007459,-0.000171,0.003766,3.550870,MOVE_JOINT
1.593000,0.456203,-0.119584,-0.142312,0.006760,-0.000608,0.003535,3.556779,MOVE_JOINT
1.594000,0.456207,-0.119586,-0.142310,0.006033,-0.001307,0.003296,3.563110,MOVE_JOINT
1.595000,0.456217,-0.119586,-0.142306,0.007519,-0.000594,0.003793,3.569906,MOVE_JOINT
1.596000,0.456223,-0.119587,-0.142302,0.007135,-0.000805,0.003590,3.577207,MOVE_JOINT
1.597000,0.456230,-0.119587,-0.142298,0.007486,-0.001057,0.004010,3.585038,MOVE_JOINT
1.598000,0.456236,-0.119586,-0.142296,0.006376,-0.001578,0.003618,3.593413,MOVE_JOINT
1.599000,0.456242,-0.119587,-0.142293,0.006361,-0.001498,0.003528,3.602337,MOVE_JOINT
1.600000,0.456244,-0.119585,-0.142293,0.005075,-0.000427,0.002559,3.611783,MOVE_JOINT
1.601000,0.456249,-0.119588,-0.142290,0.004679,-0.001351,0.002767,3.621661,MOVE_JOINT
1.602000,0.456258,-0.119584,-0.142286,0.006321,0.000007,0.003035,3.631821,MOVE_JOINT
1.603000,0.456265,-0.119584,-0.142283,0.006604,0.000404,0.003096,3.642091,MOVE_JOINT
1.604000,0.456274,-0.119586,-0.142278,0.007775,-0.000538,0.003877,3.652326,MOVE_JOINT
1.605000,0.456277,-0.119587,-0.142277,0.006276,-0.000706,0.002965,3.662429,MOVE_JOINT
1.606000,0.456278,-0.119587,-0.142278,0.004676,-0.000277,0.001797,3.672322,MOVE_JOINT
1.607000,0.456286,-0.119589,-0.142273,0.006579,-0.000860,0.003130,3.681886,MOVE_JOINT
1.608000,0.456295,-0.119588,-0.142268,0.007109,-0.000470,0.003491,3.690960,MOVE_JOINT
1.609000,0.456294,-0.119589,-0.142270,0.004330,-0.000605,0.001834,3.699414,MOVE_JOINT
1.610000,0.456298,-0.119589,-0.142267,0.004027,-0.000328,0.002005,3.707170,MOVE_JOINT
1.611000,0.456306,-0.119591,-0.142263,0.004382,-0.001177,0.002350,3.714157,MOVE_JOINT
1.612000,0.456309,-0.119589,-0.142263,0.004275,0.000233,0.001526,3.720304,MOVE_JOINT
1.613000,0.456316,-0.119590,-0.142259,0.004943,-0.000608,0.002488,3.725543,MOVE_JOINT
1.614000,0.456322,-0.119588,-0.142258,0.005587,0.000104,0.002191,3.729824,MOVE_JOINT
1.615000,0.456331,-0.119594,-0.142252,0.007271,-0.002061,0.003811,3.733138,MOVE_JOINT
1.616000,0.456329,-0.119593,-0.142254,0.004590,-0.000987,0.001988,3.735536,MOVE_JOINT
1.617000,0.456331,-0.119597,-0.142252,0.004065,-0.001987,0.001941,3.737109,MOVE_JOINT
1.618000,0.456335,-0.119598,-0.142250,0.003816,-0.002012,0.002066,3.737917,MOVE_JOINT
1.619000,0.456343,-0.119600,-0.142245,0.004961,-0.002224,0.002884,3.737979,MOVE_JOINT
1.620000,0.456349,-0.119599,-0.142243,0.005628,-0.001762,0.002727,3.737327,MOVE_JOINT
1.621000,0.456354,-0.119599,-0.142242,0.006036,-0.001235,0.002829,3.736046,MOVE_JOINT
1.622000,0.456356,-0.119604,-0.142239,0.005757,-0.002165,0.003170,3.734259,MOVE_JOINT
1.623000,0.456359,-0.119599,-0.142237,0.005609,-0.000498,0.002956,3.732117,MOVE_JOINT
1.624000,0.456362,-0.119601,-0.142237,0.004746,-0.000674,0.002186,3.729801,MOVE_JOINT
1.625000,0.456366,-0.119604,-0.142235,0.004544,-0.001406,0.002146,3.727487,MOVE_JOINT
1.626000,0.456368,-0.119606,-0.142233,0.004123,-0.001486,0.002236,3.725270,MOVE_JOINT
1.627000,0.456372,-0.119606,-0.142231,0.003214,-0.001058,0.001688,3.723163,MOVE_JOINT
1.628000,0.456378,-0.119605,-0.142228,0.004111,-0.000882,0.002028,3.721120,MOVE_JOINT
1.629000,0.456381,-0.119606,-0.142227,0.003328,-0.000559,0.001454,3.719068,MOVE_JOINT
1.630000,0.456389,-0.119610,-0.142223,0.005010,-0.001809,0.002770,3.716914,MOVE_JOINT
1.631000,0.456389,-0.119611,-0.142222,0.003483,-0.001248,0.001906,3.714577,MOVE_JOINT
1.632000,0.456391,-0.119613,-0.142221,0.003008,-0.001362,0.001432,3.712007,MOVE_JOINT
1.633000,0.456395,-0.119615,-0.142219,0.002928,-0.001632,0.001685,3.709165,MOVE_JOINT
1.634000,0.456400,-0.119614,-0.142217,0.003372,-0.001159,0.001779,3.706001,MOVE_JOINT
1.635000,0.456400,-0.119616,-0.142216,0.002774,-0.001426,0.001975,3.702468,MOVE_JOINT
1.636000,0.456401,-0.119616,-0.142216,0.003191,-0.000953,0.002055,3.698573,MOVE_JOINT
1.637000,0.456402,-0.119618,-0.142215,0.002046,-0.001086,0.001341,3.694392,MOVE_JOINT
1.638000,0.456406,-0.119617,-0.142213,0.002949,-0.000526,0.001654,3.690035,MOVE_JOINT
1.639000,0.456409,-0.119615,-0.142213,0.003038,0.000537,0.001278,3.685603,MOVE_JOINT
1.640000,0.456408,-0.119621,-0.142213,0.002170,-0.001345,0.001020,3.681148,MOVE_JOINT
1.641000,0.456413,-0.119623,-0.142209,0.003248,-0.001704,0.002145,3.676677,MOVE_JOINT
1.642000,0.456416,-0.119621,-0.142208,0.002852,-0.000831,0.001504,3.672170,MOVE_JOINT
1.643000,0.456415,-0.119625,-0.142207,0.001810,-0.001767,0.001499,3.667631,MOVE_JOINT
1.644000,0.456418,-0.119624,-0.142205,0.001876,-0.000775,0.001337,3.663098,MOVE_JOINT
1.645000,0.456417,-0.119628,-0.142206,0.000870,-0.002085,0.000757,3.658615,MOVE_JOINT
1.646000,0.456422,-0.119628,-0.142204,0.001272,-0.001504,0.000990,3.654203,MOVE_JOINT
1.647000,0.456424,-0.119626,-0.142203,0.001072,-0.000529,0.000601,3.649835,MOVE_JOINT
1.648000,0.456421,-0.119631,-0.142204,-0.000124,-0.002206,-0.000093,3.645446,MOVE_JOINT
1.649000,0.456422,-0.119630,-0.142203,-0.000288,-0.001466,0.000075,3.640925,MOVE_JOINT
1.650000,0.456431,-0.119629,-0.142199,0.001738,-0.001004,0.000919,3.636127,MOVE_JOINT
1.651000,0.456433,-0.119634,-0.142197,0.001598,-0.002275,0.001366,3.630942,MOVE_JOINT
1.652000,0.456429,-0.119633,-0.142200,-0.000555,-0.001375,-0.000258,3.625370,MOVE_JOINT
1.653000,0.456431,-0.119635,-0.142199,-0.000016,-0.001629,0.000130,3.619480,MOVE_JOINT
1.654000,0.456432,-0.119636,-0.142198,0.000479,-0.001520,0.000359,3.613332,MOVE_JOINT
1.655000,0.456437,-0.119639,-0.142195,0.001927,-0.001849,0.001098,3.606968,MOVE_JOINT
1.656000,0.456441,-0.119644,-0.142193,0.002217,-0.002825,0.001474,3.600454,MOVE_JOINT
1.657000,0.456441,-0.119641,-0.142193,0.002370,-0.001334,0.001216,3.593921,MOVE_JOINT
1.658000,0.456444,-0.119642,-0.142191,0.003380,-0.001447,0.001756,3.587550,MOVE_JOINT
1.659000,0.456445,-0.119648,-0.142190,0.003138,-0.002564,0.001730,3.581550,MOVE_JOINT
1.660000,0.456445,-0.119649,-0.142189,0.001741,-0.002496,0.001331,3.576130,MOVE_JOINT
1.661000,0.456448,-0.119652,-0.142187,0.002452,-0.002632,0.001736,3.571471,MOVE_JOINT
1.662000,0.456450,-0.119651,-0.142187,0.001830,-0.001305,0.000919,3.567722,MOVE_JOINT
1.663000,0.456448,-0.119655,-0.142187,0.000647,-0.001988,0.000462,3.564970,MOVE_JOINT
1.664000,0.456450,-0.119658,-0.142185,0.000280,-0.002621,0.000598,3.563218,MOVE_JOINT
1.665000,0.456452,-0.119661,-0.142183,0.000345,-0.003350,0.000838,3.562375,MOVE_JOINT
1.666000,0.456456,-0.119660,-0.142182,0.001699,-0.002317,0.001058,3.562309,MOVE_JOINT
1.667000,0.456454,-0.119665,-0.142182,0.000975,-0.002884,0.000977,3.562894,MOVE_JOINT
1.668000,0.456454,-0.119671,-0.142182,0.000666,-0.004049,0.000967,3.564027,MOVE_JOINT
1.669000,0.456456,-0.119674,-0.142179,0.000968,-0.003912,0.001408,3.565631,MOVE_JOINT
1.670000,0.456459,-0.119677,-0.142178,0.001113,-0.003408,0.001447,3.567659,MOVE_JOINT
1.671000,0.456455,-0.119682,-0.142179,-0.000631,-0.003790,0.000480,3.570122,MOVE_JOINT
1.672000,0.456460,-0.119687,-0.142176,0.000756,-0.004123,0.001417,3.573065,MOVE_JOINT
1.673000,0.456461,-0.119692,-0.142175,0.000975,-0.004301,0.001202,3.576542,MOVE_JOINT
1.674000,0.456460,-0.119696,-0.142176,0.000871,-0.004168,0.000944,3.580586,MOVE_JOINT
1.675000,0.456461,-0.119701,-0.142174,0.001038,-0.004597,0.001178,3.585205,MOVE_JOINT
1.676000,0.456461,-0.119702,-0.142174,0.000827,-0.003528,0.000819,3.590361,MOVE_JOINT
1.677000,0.456464,-0.119705,-0.142172,0.001057,-0.003250,0.000998,3.595994,MOVE_JOINT
1.678000,0.456460,-0.119712,-0.142172,-0.000418,-0.004085,0.000380,3.602043,MOVE_JOINT
1.679000,0.456459,-0.119715,-0.142173,-0.000146,-0.003772,0.000121,3.608446,MOVE_JOINT
1.680000,0.456456,-0.119719,-0.142175,-0.001441,-0.004565,-0.000394,3.615102,MOVE_JOINT
1.681000,0.456460,-0.119721,-0.142172,0.000480,-0.003739,0.000662,3.621852,MOVE_JOINT
1.682000,0.456457,-0.119728,-0.142174,-0.000905,-0.004981,-0.000142,3.628513,MOVE_JOINT
1.683000,0.456459,-0.119730,-0.142171,0.000217,-0.003794,0.000530,3.634933,MOVE_JOINT
1.684000,0.456458,-0.119736,-0.142172,-0.000217,-0.004202,0.000019,3.641005,MOVE_JOINT
1.685000,0.456455,-0.119740,-0.142172,-0.001371,-0.004432,-0.000010,3.646670,MOVE_JOINT
1.686000,0.456455,-0.119745,-0.142171,-0.000782,-0.004029,0.000055,3.651904,MOVE_JOINT
1.687000,0.456454,-0.119752,-0.142171,-0.000461,-0.004751,0.000348,3.656718,MOVE_JOINT
1.688000,0.456452,-0.119756,-0.142172,-0.000730,-0.005050,0.000100,3.661146,MOVE_JOINT
1.689000,0.456451,-0.119760,-0.142172,-0.000666,-0.004450,-0.000069,3.665233,MOVE_JOINT
1.690000,0.456448,-0.119761,-0.142173,-0.001265,-0.003792,-0.000442,3.668997,MOVE_JOINT
1.691000,0.456450,-0.119769,-0.142171,-0.000241,-0.004940,0.000254,3.672422,MOVE_JOINT
1.692000,0.456445,-0.119770,-0.142174,-0.001392,-0.003724,-0.000625,3.675474,MOVE_JOINT
1.693000,0.456447,-0.119777,-0.142172,-0.000074,-0.004378,0.000241,3.678119,MOVE_JOINT
1.694000,0.456441,-0.119782,-0.142174,-0.001181,-0.004735,-0.000235,3.680336,MOVE_JOINT
1.695000,0.456441,-0.119787,-0.142174,-0.001456,-0.005044,-0.000244,3.682125,MOVE_JOINT
1.696000,0.456441,-0.119794,-0.142173,-0.001575,-0.006028,0.000088,3.683492,MOVE_JOINT
1.697000,0.456441,-0.119798,-0.142172,-0.000541,-0.005454,0.000595,3.684460,MOVE_JOINT
1.698000,0.456442,-0.119802,-0.142170,0.000128,-0.005044,0.001193,3.685101,MOVE_JOINT
1.699000,0.456437,-0.119805,-0.142174,-0.000898,-0.004435,0.000002,3.685573,MOVE_JOINT
1.700000,0.456435,-0.119811,-0.142174,-0.000749,-0.004913,0.000207,3.686079,MOVE_JOINT
1.701000,0.456434,-0.119817,-0.142173,-0.001363,-0.005203,0.000062,3.686774,MOVE_JOINT
1.702000,0.456433,-0.119823,-0.142173,-0.000413,-0.005203,0.000634,3.687728,MOVE_JOINT
1.703000,0.456430,-0.119829,-0.142174,-0.001638,-0.005418,-0.000098,3.688959,MOVE_JOINT
1.704000,0.456430,-0.119833,-0.142173,-0.000771,-0.004779,0.000134,3.690453,MOVE_JOINT
1.705000,0.456430,-0.119839,-0.142171,-0.000414,-0.004794,0.000604,3.692174,MOVE_JOINT
1.706000,0.456425,-0.119846,-0.142174,-0.001070,-0.005638,0.000099,3.694084,MOVE_JOINT
1.707000,0.456422,-0.119851,-0.142175,-0.002406,-0.005493,-0.000681,3.696148,MOVE_JOINT
1.708000,0.456421,-0.119856,-0.142175,-0.001757,-0.005455,-0.000021,3.698293,MOVE_JOINT
1.709000,0.456431,-0.119862,-0.142168,0.001601,-0.006007,0.002057,3.700419,MOVE_JOINT
1.710000,0.456425,-0.119869,-0.142171,-0.001191,-0.006542,0.000375,3.702494,MOVE_JOINT
1.711000,0.456421,-0.119875,-0.142171,-0.002278,-0.006584,0.000261,3.704582,MOVE_JOINT
1.712000,0.456425,-0.119879,-0.142169,-0.000800,-0.005779,0.000559,3.706776,MOVE_JOINT
1.713000,0.456423,-0.119885,-0.142170,-0.001647,-0.005733,-0.000240,3.709130,MOVE_JOINT
1.714000,0.456422,-0.119891,-0.142169,-0.001104,-0.005427,0.000127,3.711642,MOVE_JOINT
1.715000,0.456421,-0.119895,-0.142169,-0.001446,-0.004965,-0.000078,3.714254,MOVE_JOINT
1.716000,0.456423,-0.119903,-0.142167,0.000122,-0.006566,0.001052,3.716882,MOVE_JOINT
1.717000,0.456422,-0.119911,-0.142166,-0.000917,-0.007070,0.000722,3.719464,MOVE_JOINT
1.718000,0.456419,-0.119914,-0.142167,-0.001721,-0.005604,-0.000132,3.721974,MOVE_JOINT
1.719000,0.456420,-0.119920,-0.142165,-0.001073,-0.005842,0.000494,3.724401,MOVE_JOINT
1.720000,0.456418,-0.119926,-0.142167,-0.001758,-0.005979,-0.000478,3.726713,MOVE_JOINT
1.721000,0.456420,-0.119935,-0.142165,-0.000404,-0.007205,0.000855,3.728842,MOVE_JOINT
1.722000,0.456416,-0.119945,-0.142165,-0.001775,-0.008134,0.000349,3.730690,MOVE_JOINT
1.723000,0.456414,-0.119947,-0.142167,-0.002241,-0.005894,-0.000510,3.732154,MOVE_JOINT
1.724000,0.456413,-0.119958,-0.142164,-0.001270,-0.007685,0.000723,3.733149,MOVE_JOINT
1.725000,0.456411,-0.119967,-0.142164,-0.001757,-0.007496,0.000244,3.733616,MOVE_JOINT
1.726000,0.456410,-0.119974,-0.142164,-0.001988,-0.007316,-0.000222,3.733545,MOVE_JOINT
1.727000,0.456407,-0.119980,-0.142166,-0.001919,-0.006875,-0.000406,3.732938,MOVE_JOINT
1.728000,0.456404,-0.119987,-0.142167,-0.003013,-0.006825,-0.000906,3.731752,MOVE_JOINT
1.729000,0.456410,-0.119996,-0.142161,-0.000040,-0.007702,0.001308,3.729906,MOVE_JOINT
1.730000,0.456404,-0.120005,-0.142163,-0.002399,-0.007847,-0.000058,3.727360,MOVE_JOINT
1.731000,0.456402,-0.120013,-0.142163,-0.002500,-0.008310,-0.000171,3.724171,MOVE_JOINT
1.732000,0.456399,-0.120020,-0.142164,-0.002919,-0.007447,-0.000485,3.720431,MOVE_JOINT
1.733000,0.456398,-0.120027,-0.142163,-0.002507,-0.007551,-0.000208,3.716209,MOVE_JOINT
1.734000,0.456397,-0.120034,-0.142163,-0.002776,-0.007662,-0.000464,3.711543,MOVE_JOINT
1.735000,0.456395,-0.120042,-0.142164,-0.003134,-0.007900,-0.000731,3.706458,MOVE_JOINT
1.736000,0.456394,-0.120050,-0.142163,-0.002560,-0.007670,-0.000309,3.700965,MOVE_JOINT
1.737000,0.456393,-0.120056,-0.142163,-0.001510,-0.007381,-0.000042,3.695074,MOVE_JOINT
1.738000,0.456384,-0.120064,-0.142166,-0.003859,-0.007720,-0.001003,3.688813,MOVE_JOINT
1.739000,0.456387,-0.120073,-0.142164,-0.001732,-0.008198,0.000137,3.682227,MOVE_JOINT
1.740000,0.456384,-0.120077,-0.142165,-0.002518,-0.007042,-0.000485,3.675373,MOVE_JOINT
1.741000,0.456382,-0.120087,-0.142164,-0.002222,-0.007683,-0.000081,3.668322,MOVE_JOINT
1.742000,0.456378,-0.120093,-0.142165,-0.002777,-0.007348,-0.000465,3.661177,MOVE_JOINT
1.743000,0.456377,-0.120103,-0.142165,-0.002727,-0.008387,-0.000189,3.654049,MOVE_JOINT
1.744000,0.456377,-0.120108,-0.142163,-0.001242,-0.007137,0.000610,3.647060,MOVE_JOINT
1.745000,0.456376,-0.120117,-0.142163,-0.000353,-0.007896,0.001102,3.640358,MOVE_JOINT
1.746000,0.456373,-0.120126,-0.142164,-0.000766,-0.008501,0.000659,3.634150,MOVE_JOINT
1.747000,0.456367,-0.120127,-0.142166,-0.002080,-0.006304,-0.000062,3.628658,MOVE_JOINT
1.748000,0.456365,-0.120140,-0.142166,-0.001994,-0.008336,0.000238,3.624045,MOVE_JOINT
1.749000,0.456365,-0.120147,-0.142164,-0.001393,-0.007806,0.000678,3.620394,MOVE_JOINT
1.750000,0.456365,-0.120156,-0.142163,-0.001497,-0.008234,0.000455,3.617732,MOVE_JOINT
1.751000,0.456358,-0.120165,-0.142166,-0.003284,-0.008808,-0.000676,3.616037,MOVE_JOINT
1.752000,0.456361,-0.120173,-0.142164,-0.000942,-0.008840,0.000621,3.615204,MOVE_JOINT
1.753000,0.456357,-0.120183,-0.142165,-0.002192,-0.008821,-0.000053,3.615042,MOVE_JOINT
1.754000,0.456353,-0.120191,-0.142165,-0.002048,-0.008524,0.000122,3.615322,MOVE_JOINT
1.755000,0.456348,-0.120201,-0.142167,-0.003695,-0.008631,-0.001007,3.615821,MOVE_JOINT
1.756000,0.456351,-0.120213,-0.142163,-0.001395,-0.009771,0.000696,3.616321,MOVE_JOINT
1.757000,0.456350,-0.120221,-0.142162,-0.000997,-0.009077,0.000919,3.616621,MOVE_JOINT
1.758000,0.456348,-0.120228,-0.142163,-0.000877,-0.008633,0.000534,3.616609,MOVE_JOINT
1.759000,0.456344,-0.120235,-0.142164,-0.002142,-0.007859,0.000044,3.616270,MOVE_JOINT
1.760000,0.456339,-0.120246,-0.142166,-0.002816,-0.008902,-0.000265,3.615637,MOVE_JOINT
1.761000,0.456336,-0.120255,-0.142165,-0.002540,-0.008905,-0.000207,3.614721,MOVE_JOINT
1.762000,0.456338,-0.120264,-0.142164,-0.001608,-0.008258,0.000184,3.613497,MOVE_JOINT
1.763000,0.456338,-0.120276,-0.142161,-0.000706,-0.009787,0.001159,3.611928,MOVE_JOINT
1.764000,0.456336,-0.120285,-0.142162,-0.000995,-0.009534,0.000438,3.610015,MOVE_JOINT
1.765000,0.456334,-0.120296,-0.142161,-0.001186,-0.009255,0.000574,3.607803,MOVE_JOINT
1.766000,0.456328,-0.120305,-0.142164,-0.002978,-0.008689,-0.000822,3.605335,MOVE_JOINT
1.767000,0.456326,-0.120315,-0.142162,-0.002313,-0.009318,0.000082,3.602597,MOVE_JOINT
1.768000,0.456327,-0.120325,-0.142160,-0.001233,-0.008895,0.000710,3.599536,MOVE_JOINT
1.769000,0.456321,-0.120336,-0.142162,-0.002777,-0.009827,-0.000119,3.596118,MOVE_JOINT
1.770000,0.456320,-0.120348,-0.142161,-0.002204,-0.010124,0.000209,3.592361,MOVE_JOINT
1.771000,0.456316,-0.120359,-0.142161,-0.003073,-0.010670,-0.000084,3.588290,MOVE_JOINT
1.772000,0.456313,-0.120367,-0.142162,-0.003662,-0.009654,-0.000422,3.583904,MOVE_JOINT
1.773000,0.456310,-0.120379,-0.142161,-0.003673,-0.009730,-0.000271,3.579180,MOVE_JOINT
1.774000,0.456306,-0.120389,-0.142162,-0.003667,-0.009203,-0.000645,3.574098,MOVE_JOINT
1.775000,0.456304,-0.120402,-0.142162,-0.004158,-0.010054,-0.001059,3.568648,MOVE_JOINT
1.776000,0.456306,-0.120416,-0.142158,-0.002083,-0.011080,0.000527,3.562800,MOVE_JOINT
1.777000,0.456300,-0.120430,-0.142158,-0.002939,-0.011462,0.000395,3.556522,MOVE_JOINT
1.778000,0.456297,-0.120441,-0.142159,-0.002944,-0.011359,0.000206,3.549845,MOVE_JOINT
1.779000,0.456295,-0.120450,-0.142159,-0.002628,-0.010544,0.000116,3.542875,MOVE_JOINT
1.780000,0.456291,-0.120463,-0.142159,-0.002083,-0.011060,0.000522,3.535752,MOVE_JOINT
1.781000,0.456287,-0.120475,-0.142159,-0.002800,-0.011936,0.000408,3.528620,MOVE_JOINT
1.782000,0.456287,-0.120486,-0.142157,-0.002095,-0.011098,0.000702,3.521631,MOVE_JOINT
1.783000,0.456284,-0.120498,-0.142158,-0.002207,-0.011381,0.000342,3.514939,MOVE_JOINT
1.784000,0.456278,-0.120504,-0.142160,-0.003938,-0.009822,-0.000701,3.508676,MOVE_JOINT
1.785000,0.456277,-0.120517,-0.142159,-0.002200,-0.010895,0.000440,3.502917,MOVE_JOINT
1.786000,0.456275,-0.120530,-0.142157,-0.002051,-0.012121,0.000886,3.497686,MOVE_JOINT
1.787000,0.456274,-0.120543,-0.142155,-0.001462,-0.012117,0.001320,3.493020,MOVE_JOINT
1.788000,0.456271,-0.120551,-0.142155,-0.002174,-0.010978,0.000828,3.489011,MOVE_JOINT
1.789000,0.456268,-0.120566,-0.142155,-0.002620,-0.012273,0.000523,3.485796,MOVE_JOINT
1.790000,0.456265,-0.120577,-0.142154,-0.002975,-0.012381,0.000548,3.483496,MOVE_JOINT
1.791000,0.456261,-0.120589,-0.142155,-0.003374,-0.011962,0.000053,3.482159,MOVE_JOINT
1.792000,0.456259,-0.120598,-0.142155,-0.003118,-0.011640,0.000145,3.481753,MOVE_JOINT
1.793000,0.456257,-0.120610,-0.142154,-0.003248,-0.012222,0.000362,3.482180,MOVE_JOINT
1.794000,0.456251,-0.120622,-0.142155,-0.004594,-0.012090,-0.000374,3.483307,MOVE_JOINT
1.795000,0.456251,-0.120634,-0.142153,-0.002981,-0.011725,0.000373,3.484998,MOVE_JOINT
1.796000,0.456251,-0.120646,-0.142151,-0.001802,-0.011480,0.000968,3.487137,MOVE_JOINT
1.797000,0.456246,-0.120657,-0.142153,-0.003234,-0.011640,0.000030,3.489660,MOVE_JOINT
1.798000,0.456241,-0.120667,-0.142154,-0.003953,-0.011055,-0.000502,3.492539,MOVE_JOINT
1.799000,0.456240,-0.120679,-0.142154,-0.003050,-0.011201,0.000009,3.495722,MOVE_JOINT
1.800000,0.456240,-0.120695,-0.142151,-0.001971,-0.012726,0.001034,3.499112,MOVE_JOINT
1.801000,0.456234,-0.120706,-0.142153,-0.002667,-0.012080,0.000272,3.502622,MOVE_JOINT
1.802000,0.456237,-0.120719,-0.142149,-0.001504,-0.012428,0.001313,3.506207,MOVE_JOINT
1.803000,0.456229,-0.120732,-0.142152,-0.003413,-0.012713,-0.000081,3.509854,MOVE_JOINT
1.804000,0.456227,-0.120746,-0.142151,-0.004036,-0.013950,0.000091,3.513542,MOVE_JOINT
1.805000,0.456222,-0.120758,-0.142153,-0.004426,-0.013602,-0.000371,3.517189,MOVE_JOINT
1.806000,0.456217,-0.120774,-0.142153,-0.004287,-0.013880,-0.000332,3.520631,MOVE_JOINT
1.807000,0.456213,-0.120788,-0.142152,-0.004601,-0.014624,0.000032,3.523655,MOVE_JOINT
1.808000,0.456212,-0.120802,-0.142151,-0.003974,-0.014668,0.000023,3.526062,MOVE_JOINT
1.809000,0.456212,-0.120813,-0.142150,-0.002977,-0.013815,0.000424,3.527698,MOVE_JOINT
1.810000,0.456207,-0.120830,-0.142150,-0.004016,-0.014920,0.000426,3.528479,MOVE_JOINT
1.811000,0.456199,-0.120842,-0.142153,-0.004491,-0.013758,-0.000204,3.528397,MOVE_JOINT
1.812000,0.456199,-0.120856,-0.142151,-0.002674,-0.014190,0.000846,3.527501,MOVE_JOINT
1.813000,0.456194,-0.120872,-0.142151,-0.003569,-0.015007,0.000547,3.525881,MOVE_JOINT
1.814000,0.456190,-0.120885,-0.142152,-0.004508,-0.014572,-0.000023,3.523650,MOVE_JOINT
1.815000,0.456188,-0.120900,-0.142151,-0.003095,-0.014980,0.000615,3.520912,MOVE_JOINT
1.816000,0.456185,-0.120916,-0.142150,-0.003118,-0.015299,0.000786,3.517749,MOVE_JOINT
1.817000,0.456175,-0.120931,-0.142153,-0.004541,-0.015318,-0.000158,3.514219,MOVE_JOINT
1.818000,0.456172,-0.120944,-0.142154,-0.004299,-0.014471,-0.000332,3.510351,MOVE_JOINT
1.819000,0.456170,-0.120961,-0.142151,-0.003402,-0.015408,0.000450,3.506117,MOVE_JOINT
1.820000,0.456165,-0.120975,-0.142151,-0.003515,-0.014957,0.000597,3.501458,MOVE_JOINT
1.821000,0.456165,-0.120991,-0.142150,-0.002481,-0.015304,0.000958,3.496358,MOVE_JOINT
1.822000,0.456161,-0.121007,-0.142150,-0.002353,-0.015056,0.000659,3.490879,MOVE_JOINT
1.823000,0.456153,-0.121020,-0.142152,-0.003307,-0.014762,0.000232,3.485123,MOVE_JOINT
1.824000,0.456149,-0.121034,-0.142152,-0.003913,-0.014600,0.000111,3.479175,MOVE_JOINT
1.825000,0.456146,-0.121050,-0.142151,-0.002805,-0.015323,0.000979,3.473091,MOVE_JOINT
1.826000,0.456141,-0.121063,-0.142151,-0.003841,-0.014456,0.000177,3.466935,MOVE_JOINT
1.827000,0.456140,-0.121079,-0.142150,-0.003779,-0.015263,0.000285,3.460797,MOVE_JOINT
1.828000,0.456132,-0.121093,-0.142152,-0.005434,-0.015186,-0.000463,3.454761,MOVE_JOINT
1.829000,0.456127,-0.121105,-0.142154,-0.005405,-0.014595,-0.000916,3.448852,MOVE_JOINT
1.830000,0.456127,-0.121122,-0.142151,-0.003934,-0.015350,0.000093,3.443018,MOVE_JOINT
1.831000,0.456126,-0.121137,-0.142150,-0.003080,-0.014905,0.000477,3.437158,MOVE_JOINT
1.832000,0.456122,-0.121150,-0.142150,-0.003771,-0.014187,0.000195,3.431202,MOVE_JOINT
1.833000,0.456113,-0.121165,-0.142153,-0.005489,-0.014706,-0.000958,3.425147,MOVE_JOINT
1.834000,0.456113,-0.121183,-0.142151,-0.003195,-0.015386,0.000384,3.419018,MOVE_JOINT
1.835000,0.456105,-0.121198,-0.142151,-0.004818,-0.015849,0.000053,3.412833,MOVE_JOINT
1.836000,0.456102,-0.121213,-0.142152,-0.004354,-0.015653,-0.000137,3.406614,MOVE_JOINT
1.837000,0.456098,-0.121228,-0.142152,-0.004316,-0.014905,-0.000335,3.400403,MOVE_JOINT
1.838000,0.456095,-0.121243,-0.142151,-0.004454,-0.015449,-0.000003,3.394237,MOVE_JOINT
1.839000,0.456088,-0.121259,-0.142153,-0.005076,-0.015411,-0.000600,3.388136,MOVE_JOINT
1.840000,0.456090,-0.121273,-0.142150,-0.002736,-0.014903,0.000602,3.382120,MOVE_JOINT
1.841000,0.456084,-0.121289,-0.142151,-0.003815,-0.015143,-0.000086,3.376224,MOVE_JOINT
1.842000,0.456076,-0.121305,-0.142153,-0.005177,-0.015529,-0.000501,3.370503,MOVE_JOINT
1.843000,0.456073,-0.121321,-0.142152,-0.003790,-0.015334,0.000019,3.365009,MOVE_JOINT
1.844000,0.456069,-0.121338,-0.142152,-0.004477,-0.015589,-0.000299,3.359772,MOVE_JOINT
1.845000,0.456069,-0.121351,-0.142150,-0.002639,-0.015023,0.000893,3.354809,MOVE_JOINT
1.846000,0.456066,-0.121365,-0.142151,-0.002945,-0.014667,0.000133,3.350158,MOVE_JOINT
1.847000,0.456053,-0.121377,-0.142155,-0.005940,-0.013937,-0.001055,3.345881,MOVE_JOINT
1.848000,0.456050,-0.121395,-0.142154,-0.004836,-0.015610,-0.000339,3.342019,MOVE_JOINT
1.849000,0.456046,-0.121412,-0.142153,-0.004790,-0.015940,0.000044,3.338560,MOVE_JOINT
1.850000,0.456041,-0.121425,-0.142155,-0.005125,-0.014776,-0.000479,3.335466,MOVE_JOINT
1.851000,0.456038,-0.121444,-0.142154,-0.004216,-0.016032,0.000165,3.332713,MOVE_JOINT
1.852000,0.456034,-0.121457,-0.142154,-0.003953,-0.015116,0.000245,3.330288,MOVE_JOINT
1.853000,0.456031,-0.121474,-0.142153,-0.003658,-0.015732,0.000398,3.328200,MOVE_JOINT
1.854000,0.456030,-0.121490,-0.142152,-0.002886,-0.015613,0.000663,3.326476,MOVE_JOINT
1.855000,0.456021,-0.121509,-0.142154,-0.004251,-0.016100,0.000046,3.325149,MOVE_JOINT
1.856000,0.456017,-0.121523,-0.142154,-0.003576,-0.015251,0.000446,3.324227,MOVE_JOINT
1.857000,0.456014,-0.121546,-0.142151,-0.003330,-0.017365,0.000862,3.323695,MOVE_JOINT
1.858000,0.456005,-0.121561,-0.142155,-0.005093,-0.016608,-0.000375,3.323526,MOVE_JOINT
1.859000,0.456000,-0.121580,-0.142154,-0.004961,-0.016849,-0.000110,3.323657,MOVE_JOINT
1.860000,0.455999,-0.121600,-0.142152,-0.003630,-0.017821,0.000762,3.323973,MOVE_JOINT
1.861000,0.455991,-0.121617,-0.142155,-0.004925,-0.017738,-0.000275,3.324323,MOVE_JOINT
1.862000,0.455991,-0.121636,-0.142150,-0.002765,-0.018242,0.001484,3.324556,MOVE_JOINT
1.863000,0.455982,-0.121653,-0.142153,-0.004822,-0.017748,-0.000042,3.324541,MOVE_JOINT
1.864000,0.455980,-0.121668,-0.142152,-0.004033,-0.017338,0.000606,3.324202,MOVE_JOINT
1.865000,0.455975,-0.121684,-0.142153,-0.004567,-0.016977,-0.000016,3.323499,MOVE_JOINT
1.866000,0.455976,-0.121699,-0.142150,-0.003306,-0.016526,0.000845,3.322422,MOVE_JOINT
1.867000,0.455967,-0.121716,-0.142152,-0.005010,-0.016832,-0.000080,3.320991,MOVE_JOINT
1.868000,0.455962,-0.121736,-0.142152,-0.004891,-0.018269,0.000184,3.319253,MOVE_JOINT
1.869000,0.455964,-0.121754,-0.142148,-0.003268,-0.018801,0.001480,3.317261,MOVE_JOINT
1.870000,0.455957,-0.121771,-0.142148,-0.004847,-0.018553,0.000749,3.315079,MOVE_JOINT
1.871000,0.455953,-0.121785,-0.142150,-0.005241,-0.017516,-0.000071,3.312814,MOVE_JOINT
1.872000,0.455956,-0.121801,-0.142146,-0.002671,-0.017174,0.001428,3.310584,MOVE_JOINT
1.873000,0.455946,-0.121817,-0.142149,-0.003780,-0.016873,0.000438,3.308497,MOVE_JOINT
1.874000,0.455946,-0.121834,-0.142145,-0.001724,-0.016670,0.001931,3.306662,MOVE_JOINT
1.875000,0.455940,-0.121853,-0.142147,-0.002657,-0.017205,0.001127,3.305212,MOVE_JOINT
1.876000,0.455938,-0.121869,-0.142145,-0.002165,-0.016945,0.001562,3.304304,MOVE_JOINT
1.877000,0.455931,-0.121890,-0.142145,-0.004069,-0.018411,0.000968,3.304082,MOVE_JOINT
1.878000,0.455928,-0.121906,-0.142145,-0.004269,-0.017608,0.000312,3.304638,MOVE_JOINT
1.879000,0.455923,-0.121922,-0.142145,-0.003820,-0.017290,0.000426,3.305967,MOVE_JOINT
1.880000,0.455919,-0.121943,-0.142144,-0.004118,-0.018739,0.000392,3.307951,MOVE_JOINT
1.881000,0.455920,-0.121959,-0.142141,-0.002537,-0.018430,0.001708,3.310397,MOVE_JOINT
1.882000,0.455909,-0.121981,-0.142143,-0.004723,-0.019610,0.000539,3.313119,MOVE_JOINT
1.883000,0.455909,-0.121996,-0.142142,-0.003900,-0.018535,0.000807,3.315984,MOVE_JOINT
1.884000,0.455898,-0.122013,-0.142145,-0.005696,-0.017670,-0.000272,3.318889,MOVE_JOINT
1.885000,0.455895,-0.122033,-0.142144,-0.005430,-0.018096,-0.000557,3.321711,MOVE_JOINT
1.886000,0.455892,-0.122051,-0.142143,-0.005455,-0.018363,-0.000287,3.324277,MOVE_JOINT
1.887000,0.455889,-0.122069,-0.142142,-0.004721,-0.017950,0.000097,3.326374,MOVE_JOINT
1.888000,0.455883,-0.122089,-0.142142,-0.005148,-0.018659,-0.000244,3.327806,MOVE_JOINT
1.889000,0.455878,-0.122108,-0.142142,-0.005673,-0.019247,-0.000352,3.328437,MOVE_JOINT
1.890000,0.455874,-0.122127,-0.142141,-0.005657,-0.019578,-0.000119,3.328177,MOVE_JOINT
1.891000,0.455866,-0.122150,-0.142142,-0.006492,-0.020627,-0.000285,3.326970,MOVE_JOINT
1.892000,0.455861,-0.122166,-0.142143,-0.005610,-0.019696,0.000173,3.324809,MOVE_JOINT
1.893000,0.455858,-0.122186,-0.142141,-0.004198,-0.019792,0.000787,3.321751,MOVE_JOINT
1.894000,0.455849,-0.122206,-0.142143,-0.005205,-0.019836,0.000293,3.317944,MOVE_JOINT
1.895000,0.455842,-0.122222,-0.142144,-0.006430,-0.019163,-0.000185,3.313596,MOVE_JOINT
1.896000,0.455840,-0.122240,-0.142143,-0.005050,-0.018725,0.000200,3.308934,MOVE_JOINT
1.897000,0.455835,-0.122264,-0.142141,-0.004659,-0.020242,0.001112,3.304180,MOVE_JOINT
1.898000,0.455830,-0.122282,-0.142142,-0.004666,-0.019371,0.000482,3.299567,MOVE_JOINT
1.899000,0.455824,-0.122299,-0.142142,-0.004383,-0.019305,0.000695,3.295332,MOVE_JOINT
1.900000,0.455815,-0.122321,-0.142145,-0.006424,-0.020203,-0.000482,3.291670,MOVE_JOINT
1.901000,0.455807,-0.122343,-0.142144,-0.006971,-0.020474,-0.000491,3.288666,MOVE_JOINT
1.902000,0.455806,-0.122363,-0.142143,-0.005120,-0.020497,0.000228,3.286274,MOVE_JOINT
1.903000,0.455803,-0.122382,-0.142142,-0.003507,-0.020093,0.000801,3.284365,MOVE_JOINT
1.904000,0.455794,-0.122403,-0.142144,-0.005453,-0.020306,-0.000344,3.282804,MOVE_JOINT
1.905000,0.455792,-0.122420,-0.142142,-0.003534,-0.019612,0.000847,3.281471,MOVE_JOINT
1.906000,0.455784,-0.122439,-0.142144,-0.004255,-0.018672,0.000249,3.280270,MOVE_JOINT
1.907000,0.455776,-0.122464,-0.142145,-0.005185,-0.020573,0.000014,3.279152,MOVE_JOINT
1.908000,0.455772,-0.122482,-0.142144,-0.004961,-0.019837,0.000189,3.278108,MOVE_JOINT
1.909000,0.455769,-0.122501,-0.142144,-0.004053,-0.019080,0.000443,3.277142,MOVE_JOINT
1.910000,0.455761,-0.122524,-0.142144,-0.004676,-0.020279,0.000436,3.276266,MOVE_JOINT
1.911000,0.455758,-0.122544,-0.142143,-0.004254,-0.020139,0.000644,3.275515,MOVE_JOINT
1.912000,0.455751,-0.122563,-0.142145,-0.005093,-0.019608,-0.000115,3.274931,MOVE_JOINT
1.913000,0.455745,-0.122584,-0.142144,-0.004955,-0.020485,0.000320,3.274533,MOVE_JOINT
1.914000,0.455740,-0.122606,-0.142144,-0.004362,-0.020935,0.000657,3.274305,MOVE_JOINT
1.915000,0.455737,-0.122625,-0.142142,-0.003166,-0.020665,0.001299,3.274219,MOVE_JOINT
1.916000,0.455728,-0.122648,-0.142145,-0.005305,-0.021389,-0.000059,3.274266,MOVE_JOINT
1.917000,0.455724,-0.122669,-0.142144,-0.005319,-0.021266,0.000033,3.274426,MOVE_JOINT
1.918000,0.455718,-0.122688,-0.142144,-0.005674,-0.020127,-0.000289,3.274612,MOVE_JOINT
1.919000,0.455711,-0.122710,-0.142145,-0.006059,-0.020227,-0.000537,3.274671,MOVE_JOINT
1.920000,0.455708,-0.122735,-0.142143,-0.005036,-0.022033,0.000414,3.274425,MOVE_JOINT
1.921000,0.455706,-0.122755,-0.142142,-0.005042,-0.021420,0.000496,3.273720,MOVE_JOINT
1.922000,0.455696,-0.122776,-0.142145,-0.005826,-0.021262,-0.000245,3.272471,MOVE_JOINT
1.923000,0.455691,-0.122794,-0.142144,-0.005846,-0.020230,-0.000128,3.270656,MOVE_JOINT
1.924000,0.455686,-0.122820,-0.142142,-0.005353,-0.021635,0.000250,3.268291,MOVE_JOINT
1.925000,0.455676,-0.122844,-0.142143,-0.006701,-0.022149,0.000002,3.265425,MOVE_JOINT
1.926000,0.455671,-0.122869,-0.142144,-0.006891,-0.022755,-0.000569,3.262132,MOVE_JOINT
1.927000,0.455665,-0.122889,-0.142144,-0.006476,-0.021898,-0.000460,3.258463,MOVE_JOINT
1.928000,0.455655,-0.122913,-0.142146,-0.007339,-0.022358,-0.000812,3.254401,MOVE_JOINT
1.929000,0.455652,-0.122938,-0.142143,-0.006781,-0.023271,0.000072,3.249876,MOVE_JOINT
1.930000,0.455646,-0.122961,-0.142143,-0.006366,-0.022831,0.000179,3.244837,MOVE_JOINT
1.931000,0.455641,-0.122986,-0.142142,-0.005714,-0.022967,0.000407,3.239308,MOVE_JOINT
1.932000,0.455637,-0.123010,-0.142140,-0.004964,-0.023792,0.000934,3.233402,MOVE_JOINT
1.933000,0.455626,-0.123033,-0.142143,-0.006369,-0.023344,0.000129,3.227295,MOVE_JOINT
1.934000,0.455620,-0.123056,-0.142144,-0.006397,-0.022841,-0.000215,3.221170,MOVE_JOINT
1.935000,0.455613,-0.123080,-0.142144,-0.005989,-0.023167,0.000274,3.215170,MOVE_JOINT
1.936000,0.455609,-0.123103,-0.142143,-0.005595,-0.022512,0.000078,3.209376,MOVE_JOINT
1.937000,0.455600,-0.123129,-0.142142,-0.006017,-0.023575,0.000400,3.203831,MOVE_JOINT
1.938000,0.455589,-0.123151,-0.142145,-0.007521,-0.023014,-0.000756,3.198563,MOVE_JOINT
1.939000,0.455587,-0.123175,-0.142143,-0.006751,-0.023584,0.000244,3.193576,MOVE_JOINT
1.940000,0.455581,-0.123198,-0.142143,-0.007357,-0.023845,-0.000443,3.188846,MOVE_JOINT
1.941000,0.455574,-0.123220,-0.142144,-0.007369,-0.023324,-0.000481,3.184336,MOVE_JOINT
1.942000,0.455568,-0.123244,-0.142143,-0.007046,-0.023555,-0.000238,3.179987,MOVE_JOINT
1.943000,0.455561,-0.123266,-0.142144,-0.006691,-0.022479,-0.000270,3.175733,MOVE_JOINT
1.944000,0.455555,-0.123289,-0.142143,-0.007117,-0.022936,-0.000465,3.171523,MOVE_JOINT
1.945000,0.455550,-0.123317,-0.142141,-0.006227,-0.024507,0.000577,3.167334,MOVE_JOINT
1.946000,0.455540,-0.123340,-0.142143,-0.007122,-0.024186,-0.000302,3.163174,MOVE_JOINT
1.947000,0.455539,-0.123363,-0.142140,-0.005617,-0.023810,0.000582,3.159082,MOVE_JOINT
1.948000,0.455533,-0.123388,-0.142141,-0.005918,-0.024433,0.000242,3.155112,MOVE_JOINT
1.949000,0.455523,-0.123409,-0.142142,-0.007120,-0.023353,-0.000183,3.151318,MOVE_JOINT
1.950000,0.455518,-0.123437,-0.142141,-0.006267,-0.024765,0.000088,3.147748,MOVE_JOINT
1.951000,0.455510,-0.123459,-0.142142,-0.006798,-0.024236,0.000079,3.144421,MOVE_JOINT
1.952000,0.455507,-0.123482,-0.142140,-0.005723,-0.023799,0.000586,3.141343,MOVE_JOINT
1.953000,0.455505,-0.123505,-0.142139,-0.004612,-0.023979,0.000885,3.138536,MOVE_JOINT
1.954000,0.455494,-0.123532,-0.142140,-0.006402,-0.024906,0.000269,3.136053,MOVE_JOINT
1.955000,0.455488,-0.123555,-0.142141,-0.005952,-0.024050,0.000207,3.133945,MOVE_JOINT
1.956000,0.455485,-0.123582,-0.142139,-0.005212,-0.025247,0.000829,3.132226,MOVE_JOINT
1.957000,0.455480,-0.123606,-0.142137,-0.005507,-0.025371,0.000964,3.130875,MOVE_JOINT
1.958000,0.455474,-0.123629,-0.142138,-0.005371,-0.024481,0.000538,3.129874,MOVE_JOINT
1.959000,0.455465,-0.123655,-0.142139,-0.006915,-0.025282,-0.000163,3.129205,MOVE_JOINT
1.960000,0.455459,-0.123678,-0.142139,-0.006559,-0.024661,0.000090,3.128807,MOVE_JOINT
1.961000,0.455451,-0.123703,-0.142140,-0.007247,-0.024849,-0.000050,3.128570,MOVE_JOINT
1.962000,0.455443,-0.123728,-0.142140,-0.007673,-0.024925,-0.000693,3.128366,MOVE_JOINT
1.963000,0.455440,-0.123754,-0.142138,-0.006413,-0.025455,0.000187,3.128065,MOVE_JOINT
1.964000,0.455432,-0.123779,-0.142138,-0.006943,-0.025502,0.000116,3.127536,MOVE_JOINT
1.965000,0.455432,-0.123804,-0.142135,-0.004748,-0.025458,0.001009,3.126679,MOVE_JOINT
1.966000,0.455419,-0.123827,-0.142139,-0.007357,-0.024626,-0.000441,3.125465,MOVE_JOINT
1.967000,0.455414,-0.123852,-0.142138,-0.007018,-0.024950,-0.000217,3.123899,MOVE_JOINT
1.968000,0.455408,-0.123877,-0.142138,-0.007296,-0.024394,-0.000169,3.121981,MOVE_JOINT
1.969000,0.455400,-0.123897,-0.142139,-0.007246,-0.023297,-0.000221,3.119705,MOVE_JOINT
1.970000,0.455395,-0.123925,-0.142137,-0.006340,-0.024709,0.000433,3.117100,MOVE_JOINT
1.971000,0.455388,-0.123950,-0.142138,-0.006072,-0.025072,0.000381,3.114251,MOVE_JOINT
1.972000,0.455379,-0.123977,-0.142137,-0.005766,-0.025437,0.000941,3.111278,MOVE_JOINT
1.973000,0.455372,-0.124002,-0.142138,-0.006010,-0.025358,0.000354,3.108307,MOVE_JOINT
1.974000,0.455368,-0.124027,-0.142137,-0.005160,-0.024824,0.000967,3.105455,MOVE_JOINT
1.975000,0.455358,-0.124053,-0.142139,-0.007228,-0.024972,-0.000366,3.102800,MOVE_JOINT
1.976000,0.455351,-0.124079,-0.142139,-0.007261,-0.025425,-0.000236,3.100360,MOVE_JOINT
1.977000,0.455343,-0.124108,-0.142137,-0.007192,-0.026555,0.000240,3.098072,MOVE_JOINT
1.978000,0.455331,-0.124131,-0.142141,-0.008978,-0.025192,-0.001308,3.095797,MOVE_JOINT
1.979000,0.455326,-0.124158,-0.142139,-0.008085,-0.025466,-0.000575,3.093346,MOVE_JOINT
1.980000,0.455320,-0.124180,-0.142140,-0.008223,-0.024641,-0.000901,3.090492,MOVE_JOINT
1.981000,0.455316,-0.124207,-0.142138,-0.007411,-0.025329,-0.000400,3.087025,MOVE_JOINT
1.982000,0.455303,-0.124235,-0.142140,-0.007878,-0.026042,-0.000253,3.082798,MOVE_JOINT
1.983000,0.455293,-0.124263,-0.142142,-0.008772,-0.026687,-0.000837,3.077743,MOVE_JOINT
1.984000,0.455291,-0.124287,-0.142139,-0.006945,-0.025641,0.000177,3.071863,MOVE_JOINT
1.985000,0.455281,-0.124316,-0.142140,-0.007037,-0.026940,0.000381,3.065219,MOVE_JOINT
1.986000,0.455273,-0.124343,-0.142140,-0.007598,-0.027078,0.000086,3.057956,MOVE_JOINT
1.987000,0.455263,-0.124371,-0.142141,-0.007861,-0.027375,-0.000076,3.050272,MOVE_JOINT
1.988000,0.455261,-0.124393,-0.142139,-0.006138,-0.025629,0.000469,3.042374,MOVE_JOINT
1.989000,0.455253,-0.124420,-0.142140,-0.007223,-0.026281,-0.000024,3.034447,MOVE_JOINT
1.990000,0.455246,-0.124446,-0.142139,-0.005780,-0.025854,0.000770,3.026664,MOVE_JOINT
1.991000,0.455234,-0.124471,-0.142142,-0.007831,-0.025480,-0.000437,3.019191,MOVE_JOINT
1.992000,0.455228,-0.124496,-0.142142,-0.007968,-0.025657,-0.000504,3.012168,MOVE_JOINT
1.993000,0.455224,-0.124522,-0.142141,-0.007225,-0.025628,-0.000358,3.005671,MOVE_JOINT
1.994000,0.455213,-0.124551,-0.142141,-0.007264,-0.026751,0.000017,2.999699,MOVE_JOINT
1.995000,0.455209,-0.124574,-0.142141,-0.006749,-0.025950,0.000103,2.994205,MOVE_JOINT
1.996000,0.455202,-0.124600,-0.142140,-0.006655,-0.025815,0.000191,2.989142,MOVE_JOINT
1.997000,0.455194,-0.124628,-0.142140,-0.007250,-0.026659,0.000092,2.984495,MOVE_JOINT
1.998000,0.455190,-0.124652,-0.142139,-0.005945,-0.025781,0.000574,2.980277,MOVE_JOINT
1.999000,0.455177,-0.124679,-0.142142,-0.007679,-0.025966,-0.000610,2.976506,MOVE_JOINT
2.000000,0.455171,-0.124706,-0.142141,-0.007343,-0.026225,-0.000111,2.973173,MOVE_JOINT
2.001000,0.455164,-0.124730,-0.142142,-0.007292,-0.025210,-0.000404,2.970214,MOVE_JOINT
2.002000,0.455154,-0.124762,-0.142141,-0.008565,-0.027159,-0.000431,2.967524,MOVE_JOINT
2.003000,0.455149,-0.124784,-0.142141,-0.007349,-0.025307,-0.000046,2.965001,MOVE_JOINT
2.004000,0.455141,-0.124812,-0.142141,-0.007697,-0.026065,-0.000216,2.962576,MOVE_JOINT
2.005000,0.455136,-0.124841,-0.142139,-0.007224,-0.026910,0.000140,2.960234,MOVE_JOINT
2.006000,0.455127,-0.124867,-0.142141,-0.008341,-0.026331,-0.000508,2.957990,MOVE_JOINT
2.007000,0.455124,-0.124896,-0.142138,-0.006573,-0.026429,0.000407,2.955862,MOVE_JOINT
2.008000,0.455114,-0.124922,-0.142138,-0.007588,-0.026292,0.000025,2.953870,MOVE_JOINT
2.009000,0.455105,-0.124950,-0.142140,-0.008569,-0.027217,-0.000377,2.952050,MOVE_JOINT
2.010000,0.455100,-0.124981,-0.142138,-0.007592,-0.027952,0.000464,2.950439,MOVE_JOINT
2.011000,0.455092,-0.125007,-0.142138,-0.007878,-0.027815,0.000414,2.949070,MOVE_JOINT
2.012000,0.455085,-0.125035,-0.142137,-0.007062,-0.028276,0.000971,2.947986,MOVE_JOINT
2.013000,0.455079,-0.125062,-0.142137,-0.007505,-0.028214,0.000620,2.947264,MOVE_JOINT
2.014000,0.455068,-0.125089,-0.142138,-0.008270,-0.027877,0.000149,2.947000,MOVE_JOINT
2.015000,0.455063,-0.125116,-0.142137,-0.006937,-0.027837,0.000702,2.947263,MOVE_JOINT
2.016000,0.455051,-0.125143,-0.142140,-0.008385,-0.027799,-0.000314,2.948065,MOVE_JOINT
2.017000,0.455044,-0.125174,-0.142139,-0.007949,-0.029064,0.000275,2.949341,MOVE_JOINT
2.018000,0.455040,-0.125201,-0.142136,-0.007259,-0.029313,0.000902,2.950960,MOVE_JOINT
2.019000,0.455033,-0.125226,-0.142136,-0.006440,-0.028171,0.000815,2.952783,MOVE_JOINT
2.020000,0.455023,-0.125253,-0.142138,-0.007832,-0.028306,0.000290,2.954719,MOVE_JOINT
2.021000,0.455019,-0.125281,-0.142136,-0.006485,-0.027907,0.000659,2.956724,MOVE_JOINT
2.022000,0.455010,-0.125311,-0.142136,-0.006809,-0.027904,0.000441,2.958770,MOVE_JOINT
2.023000,0.454999,-0.125339,-0.142137,-0.007618,-0.027903,-0.000146,2.960821,MOVE_JOINT
2.024000,0.454994,-0.125363,-0.142136,-0.007245,-0.027089,0.000317,2.962819,MOVE_JOINT
2.025000,0.454989,-0.125392,-0.142134,-0.006341,-0.027729,0.001026,2.964697,MOVE_JOINT
2.026000,0.454977,-0.125418,-0.142137,-0.008165,-0.027527,-0.000099,2.966432,MOVE_JOINT
2.027000,0.454973,-0.125448,-0.142134,-0.006993,-0.028245,0.000524,2.968053,MOVE_JOINT
2.028000,0.454962,-0.125477,-0.142135,-0.008042,-0.028999,0.000030,2.969585,MOVE_JOINT
2.029000,0.454958,-0.125503,-0.142134,-0.006563,-0.027983,0.000492,2.971022,MOVE_JOINT
2.030000,0.454950,-0.125532,-0.142133,-0.006924,-0.028061,0.000588,2.972326,MOVE_JOINT
2.031000,0.454943,-0.125563,-0.142132,-0.006835,-0.028360,0.000561,2.973476,MOVE_JOINT
2.032000,0.454935,-0.125594,-0.142132,-0.007135,-0.028940,0.000446,2.974483,MOVE_JOINT
2.033000,0.454927,-0.125621,-0.142132,-0.007177,-0.028635,0.000076,2.975374,MOVE_JOINT
2.034000,0.454918,-0.125648,-0.142133,-0.007719,-0.028084,-0.000077,2.976144,MOVE_JOINT
2.035000,0.454909,-0.125678,-0.142133,-0.008460,-0.028432,-0.000122,2.976743,MOVE_JOINT
2.036000,0.454905,-0.125706,-0.142130,-0.006771,-0.028569,0.000851,2.977116,MOVE_JOINT
2.037000,0.454895,-0.125737,-0.142130,-0.007942,-0.028953,0.000563,2.977262,MOVE_JOINT
2.038000,0.454885,-0.125764,-0.142133,-0.008276,-0.028586,-0.000287,2.977254,MOVE_JOINT
2.039000,0.454878,-0.125792,-0.142132,-0.008208,-0.028091,-0.000311,2.977184,MOVE_JOINT
2.040000,0.454873,-0.125825,-0.142128,-0.007183,-0.029428,0.000864,2.977089,MOVE_JOINT
2.041000,0.454862,-0.125852,-0.142130,-0.008246,-0.028477,-0.000134,2.976977,MOVE_JOINT
2.042000,0.454855,-0.125880,-0.142130,-0.008017,-0.028360,-0.000104,2.976857,MOVE_JOINT
2.043000,0.454846,-0.125912,-0.142130,-0.008756,-0.029351,-0.000318,2.976729,MOVE_JOINT
2.044000,0.454837,-0.125940,-0.142130,-0.009528,-0.028906,-0.000578,2.976550,MOVE_JOINT
2.045000,0.454831,-0.125966,-0.142130,-0.008156,-0.027868,-0.000389,2.976251,MOVE_JOINT
2.046000,0.454823,-0.125996,-0.142129,-0.008548,-0.028514,-0.000011,2.975766,MOVE_JOINT
2.047000,0.454818,-0.126023,-0.142128,-0.007285,-0.028154,0.000430,2.975072,MOVE_JOINT
2.048000,0.454810,-0.126054,-0.142126,-0.007799,-0.028998,0.000649,2.974233,MOVE_JOINT
2.049000,0.454804,-0.126079,-0.142127,-0.007224,-0.027772,0.000469,2.973402,MOVE_JOINT
2.050000,0.454793,-0.126108,-0.142128,-0.008966,-0.027790,-0.000498,2.972776,MOVE_JOINT
2.051000,0.454786,-0.126139,-0.142128,-0.008021,-0.028675,0.000012,2.972520,MOVE_JOINT
2.052000,0.454774,-0.126169,-0.142129,-0.009820,-0.029019,-0.000597,2.972702,MOVE_JOINT
2.053000,0.454763,-0.126199,-0.142130,-0.009725,-0.029404,-0.000287,2.973291,MOVE_JOINT
2.054000,0.454756,-0.126228,-0.142129,-0.009683,-0.029555,-0.000307,2.974199,MOVE_JOINT
2.055000,0.454753,-0.126258,-0.142126,-0.007755,-0.029555,0.000638,2.975333,MOVE_JOINT
2.056000,0.454744,-0.126288,-0.142126,-0.008899,-0.029538,0.000150,2.976632,MOVE_JOINT
2.057000,0.454735,-0.126321,-0.142126,-0.008811,-0.030238,0.000067,2.978076,MOVE_JOINT
2.058000,0.454727,-0.126348,-0.142127,-0.008571,-0.028948,0.000076,2.979660,MOVE_JOINT
2.059000,0.454719,-0.126379,-0.142126,-0.008937,-0.029529,-0.000010,2.981366,MOVE_JOINT
2.060000,0.454710,-0.126409,-0.142126,-0.008339,-0.029394,-0.000033,2.983168,MOVE_JOINT
2.061000,0.454703,-0.126441,-0.142124,-0.008612,-0.029492,-0.000035,2.985026,MOVE_JOINT
2.062000,0.454692,-0.126475,-0.142126,-0.009314,-0.030052,-0.000606,2.986868,MOVE_JOINT
2.063000,0.454684,-0.126505,-0.142125,-0.008669,-0.029939,-0.000088,2.988572,MOVE_JOINT
2.064000,0.454672,-0.126534,-0.142128,-0.009404,-0.029935,-0.000707,2.989976,MOVE_JOINT
2.065000,0.454665,-0.126565,-0.142126,-0.008341,-0.030023,-0.000040,2.990909,MOVE_JOINT
2.066000,0.454656,-0.126597,-0.142125,-0.008332,-0.030361,0.000214,2.991228,MOVE_JOINT
2.067000,0.454650,-0.126625,-0.142124,-0.007986,-0.030056,0.000390,2.990859,MOVE_JOINT
2.068000,0.454640,-0.126654,-0.142127,-0.008485,-0.030056,-0.000412,2.989809,MOVE_JOINT
2.069000,0.454633,-0.126683,-0.142126,-0.008215,-0.029691,-0.000071,2.988125,MOVE_JOINT
2.070000,0.454620,-0.126712,-0.142128,-0.008674,-0.029679,-0.000158,2.985848,MOVE_JOINT
2.071000,0.454612,-0.126744,-0.142127,-0.008528,-0.030176,0.000120,2.983023,MOVE_JOINT
2.072000,0.454603,-0.126776,-0.142127,-0.008454,-0.030521,0.000402,2.979730,MOVE_JOINT
2.073000,0.454598,-0.126808,-0.142125,-0.008451,-0.031531,0.000359,2.976096,MOVE_JOINT
2.074000,0.454588,-0.126836,-0.142126,-0.009002,-0.031057,0.000169,2.972264,MOVE_JOINT
2.075000,0.454578,-0.126867,-0.142127,-0.008931,-0.030832,0.000184,2.968363,MOVE_JOINT
2.076000,0.454573,-0.126898,-0.142125,-0.007972,-0.031088,0.000661,2.964491,MOVE_JOINT
2.077000,0.454563,-0.126928,-0.142126,-0.008387,-0.030732,0.000553,2.960732,MOVE_JOINT
2.078000,0.454553,-0.126961,-0.142126,-0.008891,-0.031737,0.000738,2.957169,MOVE_JOINT
2.079000,0.454547,-0.126991,-0.142125,-0.007533,-0.031246,0.000892,2.953896,MOVE_JOINT
2.080000,0.454538,-0.127022,-0.142124,-0.007893,-0.031228,0.001195,2.951011,MOVE_JOINT
2.081000,0.454523,-0.127053,-0.142128,-0.010046,-0.030853,-0.000361,2.948602,MOVE_JOINT
2.082000,0.454518,-0.127084,-0.142125,-0.008277,-0.031440,0.000669,2.946713,MOVE_JOINT
2.083000,0.454508,-0.127115,-0.142126,-0.008352,-0.030910,0.000465,2.945312,MOVE_JOINT
2.084000,0.454498,-0.127148,-0.142127,-0.007852,-0.031428,0.000580,2.944306,MOVE_JOINT
2.085000,0.454491,-0.127178,-0.142125,-0.007483,-0.030899,0.001036,2.943568,MOVE_JOINT
2.086000,0.454478,-0.127212,-0.142127,-0.009455,-0.031739,-0.000185,2.942961,MOVE_JOINT
2.087000,0.454471,-0.127244,-0.142127,-0.008784,-0.031932,-0.000009,2.942329,MOVE_JOINT
2.088000,0.454461,-0.127276,-0.142126,-0.008756,-0.032156,0.000458,2.941470,MOVE_JOINT
2.089000,0.454452,-0.127305,-0.142127,-0.008824,-0.031136,-0.000051,2.940165,MOVE_JOINT
2.090000,0.454440,-0.127338,-0.142128,-0.009945,-0.031375,-0.000378,2.938218,MOVE_JOINT
2.091000,0.454428,-0.127370,-0.142129,-0.010507,-0.031491,-0.000505,2.935473,MOVE_JOINT
2.092000,0.454420,-0.127407,-0.142127,-0.009948,-0.033826,0.000141,2.931805,MOVE_JOINT
2.093000,0.454412,-0.127437,-0.142127,-0.010101,-0.033148,0.000018,2.927131,MOVE_JOINT
2.094000,0.454397,-0.127467,-0.142130,-0.011521,-0.032540,-0.001141,2.921409,MOVE_JOINT
2.095000,0.454385,-0.127500,-0.142131,-0.011560,-0.032510,-0.000634,2.914610,MOVE_JOINT
2.096000,0.454376,-0.127533,-0.142130,-0.010959,-0.032681,-0.000232,2.906710,MOVE_JOINT
2.097000,0.454367,-0.127563,-0.142130,-0.010639,-0.031796,-0.000272,2.897741,MOVE_JOINT
2.098000,0.454354,-0.127595,-0.142131,-0.011404,-0.032285,-0.000819,2.887826,MOVE_JOINT
2.099000,0.454345,-0.127629,-0.142131,-0.010225,-0.032585,-0.000248,2.877136,MOVE_JOINT
2.100000,0.454331,-0.127661,-0.142134,-0.012262,-0.032881,-0.001559,2.865829,MOVE_JOINT
2.101000,0.454325,-0.127692,-0.142131,-0.010386,-0.031941,-0.000218,2.854006,MOVE_JOINT
2.102000,0.454316,-0.127727,-0.142130,-0.009787,-0.032737,0.000199,2.841741,MOVE_JOINT
2.103000,0.454301,-0.127755,-0.142133,-0.011580,-0.031399,-0.000802,2.829153,MOVE_JOINT
2.104000,0.454287,-0.127791,-0.142135,-0.012563,-0.032222,-0.001223,2.816420,MOVE_JOINT
2.105000,0.454282,-0.127825,-0.142131,-0.010004,-0.033016,0.000234,2.803724,MOVE_JOINT
2.106000,0.454270,-0.127858,-0.142132,-0.009888,-0.033144,0.000371,2.791228,MOVE_JOINT
2.107000,0.454258,-0.127888,-0.142134,-0.010141,-0.031611,-0.000342,2.779096,MOVE_JOINT
2.108000,0.454250,-0.127923,-0.142131,-0.009134,-0.032871,0.000922,2.767510,MOVE_JOINT
2.109000,0.454240,-0.127954,-0.142132,-0.009188,-0.031857,0.000563,2.756658,MOVE_JOINT
2.110000,0.454225,-0.127986,-0.142134,-0.011130,-0.032224,-0.000283,2.746741,MOVE_JOINT
2.111000,0.454214,-0.128019,-0.142134,-0.011535,-0.032377,-0.000442,2.737934,MOVE_JOINT
2.112000,0.454203,-0.128051,-0.142136,-0.011786,-0.032452,-0.001110,2.730317,MOVE_JOINT
2.113000,0.454197,-0.128085,-0.142133,-0.009574,-0.032859,0.000273,2.723841,MOVE_JOINT
2.114000,0.454188,-0.128120,-0.142131,-0.009376,-0.033749,0.000816,2.718376,MOVE_JOINT
2.115000,0.454178,-0.128154,-0.142132,-0.009677,-0.033980,0.000393,2.713809,MOVE_JOINT
2.116000,0.454167,-0.128189,-0.142131,-0.009574,-0.034001,0.000589,2.710092,MOVE_JOINT
2.117000,0.454157,-0.128219,-0.142132,-0.009401,-0.032445,0.000404,2.707218,MOVE_JOINT
2.118000,0.454147,-0.128252,-0.142132,-0.008999,-0.032868,0.000604,2.705191,MOVE_JOINT
2.119000,0.454138,-0.128286,-0.142131,-0.009284,-0.032994,0.000339,2.704018,MOVE_JOINT
2.120000,0.454129,-0.128318,-0.142131,-0.008814,-0.032909,0.000418,2.703689,MOVE_JOINT
2.121000,0.454116,-0.128349,-0.142133,-0.010403,-0.032500,-0.000545,2.704146,MOVE_JOINT
2.122000,0.454109,-0.128387,-0.142130,-0.009285,-0.034558,0.000863,2.705266,MOVE_JOINT
2.123000,0.454094,-0.128419,-0.142133,-0.010669,-0.033952,-0.000096,2.706891,MOVE_JOINT
2.124000,0.454086,-0.128451,-0.142133,-0.010226,-0.033422,-0.000257,2.708863,MOVE_JOINT
2.125000,0.454076,-0.128486,-0.142131,-0.010080,-0.034261,0.000360,2.711026,MOVE_JOINT
2.126000,0.454065,-0.128517,-0.142133,-0.011057,-0.033025,-0.000778,2.713219,MOVE_JOINT
2.127000,0.454060,-0.128552,-0.142130,-0.008989,-0.034171,0.000696,2.715288,MOVE_JOINT
2.128000,0.454046,-0.128586,-0.142131,-0.009973,-0.033509,0.000072,2.717102,MOVE_JOINT
2.129000,0.454038,-0.128619,-0.142131,-0.009407,-0.033723,0.000261,2.718581,MOVE_JOINT
2.130000,0.454030,-0.128653,-0.142130,-0.008747,-0.033551,0.000517,2.719695,MOVE_JOINT
2.131000,0.454015,-0.128685,-0.142132,-0.010461,-0.033681,-0.000013,2.720444,MOVE_JOINT
2.132000,0.454005,-0.128720,-0.142132,-0.009299,-0.034050,0.000428,2.720847,MOVE_JOINT
2.133000,0.453993,-0.128752,-0.142132,-0.009713,-0.033459,0.000407,2.720938,MOVE_JOINT
2.134000,0.453983,-0.128784,-0.142133,-0.009264,-0.033385,0.000498,2.720780,MOVE_JOINT
2.135000,0.453971,-0.128821,-0.142133,-0.010337,-0.034767,0.000292,2.720461,MOVE_JOINT
2.136000,0.453959,-0.128854,-0.142134,-0.011529,-0.034142,-0.000663,2.720057,MOVE_JOINT
2.137000,0.453950,-0.128891,-0.142132,-0.010559,-0.034489,0.000194,2.719582,MOVE_JOINT
2.138000,0.453936,-0.128925,-0.142135,-0.012016,-0.034879,-0.000740,2.718978,MOVE_JOINT
2.139000,0.453929,-0.128959,-0.142133,-0.010260,-0.034219,0.000221,2.718146,MOVE_JOINT
2.140000,0.453918,-0.128995,-0.142133,-0.011172,-0.035192,-0.000140,2.716986,MOVE_JOINT
2.141000,0.453910,-0.129028,-0.142131,-0.010101,-0.034446,0.000474,2.715440,MOVE_JOINT
2.142000,0.453898,-0.129065,-0.142131,-0.011087,-0.035151,-0.000148,2.713503,MOVE_JOINT
2.143000,0.453883,-0.129100,-0.142133,-0.012513,-0.035020,-0.000773,2.711208,MOVE_JOINT
2.144000,0.453872,-0.129134,-0.142133,-0.012497,-0.034887,-0.000734,2.708576,MOVE_JOINT
2.145000,0.453864,-0.129168,-0.142132,-0.011015,-0.034547,-0.000080,2.705586,MOVE_JOINT
2.146000,0.453853,-0.129201,-0.142133,-0.011329,-0.033794,-0.000644,2.702215,MOVE_JOINT
2.147000,0.453842,-0.129234,-0.142133,-0.010843,-0.033603,-0.000157,2.698465,MOVE_JOINT
2.148000,0.453832,-0.129270,-0.142131,-0.010738,-0.034434,0.000294,2.694383,MOVE_JOINT
2.149000,0.453820,-0.129307,-0.142132,-0.010779,-0.034484,-0.000039,2.690075,MOVE_JOINT
2.150000,0.453804,-0.129339,-0.142135,-0.012292,-0.033667,-0.000997,2.685682,MOVE_JOINT
2.151000,0.453798,-0.129375,-0.142132,-0.010338,-0.034537,0.000048,2.681316,MOVE_JOINT
2.152000,0.453786,-0.129409,-0.142132,-0.011333,-0.034679,-0.000243,2.677024,MOVE_JOINT
2.153000,0.453779,-0.129444,-0.142130,-0.010358,-0.034759,0.000436,2.672817,MOVE_JOINT
2.154000,0.453767,-0.129477,-0.142131,-0.011013,-0.034451,-0.000365,2.668717,MOVE_JOINT
2.155000,0.453754,-0.129512,-0.142131,-0.011287,-0.034528,-0.000199,2.664748,MOVE_JOINT
2.156000,0.453741,-0.129548,-0.142131,-0.011284,-0.035147,0.000114,2.660918,MOVE_JOINT
2.157000,0.453730,-0.129585,-0.142131,-0.010528,-0.035983,0.000568,2.657222,MOVE_JOINT
2.158000,0.453715,-0.129621,-0.142132,-0.012016,-0.036195,-0.000091,2.653670,MOVE_JOINT
2.159000,0.453703,-0.129658,-0.142131,-0.012776,-0.036767,-0.000037,2.650286,MOVE_JOINT
2.160000,0.453696,-0.129695,-0.142128,-0.011288,-0.036564,0.000734,2.647086,MOVE_JOINT
2.161000,0.453687,-0.129730,-0.142126,-0.010909,-0.036037,0.001043,2.644107,MOVE_JOINT
2.162000,0.453673,-0.129769,-0.142126,-0.011990,-0.036901,0.000769,2.641437,MOVE_JOINT
2.163000,0.453661,-0.129806,-0.142125,-0.011448,-0.036945,0.001011,2.639214,MOVE_JOINT
2.164000,0.453654,-0.129842,-0.142121,-0.010462,-0.036960,0.001726,2.637589,MOVE_JOINT
2.165000,0.453641,-0.129877,-0.142122,-0.011374,-0.036954,0.000882,2.636695,MOVE_JOINT
2.166000,0.453630,-0.129912,-0.142120,-0.010862,-0.036133,0.001321,2.636635,MOVE_JOINT
2.167000,0.453624,-0.129951,-0.142114,-0.009365,-0.037018,0.002728,2.637462,MOVE_JOINT
2.168000,0.453611,-0.129986,-0.142114,-0.010293,-0.036099,0.002005,2.639227,MOVE_JOINT
2.169000,0.453603,-0.130023,-0.142109,-0.009954,-0.035988,0.002718,2.642023,MOVE_JOINT
2.170000,0.453591,-0.130064,-0.142105,-0.011139,-0.037638,0.002512,2.645981,MOVE_JOINT
2.171000,0.453584,-0.130098,-0.142102,-0.010069,-0.036516,0.002730,2.651229,MOVE_JOINT
2.172000,0.453573,-0.130135,-0.142100,-0.010213,-0.036850,0.002960,2.657856,MOVE_JOINT
2.173000,0.453570,-0.130172,-0.142094,-0.008514,-0.036774,0.003529,2.665878,MOVE_JOINT
2.174000,0.453556,-0.130211,-0.142093,-0.010462,-0.037227,0.002273,2.675222,MOVE_JOINT
2.175000,0.453542,-0.130245,-0.142094,-0.010644,-0.036512,0.002004,2.685689,MOVE_JOINT
2.176000,0.453539,-0.130283,-0.142089,-0.008305,-0.036618,0.002717,2.696902,MOVE_JOINT
2.177000,0.453527,-0.130323,-0.142088,-0.009451,-0.037580,0.002263,2.708343,MOVE_JOINT
2.178000,0.453514,-0.130360,-0.142090,-0.011257,-0.037084,0.000856,2.719394,MOVE_JOINT
2.179000,0.453508,-0.130396,-0.142086,-0.009885,-0.036322,0.001313,2.729366,MOVE_JOINT
2.180000,0.453497,-0.130435,-0.142086,-0.010774,-0.036945,0.000898,2.737511,MOVE_JOINT
2.181000,0.453492,-0.130472,-0.142082,-0.009560,-0.037031,0.001641,2.743106,MOVE_JOINT
2.182000,0.453482,-0.130508,-0.142082,-0.008788,-0.036632,0.001799,2.745556,MOVE_JOINT
2.183000,0.453473,-0.130547,-0.142079,-0.008285,-0.037487,0.002451,2.744475,MOVE_JOINT
2.184000,0.453463,-0.130582,-0.142077,-0.009219,-0.036544,0.001973,2.739726,MOVE_JOINT
2.185000,0.453461,-0.130617,-0.142072,-0.007503,-0.036153,0.003054,2.731418,MOVE_JOINT
2.186000,0.453447,-0.130656,-0.142071,-0.009646,-0.036653,0.001988,2.719886,MOVE_JOINT
2.187000,0.453439,-0.130693,-0.142069,-0.008372,-0.036708,0.002583,2.705634,MOVE_JOINT
2.188000,0.453433,-0.130732,-0.142065,-0.007473,-0.037646,0.003207,2.689249,MOVE_JOINT
2.189000,0.453421,-0.130772,-0.142063,-0.008087,-0.038218,0.003007,2.671346,MOVE_JOINT
2.190000,0.453411,-0.130805,-0.142062,-0.008794,-0.036718,0.002298,2.652527,MOVE_JOINT
2.191000,0.453402,-0.130842,-0.142062,-0.009921,-0.037032,0.001300,2.633330,MOVE_JOINT
2.192000,0.453393,-0.130879,-0.142059,-0.009853,-0.037093,0.001649,2.614151,MOVE_JOINT
2.193000,0.453384,-0.130917,-0.142057,-0.009368,-0.037265,0.001954,2.595226,MOVE_JOINT
2.194000,0.453378,-0.130956,-0.142053,-0.008071,-0.037433,0.002928,2.576706,MOVE_JOINT
2.195000,0.453368,-0.130991,-0.142052,-0.008825,-0.036712,0.002337,2.558756,MOVE_JOINT
2.196000,0.453356,-0.131027,-0.142052,-0.009915,-0.036787,0.001314,2.541583,MOVE_JOINT
2.197000,0.453353,-0.131063,-0.142046,-0.007658,-0.036457,0.003016,2.525383,MOVE_JOINT
2.198000,0.453342,-0.131102,-0.142045,-0.008885,-0.037664,0.002494,2.510316,MOVE_JOINT
2.199000,0.453335,-0.131137,-0.142042,-0.008044,-0.036141,0.002460,2.496551,MOVE_JOINT
2.200000,0.453323,-0.131176,-0.142040,-0.008992,-0.036881,0.002296,2.484265,MOVE_JOINT
2.201000,0.453310,-0.131215,-0.142041,-0.011104,-0.037765,0.000848,2.473588,MOVE_JOINT
2.202000,0.453302,-0.131252,-0.142038,-0.010594,-0.037996,0.001653,2.464528,MOVE_JOINT
2.203000,0.453295,-0.131291,-0.142034,-0.009404,-0.038380,0.002322,2.456952,MOVE_JOINT
2.204000,0.453283,-0.131329,-0.142034,-0.010851,-0.038112,0.001084,2.450662,MOVE_JOINT
2.205000,0.453279,-0.131364,-0.142029,-0.008745,-0.037280,0.002123,2.445449,MOVE_JOINT
2.206000,0.453267,-0.131399,-0.142030,-0.009504,-0.036867,0.001578,2.441099,MOVE_JOINT
2.207000,0.453251,-0.131436,-0.142031,-0.011646,-0.037019,0.000630,2.437405,MOVE_JOINT
2.208000,0.453243,-0.131475,-0.142028,-0.011404,-0.037738,0.000902,2.434163,MOVE_JOINT
2.209000,0.453236,-0.131512,-0.142024,-0.010427,-0.037571,0.001507,2.431153,MOVE_JOINT
2.210000,0.453223,-0.131551,-0.142024,-0.011121,-0.037771,0.001550,2.428177,MOVE_JOINT
2.211000,0.453212,-0.131586,-0.142023,-0.010650,-0.037160,0.001571,2.425109,MOVE_JOINT
2.212000,0.453207,-0.131626,-0.142019,-0.008627,-0.037917,0.002224,2.421923,MOVE_JOINT
2.213000,0.453193,-0.131665,-0.142018,-0.010457,-0.037896,0.001575,2.418644,MOVE_JOINT
2.214000,0.453186,-0.131701,-0.142015,-0.008672,-0.037659,0.002233,2.415310,MOVE_JOINT
2.215000,0.453173,-0.131736,-0.142016,-0.009635,-0.036468,0.001405,2.411944,MOVE_JOINT
2.216000,0.453163,-0.131776,-0.142013,-0.010339,-0.037420,0.001347,2.408545,MOVE_JOINT
2.217000,0.453151,-0.131813,-0.142012,-0.010161,-0.037864,0.001836,2.405082,MOVE_JOINT
2.218000,0.453144,-0.131854,-0.142010,-0.009149,-0.038357,0.001829,2.401506,MOVE_JOINT
2.219000,0.453131,-0.131892,-0.142008,-0.010523,-0.038541,0.001750,2.397773,MOVE_JOINT
2.220000,0.453123,-0.131928,-0.142006,-0.009193,-0.037869,0.002224,2.393856,MOVE_JOINT
2.221000,0.453111,-0.131970,-0.142004,-0.009922,-0.039019,0.002208,2.389769,MOVE_JOINT
2.222000,0.453097,-0.132009,-0.142004,-0.011393,-0.039062,0.001306,2.385574,MOVE_JOINT
2.223000,0.453089,-0.132045,-0.142002,-0.010608,-0.038066,0.001350,2.381344,MOVE_JOINT
2.224000,0.453078,-0.132081,-0.142001,-0.011070,-0.037628,0.001213,2.377108,MOVE_JOINT
2.225000,0.453068,-0.132121,-0.141998,-0.010212,-0.038058,0.001671,2.372853,MOVE_JOINT
2.226000,0.453055,-0.132160,-0.141998,-0.010705,-0.038411,0.001571,2.368565,MOVE_JOINT
2.227000,0.453044,-0.132198,-0.141996,-0.010869,-0.038761,0.001787,2.364251,MOVE_JOINT
2.228000,0.453039,-0.132233,-0.141992,-0.009821,-0.037838,0.002090,2.359952,MOVE_JOINT
2.229000,0.453025,-0.132274,-0.141992,-0.011155,-0.038631,0.001441,2.355742,MOVE_JOINT
2.230000,0.453019,-0.132313,-0.141987,-0.009510,-0.038346,0.002245,2.351713,MOVE_JOINT
2.231000,0.453003,-0.132349,-0.141989,-0.011350,-0.037784,0.001127,2.347948,MOVE_JOINT
2.232000,0.452995,-0.132383,-0.141986,-0.010231,-0.036241,0.001646,2.344509,MOVE_JOINT
2.233000,0.452983,-0.132424,-0.141986,-0.011017,-0.037863,0.001312,2.341433,MOVE_JOINT
2.234000,0.452974,-0.132464,-0.141983,-0.010046,-0.038362,0.002074,2.338740,MOVE_JOINT
2.235000,0.452961,-0.132502,-0.141982,-0.010988,-0.038372,0.001411,2.336434,MOVE_JOINT
2.236000,0.452954,-0.132538,-0.141979,-0.010057,-0.038223,0.002082,2.334510,MOVE_JOINT
2.237000,0.452942,-0.132576,-0.141979,-0.009892,-0.038238,0.001909,2.332958,MOVE_JOINT
2.238000,0.452933,-0.132614,-0.141976,-0.009473,-0.037993,0.002131,2.331780,MOVE_JOINT
2.239000,0.452919,-0.132653,-0.141976,-0.010163,-0.037871,0.001760,2.330977,MOVE_JOINT
2.240000,0.452908,-0.132695,-0.141973,-0.009827,-0.039018,0.002445,2.330546,MOVE_JOINT
2.241000,0.452892,-0.132734,-0.141975,-0.011750,-0.038910,0.001082,2.330477,MOVE_JOINT
2.242000,0.452888,-0.132771,-0.141968,-0.009233,-0.038064,0.002869,2.330745,MOVE_JOINT
2.243000,0.452873,-0.132812,-0.141969,-0.010363,-0.039347,0.002344,2.331330,MOVE_JOINT
2.244000,0.452865,-0.132852,-0.141966,-0.010029,-0.039438,0.002175,2.332248,MOVE_JOINT
2.245000,0.452850,-0.132889,-0.141966,-0.011633,-0.039232,0.001435,2.333522,MOVE_JOINT
2.246000,0.452839,-0.132928,-0.141964,-0.011516,-0.039340,0.001786,2.335112,MOVE_JOINT
2.247000,0.452829,-0.132968,-0.141962,-0.010560,-0.039329,0.001903,2.336905,MOVE_JOINT
2.248000,0.452815,-0.133006,-0.141962,-0.012042,-0.038873,0.001362,2.338767,MOVE_JOINT
2.249000,0.452807,-0.133045,-0.141958,-0.010912,-0.038795,0.001774,2.340559,MOVE_JOINT
2.250000,0.452793,-0.133087,-0.141958,-0.011859,-0.039710,0.001275,2.342147,MOVE_JOINT
2.251000,0.452781,-0.133123,-0.141956,-0.011676,-0.038606,0.001735,2.343404,MOVE_JOINT
2.252000,0.452770,-0.133160,-0.141956,-0.011364,-0.038149,0.001329,2.344228,MOVE_JOINT
2.253000,0.452762,-0.133202,-0.141950,-0.010201,-0.039454,0.002682,2.344571,MOVE_JOINT
2.254000,0.452747,-0.133238,-0.141951,-0.011908,-0.039140,0.001479,2.344457,MOVE_JOINT
2.255000,0.452735,-0.133276,-0.141950,-0.011775,-0.038480,0.001407,2.343970,MOVE_JOINT
2.256000,0.452721,-0.133317,-0.141948,-0.012147,-0.039029,0.001446,2.343204,MOVE_JOINT
2.257000,0.452714,-0.133356,-0.141944,-0.011319,-0.038775,0.001744,2.342224,MOVE_JOINT
2.258000,0.452700,-0.133399,-0.141944,-0.012520,-0.039847,0.001287,2.341080,MOVE_JOINT
2.259000,0.452692,-0.133439,-0.141940,-0.010744,-0.039350,0.002046,2.339809,MOVE_JOINT
2.260000,0.452681,-0.133480,-0.141936,-0.010303,-0.039749,0.002666,2.338448,MOVE_JOINT
2.261000,0.452665,-0.133523,-0.141935,-0.011099,-0.040388,0.002576,2.337083,MOVE_JOINT
2.262000,0.452657,-0.133560,-0.141932,-0.009452,-0.039617,0.003199,2.335872,MOVE_JOINT
2.263000,0.452644,-0.133601,-0.141931,-0.010499,-0.039381,0.002493,2.335033,MOVE_JOINT
2.264000,0.452629,-0.133641,-0.141930,-0.012032,-0.039318,0.002156,2.334779,MOVE_JOINT
2.265000,0.452616,-0.133684,-0.141928,-0.012425,-0.040215,0.001606,2.335255,MOVE_JOINT
2.266000,0.452602,-0.133721,-0.141928,-0.013475,-0.039270,0.000967,2.336489,MOVE_JOINT
2.267000,0.452592,-0.133763,-0.141925,-0.012671,-0.040285,0.001194,2.338350,MOVE_JOINT
2.268000,0.452585,-0.133804,-0.141920,-0.011473,-0.040570,0.002149,2.340569,MOVE_JOINT
2.269000,0.452568,-0.133843,-0.141921,-0.012333,-0.040116,0.001799,2.342819,MOVE_JOINT
2.270000,0.452559,-0.133884,-0.141918,-0.011820,-0.040491,0.001831,2.344820,MOVE_JOINT
2.271000,0.452544,-0.133924,-0.141919,-0.013336,-0.040264,0.000996,2.346367,MOVE_JOINT
2.272000,0.452534,-0.133968,-0.141914,-0.011781,-0.041700,0.002425,2.347302,MOVE_JOINT
2.273000,0.452525,-0.134007,-0.141912,-0.011122,-0.041079,0.002263,2.347521,MOVE_JOINT
2.274000,0.452509,-0.134045,-0.141913,-0.012739,-0.040841,0.001353,2.346990,MOVE_JOINT
2.275000,0.452500,-0.134087,-0.141911,-0.010877,-0.040959,0.002032,2.345723,MOVE_JOINT
2.276000,0.452488,-0.134125,-0.141910,-0.011575,-0.040169,0.001663,2.343726,MOVE_JOINT
2.277000,0.452479,-0.134167,-0.141906,-0.010419,-0.040773,0.002301,2.341003,MOVE_JOINT
2.278000,0.452468,-0.134206,-0.141905,-0.010303,-0.040417,0.001901,2.337587,MOVE_JOINT
2.279000,0.452455,-0.134248,-0.141905,-0.011137,-0.040789,0.001348,2.333533,MOVE_JOINT
2.280000,0.452441,-0.134286,-0.141904,-0.012020,-0.040061,0.001088,2.328871,MOVE_JOINT
2.281000,0.452431,-0.134330,-0.141902,-0.011475,-0.041436,0.001439,2.323587,MOVE_JOINT
2.282000,0.452420,-0.134369,-0.141899,-0.011420,-0.041228,0.001938,2.317644,MOVE_JOINT
2.283000,0.452406,-0.134409,-0.141900,-0.012044,-0.041172,0.001269,2.311042,MOVE_JOINT
2.284000,0.452398,-0.134447,-0.141897,-0.010889,-0.040278,0.001669,2.303838,MOVE_JOINT
2.285000,0.452391,-0.134488,-0.141893,-0.009645,-0.040870,0.002713,2.296129,MOVE_JOINT
2.286000,0.452375,-0.134526,-0.141894,-0.011099,-0.040154,0.001873,2.288067,MOVE_JOINT
2.287000,0.452362,-0.134566,-0.141895,-0.011975,-0.040292,0.000942,2.279855,MOVE_JOINT
2.288000,0.452348,-0.134605,-0.141894,-0.012421,-0.039842,0.001171,2.271674,MOVE_JOINT
2.289000,0.452335,-0.134648,-0.141893,-0.012646,-0.040949,0.001195,2.263627,MOVE_JOINT
2.290000,0.452328,-0.134686,-0.141891,-0.011963,-0.040380,0.001063,2.255752,MOVE_JOINT
2.291000,0.452316,-0.134727,-0.141889,-0.012294,-0.040391,0.000877,2.248044,MOVE_JOINT
2.292000,0.452302,-0.134771,-0.141887,-0.011781,-0.041291,0.001745,2.240461,MOVE_JOINT
2.293000,0.452290,-0.134810,-0.141887,-0.011988,-0.040500,0.001053,2.232956,MOVE_JOINT
2.294000,0.452274,-0.134853,-0.141886,-0.012607,-0.041096,0.001066,2.225507,MOVE_JOINT
2.295000,0.452264,-0.134893,-0.141884,-0.012263,-0.041497,0.001511,2.218119,MOVE_JOINT
2.296000,0.452249,-0.134933,-0.141884,-0.012109,-0.041285,0.001481,2.210812,MOVE_JOINT
2.297000,0.452235,-0.134979,-0.141882,-0.012956,-0.042512,0.001555,2.203636,MOVE_JOINT
2.298000,0.452221,-0.135018,-0.141883,-0.013289,-0.041177,0.000771,2.196665,MOVE_JOINT
2.299000,0.452208,-0.135063,-0.141882,-0.012735,-0.042514,0.001078,2.189950,MOVE_JOINT
2.300000,0.452199,-0.135102,-0.141879,-0.011967,-0.041533,0.001428,2.183481,MOVE_JOINT
2.301000,0.452187,-0.135145,-0.141878,-0.013000,-0.041880,0.000843,2.177192,MOVE_JOINT
2.302000,0.452173,-0.135187,-0.141876,-0.013428,-0.042082,0.001021,2.170998,MOVE_JOINT
2.303000,0.452162,-0.135226,-0.141875,-0.013232,-0.041700,0.000889,2.164819,MOVE_JOINT
2.304000,0.452149,-0.135268,-0.141873,-0.012269,-0.041187,0.001568,2.158588,MOVE_JOINT
2.305000,0.452138,-0.135308,-0.141872,-0.011787,-0.041025,0.001478,2.152292,MOVE_JOINT
2.306000,0.452122,-0.135352,-0.141872,-0.013433,-0.041739,0.000954,2.145974,MOVE_JOINT
2.307000,0.452110,-0.135393,-0.141871,-0.012351,-0.041243,0.001269,2.139700,MOVE_JOINT
2.308000,0.452098,-0.135431,-0.141870,-0.011497,-0.039822,0.001270,2.133528,MOVE_JOINT
2.309000,0.452083,-0.135477,-0.141869,-0.012402,-0.041219,0.001141,2.127499,MOVE_JOINT
2.310000,0.452073,-0.135516,-0.141866,-0.011822,-0.040608,0.001594,2.121647,MOVE_JOINT
2.311000,0.452055,-0.135563,-0.141867,-0.012889,-0.042726,0.001366,2.116009,MOVE_JOINT
2.312000,0.452043,-0.135604,-0.141864,-0.012627,-0.042182,0.001699,2.110625,MOVE_JOINT
2.313000,0.452032,-0.135643,-0.141863,-0.013343,-0.041830,0.000928,2.105535,MOVE_JOINT
2.314000,0.452022,-0.135689,-0.141859,-0.012736,-0.043111,0.002146,2.100765,MOVE_JOINT
2.315000,0.452008,-0.135731,-0.141860,-0.013329,-0.042249,0.001003,2.096330,MOVE_JOINT
2.316000,0.451997,-0.135777,-0.141856,-0.012759,-0.043255,0.001643,2.092238,MOVE_JOINT
2.317000,0.451983,-0.135818,-0.141855,-0.012763,-0.042697,0.001502,2.088462,MOVE_JOINT
2.318000,0.451966,-0.135858,-0.141856,-0.013521,-0.041731,0.000792,2.084938,MOVE_JOINT
2.319000,0.451958,-0.135902,-0.141851,-0.011302,-0.042742,0.002495,2.081584,MOVE_JOINT
2.320000,0.451944,-0.135940,-0.141851,-0.012475,-0.042021,0.001602,2.078337,MOVE_JOINT
2.321000,0.451931,-0.135983,-0.141849,-0.012423,-0.042136,0.001750,2.075187,MOVE_JOINT
2.322000,0.451920,-0.136026,-0.141846,-0.012072,-0.042558,0.002311,2.072162,MOVE_JOINT
2.323000,0.451906,-0.136068,-0.141844,-0.012589,-0.042218,0.002150,2.069319,MOVE_JOINT
2.324000,0.451892,-0.136108,-0.141845,-0.013105,-0.041552,0.000993,2.066727,MOVE_JOINT
2.325000,0.451881,-0.136151,-0.141840,-0.012304,-0.041747,0.002179,2.064425,MOVE_JOINT
2.326000,0.451867,-0.136194,-0.141839,-0.013275,-0.042437,0.001719,2.062391,MOVE_JOINT
2.327000,0.451850,-0.136236,-0.141839,-0.014623,-0.042491,0.001040,2.060566,MOVE_JOINT
2.328000,0.451840,-0.136279,-0.141836,-0.012954,-0.042559,0.001752,2.058865,MOVE_JOINT
2.329000,0.451827,-0.136320,-0.141834,-0.012590,-0.041986,0.001856,2.057166,MOVE_JOINT
2.330000,0.451811,-0.136366,-0.141832,-0.014061,-0.043001,0.001779,2.055346,MOVE_JOINT
2.331000,0.451799,-0.136406,-0.141831,-0.013512,-0.042758,0.001740,2.053324,MOVE_JOINT
2.332000,0.451785,-0.136450,-0.141829,-0.013176,-0.043233,0.002042,2.051061,MOVE_JOINT
2.333000,0.451766,-0.136491,-0.141830,-0.014668,-0.042230,0.001239,2.048547,MOVE_JOINT
2.334000,0.451754,-0.136536,-0.141828,-0.014001,-0.043185,0.001517,2.045784,MOVE_JOINT
2.335000,0.451743,-0.136577,-0.141826,-0.013303,-0.042251,0.001541,2.042755,MOVE_JOINT
2.336000,0.451731,-0.136622,-0.141824,-0.012623,-0.042911,0.001979,2.039419,MOVE_JOINT
2.337000,0.451714,-0.136663,-0.141824,-0.013281,-0.042522,0.001539,2.035721,MOVE_JOINT
2.338000,0.451704,-0.136706,-0.141821,-0.013450,-0.042720,0.001595,2.031620,MOVE_JOINT
2.339000,0.451690,-0.136745,-0.141822,-0.013786,-0.041606,0.000839,2.027082,MOVE_JOINT
2.340000,0.451674,-0.136789,-0.141821,-0.014155,-0.041770,0.000807,2.022071,MOVE_JOINT
2.341000,0.451663,-0.136832,-0.141818,-0.013334,-0.041746,0.001140,2.016522,MOVE_JOINT
2.342000,0.451650,-0.136874,-0.141817,-0.013001,-0.041217,0.001039,2.010362,MOVE_JOINT
2.343000,0.451637,-0.136917,-0.141815,-0.012908,-0.041778,0.001446,2.003535,MOVE_JOINT
2.344000,0.451622,-0.136962,-0.141813,-0.013826,-0.042665,0.001145,1.996036,MOVE_JOINT
2.345000,0.451612,-0.137005,-0.141811,-0.012734,-0.042804,0.001479,1.987911,MOVE_JOINT
2.346000,0.451597,-0.137050,-0.141810,-0.013559,-0.043481,0.001241,1.979233,MOVE_JOINT
2.347000,0.451585,-0.137092,-0.141810,-0.012978,-0.042958,0.001163,1.970072,MOVE_JOINT
2.348000,0.451571,-0.137137,-0.141808,-0.012628,-0.043698,0.001715,1.960482,MOVE_JOINT
2.349000,0.451555,-0.137180,-0.141807,-0.013365,-0.043423,0.001663,1.950517,MOVE_JOINT
2.350000,0.451542,-0.137224,-0.141805,-0.013887,-0.043390,0.001255,1.940270,MOVE_JOINT
2.351000,0.451529,-0.137269,-0.141803,-0.014156,-0.044295,0.001483,1.929883,MOVE_JOINT
2.352000,0.451514,-0.137312,-0.141802,-0.014590,-0.044154,0.001488,1.919519,MOVE_JOINT
2.353000,0.451506,-0.137353,-0.141798,-0.012979,-0.042851,0.002030,1.909347,MOVE_JOINT
2.354000,0.451495,-0.137401,-0.141794,-0.012095,-0.044193,0.002641,1.899573,MOVE_JOINT
2.355000,0.451479,-0.137443,-0.141794,-0.013185,-0.043699,0.002158,1.890442,MOVE_JOINT
2.356000,0.451468,-0.137490,-0.141790,-0.013012,-0.044731,0.002352,1.882207,MOVE_JOINT
2.357000,0.451455,-0.137527,-0.141789,-0.012446,-0.042492,0.002309,1.875080,MOVE_JOINT
2.358000,0.451444,-0.137573,-0.141784,-0.012506,-0.043144,0.002769,1.869213,MOVE_JOINT
2.359000,0.451430,-0.137617,-0.141783,-0.013576,-0.042997,0.001834,1.864719,MOVE_JOINT
2.360000,0.451416,-0.137660,-0.141781,-0.014659,-0.043712,0.001436,1.861654,MOVE_JOINT
2.361000,0.451409,-0.137702,-0.141776,-0.011135,-0.043377,0.003179,1.859976,MOVE_JOINT
2.362000,0.451394,-0.137744,-0.141776,-0.012630,-0.042988,0.001971,1.859557,MOVE_JOINT
2.363000,0.451379,-0.137788,-0.141774,-0.013281,-0.043366,0.002018,1.860232,MOVE_JOINT
2.364000,0.451369,-0.137834,-0.141769,-0.011871,-0.044053,0.003089,1.861824,MOVE_JOINT
2.365000,0.451357,-0.137879,-0.141766,-0.011797,-0.044115,0.002997,1.864169,MOVE_JOINT
2.366000,0.451341,-0.137926,-0.141765,-0.013124,-0.045072,0.002596,1.867157,MOVE_JOINT
2.367000,0.451326,-0.137971,-0.141764,-0.013480,-0.045076,0.002381,1.870710,MOVE_JOINT
2.368000,0.451315,-0.138017,-0.141760,-0.012059,-0.045509,0.002937,1.874737,MOVE_JOINT
2.369000,0.451303,-0.138060,-0.141757,-0.011011,-0.044460,0.003446,1.879128,MOVE_JOINT
2.370000,0.451289,-0.138109,-0.141753,-0.011138,-0.045515,0.003880,1.883795,MOVE_JOINT
2.371000,0.451276,-0.138153,-0.141751,-0.012110,-0.045277,0.003083,1.888718,MOVE_JOINT
2.372000,0.451265,-0.138198,-0.141748,-0.011836,-0.045050,0.003207,1.893923,MOVE_JOINT
2.373000,0.451249,-0.138244,-0.141746,-0.013298,-0.044948,0.002551,1.899421,MOVE_JOINT
2.374000,0.451240,-0.138287,-0.141742,-0.011924,-0.044502,0.003088,1.905172,MOVE_JOINT
2.375000,0.451229,-0.138328,-0.141739,-0.011977,-0.043722,0.002904,1.911096,MOVE_JOINT
2.376000,0.451211,-0.138374,-0.141738,-0.013809,-0.044294,0.002259,1.917092,MOVE_JOINT
2.377000,0.451199,-0.138419,-0.141734,-0.013332,-0.044511,0.002531,1.923047,MOVE_JOINT
2.378000,0.451186,-0.138465,-0.141731,-0.013372,-0.045155,0.002850,1.928825,MOVE_JOINT
2.379000,0.451174,-0.138509,-0.141727,-0.013224,-0.045456,0.002932,1.934289,MOVE_JOINT
2.380000,0.451159,-0.138556,-0.141725,-0.013702,-0.045883,0.002852,1.939320,MOVE_JOINT
2.381000,0.451149,-0.138601,-0.141720,-0.013221,-0.045542,0.003181,1.943818,MOVE_JOINT
2.382000,0.451135,-0.138647,-0.141717,-0.013761,-0.045364,0.002796,1.947708,MOVE_JOINT
2.383000,0.451119,-0.138692,-0.141715,-0.014615,-0.044953,0.002407,1.950937,MOVE_JOINT
2.384000,0.451106,-0.138745,-0.141710,-0.014057,-0.047529,0.003413,1.953463,MOVE_JOINT
2.385000,0.451098,-0.138791,-0.141704,-0.012622,-0.046975,0.003907,1.955251,MOVE_JOINT
2.386000,0.451078,-0.138837,-0.141704,-0.014301,-0.046782,0.002834,1.956307,MOVE_JOINT
2.387000,0.451064,-0.138883,-0.141702,-0.014129,-0.046471,0.002825,1.956648,MOVE_JOINT
2.388000,0.451052,-0.138930,-0.141697,-0.012890,-0.046124,0.003401,1.956262,MOVE_JOINT
2.389000,0.451037,-0.138974,-0.141696,-0.013776,-0.045634,0.002783,1.955103,MOVE_JOINT
2.390000,0.451021,-0.139020,-0.141693,-0.014324,-0.045327,0.002620,1.953115,MOVE_JOINT
2.391000,0.451011,-0.139066,-0.141689,-0.013753,-0.045332,0.002604,1.950239,MOVE_JOINT
2.392000,0.450994,-0.139113,-0.141687,-0.014813,-0.045480,0.002140,1.946413,MOVE_JOINT
2.393000,0.450980,-0.139159,-0.141684,-0.013983,-0.045294,0.002576,1.941558,MOVE_JOINT
2.394000,0.450967,-0.139204,-0.141680,-0.014177,-0.045169,0.002708,1.935608,MOVE_JOINT
2.395000,0.450952,-0.139248,-0.141678,-0.014384,-0.045042,0.002455,1.928544,MOVE_JOINT
2.396000,0.450942,-0.139297,-0.141673,-0.013482,-0.046253,0.002911,1.920416,MOVE_JOINT
2.397000,0.450924,-0.139343,-0.141673,-0.014706,-0.046181,0.002147,1.911315,MOVE_JOINT
2.398000,0.450911,-0.139393,-0.141668,-0.014285,-0.047121,0.003117,1.901333,MOVE_JOINT
2.399000,0.450896,-0.139438,-0.141666,-0.014206,-0.046512,0.002773,1.890569,MOVE_JOINT
2.400000,0.450885,-0.139484,-0.141662,-0.013418,-0.046419,0.003390,1.879173,MOVE_JOINT
2.401000,0.450872,-0.139531,-0.141659,-0.013482,-0.046832,0.003141,1.867365,MOVE_JOINT
2.402000,0.450857,-0.139580,-0.141656,-0.013969,-0.047491,0.002846,1.855403,MOVE_JOINT
2.403000,0.450848,-0.139625,-0.141650,-0.012798,-0.046316,0.003569,1.843536,MOVE_JOINT
2.404000,0.450836,-0.139670,-0.141646,-0.012543,-0.046204,0.003506,1.831997,MOVE_JOINT
2.405000,0.450825,-0.139715,-0.141642,-0.012058,-0.045867,0.003964,1.821033,MOVE_JOINT
2.406000,0.450812,-0.139762,-0.141639,-0.012001,-0.045811,0.003738,1.810923,MOVE_JOINT
2.407000,0.450803,-0.139809,-0.141633,-0.010858,-0.046525,0.004596,1.801961,MOVE_JOINT
2.408000,0.450792,-0.139852,-0.141629,-0.011016,-0.045626,0.004365,1.794425,MOVE_JOINT
2.409000,0.450782,-0.139897,-0.141625,-0.010397,-0.045156,0.004573,1.788562,MOVE_JOINT
2.410000,0.450767,-0.139939,-0.141623,-0.011592,-0.044188,0.003621,1.784564,MOVE_JOINT
2.411000,0.450756,-0.139985,-0.141618,-0.011411,-0.044689,0.004119,1.782536,MOVE_JOINT
2.412000,0.450750,-0.140031,-0.141610,-0.009939,-0.045352,0.004992,1.782480,MOVE_JOINT
2.413000,0.450741,-0.140075,-0.141604,-0.008951,-0.044966,0.005625,1.784338,MOVE_JOINT
2.414000,0.450722,-0.140124,-0.141604,-0.013061,-0.046158,0.003741,1.788040,MOVE_JOINT
2.415000,0.450709,-0.140170,-0.141601,-0.013286,-0.046061,0.003356,1.793463,MOVE_JOINT
2.416000,0.450699,-0.140219,-0.141596,-0.012239,-0.047229,0.004182,1.800347,MOVE_JOINT
2.417000,0.450689,-0.140263,-0.141591,-0.010951,-0.046269,0.004741,1.808288,MOVE_JOINT
2.418000,0.450678,-0.140310,-0.141587,-0.010627,-0.046330,0.004566,1.816851,MOVE_JOINT
2.419000,0.450664,-0.140359,-0.141584,-0.011611,-0.047757,0.004376,1.825644,MOVE_JOINT
2.420000,0.450655,-0.140406,-0.141578,-0.010511,-0.047733,0.005114,1.834319,MOVE_JOINT
2.421000,0.450641,-0.140452,-0.141576,-0.011429,-0.047253,0.004263,1.842558,MOVE_JOINT
2.422000,0.450625,-0.140499,-0.141574,-0.012784,-0.047110,0.003400,1.850069,MOVE_JOINT
2.423000,0.450614,-0.140547,-0.141570,-0.012059,-0.047628,0.003967,1.856554,MOVE_JOINT
2.424000,0.450601,-0.140594,-0.141566,-0.012594,-0.047517,0.003880,1.861699,MOVE_JOINT
2.425000,0.450588,-0.140639,-0.141563,-0.012293,-0.046285,0.003658,1.865223,MOVE_JOINT
2.426000,0.450574,-0.140687,-0.141559,-0.013022,-0.047341,0.003686,1.866930,MOVE_JOINT
2.427000,0.450567,-0.140734,-0.141552,-0.011293,-0.047226,0.004926,1.866725,MOVE_JOINT
2.428000,0.450550,-0.140781,-0.141551,-0.013782,-0.047683,0.003512,1.864635,MOVE_JOINT
2.429000,0.450535,-0.140832,-0.141547,-0.013961,-0.048997,0.003898,1.860788,MOVE_JOINT
2.430000,0.450524,-0.140876,-0.141541,-0.012902,-0.047367,0.004224,1.855349,MOVE_JOINT
2.431000,0.450506,-0.140924,-0.141540,-0.015137,-0.048113,0.003083,1.848502,MOVE_JOINT
2.432000,0.450494,-0.140973,-0.141534,-0.013797,-0.047897,0.004039,1.840436,MOVE_JOINT
2.433000,0.450478,-0.141023,-0.141532,-0.014857,-0.048544,0.003526,1.831342,MOVE_JOINT
2.434000,0.450461,-0.141071,-0.141529,-0.014632,-0.047980,0.003355,1.821411,MOVE_JOINT
2.435000,0.450453,-0.141119,-0.141522,-0.013084,-0.048412,0.004407,1.810835,MOVE_JOINT
2.436000,0.450438,-0.141168,-0.141519,-0.013077,-0.048493,0.004241,1.799806,MOVE_JOINT
2.437000,0.450423,-0.141215,-0.141516,-0.013277,-0.047880,0.003968,1.788534,MOVE_JOINT
2.438000,0.450410,-0.141264,-0.141511,-0.012615,-0.047637,0.004365,1.777236,MOVE_JOINT
2.439000,0.450394,-0.141314,-0.141507,-0.012473,-0.048203,0.004636,1.766129,MOVE_JOINT
2.440000,0.450377,-0.141362,-0.141505,-0.013395,-0.048152,0.004135,1.755435,MOVE_JOINT
2.441000,0.450364,-0.141409,-0.141501,-0.013203,-0.047913,0.004317,1.745373,MOVE_JOINT
2.442000,0.450349,-0.141455,-0.141498,-0.014008,-0.047576,0.003924,1.736136,MOVE_JOINT
2.443000,0.450336,-0.141504,-0.141494,-0.013922,-0.047862,0.003914,1.727872,MOVE_JOINT
2.444000,0.450327,-0.141551,-0.141487,-0.012581,-0.047797,0.004840,1.720687,MOVE_JOINT
2.445000,0.450314,-0.141597,-0.141484,-0.012175,-0.047288,0.004711,1.714665,MOVE_JOINT
2.446000,0.450294,-0.141645,-0.141482,-0.014588,-0.048255,0.003995,1.709891,MOVE_JOINT
2.447000,0.450283,-0.141693,-0.141478,-0.014352,-0.048087,0.003847,1.706425,MOVE_JOINT
2.448000,0.450272,-0.141741,-0.141472,-0.013783,-0.048144,0.004326,1.704258,MOVE_JOINT
2.449000,0.450261,-0.141788,-0.141467,-0.013175,-0.048237,0.004743,1.703324,MOVE_JOINT
2.450000,0.450246,-0.141837,-0.141464,-0.014008,-0.048160,0.004062,1.703540,MOVE_JOINT
2.451000,0.450232,-0.141886,-0.141461,-0.013043,-0.048744,0.004428,1.704818,MOVE_JOINT
2.452000,0.450220,-0.141932,-0.141456,-0.012619,-0.047802,0.004586,1.707037,MOVE_JOINT
2.453000,0.450206,-0.141982,-0.141453,-0.012903,-0.049061,0.004306,1.710033,MOVE_JOINT
2.454000,0.450188,-0.142030,-0.141451,-0.013209,-0.048747,0.004054,1.713612,MOVE_JOINT
2.455000,0.450176,-0.142080,-0.141446,-0.013160,-0.049051,0.004404,1.717539,MOVE_JOINT
2.456000,0.450165,-0.142132,-0.141440,-0.012542,-0.049776,0.004809,1.721562,MOVE_JOINT
2.457000,0.450146,-0.142181,-0.141439,-0.014722,-0.049290,0.003317,1.725449,MOVE_JOINT
2.458000,0.450135,-0.142227,-0.141435,-0.013735,-0.048106,0.003483,1.728976,MOVE_JOINT
2.459000,0.450123,-0.142278,-0.141428,-0.013147,-0.048685,0.004339,1.731905,MOVE_JOINT
2.460000,0.450113,-0.142327,-0.141424,-0.011625,-0.048674,0.004782,1.734016,MOVE_JOINT
2.461000,0.450096,-0.142379,-0.141420,-0.013078,-0.049401,0.004461,1.735190,MOVE_JOINT
2.462000,0.450083,-0.142428,-0.141416,-0.013522,-0.049357,0.003983,1.735402,MOVE_JOINT
2.463000,0.450067,-0.142477,-0.141412,-0.013431,-0.049564,0.004584,1.734672,MOVE_JOINT
2.464000,0.450059,-0.142529,-0.141403,-0.011730,-0.050073,0.005944,1.733064,MOVE_JOINT
2.465000,0.450041,-0.142579,-0.141401,-0.013796,-0.050270,0.004686,1.730729,MOVE_JOINT
2.466000,0.450027,-0.142628,-0.141396,-0.013292,-0.049890,0.005157,1.727920,MOVE_JOINT
2.467000,0.450012,-0.142677,-0.141393,-0.012989,-0.050395,0.005077,1.724928,MOVE_JOINT
2.468000,0.449999,-0.142729,-0.141387,-0.012640,-0.050917,0.005627,1.722019,MOVE_JOINT
2.469000,0.449983,-0.142780,-0.141383,-0.012700,-0.050991,0.005578,1.719425,MOVE_JOINT
2.470000,0.449968,-0.142831,-0.141379,-0.012900,-0.050625,0.005481,1.717351,MOVE_JOINT
2.471000,0.449953,-0.142883,-0.141374,-0.013532,-0.051557,0.005516,1.715962,MOVE_JOINT
2.472000,0.449941,-0.142932,-0.141369,-0.013148,-0.050688,0.005084,1.715371,MOVE_JOINT
2.473000,0.449927,-0.142986,-0.141364,-0.013551,-0.052012,0.005029,1.715610,MOVE_JOINT
2.474000,0.449912,-0.143037,-0.141360,-0.013564,-0.051741,0.005256,1.716615,MOVE_JOINT
2.475000,0.449895,-0.143086,-0.141357,-0.013885,-0.050436,0.004749,1.718248,MOVE_JOINT
2.476000,0.449881,-0.143140,-0.141352,-0.013919,-0.051917,0.004835,1.720347,MOVE_JOINT
2.477000,0.449865,-0.143189,-0.141350,-0.015054,-0.050621,0.003861,1.722736,MOVE_JOINT
2.478000,0.449853,-0.143238,-0.141344,-0.014862,-0.049712,0.003825,1.725209,MOVE_JOINT
2.479000,0.449841,-0.143289,-0.141339,-0.013726,-0.049774,0.004484,1.727529,MOVE_JOINT
2.480000,0.449824,-0.143340,-0.141335,-0.014534,-0.049730,0.004068,1.729487,MOVE_JOINT
2.481000,0.449812,-0.143395,-0.141329,-0.013972,-0.051165,0.004650,1.730949,MOVE_JOINT
2.482000,0.449797,-0.143440,-0.141326,-0.015451,-0.049690,0.003642,1.731863,MOVE_JOINT
2.483000,0.449784,-0.143491,-0.141320,-0.014776,-0.050170,0.004300,1.732232,MOVE_JOINT
2.484000,0.449771,-0.143542,-0.141316,-0.014400,-0.050506,0.004356,1.732099,MOVE_JOINT
2.485000,0.449755,-0.143593,-0.141311,-0.015462,-0.050719,0.004208,1.731552,MOVE_JOINT
2.486000,0.449742,-0.143646,-0.141305,-0.014853,-0.052015,0.004578,1.730716,MOVE_JOINT
2.487000,0.449730,-0.143697,-0.141300,-0.013741,-0.051455,0.005022,1.729737,MOVE_JOINT
2.488000,0.449711,-0.143745,-0.141298,-0.015065,-0.050301,0.004269,1.728771,MOVE_JOINT
2.489000,0.449705,-0.143802,-0.141288,-0.012791,-0.052410,0.005859,1.727980,MOVE_JOINT
2.490000,0.449686,-0.143852,-0.141287,-0.014837,-0.051642,0.004129,1.727517,MOVE_JOINT
2.491000,0.449666,-0.143908,-0.141284,-0.015916,-0.052686,0.003871,1.727473,MOVE_JOINT
2.492000,0.449652,-0.143962,-0.141279,-0.015302,-0.052707,0.004094,1.727814,MOVE_JOINT
2.493000,0.449636,-0.144011,-0.141276,-0.016162,-0.051751,0.003473,1.728365,MOVE_JOINT
2.494000,0.449626,-0.144062,-0.141270,-0.013593,-0.051376,0.004703,1.728882,MOVE_JOINT
2.495000,0.449613,-0.144114,-0.141266,-0.013229,-0.051127,0.004755,1.729137,MOVE_JOINT
2.496000,0.449596,-0.144164,-0.141262,-0.013681,-0.050377,0.004600,1.728997,MOVE_JOINT
2.497000,0.449581,-0.144214,-0.141258,-0.013396,-0.050493,0.005143,1.728442,MOVE_JOINT
2.498000,0.449572,-0.144265,-0.141251,-0.012021,-0.051149,0.005766,1.727563,MOVE_JOINT
2.499000,0.449556,-0.144314,-0.141249,-0.013174,-0.050388,0.004977,1.726545,MOVE_JOINT
2.500000,0.449540,-0.144365,-0.141244,-0.013389,-0.050409,0.004962,1.725609,MOVE_JOINT
2.501000,0.449524,-0.144419,-0.141240,-0.014309,-0.051246,0.004709,1.724941,MOVE_JOINT
2.502000,0.449509,-0.144465,-0.141237,-0.014471,-0.050249,0.004529,1.724656,MOVE_JOINT
2.503000,0.449501,-0.144521,-0.141228,-0.012616,-0.051226,0.005797,1.724802,MOVE_JOINT
2.504000,0.449483,-0.144575,-0.141226,-0.013946,-0.051610,0.004719,1.725408,MOVE_JOINT
2.505000,0.449467,-0.144628,-0.141222,-0.014742,-0.052018,0.004278,1.726474,MOVE_JOINT
2.506000,0.449454,-0.144682,-0.141216,-0.014506,-0.052583,0.004666,1.727919,MOVE_JOINT
2.507000,0.449439,-0.144738,-0.141211,-0.014496,-0.053655,0.004962,1.729564,MOVE_JOINT
2.508000,0.449423,-0.144791,-0.141206,-0.013646,-0.053067,0.005349,1.731195,MOVE_JOINT
2.509000,0.449403,-0.144845,-0.141203,-0.015255,-0.052421,0.004460,1.732648,MOVE_JOINT
2.510000,0.449391,-0.144895,-0.141198,-0.014190,-0.052080,0.004740,1.733814,MOVE_JOINT
2.511000,0.449376,-0.144949,-0.141193,-0.014195,-0.053114,0.005002,1.734627,MOVE_JOINT
2.512000,0.449362,-0.145001,-0.141188,-0.014780,-0.053069,0.004915,1.735041,MOVE_JOINT
2.513000,0.449347,-0.145053,-0.141184,-0.014239,-0.053073,0.005042,1.735032,MOVE_JOINT
2.514000,0.449336,-0.145107,-0.141177,-0.013391,-0.053395,0.005664,1.734607,MOVE_JOINT
2.515000,0.449319,-0.145158,-0.141174,-0.014819,-0.052923,0.004679,1.733802,MOVE_JOINT
2.516000,0.449303,-0.145210,-0.141171,-0.015489,-0.053054,0.004466,1.732664,MOVE_JOINT
2.517000,0.449288,-0.145266,-0.141164,-0.014716,-0.053912,0.005289,1.731219,MOVE_JOINT
2.518000,0.449270,-0.145320,-0.141161,-0.016053,-0.054309,0.004568,1.729477,MOVE_JOINT
2.519000,0.449258,-0.145373,-0.141156,-0.014403,-0.054167,0.005050,1.727444,MOVE_JOINT
2.520000,0.449242,-0.145427,-0.141151,-0.015292,-0.054577,0.005017,1.725114,MOVE_JOINT
2.521000,0.449229,-0.145482,-0.141145,-0.014183,-0.054737,0.005370,1.722470,MOVE_JOINT
2.522000,0.449213,-0.145539,-0.141141,-0.015572,-0.055264,0.004645,1.719495,MOVE_JOINT
2.523000,0.449199,-0.145592,-0.141135,-0.015075,-0.055064,0.005180,1.716174,MOVE_JOINT
2.524000,0.449187,-0.145648,-0.141127,-0.013736,-0.054982,0.005939,1.712496,MOVE_JOINT
2.525000,0.449168,-0.145700,-0.141126,-0.015593,-0.053939,0.004551,1.708495,MOVE_JOINT
2.526000,0.449149,-0.145754,-0.141123,-0.015768,-0.053496,0.004185,1.704245,MOVE_JOINT
2.527000,0.449136,-0.145807,-0.141117,-0.014854,-0.053747,0.004761,1.699790,MOVE_JOINT
2.528000,0.449120,-0.145862,-0.141113,-0.015371,-0.054295,0.004695,1.695117,MOVE_JOINT
2.529000,0.449101,-0.145913,-0.141110,-0.015991,-0.053766,0.004369,1.690186,MOVE_JOINT
2.530000,0.449088,-0.145966,-0.141105,-0.015472,-0.053569,0.004576,1.684962,MOVE_JOINT
2.531000,0.449070,-0.146016,-0.141102,-0.015691,-0.052566,0.004267,1.679428,MOVE_JOINT
2.532000,0.449057,-0.146072,-0.141094,-0.015333,-0.053249,0.004765,1.673590,MOVE_JOINT
2.533000,0.449039,-0.146124,-0.141092,-0.016242,-0.053011,0.004060,1.667490,MOVE_JOINT
2.534000,0.449022,-0.146181,-0.141089,-0.016790,-0.054492,0.003842,1.661181,MOVE_JOINT
2.535000,0.449006,-0.146232,-0.141085,-0.016554,-0.053521,0.003565,1.654679,MOVE_JOINT
2.536000,0.448991,-0.146289,-0.141079,-0.016162,-0.054309,0.004524,1.647924,MOVE_JOINT
2.537000,0.448970,-0.146344,-0.141078,-0.017478,-0.054726,0.003492,1.640826,MOVE_JOINT
2.538000,0.448957,-0.146395,-0.141072,-0.015957,-0.053965,0.004255,1.633312,MOVE_JOINT
2.539000,0.448940,-0.146448,-0.141070,-0.016150,-0.053661,0.003669,1.625332,MOVE_JOINT
2.540000,0.448922,-0.146503,-0.141066,-0.016639,-0.053845,0.003627,1.616847,MOVE_JOINT
2.541000,0.448903,-0.146556,-0.141064,-0.017473,-0.053613,0.003249,1.607815,MOVE_JOINT
2.542000,0.448888,-0.146607,-0.141060,-0.017168,-0.053154,0.003391,1.598196,MOVE_JOINT
2.543000,0.448872,-0.146655,-0.141058,-0.016388,-0.051637,0.003384,1.587973,MOVE_JOINT
2.544000,0.448855,-0.146708,-0.141054,-0.015902,-0.052435,0.003762,1.577179,MOVE_JOINT
2.545000,0.448838,-0.146761,-0.141050,-0.015703,-0.052633,0.004091,1.565916,MOVE_JOINT
2.546000,0.448820,-0.146813,-0.141047,-0.016367,-0.052808,0.003818,1.554352,MOVE_JOINT
2.547000,0.448804,-0.146866,-0.141044,-0.017280,-0.052807,0.003023,1.542698,MOVE_JOINT
2.548000,0.448781,-0.146918,-0.141043,-0.019511,-0.052371,0.002071,1.531128,MOVE_JOINT
2.549000,0.448768,-0.146976,-0.141035,-0.017833,-0.053609,0.003524,1.519728,MOVE_JOINT
2.550000,0.448749,-0.147029,-0.141033,-0.018593,-0.053438,0.002923,1.508514,MOVE_JOINT
2.551000,0.448732,-0.147082,-0.141028,-0.018006,-0.053000,0.003387,1.497511,MOVE_JOINT
2.552000,0.448712,-0.147138,-0.141024,-0.018809,-0.054139,0.003667,1.486780,MOVE_JOINT
2.553000,0.448695,-0.147194,-0.141020,-0.018380,-0.054598,0.003730,1.476437,MOVE_JOINT
2.554000,0.448675,-0.147246,-0.141016,-0.018270,-0.053504,0.004011,1.466646,MOVE_JOINT
2.555000,0.448661,-0.147302,-0.141009,-0.017558,-0.053847,0.004455,1.457615,MOVE_JOINT
2.556000,0.448640,-0.147357,-0.141006,-0.018206,-0.053662,0.004010,1.449585,MOVE_JOINT
2.557000,0.448624,-0.147412,-0.141000,-0.017810,-0.053819,0.004340,1.442803,MOVE_JOINT
2.558000,0.448601,-0.147470,-0.140998,-0.019123,-0.054959,0.003823,1.437472,MOVE_JOINT
2.559000,0.448588,-0.147526,-0.140991,-0.017613,-0.055651,0.004761,1.433705,MOVE_JOINT
2.560000,0.448571,-0.147579,-0.140985,-0.017230,-0.054599,0.004925,1.431531,MOVE_JOINT
2.561000,0.448556,-0.147635,-0.140979,-0.017023,-0.054935,0.005046,1.430942,MOVE_JOINT
2.562000,0.448537,-0.147688,-0.140976,-0.017475,-0.054234,0.004442,1.431929,MOVE_JOINT
2.563000,0.448519,-0.147742,-0.140972,-0.017170,-0.054065,0.004497,1.434455,MOVE_JOINT
2.564000,0.448504,-0.147797,-0.140966,-0.016535,-0.054235,0.005072,1.438431,MOVE_JOINT
2.565000,0.448488,-0.147847,-0.140962,-0.016567,-0.052683,0.004545,1.443724,MOVE_JOINT
2.566000,0.448470,-0.147904,-0.140956,-0.016910,-0.054148,0.005101,1.450195,MOVE_JOINT
2.567000,0.448451,-0.147959,-0.140952,-0.016834,-0.054225,0.004898,1.457720,MOVE_JOINT
2.568000,0.448438,-0.148016,-0.140945,-0.016422,-0.054872,0.005426,1.466185,MOVE_JOINT
2.569000,0.448424,-0.148072,-0.140938,-0.015621,-0.055452,0.005900,1.475492,MOVE_JOINT
2.570000,0.448405,-0.148125,-0.140935,-0.016063,-0.054342,0.005413,1.485556,MOVE_JOINT
2.571000,0.448392,-0.148184,-0.140927,-0.014804,-0.055607,0.006014,1.496311,MOVE_JOINT
2.572000,0.448375,-0.148239,-0.140921,-0.015728,-0.055369,0.005632,1.507679,MOVE_JOINT
2.573000,0.448357,-0.148296,-0.140917,-0.016739,-0.055925,0.005466,1.519547,MOVE_JOINT
2.574000,0.448338,-0.148353,-0.140913,-0.016938,-0.055995,0.005137,1.531759,MOVE_JOINT
2.575000,0.448325,-0.148406,-0.140906,-0.015090,-0.055139,0.005979,1.544112,MOVE_JOINT
2.576000,0.448310,-0.148464,-0.140900,-0.015335,-0.056481,0.005947,1.556395,MOVE_JOINT
2.577000,0.448294,-0.148516,-0.140896,-0.015395,-0.054955,0.005472,1.568410,MOVE_JOINT
2.578000,0.448278,-0.148569,-0.140891,-0.015309,-0.054710,0.005643,1.579978,MOVE_JOINT
2.579000,0.448261,-0.148624,-0.140887,-0.015915,-0.054174,0.004943,1.590921,MOVE_JOINT
2.580000,0.448244,-0.148678,-0.140882,-0.016691,-0.053787,0.004658,1.601056,MOVE_JOINT
2.581000,0.448234,-0.148731,-0.140875,-0.015560,-0.053824,0.005114,1.610187,MOVE_JOINT
2.582000,0.448219,-0.148785,-0.140871,-0.015165,-0.053171,0.004741,1.618128,MOVE_JOINT
2.583000,0.448205,-0.148842,-0.140865,-0.014723,-0.053996,0.005009,1.624716,MOVE_JOINT
2.584000,0.448189,-0.148898,-0.140859,-0.015487,-0.054920,0.005162,1.629818,MOVE_JOINT
2.585000,0.448174,-0.148954,-0.140853,-0.015086,-0.055149,0.005452,1.633345,MOVE_JOINT
2.586000,0.448159,-0.149008,-0.140849,-0.014251,-0.054476,0.005354,1.635287,MOVE_JOINT
2.587000,0.448143,-0.149068,-0.140842,-0.015011,-0.055727,0.005530,1.635708,MOVE_JOINT
2.588000,0.448125,-0.149124,-0.140838,-0.015555,-0.056024,0.005238,1.634721,MOVE_JOINT
2.589000,0.448111,-0.149182,-0.140831,-0.014827,-0.056509,0.005853,1.632458,MOVE_JOINT
2.590000,0.448095,-0.149237,-0.140826,-0.015019,-0.055721,0.005748,1.629071,MOVE_JOINT
2.591000,0.448080,-0.149289,-0.140820,-0.014776,-0.054556,0.005671,1.624747,MOVE_JOINT
2.592000,0.448068,-0.149345,-0.140813,-0.013840,-0.055126,0.006207,1.619716,MOVE_JOINT
2.593000,0.448050,-0.149401,-0.140809,-0.015100,-0.055363,0.005582,1.614228,MOVE_JOINT
2.594000,0.448035,-0.149453,-0.140803,-0.014517,-0.054314,0.005915,1.608522,MOVE_JOINT
2.595000,0.448022,-0.149507,-0.140797,-0.014144,-0.053811,0.005731,1.602803,MOVE_JOINT
2.596000,0.448005,-0.149562,-0.140792,-0.015483,-0.054289,0.005338,1.597238,MOVE_JOINT
2.597000,0.447989,-0.149615,-0.140787,-0.015607,-0.053800,0.005270,1.591942,MOVE_JOINT
2.598000,0.447977,-0.149672,-0.140778,-0.013621,-0.054571,0.006706,1.586986,MOVE_JOINT
2.599000,0.447960,-0.149731,-0.140772,-0.015515,-0.055937,0.005822,1.582433,MOVE_JOINT
2.600000,0.447942,-0.149784,-0.140767,-0.016508,-0.055418,0.005495,1.578354,MOVE_JOINT
2.601000,0.447928,-0.149840,-0.140761,-0.016461,-0.055498,0.005145,1.574779,MOVE_JOINT
2.602000,0.447909,-0.149899,-0.140755,-0.017007,-0.056411,0.005338,1.571646,MOVE_JOINT
2.603000,0.447894,-0.149956,-0.140749,-0.016793,-0.056191,0.005233,1.568809,MOVE_JOINT
2.604000,0.447876,-0.150012,-0.140744,-0.017412,-0.056128,0.005220,1.566077,MOVE_JOINT
2.605000,0.447859,-0.150068,-0.140738,-0.017276,-0.055667,0.005391,1.563261,MOVE_JOINT
2.606000,0.447844,-0.150123,-0.140731,-0.016449,-0.055971,0.005946,1.560231,MOVE_JOINT
2.607000,0.447828,-0.150178,-0.140724,-0.016056,-0.055820,0.006305,1.556949,MOVE_JOINT
2.608000,0.447809,-0.150233,-0.140720,-0.017827,-0.055362,0.005069,1.553485,MOVE_JOINT
2.609000,0.447793,-0.150288,-0.140714,-0.017650,-0.055477,0.005276,1.549957,MOVE_JOINT
2.610000,0.447779,-0.150340,-0.140708,-0.016845,-0.054768,0.005562,1.546469,MOVE_JOINT
2.611000,0.447764,-0.150397,-0.140702,-0.016440,-0.055278,0.005610,1.543098,MOVE_JOINT
2.612000,0.447743,-0.150457,-0.140698,-0.018423,-0.056500,0.004703,1.539904,MOVE_JOINT
2.613000,0.447731,-0.150510,-0.140691,-0.016800,-0.055298,0.005272,1.536899,MOVE_JOINT
2.614000,0.447711,-0.150567,-0.140688,-0.018351,-0.056191,0.004380,1.534012,MOVE_JOINT
2.615000,0.447702,-0.150627,-0.140678,-0.015800,-0.057937,0.006123,1.531104,MOVE_JOINT
2.616000,0.447678,-0.150681,-0.140676,-0.019232,-0.056948,0.004503,1.528003,MOVE_JOINT
2.617000,0.447668,-0.150739,-0.140666,-0.016609,-0.057671,0.006164,1.524560,MOVE_JOINT
2.618000,0.447655,-0.150795,-0.140660,-0.015609,-0.057196,0.006206,1.520701,MOVE_JOINT
2.619000,0.447635,-0.150848,-0.140657,-0.017022,-0.055725,0.005197,1.516445,MOVE_JOINT
2.620000,0.447619,-0.150904,-0.140650,-0.017246,-0.056006,0.005364,1.511878,MOVE_JOINT
2.621000,0.447608,-0.150960,-0.140642,-0.015802,-0.056327,0.006233,1.507097,MOVE_JOINT
2.622000,0.447591,-0.151014,-0.140637,-0.016321,-0.055723,0.005502,1.502208,MOVE_JOINT
2.623000,0.447572,-0.151073,-0.140632,-0.017214,-0.057022,0.005376,1.497320,MOVE_JOINT
2.624000,0.447563,-0.151125,-0.140624,-0.015480,-0.055368,0.006073,1.492505,MOVE_JOINT
2.625000,0.447544,-0.151181,-0.140620,-0.016663,-0.055445,0.005423,1.487798,MOVE_JOINT
2.626000,0.447524,-0.151237,-0.140616,-0.017490,-0.055201,0.004800,1.483215,MOVE_JOINT
2.627000,0.447510,-0.151293,-0.140609,-0.016421,-0.055371,0.005485,1.478742,MOVE_JOINT
2.628000,0.447495,-0.151350,-0.140604,-0.015708,-0.056208,0.005602,1.474320,MOVE_JOINT
2.629000,0.447477,-0.151408,-0.140598,-0.017063,-0.056494,0.005205,1.469868,MOVE_JOINT
2.630000,0.447461,-0.151464,-0.140593,-0.017094,-0.056303,0.005208,1.465300,MOVE_JOINT
2.631000,0.447444,-0.151523,-0.140587,-0.017406,-0.057268,0.005018,1.460528,MOVE_JOINT
2.632000,0.447427,-0.151576,-0.140583,-0.017267,-0.056173,0.004679,1.455462,MOVE_JOINT
2.633000,0.447410,-0.151635,-0.140577,-0.017035,-0.056420,0.005130,1.450001,MOVE_JOINT
2.634000,0.447395,-0.151693,-0.140571,-0.016369,-0.057241,0.005478,1.444064,MOVE_JOINT
2.635000,0.447378,-0.151746,-0.140567,-0.016370,-0.056217,0.005120,1.437618,MOVE_JOINT
2.636000,0.447363,-0.151801,-0.140561,-0.015856,-0.055219,0.005457,1.430697,MOVE_JOINT
2.637000,0.447344,-0.151853,-0.140557,-0.016841,-0.054372,0.004863,1.423390,MOVE_JOINT
2.638000,0.447328,-0.151912,-0.140551,-0.017122,-0.055429,0.004723,1.415837,MOVE_JOINT
2.639000,0.447318,-0.151967,-0.140543,-0.015151,-0.055619,0.006025,1.408204,MOVE_JOINT
2.640000,0.447294,-0.152021,-0.140541,-0.018024,-0.055249,0.004490,1.400664,MOVE_JOINT
2.641000,0.447280,-0.152079,-0.140534,-0.017089,-0.056197,0.005277,1.393391,MOVE_JOINT
2.642000,0.447262,-0.152136,-0.140528,-0.017701,-0.056681,0.005077,1.386532,MOVE_JOINT
2.643000,0.447248,-0.152194,-0.140521,-0.016858,-0.056612,0.005554,1.380204,MOVE_JOINT
2.644000,0.447229,-0.152251,-0.140517,-0.017722,-0.057061,0.005046,1.374500,MOVE_JOINT
2.645000,0.447210,-0.152312,-0.140511,-0.017199,-0.058145,0.005880,1.369488,MOVE_JOINT
2.646000,0.447199,-0.152367,-0.140503,-0.014826,-0.057453,0.006899,1.365225,MOVE_JOINT
2.647000,0.447177,-0.152425,-0.140499,-0.016180,-0.057274,0.006115,1.361801,MOVE_JOINT
2.648000,0.447162,-0.152480,-0.140493,-0.015655,-0.056563,0.006076,1.359343,MOVE_JOINT
2.649000,0.447141,-0.152535,-0.140489,-0.017230,-0.056174,0.005515,1.357962,MOVE_JOINT
2.650000,0.447128,-0.152590,-0.140481,-0.016045,-0.055513,0.006002,1.357702,MOVE_JOINT
2.651000,0.447106,-0.152647,-0.140478,-0.017683,-0.055843,0.005335,1.358543,MOVE_JOINT
2.652000,0.447091,-0.152701,-0.140471,-0.016749,-0.055115,0.005817,1.360424,MOVE_JOINT
2.653000,0.447075,-0.152759,-0.140464,-0.016629,-0.056020,0.006052,1.363256,MOVE_JOINT
2.654000,0.447051,-0.152814,-0.140462,-0.019496,-0.056108,0.004696,1.366935,MOVE_JOINT
2.655000,0.447037,-0.152871,-0.140454,-0.017887,-0.055705,0.005429,1.371322,MOVE_JOINT
2.656000,0.447016,-0.152932,-0.140450,-0.018894,-0.057540,0.005232,1.376219,MOVE_JOINT
2.657000,0.447001,-0.152989,-0.140443,-0.018263,-0.057932,0.005749,1.381383,MOVE_JOINT
2.658000,0.446984,-0.153045,-0.140437,-0.017810,-0.057834,0.005787,1.386564,MOVE_JOINT
2.659000,0.446960,-0.153105,-0.140433,-0.019557,-0.058151,0.005180,1.391529,MOVE_JOINT
2.660000,0.446945,-0.153161,-0.140427,-0.018702,-0.057584,0.005554,1.396077,MOVE_JOINT
2.661000,0.446925,-0.153218,-0.140424,-0.019488,-0.057869,0.004767,1.400037,MOVE_JOINT
2.662000,0.446908,-0.153274,-0.140418,-0.018860,-0.057253,0.004898,1.403258,MOVE_JOINT
2.663000,0.446892,-0.153331,-0.140411,-0.017972,-0.056600,0.005261,1.405582,MOVE_JOINT
2.664000,0.446875,-0.153388,-0.140406,-0.017037,-0.057101,0.005751,1.406872,MOVE_JOINT
2.665000,0.446858,-0.153442,-0.140400,-0.016456,-0.056424,0.005820,1.407064,MOVE_JOINT
2.666000,0.446840,-0.153498,-0.140396,-0.016906,-0.056543,0.005583,1.406185,MOVE_JOINT
2.667000,0.446818,-0.153551,-0.140394,-0.017699,-0.055659,0.004942,1.404329,MOVE_JOINT
2.668000,0.446801,-0.153608,-0.140387,-0.017763,-0.056364,0.005509,1.401612,MOVE_JOINT
2.669000,0.446784,-0.153664,-0.140382,-0.017638,-0.056014,0.005518,1.398166,MOVE_JOINT
2.670000,0.446761,-0.153718,-0.140380,-0.019254,-0.055658,0.004371,1.394156,MOVE_JOINT
2.671000,0.446748,-0.153775,-0.140372,-0.018174,-0.056035,0.005030,1.389753,MOVE_JOINT
2.672000,0.446728,-0.153830,-0.140370,-0.019588,-0.055662,0.003870,1.385092,MOVE_JOINT
2.673000,0.446710,-0.153886,-0.140363,-0.019378,-0.055517,0.004551,1.380248,MOVE_JOINT
2.674000,0.446690,-0.153944,-0.140359,-0.019591,-0.056378,0.004394,1.375259,MOVE_JOINT
2.675000,0.446671,-0.154003,-0.140353,-0.019057,-0.057408,0.004856,1.370171,MOVE_JOINT
2.676000,0.446655,-0.154056,-0.140349,-0.017699,-0.056156,0.005147,1.365054,MOVE_JOINT
2.677000,0.446638,-0.154114,-0.140341,-0.017983,-0.056470,0.005469,1.360012,MOVE_JOINT
2.678000,0.446620,-0.154170,-0.140336,-0.017901,-0.056115,0.005309,1.355202,MOVE_JOINT
2.679000,0.446601,-0.154225,-0.140331,-0.018125,-0.055399,0.004955,1.350832,MOVE_JOINT
2.680000,0.446584,-0.154281,-0.140325,-0.017893,-0.055962,0.005523,1.347121,MOVE_JOINT
2.681000,0.446566,-0.154335,-0.140321,-0.017577,-0.055030,0.005112,1.344268,MOVE_JOINT
2.682000,0.446547,-0.154392,-0.140317,-0.017558,-0.055962,0.005034,1.342425,MOVE_JOINT
2.683000,0.446531,-0.154447,-0.140312,-0.017171,-0.055344,0.005033,1.341659,MOVE_JOINT
2.684000,0.446514,-0.154502,-0.140307,-0.016238,-0.054719,0.005256,1.341936,MOVE_JOINT
2.685000,0.446497,-0.154556,-0.140302,-0.017031,-0.054267,0.005055,1.343158,MOVE_JOINT
2.686000,0.446475,-0.154615,-0.140299,-0.018955,-0.055492,0.003990,1.345194,MOVE_JOINT
2.687000,0.446455,-0.154669,-0.140296,-0.019893,-0.055079,0.003539,1.347862,MOVE_JOINT
2.688000,0.446439,-0.154723,-0.140291,-0.018559,-0.054993,0.004233,1.350897,MOVE_JOINT
2.689000,0.446422,-0.154780,-0.140286,-0.017586,-0.055682,0.004756,1.353988,MOVE_JOINT
2.690000,0.446400,-0.154833,-0.140283,-0.019442,-0.055028,0.003917,1.356860,MOVE_JOINT
2.691000,0.446386,-0.154889,-0.140278,-0.017571,-0.054777,0.004474,1.359323,MOVE_JOINT
2.692000,0.446363,-0.154947,-0.140276,-0.018719,-0.055800,0.003981,1.361258,MOVE_JOINT
2.693000,0.446345,-0.155003,-0.140271,-0.018461,-0.055373,0.004126,1.362595,MOVE_JOINT
2.694000,0.446323,-0.155060,-0.140268,-0.019353,-0.055670,0.003872,1.363286,MOVE_JOINT
2.695000,0.446302,-0.155115,-0.140265,-0.020164,-0.055398,0.003572,1.363307,MOVE_JOINT
2.696000,0.446284,-0.155170,-0.140261,-0.019804,-0.055157,0.003311,1.362653,MOVE_JOINT
2.697000,0.446267,-0.155228,-0.140255,-0.019241,-0.056336,0.003946,1.361328,MOVE_JOINT
2.698000,0.446245,-0.155283,-0.140253,-0.020129,-0.056037,0.003410,1.359333,MOVE_JOINT
2.699000,0.446222,-0.155339,-0.140252,-0.021817,-0.056346,0.002494,1.356676,MOVE_JOINT
2.700000,0.446206,-0.155394,-0.140245,-0.019799,-0.055953,0.003834,1.353355,MOVE_JOINT
2.701000,0.446184,-0.155451,-0.140243,-0.020013,-0.056145,0.003482,1.349383,MOVE_JOINT
2.702000,0.446164,-0.155508,-0.140239,-0.020313,-0.056318,0.003839,1.344832,MOVE_JOINT
2.703000,0.446141,-0.155563,-0.140237,-0.020689,-0.055557,0.003239,1.339854,MOVE_JOINT
2.704000,0.446121,-0.155621,-0.140233,-0.020444,-0.056212,0.003618,1.334650,MOVE_JOINT
2.705000,0.446102,-0.155675,-0.140228,-0.019931,-0.055515,0.003878,1.329434,MOVE_JOINT
2.706000,0.446082,-0.155735,-0.140226,-0.019880,-0.056702,0.003603,1.324419,MOVE_JOINT
2.707000,0.446055,-0.155793,-0.140224,-0.021544,-0.056683,0.003056,1.319795,MOVE_JOINT
2.708000,0.446033,-0.155846,-0.140223,-0.022061,-0.055851,0.002553,1.315679,MOVE_JOINT
2.709000,0.446013,-0.155903,-0.140218,-0.021592,-0.056645,0.003205,1.312093,MOVE_JOINT
2.710000,0.445992,-0.155960,-0.140215,-0.021496,-0.056924,0.003159,1.309005,MOVE_JOINT
2.711000,0.445973,-0.156013,-0.140211,-0.020511,-0.056181,0.003655,1.306376,MOVE_JOINT
2.712000,0.445949,-0.156070,-0.140210,-0.021652,-0.056215,0.002811,1.304187,MOVE_JOINT
2.713000,0.445928,-0.156127,-0.140206,-0.020982,-0.056254,0.003113,1.302428,MOVE_JOINT
2.714000,0.445903,-0.156183,-0.140205,-0.021803,-0.056681,0.002834,1.301070,MOVE_JOINT
2.715000,0.445878,-0.156238,-0.140205,-0.022643,-0.055744,0.001938,1.300043,MOVE_JOINT
2.716000,0.445864,-0.156293,-0.140198,-0.020653,-0.055603,0.003020,1.299238,MOVE_JOINT
2.717000,0.445839,-0.156351,-0.140198,-0.021936,-0.056044,0.002227,1.298517,MOVE_JOINT
2.718000,0.445816,-0.156406,-0.140196,-0.023003,-0.055735,0.001816,1.297738,MOVE_JOINT
2.719000,0.445792,-0.156464,-0.140195,-0.023338,-0.056189,0.001502,1.296752,MOVE_JOINT
2.720000,0.445772,-0.156519,-0.140192,-0.022574,-0.055645,0.001837,1.295391,MOVE_JOINT
2.721000,0.445752,-0.156572,-0.140190,-0.022010,-0.055005,0.002032,1.293490,MOVE_JOINT
2.722000,0.445730,-0.156623,-0.140189,-0.022234,-0.053376,0.001527,1.290935,MOVE_JOINT
2.723000,0.445712,-0.156680,-0.140184,-0.020798,-0.053995,0.002326,1.287696,MOVE_JOINT
2.724000,0.445688,-0.156734,-0.140184,-0.021528,-0.053952,0.001669,1.283820,MOVE_JOINT
2.725000,0.445668,-0.156784,-0.140182,-0.020885,-0.052600,0.001907,1.279411,MOVE_JOINT
2.726000,0.445643,-0.156841,-0.140182,-0.022106,-0.054282,0.001656,1.274590,MOVE_JOINT
2.727000,0.445626,-0.156896,-0.140178,-0.020235,-0.054593,0.002510,1.269486,MOVE_JOINT
2.728000,0.445601,-0.156952,-0.140178,-0.021488,-0.054695,0.001915,1.264231,MOVE_JOINT
2.729000,0.445578,-0.157006,-0.140177,-0.022124,-0.054632,0.001470,1.258942,MOVE_JOINT
2.730000,0.445557,-0.157062,-0.140174,-0.021902,-0.055127,0.002005,1.253699,MOVE_JOINT
2.731000,0.445533,-0.157114,-0.140176,-0.022387,-0.054453,0.001224,1.248539,MOVE_JOINT
2.732000,0.445511,-0.157171,-0.140173,-0.022166,-0.054618,0.001627,1.243474,MOVE_JOINT
2.733000,0.445485,-0.157224,-0.140174,-0.023786,-0.054074,0.000615,1.238502,MOVE_JOINT
2.734000,0.445466,-0.157278,-0.140171,-0.022498,-0.053884,0.001399,1.233603,MOVE_JOINT
2.735000,0.445436,-0.157335,-0.140172,-0.024622,-0.054699,0.000517,1.228745,MOVE_JOINT
2.736000,0.445417,-0.157388,-0.140169,-0.023515,-0.054260,0.001053,1.223894,MOVE_JOINT
2.737000,0.445396,-0.157440,-0.140167,-0.022840,-0.053768,0.001530,1.219026,MOVE_JOINT
2.738000,0.445367,-0.157489,-0.140170,-0.025092,-0.051977,-0.000055,1.214154,MOVE_JOINT
2.739000,0.445347,-0.157544,-0.140168,-0.023163,-0.052616,0.000910,1.209328,MOVE_JOINT
2.740000,0.445320,-0.157598,-0.140168,-0.024488,-0.053027,0.000596,1.204604,MOVE_JOINT
2.741000,0.445299,-0.157651,-0.140166,-0.023246,-0.053055,0.001041,1.200028,MOVE_JOINT
2.742000,0.445274,-0.157703,-0.140167,-0.023784,-0.052923,0.000467,1.195641,MOVE_JOINT
2.743000,0.445250,-0.157755,-0.140166,-0.023458,-0.052720,0.001153,1.191474,MOVE_JOINT
2.744000,0.445226,-0.157804,-0.140167,-0.023532,-0.051392,0.000479,1.187548,MOVE_JOINT
2.745000,0.445208,-0.157856,-0.140163,-0.021327,-0.051575,0.001603,1.183894,MOVE_JOINT
2.746000,0.445183,-0.157907,-0.140164,-0.022940,-0.052010,0.000790,1.180564,MOVE_JOINT
2.747000,0.445161,-0.157960,-0.140163,-0.022843,-0.052206,0.000826,1.177616,MOVE_JOINT
2.748000,0.445135,-0.158014,-0.140163,-0.023490,-0.052559,0.000513,1.175068,MOVE_JOINT
2.749000,0.445110,-0.158066,-0.140164,-0.023281,-0.052357,0.000151,1.172868,MOVE_JOINT
2.750000,0.445091,-0.158118,-0.140162,-0.022021,-0.051738,0.000529,1.170884,MOVE_JOINT
2.751000,0.445068,-0.158169,-0.140161,-0.022121,-0.052050,0.000702,1.168919,MOVE_JOINT
2.752000,0.445045,-0.158220,-0.140162,-0.023084,-0.051413,0.000002,1.166764,MOVE_JOINT
2.753000,0.445024,-0.158273,-0.140160,-0.022741,-0.052029,0.000315,1.164231,MOVE_JOINT
2.754000,0.445004,-0.158328,-0.140158,-0.021439,-0.052701,0.001212,1.161160,MOVE_JOINT
2.755000,0.444980,-0.158379,-0.140158,-0.022894,-0.052152,0.000420,1.157441,MOVE_JOINT
2.756000,0.444958,-0.158433,-0.140156,-0.021924,-0.052732,0.001389,1.153038,MOVE_JOINT
2.757000,0.444934,-0.158486,-0.140156,-0.021349,-0.052785,0.001317,1.147994,MOVE_JOINT
2.758000,0.444910,-0.158539,-0.140156,-0.022086,-0.052208,0.001075,1.142422,MOVE_JOINT
2.759000,0.444886,-0.158590,-0.140156,-0.023034,-0.051631,0.000532,1.136472,MOVE_JOINT
2.760000,0.444862,-0.158645,-0.140154,-0.023584,-0.052421,0.000700,1.130288,MOVE_JOINT
2.761000,0.444838,-0.158699,-0.140154,-0.024040,-0.052688,0.000467,1.123985,MOVE_JOINT
2.762000,0.444817,-0.158753,-0.140152,-0.022897,-0.052793,0.001055,1.117644,MOVE_JOINT
2.763000,0.444797,-0.158804,-0.140149,-0.022190,-0.052313,0.001370,1.111331,MOVE_JOINT
2.764000,0.444769,-0.158858,-0.140151,-0.023977,-0.053121,0.000537,1.105122,MOVE_JOINT
2.765000,0.444747,-0.158909,-0.140150,-0.023637,-0.052885,0.000900,1.099093,MOVE_JOINT
2.766000,0.444725,-0.158963,-0.140148,-0.022838,-0.052820,0.001228,1.093293,MOVE_JOINT
2.767000,0.444700,-0.159014,-0.140149,-0.024168,-0.052239,0.000469,1.087740,MOVE_JOINT
2.768000,0.444681,-0.159067,-0.140146,-0.022764,-0.052225,0.001049,1.082435,MOVE_JOINT
2.769000,0.444651,-0.159118,-0.140150,-0.024924,-0.051668,-0.000721,1.077350,MOVE_JOINT
2.770000,0.444630,-0.159170,-0.140149,-0.024579,-0.051738,-0.000441,1.072380,MOVE_JOINT
2.771000,0.444605,-0.159225,-0.140147,-0.024976,-0.052629,-0.000309,1.067314,MOVE_JOINT
2.772000,0.444582,-0.159279,-0.140146,-0.024499,-0.052754,0.000299,1.061881,MOVE_JOINT
2.773000,0.444557,-0.159331,-0.140147,-0.024942,-0.052664,-0.000061,1.055846,MOVE_JOINT
2.774000,0.444534,-0.159383,-0.140147,-0.024633,-0.052297,-0.000290,1.049068,MOVE_JOINT
2.775000,0.444512,-0.159438,-0.140146,-0.023574,-0.053183,0.000449,1.041473,MOVE_JOINT
2.776000,0.444487,-0.159488,-0.140146,-0.023298,-0.052812,0.000537,1.033029,MOVE_JOINT
2.777000,0.444461,-0.159542,-0.140147,-0.023947,-0.052974,0.000289,1.023748,MOVE_JOINT
2.778000,0.444436,-0.159596,-0.140147,-0.024685,-0.053512,-0.000162,1.013693,MOVE_JOINT
2.779000,0.444414,-0.159646,-0.140146,-0.023783,-0.052355,0.000156,1.002931,MOVE_JOINT
2.780000,0.444389,-0.159698,-0.140146,-0.023680,-0.051887,0.000018,0.991521,MOVE_JOINT
2.781000,0.444362,-0.159752,-0.140146,-0.024970,-0.052485,-0.000083,0.979528,MOVE_JOINT
2.782000,0.444340,-0.159796,-0.140148,-0.024570,-0.050409,-0.000916,0.967040,MOVE_JOINT
2.783000,0.444318,-0.159851,-0.140147,-0.024068,-0.051756,-0.000099,0.954140,MOVE_JOINT
2.784000,0.444293,-0.159904,-0.140147,-0.023998,-0.051888,-0.000082,0.940899,MOVE_JOINT
2.785000,0.444271,-0.159958,-0.140145,-0.022501,-0.053066,0.000997,0.927396,MOVE_JOINT
2.786000,0.444239,-0.160008,-0.140150,-0.024970,-0.051909,-0.001021,0.913751,MOVE_JOINT
2.787000,0.444218,-0.160063,-0.140147,-0.023158,-0.052129,0.000480,0.900092,MOVE_JOINT
2.788000,0.444192,-0.160115,-0.140149,-0.023915,-0.052377,0.000153,0.886526,MOVE_JOINT
2.789000,0.444169,-0.160171,-0.140147,-0.023780,-0.053272,0.000433,0.873165,MOVE_JOINT
2.790000,0.444145,-0.160223,-0.140147,-0.023936,-0.053308,0.000443,0.860137,MOVE_JOINT
2.791000,0.444120,-0.160273,-0.140149,-0.023855,-0.052574,0.000250,0.847564,MOVE_JOINT
2.792000,0.444097,-0.160328,-0.140147,-0.023213,-0.053204,0.000647,0.835547,MOVE_JOINT
2.793000,0.444073,-0.160382,-0.140146,-0.023616,-0.053377,0.000749,0.824166,MOVE_JOINT
2.794000,0.444049,-0.160433,-0.140146,-0.024266,-0.052807,0.000329,0.813485,MOVE_JOINT
2.795000,0.444027,-0.160483,-0.140146,-0.023475,-0.052546,0.000714,0.803565,MOVE_JOINT
2.796000,0.444003,-0.160532,-0.140147,-0.023973,-0.052468,0.000098,0.794461,MOVE_JOINT
2.797000,0.443980,-0.160583,-0.140146,-0.023086,-0.052217,0.000833,0.786206,MOVE_JOINT
2.798000,0.443953,-0.160636,-0.140147,-0.023411,-0.052643,0.000551,0.778813,MOVE_JOINT
2.799000,0.443934,-0.160685,-0.140145,-0.021907,-0.051774,0.001208,0.772287,MOVE_JOINT
2.800000,0.443907,-0.160735,-0.140147,-0.024775,-0.051659,-0.000292,0.766643,MOVE_JOINT
2.801000,0.443886,-0.160789,-0.140146,-0.024390,-0.051932,-0.000050,0.761881,MOVE_JOINT
2.802000,0.443863,-0.160838,-0.140146,-0.023720,-0.050987,-0.000116,0.757958,MOVE_JOINT
2.803000,0.443844,-0.160893,-0.140144,-0.022043,-0.052083,0.001127,0.754781,MOVE_JOINT
2.804000,0.443820,-0.160946,-0.140143,-0.022580,-0.051981,0.000873,0.752264,MOVE_JOINT
2.805000,0.443800,-0.160995,-0.140142,-0.021581,-0.051243,0.000759,0.750373,MOVE_JOINT
2.806000,0.443774,-0.161046,-0.140144,-0.022577,-0.050974,0.000079,0.749104,MOVE_JOINT
2.807000,0.443749,-0.161102,-0.140144,-0.023962,-0.052460,-0.000303,0.748408,MOVE_JOINT
2.808000,0.443731,-0.161149,-0.140142,-0.022460,-0.051058,0.000229,0.748146,MOVE_JOINT
2.809000,0.443710,-0.161201,-0.140140,-0.021123,-0.051607,0.001328,0.748122,MOVE_JOINT
2.810000,0.443684,-0.161252,-0.140142,-0.022833,-0.051260,0.000253,0.748175,MOVE_JOINT
2.811000,0.443657,-0.161302,-0.140143,-0.024294,-0.050947,-0.000669,0.748219,MOVE_JOINT
2.812000,0.443639,-0.161352,-0.140141,-0.023302,-0.051017,0.000023,0.748181,MOVE_JOINT
2.813000,0.443615,-0.161402,-0.140141,-0.023968,-0.050819,-0.000215,0.747962,MOVE_JOINT
2.814000,0.443592,-0.161453,-0.140140,-0.023653,-0.051281,0.000180,0.747469,MOVE_JOINT
2.815000,0.443566,-0.161508,-0.140140,-0.024100,-0.052705,0.000294,0.746659,MOVE_JOINT
2.816000,0.443540,-0.161561,-0.140140,-0.024603,-0.053059,0.000341,0.745539,MOVE_JOINT
2.817000,0.443521,-0.161614,-0.140138,-0.023334,-0.053359,0.001000,0.744152,MOVE_JOINT
2.818000,0.443493,-0.161669,-0.140139,-0.024703,-0.053832,0.000465,0.742563,MOVE_JOINT
2.819000,0.443469,-0.161722,-0.140138,-0.025231,-0.053555,0.000217,0.740844,MOVE_JOINT
2.820000,0.443446,-0.161775,-0.140137,-0.024944,-0.052958,0.000199,0.739048,MOVE_JOINT
2.821000,0.443425,-0.161828,-0.140136,-0.024433,-0.053066,0.000389,0.737190,MOVE_JOINT
2.822000,0.443400,-0.161885,-0.140135,-0.023758,-0.054128,0.000721,0.735270,MOVE_JOINT
2.823000,0.443373,-0.161931,-0.140137,-0.025323,-0.051727,-0.000445,0.733265,MOVE_JOINT
2.824000,0.443348,-0.161985,-0.140137,-0.025416,-0.052598,-0.000395,0.731123,MOVE_JOINT
2.825000,0.443330,-0.162036,-0.140133,-0.023455,-0.052106,0.000755,0.728756,MOVE_JOINT
2.826000,0.443305,-0.162087,-0.140133,-0.023914,-0.051974,0.000581,0.726085,MOVE_JOINT
2.827000,0.443287,-0.162137,-0.140130,-0.022313,-0.051544,0.001472,0.723109,MOVE_JOINT
2.828000,0.443261,-0.162187,-0.140130,-0.023141,-0.051499,0.001274,0.719937,MOVE_JOINT
2.829000,0.443239,-0.162238,-0.140130,-0.022548,-0.050956,0.000965,0.716774,MOVE_JOINT
2.830000,0.443215,-0.162292,-0.140128,-0.022138,-0.051886,0.001654,0.713862,MOVE_JOINT
2.831000,0.443192,-0.162346,-0.140126,-0.022387,-0.052672,0.001898,0.711413,MOVE_JOINT
2.832000,0.443171,-0.162400,-0.140123,-0.021569,-0.052757,0.002454,0.709617,MOVE_JOINT
2.833000,0.443145,-0.162451,-0.140123,-0.022293,-0.052370,0.001698,0.708648,MOVE_JOINT
2.834000,0.443122,-0.162508,-0.140121,-0.023171,-0.053519,0.001647,0.708647,MOVE_JOINT
2.835000,0.443102,-0.162561,-0.140117,-0.022070,-0.053871,0.002433,0.709671,MOVE_JOINT
2.836000,0.443074,-0.162616,-0.140119,-0.023857,-0.054028,0.001309,0.711680,MOVE_JOINT
2.837000,0.443052,-0.162668,-0.140117,-0.023531,-0.053764,0.001491,0.714553,MOVE_JOINT
2.838000,0.443026,-0.162718,-0.140118,-0.023545,-0.052707,0.001238,0.718080,MOVE_JOINT
2.839000,0.443005,-0.162771,-0.140116,-0.022932,-0.052519,0.001452,0.721994,MOVE_JOINT
2.840000,0.442986,-0.162822,-0.140112,-0.022528,-0.052413,0.001853,0.726020,MOVE_JOINT
2.841000,0.442958,-0.162875,-0.140113,-0.024238,-0.052708,0.000839,0.729927,MOVE_JOINT
2.842000,0.442937,-0.162924,-0.140111,-0.022431,-0.051600,0.001593,0.733530,MOVE_JOINT
2.843000,0.442911,-0.162975,-0.140111,-0.023397,-0.051317,0.000924,0.736672,MOVE_JOINT
2.844000,0.442888,-0.163028,-0.140110,-0.023824,-0.052312,0.001008,0.739221,MOVE_JOINT
2.845000,0.442864,-0.163082,-0.140109,-0.023346,-0.053501,0.001666,0.741064,MOVE_JOINT
2.846000,0.442840,-0.163134,-0.140108,-0.023196,-0.052522,0.001542,0.742120,MOVE_JOINT
2.847000,0.442817,-0.163187,-0.140107,-0.023013,-0.052888,0.001579,0.742371,MOVE_JOINT
2.848000,0.442793,-0.163241,-0.140105,-0.023465,-0.053332,0.001635,0.741862,MOVE_JOINT
2.849000,0.442767,-0.163295,-0.140106,-0.023955,-0.053250,0.000825,0.740676,MOVE_JOINT
2.850000,0.442747,-0.163346,-0.140105,-0.023217,-0.052690,0.000781,0.738873,MOVE_JOINT
2.851000,0.442723,-0.163395,-0.140105,-0.022996,-0.051518,0.000581,0.736438,MOVE_JOINT
2.852000,0.442696,-0.163449,-0.140104,-0.023976,-0.052432,0.000733,0.733283,MOVE_JOINT
2.853000,0.442674,-0.163506,-0.140101,-0.022788,-0.053923,0.001797,0.729318,MOVE_JOINT
2.854000,0.442649,-0.163555,-0.140102,-0.023725,-0.051878,0.000497,0.724520,MOVE_JOINT
2.855000,0.442626,-0.163606,-0.140100,-0.023693,-0.051497,0.000777,0.718944,MOVE_JOINT
2.856000,0.442602,-0.163657,-0.140100,-0.024202,-0.051303,0.000350,0.712682,MOVE_JOINT
2.857000,0.442579,-0.163710,-0.140099,-0.024771,-0.052216,0.000294,0.705839,MOVE_JOINT
2.858000,0.442557,-0.163760,-0.140098,-0.023714,-0.051578,0.000760,0.698520,MOVE_JOINT
2.859000,0.442528,-0.163811,-0.140099,-0.024997,-0.051389,0.000102,0.690825,MOVE_JOINT
2.860000,0.442505,-0.163866,-0.140097,-0.024880,-0.052492,0.000442,0.682855,MOVE_JOINT
2.861000,0.442481,-0.163919,-0.140096,-0.024413,-0.052372,0.000756,0.674709,MOVE_JOINT
2.862000,0.442452,-0.163973,-0.140097,-0.025658,-0.052906,-0.000102,0.666474,MOVE_JOINT
2.863000,0.442426,-0.164024,-0.140097,-0.025945,-0.052314,-0.000019,0.658200,MOVE_JOINT
2.864000,0.442401,-0.164078,-0.140095,-0.025613,-0.052408,0.000469,0.649888,MOVE_JOINT
2.865000,0.442378,-0.164132,-0.140094,-0.024734,-0.052986,0.000743,0.641535,MOVE_JOINT
2.866000,0.442351,-0.164185,-0.140094,-0.024931,-0.053517,0.000758,0.633183,MOVE_JOINT
2.867000,0.442323,-0.164237,-0.140094,-0.026075,-0.052906,0.000254,0.624906,MOVE_JOINT
2.868000,0.442301,-0.164288,-0.140092,-0.024175,-0.052401,0.001186,0.616781,MOVE_JOINT
2.869000,0.442281,-0.164338,-0.140090,-0.023060,-0.051579,0.001569,0.608899,MOVE_JOINT
2.870000,0.442256,-0.164394,-0.140088,-0.022884,-0.053103,0.001970,0.601406,MOVE_JOINT
2.871000,0.442229,-0.164447,-0.140087,-0.023953,-0.053028,0.001932,0.594507,MOVE_JOINT
2.872000,0.442205,-0.164496,-0.140089,-0.024336,-0.052034,0.001059,0.588435,MOVE_JOINT
2.873000,0.442182,-0.164551,-0.140087,-0.023469,-0.053223,0.001672,0.583380,MOVE_JOINT
2.874000,0.442154,-0.164601,-0.140088,-0.024920,-0.052648,0.000772,0.579430,MOVE_JOINT
2.875000,0.442126,-0.164654,-0.140088,-0.025893,-0.052728,0.000605,0.576543,MOVE_JOINT
2.876000,0.442106,-0.164710,-0.140083,-0.024365,-0.053655,0.001827,0.574572,MOVE_JOINT
2.877000,0.442079,-0.164763,-0.140083,-0.025684,-0.053405,0.000975,0.573333,MOVE_JOINT
2.878000,0.442055,-0.164818,-0.140081,-0.025121,-0.054030,0.001138,0.572654,MOVE_JOINT
2.879000,0.442031,-0.164872,-0.140078,-0.024103,-0.053574,0.001791,0.572373,MOVE_JOINT
2.880000,0.442006,-0.164925,-0.140077,-0.024290,-0.053718,0.001949,0.572343,MOVE_JOINT
2.881000,0.441980,-0.164976,-0.140078,-0.025023,-0.053150,0.000905,0.572474,MOVE_JOINT
2.882000,0.441957,-0.165034,-0.140073,-0.024251,-0.054373,0.001932,0.572723,MOVE_JOINT
2.883000,0.441930,-0.165085,-0.140074,-0.025123,-0.053144,0.001161,0.573050,MOVE_JOINT
2.884000,0.441906,-0.165138,-0.140073,-0.024900,-0.052775,0.001113,0.573408,MOVE_JOINT
2.885000,0.441882,-0.165188,-0.140071,-0.024630,-0.051992,0.001183,0.573745,MOVE_JOINT
2.886000,0.441861,-0.165244,-0.140066,-0.023132,-0.052796,0.002369,0.574021,MOVE_JOINT
2.887000,0.441840,-0.165295,-0.140065,-0.022253,-0.052322,0.002363,0.574248,MOVE_JOINT
2.888000,0.441812,-0.165345,-0.140065,-0.023637,-0.051565,0.001612,0.574507,MOVE_JOINT
2.889000,0.441792,-0.165401,-0.140060,-0.021950,-0.052982,0.002960,0.574923,MOVE_JOINT
2.890000,0.441763,-0.165452,-0.140062,-0.023570,-0.052111,0.001721,0.575622,MOVE_JOINT
2.891000,0.441745,-0.165506,-0.140057,-0.022414,-0.052095,0.002202,0.576714,MOVE_JOINT
2.892000,0.441719,-0.165555,-0.140057,-0.023606,-0.051321,0.001475,0.578254,MOVE_JOINT
2.893000,0.441701,-0.165608,-0.140052,-0.021102,-0.051645,0.002491,0.580225,MOVE_JOINT
2.894000,0.441679,-0.165661,-0.140049,-0.021548,-0.051847,0.002802,0.582575,MOVE_JOINT
2.895000,0.441656,-0.165715,-0.140047,-0.021380,-0.052065,0.002806,0.585277,MOVE_JOINT
2.896000,0.441627,-0.165767,-0.140048,-0.022904,-0.051715,0.001744,0.588347,MOVE_JOINT
2.897000,0.441600,-0.165822,-0.140048,-0.025113,-0.052675,0.000867,0.591783,MOVE_JOINT
2.898000,0.441581,-0.165876,-0.140043,-0.023297,-0.052947,0.002020,0.595473,MOVE_JOINT
2.899000,0.441559,-0.165927,-0.140040,-0.023560,-0.052967,0.002242,0.599215,MOVE_JOINT
2.900000,0.441535,-0.165978,-0.140039,-0.023938,-0.052549,0.001615,0.602818,MOVE_JOINT
2.901000,0.441519,-0.166027,-0.140035,-0.022025,-0.051308,0.001981,0.606147,MOVE_JOINT
2.902000,0.441499,-0.166081,-0.140030,-0.021492,-0.051909,0.002964,0.609114,MOVE_JOINT
2.903000,0.441472,-0.166133,-0.140031,-0.022658,-0.052144,0.002035,0.611680,MOVE_JOINT
2.904000,0.441454,-0.166184,-0.140025,-0.021596,-0.051783,0.002898,0.613886,MOVE_JOINT
2.905000,0.441431,-0.166238,-0.140022,-0.022154,-0.052584,0.002994,0.615827,MOVE_JOINT
2.906000,0.441408,-0.166287,-0.140022,-0.023104,-0.051033,0.002016,0.617637,MOVE_JOINT
2.907000,0.441386,-0.166340,-0.140019,-0.023059,-0.052212,0.002226,0.619452,MOVE_JOINT
2.908000,0.441361,-0.166390,-0.140019,-0.023699,-0.051562,0.001864,0.621349,MOVE_JOINT
2.909000,0.441341,-0.166446,-0.140014,-0.022787,-0.052842,0.002599,0.623327,MOVE_JOINT
2.910000,0.441319,-0.166492,-0.140013,-0.022343,-0.050848,0.002387,0.625341,MOVE_JOINT
2.911000,0.441297,-0.166545,-0.140010,-0.022392,-0.051797,0.002337,0.627343,MOVE_JOINT
2.912000,0.441275,-0.166602,-0.140005,-0.021929,-0.053372,0.003189,0.629301,MOVE_JOINT
2.913000,0.441253,-0.166653,-0.140003,-0.022074,-0.052369,0.002889,0.631208,MOVE_JOINT
2.914000,0.441235,-0.166704,-0.139999,-0.021040,-0.051725,0.003066,0.633086,MOVE_JOINT
2.915000,0.441210,-0.166758,-0.139996,-0.021926,-0.051924,0.002652,0.634984,MOVE_JOINT
2.916000,0.441190,-0.166812,-0.139992,-0.021396,-0.052409,0.003174,0.636944,MOVE_JOINT
2.917000,0.441167,-0.166862,-0.139990,-0.021926,-0.051333,0.002705,0.638991,MOVE_JOINT
2.918000,0.441147,-0.166917,-0.139984,-0.021223,-0.052184,0.003494,0.641146,MOVE_JOINT
2.919000,0.441125,-0.166968,-0.139983,-0.022265,-0.051166,0.002756,0.643443,MOVE_JOINT
2.920000,0.441106,-0.167022,-0.139979,-0.021087,-0.052405,0.003196,0.645937,MOVE_JOINT
2.921000,0.441084,-0.167071,-0.139977,-0.022317,-0.051267,0.002586,0.648663,MOVE_JOINT
2.922000,0.441065,-0.167124,-0.139973,-0.021176,-0.051584,0.002892,0.651602,MOVE_JOINT
2.923000,0.441046,-0.167174,-0.139969,-0.020192,-0.051196,0.003139,0.654679,MOVE_JOINT
2.924000,0.441023,-0.167226,-0.139967,-0.021133,-0.051810,0.002778,0.657775,MOVE_JOINT
2.925000,0.441003,-0.167276,-0.139965,-0.021066,-0.051223,0.002328,0.660748,MOVE_JOINT
2.926000,0.440982,-0.167328,-0.139962,-0.021028,-0.051008,0.002382,0.663427,MOVE_JOINT
2.927000,0.440959,-0.167380,-0.139961,-0.021122,-0.050903,0.001979,0.665611,MOVE_JOINT
2.928000,0.440940,-0.167430,-0.139958,-0.020730,-0.051076,0.002332,0.667088,MOVE_JOINT
2.929000,0.440922,-0.167481,-0.139954,-0.019375,-0.050741,0.002706,0.667666,MOVE_JOINT
2.930000,0.440897,-0.167534,-0.139954,-0.020672,-0.051240,0.002254,0.667209,MOVE_JOINT
2.931000,0.440880,-0.167589,-0.139949,-0.019637,-0.052113,0.002963,0.665653,MOVE_JOINT
2.932000,0.440856,-0.167642,-0.139947,-0.019957,-0.052636,0.003020,0.663013,MOVE_JOINT
2.933000,0.440830,-0.167694,-0.139947,-0.021699,-0.051869,0.001885,0.659373,MOVE_JOINT
2.934000,0.440806,-0.167748,-0.139947,-0.022266,-0.052629,0.001628,0.654836,MOVE_JOINT
2.935000,0.440786,-0.167800,-0.139943,-0.021342,-0.052862,0.002588,0.649471,MOVE_JOINT
2.936000,0.440759,-0.167853,-0.139944,-0.023782,-0.052785,0.001076,0.643302,MOVE_JOINT
2.937000,0.440744,-0.167905,-0.139937,-0.021308,-0.052293,0.002837,0.636344,MOVE_JOINT
2.938000,0.440720,-0.167957,-0.139933,-0.021310,-0.052343,0.003373,0.628664,MOVE_JOINT
2.939000,0.440697,-0.168009,-0.139933,-0.022151,-0.052311,0.002466,0.620459,MOVE_JOINT
2.940000,0.440673,-0.168062,-0.139929,-0.022854,-0.052645,0.002637,0.612050,MOVE_JOINT
2.941000,0.440650,-0.168114,-0.139928,-0.022470,-0.052256,0.002502,0.603788,MOVE_JOINT
2.942000,0.440628,-0.168168,-0.139924,-0.021728,-0.052464,0.002969,0.595981,MOVE_JOINT
2.943000,0.440604,-0.168225,-0.139920,-0.022418,-0.054006,0.003341,0.588888,MOVE_JOINT
2.944000,0.440575,-0.168279,-0.139919,-0.023287,-0.053929,0.002931,0.582728,MOVE_JOINT
2.945000,0.440555,-0.168331,-0.139915,-0.022125,-0.052926,0.003127,0.577680,MOVE_JOINT
2.946000,0.440529,-0.168389,-0.139912,-0.023046,-0.054557,0.003337,0.573868,MOVE_JOINT
2.947000,0.440507,-0.168444,-0.139908,-0.022114,-0.054350,0.003699,0.571347,MOVE_JOINT
2.948000,0.440478,-0.168496,-0.139909,-0.024054,-0.053114,0.002306,0.570108,MOVE_JOINT
2.949000,0.440453,-0.168551,-0.139907,-0.024026,-0.053451,0.002156,0.570042,MOVE_JOINT
2.950000,0.440434,-0.168608,-0.139902,-0.022432,-0.054111,0.003071,0.570907,MOVE_JOINT
2.951000,0.440410,-0.168657,-0.139901,-0.022917,-0.052949,0.002467,0.572347,MOVE_JOINT
2.952000,0.440386,-0.168710,-0.139897,-0.022594,-0.052859,0.002902,0.573958,MOVE_JOINT
2.953000,0.440360,-0.168765,-0.139896,-0.023542,-0.053232,0.002254,0.575355,MOVE_JOINT
2.954000,0.440337,-0.168814,-0.139895,-0.023080,-0.052074,0.002304,0.576199,MOVE_JOINT
2.955000,0.440319,-0.168867,-0.139890,-0.021759,-0.052419,0.003001,0.576196,MOVE_JOINT
2.956000,0.440292,-0.168924,-0.139890,-0.023083,-0.053802,0.002465,0.575120,MOVE_JOINT
2.957000,0.440269,-0.168976,-0.139887,-0.022448,-0.053305,0.002784,0.572811,MOVE_JOINT
2.958000,0.440245,-0.169029,-0.139885,-0.022857,-0.053338,0.002505,0.569170,MOVE_JOINT
2.959000,0.440222,-0.169084,-0.139883,-0.022642,-0.053811,0.002635,0.564143,MOVE_JOINT
2.960000,0.440194,-0.169137,-0.139882,-0.024605,-0.053770,0.002000,0.557717,MOVE_JOINT
2.961000,0.440170,-0.169194,-0.139879,-0.025096,-0.054820,0.001738,0.549900,MOVE_JOINT
2.962000,0.440151,-0.169249,-0.139874,-0.022679,-0.054926,0.003236,0.540723,MOVE_JOINT
2.963000,0.440124,-0.169304,-0.139873,-0.023410,-0.054812,0.002791,0.530265,MOVE_JOINT
2.964000,0.440098,-0.169351,-0.139873,-0.024327,-0.052388,0.001863,0.518704,MOVE_JOINT
2.965000,0.440074,-0.169407,-0.139871,-0.023449,-0.053711,0.002589,0.506299,MOVE_JOINT
2.966000,0.440052,-0.169456,-0.139869,-0.023328,-0.052650,0.002302,0.493348,MOVE_JOINT
2.967000,0.440033,-0.169511,-0.139864,-0.022229,-0.053253,0.003144,0.480169,MOVE_JOINT
2.968000,0.440013,-0.169561,-0.139860,-0.021744,-0.052360,0.003128,0.467110,MOVE_JOINT
2.969000,0.439987,-0.169615,-0.139859,-0.022828,-0.052863,0.002636,0.454551,MOVE_JOINT
2.970000,0.439963,-0.169668,-0.139856,-0.022807,-0.053213,0.002903,0.442864,MOVE_JOINT
2.971000,0.439944,-0.169719,-0.139852,-0.021720,-0.052524,0.003248,0.432375,MOVE_JOINT
2.972000,0.439920,-0.169772,-0.139850,-0.022871,-0.052962,0.002899,0.423350,MOVE_JOINT
2.973000,0.439898,-0.169826,-0.139846,-0.021884,-0.053010,0.003216,0.416010,MOVE_JOINT
2.974000,0.439873,-0.169880,-0.139845,-0.023290,-0.053139,0.002315,0.410507,MOVE_JOINT
2.975000,0.439852,-0.169935,-0.139839,-0.022683,-0.053190,0.002840,0.406889,MOVE_JOINT
2.976000,0.439827,-0.169988,-0.139839,-0.023675,-0.052911,0.001985,0.405084,MOVE_JOINT
2.977000,0.439810,-0.170041,-0.139833,-0.021795,-0.053034,0.003377,0.404921,MOVE_JOINT
2.978000,0.439783,-0.170094,-0.139833,-0.023560,-0.053073,0.002287,0.406179,MOVE_JOINT
2.979000,0.439764,-0.170148,-0.139829,-0.022145,-0.053541,0.003126,0.408635,MOVE_JOINT
2.980000,0.439738,-0.170197,-0.139828,-0.023584,-0.052380,0.002415,0.412062,MOVE_JOINT
2.981000,0.439716,-0.170248,-0.139826,-0.023339,-0.052085,0.002235,0.416234,MOVE_JOINT
2.982000,0.439697,-0.170299,-0.139822,-0.021737,-0.052090,0.002942,0.420923,MOVE_JOINT
2.983000,0.439671,-0.170351,-0.139821,-0.022470,-0.051656,0.002563,0.425910,MOVE_JOINT
2.984000,0.439643,-0.170404,-0.139820,-0.024206,-0.052037,0.001944,0.431005,MOVE_JOINT
2.985000,0.439623,-0.170457,-0.139816,-0.023047,-0.052953,0.002677,0.436037,MOVE_JOINT
2.986000,0.439602,-0.170508,-0.139813,-0.022664,-0.052829,0.002773,0.440843,MOVE_JOINT
2.987000,0.439580,-0.170557,-0.139809,-0.022683,-0.051534,0.002877,0.445290,MOVE_JOINT
2.988000,0.439557,-0.170614,-0.139805,-0.022259,-0.052882,0.003526,0.449312,MOVE_JOINT
2.989000,0.439531,-0.170666,-0.139806,-0.023453,-0.052738,0.002380,0.452936,MOVE_JOINT
2.990000,0.439508,-0.170721,-0.139802,-0.023321,-0.053878,0.002791,0.456235,MOVE_JOINT
2.991000,0.439484,-0.170774,-0.139799,-0.023539,-0.053399,0.002548,0.459249,MOVE_JOINT
2.992000,0.439461,-0.170826,-0.139798,-0.024559,-0.053001,0.001680,0.461947,MOVE_JOINT
2.993000,0.439441,-0.170879,-0.139795,-0.023003,-0.052817,0.002178,0.464226,MOVE_JOINT
2.994000,0.439419,-0.170928,-0.139792,-0.022654,-0.051821,0.002285,0.465925,MOVE_JOINT
2.995000,0.439395,-0.170982,-0.139790,-0.022773,-0.052058,0.002185,0.466878,MOVE_JOINT
2.996000,0.439372,-0.171034,-0.139788,-0.022698,-0.051830,0.002184,0.466973,MOVE_JOINT
2.997000,0.439354,-0.171082,-0.139784,-0.021491,-0.051197,0.002742,0.466168,MOVE_JOINT
2.998000,0.439329,-0.171135,-0.139783,-0.022405,-0.051517,0.002381,0.464493,MOVE_JOINT
2.999000,0.439308,-0.171186,-0.139780,-0.021757,-0.051445,0.002765,0.462049,MOVE_JOINT
3.000000,0.439285,-0.171240,-0.139776,-0.022125,-0.052199,0.002672,0.458992,MOVE_JOINT
3.001000,0.439259,-0.171291,-0.139776,-0.024213,-0.051825,0.001577,0.455488,MOVE_JOINT
3.002000,0.439238,-0.171342,-0.139773,-0.024208,-0.052404,0.001602,0.451663,MOVE_JOINT
3.003000,0.439216,-0.171396,-0.139770,-0.023722,-0.052766,0.002106,0.447561,MOVE_JOINT
3.004000,0.439196,-0.171451,-0.139765,-0.022488,-0.052977,0.002853,0.443173,MOVE_JOINT
3.005000,0.439170,-0.171502,-0.139764,-0.023881,-0.052316,0.001972,0.438511,MOVE_JOINT
3.006000,0.439146,-0.171557,-0.139761,-0.024029,-0.052682,0.002140,0.433631,MOVE_JOINT
3.007000,0.439121,-0.171609,-0.139760,-0.024591,-0.052437,0.001510,0.428606,MOVE_JOINT
3.008000,0.439100,-0.171663,-0.139756,-0.023904,-0.053011,0.002221,0.423481,MOVE_JOINT
3.009000,0.439078,-0.171717,-0.139752,-0.023239,-0.053195,0.002938,0.418285,MOVE_JOINT
3.010000,0.439048,-0.171768,-0.139753,-0.025677,-0.052770,0.001641,0.413074,MOVE_JOINT
3.011000,0.439031,-0.171825,-0.139746,-0.023049,-0.054226,0.003030,0.407953,MOVE_JOINT
3.012000,0.439008,-0.171875,-0.139746,-0.023761,-0.052762,0.002046,0.403033,MOVE_JOINT
3.013000,0.438979,-0.171927,-0.139745,-0.025312,-0.052604,0.001284,0.398385,MOVE_JOINT
3.014000,0.438963,-0.171978,-0.139740,-0.022476,-0.052311,0.002444,0.394003,MOVE_JOINT
3.015000,0.438937,-0.172024,-0.139741,-0.023716,-0.050313,0.001276,0.389816,MOVE_JOINT
3.016000,0.438912,-0.172084,-0.139737,-0.023530,-0.052852,0.002078,0.385726,MOVE_JOINT
3.017000,0.438886,-0.172131,-0.139738,-0.025028,-0.051125,0.000836,0.381623,MOVE_JOINT
3.018000,0.438862,-0.172185,-0.139736,-0.024529,-0.051573,0.001155,0.377385,MOVE_JOINT
3.019000,0.438838,-0.172236,-0.139734,-0.024523,-0.051323,0.001240,0.372872,MOVE_JOINT
3.020000,0.438816,-0.172288,-0.139732,-0.023572,-0.051499,0.001709,0.367959,MOVE_JOINT
3.021000,0.438790,-0.172339,-0.139733,-0.024860,-0.051092,0.000476,0.362578,MOVE_JOINT
3.022000,0.438764,-0.172391,-0.139731,-0.025057,-0.051515,0.000993,0.356693,MOVE_JOINT
3.023000,0.438743,-0.172439,-0.139730,-0.024000,-0.050301,0.000831,0.350275,MOVE_JOINT
3.024000,0.438719,-0.172497,-0.139728,-0.024540,-0.052675,0.001246,0.343312,MOVE_JOINT
3.025000,0.438699,-0.172546,-0.139725,-0.022578,-0.051382,0.002025,0.335839,MOVE_JOINT
3.026000,0.438670,-0.172597,-0.139725,-0.023883,-0.051442,0.001739,0.327968,MOVE_JOINT
3.027000,0.438642,-0.172649,-0.139726,-0.025415,-0.051500,0.000324,0.319888,MOVE_JOINT
3.028000,0.438620,-0.172701,-0.139722,-0.024497,-0.051477,0.001439,0.311806,MOVE_JOINT
3.029000,0.438598,-0.172753,-0.139719,-0.023504,-0.051900,0.001947,0.303894,MOVE_JOINT
3.030000,0.438572,-0.172804,-0.139718,-0.023965,-0.051703,0.002054,0.296327,MOVE_JOINT
3.031000,0.438551,-0.172857,-0.139713,-0.022808,-0.051833,0.002836,0.289340,MOVE_JOINT
3.032000,0.438525,-0.172907,-0.139713,-0.023651,-0.050476,0.002111,0.283239,MOVE_JOINT
3.033000,0.438501,-0.172958,-0.139711,-0.023865,-0.050860,0.002208,0.278359,MOVE_JOINT
3.034000,0.438477,-0.173010,-0.139709,-0.023996,-0.051713,0.002061,0.274997,MOVE_JOINT
3.035000,0.438450,-0.173058,-0.139708,-0.024232,-0.050166,0.001872,0.273348,MOVE_JOINT
3.036000,0.438433,-0.173109,-0.139702,-0.022248,-0.050832,0.003215,0.273502,MOVE_JOINT
3.037000,0.438402,-0.173159,-0.139704,-0.023892,-0.050712,0.002219,0.275495,MOVE_JOINT
3.038000,0.438381,-0.173210,-0.139701,-0.023387,-0.050563,0.002297,0.279338,MOVE_JOINT
3.039000,0.438353,-0.173261,-0.139702,-0.025499,-0.050740,0.001055,0.284972,MOVE_JOINT
3.040000,0.438330,-0.173315,-0.139698,-0.024327,-0.051345,0.001849,0.292200,MOVE_JOINT
3.041000,0.438308,-0.173367,-0.139695,-0.023692,-0.051543,0.002118,0.300698,MOVE_JOINT
3.042000,0.438285,-0.173421,-0.139692,-0.022759,-0.052498,0.002754,0.310081,MOVE_JOINT
3.043000,0.438261,-0.173470,-0.139692,-0.022912,-0.051013,0.002263,0.319991,MOVE_JOINT
3.044000,0.438236,-0.173522,-0.139689,-0.022867,-0.051461,0.002722,0.330128,MOVE_JOINT
3.045000,0.438210,-0.173575,-0.139687,-0.022900,-0.051599,0.002715,0.340260,MOVE_JOINT
3.046000,0.438188,-0.173627,-0.139684,-0.022433,-0.052226,0.003141,0.350229,MOVE_JOINT
3.047000,0.438162,-0.173677,-0.139683,-0.022888,-0.051686,0.002677,0.359940,MOVE_JOINT
3.048000,0.438134,-0.173729,-0.139682,-0.024366,-0.052189,0.002267,0.369330,MOVE_JOINT
3.049000,0.438113,-0.173777,-0.139679,-0.022907,-0.050946,0.002539,0.378330,MOVE_JOINT
3.050000,0.438088,-0.173828,-0.139677,-0.022825,-0.051220,0.002725,0.386846,MOVE_JOINT
3.051000,0.438060,-0.173880,-0.139676,-0.024677,-0.051251,0.001977,0.394788,MOVE_JOINT
3.052000,0.438036,-0.173930,-0.139675,-0.024694,-0.050596,0.001626,0.402067,MOVE_JOINT
3.053000,0.438014,-0.173980,-0.139672,-0.023555,-0.050453,0.002052,0.408574,MOVE_JOINT
3.054000,0.437988,-0.174033,-0.139669,-0.024150,-0.051770,0.002247,0.414184,MOVE_JOINT
3.055000,0.437961,-0.174084,-0.139669,-0.025208,-0.051333,0.001873,0.418789,MOVE_JOINT
3.056000,0.437933,-0.174138,-0.139669,-0.026460,-0.052500,0.001274,0.422317,MOVE_JOINT
3.057000,0.437910,-0.174189,-0.139665,-0.024963,-0.052265,0.002240,0.424719,MOVE_JOINT
3.058000,0.437885,-0.174240,-0.139664,-0.024607,-0.052122,0.002269,0.425957,MOVE_JOINT
3.059000,0.437855,-0.174294,-0.139664,-0.026255,-0.053006,0.001547,0.426035,MOVE_JOINT
3.060000,0.437834,-0.174343,-0.139661,-0.024262,-0.052101,0.002451,0.424996,MOVE_JOINT
3.061000,0.437807,-0.174394,-0.139660,-0.025415,-0.051949,0.001803,0.422905,MOVE_JOINT
3.062000,0.437782,-0.174446,-0.139658,-0.025379,-0.052223,0.001802,0.419851,MOVE_JOINT
3.063000,0.437759,-0.174495,-0.139656,-0.024927,-0.051642,0.001786,0.415938,MOVE_JOINT
3.064000,0.437734,-0.174544,-0.139656,-0.025198,-0.050834,0.001251,0.411263,MOVE_JOINT
3.065000,0.437705,-0.174596,-0.139655,-0.026635,-0.051178,0.000978,0.405894,MOVE_JOINT
3.066000,0.437685,-0.174648,-0.139651,-0.024788,-0.051536,0.001982,0.399879,MOVE_JOINT
3.067000,0.437655,-0.174699,-0.139651,-0.026561,-0.051318,0.000827,0.393271,MOVE_JOINT
3.068000,0.437635,-0.174745,-0.139650,-0.025295,-0.049308,0.000612,0.386137,MOVE_JOINT
3.069000,0.437611,-0.174799,-0.139647,-0.024585,-0.051053,0.001504,0.378528,MOVE_JOINT
3.070000,0.437585,-0.174850,-0.139646,-0.024704,-0.051244,0.001501,0.370479,MOVE_JOINT
3.071000,0.437561,-0.174904,-0.139645,-0.024793,-0.052267,0.001326,0.362043,MOVE_JOINT
3.072000,0.437533,-0.174952,-0.139644,-0.025932,-0.051532,0.001110,0.353294,MOVE_JOINT
3.073000,0.437508,-0.175007,-0.139642,-0.025734,-0.052256,0.001131,0.344302,MOVE_JOINT
3.074000,0.437485,-0.175057,-0.139640,-0.025382,-0.051313,0.001283,0.335118,MOVE_JOINT
3.075000,0.437458,-0.175108,-0.139639,-0.026208,-0.051890,0.001243,0.325794,MOVE_JOINT
3.076000,0.437438,-0.175159,-0.139635,-0.024199,-0.052034,0.002458,0.316411,MOVE_JOINT
3.077000,0.437412,-0.175209,-0.139633,-0.024848,-0.051164,0.002082,0.307122,MOVE_JOINT
3.078000,0.437388,-0.175257,-0.139632,-0.023995,-0.050659,0.002038,0.298169,MOVE_JOINT
3.079000,0.437363,-0.175302,-0.139632,-0.024570,-0.048541,0.001171,0.289829,MOVE_JOINT
3.080000,0.437338,-0.175355,-0.139629,-0.024322,-0.049612,0.001628,0.282327,MOVE_JOINT
3.081000,0.437319,-0.175403,-0.139625,-0.023031,-0.049031,0.002281,0.275793,MOVE_JOINT
3.082000,0.437290,-0.175449,-0.139628,-0.026038,-0.047956,0.000240,0.270278,MOVE_JOINT
3.083000,0.437269,-0.175498,-0.139624,-0.025523,-0.048650,0.000669,0.265744,MOVE_JOINT
3.084000,0.437249,-0.175548,-0.139620,-0.023407,-0.049001,0.002138,0.262044,MOVE_JOINT
3.085000,0.437217,-0.175598,-0.139622,-0.026190,-0.049161,0.000780,0.258977,MOVE_JOINT
3.086000,0.437190,-0.175647,-0.139622,-0.026075,-0.048866,0.000618,0.256352,MOVE_JOINT
3.087000,0.437171,-0.175697,-0.139617,-0.024438,-0.049452,0.001578,0.253976,MOVE_JOINT
3.088000,0.437145,-0.175750,-0.139616,-0.025052,-0.050456,0.001364,0.251643,MOVE_JOINT
3.089000,0.437119,-0.175802,-0.139614,-0.025292,-0.051050,0.001613,0.249160,MOVE_JOINT
3.090000,0.437098,-0.175853,-0.139611,-0.024490,-0.051315,0.002165,0.246369,MOVE_JOINT
3.091000,0.437078,-0.175903,-0.139607,-0.022906,-0.050772,0.002538,0.243175,MOVE_JOINT
3.092000,0.437053,-0.175955,-0.139605,-0.022998,-0.050941,0.002591,0.239565,MOVE_JOINT
3.093000,0.437032,-0.176005,-0.139602,-0.022650,-0.050852,0.002649,0.235592,MOVE_JOINT
3.094000,0.437003,-0.176054,-0.139602,-0.024179,-0.049868,0.001810,0.231350,MOVE_JOINT
3.095000,0.436986,-0.176104,-0.139597,-0.022411,-0.049879,0.002780,0.226940,MOVE_JOINT
3.096000,0.436961,-0.176152,-0.139596,-0.023645,-0.049732,0.001977,0.222463,MOVE_JOINT
3.097000,0.436938,-0.176202,-0.139594,-0.024024,-0.050006,0.002000,0.218016,MOVE_JOINT
3.098000,0.436913,-0.176255,-0.139592,-0.023983,-0.050666,0.002182,0.213664,MOVE_JOINT
3.099000,0.436889,-0.176307,-0.139589,-0.023904,-0.050939,0.002293,0.209427,MOVE_JOINT
3.100000,0.436863,-0.176360,-0.139588,-0.025076,-0.051095,0.001489,0.205282,MOVE_JOINT
3.101000,0.436839,-0.176411,-0.139585,-0.025078,-0.051298,0.001687,0.201153,MOVE_JOINT
3.102000,0.436818,-0.176462,-0.139582,-0.023862,-0.051533,0.002319,0.196911,MOVE_JOINT
3.103000,0.436794,-0.176517,-0.139578,-0.024178,-0.052267,0.002506,0.192418,MOVE_JOINT
3.104000,0.436773,-0.176568,-0.139574,-0.023026,-0.052103,0.003237,0.187591,MOVE_JOINT
3.105000,0.436744,-0.176619,-0.139575,-0.024778,-0.051468,0.001892,0.182435,MOVE_JOINT
3.106000,0.436722,-0.176671,-0.139571,-0.023824,-0.051551,0.002471,0.177010,MOVE_JOINT
3.107000,0.436698,-0.176725,-0.139568,-0.024650,-0.052360,0.002403,0.171387,MOVE_JOINT
3.108000,0.436674,-0.176774,-0.139567,-0.024195,-0.051635,0.002145,0.165620,MOVE_JOINT
3.109000,0.436650,-0.176823,-0.139565,-0.024628,-0.051391,0.002040,0.159745,MOVE_JOINT
3.110000,0.436631,-0.176871,-0.139562,-0.022950,-0.050370,0.002231,0.153772,MOVE_JOINT
3.111000,0.436609,-0.176921,-0.139560,-0.023418,-0.050007,0.001914,0.147688,MOVE_JOINT
3.112000,0.436584,-0.176973,-0.139559,-0.023356,-0.050602,0.001866,0.141459,MOVE_JOINT
3.113000,0.436560,-0.177021,-0.139558,-0.022084,-0.050042,0.002339,0.135027,MOVE_JOINT
3.114000,0.436536,-0.177074,-0.139555,-0.021702,-0.050674,0.002544,0.128322,MOVE_JOINT
3.115000,0.436509,-0.177121,-0.139557,-0.023080,-0.049610,0.001260,0.121282,MOVE_JOINT
3.116000,0.436488,-0.177172,-0.139553,-0.021335,-0.049562,0.002572,0.113838,MOVE_JOINT
3.117000,0.436465,-0.177222,-0.139550,-0.022498,-0.049646,0.002178,0.105919,MOVE_JOINT
3.118000,0.436444,-0.177278,-0.139547,-0.022499,-0.051906,0.002635,0.097493,MOVE_JOINT
3.119000,0.436415,-0.177329,-0.139546,-0.024558,-0.052181,0.001941,0.088582,MOVE_JOINT
3.120000,0.436392,-0.177381,-0.139544,-0.024073,-0.051868,0.002118,0.079220,MOVE_JOINT
3.121000,0.436364,-0.177433,-0.139545,-0.025370,-0.051827,0.001041,0.069415,MOVE_JOINT
3.122000,0.436342,-0.177487,-0.139539,-0.024069,-0.052622,0.002638,0.059142,MOVE_JOINT
3.123000,0.436316,-0.177537,-0.139538,-0.024853,-0.051914,0.002035,0.048367,MOVE_JOINT
3.124000,0.436290,-0.177587,-0.139537,-0.024823,-0.051383,0.001914,0.037113,MOVE_JOINT
3.125000,0.436262,-0.177638,-0.139536,-0.025656,-0.051349,0.001526,0.025465,MOVE_JOINT
3.126000,0.436238,-0.177689,-0.139532,-0.026141,-0.050742,0.001602,0.013529,MOVE_JOINT
3.127000,0.436213,-0.177745,-0.139528,-0.025696,-0.052220,0.002456,0.001420,MOVE_JOINT
3.128000,0.436189,-0.177795,-0.139525,-0.024853,-0.051751,0.002798,-0.010692,MOVE_JOINT
3.129000,0.436159,-0.177847,-0.139525,-0.026166,-0.052071,0.002242,-0.022560,MOVE_JOINT
3.130000,0.436140,-0.177897,-0.139520,-0.023249,-0.051260,0.003468,-0.033879,MOVE_JOINT
3.131000,0.436107,-0.177952,-0.139521,-0.025984,-0.052406,0.002133,-0.044342,MOVE_JOINT
3.132000,0.436086,-0.178003,-0.139516,-0.024449,-0.052200,0.002846,-0.053693,MOVE_JOINT
3.133000,0.436062,-0.178057,-0.139512,-0.024100,-0.052505,0.003398,-0.061768,MOVE_JOINT
3.134000,0.436035,-0.178111,-0.139509,-0.024697,-0.053206,0.003385,-0.068478,MOVE_JOINT
3.135000,0.436010,-0.178167,-0.139506,-0.024936,-0.054129,0.003511,-0.073759,MOVE_JOINT
3.136000,0.435987,-0.178217,-0.139503,-0.024929,-0.052911,0.003155,-0.077568,MOVE_JOINT
3.137000,0.435962,-0.178269,-0.139501,-0.025084,-0.053009,0.002618,-0.079914,MOVE_JOINT
3.138000,0.435937,-0.178322,-0.139497,-0.024267,-0.052978,0.003387,-0.080887,MOVE_JOINT
3.139000,0.435913,-0.178372,-0.139495,-0.024885,-0.052100,0.002656,-0.080654,MOVE_JOINT
3.140000,0.435890,-0.178423,-0.139492,-0.024490,-0.052037,0.002812,-0.079420,MOVE_JOINT
3.141000,0.435864,-0.178475,-0.139490,-0.025065,-0.052572,0.002698,-0.077409,MOVE_JOINT
3.142000,0.435842,-0.178523,-0.139486,-0.023916,-0.051381,0.003415,-0.074843,MOVE_JOINT
3.143000,0.435816,-0.178572,-0.139485,-0.025261,-0.050668,0.002310,-0.071898,MOVE_JOINT
3.144000,0.435794,-0.178624,-0.139481,-0.024043,-0.051041,0.002784,-0.068691,MOVE_JOINT
3.145000,0.435771,-0.178677,-0.139478,-0.023550,-0.051868,0.003241,-0.065306,MOVE_JOINT
3.146000,0.435745,-0.178728,-0.139476,-0.024519,-0.051371,0.002508,-0.061824,MOVE_JOINT
3.147000,0.435723,-0.178779,-0.139472,-0.024243,-0.051199,0.002530,-0.058341,MOVE_JOINT
3.148000,0.435704,-0.178833,-0.139467,-0.022499,-0.052410,0.003622,-0.054976,MOVE_JOINT
3.149000,0.435677,-0.178887,-0.139465,-0.023590,-0.052906,0.003217,-0.051861,MOVE_JOINT
3.150000,0.435652,-0.178935,-0.139463,-0.023821,-0.051234,0.002668,-0.049106,MOVE_JOINT
3.151000,0.435632,-0.178987,-0.139459,-0.023332,-0.051320,0.003001,-0.046807,MOVE_JOINT
3.152000,0.435610,-0.179033,-0.139458,-0.023537,-0.049581,0.002025,-0.045054,MOVE_JOINT
3.153000,0.435592,-0.179085,-0.139452,-0.022122,-0.049553,0.002648,-0.043942,MOVE_JOINT
3.154000,0.435570,-0.179134,-0.139449,-0.022244,-0.049486,0.002818,-0.043574,MOVE_JOINT
3.155000,0.435549,-0.179182,-0.139446,-0.020946,-0.049270,0.003357,-0.044023,MOVE_JOINT
3.156000,0.435521,-0.179234,-0.139445,-0.022950,-0.050386,0.002803,-0.045289,MOVE_JOINT
3.157000,0.435498,-0.179281,-0.139444,-0.023285,-0.049065,0.001996,-0.047309,MOVE_JOINT
3.158000,0.435480,-0.179328,-0.139440,-0.021486,-0.048533,0.002881,-0.050021,MOVE_JOINT
3.159000,0.435456,-0.179380,-0.139438,-0.022515,-0.049294,0.002445,-0.053386,MOVE_JOINT
3.160000,0.435437,-0.179426,-0.139433,-0.021896,-0.048211,0.002867,-0.057369,MOVE_JOINT
3.161000,0.435415,-0.179479,-0.139429,-0.021198,-0.049659,0.003666,-0.061898,MOVE_JOINT
3.162000,0.435397,-0.179529,-0.139423,-0.020712,-0.049724,0.003978,-0.066829,MOVE_JOINT
3.163000,0.435368,-0.179580,-0.139423,-0.022791,-0.049805,0.003171,-0.071932,MOVE_JOINT
3.164000,0.435348,-0.179628,-0.139420,-0.021676,-0.049436,0.003331,-0.076946,MOVE_JOINT
3.165000,0.435325,-0.179683,-0.139415,-0.022529,-0.051194,0.003518,-0.081643,MOVE_JOINT
3.166000,0.435302,-0.179735,-0.139413,-0.021723,-0.050808,0.003341,-0.085875,MOVE_JOINT
3.167000,0.435281,-0.179783,-0.139409,-0.021590,-0.050532,0.003820,-0.089584,MOVE_JOINT
3.168000,0.435257,-0.179834,-0.139407,-0.021909,-0.050062,0.003103,-0.092782,MOVE_JOINT
3.169000,0.435234,-0.179881,-0.139404,-0.021468,-0.049186,0.003250,-0.095528,MOVE_JOINT
3.170000,0.435214,-0.179930,-0.139400,-0.021797,-0.049273,0.003310,-0.097919,MOVE_JOINT
3.171000,0.435187,-0.179979,-0.139398,-0.023987,-0.048525,0.002284,-0.100068,MOVE_JOINT
3.172000,0.435171,-0.180027,-0.139394,-0.021272,-0.048002,0.003086,-0.102090,MOVE_JOINT
3.173000,0.435145,-0.180075,-0.139391,-0.022791,-0.047803,0.002497,-0.104089,MOVE_JOINT
3.174000,0.435125,-0.180128,-0.139387,-0.021099,-0.049252,0.003426,-0.106153,MOVE_JOINT
3.175000,0.435105,-0.180172,-0.139383,-0.020266,-0.047847,0.003882,-0.108331,MOVE_JOINT
3.176000,0.435080,-0.180218,-0.139384,-0.022029,-0.047310,0.002223,-0.110611,MOVE_JOINT
3.177000,0.435059,-0.180272,-0.139377,-0.021206,-0.049473,0.003782,-0.112937,MOVE_JOINT
3.178000,0.435040,-0.180321,-0.139373,-0.020233,-0.049207,0.003850,-0.115243,MOVE_JOINT
3.179000,0.435019,-0.180371,-0.139370,-0.020546,-0.049719,0.003854,-0.117447,MOVE_JOINT
3.180000,0.434994,-0.180421,-0.139368,-0.021958,-0.049779,0.003099,-0.119457,MOVE_JOINT
3.181000,0.434973,-0.180471,-0.139365,-0.022033,-0.049846,0.003217,-0.121203,MOVE_JOINT
3.182000,0.434955,-0.180522,-0.139359,-0.020202,-0.050330,0.004240,-0.122660,MOVE_JOINT
3.183000,0.434932,-0.180572,-0.139357,-0.021020,-0.050424,0.003753,-0.123820,MOVE_JOINT
3.184000,0.434905,-0.180620,-0.139356,-0.022606,-0.049594,0.002903,-0.124665,MOVE_JOINT
3.185000,0.434886,-0.180666,-0.139353,-0.020431,-0.048842,0.003675,-0.125186,MOVE_JOINT
3.186000,0.434869,-0.180714,-0.139349,-0.019568,-0.048336,0.003796,-0.125388,MOVE_JOINT
3.187000,0.434849,-0.180761,-0.139346,-0.020059,-0.048016,0.003318,-0.125272,MOVE_JOINT
3.188000,0.434827,-0.180806,-0.139343,-0.020501,-0.047294,0.003080,-0.124837,MOVE_JOINT
3.189000,0.434808,-0.180854,-0.139340,-0.020612,-0.048059,0.003359,-0.124104,MOVE_JOINT
3.190000,0.434788,-0.180898,-0.139338,-0.020497,-0.046458,0.002856,-0.123116,MOVE_JOINT
3.191000,0.434768,-0.180949,-0.139333,-0.020800,-0.047932,0.002981,-0.121922,MOVE_JOINT
3.192000,0.434747,-0.180994,-0.139331,-0.020363,-0.047368,0.002863,-0.120590,MOVE_JOINT
3.193000,0.434725,-0.181041,-0.139329,-0.020842,-0.047155,0.002735,-0.119213,MOVE_JOINT
3.194000,0.434707,-0.181089,-0.139325,-0.019046,-0.047518,0.003581,-0.117901,MOVE_JOINT
3.195000,0.434685,-0.181138,-0.139322,-0.020385,-0.047658,0.003155,-0.116733,MOVE_JOINT
3.196000,0.434661,-0.181186,-0.139321,-0.021871,-0.048428,0.002419,-0.115745,MOVE_JOINT
3.197000,0.434643,-0.181237,-0.139315,-0.020532,-0.048970,0.003529,-0.114960,MOVE_JOINT
3.198000,0.434621,-0.181283,-0.139314,-0.021557,-0.047769,0.002273,-0.114418,MOVE_JOINT
3.199000,0.434602,-0.181333,-0.139308,-0.021090,-0.048472,0.003182,-0.114172,MOVE_JOINT
3.200000,0.434580,-0.181383,-0.139305,-0.021253,-0.048501,0.003080,-0.114277,MOVE_JOINT
3.201000,0.434557,-0.181429,-0.139304,-0.021851,-0.047768,0.002435,-0.114762,MOVE_JOINT
3.202000,0.434536,-0.181477,-0.139300,-0.021414,-0.047492,0.003025,-0.115642,MOVE_JOINT
3.203000,0.434511,-0.181523,-0.139298,-0.022245,-0.047291,0.002525,-0.116922,MOVE_JOINT
3.204000,0.434493,-0.181569,-0.139294,-0.021148,-0.046781,0.003096,-0.118584,MOVE_JOINT
3.205000,0.434467,-0.181617,-0.139293,-0.022071,-0.047494,0.002530,-0.120589,MOVE_JOINT
3.206000,0.434450,-0.181667,-0.139286,-0.019993,-0.048272,0.004296,-0.122878,MOVE_JOINT
3.207000,0.434422,-0.181711,-0.139286,-0.022368,-0.047034,0.002864,-0.125363,MOVE_JOINT
3.208000,0.434402,-0.181759,-0.139283,-0.021550,-0.047152,0.002999,-0.127904,MOVE_JOINT
3.209000,0.434378,-0.181807,-0.139281,-0.022298,-0.047597,0.002546,-0.130357,MOVE_JOINT
3.210000,0.434354,-0.181857,-0.139278,-0.022872,-0.048699,0.002922,-0.132641,MOVE_JOINT
3.211000,0.434334,-0.181906,-0.139273,-0.021720,-0.048704,0.003411,-0.134753,MOVE_JOINT
3.212000,0.434312,-0.181955,-0.139270,-0.021942,-0.048580,0.003253,-0.136707,MOVE_JOINT
3.213000,0.434285,-0.182002,-0.139270,-0.022582,-0.047972,0.002620,-0.138508,MOVE_JOINT
3.214000,0.434264,-0.182052,-0.139266,-0.021646,-0.048384,0.003223,-0.140154,MOVE_JOINT
3.215000,0.434243,-0.182097,-0.139263,-0.021693,-0.047463,0.002965,-0.141651,MOVE_JOINT
3.216000,0.434221,-0.182147,-0.139260,-0.021011,-0.047722,0.003099,-0.142996,MOVE_JOINT
3.217000,0.434197,-0.182192,-0.139257,-0.021059,-0.046782,0.003111,-0.144176,MOVE_JOINT
3.218000,0.434177,-0.182235,-0.139256,-0.020689,-0.045637,0.002886,-0.145170,MOVE_JOINT
3.219000,0.434156,-0.182282,-0.139252,-0.021655,-0.046414,0.002691,-0.145950,MOVE_JOINT
3.220000,0.434134,-0.182328,-0.139247,-0.020995,-0.046079,0.003671,-0.146488,MOVE_JOINT
3.221000,0.434110,-0.182375,-0.139246,-0.021770,-0.046100,0.002762,-0.146725,MOVE_JOINT
3.222000,0.434093,-0.182422,-0.139239,-0.020166,-0.046438,0.003897,-0.146571,MOVE_JOINT
3.223000,0.434069,-0.182466,-0.139239,-0.022228,-0.045882,0.002596,-0.145918,MOVE_JOINT
3.224000,0.434049,-0.182513,-0.139235,-0.021132,-0.045982,0.002989,-0.144689,MOVE_JOINT
3.225000,0.434024,-0.182561,-0.139232,-0.022039,-0.046790,0.003178,-0.142865,MOVE_JOINT
3.226000,0.434004,-0.182604,-0.139229,-0.021630,-0.045645,0.003038,-0.140487,MOVE_JOINT
3.227000,0.433986,-0.182653,-0.139223,-0.020738,-0.047030,0.003955,-0.137603,MOVE_JOINT
3.228000,0.433963,-0.182698,-0.139220,-0.021589,-0.046270,0.003651,-0.134237,MOVE_JOINT
3.229000,0.433944,-0.182749,-0.139214,-0.020713,-0.048013,0.004412,-0.130359,MOVE_JOINT
3.230000,0.433918,-0.182799,-0.139212,-0.022072,-0.048448,0.003602,-0.125907,MOVE_JOINT
3.231000,0.433902,-0.182843,-0.139207,-0.020027,-0.047223,0.004427,-0.120833,MOVE_JOINT
3.232000,0.433879,-0.182891,-0.139204,-0.021010,-0.047144,0.003946,-0.115140,MOVE_JOINT
3.233000,0.433856,-0.182935,-0.139200,-0.020786,-0.046433,0.004298,-0.108862,MOVE_JOINT
3.234000,0.433834,-0.182980,-0.139199,-0.021031,-0.046180,0.003395,-0.102042,MOVE_JOINT
3.235000,0.433813,-0.183026,-0.139196,-0.020882,-0.046090,0.003563,-0.094757,MOVE_JOINT
3.236000,0.433790,-0.183066,-0.139195,-0.021268,-0.044221,0.002750,-0.087160,MOVE_JOINT
3.237000,0.433774,-0.183110,-0.139191,-0.020233,-0.044125,0.002906,-0.079496,MOVE_JOINT
3.238000,0.433752,-0.183154,-0.139188,-0.020790,-0.043989,0.002742,-0.072070,MOVE_JOINT
3.239000,0.433733,-0.183198,-0.139185,-0.020737,-0.044290,0.002940,-0.065203,MOVE_JOINT
3.240000,0.433714,-0.183240,-0.139181,-0.020257,-0.043844,0.003158,-0.059185,MOVE_JOINT
3.241000,0.433690,-0.183284,-0.139183,-0.022179,-0.044043,0.001567,-0.054239,MOVE_JOINT
3.242000,0.433668,-0.183328,-0.139179,-0.022412,-0.043981,0.002011,-0.050556,MOVE_JOINT
3.243000,0.433653,-0.183373,-0.139175,-0.020604,-0.044141,0.002604,-0.048325,MOVE_JOINT
3.244000,0.433631,-0.183413,-0.139173,-0.021413,-0.042637,0.001792,-0.047707,MOVE_JOINT
3.245000,0.433613,-0.183462,-0.139166,-0.019505,-0.044641,0.003689,-0.048764,MOVE_JOINT
3.246000,0.433590,-0.183506,-0.139164,-0.020325,-0.044194,0.003399,-0.051420,MOVE_JOINT
3.247000,0.433569,-0.183552,-0.139163,-0.019850,-0.043964,0.003025,-0.055427,MOVE_JOINT
3.248000,0.433548,-0.183596,-0.139158,-0.020051,-0.044237,0.003423,-0.060422,MOVE_JOINT
3.249000,0.433527,-0.183638,-0.139157,-0.020376,-0.043065,0.002752,-0.066018,MOVE_JOINT
3.250000,0.433506,-0.183684,-0.139153,-0.020438,-0.044145,0.003087,-0.071867,MOVE_JOINT
3.251000,0.433488,-0.183725,-0.139150,-0.019876,-0.043281,0.003130,-0.077674,MOVE_JOINT
3.252000,0.433466,-0.183766,-0.139148,-0.020760,-0.042445,0.002620,-0.083214,MOVE_JOINT
3.253000,0.433446,-0.183808,-0.139144,-0.019537,-0.042105,0.003386,-0.088314,MOVE_JOINT
3.254000,0.433424,-0.183851,-0.139143,-0.019965,-0.042439,0.002965,-0.092838,MOVE_JOINT
3.255000,0.433404,-0.183889,-0.139142,-0.020106,-0.041286,0.002520,-0.096688,MOVE_JOINT
3.256000,0.433388,-0.183931,-0.139137,-0.019151,-0.041579,0.003138,-0.099823,MOVE_JOINT
3.257000,0.433366,-0.183971,-0.139135,-0.019425,-0.041467,0.003142,-0.102257,MOVE_JOINT
3.258000,0.433345,-0.184012,-0.139134,-0.019530,-0.041406,0.002800,-0.104021,MOVE_JOINT
3.259000,0.433325,-0.184051,-0.139133,-0.019172,-0.040472,0.002627,-0.105163,MOVE_JOINT
3.260000,0.433302,-0.184093,-0.139132,-0.020588,-0.041244,0.001888,-0.105781,MOVE_JOINT
3.261000,0.433288,-0.184133,-0.139127,-0.018228,-0.040531,0.003050,-0.106055,MOVE_JOINT
3.262000,0.433264,-0.184176,-0.139127,-0.020010,-0.041516,0.002324,-0.106217,MOVE_JOINT
3.263000,0.433240,-0.184216,-0.139127,-0.021374,-0.041184,0.001689,-0.106503,MOVE_JOINT
3.264000,0.433223,-0.184257,-0.139124,-0.020419,-0.040533,0.001708,-0.107143,MOVE_JOINT
3.265000,0.433206,-0.184297,-0.139120,-0.019452,-0.040467,0.002395,-0.108375,MOVE_JOINT
3.266000,0.433183,-0.184345,-0.139117,-0.019963,-0.042732,0.002316,-0.110400,MOVE_JOINT
3.267000,0.433155,-0.184387,-0.139120,-0.022501,-0.042318,0.000601,-0.113373,MOVE_JOINT
3.268000,0.433137,-0.184425,-0.139117,-0.021058,-0.041635,0.001528,-0.117453,MOVE_JOINT
3.269000,0.433116,-0.184471,-0.139113,-0.021144,-0.042789,0.002326,-0.122827,MOVE_JOINT
3.270000,0.433097,-0.184508,-0.139113,-0.020338,-0.041004,0.001754,-0.129618,MOVE_JOINT
3.271000,0.433073,-0.184547,-0.139113,-0.020311,-0.040182,0.001344,-0.137820,MOVE_JOINT
3.272000,0.433056,-0.184588,-0.139110,-0.019474,-0.040309,0.001822,-0.147337,MOVE_JOINT
3.273000,0.433040,-0.184627,-0.139106,-0.018841,-0.040156,0.002384,-0.158034,MOVE_JOINT
3.274000,0.433018,-0.184670,-0.139104,-0.019900,-0.041242,0.001898,-0.169722,MOVE_JOINT
3.275000,0.432993,-0.184710,-0.139104,-0.020351,-0.040806,0.001801,-0.182156,MOVE_JOINT
3.276000,0.432975,-0.184749,-0.139102,-0.019145,-0.040163,0.002061,-0.195072,MOVE_JOINT
3.277000,0.432953,-0.184790,-0.139101,-0.019940,-0.041035,0.001942,-0.208214,MOVE_JOINT
3.278000,0.432931,-0.184829,-0.139101,-0.020556,-0.040866,0.001536,-0.221337,MOVE_JOINT
3.279000,0.432912,-0.184870,-0.139098,-0.020043,-0.040594,0.001901,-0.234236,MOVE_JOINT
3.280000,0.432888,-0.184910,-0.139097,-0.021616,-0.040494,0.001282,-0.246749,MOVE_JOINT
3.281000,0.432867,-0.184950,-0.139096,-0.021735,-0.040606,0.001456,-0.258750,MOVE_JOINT
3.282000,0.432844,-0.184992,-0.139095,-0.022189,-0.040836,0.001230,-0.270138,MOVE_JOINT
3.283000,0.432826,-0.185032,-0.139093,-0.020567,-0.040638,0.001559,-0.280837,MOVE_JOINT
3.284000,0.432805,-0.185075,-0.139090,-0.020127,-0.041294,0.002194,-0.290800,MOVE_JOINT
3.285000,0.432782,-0.185114,-0.139090,-0.020473,-0.039613,0.001620,-0.299988,MOVE_JOINT
3.286000,0.432758,-0.185156,-0.139089,-0.021130,-0.040654,0.001633,-0.308351,MOVE_JOINT
3.287000,0.432736,-0.185195,-0.139089,-0.021215,-0.040432,0.001625,-0.315828,MOVE_JOINT
3.288000,0.432714,-0.185235,-0.139088,-0.020559,-0.040045,0.001831,-0.322362,MOVE_JOINT
3.289000,0.432695,-0.185275,-0.139085,-0.020405,-0.039937,0.002076,-0.327900,MOVE_JOINT
3.290000,0.432672,-0.185313,-0.139085,-0.021052,-0.039643,0.001560,-0.332371,MOVE_JOINT
3.291000,0.432649,-0.185349,-0.139087,-0.022053,-0.038516,0.000413,-0.335712,MOVE_JOINT
3.292000,0.432633,-0.185386,-0.139084,-0.020455,-0.038413,0.001208,-0.337941,MOVE_JOINT
3.293000,0.432614,-0.185424,-0.139082,-0.020047,-0.038171,0.001342,-0.339178,MOVE_JOINT
3.294000,0.432590,-0.185463,-0.139083,-0.021151,-0.038424,0.000543,-0.339604,MOVE_JOINT
3.295000,0.432570,-0.185503,-0.139082,-0.021616,-0.038898,0.000668,-0.339426,MOVE_JOINT
3.296000,0.432553,-0.185542,-0.139079,-0.019036,-0.039039,0.001752,-0.338870,MOVE_JOINT
3.297000,0.432525,-0.185582,-0.139080,-0.021412,-0.039244,0.001041,-0.338140,MOVE_JOINT
3.298000,0.432507,-0.185621,-0.139079,-0.020731,-0.039392,0.000950,-0.337381,MOVE_JOINT
3.299000,0.432484,-0.185661,-0.139078,-0.021602,-0.039705,0.000869,-0.336691,MOVE_JOINT
3.300000,0.432462,-0.185702,-0.139076,-0.021275,-0.040486,0.001643,-0.336152,MOVE_JOINT
3.301000,0.432440,-0.185739,-0.139076,-0.021157,-0.039317,0.001258,-0.335812,MOVE_JOINT
3.302000,0.432413,-0.185781,-0.139076,-0.022687,-0.040117,0.000785,-0.335653,MOVE_JOINT
3.303000,0.432394,-0.185821,-0.139074,-0.022162,-0.040104,0.000923,-0.335627,MOVE_JOINT
3.304000,0.432371,-0.185861,-0.139074,-0.022710,-0.040715,0.000859,-0.335701,MOVE_JOINT
3.305000,0.432344,-0.185900,-0.139075,-0.023947,-0.039726,0.000116,-0.335881,MOVE_JOINT
3.306000,0.432322,-0.185941,-0.139073,-0.023619,-0.040171,0.000484,-0.336205,MOVE_JOINT
3.307000,0.432300,-0.185981,-0.139072,-0.022601,-0.040638,0.001302,-0.336729,MOVE_JOINT
3.308000,0.432276,-0.186020,-0.139072,-0.022996,-0.040387,0.001133,-0.337464,MOVE_JOINT
3.309000,0.432254,-0.186056,-0.139073,-0.022739,-0.039856,0.000919,-0.338346,MOVE_JOINT
3.310000,0.432232,-0.186096,-0.139072,-0.022400,-0.040564,0.001230,-0.339250,MOVE_JOINT
3.311000,0.432217,-0.186132,-0.139068,-0.019976,-0.038890,0.001991,-0.340031,MOVE_JOINT
3.312000,0.432193,-0.186170,-0.139069,-0.020744,-0.038504,0.001245,-0.340519,MOVE_JOINT
3.313000,0.432173,-0.186208,-0.139067,-0.020917,-0.038660,0.001506,-0.340528,MOVE_JOINT
3.314000,0.432150,-0.186243,-0.139068,-0.021528,-0.037194,0.000503,-0.339883,MOVE_JOINT
3.315000,0.432130,-0.186282,-0.139066,-0.020966,-0.038409,0.001163,-0.338472,MOVE_JOINT
3.316000,0.432109,-0.186320,-0.139065,-0.020913,-0.038227,0.001310,-0.336259,MOVE_JOINT
3.317000,0.432090,-0.186356,-0.139065,-0.020444,-0.037573,0.000945,-0.333258,MOVE_JOINT
3.318000,0.432065,-0.186394,-0.139066,-0.020630,-0.038046,0.000956,-0.329519,MOVE_JOINT
3.319000,0.432041,-0.186432,-0.139066,-0.021555,-0.038075,0.000582,-0.325136,MOVE_JOINT
3.320000,0.432025,-0.186473,-0.139060,-0.019850,-0.039037,0.002269,-0.320246,MOVE_JOINT
3.321000,0.432000,-0.186506,-0.139064,-0.021331,-0.036958,0.000523,-0.314983,MOVE_JOINT
3.322000,0.431981,-0.186545,-0.139060,-0.021097,-0.037962,0.001354,-0.309442,MOVE_JOINT
3.323000,0.431959,-0.186582,-0.139061,-0.021286,-0.037496,0.000896,-0.303694,MOVE_JOINT
3.324000,0.431938,-0.186620,-0.139059,-0.021327,-0.037208,0.000976,-0.297813,MOVE_JOINT
3.325000,0.431911,-0.186659,-0.139061,-0.022863,-0.037689,-0.000055,-0.291887,MOVE_JOINT
3.326000,0.431888,-0.186699,-0.139060,-0.022658,-0.038028,0.000144,-0.286053,MOVE_JOINT
3.327000,0.431868,-0.186735,-0.139059,-0.021890,-0.037188,0.000376,-0.280525,MOVE_JOINT
3.328000,0.431845,-0.186769,-0.139060,-0.022288,-0.035880,0.000062,-0.275552,MOVE_JOINT
3.329000,0.431822,-0.186810,-0.139059,-0.022204,-0.036850,0.000380,-0.271346,MOVE_JOINT
3.330000,0.431799,-0.186845,-0.139060,-0.021894,-0.035983,-0.000137,-0.268053,MOVE_JOINT
3.331000,0.431777,-0.186883,-0.139059,-0.021308,-0.036459,0.000661,-0.265756,MOVE_JOINT
3.332000,0.431753,-0.186919,-0.139060,-0.022547,-0.036776,0.000163,-0.264494,MOVE_JOINT
3.333000,0.431731,-0.186954,-0.139060,-0.022436,-0.036845,-0.000091,-0.264258,MOVE_JOINT
3.334000,0.431709,-0.186992,-0.139060,-0.021660,-0.037557,0.000770,-0.265014,MOVE_JOINT
3.335000,0.431689,-0.187028,-0.139058,-0.020701,-0.037159,0.001332,-0.266701,MOVE_JOINT
3.336000,0.431664,-0.187062,-0.139060,-0.022306,-0.036854,0.000370,-0.269193,MOVE_JOINT
3.337000,0.431642,-0.187099,-0.139061,-0.021643,-0.036880,0.000282,-0.272303,MOVE_JOINT
3.338000,0.431620,-0.187134,-0.139060,-0.021645,-0.036563,0.000547,-0.275850,MOVE_JOINT
3.339000,0.431600,-0.187174,-0.139058,-0.020982,-0.037213,0.000988,-0.279692,MOVE_JOINT
3.340000,0.431576,-0.187210,-0.139059,-0.021703,-0.037445,0.000381,-0.283710,MOVE_JOINT
3.341000,0.431555,-0.187244,-0.139060,-0.021588,-0.036311,0.000102,-0.287798,MOVE_JOINT
3.342000,0.431535,-0.187280,-0.139058,-0.020702,-0.036699,0.000853,-0.291902,MOVE_JOINT
3.343000,0.431508,-0.187317,-0.139060,-0.023048,-0.036614,-0.000335,-0.296005,MOVE_JOINT
3.344000,0.431488,-0.187350,-0.139061,-0.022298,-0.035555,-0.000459,-0.300114,MOVE_JOINT
3.345000,0.431465,-0.187388,-0.139062,-0.022979,-0.035657,-0.000956,-0.304271,MOVE_JOINT
3.346000,0.431444,-0.187424,-0.139062,-0.021853,-0.035734,-0.000367,-0.308569,MOVE_JOINT
3.347000,0.431424,-0.187459,-0.139060,-0.020535,-0.035395,0.000430,-0.313120,MOVE_JOINT
3.348000,0.431403,-0.187493,-0.139062,-0.021083,-0.034970,-0.000187,-0.317976,MOVE_JOINT
3.349000,0.431383,-0.187528,-0.139061,-0.020808,-0.035410,0.000143,-0.323096,MOVE_JOINT
3.350000,0.431360,-0.187565,-0.139062,-0.021021,-0.035794,0.000066,-0.328370,MOVE_JOINT
3.351000,0.431337,-0.187595,-0.139065,-0.021233,-0.033530,-0.001079,-0.333665,MOVE_JOINT
3.352000,0.431313,-0.187633,-0.139065,-0.022012,-0.035202,-0.000712,-0.338889,MOVE_JOINT
3.353000,0.431293,-0.187667,-0.139065,-0.021673,-0.035197,-0.000595,-0.344023,MOVE_JOINT
3.354000,0.431269,-0.187701,-0.139067,-0.022385,-0.034682,-0.001091,-0.349097,MOVE_JOINT
3.355000,0.431254,-0.187735,-0.139065,-0.020242,-0.034573,0.000057,-0.354156,MOVE_JOINT
3.356000,0.431229,-0.187768,-0.139067,-0.021004,-0.034332,-0.000260,-0.359205,MOVE_JOINT
3.357000,0.431206,-0.187805,-0.139068,-0.021368,-0.035348,-0.000323,-0.364178,MOVE_JOINT
3.358000,0.431184,-0.187841,-0.139069,-0.021599,-0.035293,-0.000281,-0.368953,MOVE_JOINT
3.359000,0.431161,-0.187875,-0.139070,-0.021416,-0.034864,-0.000421,-0.373393,MOVE_JOINT
3.360000,0.431140,-0.187907,-0.139070,-0.021314,-0.034140,-0.000422,-0.377377,MOVE_JOINT
3.361000,0.431119,-0.187946,-0.139070,-0.020953,-0.035458,0.000123,-0.380792,MOVE_JOINT
3.362000,0.431097,-0.187979,-0.139071,-0.022411,-0.035009,-0.000741,-0.383535,MOVE_JOINT
3.363000,0.431076,-0.188014,-0.139071,-0.021952,-0.035024,-0.000578,-0.385525,MOVE_JOINT
3.364000,0.431052,-0.188052,-0.139073,-0.022022,-0.036500,-0.000586,-0.386741,MOVE_JOINT
3.365000,0.431030,-0.188087,-0.139073,-0.022431,-0.035771,-0.000733,-0.387231,MOVE_JOINT
3.366000,0.431009,-0.188123,-0.139073,-0.021851,-0.036264,-0.000313,-0.387100,MOVE_JOINT
3.367000,0.430986,-0.188157,-0.139075,-0.021988,-0.035752,-0.000642,-0.386470,MOVE_JOINT
3.368000,0.430967,-0.188191,-0.139075,-0.021068,-0.035061,-0.000391,-0.385453,MOVE_JOINT
3.369000,0.430945,-0.188228,-0.139074,-0.021584,-0.035668,-0.000373,-0.384145,MOVE_JOINT
3.370000,0.430919,-0.188264,-0.139077,-0.022477,-0.035601,-0.000952,-0.382619,MOVE_JOINT
3.371000,0.430895,-0.188298,-0.139080,-0.022963,-0.035461,-0.001172,-0.380945,MOVE_JOINT
3.372000,0.430875,-0.188331,-0.139079,-0.021688,-0.034639,-0.000492,-0.379214,MOVE_JOINT
3.373000,0.430854,-0.188367,-0.139079,-0.021276,-0.034941,-0.000467,-0.377509,MOVE_JOINT
3.374000,0.430833,-0.188401,-0.139079,-0.020792,-0.034647,-0.000016,-0.375856,MOVE_JOINT
3.375000,0.430810,-0.188433,-0.139082,-0.021173,-0.033861,-0.000777,-0.374205,MOVE_JOINT
3.376000,0.430790,-0.188465,-0.139082,-0.020571,-0.033195,-0.000530,-0.372465,MOVE_JOINT
3.377000,0.430770,-0.188499,-0.139082,-0.020835,-0.033434,-0.000653,-0.370541,MOVE_JOINT
3.378000,0.430747,-0.188533,-0.139084,-0.021542,-0.033156,-0.001436,-0.368367,MOVE_JOINT
3.379000,0.430729,-0.188566,-0.139084,-0.020043,-0.032863,-0.000629,-0.365925,MOVE_JOINT
3.380000,0.430707,-0.188601,-0.139085,-0.020886,-0.033153,-0.000802,-0.363252,MOVE_JOINT
3.381000,0.430681,-0.188636,-0.139086,-0.022041,-0.033765,-0.000870,-0.360400,MOVE_JOINT
3.382000,0.430662,-0.188670,-0.139087,-0.021306,-0.033538,-0.001011,-0.357400,MOVE_JOINT
3.383000,0.430644,-0.188703,-0.139086,-0.020220,-0.033377,-0.000350,-0.354266,MOVE_JOINT
3.384000,0.430617,-0.188737,-0.139090,-0.022373,-0.033606,-0.001462,-0.351013,MOVE_JOINT
3.385000,0.430597,-0.188771,-0.139090,-0.021427,-0.033628,-0.000936,-0.347671,MOVE_JOINT
3.386000,0.430575,-0.188805,-0.139090,-0.021740,-0.034007,-0.000615,-0.344295,MOVE_JOINT
3.387000,0.430553,-0.188839,-0.139092,-0.021934,-0.034359,-0.001002,-0.340938,MOVE_JOINT
3.388000,0.430528,-0.188875,-0.139094,-0.022272,-0.034579,-0.001199,-0.337643,MOVE_JOINT
3.389000,0.430507,-0.188909,-0.139095,-0.021680,-0.034420,-0.000901,-0.334462,MOVE_JOINT
3.390000,0.430485,-0.188944,-0.139096,-0.022087,-0.034626,-0.000879,-0.331476,MOVE_JOINT
3.391000,0.430465,-0.188976,-0.139096,-0.021060,-0.033663,-0.000827,-0.328762,MOVE_JOINT
3.392000,0.430436,-0.189012,-0.139101,-0.023543,-0.034145,-0.002072,-0.326377,MOVE_JOINT
3.393000,0.430418,-0.189045,-0.139100,-0.022101,-0.034165,-0.000921,-0.324387,MOVE_JOINT
3.394000,0.430394,-0.189082,-0.139101,-0.023525,-0.034676,-0.001621,-0.322876,MOVE_JOINT
3.395000,0.430373,-0.189114,-0.139102,-0.022958,-0.034172,-0.001378,-0.321917,MOVE_JOINT
3.396000,0.430352,-0.189146,-0.139103,-0.022473,-0.033426,-0.001278,-0.321554,MOVE_JOINT
3.397000,0.430333,-0.189177,-0.139104,-0.021954,-0.032902,-0.001211,-0.321792,MOVE_JOINT
3.398000,0.430308,-0.189211,-0.139105,-0.023053,-0.033294,-0.001374,-0.322588,MOVE_JOINT
3.399000,0.430289,-0.189243,-0.139105,-0.022472,-0.033377,-0.001048,-0.323863,MOVE_JOINT
3.400000,0.430269,-0.189277,-0.139105,-0.021252,-0.033486,-0.000516,-0.325505,MOVE_JOINT
3.401000,0.430242,-0.189310,-0.139108,-0.022945,-0.033333,-0.001201,-0.327376,MOVE_JOINT
3.402000,0.430224,-0.189343,-0.139107,-0.021378,-0.033501,-0.000679,-0.329321,MOVE_JOINT
3.403000,0.430201,-0.189373,-0.139109,-0.021297,-0.032173,-0.000665,-0.331190,MOVE_JOINT
3.404000,0.430178,-0.189407,-0.139110,-0.022172,-0.032939,-0.000754,-0.332834,MOVE_JOINT
3.405000,0.430156,-0.189441,-0.139110,-0.022241,-0.033830,-0.000563,-0.334097,MOVE_JOINT
3.406000,0.430134,-0.189474,-0.139111,-0.022633,-0.032859,-0.001080,-0.334836,MOVE_JOINT
3.407000,0.430111,-0.189505,-0.139113,-0.022693,-0.032497,-0.001002,-0.334949,MOVE_JOINT
3.408000,0.430093,-0.189540,-0.139112,-0.021445,-0.033041,-0.000661,-0.334395,MOVE_JOINT
3.409000,0.430066,-0.189578,-0.139113,-0.023556,-0.034423,-0.001254,-0.333190,MOVE_JOINT
3.410000,0.430047,-0.189609,-0.139113,-0.022567,-0.033384,-0.001013,-0.331407,MOVE_JOINT
3.411000,0.430022,-0.189644,-0.139116,-0.023204,-0.033753,-0.001459,-0.329179,MOVE_JOINT
3.412000,0.430001,-0.189673,-0.139117,-0.022876,-0.032799,-0.001130,-0.326677,MOVE_JOINT
3.413000,0.429979,-0.189709,-0.139118,-0.023174,-0.033863,-0.001389,-0.324080,MOVE_JOINT
3.414000,0.429959,-0.189743,-0.139116,-0.022045,-0.033723,-0.000705,-0.321540,MOVE_JOINT
3.415000,0.429939,-0.189779,-0.139117,-0.021564,-0.034271,-0.000736,-0.319174,MOVE_JOINT
3.416000,0.429916,-0.189814,-0.139119,-0.021609,-0.034490,-0.000823,-0.317056,MOVE_JOINT
3.417000,0.429897,-0.189844,-0.139118,-0.021150,-0.032895,-0.000623,-0.315228,MOVE_JOINT
3.418000,0.429874,-0.189876,-0.139120,-0.022305,-0.032921,-0.001247,-0.313706,MOVE_JOINT
3.419000,0.429856,-0.189910,-0.139118,-0.020601,-0.032831,-0.000257,-0.312459,MOVE_JOINT
3.420000,0.429830,-0.189945,-0.139121,-0.022001,-0.033037,-0.000947,-0.311397,MOVE_JOINT
3.421000,0.429812,-0.189974,-0.139123,-0.020812,-0.032094,-0.001206,-0.310400,MOVE_JOINT
3.422000,0.429796,-0.190006,-0.139121,-0.019549,-0.031923,-0.000401,-0.309366,MOVE_JOINT
3.423000,0.429775,-0.190039,-0.139122,-0.020101,-0.032625,-0.000608,-0.308246,MOVE_JOINT
3.424000,0.429752,-0.190072,-0.139123,-0.020140,-0.032390,-0.000431,-0.307011,MOVE_JOINT
3.425000,0.429735,-0.190103,-0.139123,-0.018821,-0.031565,-0.000047,-0.305620,MOVE_JOINT
3.426000,0.429714,-0.190136,-0.139124,-0.019718,-0.031958,-0.000355,-0.303996,MOVE_JOINT
3.427000,0.429693,-0.190167,-0.139126,-0.020140,-0.032018,-0.000773,-0.302043,MOVE_JOINT
3.428000,0.429673,-0.190200,-0.139125,-0.020596,-0.032117,-0.000728,-0.299695,MOVE_JOINT
3.429000,0.429655,-0.190235,-0.139126,-0.020388,-0.032838,-0.000767,-0.296965,MOVE_JOINT
3.430000,0.429630,-0.190265,-0.139129,-0.022237,-0.031945,-0.001770,-0.293947,MOVE_JOINT
3.431000,0.429608,-0.190298,-0.139131,-0.022855,-0.032100,-0.002180,-0.290825,MOVE_JOINT
3.432000,0.429592,-0.190332,-0.139128,-0.020853,-0.032768,-0.000851,-0.287868,MOVE_JOINT
3.433000,0.429571,-0.190365,-0.139130,-0.020775,-0.032185,-0.001186,-0.285376,MOVE_JOINT
3.434000,0.429555,-0.190399,-0.139128,-0.019370,-0.032428,-0.000512,-0.283592,MOVE_JOINT
3.435000,0.429532,-0.190431,-0.139129,-0.020474,-0.032401,-0.000374,-0.282659,MOVE_JOINT
3.436000,0.429509,-0.190465,-0.139131,-0.021344,-0.032653,-0.000960,-0.282597,MOVE_JOINT
3.437000,0.429491,-0.190499,-0.139131,-0.020120,-0.032896,-0.000646,-0.283327,MOVE_JOINT
3.438000,0.429464,-0.190532,-0.139135,-0.022683,-0.032968,-0.001736,-0.284745,MOVE_JOINT
3.439000,0.429448,-0.190567,-0.139132,-0.020479,-0.033546,-0.000140,-0.286778,MOVE_JOINT
3.440000,0.429426,-0.190600,-0.139134,-0.020316,-0.033489,-0.000302,-0.289365,MOVE_JOINT
3.441000,0.429410,-0.190634,-0.139132,-0.019361,-0.033950,0.000316,-0.292404,MOVE_JOINT
3.442000,0.429390,-0.190663,-0.139133,-0.019289,-0.031971,-0.000188,-0.295731,MOVE_JOINT
3.443000,0.429369,-0.190696,-0.139134,-0.019440,-0.032052,-0.000328,-0.299148,MOVE_JOINT
3.444000,0.429344,-0.190729,-0.139136,-0.021303,-0.032573,-0.001278,-0.302481,MOVE_JOINT
3.445000,0.429326,-0.190760,-0.139136,-0.020503,-0.032272,-0.000971,-0.305645,MOVE_JOINT
3.446000,0.429304,-0.190789,-0.139139,-0.021518,-0.031322,-0.001845,-0.308681,MOVE_JOINT
3.447000,0.429289,-0.190822,-0.139136,-0.019999,-0.031803,-0.000581,-0.311723,MOVE_JOINT
3.448000,0.429270,-0.190851,-0.139138,-0.019537,-0.031287,-0.000465,-0.314915,MOVE_JOINT
3.449000,0.429250,-0.190886,-0.139137,-0.019620,-0.032704,0.000013,-0.318323,MOVE_JOINT
3.450000,0.429227,-0.190915,-0.139141,-0.020403,-0.031116,-0.001041,-0.321907,MOVE_JOINT
3.451000,0.429207,-0.190950,-0.139141,-0.020594,-0.032338,-0.000857,-0.325575,MOVE_JOINT
3.452000,0.429188,-0.190978,-0.139143,-0.019767,-0.030966,-0.001218,-0.329266,MOVE_JOINT
3.453000,0.429171,-0.191009,-0.139142,-0.018931,-0.030673,-0.000667,-0.332979,MOVE_JOINT
3.454000,0.429150,-0.191046,-0.139142,-0.019393,-0.032325,-0.000283,-0.336753,MOVE_JOINT
3.455000,0.429128,-0.191073,-0.139144,-0.020422,-0.030880,-0.000928,-0.340607,MOVE_JOINT
3.456000,0.429107,-0.191106,-0.139145,-0.020777,-0.031624,-0.000926,-0.344523,MOVE_JOINT
3.457000,0.429088,-0.191138,-0.139145,-0.020648,-0.031393,-0.001158,-0.348462,MOVE_JOINT
3.458000,0.429068,-0.191173,-0.139145,-0.019911,-0.032559,-0.000327,-0.352397,MOVE_JOINT
3.459000,0.429043,-0.191203,-0.139148,-0.021556,-0.031395,-0.001403,-0.356312,MOVE_JOINT
3.460000,0.429023,-0.191237,-0.139148,-0.021450,-0.032177,-0.000925,-0.360206,MOVE_JOINT
3.461000,0.429004,-0.191271,-0.139148,-0.020479,-0.032518,-0.000715,-0.364085,MOVE_JOINT
3.462000,0.428981,-0.191301,-0.139149,-0.021882,-0.031815,-0.001060,-0.367965,MOVE_JOINT
3.463000,0.428959,-0.191333,-0.139151,-0.021797,-0.032270,-0.001128,-0.371870,MOVE_JOINT
3.464000,0.428939,-0.191363,-0.139150,-0.020936,-0.031344,-0.000578,-0.375826,MOVE_JOINT
3.465000,0.428918,-0.191391,-0.139152,-0.020801,-0.030106,-0.000916,-0.379835,MOVE_JOINT
3.466000,0.428896,-0.191420,-0.139155,-0.021489,-0.029873,-0.001585,-0.383860,MOVE_JOINT
3.467000,0.428878,-0.191450,-0.139155,-0.020400,-0.029660,-0.001050,-0.387843,MOVE_JOINT
3.468000,0.428859,-0.191481,-0.139155,-0.019523,-0.030113,-0.000594,-0.391751,MOVE_JOINT
3.469000,0.428845,-0.191504,-0.139154,-0.017233,-0.028213,0.000225,-0.395557,MOVE_JOINT
3.470000,0.428818,-0.191532,-0.139159,-0.020716,-0.027981,-0.001510,-0.399201,MOVE_JOINT
3.471000,0.428797,-0.191560,-0.139161,-0.020275,-0.028103,-0.001431,-0.402601,MOVE_JOINT
3.472000,0.428776,-0.191590,-0.139162,-0.020993,-0.028372,-0.001810,-0.405731,MOVE_JOINT
3.473000,0.428757,-0.191618,-0.139164,-0.020281,-0.028688,-0.001558,-0.408673,MOVE_JOINT
3.474000,0.428741,-0.191648,-0.139161,-0.018935,-0.028873,-0.000328,-0.411585,MOVE_JOINT
3.475000,0.428719,-0.191681,-0.139162,-0.019434,-0.030828,0.000012,-0.414602,MOVE_JOINT
3.476000,0.428701,-0.191709,-0.139163,-0.019729,-0.030282,-0.000259,-0.417758,MOVE_JOINT
3.477000,0.428685,-0.191739,-0.139161,-0.017941,-0.030722,0.000750,-0.420972,MOVE_JOINT
3.478000,0.428662,-0.191770,-0.139164,-0.019911,-0.030894,-0.000339,-0.424106,MOVE_JOINT
3.479000,0.428646,-0.191803,-0.139162,-0.018469,-0.031894,0.000791,-0.427014,MOVE_JOINT
3.480000,0.428625,-0.191833,-0.139163,-0.019564,-0.031207,-0.000218,-0.429588,MOVE_JOINT
3.481000,0.428605,-0.191866,-0.139164,-0.019466,-0.032195,-0.000059,-0.431776,MOVE_JOINT
3.482000,0.428586,-0.191901,-0.139161,-0.018405,-0.032872,0.001132,-0.433593,MOVE_JOINT
3.483000,0.428566,-0.191935,-0.139161,-0.018828,-0.033217,0.001024,-0.435078,MOVE_JOINT
3.484000,0.428548,-0.191968,-0.139161,-0.018379,-0.032661,0.000511,-0.436231,MOVE_JOINT
3.485000,0.428525,-0.191998,-0.139163,-0.020030,-0.031908,-0.000372,-0.437036,MOVE_JOINT
3.486000,0.428512,-0.192031,-0.139160,-0.018283,-0.031736,0.000333,-0.437522,MOVE_JOINT
3.487000,0.428494,-0.192063,-0.139159,-0.018234,-0.031675,0.000694,-0.437775,MOVE_JOINT
3.488000,0.428475,-0.192094,-0.139158,-0.018419,-0.031941,0.000770,-0.437872,MOVE_JOINT
3.489000,0.428454,-0.192126,-0.139160,-0.018858,-0.031825,0.000387,-0.437832,MOVE_JOINT
3.490000,0.428435,-0.192158,-0.139158,-0.018294,-0.031789,0.000848,-0.437625,MOVE_JOINT
3.491000,0.428415,-0.192189,-0.139158,-0.019128,-0.031951,0.000747,-0.437194,MOVE_JOINT
3.492000,0.428397,-0.192224,-0.139157,-0.018614,-0.033531,0.001322,-0.436459,MOVE_JOINT
3.493000,0.428377,-0.192254,-0.139157,-0.018663,-0.032726,0.001167,-0.435308,MOVE_JOINT
3.494000,0.428359,-0.192285,-0.139157,-0.018650,-0.032135,0.000897,-0.433617,MOVE_JOINT
3.495000,0.428342,-0.192314,-0.139157,-0.018863,-0.031798,0.000472,-0.431283,MOVE_JOINT
3.496000,0.428324,-0.192346,-0.139156,-0.018646,-0.031798,0.000497,-0.428269,MOVE_JOINT
3.497000,0.428306,-0.192373,-0.139156,-0.018809,-0.030264,0.000320,-0.424615,MOVE_JOINT
3.498000,0.428291,-0.192403,-0.139155,-0.017233,-0.030187,0.000677,-0.420412,MOVE_JOINT
3.499000,0.428271,-0.192437,-0.139155,-0.018472,-0.030995,0.000272,-0.415767,MOVE_JOINT
3.500000,0.428250,-0.192464,-0.139157,-0.019066,-0.030447,-0.000261,-0.410812,MOVE_JOINT
3.501000,0.428233,-0.192495,-0.139156,-0.018020,-0.030823,0.000188,-0.405733,MOVE_JOINT
3.502000,0.428212,-0.192525,-0.139157,-0.018199,-0.030192,-0.000067,-0.400777,MOVE_JOINT
3.503000,0.428192,-0.192557,-0.139156,-0.017519,-0.030504,0.000730,-0.396211,MOVE_JOINT
3.504000,0.428172,-0.192588,-0.139158,-0.017949,-0.031038,0.000441,-0.392249,MOVE_JOINT
3.505000,0.428152,-0.192618,-0.139159,-0.018930,-0.030629,-0.000243,-0.389028,MOVE_JOINT
3.506000,0.428134,-0.192648,-0.139159,-0.018870,-0.030205,-0.000246,-0.386637,MOVE_JOINT
3.507000,0.428116,-0.192679,-0.139159,-0.018842,-0.030679,-0.000422,-0.385168,MOVE_JOINT
3.508000,0.428096,-0.192709,-0.139159,-0.019033,-0.030139,-0.000207,-0.384729,MOVE_JOINT
3.509000,0.428079,-0.192739,-0.139158,-0.017743,-0.030268,0.000492,-0.385400,MOVE_JOINT
3.510000,0.428060,-0.192771,-0.139158,-0.018803,-0.030908,0.000294,-0.387178,MOVE_JOINT
3.511000,0.428040,-0.192797,-0.139161,-0.019838,-0.029812,-0.000691,-0.389956,MOVE_JOINT
3.512000,0.428021,-0.192827,-0.139160,-0.019032,-0.029582,-0.000221,-0.393581,MOVE_JOINT
3.513000,0.428007,-0.192856,-0.139158,-0.017375,-0.029281,0.000625,-0.397890,MOVE_JOINT
3.514000,0.427985,-0.192883,-0.139163,-0.018881,-0.028434,-0.000897,-0.402708,MOVE_JOINT
3.515000,0.427965,-0.192915,-0.139162,-0.019008,-0.029529,-0.000260,-0.407859,MOVE_JOINT
3.516000,0.427950,-0.192946,-0.139160,-0.018163,-0.029631,0.000101,-0.413207,MOVE_JOINT
3.517000,0.427935,-0.192974,-0.139159,-0.017861,-0.029245,0.000182,-0.418653,MOVE_JOINT
3.518000,0.427915,-0.193004,-0.139162,-0.019889,-0.029314,-0.001268,-0.424112,MOVE_JOINT
3.519000,0.427900,-0.193034,-0.139161,-0.018016,-0.029463,-0.000417,-0.429548,MOVE_JOINT
3.520000,0.427884,-0.193062,-0.139159,-0.018334,-0.028987,-0.000382,-0.435012,MOVE_JOINT
3.521000,0.427869,-0.193092,-0.139159,-0.016399,-0.029445,0.000218,-0.440591,MOVE_JOINT
3.522000,0.427851,-0.193120,-0.139159,-0.016468,-0.029018,0.000395,-0.446337,MOVE_JOINT
3.523000,0.427832,-0.193150,-0.139160,-0.017345,-0.029467,-0.000218,-0.452237,MOVE_JOINT
3.524000,0.427814,-0.193179,-0.139161,-0.017540,-0.029033,-0.000382,-0.458242,MOVE_JOINT
3.525000,0.427797,-0.193206,-0.139160,-0.017085,-0.028902,0.000335,-0.464300,MOVE_JOINT
3.526000,0.427783,-0.193236,-0.139157,-0.016323,-0.029492,0.001040,-0.470340,MOVE_JOINT
3.527000,0.427763,-0.193260,-0.139161,-0.017638,-0.028132,-0.000351,-0.476215,MOVE_JOINT
3.528000,0.427748,-0.193292,-0.139159,-0.016706,-0.028857,0.000626,-0.481718,MOVE_JOINT
3.529000,0.427733,-0.193324,-0.139157,-0.016136,-0.029799,0.000999,-0.486642,MOVE_JOINT
3.530000,0.427715,-0.193353,-0.139158,-0.017258,-0.029993,0.000350,-0.490810,MOVE_JOINT
3.531000,0.427698,-0.193377,-0.139158,-0.017752,-0.028522,0.000213,-0.494094,MOVE_JOINT
3.532000,0.427681,-0.193406,-0.139159,-0.017963,-0.028277,-0.000457,-0.496446,MOVE_JOINT
3.533000,0.427663,-0.193436,-0.139159,-0.018100,-0.028744,-0.000500,-0.497913,MOVE_JOINT
3.534000,0.427648,-0.193462,-0.139159,-0.016949,-0.028004,-0.000345,-0.498635,MOVE_JOINT
3.535000,0.427635,-0.193494,-0.139157,-0.015676,-0.029241,0.000593,-0.498818,MOVE_JOINT
3.536000,0.427613,-0.193518,-0.139161,-0.017614,-0.027839,-0.000697,-0.498670,MOVE_JOINT
3.537000,0.427598,-0.193552,-0.139157,-0.016950,-0.029701,0.000434,-0.498361,MOVE_JOINT
3.538000,0.427582,-0.193581,-0.139158,-0.016894,-0.030488,0.000193,-0.498010,MOVE_JOINT
3.539000,0.427565,-0.193608,-0.139159,-0.017331,-0.029188,-0.000523,-0.497698,MOVE_JOINT
3.540000,0.427549,-0.193633,-0.139160,-0.017045,-0.027575,-0.001107,-0.497504,MOVE_JOINT
3.541000,0.427537,-0.193665,-0.139156,-0.015594,-0.029052,0.000584,-0.497534,MOVE_JOINT
3.542000,0.427517,-0.193691,-0.139159,-0.016271,-0.028251,-0.000183,-0.497878,MOVE_JOINT
3.543000,0.427501,-0.193721,-0.139158,-0.016288,-0.028267,0.000178,-0.498535,MOVE_JOINT
3.544000,0.427488,-0.193750,-0.139157,-0.015693,-0.028714,0.000305,-0.499405,MOVE_JOINT
3.545000,0.427470,-0.193776,-0.139158,-0.016852,-0.028010,-0.000684,-0.500338,MOVE_JOINT
3.546000,0.427452,-0.193805,-0.139160,-0.017455,-0.027981,-0.000910,-0.501204,MOVE_JOINT
3.547000,0.427436,-0.193832,-0.139159,-0.017988,-0.028142,-0.000883,-0.501962,MOVE_JOINT
3.548000,0.427423,-0.193862,-0.139157,-0.016067,-0.028837,0.000213,-0.502642,MOVE_JOINT
3.549000,0.427404,-0.193888,-0.139159,-0.016822,-0.028777,-0.000146,-0.503280,MOVE_JOINT
3.550000,0.427389,-0.193916,-0.139160,-0.015671,-0.028427,0.000074,-0.503868,MOVE_JOINT
3.551000,0.427374,-0.193944,-0.139159,-0.015811,-0.028569,0.000082,-0.504361,MOVE_JOINT
3.552000,0.427356,-0.193972,-0.139160,-0.016102,-0.028801,0.000083,-0.504707,MOVE_JOINT
3.553000,0.427340,-0.194001,-0.139159,-0.016286,-0.029191,0.000411,-0.504856,MOVE_JOINT
3.554000,0.427324,-0.194026,-0.139159,-0.016751,-0.027783,-0.000181,-0.504759,MOVE_JOINT
3.555000,0.427310,-0.194056,-0.139158,-0.015584,-0.028461,0.000430,-0.504359,MOVE_JOINT
3.556000,0.427296,-0.194083,-0.139156,-0.015566,-0.028604,0.001027,-0.503584,MOVE_JOINT
3.557000,0.427275,-0.194108,-0.139160,-0.017149,-0.027051,-0.000528,-0.502334,MOVE_JOINT
3.558000,0.427260,-0.194135,-0.139160,-0.016864,-0.027257,-0.000463,-0.500509,MOVE_JOINT
3.559000,0.427246,-0.194161,-0.139159,-0.016607,-0.026969,-0.000194,-0.498074,MOVE_JOINT
3.560000,0.427231,-0.194188,-0.139158,-0.016139,-0.026949,0.000158,-0.495070,MOVE_JOINT
3.561000,0.427217,-0.194217,-0.139157,-0.015574,-0.027137,0.000195,-0.491554,MOVE_JOINT
3.562000,0.427203,-0.194244,-0.139157,-0.015022,-0.027410,0.000482,-0.487570,MOVE_JOINT
3.563000,0.427185,-0.194268,-0.139158,-0.015674,-0.026443,0.000149,-0.483151,MOVE_JOINT
3.564000,0.427170,-0.194297,-0.139157,-0.015522,-0.026556,0.000367,-0.478336,MOVE_JOINT
3.565000,0.427154,-0.194326,-0.139157,-0.015330,-0.027148,0.000383,-0.473159,MOVE_JOINT
3.566000,0.427141,-0.194351,-0.139155,-0.014501,-0.026694,0.000895,-0.467653,MOVE_JOINT
3.567000,0.427124,-0.194377,-0.139157,-0.014970,-0.026630,0.000113,-0.461852,MOVE_JOINT
3.568000,0.427115,-0.194405,-0.139153,-0.013675,-0.027115,0.001323,-0.455803,MOVE_JOINT
3.569000,0.427098,-0.194432,-0.139153,-0.014492,-0.027272,0.000794,-0.449561,MOVE_JOINT
3.570000,0.427079,-0.194461,-0.139155,-0.016414,-0.027847,-0.000125,-0.443178,MOVE_JOINT
3.571000,0.427067,-0.194486,-0.139153,-0.015472,-0.027174,0.000352,-0.436728,MOVE_JOINT
3.572000,0.427051,-0.194512,-0.139154,-0.015987,-0.026769,-0.000247,-0.430333,MOVE_JOINT
3.573000,0.427039,-0.194539,-0.139153,-0.014277,-0.026977,0.000307,-0.424149,MOVE_JOINT
3.574000,0.427024,-0.194566,-0.139152,-0.014343,-0.026657,0.000395,-0.418336,MOVE_JOINT
3.575000,0.427008,-0.194592,-0.139153,-0.014689,-0.026251,0.000128,-0.413021,MOVE_JOINT
3.576000,0.426993,-0.194617,-0.139154,-0.015165,-0.025690,-0.000257,-0.408283,MOVE_JOINT
3.577000,0.426978,-0.194649,-0.139152,-0.015614,-0.027443,0.000107,-0.404163,MOVE_JOINT
3.578000,0.426965,-0.194673,-0.139152,-0.015205,-0.026752,0.000038,-0.400682,MOVE_JOINT
3.579000,0.426950,-0.194700,-0.139151,-0.015133,-0.026405,-0.000060,-0.397841,MOVE_JOINT
3.580000,0.426935,-0.194726,-0.139152,-0.014588,-0.026676,0.000227,-0.395618,MOVE_JOINT
3.581000,0.426922,-0.194754,-0.139151,-0.014631,-0.027226,0.000352,-0.393979,MOVE_JOINT
3.582000,0.426908,-0.194780,-0.139150,-0.013853,-0.026785,0.000775,-0.392877,MOVE_JOINT
3.583000,0.426892,-0.194803,-0.139152,-0.014458,-0.025612,0.000113,-0.392232,MOVE_JOINT
3.584000,0.426876,-0.194828,-0.139153,-0.014756,-0.025529,-0.000294,-0.391946,MOVE_JOINT
3.585000,0.426864,-0.194855,-0.139152,-0.014558,-0.025701,0.000001,-0.391944,MOVE_JOINT
3.586000,0.426851,-0.194882,-0.139150,-0.014195,-0.025900,0.000248,-0.392196,MOVE_JOINT
3.587000,0.426836,-0.194903,-0.139151,-0.013982,-0.024513,-0.000012,-0.392688,MOVE_JOINT
3.588000,0.426824,-0.194929,-0.139151,-0.013667,-0.025148,0.000127,-0.393394,MOVE_JOINT
3.589000,0.426812,-0.194952,-0.139150,-0.013066,-0.024086,0.000220,-0.394265,MOVE_JOINT
3.590000,0.426797,-0.194978,-0.139151,-0.013661,-0.024612,0.000046,-0.395244,MOVE_JOINT
3.591000,0.426783,-0.195004,-0.139151,-0.013983,-0.025104,0.000000,-0.396278,MOVE_JOINT
3.592000,0.426772,-0.195028,-0.139149,-0.013334,-0.024921,0.000203,-0.397330,MOVE_JOINT
3.593000,0.426754,-0.195053,-0.139152,-0.014381,-0.025156,-0.000264,-0.398385,MOVE_JOINT
3.594000,0.426743,-0.195076,-0.139152,-0.013248,-0.024485,-0.000214,-0.399455,MOVE_JOINT
3.595000,0.426727,-0.195102,-0.139152,-0.013372,-0.025243,-0.000005,-0.400584,MOVE_JOINT
3.596000,0.426711,-0.195128,-0.139153,-0.014283,-0.025488,-0.000161,-0.401845,MOVE_JOINT
3.597000,0.426697,-0.195152,-0.139153,-0.014262,-0.024934,0.000020,-0.403319,MOVE_JOINT
3.598000,0.426682,-0.195177,-0.139154,-0.014506,-0.024881,-0.000348,-0.405062,MOVE_JOINT
3.599000,0.426673,-0.195204,-0.139151,-0.012435,-0.025271,0.000798,-0.407094,MOVE_JOINT
3.600000,0.426659,-0.195229,-0.139151,-0.013054,-0.025313,0.000542,-0.409386,MOVE_JOINT
3.601000,0.426642,-0.195253,-0.139151,-0.014229,-0.025559,0.000562,-0.411864,MOVE_JOINT
3.602000,0.426630,-0.195281,-0.139149,-0.013765,-0.026112,0.000617,-0.414408,MOVE_JOINT
3.603000,0.426612,-0.195307,-0.139151,-0.014431,-0.025725,0.000027,-0.416894,MOVE_JOINT
3.604000,0.426601,-0.195331,-0.139150,-0.013859,-0.025408,0.000451,-0.419236,MOVE_JOINT
3.605000,0.426583,-0.195360,-0.139151,-0.015120,-0.026636,-0.000016,-0.421420,MOVE_JOINT
3.606000,0.426568,-0.195384,-0.139151,-0.015185,-0.025864,-0.000136,-0.423483,MOVE_JOINT
3.607000,0.426551,-0.195409,-0.139152,-0.015645,-0.025814,-0.000490,-0.425514,MOVE_JOINT
3.608000,0.426537,-0.195436,-0.139151,-0.015330,-0.026259,-0.000177,-0.427645,MOVE_JOINT
3.609000,0.426520,-0.195463,-0.139151,-0.015487,-0.026304,-0.000180,-0.430029,MOVE_JOINT
3.610000,0.426507,-0.195490,-0.139150,-0.013766,-0.025867,0.000535,-0.432800,MOVE_JOINT
3.611000,0.426491,-0.195514,-0.139152,-0.014789,-0.025703,-0.000300,-0.436029,MOVE_JOINT
3.612000,0.426477,-0.195537,-0.139152,-0.014690,-0.025755,0.000158,-0.439729,MOVE_JOINT
3.613000,0.426464,-0.195561,-0.139150,-0.014093,-0.024777,0.000170,-0.443868,MOVE_JOINT
3.614000,0.426452,-0.195585,-0.139151,-0.013362,-0.024993,0.000290,-0.448368,MOVE_JOINT
3.615000,0.426442,-0.195610,-0.139147,-0.011900,-0.024575,0.001144,-0.453099,MOVE_JOINT
3.616000,0.426423,-0.195632,-0.139151,-0.014317,-0.023713,-0.000372,-0.457887,MOVE_JOINT
3.617000,0.426411,-0.195657,-0.139149,-0.013879,-0.024404,0.000430,-0.462543,MOVE_JOINT
3.618000,0.426395,-0.195680,-0.139151,-0.014914,-0.023999,-0.000390,-0.466905,MOVE_JOINT
3.619000,0.426384,-0.195707,-0.139148,-0.013476,-0.024931,0.000727,-0.470857,MOVE_JOINT
3.620000,0.426370,-0.195728,-0.139149,-0.013912,-0.023986,0.000277,-0.474322,MOVE_JOINT
3.621000,0.426357,-0.195749,-0.139149,-0.013268,-0.023764,0.000508,-0.477232,MOVE_JOINT
3.622000,0.426346,-0.195775,-0.139147,-0.012280,-0.024468,0.001201,-0.479523,MOVE_JOINT
3.623000,0.426332,-0.195799,-0.139147,-0.012905,-0.024511,0.000846,-0.481125,MOVE_JOINT
3.624000,0.426316,-0.195823,-0.139149,-0.012925,-0.024871,0.000629,-0.481982,MOVE_JOINT
3.625000,0.426304,-0.195844,-0.139148,-0.012689,-0.024155,0.001031,-0.482083,MOVE_JOINT
3.626000,0.426287,-0.195864,-0.139152,-0.014053,-0.023103,-0.000493,-0.481481,MOVE_JOINT
3.627000,0.426276,-0.195887,-0.139151,-0.013182,-0.022732,-0.000355,-0.480305,MOVE_JOINT
3.628000,0.426262,-0.195909,-0.139151,-0.013745,-0.021988,-0.000886,-0.478783,MOVE_JOINT
3.629000,0.426249,-0.195934,-0.139152,-0.014093,-0.022893,-0.000865,-0.477239,MOVE_JOINT
3.630000,0.426235,-0.195955,-0.139152,-0.014195,-0.022395,-0.000694,-0.476046,MOVE_JOINT
3.631000,0.426220,-0.195980,-0.139152,-0.013542,-0.022994,-0.000238,-0.475550,MOVE_JOINT
3.632000,0.426207,-0.196001,-0.139153,-0.013845,-0.022000,-0.000757,-0.476007,MOVE_JOINT
3.633000,0.426192,-0.196025,-0.139154,-0.015185,-0.022860,-0.001311,-0.477562,MOVE_JOINT
3.634000,0.426180,-0.196048,-0.139153,-0.014004,-0.022886,-0.000306,-0.480293,MOVE_JOINT
3.635000,0.426168,-0.196071,-0.139153,-0.013882,-0.022921,-0.000283,-0.484223,MOVE_JOINT
3.636000,0.426159,-0.196095,-0.139149,-0.012870,-0.023166,0.000698,-0.489280,MOVE_JOINT
3.637000,0.426143,-0.196120,-0.139151,-0.013876,-0.023765,-0.000030,-0.495262,MOVE_JOINT
3.638000,0.426128,-0.196143,-0.139153,-0.015115,-0.023406,-0.000867,-0.501889,MOVE_JOINT
3.639000,0.426118,-0.196167,-0.139150,-0.013623,-0.024114,0.000107,-0.508907,MOVE_JOINT
3.640000,0.426103,-0.196191,-0.139152,-0.015040,-0.024237,-0.000691,-0.516150,MOVE_JOINT
3.641000,0.426091,-0.196217,-0.139151,-0.013695,-0.024867,0.000008,-0.523529,MOVE_JOINT
3.642000,0.426082,-0.196238,-0.139149,-0.013002,-0.023837,0.000167,-0.531000,MOVE_JOINT
3.643000,0.426069,-0.196262,-0.139149,-0.013264,-0.023854,-0.000054,-0.538529,MOVE_JOINT
3.644000,0.426060,-0.196285,-0.139146,-0.011533,-0.023167,0.000851,-0.546052,MOVE_JOINT
3.645000,0.426046,-0.196310,-0.139147,-0.012475,-0.023896,0.000479,-0.553447,MOVE_JOINT
3.646000,0.426034,-0.196332,-0.139147,-0.012686,-0.023330,0.000180,-0.560546,MOVE_JOINT
3.647000,0.426022,-0.196354,-0.139147,-0.012613,-0.022585,0.000105,-0.567176,MOVE_JOINT
3.648000,0.426008,-0.196376,-0.139148,-0.012837,-0.022962,-0.000147,-0.573202,MOVE_JOINT
3.649000,0.426000,-0.196401,-0.139144,-0.011461,-0.023997,0.001168,-0.578536,MOVE_JOINT
3.650000,0.425987,-0.196424,-0.139144,-0.011863,-0.023690,0.000766,-0.583109,MOVE_JOINT
3.651000,0.425975,-0.196445,-0.139146,-0.011260,-0.023041,0.000519,-0.586843,MOVE_JOINT
3.652000,0.425964,-0.196468,-0.139143,-0.010900,-0.023053,0.001133,-0.589666,MOVE_JOINT
3.653000,0.425952,-0.196489,-0.139145,-0.012014,-0.022464,0.000116,-0.591539,MOVE_JOINT
3.654000,0.425941,-0.196513,-0.139143,-0.010747,-0.022926,0.001083,-0.592465,MOVE_JOINT
3.655000,0.425926,-0.196533,-0.139144,-0.012016,-0.022381,0.000466,-0.592473,MOVE_JOINT
3.656000,0.425915,-0.196559,-0.139142,-0.011462,-0.023749,0.001074,-0.591605,MOVE_JOINT
3.657000,0.425905,-0.196577,-0.139143,-0.010143,-0.021604,0.000713,-0.589911,MOVE_JOINT
3.658000,0.425891,-0.196598,-0.139143,-0.011852,-0.021445,0.000273,-0.587469,MOVE_JOINT
3.659000,0.425886,-0.196623,-0.139139,-0.009957,-0.022862,0.001426,-0.584397,MOVE_JOINT
3.660000,0.425870,-0.196642,-0.139142,-0.011988,-0.021799,-0.000193,-0.580832,MOVE_JOINT
3.661000,0.425857,-0.196665,-0.139141,-0.012346,-0.022201,0.000126,-0.576944,MOVE_JOINT
3.662000,0.425849,-0.196686,-0.139140,-0.010784,-0.021879,0.000538,-0.572940,MOVE_JOINT
3.663000,0.425838,-0.196712,-0.139138,-0.010712,-0.022911,0.000839,-0.569033,MOVE_JOINT
3.664000,0.425829,-0.196732,-0.139136,-0.010260,-0.021501,0.001114,-0.565394,MOVE_JOINT
3.665000,0.425816,-0.196754,-0.139135,-0.011052,-0.022034,0.001160,-0.562101,MOVE_JOINT
3.666000,0.425805,-0.196777,-0.139136,-0.011279,-0.022002,0.000647,-0.559137,MOVE_JOINT
3.667000,0.425794,-0.196799,-0.139134,-0.011138,-0.022302,0.000795,-0.556428,MOVE_JOINT
3.668000,0.425782,-0.196817,-0.139135,-0.011554,-0.020889,0.000261,-0.553918,MOVE_JOINT
3.669000,0.425776,-0.196840,-0.139131,-0.009303,-0.021525,0.001582,-0.551594,MOVE_JOINT
3.670000,0.425758,-0.196861,-0.139134,-0.012078,-0.021588,0.000335,-0.549448,MOVE_JOINT
3.671000,0.425745,-0.196883,-0.139135,-0.012915,-0.021628,-0.000438,-0.547473,MOVE_JOINT
3.672000,0.425736,-0.196905,-0.139132,-0.011696,-0.021193,0.000376,-0.545704,MOVE_JOINT
3.673000,0.425729,-0.196926,-0.139130,-0.010612,-0.021019,0.000700,-0.544232,MOVE_JOINT
3.674000,0.425720,-0.196945,-0.139129,-0.010079,-0.020274,0.000926,-0.543142,MOVE_JOINT
3.675000,0.425706,-0.196970,-0.139130,-0.011727,-0.021722,0.000240,-0.542455,MOVE_JOINT
3.676000,0.425694,-0.196992,-0.139129,-0.011661,-0.021625,0.000323,-0.542166,MOVE_JOINT
3.677000,0.425683,-0.197011,-0.139129,-0.011043,-0.020857,0.000354,-0.542291,MOVE_JOINT
3.678000,0.425675,-0.197032,-0.139128,-0.010050,-0.020614,0.000631,-0.542876,MOVE_JOINT
3.679000,0.425664,-0.197055,-0.139126,-0.009971,-0.020983,0.000845,-0.543959,MOVE_JOINT
3.680000,0.425655,-0.197076,-0.139124,-0.008975,-0.021362,0.001490,-0.545536,MOVE_JOINT
3.681000,0.425641,-0.197096,-0.139125,-0.010459,-0.021077,0.000685,-0.547541,MOVE_JOINT
3.682000,0.425635,-0.197117,-0.139122,-0.009267,-0.020876,0.001461,-0.549860,MOVE_JOINT
3.683000,0.425621,-0.197139,-0.139123,-0.010658,-0.021046,0.000458,-0.552358,MOVE_JOINT
3.684000,0.425613,-0.197162,-0.139119,-0.009212,-0.021604,0.001886,-0.554909,MOVE_JOINT
3.685000,0.425600,-0.197178,-0.139121,-0.010269,-0.020197,0.000858,-0.557395,MOVE_JOINT
3.686000,0.425592,-0.197201,-0.139118,-0.009415,-0.021008,0.001474,-0.559686,MOVE_JOINT
3.687000,0.425578,-0.197224,-0.139118,-0.010880,-0.021512,0.000801,-0.561658,MOVE_JOINT
3.688000,0.425567,-0.197243,-0.139118,-0.011131,-0.020950,0.000506,-0.563231,MOVE_JOINT
3.689000,0.425559,-0.197263,-0.139116,-0.009972,-0.020151,0.000826,-0.564407,MOVE_JOINT
3.690000,0.425545,-0.197283,-0.139117,-0.010910,-0.020428,0.000696,-0.565257,MOVE_JOINT
3.691000,0.425534,-0.197301,-0.139117,-0.010965,-0.019601,0.000160,-0.565878,MOVE_JOINT
3.692000,0.425523,-0.197323,-0.139117,-0.011579,-0.019757,-0.000227,-0.566385,MOVE_JOINT
3.693000,0.425513,-0.197342,-0.139115,-0.011279,-0.019662,0.000578,-0.566923,MOVE_JOINT
3.694000,0.425502,-0.197363,-0.139115,-0.011205,-0.020656,0.000625,-0.567629,MOVE_JOINT
3.695000,0.425491,-0.197382,-0.139115,-0.011567,-0.020275,0.000307,-0.568575,MOVE_JOINT
3.696000,0.425480,-0.197403,-0.139114,-0.011096,-0.020495,0.000536,-0.569771,MOVE_JOINT
3.697000,0.425469,-0.197422,-0.139114,-0.011024,-0.019845,0.000127,-0.571197,MOVE_JOINT
3.698000,0.425461,-0.197442,-0.139112,-0.010325,-0.019583,0.000763,-0.572832,MOVE_JOINT
3.699000,0.425452,-0.197459,-0.139111,-0.009851,-0.019084,0.000786,-0.574635,MOVE_JOINT
3.700000,0.425437,-0.197480,-0.139113,-0.011130,-0.019525,0.000035,-0.576529,MOVE_JOINT
3.701000,0.425430,-0.197499,-0.139110,-0.009813,-0.019326,0.000892,-0.578409,MOVE_JOINT
3.702000,0.425424,-0.197515,-0.139110,-0.009249,-0.018680,0.000450,-0.580176,MOVE_JOINT
3.703000,0.425413,-0.197533,-0.139110,-0.009745,-0.017868,-0.000009,-0.581755,MOVE_JOINT
3.704000,0.425402,-0.197552,-0.139110,-0.009299,-0.017910,0.000311,-0.583110,MOVE_JOINT
3.705000,0.425395,-0.197572,-0.139108,-0.008114,-0.018575,0.001087,-0.584247,MOVE_JOINT
3.706000,0.425379,-0.197588,-0.139111,-0.010611,-0.017719,-0.000432,-0.585178,MOVE_JOINT
3.707000,0.425372,-0.197608,-0.139109,-0.009154,-0.018555,0.000642,-0.585911,MOVE_JOINT
3.708000,0.425361,-0.197625,-0.139110,-0.009535,-0.018083,0.000274,-0.586465,MOVE_JOINT
3.709000,0.425355,-0.197645,-0.139108,-0.008585,-0.018329,0.000779,-0.586865,MOVE_JOINT
3.710000,0.425345,-0.197664,-0.139108,-0.008708,-0.018133,0.000628,-0.587119,MOVE_JOINT
3.711000,0.425335,-0.197681,-0.139108,-0.009890,-0.017624,-0.000181,-0.587221,MOVE_JOINT
3.712000,0.425326,-0.197700,-0.139107,-0.009595,-0.018006,-0.000059,-0.587187,MOVE_JOINT
3.713000,0.425319,-0.197718,-0.139105,-0.008660,-0.017685,0.000635,-0.587078,MOVE_JOINT
3.714000,0.425310,-0.197734,-0.139106,-0.008127,-0.016762,0.000502,-0.586966,MOVE_JOINT
3.715000,0.425303,-0.197753,-0.139104,-0.007788,-0.017593,0.000708,-0.586878,MOVE_JOINT
3.716000,0.425291,-0.197769,-0.139105,-0.008568,-0.017416,0.000727,-0.586782,MOVE_JOINT
3.717000,0.425282,-0.197788,-0.139105,-0.008543,-0.017754,0.000601,-0.586609,MOVE_JOINT
3.718000,0.425272,-0.197804,-0.139106,-0.009267,-0.017079,-0.000029,-0.586280,MOVE_JOINT
3.719000,0.425263,-0.197821,-0.139106,-0.009197,-0.016904,0.000088,-0.585747,MOVE_JOINT
3.720000,0.425259,-0.197838,-0.139103,-0.007654,-0.017191,0.000970,-0.585009,MOVE_JOINT
3.721000,0.425254,-0.197856,-0.139100,-0.006797,-0.017828,0.001606,-0.584073,MOVE_JOINT
3.722000,0.425245,-0.197873,-0.139100,-0.007069,-0.017413,0.001258,-0.582901,MOVE_JOINT
3.723000,0.425238,-0.197890,-0.139099,-0.007444,-0.016854,0.000825,-0.581412,MOVE_JOINT
3.724000,0.425230,-0.197905,-0.139099,-0.007851,-0.016514,0.000675,-0.579533,MOVE_JOINT
3.725000,0.425224,-0.197924,-0.139096,-0.007529,-0.016917,0.001047,-0.577246,MOVE_JOINT
3.726000,0.425213,-0.197938,-0.139099,-0.009099,-0.016236,-0.000150,-0.574583,MOVE_JOINT
3.727000,0.425205,-0.197959,-0.139096,-0.008783,-0.017443,0.000580,-0.571631,MOVE_JOINT
3.728000,0.425199,-0.197975,-0.139095,-0.007628,-0.016702,0.000815,-0.568526,MOVE_JOINT
3.729000,0.425192,-0.197990,-0.139094,-0.007380,-0.016324,0.001013,-0.565407,MOVE_JOINT
3.730000,0.425184,-0.198004,-0.139094,-0.008158,-0.015527,0.000271,-0.562363,MOVE_JOINT
3.731000,0.425176,-0.198021,-0.139094,-0.008246,-0.016022,0.000256,-0.559442,MOVE_JOINT
3.732000,0.425170,-0.198041,-0.139091,-0.007899,-0.017086,0.001089,-0.556685,MOVE_JOINT
3.733000,0.425160,-0.198055,-0.139092,-0.008887,-0.016552,0.000022,-0.554135,MOVE_JOINT
3.734000,0.425159,-0.198071,-0.139088,-0.006721,-0.016629,0.001141,-0.551831,MOVE_JOINT
3.735000,0.425151,-0.198086,-0.139087,-0.007639,-0.016258,0.000980,-0.549803,MOVE_JOINT
3.736000,0.425144,-0.198103,-0.139086,-0.007303,-0.016291,0.001197,-0.548046,MOVE_JOINT
3.737000,0.425136,-0.198117,-0.139087,-0.007793,-0.015295,0.000423,-0.546497,MOVE_JOINT
3.738000,0.425135,-0.198136,-0.139081,-0.006009,-0.016980,0.001854,-0.545059,MOVE_JOINT
3.739000,0.425125,-0.198151,-0.139082,-0.006959,-0.016259,0.001249,-0.543630,MOVE_JOINT
3.740000,0.425119,-0.198169,-0.139080,-0.006736,-0.017159,0.001641,-0.542101,MOVE_JOINT
3.741000,0.425109,-0.198182,-0.139081,-0.007514,-0.015893,0.000778,-0.540370,MOVE_JOINT
3.742000,0.425103,-0.198196,-0.139080,-0.007809,-0.014850,0.000392,-0.538374,MOVE_JOINT
3.743000,0.425101,-0.198216,-0.139076,-0.006737,-0.016737,0.001403,-0.536127,MOVE_JOINT
3.744000,0.425091,-0.198230,-0.139076,-0.007892,-0.015572,0.000554,-0.533702,MOVE_JOINT
3.745000,0.425089,-0.198246,-0.139071,-0.005018,-0.015685,0.002158,-0.531183,MOVE_JOINT
3.746000,0.425081,-0.198262,-0.139071,-0.006103,-0.015782,0.001424,-0.528611,MOVE_JOINT
3.747000,0.425076,-0.198278,-0.139069,-0.006586,-0.016046,0.001416,-0.525965,MOVE_JOINT
3.748000,0.425067,-0.198293,-0.139070,-0.007256,-0.015532,0.000587,-0.523205,MOVE_JOINT
3.749000,0.425062,-0.198308,-0.139068,-0.006346,-0.015564,0.001240,-0.520341,MOVE_JOINT
3.750000,0.425058,-0.198326,-0.139065,-0.005370,-0.016167,0.001636,-0.517448,MOVE_JOINT
3.751000,0.425048,-0.198339,-0.139065,-0.006970,-0.015345,0.000957,-0.514631,MOVE_JOINT
3.752000,0.425045,-0.198357,-0.139062,-0.005396,-0.016425,0.001973,-0.511972,MOVE_JOINT
3.753000,0.425038,-0.198371,-0.139061,-0.006488,-0.015654,0.001199,-0.509521,MOVE_JOINT
3.754000,0.425026,-0.198385,-0.139062,-0.008636,-0.015020,0.000359,-0.507305,MOVE_JOINT
3.755000,0.425023,-0.198402,-0.139059,-0.007892,-0.016107,0.000945,-0.505359,MOVE_JOINT
3.756000,0.425019,-0.198419,-0.139056,-0.006906,-0.016153,0.001586,-0.503733,MOVE_JOINT
3.757000,0.425009,-0.198431,-0.139058,-0.008196,-0.014940,0.000279,-0.502461,MOVE_JOINT
3.758000,0.425007,-0.198449,-0.139054,-0.006383,-0.015900,0.001699,-0.501554,MOVE_JOINT
3.759000,0.425000,-0.198462,-0.139054,-0.006544,-0.015260,0.001187,-0.501012,MOVE_JOINT
3.760000,0.424994,-0.198480,-0.139050,-0.006181,-0.015969,0.002001,-0.500809,MOVE_JOINT
3.761000,0.424991,-0.198497,-0.139047,-0.004802,-0.015653,0.002562,-0.500865,MOVE_JOINT
3.762000,0.424983,-0.198510,-0.139048,-0.005790,-0.015050,0.001623,-0.501023,MOVE_JOINT
3.763000,0.424979,-0.198524,-0.139046,-0.005966,-0.014902,0.001600,-0.501092,MOVE_JOINT
3.764000,0.424973,-0.198539,-0.139045,-0.006483,-0.014987,0.001088,-0.500918,MOVE_JOINT
3.765000,0.424968,-0.198555,-0.139042,-0.005951,-0.015048,0.001470,-0.500448,MOVE_JOINT
3.766000,0.424958,-0.198567,-0.139044,-0.007188,-0.014561,0.000584,-0.499723,MOVE_JOINT
3.767000,0.424951,-0.198585,-0.139042,-0.007496,-0.015555,0.000688,-0.498863,MOVE_JOINT
3.768000,0.424949,-0.198596,-0.139040,-0.005392,-0.014499,0.001621,-0.498037,MOVE_JOINT
3.769000,0.424941,-0.198612,-0.139038,-0.006113,-0.014258,0.001308,-0.497409,MOVE_JOINT
3.770000,0.424933,-0.198626,-0.139040,-0.007132,-0.013914,0.000352,-0.497083,MOVE_JOINT
3.771000,0.424929,-0.198641,-0.139037,-0.006580,-0.014338,0.000826,-0.497124,MOVE_JOINT
3.772000,0.424921,-0.198656,-0.139037,-0.007569,-0.014636,0.000541,-0.497613,MOVE_JOINT
3.773000,0.424916,-0.198667,-0.139035,-0.006913,-0.013362,0.000945,-0.498634,MOVE_JOINT
3.774000,0.424911,-0.198684,-0.139034,-0.007336,-0.014191,0.000462,-0.500240,MOVE_JOINT
3.775000,0.424902,-0.198699,-0.139034,-0.007799,-0.014391,0.000372,-0.502440,MOVE_JOINT
3.776000,0.424901,-0.198710,-0.139031,-0.006251,-0.013166,0.000884,-0.505224,MOVE_JOINT
3.777000,0.424891,-0.198727,-0.139030,-0.006860,-0.013965,0.000699,-0.508556,MOVE_JOINT
3.778000,0.424885,-0.198739,-0.139030,-0.006849,-0.013850,0.000864,-0.512359,MOVE_JOINT
3.779000,0.424882,-0.198754,-0.139027,-0.005618,-0.014135,0.001424,-0.516507,MOVE_JOINT
3.780000,0.424870,-0.198769,-0.139029,-0.007407,-0.014323,0.000585,-0.520839,MOVE_JOINT
3.781000,0.424868,-0.198784,-0.139026,-0.005931,-0.014750,0.001198,-0.525197,MOVE_JOINT
3.782000,0.424862,-0.198797,-0.139024,-0.006267,-0.014565,0.001199,-0.529457,MOVE_JOINT
3.783000,0.424858,-0.198813,-0.139022,-0.006064,-0.015547,0.001361,-0.533537,MOVE_JOINT
3.784000,0.424850,-0.198824,-0.139023,-0.006516,-0.013725,0.000786,-0.537376,MOVE_JOINT
3.785000,0.424845,-0.198838,-0.139021,-0.005773,-0.014142,0.001247,-0.540931,MOVE_JOINT
3.786000,0.424836,-0.198851,-0.139023,-0.006307,-0.013855,0.000423,-0.544186,MOVE_JOINT
3.787000,0.424828,-0.198864,-0.139023,-0.006809,-0.013768,0.000566,-0.547167,MOVE_JOINT
3.788000,0.424819,-0.198881,-0.139022,-0.006930,-0.014630,0.000815,-0.549948,MOVE_JOINT
3.789000,0.424814,-0.198895,-0.139021,-0.006411,-0.014668,0.001070,-0.552618,MOVE_JOINT
3.790000,0.424808,-0.198910,-0.139019,-0.006453,-0.014677,0.001107,-0.555239,MOVE_JOINT
3.791000,0.424801,-0.198922,-0.139020,-0.006512,-0.014029,0.000624,-0.557839,MOVE_JOINT
3.792000,0.424798,-0.198936,-0.139017,-0.004656,-0.013645,0.001497,-0.560430,MOVE_JOINT
3.793000,0.424788,-0.198951,-0.139017,-0.006604,-0.014334,0.000973,-0.563005,MOVE_JOINT
3.794000,0.424782,-0.198964,-0.139015,-0.006491,-0.013828,0.001004,-0.565531,MOVE_JOINT
3.795000,0.424773,-0.198979,-0.139016,-0.007157,-0.014299,0.000568,-0.567950,MOVE_JOINT
3.796000,0.424769,-0.198993,-0.139012,-0.006494,-0.014162,0.001139,-0.570214,MOVE_JOINT
3.797000,0.424764,-0.199011,-0.139010,-0.006532,-0.015401,0.001439,-0.572294,MOVE_JOINT
3.798000,0.424752,-0.199022,-0.139012,-0.007048,-0.014683,0.000892,-0.574160,MOVE_JOINT
3.799000,0.424745,-0.199033,-0.139012,-0.007225,-0.013847,0.000609,-0.575779,MOVE_JOINT
3.800000,0.424746,-0.199050,-0.139007,-0.004729,-0.014927,0.002278,-0.577133,MOVE_JOINT
3.801000,0.424733,-0.199063,-0.139010,-0.006694,-0.014543,0.000976,-0.578194,MOVE_JOINT
3.802000,0.424730,-0.199077,-0.139007,-0.005077,-0.014340,0.001845,-0.578903,MOVE_JOINT
3.803000,0.424717,-0.199091,-0.139008,-0.007768,-0.014943,0.000862,-0.579197,MOVE_JOINT
3.804000,0.424715,-0.199105,-0.139005,-0.005647,-0.014424,0.001711,-0.579038,MOVE_JOINT
3.805000,0.424708,-0.199118,-0.139004,-0.006427,-0.013919,0.001419,-0.578419,MOVE_JOINT
3.806000,0.424702,-0.199130,-0.139004,-0.006625,-0.013051,0.000661,-0.577352,MOVE_JOINT
3.807000,0.424699,-0.199143,-0.139001,-0.005724,-0.013095,0.001161,-0.575880,MOVE_JOINT
3.808000,0.424687,-0.199157,-0.139002,-0.007663,-0.013235,0.000554,-0.574089,MOVE_JOINT
3.809000,0.424684,-0.199173,-0.138999,-0.007435,-0.013397,0.000465,-0.572112,MOVE_JOINT
3.810000,0.424675,-0.199185,-0.138999,-0.008528,-0.013096,0.000113,-0.570116,MOVE_JOINT
3.811000,0.424668,-0.199199,-0.138997,-0.008132,-0.013604,0.000343,-0.568305,MOVE_JOINT
3.812000,0.424664,-0.199209,-0.138996,-0.006855,-0.012476,0.000684,-0.566895,MOVE_JOINT
3.813000,0.424659,-0.199223,-0.138993,-0.006755,-0.012633,0.000947,-0.566063,MOVE_JOINT
3.814000,0.424651,-0.199237,-0.138992,-0.006972,-0.012943,0.001057,-0.565907,MOVE_JOINT
3.815000,0.424643,-0.199250,-0.138993,-0.007087,-0.013011,0.000670,-0.566430,MOVE_JOINT
3.816000,0.424639,-0.199262,-0.138990,-0.005844,-0.012328,0.001479,-0.567571,MOVE_JOINT
3.817000,0.424636,-0.199277,-0.138986,-0.005190,-0.012774,0.002085,-0.569220,MOVE_JOINT
3.818000,0.424629,-0.199287,-0.138987,-0.005324,-0.012593,0.001627,-0.571199,MOVE_JOINT
3.819000,0.424623,-0.199302,-0.138985,-0.005475,-0.013143,0.001572,-0.573275,MOVE_JOINT
3.820000,0.424616,-0.199312,-0.138984,-0.005707,-0.012393,0.001601,-0.575235,MOVE_JOINT
3.821000,0.424611,-0.199325,-0.138984,-0.005863,-0.012661,0.001364,-0.576933,MOVE_JOINT
3.822000,0.424607,-0.199336,-0.138982,-0.005500,-0.012292,0.001497,-0.578289,MOVE_JOINT
3.823000,0.424603,-0.199350,-0.138980,-0.005264,-0.012520,0.001347,-0.579284,MOVE_JOINT
3.824000,0.424594,-0.199364,-0.138979,-0.006137,-0.013454,0.001532,-0.579955,MOVE_JOINT
3.825000,0.424588,-0.199378,-0.138978,-0.006323,-0.013388,0.000923,-0.580383,MOVE_JOINT
3.826000,0.424586,-0.199391,-0.138975,-0.005536,-0.013250,0.001246,-0.580700,MOVE_JOINT
3.827000,0.424579,-0.199408,-0.138973,-0.005820,-0.014515,0.001517,-0.581087,MOVE_JOINT
3.828000,0.424576,-0.199421,-0.138970,-0.005409,-0.014007,0.002002,-0.581732,MOVE_JOINT
3.829000,0.424570,-0.199432,-0.138970,-0.006151,-0.013255,0.001496,-0.582762,MOVE_JOINT
3.830000,0.424566,-0.199445,-0.138968,-0.005646,-0.013085,0.001154,-0.584216,MOVE_JOINT
3.831000,0.424561,-0.199459,-0.138967,-0.005431,-0.013006,0.001275,-0.586094,MOVE_JOINT
3.832000,0.424557,-0.199472,-0.138964,-0.005300,-0.012925,0.001441,-0.588415,MOVE_JOINT
3.833000,0.424547,-0.199484,-0.138964,-0.006322,-0.012204,0.000955,-0.591214,MOVE_JOINT
3.834000,0.424545,-0.199497,-0.138961,-0.005051,-0.012398,0.001530,-0.594504,MOVE_JOINT
3.835000,0.424543,-0.199510,-0.138958,-0.004721,-0.012544,0.001643,-0.598245,MOVE_JOINT
3.836000,0.424536,-0.199524,-0.138958,-0.004859,-0.012866,0.001194,-0.602347,MOVE_JOINT
3.837000,0.424531,-0.199537,-0.138956,-0.004598,-0.012173,0.001346,-0.606710,MOVE_JOINT
3.838000,0.424527,-0.199550,-0.138954,-0.004721,-0.012683,0.001625,-0.611265,MOVE_JOINT
3.839000,0.424518,-0.199562,-0.138955,-0.005322,-0.011940,0.000916,-0.615960,MOVE_JOINT
3.840000,0.424512,-0.199575,-0.138953,-0.006241,-0.012572,0.000794,-0.620752,MOVE_JOINT
3.841000,0.424511,-0.199588,-0.138949,-0.003979,-0.013238,0.001995,-0.625620,MOVE_JOINT
3.842000,0.424507,-0.199600,-0.138948,-0.004482,-0.012708,0.001656,-0.630541,MOVE_JOINT
3.843000,0.424498,-0.199609,-0.138949,-0.006072,-0.011966,0.000646,-0.635464,MOVE_JOINT
3.844000,0.424494,-0.199623,-0.138947,-0.004536,-0.012381,0.001631,-0.640321,MOVE_JOINT
3.845000,0.424492,-0.199633,-0.138945,-0.004008,-0.011758,0.001437,-0.645053,MOVE_JOINT
3.846000,0.424484,-0.199647,-0.138944,-0.004873,-0.012384,0.001420,-0.649605,MOVE_JOINT
3.847000,0.424475,-0.199659,-0.138946,-0.005969,-0.011995,0.000309,-0.653930,MOVE_JOINT
3.848000,0.424474,-0.199671,-0.138942,-0.004729,-0.012149,0.001326,-0.658029,MOVE_JOINT
3.849000,0.424468,-0.199683,-0.138941,-0.004632,-0.012014,0.001496,-0.661948,MOVE_JOINT
3.850000,0.424461,-0.199691,-0.138942,-0.005663,-0.010741,0.000117,-0.665738,MOVE_JOINT
3.851000,0.424461,-0.199705,-0.138938,-0.003797,-0.011866,0.001938,-0.669428,MOVE_JOINT
3.852000,0.424452,-0.199714,-0.138939,-0.004958,-0.011032,0.000993,-0.673038,MOVE_JOINT
3.853000,0.424451,-0.199727,-0.138937,-0.003797,-0.011657,0.001268,-0.676557,MOVE_JOINT
3.854000,0.424442,-0.199736,-0.138939,-0.005174,-0.011326,0.000566,-0.679966,MOVE_JOINT
3.855000,0.424436,-0.199749,-0.138937,-0.005429,-0.011543,0.000720,-0.683290,MOVE_JOINT
3.856000,0.424431,-0.199760,-0.138936,-0.005733,-0.011131,0.000445,-0.686603,MOVE_JOINT
3.857000,0.424429,-0.199775,-0.138933,-0.005171,-0.012638,0.001088,-0.689989,MOVE_JOINT
3.858000,0.424419,-0.199782,-0.138936,-0.005755,-0.010930,0.000027,-0.693527,MOVE_JOINT
3.859000,0.424411,-0.199796,-0.138936,-0.006318,-0.011902,0.000469,-0.697291,MOVE_JOINT
3.860000,0.424407,-0.199807,-0.138934,-0.005893,-0.011360,0.000648,-0.701359,MOVE_JOINT
3.861000,0.424408,-0.199818,-0.138930,-0.004322,-0.011226,0.001499,-0.705757,MOVE_JOINT
3.862000,0.424402,-0.199830,-0.138929,-0.004440,-0.011534,0.001389,-0.710408,MOVE_JOINT
3.863000,0.424396,-0.199841,-0.138929,-0.004606,-0.011034,0.001037,-0.715131,MOVE_JOINT
3.864000,0.424387,-0.199853,-0.138930,-0.005694,-0.011371,0.000433,-0.719712,MOVE_JOINT
3.865000,0.424382,-0.199864,-0.138929,-0.005850,-0.010988,0.000451,-0.724000,MOVE_JOINT
3.866000,0.424380,-0.199875,-0.138927,-0.004044,-0.010317,0.001003,-0.727936,MOVE_JOINT
3.867000,0.424374,-0.199886,-0.138927,-0.004887,-0.010430,0.000515,-0.731518,MOVE_JOINT
3.868000,0.424371,-0.199897,-0.138925,-0.004210,-0.010367,0.000891,-0.734760,MOVE_JOINT
3.869000,0.424367,-0.199907,-0.138923,-0.003892,-0.010567,0.001322,-0.737671,MOVE_JOINT
3.870000,0.424360,-0.199918,-0.138924,-0.004950,-0.010753,0.000507,-0.740248,MOVE_JOINT
3.871000,0.424355,-0.199930,-0.138922,-0.004837,-0.010818,0.000702,-0.742486,MOVE_JOINT
3.872000,0.424348,-0.199939,-0.138923,-0.005656,-0.009729,0.000230,-0.744418,MOVE_JOINT
3.873000,0.424346,-0.199952,-0.138919,-0.004647,-0.011185,0.001323,-0.746105,MOVE_JOINT
3.874000,0.424341,-0.199964,-0.138919,-0.005438,-0.011440,0.000743,-0.747604,MOVE_JOINT
3.875000,0.424332,-0.199975,-0.138920,-0.007263,-0.011242,-0.000265,-0.748949,MOVE_JOINT
3.876000,0.424331,-0.199989,-0.138916,-0.005424,-0.012232,0.000945,-0.750209,MOVE_JOINT
3.877000,0.424328,-0.199998,-0.138914,-0.004753,-0.011641,0.001317,-0.751492,MOVE_JOINT
3.878000,0.424316,-0.200009,-0.138916,-0.006819,-0.011405,0.000332,-0.752892,MOVE_JOINT
3.879000,0.424316,-0.200018,-0.138914,-0.005669,-0.010454,0.000694,-0.754454,MOVE_JOINT
3.880000,0.424315,-0.200030,-0.138911,-0.004323,-0.010922,0.001403,-0.756186,MOVE_JOINT
3.881000,0.424308,-0.200040,-0.138910,-0.004306,-0.011016,0.001323,-0.758063,MOVE_JOINT
3.882000,0.424303,-0.200054,-0.138910,-0.005135,-0.011738,0.001030,-0.760020,MOVE_JOINT
3.883000,0.424299,-0.200062,-0.138908,-0.005098,-0.010843,0.001177,-0.761983,MOVE_JOINT
3.884000,0.424293,-0.200076,-0.138906,-0.004766,-0.011960,0.001494,-0.763880,MOVE_JOINT
3.885000,0.424290,-0.200086,-0.138904,-0.004055,-0.011603,0.001991,-0.765629,MOVE_JOINT
3.886000,0.424288,-0.200095,-0.138903,-0.003805,-0.010644,0.001666,-0.767114,MOVE_JOINT
3.887000,0.424283,-0.200105,-0.138902,-0.003896,-0.010721,0.001640,-0.768185,MOVE_JOINT
3.888000,0.424275,-0.200118,-0.138902,-0.005616,-0.011645,0.001052,-0.768704,MOVE_JOINT
3.889000,0.424275,-0.200128,-0.138899,-0.004619,-0.011129,0.001167,-0.768595,MOVE_JOINT
3.890000,0.424273,-0.200138,-0.138896,-0.003499,-0.011024,0.001915,-0.767867,MOVE_JOINT
3.891000,0.424268,-0.200150,-0.138895,-0.004397,-0.010704,0.001099,-0.766582,MOVE_JOINT
3.892000,0.424264,-0.200157,-0.138895,-0.004106,-0.010016,0.001080,-0.764825,MOVE_JOINT
3.893000,0.424259,-0.200168,-0.138894,-0.003969,-0.009987,0.000949,-0.762705,MOVE_JOINT
3.894000,0.424253,-0.200177,-0.138895,-0.003975,-0.009353,0.000698,-0.760372,MOVE_JOINT
3.895000,0.424254,-0.200189,-0.138889,-0.002233,-0.010164,0.002399,-0.757986,MOVE_JOINT
3.896000,0.424245,-0.200200,-0.138890,-0.003962,-0.010856,0.001508,-0.755661,MOVE_JOINT
3.897000,0.424242,-0.200207,-0.138889,-0.003991,-0.009852,0.001595,-0.753411,MOVE_JOINT
3.898000,0.424240,-0.200218,-0.138886,-0.003985,-0.010869,0.001700,-0.751191,MOVE_JOINT
3.899000,0.424236,-0.200224,-0.138886,-0.004325,-0.009904,0.001229,-0.748942,MOVE_JOINT
3.900000,0.424235,-0.200232,-0.138883,-0.003208,-0.009414,0.001787,-0.746623,MOVE_JOINT
3.901000,0.424230,-0.200241,-0.138883,-0.003607,-0.009033,0.001363,-0.744209,MOVE_JOINT
3.902000,0.424226,-0.200252,-0.138882,-0.004109,-0.009734,0.001096,-0.741686,MOVE_JOINT
3.903000,0.424224,-0.200258,-0.138879,-0.003402,-0.008809,0.001497,-0.739071,MOVE_JOINT
3.904000,0.424221,-0.200266,-0.138877,-0.002890,-0.008246,0.001824,-0.736405,MOVE_JOINT
3.905000,0.424215,-0.200275,-0.138878,-0.004445,-0.008505,0.000737,-0.733721,MOVE_JOINT
3.906000,0.424214,-0.200285,-0.138876,-0.003480,-0.009273,0.001183,-0.731044,MOVE_JOINT
3.907000,0.424209,-0.200292,-0.138875,-0.004056,-0.008216,0.001000,-0.728442,MOVE_JOINT
3.908000,0.424204,-0.200302,-0.138874,-0.004391,-0.008760,0.000926,-0.726036,MOVE_JOINT
3.909000,0.424204,-0.200311,-0.138871,-0.003185,-0.008874,0.001429,-0.723951,MOVE_JOINT
3.910000,0.424205,-0.200316,-0.138868,-0.001871,-0.007229,0.001810,-0.722269,MOVE_JOINT
3.911000,0.424196,-0.200327,-0.138870,-0.003351,-0.008470,0.001084,-0.721012,MOVE_JOINT
3.912000,0.424192,-0.200334,-0.138869,-0.003153,-0.007954,0.001176,-0.720141,MOVE_JOINT
3.913000,0.424189,-0.200342,-0.138867,-0.003034,-0.008148,0.001230,-0.719619,MOVE_JOINT
3.914000,0.424187,-0.200348,-0.138866,-0.003753,-0.007261,0.000512,-0.719433,MOVE_JOINT
3.915000,0.424188,-0.200359,-0.138862,-0.002812,-0.008637,0.001414,-0.719593,MOVE_JOINT
3.916000,0.424182,-0.200365,-0.138864,-0.003871,-0.007560,0.000307,-0.720124,MOVE_JOINT
3.917000,0.424180,-0.200373,-0.138862,-0.003421,-0.007292,0.000745,-0.721064,MOVE_JOINT
3.918000,0.424177,-0.200384,-0.138859,-0.003283,-0.008606,0.000999,-0.722450,MOVE_JOINT
3.919000,0.424175,-0.200391,-0.138859,-0.003391,-0.008110,0.000705,-0.724310,MOVE_JOINT
3.920000,0.424173,-0.200400,-0.138856,-0.002485,-0.008051,0.001434,-0.726641,MOVE_JOINT
3.921000,0.424171,-0.200404,-0.138855,-0.002863,-0.006572,0.000973,-0.729398,MOVE_JOINT
3.922000,0.424167,-0.200416,-0.138853,-0.003511,-0.007951,0.001347,-0.732470,MOVE_JOINT
3.923000,0.424163,-0.200422,-0.138853,-0.002875,-0.007700,0.001052,-0.735680,MOVE_JOINT
3.924000,0.424159,-0.200430,-0.138852,-0.003439,-0.007803,0.001002,-0.738830,MOVE_JOINT
3.925000,0.424160,-0.200438,-0.138849,-0.001673,-0.007967,0.002018,-0.741740,MOVE_JOINT
3.926000,0.424156,-0.200444,-0.138849,-0.001919,-0.007299,0.001588,-0.744237,MOVE_JOINT
3.927000,0.424151,-0.200452,-0.138849,-0.002561,-0.007077,0.001309,-0.746143,MOVE_JOINT
3.928000,0.424147,-0.200459,-0.138848,-0.002795,-0.007189,0.001095,-0.747294,MOVE_JOINT
3.929000,0.424146,-0.200469,-0.138846,-0.002524,-0.008261,0.001605,-0.747584,MOVE_JOINT
3.930000,0.424141,-0.200476,-0.138846,-0.003085,-0.007715,0.000978,-0.746974,MOVE_JOINT
3.931000,0.424140,-0.200485,-0.138843,-0.002188,-0.007983,0.001784,-0.745478,MOVE_JOINT
3.932000,0.424135,-0.200488,-0.138844,-0.003521,-0.006291,0.000605,-0.743139,MOVE_JOINT
3.933000,0.424131,-0.200496,-0.138844,-0.004097,-0.007362,0.000550,-0.740026,MOVE_JOINT
3.934000,0.424130,-0.200505,-0.138842,-0.002779,-0.008117,0.001250,-0.736242,MOVE_JOINT
3.935000,0.424126,-0.200510,-0.138842,-0.003433,-0.007109,0.000713,-0.731932,MOVE_JOINT
3.936000,0.424122,-0.200518,-0.138841,-0.003263,-0.007365,0.001038,-0.727248,MOVE_JOINT
3.937000,0.424121,-0.200527,-0.138839,-0.002259,-0.007974,0.001527,-0.722318,MOVE_JOINT
3.938000,0.424117,-0.200531,-0.138840,-0.003407,-0.006643,0.000514,-0.717227,MOVE_JOINT
3.939000,0.424114,-0.200539,-0.138839,-0.003642,-0.006831,0.000413,-0.712039,MOVE_JOINT
3.940000,0.424112,-0.200546,-0.138837,-0.002563,-0.007174,0.001362,-0.706821,MOVE_JOINT
3.941000,0.424110,-0.200553,-0.138836,-0.002689,-0.006775,0.000925,-0.701640,MOVE_JOINT
3.942000,0.424107,-0.200558,-0.138836,-0.003078,-0.006347,0.000768,-0.696523,MOVE_JOINT
3.943000,0.424103,-0.200565,-0.138835,-0.002610,-0.006852,0.001102,-0.691473,MOVE_JOINT
3.944000,0.424097,-0.200571,-0.138836,-0.003588,-0.006871,0.000414,-0.686492,MOVE_JOINT
3.945000,0.424091,-0.200581,-0.138836,-0.004325,-0.007568,0.000075,-0.681607,MOVE_JOINT
3.946000,0.424092,-0.200588,-0.138834,-0.002387,-0.007898,0.001036,-0.676902,MOVE_JOINT
3.947000,0.424090,-0.200592,-0.138834,-0.002605,-0.007125,0.000519,-0.672517,MOVE_JOINT
3.948000,0.424090,-0.200600,-0.138831,-0.001707,-0.007100,0.001358,-0.668593,MOVE_JOINT
3.949000,0.424086,-0.200607,-0.138831,-0.002441,-0.007377,0.000917,-0.665223,MOVE_JOINT
3.950000,0.424083,-0.200610,-0.138832,-0.002730,-0.005901,0.000206,-0.662435,MOVE_JOINT
3.951000,0.424078,-0.200621,-0.138831,-0.003140,-0.007595,0.000516,-0.660222,MOVE_JOINT
3.952000,0.424072,-0.200626,-0.138833,-0.004553,-0.006546,-0.000634,-0.658598,MOVE_JOINT
3.953000,0.424069,-0.200632,-0.138831,-0.004525,-0.006771,0.000019,-0.657626,MOVE_JOINT
3.954000,0.424067,-0.200640,-0.138830,-0.003714,-0.006702,0.000543,-0.657394,MOVE_JOINT
3.955000,0.424061,-0.200646,-0.138832,-0.004422,-0.006651,-0.000135,-0.657943,MOVE_JOINT
3.956000,0.424063,-0.200653,-0.138828,-0.002568,-0.006660,0.001144,-0.659234,MOVE_JOINT
3.957000,0.424061,-0.200662,-0.138827,-0.002757,-0.007774,0.000964,-0.661146,MOVE_JOINT
3.958000,0.424053,-0.200666,-0.138829,-0.004267,-0.006290,0.000335,-0.663496,MOVE_JOINT
3.959000,0.424053,-0.200674,-0.138827,-0.002712,-0.007177,0.001005,-0.666073,MOVE_JOINT
3.960000,0.424052,-0.200681,-0.138826,-0.002241,-0.007176,0.001282,-0.668676,MOVE_JOINT
3.961000,0.424051,-0.200687,-0.138824,-0.001619,-0.007041,0.001494,-0.671115,MOVE_JOINT
3.962000,0.424047,-0.200692,-0.138825,-0.003254,-0.006756,0.000494,-0.673211,MOVE_JOINT
3.963000,0.424043,-0.200699,-0.138824,-0.003345,-0.006965,0.000617,-0.674831,MOVE_JOINT
3.964000,0.424046,-0.200704,-0.138821,-0.000989,-0.006465,0.001842,-0.675906,MOVE_JOINT
3.965000,0.424040,-0.200711,-0.138822,-0.002295,-0.006105,0.000931,-0.676399,MOVE_JOINT
3.966000,0.424037,-0.200716,-0.138822,-0.002284,-0.005763,0.000552,-0.676262,MOVE_JOINT
3.967000,0.424034,-0.200724,-0.138820,-0.002036,-0.006022,0.000844,-0.675478,MOVE_JOINT
3.968000,0.424030,-0.200731,-0.138821,-0.003165,-0.006264,0.000215,-0.674101,MOVE_JOINT
3.969000,0.424031,-0.200738,-0.138817,-0.002110,-0.006079,0.001049,-0.672252,MOVE_JOINT
3.970000,0.424025,-0.200741,-0.138819,-0.003073,-0.004714,0.000007,-0.670074,MOVE_JOINT
3.971000,0.424023,-0.200751,-0.138818,-0.002469,-0.005877,0.000356,-0.667704,MOVE_JOINT
3.972000,0.424021,-0.200756,-0.138816,-0.002192,-0.005263,0.000386,-0.665283,MOVE_JOINT
3.973000,0.424019,-0.200764,-0.138815,-0.002856,-0.006305,0.000386,-0.662962,MOVE_JOINT
3.974000,0.424019,-0.200767,-0.138814,-0.002127,-0.005532,0.000331,-0.660892,MOVE_JOINT
3.975000,0.424011,-0.200775,-0.138816,-0.004972,-0.006221,-0.000987,-0.659224,MOVE_JOINT
3.976000,0.424012,-0.200781,-0.138813,-0.002629,-0.005988,0.000535,-0.658134,MOVE_JOINT
3.977000,0.424004,-0.200785,-0.138816,-0.004660,-0.005485,-0.000923,-0.657800,MOVE_JOINT
3.978000,0.424008,-0.200792,-0.138813,-0.002282,-0.006379,0.000404,-0.658362,MOVE_JOINT
3.979000,0.424003,-0.200794,-0.138814,-0.003232,-0.004997,-0.000455,-0.659899,MOVE_JOINT
3.980000,0.424002,-0.200803,-0.138812,-0.002661,-0.006136,0.000372,-0.662427,MOVE_JOINT
3.981000,0.423995,-0.200806,-0.138813,-0.004351,-0.005091,-0.000353,-0.665889,MOVE_JOINT
3.982000,0.423994,-0.200812,-0.138812,-0.004142,-0.005728,-0.000024,-0.670140,MOVE_JOINT
3.983000,0.423994,-0.200815,-0.138812,-0.003328,-0.004686,-0.000066,-0.674973,MOVE_JOINT
3.984000,0.423992,-0.200824,-0.138809,-0.002925,-0.006333,0.000899,-0.680139,MOVE_JOINT
3.985000,0.423991,-0.200828,-0.138809,-0.002413,-0.005436,0.000856,-0.685359,MOVE_JOINT
3.986000,0.423991,-0.200834,-0.138807,-0.001735,-0.005267,0.001099,-0.690313,MOVE_JOINT
3.987000,0.423990,-0.200837,-0.138807,-0.001562,-0.004772,0.001083,-0.694661,MOVE_JOINT
3.988000,0.423987,-0.200846,-0.138805,-0.001768,-0.006391,0.001522,-0.698074,MOVE_JOINT
3.989000,0.423983,-0.200849,-0.138806,-0.002471,-0.004904,0.000609,-0.700278,MOVE_JOINT
3.990000,0.423983,-0.200852,-0.138805,-0.001654,-0.004409,0.000889,-0.701087,MOVE_JOINT
3.991000,0.423978,-0.200859,-0.138805,-0.002304,-0.005346,0.000794,-0.700428,MOVE_JOINT
3.992000,0.423974,-0.200863,-0.138807,-0.003393,-0.005045,-0.000145,-0.698335,MOVE_JOINT
3.993000,0.423973,-0.200868,-0.138806,-0.003037,-0.004574,-0.000061,-0.694957,MOVE_JOINT
3.994000,0.423974,-0.200875,-0.138804,-0.001873,-0.005277,0.000625,-0.690556,MOVE_JOINT
3.995000,0.423970,-0.200882,-0.138803,-0.002569,-0.005799,0.000532,-0.685445,MOVE_JOINT
3.996000,0.423966,-0.200885,-0.138805,-0.002863,-0.005666,0.000132,-0.679926,MOVE_JOINT
3.997000,0.423966,-0.200890,-0.138803,-0.002141,-0.005077,0.000617,-0.674257,MOVE_JOINT
3.998000,0.423963,-0.200897,-0.138803,-0.002093,-0.005458,0.000452,-0.668652,MOVE_JOINT
3.999000,0.423961,-0.200902,-0.138802,-0.002324,-0.005446,0.000696,-0.663257,MOVE_JOINT
4.000000,0.423958,-0.200904,-0.138803,-0.002449,-0.004529,0.000185,-0.658149,MOVE_JOINT
4.001000,0.423957,-0.200914,-0.138800,-0.001751,-0.006221,0.001095,-0.653350,MOVE_JOINT
4.002000,0.423957,-0.200919,-0.138799,-0.001444,-0.006309,0.000962,-0.648840,MOVE_JOINT
4.003000,0.423950,-0.200923,-0.138802,-0.003824,-0.006167,-0.000349,-0.644592,MOVE_JOINT
4.004000,0.423952,-0.200925,-0.138799,-0.002939,-0.005060,0.000189,-0.640607,MOVE_JOINT
4.005000,0.423953,-0.200929,-0.138798,-0.001712,-0.005079,0.000467,-0.636934,MOVE_JOINT
4.006000,0.423948,-0.200939,-0.138798,-0.002387,-0.006515,0.000585,-0.633617,MOVE_JOINT
4.007000,0.423944,-0.200944,-0.138798,-0.002403,-0.006218,0.000691,-0.630655,MOVE_JOINT
4.008000,0.423942,-0.200948,-0.138799,-0.002964,-0.005200,-0.000340,-0.628015,MOVE_JOINT
4.009000,0.423939,-0.200954,-0.138798,-0.002595,-0.005199,-0.000011,-0.625668,MOVE_JOINT
4.010000,0.423936,-0.200958,-0.138798,-0.002461,-0.005355,0.000231,-0.623617,MOVE_JOINT
4.011000,0.423935,-0.200965,-0.138797,-0.002635,-0.005740,-0.000019,-0.621888,MOVE_JOINT
4.012000,0.423932,-0.200967,-0.138797,-0.002769,-0.004618,-0.000282,-0.620508,MOVE_JOINT
4.013000,0.423929,-0.200973,-0.138797,-0.002296,-0.004934,-0.000013,-0.619505,MOVE_JOINT
4.014000,0.423929,-0.200979,-0.138796,-0.002774,-0.005100,0.000032,-0.618902,MOVE_JOINT
4.015000,0.423925,-0.200983,-0.138798,-0.003193,-0.004601,-0.000652,-0.618700,MOVE_JOINT
4.016000,0.423923,-0.200992,-0.138795,-0.002659,-0.006233,0.000312,-0.618881,MOVE_JOINT
4.017000,0.423920,-0.200994,-0.138795,-0.002378,-0.004463,0.000212,-0.619414,MOVE_JOINT
4.018000,0.423920,-0.200995,-0.138796,-0.002971,-0.003596,-0.000527,-0.620229,MOVE_JOINT
4.019000,0.423915,-0.201003,-0.138796,-0.003386,-0.004632,-0.000535,-0.621218,MOVE_JOINT
4.020000,0.423911,-0.201007,-0.138798,-0.004117,-0.004353,-0.001142,-0.622298,MOVE_JOINT
4.021000,0.423909,-0.201014,-0.138796,-0.003831,-0.005193,-0.000565,-0.623459,MOVE_JOINT
4.022000,0.423907,-0.201014,-0.138797,-0.003215,-0.003489,-0.000721,-0.624751,MOVE_JOINT
4.023000,0.423906,-0.201020,-0.138797,-0.002581,-0.004413,-0.000294,-0.626231,MOVE_JOINT
4.024000,0.423904,-0.201025,-0.138795,-0.001830,-0.004509,0.000354,-0.627907,MOVE_JOINT
4.025000,0.423899,-0.201030,-0.138797,-0.002681,-0.004470,-0.000279,-0.629721,MOVE_JOINT
4.026000,0.423899,-0.201036,-0.138795,-0.002291,-0.005329,0.000508,-0.631563,MOVE_JOINT
4.027000,0.423896,-0.201040,-0.138796,-0.002347,-0.005045,0.000275,-0.633296,MOVE_JOINT
4.028000,0.423895,-0.201044,-0.138794,-0.002660,-0.004533,-0.000112,-0.634772,MOVE_JOINT
4.029000,0.423891,-0.201050,-0.138794,-0.003365,-0.004902,-0.000183,-0.635865,MOVE_JOINT
4.030000,0.423887,-0.201055,-0.138795,-0.003653,-0.004909,-0.000481,-0.636496,MOVE_JOINT
4.031000,0.423884,-0.201058,-0.138796,-0.002924,-0.004408,-0.000126,-0.636646,MOVE_JOINT
4.032000,0.423879,-0.201064,-0.138797,-0.003713,-0.004459,-0.000512,-0.636332,MOVE_JOINT
4.033000,0.423877,-0.201067,-0.138796,-0.004345,-0.004264,-0.000826,-0.635598,MOVE_JOINT
4.034000,0.423876,-0.201071,-0.138795,-0.003673,-0.004316,-0.000416,-0.634510,MOVE_JOINT
4.035000,0.423875,-0.201074,-0.138796,-0.003512,-0.003910,-0.000671,-0.633153,MOVE_JOINT
4.036000,0.423873,-0.201080,-0.138796,-0.003663,-0.004370,-0.000648,-0.631616,MOVE_JOINT
4.037000,0.423871,-0.201084,-0.138795,-0.002927,-0.004552,-0.000245,-0.629983,MOVE_JOINT
4.038000,0.423870,-0.201086,-0.138795,-0.001536,-0.004180,0.000395,-0.628320,MOVE_JOINT
4.039000,0.423866,-0.201092,-0.138796,-0.002853,-0.004225,-0.000480,-0.626643,MOVE_JOINT
4.040000,0.423868,-0.201096,-0.138794,-0.000798,-0.004220,0.000402,-0.624926,MOVE_JOINT
4.041000,0.423864,-0.201100,-0.138795,-0.001453,-0.004620,0.000335,-0.623126,MOVE_JOINT
4.042000,0.423857,-0.201103,-0.138797,-0.002424,-0.003559,-0.000339,-0.621202,MOVE_JOINT
4.043000,0.423858,-0.201107,-0.138795,-0.002021,-0.004072,0.000289,-0.619106,MOVE_JOINT
4.044000,0.423856,-0.201110,-0.138796,-0.003019,-0.003568,-0.000441,-0.616793,MOVE_JOINT
4.045000,0.423855,-0.201116,-0.138795,-0.002152,-0.004412,-0.000090,-0.614223,MOVE_JOINT
4.046000,0.423850,-0.201119,-0.138797,-0.002530,-0.003680,-0.000715,-0.611398,MOVE_JOINT
4.047000,0.423843,-0.201122,-0.138799,-0.004136,-0.003345,-0.001452,-0.608397,MOVE_JOINT
4.048000,0.423849,-0.201129,-0.138793,-0.000878,-0.005103,0.001187,-0.605381,MOVE_JOINT
4.049000,0.423844,-0.201130,-0.138796,-0.002414,-0.003403,-0.000247,-0.602497,MOVE_JOINT
4.050000,0.423842,-0.201136,-0.138796,-0.002862,-0.003730,-0.000494,-0.599803,MOVE_JOINT
4.051000,0.423839,-0.201139,-0.138797,-0.002485,-0.003553,-0.000344,-0.597297,MOVE_JOINT
4.052000,0.423837,-0.201142,-0.138796,-0.001786,-0.003655,0.000220,-0.594984,MOVE_JOINT
4.053000,0.423834,-0.201147,-0.138797,-0.003005,-0.004222,-0.000277,-0.592863,MOVE_JOINT
4.054000,0.423833,-0.201149,-0.138797,-0.001759,-0.003355,-0.000062,-0.590911,MOVE_JOINT
4.055000,0.423833,-0.201152,-0.138796,-0.000916,-0.003161,0.000581,-0.589087,MOVE_JOINT
4.056000,0.423829,-0.201158,-0.138796,-0.002036,-0.003996,0.000224,-0.587326,MOVE_JOINT
4.057000,0.423829,-0.201159,-0.138796,-0.000661,-0.003173,0.000539,-0.585525,MOVE_JOINT
4.058000,0.423827,-0.201162,-0.138796,-0.001169,-0.003112,0.000423,-0.583561,MOVE_JOINT
4.059000,0.423822,-0.201167,-0.138796,-0.001948,-0.004338,0.000671,-0.581310,MOVE_JOINT
4.060000,0.423822,-0.201171,-0.138796,-0.001650,-0.003904,0.000257,-0.578662,MOVE_JOINT
4.061000,0.423818,-0.201175,-0.138797,-0.002425,-0.004025,-0.000118,-0.575550,MOVE_JOINT
4.062000,0.423818,-0.201177,-0.138796,-0.001070,-0.003427,0.000510,-0.571985,MOVE_JOINT
4.063000,0.423816,-0.201181,-0.138796,-0.000993,-0.004006,0.000473,-0.568042,MOVE_JOINT
4.064000,0.423811,-0.201182,-0.138797,-0.002362,-0.003108,-0.000108,-0.563827,MOVE_JOINT
4.065000,0.423810,-0.201187,-0.138796,-0.002583,-0.003650,-0.000040,-0.559448,MOVE_JOINT
4.066000,0.423807,-0.201193,-0.138796,-0.003593,-0.004497,-0.000226,-0.555025,MOVE_JOINT
4.067000,0.423811,-0.201194,-0.138794,-0.001670,-0.003579,0.000243,-0.550684,MOVE_JOINT
4.068000,0.423806,-0.201196,-0.138795,-0.002453,-0.002756,-0.000160,-0.546549,MOVE_JOINT
4.069000,0.423806,-0.201202,-0.138793,-0.001905,-0.003873,0.000356,-0.542714,MOVE_JOINT
4.070000,0.423807,-0.201201,-0.138794,-0.001185,-0.002314,-0.000127,-0.539226,MOVE_JOINT
4.071000,0.423804,-0.201206,-0.138794,-0.001881,-0.002936,-0.000107,-0.536108,MOVE_JOINT
4.072000,0.423804,-0.201208,-0.138792,-0.001346,-0.003033,0.000343,-0.533381,MOVE_JOINT
4.073000,0.423800,-0.201212,-0.138793,-0.002685,-0.003423,0.000004,-0.531059,MOVE_JOINT
4.074000,0.423803,-0.201217,-0.138790,-0.000706,-0.004152,0.000942,-0.529116,MOVE_JOINT
4.075000,0.423799,-0.201218,-0.138791,-0.001712,-0.003314,0.000328,-0.527484,MOVE_JOINT
4.076000,0.423798,-0.201221,-0.138790,-0.001387,-0.003561,0.000801,-0.526056,MOVE_JOINT
4.077000,0.423797,-0.201222,-0.138790,-0.001579,-0.002643,0.000324,-0.524699,MOVE_JOINT
4.078000,0.423796,-0.201226,-0.138790,-0.001108,-0.003267,0.000581,-0.523268,MOVE_JOINT
4.079000,0.423797,-0.201231,-0.138788,-0.001019,-0.003902,0.000816,-0.521637,MOVE_JOINT
4.080000,0.423795,-0.201233,-0.138789,-0.001954,-0.003343,0.000011,-0.519720,MOVE_JOINT
4.081000,0.423795,-0.201237,-0.138787,-0.001168,-0.003946,0.000577,-0.517490,MOVE_JOINT
4.082000,0.423798,-0.201238,-0.138786,-0.000235,-0.002913,0.000746,-0.514982,MOVE_JOINT
4.083000,0.423793,-0.201241,-0.138787,-0.001040,-0.003255,0.000652,-0.512246,MOVE_JOINT
4.084000,0.423790,-0.201245,-0.138787,-0.000817,-0.003589,0.000497,-0.509311,MOVE_JOINT
4.085000,0.423790,-0.201245,-0.138787,-0.000399,-0.002233,0.000266,-0.506192,MOVE_JOINT
4.086000,0.423786,-0.201248,-0.138788,-0.001839,-0.002962,-0.000049,-0.502929,MOVE_JOINT
4.087000,0.423792,-0.201251,-0.138784,0.000874,-0.002714,0.001228,-0.499593,MOVE_JOINT
4.088000,0.423783,-0.201253,-0.138788,-0.001771,-0.002007,-0.000356,-0.496258,MOVE_JOINT
4.089000,0.423784,-0.201256,-0.138786,-0.000820,-0.002287,0.000409,-0.492977,MOVE_JOINT
4.090000,0.423783,-0.201259,-0.138786,-0.001985,-0.002532,-0.000369,-0.489802,MOVE_JOINT
4.091000,0.423783,-0.201262,-0.138786,-0.001660,-0.002666,-0.000027,-0.486808,MOVE_JOINT
4.092000,0.423782,-0.201265,-0.138785,-0.000895,-0.002657,0.000426,-0.484083,MOVE_JOINT
4.093000,0.423778,-0.201265,-0.138787,-0.001478,-0.001683,-0.000236,-0.481702,MOVE_JOINT
4.094000,0.423777,-0.201271,-0.138785,-0.001109,-0.003160,0.000422,-0.479705,MOVE_JOINT
4.095000,0.423772,-0.201271,-0.138789,-0.002046,-0.002749,-0.000555,-0.478105,MOVE_JOINT
4.096000,0.423773,-0.201276,-0.138786,-0.001036,-0.002979,0.000250,-0.476927,MOVE_JOINT
4.097000,0.423771,-0.201279,-0.138786,-0.001565,-0.002996,0.000150,-0.476224,MOVE_JOINT
4.098000,0.423770,-0.201280,-0.138787,-0.001463,-0.002523,-0.000274,-0.476038,MOVE_JOINT
4.099000,0.423774,-0.201284,-0.138783,0.000176,-0.003311,0.000878,-0.476377,MOVE_JOINT
4.100000,0.423767,-0.201283,-0.138786,-0.001422,-0.001944,-0.000183,-0.477221,MOVE_JOINT
4.101000,0.423763,-0.201284,-0.138788,-0.002444,-0.001356,-0.000775,-0.478522,MOVE_JOINT
4.102000,0.423763,-0.201289,-0.138787,-0.002219,-0.002424,-0.000366,-0.480236,MOVE_JOINT
4.103000,0.423760,-0.201292,-0.138787,-0.002784,-0.002899,-0.000579,-0.482355,MOVE_JOINT
4.104000,0.423757,-0.201296,-0.138788,-0.002952,-0.003108,-0.000612,-0.484898,MOVE_JOINT
4.105000,0.423757,-0.201296,-0.138788,-0.001820,-0.001497,-0.000891,-0.487914,MOVE_JOINT
4.106000,0.423755,-0.201296,-0.138789,-0.002343,-0.000934,-0.001178,-0.491479,MOVE_JOINT
4.107000,0.423758,-0.201301,-0.138785,-0.000781,-0.001896,0.000188,-0.495677,MOVE_JOINT
4.108000,0.423753,-0.201302,-0.138788,-0.002376,-0.001658,-0.000762,-0.500543,MOVE_JOINT
4.109000,0.423756,-0.201305,-0.138785,-0.000564,-0.001873,0.000204,-0.506029,MOVE_JOINT
4.110000,0.423751,-0.201307,-0.138787,-0.001427,-0.001827,-0.000157,-0.512006,MOVE_JOINT
4.111000,0.423750,-0.201311,-0.138786,-0.001470,-0.002763,0.000011,-0.518305,MOVE_JOINT
4.112000,0.423751,-0.201312,-0.138785,-0.000606,-0.002561,0.000618,-0.524744,MOVE_JOINT
4.113000,0.423750,-0.201314,-0.138785,-0.000462,-0.002029,0.000391,-0.531138,MOVE_JOINT
4.114000,0.423743,-0.201314,-0.138788,-0.002772,-0.001802,-0.000944,-0.537305,MOVE_JOINT
4.115000,0.423741,-0.201316,-0.138790,-0.002862,-0.001149,-0.001383,-0.543131,MOVE_JOINT
4.116000,0.423741,-0.201318,-0.138787,-0.001852,-0.001311,-0.000304,-0.548633,MOVE_JOINT
4.117000,0.423740,-0.201319,-0.138788,-0.001850,-0.001048,-0.000577,-0.553908,MOVE_JOINT
4.118000,0.423741,-0.201325,-0.138786,-0.002342,-0.002272,-0.000440,-0.559042,MOVE_JOINT
4.119000,0.423739,-0.201325,-0.138787,-0.002940,-0.001420,-0.001341,-0.564087,MOVE_JOINT
4.120000,0.423736,-0.201326,-0.138788,-0.003068,-0.000912,-0.001503,-0.569117,MOVE_JOINT
4.121000,0.423735,-0.201331,-0.138786,-0.002090,-0.001738,-0.000445,-0.574259,MOVE_JOINT
4.122000,0.423738,-0.201334,-0.138784,-0.000694,-0.002288,0.000421,-0.579630,MOVE_JOINT
4.123000,0.423736,-0.201331,-0.138786,-0.000991,-0.000751,-0.000343,-0.585238,MOVE_JOINT
4.124000,0.423731,-0.201333,-0.138787,-0.001520,-0.001130,-0.000398,-0.590971,MOVE_JOINT
4.125000,0.423732,-0.201334,-0.138787,-0.000892,-0.000921,-0.000298,-0.596659,MOVE_JOINT
4.126000,0.423733,-0.201338,-0.138785,-0.000760,-0.001776,0.000146,-0.602140,MOVE_JOINT
4.127000,0.423731,-0.201340,-0.138786,-0.001780,-0.001794,-0.000510,-0.607279,MOVE_JOINT
4.128000,0.423731,-0.201342,-0.138786,-0.001414,-0.001723,-0.000498,-0.611978,MOVE_JOINT
4.129000,0.423733,-0.201343,-0.138783,-0.000020,-0.001149,0.000559,-0.616187,MOVE_JOINT
4.130000,0.423729,-0.201344,-0.138785,-0.001852,-0.001524,-0.000054,-0.619872,MOVE_JOINT
4.131000,0.423728,-0.201348,-0.138785,-0.001492,-0.002417,-0.000074,-0.622962,MOVE_JOINT
4.132000,0.423728,-0.201350,-0.138784,-0.001524,-0.002047,0.000067,-0.625377,MOVE_JOINT
4.133000,0.423728,-0.201351,-0.138783,-0.000851,-0.002278,0.000670,-0.627068,MOVE_JOINT
4.134000,0.423721,-0.201352,-0.138786,-0.003002,-0.001779,-0.000711,-0.628008,MOVE_JOINT
4.135000,0.423726,-0.201353,-0.138784,-0.000766,-0.001887,0.000160,-0.628193,MOVE_JOINT
4.136000,0.423723,-0.201354,-0.138784,-0.001277,-0.001493,0.000031,-0.627668,MOVE_JOINT
4.137000,0.423724,-0.201356,-0.138784,-0.000810,-0.001545,0.000094,-0.626512,MOVE_JOINT
4.138000,0.423725,-0.201356,-0.138783,0.000214,-0.001115,0.000633,-0.624797,MOVE_JOINT
4.139000,0.423718,-0.201356,-0.138786,-0.001758,-0.000822,-0.000739,-0.622578,MOVE_JOINT
4.140000,0.423718,-0.201359,-0.138785,-0.001512,-0.001636,-0.000256,-0.619921,MOVE_JOINT
4.141000,0.423717,-0.201362,-0.138785,-0.001511,-0.001920,-0.000119,-0.616949,MOVE_JOINT
4.142000,0.423716,-0.201361,-0.138785,-0.000845,-0.000694,0.000068,-0.613816,MOVE_JOINT
4.143000,0.423718,-0.201364,-0.138783,-0.000124,-0.001498,0.000544,-0.610646,MOVE_JOINT
4.144000,0.423718,-0.201365,-0.138783,0.000173,-0.000945,0.000342,-0.607491,MOVE_JOINT
4.145000,0.423717,-0.201367,-0.138782,-0.000378,-0.001635,0.000420,-0.604339,MOVE_JOINT
4.146000,0.423715,-0.201370,-0.138782,-0.000757,-0.002080,0.000610,-0.601152,MOVE_JOINT
4.147000,0.423716,-0.201371,-0.138781,-0.000857,-0.001841,0.000297,-0.597879,MOVE_JOINT
4.148000,0.423715,-0.201373,-0.138781,-0.001617,-0.001342,-0.000110,-0.594475,MOVE_JOINT
4.149000,0.423715,-0.201375,-0.138780,-0.001434,-0.002089,-0.000075,-0.590923,MOVE_JOINT
4.150000,0.423715,-0.201376,-0.138780,-0.001734,-0.001229,-0.000261,-0.587255,MOVE_JOINT
4.151000,0.423712,-0.201377,-0.138781,-0.002303,-0.001474,-0.000674,-0.583548,MOVE_JOINT
4.152000,0.423713,-0.201377,-0.138780,-0.001085,-0.000893,0.000153,-0.579898,MOVE_JOINT
4.153000,0.423712,-0.201380,-0.138780,-0.000384,-0.001343,0.000381,-0.576378,MOVE_JOINT
4.154000,0.423709,-0.201382,-0.138781,-0.000780,-0.001267,-0.000046,-0.572996,MOVE_JOINT
4.155000,0.423708,-0.201382,-0.138781,-0.000593,-0.001508,0.000394,-0.569709,MOVE_JOINT
4.156000,0.423710,-0.201385,-0.138779,0.000538,-0.001561,0.000793,-0.566453,MOVE_JOINT
4.157000,0.423711,-0.201383,-0.138779,0.000957,-0.000206,0.000504,-0.563147,MOVE_JOINT
4.158000,0.423711,-0.201385,-0.138778,0.000607,-0.000659,0.000674,-0.559691,MOVE_JOINT
4.159000,0.423708,-0.201386,-0.138779,-0.000617,-0.000134,0.000084,-0.555983,MOVE_JOINT
4.160000,0.423711,-0.201390,-0.138776,0.000292,-0.001824,0.000981,-0.551935,MOVE_JOINT
4.161000,0.423711,-0.201391,-0.138776,-0.000517,-0.001699,0.000577,-0.547484,MOVE_JOINT
4.162000,0.423709,-0.201392,-0.138776,-0.000960,-0.001379,0.000253,-0.542588,MOVE_JOINT
4.163000,0.423712,-0.201392,-0.138776,0.000242,-0.000886,0.000442,-0.537252,MOVE_JOINT
4.164000,0.423710,-0.201392,-0.138776,0.000286,-0.000444,0.000409,-0.531525,MOVE_JOINT
4.165000,0.423708,-0.201394,-0.138777,-0.000156,-0.000058,-0.000121,-0.525494,MOVE_JOINT
4.166000,0.423705,-0.201398,-0.138776,-0.001087,-0.001258,0.000115,-0.519274,MOVE_JOINT
4.167000,0.423705,-0.201398,-0.138776,-0.000460,-0.001170,0.000341,-0.512997,MOVE_JOINT
4.168000,0.423703,-0.201398,-0.138777,-0.000706,-0.000562,-0.000030,-0.506800,MOVE_JOINT
4.169000,0.423705,-0.201402,-0.138774,0.000177,-0.001567,0.000830,-0.500806,MOVE_JOINT
4.170000,0.423702,-0.201402,-0.138776,-0.001646,-0.001591,0.000014,-0.495106,MOVE_JOINT
4.171000,0.423702,-0.201401,-0.138776,-0.000573,-0.000818,0.000118,-0.489762,MOVE_JOINT
4.172000,0.423702,-0.201406,-0.138774,-0.000901,-0.001878,0.000449,-0.484821,MOVE_JOINT
4.173000,0.423700,-0.201404,-0.138776,-0.001272,-0.000653,-0.000222,-0.480324,MOVE_JOINT
4.174000,0.423700,-0.201403,-0.138776,-0.001062,-0.000642,-0.000258,-0.476318,MOVE_JOINT
4.175000,0.423700,-0.201408,-0.138775,-0.000250,-0.001766,0.000251,-0.472867,MOVE_JOINT
4.176000,0.423696,-0.201408,-0.138776,-0.001415,-0.001209,-0.000302,-0.470055,MOVE_JOINT
4.177000,0.423697,-0.201411,-0.138775,-0.001455,-0.001792,0.000211,-0.467964,MOVE_JOINT
4.178000,0.423696,-0.201411,-0.138775,-0.001254,-0.000834,-0.000018,-0.466648,MOVE_JOINT
4.179000,0.423698,-0.201411,-0.138774,0.000066,-0.000664,0.000512,-0.466102,MOVE_JOINT
4.180000,0.423695,-0.201408,-0.138777,-0.000418,0.000450,-0.000379,-0.466258,MOVE_JOINT
4.181000,0.423693,-0.201414,-0.138777,-0.000998,-0.001301,-0.000456,-0.467040,MOVE_JOINT
4.182000,0.423694,-0.201412,-0.138776,-0.000526,-0.000552,-0.000230,-0.468415,MOVE_JOINT
4.183000,0.423694,-0.201415,-0.138775,-0.000408,-0.001022,0.000193,-0.470402,MOVE_JOINT
4.184000,0.423692,-0.201415,-0.138777,-0.000937,-0.000705,-0.000112,-0.473012,MOVE_JOINT
4.185000,0.423690,-0.201416,-0.138777,-0.000509,-0.000329,-0.000124,-0.476205,MOVE_JOINT
4.186000,0.423691,-0.201416,-0.138777,-0.000928,-0.000195,-0.000288,-0.479896,MOVE_JOINT
4.187000,0.423689,-0.201417,-0.138777,-0.001806,-0.000862,-0.000455,-0.483996,MOVE_JOINT
4.188000,0.423690,-0.201421,-0.138776,-0.000268,-0.001625,0.000263,-0.488434,MOVE_JOINT
4.189000,0.423687,-0.201419,-0.138777,-0.001938,-0.000369,-0.000766,-0.493162,MOVE_JOINT
4.190000,0.423689,-0.201421,-0.138775,-0.001004,-0.000640,0.000046,-0.498150,MOVE_JOINT
4.191000,0.423688,-0.201423,-0.138776,-0.001556,-0.001060,-0.000532,-0.503373,MOVE_JOINT
4.192000,0.423688,-0.201423,-0.138775,-0.001040,-0.000704,-0.000112,-0.508805,MOVE_JOINT
4.193000,0.423689,-0.201422,-0.138775,-0.000448,-0.000130,0.000020,-0.514422,MOVE_JOINT
4.194000,0.423689,-0.201424,-0.138775,-0.000354,-0.000936,0.000327,-0.520184,MOVE_JOINT
4.195000,0.423688,-0.201423,-0.138775,-0.000297,-0.000644,0.000012,-0.526024,MOVE_JOINT
4.196000,0.423684,-0.201425,-0.138777,-0.001848,-0.000585,-0.000837,-0.531872,MOVE_JOINT
4.197000,0.423685,-0.201425,-0.138777,-0.000446,-0.000494,-0.000143,-0.537710,MOVE_JOINT
4.198000,0.423683,-0.201427,-0.138776,-0.000951,-0.000968,-0.000017,-0.543576,MOVE_JOINT
4.199000,0.423682,-0.201429,-0.138776,-0.000411,-0.000684,0.000163,-0.549511,MOVE_JOINT
4.200000,0.423680,-0.201430,-0.138776,-0.001648,-0.000403,-0.000747,-0.555514,MOVE_JOINT
4.201000,0.423679,-0.201430,-0.138777,-0.000911,-0.000633,-0.000249,-0.561564,MOVE_JOINT
4.202000,0.423683,-0.201429,-0.138776,0.000354,-0.000367,0.000224,-0.567639,MOVE_JOINT
4.203000,0.423678,-0.201428,-0.138779,-0.000949,0.000485,-0.000867,-0.573714,MOVE_JOINT
4.204000,0.423677,-0.201431,-0.138778,-0.000905,-0.000923,-0.000144,-0.579753,MOVE_JOINT
4.205000,0.423678,-0.201432,-0.138776,-0.000353,-0.001026,0.000385,-0.585723,MOVE_JOINT
4.206000,0.423680,-0.201433,-0.138776,-0.000224,-0.000854,-0.000050,-0.591573,MOVE_JOINT
4.207000,0.423678,-0.201433,-0.138777,-0.000651,-0.000482,-0.000084,-0.597221,MOVE_JOINT
4.208000,0.423677,-0.201435,-0.138776,-0.000480,-0.001437,0.000371,-0.602583,MOVE_JOINT
4.209000,0.423679,-0.201433,-0.138776,0.000543,-0.000276,0.000304,-0.607579,MOVE_JOINT
4.210000,0.423677,-0.201433,-0.138777,-0.000138,-0.000062,0.000093,-0.612125,MOVE_JOINT
4.211000,0.423676,-0.201434,-0.138777,-0.000675,-0.000258,-0.000070,-0.616138,MOVE_JOINT
4.212000,0.423681,-0.201436,-0.138773,0.001050,-0.001044,0.001251,-0.619549,MOVE_JOINT
4.213000,0.423678,-0.201437,-0.138775,0.000439,-0.000732,0.000540,-0.622276,MOVE_JOINT
4.214000,0.423676,-0.201437,-0.138775,-0.000536,-0.000652,0.000297,-0.624222,MOVE_JOINT
4.215000,0.423676,-0.201437,-0.138775,-0.000836,-0.000257,-0.000213,-0.625312,MOVE_JOINT
4.216000,0.423679,-0.201436,-0.138774,0.000039,0.000665,0.000012,-0.625545,MOVE_JOINT
4.217000,0.423678,-0.201440,-0.138772,0.000703,-0.000670,0.000813,-0.624987,MOVE_JOINT
4.218000,0.423678,-0.201440,-0.138773,0.000487,-0.000615,0.000271,-0.623731,MOVE_JOINT
4.219000,0.423679,-0.201439,-0.138773,0.001553,-0.000010,0.000733,-0.621864,MOVE_JOINT
4.220000,0.423678,-0.201440,-0.138772,0.000966,-0.000495,0.000637,-0.619471,MOVE_JOINT
4.221000,0.423674,-0.201440,-0.138774,-0.000069,-0.000353,-0.000014,-0.616634,MOVE_JOINT
4.222000,0.423674,-0.201440,-0.138774,-0.000625,0.000219,-0.000250,-0.613442,MOVE_JOINT
4.223000,0.423677,-0.201446,-0.138770,0.000995,-0.001757,0.001311,-0.609997,MOVE_JOINT
4.224000,0.423675,-0.201443,-0.138773,0.000507,-0.000379,0.000355,-0.606385,MOVE_JOINT
4.225000,0.423679,-0.201444,-0.138769,0.000632,-0.000883,0.000883,-0.602640,MOVE_JOINT
4.226000,0.423673,-0.201444,-0.138772,-0.001892,-0.000269,-0.000555,-0.598764,MOVE_JOINT
4.227000,0.423679,-0.201444,-0.138769,0.000835,-0.000812,0.000979,-0.594771,MOVE_JOINT
4.228000,0.423674,-0.201443,-0.138772,-0.000527,-0.000285,-0.000205,-0.590693,MOVE_JOINT
4.229000,0.423676,-0.201445,-0.138770,0.000666,-0.000431,0.000490,-0.586579,MOVE_JOINT
4.230000,0.423676,-0.201444,-0.138770,0.000805,-0.000389,0.000797,-0.582486,MOVE_JOINT
4.231000,0.423674,-0.201443,-0.138771,-0.000652,-0.000210,-0.000035,-0.578459,MOVE_JOINT
4.232000,0.423676,-0.201445,-0.138769,0.000162,-0.000677,0.000521,-0.574522,MOVE_JOINT
4.233000,0.423673,-0.201445,-0.138769,-0.000916,-0.000084,-0.000014,-0.570693,MOVE_JOINT
4.234000,0.423672,-0.201446,-0.138771,-0.001160,-0.000251,-0.000687,-0.566998,MOVE_JOINT
4.235000,0.423674,-0.201448,-0.138769,0.000237,-0.000582,0.000443,-0.563498,MOVE_JOINT
4.236000,0.423676,-0.201446,-0.138768,0.000705,0.000125,0.000665,-0.560271,MOVE_JOINT
4.237000,0.423672,-0.201447,-0.138770,-0.001326,-0.000370,-0.000389,-0.557350,MOVE_JOINT
4.238000,0.423674,-0.201445,-0.138770,-0.000784,0.000361,-0.000317,-0.554709,MOVE_JOINT
4.239000,0.423673,-0.201446,-0.138770,-0.000314,0.000288,-0.000194,-0.552324,MOVE_JOINT
4.240000,0.423672,-0.201448,-0.138770,-0.000141,-0.000489,0.000209,-0.550199,MOVE_JOINT
4.241000,0.423675,-0.201446,-0.138768,0.000638,0.000542,0.000611,-0.548329,MOVE_JOINT
4.242000,0.423677,-0.201448,-0.138767,0.000780,-0.000281,0.000557,-0.546660,MOVE_JOINT
4.243000,0.423675,-0.201448,-0.138768,-0.000121,-0.000072,0.000046,-0.545088,MOVE_JOINT
4.244000,0.423675,-0.201448,-0.138768,-0.000184,0.000119,0.000072,-0.543505,MOVE_JOINT
4.245000,0.423674,-0.201449,-0.138768,-0.000437,-0.000115,0.000026,-0.541846,MOVE_JOINT
4.246000,0.423669,-0.201450,-0.138769,-0.001935,-0.000409,-0.000351,-0.540088,MOVE_JOINT
4.247000,0.423675,-0.201449,-0.138767,0.000941,0.000242,0.000685,-0.538236,MOVE_JOINT
4.248000,0.423678,-0.201450,-0.138765,0.002319,0.000302,0.001244,-0.536286,MOVE_JOINT
4.249000,0.423674,-0.201452,-0.138767,0.000597,-0.000723,0.000561,-0.534187,MOVE_JOINT
4.250000,0.423672,-0.201451,-0.138768,0.000584,-0.000049,0.000257,-0.531862,MOVE_JOINT
4.251000,0.423672,-0.201450,-0.138768,0.000751,0.000328,0.000383,-0.529275,MOVE_JOINT
4.252000,0.423671,-0.201450,-0.138768,0.000216,0.000236,0.000228,-0.526452,MOVE_JOINT
4.253000,0.423669,-0.201451,-0.138769,0.000032,0.000004,0.000105,-0.523458,MOVE_JOINT
4.254000,0.423670,-0.201452,-0.138769,0.000811,-0.000227,0.000231,-0.520380,MOVE_JOINT
4.255000,0.423665,-0.201453,-0.138770,-0.001011,-0.000215,-0.000247,-0.517332,MOVE_JOINT
4.256000,0.423671,-0.201452,-0.138767,0.001029,0.000301,0.000818,-0.514434,MOVE_JOINT
4.257000,0.423668,-0.201452,-0.138768,-0.000616,0.000176,0.000119,-0.511765,TARE
4.258000,0.423666,-0.201452,-0.138769,-0.000904,0.000076,-0.000368,-0.509338,TARE
4.259000,0.423670,-0.201453,-0.138768,-0.000008,-0.000086,-0.000140,-0.507148,TARE
4.260000,0.423670,-0.201454,-0.138767,0.000726,-0.000455,0.000543,-0.505224,TARE
4.261000,0.423670,-0.201452,-0.138768,0.000213,0.000402,-0.000138,-0.503625,TARE
4.262000,0.423669,-0.201454,-0.138767,-0.000111,-0.000055,0.000236,-0.502401,TARE
4.263000,0.423668,-0.201452,-0.138768,-0.000233,0.000520,-0.000087,-0.501579,TARE
4.264000,0.423667,-0.201455,-0.138767,0.000422,-0.000422,0.000312,-0.501160,TARE
4.265000,0.423665,-0.201455,-0.138769,-0.000201,-0.000242,-0.000230,-0.501131,TARE
4.266000,0.423665,-0.201455,-0.138768,-0.000399,-0.000365,0.000261,-0.501489,TARE
4.267000,0.423666,-0.201455,-0.138768,-0.000410,-0.000350,0.000112,-0.502236,TARE
4.268000,0.423667,-0.201455,-0.138767,0.000072,0.000072,0.000088,-0.503350,TARE
4.269000,0.423669,-0.201455,-0.138766,0.000094,-0.000461,0.000474,-0.504785,TARE
4.270000,0.423668,-0.201456,-0.138766,0.000004,-0.000770,0.000294,-0.506475,TARE
4.271000,0.423670,-0.201457,-0.138766,0.000602,-0.000530,0.000302,-0.508352,TARE
4.272000,0.423664,-0.201456,-0.138768,-0.000368,0.000593,-0.000414,-0.510356,TARE
4.273000,0.423664,-0.201455,-0.138768,-0.000385,0.000578,-0.000344,-0.512466,TARE
4.274000,0.423667,-0.201459,-0.138766,0.000003,-0.000855,0.000232,-0.514699,TARE
4.275000,0.423666,-0.201458,-0.138767,0.000281,-0.000605,0.000243,-0.517080,TARE
4.276000,0.423663,-0.201455,-0.138769,-0.000606,0.000271,-0.000374,-0.519617,TARE
4.277000,0.423664,-0.201459,-0.138768,-0.000431,-0.001001,-0.000106,-0.522303,TARE
4.278000,0.423661,-0.201457,-0.138769,-0.000583,-0.000006,-0.000242,-0.525140,TARE
4.279000,0.423663,-0.201459,-0.138768,0.000057,-0.000465,0.000031,-0.528131,TARE
4.280000,0.423664,-0.201457,-0.138767,0.000442,0.000490,0.000197,-0.531264,TARE
4.281000,0.423661,-0.201461,-0.138768,-0.001122,-0.000679,-0.000358,-0.534489,TARE
4.282000,0.423666,-0.201458,-0.138766,0.000077,0.000340,-0.000128,-0.537753,TARE
4.283000,0.423664,-0.201460,-0.138767,0.000192,0.000352,-0.000176,-0.541023,TARE
4.284000,0.423663,-0.201461,-0.138766,0.000027,0.000270,0.000050,-0.544300,TARE
4.285000,0.423660,-0.201460,-0.138768,-0.000645,0.000416,-0.000487,-0.547582,TARE
4.286000,0.423664,-0.201457,-0.138767,0.001003,0.001434,0.000203,-0.550850,TARE
4.287000,0.423657,-0.201459,-0.138769,-0.000892,0.000458,-0.000445,-0.554065,TARE
4.288000,0.423661,-0.201461,-0.138766,0.000430,0.000022,0.000379,-0.557168,TARE
4.289000,0.423661,-0.201458,-0.138768,0.000013,0.000949,-0.000305,-0.560095,TARE
4.290000,0.423662,-0.201463,-0.138765,0.001053,-0.001178,0.000978,-0.562786,TARE
4.291000,0.423658,-0.201460,-0.138768,-0.000413,0.000262,-0.000286,-0.565184,TARE
4.292000,0.423660,-0.201464,-0.138766,0.000502,-0.001187,0.000409,-0.567242,TARE
4.293000,0.423658,-0.201463,-0.138766,0.000197,-0.000364,0.000331,-0.568938,TARE
4.294000,0.423660,-0.201465,-0.138765,0.001875,-0.000559,0.001196,-0.570260,TARE
4.295000,0.423659,-0.201466,-0.138765,0.001183,-0.001191,0.001145,-0.571170,TARE
4.296000,0.423658,-0.201463,-0.138766,0.001284,-0.000500,0.000876,-0.571573,TARE
4.297000,0.423656,-0.201465,-0.138766,0.000194,-0.000556,0.000378,-0.571354,TARE
4.298000,0.423659,-0.201466,-0.138765,0.001286,-0.000008,0.000846,-0.570429,TARE
4.299000,0.423656,-0.201465,-0.138766,0.000213,0.000191,0.000324,-0.568765,TARE
4.300000,0.423656,-0.201467,-0.138765,0.000127,-0.001009,0.000430,-0.566375,TARE
4.301000,0.423653,-0.201465,-0.138767,-0.000124,-0.000095,0.000159,-0.563312,TARE
4.302000,0.423660,-0.201465,-0.138764,0.002029,-0.000324,0.001229,-0.559673,TARE
4.303000,0.423658,-0.201464,-0.138765,0.000456,-0.000633,0.000718,-0.555559,TARE
4.304000,0.423657,-0.201466,-0.138765,0.000815,-0.000766,0.000660,-0.551050,TARE
4.305000,0.423657,-0.201464,-0.138766,0.000596,0.000576,-0.000059,-0.546216,TARE
4.306000,0.423657,-0.201469,-0.138763,0.000603,-0.001323,0.000780,-0.541159,TARE
4.307000,0.423657,-0.201468,-0.138763,0.000766,-0.001136,0.000940,-0.536010,TARE
4.308000,0.423657,-0.201467,-0.138764,0.000586,-0.000566,0.000444,-0.530882,TARE
4.309000,0.423657,-0.201464,-0.138764,0.001193,0.000631,0.000707,-0.525848,TARE
4.310000,0.423656,-0.201465,-0.138765,0.001018,0.000505,0.000385,-0.520952,TARE
4.311000,0.423657,-0.201464,-0.138765,-0.000280,0.000984,-0.000202,-0.516222,TARE
4.312000,0.423655,-0.201466,-0.138764,-0.000797,0.000021,0.000009,-0.511698,TARE
4.313000,0.423659,-0.201467,-0.138762,0.000241,-0.000442,0.000487,-0.507433,TARE
4.314000,0.423661,-0.201464,-0.138762,0.000836,0.000466,0.000426,-0.503471,TARE
4.315000,0.423657,-0.201466,-0.138763,-0.000536,0.000205,-0.000182,-0.499825,TARE
4.316000,0.423657,-0.201466,-0.138764,-0.000328,0.000061,-0.000186,-0.496507,TARE
4.317000,0.423656,-0.201467,-0.138764,-0.000497,-0.000343,-0.000144,-0.493566,TARE
4.318000,0.423656,-0.201468,-0.138764,-0.000706,-0.000277,-0.000446,-0.491089,TARE
4.319000,0.423660,-0.201467,-0.138762,0.000594,0.000106,0.000388,-0.489181,TARE
4.320000,0.423654,-0.201466,-0.138766,-0.001223,0.000190,-0.000883,-0.487926,TARE
4.321000,0.423660,-0.201464,-0.138763,0.000998,0.000777,0.000195,-0.487376,TARE
4.322000,0.423658,-0.201467,-0.138763,0.000657,-0.000604,0.000332,-0.487546,TARE
4.323000,0.423656,-0.201467,-0.138765,-0.000079,-0.000270,-0.000311,-0.488411,TARE
4.324000,0.423658,-0.201469,-0.138762,0.000436,-0.000579,0.000450,-0.489914,TARE
4.325000,0.423662,-0.201470,-0.138759,0.001318,-0.001133,0.001467,-0.491967,TARE
4.326000,0.423661,-0.201469,-0.138760,-0.000022,-0.000370,0.000201,-0.494416,TARE
4.327000,0.423657,-0.201469,-0.138762,-0.001300,-0.000501,-0.000092,-0.497045,TARE
4.328000,0.423656,-0.201466,-0.138763,-0.000778,0.000948,-0.000442,-0.499660,TARE
4.329000,0.423659,-0.201469,-0.138762,0.000388,-0.000449,0.000052,-0.502148,TARE
4.330000,0.423654,-0.201470,-0.138763,-0.000935,-0.000606,-0.000338,-0.504485,TARE
4.331000,0.423657,-0.201471,-0.138761,-0.000562,-0.000422,-0.000031,-0.506720,TARE
4.332000,0.423656,-0.201471,-0.138761,-0.000351,-0.000219,0.000068,-0.508931,TARE
4.333000,0.423653,-0.201470,-0.138762,-0.000830,-0.000327,-0.000060,-0.511178,TARE
4.334000,0.423653,-0.201470,-0.138762,-0.000943,-0.000309,-0.000214,-0.513472,TARE
4.335000,0.423653,-0.201469,-0.138763,-0.001006,0.000472,-0.000610,-0.515799,TARE
4.336000,0.423656,-0.201472,-0.138760,0.000409,-0.000599,0.000345,-0.518141,TARE
4.337000,0.423652,-0.201472,-0.138763,-0.001276,0.000028,-0.000875,-0.520491,TARE
4.338000,0.423653,-0.201472,-0.138762,-0.000539,0.000201,-0.000335,-0.522858,TARE
4.339000,0.423651,-0.201472,-0.138763,-0.000667,-0.000014,-0.000340,-0.525284,TARE
4.340000,0.423653,-0.201473,-0.138761,-0.000212,0.000262,-0.000180,-0.527811,TARE
4.341000,0.423651,-0.201474,-0.138763,-0.000649,-0.000031,-0.000796,-0.530465,TARE
4.342000,0.423650,-0.201475,-0.138763,-0.000405,-0.000628,-0.000388,-0.533270,TARE
4.343000,0.423649,-0.201477,-0.138762,-0.000458,-0.000777,-0.000061,-0.536276,TARE
4.344000,0.423651,-0.201473,-0.138762,0.000739,0.000632,0.000050,-0.539522,TARE
4.345000,0.423648,-0.201475,-0.138762,-0.000026,0.000049,-0.000074,-0.542993,TARE
4.346000,0.423646,-0.201475,-0.138764,-0.001416,-0.000364,-0.000740,-0.546621,TARE
4.347000,0.423651,-0.201477,-0.138761,0.000325,-0.001342,0.000516,-0.550333,TARE
4.348000,0.423649,-0.201474,-0.138762,-0.000550,-0.000166,-0.000183,-0.554063,TARE
4.349000,0.423650,-0.201473,-0.138762,-0.000155,-0.000003,-0.000033,-0.557741,TARE
4.350000,0.423653,-0.201474,-0.138760,0.000704,-0.000253,0.000437,-0.561285,TARE
4.351000,0.423650,-0.201477,-0.138761,-0.000247,-0.000356,0.000074,-0.564606,TARE
4.352000,0.423651,-0.201473,-0.138761,0.000270,0.000545,0.000285,-0.567608,TARE
4.353000,0.423650,-0.201473,-0.138762,-0.000333,0.000467,-0.000011,-0.570193,TARE
4.354000,0.423653,-0.201473,-0.138760,0.000811,0.000437,0.000360,-0.572272,TARE
4.355000,0.423648,-0.201477,-0.138762,-0.000312,-0.000869,0.000121,-0.573779,TARE
4.356000,0.423649,-0.201475,-0.138760,0.000448,0.000131,0.000604,-0.574682,TARE
4.357000,0.423650,-0.201476,-0.138760,-0.000307,-0.000526,0.000258,-0.574973,TARE
4.358000,0.423651,-0.201473,-0.138761,0.000051,0.000401,0.000038,-0.574651,TARE
4.359000,0.423650,-0.201475,-0.138761,0.000265,-0.000228,0.000438,-0.573734,TARE
4.360000,0.423653,-0.201473,-0.138759,0.002145,0.000645,0.000962,-0.572259,TARE
4.361000,0.423654,-0.201474,-0.138759,0.001534,0.000187,0.000567,-0.570257,TARE
4.362000,0.423655,-0.201475,-0.138758,0.000916,-0.000575,0.000917,-0.567740,TARE
4.363000,0.423654,-0.201474,-0.138759,0.000105,-0.000069,0.000141,-0.564722,TARE
4.364000,0.423650,-0.201475,-0.138760,-0.001154,-0.000288,-0.000278,-0.561255,TARE
4.365000,0.423650,-0.201476,-0.138760,-0.001241,-0.000483,-0.000355,-0.557457,TARE
4.366000,0.423653,-0.201478,-0.138759,-0.000669,-0.000645,-0.000193,-0.553524,TARE
4.367000,0.423652,-0.201476,-0.138759,-0.001052,-0.000409,-0.000186,-0.549699,TARE
4.368000,0.423650,-0.201473,-0.138760,-0.000950,0.000910,-0.000391,-0.546213,TARE
4.369000,0.423653,-0.201475,-0.138758,0.000400,0.000271,0.000538,-0.543225,TARE
4.370000,0.423653,-0.201477,-0.138758,0.000077,-0.000268,0.000182,-0.540797,TARE
4.371000,0.423650,-0.201478,-0.138759,-0.000650,-0.001031,0.000097,-0.538907,TARE
4.372000,0.423653,-0.201475,-0.138758,0.000225,0.000427,0.000253,-0.537500,TARE
4.373000,0.423650,-0.201475,-0.138759,-0.000527,-0.000004,-0.000072,-0.536516,TARE
4.374000,0.423652,-0.201478,-0.138756,0.000739,-0.000976,0.001137,-0.535875,TARE
4.375000,0.423647,-0.201477,-0.138760,-0.000759,-0.000737,-0.000143,-0.535465,TARE
4.376000,0.423652,-0.201478,-0.138758,0.000268,-0.000741,0.000106,-0.535168,TARE
4.377000,0.423651,-0.201479,-0.138757,-0.000622,-0.000880,0.000176,-0.534914,TARE
4.378000,0.423649,-0.201477,-0.138759,-0.000555,-0.000583,-0.000037,-0.534697,TARE
4.379000,0.423650,-0.201477,-0.138758,-0.000591,-0.000676,0.000299,-0.534531,TARE
4.380000,0.423647,-0.201477,-0.138760,-0.001231,-0.000540,-0.000227,-0.534416,TARE
4.381000,0.423652,-0.201480,-0.138757,0.001315,-0.001159,0.001017,-0.534327,TARE
4.382000,0.423648,-0.201478,-0.138759,0.000915,-0.000292,0.000593,-0.534211,TARE
4.383000,0.423650,-0.201478,-0.138759,0.000358,0.000217,-0.000183,-0.533996,TARE
4.384000,0.423652,-0.201480,-0.138757,0.001025,-0.000721,0.000763,-0.533632,TARE
4.385000,0.423653,-0.201479,-0.138755,0.001428,-0.000132,0.000888,-0.533095,TARE
4.386000,0.423650,-0.201481,-0.138757,0.000069,-0.000952,0.000090,-0.532353,TARE
4.387000,0.423649,-0.201477,-0.138759,-0.000834,0.000578,-0.000822,-0.531382,TARE
4.388000,0.423645,-0.201479,-0.138759,-0.001533,-0.000152,-0.000510,-0.530230,TARE
4.389000,0.423647,-0.201480,-0.138759,-0.000913,-0.000619,-0.000494,-0.529037,TARE
4.390000,0.423646,-0.201481,-0.138758,-0.000887,-0.000803,-0.000367,-0.527977,TARE
4.391000,0.423650,-0.201480,-0.138757,-0.000115,-0.000032,-0.000216,-0.527217,TARE
4.392000,0.423647,-0.201481,-0.138758,-0.001515,-0.000592,-0.000607,-0.526894,TARE
4.393000,0.423653,-0.201481,-0.138754,0.000832,-0.000994,0.000842,-0.527086,TARE
4.394000,0.423651,-0.201481,-0.138755,-0.000400,-0.000782,0.000223,-0.527788,TARE
4.395000,0.423655,-0.201481,-0.138752,0.001409,-0.001065,0.001362,-0.528892,TARE
4.396000,0.423652,-0.201482,-0.138755,0.000480,-0.001097,0.000293,-0.530192,TARE
4.397000,0.423648,-0.201481,-0.138756,-0.000557,-0.000544,-0.000050,-0.531460,TARE
4.398000,0.423649,-0.201480,-0.138756,0.000308,-0.000290,0.000456,-0.532521,TARE
4.399000,0.423655,-0.201482,-0.138753,0.002704,-0.000855,0.001425,-0.533272,TARE
4.400000,0.423651,-0.201480,-0.138755,-0.000124,0.000071,-0.000283,-0.533632,TARE
4.401000,0.423657,-0.201478,-0.138753,0.001570,0.000544,0.000279,-0.533549,TARE
4.402000,0.423652,-0.201480,-0.138754,0.000061,-0.000097,0.000068,-0.533043,TARE
4.403000,0.423653,-0.201481,-0.138754,-0.000377,-0.000173,-0.000357,-0.532204,TARE
4.404000,0.423654,-0.201481,-0.138753,0.000362,0.000116,0.000192,-0.531160,TARE
4.405000,0.423655,-0.201478,-0.138753,0.000662,0.001390,0.000020,-0.530042,TARE
4.406000,0.423654,-0.201480,-0.138753,0.000916,0.000688,0.000160,-0.528940,TARE
4.407000,0.423653,-0.201482,-0.138753,0.000307,0.000045,0.000217,-0.527888,TARE
4.408000,0.423654,-0.201482,-0.138751,-0.000210,0.000138,0.000042,-0.526885,TARE
4.409000,0.423652,-0.201481,-0.138753,-0.001011,0.000481,-0.000757,-0.525927,TARE
4.410000,0.423656,-0.201484,-0.138751,-0.000011,-0.000870,0.000063,-0.525038,TARE
4.411000,0.423659,-0.201482,-0.138749,0.000943,0.000113,0.000658,-0.524281,TARE
4.412000,0.423657,-0.201481,-0.138750,0.000307,0.000074,0.000400,-0.523697,TARE
4.413000,0.423654,-0.201484,-0.138751,-0.000498,-0.000852,0.000020,-0.523260,TARE
4.414000,0.423654,-0.201483,-0.138751,0.000261,-0.000240,0.000305,-0.522900,TARE
4.415000,0.423652,-0.201483,-0.138753,0.000072,0.000033,-0.000469,-0.522567,TARE
4.416000,0.423651,-0.201481,-0.138753,0.000438,0.000922,-0.000050,-0.522259,TARE
4.417000,0.423652,-0.201482,-0.138752,0.000506,0.000407,0.000176,-0.522025,TARE
4.418000,0.423652,-0.201483,-0.138752,0.000318,-0.000296,0.000414,-0.521914,TARE
4.419000,0.423651,-0.201485,-0.138752,-0.000748,-0.001479,0.000232,-0.521939,TARE
4.420000,0.423650,-0.201485,-0.138752,-0.001422,-0.001408,0.000137,-0.522091,TARE
4.421000,0.423653,-0.201485,-0.138750,-0.001018,-0.000901,0.000106,-0.522361,TARE
4.422000,0.423649,-0.201484,-0.138753,-0.002160,-0.000169,-0.000686,-0.522756,TARE
4.423000,0.423654,-0.201486,-0.138750,-0.000695,0.000013,-0.000013,-0.523307,TARE
4.424000,0.423651,-0.201487,-0.138751,-0.001956,-0.000012,-0.000688,-0.524073,TARE
4.425000,0.423652,-0.201486,-0.138750,-0.001015,-0.000042,-0.000359,-0.525126,TARE
4.426000,0.423652,-0.201485,-0.138750,-0.000615,0.000063,-0.000083,-0.526536,TARE
4.427000,0.423655,-0.201484,-0.138750,0.000385,0.000420,0.000180,-0.528349,TARE
4.428000,0.423651,-0.201486,-0.138750,0.000021,-0.000517,0.000216,-0.530543,TARE
4.429000,0.423651,-0.201484,-0.138750,0.000216,0.000323,0.000238,-0.533032,TARE
4.430000,0.423652,-0.201485,-0.138750,0.000603,0.000117,0.000242,-0.535685,TARE
4.431000,0.423651,-0.201485,-0.138750,0.000696,0.000107,0.000436,-0.538358,TARE
4.432000,0.423650,-0.201486,-0.138751,-0.000119,-0.000073,0.000198,-0.540915,TARE
4.433000,0.423653,-0.201485,-0.138750,0.000883,0.000212,0.000545,-0.543243,TARE
4.434000,0.423651,-0.201484,-0.138752,0.000256,0.000980,-0.000261,-0.545262,TARE
4.435000,0.423652,-0.201486,-0.138751,0.000009,0.000100,-0.000024,-0.546936,TARE
4.436000,0.423652,-0.201486,-0.138749,0.000391,0.000095,0.000733,-0.548284,TARE
4.437000,0.423649,-0.201486,-0.138752,-0.000354,0.000457,-0.000656,-0.549350,TARE
4.438000,0.423650,-0.201486,-0.138751,0.000407,0.000467,0.000045,-0.550186,TARE
4.439000,0.423652,-0.201485,-0.138749,0.000967,0.000760,0.000552,-0.550869,TARE
4.440000,0.423650,-0.201484,-0.138751,-0.000004,0.000727,0.000004,-0.551473,TARE
4.441000,0.423648,-0.201486,-0.138750,-0.000716,-0.000761,0.000301,-0.552020,TARE
4.442000,0.423651,-0.201487,-0.138750,0.000105,-0.000691,0.000441,-0.552497,TARE
4.443000,0.423652,-0.201486,-0.138750,0.000291,-0.000418,0.000174,-0.552874,TARE
4.444000,0.423653,-0.201486,-0.138749,0.000444,0.000242,0.000134,-0.553139,TARE
4.445000,0.423654,-0.201487,-0.138748,0.000504,-0.000139,0.000549,-0.553300,TARE
4.446000,0.423653,-0.201486,-0.138750,0.000475,-0.000140,0.000012,-0.553375,TARE
4.447000,0.423652,-0.201486,-0.138749,0.000024,-0.000472,0.000287,-0.553375,TARE
4.448000,0.423653,-0.201485,-0.138749,0.001169,0.000004,0.000519,-0.553317,TARE
4.449000,0.423653,-0.201487,-0.138748,0.000849,-0.000846,0.000706,-0.553215,TARE
4.450000,0.423654,-0.201487,-0.138748,0.000497,-0.000807,0.000412,-0.553058,TARE
4.451000,0.423653,-0.201486,-0.138748,0.000483,-0.000888,0.000588,-0.552830,TARE
4.452000,0.423654,-0.201488,-0.138748,0.000630,-0.001031,0.000435,-0.552523,TARE
4.453000,0.423653,-0.201485,-0.138749,0.000134,0.000609,-0.000344,-0.552152,TARE
4.454000,0.423648,-0.201485,-0.138751,-0.001936,0.000412,-0.001059,-0.551774,TARE
4.455000,0.423655,-0.201485,-0.138748,0.000995,0.000354,0.000173,-0.551502,TARE
4.456000,0.423654,-0.201485,-0.138748,-0.000127,0.000162,-0.000071,-0.551473,TARE
4.457000,0.423654,-0.201488,-0.138747,0.000051,-0.000307,0.000214,-0.551779,TARE
4.458000,0.423653,-0.201486,-0.138748,-0.000540,0.000571,-0.000534,-0.552438,TARE
4.459000,0.423655,-0.201488,-0.138747,0.000193,0.000010,-0.000070,-0.553417,TARE
4.460000,0.423652,-0.201487,-0.138749,-0.001033,0.000263,-0.000999,-0.554684,TARE
4.461000,0.423651,-0.201490,-0.138748,-0.000608,-0.000283,-0.000185,-0.556241,TARE
4.462000,0.423649,-0.201488,-0.138749,-0.000726,0.000081,-0.000314,-0.558112,TARE
4.463000,0.423653,-0.201486,-0.138748,-0.000078,0.000474,-0.000181,-0.560299,TARE
4.464000,0.423653,-0.201490,-0.138747,0.000309,-0.000576,-0.000012,-0.562750,TARE
4.465000,0.423652,-0.201491,-0.138747,-0.000630,-0.000466,-0.000479,-0.565384,TARE
4.466000,0.423653,-0.201489,-0.138747,-0.000122,0.000485,-0.000417,-0.568140,TARE
4.467000,0.423651,-0.201487,-0.138749,-0.000757,0.000847,-0.000988,-0.570994,TARE
4.468000,0.423653,-0.201489,-0.138746,0.000579,-0.000072,0.000486,-0.573949,TARE
4.469000,0.423647,-0.201489,-0.138749,-0.001428,-0.000035,-0.000565,-0.576986,TARE
4.470000,0.423647,-0.201487,-0.138750,-0.000664,0.000643,-0.000730,-0.580047,TARE
4.471000,0.423650,-0.201489,-0.138747,0.000575,0.000414,0.000253,-0.583062,TARE
4.472000,0.423648,-0.201487,-0.138751,-0.000687,0.001336,-0.001119,-0.585983,TARE
4.473000,0.423649,-0.201489,-0.138749,0.000219,0.000070,-0.000218,-0.588779,TARE
4.474000,0.423653,-0.201489,-0.138746,0.001277,0.000255,0.000518,-0.591440,TARE
4.475000,0.423651,-0.201488,-0.138746,0.001038,0.000424,0.000493,-0.593930,TARE
4.476000,0.423651,-0.201490,-0.138746,0.000720,-0.000050,0.000234,-0.596144,TARE
4.477000,0.423653,-0.201491,-0.138746,0.001185,0.000011,0.000233,-0.597933,TARE
4.478000,0.423648,-0.201490,-0.138748,-0.000114,0.000396,-0.000445,-0.599180,TARE
4.479000,0.423647,-0.201490,-0.138748,-0.001046,0.000294,-0.000451,-0.599849,TARE
4.480000,0.423651,-0.201490,-0.138746,0.000661,0.000245,0.000336,-0.599972,TARE
4.481000,0.423650,-0.201488,-0.138746,-0.000327,0.000891,-0.000183,-0.599597,TARE
4.482000,0.423654,-0.201491,-0.138745,0.000269,-0.000382,0.000131,-0.598754,TARE
4.483000,0.423657,-0.201489,-0.138743,0.001135,0.000187,0.000725,-0.597457,TARE
4.484000,0.423654,-0.201490,-0.138744,-0.000024,-0.000422,0.000165,-0.595711,TARE
4.485000,0.423654,-0.201492,-0.138744,-0.000065,-0.000888,0.000230,-0.593509,TARE
4.486000,0.423655,-0.201490,-0.138744,0.000834,0.000155,0.000266,-0.590858,TARE
4.487000,0.423655,-0.201489,-0.138744,0.000122,0.000728,-0.000302,-0.587796,TARE
4.488000,0.423654,-0.201491,-0.138744,0.000462,0.000254,-0.000135,-0.584403,TARE
4.489000,0.423654,-0.201490,-0.138744,0.000697,-0.000006,0.000198,-0.580793,TARE
4.490000,0.423656,-0.201492,-0.138741,0.000922,-0.000216,0.000772,-0.577084,TARE
4.491000,0.423653,-0.201491,-0.138744,-0.000400,-0.000053,-0.000350,-0.573348,TARE
4.492000,0.423652,-0.201491,-0.138744,-0.000298,-0.000396,-0.000149,-0.569612,TARE
4.493000,0.423651,-0.201490,-0.138744,-0.000080,-0.000330,0.000233,-0.565905,TARE
4.494000,0.423652,-0.201489,-0.138744,0.000126,-0.000054,0.000195,-0.562266,TARE
4.495000,0.423655,-0.201491,-0.138742,0.000891,-0.000542,0.000576,-0.558706,TARE
4.496000,0.423655,-0.201488,-0.138744,0.000719,0.000682,-0.000093,-0.555196,TARE
4.497000,0.423655,-0.201488,-0.138744,0.000348,0.000552,-0.000152,-0.551702,TARE
4.498000,0.423652,-0.201489,-0.138745,-0.000588,0.000465,-0.000277,-0.548219,TARE
4.499000,0.423654,-0.201491,-0.138743,0.000091,-0.000450,0.000332,-0.544765,TARE
4.500000,0.423656,-0.201490,-0.138743,0.000885,-0.000038,0.000622,-0.541355,TARE
4.501000,0.423652,-0.201491,-0.138744,-0.000562,-0.000355,0.000073,-0.537962,TARE
4.502000,0.423655,-0.201491,-0.138743,0.000062,-0.000183,0.000439,-0.534541,TARE
4.503000,0.423652,-0.201490,-0.138744,-0.000492,0.000293,-0.000270,-0.531042,TARE
4.504000,0.423652,-0.201491,-0.138744,0.000270,-0.000106,0.000174,-0.527445,TARE
4.505000,0.423652,-0.201489,-0.138745,0.000266,0.000658,-0.000097,-0.523770,TARE
4.506000,0.423651,-0.201494,-0.138743,0.000043,-0.001340,0.000580,-0.520067,TARE
4.507000,0.423647,-0.201491,-0.138746,-0.001333,-0.000267,-0.000603,-0.516399,TARE
4.508000,0.423650,-0.201490,-0.138745,0.000340,0.000404,0.000113,-0.512841,TARE
4.509000,0.423652,-0.201491,-0.138745,0.000709,0.000037,0.000062,-0.509482,TARE
4.510000,0.423652,-0.201491,-0.138744,0.000108,0.000085,0.000161,-0.506411,TARE
4.511000,0.423652,-0.201492,-0.138743,-0.000060,-0.000628,0.000210,-0.503680,TARE
4.512000,0.423652,-0.201489,-0.138746,0.000006,0.000414,-0.000556,-0.501307,TARE
4.513000,0.423648,-0.201489,-0.138746,-0.001015,0.000453,-0.000710,-0.499319,TARE
4.514000,0.423650,-0.201490,-0.138745,-0.000691,-0.000042,-0.000422,-0.497785,TARE
4.515000,0.423649,-0.201490,-0.138746,-0.001124,-0.000045,-0.000716,-0.496810,TARE
4.516000,0.423652,-0.201492,-0.138744,0.000439,-0.000644,0.000312,-0.496490,TARE
4.517000,0.423651,-0.201491,-0.138743,-0.000188,0.000024,-0.000023,-0.496870,TARE
4.518000,0.423651,-0.201491,-0.138743,-0.000599,-0.000337,0.000010,-0.497918,TARE
4.519000,0.423653,-0.201491,-0.138743,0.000099,-0.000144,0.000245,-0.499529,TARE
4.520000,0.423651,-0.201492,-0.138745,-0.001297,-0.000017,-0.000666,-0.501571,TARE
4.521000,0.423650,-0.201491,-0.138745,-0.000924,0.000536,-0.000609,-0.503933,TARE
4.522000,0.423648,-0.201492,-0.138745,-0.001672,0.000368,-0.000769,-0.506566,TARE
4.523000,0.423650,-0.201492,-0.138744,-0.000858,0.000712,-0.000479,-0.509464,TARE
4.524000,0.423652,-0.201494,-0.138742,0.000157,-0.000395,0.000401,-0.512617,TARE
4.525000,0.423650,-0.201495,-0.138743,-0.000212,-0.001219,0.000275,-0.515974,TARE
4.526000,0.423650,-0.201494,-0.138743,-0.000294,-0.000659,0.000212,-0.519435,TARE
4.527000,0.423653,-0.201492,-0.138744,0.000848,-0.000261,0.000156,-0.522883,TARE
4.528000,0.423655,-0.201490,-0.138742,0.000981,0.000410,0.000391,-0.526213,TARE
4.529000,0.423655,-0.201490,-0.138743,0.000938,0.000175,0.000238,-0.529339,TARE
4.530000,0.423651,-0.201493,-0.138743,-0.000486,-0.000585,0.000181,-0.532186,TARE
4.531000,0.423651,-0.201494,-0.138742,0.000214,-0.000456,0.000255,-0.534692,TARE
4.532000,0.423651,-0.201492,-0.138744,-0.001087,0.000361,-0.000634,-0.536816,TARE
4.533000,0.423650,-0.201491,-0.138744,-0.000739,0.000663,-0.000728,-0.538571,TARE
4.534000,0.423649,-0.201492,-0.138744,-0.001751,-0.000133,-0.000640,-0.540040,TARE
4.535000,0.423652,-0.201495,-0.138742,-0.000331,-0.001052,0.000517,-0.541350,TARE
4.536000,0.423654,-0.201494,-0.138741,0.000308,-0.000266,0.000486,-0.542587,TARE
4.537000,0.423657,-0.201493,-0.138739,0.001359,0.000136,0.001036,-0.543730,TARE
4.538000,0.423652,-0.201493,-0.138742,-0.000337,0.000070,0.000071,-0.544652,TARE
4.539000,0.423653,-0.201494,-0.138742,0.000322,-0.000203,0.000054,-0.545189,TARE
4.540000,0.423654,-0.201494,-0.138740,0.000967,-0.000342,0.000867,-0.545235,TARE
4.541000,0.423653,-0.201496,-0.138741,0.000281,-0.001109,0.000638,-0.544748,TARE
4.542000,0.423649,-0.201496,-0.138743,-0.000996,-0.000995,-0.000319,-0.543723,TARE
4.543000,0.423647,-0.201497,-0.138742,-0.001350,-0.001064,-0.000070,-0.542199,TARE
4.544000,0.423654,-0.201496,-0.138740,0.000541,-0.000210,0.000257,-0.540279,TARE
4.545000,0.423652,-0.201495,-0.138742,-0.001150,0.000232,-0.000677,-0.538110,TARE
4.546000,0.423654,-0.201493,-0.138740,-0.000849,0.001098,-0.000580,-0.535854,TARE
4.547000,0.423652,-0.201496,-0.138741,-0.000644,-0.000345,-0.000398,-0.533680,TARE
4.548000,0.423653,-0.201497,-0.138740,0.000085,-0.000605,0.000182,-0.531747,TARE
4.549000,0.423651,-0.201494,-0.138742,-0.000296,0.000805,-0.000473,-0.530177,TARE
4.550000,0.423653,-0.201492,-0.138741,-0.000016,0.000981,-0.000144,-0.529035,TARE
4.551000,0.423654,-0.201494,-0.138740,0.000445,0.000074,0.000335,-0.528325,TARE
4.552000,0.423651,-0.201497,-0.138741,-0.000483,-0.000566,0.000052,-0.527983,TARE
4.553000,0.423651,-0.201495,-0.138741,0.000047,-0.000034,0.000345,-0.527889,TARE
4.554000,0.423651,-0.201493,-0.138742,-0.000267,0.000731,-0.000254,-0.527896,TARE
4.555000,0.423652,-0.201496,-0.138740,-0.000006,-0.000379,0.000258,-0.527864,TARE
4.556000,0.423656,-0.201496,-0.138739,0.002322,0.000066,0.001092,-0.527666,TARE
4.557000,0.423652,-0.201496,-0.138739,0.000092,0.000110,0.000214,-0.527185,TARE
4.558000,0.423649,-0.201494,-0.138742,-0.001075,0.000676,-0.000514,-0.526310,TARE
4.559000,0.423652,-0.201495,-0.138740,-0.000160,0.000396,-0.000091,-0.524977,TARE
4.560000,0.423656,-0.201495,-0.138739,0.000374,0.000034,0.000246,-0.523197,TARE
4.561000,0.423653,-0.201495,-0.138739,-0.000190,0.000197,0.000062,-0.521025,TARE
4.562000,0.423655,-0.201493,-0.138739,-0.000022,0.000751,-0.000226,-0.518530,TARE
4.563000,0.423652,-0.201496,-0.138740,-0.000734,-0.000240,-0.000229,-0.515786,TARE
4.564000,0.423656,-0.201496,-0.138738,0.000776,-0.000081,0.000560,-0.512875,TARE
4.565000,0.423654,-0.201495,-0.138739,-0.000305,-0.000265,0.000125,-0.509866,TARE
4.566000,0.423653,-0.201496,-0.138738,0.000022,-0.000358,0.000500,-0.506784,TARE
4.567000,0.423657,-0.201491,-0.138739,0.000985,0.001705,0.000144,-0.503606,TARE
4.568000,0.423655,-0.201495,-0.138739,0.000449,-0.000324,0.000291,-0.500280,TARE
4.569000,0.423654,-0.201492,-0.138740,0.000174,0.000590,-0.000065,-0.496768,TARE
4.570000,0.423657,-0.201493,-0.138739,0.001156,-0.000219,0.000459,-0.493074,TARE
4.571000,0.423655,-0.201495,-0.138739,-0.000144,-0.000508,-0.000257,-0.489251,TARE
4.572000,0.423659,-0.201495,-0.138737,0.001304,-0.000115,0.000709,-0.485387,TARE
4.573000,0.423658,-0.201493,-0.138738,0.000530,0.000178,0.000059,-0.481577,TARE
4.574000,0.423656,-0.201495,-0.138738,0.000376,-0.000196,0.000446,-0.477886,TARE
4.575000,0.423655,-0.201495,-0.138738,0.000195,-0.000441,0.000395,-0.474332,TARE
4.576000,0.423656,-0.201494,-0.138738,0.000026,-0.000394,0.000274,-0.470899,TARE
4.577000,0.423653,-0.201493,-0.138740,-0.000398,0.000271,-0.000136,-0.467563,TARE
4.578000,0.423655,-0.201496,-0.138738,0.000846,-0.000737,0.000647,-0.464312,TARE
4.579000,0.423652,-0.201496,-0.138739,0.000045,-0.000569,0.000217,-0.461156,TARE
4.580000,0.423653,-0.201496,-0.138739,0.000106,-0.000660,0.000524,-0.458101,TARE
4.581000,0.423651,-0.201497,-0.138740,-0.000976,-0.000747,-0.000153,-0.455153,TARE
4.582000,0.423651,-0.201495,-0.138740,-0.000475,-0.000313,-0.000096,-0.452324,TARE
4.583000,0.423652,-0.201498,-0.138739,-0.000135,-0.000823,0.000471,-0.449648,TARE
4.584000,0.423652,-0.201497,-0.138739,-0.000656,-0.000057,-0.000144,-0.447167,TARE
4.585000,0.423649,-0.201497,-0.138741,-0.000971,-0.000006,-0.000501,-0.444912,TARE
4.586000,0.423651,-0.201494,-0.138741,-0.000665,0.000933,-0.000637,-0.442923,TARE
4.587000,0.423647,-0.201497,-0.138743,-0.002083,-0.000309,-0.001205,-0.441280,TARE
4.588000,0.423646,-0.201499,-0.138742,-0.001989,-0.000957,-0.000804,-0.440111,TARE
4.589000,0.423651,-0.201498,-0.138739,0.000732,-0.000548,0.000863,-0.439559,TARE
4.590000,0.423649,-0.201497,-0.138741,0.000023,-0.000211,0.000037,-0.439698,TARE
4.591000,0.423648,-0.201498,-0.138741,-0.000941,-0.000707,-0.000260,-0.440474,TARE
4.592000,0.423650,-0.201497,-0.138741,-0.000103,-0.000285,0.000024,-0.441767,TARE
4.593000,0.423646,-0.201495,-0.138743,-0.001130,0.000133,-0.000502,-0.443460,TARE
4.594000,0.423648,-0.201498,-0.138741,-0.000298,-0.000874,-0.000042,-0.445465,TARE
4.595000,0.423651,-0.201499,-0.138739,0.001043,-0.000643,0.000734,-0.447705,TARE
4.596000,0.423649,-0.201495,-0.138742,-0.000408,0.000720,-0.000627,-0.450104,TARE
4.597000,0.423649,-0.201500,-0.138740,-0.000364,-0.001390,0.000297,-0.452584,TARE
4.598000,0.423649,-0.201499,-0.138740,-0.000593,-0.000873,-0.000097,-0.455082,TARE
4.599000,0.423650,-0.201499,-0.138739,0.000180,-0.000775,0.000607,-0.457552,TARE
4.600000,0.423650,-0.201497,-0.138741,0.000063,-0.000536,0.000119,-0.459941,TARE
4.601000,0.423652,-0.201498,-0.138739,0.001771,-0.000345,0.000830,-0.462179,TARE
4.602000,0.423649,-0.201499,-0.138741,-0.000347,-0.000591,-0.000322,-0.464194,TARE
4.603000,0.423651,-0.201497,-0.138740,0.000630,0.000136,0.000164,-0.465950,TARE
4.604000,0.423649,-0.201497,-0.138741,-0.001160,0.000171,-0.000519,-0.467458,TARE
4.605000,0.423650,-0.201497,-0.138740,-0.000926,0.000037,-0.000411,-0.468762,TARE
4.606000,0.423656,-0.201497,-0.138737,0.000957,0.000167,0.000468,-0.469918,TARE
4.607000,0.423651,-0.201496,-0.138740,-0.000010,0.000723,-0.000487,-0.470962,TARE
4.608000,0.423650,-0.201498,-0.138740,0.000118,-0.000298,-0.000055,-0.471913,TARE
4.609000,0.423653,-0.201498,-0.138740,0.000338,0.000242,-0.000348,-0.472804,TARE
4.610000,0.423655,-0.201498,-0.138738,0.001137,0.000164,0.000441,-0.473688,TARE
4.611000,0.423652,-0.201497,-0.138739,-0.000036,0.000703,-0.000266,-0.474610,TARE
4.612000,0.423648,-0.201495,-0.138742,-0.001003,0.001034,-0.001014,-0.475583,TARE
4.613000,0.423653,-0.201496,-0.138738,0.000916,0.000371,0.000549,-0.476615,TARE
4.614000,0.423653,-0.201496,-0.138739,0.000459,0.000464,-0.000094,-0.477715,TARE
4.615000,0.423652,-0.201497,-0.138738,-0.000357,0.000276,-0.000206,-0.478865,TARE
4.616000,0.423648,-0.201497,-0.138741,-0.000847,0.000928,-0.000801,-0.480040,TARE
4.617000,0.423648,-0.201496,-0.138740,0.000242,0.001274,-0.000208,-0.481243,TARE
4.618000,0.423648,-0.201497,-0.138740,-0.000439,0.000614,-0.000253,-0.482505,TARE
4.619000,0.423648,-0.201496,-0.138741,-0.000077,0.000725,-0.000209,-0.483846,TARE
4.620000,0.423650,-0.201495,-0.138741,0.000566,0.000917,0.000100,-0.485256,TARE
4.621000,0.423650,-0.201496,-0.138741,0.000184,0.000515,-0.000099,-0.486704,TARE
4.622000,0.423649,-0.201496,-0.138740,-0.000264,0.000153,-0.000077,-0.488143,TARE
4.623000,0.423646,-0.201496,-0.138742,-0.000591,0.000392,-0.000541,-0.489537,TARE
4.624000,0.423648,-0.201497,-0.138740,0.000584,-0.000228,0.000741,-0.490876,TARE
4.625000,0.423652,-0.201498,-0.138738,0.001237,-0.000136,0.000671,-0.492145,TARE
4.626000,0.423651,-0.201497,-0.138738,0.000774,0.000549,0.000363,-0.493282,TARE
4.627000,0.423649,-0.201496,-0.138740,-0.000324,0.000680,-0.000318,-0.494189,TARE
4.628000,0.423648,-0.201495,-0.138741,-0.000224,0.001258,-0.000625,-0.494800,TARE
4.629000,0.423653,-0.201497,-0.138738,0.001936,0.000351,0.000872,-0.495114,TARE
4.630000,0.423650,-0.201497,-0.138739,0.001777,0.000291,0.000740,-0.495163,TARE
4.631000,0.423650,-0.201498,-0.138739,0.001256,0.000202,0.000285,-0.494956,TARE
4.632000,0.423649,-0.201499,-0.138740,0.000231,-0.000210,-0.000305,-0.494493,TARE
4.633000,0.423652,-0.201498,-0.138739,0.001455,0.000370,0.000313,-0.493831,TARE
4.634000,0.423650,-0.201499,-0.138738,0.000524,0.000115,0.000458,-0.493082,TARE
4.635000,0.423646,-0.201498,-0.138740,-0.000657,0.000486,-0.000522,-0.492351,TARE
4.636000,0.423652,-0.201496,-0.138738,0.000940,0.001463,0.000005,-0.491705,TARE
4.637000,0.423652,-0.201502,-0.138736,0.000291,-0.001115,0.000605,-0.491195,TARE
4.638000,0.423651,-0.201499,-0.138737,0.000145,0.000183,0.000174,-0.490850,TARE
4.639000,0.423651,-0.201498,-0.138737,-0.000278,0.000157,0.000200,-0.490658,TARE
4.640000,0.423655,-0.201499,-0.138736,0.000812,-0.000538,0.000399,-0.490572,TARE
4.641000,0.423649,-0.201496,-0.138740,-0.001777,0.000370,-0.000920,-0.490545,TARE
4.642000,0.423650,-0.201498,-0.138738,-0.001905,-0.000223,-0.000357,-0.490569,TARE
4.643000,0.423653,-0.201499,-0.138737,-0.000392,-0.000241,-0.000196,-0.490679,TARE
4.644000,0.423655,-0.201499,-0.138736,0.000407,-0.000492,0.000156,-0.490920,TARE
4.645000,0.423653,-0.201499,-0.138737,-0.000829,-0.000043,-0.000563,-0.491327,TARE
4.646000,0.423657,-0.201500,-0.138734,0.000948,-0.000184,0.000450,-0.491924,TARE
4.647000,0.423656,-0.201497,-0.138735,0.000468,0.001055,0.000184,-0.492711,TARE
4.648000,0.423655,-0.201498,-0.138735,0.000058,0.000520,-0.000034,-0.493633,TARE
4.649000,0.423651,-0.201499,-0.138737,-0.001262,0.000171,-0.000529,-0.494583,TARE
4.650000,0.423657,-0.201498,-0.138734,0.000612,0.000254,0.000251,-0.495455,TARE
4.651000,0.423653,-0.201497,-0.138737,-0.000543,0.000174,-0.000373,-0.496178,TARE
4.652000,0.423653,-0.201498,-0.138736,-0.000518,-0.000622,-0.000036,-0.496712,TARE
4.653000,0.423651,-0.201499,-0.138737,-0.000825,-0.001127,-0.000116,-0.497048,TARE
4.654000,0.423650,-0.201499,-0.138738,-0.000753,-0.000712,-0.000433,-0.497203,TARE
4.655000,0.423650,-0.201500,-0.138736,-0.000224,-0.000598,0.000119,-0.497228,TARE
4.656000,0.423654,-0.201500,-0.138735,0.001079,-0.000709,0.000567,-0.497175,TARE
4.657000,0.423652,-0.201498,-0.138736,0.000518,0.000050,0.000206,-0.497053,TARE
4.658000,0.423651,-0.201499,-0.138737,-0.000111,-0.000224,-0.000150,-0.496817,TARE
4.659000,0.423653,-0.201498,-0.138736,0.001250,0.000448,0.000169,-0.496404,TARE
4.660000,0.423653,-0.201498,-0.138736,0.000718,0.000337,0.000039,-0.495767,TARE
4.661000,0.423650,-0.201498,-0.138739,-0.000087,0.000717,-0.000811,-0.494892,TARE
4.662000,0.423651,-0.201499,-0.138738,0.000619,0.000608,-0.000071,-0.493819,TARE
4.663000,0.423650,-0.201499,-0.138737,0.000394,-0.000007,0.000232,-0.492630,TARE
4.664000,0.423654,-0.201498,-0.138735,0.001003,0.000109,0.000696,-0.491391,TARE
4.665000,0.423652,-0.201499,-0.138736,0.000464,-0.000125,0.000161,-0.490088,TARE
4.666000,0.423649,-0.201499,-0.138737,-0.000436,-0.000238,-0.000049,-0.488655,TARE
4.667000,0.423649,-0.201499,-0.138738,-0.000259,-0.000137,-0.000199,-0.487034,TARE
4.668000,0.423648,-0.201498,-0.138738,-0.000373,0.000006,-0.000255,-0.485225,TARE
4.669000,0.423649,-0.201499,-0.138737,-0.000536,0.000149,-0.000319,-0.483283,TARE
4.670000,0.423648,-0.201499,-0.138737,-0.000181,0.000172,-0.000264,-0.481291,TARE
4.671000,0.423648,-0.201500,-0.138736,-0.001519,0.000199,-0.000653,-0.479340,TARE
4.672000,0.423653,-0.201500,-0.138735,0.000292,-0.000099,-0.000160,-0.477519,TARE
4.673000,0.423651,-0.201498,-0.138737,-0.000353,0.001081,-0.000568,-0.475914,TARE
4.674000,0.423651,-0.201497,-0.138737,-0.000390,0.001424,-0.000839,-0.474595,TARE
4.675000,0.423655,-0.201503,-0.138733,0.001433,-0.000987,0.000863,-0.473613,TARE
4.676000,0.423652,-0.201498,-0.138736,0.000350,0.000681,-0.000176,-0.472967,TARE
4.677000,0.423652,-0.201498,-0.138736,0.000605,0.000199,0.000325,-0.472583,TARE
4.678000,0.423648,-0.201500,-0.138737,-0.000457,0.000017,-0.000249,-0.472332,TARE
4.679000,0.423651,-0.201499,-0.138737,0.000167,0.000239,-0.000206,-0.472074,TARE
4.680000,0.423653,-0.201499,-0.138735,0.001624,0.000409,0.000830,-0.471693,TARE
4.681000,0.423654,-0.201499,-0.138734,0.002029,0.000331,0.000855,-0.471079,TARE
4.682000,0.423649,-0.201501,-0.138736,0.000922,-0.000589,0.000473,-0.470097,TARE
4.683000,0.423646,-0.201500,-0.138738,-0.000739,-0.000453,-0.000354,-0.468611,TARE
4.684000,0.423653,-0.201499,-0.138735,0.000607,-0.000492,0.000426,-0.466561,TARE
4.685000,0.423655,-0.201498,-0.138734,0.001253,0.000070,0.000596,-0.463969,TARE
4.686000,0.423656,-0.201500,-0.138734,0.001720,-0.000270,0.000608,-0.460894,TARE
4.687000,0.423653,-0.201501,-0.138735,0.000668,-0.000482,0.000161,-0.457391,TARE
4.688000,0.423652,-0.201499,-0.138736,-0.000300,0.000575,-0.000492,-0.453545,TARE
4.689000,0.423649,-0.201500,-0.138736,0.000101,-0.000206,0.000088,-0.449488,TARE
4.690000,0.423653,-0.201502,-0.138734,0.000918,-0.000034,0.000396,-0.445371,TARE
4.691000,0.423654,-0.201503,-0.138734,0.001227,-0.000293,0.000470,-0.441317,TARE
4.692000,0.423649,-0.201503,-0.138736,-0.000974,-0.000524,-0.000545,-0.437404,TARE
4.693000,0.423650,-0.201502,-0.138736,-0.001054,0.000005,-0.000617,-0.433708,TARE
4.694000,0.423648,-0.201499,-0.138737,-0.002101,0.000410,-0.001167,-0.430343,TARE
4.695000,0.423652,-0.201498,-0.138736,-0.000400,0.000929,-0.000329,-0.427457,TARE
4.696000,0.423650,-0.201500,-0.138736,-0.000012,0.000182,-0.000244,-0.425176,TARE
4.697000,0.423651,-0.201500,-0.138736,-0.000014,0.000582,-0.000407,-0.423563,TARE
4.698000,0.423647,-0.201503,-0.138736,-0.000885,-0.000596,-0.000441,-0.422623,TARE
4.699000,0.423650,-0.201503,-0.138735,0.000183,-0.000256,0.000071,-0.422336,TARE
4.700000,0.423647,-0.201502,-0.138736,-0.000817,-0.000227,-0.000143,-0.422665,TARE
4.701000,0.423649,-0.201501,-0.138737,-0.000527,0.000731,-0.000858,-0.423546,TARE
4.702000,0.423651,-0.201500,-0.138736,0.000751,0.000644,0.000151,-0.424909,TARE
4.703000,0.423652,-0.201501,-0.138734,0.001093,0.000027,0.000905,-0.426677,TARE
4.704000,0.423651,-0.201501,-0.138736,0.001084,0.000057,0.000291,-0.428721,TARE
4.705000,0.423645,-0.201502,-0.138738,-0.000477,0.000197,-0.000435,-0.430856,TARE
4.706000,0.423652,-0.201503,-0.138734,0.002268,-0.000596,0.001437,-0.432912,TARE
4.707000,0.423651,-0.201502,-0.138734,0.001032,-0.000036,0.000784,-0.434749,TARE
4.708000,0.423647,-0.201503,-0.138737,-0.000303,-0.000527,-0.000394,-0.436224,TARE
4.709000,0.423648,-0.201503,-0.138735,0.000070,-0.000382,0.000210,-0.437241,TARE
4.710000,0.423652,-0.201503,-0.138734,0.001461,-0.000338,0.000918,-0.437795,TARE
4.711000,0.423650,-0.201500,-0.138736,0.000483,0.000573,-0.000002,-0.437931,TARE
4.712000,0.423648,-0.201501,-0.138735,0.000405,-0.000023,0.000649,-0.437685,TARE
4.713000,0.423646,-0.201501,-0.138738,-0.000674,-0.000190,-0.000325,-0.437089,TARE
4.714000,0.423649,-0.201501,-0.138737,-0.000006,-0.000105,0.000037,-0.436192,TARE
4.715000,0.423651,-0.201503,-0.138734,0.000847,-0.000549,0.000705,-0.435079,TARE
4.716000,0.423653,-0.201499,-0.138735,0.001694,0.000814,0.000467,-0.433841,TARE
4.717000,0.423650,-0.201500,-0.138737,0.000653,0.000049,-0.000009,-0.432546,TARE
4.718000,0.423656,-0.201502,-0.138733,0.002464,-0.000377,0.001366,-0.431249,TARE
4.719000,0.423648,-0.201500,-0.138737,-0.000521,0.000522,-0.000507,-0.430004,TARE
4.720000,0.423648,-0.201499,-0.138736,-0.000419,0.000814,-0.000153,-0.428859,TARE
4.721000,0.423652,-0.201501,-0.138735,0.000820,0.000391,0.000258,-0.427873,TARE
4.722000,0.423649,-0.201501,-0.138735,-0.000493,0.000646,-0.000334,-0.427109,TARE
4.723000,0.423651,-0.201501,-0.138735,-0.000165,-0.000100,-0.000188,-0.426626,TARE
4.724000,0.423650,-0.201501,-0.138735,-0.001353,0.000117,-0.000716,-0.426486,TARE
4.725000,0.423655,-0.201499,-0.138734,0.000677,0.001233,-0.000165,-0.426775,TARE
4.726000,0.423652,-0.201504,-0.138733,-0.000176,-0.000838,0.000250,-0.427573,TARE
4.727000,0.423650,-0.201502,-0.138735,-0.001031,0.000369,-0.000737,-0.428914,TARE
4.728000,0.423653,-0.201505,-0.138732,0.000198,-0.000443,0.000305,-0.430783,TARE
4.729000,0.423651,-0.201502,-0.138734,-0.000548,0.000423,-0.000610,-0.433136,TARE
4.730000,0.423650,-0.201501,-0.138735,-0.000179,0.000374,-0.000345,-0.435910,TARE
4.731000,0.423650,-0.201499,-0.138736,-0.000264,0.000816,-0.000735,-0.439047,TARE
4.732000,0.423648,-0.201501,-0.138737,-0.000811,0.000040,-0.000642,-0.442508,TARE
4.733000,0.423651,-0.201503,-0.138734,0.000461,-0.000849,0.000497,-0.446268,TARE
4.734000,0.423652,-0.201501,-0.138734,0.001256,0.000142,0.000362,-0.450272,TARE
4.735000,0.423651,-0.201501,-0.138735,-0.000245,0.000563,-0.000377,-0.454403,TARE
4.736000,0.423648,-0.201502,-0.138736,-0.001334,0.000383,-0.000864,-0.458517,TARE
4.737000,0.423647,-0.201500,-0.138737,-0.001643,0.000541,-0.001076,-0.462515,TARE
4.738000,0.423650,-0.201503,-0.138735,-0.000306,-0.000604,-0.000059,-0.466378,TARE
4.739000,0.423647,-0.201504,-0.138735,-0.000886,-0.000893,0.000169,-0.470124,TARE
4.740000,0.423647,-0.201503,-0.138736,-0.000911,-0.000627,-0.000350,-0.473744,TARE
4.741000,0.423649,-0.201502,-0.138735,-0.000051,-0.000454,0.000079,-0.477187,TARE
4.742000,0.423647,-0.201504,-0.138736,-0.000729,-0.000936,-0.000153,-0.480388,TARE
4.743000,0.423645,-0.201503,-0.138737,-0.001447,-0.000606,-0.000318,-0.483301,TARE
4.744000,0.423646,-0.201504,-0.138736,-0.000454,-0.000357,0.000122,-0.485892,TARE
4.745000,0.423645,-0.201507,-0.138735,-0.000414,-0.001282,0.000613,-0.488121,TARE
4.746000,0.423647,-0.201505,-0.138735,-0.000252,-0.000646,0.000509,-0.489907,TARE
4.747000,0.423651,-0.201506,-0.138732,0.001344,-0.000760,0.001495,-0.491112,TARE
4.748000,0.423653,-0.201504,-0.138732,0.001882,0.000246,0.001164,-0.491546,TARE
4.749000,0.423649,-0.201501,-0.138736,0.000182,0.001287,-0.000175,-0.490996,TARE
4.750000,0.423645,-0.201505,-0.138736,-0.000610,-0.000575,-0.000307,-0.489321,TARE
4.751000,0.423644,-0.201503,-0.138736,-0.000443,0.000055,-0.000006,-0.486541,TARE
4.752000,0.423649,-0.201504,-0.138734,0.001104,-0.000567,0.000745,-0.482826,TARE
4.753000,0.423647,-0.201503,-0.138735,-0.000184,-0.000109,0.000104,-0.478405,TARE
4.754000,0.423648,-0.201504,-0.138735,0.000358,-0.000849,0.000566,-0.473496,TARE
4.755000,0.423650,-0.201504,-0.138735,0.000426,-0.000257,0.000066,-0.468297,TARE
4.756000,0.423651,-0.201502,-0.138734,0.000231,0.000150,-0.000194,-0.463000,TARE
4.757000,0.423648,-0.201501,-0.138735,-0.000617,0.000588,-0.000361,-0.457810,TARE
4.758000,0.423648,-0.201502,-0.138735,-0.000498,-0.000203,-0.000185,-0.452933,TARE
4.759000,0.423649,-0.201503,-0.138734,0.000178,-0.000209,0.000023,-0.448545,TARE
4.760000,0.423649,-0.201505,-0.138735,-0.000150,-0.000523,-0.000189,-0.444780,TARE
4.761000,0.423650,-0.201501,-0.138734,-0.000230,0.000143,0.000033,-0.441737,TARE
4.762000,0.423648,-0.201504,-0.138735,0.000117,-0.000727,0.000418,-0.439469,TARE
4.763000,0.423653,-0.201501,-0.138732,0.001553,0.000074,0.001135,-0.437947,TARE
4.764000,0.423651,-0.201503,-0.138734,0.000258,-0.000507,0.000317,-0.437043,TARE
4.765000,0.423652,-0.201505,-0.138732,-0.000438,-0.001157,0.000618,-0.436564,TARE
4.766000,0.423655,-0.201505,-0.138731,0.000372,-0.000912,0.000820,-0.436315,TARE
4.767000,0.423650,-0.201500,-0.138734,-0.000659,0.000670,-0.000333,-0.436126,TARE
4.768000,0.423653,-0.201503,-0.138732,0.000809,-0.000267,0.000823,-0.435862,TARE
4.769000,0.423649,-0.201500,-0.138734,-0.001212,0.000915,-0.000407,-0.435428,TARE
4.770000,0.423654,-0.201503,-0.138731,0.000316,0.000132,0.000339,-0.434758,TARE
4.771000,0.423652,-0.201505,-0.138732,-0.000255,-0.000558,-0.000114,-0.433822,TARE
4.772000,0.423650,-0.201503,-0.138733,-0.000640,-0.000072,-0.000158,-0.432642,TARE
4.773000,0.423652,-0.201504,-0.138732,0.000653,-0.000307,0.000729,-0.431287,TARE
4.774000,0.423648,-0.201502,-0.138736,-0.000796,0.000537,-0.000582,-0.429835,TARE
4.775000,0.423649,-0.201504,-0.138734,-0.000073,0.000083,0.000164,-0.428346,TARE
4.776000,0.423652,-0.201505,-0.138732,0.001100,-0.000507,0.000707,-0.426866,TARE
4.777000,0.423651,-0.201506,-0.138732,0.000667,-0.000802,0.000788,-0.425410,TARE
4.778000,0.423649,-0.201503,-0.138734,-0.000620,0.000311,-0.000305,-0.423944,TARE
4.779000,0.423652,-0.201503,-0.138733,0.000483,0.000410,0.000186,-0.422431,TARE
4.780000,0.423646,-0.201504,-0.138735,-0.001235,-0.000120,-0.000535,-0.420873,TARE
4.781000,0.423652,-0.201505,-0.138731,0.001192,-0.000523,0.001102,-0.419321,TARE
4.782000,0.423650,-0.201504,-0.138733,0.000468,-0.000166,0.000232,-0.417826,TARE
4.783000,0.423649,-0.201507,-0.138732,0.000390,-0.001536,0.000846,-0.416393,TARE
4.784000,0.423648,-0.201507,-0.138733,0.000248,-0.000818,0.000486,-0.414995,TARE
4.785000,0.423646,-0.201505,-0.138734,-0.001175,0.000236,-0.000358,-0.413599,TARE
4.786000,0.423647,-0.201503,-0.138735,-0.000486,0.000702,-0.000447,-0.412198,TARE
4.787000,0.423644,-0.201502,-0.138737,-0.001453,0.000840,-0.001144,-0.410841,TARE
4.788000,0.423646,-0.201505,-0.138735,-0.000490,-0.000321,-0.000161,-0.409647,TARE
4.789000,0.423649,-0.201503,-0.138734,0.000105,0.000431,0.000151,-0.408773,TARE
4.790000,0.423654,-0.201503,-0.138732,0.000842,-0.000061,0.000421,-0.408336,TARE
4.791000,0.423648,-0.201503,-0.138734,-0.000664,0.000014,-0.000473,-0.408361,TARE
4.792000,0.423651,-0.201503,-0.138732,-0.000010,-0.000234,0.000432,-0.408810,TARE
4.793000,0.423648,-0.201505,-0.138733,-0.001034,-0.000415,-0.000243,-0.409623,TARE
4.794000,0.423649,-0.201501,-0.138735,-0.000908,0.001204,-0.000815,-0.410732,TARE
4.795000,0.423649,-0.201506,-0.138733,-0.001185,-0.000425,-0.000449,-0.412096,TARE
4.796000,0.423648,-0.201504,-0.138735,-0.001301,-0.000052,-0.000701,-0.413729,TARE
4.797000,0.423645,-0.201507,-0.138734,-0.002048,-0.000860,-0.000808,-0.415692,TARE
4.798000,0.423645,-0.201502,-0.138736,-0.001753,0.001039,-0.001033,-0.418065,TARE
4.799000,0.423648,-0.201504,-0.138734,-0.000977,0.000380,-0.000481,-0.420920,TARE
4.800000,0.423650,-0.201505,-0.138732,0.000208,-0.000017,0.000548,-0.424267,TARE
4.801000,0.423647,-0.201504,-0.138735,-0.001181,0.000260,-0.000376,-0.428011,TARE
4.802000,0.423648,-0.201503,-0.138734,-0.000037,-0.000011,0.000311,-0.431958,TARE
4.803000,0.423652,-0.201506,-0.138731,0.001506,-0.000702,0.000973,-0.435865,TARE
4.804000,0.423649,-0.201505,-0.138732,-0.000043,-0.000695,0.000508,-0.439475,TARE
4.805000,0.423652,-0.201507,-0.138730,0.000942,-0.000330,0.000505,-0.442537,TARE
4.806000,0.423650,-0.201506,-0.138733,-0.000210,0.000025,-0.000394,-0.444848,TARE
4.807000,0.423650,-0.201501,-0.138734,-0.000031,0.001763,-0.000666,-0.446322,TARE
4.808000,0.423651,-0.201503,-0.138733,0.000753,0.001093,0.000062,-0.447000,TARE
4.809000,0.423651,-0.201506,-0.138732,0.001328,-0.000394,0.000762,-0.446989,TARE
4.810000,0.423651,-0.201504,-0.138733,0.000927,0.000693,0.000469,-0.446375,TARE
4.811000,0.423653,-0.201503,-0.138731,0.001493,0.000618,0.001051,-0.445178,TARE
4.812000,0.423652,-0.201504,-0.138731,0.000701,0.000244,0.000654,-0.443356,TARE
4.813000,0.423651,-0.201504,-0.138732,0.001140,-0.000072,0.000785,-0.440820,TARE
4.814000,0.423652,-0.201504,-0.138731,0.001158,0.000492,0.000534,-0.437496,TARE
4.815000,0.423654,-0.201505,-0.138730,0.001964,-0.000136,0.001305,-0.433350,TARE
4.816000,0.423649,-0.201503,-0.138734,0.000415,0.000656,-0.000052,-0.428400,TARE
4.817000,0.423649,-0.201504,-0.138733,0.000604,0.000397,0.000041,-0.422717,TARE
4.818000,0.423651,-0.201503,-0.138733,0.001148,0.000495,0.000414,-0.416454,TARE
4.819000,0.423648,-0.201508,-0.138732,-0.000083,-0.001311,0.000430,-0.409827,TARE
4.820000,0.423654,-0.201504,-0.138731,0.001492,-0.000011,0.000884,-0.403060,TARE
4.821000,0.423653,-0.201507,-0.138730,0.001565,-0.001002,0.001308,-0.396333,TARE
4.822000,0.423649,-0.201505,-0.138733,0.000030,-0.000025,0.000216,-0.389757,TARE
4.823000,0.423650,-0.201504,-0.138732,0.001043,0.000320,0.000478,-0.383390,TARE
4.824000,0.423650,-0.201508,-0.138731,-0.000126,-0.001065,0.000413,-0.377288,TARE
4.825000,0.423651,-0.201504,-0.138733,0.000426,0.000458,0.000138,-0.371535,TARE
4.826000,0.423648,-0.201507,-0.138732,0.000034,-0.000663,0.000621,-0.366233,TARE
4.827000,0.423648,-0.201505,-0.138733,0.000021,0.000048,0.000238,-0.361467,TARE
4.828000,0.423649,-0.201505,-0.138732,0.000937,0.000040,0.000591,-0.357290,TARE
4.829000,0.423645,-0.201503,-0.138736,-0.000523,0.000709,-0.000649,-0.353733,TARE
4.830000,0.423648,-0.201505,-0.138733,0.000318,0.000343,0.000111,-0.350843,TARE
4.831000,0.423646,-0.201505,-0.138734,0.000089,0.000112,-0.000034,-0.348697,TARE
4.832000,0.423646,-0.201504,-0.138735,-0.000012,0.000355,-0.000278,-0.347372,TARE
4.833000,0.423648,-0.201505,-0.138733,0.001052,0.000451,0.000364,-0.346921,TARE
4.834000,0.423644,-0.201505,-0.138735,-0.000528,0.000157,-0.000493,-0.347354,TARE
4.835000,0.423651,-0.201507,-0.138732,0.002494,-0.000384,0.001325,-0.348633,TARE
4.836000,0.423646,-0.201506,-0.138734,0.000480,0.000217,0.000023,-0.350657,TARE
4.837000,0.423643,-0.201503,-0.138737,-0.001109,0.000683,-0.000818,-0.353284,TARE
4.838000,0.423649,-0.201507,-0.138732,0.000617,-0.000269,0.000491,-0.356385,TARE
4.839000,0.423646,-0.201506,-0.138734,-0.000684,-0.000088,-0.000249,-0.359874,TARE
4.840000,0.423645,-0.201505,-0.138735,-0.000930,0.000520,-0.000597,-0.363678,TARE
4.841000,0.423643,-0.201507,-0.138736,-0.002092,-0.000624,-0.000965,-0.367739,TARE
4.842000,0.423648,-0.201506,-0.138732,0.000113,-0.000343,0.000558,-0.372035,TARE
4.843000,0.423650,-0.201506,-0.138732,0.000795,-0.000346,0.000511,-0.376547,TARE
4.844000,0.423647,-0.201508,-0.138733,-0.000674,-0.000716,-0.000104,-0.381198,TARE
4.845000,0.423650,-0.201506,-0.138731,0.000615,-0.000317,0.000521,-0.385868,TARE
4.846000,0.423651,-0.201507,-0.138731,-0.000183,-0.000303,-0.000110,-0.390441,TARE
4.847000,0.423648,-0.201506,-0.138733,-0.000982,-0.000075,-0.000499,-0.394831,TARE
4.848000,0.423651,-0.201503,-0.138732,0.000639,0.000477,0.000089,-0.398999,TARE
4.849000,0.423649,-0.201504,-0.138734,-0.000730,-0.000108,-0.000582,-0.402952,TARE
4.850000,0.423655,-0.201503,-0.138730,0.001363,-0.000019,0.000747,-0.406716,TARE
4.851000,0.423649,-0.201506,-0.138732,-0.001396,-0.000834,-0.000257,-0.410308,TARE
4.852000,0.423648,-0.201507,-0.138732,-0.001033,-0.000843,-0.000404,-0.413718,TARE
4.853000,0.423648,-0.201505,-0.138734,-0.001269,-0.000506,-0.000683,-0.416949,TARE
4.854000,0.423650,-0.201504,-0.138731,0.000126,-0.000223,0.000421,-0.420051,TARE
4.855000,0.423650,-0.201505,-0.138734,0.000099,-0.000396,-0.000314,-0.423078,TARE
4.856000,0.423650,-0.201504,-0.138733,0.000218,0.000685,0.000044,-0.426047,TARE
4.857000,0.423649,-0.201505,-0.138733,-0.000439,0.000253,-0.000488,-0.428946,TARE
4.858000,0.423651,-0.201509,-0.138729,0.000765,-0.001067,0.001168,-0.431739,TARE
4.859000,0.423645,-0.201504,-0.138735,-0.001672,0.000707,-0.000904,-0.434358,TARE
4.860000,0.423652,-0.201507,-0.138730,0.000905,0.000116,0.000809,-0.436701,TARE
4.861000,0.423647,-0.201505,-0.138734,-0.001252,0.000309,-0.000650,-0.438657,TARE
4.862000,0.423646,-0.201506,-0.138734,-0.001541,0.000233,-0.000988,-0.440153,TARE
4.863000,0.423647,-0.201505,-0.138733,-0.001179,0.000365,-0.000555,-0.441206,TARE
4.864000,0.423648,-0.201505,-0.138733,-0.000727,0.000734,-0.000519,-0.441933,TARE
4.865000,0.423646,-0.201505,-0.138734,-0.001528,0.000432,-0.000840,-0.442482,TARE
4.866000,0.423648,-0.201507,-0.138732,-0.000655,-0.000626,-0.000043,-0.442987,TARE
4.867000,0.423645,-0.201508,-0.138733,-0.002156,-0.000951,-0.000431,-0.443553,TARE
4.868000,0.423648,-0.201509,-0.138731,-0.000421,-0.001036,0.000243,-0.444245,TARE
4.869000,0.423646,-0.201510,-0.138732,-0.000873,-0.000835,-0.000316,-0.445084,TARE
4.870000,0.423643,-0.201505,-0.138735,-0.002487,0.000939,-0.001379,-0.446070,TARE
4.871000,0.423647,-0.201507,-0.138733,0.000083,0.000174,0.000137,-0.447223,TARE
4.872000,0.423645,-0.201507,-0.138735,-0.000931,-0.000556,-0.000676,-0.448569,TARE
4.873000,0.423644,-0.201509,-0.138733,-0.001098,-0.001260,-0.000196,-0.450123,TARE
4.874000,0.423647,-0.201505,-0.138733,-0.000025,-0.000113,0.000108,-0.451890,TARE
4.875000,0.423643,-0.201508,-0.138734,-0.001619,-0.001211,-0.000246,-0.453845,TARE
4.876000,0.423643,-0.201508,-0.138735,-0.001673,-0.001069,-0.000552,-0.455924,TARE
4.877000,0.423644,-0.201507,-0.138734,-0.001138,-0.000444,-0.000583,-0.458060,TARE
4.878000,0.423640,-0.201503,-0.138737,-0.002694,0.000440,-0.001490,-0.460225,TARE
4.879000,0.423647,-0.201504,-0.138733,0.000216,0.000011,-0.000020,-0.462443,TARE
4.880000,0.423647,-0.201508,-0.138732,-0.000110,-0.001160,0.000326,-0.464742,TARE
4.881000,0.423642,-0.201506,-0.138735,-0.001883,-0.000284,-0.000774,-0.467100,TARE
4.882000,0.423644,-0.201504,-0.138735,-0.001323,0.000496,-0.000504,-0.469446,TARE
4.883000,0.423647,-0.201506,-0.138733,-0.000616,0.000157,-0.000191,-0.471692,TARE
4.884000,0.423646,-0.201503,-0.138733,-0.000490,0.001168,-0.000245,-0.473745,TARE
4.885000,0.423646,-0.201505,-0.138733,-0.000263,0.000557,-0.000234,-0.475496,TARE
4.886000,0.423645,-0.201507,-0.138733,-0.000463,0.000250,-0.000186,-0.476825,TARE
4.887000,0.423646,-0.201506,-0.138732,-0.000350,0.000560,-0.000009,-0.477632,TARE
4.888000,0.423650,-0.201505,-0.138732,0.000639,0.000795,0.000023,-0.477834,TARE
4.889000,0.423646,-0.201505,-0.138734,-0.000282,0.000335,-0.000320,-0.477376,TARE
4.890000,0.423649,-0.201504,-0.138732,0.000473,0.000314,0.000224,-0.476244,TARE
4.891000,0.423652,-0.201505,-0.138731,0.000409,0.000223,-0.000265,-0.474466,TARE
4.892000,0.423646,-0.201504,-0.138733,-0.000898,0.001151,-0.000626,-0.472106,TARE
4.893000,0.423649,-0.201507,-0.138731,0.000450,-0.000592,0.000585,-0.469262,TARE
4.894000,0.423654,-0.201506,-0.138729,0.001070,0.000047,0.000496,-0.466028,TARE
4.895000,0.423650,-0.201508,-0.138731,-0.001051,-0.000715,-0.000289,-0.462467,TARE
4.896000,0.423649,-0.201506,-0.138731,-0.000778,0.000333,-0.000023,-0.458622,TARE
4.897000,0.423653,-0.201508,-0.138729,0.000472,-0.000451,0.000307,-0.454551,TARE
4.898000,0.423650,-0.201505,-0.138732,-0.000728,0.001009,-0.000727,-0.450313,TARE
4.899000,0.423645,-0.201505,-0.138734,-0.002194,0.000739,-0.001063,-0.445982,TARE
4.900000,0.423647,-0.201508,-0.138732,-0.000724,-0.001024,-0.000091,-0.441668,TARE
4.901000,0.423653,-0.201506,-0.138729,0.001111,0.000029,0.000734,-0.437498,TARE
4.902000,0.423654,-0.201509,-0.138729,0.001508,-0.001162,0.000709,-0.433558,TARE
4.903000,0.423650,-0.201509,-0.138730,0.000167,-0.000560,0.000412,-0.429853,TARE
4.904000,0.423649,-0.201508,-0.138731,0.000070,-0.000152,0.000040,-0.426343,TARE
4.905000,0.423649,-0.201509,-0.138730,0.000285,0.000165,0.000159,-0.422980,TARE
4.906000,0.423648,-0.201511,-0.138730,0.000164,-0.001161,0.000716,-0.419730,TARE
4.907000,0.423649,-0.201509,-0.138730,0.000436,-0.000124,0.000624,-0.416557,TARE
4.908000,0.423647,-0.201510,-0.138731,-0.000394,-0.000615,-0.000029,-0.413406,TARE
4.909000,0.423646,-0.201507,-0.138733,-0.000419,0.000056,-0.000441,-0.410237,TARE
4.910000,0.423646,-0.201512,-0.138731,0.000035,-0.001207,0.000284,-0.407081,TARE
4.911000,0.423646,-0.201511,-0.138731,-0.000132,-0.001083,0.000256,-0.404041,TARE
4.912000,0.423648,-0.201510,-0.138730,0.000409,-0.000535,0.000552,-0.401224,TARE
4.913000,0.423647,-0.201511,-0.138730,0.000334,-0.000342,0.000285,-0.398686,TARE
4.914000,0.423649,-0.201509,-0.138731,0.001500,0.000675,0.000261,-0.396419,TARE
4.915000,0.423644,-0.201512,-0.138731,0.000102,-0.000802,0.000487,-0.394383,TARE
4.916000,0.423645,-0.201505,-0.138734,0.000039,0.001668,-0.000814,-0.392533,TARE
4.917000,0.423646,-0.201508,-0.138732,0.000185,0.000560,-0.000155,-0.390848,TARE
4.918000,0.423648,-0.201510,-0.138730,0.000747,-0.000181,0.000484,-0.389345,TARE
4.919000,0.423641,-0.201511,-0.138734,-0.001374,-0.000815,-0.000684,-0.388052,TARE
4.920000,0.423647,-0.201511,-0.138730,0.000573,-0.000691,0.000589,-0.386993,TARE
4.921000,0.423646,-0.201506,-0.138731,-0.000078,0.001352,-0.000169,-0.386191,TARE
4.922000,0.423646,-0.201508,-0.138731,-0.000327,0.000391,0.000087,-0.385632,TARE
4.923000,0.423642,-0.201508,-0.138734,-0.001772,0.000299,-0.000997,-0.385259,TARE
4.924000,0.423647,-0.201508,-0.138731,-0.000393,0.000188,-0.000093,-0.385026,TARE
4.925000,0.423647,-0.201509,-0.138731,0.000167,-0.000166,0.000354,-0.384926,TARE
4.926000,0.423642,-0.201508,-0.138734,-0.001620,0.000186,-0.000398,-0.384951,TARE
4.927000,0.423646,-0.201508,-0.138732,0.000221,-0.000398,0.000316,-0.385061,TARE
4.928000,0.423648,-0.201509,-0.138730,0.000998,-0.000449,0.000918,-0.385185,TARE
4.929000,0.423646,-0.201509,-0.138731,-0.000811,-0.000092,-0.000066,-0.385232,TARE
4.930000,0.423649,-0.201505,-0.138731,0.000670,0.000869,0.000164,-0.385096,TARE
4.931000,0.423647,-0.201506,-0.138731,-0.000336,0.000153,0.000126,-0.384689,TARE
4.932000,0.423650,-0.201507,-0.138730,0.000616,-0.000131,0.000502,-0.383959,TARE
4.933000,0.423647,-0.201507,-0.138732,-0.000009,0.000012,-0.000266,-0.382879,TARE
4.934000,0.423649,-0.201508,-0.138731,0.000445,-0.000109,0.000211,-0.381466,TARE
4.935000,0.423647,-0.201507,-0.138733,0.000466,0.000660,-0.000302,-0.379797,TARE
4.936000,0.423647,-0.201505,-0.138733,0.000333,0.001298,-0.000541,-0.378001,TARE
4.937000,0.423648,-0.201507,-0.138732,0.000676,0.000305,-0.000076,-0.376236,TARE
4.938000,0.423649,-0.201505,-0.138733,0.000768,0.000819,-0.000248,-0.374671,TARE
4.939000,0.423647,-0.201508,-0.138732,0.000735,0.000085,0.000212,-0.373451,TARE
4.940000,0.423647,-0.201508,-0.138732,0.001099,-0.000048,0.000522,-0.372666,TARE
4.941000,0.423648,-0.201508,-0.138731,0.001806,-0.000124,0.000777,-0.372326,TARE
4.942000,0.423646,-0.201508,-0.138732,0.000468,0.000116,0.000137,-0.372361,TARE
4.943000,0.423646,-0.201508,-0.138732,0.000770,0.000023,0.000081,-0.372669,TARE
4.944000,0.423645,-0.201508,-0.138732,0.000102,0.000256,-0.000245,-0.373171,TARE
4.945000,0.423650,-0.201507,-0.138730,0.001457,0.000534,0.000287,-0.373842,TARE
4.946000,0.423648,-0.201508,-0.138731,0.000415,0.000156,0.000017,-0.374692,TARE
4.947000,0.423649,-0.201507,-0.138730,0.000418,0.000393,0.000063,-0.375734,TARE
4.948000,0.423644,-0.201507,-0.138733,-0.002362,0.000020,-0.001246,-0.376970,TARE
4.949000,0.423646,-0.201508,-0.138732,-0.001040,-0.000023,-0.000529,-0.378420,TARE
4.950000,0.423646,-0.201509,-0.138732,-0.000521,-0.000431,-0.000313,-0.380141,TARE
4.951000,0.423645,-0.201510,-0.138732,-0.000691,-0.000323,-0.000358,-0.382204,TARE
4.952000,0.423646,-0.201508,-0.138732,-0.000216,0.000324,-0.000404,-0.384653,TARE
4.953000,0.423647,-0.201510,-0.138731,0.000291,-0.000271,0.000256,-0.387499,TARE
4.954000,0.423647,-0.201509,-0.138731,0.000647,0.000548,0.000329,-0.390701,TARE
4.955000,0.423645,-0.201510,-0.138732,-0.000297,0.000471,-0.000349,-0.394155,TARE
4.956000,0.423648,-0.201508,-0.138731,-0.000098,0.000668,-0.000108,-0.397717,TARE
4.957000,0.423647,-0.201509,-0.138731,-0.000359,0.000157,-0.000227,-0.401254,TARE
4.958000,0.423646,-0.201509,-0.138732,0.000156,0.000324,-0.000182,-0.404668,TARE
4.959000,0.423645,-0.201509,-0.138732,-0.000393,0.000014,-0.000138,-0.407903,TARE
4.960000,0.423650,-0.201509,-0.138729,0.001160,0.000268,0.000607,-0.410937,TARE
4.961000,0.423647,-0.201511,-0.138730,-0.000140,-0.000564,0.000421,-0.413737,TARE
4.962000,0.423647,-0.201510,-0.138731,0.000398,0.000130,-0.000005,-0.416235,TARE
4.963000,0.423649,-0.201511,-0.138729,0.001659,-0.000149,0.000873,-0.418350,TARE
4.964000,0.423642,-0.201509,-0.138733,-0.000632,0.000686,-0.000641,-0.420028,TARE
4.965000,0.423644,-0.201510,-0.138732,-0.000743,0.000272,-0.000543,-0.421261,TARE
4.966000,0.423647,-0.201510,-0.138731,0.000847,-0.000098,0.000565,-0.422114,TARE
4.967000,0.423646,-0.201507,-0.138732,0.000736,0.000730,0.000251,-0.422678,TARE
4.968000,0.423645,-0.201512,-0.138731,0.000231,-0.000690,0.000441,-0.423006,TARE
4.969000,0.423647,-0.201507,-0.138731,0.000957,0.001127,0.000423,-0.423090,TARE
4.970000,0.423643,-0.201507,-0.138733,-0.001045,0.000650,-0.000342,-0.422887,TARE
4.971000,0.423645,-0.201510,-0.138732,-0.000391,-0.000641,-0.000027,-0.422359,TARE
4.972000,0.423645,-0.201509,-0.138732,-0.000536,0.000393,-0.000293,-0.421519,TARE
4.973000,0.423646,-0.201509,-0.138731,-0.000873,-0.000045,-0.000278,-0.420444,TARE
4.974000,0.423648,-0.201509,-0.138730,-0.000156,-0.000101,0.000124,-0.419242,TARE
4.975000,0.423644,-0.201510,-0.138732,-0.000379,0.000015,0.000020,-0.418015,TARE
4.976000,0.423644,-0.201509,-0.138732,0.000025,0.000268,0.000091,-0.416829,TARE
4.977000,0.423645,-0.201506,-0.138733,0.000402,0.001305,-0.000232,-0.415715,TARE
4.978000,0.423645,-0.201509,-0.138732,0.000182,0.000021,-0.000068,-0.414684,TARE
4.979000,0.423647,-0.201509,-0.138731,0.000636,0.000004,0.000263,-0.413753,TARE
4.980000,0.423646,-0.201507,-0.138731,0.000202,0.000313,0.000283,-0.412937,TARE
4.981000,0.423642,-0.201508,-0.138733,-0.001339,0.000139,-0.000447,-0.412228,TARE
4.982000,0.423647,-0.201508,-0.138731,0.000166,0.000196,-0.000107,-0.411608,TARE
4.983000,0.423647,-0.201510,-0.138730,0.000035,-0.000321,0.000138,-0.411074,TARE
4.984000,0.423648,-0.201509,-0.138729,0.001321,-0.000169,0.001039,-0.410642,TARE
4.985000,0.423646,-0.201509,-0.138731,0.000109,-0.000596,0.000481,-0.410288,TARE
4.986000,0.423646,-0.201508,-0.138732,-0.000486,0.000103,-0.000195,-0.409927,TARE
4.987000,0.423650,-0.201512,-0.138728,0.001106,-0.001248,0.001117,-0.409464,TARE
4.988000,0.423647,-0.201511,-0.138730,0.000373,-0.000583,0.000371,-0.408830,TARE
4.989000,0.423646,-0.201510,-0.138731,0.000700,-0.000096,0.000313,-0.407977,TARE
4.990000,0.423646,-0.201511,-0.138730,-0.000371,-0.000396,0.000226,-0.406891,TARE
4.991000,0.423646,-0.201508,-0.138731,-0.000389,0.000514,-0.000309,-0.405600,TARE
4.992000,0.423646,-0.201509,-0.138731,0.000474,0.000122,-0.000188,-0.404179,TARE
4.993000,0.423644,-0.201508,-0.138733,0.000436,0.000412,-0.000061,-0.402746,TARE
4.994000,0.423647,-0.201507,-0.138731,0.001376,0.000388,0.000443,-0.401446,TARE
4.995000,0.423645,-0.201509,-0.138731,0.000404,0.000269,0.000305,-0.400395,TARE
4.996000,0.423643,-0.201508,-0.138733,-0.000341,0.000752,-0.000399,-0.399639,TARE
4.997000,0.423644,-0.201507,-0.138732,0.000461,0.001099,0.000048,-0.399181,TARE
