t,x,y,z,vx,vy,vz,Fz,phase
0.000000,0.500859,-0.098279,-0.043146,0.000660,-0.000248,0.000393,0.763274,MOVE_JOINT
0.001000,0.500859,-0.098276,-0.043147,0.000440,0.001569,0.000110,0.763254,MOVE_JOINT
0.002000,0.500859,-0.098281,-0.043147,-0.000560,-0.001280,-0.000483,0.763151,MOVE_JOINT
0.003000,0.500857,-0.098279,-0.043148,-0.000996,-0.000098,-0.000678,0.762869,MOVE_JOINT
0.004000,0.500855,-0.098278,-0.043148,-0.000743,0.000916,-0.000029,0.762286,MOVE_JOINT
0.005000,0.500857,-0.098279,-0.043148,-0.000010,-0.000351,0.000402,0.761288,MOVE_JOINT
0.006000,0.500854,-0.098277,-0.043151,-0.000791,0.000450,-0.000517,0.759833,MOVE_JOINT
0.007000,0.500854,-0.098279,-0.043153,-0.000707,0.000181,-0.001256,0.757943,MOVE_JOINT
0.008000,0.500851,-0.098282,-0.043154,-0.001900,-0.000549,-0.001883,0.755609,MOVE_JOINT
0.009000,0.500854,-0.098279,-0.043150,-0.001419,0.000173,-0.001004,0.752732,MOVE_JOINT
0.010000,0.500853,-0.098277,-0.043152,-0.001881,0.000775,-0.001468,0.749148,MOVE_JOINT
0.011000,0.500856,-0.098279,-0.043149,0.000260,0.000412,0.000150,0.744716,MOVE_JOINT
0.012000,0.500851,-0.098279,-0.043152,-0.000707,0.000602,-0.000446,0.739385,MOVE_JOINT
0.013000,0.500856,-0.098282,-0.043146,0.001026,0.000001,0.001334,0.733233,MOVE_JOINT
0.014000,0.500858,-0.098280,-0.043144,0.001501,0.001046,0.001505,0.726464,MOVE_JOINT
0.015000,0.500855,-0.098280,-0.043144,-0.000287,0.000157,0.000983,0.719394,MOVE_JOINT
0.016000,0.500857,-0.098281,-0.043142,0.000422,0.000462,0.001218,0.712380,MOVE_JOINT
0.017000,0.500861,-0.098281,-0.043136,0.001471,0.000948,0.002388,0.705744,MOVE_JOINT
0.018000,0.500862,-0.098282,-0.043133,0.001340,0.000047,0.002645,0.699760,MOVE_JOINT
0.019000,0.500867,-0.098279,-0.043128,0.002888,0.000979,0.003659,0.694684,MOVE_JOINT
0.020000,0.500867,-0.098281,-0.043125,0.001404,0.000154,0.003179,0.690761,MOVE_JOINT
0.021000,0.500868,-0.098281,-0.043122,0.001414,0.000280,0.003088,0.688187,MOVE_JOINT
0.022000,0.500871,-0.098281,-0.043116,0.002221,0.000264,0.003868,0.687053,MOVE_JOINT
0.023000,0.500874,-0.098283,-0.043112,0.002298,-0.000569,0.003913,0.687315,MOVE_JOINT
0.024000,0.500883,-0.098282,-0.043105,0.003244,-0.000943,0.004686,0.688807,MOVE_JOINT
0.025000,0.500886,-0.098280,-0.043101,0.003753,0.000216,0.004510,0.691287,MOVE_JOINT
0.026000,0.500890,-0.098280,-0.043098,0.003955,-0.000097,0.004229,0.694452,MOVE_JOINT
0.027000,0.500893,-0.098279,-0.043096,0.003484,0.000266,0.003584,0.697942,MOVE_JOINT
0.028000,0.500898,-0.098282,-0.043093,0.004271,-0.000016,0.003404,0.701319,MOVE_JOINT
0.029000,0.500900,-0.098279,-0.043094,0.004602,0.000909,0.002791,0.704055,MOVE_JOINT
0.030000,0.500903,-0.098282,-0.043091,0.004241,-0.000563,0.002854,0.705548,MOVE_JOINT
0.031000,0.500909,-0.098278,-0.043087,0.004932,0.000748,0.003319,0.705166,MOVE_JOINT
0.032000,0.500914,-0.098278,-0.043083,0.005195,0.001322,0.003458,0.702336,MOVE_JOINT
0.033000,0.500920,-0.098277,-0.043079,0.005190,0.001474,0.003608,0.696623,MOVE_JOINT
0.034000,0.500926,-0.098274,-0.043074,0.006415,0.002510,0.004342,0.687777,MOVE_JOINT
0.035000,0.500931,-0.098276,-0.043068,0.006283,0.001268,0.005050,0.675741,MOVE_JOINT
0.036000,0.500935,-0.098273,-0.043067,0.005558,0.001657,0.003881,0.660641,MOVE_JOINT
0.037000,0.500939,-0.098273,-0.043065,0.005422,0.001593,0.003505,0.642718,MOVE_JOINT
0.038000,0.500945,-0.098272,-0.043060,0.005240,0.001347,0.003698,0.622223,MOVE_JOINT
0.039000,0.500946,-0.098274,-0.043058,0.004063,0.000151,0.003296,0.599359,MOVE_JOINT
0.040000,0.500952,-0.098273,-0.043052,0.004397,0.000764,0.003739,0.574300,MOVE_JOINT
0.041000,0.500962,-0.098273,-0.043046,0.005944,0.000100,0.004536,0.547225,MOVE_JOINT
0.042000,0.500971,-0.098270,-0.043039,0.006936,0.000470,0.005738,0.518367,MOVE_JOINT
0.043000,0.500979,-0.098268,-0.043035,0.007606,0.001147,0.005654,0.488055,MOVE_JOINT
0.044000,0.500983,-0.098266,-0.043032,0.007021,0.001462,0.004870,0.456714,MOVE_JOINT
0.045000,0.500988,-0.098266,-0.043028,0.006467,0.001063,0.004899,0.424790,MOVE_JOINT
0.046000,0.501001,-0.098266,-0.043019,0.008333,0.001036,0.005930,0.392677,MOVE_JOINT
0.047000,0.501008,-0.098260,-0.043015,0.008170,0.001925,0.005413,0.360709,MOVE_JOINT
0.048000,0.501015,-0.098259,-0.043009,0.008464,0.002151,0.005654,0.329186,MOVE_JOINT
0.049000,0.501025,-0.098260,-0.043002,0.008744,0.001089,0.006319,0.298372,MOVE_JOINT
0.050000,0.501034,-0.098254,-0.042996,0.009253,0.002858,0.006547,0.268498,MOVE_JOINT
0.051000,0.501040,-0.098257,-0.042989,0.008666,0.001373,0.006529,0.239778,MOVE_JOINT
0.052000,0.501050,-0.098253,-0.042983,0.008403,0.001832,0.006381,0.212406,MOVE_JOINT
0.053000,0.501060,-0.098254,-0.042977,0.009517,0.001181,0.007088,0.186538,MOVE_JOINT
0.054000,0.501066,-0.098253,-0.042970,0.008606,0.001446,0.006991,0.162287,MOVE_JOINT
0.055000,0.501077,-0.098251,-0.042961,0.009687,0.001523,0.007790,0.139743,MOVE_JOINT
0.056000,0.501090,-0.098246,-0.042952,0.010724,0.002680,0.008204,0.119007,MOVE_JOINT
0.057000,0.501099,-0.098250,-0.042944,0.010041,0.000472,0.008125,0.100206,MOVE_JOINT
0.058000,0.501104,-0.098249,-0.042938,0.009094,0.000806,0.007478,0.083476,MOVE_JOINT
0.059000,0.501119,-0.098246,-0.042927,0.010506,0.001607,0.008567,0.068915,MOVE_JOINT
0.060000,0.501132,-0.098245,-0.042917,0.011225,0.001400,0.008939,0.056560,MOVE_JOINT
0.061000,0.501138,-0.098242,-0.042910,0.010445,0.002202,0.008345,0.046432,MOVE_JOINT
0.062000,0.501149,-0.098242,-0.042902,0.010303,0.001885,0.008032,0.038536,MOVE_JOINT
0.063000,0.501155,-0.098242,-0.042896,0.009555,0.001897,0.007142,0.032817,MOVE_JOINT
0.064000,0.501167,-0.098242,-0.042887,0.009740,0.001522,0.007339,0.029102,MOVE_JOINT
0.065000,0.501176,-0.098241,-0.042878,0.009328,0.000999,0.007423,0.027089,MOVE_JOINT
0.066000,0.501186,-0.098240,-0.042869,0.009377,0.000594,0.007692,0.026396,MOVE_JOINT
0.067000,0.501193,-0.098242,-0.042863,0.008694,0.000064,0.007145,0.026619,MOVE_JOINT
0.068000,0.501203,-0.098238,-0.042855,0.008957,0.001734,0.007178,0.027366,MOVE_JOINT
0.069000,0.501214,-0.098237,-0.042847,0.009803,0.001706,0.007518,0.028261,MOVE_JOINT
0.070000,0.501225,-0.098237,-0.042837,0.010305,0.000655,0.008127,0.028970,MOVE_JOINT
0.071000,0.501230,-0.098241,-0.042831,0.009322,-0.000499,0.007651,0.029233,MOVE_JOINT
0.072000,0.501241,-0.098239,-0.042824,0.009329,-0.000024,0.007365,0.028858,MOVE_JOINT
0.073000,0.501252,-0.098236,-0.042815,0.009389,0.000691,0.007952,0.027696,MOVE_JOINT
0.074000,0.501260,-0.098234,-0.042810,0.008737,0.000890,0.006998,0.025629,MOVE_JOINT
0.075000,0.501272,-0.098232,-0.042801,0.010108,0.001238,0.007968,0.022564,MOVE_JOINT
0.076000,0.501276,-0.098231,-0.042796,0.008279,0.000936,0.006865,0.018434,MOVE_JOINT
0.077000,0.501288,-0.098231,-0.042787,0.009518,0.000775,0.007607,0.013190,MOVE_JOINT
0.078000,0.501299,-0.098231,-0.042778,0.010738,0.000937,0.008377,0.006815,MOVE_JOINT
0.079000,0.501304,-0.098231,-0.042772,0.009238,0.000786,0.007601,-0.000654,MOVE_JOINT
0.080000,0.501315,-0.098227,-0.042765,0.009480,0.001399,0.007438,-0.009117,MOVE_JOINT
0.081000,0.501324,-0.098233,-0.042757,0.009151,-0.001072,0.007931,-0.018448,MOVE_JOINT
0.082000,0.501332,-0.098229,-0.042752,0.008724,0.000357,0.007253,-0.028534,MOVE_JOINT
0.083000,0.501343,-0.098225,-0.042745,0.009924,0.001424,0.007397,-0.039280,MOVE_JOINT
0.084000,0.501348,-0.098225,-0.042741,0.008237,0.001056,0.006301,-0.050619,MOVE_JOINT
0.085000,0.501357,-0.098225,-0.042733,0.008507,0.000575,0.006806,-0.062517,MOVE_JOINT
0.086000,0.501367,-0.098223,-0.042724,0.009222,0.001472,0.007427,-0.074974,MOVE_JOINT
0.087000,0.501378,-0.098220,-0.042717,0.009281,0.001559,0.007310,-0.087970,MOVE_JOINT
0.088000,0.501386,-0.098217,-0.042710,0.009504,0.002575,0.007312,-0.101424,MOVE_JOINT
0.089000,0.501395,-0.098216,-0.042702,0.009079,0.001737,0.007466,-0.115189,MOVE_JOINT
0.090000,0.501403,-0.098217,-0.042694,0.008665,0.001388,0.007615,-0.129083,MOVE_JOINT
0.091000,0.501411,-0.098217,-0.042689,0.008258,0.000992,0.007008,-0.142907,MOVE_JOINT
0.092000,0.501420,-0.098213,-0.042681,0.008546,0.002312,0.007264,-0.156478,MOVE_JOINT
0.093000,0.501430,-0.098215,-0.042672,0.008439,0.000876,0.007310,-0.169653,MOVE_JOINT
0.094000,0.501440,-0.098212,-0.042665,0.008937,0.001894,0.007386,-0.182323,MOVE_JOINT
0.095000,0.501450,-0.098211,-0.042656,0.009350,0.001812,0.007966,-0.194400,MOVE_JOINT
0.096000,0.501456,-0.098211,-0.042649,0.008925,0.001527,0.007200,-0.205798,MOVE_JOINT
0.097000,0.501461,-0.098211,-0.042644,0.007708,0.001138,0.006795,-0.216447,MOVE_JOINT
0.098000,0.501471,-0.098209,-0.042635,0.007399,0.001242,0.006834,-0.226314,MOVE_JOINT
0.099000,0.501480,-0.098210,-0.042625,0.007449,0.000854,0.007424,-0.235411,MOVE_JOINT
0.100000,0.501492,-0.098207,-0.042616,0.008814,0.001567,0.008013,-0.243752,MOVE_JOINT
0.101000,0.501502,-0.098205,-0.042608,0.008533,0.001168,0.007892,-0.251301,MOVE_JOINT
0.102000,0.501508,-0.098205,-0.042601,0.007513,0.000369,0.007394,-0.257969,MOVE_JOINT
0.103000,0.501517,-0.098202,-0.042592,0.007832,0.001973,0.007782,-0.263656,MOVE_JOINT
0.104000,0.501529,-0.098200,-0.042583,0.009395,0.002056,0.008273,-0.268289,MOVE_JOINT
0.105000,0.501536,-0.098202,-0.042576,0.008741,0.001305,0.007828,-0.271808,MOVE_JOINT
0.106000,0.501544,-0.098200,-0.042568,0.009210,0.001387,0.008174,-0.274177,MOVE_JOINT
0.107000,0.501551,-0.098202,-0.042560,0.008401,-0.000182,0.008038,-0.275397,MOVE_JOINT
0.108000,0.501558,-0.098200,-0.042554,0.007470,0.000045,0.007220,-0.275531,MOVE_JOINT
0.109000,0.501569,-0.098199,-0.042546,0.008749,0.000568,0.007727,-0.274711,MOVE_JOINT
0.110000,0.501578,-0.098198,-0.042539,0.009485,0.001374,0.007677,-0.273142,MOVE_JOINT
0.111000,0.501586,-0.098196,-0.042531,0.008643,0.001088,0.007548,-0.271067,MOVE_JOINT
0.112000,0.501587,-0.098196,-0.042529,0.005922,0.000673,0.005263,-0.268751,MOVE_JOINT
0.113000,0.501597,-0.098197,-0.042520,0.007460,0.000540,0.006439,-0.266513,MOVE_JOINT
0.114000,0.501603,-0.098197,-0.042515,0.007193,0.000483,0.006279,-0.264733,MOVE_JOINT
0.115000,0.501610,-0.098198,-0.042508,0.007358,0.000354,0.006756,-0.263779,MOVE_JOINT
0.116000,0.501619,-0.098191,-0.042502,0.007836,0.002443,0.006370,-0.263935,MOVE_JOINT
0.117000,0.501625,-0.098192,-0.042496,0.007632,0.001068,0.006286,-0.265377,MOVE_JOINT
0.118000,0.501629,-0.098191,-0.042493,0.006722,0.000746,0.005436,-0.268204,MOVE_JOINT
0.119000,0.501634,-0.098191,-0.042487,0.006959,0.000993,0.005665,-0.272487,MOVE_JOINT
0.120000,0.501642,-0.098192,-0.042479,0.007614,0.000730,0.006615,-0.278282,MOVE_JOINT
0.121000,0.501647,-0.098191,-0.042475,0.006450,0.001115,0.005405,-0.285590,MOVE_JOINT
0.122000,0.501655,-0.098192,-0.042467,0.006574,0.000345,0.006065,-0.294335,MOVE_JOINT
0.123000,0.501661,-0.098190,-0.042460,0.006258,0.000926,0.006146,-0.304381,MOVE_JOINT
0.124000,0.501667,-0.098188,-0.042455,0.006490,0.001473,0.005800,-0.315553,MOVE_JOINT
0.125000,0.501670,-0.098190,-0.042452,0.005429,0.000200,0.005352,-0.327648,MOVE_JOINT
0.126000,0.501681,-0.098191,-0.042443,0.007155,0.000170,0.006547,-0.340466,MOVE_JOINT
0.127000,0.501680,-0.098189,-0.042441,0.005465,0.001007,0.005221,-0.353814,MOVE_JOINT
0.128000,0.501692,-0.098191,-0.042431,0.007472,0.000172,0.006699,-0.367505,MOVE_JOINT
0.129000,0.501692,-0.098192,-0.042429,0.005137,0.000442,0.005280,-0.381353,MOVE_JOINT
0.130000,0.501700,-0.098192,-0.042421,0.006454,0.000360,0.006068,-0.395188,MOVE_JOINT
0.131000,0.501705,-0.098193,-0.042416,0.005710,-0.000171,0.005548,-0.408866,MOVE_JOINT
0.132000,0.501710,-0.098197,-0.042410,0.005806,-0.000904,0.005723,-0.422279,MOVE_JOINT
0.133000,0.501717,-0.098196,-0.042405,0.005242,-0.000636,0.005325,-0.435355,MOVE_JOINT
0.134000,0.501721,-0.098195,-0.042400,0.004833,-0.000470,0.005192,-0.448067,MOVE_JOINT
0.135000,0.501726,-0.098197,-0.042395,0.004850,-0.000846,0.004993,-0.460437,MOVE_JOINT
0.136000,0.501734,-0.098195,-0.042389,0.005337,0.000172,0.005085,-0.472523,MOVE_JOINT
0.137000,0.501738,-0.098197,-0.042384,0.005451,-0.000090,0.005263,-0.484392,MOVE_JOINT
0.138000,0.501742,-0.098196,-0.042381,0.005428,0.001043,0.004848,-0.496093,MOVE_JOINT
0.139000,0.501745,-0.098199,-0.042377,0.005046,-0.000636,0.004773,-0.507651,MOVE_JOINT
0.140000,0.501755,-0.098196,-0.042369,0.006204,0.000533,0.005472,-0.519077,MOVE_JOINT
0.141000,0.501755,-0.098198,-0.042365,0.004915,0.000054,0.004876,-0.530360,MOVE_JOINT
0.142000,0.501765,-0.098196,-0.042359,0.005677,0.000035,0.005428,-0.541450,MOVE_JOINT
0.143000,0.501770,-0.098197,-0.042352,0.005695,0.000318,0.005735,-0.552248,MOVE_JOINT
0.144000,0.501772,-0.098198,-0.042349,0.004574,0.000239,0.004721,-0.562614,MOVE_JOINT
0.145000,0.501778,-0.098200,-0.042344,0.004293,-0.001398,0.004744,-0.572406,MOVE_JOINT
0.146000,0.501786,-0.098200,-0.042338,0.005389,-0.001214,0.005377,-0.581537,MOVE_JOINT
0.147000,0.501788,-0.098198,-0.042332,0.004805,0.000082,0.005432,-0.589978,MOVE_JOINT
0.148000,0.501790,-0.098201,-0.042328,0.003189,-0.001369,0.004319,-0.597719,MOVE_JOINT
0.149000,0.501796,-0.098202,-0.042323,0.003784,-0.001359,0.004795,-0.604762,MOVE_JOINT
0.150000,0.501805,-0.098200,-0.042315,0.004696,-0.001277,0.005407,-0.611140,MOVE_JOINT
0.151000,0.501809,-0.098198,-0.042311,0.004203,-0.000524,0.005234,-0.616893,MOVE_JOINT
0.152000,0.501810,-0.098202,-0.042306,0.003618,-0.001464,0.004645,-0.622033,MOVE_JOINT
0.153000,0.501820,-0.098201,-0.042297,0.005504,-0.000536,0.005873,-0.626544,MOVE_JOINT
0.154000,0.501821,-0.098199,-0.042295,0.004344,0.000011,0.004978,-0.630389,MOVE_JOINT
0.155000,0.501825,-0.098199,-0.042291,0.004150,0.000274,0.004341,-0.633520,MOVE_JOINT
0.156000,0.501826,-0.098199,-0.042287,0.003469,0.000287,0.004405,-0.635916,MOVE_JOINT
0.157000,0.501830,-0.098203,-0.042281,0.003705,-0.001478,0.004807,-0.637626,MOVE_JOINT
0.158000,0.501838,-0.098197,-0.042275,0.004807,0.000707,0.005308,-0.638740,MOVE_JOINT
0.159000,0.501842,-0.098199,-0.042271,0.004827,0.000089,0.004868,-0.639339,MOVE_JOINT
0.160000,0.501844,-0.098198,-0.042266,0.004130,0.000404,0.004775,-0.639480,MOVE_JOINT
0.161000,0.501843,-0.098199,-0.042266,0.001981,-0.000475,0.003531,-0.639230,MOVE_JOINT
0.162000,0.501850,-0.098199,-0.042259,0.003634,-0.000199,0.004581,-0.638726,MOVE_JOINT
0.163000,0.501855,-0.098201,-0.042253,0.004405,-0.001002,0.005112,-0.638170,MOVE_JOINT
0.164000,0.501858,-0.098200,-0.042252,0.003581,-0.000545,0.004357,-0.637783,MOVE_JOINT
0.165000,0.501859,-0.098198,-0.042250,0.003097,0.000368,0.003913,-0.637761,MOVE_JOINT
0.166000,0.501861,-0.098199,-0.042247,0.003383,0.000344,0.003834,-0.638275,MOVE_JOINT
0.167000,0.501865,-0.098199,-0.042241,0.003555,0.000767,0.004436,-0.639482,MOVE_JOINT
0.168000,0.501866,-0.098199,-0.042240,0.002673,0.000228,0.003367,-0.641498,MOVE_JOINT
0.169000,0.501869,-0.098203,-0.042235,0.002426,-0.000579,0.003575,-0.644385,MOVE_JOINT
0.170000,0.501874,-0.098200,-0.042230,0.003162,0.000519,0.003394,-0.648188,MOVE_JOINT
0.171000,0.501871,-0.098203,-0.042231,0.001189,-0.001064,0.001709,-0.652952,MOVE_JOINT
0.172000,0.501874,-0.098201,-0.042227,0.002055,0.000121,0.003036,-0.658755,MOVE_JOINT
0.173000,0.501877,-0.098203,-0.042223,0.002375,-0.000247,0.003247,-0.665697,MOVE_JOINT
0.174000,0.501881,-0.098204,-0.042217,0.002690,-0.001001,0.003799,-0.673840,MOVE_JOINT
0.175000,0.501884,-0.098202,-0.042215,0.002640,0.000029,0.003328,-0.683161,MOVE_JOINT
0.176000,0.501886,-0.098200,-0.042211,0.002244,0.000548,0.003391,-0.693557,MOVE_JOINT
0.177000,0.501889,-0.098202,-0.042208,0.001674,-0.000254,0.002530,-0.704882,MOVE_JOINT
0.178000,0.501890,-0.098202,-0.042206,0.001169,0.000295,0.002336,-0.716979,MOVE_JOINT
0.179000,0.501889,-0.098205,-0.042204,0.000372,-0.000149,0.001902,-0.729714,MOVE_JOINT
0.180000,0.501895,-0.098205,-0.042199,0.002096,-0.000721,0.003109,-0.742992,MOVE_JOINT
0.181000,0.501895,-0.098206,-0.042196,0.001445,-0.001099,0.002764,-0.756723,MOVE_JOINT
0.182000,0.501899,-0.098205,-0.042193,0.002465,-0.000599,0.003116,-0.770792,MOVE_JOINT
0.183000,0.501901,-0.098206,-0.042190,0.002364,-0.000703,0.003005,-0.785038,MOVE_JOINT
0.184000,0.501901,-0.098205,-0.042187,0.001819,-0.000356,0.003095,-0.799274,MOVE_JOINT
0.185000,0.501906,-0.098205,-0.042182,0.002006,-0.000363,0.003317,-0.813284,MOVE_JOINT
0.186000,0.501906,-0.098201,-0.042182,0.001798,0.000729,0.002739,-0.826841,MOVE_JOINT
0.187000,0.501911,-0.098205,-0.042176,0.002777,-0.000611,0.003798,-0.839721,MOVE_JOINT
0.188000,0.501912,-0.098203,-0.042173,0.001932,0.000273,0.003257,-0.851723,MOVE_JOINT
0.189000,0.501917,-0.098201,-0.042169,0.002762,0.000038,0.003785,-0.862668,MOVE_JOINT
0.190000,0.501922,-0.098203,-0.042163,0.003130,-0.000079,0.004085,-0.872398,MOVE_JOINT
0.191000,0.501917,-0.098202,-0.042164,0.001159,0.000006,0.002698,-0.880782,MOVE_JOINT
0.192000,0.501922,-0.098203,-0.042159,0.002013,-0.000119,0.003094,-0.887742,MOVE_JOINT
0.193000,0.501924,-0.098204,-0.042155,0.001474,-0.000199,0.003029,-0.893285,MOVE_JOINT
0.194000,0.501926,-0.098205,-0.042152,0.002268,-0.000033,0.003286,-0.897486,MOVE_JOINT
0.195000,0.501927,-0.098208,-0.042149,0.002553,-0.001133,0.003578,-0.900450,MOVE_JOINT
0.196000,0.501933,-0.098206,-0.042145,0.003125,-0.000575,0.003643,-0.902288,MOVE_JOINT
0.197000,0.501937,-0.098200,-0.042141,0.003914,0.001495,0.003992,-0.903106,MOVE_JOINT
0.198000,0.501940,-0.098202,-0.042137,0.003213,-0.000498,0.003661,-0.902999,MOVE_JOINT
0.199000,0.501942,-0.098203,-0.042134,0.003166,-0.000409,0.003564,-0.902055,MOVE_JOINT
0.200000,0.501943,-0.098206,-0.042133,0.002405,-0.001249,0.003099,-0.900395,MOVE_JOINT
0.201000,0.501945,-0.098204,-0.042130,0.002111,-0.000678,0.002878,-0.898203,MOVE_JOINT
0.202000,0.501952,-0.098204,-0.042125,0.003856,-0.000242,0.003424,-0.895726,MOVE_JOINT
0.203000,0.501953,-0.098203,-0.042123,0.003052,-0.000520,0.003191,-0.893233,MOVE_JOINT
0.204000,0.501950,-0.098204,-0.042124,0.001481,-0.001302,0.002046,-0.890972,MOVE_JOINT
0.205000,0.501959,-0.098203,-0.042116,0.003894,-0.000419,0.003883,-0.889166,MOVE_JOINT
0.206000,0.501960,-0.098201,-0.042115,0.003524,-0.000453,0.003302,-0.887992,MOVE_JOINT
0.207000,0.501961,-0.098205,-0.042114,0.002872,-0.001399,0.002669,-0.887548,MOVE_JOINT
0.208000,0.501965,-0.098201,-0.042111,0.002694,-0.000119,0.002331,-0.887878,MOVE_JOINT
0.209000,0.501965,-0.098206,-0.042107,0.002068,-0.001362,0.002588,-0.889023,MOVE_JOINT
0.210000,0.501966,-0.098205,-0.042105,0.002200,-0.000635,0.002921,-0.891026,MOVE_JOINT
0.211000,0.501963,-0.098206,-0.042107,0.000621,-0.000593,0.001658,-0.893895,MOVE_JOINT
0.212000,0.501968,-0.098204,-0.042101,0.001855,-0.000066,0.002959,-0.897609,MOVE_JOINT
0.213000,0.501970,-0.098205,-0.042100,0.002190,-0.000236,0.002626,-0.902117,MOVE_JOINT
0.214000,0.501971,-0.098213,-0.042097,0.001655,-0.002284,0.002303,-0.907322,MOVE_JOINT
0.215000,0.501968,-0.098212,-0.042096,0.000302,-0.001752,0.001943,-0.913101,MOVE_JOINT
0.216000,0.501975,-0.098208,-0.042092,0.002508,0.000028,0.002478,-0.919336,MOVE_JOINT
0.217000,0.501974,-0.098211,-0.042091,0.002052,-0.000652,0.002698,-0.925915,MOVE_JOINT
0.218000,0.501975,-0.098208,-0.042090,0.001370,0.000729,0.001815,-0.932696,MOVE_JOINT
0.219000,0.501980,-0.098212,-0.042085,0.002742,-0.000289,0.002957,-0.939506,MOVE_JOINT
0.220000,0.501980,-0.098214,-0.042083,0.001791,-0.001330,0.002519,-0.946159,MOVE_JOINT
0.221000,0.501981,-0.098211,-0.042081,0.002004,0.000174,0.002739,-0.952477,MOVE_JOINT
0.222000,0.501983,-0.098211,-0.042077,0.001972,0.000352,0.002692,-0.958290,MOVE_JOINT
0.223000,0.501983,-0.098214,-0.042075,0.001512,-0.000416,0.002569,-0.963443,MOVE_JOINT
0.224000,0.501982,-0.098216,-0.042073,0.001319,-0.000436,0.002589,-0.967798,MOVE_JOINT
0.225000,0.501985,-0.098217,-0.042071,0.002320,-0.000271,0.002620,-0.971255,MOVE_JOINT
0.226000,0.501985,-0.098218,-0.042069,0.002064,-0.000667,0.002660,-0.973754,MOVE_JOINT
0.227000,0.501993,-0.098214,-0.042062,0.004187,0.001431,0.003820,-0.975273,MOVE_JOINT
0.228000,0.501987,-0.098222,-0.042063,0.001535,-0.001289,0.002618,-0.975811,MOVE_JOINT
0.229000,0.501990,-0.098222,-0.042059,0.002083,-0.001048,0.003263,-0.975376,MOVE_JOINT
0.230000,0.501988,-0.098222,-0.042060,0.000761,-0.000553,0.001962,-0.974022,MOVE_JOINT
0.231000,0.501993,-0.098224,-0.042055,0.002500,-0.000875,0.003029,-0.971865,MOVE_JOINT
0.232000,0.501994,-0.098221,-0.042054,0.002083,0.000759,0.002372,-0.969076,MOVE_JOINT
0.233000,0.501997,-0.098225,-0.042050,0.002224,-0.000820,0.002908,-0.965852,MOVE_JOINT
0.234000,0.501996,-0.098222,-0.042050,0.001714,0.000842,0.002294,-0.962390,MOVE_JOINT
0.235000,0.501995,-0.098223,-0.042049,0.000785,0.000666,0.001799,-0.958886,MOVE_JOINT
0.236000,0.502001,-0.098222,-0.042044,0.002779,0.000934,0.003223,-0.955533,MOVE_JOINT
0.237000,0.502003,-0.098221,-0.042040,0.002153,0.000718,0.002900,-0.952489,MOVE_JOINT
0.238000,0.502007,-0.098221,-0.042038,0.002882,0.001056,0.002980,-0.949848,MOVE_JOINT
0.239000,0.502010,-0.098222,-0.042035,0.002912,0.000408,0.002956,-0.947634,MOVE_JOINT
0.240000,0.502008,-0.098224,-0.042034,0.001693,0.000184,0.002762,-0.945833,MOVE_JOINT
0.241000,0.502011,-0.098225,-0.042030,0.002383,-0.000380,0.002996,-0.944423,MOVE_JOINT
0.242000,0.502010,-0.098223,-0.042031,0.001425,0.000581,0.001638,-0.943397,MOVE_JOINT
0.243000,0.502013,-0.098225,-0.042026,0.001845,-0.000162,0.002461,-0.942797,MOVE_JOINT
0.244000,0.502018,-0.098224,-0.042023,0.002333,0.000406,0.002638,-0.942716,MOVE_JOINT
0.245000,0.502021,-0.098220,-0.042020,0.002490,0.001083,0.002758,-0.943249,MOVE_JOINT
0.246000,0.502023,-0.098221,-0.042018,0.002331,0.001010,0.002688,-0.944445,MOVE_JOINT
0.247000,0.502025,-0.098222,-0.042013,0.002554,0.000132,0.003100,-0.946296,MOVE_JOINT
0.248000,0.502025,-0.098223,-0.042014,0.001937,-0.000117,0.002056,-0.948760,MOVE_JOINT
0.249000,0.502028,-0.098224,-0.042010,0.002341,0.000053,0.002327,-0.951807,MOVE_JOINT
0.250000,0.502026,-0.098225,-0.042009,0.001178,0.000509,0.001902,-0.955443,MOVE_JOINT
0.251000,0.502035,-0.098223,-0.042003,0.003439,0.000986,0.003209,-0.959689,MOVE_JOINT
0.252000,0.502034,-0.098222,-0.042003,0.002291,0.001178,0.002279,-0.964527,MOVE_JOINT
0.253000,0.502031,-0.098224,-0.042004,0.001495,0.000308,0.001835,-0.969884,MOVE_JOINT
0.254000,0.502035,-0.098224,-0.041999,0.001789,0.000188,0.002592,-0.975674,MOVE_JOINT
0.255000,0.502038,-0.098226,-0.041997,0.001319,-0.001267,0.002212,-0.981838,MOVE_JOINT
0.256000,0.502039,-0.098223,-0.041997,0.000786,-0.000183,0.001539,-0.988349,MOVE_JOINT
0.257000,0.502038,-0.098224,-0.041995,0.000213,-0.000020,0.001475,-0.995218,MOVE_JOINT
0.258000,0.502043,-0.098225,-0.041992,0.001741,-0.000025,0.002179,-1.002490,MOVE_JOINT
0.259000,0.502046,-0.098223,-0.041989,0.001448,-0.000166,0.002212,-1.010198,MOVE_JOINT
0.260000,0.502045,-0.098223,-0.041987,0.000752,-0.000155,0.001785,-1.018330,MOVE_JOINT
0.261000,0.502046,-0.098225,-0.041985,0.000191,-0.001144,0.002035,-1.026836,MOVE_JOINT
0.262000,0.502047,-0.098224,-0.041984,0.000714,-0.000521,0.001734,-1.035658,MOVE_JOINT
0.263000,0.502050,-0.098226,-0.041981,0.001756,-0.000927,0.002168,-1.044738,MOVE_JOINT
0.264000,0.502057,-0.098220,-0.041976,0.003776,0.000082,0.003507,-1.054001,MOVE_JOINT
0.265000,0.502052,-0.098223,-0.041978,0.000425,-0.000109,0.001398,-1.063317,MOVE_JOINT
0.266000,0.502050,-0.098225,-0.041976,-0.000454,-0.000380,0.001131,-1.072514,MOVE_JOINT
0.267000,0.502053,-0.098225,-0.041972,0.000527,-0.000178,0.001934,-1.081468,MOVE_JOINT
0.268000,0.502052,-0.098225,-0.041973,-0.001035,-0.000091,0.000400,-1.090130,MOVE_JOINT
0.269000,0.502057,-0.098227,-0.041967,0.000622,-0.000005,0.001892,-1.098518,MOVE_JOINT
0.270000,0.502056,-0.098227,-0.041965,-0.000639,-0.000375,0.001711,-1.106682,MOVE_JOINT
0.271000,0.502057,-0.098228,-0.041964,0.000056,-0.000730,0.001683,-1.114658,MOVE_JOINT
0.272000,0.502058,-0.098228,-0.041962,0.000289,-0.000719,0.001854,-1.122444,MOVE_JOINT
0.273000,0.502061,-0.098232,-0.041958,0.001000,-0.001814,0.002406,-1.130016,MOVE_JOINT
0.274000,0.502062,-0.098228,-0.041956,0.000583,0.000315,0.002059,-1.137331,MOVE_JOINT
0.275000,0.502065,-0.098229,-0.041953,0.001406,-0.000152,0.002613,-1.144318,MOVE_JOINT
0.276000,0.502067,-0.098233,-0.041949,0.002133,-0.000970,0.003536,-1.150870,MOVE_JOINT
0.277000,0.502062,-0.098236,-0.041951,0.000213,-0.001779,0.001864,-1.156858,MOVE_JOINT
0.278000,0.502069,-0.098233,-0.041946,0.002147,-0.000786,0.002660,-1.162164,MOVE_JOINT
0.279000,0.502068,-0.098238,-0.041944,0.001739,-0.001814,0.002774,-1.166739,MOVE_JOINT
0.280000,0.502071,-0.098236,-0.041941,0.002053,-0.001426,0.002935,-1.170591,MOVE_JOINT
0.281000,0.502076,-0.098233,-0.041938,0.002139,0.000119,0.002172,-1.173751,MOVE_JOINT
0.282000,0.502077,-0.098235,-0.041935,0.001988,-0.000837,0.003032,-1.176271,MOVE_JOINT
0.283000,0.502077,-0.098234,-0.041935,0.001712,-0.000596,0.002475,-1.178225,MOVE_JOINT
0.284000,0.502078,-0.098237,-0.041933,0.001144,-0.001282,0.002224,-1.179703,MOVE_JOINT
0.285000,0.502080,-0.098236,-0.041929,0.002068,-0.000403,0.003266,-1.180798,MOVE_JOINT
0.286000,0.502083,-0.098242,-0.041925,0.002524,-0.001604,0.003320,-1.181590,MOVE_JOINT
0.287000,0.502087,-0.098234,-0.041924,0.002610,0.001197,0.002590,-1.182104,MOVE_JOINT
0.288000,0.502086,-0.098240,-0.041923,0.001501,-0.001008,0.002111,-1.182332,MOVE_JOINT
0.289000,0.502090,-0.098238,-0.041921,0.001988,-0.000523,0.002014,-1.182301,MOVE_JOINT
0.290000,0.502088,-0.098242,-0.041919,0.001309,-0.001358,0.002140,-1.182115,MOVE_JOINT
0.291000,0.502092,-0.098241,-0.041916,0.001902,-0.000364,0.002128,-1.181944,MOVE_JOINT
0.292000,0.502097,-0.098239,-0.041910,0.002121,0.000576,0.002728,-1.181958,MOVE_JOINT
0.293000,0.502099,-0.098240,-0.041908,0.001797,0.000144,0.002277,-1.182274,MOVE_JOINT
0.294000,0.502100,-0.098241,-0.041906,0.001877,-0.000569,0.002834,-1.182924,MOVE_JOINT
0.295000,0.502097,-0.098242,-0.041906,0.000291,-0.000679,0.002185,-1.183876,MOVE_JOINT
0.296000,0.502101,-0.098243,-0.041903,0.001020,-0.000816,0.002093,-1.185084,MOVE_JOINT
0.297000,0.502106,-0.098242,-0.041898,0.002219,-0.000961,0.003289,-1.186513,MOVE_JOINT
0.298000,0.502104,-0.098241,-0.041899,0.000726,-0.000478,0.001974,-1.188139,MOVE_JOINT
0.299000,0.502105,-0.098245,-0.041896,0.001255,-0.001583,0.002499,-1.189937,MOVE_JOINT
0.300000,0.502107,-0.098242,-0.041893,0.001403,-0.000652,0.002283,-1.191883,MOVE_JOINT
0.301000,0.502111,-0.098242,-0.041889,0.002049,-0.000173,0.002693,-1.193974,MOVE_JOINT
0.302000,0.502114,-0.098243,-0.041886,0.001742,-0.001082,0.003025,-1.196204,MOVE_JOINT
0.303000,0.502117,-0.098245,-0.041883,0.002838,-0.001520,0.003495,-1.198541,MOVE_JOINT
0.304000,0.502115,-0.098245,-0.041883,0.001786,-0.000822,0.002758,-1.200914,MOVE_JOINT
0.305000,0.502115,-0.098242,-0.041882,0.001881,0.000926,0.002453,-1.203226,MOVE_JOINT
0.306000,0.502118,-0.098247,-0.041876,0.002148,-0.000921,0.003332,-1.205391,MOVE_JOINT
0.307000,0.502116,-0.098249,-0.041876,0.001290,-0.001237,0.002499,-1.207351,MOVE_JOINT
0.308000,0.502120,-0.098245,-0.041873,0.001732,0.000073,0.002689,-1.209085,MOVE_JOINT
0.309000,0.502123,-0.098245,-0.041870,0.001651,-0.001130,0.002609,-1.210615,MOVE_JOINT
0.310000,0.502123,-0.098248,-0.041869,0.001336,-0.001657,0.002462,-1.212009,MOVE_JOINT
0.311000,0.502125,-0.098250,-0.041866,0.001739,-0.001521,0.002730,-1.213360,MOVE_JOINT
0.312000,0.502127,-0.098249,-0.041862,0.001850,-0.000957,0.002991,-1.214766,MOVE_JOINT
0.313000,0.502126,-0.098250,-0.041862,0.001054,-0.001427,0.001975,-1.216300,MOVE_JOINT
0.314000,0.502127,-0.098248,-0.041860,0.001177,-0.000309,0.002172,-1.218019,MOVE_JOINT
0.315000,0.502128,-0.098251,-0.041857,0.001545,-0.001333,0.002762,-1.219980,MOVE_JOINT
0.316000,0.502129,-0.098250,-0.041854,0.000707,-0.000756,0.002235,-1.222220,MOVE_JOINT
0.317000,0.502132,-0.098252,-0.041851,0.001226,-0.001064,0.002819,-1.224740,MOVE_JOINT
0.318000,0.502134,-0.098252,-0.041849,0.000829,-0.000907,0.002287,-1.227512,MOVE_JOINT
0.319000,0.502136,-0.098253,-0.041844,0.001289,-0.001220,0.003247,-1.230493,MOVE_JOINT
0.320000,0.502133,-0.098252,-0.041846,-0.000041,-0.000346,0.001756,-1.233636,MOVE_JOINT
0.321000,0.502138,-0.098256,-0.041841,0.001133,-0.001105,0.002750,-1.236907,MOVE_JOINT
0.322000,0.502139,-0.098254,-0.041838,0.000588,-0.000585,0.002327,-1.240303,MOVE_JOINT
0.323000,0.502139,-0.098256,-0.041837,0.000240,-0.000825,0.001854,-1.243854,MOVE_JOINT
0.324000,0.502142,-0.098255,-0.041834,0.000860,-0.000130,0.002255,-1.247611,MOVE_JOINT
0.325000,0.502141,-0.098259,-0.041831,-0.000167,-0.000971,0.002260,-1.251634,MOVE_JOINT
0.326000,0.502145,-0.098258,-0.041827,0.000457,-0.000286,0.002083,-1.255969,MOVE_JOINT
0.327000,0.502149,-0.098259,-0.041823,0.001689,-0.000469,0.002638,-1.260636,MOVE_JOINT
0.328000,0.502150,-0.098261,-0.041820,0.001357,-0.001228,0.003008,-1.265619,MOVE_JOINT
0.329000,0.502153,-0.098257,-0.041817,0.002228,-0.000477,0.003282,-1.270860,MOVE_JOINT
0.330000,0.502151,-0.098262,-0.041815,0.001258,-0.001407,0.003001,-1.276241,MOVE_JOINT
0.331000,0.502159,-0.098260,-0.041807,0.003826,-0.000149,0.004685,-1.281597,MOVE_JOINT
0.332000,0.502160,-0.098261,-0.041804,0.002742,-0.000433,0.004126,-1.286709,MOVE_JOINT
0.333000,0.502162,-0.098264,-0.041801,0.002112,-0.001358,0.003893,-1.291316,MOVE_JOINT
0.334000,0.502165,-0.098265,-0.041797,0.001342,-0.001330,0.003285,-1.295170,MOVE_JOINT
0.335000,0.502168,-0.098264,-0.041794,0.001259,-0.000505,0.002832,-1.298127,MOVE_JOINT
0.336000,0.502170,-0.098264,-0.041790,0.000964,-0.000484,0.002872,-1.300183,MOVE_JOINT
0.337000,0.502174,-0.098263,-0.041786,0.002048,-0.000001,0.003398,-1.301455,MOVE_JOINT
0.338000,0.502176,-0.098264,-0.041783,0.001635,-0.001053,0.003325,-1.302121,MOVE_JOINT
0.339000,0.502180,-0.098262,-0.041780,0.001866,-0.000301,0.003034,-1.302374,MOVE_JOINT
0.340000,0.502181,-0.098263,-0.041777,0.001633,-0.001071,0.003571,-1.302406,MOVE_JOINT
0.341000,0.502186,-0.098263,-0.041773,0.002565,-0.000791,0.003999,-1.302398,MOVE_JOINT
0.342000,0.502188,-0.098263,-0.041770,0.001839,-0.000630,0.003440,-1.302485,MOVE_JOINT
0.343000,0.502191,-0.098267,-0.041766,0.001606,-0.001219,0.003480,-1.302757,MOVE_JOINT
0.344000,0.502196,-0.098266,-0.041760,0.002673,-0.000099,0.004051,-1.303267,MOVE_JOINT
0.345000,0.502197,-0.098265,-0.041759,0.002647,0.000149,0.003324,-1.304037,MOVE_JOINT
0.346000,0.502198,-0.098269,-0.041755,0.002314,-0.000980,0.003559,-1.305075,MOVE_JOINT
0.347000,0.502201,-0.098271,-0.041751,0.001992,-0.001714,0.003157,-1.306399,MOVE_JOINT
0.348000,0.502208,-0.098267,-0.041745,0.004299,-0.000388,0.004583,-1.308045,MOVE_JOINT
0.349000,0.502205,-0.098270,-0.041745,0.002513,-0.000908,0.003341,-1.310040,MOVE_JOINT
0.350000,0.502211,-0.098273,-0.041739,0.003864,-0.000909,0.003737,-1.312379,MOVE_JOINT
0.351000,0.502211,-0.098273,-0.041736,0.003142,-0.000429,0.003581,-1.315046,MOVE_JOINT
0.352000,0.502214,-0.098274,-0.041732,0.003530,-0.000980,0.003802,-1.318036,MOVE_JOINT
0.353000,0.502219,-0.098272,-0.041728,0.003891,0.000277,0.003874,-1.321344,MOVE_JOINT
0.354000,0.502219,-0.098273,-0.041724,0.002828,0.000275,0.003757,-1.324943,MOVE_JOINT
0.355000,0.502220,-0.098275,-0.041723,0.002452,-0.000318,0.003337,-1.328777,MOVE_JOINT
0.356000,0.502225,-0.098274,-0.041716,0.002933,-0.000335,0.004135,-1.332779,MOVE_JOINT
0.357000,0.502223,-0.098278,-0.041715,0.001818,-0.001241,0.003249,-1.336895,MOVE_JOINT
0.358000,0.502230,-0.098280,-0.041707,0.002800,-0.001686,0.004289,-1.341078,MOVE_JOINT
0.359000,0.502227,-0.098284,-0.041706,0.001078,-0.001981,0.002872,-1.345298,MOVE_JOINT
0.360000,0.502229,-0.098284,-0.041701,0.001505,-0.001111,0.003488,-1.349555,MOVE_JOINT
0.361000,0.502233,-0.098285,-0.041697,0.002156,-0.001936,0.003710,-1.353888,MOVE_JOINT
0.362000,0.502236,-0.098284,-0.041692,0.002487,-0.000925,0.004224,-1.358353,MOVE_JOINT
0.363000,0.502237,-0.098287,-0.041687,0.002254,-0.001770,0.004344,-1.362962,MOVE_JOINT
0.364000,0.502241,-0.098288,-0.041682,0.002365,-0.002081,0.004420,-1.367658,MOVE_JOINT
0.365000,0.502244,-0.098289,-0.041677,0.002121,-0.002166,0.004407,-1.372335,MOVE_JOINT
0.366000,0.502241,-0.098291,-0.041674,0.001030,-0.002082,0.004073,-1.376876,MOVE_JOINT
0.367000,0.502249,-0.098293,-0.041667,0.003079,-0.001538,0.004743,-1.381192,MOVE_JOINT
0.368000,0.502252,-0.098292,-0.041663,0.002612,-0.001056,0.004668,-1.385216,MOVE_JOINT
0.369000,0.502251,-0.098292,-0.041661,0.002335,0.000172,0.003508,-1.388906,MOVE_JOINT
0.370000,0.502258,-0.098293,-0.041654,0.003119,-0.000398,0.004657,-1.392256,MOVE_JOINT
0.371000,0.502259,-0.098297,-0.041651,0.002677,-0.001589,0.004580,-1.395296,MOVE_JOINT
0.372000,0.502259,-0.098298,-0.041648,0.002244,-0.001279,0.003814,-1.398084,MOVE_JOINT
0.373000,0.502264,-0.098301,-0.041643,0.002666,-0.001772,0.004045,-1.400706,MOVE_JOINT
0.374000,0.502266,-0.098304,-0.041638,0.002526,-0.001797,0.004006,-1.403299,MOVE_JOINT
0.375000,0.502274,-0.098304,-0.041629,0.005066,-0.000947,0.005752,-1.406014,MOVE_JOINT
0.376000,0.502273,-0.098305,-0.041629,0.003134,-0.001237,0.003998,-1.408954,MOVE_JOINT
0.377000,0.502275,-0.098303,-0.041626,0.002988,0.000168,0.003911,-1.412169,MOVE_JOINT
0.378000,0.502283,-0.098305,-0.041618,0.004420,-0.000856,0.005363,-1.415700,MOVE_JOINT
0.379000,0.502281,-0.098309,-0.041614,0.003139,-0.002138,0.004911,-1.419572,MOVE_JOINT
0.380000,0.502286,-0.098308,-0.041608,0.002956,-0.001408,0.004776,-1.423763,MOVE_JOINT
0.381000,0.502291,-0.098310,-0.041603,0.003974,-0.001241,0.005446,-1.428214,MOVE_JOINT
0.382000,0.502296,-0.098311,-0.041598,0.004658,-0.001050,0.005793,-1.432841,MOVE_JOINT
0.383000,0.502295,-0.098314,-0.041596,0.002954,-0.001382,0.004914,-1.437539,MOVE_JOINT
0.384000,0.502299,-0.098316,-0.041589,0.002933,-0.001688,0.005425,-1.442195,MOVE_JOINT
0.385000,0.502303,-0.098320,-0.041583,0.003230,-0.002328,0.005269,-1.446727,MOVE_JOINT
0.386000,0.502310,-0.098320,-0.041576,0.004991,-0.001518,0.006162,-1.451076,MOVE_JOINT
0.387000,0.502309,-0.098326,-0.041573,0.003250,-0.002263,0.004933,-1.455193,MOVE_JOINT
0.388000,0.502314,-0.098330,-0.041565,0.004077,-0.002687,0.006020,-1.459031,MOVE_JOINT
0.389000,0.502311,-0.098334,-0.041564,0.002115,-0.002980,0.004466,-1.462572,MOVE_JOINT
0.390000,0.502320,-0.098336,-0.041555,0.003906,-0.002734,0.005595,-1.465851,MOVE_JOINT
0.391000,0.502322,-0.098340,-0.041549,0.003162,-0.003116,0.005479,-1.468948,MOVE_JOINT
0.392000,0.502326,-0.098344,-0.041543,0.003654,-0.002531,0.005770,-1.471949,MOVE_JOINT
0.393000,0.502328,-0.098351,-0.041537,0.003244,-0.004097,0.005892,-1.474906,MOVE_JOINT
0.394000,0.502332,-0.098355,-0.041530,0.003447,-0.003863,0.006391,-1.477826,MOVE_JOINT
0.395000,0.502336,-0.098359,-0.041525,0.003502,-0.003318,0.006112,-1.480681,MOVE_JOINT
0.396000,0.502340,-0.098362,-0.041519,0.003830,-0.002851,0.006158,-1.483413,MOVE_JOINT
0.397000,0.502346,-0.098367,-0.041513,0.004031,-0.003778,0.005903,-1.485967,MOVE_JOINT
0.398000,0.502343,-0.098373,-0.041510,0.002123,-0.004376,0.005038,-1.488328,MOVE_JOINT
0.399000,0.502350,-0.098378,-0.041502,0.003456,-0.004926,0.006119,-1.490573,MOVE_JOINT
0.400000,0.502351,-0.098381,-0.041497,0.003072,-0.004470,0.005781,-1.492850,MOVE_JOINT
0.401000,0.502354,-0.098389,-0.041491,0.003213,-0.005343,0.006171,-1.495315,MOVE_JOINT
0.402000,0.502360,-0.098390,-0.041485,0.003702,-0.004095,0.006038,-1.498079,MOVE_JOINT
0.403000,0.502364,-0.098396,-0.041476,0.003769,-0.004371,0.006934,-1.501202,MOVE_JOINT
0.404000,0.502365,-0.098404,-0.041470,0.003005,-0.005389,0.006488,-1.504676,MOVE_JOINT
0.405000,0.502372,-0.098410,-0.041460,0.004065,-0.005410,0.006987,-1.508424,MOVE_JOINT
0.406000,0.502374,-0.098415,-0.041454,0.003284,-0.005915,0.006631,-1.512336,MOVE_JOINT
0.407000,0.502379,-0.098423,-0.041445,0.003461,-0.007364,0.007512,-1.516309,MOVE_JOINT
0.408000,0.502381,-0.098426,-0.041438,0.003437,-0.005506,0.007512,-1.520258,MOVE_JOINT
0.409000,0.502385,-0.098434,-0.041431,0.003136,-0.006465,0.007036,-1.524090,MOVE_JOINT
0.410000,0.502385,-0.098440,-0.041426,0.002497,-0.005740,0.006564,-1.527710,MOVE_JOINT
0.411000,0.502389,-0.098447,-0.041417,0.002333,-0.006440,0.006649,-1.531070,MOVE_JOINT
0.412000,0.502391,-0.098455,-0.041412,0.001979,-0.007056,0.006450,-1.534204,MOVE_JOINT
0.413000,0.502399,-0.098458,-0.041403,0.003834,-0.005513,0.007159,-1.537216,MOVE_JOINT
0.414000,0.502402,-0.098464,-0.041395,0.003712,-0.005445,0.007315,-1.540230,MOVE_JOINT
0.415000,0.502406,-0.098472,-0.041387,0.003290,-0.006383,0.006882,-1.543341,MOVE_JOINT
0.416000,0.502408,-0.098477,-0.041381,0.002940,-0.005305,0.006469,-1.546617,MOVE_JOINT
0.417000,0.502414,-0.098484,-0.041372,0.003774,-0.005980,0.007137,-1.550125,MOVE_JOINT
0.418000,0.502419,-0.098487,-0.041365,0.003942,-0.005041,0.006761,-1.553945,MOVE_JOINT
0.419000,0.502423,-0.098495,-0.041355,0.003746,-0.006075,0.007684,-1.558138,MOVE_JOINT
0.420000,0.502426,-0.098500,-0.041347,0.003815,-0.005364,0.008182,-1.562719,MOVE_JOINT
0.421000,0.502435,-0.098507,-0.041335,0.005535,-0.005968,0.009477,-1.567615,MOVE_JOINT
0.422000,0.502436,-0.098513,-0.041330,0.004870,-0.005582,0.008645,-1.572648,MOVE_JOINT
0.423000,0.502442,-0.098519,-0.041320,0.005567,-0.004835,0.008781,-1.577562,MOVE_JOINT
0.424000,0.502445,-0.098527,-0.041312,0.004518,-0.006180,0.008748,-1.582102,MOVE_JOINT
0.425000,0.502448,-0.098535,-0.041306,0.004219,-0.006041,0.008235,-1.586085,MOVE_JOINT
0.426000,0.502453,-0.098541,-0.041297,0.004800,-0.006428,0.008744,-1.589432,MOVE_JOINT
0.427000,0.502457,-0.098547,-0.041288,0.004601,-0.005719,0.008729,-1.592161,MOVE_JOINT
0.428000,0.502463,-0.098552,-0.041279,0.004592,-0.005877,0.008447,-1.594359,MOVE_JOINT
0.429000,0.502469,-0.098560,-0.041269,0.005158,-0.006891,0.009151,-1.596152,MOVE_JOINT
0.430000,0.502474,-0.098568,-0.041260,0.005026,-0.006645,0.009182,-1.597691,MOVE_JOINT
0.431000,0.502482,-0.098573,-0.041251,0.005229,-0.006521,0.009076,-1.599125,MOVE_JOINT
0.432000,0.502484,-0.098583,-0.041243,0.004926,-0.007529,0.008877,-1.600594,MOVE_JOINT
0.433000,0.502489,-0.098589,-0.041235,0.004753,-0.007012,0.008267,-1.602245,MOVE_JOINT
0.434000,0.502497,-0.098596,-0.041223,0.005532,-0.006957,0.009211,-1.604256,MOVE_JOINT
0.435000,0.502498,-0.098604,-0.041216,0.003868,-0.007468,0.008378,-1.606811,MOVE_JOINT
0.436000,0.502508,-0.098609,-0.041206,0.005627,-0.006803,0.008929,-1.610065,MOVE_JOINT
0.437000,0.502509,-0.098620,-0.041197,0.004464,-0.008155,0.009045,-1.614123,MOVE_JOINT
0.438000,0.502518,-0.098625,-0.041186,0.005540,-0.007469,0.009789,-1.619018,MOVE_JOINT
0.439000,0.502521,-0.098631,-0.041180,0.004643,-0.007132,0.008640,-1.624703,MOVE_JOINT
0.440000,0.502527,-0.098641,-0.041167,0.004645,-0.007909,0.009122,-1.631079,MOVE_JOINT
0.441000,0.502531,-0.098650,-0.041159,0.004414,-0.008560,0.008878,-1.638050,MOVE_JOINT
0.442000,0.502537,-0.098657,-0.041147,0.005733,-0.007921,0.010004,-1.645540,MOVE_JOINT
0.443000,0.502543,-0.098665,-0.041138,0.005302,-0.008287,0.009768,-1.653462,MOVE_JOINT
0.444000,0.502548,-0.098674,-0.041127,0.005230,-0.008120,0.009916,-1.661683,MOVE_JOINT
0.445000,0.502553,-0.098683,-0.041116,0.005263,-0.008325,0.010028,-1.670030,MOVE_JOINT
0.446000,0.502559,-0.098689,-0.041105,0.005227,-0.008165,0.009989,-1.678313,MOVE_JOINT
0.447000,0.502565,-0.098702,-0.041093,0.005140,-0.010183,0.010374,-1.686357,MOVE_JOINT
0.448000,0.502572,-0.098710,-0.041080,0.006119,-0.009378,0.011538,-1.694001,MOVE_JOINT
0.449000,0.502579,-0.098720,-0.041068,0.006672,-0.010343,0.012046,-1.701065,MOVE_JOINT
0.450000,0.502582,-0.098726,-0.041057,0.005629,-0.009025,0.011519,-1.707320,MOVE_JOINT
0.451000,0.502591,-0.098736,-0.041044,0.006485,-0.009765,0.011962,-1.712516,MOVE_JOINT
0.452000,0.502597,-0.098742,-0.041032,0.006446,-0.008058,0.012154,-1.716430,MOVE_JOINT
0.453000,0.502603,-0.098753,-0.041021,0.006422,-0.009011,0.012025,-1.718892,MOVE_JOINT
0.454000,0.502605,-0.098764,-0.041012,0.005212,-0.009959,0.011171,-1.719802,MOVE_JOINT
0.455000,0.502615,-0.098768,-0.040999,0.006302,-0.008540,0.011728,-1.719172,MOVE_JOINT
0.456000,0.502622,-0.098780,-0.040985,0.005834,-0.009866,0.011882,-1.717140,MOVE_JOINT
0.457000,0.502630,-0.098785,-0.040973,0.007100,-0.008125,0.012575,-1.713914,MOVE_JOINT
0.458000,0.502634,-0.098797,-0.040963,0.006242,-0.009694,0.011852,-1.709708,MOVE_JOINT
0.459000,0.502639,-0.098806,-0.040952,0.005432,-0.009850,0.011736,-1.704722,MOVE_JOINT
0.460000,0.502644,-0.098818,-0.040940,0.005171,-0.010527,0.011678,-1.699192,MOVE_JOINT
0.461000,0.502654,-0.098824,-0.040928,0.006256,-0.009904,0.011946,-1.693404,MOVE_JOINT
0.462000,0.502657,-0.098838,-0.040917,0.005284,-0.011038,0.011649,-1.687665,MOVE_JOINT
0.463000,0.502663,-0.098847,-0.040905,0.006342,-0.010268,0.012109,-1.682277,MOVE_JOINT
0.464000,0.502673,-0.098857,-0.040891,0.007512,-0.009853,0.012462,-1.677499,MOVE_JOINT
0.465000,0.502677,-0.098867,-0.040879,0.006387,-0.010088,0.012521,-1.673515,MOVE_JOINT
0.466000,0.502685,-0.098877,-0.040867,0.007017,-0.010496,0.012732,-1.670422,MOVE_JOINT
0.467000,0.502688,-0.098889,-0.040855,0.005779,-0.010869,0.012421,-1.668235,MOVE_JOINT
0.468000,0.502698,-0.098900,-0.040840,0.006558,-0.010966,0.012783,-1.666922,MOVE_JOINT
0.469000,0.502703,-0.098908,-0.040826,0.006199,-0.009632,0.012750,-1.666428,MOVE_JOINT
0.470000,0.502708,-0.098918,-0.040814,0.005483,-0.010426,0.012732,-1.666684,MOVE_JOINT
0.471000,0.502714,-0.098928,-0.040801,0.005186,-0.010372,0.012365,-1.667626,MOVE_JOINT
0.472000,0.502717,-0.098944,-0.040788,0.003922,-0.012257,0.012200,-1.669219,MOVE_JOINT
0.473000,0.502723,-0.098952,-0.040773,0.004672,-0.011210,0.013280,-1.671475,MOVE_JOINT
0.474000,0.502726,-0.098965,-0.040759,0.004017,-0.011631,0.013633,-1.674420,MOVE_JOINT
0.475000,0.502726,-0.098978,-0.040746,0.003269,-0.012630,0.013343,-1.678038,MOVE_JOINT
0.476000,0.502727,-0.098992,-0.040733,0.002510,-0.013258,0.013297,-1.682271,MOVE_JOINT
0.477000,0.502728,-0.099005,-0.040718,0.002099,-0.012985,0.013786,-1.687057,MOVE_JOINT
0.478000,0.502728,-0.099021,-0.040704,0.000936,-0.013681,0.013429,-1.692353,MOVE_JOINT
0.479000,0.502725,-0.099038,-0.040691,-0.000473,-0.014376,0.013291,-1.698131,MOVE_JOINT
0.480000,0.502730,-0.099054,-0.040670,0.001190,-0.014439,0.015219,-1.704373,MOVE_JOINT
0.481000,0.502731,-0.099065,-0.040655,0.001724,-0.013262,0.015503,-1.711013,MOVE_JOINT
0.482000,0.502731,-0.099082,-0.040640,0.001583,-0.014348,0.015849,-1.717872,MOVE_JOINT
0.483000,0.502726,-0.099097,-0.040628,0.000502,-0.014364,0.014906,-1.724663,MOVE_JOINT
0.484000,0.502726,-0.099109,-0.040612,0.000474,-0.013304,0.014561,-1.731090,MOVE_JOINT
0.485000,0.502726,-0.099125,-0.040598,0.000238,-0.013755,0.014548,-1.736939,MOVE_JOINT
0.486000,0.502730,-0.099136,-0.040581,0.001990,-0.012945,0.015314,-1.742094,MOVE_JOINT
0.487000,0.502729,-0.099153,-0.040570,0.001358,-0.013985,0.014409,-1.746502,MOVE_JOINT
0.488000,0.502733,-0.099166,-0.040553,0.002276,-0.013544,0.015142,-1.750146,MOVE_JOINT
0.489000,0.502735,-0.099181,-0.040540,0.002180,-0.014312,0.014587,-1.753047,MOVE_JOINT
0.490000,0.502737,-0.099192,-0.040528,0.001978,-0.013344,0.013786,-1.755279,MOVE_JOINT
0.491000,0.502739,-0.099206,-0.040516,0.001352,-0.013400,0.012740,-1.756996,MOVE_JOINT
0.492000,0.502747,-0.099217,-0.040501,0.004199,-0.012144,0.013861,-1.758446,MOVE_JOINT
0.493000,0.502749,-0.099228,-0.040490,0.003571,-0.011697,0.012848,-1.759935,MOVE_JOINT
0.494000,0.502754,-0.099243,-0.040475,0.004428,-0.012532,0.013623,-1.761743,MOVE_JOINT
0.495000,0.502760,-0.099253,-0.040462,0.004974,-0.011601,0.013391,-1.764079,MOVE_JOINT
0.496000,0.502761,-0.099266,-0.040452,0.003626,-0.011997,0.012281,-1.767081,MOVE_JOINT
0.497000,0.502768,-0.099278,-0.040438,0.004048,-0.011743,0.012792,-1.770854,MOVE_JOINT
0.498000,0.502776,-0.099291,-0.040424,0.005218,-0.011788,0.013183,-1.775477,MOVE_JOINT
0.499000,0.502782,-0.099300,-0.040412,0.005123,-0.010748,0.012617,-1.780987,MOVE_JOINT
0.500000,0.502788,-0.099312,-0.040398,0.005926,-0.010945,0.013085,-1.787356,MOVE_JOINT
0.501000,0.502796,-0.099326,-0.040383,0.006294,-0.011906,0.014063,-1.794490,MOVE_JOINT
0.502000,0.502801,-0.099338,-0.040370,0.005135,-0.012028,0.013050,-1.802227,MOVE_JOINT
0.503000,0.502810,-0.099346,-0.040354,0.006162,-0.010673,0.013674,-1.810347,MOVE_JOINT
0.504000,0.502815,-0.099360,-0.040343,0.005326,-0.011671,0.013005,-1.818616,MOVE_JOINT
0.505000,0.502819,-0.099372,-0.040329,0.005114,-0.011308,0.013153,-1.826830,MOVE_JOINT
0.506000,0.502826,-0.099386,-0.040315,0.005749,-0.012176,0.013191,-1.834830,MOVE_JOINT
0.507000,0.502832,-0.099394,-0.040302,0.006210,-0.011494,0.013595,-1.842508,MOVE_JOINT
0.508000,0.502838,-0.099403,-0.040289,0.006089,-0.010551,0.013504,-1.849784,MOVE_JOINT
0.509000,0.502846,-0.099417,-0.040272,0.006242,-0.012241,0.014799,-1.856580,MOVE_JOINT
0.510000,0.502853,-0.099431,-0.040256,0.006561,-0.012971,0.015458,-1.862777,MOVE_JOINT
0.511000,0.502861,-0.099441,-0.040241,0.007473,-0.012507,0.015672,-1.868175,MOVE_JOINT
0.512000,0.502868,-0.099450,-0.040227,0.007363,-0.010916,0.015242,-1.872505,MOVE_JOINT
0.513000,0.502873,-0.099462,-0.040211,0.007373,-0.010715,0.015482,-1.875473,MOVE_JOINT
0.514000,0.502884,-0.099473,-0.040194,0.008363,-0.010616,0.015646,-1.876810,MOVE_JOINT
0.515000,0.502890,-0.099486,-0.040179,0.007598,-0.010588,0.015034,-1.876308,MOVE_JOINT
0.516000,0.502897,-0.099497,-0.040163,0.008160,-0.010286,0.015849,-1.873856,MOVE_JOINT
0.517000,0.502903,-0.099509,-0.040146,0.007366,-0.010746,0.015776,-1.869443,MOVE_JOINT
0.518000,0.502907,-0.099522,-0.040132,0.006975,-0.010868,0.015427,-1.863124,MOVE_JOINT
0.519000,0.502916,-0.099535,-0.040114,0.006847,-0.011562,0.015752,-1.855016,MOVE_JOINT
0.520000,0.502920,-0.099549,-0.040100,0.005869,-0.012204,0.015150,-1.845310,MOVE_JOINT
0.521000,0.502932,-0.099556,-0.040081,0.007624,-0.010720,0.016351,-1.834266,MOVE_JOINT
0.522000,0.502936,-0.099572,-0.040065,0.006503,-0.012221,0.016286,-1.822178,MOVE_JOINT
0.523000,0.502943,-0.099586,-0.040050,0.005689,-0.013043,0.015719,-1.809325,MOVE_JOINT
0.524000,0.502951,-0.099597,-0.040031,0.007115,-0.012148,0.016777,-1.795977,MOVE_JOINT
0.525000,0.502959,-0.099610,-0.040014,0.007099,-0.012417,0.016819,-1.782402,MOVE_JOINT
0.526000,0.502968,-0.099622,-0.039997,0.008022,-0.012284,0.017520,-1.768841,MOVE_JOINT
0.527000,0.502974,-0.099637,-0.039981,0.007265,-0.012464,0.017009,-1.755467,MOVE_JOINT
0.528000,0.502982,-0.099648,-0.039962,0.007066,-0.012067,0.017190,-1.742386,MOVE_JOINT
0.529000,0.502987,-0.099664,-0.039946,0.006511,-0.013302,0.016857,-1.729681,MOVE_JOINT
0.530000,0.502993,-0.099678,-0.039931,0.006512,-0.013864,0.016761,-1.717463,MOVE_JOINT
0.531000,0.503003,-0.099691,-0.039913,0.007673,-0.014207,0.017262,-1.705890,MOVE_JOINT
0.532000,0.503006,-0.099705,-0.039899,0.005930,-0.014198,0.016195,-1.695162,MOVE_JOINT
0.533000,0.503013,-0.099717,-0.039880,0.006634,-0.013814,0.017103,-1.685501,MOVE_JOINT
0.534000,0.503023,-0.099728,-0.039865,0.006692,-0.013215,0.016321,-1.677135,MOVE_JOINT
0.535000,0.503030,-0.099741,-0.039848,0.006984,-0.012933,0.016649,-1.670264,MOVE_JOINT
0.536000,0.503034,-0.099758,-0.039832,0.005541,-0.014640,0.016566,-1.665044,MOVE_JOINT
0.537000,0.503044,-0.099769,-0.039816,0.006283,-0.014037,0.016323,-1.661592,MOVE_JOINT
0.538000,0.503056,-0.099786,-0.039795,0.008088,-0.015128,0.018107,-1.659982,MOVE_JOINT
0.539000,0.503060,-0.099798,-0.039781,0.006756,-0.014219,0.016714,-1.660223,MOVE_JOINT
0.540000,0.503068,-0.099811,-0.039764,0.007011,-0.014160,0.016697,-1.662252,MOVE_JOINT
0.541000,0.503072,-0.099824,-0.039749,0.006139,-0.014046,0.016394,-1.665979,MOVE_JOINT
0.542000,0.503081,-0.099839,-0.039732,0.006367,-0.014579,0.016315,-1.671326,MOVE_JOINT
0.543000,0.503091,-0.099851,-0.039713,0.007830,-0.013517,0.017022,-1.678227,MOVE_JOINT
0.544000,0.503098,-0.099868,-0.039697,0.007551,-0.015241,0.016927,-1.686588,MOVE_JOINT
0.545000,0.503103,-0.099881,-0.039681,0.006580,-0.015138,0.016923,-1.696270,MOVE_JOINT
0.546000,0.503111,-0.099891,-0.039666,0.006853,-0.013835,0.016520,-1.707105,MOVE_JOINT
0.547000,0.503121,-0.099904,-0.039647,0.007943,-0.013126,0.017104,-1.718921,MOVE_JOINT
0.548000,0.503129,-0.099919,-0.039630,0.007572,-0.014122,0.016667,-1.731541,MOVE_JOINT
0.549000,0.503134,-0.099932,-0.039614,0.007003,-0.013756,0.016208,-1.744779,MOVE_JOINT
0.550000,0.503144,-0.099944,-0.039596,0.008163,-0.012827,0.017113,-1.758453,MOVE_JOINT
0.551000,0.503149,-0.099960,-0.039582,0.006477,-0.014141,0.016094,-1.772404,MOVE_JOINT
0.552000,0.503156,-0.099974,-0.039564,0.006718,-0.013628,0.016333,-1.786492,MOVE_JOINT
0.553000,0.503165,-0.099990,-0.039546,0.007823,-0.013783,0.016922,-1.800597,MOVE_JOINT
0.554000,0.503174,-0.100000,-0.039528,0.008124,-0.012073,0.016995,-1.814596,MOVE_JOINT
0.555000,0.503182,-0.100013,-0.039512,0.007756,-0.012600,0.016795,-1.828342,MOVE_JOINT
0.556000,0.503189,-0.100025,-0.039495,0.007731,-0.012473,0.016669,-1.841673,MOVE_JOINT
0.557000,0.503199,-0.100041,-0.039478,0.008033,-0.013627,0.016580,-1.854455,MOVE_JOINT
0.558000,0.503206,-0.100056,-0.039460,0.008022,-0.013117,0.017152,-1.866598,MOVE_JOINT
0.559000,0.503211,-0.100070,-0.039445,0.007535,-0.013516,0.016477,-1.878052,MOVE_JOINT
0.560000,0.503220,-0.100083,-0.039426,0.008160,-0.013495,0.017346,-1.888798,MOVE_JOINT
0.561000,0.503227,-0.100096,-0.039410,0.007633,-0.013993,0.017090,-1.898837,MOVE_JOINT
0.562000,0.503236,-0.100114,-0.039390,0.008182,-0.015299,0.018041,-1.908179,MOVE_JOINT
0.563000,0.503240,-0.100130,-0.039373,0.006531,-0.015325,0.017410,-1.916816,MOVE_JOINT
0.564000,0.503252,-0.100142,-0.039352,0.008357,-0.013935,0.018227,-1.924720,MOVE_JOINT
0.565000,0.503256,-0.100158,-0.039336,0.007014,-0.014826,0.017868,-1.931846,MOVE_JOINT
0.566000,0.503265,-0.100171,-0.039317,0.007485,-0.014422,0.017948,-1.938139,MOVE_JOINT
0.567000,0.503271,-0.100187,-0.039298,0.007893,-0.014896,0.018893,-1.943540,MOVE_JOINT
0.568000,0.503274,-0.100205,-0.039281,0.006043,-0.016479,0.018324,-1.947989,MOVE_JOINT
0.569000,0.503284,-0.100221,-0.039261,0.006714,-0.016646,0.018995,-1.951432,MOVE_JOINT
0.570000,0.503292,-0.100235,-0.039243,0.007555,-0.015754,0.019053,-1.953828,MOVE_JOINT
0.571000,0.503297,-0.100249,-0.039224,0.006843,-0.014993,0.018412,-1.955161,MOVE_JOINT
0.572000,0.503307,-0.100264,-0.039204,0.007367,-0.014832,0.018689,-1.955436,MOVE_JOINT
0.573000,0.503316,-0.100282,-0.039184,0.008454,-0.015519,0.019344,-1.954694,MOVE_JOINT
0.574000,0.503319,-0.100297,-0.039166,0.007046,-0.015448,0.019178,-1.952989,MOVE_JOINT
0.575000,0.503324,-0.100313,-0.039149,0.006745,-0.015592,0.018436,-1.950374,MOVE_JOINT
0.576000,0.503332,-0.100332,-0.039128,0.007146,-0.016157,0.018920,-1.946922,MOVE_JOINT
0.577000,0.503340,-0.100348,-0.039109,0.007354,-0.015464,0.018648,-1.942751,MOVE_JOINT
0.578000,0.503345,-0.100369,-0.039088,0.006733,-0.016597,0.019046,-1.938021,MOVE_JOINT
0.579000,0.503352,-0.100383,-0.039070,0.006528,-0.015821,0.018613,-1.932905,MOVE_JOINT
0.580000,0.503359,-0.100403,-0.039050,0.007151,-0.017157,0.019433,-1.927566,MOVE_JOINT
0.581000,0.503365,-0.100418,-0.039032,0.007571,-0.015991,0.019098,-1.922150,MOVE_JOINT
0.582000,0.503368,-0.100436,-0.039014,0.006239,-0.016895,0.018668,-1.916781,MOVE_JOINT
0.583000,0.503377,-0.100454,-0.038994,0.007058,-0.017547,0.019305,-1.911585,MOVE_JOINT
0.584000,0.503384,-0.100469,-0.038975,0.006771,-0.017658,0.019259,-1.906692,MOVE_JOINT
0.585000,0.503389,-0.100487,-0.038957,0.006561,-0.018132,0.018892,-1.902232,MOVE_JOINT
0.586000,0.503396,-0.100506,-0.038935,0.006271,-0.018266,0.019525,-1.898326,MOVE_JOINT
0.587000,0.503402,-0.100525,-0.038917,0.006490,-0.018590,0.019316,-1.895072,MOVE_JOINT
0.588000,0.503409,-0.100542,-0.038895,0.007187,-0.018066,0.020103,-1.892536,MOVE_JOINT
0.589000,0.503412,-0.100561,-0.038876,0.006148,-0.018243,0.019648,-1.890742,MOVE_JOINT
0.590000,0.503423,-0.100581,-0.038853,0.007834,-0.018677,0.021011,-1.889661,MOVE_JOINT
0.591000,0.503432,-0.100598,-0.038832,0.008673,-0.017811,0.021214,-1.889201,MOVE_JOINT
0.592000,0.503438,-0.100616,-0.038812,0.007824,-0.017197,0.020154,-1.889195,MOVE_JOINT
0.593000,0.503440,-0.100637,-0.038796,0.006172,-0.018514,0.019039,-1.889464,MOVE_JOINT
0.594000,0.503448,-0.100654,-0.038774,0.007157,-0.018113,0.020257,-1.889913,MOVE_JOINT
0.595000,0.503456,-0.100673,-0.038753,0.007703,-0.018802,0.020718,-1.890566,MOVE_JOINT
0.596000,0.503465,-0.100688,-0.038732,0.007766,-0.017703,0.020538,-1.891493,MOVE_JOINT
0.597000,0.503473,-0.100708,-0.038711,0.007975,-0.018721,0.020810,-1.892747,MOVE_JOINT
0.598000,0.503478,-0.100727,-0.038693,0.006844,-0.018980,0.020074,-1.894354,MOVE_JOINT
0.599000,0.503488,-0.100745,-0.038671,0.008118,-0.018311,0.020452,-1.896336,MOVE_JOINT
0.600000,0.503495,-0.100763,-0.038653,0.007712,-0.018212,0.019559,-1.898739,MOVE_JOINT
0.601000,0.503505,-0.100781,-0.038631,0.008599,-0.017668,0.020349,-1.901635,MOVE_JOINT
0.602000,0.503510,-0.100800,-0.038613,0.007498,-0.018160,0.019786,-1.905120,MOVE_JOINT
0.603000,0.503522,-0.100818,-0.038589,0.008688,-0.017998,0.020890,-1.909282,MOVE_JOINT
0.604000,0.503529,-0.100834,-0.038570,0.008342,-0.017564,0.020458,-1.914154,MOVE_JOINT
0.605000,0.503531,-0.100855,-0.038551,0.006835,-0.018491,0.019904,-1.919708,MOVE_JOINT
0.606000,0.503542,-0.100875,-0.038527,0.007779,-0.018811,0.020994,-1.925874,MOVE_JOINT
0.607000,0.503549,-0.100891,-0.038507,0.007548,-0.018421,0.020973,-1.932566,MOVE_JOINT
0.608000,0.503556,-0.100912,-0.038487,0.007391,-0.018667,0.020572,-1.939676,MOVE_JOINT
0.609000,0.503562,-0.100929,-0.038465,0.007169,-0.018911,0.020969,-1.947073,MOVE_JOINT
0.610000,0.503574,-0.100950,-0.038440,0.008332,-0.019410,0.021992,-1.954622,MOVE_JOINT
0.611000,0.503584,-0.100968,-0.038417,0.008481,-0.018810,0.021611,-1.962164,MOVE_JOINT
0.612000,0.503589,-0.100992,-0.038395,0.007270,-0.020325,0.021415,-1.969509,MOVE_JOINT
0.613000,0.503596,-0.101011,-0.038374,0.006670,-0.019368,0.020878,-1.976484,MOVE_JOINT
0.614000,0.503602,-0.101031,-0.038352,0.006623,-0.019865,0.021449,-1.982992,MOVE_JOINT
0.615000,0.503605,-0.101053,-0.038331,0.005836,-0.020345,0.020856,-1.989023,MOVE_JOINT
0.616000,0.503616,-0.101071,-0.038307,0.007193,-0.019798,0.022137,-1.994627,MOVE_JOINT
0.617000,0.503623,-0.101092,-0.038284,0.006797,-0.020395,0.022034,-1.999862,MOVE_JOINT
0.618000,0.503630,-0.101115,-0.038260,0.006346,-0.022013,0.022447,-2.004762,MOVE_JOINT
0.619000,0.503639,-0.101133,-0.038237,0.007527,-0.020804,0.022826,-2.009314,MOVE_JOINT
0.620000,0.503646,-0.101154,-0.038215,0.007409,-0.020841,0.022474,-2.013463,MOVE_JOINT
0.621000,0.503654,-0.101178,-0.038191,0.007465,-0.021803,0.023313,-2.017129,MOVE_JOINT
0.622000,0.503658,-0.101197,-0.038172,0.006461,-0.021200,0.022181,-2.020236,MOVE_JOINT
0.623000,0.503667,-0.101216,-0.038149,0.007222,-0.020527,0.022501,-2.022747,MOVE_JOINT
0.624000,0.503672,-0.101238,-0.038129,0.006804,-0.020862,0.022040,-2.024691,MOVE_JOINT
0.625000,0.503680,-0.101261,-0.038106,0.007470,-0.021943,0.022332,-2.026165,MOVE_JOINT
0.626000,0.503689,-0.101279,-0.038085,0.007553,-0.020972,0.021631,-2.027316,MOVE_JOINT
0.627000,0.503698,-0.101299,-0.038061,0.008614,-0.020644,0.022679,-2.028323,MOVE_JOINT
0.628000,0.503705,-0.101320,-0.038040,0.008511,-0.021071,0.022376,-2.029351,MOVE_JOINT
0.629000,0.503712,-0.101340,-0.038020,0.007946,-0.021125,0.021874,-2.030511,MOVE_JOINT
0.630000,0.503721,-0.101361,-0.037995,0.008731,-0.020806,0.022545,-2.031865,MOVE_JOINT
0.631000,0.503727,-0.101382,-0.037974,0.007498,-0.021467,0.021966,-2.033457,MOVE_JOINT
0.632000,0.503738,-0.101401,-0.037953,0.008606,-0.021244,0.022447,-2.035315,MOVE_JOINT
0.633000,0.503746,-0.101424,-0.037930,0.008458,-0.021701,0.022361,-2.037453,MOVE_JOINT
0.634000,0.503754,-0.101443,-0.037908,0.007845,-0.021468,0.022277,-2.039871,MOVE_JOINT
0.635000,0.503763,-0.101461,-0.037884,0.007880,-0.020828,0.022697,-2.042548,MOVE_JOINT
0.636000,0.503775,-0.101482,-0.037861,0.008575,-0.021357,0.022500,-2.045438,MOVE_JOINT
0.637000,0.503780,-0.101504,-0.037841,0.007795,-0.021198,0.022024,-2.048459,MOVE_JOINT
0.638000,0.503786,-0.101527,-0.037819,0.007978,-0.021912,0.022356,-2.051520,MOVE_JOINT
0.639000,0.503796,-0.101544,-0.037794,0.008867,-0.020699,0.023313,-2.054531,MOVE_JOINT
0.640000,0.503807,-0.101565,-0.037770,0.009593,-0.020388,0.023737,-2.057379,MOVE_JOINT
0.641000,0.503813,-0.101587,-0.037748,0.009006,-0.021246,0.023298,-2.059897,MOVE_JOINT
0.642000,0.503823,-0.101609,-0.037723,0.010501,-0.020729,0.024244,-2.061876,MOVE_JOINT
0.643000,0.503832,-0.101630,-0.037700,0.008809,-0.021341,0.023430,-2.063119,MOVE_JOINT
0.644000,0.503842,-0.101652,-0.037674,0.009008,-0.021493,0.023921,-2.063479,MOVE_JOINT
0.645000,0.503852,-0.101675,-0.037647,0.009707,-0.021710,0.024978,-2.062871,MOVE_JOINT
0.646000,0.503854,-0.101696,-0.037626,0.007753,-0.021531,0.023892,-2.061256,MOVE_JOINT
0.647000,0.503869,-0.101718,-0.037597,0.010089,-0.021505,0.025447,-2.058618,MOVE_JOINT
0.648000,0.503879,-0.101743,-0.037569,0.009559,-0.022236,0.025696,-2.054957,MOVE_JOINT
0.649000,0.503890,-0.101766,-0.037541,0.010040,-0.022680,0.026581,-2.050278,MOVE_JOINT
0.650000,0.503896,-0.101789,-0.037515,0.008928,-0.022869,0.026669,-2.044562,MOVE_JOINT
0.651000,0.503906,-0.101812,-0.037489,0.009589,-0.023416,0.026730,-2.037780,MOVE_JOINT
0.652000,0.503916,-0.101837,-0.037457,0.010223,-0.024052,0.028731,-2.029905,MOVE_JOINT
0.653000,0.503924,-0.101860,-0.037431,0.009723,-0.023272,0.028119,-2.020912,MOVE_JOINT
0.654000,0.503932,-0.101885,-0.037403,0.009801,-0.023076,0.028190,-2.010769,MOVE_JOINT
0.655000,0.503939,-0.101915,-0.037374,0.008631,-0.025699,0.028346,-1.999484,MOVE_JOINT
0.656000,0.503948,-0.101936,-0.037346,0.008752,-0.024414,0.028079,-1.987162,MOVE_JOINT
0.657000,0.503956,-0.101963,-0.037317,0.008201,-0.025889,0.028627,-1.974031,MOVE_JOINT
0.658000,0.503963,-0.101987,-0.037291,0.007676,-0.025739,0.028200,-1.960407,MOVE_JOINT
0.659000,0.503973,-0.102011,-0.037263,0.008549,-0.025629,0.028302,-1.946665,MOVE_JOINT
0.660000,0.503984,-0.102037,-0.037234,0.009506,-0.025502,0.028902,-1.933193,MOVE_JOINT
0.661000,0.503996,-0.102061,-0.037204,0.009795,-0.025542,0.028722,-1.920352,MOVE_JOINT
0.662000,0.504009,-0.102082,-0.037174,0.010947,-0.024810,0.029399,-1.908445,MOVE_JOINT
0.663000,0.504019,-0.102106,-0.037146,0.011093,-0.024868,0.029079,-1.897701,MOVE_JOINT
0.664000,0.504029,-0.102130,-0.037118,0.010535,-0.024710,0.028602,-1.888290,MOVE_JOINT
0.665000,0.504040,-0.102154,-0.037090,0.010974,-0.024273,0.028976,-1.880350,MOVE_JOINT
0.666000,0.504056,-0.102174,-0.037061,0.013007,-0.022581,0.029312,-1.873980,MOVE_JOINT
0.667000,0.504062,-0.102200,-0.037035,0.011373,-0.023409,0.028030,-1.869221,MOVE_JOINT
0.668000,0.504079,-0.102225,-0.037001,0.013106,-0.024023,0.030030,-1.866066,MOVE_JOINT
0.669000,0.504093,-0.102247,-0.036971,0.013501,-0.023697,0.029976,-1.864463,MOVE_JOINT
0.670000,0.504101,-0.102270,-0.036945,0.011443,-0.023894,0.028717,-1.864303,MOVE_JOINT
0.671000,0.504110,-0.102298,-0.036916,0.010597,-0.025247,0.028663,-1.865447,MOVE_JOINT
0.672000,0.504126,-0.102322,-0.036885,0.012669,-0.024779,0.029886,-1.867805,MOVE_JOINT
0.673000,0.504133,-0.102347,-0.036860,0.010697,-0.024738,0.028086,-1.871336,MOVE_JOINT
0.674000,0.504146,-0.102370,-0.036829,0.011685,-0.024191,0.029104,-1.876023,MOVE_JOINT
0.675000,0.504158,-0.102396,-0.036800,0.012445,-0.024860,0.029524,-1.881863,MOVE_JOINT
0.676000,0.504167,-0.102421,-0.036770,0.010905,-0.025064,0.029133,-1.888838,MOVE_JOINT
0.677000,0.504184,-0.102443,-0.036736,0.012303,-0.024455,0.030267,-1.896881,MOVE_JOINT
0.678000,0.504189,-0.102470,-0.036709,0.010145,-0.025339,0.029018,-1.905866,MOVE_JOINT
0.679000,0.504207,-0.102494,-0.036673,0.012408,-0.025151,0.031069,-1.915632,MOVE_JOINT
0.680000,0.504210,-0.102524,-0.036646,0.008681,-0.026664,0.029666,-1.926005,MOVE_JOINT
0.681000,0.504222,-0.102553,-0.036615,0.009487,-0.027364,0.030126,-1.936800,MOVE_JOINT
0.682000,0.504237,-0.102577,-0.036580,0.011485,-0.026215,0.031514,-1.947844,MOVE_JOINT
0.683000,0.504247,-0.102600,-0.036550,0.011319,-0.025388,0.031436,-1.958962,MOVE_JOINT
0.684000,0.504258,-0.102626,-0.036519,0.010895,-0.025520,0.031287,-1.969945,MOVE_JOINT
0.685000,0.504269,-0.102655,-0.036486,0.011439,-0.026526,0.032022,-1.980562,MOVE_JOINT
0.686000,0.504279,-0.102678,-0.036456,0.010769,-0.025444,0.030828,-1.990612,MOVE_JOINT
0.687000,0.504294,-0.102708,-0.036419,0.011624,-0.026785,0.032814,-1.999964,MOVE_JOINT
0.688000,0.504306,-0.102732,-0.036387,0.011655,-0.026031,0.032768,-2.008553,MOVE_JOINT
0.689000,0.504315,-0.102758,-0.036357,0.010421,-0.026526,0.031524,-2.016340,MOVE_JOINT
0.690000,0.504330,-0.102785,-0.036320,0.011815,-0.027262,0.032988,-2.023328,MOVE_JOINT
0.691000,0.504339,-0.102812,-0.036291,0.011204,-0.027192,0.032218,-2.029582,MOVE_JOINT
0.692000,0.504357,-0.102839,-0.036255,0.012470,-0.027252,0.033133,-2.035225,MOVE_JOINT
0.693000,0.504362,-0.102868,-0.036224,0.010616,-0.028059,0.032767,-2.040410,MOVE_JOINT
0.694000,0.504378,-0.102898,-0.036188,0.011860,-0.028906,0.033652,-2.045294,MOVE_JOINT
0.695000,0.504389,-0.102927,-0.036155,0.011515,-0.028397,0.032959,-2.050026,MOVE_JOINT
0.696000,0.504403,-0.102955,-0.036120,0.011359,-0.029200,0.033559,-2.054753,MOVE_JOINT
0.697000,0.504414,-0.102981,-0.036089,0.011275,-0.028188,0.033069,-2.059628,MOVE_JOINT
0.698000,0.504422,-0.103010,-0.036055,0.010745,-0.027718,0.033008,-2.064809,MOVE_JOINT
0.699000,0.504437,-0.103038,-0.036022,0.011654,-0.027709,0.032844,-2.070454,MOVE_JOINT
0.700000,0.504452,-0.103065,-0.035986,0.013016,-0.027523,0.033936,-2.076716,MOVE_JOINT
0.701000,0.504462,-0.103092,-0.035954,0.013114,-0.026936,0.033740,-2.083716,MOVE_JOINT
0.702000,0.504474,-0.103121,-0.035922,0.012162,-0.027833,0.033149,-2.091498,MOVE_JOINT
0.703000,0.504485,-0.103148,-0.035889,0.012095,-0.027513,0.032929,-2.100051,MOVE_JOINT
0.704000,0.504500,-0.103177,-0.035856,0.012877,-0.028313,0.033162,-2.109352,MOVE_JOINT
0.705000,0.504511,-0.103206,-0.035823,0.011944,-0.028423,0.032865,-2.119392,MOVE_JOINT
0.706000,0.504524,-0.103237,-0.035790,0.012120,-0.029034,0.033007,-2.130171,MOVE_JOINT
0.707000,0.504540,-0.103263,-0.035753,0.012839,-0.028432,0.033735,-2.141682,MOVE_JOINT
0.708000,0.504552,-0.103294,-0.035719,0.012143,-0.029271,0.033585,-2.153878,MOVE_JOINT
0.709000,0.504562,-0.103323,-0.035687,0.012128,-0.028838,0.033123,-2.166644,MOVE_JOINT
0.710000,0.504578,-0.103355,-0.035651,0.013221,-0.029800,0.034083,-2.179805,MOVE_JOINT
0.711000,0.504583,-0.103387,-0.035622,0.010073,-0.030662,0.032160,-2.193167,MOVE_JOINT
0.712000,0.504599,-0.103412,-0.035588,0.012096,-0.029485,0.033091,-2.206552,MOVE_JOINT
0.713000,0.504612,-0.103445,-0.035552,0.011724,-0.030434,0.033551,-2.219820,MOVE_JOINT
0.714000,0.504624,-0.103474,-0.035519,0.011523,-0.030182,0.033374,-2.232839,MOVE_JOINT
0.715000,0.504637,-0.103507,-0.035482,0.011615,-0.030775,0.034057,-2.245435,MOVE_JOINT
0.716000,0.504652,-0.103537,-0.035446,0.012931,-0.030688,0.034804,-2.257378,MOVE_JOINT
0.717000,0.504661,-0.103569,-0.035414,0.011106,-0.031555,0.033991,-2.268378,MOVE_JOINT
0.718000,0.504675,-0.103594,-0.035380,0.011840,-0.029575,0.033590,-2.278129,MOVE_JOINT
0.719000,0.504690,-0.103628,-0.035342,0.013498,-0.030958,0.035423,-2.286367,MOVE_JOINT
0.720000,0.504704,-0.103659,-0.035305,0.014437,-0.030569,0.036318,-2.292867,MOVE_JOINT
0.721000,0.504713,-0.103690,-0.035271,0.011528,-0.030995,0.034895,-2.297393,MOVE_JOINT
0.722000,0.504726,-0.103722,-0.035234,0.011648,-0.031139,0.035219,-2.299698,MOVE_JOINT
0.723000,0.504737,-0.103750,-0.035199,0.010881,-0.030084,0.034558,-2.299610,MOVE_JOINT
0.724000,0.504746,-0.103785,-0.035164,0.010168,-0.031621,0.034486,-2.297091,MOVE_JOINT
0.725000,0.504756,-0.103819,-0.035128,0.009827,-0.032655,0.034725,-2.292247,MOVE_JOINT
0.726000,0.504771,-0.103849,-0.035089,0.011544,-0.031430,0.036018,-2.285295,MOVE_JOINT
0.727000,0.504782,-0.103881,-0.035053,0.011485,-0.031735,0.036079,-2.276492,MOVE_JOINT
0.728000,0.504795,-0.103914,-0.035016,0.012175,-0.032464,0.036581,-2.266070,MOVE_JOINT
0.729000,0.504810,-0.103945,-0.034977,0.012479,-0.032349,0.036814,-2.254210,MOVE_JOINT
0.730000,0.504821,-0.103975,-0.034942,0.011856,-0.032191,0.036291,-2.241061,MOVE_JOINT
0.731000,0.504834,-0.104010,-0.034905,0.012181,-0.032603,0.036586,-2.226767,MOVE_JOINT
0.732000,0.504848,-0.104038,-0.034869,0.012473,-0.031464,0.036110,-2.211509,MOVE_JOINT
0.733000,0.504864,-0.104072,-0.034830,0.014107,-0.031766,0.037012,-2.195513,MOVE_JOINT
0.734000,0.504876,-0.104103,-0.034795,0.013562,-0.030774,0.036106,-2.179026,MOVE_JOINT
0.735000,0.504890,-0.104132,-0.034759,0.014214,-0.030444,0.036282,-2.162306,MOVE_JOINT
0.736000,0.504902,-0.104163,-0.034725,0.013422,-0.031198,0.035944,-2.145615,MOVE_JOINT
0.737000,0.504918,-0.104193,-0.034689,0.014791,-0.030711,0.036379,-2.129231,MOVE_JOINT
0.738000,0.504932,-0.104228,-0.034652,0.014763,-0.031008,0.036412,-2.113422,MOVE_JOINT
0.739000,0.504944,-0.104257,-0.034616,0.014000,-0.030088,0.036366,-2.098422,MOVE_JOINT
0.740000,0.504959,-0.104290,-0.034577,0.014233,-0.031126,0.037008,-2.084405,MOVE_JOINT
0.741000,0.504974,-0.104322,-0.034540,0.014562,-0.031224,0.037389,-2.071477,MOVE_JOINT
0.742000,0.504988,-0.104353,-0.034502,0.015136,-0.031578,0.038103,-2.059660,MOVE_JOINT
0.743000,0.505002,-0.104384,-0.034464,0.015163,-0.031154,0.038232,-2.048896,MOVE_JOINT
0.744000,0.505017,-0.104419,-0.034424,0.014403,-0.032505,0.038373,-2.039043,MOVE_JOINT
0.745000,0.505026,-0.104444,-0.034391,0.012803,-0.030351,0.036559,-2.029927,MOVE_JOINT
0.746000,0.505040,-0.104479,-0.034353,0.013362,-0.031712,0.037308,-2.021419,MOVE_JOINT
0.747000,0.505052,-0.104512,-0.034314,0.012665,-0.032129,0.037344,-2.013492,MOVE_JOINT
0.748000,0.505066,-0.104543,-0.034276,0.013047,-0.031608,0.037653,-2.006192,MOVE_JOINT
0.749000,0.505079,-0.104576,-0.034237,0.011940,-0.031884,0.037376,-1.999576,MOVE_JOINT
0.750000,0.505095,-0.104603,-0.034199,0.013285,-0.030919,0.037758,-1.993676,MOVE_JOINT
0.751000,0.505108,-0.104633,-0.034161,0.013160,-0.030216,0.037556,-1.988509,MOVE_JOINT
0.752000,0.505121,-0.104667,-0.034121,0.012601,-0.031574,0.038069,-1.984084,MOVE_JOINT
0.753000,0.505133,-0.104700,-0.034085,0.011796,-0.032060,0.037732,-1.980402,MOVE_JOINT
0.754000,0.505144,-0.104735,-0.034045,0.011665,-0.032457,0.038160,-1.977456,MOVE_JOINT
0.755000,0.505158,-0.104767,-0.034003,0.012977,-0.031974,0.039801,-1.975226,MOVE_JOINT
0.756000,0.505170,-0.104803,-0.033964,0.012363,-0.033037,0.039106,-1.973624,MOVE_JOINT
0.757000,0.505181,-0.104835,-0.033926,0.012213,-0.032901,0.038753,-1.972480,MOVE_JOINT
0.758000,0.505196,-0.104867,-0.033886,0.013640,-0.032462,0.039229,-1.971610,MOVE_JOINT
0.759000,0.505209,-0.104899,-0.033846,0.013366,-0.031732,0.039540,-1.970887,MOVE_JOINT
0.760000,0.505221,-0.104935,-0.033806,0.012841,-0.032584,0.039332,-1.970238,MOVE_JOINT
0.761000,0.505233,-0.104971,-0.033769,0.011934,-0.033855,0.038329,-1.969622,MOVE_JOINT
0.762000,0.505250,-0.105004,-0.033728,0.013405,-0.033725,0.039131,-1.969062,MOVE_JOINT
0.763000,0.505263,-0.105037,-0.033691,0.013339,-0.033433,0.038325,-1.968675,MOVE_JOINT
0.764000,0.505280,-0.105069,-0.033651,0.014661,-0.032808,0.038938,-1.968655,MOVE_JOINT
0.765000,0.505296,-0.105102,-0.033612,0.014783,-0.032960,0.038873,-1.969218,MOVE_JOINT
0.766000,0.505310,-0.105137,-0.033575,0.014416,-0.033749,0.038662,-1.970555,MOVE_JOINT
0.767000,0.505323,-0.105171,-0.033536,0.013488,-0.034206,0.038424,-1.972811,MOVE_JOINT
0.768000,0.505340,-0.105198,-0.033498,0.014795,-0.032478,0.038202,-1.976097,MOVE_JOINT
0.769000,0.505350,-0.105235,-0.033461,0.013192,-0.033964,0.038096,-1.980506,MOVE_JOINT
0.770000,0.505366,-0.105266,-0.033424,0.013983,-0.032993,0.037671,-1.986117,MOVE_JOINT
0.771000,0.505378,-0.105298,-0.033389,0.013327,-0.032396,0.036815,-1.993007,MOVE_JOINT
0.772000,0.505394,-0.105332,-0.033350,0.014371,-0.032546,0.037948,-2.001262,MOVE_JOINT
0.773000,0.505408,-0.105363,-0.033313,0.014249,-0.032007,0.037814,-2.010946,MOVE_JOINT
0.774000,0.505422,-0.105398,-0.033276,0.014007,-0.033759,0.037711,-2.022049,MOVE_JOINT
0.775000,0.505437,-0.105426,-0.033238,0.014160,-0.031770,0.037494,-2.034475,MOVE_JOINT
0.776000,0.505453,-0.105462,-0.033198,0.014574,-0.033157,0.038508,-2.048061,MOVE_JOINT
0.777000,0.505459,-0.105496,-0.033163,0.012073,-0.033199,0.037283,-2.062585,MOVE_JOINT
0.778000,0.505472,-0.105528,-0.033125,0.012193,-0.033180,0.037405,-2.077784,MOVE_JOINT
0.779000,0.505486,-0.105563,-0.033086,0.012622,-0.033626,0.038095,-2.093386,MOVE_JOINT
0.780000,0.505497,-0.105595,-0.033047,0.012686,-0.032704,0.038143,-2.109120,MOVE_JOINT
0.781000,0.505512,-0.105632,-0.033008,0.013892,-0.033663,0.038831,-2.124681,MOVE_JOINT
0.782000,0.505527,-0.105664,-0.032967,0.014537,-0.033185,0.039358,-2.139711,MOVE_JOINT
0.783000,0.505536,-0.105700,-0.032929,0.012839,-0.034308,0.039087,-2.153827,MOVE_JOINT
0.784000,0.505543,-0.105735,-0.032893,0.011345,-0.034177,0.038092,-2.166656,MOVE_JOINT
0.785000,0.505559,-0.105770,-0.032851,0.012499,-0.034836,0.039044,-2.177892,MOVE_JOINT
0.786000,0.505569,-0.105802,-0.032813,0.011496,-0.034206,0.038782,-2.187337,MOVE_JOINT
0.787000,0.505581,-0.105839,-0.032773,0.011872,-0.034964,0.038977,-2.194879,MOVE_JOINT
0.788000,0.505594,-0.105875,-0.032733,0.011746,-0.036092,0.039398,-2.200460,MOVE_JOINT
0.789000,0.505610,-0.105911,-0.032691,0.012883,-0.036066,0.040084,-2.204051,MOVE_JOINT
0.790000,0.505617,-0.105946,-0.032657,0.010897,-0.036011,0.038512,-2.205652,MOVE_JOINT
0.791000,0.505631,-0.105977,-0.032618,0.012906,-0.034007,0.038980,-2.205321,MOVE_JOINT
0.792000,0.505640,-0.106015,-0.032582,0.011469,-0.034696,0.037695,-2.203206,MOVE_JOINT
0.793000,0.505652,-0.106053,-0.032545,0.011337,-0.035387,0.037274,-2.199565,MOVE_JOINT
0.794000,0.505665,-0.106086,-0.032508,0.012766,-0.034278,0.038110,-2.194779,MOVE_JOINT
0.795000,0.505674,-0.106125,-0.032472,0.011535,-0.035527,0.037201,-2.189308,MOVE_JOINT
0.796000,0.505688,-0.106159,-0.032434,0.011971,-0.035719,0.037116,-2.183632,MOVE_JOINT
0.797000,0.505703,-0.106193,-0.032396,0.012826,-0.035143,0.037467,-2.178219,MOVE_JOINT
0.798000,0.505713,-0.106231,-0.032360,0.011727,-0.036055,0.036777,-2.173501,MOVE_JOINT
0.799000,0.505722,-0.106269,-0.032324,0.010660,-0.036472,0.036562,-2.169850,MOVE_JOINT
0.800000,0.505733,-0.106306,-0.032287,0.010495,-0.036460,0.036582,-2.167579,MOVE_JOINT
0.801000,0.505743,-0.106341,-0.032250,0.010323,-0.036563,0.036765,-2.166937,MOVE_JOINT
0.802000,0.505752,-0.106376,-0.032216,0.009300,-0.035891,0.035762,-2.168101,MOVE_JOINT
0.803000,0.505767,-0.106412,-0.032178,0.010757,-0.036203,0.036546,-2.171177,MOVE_JOINT
0.804000,0.505775,-0.106450,-0.032142,0.009986,-0.036702,0.036499,-2.176198,MOVE_JOINT
0.805000,0.505789,-0.106485,-0.032105,0.011232,-0.035817,0.036963,-2.183108,MOVE_JOINT
0.806000,0.505797,-0.106521,-0.032071,0.011572,-0.035671,0.036670,-2.191745,MOVE_JOINT
0.807000,0.505806,-0.106555,-0.032034,0.011209,-0.035327,0.036636,-2.201851,MOVE_JOINT
0.808000,0.505816,-0.106591,-0.031999,0.010887,-0.035316,0.036270,-2.213108,MOVE_JOINT
0.809000,0.505827,-0.106625,-0.031962,0.010833,-0.034387,0.036230,-2.225173,MOVE_JOINT
0.810000,0.505836,-0.106660,-0.031925,0.010501,-0.034360,0.036267,-2.237711,MOVE_JOINT
0.811000,0.505847,-0.106695,-0.031888,0.009843,-0.034611,0.036086,-2.250406,MOVE_JOINT
0.812000,0.505858,-0.106731,-0.031851,0.010727,-0.034890,0.036358,-2.262968,MOVE_JOINT
0.813000,0.505868,-0.106764,-0.031815,0.011021,-0.034265,0.036524,-2.275134,MOVE_JOINT
0.814000,0.505880,-0.106796,-0.031777,0.011765,-0.033121,0.037054,-2.286653,MOVE_JOINT
0.815000,0.505888,-0.106827,-0.031742,0.010505,-0.032748,0.036300,-2.297275,MOVE_JOINT
0.816000,0.505895,-0.106864,-0.031705,0.010089,-0.033446,0.036392,-2.306764,MOVE_JOINT
0.817000,0.505899,-0.106897,-0.031676,0.008826,-0.032975,0.034846,-2.314950,MOVE_JOINT
0.818000,0.505901,-0.106931,-0.031645,0.006070,-0.033067,0.033236,-2.321801,MOVE_JOINT
0.819000,0.505912,-0.106959,-0.031609,0.007213,-0.031751,0.033889,-2.327478,MOVE_JOINT
0.820000,0.505918,-0.106994,-0.031574,0.006961,-0.032319,0.034353,-2.332313,MOVE_JOINT
0.821000,0.505927,-0.107025,-0.031539,0.007865,-0.031322,0.034211,-2.336672,MOVE_JOINT
0.822000,0.505933,-0.107056,-0.031505,0.007850,-0.031414,0.033997,-2.340850,MOVE_JOINT
0.823000,0.505942,-0.107089,-0.031471,0.008073,-0.032021,0.034282,-2.345049,MOVE_JOINT
0.824000,0.505946,-0.107122,-0.031437,0.006845,-0.032508,0.033984,-2.349409,MOVE_JOINT
0.825000,0.505952,-0.107155,-0.031405,0.007043,-0.032755,0.034007,-2.354033,MOVE_JOINT
0.826000,0.505961,-0.107185,-0.031370,0.007995,-0.032222,0.034352,-2.359000,MOVE_JOINT
0.827000,0.505964,-0.107220,-0.031341,0.007286,-0.032982,0.033316,-2.364380,MOVE_JOINT
0.828000,0.505971,-0.107254,-0.031305,0.007505,-0.033166,0.033816,-2.370265,MOVE_JOINT
0.829000,0.505980,-0.107288,-0.031273,0.007712,-0.033624,0.033500,-2.376785,MOVE_JOINT
0.830000,0.505992,-0.107323,-0.031237,0.009061,-0.034156,0.034381,-2.384097,MOVE_JOINT
0.831000,0.505996,-0.107359,-0.031206,0.007034,-0.035477,0.033263,-2.392340,MOVE_JOINT
0.832000,0.506007,-0.107394,-0.031170,0.008001,-0.034758,0.033742,-2.401618,MOVE_JOINT
0.833000,0.506015,-0.107431,-0.031138,0.008324,-0.035491,0.033735,-2.411991,MOVE_JOINT
0.834000,0.506024,-0.107466,-0.031103,0.008488,-0.035186,0.033889,-2.423465,MOVE_JOINT
0.835000,0.506035,-0.107499,-0.031068,0.008890,-0.034376,0.034185,-2.435976,MOVE_JOINT
0.836000,0.506046,-0.107536,-0.031033,0.009486,-0.035715,0.034892,-2.449374,MOVE_JOINT
0.837000,0.506055,-0.107571,-0.030999,0.008882,-0.034677,0.034044,-2.463422,MOVE_JOINT
0.838000,0.506067,-0.107613,-0.030963,0.009467,-0.036425,0.034484,-2.477819,MOVE_JOINT
0.839000,0.506076,-0.107648,-0.030928,0.009985,-0.036278,0.035169,-2.492247,MOVE_JOINT
0.840000,0.506082,-0.107688,-0.030896,0.008860,-0.037479,0.034775,-2.506393,MOVE_JOINT
0.841000,0.506096,-0.107723,-0.030859,0.010217,-0.037241,0.035521,-2.519949,MOVE_JOINT
0.842000,0.506105,-0.107759,-0.030825,0.010503,-0.036483,0.035137,-2.532619,MOVE_JOINT
0.843000,0.506113,-0.107797,-0.030790,0.010895,-0.036687,0.035918,-2.544114,MOVE_JOINT
0.844000,0.506124,-0.107835,-0.030754,0.010870,-0.036957,0.035771,-2.554150,MOVE_JOINT
0.845000,0.506133,-0.107875,-0.030716,0.011013,-0.038125,0.036838,-2.562457,MOVE_JOINT
0.846000,0.506144,-0.107911,-0.030678,0.010926,-0.037834,0.037284,-2.568780,MOVE_JOINT
0.847000,0.506157,-0.107949,-0.030639,0.011036,-0.037524,0.037447,-2.572872,MOVE_JOINT
0.848000,0.506166,-0.107986,-0.030604,0.010497,-0.037580,0.037078,-2.574492,MOVE_JOINT
0.849000,0.506176,-0.108025,-0.030564,0.010618,-0.038162,0.038067,-2.573443,MOVE_JOINT
0.850000,0.506188,-0.108061,-0.030523,0.010796,-0.037774,0.038978,-2.569588,MOVE_JOINT
0.851000,0.506194,-0.108100,-0.030489,0.009215,-0.038247,0.037498,-2.562845,MOVE_JOINT
0.852000,0.506204,-0.108140,-0.030448,0.009419,-0.039310,0.038276,-2.553206,MOVE_JOINT
0.853000,0.506213,-0.108177,-0.030411,0.009354,-0.038504,0.038239,-2.540775,MOVE_JOINT
0.854000,0.506223,-0.108213,-0.030372,0.009462,-0.038130,0.038408,-2.525770,MOVE_JOINT
0.855000,0.506237,-0.108252,-0.030331,0.010529,-0.038469,0.038970,-2.508487,MOVE_JOINT
0.856000,0.506241,-0.108293,-0.030294,0.009146,-0.039136,0.038455,-2.489263,MOVE_JOINT
0.857000,0.506252,-0.108330,-0.030256,0.010449,-0.037815,0.038795,-2.468476,MOVE_JOINT
0.858000,0.506258,-0.108371,-0.030219,0.009635,-0.038480,0.038115,-2.446535,MOVE_JOINT
0.859000,0.506269,-0.108409,-0.030179,0.010003,-0.038723,0.038345,-2.423884,MOVE_JOINT
0.860000,0.506277,-0.108454,-0.030139,0.009805,-0.039991,0.038919,-2.401004,MOVE_JOINT
0.861000,0.506284,-0.108494,-0.030101,0.009415,-0.039803,0.038737,-2.378382,MOVE_JOINT
0.862000,0.506291,-0.108534,-0.030062,0.008213,-0.040136,0.038517,-2.356469,MOVE_JOINT
0.863000,0.506300,-0.108572,-0.030026,0.008137,-0.039275,0.037500,-2.335677,MOVE_JOINT
0.864000,0.506306,-0.108613,-0.029990,0.006876,-0.040209,0.036675,-2.316402,MOVE_JOINT
0.865000,0.506317,-0.108651,-0.029953,0.008561,-0.039067,0.037291,-2.299062,MOVE_JOINT
0.866000,0.506323,-0.108695,-0.029916,0.007620,-0.040321,0.036841,-2.284077,MOVE_JOINT
0.867000,0.506331,-0.108733,-0.029879,0.007401,-0.039502,0.036681,-2.271818,MOVE_JOINT
0.868000,0.506343,-0.108776,-0.029839,0.009031,-0.039949,0.037388,-2.262566,MOVE_JOINT
0.869000,0.506352,-0.108814,-0.029801,0.008857,-0.040102,0.038002,-2.256476,MOVE_JOINT
0.870000,0.506358,-0.108858,-0.029764,0.008439,-0.040659,0.037299,-2.253555,MOVE_JOINT
0.871000,0.506370,-0.108895,-0.029724,0.009547,-0.039103,0.038141,-2.253668,MOVE_JOINT
0.872000,0.506378,-0.108936,-0.029685,0.009117,-0.039519,0.038130,-2.256582,MOVE_JOINT
0.873000,0.506385,-0.108976,-0.029647,0.008766,-0.039084,0.038064,-2.261974,MOVE_JOINT
0.874000,0.506398,-0.109014,-0.029606,0.010086,-0.038260,0.038936,-2.269452,MOVE_JOINT
0.875000,0.506406,-0.109057,-0.029566,0.009629,-0.039728,0.039478,-2.278571,MOVE_JOINT
0.876000,0.506414,-0.109095,-0.029530,0.008727,-0.039480,0.038451,-2.288851,MOVE_JOINT
0.877000,0.506424,-0.109130,-0.029491,0.008679,-0.038370,0.038596,-2.299822,MOVE_JOINT
0.878000,0.506434,-0.109169,-0.029451,0.009748,-0.038394,0.038820,-2.311085,MOVE_JOINT
0.879000,0.506444,-0.109207,-0.029411,0.010430,-0.037586,0.039346,-2.322320,MOVE_JOINT
0.880000,0.506455,-0.109249,-0.029368,0.010779,-0.038926,0.040557,-2.333250,MOVE_JOINT
0.881000,0.506464,-0.109282,-0.029330,0.010079,-0.037421,0.039552,-2.343599,MOVE_JOINT
0.882000,0.506476,-0.109320,-0.029289,0.010166,-0.037618,0.039844,-2.353094,MOVE_JOINT
0.883000,0.506486,-0.109362,-0.029246,0.010085,-0.038860,0.040728,-2.361511,MOVE_JOINT
0.884000,0.506496,-0.109400,-0.029206,0.010040,-0.038167,0.040713,-2.368684,MOVE_JOINT
0.885000,0.506503,-0.109437,-0.029170,0.009462,-0.037946,0.039460,-2.374495,MOVE_JOINT
0.886000,0.506513,-0.109482,-0.029127,0.009557,-0.039957,0.040087,-2.378909,MOVE_JOINT
0.887000,0.506521,-0.109519,-0.029090,0.008875,-0.039359,0.039509,-2.382018,MOVE_JOINT
0.888000,0.506532,-0.109559,-0.029048,0.010117,-0.039145,0.040553,-2.384032,MOVE_JOINT
0.889000,0.506542,-0.109596,-0.029010,0.010528,-0.037620,0.039814,-2.385215,MOVE_JOINT
0.890000,0.506551,-0.109639,-0.028969,0.009769,-0.039675,0.039921,-2.385833,MOVE_JOINT
0.891000,0.506560,-0.109680,-0.028928,0.009764,-0.039746,0.040278,-2.386134,MOVE_JOINT
0.892000,0.506571,-0.109719,-0.028887,0.009738,-0.039883,0.040364,-2.386351,MOVE_JOINT
0.893000,0.506581,-0.109760,-0.028847,0.009596,-0.040419,0.040287,-2.386698,MOVE_JOINT
0.894000,0.506592,-0.109796,-0.028809,0.010414,-0.038807,0.040043,-2.387368,MOVE_JOINT
0.895000,0.506602,-0.109838,-0.028768,0.010512,-0.039779,0.040635,-2.388543,MOVE_JOINT
0.896000,0.506608,-0.109879,-0.028731,0.009065,-0.039877,0.039176,-2.390385,MOVE_JOINT
0.897000,0.506621,-0.109920,-0.028690,0.009952,-0.040940,0.040176,-2.393047,MOVE_JOINT
0.898000,0.506630,-0.109959,-0.028650,0.008966,-0.040681,0.039371,-2.396675,MOVE_JOINT
0.899000,0.506641,-0.109998,-0.028612,0.009684,-0.039617,0.038964,-2.401413,MOVE_JOINT
0.900000,0.506655,-0.110037,-0.028570,0.010983,-0.039601,0.039680,-2.407391,MOVE_JOINT
0.901000,0.506661,-0.110084,-0.028531,0.009690,-0.041834,0.039924,-2.414710,MOVE_JOINT
0.902000,0.506677,-0.110120,-0.028487,0.012040,-0.040428,0.041486,-2.423378,MOVE_JOINT
0.903000,0.506686,-0.110159,-0.028445,0.010958,-0.039878,0.041089,-2.433241,MOVE_JOINT
0.904000,0.506698,-0.110201,-0.028401,0.012056,-0.040434,0.042247,-2.443957,MOVE_JOINT
0.905000,0.506708,-0.110238,-0.028361,0.011371,-0.039686,0.042056,-2.455029,MOVE_JOINT
0.906000,0.506721,-0.110279,-0.028315,0.011392,-0.039658,0.042530,-2.465873,MOVE_JOINT
0.907000,0.506731,-0.110317,-0.028274,0.011464,-0.038833,0.042351,-2.475888,MOVE_JOINT
0.908000,0.506740,-0.110363,-0.028230,0.010729,-0.040323,0.042375,-2.484519,MOVE_JOINT
0.909000,0.506749,-0.110405,-0.028187,0.009744,-0.040652,0.041946,-2.491330,MOVE_JOINT
0.910000,0.506761,-0.110444,-0.028143,0.010587,-0.039723,0.042855,-2.496048,MOVE_JOINT
0.911000,0.506771,-0.110487,-0.028098,0.010508,-0.040672,0.043624,-2.498539,MOVE_JOINT
0.912000,0.506783,-0.110531,-0.028051,0.010679,-0.041197,0.044411,-2.498727,MOVE_JOINT
0.913000,0.506794,-0.110573,-0.028006,0.010543,-0.041448,0.044520,-2.496539,MOVE_JOINT
0.914000,0.506802,-0.110616,-0.027962,0.010321,-0.041637,0.044489,-2.491906,MOVE_JOINT
0.915000,0.506814,-0.110656,-0.027917,0.010393,-0.041249,0.044262,-2.484807,MOVE_JOINT
0.916000,0.506822,-0.110699,-0.027872,0.009519,-0.042194,0.044222,-2.475324,MOVE_JOINT
0.917000,0.506833,-0.110740,-0.027826,0.009449,-0.041766,0.044294,-2.463660,MOVE_JOINT
0.918000,0.506845,-0.110782,-0.027781,0.009986,-0.042445,0.044418,-2.450118,MOVE_JOINT
0.919000,0.506857,-0.110822,-0.027737,0.010200,-0.041952,0.044206,-2.435066,MOVE_JOINT
0.920000,0.506869,-0.110863,-0.027692,0.011257,-0.041264,0.044721,-2.418920,MOVE_JOINT
0.921000,0.506880,-0.110908,-0.027646,0.010826,-0.042120,0.045100,-2.402108,MOVE_JOINT
0.922000,0.506894,-0.110947,-0.027599,0.011634,-0.041287,0.045701,-2.385010,MOVE_JOINT
0.923000,0.506901,-0.110990,-0.027557,0.010308,-0.042104,0.044581,-2.367917,MOVE_JOINT
0.924000,0.506916,-0.111031,-0.027509,0.011234,-0.041747,0.045319,-2.351057,MOVE_JOINT
0.925000,0.506926,-0.111075,-0.027463,0.010935,-0.041943,0.045615,-2.334639,MOVE_JOINT
0.926000,0.506940,-0.111119,-0.027413,0.011511,-0.042654,0.046611,-2.318835,MOVE_JOINT
0.927000,0.506951,-0.111161,-0.027369,0.011338,-0.041910,0.045941,-2.303747,MOVE_JOINT
0.928000,0.506964,-0.111203,-0.027323,0.011207,-0.041972,0.045856,-2.289396,MOVE_JOINT
0.929000,0.506972,-0.111250,-0.027276,0.010893,-0.043115,0.046275,-2.275768,MOVE_JOINT
0.930000,0.506984,-0.111291,-0.027229,0.011346,-0.042498,0.046797,-2.262842,MOVE_JOINT
0.931000,0.506992,-0.111334,-0.027186,0.010201,-0.042719,0.045863,-2.250592,MOVE_JOINT
0.932000,0.507004,-0.111376,-0.027137,0.010491,-0.042657,0.046656,-2.238995,MOVE_JOINT
0.933000,0.507013,-0.111422,-0.027091,0.010301,-0.044027,0.046696,-2.228054,MOVE_JOINT
0.934000,0.507024,-0.111462,-0.027046,0.010258,-0.043159,0.046397,-2.217796,MOVE_JOINT
0.935000,0.507036,-0.111504,-0.026998,0.010983,-0.042926,0.046884,-2.208256,MOVE_JOINT
0.936000,0.507047,-0.111546,-0.026949,0.010956,-0.042550,0.047387,-2.199469,MOVE_JOINT
0.937000,0.507055,-0.111590,-0.026905,0.009658,-0.043307,0.046136,-2.191453,MOVE_JOINT
0.938000,0.507065,-0.111635,-0.026857,0.009636,-0.043264,0.046601,-2.184222,MOVE_JOINT
0.939000,0.507071,-0.111679,-0.026810,0.008835,-0.043830,0.046366,-2.177824,MOVE_JOINT
0.940000,0.507082,-0.111716,-0.026764,0.009074,-0.041610,0.046053,-2.172344,MOVE_JOINT
0.941000,0.507089,-0.111759,-0.026718,0.008325,-0.042005,0.046098,-2.167882,MOVE_JOINT
0.942000,0.507099,-0.111809,-0.026669,0.008568,-0.044332,0.046688,-2.164537,MOVE_JOINT
0.943000,0.507107,-0.111846,-0.026624,0.008524,-0.042180,0.046552,-2.162379,MOVE_JOINT
0.944000,0.507117,-0.111889,-0.026577,0.008807,-0.042465,0.046718,-2.161425,MOVE_JOINT
0.945000,0.507122,-0.111935,-0.026532,0.008124,-0.043295,0.046591,-2.161636,MOVE_JOINT
0.946000,0.507135,-0.111975,-0.026484,0.009201,-0.042693,0.046459,-2.162930,MOVE_JOINT
0.947000,0.507144,-0.112019,-0.026438,0.008783,-0.043130,0.046023,-2.165222,MOVE_JOINT
0.948000,0.507150,-0.112063,-0.026394,0.008449,-0.042711,0.045330,-2.168470,MOVE_JOINT
0.949000,0.507158,-0.112105,-0.026347,0.008924,-0.042337,0.046232,-2.172710,MOVE_JOINT
0.950000,0.507166,-0.112150,-0.026302,0.008360,-0.043159,0.045741,-2.178019,MOVE_JOINT
0.951000,0.507175,-0.112190,-0.026259,0.008079,-0.042698,0.044897,-2.184459,MOVE_JOINT
0.952000,0.507182,-0.112237,-0.026213,0.007726,-0.043021,0.044747,-2.192075,MOVE_JOINT
0.953000,0.507194,-0.112282,-0.026166,0.008856,-0.043443,0.045577,-2.200909,MOVE_JOINT
0.954000,0.507203,-0.112325,-0.026119,0.008816,-0.043288,0.045799,-2.210979,MOVE_JOINT
0.955000,0.507213,-0.112370,-0.026070,0.009478,-0.043849,0.046815,-2.222205,MOVE_JOINT
0.956000,0.507218,-0.112417,-0.026025,0.008078,-0.045319,0.046528,-2.234375,MOVE_JOINT
0.957000,0.507228,-0.112459,-0.025979,0.007631,-0.044793,0.045927,-2.247167,MOVE_JOINT
0.958000,0.507237,-0.112500,-0.025932,0.007174,-0.043866,0.045828,-2.260233,MOVE_JOINT
0.959000,0.507248,-0.112542,-0.025882,0.009253,-0.043701,0.047802,-2.273241,MOVE_JOINT
0.960000,0.507260,-0.112585,-0.025832,0.010054,-0.043498,0.048410,-2.285830,MOVE_JOINT
0.961000,0.507268,-0.112629,-0.025784,0.009097,-0.043827,0.048300,-2.297530,MOVE_JOINT
0.962000,0.507277,-0.112672,-0.025735,0.008951,-0.044111,0.048339,-2.307783,MOVE_JOINT
0.963000,0.507284,-0.112719,-0.025688,0.007945,-0.044889,0.047926,-2.316055,MOVE_JOINT
0.964000,0.507298,-0.112757,-0.025639,0.009369,-0.043540,0.048382,-2.321938,MOVE_JOINT
0.965000,0.507308,-0.112804,-0.025588,0.009020,-0.044988,0.048743,-2.325199,MOVE_JOINT
0.966000,0.507317,-0.112849,-0.025540,0.008948,-0.044542,0.048464,-2.325763,MOVE_JOINT
0.967000,0.507323,-0.112894,-0.025492,0.007939,-0.044735,0.048164,-2.323694,MOVE_JOINT
0.968000,0.507333,-0.112936,-0.025443,0.008283,-0.043760,0.048271,-2.319182,MOVE_JOINT
0.969000,0.507344,-0.112981,-0.025393,0.009525,-0.044058,0.049165,-2.312510,MOVE_JOINT
0.970000,0.507355,-0.113023,-0.025343,0.010738,-0.043541,0.049501,-2.303996,MOVE_JOINT
0.971000,0.507362,-0.113072,-0.025295,0.009359,-0.044609,0.048758,-2.293935,MOVE_JOINT
0.972000,0.507371,-0.113116,-0.025247,0.009330,-0.044676,0.048943,-2.282614,MOVE_JOINT
0.973000,0.507383,-0.113163,-0.025197,0.009474,-0.045881,0.049219,-2.270343,MOVE_JOINT
0.974000,0.507394,-0.113210,-0.025145,0.010049,-0.046097,0.049623,-2.257466,MOVE_JOINT
0.975000,0.507401,-0.113256,-0.025097,0.008793,-0.045923,0.048852,-2.244334,MOVE_JOINT
0.976000,0.507412,-0.113306,-0.025045,0.009687,-0.046826,0.049717,-2.231285,MOVE_JOINT
0.977000,0.507417,-0.113354,-0.025000,0.008219,-0.047267,0.048524,-2.218652,MOVE_JOINT
0.978000,0.507424,-0.113402,-0.024949,0.007557,-0.047267,0.049038,-2.206764,MOVE_JOINT
0.979000,0.507439,-0.113448,-0.024895,0.009647,-0.046856,0.050412,-2.195927,MOVE_JOINT
0.980000,0.507445,-0.113498,-0.024847,0.008431,-0.048438,0.050207,-2.186359,MOVE_JOINT
0.981000,0.507453,-0.113547,-0.024798,0.008054,-0.048587,0.049915,-2.178143,MOVE_JOINT
0.982000,0.507464,-0.113597,-0.024746,0.009344,-0.049288,0.051031,-2.171263,MOVE_JOINT
0.983000,0.507470,-0.113649,-0.024697,0.007626,-0.050039,0.050141,-2.165658,MOVE_JOINT
0.984000,0.507478,-0.113694,-0.024649,0.007650,-0.048473,0.049596,-2.161258,MOVE_JOINT
0.985000,0.507491,-0.113744,-0.024597,0.009076,-0.049224,0.050204,-2.158020,MOVE_JOINT
0.986000,0.507495,-0.113796,-0.024553,0.007172,-0.050561,0.048414,-2.155959,MOVE_JOINT
0.987000,0.507510,-0.113843,-0.024502,0.009588,-0.049770,0.049203,-2.155157,MOVE_JOINT
0.988000,0.507519,-0.113889,-0.024453,0.009796,-0.048507,0.049374,-2.155754,MOVE_JOINT
0.989000,0.507531,-0.113938,-0.024404,0.009879,-0.048949,0.049186,-2.157890,MOVE_JOINT
0.990000,0.507540,-0.113984,-0.024356,0.009379,-0.048574,0.048626,-2.161644,MOVE_JOINT
0.991000,0.507553,-0.114033,-0.024306,0.009858,-0.048832,0.049044,-2.167037,MOVE_JOINT
0.992000,0.507567,-0.114080,-0.024256,0.011323,-0.048387,0.049408,-2.174041,MOVE_JOINT
0.993000,0.507572,-0.114132,-0.024210,0.009646,-0.049240,0.048313,-2.182579,MOVE_JOINT
0.994000,0.507581,-0.114177,-0.024164,0.009352,-0.047466,0.047688,-2.192550,MOVE_JOINT
0.995000,0.507593,-0.114223,-0.024117,0.010049,-0.047171,0.047772,-2.203877,MOVE_JOINT
0.996000,0.507604,-0.114268,-0.024068,0.010591,-0.046873,0.048089,-2.216502,MOVE_JOINT
0.997000,0.507616,-0.114315,-0.024020,0.011090,-0.046871,0.048122,-2.230347,MOVE_JOINT
0.998000,0.507629,-0.114363,-0.023970,0.012181,-0.046572,0.048628,-2.245269,MOVE_JOINT
0.999000,0.507638,-0.114409,-0.023923,0.010709,-0.046034,0.047413,-2.261064,MOVE_JOINT
1.000000,0.507649,-0.114455,-0.023875,0.011251,-0.046024,0.047802,-2.277499,MOVE_JOINT
1.001000,0.507663,-0.114498,-0.023827,0.011855,-0.045393,0.047920,-2.294344,MOVE_JOINT
1.002000,0.507678,-0.114541,-0.023779,0.012878,-0.044508,0.047888,-2.311366,MOVE_JOINT
1.003000,0.507688,-0.114587,-0.023734,0.012297,-0.045379,0.047232,-2.328323,MOVE_JOINT
1.004000,0.507698,-0.114632,-0.023688,0.011743,-0.045629,0.047266,-2.345002,MOVE_JOINT
1.005000,0.507708,-0.114680,-0.023641,0.010832,-0.046402,0.047112,-2.361265,MOVE_JOINT
1.006000,0.507720,-0.114729,-0.023590,0.011531,-0.046917,0.048314,-2.377033,MOVE_JOINT
1.007000,0.507736,-0.114773,-0.023542,0.012094,-0.046688,0.048235,-2.392235,MOVE_JOINT
1.008000,0.507745,-0.114822,-0.023493,0.011068,-0.047676,0.048442,-2.406754,MOVE_JOINT
1.009000,0.507759,-0.114867,-0.023441,0.012066,-0.046911,0.049952,-2.420414,MOVE_JOINT
1.010000,0.507772,-0.114917,-0.023389,0.012506,-0.047972,0.050393,-2.432968,MOVE_JOINT
1.011000,0.507782,-0.114968,-0.023340,0.012057,-0.049088,0.049971,-2.444071,MOVE_JOINT
1.012000,0.507794,-0.115021,-0.023289,0.011859,-0.050372,0.050178,-2.453350,MOVE_JOINT
1.013000,0.507806,-0.115066,-0.023240,0.012180,-0.049302,0.049920,-2.460493,MOVE_JOINT
1.014000,0.507819,-0.115114,-0.023189,0.011970,-0.048511,0.050038,-2.465322,MOVE_JOINT
1.015000,0.507834,-0.115165,-0.023135,0.012956,-0.049639,0.051446,-2.467782,MOVE_JOINT
1.016000,0.507848,-0.115215,-0.023084,0.013331,-0.049303,0.051368,-2.467902,MOVE_JOINT
1.017000,0.507859,-0.115266,-0.023034,0.012514,-0.050052,0.051009,-2.465749,MOVE_JOINT
1.018000,0.507871,-0.115317,-0.022982,0.012672,-0.049739,0.051642,-2.461441,MOVE_JOINT
1.019000,0.507886,-0.115361,-0.022933,0.013120,-0.048401,0.050501,-2.455176,MOVE_JOINT
1.020000,0.507897,-0.115410,-0.022884,0.013179,-0.048307,0.050368,-2.447253,MOVE_JOINT
1.021000,0.507908,-0.115460,-0.022834,0.012406,-0.049241,0.050327,-2.438092,MOVE_JOINT
1.022000,0.507922,-0.115505,-0.022783,0.012489,-0.048581,0.050363,-2.428208,MOVE_JOINT
1.023000,0.507937,-0.115552,-0.022732,0.013771,-0.048226,0.050924,-2.418144,MOVE_JOINT
1.024000,0.507947,-0.115609,-0.022680,0.012265,-0.051042,0.051214,-2.408409,MOVE_JOINT
1.025000,0.507956,-0.115658,-0.022630,0.011441,-0.050582,0.051027,-2.399426,MOVE_JOINT
1.026000,0.507970,-0.115706,-0.022577,0.012797,-0.049053,0.051808,-2.391516,MOVE_JOINT
1.027000,0.507978,-0.115760,-0.022527,0.011080,-0.051050,0.051333,-2.384893,MOVE_JOINT
1.028000,0.507991,-0.115810,-0.022473,0.011831,-0.051166,0.051978,-2.379683,MOVE_JOINT
1.029000,0.507999,-0.115865,-0.022423,0.010351,-0.052758,0.051484,-2.375956,MOVE_JOINT
1.030000,0.508007,-0.115916,-0.022373,0.009290,-0.052319,0.050318,-2.373768,MOVE_JOINT
1.031000,0.508021,-0.115968,-0.022319,0.010631,-0.052425,0.051732,-2.373198,MOVE_JOINT
1.032000,0.508034,-0.116021,-0.022266,0.011844,-0.052610,0.052144,-2.374333,MOVE_JOINT
1.033000,0.508042,-0.116076,-0.022217,0.011248,-0.053111,0.051573,-2.377199,MOVE_JOINT
1.034000,0.508047,-0.116129,-0.022168,0.009857,-0.053128,0.051180,-2.381744,MOVE_JOINT
1.035000,0.508061,-0.116180,-0.022114,0.011186,-0.052394,0.051660,-2.387882,MOVE_JOINT
1.036000,0.508067,-0.116234,-0.022064,0.009926,-0.052387,0.051438,-2.395523,MOVE_JOINT
1.037000,0.508079,-0.116289,-0.022012,0.010077,-0.053099,0.051380,-2.404568,MOVE_JOINT
1.038000,0.508085,-0.116340,-0.021965,0.009826,-0.052591,0.050840,-2.414916,MOVE_JOINT
1.039000,0.508094,-0.116395,-0.021913,0.009676,-0.053228,0.051332,-2.426483,MOVE_JOINT
1.040000,0.508103,-0.116451,-0.021864,0.008979,-0.053958,0.050515,-2.439208,MOVE_JOINT
1.041000,0.508108,-0.116502,-0.021817,0.008406,-0.052774,0.049802,-2.453056,MOVE_JOINT
1.042000,0.508119,-0.116553,-0.021766,0.009951,-0.051944,0.050269,-2.468015,MOVE_JOINT
1.043000,0.508123,-0.116607,-0.021718,0.008074,-0.051781,0.049465,-2.484098,MOVE_JOINT
1.044000,0.508132,-0.116657,-0.021667,0.008161,-0.051631,0.049921,-2.501308,MOVE_JOINT
1.045000,0.508138,-0.116709,-0.021618,0.007794,-0.051653,0.050185,-2.519613,MOVE_JOINT
1.046000,0.508148,-0.116759,-0.021568,0.008310,-0.051528,0.050185,-2.538909,MOVE_JOINT
1.047000,0.508155,-0.116810,-0.021522,0.007152,-0.051265,0.048493,-2.559025,MOVE_JOINT
1.048000,0.508160,-0.116862,-0.021473,0.006974,-0.051833,0.049184,-2.579765,MOVE_JOINT
1.049000,0.508169,-0.116912,-0.021425,0.007632,-0.051667,0.049165,-2.600935,MOVE_JOINT
1.050000,0.508177,-0.116964,-0.021375,0.007676,-0.051747,0.049205,-2.622333,MOVE_JOINT
1.051000,0.508182,-0.117013,-0.021326,0.007132,-0.050434,0.049098,-2.643714,MOVE_JOINT
1.052000,0.508190,-0.117063,-0.021277,0.007891,-0.050470,0.049663,-2.664787,MOVE_JOINT
1.053000,0.508196,-0.117114,-0.021227,0.007176,-0.050678,0.049454,-2.685206,MOVE_JOINT
1.054000,0.508206,-0.117162,-0.021175,0.008379,-0.049290,0.050506,-2.704573,MOVE_JOINT
1.055000,0.508211,-0.117216,-0.021127,0.007027,-0.051324,0.049658,-2.722455,MOVE_JOINT
1.056000,0.508220,-0.117268,-0.021074,0.007490,-0.051361,0.050715,-2.738438,MOVE_JOINT
1.057000,0.508227,-0.117322,-0.021022,0.007446,-0.052891,0.051008,-2.752177,MOVE_JOINT
1.058000,0.508238,-0.117375,-0.020967,0.008495,-0.053096,0.052102,-2.763400,MOVE_JOINT
1.059000,0.508248,-0.117432,-0.020913,0.008527,-0.054185,0.052756,-2.771881,MOVE_JOINT
1.060000,0.508258,-0.117489,-0.020857,0.009450,-0.054446,0.053452,-2.777407,MOVE_JOINT
1.061000,0.508269,-0.117542,-0.020804,0.009194,-0.054296,0.053185,-2.779775,MOVE_JOINT
1.062000,0.508277,-0.117600,-0.020750,0.009127,-0.055413,0.053757,-2.778829,MOVE_JOINT
1.063000,0.508288,-0.117656,-0.020694,0.009189,-0.055348,0.053700,-2.774506,MOVE_JOINT
1.064000,0.508297,-0.117714,-0.020640,0.008947,-0.056024,0.053641,-2.766861,MOVE_JOINT
1.065000,0.508310,-0.117770,-0.020583,0.010937,-0.056171,0.055364,-2.756063,MOVE_JOINT
1.066000,0.508322,-0.117831,-0.020526,0.010184,-0.057131,0.055052,-2.742348,MOVE_JOINT
1.067000,0.508335,-0.117884,-0.020470,0.011415,-0.055730,0.055843,-2.725960,MOVE_JOINT
1.068000,0.508346,-0.117942,-0.020416,0.010994,-0.057224,0.055520,-2.707134,MOVE_JOINT
1.069000,0.508358,-0.117994,-0.020360,0.011316,-0.056065,0.055754,-2.686118,MOVE_JOINT
1.070000,0.508366,-0.118051,-0.020306,0.009703,-0.056111,0.054725,-2.663204,MOVE_JOINT
1.071000,0.508377,-0.118103,-0.020252,0.009634,-0.054622,0.054176,-2.638768,MOVE_JOINT
1.072000,0.508387,-0.118161,-0.020196,0.009626,-0.055067,0.054584,-2.613295,MOVE_JOINT
1.073000,0.508400,-0.118218,-0.020139,0.010307,-0.056060,0.055660,-2.587353,MOVE_JOINT
1.074000,0.508411,-0.118273,-0.020084,0.009882,-0.055204,0.054651,-2.561498,MOVE_JOINT
1.075000,0.508421,-0.118328,-0.020030,0.009730,-0.055116,0.054364,-2.536230,MOVE_JOINT
1.076000,0.508433,-0.118388,-0.019973,0.010227,-0.056076,0.055027,-2.511991,MOVE_JOINT
1.077000,0.508443,-0.118443,-0.019918,0.010524,-0.055472,0.054945,-2.489164,MOVE_JOINT
1.078000,0.508455,-0.118499,-0.019863,0.010395,-0.056290,0.055058,-2.468055,MOVE_JOINT
1.079000,0.508463,-0.118553,-0.019810,0.009805,-0.055735,0.054235,-2.448895,MOVE_JOINT
1.080000,0.508470,-0.118612,-0.019756,0.009345,-0.056127,0.054217,-2.431872,MOVE_JOINT
1.081000,0.508480,-0.118670,-0.019702,0.009008,-0.056275,0.053751,-2.417166,MOVE_JOINT
1.082000,0.508493,-0.118727,-0.019646,0.009228,-0.056526,0.053812,-2.404958,MOVE_JOINT
1.083000,0.508505,-0.118785,-0.019589,0.010499,-0.056904,0.054983,-2.395410,MOVE_JOINT
1.084000,0.508515,-0.118840,-0.019535,0.010415,-0.056683,0.054738,-2.388612,MOVE_JOINT
1.085000,0.508524,-0.118894,-0.019484,0.010247,-0.055653,0.054133,-2.384550,MOVE_JOINT
1.086000,0.508530,-0.118952,-0.019432,0.008903,-0.056597,0.053276,-2.383134,MOVE_JOINT
1.087000,0.508539,-0.119007,-0.019381,0.008758,-0.056294,0.052929,-2.384280,MOVE_JOINT
1.088000,0.508547,-0.119064,-0.019328,0.007650,-0.057269,0.052575,-2.387966,MOVE_JOINT
1.089000,0.508558,-0.119120,-0.019276,0.008108,-0.057123,0.052375,-2.394227,MOVE_JOINT
1.090000,0.508568,-0.119173,-0.019223,0.008659,-0.056116,0.052627,-2.403120,MOVE_JOINT
1.091000,0.508576,-0.119228,-0.019173,0.008827,-0.055586,0.051762,-2.414678,MOVE_JOINT
1.092000,0.508577,-0.119286,-0.019125,0.005930,-0.056037,0.049972,-2.428898,MOVE_JOINT
1.093000,0.508587,-0.119343,-0.019071,0.007275,-0.056220,0.051319,-2.445768,MOVE_JOINT
1.094000,0.508592,-0.119399,-0.019020,0.006413,-0.056648,0.051348,-2.465279,MOVE_JOINT
1.095000,0.508605,-0.119457,-0.018965,0.007829,-0.056366,0.052120,-2.487342,MOVE_JOINT
1.096000,0.508610,-0.119511,-0.018916,0.007079,-0.055506,0.051491,-2.511725,MOVE_JOINT
1.097000,0.508614,-0.119570,-0.018864,0.006041,-0.056425,0.051418,-2.538053,MOVE_JOINT
1.098000,0.508629,-0.119624,-0.018807,0.008705,-0.056336,0.053484,-2.565841,MOVE_JOINT
1.099000,0.508634,-0.119679,-0.018755,0.007252,-0.056125,0.052826,-2.594515,MOVE_JOINT
1.100000,0.508641,-0.119735,-0.018701,0.006639,-0.056249,0.053155,-2.623406,MOVE_JOINT
1.101000,0.508653,-0.119791,-0.018646,0.008776,-0.056500,0.054224,-2.651794,MOVE_JOINT
1.102000,0.508662,-0.119849,-0.018589,0.009134,-0.057525,0.055091,-2.678945,MOVE_JOINT
1.103000,0.508668,-0.119905,-0.018535,0.008658,-0.056866,0.054533,-2.704125,MOVE_JOINT
1.104000,0.508677,-0.119963,-0.018481,0.008200,-0.057006,0.053952,-2.726645,MOVE_JOINT
1.105000,0.508684,-0.120022,-0.018427,0.007637,-0.057765,0.053587,-2.745958,MOVE_JOINT
1.106000,0.508691,-0.120075,-0.018376,0.007154,-0.056494,0.052919,-2.761740,MOVE_JOINT
1.107000,0.508701,-0.120134,-0.018321,0.008073,-0.057616,0.053458,-2.773914,MOVE_JOINT
1.108000,0.508710,-0.120193,-0.018266,0.007907,-0.058535,0.054066,-2.782610,MOVE_JOINT
1.109000,0.508717,-0.120249,-0.018215,0.007247,-0.058219,0.052694,-2.788087,MOVE_JOINT
1.110000,0.508727,-0.120306,-0.018159,0.007873,-0.058045,0.053159,-2.790683,MOVE_JOINT
1.111000,0.508737,-0.120367,-0.018105,0.008222,-0.058976,0.053809,-2.790795,MOVE_JOINT
1.112000,0.508743,-0.120424,-0.018053,0.008051,-0.058470,0.053392,-2.788834,MOVE_JOINT
1.113000,0.508755,-0.120479,-0.017998,0.009661,-0.056994,0.053809,-2.785161,MOVE_JOINT
1.114000,0.508763,-0.120536,-0.017943,0.009736,-0.057448,0.054205,-2.780068,MOVE_JOINT
1.115000,0.508770,-0.120591,-0.017890,0.009545,-0.055345,0.054182,-2.773768,MOVE_JOINT
1.116000,0.508778,-0.120650,-0.017838,0.008952,-0.056948,0.054009,-2.766396,MOVE_JOINT
1.117000,0.508793,-0.120705,-0.017780,0.010803,-0.056205,0.054972,-2.758023,MOVE_JOINT
1.118000,0.508802,-0.120759,-0.017728,0.010174,-0.055978,0.054012,-2.748686,MOVE_JOINT
1.119000,0.508811,-0.120818,-0.017675,0.008965,-0.057089,0.053156,-2.738416,MOVE_JOINT
1.120000,0.508822,-0.120872,-0.017622,0.009924,-0.056718,0.053252,-2.727299,MOVE_JOINT
1.121000,0.508829,-0.120926,-0.017572,0.009576,-0.056052,0.052445,-2.715530,MOVE_JOINT
1.122000,0.508839,-0.120986,-0.017520,0.009252,-0.057543,0.052349,-2.703419,MOVE_JOINT
1.123000,0.508851,-0.121043,-0.017467,0.010488,-0.057282,0.052506,-2.691362,MOVE_JOINT
1.124000,0.508861,-0.121100,-0.017414,0.010941,-0.056875,0.052789,-2.679783,MOVE_JOINT
1.125000,0.508871,-0.121154,-0.017364,0.011562,-0.055384,0.052353,-2.669067,MOVE_JOINT
1.126000,0.508878,-0.121216,-0.017315,0.010262,-0.056741,0.051480,-2.659522,MOVE_JOINT
1.127000,0.508887,-0.121272,-0.017264,0.010320,-0.056517,0.051567,-2.651408,MOVE_JOINT
1.128000,0.508892,-0.121330,-0.017215,0.008670,-0.056584,0.050371,-2.644968,MOVE_JOINT
1.129000,0.508904,-0.121389,-0.017162,0.009968,-0.057017,0.051548,-2.640444,MOVE_JOINT
1.130000,0.508913,-0.121443,-0.017113,0.009291,-0.055952,0.050858,-2.638040,MOVE_JOINT
1.131000,0.508921,-0.121507,-0.017062,0.009221,-0.057947,0.050831,-2.637894,MOVE_JOINT
1.132000,0.508932,-0.121562,-0.017011,0.009866,-0.057439,0.051208,-2.640075,MOVE_JOINT
1.133000,0.508941,-0.121620,-0.016961,0.009959,-0.057067,0.050908,-2.644585,MOVE_JOINT
1.134000,0.508952,-0.121674,-0.016912,0.010739,-0.056240,0.050662,-2.651352,MOVE_JOINT
1.135000,0.508959,-0.121733,-0.016864,0.009579,-0.057316,0.049695,-2.660241,MOVE_JOINT
1.136000,0.508965,-0.121790,-0.016816,0.008741,-0.056976,0.049362,-2.671103,MOVE_JOINT
1.137000,0.508977,-0.121846,-0.016767,0.009717,-0.056544,0.049465,-2.683812,MOVE_JOINT
1.138000,0.508986,-0.121904,-0.016718,0.010005,-0.057102,0.049826,-2.698263,MOVE_JOINT
1.139000,0.508993,-0.121965,-0.016669,0.009483,-0.058483,0.049766,-2.714326,MOVE_JOINT
1.140000,0.509002,-0.122017,-0.016622,0.009113,-0.056193,0.048744,-2.731832,MOVE_JOINT
1.141000,0.509008,-0.122077,-0.016574,0.008072,-0.057463,0.048543,-2.750589,MOVE_JOINT
1.142000,0.509014,-0.122132,-0.016528,0.007681,-0.056665,0.047689,-2.770424,MOVE_JOINT
1.143000,0.509024,-0.122187,-0.016477,0.007800,-0.056298,0.048658,-2.791200,MOVE_JOINT
1.144000,0.509035,-0.122243,-0.016425,0.009218,-0.056123,0.049736,-2.812776,MOVE_JOINT
1.145000,0.509039,-0.122304,-0.016376,0.007104,-0.057532,0.049238,-2.834929,MOVE_JOINT
1.146000,0.509051,-0.122361,-0.016321,0.007894,-0.057485,0.050541,-2.857304,MOVE_JOINT
1.147000,0.509057,-0.122418,-0.016271,0.007952,-0.056759,0.050533,-2.879445,MOVE_JOINT
1.148000,0.509066,-0.122477,-0.016216,0.007740,-0.057644,0.051594,-2.900809,MOVE_JOINT
1.149000,0.509070,-0.122538,-0.016167,0.007121,-0.058222,0.051066,-2.920809,MOVE_JOINT
1.150000,0.509078,-0.122600,-0.016114,0.007954,-0.059769,0.052047,-2.938862,MOVE_JOINT
1.151000,0.509090,-0.122657,-0.016058,0.009295,-0.058148,0.052863,-2.954448,MOVE_JOINT
1.152000,0.509097,-0.122717,-0.016007,0.008991,-0.058763,0.052351,-2.967133,MOVE_JOINT
1.153000,0.509103,-0.122778,-0.015953,0.008992,-0.058815,0.053103,-2.976563,MOVE_JOINT
1.154000,0.509113,-0.122832,-0.015901,0.009910,-0.057338,0.053039,-2.982484,MOVE_JOINT
1.155000,0.509122,-0.122893,-0.015848,0.010104,-0.058306,0.053099,-2.984743,MOVE_JOINT
1.156000,0.509132,-0.122950,-0.015795,0.009656,-0.058019,0.053011,-2.983299,MOVE_JOINT
1.157000,0.509141,-0.123007,-0.015743,0.010018,-0.057635,0.052663,-2.978241,MOVE_JOINT
1.158000,0.509150,-0.123064,-0.015690,0.009558,-0.057505,0.052338,-2.969806,MOVE_JOINT
1.159000,0.509156,-0.123119,-0.015641,0.008806,-0.056281,0.051629,-2.958377,MOVE_JOINT
1.160000,0.509169,-0.123176,-0.015587,0.010045,-0.056292,0.052111,-2.944451,MOVE_JOINT
1.161000,0.509180,-0.123233,-0.015534,0.009819,-0.056416,0.051726,-2.928588,MOVE_JOINT
1.162000,0.509188,-0.123288,-0.015482,0.009116,-0.056132,0.051590,-2.911370,MOVE_JOINT
1.163000,0.509202,-0.123343,-0.015428,0.010526,-0.055435,0.052344,-2.893370,MOVE_JOINT
1.164000,0.509210,-0.123404,-0.015375,0.009821,-0.056580,0.052116,-2.875121,MOVE_JOINT
1.165000,0.509218,-0.123465,-0.015322,0.009114,-0.058356,0.052015,-2.857084,MOVE_JOINT
1.166000,0.509224,-0.123523,-0.015271,0.008674,-0.057936,0.052234,-2.839661,MOVE_JOINT
1.167000,0.509235,-0.123585,-0.015214,0.008627,-0.059264,0.053249,-2.823199,MOVE_JOINT
1.168000,0.509239,-0.123642,-0.015165,0.007036,-0.058834,0.052252,-2.807962,MOVE_JOINT
1.169000,0.509249,-0.123704,-0.015110,0.007697,-0.059725,0.052556,-2.794111,MOVE_JOINT
1.170000,0.509256,-0.123761,-0.015059,0.007675,-0.058925,0.052244,-2.781744,MOVE_JOINT
1.171000,0.509266,-0.123818,-0.015003,0.008345,-0.058230,0.052915,-2.770934,MOVE_JOINT
1.172000,0.509273,-0.123881,-0.014952,0.008188,-0.059575,0.052316,-2.761726,MOVE_JOINT
1.173000,0.509284,-0.123940,-0.014899,0.009147,-0.059186,0.052649,-2.754140,MOVE_JOINT
1.174000,0.509292,-0.123999,-0.014847,0.008770,-0.059247,0.052803,-2.748173,MOVE_JOINT
1.175000,0.509300,-0.124055,-0.014798,0.008849,-0.058125,0.051635,-2.743820,MOVE_JOINT
1.176000,0.509311,-0.124115,-0.014743,0.008591,-0.058831,0.051916,-2.741089,MOVE_JOINT
1.177000,0.509318,-0.124173,-0.014691,0.008609,-0.058057,0.051976,-2.740027,MOVE_JOINT
1.178000,0.509326,-0.124233,-0.014640,0.008333,-0.058933,0.051820,-2.740701,MOVE_JOINT
1.179000,0.509336,-0.124295,-0.014586,0.008871,-0.060208,0.052500,-2.743158,MOVE_JOINT
1.180000,0.509341,-0.124353,-0.014536,0.008071,-0.059593,0.052137,-2.747410,MOVE_JOINT
1.181000,0.509350,-0.124414,-0.014483,0.008239,-0.059455,0.052171,-2.753422,MOVE_JOINT
1.182000,0.509364,-0.124470,-0.014429,0.010356,-0.058592,0.053108,-2.761108,MOVE_JOINT
1.183000,0.509366,-0.124534,-0.014380,0.007967,-0.060071,0.051871,-2.770316,MOVE_JOINT
1.184000,0.509378,-0.124589,-0.014325,0.009733,-0.058506,0.053011,-2.780847,MOVE_JOINT
1.185000,0.509386,-0.124649,-0.014272,0.009350,-0.058732,0.052732,-2.792481,MOVE_JOINT
1.186000,0.509395,-0.124711,-0.014219,0.009490,-0.059776,0.052952,-2.804979,MOVE_JOINT
1.187000,0.509402,-0.124772,-0.014165,0.008362,-0.060021,0.053081,-2.818080,MOVE_JOINT
1.188000,0.509413,-0.124831,-0.014109,0.009163,-0.059867,0.054060,-2.831496,MOVE_JOINT
1.189000,0.509422,-0.124891,-0.014055,0.009312,-0.059766,0.053973,-2.844885,MOVE_JOINT
1.190000,0.509435,-0.124953,-0.013997,0.010046,-0.060261,0.054837,-2.857829,MOVE_JOINT
1.191000,0.509442,-0.125012,-0.013944,0.009329,-0.059910,0.054437,-2.869853,MOVE_JOINT
1.192000,0.509452,-0.125076,-0.013889,0.009139,-0.061440,0.054545,-2.880464,MOVE_JOINT
1.193000,0.509461,-0.125136,-0.013831,0.009541,-0.060066,0.055388,-2.889204,MOVE_JOINT
1.194000,0.509470,-0.125201,-0.013774,0.009299,-0.060913,0.055914,-2.895669,MOVE_JOINT
1.195000,0.509478,-0.125262,-0.013718,0.009049,-0.060527,0.055772,-2.899492,MOVE_JOINT
1.196000,0.509493,-0.125322,-0.013656,0.010189,-0.060173,0.057268,-2.900346,MOVE_JOINT
1.197000,0.509501,-0.125382,-0.013601,0.009394,-0.059820,0.056455,-2.897948,MOVE_JOINT
1.198000,0.509512,-0.125442,-0.013544,0.009860,-0.060536,0.056523,-2.892082,MOVE_JOINT
1.199000,0.509522,-0.125504,-0.013485,0.009947,-0.061226,0.057403,-2.882649,MOVE_JOINT
1.200000,0.509532,-0.125564,-0.013428,0.010265,-0.060711,0.057460,-2.869684,MOVE_JOINT
1.201000,0.509540,-0.125624,-0.013373,0.008415,-0.060646,0.056270,-2.853329,MOVE_JOINT
1.202000,0.509551,-0.125685,-0.013315,0.008919,-0.060887,0.056047,-2.833844,MOVE_JOINT
1.203000,0.509563,-0.125744,-0.013256,0.009578,-0.060337,0.056553,-2.811633,MOVE_JOINT
1.204000,0.509573,-0.125808,-0.013199,0.009928,-0.061128,0.057056,-2.787221,MOVE_JOINT
1.205000,0.509582,-0.125870,-0.013142,0.009632,-0.061523,0.057027,-2.761176,MOVE_JOINT
1.206000,0.509593,-0.125932,-0.013084,0.010944,-0.061169,0.057670,-2.734037,MOVE_JOINT
1.207000,0.509603,-0.125995,-0.013027,0.010405,-0.061639,0.057443,-2.706288,MOVE_JOINT
1.208000,0.509611,-0.126060,-0.012971,0.009126,-0.062876,0.056458,-2.678364,MOVE_JOINT
1.209000,0.509620,-0.126120,-0.012914,0.009456,-0.062043,0.056887,-2.650680,MOVE_JOINT
1.210000,0.509633,-0.126181,-0.012854,0.010375,-0.061411,0.057807,-2.623649,MOVE_JOINT
1.211000,0.509638,-0.126246,-0.012801,0.008363,-0.063135,0.056593,-2.597653,MOVE_JOINT
1.212000,0.509651,-0.126307,-0.012739,0.009934,-0.062519,0.058174,-2.573022,MOVE_JOINT
1.213000,0.509660,-0.126376,-0.012683,0.009514,-0.064290,0.057638,-2.550030,MOVE_JOINT
1.214000,0.509671,-0.126439,-0.012627,0.010286,-0.063968,0.057739,-2.528900,MOVE_JOINT
1.215000,0.509681,-0.126501,-0.012570,0.009865,-0.064123,0.058008,-2.509811,MOVE_JOINT
1.216000,0.509690,-0.126569,-0.012511,0.009457,-0.065081,0.058019,-2.492912,MOVE_JOINT
1.217000,0.509698,-0.126633,-0.012455,0.008703,-0.064962,0.056998,-2.478324,MOVE_JOINT
1.218000,0.509708,-0.126698,-0.012397,0.008622,-0.065072,0.057215,-2.466163,MOVE_JOINT
1.219000,0.509722,-0.126758,-0.012339,0.010070,-0.063949,0.057884,-2.456559,MOVE_JOINT
1.220000,0.509727,-0.126822,-0.012286,0.007772,-0.064264,0.056181,-2.449626,MOVE_JOINT
1.221000,0.509740,-0.126883,-0.012229,0.009117,-0.063465,0.056295,-2.445447,MOVE_JOINT
1.222000,0.509746,-0.126947,-0.012176,0.007932,-0.063223,0.054895,-2.444108,MOVE_JOINT
1.223000,0.509753,-0.127009,-0.012123,0.008068,-0.062698,0.054768,-2.445734,MOVE_JOINT
1.224000,0.509764,-0.127073,-0.012067,0.008871,-0.063459,0.055297,-2.450490,MOVE_JOINT
1.225000,0.509773,-0.127134,-0.012013,0.008686,-0.062419,0.054701,-2.458518,MOVE_JOINT
1.226000,0.509783,-0.127195,-0.011958,0.009336,-0.062028,0.055101,-2.469882,MOVE_JOINT
1.227000,0.509790,-0.127258,-0.011903,0.008984,-0.062573,0.055166,-2.484525,MOVE_JOINT
1.228000,0.509796,-0.127321,-0.011852,0.007560,-0.062547,0.053565,-2.502257,MOVE_JOINT
1.229000,0.509807,-0.127385,-0.011793,0.008487,-0.063124,0.054800,-2.522791,MOVE_JOINT
1.230000,0.509814,-0.127450,-0.011740,0.007882,-0.063774,0.054550,-2.545787,MOVE_JOINT
1.231000,0.509821,-0.127518,-0.011681,0.007086,-0.065353,0.055314,-2.570853,MOVE_JOINT
1.232000,0.509828,-0.127578,-0.011626,0.006301,-0.064088,0.054892,-2.597525,MOVE_JOINT
1.233000,0.509837,-0.127639,-0.011568,0.006888,-0.063753,0.055722,-2.625264,MOVE_JOINT
1.234000,0.509846,-0.127703,-0.011507,0.007314,-0.063980,0.057418,-2.653460,MOVE_JOINT
1.235000,0.509852,-0.127766,-0.011451,0.006701,-0.063801,0.057218,-2.681404,MOVE_JOINT
1.236000,0.509859,-0.127832,-0.011392,0.007165,-0.064811,0.057973,-2.708282,MOVE_JOINT
1.237000,0.509867,-0.127891,-0.011333,0.007440,-0.063310,0.058270,-2.733234,MOVE_JOINT
1.238000,0.509872,-0.127955,-0.011277,0.007776,-0.062231,0.057728,-2.755433,MOVE_JOINT
1.239000,0.509880,-0.128016,-0.011220,0.007829,-0.061566,0.057511,-2.774163,MOVE_JOINT
1.240000,0.509886,-0.128082,-0.011160,0.006837,-0.063656,0.058074,-2.788906,MOVE_JOINT
1.241000,0.509893,-0.128145,-0.011104,0.007157,-0.062606,0.057606,-2.799377,MOVE_JOINT
1.242000,0.509898,-0.128207,-0.011048,0.006166,-0.063021,0.056981,-2.805523,MOVE_JOINT
1.243000,0.509909,-0.128271,-0.010988,0.008003,-0.063236,0.058253,-2.807500,MOVE_JOINT
1.244000,0.509915,-0.128331,-0.010930,0.007189,-0.062382,0.057690,-2.805633,MOVE_JOINT
1.245000,0.509925,-0.128395,-0.010870,0.007836,-0.062707,0.058268,-2.800335,MOVE_JOINT
1.246000,0.509931,-0.128459,-0.010814,0.006817,-0.063711,0.057451,-2.792061,MOVE_JOINT
1.247000,0.509943,-0.128522,-0.010751,0.008491,-0.063908,0.058964,-2.781278,MOVE_JOINT
1.248000,0.509949,-0.128587,-0.010696,0.007294,-0.064521,0.057782,-2.768457,MOVE_JOINT
1.249000,0.509958,-0.128653,-0.010635,0.008615,-0.064449,0.058879,-2.754036,MOVE_JOINT
1.250000,0.509964,-0.128715,-0.010578,0.008391,-0.063404,0.058406,-2.738422,MOVE_JOINT
1.251000,0.509974,-0.128779,-0.010518,0.008541,-0.063989,0.058633,-2.721975,MOVE_JOINT
1.252000,0.509982,-0.128844,-0.010459,0.008281,-0.063629,0.058484,-2.705006,MOVE_JOINT
1.253000,0.509988,-0.128915,-0.010399,0.008045,-0.065851,0.059439,-2.687771,MOVE_JOINT
1.254000,0.509991,-0.128980,-0.010347,0.006285,-0.065680,0.056814,-2.670475,MOVE_JOINT
1.255000,0.510000,-0.129045,-0.010287,0.007468,-0.065940,0.058002,-2.653329,MOVE_JOINT
1.256000,0.510010,-0.129107,-0.010228,0.007682,-0.064895,0.057957,-2.636590,MOVE_JOINT
1.257000,0.510014,-0.129172,-0.010175,0.006263,-0.065517,0.056617,-2.620534,MOVE_JOINT
1.258000,0.510026,-0.129231,-0.010116,0.007434,-0.064044,0.057392,-2.605433,MOVE_JOINT
1.259000,0.510035,-0.129294,-0.010057,0.007197,-0.063889,0.057537,-2.591552,MOVE_JOINT
1.260000,0.510042,-0.129354,-0.010001,0.007492,-0.062716,0.057161,-2.579110,MOVE_JOINT
1.261000,0.510049,-0.129417,-0.009944,0.008023,-0.062570,0.057778,-2.568244,MOVE_JOINT
1.262000,0.510055,-0.129478,-0.009888,0.008166,-0.061974,0.057511,-2.558992,MOVE_JOINT
1.263000,0.510062,-0.129542,-0.009832,0.008060,-0.062323,0.057339,-2.551303,MOVE_JOINT
1.264000,0.510067,-0.129605,-0.009776,0.006965,-0.062558,0.056592,-2.545079,MOVE_JOINT
1.265000,0.510070,-0.129672,-0.009722,0.005995,-0.064059,0.056021,-2.540243,MOVE_JOINT
1.266000,0.510077,-0.129730,-0.009667,0.006618,-0.061948,0.055994,-2.536786,MOVE_JOINT
1.267000,0.510079,-0.129797,-0.009615,0.004938,-0.063433,0.054525,-2.534787,MOVE_JOINT
1.268000,0.510083,-0.129858,-0.009563,0.004508,-0.063083,0.054291,-2.534415,MOVE_JOINT
1.269000,0.510087,-0.129918,-0.009511,0.004297,-0.062566,0.053576,-2.535923,MOVE_JOINT
1.270000,0.510089,-0.129986,-0.009457,0.004066,-0.063880,0.054026,-2.539607,MOVE_JOINT
1.271000,0.510095,-0.130049,-0.009401,0.004914,-0.063932,0.054818,-2.545740,MOVE_JOINT
1.272000,0.510097,-0.130116,-0.009346,0.003585,-0.064382,0.054451,-2.554494,MOVE_JOINT
1.273000,0.510098,-0.130182,-0.009292,0.003557,-0.064520,0.054839,-2.565890,MOVE_JOINT
1.274000,0.510104,-0.130249,-0.009233,0.004229,-0.065087,0.055980,-2.579791,MOVE_JOINT
1.275000,0.510111,-0.130313,-0.009174,0.005282,-0.065067,0.057272,-2.595891,MOVE_JOINT
1.276000,0.510113,-0.130379,-0.009119,0.004249,-0.065168,0.056820,-2.613691,MOVE_JOINT
1.277000,0.510120,-0.130443,-0.009060,0.005523,-0.064982,0.058121,-2.632527,MOVE_JOINT
1.278000,0.510128,-0.130509,-0.008999,0.005946,-0.065519,0.058796,-2.651648,MOVE_JOINT
1.279000,0.510129,-0.130578,-0.008942,0.004734,-0.065870,0.058283,-2.670282,MOVE_JOINT
1.280000,0.510132,-0.130644,-0.008887,0.004426,-0.065704,0.057563,-2.687715,MOVE_JOINT
1.281000,0.510138,-0.130708,-0.008828,0.005472,-0.065235,0.058102,-2.703376,MOVE_JOINT
1.282000,0.510142,-0.130775,-0.008769,0.005213,-0.066317,0.058876,-2.716899,MOVE_JOINT
1.283000,0.510147,-0.130835,-0.008713,0.005102,-0.064804,0.058168,-2.728091,MOVE_JOINT
1.284000,0.510148,-0.130903,-0.008656,0.003547,-0.066353,0.057692,-2.736894,MOVE_JOINT
1.285000,0.510151,-0.130968,-0.008599,0.003307,-0.065738,0.057467,-2.743389,MOVE_JOINT
1.286000,0.510156,-0.131035,-0.008541,0.004365,-0.066394,0.058303,-2.747804,MOVE_JOINT
1.287000,0.510164,-0.131102,-0.008479,0.005048,-0.066572,0.059136,-2.750462,MOVE_JOINT
1.288000,0.510171,-0.131171,-0.008416,0.005458,-0.067454,0.059869,-2.751680,MOVE_JOINT
1.289000,0.510177,-0.131238,-0.008356,0.005533,-0.067555,0.059861,-2.751693,MOVE_JOINT
1.290000,0.510180,-0.131309,-0.008297,0.004627,-0.068002,0.059525,-2.750651,MOVE_JOINT
1.291000,0.510187,-0.131379,-0.008235,0.005635,-0.068528,0.060280,-2.748661,MOVE_JOINT
1.292000,0.510197,-0.131444,-0.008172,0.006771,-0.066713,0.061223,-2.745825,MOVE_JOINT
1.293000,0.510202,-0.131513,-0.008111,0.006351,-0.067530,0.060938,-2.742211,MOVE_JOINT
1.294000,0.510208,-0.131580,-0.008050,0.006441,-0.067006,0.061168,-2.737841,MOVE_JOINT
1.295000,0.510216,-0.131649,-0.007988,0.007038,-0.067337,0.061523,-2.732725,MOVE_JOINT
1.296000,0.510219,-0.131713,-0.007931,0.006268,-0.065573,0.059908,-2.726907,MOVE_JOINT
1.297000,0.510220,-0.131784,-0.007875,0.004417,-0.068112,0.058446,-2.720538,MOVE_JOINT
1.298000,0.510230,-0.131848,-0.007811,0.005648,-0.066480,0.059620,-2.713952,MOVE_JOINT
1.299000,0.510237,-0.131911,-0.007753,0.005861,-0.066008,0.059446,-2.707655,MOVE_JOINT
1.300000,0.510244,-0.131983,-0.007693,0.006265,-0.067877,0.059612,-2.702208,MOVE_JOINT
1.301000,0.510246,-0.132051,-0.007639,0.005063,-0.067967,0.058146,-2.698153,MOVE_JOINT
1.302000,0.510252,-0.132120,-0.007579,0.005509,-0.068070,0.058555,-2.696004,MOVE_JOINT
1.303000,0.510259,-0.132187,-0.007520,0.005712,-0.067960,0.058634,-2.696257,MOVE_JOINT
1.304000,0.510264,-0.132254,-0.007465,0.005496,-0.066957,0.057677,-2.699346,MOVE_JOINT
1.305000,0.510269,-0.132321,-0.007408,0.005779,-0.066878,0.057767,-2.705602,MOVE_JOINT
1.306000,0.510272,-0.132391,-0.007352,0.004368,-0.068001,0.056841,-2.715256,MOVE_JOINT
1.307000,0.510280,-0.132459,-0.007294,0.005496,-0.068236,0.057582,-2.728458,MOVE_JOINT
1.308000,0.510285,-0.132525,-0.007237,0.005887,-0.067319,0.057572,-2.745263,MOVE_JOINT
1.309000,0.510285,-0.132593,-0.007183,0.004524,-0.067103,0.056448,-2.765612,MOVE_JOINT
1.310000,0.510293,-0.132663,-0.007123,0.005639,-0.067919,0.057685,-2.789324,MOVE_JOINT
1.311000,0.510294,-0.132734,-0.007068,0.003191,-0.069091,0.056354,-2.816116,MOVE_JOINT
1.312000,0.510296,-0.132807,-0.007013,0.002484,-0.070403,0.056031,-2.845621,MOVE_JOINT
1.313000,0.510303,-0.132873,-0.006954,0.003582,-0.069076,0.056568,-2.877431,MOVE_JOINT
1.314000,0.510311,-0.132938,-0.006895,0.005028,-0.067679,0.057530,-2.911108,MOVE_JOINT
1.315000,0.510313,-0.133006,-0.006839,0.004526,-0.067348,0.057147,-2.946128,MOVE_JOINT
1.316000,0.510318,-0.133071,-0.006779,0.004420,-0.066702,0.057363,-2.981860,MOVE_JOINT
1.317000,0.510327,-0.133137,-0.006718,0.005407,-0.067039,0.058386,-3.017591,MOVE_JOINT
1.318000,0.510329,-0.133206,-0.006662,0.004660,-0.067731,0.057962,-3.052567,MOVE_JOINT
1.319000,0.510336,-0.133269,-0.006603,0.004558,-0.066524,0.057503,-3.086040,MOVE_JOINT
1.320000,0.510342,-0.133336,-0.006544,0.004978,-0.066559,0.058072,-3.117328,MOVE_JOINT
1.321000,0.510349,-0.133412,-0.006482,0.005700,-0.069504,0.059765,-3.145853,MOVE_JOINT
1.322000,0.510350,-0.133477,-0.006426,0.003868,-0.069064,0.058500,-3.171121,MOVE_JOINT
1.323000,0.510359,-0.133545,-0.006364,0.005446,-0.068290,0.059407,-3.192704,MOVE_JOINT
1.324000,0.510365,-0.133616,-0.006304,0.005528,-0.069569,0.059540,-3.210276,MOVE_JOINT
1.325000,0.510376,-0.133684,-0.006239,0.006808,-0.069310,0.060810,-3.223612,MOVE_JOINT
1.326000,0.510380,-0.133754,-0.006180,0.005878,-0.068964,0.060045,-3.232574,MOVE_JOINT
1.327000,0.510384,-0.133822,-0.006120,0.005392,-0.068615,0.059396,-3.237105,MOVE_JOINT
1.328000,0.510395,-0.133892,-0.006057,0.006515,-0.068938,0.060652,-3.237275,MOVE_JOINT
1.329000,0.510402,-0.133959,-0.005993,0.006693,-0.068462,0.061597,-3.233276,MOVE_JOINT
1.330000,0.510408,-0.134032,-0.005929,0.006398,-0.069790,0.062216,-3.225347,MOVE_JOINT
1.331000,0.510415,-0.134102,-0.005865,0.006605,-0.070023,0.063023,-3.213697,MOVE_JOINT
1.332000,0.510421,-0.134171,-0.005803,0.005884,-0.069777,0.062404,-3.198494,MOVE_JOINT
1.333000,0.510427,-0.134239,-0.005739,0.005720,-0.069442,0.062733,-3.179904,MOVE_JOINT
1.334000,0.510438,-0.134313,-0.005672,0.007502,-0.070590,0.064069,-3.158140,MOVE_JOINT
1.335000,0.510444,-0.134382,-0.005609,0.007402,-0.070134,0.064275,-3.133457,MOVE_JOINT
1.336000,0.510456,-0.134454,-0.005541,0.009039,-0.070668,0.065386,-3.106113,MOVE_JOINT
1.337000,0.510459,-0.134525,-0.005481,0.006546,-0.070723,0.063405,-3.076355,MOVE_JOINT
1.338000,0.510466,-0.134595,-0.005419,0.006634,-0.070745,0.063075,-3.044484,MOVE_JOINT
1.339000,0.510473,-0.134666,-0.005357,0.006553,-0.070002,0.062512,-3.010942,MOVE_JOINT
1.340000,0.510484,-0.134737,-0.005291,0.006965,-0.070471,0.062967,-2.976343,MOVE_JOINT
1.341000,0.510491,-0.134806,-0.005232,0.007048,-0.070230,0.062069,-2.941420,MOVE_JOINT
1.342000,0.510494,-0.134882,-0.005170,0.005752,-0.072040,0.062026,-2.906956,MOVE_JOINT
1.343000,0.510498,-0.134951,-0.005111,0.005274,-0.071211,0.061184,-2.873757,MOVE_JOINT
1.344000,0.510503,-0.135026,-0.005051,0.005105,-0.071909,0.061024,-2.842625,MOVE_JOINT
1.345000,0.510511,-0.135096,-0.004988,0.005820,-0.071157,0.061172,-2.814330,MOVE_JOINT
1.346000,0.510514,-0.135168,-0.004929,0.005030,-0.071713,0.060690,-2.789558,MOVE_JOINT
1.347000,0.510514,-0.135240,-0.004874,0.003500,-0.071829,0.058775,-2.768878,MOVE_JOINT
1.348000,0.510517,-0.135314,-0.004815,0.003658,-0.072098,0.059147,-2.752762,MOVE_JOINT
1.349000,0.510524,-0.135382,-0.004755,0.004806,-0.070517,0.059559,-2.741606,MOVE_JOINT
1.350000,0.510532,-0.135450,-0.004693,0.006103,-0.069680,0.060318,-2.735662,MOVE_JOINT
1.351000,0.510534,-0.135518,-0.004637,0.004860,-0.069367,0.058898,-2.734959,MOVE_JOINT
1.352000,0.510541,-0.135584,-0.004577,0.005249,-0.068616,0.058916,-2.739294,MOVE_JOINT
1.353000,0.510543,-0.135654,-0.004518,0.005052,-0.069265,0.059358,-2.748313,MOVE_JOINT
1.354000,0.510549,-0.135721,-0.004458,0.005375,-0.068633,0.059581,-2.761558,MOVE_JOINT
1.355000,0.510550,-0.135792,-0.004400,0.004427,-0.069088,0.059102,-2.778482,MOVE_JOINT
1.356000,0.510553,-0.135861,-0.004343,0.004251,-0.069124,0.058615,-2.798479,MOVE_JOINT
1.357000,0.510556,-0.135931,-0.004287,0.003828,-0.069761,0.058092,-2.820947,MOVE_JOINT
1.358000,0.510560,-0.136003,-0.004228,0.003521,-0.070366,0.058117,-2.845359,MOVE_JOINT
1.359000,0.510562,-0.136076,-0.004172,0.003149,-0.070472,0.057382,-2.871276,MOVE_JOINT
1.360000,0.510562,-0.136147,-0.004115,0.002358,-0.071002,0.057280,-2.898348,MOVE_JOINT
1.361000,0.510572,-0.136220,-0.004052,0.004804,-0.071096,0.059349,-2.926284,MOVE_JOINT
1.362000,0.510572,-0.136294,-0.003995,0.003468,-0.071943,0.058563,-2.954799,MOVE_JOINT
1.363000,0.510575,-0.136364,-0.003938,0.003400,-0.070907,0.058320,-2.983551,MOVE_JOINT
1.364000,0.510574,-0.136437,-0.003881,0.002608,-0.071612,0.058056,-3.012177,MOVE_JOINT
1.365000,0.510579,-0.136503,-0.003821,0.003239,-0.069660,0.058565,-3.040346,MOVE_JOINT
1.366000,0.510582,-0.136576,-0.003761,0.003295,-0.070642,0.059002,-3.067762,MOVE_JOINT
1.367000,0.510586,-0.136641,-0.003703,0.002699,-0.069244,0.058358,-3.094127,MOVE_JOINT
1.368000,0.510587,-0.136713,-0.003645,0.001704,-0.070116,0.058358,-3.119132,MOVE_JOINT
1.369000,0.510587,-0.136786,-0.003586,0.000961,-0.070933,0.058211,-3.142491,MOVE_JOINT
1.370000,0.510589,-0.136862,-0.003527,0.001582,-0.072184,0.058328,-3.163973,MOVE_JOINT
1.371000,0.510586,-0.136933,-0.003472,0.000886,-0.071882,0.057803,-3.183431,MOVE_JOINT
1.372000,0.510585,-0.137010,-0.003415,0.000230,-0.073866,0.057922,-3.200815,MOVE_JOINT
1.373000,0.510585,-0.137079,-0.003357,-0.000016,-0.072500,0.057739,-3.216172,MOVE_JOINT
1.374000,0.510586,-0.137148,-0.003302,0.000066,-0.071585,0.056786,-3.229622,MOVE_JOINT
1.375000,0.510588,-0.137223,-0.003242,0.001062,-0.072469,0.058293,-3.241337,MOVE_JOINT
1.376000,0.510583,-0.137295,-0.003188,-0.000491,-0.072444,0.056865,-3.251505,MOVE_JOINT
1.377000,0.510589,-0.137364,-0.003127,0.001948,-0.070796,0.058114,-3.260292,MOVE_JOINT
1.378000,0.510587,-0.137435,-0.003073,0.000417,-0.071274,0.056882,-3.267830,MOVE_JOINT
1.379000,0.510591,-0.137503,-0.003016,0.002205,-0.070720,0.057755,-3.274227,MOVE_JOINT
1.380000,0.510589,-0.137578,-0.002961,0.001093,-0.071289,0.056656,-3.279584,MOVE_JOINT
1.381000,0.510594,-0.137645,-0.002904,0.002310,-0.070084,0.056891,-3.284021,MOVE_JOINT
1.382000,0.510585,-0.137720,-0.002854,-0.000682,-0.071866,0.054981,-3.287701,MOVE_JOINT
1.383000,0.510590,-0.137791,-0.002794,0.001560,-0.071118,0.056208,-3.290860,MOVE_JOINT
1.384000,0.510587,-0.137867,-0.002741,-0.000197,-0.072733,0.055211,-3.293809,MOVE_JOINT
1.385000,0.510585,-0.137940,-0.002688,-0.000604,-0.072887,0.054501,-3.296901,MOVE_JOINT
1.386000,0.510584,-0.138012,-0.002635,-0.000807,-0.071843,0.053165,-3.300522,MOVE_JOINT
1.387000,0.510580,-0.138089,-0.002586,-0.001528,-0.073261,0.052195,-3.305115,MOVE_JOINT
1.388000,0.510578,-0.138160,-0.002532,-0.001860,-0.072425,0.052354,-3.311196,MOVE_JOINT
1.389000,0.510578,-0.138236,-0.002476,-0.001212,-0.073341,0.053343,-3.319294,MOVE_JOINT
1.390000,0.510573,-0.138313,-0.002424,-0.002986,-0.074852,0.052794,-3.329823,MOVE_JOINT
1.391000,0.510568,-0.138385,-0.002371,-0.004017,-0.073523,0.052541,-3.343004,MOVE_JOINT
1.392000,0.510569,-0.138459,-0.002314,-0.003562,-0.073626,0.053063,-3.358846,MOVE_JOINT
1.393000,0.510566,-0.138529,-0.002259,-0.002844,-0.072120,0.053988,-3.377158,MOVE_JOINT
1.394000,0.510563,-0.138603,-0.002207,-0.003326,-0.072439,0.052996,-3.397540,MOVE_JOINT
1.395000,0.510557,-0.138678,-0.002153,-0.003666,-0.073195,0.053243,-3.419426,MOVE_JOINT
1.396000,0.510552,-0.138750,-0.002100,-0.003773,-0.072462,0.053090,-3.442180,MOVE_JOINT
1.397000,0.510546,-0.138824,-0.002049,-0.003864,-0.072993,0.053258,-3.465168,MOVE_JOINT
1.398000,0.510544,-0.138892,-0.001995,-0.002249,-0.070671,0.053453,-3.487787,MOVE_JOINT
1.399000,0.510539,-0.138961,-0.001940,-0.003300,-0.069830,0.053312,-3.509474,MOVE_JOINT
1.400000,0.510538,-0.139035,-0.001884,-0.002184,-0.070624,0.054178,-3.529716,MOVE_JOINT
1.401000,0.510531,-0.139106,-0.001835,-0.003638,-0.070836,0.052290,-3.548059,MOVE_JOINT
1.402000,0.510531,-0.139174,-0.001780,-0.002116,-0.069831,0.053399,-3.564155,MOVE_JOINT
1.403000,0.510523,-0.139250,-0.001731,-0.004157,-0.071822,0.052147,-3.577825,MOVE_JOINT
1.404000,0.510522,-0.139321,-0.001675,-0.003780,-0.071629,0.052894,-3.589053,MOVE_JOINT
1.405000,0.510514,-0.139391,-0.001625,-0.004715,-0.070581,0.052007,-3.597958,MOVE_JOINT
1.406000,0.510513,-0.139467,-0.001568,-0.004207,-0.072088,0.053172,-3.604733,MOVE_JOINT
1.407000,0.510511,-0.139541,-0.001512,-0.004060,-0.072849,0.053917,-3.609596,MOVE_JOINT
1.408000,0.510504,-0.139616,-0.001460,-0.004828,-0.073161,0.053361,-3.612720,MOVE_JOINT
1.409000,0.510504,-0.139689,-0.001402,-0.003232,-0.072613,0.054570,-3.614208,MOVE_JOINT
1.410000,0.510502,-0.139760,-0.001348,-0.002356,-0.071645,0.054778,-3.614094,MOVE_JOINT
1.411000,0.510502,-0.139829,-0.001291,-0.001299,-0.070563,0.055672,-3.612339,MOVE_JOINT
1.412000,0.510503,-0.139900,-0.001233,-0.000995,-0.071211,0.056149,-3.608838,MOVE_JOINT
1.413000,0.510498,-0.139973,-0.001180,-0.001526,-0.071490,0.055902,-3.603446,MOVE_JOINT
1.414000,0.510498,-0.140044,-0.001120,-0.000708,-0.071330,0.056900,-3.596023,MOVE_JOINT
1.415000,0.510499,-0.140112,-0.001064,-0.000376,-0.070697,0.056792,-3.586468,MOVE_JOINT
1.416000,0.510494,-0.140188,-0.001008,-0.001546,-0.072285,0.056284,-3.574732,MOVE_JOINT
1.417000,0.510493,-0.140260,-0.000953,-0.001165,-0.071976,0.055839,-3.560866,MOVE_JOINT
1.418000,0.510488,-0.140334,-0.000900,-0.002655,-0.072549,0.054959,-3.545074,MOVE_JOINT
1.419000,0.510482,-0.140409,-0.000846,-0.003765,-0.073062,0.054467,-3.527754,MOVE_JOINT
1.420000,0.510483,-0.140484,-0.000788,-0.002070,-0.073453,0.055802,-3.509472,MOVE_JOINT
1.421000,0.510481,-0.140562,-0.000733,-0.002556,-0.074660,0.055303,-3.490871,MOVE_JOINT
1.422000,0.510479,-0.140632,-0.000678,-0.002059,-0.073024,0.055365,-3.472568,MOVE_JOINT
1.423000,0.510475,-0.140703,-0.000623,-0.002779,-0.071957,0.054979,-3.455093,MOVE_JOINT
1.424000,0.510476,-0.140777,-0.000565,-0.001849,-0.072855,0.055725,-3.438885,MOVE_JOINT
1.425000,0.510470,-0.140850,-0.000511,-0.003571,-0.073034,0.054575,-3.424281,MOVE_JOINT
1.426000,0.510464,-0.140920,-0.000460,-0.003874,-0.072174,0.054012,-3.411552,MOVE_JOINT
1.427000,0.510462,-0.140989,-0.000406,-0.003634,-0.071376,0.053703,-3.400952,MOVE_JOINT
1.428000,0.510458,-0.141059,-0.000354,-0.004514,-0.070974,0.052918,-3.392745,MOVE_JOINT
1.429000,0.510455,-0.141130,-0.000300,-0.004269,-0.070730,0.053167,-3.387192,MOVE_JOINT
1.430000,0.510451,-0.141206,-0.000247,-0.004168,-0.072610,0.052770,-3.384510,MOVE_JOINT
1.431000,0.510448,-0.141274,-0.000194,-0.003482,-0.071464,0.053510,-3.384823,MOVE_JOINT
1.432000,0.510446,-0.141348,-0.000139,-0.003545,-0.072576,0.053552,-3.388136,MOVE_JOINT
1.433000,0.510440,-0.141421,-0.000087,-0.004585,-0.072686,0.053116,-3.394310,MOVE_JOINT
1.434000,0.510437,-0.141494,-0.000035,-0.004568,-0.072629,0.052259,-3.403085,MOVE_JOINT
1.435000,0.510432,-0.141567,0.000018,-0.004404,-0.072920,0.052774,-3.414140,MOVE_JOINT
1.436000,0.510428,-0.141636,0.000072,-0.003527,-0.071856,0.053797,-3.427127,MOVE_JOINT
1.437000,0.510425,-0.141709,0.000126,-0.003777,-0.072231,0.053715,-3.441655,MOVE_JOINT
1.438000,0.510427,-0.141776,0.000182,-0.001496,-0.070853,0.054765,-3.457239,MOVE_JOINT
1.439000,0.510424,-0.141847,0.000237,-0.001969,-0.071128,0.055222,-3.473299,MOVE_JOINT
1.440000,0.510423,-0.141911,0.000289,-0.002462,-0.069193,0.053686,-3.489183,MOVE_JOINT
1.441000,0.510421,-0.141983,0.000344,-0.002947,-0.070012,0.053758,-3.504258,MOVE_JOINT
1.442000,0.510419,-0.142051,0.000398,-0.003031,-0.069529,0.053467,-3.518011,MOVE_JOINT
1.443000,0.510418,-0.142125,0.000452,-0.002370,-0.070917,0.053944,-3.530102,MOVE_JOINT
1.444000,0.510418,-0.142192,0.000507,-0.000877,-0.069655,0.054751,-3.540331,MOVE_JOINT
1.445000,0.510413,-0.142265,0.000560,-0.002062,-0.070639,0.054204,-3.548575,MOVE_JOINT
1.446000,0.510413,-0.142338,0.000616,-0.001119,-0.070387,0.054731,-3.554744,MOVE_JOINT
1.447000,0.510410,-0.142410,0.000671,-0.001611,-0.070977,0.054714,-3.558789,MOVE_JOINT
1.448000,0.510411,-0.142479,0.000729,-0.000549,-0.070332,0.055411,-3.560709,MOVE_JOINT
1.449000,0.510405,-0.142555,0.000783,-0.001797,-0.071903,0.054977,-3.560546,MOVE_JOINT
1.450000,0.510408,-0.142623,0.000843,-0.000240,-0.071335,0.056868,-3.558380,MOVE_JOINT
1.451000,0.510403,-0.142698,0.000898,-0.001143,-0.072999,0.056835,-3.554278,MOVE_JOINT
1.452000,0.510403,-0.142770,0.000955,-0.001536,-0.072729,0.056851,-3.548266,MOVE_JOINT
1.453000,0.510399,-0.142842,0.001011,-0.001680,-0.072014,0.056794,-3.540337,MOVE_JOINT
1.454000,0.510397,-0.142911,0.001068,-0.001603,-0.070670,0.056781,-3.530495,MOVE_JOINT
1.455000,0.510391,-0.142984,0.001125,-0.003319,-0.071841,0.056849,-3.518782,MOVE_JOINT
1.456000,0.510390,-0.143058,0.001185,-0.002359,-0.071889,0.057785,-3.505286,MOVE_JOINT
1.457000,0.510385,-0.143134,0.001243,-0.002630,-0.073102,0.058258,-3.490116,MOVE_JOINT
1.458000,0.510381,-0.143205,0.001301,-0.003137,-0.072303,0.058243,-3.473388,MOVE_JOINT
1.459000,0.510376,-0.143278,0.001358,-0.003982,-0.073287,0.057829,-3.455224,MOVE_JOINT
1.460000,0.510369,-0.143351,0.001414,-0.004537,-0.072745,0.056885,-3.435787,MOVE_JOINT
1.461000,0.510362,-0.143427,0.001471,-0.005820,-0.074190,0.056350,-3.415337,MOVE_JOINT
1.462000,0.510359,-0.143500,0.001529,-0.005520,-0.074388,0.056695,-3.394272,MOVE_JOINT
1.463000,0.510355,-0.143574,0.001587,-0.005577,-0.074111,0.056521,-3.373098,MOVE_JOINT
1.464000,0.510347,-0.143651,0.001643,-0.007009,-0.075254,0.056102,-3.352356,MOVE_JOINT
1.465000,0.510344,-0.143719,0.001697,-0.005188,-0.072384,0.055272,-3.332564,MOVE_JOINT
1.466000,0.510338,-0.143792,0.001750,-0.005561,-0.072410,0.054490,-3.314215,MOVE_JOINT
1.467000,0.510335,-0.143860,0.001805,-0.005211,-0.071121,0.054274,-3.297802,MOVE_JOINT
1.468000,0.510327,-0.143934,0.001857,-0.006300,-0.071604,0.053636,-3.283811,MOVE_JOINT
1.469000,0.510325,-0.144010,0.001914,-0.005737,-0.072843,0.054794,-3.272675,MOVE_JOINT
1.470000,0.510321,-0.144078,0.001967,-0.005426,-0.072105,0.054143,-3.264709,MOVE_JOINT
1.471000,0.510317,-0.144149,0.002023,-0.005638,-0.071492,0.054219,-3.260072,MOVE_JOINT
1.472000,0.510313,-0.144221,0.002076,-0.005433,-0.072231,0.053895,-3.258786,MOVE_JOINT
1.473000,0.510309,-0.144286,0.002129,-0.005554,-0.070355,0.053653,-3.260767,MOVE_JOINT
1.474000,0.510307,-0.144358,0.002186,-0.005060,-0.070448,0.054067,-3.265846,MOVE_JOINT
1.475000,0.510302,-0.144425,0.002240,-0.004616,-0.069942,0.054639,-3.273756,MOVE_JOINT
1.476000,0.510298,-0.144495,0.002296,-0.004453,-0.069893,0.054781,-3.284115,MOVE_JOINT
1.477000,0.510293,-0.144563,0.002349,-0.004773,-0.069548,0.054221,-3.296419,MOVE_JOINT
1.478000,0.510290,-0.144629,0.002404,-0.004314,-0.068205,0.054099,-3.310101,MOVE_JOINT
1.479000,0.510288,-0.144705,0.002462,-0.003274,-0.070253,0.054920,-3.324582,MOVE_JOINT
1.480000,0.510282,-0.144776,0.002512,-0.004771,-0.070393,0.053311,-3.339324,MOVE_JOINT
1.481000,0.510276,-0.144848,0.002566,-0.004657,-0.070588,0.053637,-3.353870,MOVE_JOINT
1.482000,0.510270,-0.144922,0.002620,-0.004698,-0.071817,0.054137,-3.367907,MOVE_JOINT
1.483000,0.510266,-0.144992,0.002674,-0.004332,-0.070838,0.054155,-3.381241,MOVE_JOINT
1.484000,0.510260,-0.145064,0.002728,-0.004834,-0.071568,0.054285,-3.393744,MOVE_JOINT
1.485000,0.510257,-0.145130,0.002784,-0.003631,-0.069883,0.055127,-3.405322,MOVE_JOINT
1.486000,0.510252,-0.145197,0.002838,-0.004795,-0.069573,0.054381,-3.415879,MOVE_JOINT
1.487000,0.510247,-0.145268,0.002891,-0.005263,-0.070314,0.053758,-3.425319,MOVE_JOINT
1.488000,0.510243,-0.145336,0.002945,-0.004808,-0.069644,0.053966,-3.433589,MOVE_JOINT
1.489000,0.510242,-0.145404,0.003002,-0.003337,-0.069019,0.054926,-3.440708,MOVE_JOINT
1.490000,0.510239,-0.145474,0.003059,-0.003703,-0.069653,0.055435,-3.446720,MOVE_JOINT
1.491000,0.510233,-0.145546,0.003114,-0.004838,-0.070496,0.054908,-3.451620,MOVE_JOINT
1.492000,0.510225,-0.145614,0.003168,-0.006057,-0.069639,0.054486,-3.455349,MOVE_JOINT
1.493000,0.510219,-0.145684,0.003222,-0.006247,-0.069994,0.054267,-3.457848,MOVE_JOINT
1.494000,0.510214,-0.145757,0.003278,-0.006144,-0.071027,0.054539,-3.459112,MOVE_JOINT
1.495000,0.510207,-0.145825,0.003331,-0.006411,-0.069786,0.054243,-3.459204,MOVE_JOINT
1.496000,0.510202,-0.145900,0.003388,-0.006344,-0.070757,0.054700,-3.458245,MOVE_JOINT
1.497000,0.510196,-0.145970,0.003444,-0.006649,-0.070632,0.054914,-3.456378,MOVE_JOINT
1.498000,0.510189,-0.146037,0.003496,-0.006781,-0.069685,0.054016,-3.453746,MOVE_JOINT
1.499000,0.510185,-0.146109,0.003553,-0.006330,-0.070512,0.054576,-3.450491,MOVE_JOINT
1.500000,0.510178,-0.146178,0.003607,-0.006672,-0.070074,0.054667,-3.446771,MOVE_JOINT
1.501000,0.510173,-0.146250,0.003664,-0.006594,-0.070459,0.054755,-3.442757,MOVE_JOINT
1.502000,0.510167,-0.146319,0.003717,-0.006800,-0.069776,0.054081,-3.438617,MOVE_JOINT
1.503000,0.510158,-0.146392,0.003769,-0.007066,-0.070935,0.053700,-3.434537,MOVE_JOINT
1.504000,0.510154,-0.146464,0.003823,-0.006138,-0.071542,0.054103,-3.430753,MOVE_JOINT
1.505000,0.510153,-0.146532,0.003879,-0.005208,-0.070366,0.054526,-3.427546,MOVE_JOINT
1.506000,0.510142,-0.146605,0.003927,-0.007501,-0.071317,0.052140,-3.425209,MOVE_JOINT
1.507000,0.510140,-0.146675,0.003981,-0.005973,-0.070769,0.052548,-3.424062,MOVE_JOINT
1.508000,0.510137,-0.146746,0.004035,-0.004571,-0.071103,0.053467,-3.424471,MOVE_JOINT
1.509000,0.510130,-0.146812,0.004085,-0.005853,-0.069874,0.051844,-3.426801,MOVE_JOINT
1.510000,0.510121,-0.146886,0.004134,-0.007021,-0.070984,0.051022,-3.431362,MOVE_JOINT
1.511000,0.510110,-0.146957,0.004180,-0.008657,-0.071107,0.049389,-3.438435,MOVE_JOINT
1.512000,0.510102,-0.147024,0.004230,-0.007925,-0.069924,0.050012,-3.448327,MOVE_JOINT
1.513000,0.510094,-0.147099,0.004281,-0.007856,-0.071477,0.050621,-3.461333,MOVE_JOINT
1.514000,0.510083,-0.147171,0.004330,-0.008879,-0.071697,0.049908,-3.477632,MOVE_JOINT
1.515000,0.510072,-0.147238,0.004381,-0.009364,-0.069578,0.050069,-3.497224,MOVE_JOINT
1.516000,0.510066,-0.147310,0.004436,-0.007805,-0.070262,0.052121,-3.519904,MOVE_JOINT
1.517000,0.510056,-0.147381,0.004488,-0.008768,-0.070229,0.051639,-3.545232,MOVE_JOINT
1.518000,0.510046,-0.147452,0.004537,-0.009352,-0.070796,0.051303,-3.572544,MOVE_JOINT
1.519000,0.510038,-0.147521,0.004589,-0.008966,-0.069870,0.051058,-3.601059,MOVE_JOINT
1.520000,0.510028,-0.147591,0.004641,-0.009085,-0.069670,0.050898,-3.630029,MOVE_JOINT
1.521000,0.510017,-0.147660,0.004692,-0.009449,-0.069440,0.050815,-3.658816,MOVE_JOINT
1.522000,0.510011,-0.147730,0.004747,-0.008268,-0.069412,0.051912,-3.686918,MOVE_JOINT
1.523000,0.509999,-0.147803,0.004798,-0.009504,-0.070096,0.051485,-3.713934,MOVE_JOINT
1.524000,0.509989,-0.147874,0.004849,-0.008746,-0.070066,0.052178,-3.739530,MOVE_JOINT
1.525000,0.509982,-0.147948,0.004904,-0.008969,-0.070583,0.052262,-3.763435,MOVE_JOINT
1.526000,0.509971,-0.148021,0.004953,-0.010010,-0.071749,0.051290,-3.785442,MOVE_JOINT
1.527000,0.509959,-0.148094,0.005004,-0.010386,-0.072461,0.051714,-3.805442,MOVE_JOINT
1.528000,0.509951,-0.148170,0.005057,-0.009863,-0.073312,0.052063,-3.823441,MOVE_JOINT
1.529000,0.509939,-0.148248,0.005108,-0.010520,-0.074690,0.051766,-3.839534,MOVE_JOINT
1.530000,0.509930,-0.148322,0.005163,-0.009935,-0.074080,0.052357,-3.853858,MOVE_JOINT
1.531000,0.509923,-0.148392,0.005219,-0.008803,-0.073079,0.054003,-3.866549,MOVE_JOINT
1.532000,0.509914,-0.148468,0.005272,-0.008773,-0.074161,0.054403,-3.877683,MOVE_JOINT
1.533000,0.509904,-0.148540,0.005326,-0.009598,-0.074252,0.054041,-3.887223,MOVE_JOINT
1.534000,0.509897,-0.148608,0.005380,-0.008923,-0.072960,0.054258,-3.895053,MOVE_JOINT
1.535000,0.509894,-0.148676,0.005440,-0.007058,-0.071235,0.055870,-3.901026,MOVE_JOINT
1.536000,0.509880,-0.148748,0.005493,-0.008062,-0.071888,0.055410,-3.904971,MOVE_JOINT
1.537000,0.509873,-0.148820,0.005548,-0.008050,-0.072125,0.055646,-3.906691,MOVE_JOINT
1.538000,0.509863,-0.148897,0.005604,-0.008308,-0.073742,0.055931,-3.906010,MOVE_JOINT
1.539000,0.509856,-0.148971,0.005660,-0.007799,-0.073897,0.056422,-3.902837,MOVE_JOINT
1.540000,0.509851,-0.149041,0.005717,-0.007195,-0.072820,0.056425,-3.897190,MOVE_JOINT
1.541000,0.509839,-0.149115,0.005769,-0.010326,-0.073127,0.053559,-3.889211,MOVE_JOINT
1.542000,0.509829,-0.149188,0.005821,-0.010409,-0.073641,0.053367,-3.879209,MOVE_JOINT
1.543000,0.509819,-0.149263,0.005876,-0.010000,-0.073280,0.053802,-3.867706,MOVE_JOINT
1.544000,0.509808,-0.149333,0.005927,-0.010051,-0.072598,0.052912,-3.855397,MOVE_JOINT
1.545000,0.509802,-0.149406,0.005981,-0.008984,-0.072731,0.053171,-3.843031,MOVE_JOINT
1.546000,0.509793,-0.149478,0.006033,-0.008967,-0.072222,0.052945,-3.831338,MOVE_JOINT
1.547000,0.509784,-0.149550,0.006088,-0.008175,-0.072244,0.054066,-3.820966,MOVE_JOINT
1.548000,0.509778,-0.149620,0.006142,-0.007793,-0.071497,0.053765,-3.812420,MOVE_JOINT
1.549000,0.509766,-0.149693,0.006192,-0.008974,-0.071505,0.052645,-3.806030,MOVE_JOINT
1.550000,0.509756,-0.149769,0.006243,-0.008679,-0.072911,0.052350,-3.802009,MOVE_JOINT
1.551000,0.509744,-0.149840,0.006291,-0.009435,-0.072294,0.051420,-3.800542,MOVE_JOINT
1.552000,0.509738,-0.149909,0.006345,-0.007730,-0.070572,0.052187,-3.801832,MOVE_JOINT
1.553000,0.509727,-0.149983,0.006396,-0.008423,-0.071517,0.051685,-3.806064,MOVE_JOINT
1.554000,0.509720,-0.150053,0.006449,-0.008164,-0.071250,0.052105,-3.813339,MOVE_JOINT
1.555000,0.509709,-0.150125,0.006500,-0.009364,-0.071242,0.051378,-3.823658,MOVE_JOINT
1.556000,0.509703,-0.150197,0.006554,-0.008505,-0.071753,0.052219,-3.836922,MOVE_JOINT
1.557000,0.509690,-0.150267,0.006605,-0.009373,-0.071125,0.052044,-3.852934,MOVE_JOINT
1.558000,0.509681,-0.150337,0.006656,-0.009158,-0.071258,0.052070,-3.871391,MOVE_JOINT
1.559000,0.509668,-0.150408,0.006705,-0.010036,-0.071288,0.051625,-3.891883,MOVE_JOINT
1.560000,0.509655,-0.150482,0.006757,-0.011080,-0.072034,0.051807,-3.913922,MOVE_JOINT
1.561000,0.509646,-0.150557,0.006811,-0.010693,-0.072656,0.052280,-3.936974,MOVE_JOINT
1.562000,0.509634,-0.150628,0.006862,-0.011855,-0.072878,0.051458,-3.960479,MOVE_JOINT
1.563000,0.509624,-0.150698,0.006916,-0.010827,-0.071922,0.052619,-3.983885,MOVE_JOINT
1.564000,0.509607,-0.150770,0.006966,-0.012654,-0.071728,0.051344,-4.006681,MOVE_JOINT
1.565000,0.509595,-0.150843,0.007020,-0.012747,-0.071871,0.051504,-4.028419,MOVE_JOINT
1.566000,0.509585,-0.150911,0.007071,-0.011879,-0.070851,0.051969,-4.048751,MOVE_JOINT
1.567000,0.509571,-0.150983,0.007123,-0.011992,-0.071398,0.052326,-4.067420,MOVE_JOINT
1.568000,0.509562,-0.151050,0.007179,-0.010940,-0.069460,0.053168,-4.084219,MOVE_JOINT
1.569000,0.509546,-0.151123,0.007230,-0.011517,-0.070670,0.052717,-4.098937,MOVE_JOINT
1.570000,0.509535,-0.151190,0.007283,-0.011006,-0.070235,0.053269,-4.111348,MOVE_JOINT
1.571000,0.509523,-0.151266,0.007337,-0.012369,-0.071495,0.052813,-4.121250,MOVE_JOINT
1.572000,0.509513,-0.151338,0.007392,-0.012402,-0.071721,0.053169,-4.128511,MOVE_JOINT
1.573000,0.509508,-0.151406,0.007449,-0.010392,-0.070326,0.054445,-4.133079,MOVE_JOINT
1.574000,0.509494,-0.151478,0.007501,-0.011419,-0.071073,0.053783,-4.134953,MOVE_JOINT
1.575000,0.509484,-0.151556,0.007560,-0.010774,-0.073040,0.055427,-4.134147,MOVE_JOINT
1.576000,0.509469,-0.151624,0.007611,-0.011445,-0.071317,0.054285,-4.130685,MOVE_JOINT
1.577000,0.509463,-0.151699,0.007671,-0.010112,-0.072326,0.055676,-4.124626,MOVE_JOINT
1.578000,0.509453,-0.151775,0.007729,-0.009563,-0.073308,0.056702,-4.116063,MOVE_JOINT
1.579000,0.509444,-0.151853,0.007788,-0.009606,-0.074429,0.057078,-4.105102,MOVE_JOINT
1.580000,0.509435,-0.151928,0.007847,-0.008839,-0.074521,0.057783,-4.091846,MOVE_JOINT
1.581000,0.509423,-0.152011,0.007904,-0.009745,-0.076462,0.057579,-4.076402,MOVE_JOINT
1.582000,0.509413,-0.152087,0.007961,-0.009340,-0.076097,0.057480,-4.058928,MOVE_JOINT
1.583000,0.509405,-0.152168,0.008019,-0.009540,-0.077790,0.057350,-4.039672,MOVE_JOINT
1.584000,0.509394,-0.152239,0.008074,-0.009620,-0.075444,0.057196,-4.019002,MOVE_JOINT
1.585000,0.509385,-0.152313,0.008133,-0.009441,-0.074877,0.057397,-3.997388,MOVE_JOINT
1.586000,0.509373,-0.152393,0.008190,-0.010477,-0.076396,0.057433,-3.975355,MOVE_JOINT
1.587000,0.509360,-0.152469,0.008247,-0.010581,-0.076414,0.057567,-3.953438,MOVE_JOINT
1.588000,0.509352,-0.152542,0.008303,-0.009743,-0.075162,0.057360,-3.932165,MOVE_JOINT
1.589000,0.509340,-0.152618,0.008356,-0.010744,-0.075308,0.056292,-3.912043,MOVE_JOINT
1.590000,0.509331,-0.152692,0.008414,-0.010682,-0.075377,0.056271,-3.893567,MOVE_JOINT
1.591000,0.509318,-0.152763,0.008464,-0.010682,-0.074000,0.055016,-3.877217,MOVE_JOINT
1.592000,0.509307,-0.152843,0.008521,-0.010303,-0.075727,0.055313,-3.863444,MOVE_JOINT
1.593000,0.509292,-0.152919,0.008571,-0.011827,-0.075972,0.054107,-3.852649,MOVE_JOINT
1.594000,0.509283,-0.152987,0.008625,-0.011421,-0.073444,0.053901,-3.845160,MOVE_JOINT
1.595000,0.509272,-0.153064,0.008678,-0.011876,-0.075333,0.053437,-3.841216,MOVE_JOINT
1.596000,0.509260,-0.153135,0.008729,-0.011895,-0.074288,0.053091,-3.840945,MOVE_JOINT
1.597000,0.509250,-0.153207,0.008783,-0.010803,-0.072983,0.053255,-3.844362,MOVE_JOINT
1.598000,0.509237,-0.153280,0.008834,-0.010888,-0.072741,0.052813,-3.851349,MOVE_JOINT
1.599000,0.509225,-0.153350,0.008887,-0.011028,-0.072278,0.052877,-3.861649,MOVE_JOINT
1.600000,0.509213,-0.153417,0.008938,-0.011636,-0.070434,0.052067,-3.874886,MOVE_JOINT
1.601000,0.509200,-0.153488,0.008989,-0.012418,-0.070783,0.052116,-3.890600,MOVE_JOINT
1.602000,0.509188,-0.153556,0.009040,-0.012866,-0.069917,0.051551,-3.908295,MOVE_JOINT
1.603000,0.509181,-0.153626,0.009095,-0.011859,-0.070393,0.052116,-3.927471,MOVE_JOINT
1.604000,0.509167,-0.153699,0.009147,-0.011770,-0.071128,0.052295,-3.947638,MOVE_JOINT
1.605000,0.509159,-0.153768,0.009198,-0.010588,-0.070081,0.051741,-3.968333,MOVE_JOINT
1.606000,0.509146,-0.153843,0.009248,-0.012152,-0.072242,0.051058,-3.989141,MOVE_JOINT
1.607000,0.509133,-0.153910,0.009295,-0.011800,-0.070963,0.050473,-4.009752,MOVE_JOINT
1.608000,0.509122,-0.153982,0.009349,-0.011423,-0.071360,0.051263,-4.029991,MOVE_JOINT
1.609000,0.509112,-0.154051,0.009400,-0.011367,-0.070843,0.051303,-4.049769,MOVE_JOINT
1.610000,0.509104,-0.154126,0.009456,-0.010680,-0.072393,0.052784,-4.069011,MOVE_JOINT
1.611000,0.509088,-0.154200,0.009502,-0.012079,-0.072781,0.050779,-4.087599,MOVE_JOINT
1.612000,0.509081,-0.154271,0.009558,-0.010131,-0.072196,0.052519,-4.105393,MOVE_JOINT
1.613000,0.509068,-0.154347,0.009609,-0.010628,-0.073433,0.052557,-4.122264,MOVE_JOINT
1.614000,0.509057,-0.154420,0.009660,-0.010772,-0.073710,0.052164,-4.138082,MOVE_JOINT
1.615000,0.509046,-0.154494,0.009715,-0.010083,-0.073409,0.052842,-4.152697,MOVE_JOINT
1.616000,0.509036,-0.154566,0.009765,-0.009841,-0.073292,0.052295,-4.165970,MOVE_JOINT
1.617000,0.509022,-0.154641,0.009814,-0.010961,-0.073671,0.051264,-4.177788,MOVE_JOINT
1.618000,0.509016,-0.154710,0.009867,-0.010081,-0.072508,0.051790,-4.188108,MOVE_JOINT
1.619000,0.509011,-0.154779,0.009921,-0.008971,-0.071895,0.052487,-4.196965,MOVE_JOINT
1.620000,0.508997,-0.154852,0.009967,-0.010600,-0.072090,0.050652,-4.204443,MOVE_JOINT
1.621000,0.508990,-0.154921,0.010021,-0.009306,-0.071168,0.051157,-4.210673,MOVE_JOINT
1.622000,0.508982,-0.154996,0.010070,-0.009269,-0.071977,0.050846,-4.215847,MOVE_JOINT
1.623000,0.508976,-0.155062,0.010123,-0.008595,-0.069997,0.050975,-4.220204,MOVE_JOINT
1.624000,0.508967,-0.155135,0.010174,-0.009023,-0.070662,0.050943,-4.223980,MOVE_JOINT
1.625000,0.508960,-0.155207,0.010223,-0.008430,-0.071534,0.050592,-4.227374,MOVE_JOINT
1.626000,0.508955,-0.155278,0.010277,-0.007327,-0.071639,0.051705,-4.230535,MOVE_JOINT
1.627000,0.508945,-0.155350,0.010323,-0.008048,-0.072386,0.050355,-4.233575,MOVE_JOINT
1.628000,0.508938,-0.155418,0.010373,-0.007805,-0.071099,0.049870,-4.236589,MOVE_JOINT
1.629000,0.508924,-0.155490,0.010418,-0.008742,-0.071156,0.049073,-4.239713,MOVE_JOINT
1.630000,0.508919,-0.155558,0.010469,-0.007266,-0.070158,0.049450,-4.243144,MOVE_JOINT
1.631000,0.508912,-0.155626,0.010518,-0.007721,-0.070099,0.049317,-4.247113,MOVE_JOINT
1.632000,0.508908,-0.155694,0.010567,-0.006607,-0.069385,0.049345,-4.251831,MOVE_JOINT
1.633000,0.508897,-0.155763,0.010614,-0.007780,-0.069631,0.048722,-4.257451,MOVE_JOINT
1.634000,0.508892,-0.155828,0.010661,-0.007002,-0.067131,0.048257,-4.264075,MOVE_JOINT
1.635000,0.508883,-0.155898,0.010710,-0.007889,-0.068040,0.048001,-4.271760,MOVE_JOINT
1.636000,0.508872,-0.155967,0.010753,-0.008662,-0.068567,0.047078,-4.280542,MOVE_JOINT
1.637000,0.508864,-0.156032,0.010798,-0.009073,-0.067886,0.046635,-4.290471,MOVE_JOINT
1.638000,0.508851,-0.156109,0.010844,-0.010931,-0.070562,0.045837,-4.301644,MOVE_JOINT
1.639000,0.508843,-0.156180,0.010892,-0.010231,-0.070548,0.046513,-4.314199,MOVE_JOINT
1.640000,0.508829,-0.156246,0.010936,-0.011197,-0.069003,0.046086,-4.328275,MOVE_JOINT
1.641000,0.508817,-0.156321,0.010984,-0.011563,-0.071055,0.046731,-4.343947,MOVE_JOINT
1.642000,0.508806,-0.156391,0.011033,-0.011342,-0.071057,0.047347,-4.361170,MOVE_JOINT
1.643000,0.508800,-0.156460,0.011086,-0.009627,-0.069735,0.048899,-4.379740,MOVE_JOINT
1.644000,0.508792,-0.156531,0.011136,-0.009561,-0.069912,0.048563,-4.399263,MOVE_JOINT
1.645000,0.508777,-0.156604,0.011182,-0.010635,-0.070815,0.048208,-4.419191,MOVE_JOINT
1.646000,0.508766,-0.156675,0.011232,-0.010402,-0.071054,0.049007,-4.438916,MOVE_JOINT
1.647000,0.508755,-0.156745,0.011280,-0.010045,-0.070834,0.048956,-4.457864,MOVE_JOINT
1.648000,0.508743,-0.156820,0.011330,-0.009995,-0.072147,0.049524,-4.475523,MOVE_JOINT
1.649000,0.508736,-0.156886,0.011381,-0.009088,-0.070475,0.050054,-4.491436,MOVE_JOINT
1.650000,0.508724,-0.156958,0.011431,-0.009599,-0.070875,0.050400,-4.505205,MOVE_JOINT
1.651000,0.508710,-0.157030,0.011476,-0.010880,-0.071026,0.049200,-4.516489,MOVE_JOINT
1.652000,0.508704,-0.157096,0.011529,-0.009130,-0.069748,0.050263,-4.525052,MOVE_JOINT
1.653000,0.508693,-0.157167,0.011576,-0.009610,-0.070684,0.049349,-4.530792,MOVE_JOINT
1.654000,0.508683,-0.157234,0.011627,-0.009823,-0.069633,0.049808,-4.533735,MOVE_JOINT
1.655000,0.508671,-0.157302,0.011674,-0.010119,-0.069305,0.049220,-4.534026,MOVE_JOINT
1.656000,0.508659,-0.157368,0.011721,-0.010231,-0.067806,0.048711,-4.531900,MOVE_JOINT
1.657000,0.508650,-0.157441,0.011772,-0.010514,-0.069070,0.049045,-4.527674,MOVE_JOINT
1.658000,0.508638,-0.157509,0.011823,-0.010280,-0.069108,0.050040,-4.521702,MOVE_JOINT
1.659000,0.508626,-0.157578,0.011872,-0.011618,-0.068974,0.049448,-4.514322,MOVE_JOINT
1.660000,0.508616,-0.157653,0.011923,-0.010963,-0.071026,0.050355,-4.505812,MOVE_JOINT
1.661000,0.508606,-0.157724,0.011974,-0.010981,-0.071121,0.050399,-4.496383,MOVE_JOINT
1.662000,0.508596,-0.157801,0.012026,-0.011300,-0.072460,0.050223,-4.486205,MOVE_JOINT
1.663000,0.508582,-0.157873,0.012074,-0.011380,-0.071611,0.049585,-4.475443,MOVE_JOINT
1.664000,0.508573,-0.157944,0.012127,-0.010681,-0.071905,0.050998,-4.464295,MOVE_JOINT
1.665000,0.508561,-0.158016,0.012178,-0.011319,-0.071904,0.051093,-4.452980,MOVE_JOINT
1.666000,0.508549,-0.158087,0.012230,-0.011950,-0.071689,0.050549,-4.441680,MOVE_JOINT
1.667000,0.508539,-0.158159,0.012283,-0.011412,-0.071167,0.050832,-4.430534,MOVE_JOINT
1.668000,0.508526,-0.158231,0.012334,-0.010746,-0.071833,0.051714,-4.419661,MOVE_JOINT
1.669000,0.508516,-0.158299,0.012385,-0.010088,-0.069912,0.051365,-4.409163,MOVE_JOINT
1.670000,0.508505,-0.158372,0.012437,-0.010436,-0.071265,0.051592,-4.399124,MOVE_JOINT
1.671000,0.508494,-0.158442,0.012486,-0.010953,-0.071291,0.050801,-4.389629,MOVE_JOINT
1.672000,0.508484,-0.158516,0.012538,-0.010683,-0.071977,0.050896,-4.380797,MOVE_JOINT
1.673000,0.508470,-0.158591,0.012587,-0.011676,-0.072793,0.050215,-4.372800,MOVE_JOINT
1.674000,0.508459,-0.158659,0.012637,-0.011396,-0.070678,0.050243,-4.365849,MOVE_JOINT
1.675000,0.508447,-0.158737,0.012689,-0.011726,-0.072580,0.050238,-4.360181,MOVE_JOINT
1.676000,0.508436,-0.158803,0.012738,-0.010888,-0.070305,0.050400,-4.356021,MOVE_JOINT
1.677000,0.508423,-0.158876,0.012786,-0.011167,-0.071355,0.049747,-4.353567,MOVE_JOINT
1.678000,0.508416,-0.158948,0.012837,-0.009724,-0.071384,0.050271,-4.352973,MOVE_JOINT
1.679000,0.508403,-0.159018,0.012883,-0.011080,-0.070778,0.048828,-4.354352,MOVE_JOINT
1.680000,0.508393,-0.159090,0.012932,-0.010653,-0.070962,0.048937,-4.357781,MOVE_JOINT
1.681000,0.508379,-0.159164,0.012979,-0.011746,-0.072103,0.048304,-4.363323,MOVE_JOINT
1.682000,0.508371,-0.159233,0.013029,-0.010896,-0.071256,0.048405,-4.371036,MOVE_JOINT
1.683000,0.508361,-0.159304,0.013080,-0.010131,-0.070761,0.049447,-4.380949,MOVE_JOINT
1.684000,0.508347,-0.159373,0.013127,-0.011817,-0.070460,0.048634,-4.393007,MOVE_JOINT
1.685000,0.508337,-0.159443,0.013175,-0.011481,-0.070083,0.048178,-4.407039,MOVE_JOINT
1.686000,0.508328,-0.159511,0.013224,-0.010772,-0.069775,0.048644,-4.422791,MOVE_JOINT
1.687000,0.508318,-0.159582,0.013272,-0.011553,-0.070645,0.048314,-4.439966,MOVE_JOINT
1.688000,0.508312,-0.159652,0.013326,-0.010394,-0.070787,0.049601,-4.458225,MOVE_JOINT
1.689000,0.508298,-0.159719,0.013373,-0.010460,-0.069351,0.049583,-4.477166,MOVE_JOINT
1.690000,0.508287,-0.159790,0.013424,-0.010951,-0.069851,0.049865,-4.496307,MOVE_JOINT
1.691000,0.508278,-0.159861,0.013478,-0.011273,-0.070376,0.051021,-4.515090,MOVE_JOINT
1.692000,0.508271,-0.159927,0.013531,-0.010426,-0.069623,0.051318,-4.532900,MOVE_JOINT
1.693000,0.508257,-0.160002,0.013583,-0.010784,-0.071339,0.051317,-4.549094,MOVE_JOINT
1.694000,0.508248,-0.160071,0.013636,-0.010139,-0.070504,0.052025,-4.563059,MOVE_JOINT
1.695000,0.508236,-0.160142,0.013688,-0.010933,-0.070092,0.051688,-4.574264,MOVE_JOINT
1.696000,0.508226,-0.160218,0.013740,-0.010897,-0.072021,0.051646,-4.582297,MOVE_JOINT
1.697000,0.508219,-0.160288,0.013792,-0.010506,-0.071406,0.051712,-4.586898,MOVE_JOINT
1.698000,0.508207,-0.160362,0.013848,-0.010672,-0.071918,0.052980,-4.587983,MOVE_JOINT
1.699000,0.508195,-0.160433,0.013899,-0.011454,-0.071376,0.051879,-4.585609,MOVE_JOINT
1.700000,0.508188,-0.160502,0.013952,-0.010927,-0.070996,0.051624,-4.579931,MOVE_JOINT
1.701000,0.508179,-0.160568,0.014005,-0.010144,-0.069379,0.052113,-4.571207,MOVE_JOINT
1.702000,0.508173,-0.160638,0.014061,-0.009307,-0.069732,0.053404,-4.559771,MOVE_JOINT
1.703000,0.508160,-0.160711,0.014111,-0.010563,-0.070976,0.052341,-4.545967,MOVE_JOINT
1.704000,0.508154,-0.160782,0.014168,-0.009056,-0.070610,0.053589,-4.530116,MOVE_JOINT
1.705000,0.508142,-0.160856,0.014221,-0.009306,-0.071585,0.053869,-4.512537,MOVE_JOINT
1.706000,0.508127,-0.160932,0.014273,-0.011175,-0.073217,0.053131,-4.493547,MOVE_JOINT
1.707000,0.508118,-0.161006,0.014330,-0.010258,-0.073057,0.054356,-4.473458,MOVE_JOINT
1.708000,0.508107,-0.161077,0.014383,-0.010443,-0.071598,0.053975,-4.452572,MOVE_JOINT
1.709000,0.508097,-0.161150,0.014438,-0.009674,-0.071693,0.054628,-4.431153,MOVE_JOINT
1.710000,0.508087,-0.161221,0.014494,-0.009792,-0.071368,0.054959,-4.409400,MOVE_JOINT
1.711000,0.508074,-0.161297,0.014550,-0.011311,-0.072376,0.054814,-4.387450,MOVE_JOINT
1.712000,0.508068,-0.161365,0.014604,-0.009542,-0.071699,0.055112,-4.365399,MOVE_JOINT
1.713000,0.508056,-0.161437,0.014654,-0.010443,-0.071780,0.053436,-4.343351,MOVE_JOINT
1.714000,0.508047,-0.161511,0.014709,-0.010147,-0.072890,0.054178,-4.321478,MOVE_JOINT
1.715000,0.508037,-0.161580,0.014764,-0.009654,-0.072207,0.054763,-4.300037,MOVE_JOINT
1.716000,0.508025,-0.161656,0.014820,-0.009774,-0.072693,0.054829,-4.279324,MOVE_JOINT
1.717000,0.508016,-0.161728,0.014875,-0.009221,-0.072594,0.055231,-4.259591,MOVE_JOINT
1.718000,0.508003,-0.161794,0.014925,-0.010589,-0.070864,0.053840,-4.241036,MOVE_JOINT
1.719000,0.507991,-0.161864,0.014977,-0.011709,-0.070845,0.052911,-4.223848,MOVE_JOINT
1.720000,0.507984,-0.161935,0.015032,-0.010257,-0.069904,0.053098,-4.208253,MOVE_JOINT
1.721000,0.507973,-0.162006,0.015081,-0.010970,-0.070181,0.051791,-4.194534,MOVE_JOINT
1.722000,0.507966,-0.162074,0.015135,-0.009699,-0.069729,0.052773,-4.183021,MOVE_JOINT
1.723000,0.507960,-0.162140,0.015190,-0.008507,-0.068419,0.053513,-4.174042,MOVE_JOINT
1.724000,0.507949,-0.162214,0.015243,-0.008937,-0.069839,0.053302,-4.167830,MOVE_JOINT
1.725000,0.507940,-0.162280,0.015293,-0.008509,-0.068424,0.052610,-4.164454,MOVE_JOINT
1.726000,0.507933,-0.162351,0.015349,-0.007777,-0.069114,0.053722,-4.163835,MOVE_JOINT
1.727000,0.507922,-0.162421,0.015398,-0.008568,-0.069279,0.052227,-4.165790,MOVE_JOINT
1.728000,0.507913,-0.162492,0.015453,-0.009033,-0.069997,0.052882,-4.170078,MOVE_JOINT
1.729000,0.507904,-0.162559,0.015506,-0.008765,-0.069102,0.053125,-4.176442,MOVE_JOINT
1.730000,0.507891,-0.162632,0.015556,-0.010808,-0.070573,0.051634,-4.184615,MOVE_JOINT
1.731000,0.507886,-0.162701,0.015615,-0.008716,-0.069147,0.053697,-4.194316,MOVE_JOINT
1.732000,0.507876,-0.162772,0.015671,-0.009145,-0.069348,0.054095,-4.205228,MOVE_JOINT
1.733000,0.507866,-0.162842,0.015725,-0.008910,-0.069551,0.054361,-4.216950,MOVE_JOINT
1.734000,0.507858,-0.162908,0.015780,-0.008359,-0.068131,0.054650,-4.228988,MOVE_JOINT
1.735000,0.507851,-0.162971,0.015833,-0.007511,-0.066068,0.054169,-4.240792,MOVE_JOINT
1.736000,0.507840,-0.163042,0.015886,-0.008157,-0.067104,0.053462,-4.251825,MOVE_JOINT
1.737000,0.507829,-0.163113,0.015940,-0.008694,-0.068225,0.053806,-4.261644,MOVE_JOINT
1.738000,0.507824,-0.163179,0.015995,-0.007478,-0.068024,0.054254,-4.269952,MOVE_JOINT
1.739000,0.507813,-0.163248,0.016050,-0.008466,-0.068198,0.054462,-4.276589,MOVE_JOINT
1.740000,0.507806,-0.163314,0.016102,-0.008266,-0.067677,0.053669,-4.281481,MOVE_JOINT
1.741000,0.507800,-0.163381,0.016158,-0.006595,-0.066814,0.054747,-4.284606,MOVE_JOINT
1.742000,0.507790,-0.163452,0.016212,-0.007650,-0.068052,0.055126,-4.285974,MOVE_JOINT
1.743000,0.507783,-0.163519,0.016266,-0.007343,-0.068073,0.055286,-4.285584,MOVE_JOINT
1.744000,0.507773,-0.163588,0.016319,-0.007510,-0.068001,0.055143,-4.283417,MOVE_JOINT
1.745000,0.507764,-0.163656,0.016372,-0.007513,-0.068097,0.055330,-4.279476,MOVE_JOINT
1.746000,0.507756,-0.163724,0.016426,-0.007690,-0.068006,0.055104,-4.273819,MOVE_JOINT
1.747000,0.507747,-0.163788,0.016480,-0.007840,-0.066475,0.054397,-4.266561,MOVE_JOINT
1.748000,0.507741,-0.163856,0.016533,-0.007105,-0.067036,0.054295,-4.257869,MOVE_JOINT
1.749000,0.507737,-0.163917,0.016591,-0.006033,-0.065510,0.054972,-4.247954,MOVE_JOINT
1.750000,0.507728,-0.163982,0.016643,-0.007291,-0.065343,0.054253,-4.237056,MOVE_JOINT
1.751000,0.507723,-0.164046,0.016697,-0.007154,-0.065412,0.053435,-4.225421,MOVE_JOINT
1.752000,0.507715,-0.164110,0.016750,-0.006847,-0.064853,0.053757,-4.213334,MOVE_JOINT
1.753000,0.507706,-0.164175,0.016799,-0.007294,-0.064834,0.052363,-4.201155,MOVE_JOINT
1.754000,0.507699,-0.164241,0.016852,-0.007372,-0.065775,0.052746,-4.189309,MOVE_JOINT
1.755000,0.507694,-0.164307,0.016906,-0.006633,-0.065504,0.052806,-4.178248,MOVE_JOINT
1.756000,0.507687,-0.164373,0.016961,-0.007099,-0.065486,0.053166,-4.168397,MOVE_JOINT
1.757000,0.507679,-0.164440,0.017012,-0.007288,-0.066255,0.052763,-4.160092,MOVE_JOINT
1.758000,0.507673,-0.164500,0.017067,-0.006528,-0.064780,0.053645,-4.153545,MOVE_JOINT
1.759000,0.507665,-0.164569,0.017120,-0.007278,-0.065658,0.053461,-4.148845,MOVE_JOINT
1.760000,0.507657,-0.164636,0.017173,-0.007983,-0.065596,0.053095,-4.145971,MOVE_JOINT
1.761000,0.507650,-0.164697,0.017225,-0.007785,-0.064242,0.052704,-4.144832,MOVE_JOINT
1.762000,0.507642,-0.164764,0.017277,-0.007923,-0.064793,0.052565,-4.145324,MOVE_JOINT
1.763000,0.507633,-0.164827,0.017328,-0.008065,-0.064143,0.051991,-4.147358,MOVE_JOINT
1.764000,0.507631,-0.164885,0.017381,-0.006455,-0.062607,0.052776,-4.150868,MOVE_JOINT
1.765000,0.507623,-0.164948,0.017431,-0.007027,-0.063178,0.051870,-4.155803,MOVE_JOINT
1.766000,0.507619,-0.165009,0.017482,-0.006092,-0.062778,0.051797,-4.162114,MOVE_JOINT
1.767000,0.507612,-0.165071,0.017534,-0.005829,-0.062749,0.051959,-4.169765,MOVE_JOINT
1.768000,0.507607,-0.165136,0.017585,-0.005610,-0.063122,0.051868,-4.178740,MOVE_JOINT
1.769000,0.507597,-0.165198,0.017632,-0.006039,-0.062964,0.051126,-4.189028,MOVE_JOINT
1.770000,0.507589,-0.165263,0.017682,-0.006758,-0.063524,0.050395,-4.200616,MOVE_JOINT
1.771000,0.507581,-0.165324,0.017733,-0.007058,-0.062152,0.050605,-4.213509,MOVE_JOINT
1.772000,0.507580,-0.165388,0.017790,-0.005576,-0.062340,0.052483,-4.227696,MOVE_JOINT
1.773000,0.507571,-0.165452,0.017840,-0.006775,-0.062812,0.051831,-4.243076,MOVE_JOINT
1.774000,0.507567,-0.165512,0.017895,-0.005834,-0.062488,0.052984,-4.259400,MOVE_JOINT
1.775000,0.507556,-0.165580,0.017945,-0.007274,-0.063067,0.051670,-4.276303,MOVE_JOINT
1.776000,0.507552,-0.165641,0.018000,-0.006399,-0.062699,0.052763,-4.293364,MOVE_JOINT
1.777000,0.507548,-0.165704,0.018054,-0.006509,-0.063156,0.052913,-4.310163,MOVE_JOINT
1.778000,0.507546,-0.165767,0.018111,-0.005274,-0.062717,0.053908,-4.326283,MOVE_JOINT
1.779000,0.507536,-0.165829,0.018161,-0.006924,-0.062203,0.052178,-4.341303,MOVE_JOINT
1.780000,0.507533,-0.165891,0.018216,-0.006194,-0.061972,0.052734,-4.354847,MOVE_JOINT
1.781000,0.507530,-0.165951,0.018270,-0.005508,-0.061647,0.053144,-4.366657,MOVE_JOINT
1.782000,0.507531,-0.166012,0.018327,-0.004218,-0.061898,0.054054,-4.376598,MOVE_JOINT
1.783000,0.507523,-0.166074,0.018377,-0.005154,-0.062290,0.052899,-4.384625,MOVE_JOINT
1.784000,0.507519,-0.166135,0.018431,-0.004740,-0.061780,0.053539,-4.390773,MOVE_JOINT
1.785000,0.507514,-0.166196,0.018485,-0.005233,-0.061628,0.053765,-4.395160,MOVE_JOINT
1.786000,0.507512,-0.166257,0.018542,-0.004056,-0.061733,0.054728,-4.397957,MOVE_JOINT
1.787000,0.507508,-0.166317,0.018594,-0.004959,-0.061230,0.053650,-4.399323,MOVE_JOINT
1.788000,0.507501,-0.166384,0.018651,-0.005455,-0.063207,0.054571,-4.399395,MOVE_JOINT
1.789000,0.507502,-0.166443,0.018708,-0.004258,-0.061325,0.055317,-4.398305,MOVE_JOINT
1.790000,0.507496,-0.166506,0.018761,-0.004053,-0.061823,0.054797,-4.396157,MOVE_JOINT
1.791000,0.507497,-0.166567,0.018821,-0.002327,-0.061731,0.056490,-4.393011,MOVE_JOINT
1.792000,0.507490,-0.166630,0.018873,-0.003492,-0.062019,0.055382,-4.388893,MOVE_JOINT
1.793000,0.507488,-0.166690,0.018930,-0.003670,-0.061273,0.055642,-4.383825,MOVE_JOINT
1.794000,0.507488,-0.166752,0.018987,-0.003346,-0.061265,0.055600,-4.377863,MOVE_JOINT
1.795000,0.507481,-0.166811,0.019040,-0.004717,-0.060564,0.054812,-4.371123,MOVE_JOINT
1.796000,0.507482,-0.166877,0.019101,-0.003696,-0.061732,0.055757,-4.363794,MOVE_JOINT
1.797000,0.507478,-0.166937,0.019156,-0.003790,-0.061571,0.055867,-4.356118,MOVE_JOINT
1.798000,0.507474,-0.166995,0.019207,-0.004029,-0.060495,0.054444,-4.348370,MOVE_JOINT
1.799000,0.507472,-0.167053,0.019262,-0.003366,-0.059809,0.054601,-4.340854,MOVE_JOINT
1.800000,0.507468,-0.167112,0.019315,-0.003405,-0.059644,0.054610,-4.333918,MOVE_JOINT
1.801000,0.507462,-0.167170,0.019368,-0.004455,-0.058782,0.053413,-4.327939,MOVE_JOINT
1.802000,0.507456,-0.167229,0.019422,-0.004863,-0.059062,0.053814,-4.323294,MOVE_JOINT
1.803000,0.507456,-0.167285,0.019477,-0.003990,-0.058376,0.054144,-4.320342,MOVE_JOINT
1.804000,0.507450,-0.167347,0.019531,-0.004527,-0.059604,0.054161,-4.319370,MOVE_JOINT
1.805000,0.507450,-0.167407,0.019586,-0.003623,-0.059748,0.054298,-4.320565,MOVE_JOINT
1.806000,0.507441,-0.167465,0.019636,-0.005127,-0.058976,0.052645,-4.324022,MOVE_JOINT
1.807000,0.507437,-0.167526,0.019686,-0.005193,-0.059727,0.051993,-4.329811,MOVE_JOINT
1.808000,0.507430,-0.167587,0.019738,-0.005481,-0.060155,0.052372,-4.338033,MOVE_JOINT
1.809000,0.507424,-0.167646,0.019788,-0.005432,-0.059136,0.051557,-4.348813,MOVE_JOINT
1.810000,0.507421,-0.167704,0.019840,-0.004860,-0.059231,0.051947,-4.362252,MOVE_JOINT
1.811000,0.507416,-0.167766,0.019893,-0.005002,-0.060478,0.052539,-4.378378,MOVE_JOINT
1.812000,0.507407,-0.167829,0.019943,-0.005909,-0.060407,0.051787,-4.397113,MOVE_JOINT
1.813000,0.507406,-0.167883,0.019995,-0.004851,-0.058774,0.052307,-4.418265,MOVE_JOINT
1.814000,0.507403,-0.167940,0.020048,-0.004252,-0.058048,0.051975,-4.441538,MOVE_JOINT
1.815000,0.507397,-0.168000,0.020099,-0.004829,-0.058576,0.051675,-4.466555,MOVE_JOINT
1.816000,0.507395,-0.168054,0.020152,-0.003317,-0.057117,0.052591,-4.492884,MOVE_JOINT
1.817000,0.507394,-0.168111,0.020207,-0.002846,-0.057093,0.053328,-4.520041,MOVE_JOINT
1.818000,0.507394,-0.168165,0.020262,-0.001726,-0.056091,0.053872,-4.547459,MOVE_JOINT
1.819000,0.507385,-0.168222,0.020311,-0.003688,-0.055999,0.052588,-4.574484,MOVE_JOINT
1.820000,0.507382,-0.168277,0.020366,-0.004130,-0.055405,0.052637,-4.600433,MOVE_JOINT
1.821000,0.507381,-0.168332,0.020423,-0.002832,-0.055512,0.054429,-4.624673,MOVE_JOINT
1.822000,0.507375,-0.168391,0.020477,-0.004075,-0.056354,0.053812,-4.646649,MOVE_JOINT
1.823000,0.507370,-0.168446,0.020528,-0.004659,-0.056553,0.052839,-4.665877,MOVE_JOINT
1.824000,0.507366,-0.168508,0.020583,-0.003779,-0.057422,0.053567,-4.682004,MOVE_JOINT
1.825000,0.507362,-0.168564,0.020639,-0.004055,-0.056973,0.054141,-4.694845,MOVE_JOINT
1.826000,0.507357,-0.168621,0.020693,-0.005120,-0.057457,0.053295,-4.704362,MOVE_JOINT
1.827000,0.507357,-0.168682,0.020751,-0.003949,-0.057873,0.054481,-4.710611,MOVE_JOINT
1.828000,0.507357,-0.168741,0.020810,-0.002744,-0.057735,0.055423,-4.713706,MOVE_JOINT
1.829000,0.507354,-0.168800,0.020867,-0.002876,-0.058240,0.055871,-4.713752,MOVE_JOINT
1.830000,0.507348,-0.168858,0.020923,-0.004197,-0.058330,0.055613,-4.710814,MOVE_JOINT
1.831000,0.507342,-0.168917,0.020978,-0.004396,-0.058437,0.055742,-4.704946,MOVE_JOINT
1.832000,0.507340,-0.168975,0.021035,-0.003708,-0.058287,0.056381,-4.696242,MOVE_JOINT
1.833000,0.507338,-0.169031,0.021093,-0.002995,-0.057914,0.057098,-4.684838,MOVE_JOINT
1.834000,0.507336,-0.169090,0.021152,-0.002877,-0.058192,0.057560,-4.670881,MOVE_JOINT
1.835000,0.507333,-0.169146,0.021211,-0.003114,-0.058378,0.058060,-4.654499,MOVE_JOINT
1.836000,0.507328,-0.169208,0.021271,-0.003371,-0.059142,0.058773,-4.635787,MOVE_JOINT
1.837000,0.507328,-0.169263,0.021330,-0.002513,-0.058263,0.058618,-4.614803,MOVE_JOINT
1.838000,0.507322,-0.169321,0.021384,-0.003650,-0.059119,0.057708,-4.591604,MOVE_JOINT
1.839000,0.507319,-0.169383,0.021444,-0.003485,-0.059865,0.058155,-4.566325,MOVE_JOINT
1.840000,0.507320,-0.169441,0.021505,-0.002910,-0.059573,0.058564,-4.539223,MOVE_JOINT
1.841000,0.507320,-0.169494,0.021563,-0.001876,-0.057571,0.058088,-4.510646,MOVE_JOINT
1.842000,0.507319,-0.169551,0.021620,-0.001640,-0.057468,0.057801,-4.480986,MOVE_JOINT
1.843000,0.507316,-0.169608,0.021677,-0.002293,-0.057612,0.057392,-4.450661,MOVE_JOINT
1.844000,0.507311,-0.169668,0.021730,-0.003346,-0.057986,0.055992,-4.420130,MOVE_JOINT
1.845000,0.507312,-0.169723,0.021788,-0.002466,-0.056912,0.056340,-4.389917,MOVE_JOINT
1.846000,0.507307,-0.169782,0.021842,-0.002904,-0.057444,0.056032,-4.360605,MOVE_JOINT
1.847000,0.507304,-0.169838,0.021894,-0.003047,-0.057315,0.055140,-4.332792,MOVE_JOINT
1.848000,0.507301,-0.169893,0.021946,-0.002918,-0.056885,0.054390,-4.307074,MOVE_JOINT
1.849000,0.507302,-0.169949,0.022003,-0.001729,-0.056469,0.054904,-4.284041,MOVE_JOINT
1.850000,0.507302,-0.170004,0.022057,-0.002021,-0.056355,0.054106,-4.264248,MOVE_JOINT
1.851000,0.507298,-0.170063,0.022111,-0.002774,-0.057263,0.053762,-4.248151,MOVE_JOINT
1.852000,0.507295,-0.170117,0.022162,-0.003523,-0.056438,0.052847,-4.236091,MOVE_JOINT
1.853000,0.507295,-0.170171,0.022216,-0.002537,-0.055888,0.053323,-4.228302,MOVE_JOINT
1.854000,0.507291,-0.170226,0.022267,-0.002715,-0.055668,0.053202,-4.224922,MOVE_JOINT
1.855000,0.507290,-0.170278,0.022320,-0.003003,-0.055027,0.052964,-4.225959,MOVE_JOINT
1.856000,0.507290,-0.170328,0.022372,-0.001886,-0.053648,0.053137,-4.231279,MOVE_JOINT
1.857000,0.507285,-0.170384,0.022424,-0.002915,-0.054392,0.052441,-4.240607,MOVE_JOINT
1.858000,0.507286,-0.170435,0.022480,-0.001883,-0.053572,0.053017,-4.253554,MOVE_JOINT
1.859000,0.507287,-0.170490,0.022537,-0.001188,-0.054428,0.054268,-4.269645,MOVE_JOINT
1.860000,0.507287,-0.170540,0.022590,-0.000393,-0.053302,0.054114,-4.288322,MOVE_JOINT
1.861000,0.507281,-0.170596,0.022641,-0.001774,-0.054061,0.053132,-4.308951,MOVE_JOINT
1.862000,0.507278,-0.170647,0.022691,-0.001880,-0.053103,0.052537,-4.330881,MOVE_JOINT
1.863000,0.507276,-0.170698,0.022743,-0.001723,-0.052122,0.052344,-4.353547,MOVE_JOINT
1.864000,0.507270,-0.170753,0.022795,-0.002192,-0.052995,0.052379,-4.376515,MOVE_JOINT
1.865000,0.507267,-0.170806,0.022847,-0.002708,-0.053281,0.052307,-4.399464,MOVE_JOINT
1.866000,0.507266,-0.170862,0.022902,-0.002517,-0.053743,0.052905,-4.422152,MOVE_JOINT
1.867000,0.507265,-0.170914,0.022957,-0.001548,-0.053260,0.054036,-4.444361,MOVE_JOINT
1.868000,0.507261,-0.170968,0.023010,-0.002312,-0.053571,0.053878,-4.465831,MOVE_JOINT
1.869000,0.507259,-0.171021,0.023063,-0.002288,-0.053745,0.053699,-4.486234,MOVE_JOINT
1.870000,0.507254,-0.171073,0.023114,-0.003144,-0.053232,0.052940,-4.505217,MOVE_JOINT
1.871000,0.507253,-0.171127,0.023168,-0.003024,-0.052993,0.052854,-4.522483,MOVE_JOINT
1.872000,0.507249,-0.171177,0.023221,-0.002755,-0.051852,0.053225,-4.537832,MOVE_JOINT
1.873000,0.507247,-0.171225,0.023274,-0.002997,-0.050591,0.053122,-4.551139,MOVE_JOINT
1.874000,0.507245,-0.171278,0.023329,-0.002198,-0.051119,0.053663,-4.562310,MOVE_JOINT
1.875000,0.507244,-0.171322,0.023383,-0.001891,-0.049649,0.054533,-4.571250,MOVE_JOINT
1.876000,0.507244,-0.171374,0.023436,-0.002685,-0.050451,0.053224,-4.577839,MOVE_JOINT
1.877000,0.507236,-0.171424,0.023484,-0.004301,-0.050371,0.051590,-4.581981,MOVE_JOINT
1.878000,0.507229,-0.171477,0.023536,-0.004340,-0.051023,0.052040,-4.583702,MOVE_JOINT
1.879000,0.507229,-0.171527,0.023592,-0.003077,-0.051225,0.053288,-4.583204,MOVE_JOINT
1.880000,0.507225,-0.171574,0.023643,-0.003347,-0.049669,0.052679,-4.580787,MOVE_JOINT
1.881000,0.507220,-0.171626,0.023694,-0.004201,-0.050618,0.052390,-4.576759,MOVE_JOINT
1.882000,0.507216,-0.171679,0.023746,-0.004083,-0.051341,0.052484,-4.571414,MOVE_JOINT
1.883000,0.507209,-0.171731,0.023797,-0.004889,-0.051010,0.051760,-4.565059,MOVE_JOINT
1.884000,0.507204,-0.171780,0.023848,-0.005320,-0.050648,0.051173,-4.558040,MOVE_JOINT
1.885000,0.507201,-0.171831,0.023899,-0.004792,-0.050409,0.050897,-4.550744,MOVE_JOINT
1.886000,0.507198,-0.171885,0.023953,-0.004328,-0.050741,0.051399,-4.543594,MOVE_JOINT
1.887000,0.507189,-0.171938,0.024000,-0.006075,-0.051258,0.050254,-4.537006,MOVE_JOINT
1.888000,0.507184,-0.171989,0.024050,-0.004986,-0.050898,0.050434,-4.531365,MOVE_JOINT
1.889000,0.507182,-0.172038,0.024102,-0.004202,-0.050241,0.050880,-4.527003,MOVE_JOINT
1.890000,0.507172,-0.172089,0.024146,-0.005306,-0.051072,0.049404,-4.524192,MOVE_JOINT
1.891000,0.507163,-0.172143,0.024194,-0.006334,-0.051327,0.049180,-4.523150,MOVE_JOINT
1.892000,0.507155,-0.172193,0.024243,-0.007198,-0.051438,0.049055,-4.524072,MOVE_JOINT
1.893000,0.507150,-0.172245,0.024293,-0.006547,-0.052217,0.049318,-4.527123,MOVE_JOINT
1.894000,0.507138,-0.172298,0.024337,-0.008351,-0.052141,0.047715,-4.532402,MOVE_JOINT
1.895000,0.507132,-0.172349,0.024385,-0.007278,-0.051970,0.048359,-4.539952,MOVE_JOINT
1.896000,0.507122,-0.172398,0.024430,-0.007561,-0.051365,0.048066,-4.549771,MOVE_JOINT
1.897000,0.507114,-0.172453,0.024481,-0.007788,-0.052400,0.048689,-4.561789,MOVE_JOINT
1.898000,0.507108,-0.172501,0.024529,-0.007711,-0.051409,0.048679,-4.575816,MOVE_JOINT
1.899000,0.507101,-0.172552,0.024578,-0.006939,-0.051098,0.048823,-4.591521,MOVE_JOINT
1.900000,0.507093,-0.172601,0.024625,-0.006865,-0.050065,0.048686,-4.608446,MOVE_JOINT
1.901000,0.507087,-0.172651,0.024676,-0.006996,-0.050531,0.049135,-4.626047,MOVE_JOINT
1.902000,0.507082,-0.172698,0.024726,-0.006402,-0.049820,0.049711,-4.643740,MOVE_JOINT
1.903000,0.507076,-0.172747,0.024774,-0.006129,-0.048889,0.049244,-4.660919,MOVE_JOINT
1.904000,0.507068,-0.172800,0.024822,-0.006509,-0.050776,0.049206,-4.676990,MOVE_JOINT
1.905000,0.507062,-0.172853,0.024873,-0.006244,-0.051077,0.049699,-4.691435,MOVE_JOINT
1.906000,0.507055,-0.172904,0.024924,-0.006640,-0.051146,0.049466,-4.703856,MOVE_JOINT
1.907000,0.507050,-0.172955,0.024976,-0.006110,-0.050849,0.049892,-4.713971,MOVE_JOINT
1.908000,0.507041,-0.173008,0.025023,-0.007348,-0.051633,0.048622,-4.721609,MOVE_JOINT
1.909000,0.507035,-0.173061,0.025075,-0.006552,-0.051528,0.049754,-4.726721,MOVE_JOINT
1.910000,0.507025,-0.173112,0.025122,-0.007634,-0.050974,0.048259,-4.729390,MOVE_JOINT
1.911000,0.507015,-0.173166,0.025170,-0.007863,-0.051746,0.048153,-4.729810,MOVE_JOINT
1.912000,0.507011,-0.173218,0.025223,-0.007011,-0.051807,0.049272,-4.728280,MOVE_JOINT
1.913000,0.506997,-0.173276,0.025270,-0.008180,-0.053455,0.049396,-4.725152,MOVE_JOINT
1.914000,0.506991,-0.173326,0.025321,-0.007378,-0.052691,0.050005,-4.720743,MOVE_JOINT
1.915000,0.506987,-0.173375,0.025374,-0.006013,-0.050861,0.050893,-4.715275,MOVE_JOINT
1.916000,0.506977,-0.173429,0.025423,-0.007323,-0.051504,0.050245,-4.708844,MOVE_JOINT
1.917000,0.506970,-0.173479,0.025476,-0.006541,-0.050983,0.051434,-4.701439,MOVE_JOINT
1.918000,0.506961,-0.173533,0.025526,-0.006596,-0.051526,0.051459,-4.692975,MOVE_JOINT
1.919000,0.506954,-0.173586,0.025576,-0.007597,-0.052454,0.050675,-4.683336,MOVE_JOINT
1.920000,0.506945,-0.173634,0.025626,-0.008130,-0.050631,0.050156,-4.672455,MOVE_JOINT
1.921000,0.506942,-0.173685,0.025680,-0.006822,-0.050664,0.051482,-4.660368,MOVE_JOINT
1.922000,0.506931,-0.173740,0.025730,-0.007584,-0.051979,0.051160,-4.647193,MOVE_JOINT
1.923000,0.506923,-0.173790,0.025781,-0.007360,-0.051027,0.050843,-4.633077,MOVE_JOINT
1.924000,0.506916,-0.173841,0.025832,-0.007608,-0.051368,0.050510,-4.618184,MOVE_JOINT
1.925000,0.506909,-0.173894,0.025883,-0.007654,-0.051703,0.050149,-4.602731,MOVE_JOINT
1.926000,0.506900,-0.173950,0.025932,-0.007704,-0.052827,0.050228,-4.586999,MOVE_JOINT
1.927000,0.506895,-0.173999,0.025983,-0.007343,-0.051691,0.049977,-4.571316,MOVE_JOINT
1.928000,0.506882,-0.174050,0.026026,-0.009048,-0.051857,0.048026,-4.556047,MOVE_JOINT
1.929000,0.506879,-0.174101,0.026079,-0.007509,-0.051412,0.049388,-4.541590,MOVE_JOINT
1.930000,0.506873,-0.174156,0.026129,-0.007211,-0.051912,0.049421,-4.528360,MOVE_JOINT
1.931000,0.506868,-0.174207,0.026177,-0.006443,-0.051636,0.049355,-4.516721,MOVE_JOINT
1.932000,0.506860,-0.174263,0.026226,-0.006803,-0.053388,0.049557,-4.506944,MOVE_JOINT
1.933000,0.506856,-0.174311,0.026275,-0.006553,-0.052074,0.049154,-4.499217,MOVE_JOINT
1.934000,0.506848,-0.174361,0.026321,-0.006144,-0.051215,0.048522,-4.493673,MOVE_JOINT
1.935000,0.506844,-0.174412,0.026368,-0.005101,-0.050485,0.048444,-4.490411,MOVE_JOINT
1.936000,0.506840,-0.174459,0.026415,-0.005502,-0.049404,0.047713,-4.489500,MOVE_JOINT
1.937000,0.506836,-0.174507,0.026460,-0.005647,-0.048351,0.046367,-4.490996,MOVE_JOINT
1.938000,0.506834,-0.174554,0.026507,-0.004222,-0.048079,0.047229,-4.494957,MOVE_JOINT
1.939000,0.506828,-0.174602,0.026549,-0.004036,-0.047774,0.045926,-4.501437,MOVE_JOINT
1.940000,0.506825,-0.174652,0.026596,-0.003173,-0.048284,0.046403,-4.510454,MOVE_JOINT
1.941000,0.506822,-0.174700,0.026642,-0.002661,-0.048503,0.046524,-4.521969,MOVE_JOINT
1.942000,0.506819,-0.174750,0.026689,-0.002703,-0.048487,0.046980,-4.535865,MOVE_JOINT
1.943000,0.506822,-0.174796,0.026739,-0.001017,-0.048201,0.048037,-4.551920,MOVE_JOINT
1.944000,0.506814,-0.174844,0.026781,-0.002360,-0.048554,0.046392,-4.569785,MOVE_JOINT
1.945000,0.506813,-0.174893,0.026830,-0.002314,-0.048274,0.046929,-4.589022,MOVE_JOINT
1.946000,0.506814,-0.174943,0.026881,-0.001530,-0.048193,0.047913,-4.609165,MOVE_JOINT
1.947000,0.506812,-0.174989,0.026927,-0.001559,-0.047754,0.047835,-4.629716,MOVE_JOINT
1.948000,0.506808,-0.175038,0.026974,-0.002533,-0.047817,0.047448,-4.650139,MOVE_JOINT
1.949000,0.506810,-0.175088,0.027025,-0.001241,-0.048092,0.048709,-4.669881,MOVE_JOINT
1.950000,0.506804,-0.175138,0.027075,-0.002478,-0.048673,0.048794,-4.688405,MOVE_JOINT
1.951000,0.506799,-0.175190,0.027122,-0.002941,-0.049553,0.048518,-4.705204,MOVE_JOINT
1.952000,0.506800,-0.175241,0.027176,-0.002232,-0.049657,0.049693,-4.719824,MOVE_JOINT
1.953000,0.506796,-0.175294,0.027224,-0.003521,-0.050973,0.048957,-4.731891,MOVE_JOINT
1.954000,0.506794,-0.175341,0.027273,-0.003037,-0.049895,0.049294,-4.741122,MOVE_JOINT
1.955000,0.506793,-0.175394,0.027326,-0.002616,-0.050893,0.050252,-4.747335,MOVE_JOINT
1.956000,0.506789,-0.175448,0.027375,-0.003251,-0.051616,0.049687,-4.750433,MOVE_JOINT
1.957000,0.506788,-0.175499,0.027427,-0.002676,-0.052070,0.050606,-4.750392,MOVE_JOINT
1.958000,0.506789,-0.175549,0.027481,-0.001057,-0.051337,0.051971,-4.747240,MOVE_JOINT
1.959000,0.506791,-0.175603,0.027536,-0.000523,-0.052048,0.052855,-4.741001,MOVE_JOINT
1.960000,0.506785,-0.175655,0.027585,-0.001587,-0.051584,0.051881,-4.731650,MOVE_JOINT
1.961000,0.506787,-0.175706,0.027638,-0.000864,-0.051605,0.052217,-4.719133,MOVE_JOINT
1.962000,0.506786,-0.175754,0.027689,-0.001162,-0.050891,0.051844,-4.703445,MOVE_JOINT
1.963000,0.506785,-0.175804,0.027739,-0.000965,-0.050473,0.051319,-4.684678,MOVE_JOINT
1.964000,0.506783,-0.175860,0.027792,-0.000846,-0.051937,0.052010,-4.663049,MOVE_JOINT
1.965000,0.506778,-0.175907,0.027839,-0.002685,-0.050853,0.050512,-4.638894,MOVE_JOINT
1.966000,0.506781,-0.175961,0.027896,-0.001669,-0.051664,0.051882,-4.612654,MOVE_JOINT
1.967000,0.506783,-0.176009,0.027947,-0.000794,-0.050370,0.051705,-4.584826,MOVE_JOINT
1.968000,0.506779,-0.176062,0.027999,-0.001976,-0.050640,0.051573,-4.555891,MOVE_JOINT
1.969000,0.506779,-0.176112,0.028051,-0.001984,-0.051219,0.051333,-4.526281,MOVE_JOINT
1.970000,0.506779,-0.176163,0.028103,-0.001241,-0.050880,0.050931,-4.496395,MOVE_JOINT
1.971000,0.506777,-0.176218,0.028156,-0.001748,-0.052767,0.051721,-4.466630,MOVE_JOINT
1.972000,0.506775,-0.176270,0.028207,-0.001892,-0.052456,0.051353,-4.437386,MOVE_JOINT
1.973000,0.506773,-0.176323,0.028258,-0.002016,-0.053050,0.051377,-4.409041,MOVE_JOINT
1.974000,0.506772,-0.176377,0.028310,-0.002204,-0.053753,0.051413,-4.381940,MOVE_JOINT
1.975000,0.506772,-0.176426,0.028362,-0.001393,-0.052703,0.052226,-4.356386,MOVE_JOINT
1.976000,0.506771,-0.176479,0.028412,-0.001100,-0.052575,0.051646,-4.332617,MOVE_JOINT
1.977000,0.506769,-0.176531,0.028464,-0.000910,-0.052123,0.051847,-4.310801,MOVE_JOINT
1.978000,0.506767,-0.176577,0.028512,-0.001054,-0.050702,0.050733,-4.291059,MOVE_JOINT
1.979000,0.506766,-0.176630,0.028562,-0.000937,-0.051256,0.050429,-4.273502,MOVE_JOINT
1.980000,0.506763,-0.176678,0.028607,-0.001553,-0.050138,0.049296,-4.258273,MOVE_JOINT
1.981000,0.506761,-0.176729,0.028658,-0.002095,-0.050402,0.049272,-4.245563,MOVE_JOINT
1.982000,0.506760,-0.176777,0.028706,-0.001653,-0.049279,0.048944,-4.235588,MOVE_JOINT
1.983000,0.506761,-0.176825,0.028754,-0.001187,-0.049169,0.048389,-4.228550,MOVE_JOINT
1.984000,0.506757,-0.176875,0.028798,-0.002356,-0.049395,0.046846,-4.224619,MOVE_JOINT
1.985000,0.506755,-0.176924,0.028845,-0.002574,-0.049564,0.046829,-4.223957,MOVE_JOINT
1.986000,0.506759,-0.176975,0.028896,-0.001171,-0.050516,0.047889,-4.226722,MOVE_JOINT
1.987000,0.506757,-0.177029,0.028946,-0.001739,-0.051761,0.048176,-4.233012,MOVE_JOINT
1.988000,0.506759,-0.177075,0.028995,-0.000738,-0.049915,0.048246,-4.242776,MOVE_JOINT
1.989000,0.506753,-0.177130,0.029042,-0.002190,-0.051563,0.047784,-4.255793,MOVE_JOINT
1.990000,0.506752,-0.177182,0.029091,-0.001843,-0.051270,0.047806,-4.271702,MOVE_JOINT
1.991000,0.506752,-0.177232,0.029141,-0.001336,-0.050889,0.048572,-4.290066,MOVE_JOINT
1.992000,0.506752,-0.177285,0.029190,-0.001238,-0.051803,0.048595,-4.310383,MOVE_JOINT
1.993000,0.506749,-0.177336,0.029240,-0.001544,-0.051375,0.048870,-4.332086,MOVE_JOINT
1.994000,0.506748,-0.177387,0.029289,-0.001034,-0.051823,0.049262,-4.354558,MOVE_JOINT
1.995000,0.506751,-0.177436,0.029343,0.000495,-0.050782,0.050268,-4.377161,MOVE_JOINT
1.996000,0.506752,-0.177487,0.029396,0.000640,-0.050878,0.050726,-4.399231,MOVE_JOINT
1.997000,0.506749,-0.177540,0.029443,-0.000910,-0.051408,0.049717,-4.420096,MOVE_JOINT
1.998000,0.506749,-0.177593,0.029494,-0.000443,-0.052024,0.050430,-4.439133,MOVE_JOINT
1.999000,0.506748,-0.177640,0.029542,-0.000771,-0.050722,0.049894,-4.455847,MOVE_JOINT
2.000000,0.506752,-0.177692,0.029596,0.000832,-0.051264,0.051171,-4.469897,MOVE_JOINT
2.001000,0.506752,-0.177741,0.029645,0.000017,-0.051228,0.050508,-4.481064,MOVE_JOINT
2.002000,0.506755,-0.177795,0.029699,0.000629,-0.052027,0.051281,-4.489220,MOVE_JOINT
2.003000,0.506754,-0.177849,0.029749,0.000056,-0.053372,0.050955,-4.494323,MOVE_JOINT
2.004000,0.506755,-0.177900,0.029800,0.000813,-0.052745,0.051588,-4.496416,MOVE_JOINT
2.005000,0.506753,-0.177952,0.029849,0.000122,-0.052602,0.051133,-4.495621,MOVE_JOINT
2.006000,0.506755,-0.178004,0.029899,0.000370,-0.053263,0.050843,-4.492130,MOVE_JOINT
2.007000,0.506759,-0.178053,0.029952,0.000952,-0.051826,0.051248,-4.486197,MOVE_JOINT
2.008000,0.506759,-0.178104,0.030002,0.000350,-0.051675,0.050846,-4.478113,MOVE_JOINT
2.009000,0.506760,-0.178157,0.030053,0.000275,-0.052218,0.050904,-4.468191,MOVE_JOINT
2.010000,0.506761,-0.178206,0.030104,0.000685,-0.051150,0.050809,-4.456745,MOVE_JOINT
2.011000,0.506761,-0.178255,0.030154,0.000782,-0.051006,0.051028,-4.444094,MOVE_JOINT
2.012000,0.506760,-0.178307,0.030203,0.000150,-0.051406,0.050344,-4.430525,MOVE_JOINT
2.013000,0.506757,-0.178358,0.030251,-0.000710,-0.051489,0.049624,-4.416302,MOVE_JOINT
2.014000,0.506757,-0.178407,0.030300,-0.000586,-0.051282,0.049722,-4.401695,MOVE_JOINT
2.015000,0.506753,-0.178461,0.030347,-0.001035,-0.051433,0.049039,-4.387006,MOVE_JOINT
2.016000,0.506755,-0.178508,0.030397,-0.000164,-0.050407,0.049569,-4.372553,MOVE_JOINT
2.017000,0.506751,-0.178560,0.030443,-0.001683,-0.050725,0.048471,-4.358644,MOVE_JOINT
2.018000,0.506752,-0.178613,0.030494,-0.000925,-0.051250,0.049266,-4.345561,MOVE_JOINT
2.019000,0.506752,-0.178662,0.030540,-0.000298,-0.050739,0.049068,-4.333548,MOVE_JOINT
2.020000,0.506752,-0.178713,0.030588,-0.000232,-0.051438,0.049139,-4.322795,MOVE_JOINT
2.021000,0.506748,-0.178764,0.030635,-0.000664,-0.051399,0.048460,-4.313430,MOVE_JOINT
2.022000,0.506747,-0.178812,0.030679,-0.000876,-0.050576,0.047282,-4.305549,MOVE_JOINT
2.023000,0.506744,-0.178857,0.030722,-0.001848,-0.048906,0.045380,-4.299276,MOVE_JOINT
2.024000,0.506743,-0.178903,0.030765,-0.001189,-0.048336,0.045592,-4.294834,MOVE_JOINT
2.025000,0.506745,-0.178956,0.030815,0.000305,-0.049136,0.046831,-4.292540,MOVE_JOINT
2.026000,0.506739,-0.179005,0.030858,-0.001301,-0.048883,0.045435,-4.292711,MOVE_JOINT
2.027000,0.506736,-0.179054,0.030901,-0.001696,-0.048762,0.044778,-4.295580,MOVE_JOINT
2.028000,0.506737,-0.179101,0.030946,-0.001497,-0.048943,0.044633,-4.301315,MOVE_JOINT
2.029000,0.506729,-0.179154,0.030989,-0.003361,-0.050440,0.044583,-4.310049,MOVE_JOINT
2.030000,0.506727,-0.179206,0.031034,-0.003328,-0.050865,0.044599,-4.321874,MOVE_JOINT
2.031000,0.506725,-0.179253,0.031079,-0.002928,-0.049502,0.044323,-4.336803,MOVE_JOINT
2.032000,0.506721,-0.179304,0.031123,-0.003343,-0.050013,0.044631,-4.354752,MOVE_JOINT
2.033000,0.506713,-0.179355,0.031164,-0.004598,-0.049777,0.043554,-4.375539,MOVE_JOINT
2.034000,0.506703,-0.179409,0.031206,-0.005468,-0.050702,0.043749,-4.398905,MOVE_JOINT
2.035000,0.506704,-0.179456,0.031256,-0.002791,-0.049181,0.046201,-4.424512,MOVE_JOINT
2.036000,0.506695,-0.179508,0.031299,-0.004698,-0.049959,0.045282,-4.451877,MOVE_JOINT
2.037000,0.506696,-0.179560,0.031349,-0.003390,-0.050849,0.046517,-4.480334,MOVE_JOINT
2.038000,0.506689,-0.179609,0.031395,-0.004575,-0.049895,0.046136,-4.509080,MOVE_JOINT
2.039000,0.506686,-0.179658,0.031446,-0.003936,-0.049430,0.047288,-4.537252,MOVE_JOINT
2.040000,0.506680,-0.179713,0.031493,-0.005184,-0.051300,0.046922,-4.563995,MOVE_JOINT
2.041000,0.506675,-0.179760,0.031540,-0.005447,-0.049854,0.046526,-4.588514,MOVE_JOINT
2.042000,0.506671,-0.179812,0.031590,-0.005270,-0.050698,0.047288,-4.610154,MOVE_JOINT
2.043000,0.506665,-0.179864,0.031638,-0.005170,-0.050461,0.047712,-4.628420,MOVE_JOINT
2.044000,0.506661,-0.179915,0.031688,-0.005317,-0.051071,0.048357,-4.642951,MOVE_JOINT
2.045000,0.506654,-0.179964,0.031733,-0.005761,-0.050185,0.047574,-4.653486,MOVE_JOINT
2.046000,0.506650,-0.180015,0.031782,-0.005869,-0.051012,0.047726,-4.659872,MOVE_JOINT
2.047000,0.506644,-0.180065,0.031828,-0.005743,-0.050285,0.047430,-4.662110,MOVE_JOINT
2.048000,0.506642,-0.180117,0.031881,-0.004255,-0.050672,0.048699,-4.660362,MOVE_JOINT
2.049000,0.506635,-0.180170,0.031928,-0.005420,-0.050948,0.047622,-4.654911,MOVE_JOINT
2.050000,0.506631,-0.180217,0.031976,-0.005180,-0.049997,0.047895,-4.646124,MOVE_JOINT
2.051000,0.506626,-0.180267,0.032025,-0.004751,-0.049688,0.048173,-4.634426,MOVE_JOINT
2.052000,0.506619,-0.180316,0.032070,-0.005237,-0.049895,0.047655,-4.620272,MOVE_JOINT
2.053000,0.506617,-0.180366,0.032121,-0.004111,-0.049202,0.048460,-4.604118,MOVE_JOINT
2.054000,0.506608,-0.180412,0.032164,-0.005567,-0.048130,0.046508,-4.586405,MOVE_JOINT
2.055000,0.506607,-0.180462,0.032215,-0.003807,-0.048690,0.048265,-4.567566,MOVE_JOINT
2.056000,0.506600,-0.180510,0.032260,-0.004685,-0.048159,0.047364,-4.548031,MOVE_JOINT
2.057000,0.506597,-0.180558,0.032308,-0.004409,-0.048138,0.047006,-4.528204,MOVE_JOINT
2.058000,0.506589,-0.180608,0.032353,-0.005818,-0.048789,0.046328,-4.508461,MOVE_JOINT
2.059000,0.506584,-0.180656,0.032399,-0.005643,-0.048579,0.045913,-4.489197,MOVE_JOINT
2.060000,0.506576,-0.180702,0.032442,-0.006313,-0.048256,0.045238,-4.470843,MOVE_JOINT
2.061000,0.506572,-0.180750,0.032488,-0.005935,-0.047884,0.044964,-4.453867,MOVE_JOINT
2.062000,0.506567,-0.180801,0.032536,-0.006106,-0.048685,0.045260,-4.438742,MOVE_JOINT
2.063000,0.506563,-0.180848,0.032580,-0.006029,-0.048435,0.044475,-4.425911,MOVE_JOINT
2.064000,0.506563,-0.180897,0.032626,-0.004179,-0.048151,0.045236,-4.415757,MOVE_JOINT
2.065000,0.506556,-0.180949,0.032670,-0.005089,-0.049042,0.044675,-4.408577,MOVE_JOINT
2.066000,0.506548,-0.180998,0.032713,-0.005695,-0.049090,0.044282,-4.404569,MOVE_JOINT
2.067000,0.506542,-0.181045,0.032754,-0.005632,-0.048853,0.043648,-4.403845,MOVE_JOINT
2.068000,0.506542,-0.181091,0.032802,-0.004288,-0.048333,0.045146,-4.406461,MOVE_JOINT
2.069000,0.506535,-0.181141,0.032843,-0.004994,-0.048348,0.043871,-4.412411,MOVE_JOINT
2.070000,0.506527,-0.181183,0.032886,-0.006064,-0.046917,0.043633,-4.421608,MOVE_JOINT
2.071000,0.506523,-0.181235,0.032932,-0.005864,-0.048610,0.044342,-4.433889,MOVE_JOINT
2.072000,0.506514,-0.181283,0.032972,-0.006850,-0.048259,0.042894,-4.449025,MOVE_JOINT
2.073000,0.506508,-0.181325,0.033012,-0.006856,-0.046304,0.042320,-4.466748,MOVE_JOINT
2.074000,0.506504,-0.181375,0.033059,-0.006151,-0.047529,0.043348,-4.486787,MOVE_JOINT
2.075000,0.506499,-0.181422,0.033101,-0.005788,-0.047399,0.043163,-4.508867,MOVE_JOINT
2.076000,0.506490,-0.181470,0.033140,-0.006768,-0.047734,0.042329,-4.532671,MOVE_JOINT
2.077000,0.506483,-0.181514,0.033181,-0.006892,-0.046823,0.041790,-4.557860,MOVE_JOINT
2.078000,0.506480,-0.181563,0.033223,-0.006032,-0.047584,0.041857,-4.584114,MOVE_JOINT
2.079000,0.506475,-0.181612,0.033266,-0.005828,-0.048844,0.042662,-4.611155,MOVE_JOINT
2.080000,0.506469,-0.181659,0.033308,-0.005162,-0.048290,0.042665,-4.638721,MOVE_JOINT
2.081000,0.506462,-0.181706,0.033348,-0.005601,-0.048088,0.042328,-4.666524,MOVE_JOINT
2.082000,0.506460,-0.181752,0.033393,-0.005266,-0.047874,0.042565,-4.694233,MOVE_JOINT
2.083000,0.506461,-0.181795,0.033439,-0.003977,-0.046891,0.043729,-4.721477,MOVE_JOINT
2.084000,0.506454,-0.181843,0.033480,-0.005613,-0.048167,0.042678,-4.747831,MOVE_JOINT
2.085000,0.506450,-0.181888,0.033523,-0.005583,-0.046744,0.042749,-4.772834,MOVE_JOINT
2.086000,0.506448,-0.181934,0.033568,-0.004615,-0.046724,0.043667,-4.796026,MOVE_JOINT
2.087000,0.506446,-0.181977,0.033612,-0.003931,-0.045259,0.043665,-4.816962,MOVE_JOINT
2.088000,0.506441,-0.182027,0.033657,-0.004574,-0.046803,0.043897,-4.835206,MOVE_JOINT
2.089000,0.506437,-0.182073,0.033701,-0.003945,-0.046135,0.044205,-4.850336,MOVE_JOINT
2.090000,0.506433,-0.182121,0.033746,-0.003704,-0.046932,0.044730,-4.861972,MOVE_JOINT
2.091000,0.506431,-0.182166,0.033792,-0.003128,-0.046993,0.045121,-4.869788,MOVE_JOINT
2.092000,0.506431,-0.182214,0.033840,-0.002666,-0.047384,0.045473,-4.873529,MOVE_JOINT
2.093000,0.506429,-0.182261,0.033886,-0.002645,-0.046971,0.045622,-4.873017,MOVE_JOINT
2.094000,0.506423,-0.182309,0.033929,-0.003504,-0.046553,0.044510,-4.868173,MOVE_JOINT
2.095000,0.506420,-0.182360,0.033977,-0.003181,-0.047732,0.045318,-4.859048,MOVE_JOINT
2.096000,0.506417,-0.182403,0.034020,-0.003043,-0.046399,0.044741,-4.845846,MOVE_JOINT
2.097000,0.506416,-0.182451,0.034066,-0.002123,-0.046532,0.045759,-4.828911,MOVE_JOINT
2.098000,0.506414,-0.182494,0.034111,-0.002685,-0.045613,0.045055,-4.808677,MOVE_JOINT
2.099000,0.506414,-0.182542,0.034157,-0.002223,-0.046085,0.045008,-4.785633,MOVE_JOINT
2.100000,0.506413,-0.182583,0.034203,-0.001814,-0.044048,0.044905,-4.760306,MOVE_JOINT
2.101000,0.506406,-0.182631,0.034242,-0.003673,-0.045237,0.042874,-4.733264,MOVE_JOINT
2.102000,0.506406,-0.182679,0.034290,-0.002309,-0.045829,0.044309,-4.705125,MOVE_JOINT
2.103000,0.506406,-0.182724,0.034337,-0.001885,-0.046020,0.044934,-4.676538,MOVE_JOINT
2.104000,0.506404,-0.182770,0.034381,-0.002129,-0.045868,0.044550,-4.648117,MOVE_JOINT
2.105000,0.506398,-0.182820,0.034424,-0.002536,-0.047047,0.044364,-4.620373,MOVE_JOINT
2.106000,0.506394,-0.182867,0.034468,-0.003519,-0.047193,0.044363,-4.593738,MOVE_JOINT
2.107000,0.506389,-0.182914,0.034509,-0.003546,-0.047125,0.043592,-4.568585,MOVE_JOINT
2.108000,0.506391,-0.182961,0.034557,-0.001622,-0.046738,0.045042,-4.545236,MOVE_JOINT
2.109000,0.506385,-0.183008,0.034599,-0.003028,-0.046704,0.044509,-4.523941,MOVE_JOINT
2.110000,0.506382,-0.183059,0.034642,-0.003535,-0.047632,0.044129,-4.504845,MOVE_JOINT
2.111000,0.506377,-0.183107,0.034686,-0.004355,-0.048057,0.043843,-4.488016,MOVE_JOINT
2.112000,0.506373,-0.183153,0.034726,-0.005150,-0.047190,0.042196,-4.473489,MOVE_JOINT
2.113000,0.506368,-0.183200,0.034769,-0.005097,-0.047143,0.042026,-4.461335,MOVE_JOINT
2.114000,0.506366,-0.183248,0.034813,-0.005041,-0.047834,0.042576,-4.451675,MOVE_JOINT
2.115000,0.506359,-0.183294,0.034854,-0.005651,-0.047409,0.042109,-4.444651,MOVE_JOINT
2.116000,0.506356,-0.183341,0.034897,-0.005443,-0.047238,0.042102,-4.440363,MOVE_JOINT
2.117000,0.506350,-0.183391,0.034937,-0.005504,-0.047938,0.041690,-4.438851,MOVE_JOINT
2.118000,0.506349,-0.183435,0.034982,-0.004023,-0.046709,0.042865,-4.440099,MOVE_JOINT
2.119000,0.506346,-0.183480,0.035024,-0.003630,-0.046449,0.042450,-4.444029,MOVE_JOINT
2.120000,0.506339,-0.183528,0.035062,-0.004750,-0.046690,0.041447,-4.450493,MOVE_JOINT
2.121000,0.506338,-0.183575,0.035104,-0.004459,-0.046583,0.041317,-4.459315,MOVE_JOINT
2.122000,0.506336,-0.183618,0.035146,-0.003706,-0.045928,0.041321,-4.470344,MOVE_JOINT
2.123000,0.506329,-0.183668,0.035186,-0.004563,-0.047125,0.040860,-4.483457,MOVE_JOINT
2.124000,0.506331,-0.183715,0.035231,-0.002792,-0.046183,0.041544,-4.498541,MOVE_JOINT
2.125000,0.506328,-0.183761,0.035272,-0.002871,-0.045850,0.040898,-4.515453,MOVE_JOINT
2.126000,0.506322,-0.183805,0.035310,-0.003541,-0.045156,0.039753,-4.534008,MOVE_JOINT
2.127000,0.506320,-0.183851,0.035349,-0.002253,-0.044880,0.040089,-4.554012,MOVE_JOINT
2.128000,0.506319,-0.183895,0.035391,-0.001545,-0.044964,0.041315,-4.575275,MOVE_JOINT
2.129000,0.506316,-0.183939,0.035429,-0.001804,-0.044396,0.039980,-4.597574,MOVE_JOINT
2.130000,0.506318,-0.183981,0.035471,-0.000956,-0.044065,0.040738,-4.620614,MOVE_JOINT
2.131000,0.506312,-0.184027,0.035510,-0.002146,-0.045275,0.040009,-4.644059,MOVE_JOINT
2.132000,0.506309,-0.184071,0.035551,-0.002509,-0.044975,0.040185,-4.667563,MOVE_JOINT
2.133000,0.506308,-0.184113,0.035591,-0.002051,-0.044204,0.040454,-4.690784,MOVE_JOINT
2.134000,0.506304,-0.184160,0.035631,-0.003203,-0.044600,0.039786,-4.713370,MOVE_JOINT
2.135000,0.506302,-0.184204,0.035672,-0.002912,-0.044257,0.040131,-4.734953,MOVE_JOINT
2.136000,0.506303,-0.184247,0.035716,-0.001531,-0.042723,0.041094,-4.755167,MOVE_JOINT
2.137000,0.506301,-0.184290,0.035754,-0.002230,-0.043211,0.040267,-4.773640,MOVE_JOINT
2.138000,0.506297,-0.184334,0.035794,-0.002975,-0.043526,0.040214,-4.790008,MOVE_JOINT
2.139000,0.506296,-0.184382,0.035836,-0.002843,-0.045185,0.040566,-4.803959,MOVE_JOINT
2.140000,0.506291,-0.184428,0.035877,-0.003226,-0.045236,0.040683,-4.815277,MOVE_JOINT
2.141000,0.506291,-0.184471,0.035920,-0.001995,-0.044093,0.041204,-4.823823,MOVE_JOINT
2.142000,0.506289,-0.184516,0.035962,-0.002102,-0.043635,0.041134,-4.829505,MOVE_JOINT
2.143000,0.506289,-0.184563,0.036005,-0.001938,-0.044661,0.040890,-4.832257,MOVE_JOINT
2.144000,0.506284,-0.184605,0.036043,-0.003204,-0.044109,0.039915,-4.832062,MOVE_JOINT
2.145000,0.506285,-0.184647,0.036085,-0.001868,-0.043334,0.040511,-4.828993,MOVE_JOINT
2.146000,0.506286,-0.184688,0.036125,-0.001244,-0.042500,0.040075,-4.823245,MOVE_JOINT
2.147000,0.506285,-0.184729,0.036165,-0.001257,-0.041909,0.040217,-4.815111,MOVE_JOINT
2.148000,0.506280,-0.184773,0.036200,-0.002616,-0.042921,0.038877,-4.804958,MOVE_JOINT
2.149000,0.506283,-0.184816,0.036242,-0.000921,-0.043097,0.040022,-4.793212,MOVE_JOINT
2.150000,0.506279,-0.184855,0.036278,-0.001300,-0.041509,0.038924,-4.780349,MOVE_JOINT
2.151000,0.506276,-0.184898,0.036316,-0.001886,-0.041376,0.038452,-4.766858,MOVE_JOINT
2.152000,0.506275,-0.184941,0.036353,-0.001705,-0.041757,0.038209,-4.753219,MOVE_JOINT
2.153000,0.506273,-0.184984,0.036391,-0.001249,-0.041811,0.038337,-4.739887,MOVE_JOINT
2.154000,0.506269,-0.185028,0.036427,-0.001844,-0.042197,0.038217,-4.727280,MOVE_JOINT
2.155000,0.506268,-0.185070,0.036463,-0.002093,-0.041972,0.037149,-4.715756,MOVE_JOINT
2.156000,0.506265,-0.185113,0.036501,-0.001850,-0.042527,0.037421,-4.705619,MOVE_JOINT
2.157000,0.506265,-0.185158,0.036541,-0.001083,-0.043322,0.038270,-4.697120,MOVE_JOINT
2.158000,0.506258,-0.185200,0.036573,-0.002773,-0.043110,0.036917,-4.690440,MOVE_JOINT
2.159000,0.506252,-0.185245,0.036607,-0.003533,-0.044049,0.036506,-4.685685,MOVE_JOINT
2.160000,0.506250,-0.185286,0.036642,-0.003471,-0.042929,0.035624,-4.682923,MOVE_JOINT
2.161000,0.506245,-0.185329,0.036676,-0.003810,-0.042530,0.035082,-4.682221,MOVE_JOINT
2.162000,0.506240,-0.185373,0.036712,-0.003796,-0.043098,0.035706,-4.683639,MOVE_JOINT
2.163000,0.506236,-0.185418,0.036751,-0.004018,-0.043259,0.036578,-4.687187,MOVE_JOINT
2.164000,0.506232,-0.185459,0.036785,-0.003914,-0.042637,0.035594,-4.692757,MOVE_JOINT
2.165000,0.506227,-0.185502,0.036822,-0.004506,-0.042840,0.036063,-4.700103,MOVE_JOINT
2.166000,0.506224,-0.185545,0.036858,-0.004381,-0.043145,0.035756,-4.708896,MOVE_JOINT
2.167000,0.506219,-0.185586,0.036893,-0.004728,-0.042655,0.035508,-4.718763,MOVE_JOINT
2.168000,0.506216,-0.185630,0.036930,-0.004093,-0.042649,0.035722,-4.729335,MOVE_JOINT
2.169000,0.506213,-0.185671,0.036968,-0.003282,-0.041800,0.036758,-4.740263,MOVE_JOINT
2.170000,0.506206,-0.185714,0.037002,-0.004761,-0.042024,0.035723,-4.751215,MOVE_JOINT
2.171000,0.506197,-0.185755,0.037033,-0.005660,-0.041658,0.034405,-4.761875,MOVE_JOINT
2.172000,0.506194,-0.185798,0.037070,-0.004450,-0.041930,0.035661,-4.772005,MOVE_JOINT
2.173000,0.506185,-0.185843,0.037103,-0.005872,-0.042610,0.034560,-4.781466,MOVE_JOINT
2.174000,0.506183,-0.185886,0.037140,-0.004968,-0.042729,0.035541,-4.790203,MOVE_JOINT
2.175000,0.506179,-0.185929,0.037178,-0.004664,-0.043072,0.036225,-4.798195,MOVE_JOINT
2.176000,0.506172,-0.185971,0.037210,-0.006042,-0.043143,0.034715,-4.805412,MOVE_JOINT
2.177000,0.506169,-0.186013,0.037246,-0.005297,-0.042920,0.034798,-4.811815,MOVE_JOINT
2.178000,0.506165,-0.186055,0.037283,-0.004890,-0.042213,0.035331,-4.817404,MOVE_JOINT
2.179000,0.506158,-0.186097,0.037316,-0.005412,-0.041996,0.034805,-4.822214,MOVE_JOINT
2.180000,0.506153,-0.186140,0.037350,-0.005952,-0.042157,0.034339,-4.826283,MOVE_JOINT
2.181000,0.506150,-0.186179,0.037385,-0.004466,-0.040850,0.034928,-4.829646,MOVE_JOINT
2.182000,0.506141,-0.186220,0.037416,-0.005320,-0.041017,0.034064,-4.832344,MOVE_JOINT
2.183000,0.506141,-0.186261,0.037452,-0.004124,-0.041006,0.034772,-4.834432,MOVE_JOINT
2.184000,0.506132,-0.186304,0.037481,-0.005382,-0.041000,0.032853,-4.835992,MOVE_JOINT
2.185000,0.506127,-0.186348,0.037517,-0.005345,-0.042003,0.033652,-4.837146,MOVE_JOINT
2.186000,0.506123,-0.186386,0.037549,-0.004445,-0.040634,0.033079,-4.838067,MOVE_JOINT
2.187000,0.506120,-0.186427,0.037581,-0.004953,-0.041555,0.032599,-4.838949,MOVE_JOINT
2.188000,0.506119,-0.186467,0.037613,-0.004134,-0.040632,0.031974,-4.839996,MOVE_JOINT
2.189000,0.506113,-0.186510,0.037646,-0.004099,-0.040999,0.032495,-4.841417,MOVE_JOINT
2.190000,0.506108,-0.186549,0.037675,-0.003934,-0.040218,0.031768,-4.843407,MOVE_JOINT
2.191000,0.506105,-0.186592,0.037709,-0.003478,-0.041089,0.032605,-4.846127,MOVE_JOINT
2.192000,0.506099,-0.186631,0.037739,-0.003822,-0.040654,0.031830,-4.849673,MOVE_JOINT
2.193000,0.506095,-0.186673,0.037771,-0.003987,-0.040774,0.031910,-4.854080,MOVE_JOINT
2.194000,0.506088,-0.186710,0.037798,-0.004917,-0.039939,0.030296,-4.859339,MOVE_JOINT
2.195000,0.506083,-0.186751,0.037828,-0.005366,-0.040180,0.030440,-4.865446,MOVE_JOINT
2.196000,0.506082,-0.186790,0.037864,-0.004180,-0.039727,0.031466,-4.872407,MOVE_JOINT
2.197000,0.506077,-0.186829,0.037893,-0.004398,-0.039225,0.030504,-4.880204,MOVE_JOINT
2.198000,0.506073,-0.186867,0.037924,-0.004299,-0.038551,0.030623,-4.888757,MOVE_JOINT
2.199000,0.506066,-0.186904,0.037954,-0.004910,-0.037833,0.029857,-4.897939,MOVE_JOINT
2.200000,0.506061,-0.186941,0.037984,-0.005096,-0.037879,0.029806,-4.907614,MOVE_JOINT
2.201000,0.506056,-0.186979,0.038018,-0.005353,-0.038078,0.030850,-4.917639,MOVE_JOINT
2.202000,0.506050,-0.187017,0.038049,-0.005906,-0.038027,0.030715,-4.927840,MOVE_JOINT
2.203000,0.506047,-0.187054,0.038081,-0.004543,-0.037528,0.031396,-4.937976,MOVE_JOINT
2.204000,0.506039,-0.187093,0.038111,-0.005810,-0.037836,0.030647,-4.947738,MOVE_JOINT
2.205000,0.506037,-0.187130,0.038149,-0.004437,-0.037789,0.033154,-4.956782,MOVE_JOINT
2.206000,0.506028,-0.187172,0.038179,-0.006290,-0.039870,0.032185,-4.964740,MOVE_JOINT
2.207000,0.506018,-0.187208,0.038208,-0.007262,-0.038376,0.031273,-4.971226,MOVE_JOINT
2.208000,0.506014,-0.187246,0.038242,-0.005935,-0.038532,0.031952,-4.975905,MOVE_JOINT
2.209000,0.506007,-0.187283,0.038272,-0.006253,-0.038216,0.031554,-4.978568,MOVE_JOINT
2.210000,0.505998,-0.187322,0.038300,-0.007167,-0.038911,0.030640,-4.979146,MOVE_JOINT
2.211000,0.505990,-0.187363,0.038333,-0.007661,-0.039990,0.031080,-4.977711,MOVE_JOINT
2.212000,0.505981,-0.187403,0.038362,-0.008267,-0.040357,0.030591,-4.974470,MOVE_JOINT
2.213000,0.505977,-0.187441,0.038394,-0.007437,-0.040080,0.031084,-4.969720,MOVE_JOINT
2.214000,0.505969,-0.187478,0.038424,-0.007634,-0.038769,0.030689,-4.963796,MOVE_JOINT
2.215000,0.505958,-0.187516,0.038452,-0.007800,-0.038312,0.030082,-4.957027,MOVE_JOINT
2.216000,0.505952,-0.187559,0.038484,-0.007372,-0.039583,0.030540,-4.949721,MOVE_JOINT
2.217000,0.505945,-0.187597,0.038516,-0.006641,-0.038872,0.031048,-4.942160,MOVE_JOINT
2.218000,0.505939,-0.187637,0.038547,-0.006154,-0.038627,0.031020,-4.934569,MOVE_JOINT
2.219000,0.505930,-0.187673,0.038574,-0.007220,-0.038021,0.029547,-4.927106,MOVE_JOINT
2.220000,0.505924,-0.187711,0.038604,-0.007002,-0.038563,0.029843,-4.919900,MOVE_JOINT
2.221000,0.505915,-0.187746,0.038630,-0.007695,-0.037764,0.028732,-4.913117,MOVE_JOINT
2.222000,0.505911,-0.187785,0.038665,-0.005863,-0.037908,0.030556,-4.906971,MOVE_JOINT
2.223000,0.505899,-0.187828,0.038693,-0.007077,-0.039034,0.029947,-4.901666,MOVE_JOINT
2.224000,0.505890,-0.187866,0.038722,-0.008023,-0.039532,0.029750,-4.897347,MOVE_JOINT
2.225000,0.505885,-0.187905,0.038753,-0.006745,-0.038756,0.030592,-4.894087,MOVE_JOINT
2.226000,0.505876,-0.187941,0.038782,-0.007302,-0.037989,0.029821,-4.891913,MOVE_JOINT
2.227000,0.505869,-0.187984,0.038815,-0.007484,-0.039476,0.030450,-4.890806,MOVE_JOINT
2.228000,0.505865,-0.188022,0.038848,-0.006524,-0.039631,0.031255,-4.890709,MOVE_JOINT
2.229000,0.505853,-0.188066,0.038877,-0.007464,-0.041053,0.030806,-4.891525,MOVE_JOINT
2.230000,0.505844,-0.188105,0.038908,-0.008334,-0.040620,0.030585,-4.893112,MOVE_JOINT
2.231000,0.505841,-0.188145,0.038945,-0.006917,-0.040169,0.032321,-4.895309,MOVE_JOINT
2.232000,0.505836,-0.188185,0.038978,-0.006276,-0.039589,0.032672,-4.897911,MOVE_JOINT
2.233000,0.505830,-0.188225,0.039012,-0.006392,-0.039973,0.032747,-4.900623,MOVE_JOINT
2.234000,0.505822,-0.188265,0.039043,-0.006585,-0.039550,0.032286,-4.903060,MOVE_JOINT
2.235000,0.505809,-0.188307,0.039070,-0.008902,-0.039953,0.030006,-4.904834,MOVE_JOINT
2.236000,0.505802,-0.188348,0.039103,-0.007975,-0.039823,0.030870,-4.905671,MOVE_JOINT
2.237000,0.505797,-0.188382,0.039134,-0.007261,-0.037698,0.030759,-4.905473,MOVE_JOINT
2.238000,0.505787,-0.188422,0.039164,-0.008537,-0.038555,0.030503,-4.904276,MOVE_JOINT
2.239000,0.505785,-0.188459,0.039197,-0.006541,-0.037818,0.031145,-4.902180,MOVE_JOINT
2.240000,0.505780,-0.188497,0.039231,-0.006362,-0.037578,0.031590,-4.899290,MOVE_JOINT
2.241000,0.505774,-0.188539,0.039264,-0.006458,-0.038480,0.032140,-4.895686,MOVE_JOINT
2.242000,0.505766,-0.188577,0.039294,-0.007247,-0.038400,0.031026,-4.891405,MOVE_JOINT
2.243000,0.505764,-0.188611,0.039328,-0.005824,-0.037352,0.031883,-4.886463,MOVE_JOINT
2.244000,0.505756,-0.188648,0.039357,-0.006189,-0.037100,0.031033,-4.880886,MOVE_JOINT
2.245000,0.505750,-0.188686,0.039388,-0.006856,-0.037636,0.030661,-4.874737,MOVE_JOINT
2.246000,0.505748,-0.188721,0.039421,-0.005461,-0.036389,0.031206,-4.868124,MOVE_JOINT
2.247000,0.505742,-0.188758,0.039451,-0.005492,-0.036123,0.030920,-4.861202,MOVE_JOINT
2.248000,0.505736,-0.188794,0.039481,-0.004991,-0.035367,0.030514,-4.854143,MOVE_JOINT
2.249000,0.505731,-0.188830,0.039512,-0.005095,-0.035476,0.030481,-4.847134,MOVE_JOINT
2.250000,0.505727,-0.188865,0.039542,-0.004670,-0.035114,0.030625,-4.840375,MOVE_JOINT
2.251000,0.505719,-0.188901,0.039570,-0.005781,-0.035797,0.030106,-4.834074,MOVE_JOINT
2.252000,0.505714,-0.188940,0.039603,-0.005014,-0.036896,0.031285,-4.828430,MOVE_JOINT
2.253000,0.505713,-0.188973,0.039632,-0.003748,-0.035384,0.031079,-4.823606,MOVE_JOINT
2.254000,0.505708,-0.189012,0.039666,-0.003862,-0.036483,0.031994,-4.819705,MOVE_JOINT
2.255000,0.505702,-0.189049,0.039696,-0.004875,-0.036929,0.031149,-4.816750,MOVE_JOINT
2.256000,0.505694,-0.189084,0.039721,-0.005931,-0.036160,0.029607,-4.814717,MOVE_JOINT
2.257000,0.505691,-0.189124,0.039754,-0.004910,-0.037052,0.030538,-4.813599,MOVE_JOINT
2.258000,0.505681,-0.189162,0.039781,-0.006691,-0.037207,0.029403,-4.813441,MOVE_JOINT
2.259000,0.505678,-0.189198,0.039811,-0.005792,-0.037263,0.030000,-4.814332,MOVE_JOINT
2.260000,0.505678,-0.189233,0.039845,-0.004219,-0.036599,0.031150,-4.816358,MOVE_JOINT
2.261000,0.505673,-0.189269,0.039871,-0.004563,-0.035953,0.029286,-4.819547,MOVE_JOINT
2.262000,0.505668,-0.189309,0.039900,-0.004655,-0.037771,0.029559,-4.823865,MOVE_JOINT
2.263000,0.505662,-0.189344,0.039928,-0.004699,-0.037029,0.029060,-4.829267,MOVE_JOINT
2.264000,0.505655,-0.189377,0.039955,-0.005581,-0.036850,0.028564,-4.835728,MOVE_JOINT
2.265000,0.505651,-0.189415,0.039984,-0.005482,-0.037171,0.028676,-4.843236,MOVE_JOINT
2.266000,0.505645,-0.189452,0.040012,-0.005324,-0.036713,0.028250,-4.851761,MOVE_JOINT
2.267000,0.505641,-0.189487,0.040040,-0.005257,-0.036510,0.027642,-4.861241,MOVE_JOINT
2.268000,0.505636,-0.189521,0.040070,-0.005560,-0.036260,0.028398,-4.871579,MOVE_JOINT
2.269000,0.505630,-0.189559,0.040098,-0.006386,-0.037339,0.027953,-4.882632,MOVE_JOINT
2.270000,0.505626,-0.189592,0.040127,-0.005610,-0.035598,0.028237,-4.894205,MOVE_JOINT
2.271000,0.505620,-0.189626,0.040156,-0.006116,-0.035320,0.028205,-4.906049,MOVE_JOINT
2.272000,0.505616,-0.189664,0.040188,-0.006059,-0.036301,0.029075,-4.917855,MOVE_JOINT
2.273000,0.505611,-0.189700,0.040217,-0.006037,-0.036239,0.028912,-4.929248,MOVE_JOINT
2.274000,0.505608,-0.189732,0.040249,-0.005230,-0.034495,0.029538,-4.939800,MOVE_JOINT
2.275000,0.505601,-0.189765,0.040279,-0.005996,-0.035078,0.030022,-4.949059,MOVE_JOINT
2.276000,0.505599,-0.189798,0.040310,-0.004949,-0.034228,0.030320,-4.956576,MOVE_JOINT
2.277000,0.505592,-0.189833,0.040341,-0.005404,-0.034862,0.030378,-4.961927,MOVE_JOINT
2.278000,0.505588,-0.189865,0.040372,-0.004802,-0.034469,0.030465,-4.964758,MOVE_JOINT
2.279000,0.505583,-0.189903,0.040406,-0.004630,-0.035767,0.031756,-4.964821,MOVE_JOINT
2.280000,0.505577,-0.189936,0.040435,-0.005482,-0.035236,0.030885,-4.961985,MOVE_JOINT
2.281000,0.505570,-0.189971,0.040464,-0.005941,-0.035055,0.030541,-4.956235,MOVE_JOINT
2.282000,0.505563,-0.190006,0.040492,-0.005825,-0.034984,0.030002,-4.947684,MOVE_JOINT
2.283000,0.505558,-0.190040,0.040523,-0.005828,-0.035032,0.030219,-4.936596,MOVE_JOINT
2.284000,0.505552,-0.190078,0.040556,-0.006158,-0.035872,0.030325,-4.923359,MOVE_JOINT
2.285000,0.505553,-0.190113,0.040589,-0.004589,-0.035825,0.031231,-4.908421,MOVE_JOINT
2.286000,0.505547,-0.190149,0.040619,-0.005377,-0.035981,0.030634,-4.892225,MOVE_JOINT
2.287000,0.505544,-0.190183,0.040649,-0.004676,-0.035432,0.030884,-4.875173,MOVE_JOINT
2.288000,0.505538,-0.190218,0.040678,-0.005318,-0.035491,0.029978,-4.857630,MOVE_JOINT
2.289000,0.505538,-0.190253,0.040711,-0.003864,-0.035389,0.030985,-4.839948,MOVE_JOINT
2.290000,0.505534,-0.190287,0.040742,-0.003405,-0.035286,0.031357,-4.822448,MOVE_JOINT
2.291000,0.505528,-0.190323,0.040770,-0.003843,-0.035067,0.030880,-4.805381,MOVE_JOINT
2.292000,0.505525,-0.190358,0.040800,-0.003796,-0.034799,0.030551,-4.788910,MOVE_JOINT
2.293000,0.505519,-0.190393,0.040827,-0.004291,-0.034675,0.029608,-4.773161,MOVE_JOINT
2.294000,0.505515,-0.190430,0.040856,-0.004541,-0.035080,0.029516,-4.758288,MOVE_JOINT
2.295000,0.505508,-0.190467,0.040886,-0.005458,-0.035469,0.029298,-4.744501,MOVE_JOINT
2.296000,0.505509,-0.190499,0.040917,-0.004338,-0.034098,0.029501,-4.732027,MOVE_JOINT
2.297000,0.505504,-0.190534,0.040946,-0.004510,-0.033906,0.029199,-4.721058,MOVE_JOINT
2.298000,0.505501,-0.190568,0.040977,-0.004403,-0.034300,0.029886,-4.711712,MOVE_JOINT
2.299000,0.505497,-0.190603,0.041008,-0.004223,-0.034345,0.029873,-4.704025,MOVE_JOINT
2.300000,0.505493,-0.190637,0.041036,-0.004662,-0.034201,0.029210,-4.697950,MOVE_JOINT
2.301000,0.505489,-0.190672,0.041066,-0.004538,-0.034377,0.029457,-4.693384,MOVE_JOINT
2.302000,0.505486,-0.190706,0.041097,-0.004136,-0.034046,0.029788,-4.690194,MOVE_JOINT
2.303000,0.505484,-0.190740,0.041127,-0.002760,-0.033790,0.030318,-4.688210,MOVE_JOINT
2.304000,0.505483,-0.190773,0.041158,-0.002841,-0.033936,0.030263,-4.687206,MOVE_JOINT
2.305000,0.505478,-0.190807,0.041186,-0.003279,-0.034428,0.029761,-4.686912,MOVE_JOINT
2.306000,0.505476,-0.190840,0.041219,-0.002977,-0.033854,0.030773,-4.687064,MOVE_JOINT
2.307000,0.505475,-0.190870,0.041249,-0.001878,-0.032595,0.030887,-4.687413,MOVE_JOINT
2.308000,0.505470,-0.190901,0.041276,-0.003216,-0.032621,0.029467,-4.687728,MOVE_JOINT
2.309000,0.505466,-0.190937,0.041308,-0.004412,-0.034144,0.029867,-4.687828,MOVE_JOINT
2.310000,0.505466,-0.190964,0.041337,-0.003334,-0.031698,0.029609,-4.687629,MOVE_JOINT
2.311000,0.505465,-0.190999,0.041371,-0.003200,-0.032827,0.030517,-4.687139,MOVE_JOINT
2.312000,0.505462,-0.191028,0.041401,-0.003484,-0.031625,0.030166,-4.686397,MOVE_JOINT
2.313000,0.505462,-0.191061,0.041434,-0.002260,-0.032044,0.030918,-4.685425,MOVE_JOINT
2.314000,0.505462,-0.191091,0.041465,-0.001787,-0.031528,0.030985,-4.684206,MOVE_JOINT
2.315000,0.505455,-0.191121,0.041490,-0.003272,-0.031129,0.029274,-4.682707,MOVE_JOINT
2.316000,0.505454,-0.191153,0.041520,-0.002763,-0.031860,0.029804,-4.680943,MOVE_JOINT
2.317000,0.505454,-0.191183,0.041552,-0.002092,-0.031525,0.030276,-4.679020,MOVE_JOINT
2.318000,0.505448,-0.191218,0.041581,-0.002824,-0.031855,0.030107,-4.677107,MOVE_JOINT
2.319000,0.505447,-0.191243,0.041609,-0.002262,-0.029368,0.029625,-4.675367,MOVE_JOINT
2.320000,0.505445,-0.191275,0.041639,-0.002716,-0.030203,0.029554,-4.673928,MOVE_JOINT
2.321000,0.505439,-0.191306,0.041666,-0.003345,-0.030209,0.028846,-4.672897,MOVE_JOINT
2.322000,0.505437,-0.191336,0.041695,-0.003418,-0.030413,0.028730,-4.672393,MOVE_JOINT
2.323000,0.505433,-0.191363,0.041724,-0.003147,-0.029182,0.029183,-4.672572,MOVE_JOINT
2.324000,0.505430,-0.191393,0.041753,-0.002692,-0.028834,0.029100,-4.673589,MOVE_JOINT
2.325000,0.505421,-0.191430,0.041778,-0.005371,-0.031399,0.027753,-4.675565,MOVE_JOINT
2.326000,0.505420,-0.191458,0.041810,-0.003633,-0.030637,0.028810,-4.678582,MOVE_JOINT
2.327000,0.505414,-0.191486,0.041837,-0.004795,-0.029931,0.028151,-4.682698,MOVE_JOINT
2.328000,0.505415,-0.191516,0.041868,-0.002444,-0.029684,0.029345,-4.687931,MOVE_JOINT
2.329000,0.505409,-0.191546,0.041894,-0.003806,-0.029642,0.027850,-4.694218,MOVE_JOINT
2.330000,0.505406,-0.191578,0.041925,-0.003496,-0.029809,0.028649,-4.701434,MOVE_JOINT
2.331000,0.505401,-0.191607,0.041950,-0.004064,-0.029873,0.027332,-4.709431,MOVE_JOINT
2.332000,0.505401,-0.191638,0.041982,-0.002837,-0.030065,0.028400,-4.718076,MOVE_JOINT
2.333000,0.505396,-0.191667,0.042006,-0.003199,-0.029628,0.027301,-4.727262,MOVE_JOINT
2.334000,0.505395,-0.191694,0.042035,-0.002047,-0.028545,0.028101,-4.736894,MOVE_JOINT
2.335000,0.505389,-0.191725,0.042061,-0.002625,-0.029555,0.028078,-4.746870,MOVE_JOINT
2.336000,0.505387,-0.191750,0.042087,-0.002473,-0.028182,0.027149,-4.757063,MOVE_JOINT
2.337000,0.505382,-0.191781,0.042112,-0.003787,-0.029207,0.026690,-4.767341,MOVE_JOINT
2.338000,0.505383,-0.191803,0.042139,-0.003025,-0.027320,0.026406,-4.777612,MOVE_JOINT
2.339000,0.505381,-0.191833,0.042168,-0.002924,-0.028350,0.027439,-4.787834,MOVE_JOINT
2.340000,0.505379,-0.191858,0.042194,-0.003228,-0.027349,0.026609,-4.797974,MOVE_JOINT
2.341000,0.505373,-0.191887,0.042221,-0.004237,-0.028105,0.026587,-4.807969,MOVE_JOINT
2.342000,0.505372,-0.191909,0.042248,-0.003570,-0.026446,0.026728,-4.817727,MOVE_JOINT
2.343000,0.505371,-0.191938,0.042279,-0.002576,-0.026716,0.028161,-4.827120,MOVE_JOINT
2.344000,0.505366,-0.191963,0.042302,-0.003206,-0.027007,0.026843,-4.835963,MOVE_JOINT
2.345000,0.505363,-0.191992,0.042330,-0.003163,-0.027588,0.027654,-4.844014,MOVE_JOINT
2.346000,0.505360,-0.192018,0.042358,-0.002970,-0.026928,0.027738,-4.851015,MOVE_JOINT
2.347000,0.505357,-0.192043,0.042385,-0.003268,-0.026604,0.027493,-4.856723,MOVE_JOINT
2.348000,0.505354,-0.192073,0.042413,-0.003723,-0.027391,0.027170,-4.860926,MOVE_JOINT
2.349000,0.505353,-0.192099,0.042442,-0.002576,-0.026838,0.027480,-4.863470,MOVE_JOINT
2.350000,0.505348,-0.192126,0.042467,-0.003593,-0.026707,0.026825,-4.864277,MOVE_JOINT
2.351000,0.505349,-0.192151,0.042497,-0.002633,-0.026019,0.026927,-4.863354,MOVE_JOINT
2.352000,0.505345,-0.192177,0.042521,-0.003521,-0.026048,0.026266,-4.860786,MOVE_JOINT
2.353000,0.505346,-0.192204,0.042551,-0.002508,-0.026615,0.027344,-4.856732,MOVE_JOINT
2.354000,0.505344,-0.192230,0.042578,-0.002099,-0.026597,0.027406,-4.851388,MOVE_JOINT
2.355000,0.505341,-0.192258,0.042608,-0.002167,-0.026531,0.027911,-4.844936,MOVE_JOINT
2.356000,0.505335,-0.192290,0.042633,-0.003365,-0.028002,0.027448,-4.837508,MOVE_JOINT
2.357000,0.505335,-0.192314,0.042661,-0.002381,-0.026896,0.027737,-4.829188,MOVE_JOINT
2.358000,0.505333,-0.192342,0.042688,-0.002503,-0.026904,0.027457,-4.820056,MOVE_JOINT
2.359000,0.505332,-0.192371,0.042718,-0.002256,-0.027867,0.028096,-4.810204,MOVE_JOINT
2.360000,0.505331,-0.192397,0.042745,-0.001754,-0.027436,0.027814,-4.799743,MOVE_JOINT
2.361000,0.505328,-0.192426,0.042770,-0.002798,-0.028118,0.026733,-4.788794,MOVE_JOINT
2.362000,0.505324,-0.192449,0.042794,-0.002980,-0.026685,0.026278,-4.777531,MOVE_JOINT
2.363000,0.505322,-0.192477,0.042821,-0.001933,-0.026991,0.026323,-4.766200,MOVE_JOINT
2.364000,0.505321,-0.192501,0.042846,-0.001779,-0.026524,0.026500,-4.755104,MOVE_JOINT
2.365000,0.505321,-0.192526,0.042874,-0.002211,-0.026211,0.026364,-4.744535,MOVE_JOINT
2.366000,0.505316,-0.192550,0.042897,-0.002802,-0.025520,0.025627,-4.734734,MOVE_JOINT
2.367000,0.505312,-0.192575,0.042918,-0.003360,-0.024934,0.024106,-4.725890,MOVE_JOINT
2.368000,0.505309,-0.192601,0.042941,-0.003331,-0.025571,0.023648,-4.718203,MOVE_JOINT
2.369000,0.505307,-0.192623,0.042967,-0.003184,-0.024783,0.024393,-4.711929,MOVE_JOINT
2.370000,0.505312,-0.192642,0.042995,-0.001451,-0.023625,0.025382,-4.707339,MOVE_JOINT
2.371000,0.505305,-0.192669,0.043016,-0.002797,-0.024333,0.024008,-4.704603,MOVE_JOINT
2.372000,0.505305,-0.192688,0.043041,-0.001588,-0.022635,0.024564,-4.703750,MOVE_JOINT
2.373000,0.505305,-0.192711,0.043067,-0.001073,-0.022513,0.024903,-4.704702,MOVE_JOINT
2.374000,0.505304,-0.192735,0.043092,-0.000513,-0.022894,0.025410,-4.707297,MOVE_JOINT
2.375000,0.505301,-0.192758,0.043116,-0.001654,-0.023218,0.024622,-4.711288,MOVE_JOINT
2.376000,0.505299,-0.192782,0.043139,-0.001512,-0.023138,0.024135,-4.716376,MOVE_JOINT
2.377000,0.505301,-0.192801,0.043165,-0.000864,-0.022571,0.024477,-4.722270,MOVE_JOINT
2.378000,0.505298,-0.192824,0.043187,-0.001701,-0.023069,0.023680,-4.728734,MOVE_JOINT
2.379000,0.505299,-0.192848,0.043215,-0.000045,-0.022785,0.025055,-4.735590,MOVE_JOINT
2.380000,0.505295,-0.192868,0.043236,-0.001606,-0.022153,0.023552,-4.742695,MOVE_JOINT
2.381000,0.505297,-0.192887,0.043265,0.000153,-0.021080,0.025356,-4.749916,MOVE_JOINT
2.382000,0.505294,-0.192912,0.043290,-0.000816,-0.022550,0.025535,-4.757095,MOVE_JOINT
2.383000,0.505291,-0.192929,0.043311,-0.001573,-0.020987,0.024356,-4.764026,MOVE_JOINT
2.384000,0.505288,-0.192952,0.043335,-0.001134,-0.021974,0.024735,-4.770486,MOVE_JOINT
2.385000,0.505284,-0.192974,0.043358,-0.002137,-0.021646,0.023904,-4.776296,MOVE_JOINT
2.386000,0.505285,-0.192994,0.043382,-0.001445,-0.021339,0.023952,-4.781371,MOVE_JOINT
2.387000,0.505283,-0.193016,0.043406,-0.001573,-0.021852,0.023831,-4.785721,MOVE_JOINT
2.388000,0.505279,-0.193037,0.043428,-0.002730,-0.021819,0.022878,-4.789427,MOVE_JOINT
2.389000,0.505282,-0.193058,0.043456,-0.001042,-0.022058,0.024542,-4.792625,MOVE_JOINT
2.390000,0.505281,-0.193081,0.043480,-0.000548,-0.022360,0.024735,-4.795459,MOVE_JOINT
2.391000,0.505280,-0.193102,0.043505,-0.000427,-0.021765,0.024856,-4.798022,MOVE_JOINT
2.392000,0.505278,-0.193125,0.043530,-0.001002,-0.022269,0.024944,-4.800313,MOVE_JOINT
2.393000,0.505274,-0.193145,0.043550,-0.001436,-0.021676,0.023635,-4.802263,MOVE_JOINT
2.394000,0.505270,-0.193170,0.043572,-0.002060,-0.022274,0.023121,-4.803810,MOVE_JOINT
2.395000,0.505271,-0.193193,0.043598,-0.001750,-0.022788,0.023681,-4.804958,MOVE_JOINT
2.396000,0.505267,-0.193214,0.043618,-0.002462,-0.022505,0.022563,-4.805799,MOVE_JOINT
2.397000,0.505266,-0.193237,0.043643,-0.001577,-0.022734,0.023523,-4.806476,MOVE_JOINT
2.398000,0.505267,-0.193259,0.043669,-0.001388,-0.022782,0.024496,-4.807138,MOVE_JOINT
2.399000,0.505265,-0.193281,0.043692,-0.001159,-0.022417,0.023876,-4.807878,MOVE_JOINT
2.400000,0.505259,-0.193304,0.043712,-0.003103,-0.022386,0.022471,-4.808712,MOVE_JOINT
2.401000,0.505263,-0.193323,0.043737,-0.001069,-0.021582,0.023463,-4.809620,MOVE_JOINT
2.402000,0.505256,-0.193343,0.043757,-0.002304,-0.021493,0.022621,-4.810598,MOVE_JOINT
2.403000,0.505254,-0.193363,0.043778,-0.002346,-0.021084,0.022198,-4.811658,MOVE_JOINT
2.404000,0.505254,-0.193383,0.043799,-0.001546,-0.020431,0.022055,-4.812828,MOVE_JOINT
2.405000,0.505251,-0.193405,0.043821,-0.002325,-0.021060,0.022164,-4.814163,MOVE_JOINT
2.406000,0.505249,-0.193425,0.043843,-0.002127,-0.020840,0.022502,-4.815727,MOVE_JOINT
2.407000,0.505248,-0.193446,0.043867,-0.001783,-0.020870,0.023270,-4.817549,MOVE_JOINT
2.408000,0.505245,-0.193464,0.043887,-0.002008,-0.019617,0.022124,-4.819590,MOVE_JOINT
2.409000,0.505244,-0.193485,0.043910,-0.001945,-0.020696,0.022562,-4.821754,MOVE_JOINT
2.410000,0.505239,-0.193505,0.043929,-0.003324,-0.020600,0.021049,-4.823942,MOVE_JOINT
2.411000,0.505240,-0.193525,0.043954,-0.002050,-0.020664,0.022132,-4.826102,MOVE_JOINT
2.412000,0.505239,-0.193544,0.043975,-0.002365,-0.020312,0.021484,-4.828242,MOVE_JOINT
2.413000,0.505233,-0.193563,0.043994,-0.003282,-0.019853,0.020687,-4.830403,MOVE_JOINT
2.414000,0.505232,-0.193584,0.044017,-0.001951,-0.019871,0.021628,-4.832639,MOVE_JOINT
2.415000,0.505230,-0.193601,0.044039,-0.001485,-0.019224,0.021675,-4.835007,MOVE_JOINT
2.416000,0.505224,-0.193623,0.044059,-0.003688,-0.020303,0.020660,-4.837530,MOVE_JOINT
2.417000,0.505227,-0.193640,0.044083,-0.002062,-0.019152,0.021590,-4.840212,MOVE_JOINT
2.418000,0.505226,-0.193659,0.044106,-0.002210,-0.019415,0.022134,-4.843034,MOVE_JOINT
2.419000,0.505220,-0.193680,0.044126,-0.002844,-0.020107,0.021862,-4.845938,MOVE_JOINT
2.420000,0.505216,-0.193696,0.044144,-0.003466,-0.019101,0.020446,-4.848818,MOVE_JOINT
2.421000,0.505215,-0.193716,0.044167,-0.002575,-0.019637,0.021387,-4.851579,MOVE_JOINT
2.422000,0.505212,-0.193735,0.044187,-0.002922,-0.019521,0.021345,-4.854170,MOVE_JOINT
2.423000,0.505208,-0.193756,0.044208,-0.003176,-0.019792,0.021036,-4.856569,MOVE_JOINT
2.424000,0.505205,-0.193774,0.044226,-0.003346,-0.019369,0.020493,-4.858767,MOVE_JOINT
2.425000,0.505202,-0.193794,0.044248,-0.003180,-0.019546,0.020843,-4.860774,MOVE_JOINT
2.426000,0.505199,-0.193811,0.044267,-0.003445,-0.018914,0.020340,-4.862613,MOVE_JOINT
2.427000,0.505195,-0.193832,0.044289,-0.003354,-0.019482,0.021025,-4.864309,MOVE_JOINT
2.428000,0.505193,-0.193846,0.044306,-0.003964,-0.018361,0.019299,-4.865883,MOVE_JOINT
2.429000,0.505190,-0.193865,0.044325,-0.003785,-0.018801,0.019079,-4.867377,MOVE_JOINT
2.430000,0.505187,-0.193882,0.044343,-0.004685,-0.018452,0.018478,-4.868894,MOVE_JOINT
2.431000,0.505183,-0.193905,0.044364,-0.004175,-0.019880,0.019601,-4.870603,MOVE_JOINT
2.432000,0.505183,-0.193920,0.044384,-0.002993,-0.018599,0.019544,-4.872676,MOVE_JOINT
2.433000,0.505177,-0.193942,0.044402,-0.003870,-0.019539,0.019160,-4.875226,MOVE_JOINT
2.434000,0.505176,-0.193959,0.044420,-0.002764,-0.018674,0.019121,-4.878292,MOVE_JOINT
2.435000,0.505176,-0.193980,0.044440,-0.001689,-0.019440,0.019901,-4.881856,MOVE_JOINT
2.436000,0.505170,-0.194000,0.044458,-0.003241,-0.019596,0.019128,-4.885857,MOVE_JOINT
2.437000,0.505166,-0.194018,0.044476,-0.003623,-0.019291,0.018683,-4.890193,MOVE_JOINT
2.438000,0.505167,-0.194038,0.044498,-0.002187,-0.019534,0.019687,-4.894753,MOVE_JOINT
2.439000,0.505164,-0.194057,0.044517,-0.002843,-0.019555,0.019563,-4.899420,MOVE_JOINT
2.440000,0.505166,-0.194074,0.044539,-0.001947,-0.019225,0.019886,-4.904053,MOVE_JOINT
2.441000,0.505170,-0.194092,0.044563,-0.000582,-0.018947,0.020986,-4.908474,MOVE_JOINT
2.442000,0.505165,-0.194113,0.044580,-0.001645,-0.019433,0.020119,-4.912463,MOVE_JOINT
2.443000,0.505166,-0.194130,0.044602,0.000007,-0.018080,0.020836,-4.915762,MOVE_JOINT
2.444000,0.505163,-0.194150,0.044621,-0.000600,-0.018387,0.020281,-4.918097,MOVE_JOINT
2.445000,0.505164,-0.194165,0.044641,-0.000338,-0.017725,0.019965,-4.919218,MOVE_JOINT
2.446000,0.505164,-0.194178,0.044660,0.000014,-0.015976,0.019849,-4.918930,MOVE_JOINT
2.447000,0.505159,-0.194197,0.044679,-0.000924,-0.016917,0.019539,-4.917118,MOVE_JOINT
2.448000,0.505157,-0.194216,0.044698,-0.002001,-0.017840,0.019148,-4.913762,MOVE_JOINT
2.449000,0.505160,-0.194229,0.044720,-0.000093,-0.016600,0.020716,-4.908932,MOVE_JOINT
2.450000,0.505160,-0.194246,0.044741,-0.000116,-0.017023,0.020688,-4.902751,MOVE_JOINT
2.451000,0.505160,-0.194263,0.044762,-0.000291,-0.016625,0.020510,-4.895341,MOVE_JOINT
2.452000,0.505159,-0.194277,0.044781,-0.000180,-0.016103,0.020197,-4.886809,MOVE_JOINT
2.453000,0.505156,-0.194294,0.044798,-0.000678,-0.016267,0.019714,-4.877291,MOVE_JOINT
2.454000,0.505154,-0.194310,0.044819,-0.001552,-0.016301,0.019302,-4.866998,MOVE_JOINT
2.455000,0.505152,-0.194325,0.044838,-0.001581,-0.015874,0.019310,-4.856221,MOVE_JOINT
2.456000,0.505145,-0.194345,0.044855,-0.003294,-0.017724,0.018716,-4.845312,MOVE_JOINT
2.457000,0.505143,-0.194360,0.044874,-0.002813,-0.016631,0.018481,-4.834648,MOVE_JOINT
2.458000,0.505140,-0.194376,0.044892,-0.003475,-0.016734,0.018453,-4.824616,MOVE_JOINT
2.459000,0.505138,-0.194392,0.044912,-0.002440,-0.016574,0.019196,-4.815591,MOVE_JOINT
2.460000,0.505133,-0.194412,0.044930,-0.003498,-0.018034,0.019191,-4.807883,MOVE_JOINT
2.461000,0.505126,-0.194425,0.044945,-0.005009,-0.016750,0.017695,-4.801709,MOVE_JOINT
2.462000,0.505121,-0.194442,0.044961,-0.005866,-0.017429,0.016970,-4.797230,MOVE_JOINT
2.463000,0.505118,-0.194457,0.044980,-0.005320,-0.016979,0.017347,-4.794616,MOVE_JOINT
2.464000,0.505113,-0.194472,0.044996,-0.005420,-0.016592,0.017000,-4.794054,MOVE_JOINT
2.465000,0.505108,-0.194493,0.045016,-0.005256,-0.018259,0.018171,-4.795704,MOVE_JOINT
2.466000,0.505106,-0.194507,0.045032,-0.004362,-0.016443,0.017474,-4.799638,MOVE_JOINT
2.467000,0.505099,-0.194525,0.045049,-0.004343,-0.016864,0.017604,-4.805809,MOVE_JOINT
2.468000,0.505093,-0.194544,0.045065,-0.004526,-0.017348,0.017490,-4.814074,MOVE_JOINT
2.469000,0.505091,-0.194560,0.045083,-0.004278,-0.016837,0.017536,-4.824228,MOVE_JOINT
2.470000,0.505089,-0.194578,0.045104,-0.003804,-0.017907,0.018882,-4.836029,MOVE_JOINT
2.471000,0.505083,-0.194594,0.045119,-0.004924,-0.017643,0.017637,-4.849196,MOVE_JOINT
2.472000,0.505079,-0.194611,0.045137,-0.004701,-0.017111,0.017422,-4.863404,MOVE_JOINT
2.473000,0.505079,-0.194630,0.045158,-0.003436,-0.017586,0.018895,-4.878318,MOVE_JOINT
2.474000,0.505075,-0.194646,0.045174,-0.003736,-0.017366,0.018387,-4.893610,MOVE_JOINT
2.475000,0.505071,-0.194664,0.045192,-0.003905,-0.017823,0.018255,-4.908941,MOVE_JOINT
2.476000,0.505068,-0.194682,0.045210,-0.003469,-0.018304,0.018425,-4.923986,MOVE_JOINT
2.477000,0.505067,-0.194697,0.045230,-0.002253,-0.016983,0.018571,-4.938468,MOVE_JOINT
2.478000,0.505063,-0.194713,0.045248,-0.002899,-0.016641,0.018805,-4.952160,MOVE_JOINT
2.479000,0.505063,-0.194733,0.045269,-0.002046,-0.017371,0.019898,-4.964858,MOVE_JOINT
2.480000,0.505066,-0.194743,0.045290,-0.000531,-0.015064,0.019878,-4.976332,MOVE_JOINT
2.481000,0.505064,-0.194764,0.045310,-0.000564,-0.016940,0.020212,-4.986309,MOVE_JOINT
2.482000,0.505061,-0.194778,0.045327,-0.000968,-0.015702,0.020060,-4.994503,MOVE_JOINT
2.483000,0.505059,-0.194791,0.045346,-0.000732,-0.015346,0.019986,-5.000657,MOVE_JOINT
2.484000,0.505059,-0.194807,0.045366,-0.000071,-0.015623,0.020794,-5.004578,MOVE_JOINT
2.485000,0.505058,-0.194820,0.045385,-0.000544,-0.014679,0.019787,-5.006137,MOVE_JOINT
2.486000,0.505055,-0.194836,0.045403,-0.000859,-0.014894,0.019347,-5.005286,MOVE_JOINT
2.487000,0.505058,-0.194855,0.045426,-0.000409,-0.016342,0.019750,-5.002087,MOVE_JOINT
2.488000,0.505059,-0.194865,0.045449,0.000482,-0.014311,0.021067,-4.996711,MOVE_JOINT
2.489000,0.505058,-0.194884,0.045469,-0.000413,-0.015691,0.020549,-4.989373,MOVE_JOINT
2.490000,0.505059,-0.194899,0.045491,0.000176,-0.014726,0.020874,-4.980264,MOVE_JOINT
2.491000,0.505056,-0.194918,0.045512,-0.000252,-0.015952,0.021085,-4.969551,MOVE_JOINT
2.492000,0.505060,-0.194930,0.045534,0.001329,-0.015043,0.021539,-4.957398,MOVE_JOINT
2.493000,0.505059,-0.194944,0.045554,0.000578,-0.014941,0.020856,-4.943981,MOVE_JOINT
2.494000,0.505059,-0.194960,0.045576,0.001156,-0.015459,0.021730,-4.929499,MOVE_JOINT
2.495000,0.505059,-0.194978,0.045599,0.000534,-0.016320,0.021939,-4.914171,MOVE_JOINT
2.496000,0.505058,-0.194994,0.045620,0.001227,-0.016103,0.022444,-4.898223,MOVE_JOINT
2.497000,0.505056,-0.195011,0.045641,0.000742,-0.016521,0.022194,-4.881857,MOVE_JOINT
2.498000,0.505054,-0.195028,0.045663,-0.000354,-0.016616,0.021907,-4.865263,MOVE_JOINT
2.499000,0.505055,-0.195045,0.045685,0.000387,-0.016866,0.022362,-4.848639,MOVE_JOINT
2.500000,0.505057,-0.195059,0.045707,0.001134,-0.015931,0.022526,-4.832204,MOVE_JOINT
2.501000,0.505050,-0.195080,0.045725,-0.001256,-0.017501,0.021110,-4.816189,MOVE_JOINT
2.502000,0.505049,-0.195095,0.045745,-0.000525,-0.016331,0.021019,-4.800849,MOVE_JOINT
2.503000,0.505051,-0.195113,0.045769,-0.000281,-0.017437,0.021672,-4.786483,MOVE_JOINT
2.504000,0.505047,-0.195130,0.045786,-0.001802,-0.017298,0.020224,-4.773402,MOVE_JOINT
2.505000,0.505046,-0.195145,0.045806,-0.002022,-0.017129,0.019854,-4.761912,MOVE_JOINT
2.506000,0.505041,-0.195165,0.045827,-0.002645,-0.017902,0.020040,-4.752320,MOVE_JOINT
2.507000,0.505043,-0.195181,0.045849,-0.001291,-0.017357,0.020878,-4.744920,MOVE_JOINT
2.508000,0.505040,-0.195198,0.045869,-0.001731,-0.017038,0.020411,-4.739934,MOVE_JOINT
2.509000,0.505037,-0.195217,0.045886,-0.002142,-0.017909,0.019698,-4.737473,MOVE_JOINT
2.510000,0.505033,-0.195234,0.045904,-0.002637,-0.017322,0.019155,-4.737566,MOVE_JOINT
2.511000,0.505034,-0.195251,0.045925,-0.001697,-0.017295,0.019779,-4.740198,MOVE_JOINT
2.512000,0.505029,-0.195267,0.045943,-0.002677,-0.016928,0.019447,-4.745329,MOVE_JOINT
2.513000,0.505027,-0.195285,0.045964,-0.002492,-0.016622,0.019603,-4.752859,MOVE_JOINT
2.514000,0.505021,-0.195303,0.045982,-0.002894,-0.017088,0.019245,-4.762620,MOVE_JOINT
2.515000,0.505018,-0.195322,0.046002,-0.002837,-0.017341,0.019736,-4.774370,MOVE_JOINT
2.516000,0.505013,-0.195335,0.046019,-0.003492,-0.015877,0.018566,-4.787816,MOVE_JOINT
2.517000,0.505010,-0.195354,0.046039,-0.003065,-0.017286,0.019413,-4.802640,MOVE_JOINT
2.518000,0.505003,-0.195368,0.046055,-0.004303,-0.016086,0.018458,-4.818530,MOVE_JOINT
2.519000,0.505002,-0.195387,0.046077,-0.003630,-0.017531,0.019514,-4.835192,MOVE_JOINT
2.520000,0.504999,-0.195403,0.046096,-0.003081,-0.017502,0.019592,-4.852336,MOVE_JOINT
2.521000,0.504996,-0.195416,0.046114,-0.003041,-0.015750,0.018849,-4.869658,MOVE_JOINT
2.522000,0.504994,-0.195435,0.046135,-0.002769,-0.016580,0.019274,-4.886860,MOVE_JOINT
2.523000,0.504994,-0.195446,0.046156,-0.001607,-0.014810,0.019887,-4.903662,MOVE_JOINT
2.524000,0.504991,-0.195466,0.046173,-0.001973,-0.015871,0.019321,-4.919800,MOVE_JOINT
2.525000,0.504987,-0.195481,0.046190,-0.002014,-0.015734,0.018586,-4.935017,MOVE_JOINT
2.526000,0.504985,-0.195497,0.046209,-0.001870,-0.016022,0.019028,-4.949119,MOVE_JOINT
2.527000,0.504987,-0.195512,0.046231,-0.000729,-0.015624,0.019552,-4.962000,MOVE_JOINT
2.528000,0.504985,-0.195525,0.046249,-0.001061,-0.015519,0.019090,-4.973621,MOVE_JOINT
2.529000,0.504987,-0.195538,0.046271,0.000278,-0.014536,0.020168,-4.983970,MOVE_JOINT
2.530000,0.504986,-0.195556,0.046289,-0.000559,-0.015457,0.019623,-4.993043,MOVE_JOINT
2.531000,0.504989,-0.195570,0.046312,0.001120,-0.014773,0.020703,-5.000826,MOVE_JOINT
2.532000,0.504985,-0.195582,0.046327,-0.000594,-0.013832,0.018853,-5.007295,MOVE_JOINT
2.533000,0.504990,-0.195596,0.046349,0.001153,-0.013531,0.020163,-5.012447,MOVE_JOINT
2.534000,0.504989,-0.195614,0.046369,0.000300,-0.015220,0.019904,-5.016321,MOVE_JOINT
2.535000,0.504993,-0.195627,0.046392,0.001514,-0.014990,0.020821,-5.018977,MOVE_JOINT
2.536000,0.504987,-0.195645,0.046407,-0.001054,-0.016156,0.019204,-5.020473,MOVE_JOINT
2.537000,0.504994,-0.195656,0.046430,0.001373,-0.014927,0.020362,-5.020885,MOVE_JOINT
2.538000,0.504995,-0.195673,0.046451,0.001371,-0.015568,0.020960,-5.020310,MOVE_JOINT
2.539000,0.504997,-0.195686,0.046471,0.001908,-0.014909,0.020852,-5.018822,MOVE_JOINT
2.540000,0.504998,-0.195698,0.046490,0.001768,-0.014299,0.020363,-5.016436,MOVE_JOINT
2.541000,0.504999,-0.195711,0.046510,0.001758,-0.013797,0.020374,-5.013125,MOVE_JOINT
2.542000,0.504999,-0.195727,0.046529,0.000995,-0.014250,0.019654,-5.008868,MOVE_JOINT
2.543000,0.505003,-0.195738,0.046549,0.002355,-0.013307,0.020098,-5.003676,MOVE_JOINT
2.544000,0.505005,-0.195755,0.046569,0.002463,-0.014526,0.020333,-4.997591,MOVE_JOINT
2.545000,0.505004,-0.195769,0.046587,0.001201,-0.014291,0.019816,-4.990666,MOVE_JOINT
2.546000,0.505004,-0.195779,0.046603,0.000818,-0.012849,0.018576,-4.982960,MOVE_JOINT
2.547000,0.505011,-0.195793,0.046626,0.002239,-0.013304,0.019745,-4.974554,MOVE_JOINT
2.548000,0.505010,-0.195806,0.046644,0.001254,-0.013062,0.018995,-4.965559,MOVE_JOINT
2.549000,0.505014,-0.195819,0.046665,0.002097,-0.012246,0.019354,-4.956088,MOVE_JOINT
2.550000,0.505018,-0.195833,0.046686,0.002866,-0.012806,0.020106,-4.946229,MOVE_JOINT
2.551000,0.505017,-0.195845,0.046705,0.002054,-0.012800,0.019971,-4.936026,MOVE_JOINT
2.552000,0.505016,-0.195861,0.046724,0.001632,-0.012932,0.019421,-4.925476,MOVE_JOINT
2.553000,0.505018,-0.195876,0.046743,0.001339,-0.013166,0.019257,-4.914561,MOVE_JOINT
2.554000,0.505020,-0.195890,0.046764,0.001689,-0.013367,0.019322,-4.903308,MOVE_JOINT
2.555000,0.505022,-0.195901,0.046781,0.001974,-0.012544,0.019164,-4.891804,MOVE_JOINT
2.556000,0.505019,-0.195918,0.046801,-0.000150,-0.013879,0.018565,-4.880185,MOVE_JOINT
2.557000,0.505022,-0.195930,0.046820,0.000863,-0.012885,0.018638,-4.868620,MOVE_JOINT
2.558000,0.505023,-0.195947,0.046842,0.000957,-0.013803,0.019247,-4.857299,MOVE_JOINT
2.559000,0.505022,-0.195961,0.046859,-0.000048,-0.013606,0.018174,-4.846413,MOVE_JOINT
2.560000,0.505024,-0.195978,0.046883,0.000336,-0.015288,0.019569,-4.836152,MOVE_JOINT
2.561000,0.505025,-0.195990,0.046898,0.000247,-0.014189,0.018236,-4.826699,MOVE_JOINT
2.562000,0.505026,-0.196005,0.046918,0.000554,-0.014121,0.018404,-4.818235,MOVE_JOINT
2.563000,0.505027,-0.196021,0.046935,0.000820,-0.014948,0.018516,-4.810932,MOVE_JOINT
2.564000,0.505028,-0.196035,0.046955,0.000952,-0.014899,0.018801,-4.804945,MOVE_JOINT
2.565000,0.505023,-0.196052,0.046968,-0.001077,-0.015759,0.016921,-4.800392,MOVE_JOINT
2.566000,0.505031,-0.196063,0.046990,0.001421,-0.014387,0.018554,-4.797363,MOVE_JOINT
2.567000,0.505032,-0.196077,0.047008,0.001347,-0.014762,0.018481,-4.795913,MOVE_JOINT
2.568000,0.505032,-0.196091,0.047024,0.001337,-0.014432,0.018063,-4.796021,MOVE_JOINT
2.569000,0.505029,-0.196106,0.047038,0.000637,-0.014611,0.017191,-4.797591,MOVE_JOINT
2.570000,0.505030,-0.196115,0.047054,0.000223,-0.013123,0.016870,-4.800510,MOVE_JOINT
2.571000,0.505033,-0.196128,0.047072,0.001072,-0.013511,0.017482,-4.804688,MOVE_JOINT
2.572000,0.505032,-0.196141,0.047086,0.000300,-0.014067,0.016752,-4.810047,MOVE_JOINT
2.573000,0.505032,-0.196152,0.047104,0.000399,-0.013015,0.016807,-4.816503,MOVE_JOINT
2.574000,0.505032,-0.196166,0.047119,0.000787,-0.012444,0.016409,-4.823967,MOVE_JOINT
2.575000,0.505035,-0.196176,0.047136,0.000811,-0.011571,0.016532,-4.832343,MOVE_JOINT
2.576000,0.505038,-0.196189,0.047155,0.002111,-0.011791,0.017671,-4.841495,MOVE_JOINT
2.577000,0.505035,-0.196202,0.047168,0.000578,-0.012489,0.016421,-4.851226,MOVE_JOINT
2.578000,0.505037,-0.196212,0.047184,0.001200,-0.010797,0.016482,-4.861282,MOVE_JOINT
2.579000,0.505035,-0.196226,0.047199,0.000023,-0.011886,0.015761,-4.871409,MOVE_JOINT
2.580000,0.505038,-0.196234,0.047217,0.000999,-0.010987,0.016980,-4.881391,MOVE_JOINT
2.581000,0.505039,-0.196247,0.047233,0.000378,-0.011384,0.016003,-4.891042,MOVE_JOINT
2.582000,0.505039,-0.196260,0.047248,0.000332,-0.012334,0.016115,-4.900188,MOVE_JOINT
2.583000,0.505038,-0.196270,0.047263,-0.000167,-0.011312,0.015554,-4.908679,MOVE_JOINT
2.584000,0.505039,-0.196279,0.047280,0.000508,-0.010838,0.016574,-4.916419,MOVE_JOINT
2.585000,0.505041,-0.196287,0.047296,0.000958,-0.010035,0.016504,-4.923335,MOVE_JOINT
2.586000,0.505043,-0.196300,0.047313,0.000683,-0.011089,0.016657,-4.929331,MOVE_JOINT
2.587000,0.505043,-0.196313,0.047327,0.000026,-0.011367,0.015545,-4.934293,MOVE_JOINT
2.588000,0.505044,-0.196320,0.047342,0.000079,-0.010457,0.014984,-4.938139,MOVE_JOINT
2.589000,0.505044,-0.196334,0.047358,-0.000459,-0.011609,0.015209,-4.940883,MOVE_JOINT
2.590000,0.505046,-0.196343,0.047373,0.000092,-0.010736,0.015109,-4.942646,MOVE_JOINT
2.591000,0.505046,-0.196356,0.047386,-0.000004,-0.011687,0.014912,-4.943614,MOVE_JOINT
2.592000,0.505052,-0.196365,0.047404,0.001584,-0.010713,0.015665,-4.943989,MOVE_JOINT
2.593000,0.505049,-0.196380,0.047419,-0.000254,-0.011763,0.015405,-4.943956,MOVE_JOINT
2.594000,0.505055,-0.196387,0.047434,0.002008,-0.010232,0.015824,-4.943653,MOVE_JOINT
2.595000,0.505053,-0.196401,0.047449,0.000802,-0.011227,0.015520,-4.943164,MOVE_JOINT
2.596000,0.505056,-0.196413,0.047467,0.001470,-0.011615,0.016203,-4.942536,MOVE_JOINT
2.597000,0.505059,-0.196420,0.047480,0.001816,-0.009909,0.015021,-4.941784,MOVE_JOINT
2.598000,0.505062,-0.196433,0.047501,0.002802,-0.010698,0.017122,-4.940886,MOVE_JOINT
2.599000,0.505061,-0.196449,0.047515,0.001154,-0.012588,0.016084,-4.939779,MOVE_JOINT
2.600000,0.505064,-0.196461,0.047532,0.002181,-0.012361,0.016544,-4.938357,MOVE_JOINT
2.601000,0.505064,-0.196470,0.047545,0.000875,-0.011674,0.015129,-4.936516,MOVE_JOINT
2.602000,0.505068,-0.196483,0.047562,0.001667,-0.012361,0.015971,-4.934221,MOVE_JOINT
2.603000,0.505066,-0.196497,0.047576,0.001219,-0.012769,0.015608,-4.931518,MOVE_JOINT
2.604000,0.505066,-0.196507,0.047589,0.000430,-0.012215,0.014626,-4.928513,MOVE_JOINT
2.605000,0.505067,-0.196518,0.047603,0.000022,-0.012330,0.014179,-4.925370,MOVE_JOINT
2.606000,0.505071,-0.196528,0.047620,0.000797,-0.011773,0.015197,-4.922305,MOVE_JOINT
2.607000,0.505070,-0.196542,0.047634,-0.000376,-0.012381,0.014354,-4.919546,MOVE_JOINT
2.608000,0.505070,-0.196552,0.047647,-0.000123,-0.011349,0.014158,-4.917278,MOVE_JOINT
2.609000,0.505073,-0.196565,0.047664,0.001202,-0.011339,0.014941,-4.915638,MOVE_JOINT
2.610000,0.505071,-0.196578,0.047676,-0.000237,-0.012573,0.014041,-4.914709,MOVE_JOINT
2.611000,0.505074,-0.196588,0.047694,0.001638,-0.011597,0.015422,-4.914521,MOVE_JOINT
2.612000,0.505074,-0.196600,0.047708,0.000617,-0.011853,0.014806,-4.915036,MOVE_JOINT
2.613000,0.505075,-0.196611,0.047721,0.000432,-0.012218,0.014202,-4.916160,MOVE_JOINT
2.614000,0.505076,-0.196622,0.047737,0.000513,-0.011618,0.014538,-4.917779,MOVE_JOINT
2.615000,0.505074,-0.196634,0.047751,0.000246,-0.011778,0.014353,-4.919798,MOVE_JOINT
2.616000,0.505075,-0.196643,0.047764,0.001002,-0.010922,0.014268,-4.922138,MOVE_JOINT
2.617000,0.505075,-0.196655,0.047778,0.000444,-0.011217,0.014498,-4.924720,MOVE_JOINT
2.618000,0.505079,-0.196665,0.047796,0.000542,-0.011105,0.015103,-4.927458,MOVE_JOINT
2.619000,0.505074,-0.196677,0.047805,-0.000888,-0.010954,0.013233,-4.930246,MOVE_JOINT
2.620000,0.505077,-0.196685,0.047820,0.000102,-0.009305,0.013463,-4.932983,MOVE_JOINT
2.621000,0.505075,-0.196700,0.047832,0.000075,-0.010966,0.013323,-4.935615,MOVE_JOINT
2.622000,0.505078,-0.196708,0.047848,0.000776,-0.010324,0.013966,-4.938149,MOVE_JOINT
2.623000,0.505080,-0.196719,0.047864,0.001524,-0.009979,0.014955,-4.940604,MOVE_JOINT
2.624000,0.505077,-0.196729,0.047874,0.000402,-0.009701,0.013390,-4.942948,MOVE_JOINT
2.625000,0.505077,-0.196741,0.047888,0.000132,-0.010393,0.013792,-4.945088,MOVE_JOINT
2.626000,0.505077,-0.196753,0.047903,-0.000192,-0.010976,0.014225,-4.946930,MOVE_JOINT
2.627000,0.505079,-0.196762,0.047917,0.000214,-0.010669,0.014035,-4.948399,MOVE_JOINT
2.628000,0.505082,-0.196773,0.047932,0.001375,-0.009955,0.014375,-4.949428,MOVE_JOINT
2.629000,0.505078,-0.196785,0.047944,0.000033,-0.010708,0.013771,-4.949949,MOVE_JOINT
2.630000,0.505079,-0.196797,0.047958,0.000333,-0.010758,0.013918,-4.949903,MOVE_JOINT
2.631000,0.505078,-0.196806,0.047970,0.000069,-0.010535,0.013405,-4.949261,MOVE_JOINT
2.632000,0.505081,-0.196815,0.047986,0.000806,-0.010064,0.014260,-4.948034,MOVE_JOINT
2.633000,0.505081,-0.196826,0.047998,0.000337,-0.011074,0.013605,-4.946265,MOVE_JOINT
2.634000,0.505082,-0.196834,0.048011,0.000404,-0.010080,0.013618,-4.944023,MOVE_JOINT
2.635000,0.505087,-0.196845,0.048025,0.001357,-0.010455,0.013803,-4.941391,MOVE_JOINT
2.636000,0.505083,-0.196852,0.048033,0.000446,-0.009626,0.012233,-4.938474,MOVE_JOINT
2.637000,0.505083,-0.196865,0.048047,0.000530,-0.010013,0.012716,-4.935409,MOVE_JOINT
2.638000,0.505089,-0.196869,0.048061,0.002224,-0.008144,0.013113,-4.932369,MOVE_JOINT
2.639000,0.505086,-0.196881,0.048071,0.001005,-0.009177,0.012451,-4.929526,MOVE_JOINT
2.640000,0.505086,-0.196888,0.048083,0.001064,-0.008297,0.012071,-4.927011,MOVE_JOINT
2.641000,0.505087,-0.196896,0.048093,0.000607,-0.008691,0.011477,-4.924931,MOVE_JOINT
2.642000,0.505090,-0.196903,0.048108,0.001925,-0.007736,0.012259,-4.923386,MOVE_JOINT
2.643000,0.505092,-0.196914,0.048120,0.000996,-0.008563,0.012118,-4.922465,MOVE_JOINT
2.644000,0.505094,-0.196921,0.048133,0.001572,-0.008241,0.012861,-4.922210,MOVE_JOINT
2.645000,0.505094,-0.196928,0.048143,0.001217,-0.008009,0.011873,-4.922595,MOVE_JOINT
2.646000,0.505096,-0.196938,0.048157,0.001624,-0.008510,0.012618,-4.923549,MOVE_JOINT
2.647000,0.505095,-0.196951,0.048166,0.000818,-0.009642,0.011685,-4.924986,MOVE_JOINT
2.648000,0.505100,-0.196957,0.048182,0.001719,-0.008618,0.012624,-4.926835,MOVE_JOINT
2.649000,0.505101,-0.196967,0.048193,0.001753,-0.009412,0.012603,-4.929036,MOVE_JOINT
2.650000,0.505099,-0.196972,0.048200,0.000728,-0.008156,0.011166,-4.931537,MOVE_JOINT
2.651000,0.505100,-0.196982,0.048212,0.001244,-0.008361,0.011204,-4.934312,MOVE_JOINT
2.652000,0.505101,-0.196990,0.048225,0.001159,-0.007801,0.011377,-4.937393,MOVE_JOINT
2.653000,0.505103,-0.197000,0.048236,0.001603,-0.008154,0.011581,-4.940845,MOVE_JOINT
2.654000,0.505104,-0.197010,0.048248,0.001633,-0.008768,0.011836,-4.944714,MOVE_JOINT
2.655000,0.505105,-0.197019,0.048261,0.001917,-0.008782,0.012189,-4.948997,MOVE_JOINT
2.656000,0.505104,-0.197025,0.048269,0.000164,-0.008640,0.010658,-4.953640,MOVE_JOINT
2.657000,0.505106,-0.197034,0.048284,0.001141,-0.008745,0.011872,-4.958573,MOVE_JOINT
2.658000,0.505104,-0.197044,0.048295,0.000187,-0.008345,0.011297,-4.963731,MOVE_JOINT
2.659000,0.505104,-0.197052,0.048304,-0.000097,-0.008061,0.010370,-4.969047,MOVE_JOINT
2.660000,0.505101,-0.197063,0.048315,-0.000498,-0.009091,0.010842,-4.974468,MOVE_JOINT
2.661000,0.505099,-0.197073,0.048324,-0.001113,-0.009747,0.010547,-4.979975,MOVE_JOINT
2.662000,0.505102,-0.197080,0.048338,0.000013,-0.008724,0.011573,-4.985587,MOVE_JOINT
2.663000,0.505101,-0.197091,0.048349,-0.000089,-0.009599,0.011429,-4.991317,MOVE_JOINT
2.664000,0.505098,-0.197101,0.048358,-0.000925,-0.010299,0.011012,-4.997137,MOVE_JOINT
2.665000,0.505095,-0.197109,0.048367,-0.001097,-0.009568,0.010529,-5.002983,MOVE_JOINT
2.666000,0.505096,-0.197119,0.048380,0.000001,-0.009401,0.011632,-5.008782,MOVE_JOINT
2.667000,0.505092,-0.197127,0.048388,-0.000869,-0.008766,0.010800,-5.014464,MOVE_JOINT
2.668000,0.505091,-0.197137,0.048398,-0.000837,-0.009113,0.010618,-5.019947,MOVE_JOINT
2.669000,0.505091,-0.197147,0.048409,-0.000819,-0.009603,0.010794,-5.025152,MOVE_JOINT
2.670000,0.505088,-0.197158,0.048420,-0.001077,-0.009609,0.010570,-5.030018,MOVE_JOINT
2.671000,0.505089,-0.197166,0.048431,-0.000166,-0.008981,0.010839,-5.034497,MOVE_JOINT
2.672000,0.505087,-0.197177,0.048442,-0.000831,-0.009666,0.010916,-5.038549,MOVE_JOINT
2.673000,0.505087,-0.197184,0.048450,-0.000913,-0.008633,0.009844,-5.042142,MOVE_JOINT
2.674000,0.505084,-0.197194,0.048458,-0.001468,-0.009049,0.009418,-5.045257,MOVE_JOINT
2.675000,0.505084,-0.197204,0.048467,-0.001246,-0.009105,0.009461,-5.047929,MOVE_JOINT
2.676000,0.505082,-0.197218,0.048478,-0.001581,-0.010371,0.009850,-5.050246,MOVE_JOINT
2.677000,0.505083,-0.197222,0.048486,-0.000605,-0.008129,0.009203,-5.052324,MOVE_JOINT
2.678000,0.505081,-0.197233,0.048495,-0.000915,-0.008620,0.009351,-5.054264,MOVE_JOINT
2.679000,0.505083,-0.197241,0.048504,-0.000063,-0.008296,0.009167,-5.056141,MOVE_JOINT
2.680000,0.505081,-0.197249,0.048511,-0.001217,-0.007988,0.008126,-5.058006,MOVE_JOINT
2.681000,0.505080,-0.197260,0.048522,-0.001514,-0.008752,0.008600,-5.059906,MOVE_JOINT
2.682000,0.505082,-0.197268,0.048533,-0.000428,-0.008653,0.009906,-5.061893,MOVE_JOINT
2.683000,0.505081,-0.197278,0.048542,-0.000528,-0.009209,0.009399,-5.063979,MOVE_JOINT
2.684000,0.505081,-0.197286,0.048549,0.000129,-0.008751,0.009047,-5.066099,MOVE_JOINT
2.685000,0.505075,-0.197296,0.048556,-0.001058,-0.008877,0.008852,-5.068145,MOVE_JOINT
2.686000,0.505077,-0.197304,0.048564,-0.000101,-0.008997,0.008997,-5.070020,MOVE_JOINT
2.687000,0.505079,-0.197312,0.048573,0.000350,-0.008417,0.008993,-5.071656,MOVE_JOINT
2.688000,0.505078,-0.197322,0.048583,-0.000002,-0.009690,0.009489,-5.072997,MOVE_JOINT
2.689000,0.505078,-0.197326,0.048591,0.000007,-0.008126,0.009225,-5.073983,MOVE_JOINT
2.690000,0.505082,-0.197334,0.048603,0.000444,-0.008523,0.009720,-5.074526,MOVE_JOINT
2.691000,0.505079,-0.197340,0.048609,-0.000850,-0.008257,0.008736,-5.074510,MOVE_JOINT
2.692000,0.505076,-0.197349,0.048614,-0.001183,-0.008198,0.007887,-5.073823,MOVE_JOINT
2.693000,0.505080,-0.197357,0.048626,0.000461,-0.008288,0.009086,-5.072408,MOVE_JOINT
2.694000,0.505079,-0.197363,0.048632,0.000064,-0.007328,0.008424,-5.070269,MOVE_JOINT
2.695000,0.505078,-0.197368,0.048640,-0.000086,-0.007073,0.008679,-5.067432,MOVE_JOINT
2.696000,0.505075,-0.197378,0.048649,-0.000951,-0.008086,0.008275,-5.063917,MOVE_JOINT
2.697000,0.505074,-0.197387,0.048656,-0.001136,-0.008052,0.008141,-5.059739,MOVE_JOINT
2.698000,0.505078,-0.197390,0.048667,0.000237,-0.006968,0.009093,-5.054924,MOVE_JOINT
2.699000,0.505074,-0.197399,0.048671,-0.001045,-0.007448,0.007740,-5.049494,MOVE_JOINT
2.700000,0.505076,-0.197402,0.048680,0.000220,-0.005809,0.008529,-5.043460,MOVE_JOINT
2.701000,0.505073,-0.197407,0.048685,-0.000590,-0.005707,0.007245,-5.036842,MOVE_JOINT
2.702000,0.505072,-0.197415,0.048691,-0.000675,-0.006524,0.007132,-5.029699,MOVE_JOINT
2.703000,0.505069,-0.197419,0.048694,-0.001753,-0.006086,0.005934,-5.022153,MOVE_JOINT
2.704000,0.505071,-0.197426,0.048703,-0.001012,-0.005867,0.006269,-5.014411,MOVE_JOINT
2.705000,0.505070,-0.197429,0.048708,-0.000739,-0.004978,0.005928,-5.006744,MOVE_JOINT
2.706000,0.505073,-0.197438,0.048718,0.000588,-0.005963,0.006925,-4.999432,MOVE_JOINT
2.707000,0.505069,-0.197442,0.048720,-0.001007,-0.005001,0.005060,-4.992706,MOVE_JOINT
2.708000,0.505070,-0.197449,0.048727,-0.000435,-0.005224,0.005431,-4.986752,MOVE_JOINT
2.709000,0.505069,-0.197454,0.048732,-0.000565,-0.005287,0.005400,-4.981729,MOVE_JOINT
2.710000,0.505068,-0.197459,0.048738,-0.001321,-0.005450,0.005278,-4.977759,MOVE_JOINT
2.711000,0.505065,-0.197465,0.048741,-0.002357,-0.005356,0.004260,-4.974921,MOVE_JOINT
2.712000,0.505065,-0.197473,0.048748,-0.001680,-0.006220,0.005020,-4.973266,MOVE_JOINT
2.713000,0.505064,-0.197479,0.048753,-0.000878,-0.005952,0.005220,-4.972829,MOVE_JOINT
2.714000,0.505063,-0.197480,0.048754,-0.001191,-0.004990,0.004492,-4.973608,MOVE_JOINT
2.715000,0.505064,-0.197489,0.048762,-0.000718,-0.006073,0.005330,-4.975548,MOVE_JOINT
2.716000,0.505064,-0.197494,0.048768,-0.000472,-0.005916,0.005435,-4.978543,MOVE_JOINT
2.717000,0.505062,-0.197499,0.048770,-0.000076,-0.005692,0.004936,-4.982439,MOVE_JOINT
2.718000,0.505059,-0.197501,0.048774,-0.000359,-0.004617,0.004598,-4.987051,MOVE_JOINT
2.719000,0.505061,-0.197504,0.048780,0.000462,-0.003151,0.004838,-4.992195,MOVE_JOINT
2.720000,0.505059,-0.197509,0.048783,-0.000373,-0.003568,0.003921,-4.997697,MOVE_JOINT
2.721000,0.505055,-0.197518,0.048788,-0.001765,-0.004551,0.003843,-5.003401,MOVE_JOINT
2.722000,0.505054,-0.197523,0.048790,-0.001686,-0.004322,0.003356,-5.009198,MOVE_JOINT
2.723000,0.505054,-0.197522,0.048792,-0.001899,-0.002608,0.002617,-5.015040,MOVE_JOINT
2.724000,0.505051,-0.197531,0.048797,-0.003054,-0.005033,0.002861,-5.020953,MOVE_JOINT
2.725000,0.505053,-0.197534,0.048804,-0.000843,-0.004090,0.003965,-5.027007,MOVE_JOINT
2.726000,0.505052,-0.197539,0.048808,-0.001486,-0.004696,0.003559,-5.033259,MOVE_JOINT
2.727000,0.505049,-0.197541,0.048809,-0.001565,-0.003552,0.003034,-5.039706,MOVE_JOINT
2.728000,0.505049,-0.197547,0.048815,-0.001156,-0.003739,0.004105,-5.046294,MOVE_JOINT
2.729000,0.505049,-0.197551,0.048819,-0.000346,-0.003262,0.003995,-5.052920,MOVE_JOINT
2.730000,0.505045,-0.197556,0.048821,-0.001393,-0.003378,0.002756,-5.059436,MOVE_JOINT
2.731000,0.505045,-0.197564,0.048827,-0.001192,-0.004902,0.003425,-5.065686,MOVE_JOINT
2.732000,0.505040,-0.197569,0.048828,-0.002458,-0.005187,0.002316,-5.071565,MOVE_JOINT
2.733000,0.505043,-0.197570,0.048834,-0.000036,-0.003556,0.003674,-5.077038,MOVE_JOINT
2.734000,0.505043,-0.197577,0.048841,0.000423,-0.004084,0.004831,-5.082104,MOVE_JOINT
2.735000,0.505037,-0.197582,0.048843,-0.000966,-0.004521,0.004163,-5.086715,MOVE_JOINT
2.736000,0.505035,-0.197588,0.048844,-0.001270,-0.004712,0.003226,-5.090750,MOVE_JOINT
2.737000,0.505036,-0.197593,0.048849,-0.000516,-0.004761,0.003930,-5.094075,MOVE_JOINT
2.738000,0.505035,-0.197599,0.048854,-0.000584,-0.005038,0.004337,-5.096605,MOVE_JOINT
2.739000,0.505032,-0.197602,0.048856,-0.001167,-0.004525,0.003912,-5.098285,MOVE_JOINT
2.740000,0.505031,-0.197608,0.048861,-0.000975,-0.004829,0.004000,-5.099062,MOVE_JOINT
2.741000,0.505030,-0.197613,0.048863,-0.000892,-0.004987,0.003508,-5.098899,MOVE_JOINT
2.742000,0.505023,-0.197621,0.048863,-0.002361,-0.005520,0.002209,-5.097815,MOVE_JOINT
2.743000,0.505024,-0.197623,0.048870,-0.001142,-0.004671,0.003684,-5.095910,MOVE_JOINT
2.744000,0.505020,-0.197630,0.048871,-0.002498,-0.005374,0.002933,-5.093344,MOVE_JOINT
2.745000,0.505019,-0.197637,0.048874,-0.001716,-0.005865,0.003133,-5.090284,MOVE_JOINT
2.746000,0.505016,-0.197640,0.048877,-0.002409,-0.005341,0.003172,-5.086886,MOVE_JOINT
2.747000,0.505014,-0.197646,0.048879,-0.002154,-0.005593,0.002803,-5.083302,MOVE_JOINT
2.748000,0.505013,-0.197653,0.048882,-0.001945,-0.006013,0.002820,-5.079672,MOVE_JOINT
2.749000,0.505009,-0.197656,0.048883,-0.002810,-0.005351,0.002015,-5.076132,MOVE_JOINT
2.750000,0.505004,-0.197667,0.048885,-0.003216,-0.006886,0.002208,-5.072814,MOVE_JOINT
2.751000,0.505000,-0.197673,0.048887,-0.003200,-0.006763,0.002311,-5.069849,MOVE_JOINT
2.752000,0.505001,-0.197674,0.048889,-0.002206,-0.005261,0.002093,-5.067344,MOVE_JOINT
2.753000,0.504998,-0.197681,0.048894,-0.002072,-0.005865,0.002805,-5.065368,MOVE_JOINT
2.754000,0.504994,-0.197688,0.048895,-0.002794,-0.005593,0.001854,-5.063938,MOVE_JOINT
2.755000,0.504989,-0.197696,0.048898,-0.003167,-0.006628,0.002017,-5.063030,MOVE_JOINT
2.756000,0.504986,-0.197699,0.048899,-0.003527,-0.005787,0.002078,-5.062601,MOVE_JOINT
