t,x,y,z,vx,vy,vz,Fz,phase
0.000000,0.482862,-0.087099,-0.074477,0.000359,0.001206,-0.000218,0.000000,MOVE_JOINT
0.001000,0.482862,-0.087103,-0.074477,0.000363,-0.000081,-0.000186,0.000000,MOVE_JOINT
0.002000,0.482865,-0.087101,-0.074475,0.001635,0.000321,0.000597,0.000000,MOVE_JOINT
0.003000,0.482860,-0.087100,-0.074478,-0.000199,0.000662,-0.000358,0.000000,MOVE_JOINT
0.004000,0.482862,-0.087099,-0.074477,0.000995,0.000573,0.000508,0.000000,MOVE_JOINT
0.005000,0.482856,-0.087100,-0.074481,-0.001123,0.000609,-0.001066,0.000000,MOVE_JOINT
0.006000,0.482857,-0.087102,-0.074479,0.000406,-0.000115,0.000048,0.000000,MOVE_JOINT
0.007000,0.482853,-0.087102,-0.074482,-0.001041,0.000102,-0.000863,0.000000,MOVE_JOINT
0.008000,0.482858,-0.087098,-0.074480,0.000560,0.000734,0.000002,0.000000,MOVE_JOINT
0.009000,0.482859,-0.087097,-0.074478,0.000646,0.001411,0.000147,0.000000,MOVE_JOINT
0.010000,0.482861,-0.087098,-0.074477,0.000774,0.001074,0.000092,0.000000,MOVE_JOINT
0.011000,0.482860,-0.087096,-0.074478,-0.000209,0.000847,-0.000011,0.000000,MOVE_JOINT
0.012000,0.482861,-0.087096,-0.074477,-0.000467,0.000414,0.000011,0.000000,MOVE_JOINT
0.013000,0.482864,-0.087094,-0.074475,0.000321,0.000259,0.000571,0.000000,MOVE_JOINT
0.014000,0.482864,-0.087093,-0.074476,0.000897,0.000819,0.000595,0.000000,MOVE_JOINT
0.015000,0.482865,-0.087095,-0.074475,0.001114,0.000161,0.000782,0.000000,MOVE_JOINT
0.016000,0.482867,-0.087093,-0.074474,0.001285,0.000557,0.000848,0.000000,MOVE_JOINT
0.017000,0.482865,-0.087091,-0.074475,0.000439,0.000781,0.000464,0.000000,MOVE_JOINT
0.018000,0.482871,-0.087088,-0.074473,0.002433,0.001388,0.001403,0.000000,MOVE_JOINT
0.019000,0.482869,-0.087088,-0.074473,0.000711,0.001266,0.000642,0.000000,MOVE_JOINT
0.020000,0.482871,-0.087084,-0.074474,0.000877,0.001167,0.000225,0.000000,MOVE_JOINT
0.021000,0.482867,-0.087085,-0.074474,-0.000523,0.000689,0.000259,0.000000,MOVE_JOINT
0.022000,0.482868,-0.087083,-0.074474,-0.000061,0.000961,-0.000138,0.000000,MOVE_JOINT
0.023000,0.482877,-0.087077,-0.074471,0.002593,0.002540,0.000868,0.000000,MOVE_JOINT
0.024000,0.482878,-0.087073,-0.074471,0.001982,0.003024,0.000810,0.000000,MOVE_JOINT
0.025000,0.482880,-0.087075,-0.074470,0.002337,0.001579,0.001056,0.000000,MOVE_JOINT
0.026000,0.482880,-0.087072,-0.074469,0.001513,0.002178,0.000730,0.000000,MOVE_JOINT
0.027000,0.482887,-0.087071,-0.074465,0.002881,0.001756,0.001638,0.000000,MOVE_JOINT
0.028000,0.482890,-0.087066,-0.074464,0.003486,0.002640,0.001869,0.000000,MOVE_JOINT
0.029000,0.482886,-0.087066,-0.074467,0.001323,0.001985,0.000197,0.000000,MOVE_JOINT
0.030000,0.482893,-0.087058,-0.074464,0.002652,0.004176,0.000728,0.000000,MOVE_JOINT
0.031000,0.482893,-0.087055,-0.074464,0.002005,0.003913,0.000466,0.000000,MOVE_JOINT
0.032000,0.482899,-0.087054,-0.074461,0.003473,0.002683,0.001793,0.000000,MOVE_JOINT
0.033000,0.482900,-0.087047,-0.074462,0.002563,0.003709,0.001035,0.000000,MOVE_JOINT
0.034000,0.482906,-0.087043,-0.074459,0.002926,0.003320,0.001411,0.000000,MOVE_JOINT
0.035000,0.482909,-0.087044,-0.074457,0.002404,0.001982,0.001242,0.000000,MOVE_JOINT
0.036000,0.482914,-0.087038,-0.074455,0.003593,0.003389,0.001573,0.000000,MOVE_JOINT
0.037000,0.482917,-0.087038,-0.074453,0.003607,0.002711,0.001452,0.000000,MOVE_JOINT
0.038000,0.482919,-0.087031,-0.074453,0.002913,0.004245,0.001000,0.000000,MOVE_JOINT
0.039000,0.482923,-0.087028,-0.074452,0.003279,0.004169,0.001292,0.000000,MOVE_JOINT
0.040000,0.482926,-0.087023,-0.074450,0.003831,0.004645,0.001403,0.000000,MOVE_JOINT
0.041000,0.482933,-0.087017,-0.074447,0.003698,0.004521,0.001447,0.000000,MOVE_JOINT
0.042000,0.482938,-0.087014,-0.074445,0.004357,0.004418,0.001889,0.000000,MOVE_JOINT
0.043000,0.482936,-0.087010,-0.074445,0.003020,0.004616,0.000936,0.000000,MOVE_JOINT
0.044000,0.482943,-0.087003,-0.074442,0.004106,0.005027,0.001660,0.000000,MOVE_JOINT
0.045000,0.482949,-0.086997,-0.074440,0.003899,0.005527,0.001130,0.000000,MOVE_JOINT
0.046000,0.482955,-0.086991,-0.074438,0.005023,0.006528,0.001521,0.000000,MOVE_JOINT
0.047000,0.482958,-0.086988,-0.074436,0.004980,0.006214,0.001616,0.000000,MOVE_JOINT
0.048000,0.482964,-0.086986,-0.074432,0.005580,0.004732,0.002323,0.000000,MOVE_JOINT
0.049000,0.482969,-0.086978,-0.074431,0.004688,0.005444,0.001841,0.000000,MOVE_JOINT
0.050000,0.482974,-0.086972,-0.074429,0.005389,0.005693,0.002161,0.000000,MOVE_JOINT
0.051000,0.482979,-0.086969,-0.074426,0.006044,0.005082,0.002676,0.000000,MOVE_JOINT
0.052000,0.482989,-0.086962,-0.074422,0.007040,0.005774,0.003076,0.000000,MOVE_JOINT
0.053000,0.482991,-0.086957,-0.074421,0.006290,0.005818,0.002756,0.000000,MOVE_JOINT
0.054000,0.482994,-0.086954,-0.074419,0.005567,0.005196,0.002545,0.000000,MOVE_JOINT
0.055000,0.482997,-0.086948,-0.074417,0.004943,0.005432,0.002338,0.000000,MOVE_JOINT
0.056000,0.483006,-0.086938,-0.074414,0.005795,0.006350,0.002624,0.000000,MOVE_JOINT
0.057000,0.483012,-0.086936,-0.074412,0.006330,0.005109,0.003071,0.000000,MOVE_JOINT
0.058000,0.483016,-0.086930,-0.074410,0.005595,0.005188,0.002362,0.000000,MOVE_JOINT
0.059000,0.483022,-0.086923,-0.074408,0.005537,0.006413,0.002295,0.000000,MOVE_JOINT
0.060000,0.483028,-0.086917,-0.074405,0.005362,0.005975,0.002277,0.000000,MOVE_JOINT
0.061000,0.483035,-0.086911,-0.074402,0.005663,0.005629,0.002311,0.000000,MOVE_JOINT
0.062000,0.483038,-0.086907,-0.074400,0.005197,0.005182,0.002320,0.000000,MOVE_JOINT
0.063000,0.483043,-0.086902,-0.074399,0.004922,0.005799,0.001637,0.000000,MOVE_JOINT
0.064000,0.483050,-0.086893,-0.074396,0.005622,0.006859,0.002168,0.000000,MOVE_JOINT
0.065000,0.483056,-0.086887,-0.074393,0.006159,0.006790,0.002738,0.000000,MOVE_JOINT
0.066000,0.483065,-0.086883,-0.074388,0.007060,0.005887,0.003473,0.000000,MOVE_JOINT
0.067000,0.483070,-0.086879,-0.074385,0.006443,0.005373,0.003323,0.000000,MOVE_JOINT
0.068000,0.483075,-0.086871,-0.074383,0.005877,0.006145,0.002974,0.000000,MOVE_JOINT
0.069000,0.483084,-0.086865,-0.074378,0.006823,0.006054,0.003647,0.000000,MOVE_JOINT
0.070000,0.483087,-0.086860,-0.074379,0.005807,0.005992,0.002487,0.000000,MOVE_JOINT
0.071000,0.483093,-0.086854,-0.074375,0.006154,0.005957,0.002853,0.000000,MOVE_JOINT
0.072000,0.483094,-0.086849,-0.074375,0.004933,0.006214,0.001946,0.000000,MOVE_JOINT
0.073000,0.483099,-0.086848,-0.074372,0.005118,0.004539,0.002360,0.000000,MOVE_JOINT
0.074000,0.483105,-0.086839,-0.074370,0.004950,0.005251,0.002131,0.000000,MOVE_JOINT
0.075000,0.483115,-0.086833,-0.074365,0.006293,0.005772,0.002889,0.000000,MOVE_JOINT
0.076000,0.483120,-0.086825,-0.074362,0.005740,0.005884,0.002911,0.000000,MOVE_JOINT
0.077000,0.483122,-0.086823,-0.074360,0.005089,0.005087,0.002734,0.000000,MOVE_JOINT
0.078000,0.483131,-0.086817,-0.074357,0.006323,0.005369,0.003105,0.000000,MOVE_JOINT
0.079000,0.483134,-0.086811,-0.074357,0.005721,0.005412,0.002324,0.000000,MOVE_JOINT
0.080000,0.483143,-0.086806,-0.074352,0.006602,0.004836,0.003103,0.000000,MOVE_JOINT
0.081000,0.483143,-0.086803,-0.074352,0.004185,0.003747,0.002222,0.000000,MOVE_JOINT
0.082000,0.483152,-0.086796,-0.074347,0.005430,0.005500,0.002639,0.000000,MOVE_JOINT
0.083000,0.483157,-0.086791,-0.074346,0.005199,0.005373,0.002287,0.000000,MOVE_JOINT
0.084000,0.483159,-0.086786,-0.074345,0.003965,0.006065,0.001433,0.000000,MOVE_JOINT
0.085000,0.483167,-0.086780,-0.074340,0.005223,0.005697,0.002550,0.000000,MOVE_JOINT
0.086000,0.483171,-0.086779,-0.074338,0.004642,0.004646,0.002297,0.000000,MOVE_JOINT
0.087000,0.483176,-0.086774,-0.074336,0.005005,0.005087,0.002489,0.000000,MOVE_JOINT
0.088000,0.483179,-0.086767,-0.074335,0.004692,0.005937,0.002229,0.000000,MOVE_JOINT
0.089000,0.483184,-0.086766,-0.074332,0.004816,0.004461,0.002480,0.000000,MOVE_JOINT
0.090000,0.483187,-0.086765,-0.074330,0.003985,0.003244,0.002333,0.000000,MOVE_JOINT
0.091000,0.483194,-0.086755,-0.074328,0.003662,0.004612,0.001817,0.000000,MOVE_JOINT
0.092000,0.483197,-0.086755,-0.074326,0.003458,0.003322,0.001651,0.000000,MOVE_JOINT
0.093000,0.483204,-0.086748,-0.074323,0.004068,0.004348,0.001805,0.000000,MOVE_JOINT
0.094000,0.483207,-0.086748,-0.074320,0.003687,0.003099,0.001938,0.000000,MOVE_JOINT
0.095000,0.483215,-0.086742,-0.074316,0.004227,0.003426,0.002188,0.000000,MOVE_JOINT
0.096000,0.483215,-0.086737,-0.074317,0.003042,0.004734,0.001096,0.000000,MOVE_JOINT
0.097000,0.483220,-0.086736,-0.074314,0.003376,0.003344,0.001831,0.000000,MOVE_JOINT
0.098000,0.483227,-0.086730,-0.074310,0.004245,0.004636,0.002148,0.000000,MOVE_JOINT
0.099000,0.483231,-0.086726,-0.074309,0.004325,0.004864,0.001924,0.000000,MOVE_JOINT
0.100000,0.483236,-0.086725,-0.074305,0.004270,0.003834,0.002384,0.000000,MOVE_JOINT
0.101000,0.483238,-0.086721,-0.074306,0.003684,0.004405,0.001285,0.000000,MOVE_JOINT
0.102000,0.483240,-0.086718,-0.074304,0.003723,0.004258,0.001486,0.000000,MOVE_JOINT
0.103000,0.483247,-0.086717,-0.074299,0.004192,0.003230,0.002068,0.000000,MOVE_JOINT
0.104000,0.483250,-0.086714,-0.074298,0.003068,0.003268,0.001686,0.000000,MOVE_JOINT
0.105000,0.483255,-0.086711,-0.074295,0.003463,0.002990,0.001852,0.000000,MOVE_JOINT
0.106000,0.483258,-0.086706,-0.074294,0.002920,0.003720,0.001472,0.000000,MOVE_JOINT
0.107000,0.483267,-0.086701,-0.074290,0.004444,0.004019,0.002137,0.000000,MOVE_JOINT
0.108000,0.483269,-0.086698,-0.074289,0.003334,0.003023,0.001852,0.000000,MOVE_JOINT
0.109000,0.483272,-0.086696,-0.074287,0.003699,0.003637,0.001896,0.000000,MOVE_JOINT
0.110000,0.483278,-0.086693,-0.074283,0.004417,0.003540,0.002507,0.000000,MOVE_JOINT
0.111000,0.483280,-0.086693,-0.074282,0.003536,0.002094,0.001992,0.000000,MOVE_JOINT
0.112000,0.483287,-0.086685,-0.074280,0.004486,0.003771,0.002048,0.000000,MOVE_JOINT
0.113000,0.483289,-0.086683,-0.074277,0.004046,0.003286,0.002260,0.000000,MOVE_JOINT
0.114000,0.483294,-0.086678,-0.074276,0.003992,0.003678,0.001554,0.000000,MOVE_JOINT
0.115000,0.483296,-0.086678,-0.074275,0.003410,0.002908,0.001357,0.000000,MOVE_JOINT
0.116000,0.483304,-0.086677,-0.074270,0.004431,0.002057,0.002256,0.000000,MOVE_JOINT
0.117000,0.483307,-0.086672,-0.074269,0.003872,0.002792,0.001842,0.000000,MOVE_JOINT
0.118000,0.483310,-0.086669,-0.074268,0.003519,0.002736,0.001711,0.000000,MOVE_JOINT
0.119000,0.483311,-0.086666,-0.074268,0.002984,0.002930,0.001262,0.000000,MOVE_JOINT
0.120000,0.483317,-0.086663,-0.074264,0.003336,0.002687,0.001835,0.000000,MOVE_JOINT
0.121000,0.483318,-0.086658,-0.074265,0.002207,0.002153,0.001040,0.000000,MOVE_JOINT
0.122000,0.483324,-0.086659,-0.074261,0.003385,0.001560,0.001879,0.000000,MOVE_JOINT
0.123000,0.483329,-0.086655,-0.074257,0.004290,0.002239,0.002636,0.000000,MOVE_JOINT
0.124000,0.483329,-0.086654,-0.074258,0.003293,0.002376,0.001646,0.000000,MOVE_JOINT
0.125000,0.483334,-0.086646,-0.074257,0.003755,0.003669,0.001496,0.000000,MOVE_JOINT
0.126000,0.483337,-0.086648,-0.074254,0.003391,0.002043,0.001755,0.000000,MOVE_JOINT
0.127000,0.483340,-0.086645,-0.074254,0.002951,0.002280,0.001341,0.000000,MOVE_JOINT
0.128000,0.483342,-0.086646,-0.074251,0.003360,0.001281,0.002014,0.000000,MOVE_JOINT
0.129000,0.483344,-0.086640,-0.074250,0.003052,0.001988,0.001721,0.000000,MOVE_JOINT
0.130000,0.483347,-0.086640,-0.074249,0.002579,0.001859,0.001355,0.000000,MOVE_JOINT
0.131000,0.483349,-0.086637,-0.074249,0.002449,0.002385,0.001134,0.000000,MOVE_JOINT
0.132000,0.483352,-0.086634,-0.074247,0.002773,0.002394,0.001583,0.000000,MOVE_JOINT
0.133000,0.483357,-0.086630,-0.074245,0.003536,0.002806,0.001641,0.000000,MOVE_JOINT
0.134000,0.483353,-0.086630,-0.074247,0.001163,0.001974,0.000864,0.000000,MOVE_JOINT
0.135000,0.483359,-0.086630,-0.074243,0.002691,0.001305,0.001548,0.000000,MOVE_JOINT
0.136000,0.483361,-0.086626,-0.074242,0.002450,0.002063,0.001300,0.000000,MOVE_JOINT
0.137000,0.483365,-0.086624,-0.074240,0.003321,0.001568,0.001879,0.000000,MOVE_JOINT
0.138000,0.483366,-0.086622,-0.074240,0.001724,0.001537,0.001000,0.000000,MOVE_JOINT
0.139000,0.483372,-0.086618,-0.074238,0.003012,0.002121,0.001473,0.000000,MOVE_JOINT
0.140000,0.483369,-0.086619,-0.074238,0.001709,0.000997,0.001250,0.000000,MOVE_JOINT
0.141000,0.483376,-0.086618,-0.074234,0.002747,0.000663,0.001835,0.000000,MOVE_JOINT
0.142000,0.483374,-0.086614,-0.074235,0.001694,0.001632,0.000860,0.000000,MOVE_JOINT
0.143000,0.483372,-0.086614,-0.074237,0.000307,0.001134,0.000311,0.000000,MOVE_JOINT
0.144000,0.483376,-0.086616,-0.074235,0.001475,-0.000063,0.000969,0.000000,MOVE_JOINT
0.145000,0.483378,-0.086612,-0.074234,0.001251,0.001271,0.000620,0.000000,MOVE_JOINT
0.146000,0.483380,-0.086609,-0.074233,0.001400,0.001685,0.000540,0.000000,MOVE_JOINT
0.147000,0.483381,-0.086609,-0.074232,0.001377,0.000834,0.000778,0.000000,MOVE_JOINT
0.148000,0.483384,-0.086607,-0.074231,0.001498,0.001317,0.000521,0.000000,MOVE_JOINT
0.149000,0.483387,-0.086608,-0.074228,0.001376,0.000485,0.000818,0.000000,MOVE_JOINT
0.150000,0.483389,-0.086607,-0.074228,0.002091,0.000688,0.001198,0.000000,MOVE_JOINT
0.151000,0.483393,-0.086600,-0.074227,0.002872,0.002589,0.001030,0.000000,MOVE_JOINT
0.152000,0.483396,-0.086601,-0.074224,0.002728,0.001769,0.001112,0.000000,MOVE_JOINT
0.153000,0.483396,-0.086603,-0.074224,0.002233,0.001000,0.000909,0.000000,MOVE_JOINT
0.154000,0.483397,-0.086601,-0.074224,0.002062,0.001160,0.000629,0.000000,MOVE_JOINT
0.155000,0.483399,-0.086603,-0.074221,0.002553,0.000273,0.001248,0.000000,MOVE_JOINT
0.156000,0.483401,-0.086602,-0.074221,0.002038,0.000329,0.001187,0.000000,MOVE_JOINT
0.157000,0.483403,-0.086601,-0.074219,0.001926,0.000800,0.000975,0.000000,MOVE_JOINT
0.158000,0.483408,-0.086601,-0.074217,0.002931,0.001174,0.001349,0.000000,MOVE_JOINT
0.159000,0.483409,-0.086599,-0.074215,0.003266,0.001288,0.001671,0.000000,MOVE_JOINT
0.160000,0.483410,-0.086599,-0.074215,0.002475,0.001134,0.001165,0.000000,MOVE_JOINT
0.161000,0.483412,-0.086600,-0.074213,0.001895,0.000303,0.001344,0.000000,MOVE_JOINT
0.162000,0.483413,-0.086600,-0.074212,0.001736,0.000072,0.001060,0.000000,MOVE_JOINT
0.163000,0.483417,-0.086600,-0.074210,0.001881,-0.000190,0.001205,0.000000,MOVE_JOINT
0.164000,0.483417,-0.086599,-0.074209,0.001926,0.000585,0.001123,0.000000,MOVE_JOINT
0.165000,0.483421,-0.086599,-0.074207,0.002227,0.000260,0.001379,0.000000,MOVE_JOINT
0.166000,0.483421,-0.086600,-0.074207,0.001422,-0.000155,0.000855,0.000000,MOVE_JOINT
0.167000,0.483423,-0.086599,-0.074206,0.001412,0.000311,0.000955,0.000000,MOVE_JOINT
0.168000,0.483423,-0.086602,-0.074204,0.000848,0.000185,0.000743,0.000000,MOVE_JOINT
0.169000,0.483427,-0.086602,-0.074201,0.001805,-0.000141,0.001409,0.000000,MOVE_JOINT
0.170000,0.483431,-0.086602,-0.074199,0.002415,-0.000390,0.001789,0.000000,MOVE_JOINT
0.171000,0.483432,-0.086603,-0.074198,0.001529,-0.000554,0.001344,0.000000,MOVE_JOINT
0.172000,0.483433,-0.086605,-0.074197,0.001554,-0.000488,0.001047,0.000000,MOVE_JOINT
0.173000,0.483435,-0.086608,-0.074195,0.001651,-0.001342,0.001363,0.000000,MOVE_JOINT
0.174000,0.483438,-0.086604,-0.074193,0.001945,0.000534,0.001195,0.000000,MOVE_JOINT
0.175000,0.483441,-0.086608,-0.074190,0.002305,-0.000824,0.001764,0.000000,MOVE_JOINT
0.176000,0.483443,-0.086608,-0.074188,0.002602,-0.000003,0.001841,0.000000,MOVE_JOINT
0.177000,0.483442,-0.086610,-0.074188,0.001433,-0.000812,0.001586,0.000000,MOVE_JOINT
0.178000,0.483446,-0.086613,-0.074185,0.002031,-0.001925,0.002335,0.000000,MOVE_JOINT
0.179000,0.483447,-0.086612,-0.074184,0.002371,-0.001078,0.002315,0.000000,MOVE_JOINT
0.180000,0.483450,-0.086612,-0.074182,0.003109,-0.000328,0.002362,0.000000,MOVE_JOINT
0.181000,0.483453,-0.086613,-0.074180,0.003401,-0.000090,0.002372,0.000000,MOVE_JOINT
0.182000,0.483454,-0.086613,-0.074178,0.003042,-0.000026,0.002135,0.000000,MOVE_JOINT
0.183000,0.483457,-0.086618,-0.074175,0.003347,-0.001292,0.002549,0.000000,MOVE_JOINT
0.184000,0.483455,-0.086622,-0.074174,0.001106,-0.002382,0.001984,0.000000,MOVE_JOINT
0.185000,0.483458,-0.086624,-0.074172,0.001293,-0.002553,0.001922,0.000000,MOVE_JOINT
0.186000,0.483461,-0.086623,-0.074170,0.001841,-0.001313,0.001752,0.000000,MOVE_JOINT
0.187000,0.483463,-0.086623,-0.074169,0.001759,-0.000806,0.001591,0.000000,MOVE_JOINT
0.188000,0.483465,-0.086625,-0.074166,0.001807,-0.001395,0.001755,0.000000,MOVE_JOINT
0.189000,0.483468,-0.086627,-0.074164,0.001762,-0.001585,0.001646,0.000000,MOVE_JOINT
0.190000,0.483468,-0.086630,-0.074163,0.001270,-0.002089,0.001575,0.000000,MOVE_JOINT
0.191000,0.483471,-0.086631,-0.074161,0.001594,-0.001298,0.001501,0.000000,MOVE_JOINT
0.192000,0.483474,-0.086634,-0.074157,0.001958,-0.002271,0.001948,0.000000,MOVE_JOINT
0.193000,0.483474,-0.086631,-0.074158,0.001129,-0.000677,0.000833,0.000000,MOVE_JOINT
0.194000,0.483476,-0.086632,-0.074156,0.002027,-0.000253,0.001449,0.000000,MOVE_JOINT
0.195000,0.483478,-0.086637,-0.074153,0.001817,-0.001359,0.001846,0.000000,MOVE_JOINT
0.196000,0.483478,-0.086638,-0.074152,0.001473,-0.001460,0.001791,0.000000,MOVE_JOINT
0.197000,0.483481,-0.086639,-0.074149,0.001212,-0.002098,0.001820,0.000000,MOVE_JOINT
0.198000,0.483487,-0.086638,-0.074146,0.002265,-0.001298,0.002247,0.000000,MOVE_JOINT
0.199000,0.483488,-0.086640,-0.074146,0.002134,-0.001265,0.001862,0.000000,MOVE_JOINT
0.200000,0.483489,-0.086638,-0.074145,0.001303,-0.000625,0.001312,0.000000,MOVE_JOINT
0.201000,0.483494,-0.086638,-0.074142,0.002162,-0.000315,0.001707,0.000000,MOVE_JOINT
0.202000,0.483494,-0.086640,-0.074140,0.001504,-0.000658,0.001787,0.000000,MOVE_JOINT
0.203000,0.483495,-0.086639,-0.074140,0.001582,-0.000185,0.001351,0.000000,MOVE_JOINT
0.204000,0.483498,-0.086642,-0.074138,0.001289,-0.000612,0.001049,0.000000,MOVE_JOINT
0.205000,0.483501,-0.086640,-0.074136,0.002286,-0.000052,0.001779,0.000000,MOVE_JOINT
0.206000,0.483502,-0.086643,-0.074134,0.002387,-0.001236,0.002130,0.000000,MOVE_JOINT
0.207000,0.483504,-0.086643,-0.074132,0.002147,-0.001120,0.002010,0.000000,MOVE_JOINT
0.208000,0.483506,-0.086642,-0.074131,0.002317,-0.000584,0.001624,0.000000,MOVE_JOINT
0.209000,0.483507,-0.086642,-0.074131,0.001386,0.000136,0.001015,0.000000,MOVE_JOINT
0.210000,0.483511,-0.086645,-0.074127,0.001986,-0.001550,0.002194,0.000000,MOVE_JOINT
0.211000,0.483510,-0.086643,-0.074127,0.001374,-0.000168,0.001516,0.000000,MOVE_JOINT
0.212000,0.483516,-0.086643,-0.074124,0.002132,-0.000124,0.001593,0.000000,MOVE_JOINT
0.213000,0.483518,-0.086642,-0.074121,0.002010,0.000402,0.001935,0.000000,MOVE_JOINT
0.214000,0.483518,-0.086644,-0.074120,0.000973,-0.000428,0.001304,0.000000,MOVE_JOINT
0.215000,0.483522,-0.086646,-0.074117,0.001465,-0.001622,0.002251,0.000000,MOVE_JOINT
0.216000,0.483526,-0.086644,-0.074115,0.001852,-0.000187,0.001826,0.000000,MOVE_JOINT
0.217000,0.483529,-0.086646,-0.074112,0.002223,-0.001233,0.002681,0.000000,MOVE_JOINT
0.218000,0.483534,-0.086647,-0.074109,0.002161,-0.001118,0.002407,0.000000,MOVE_JOINT
0.219000,0.483535,-0.086646,-0.074107,0.001401,-0.000747,0.002022,0.000000,MOVE_JOINT
0.220000,0.483539,-0.086645,-0.074105,0.001902,-0.000413,0.001862,0.000000,MOVE_JOINT
0.221000,0.483541,-0.086648,-0.074103,0.001998,-0.001770,0.002001,0.000000,MOVE_JOINT
0.222000,0.483539,-0.086654,-0.074103,0.000551,-0.002474,0.001229,0.000000,MOVE_JOINT
0.223000,0.483546,-0.086652,-0.074097,0.002580,-0.001107,0.002428,0.000000,MOVE_JOINT
0.224000,0.483548,-0.086655,-0.074095,0.002330,-0.001716,0.002344,0.000000,MOVE_JOINT
0.225000,0.483550,-0.086655,-0.074093,0.002126,-0.001882,0.002308,0.000000,MOVE_JOINT
0.226000,0.483553,-0.086655,-0.074092,0.003058,-0.000777,0.002122,0.000000,MOVE_JOINT
0.227000,0.483556,-0.086660,-0.074087,0.003640,-0.001832,0.002968,0.000000,MOVE_JOINT
0.228000,0.483562,-0.086659,-0.074083,0.004170,-0.001496,0.003322,0.000000,MOVE_JOINT
0.229000,0.483564,-0.086662,-0.074081,0.003800,-0.002551,0.003475,0.000000,MOVE_JOINT
0.230000,0.483566,-0.086662,-0.074080,0.002762,-0.002221,0.002872,0.000000,MOVE_JOINT
0.231000,0.483568,-0.086662,-0.074077,0.002614,-0.001715,0.002710,0.000000,MOVE_JOINT
0.232000,0.483570,-0.086667,-0.074075,0.003031,-0.002284,0.002741,0.000000,MOVE_JOINT
0.233000,0.483577,-0.086669,-0.074071,0.004030,-0.002579,0.002994,0.000000,MOVE_JOINT
0.234000,0.483582,-0.086670,-0.074066,0.004686,-0.001590,0.003690,0.000000,MOVE_JOINT
0.235000,0.483587,-0.086669,-0.074062,0.005413,-0.000334,0.003764,0.000000,MOVE_JOINT
0.236000,0.483586,-0.086672,-0.074063,0.003526,-0.001516,0.002647,0.000000,MOVE_JOINT
0.237000,0.483593,-0.086674,-0.074057,0.004755,-0.001420,0.003478,0.000000,MOVE_JOINT
0.238000,0.483595,-0.086678,-0.074054,0.004142,-0.002044,0.003317,0.000000,MOVE_JOINT
0.239000,0.483600,-0.086682,-0.074049,0.004495,-0.002273,0.003842,0.000000,MOVE_JOINT
0.240000,0.483602,-0.086683,-0.074049,0.003604,-0.002028,0.002717,0.000000,MOVE_JOINT
0.241000,0.483611,-0.086686,-0.074041,0.005106,-0.002029,0.004285,0.000000,MOVE_JOINT
0.242000,0.483613,-0.086684,-0.074040,0.004170,-0.000356,0.002971,0.000000,MOVE_JOINT
0.243000,0.483615,-0.086689,-0.074037,0.004067,-0.001121,0.003213,0.000000,MOVE_JOINT
0.244000,0.483620,-0.086691,-0.074033,0.003803,-0.001860,0.003048,0.000000,MOVE_JOINT
0.245000,0.483626,-0.086691,-0.074028,0.003991,-0.001751,0.003735,0.000000,MOVE_JOINT
0.246000,0.483631,-0.086695,-0.074024,0.004057,-0.002366,0.003683,0.000000,MOVE_JOINT
0.247000,0.483635,-0.086698,-0.074020,0.004949,-0.002169,0.004150,0.000000,MOVE_JOINT
0.248000,0.483640,-0.086700,-0.074016,0.005297,-0.002352,0.004430,0.000000,MOVE_JOINT
0.249000,0.483646,-0.086696,-0.074012,0.005029,-0.000350,0.003975,0.000000,MOVE_JOINT
0.250000,0.483653,-0.086696,-0.074008,0.005851,0.000170,0.004132,0.000000,MOVE_JOINT
0.251000,0.483657,-0.086701,-0.074003,0.005500,-0.001167,0.004236,0.000000,MOVE_JOINT
0.252000,0.483659,-0.086703,-0.074001,0.004564,-0.001003,0.003807,0.000000,MOVE_JOINT
0.253000,0.483666,-0.086705,-0.073996,0.005120,-0.000983,0.004161,0.000000,MOVE_JOINT
0.254000,0.483669,-0.086702,-0.073994,0.004387,0.000153,0.003418,0.000000,MOVE_JOINT
0.255000,0.483675,-0.086708,-0.073988,0.005548,-0.001271,0.004407,0.000000,MOVE_JOINT
0.256000,0.483681,-0.086707,-0.073983,0.005805,-0.000599,0.004709,0.000000,MOVE_JOINT
0.257000,0.483687,-0.086710,-0.073978,0.006096,-0.001389,0.004830,0.000000,MOVE_JOINT
0.258000,0.483690,-0.086711,-0.073975,0.005889,-0.000862,0.004501,0.000000,MOVE_JOINT
0.259000,0.483698,-0.086716,-0.073968,0.006646,-0.002064,0.005523,0.000000,MOVE_JOINT
0.260000,0.483704,-0.086717,-0.073964,0.006089,-0.001638,0.004889,0.000000,MOVE_JOINT
0.261000,0.483708,-0.086721,-0.073959,0.005497,-0.002009,0.004813,0.000000,MOVE_JOINT
0.262000,0.483712,-0.086722,-0.073955,0.005462,-0.002010,0.004731,0.000000,MOVE_JOINT
0.263000,0.483720,-0.086726,-0.073948,0.005613,-0.002405,0.005019,0.000000,MOVE_JOINT
0.264000,0.483722,-0.086726,-0.073946,0.004119,-0.002074,0.003838,0.000000,MOVE_JOINT
0.265000,0.483727,-0.086729,-0.073941,0.004713,-0.002666,0.004418,0.000000,MOVE_JOINT
0.266000,0.483734,-0.086733,-0.073935,0.005553,-0.003036,0.004919,0.000000,MOVE_JOINT
0.267000,0.483740,-0.086733,-0.073930,0.005698,-0.002407,0.004945,0.000000,MOVE_JOINT
0.268000,0.483747,-0.086735,-0.073924,0.006086,-0.002748,0.005240,0.000000,MOVE_JOINT
0.269000,0.483753,-0.086742,-0.073918,0.005428,-0.004915,0.005563,0.000000,MOVE_JOINT
0.270000,0.483761,-0.086746,-0.073912,0.006011,-0.004038,0.005830,0.000000,MOVE_JOINT
0.271000,0.483764,-0.086744,-0.073909,0.004222,-0.002583,0.004433,0.000000,MOVE_JOINT
0.272000,0.483769,-0.086750,-0.073902,0.004613,-0.003757,0.005043,0.000000,MOVE_JOINT
0.273000,0.483778,-0.086753,-0.073895,0.005810,-0.003628,0.005952,0.000000,MOVE_JOINT
0.274000,0.483784,-0.086752,-0.073891,0.005128,-0.002517,0.005428,0.000000,MOVE_JOINT
0.275000,0.483788,-0.086758,-0.073886,0.004132,-0.004054,0.005063,0.000000,MOVE_JOINT
0.276000,0.483794,-0.086763,-0.073879,0.004644,-0.004633,0.005647,0.000000,MOVE_JOINT
0.277000,0.483802,-0.086765,-0.073873,0.006197,-0.004001,0.006397,0.000000,MOVE_JOINT
0.278000,0.483812,-0.086768,-0.073865,0.006772,-0.003718,0.006501,0.000000,MOVE_JOINT
0.279000,0.483814,-0.086771,-0.073862,0.005683,-0.003509,0.005571,0.000000,MOVE_JOINT
0.280000,0.483820,-0.086774,-0.073856,0.005051,-0.003771,0.005413,0.000000,MOVE_JOINT
0.281000,0.483830,-0.086778,-0.073848,0.006090,-0.004178,0.006233,0.000000,MOVE_JOINT
0.282000,0.483836,-0.086779,-0.073843,0.006597,-0.002781,0.005715,0.000000,MOVE_JOINT
0.283000,0.483841,-0.086788,-0.073836,0.006797,-0.004884,0.006719,0.000000,MOVE_JOINT
0.284000,0.483848,-0.086789,-0.073831,0.006710,-0.004056,0.006412,0.000000,MOVE_JOINT
0.285000,0.483856,-0.086790,-0.073825,0.006728,-0.003278,0.006063,0.000000,MOVE_JOINT
0.286000,0.483865,-0.086791,-0.073818,0.007315,-0.002262,0.006090,0.000000,MOVE_JOINT
0.287000,0.483873,-0.086795,-0.073811,0.007382,-0.002641,0.006278,0.000000,MOVE_JOINT
0.288000,0.483883,-0.086802,-0.073803,0.008058,-0.004237,0.006806,0.000000,MOVE_JOINT
0.289000,0.483885,-0.086805,-0.073799,0.006867,-0.003981,0.006329,0.000000,MOVE_JOINT
0.290000,0.483891,-0.086809,-0.073792,0.007153,-0.004288,0.006826,0.000000,MOVE_JOINT
0.291000,0.483903,-0.086811,-0.073783,0.007929,-0.003700,0.007211,0.000000,MOVE_JOINT
0.292000,0.483908,-0.086815,-0.073778,0.007094,-0.004089,0.006843,0.000000,MOVE_JOINT
0.293000,0.483918,-0.086823,-0.073769,0.007941,-0.005296,0.007512,0.000000,MOVE_JOINT
0.294000,0.483924,-0.086825,-0.073764,0.007715,-0.003705,0.006866,0.000000,MOVE_JOINT
0.295000,0.483933,-0.086828,-0.073756,0.008665,-0.003650,0.007320,0.000000,MOVE_JOINT
0.296000,0.483941,-0.086830,-0.073749,0.008481,-0.003152,0.007151,0.000000,MOVE_JOINT
0.297000,0.483946,-0.086836,-0.073743,0.007905,-0.003591,0.006786,0.000000,MOVE_JOINT
0.298000,0.483954,-0.086839,-0.073736,0.008010,-0.003503,0.006989,0.000000,MOVE_JOINT
0.299000,0.483967,-0.086839,-0.073727,0.009189,-0.002779,0.007432,0.000000,MOVE_JOINT
0.300000,0.483969,-0.086846,-0.073721,0.007136,-0.003608,0.006966,0.000000,MOVE_JOINT
0.301000,0.483980,-0.086848,-0.073713,0.008058,-0.003326,0.007445,0.000000,MOVE_JOINT
0.302000,0.483991,-0.086852,-0.073705,0.009512,-0.003774,0.007861,0.000000,MOVE_JOINT
0.303000,0.483999,-0.086856,-0.073696,0.008995,-0.003583,0.007878,0.000000,MOVE_JOINT
0.304000,0.484006,-0.086859,-0.073690,0.008383,-0.003003,0.007361,0.000000,MOVE_JOINT
0.305000,0.484013,-0.086863,-0.073682,0.007726,-0.003900,0.007289,0.000000,MOVE_JOINT
0.306000,0.484029,-0.086866,-0.073670,0.009994,-0.003252,0.008655,0.000000,MOVE_JOINT
0.307000,0.484033,-0.086872,-0.073665,0.008057,-0.004277,0.007437,0.000000,MOVE_JOINT
0.308000,0.484044,-0.086876,-0.073655,0.008891,-0.004527,0.008125,0.000000,MOVE_JOINT
0.309000,0.484050,-0.086879,-0.073648,0.007777,-0.004036,0.007870,0.000000,MOVE_JOINT
0.310000,0.484058,-0.086880,-0.073642,0.007868,-0.003425,0.007064,0.000000,MOVE_JOINT
0.311000,0.484070,-0.086887,-0.073631,0.009078,-0.004444,0.008493,0.000000,MOVE_JOINT
0.312000,0.484078,-0.086891,-0.073623,0.009259,-0.004280,0.008479,0.000000,MOVE_JOINT
0.313000,0.484085,-0.086892,-0.073617,0.009272,-0.003479,0.008291,0.000000,MOVE_JOINT
0.314000,0.484093,-0.086894,-0.073609,0.008669,-0.003418,0.008147,0.000000,MOVE_JOINT
0.315000,0.484103,-0.086894,-0.073601,0.008956,-0.002212,0.008205,0.000000,MOVE_JOINT
0.316000,0.484109,-0.086898,-0.073594,0.008385,-0.002702,0.007853,0.000000,MOVE_JOINT
0.317000,0.484116,-0.086900,-0.073586,0.007984,-0.002080,0.007689,0.000000,MOVE_JOINT
0.318000,0.484123,-0.086905,-0.073579,0.007646,-0.003256,0.007597,0.000000,MOVE_JOINT
0.319000,0.484136,-0.086903,-0.073570,0.009284,-0.001638,0.008177,0.000000,MOVE_JOINT
0.320000,0.484141,-0.086906,-0.073564,0.008402,-0.001569,0.007680,0.000000,MOVE_JOINT
0.321000,0.484148,-0.086908,-0.073557,0.007338,-0.001702,0.007162,0.000000,MOVE_JOINT
0.322000,0.484159,-0.086910,-0.073547,0.008383,-0.001781,0.007847,0.000000,MOVE_JOINT
0.323000,0.484167,-0.086912,-0.073540,0.008396,-0.001990,0.007685,0.000000,MOVE_JOINT
0.324000,0.484174,-0.086913,-0.073533,0.007679,-0.001389,0.007231,0.000000,MOVE_JOINT
0.325000,0.484188,-0.086913,-0.073524,0.009236,-0.001065,0.007756,0.000000,MOVE_JOINT
0.326000,0.484194,-0.086916,-0.073517,0.008314,-0.001422,0.007351,0.000000,MOVE_JOINT
0.327000,0.484201,-0.086922,-0.073509,0.007824,-0.002812,0.007474,0.000000,MOVE_JOINT
0.328000,0.484213,-0.086922,-0.073500,0.008969,-0.002261,0.007901,0.000000,MOVE_JOINT
0.329000,0.484224,-0.086923,-0.073490,0.009384,-0.001794,0.008372,0.000000,MOVE_JOINT
0.330000,0.484233,-0.086930,-0.073482,0.009045,-0.003831,0.008534,0.000000,MOVE_JOINT
0.331000,0.484243,-0.086930,-0.073474,0.008991,-0.002389,0.008205,0.000000,MOVE_JOINT
0.332000,0.484253,-0.086935,-0.073465,0.009747,-0.002959,0.008414,0.000000,MOVE_JOINT
0.333000,0.484266,-0.086938,-0.073454,0.010723,-0.002792,0.009236,0.000000,MOVE_JOINT
0.334000,0.484275,-0.086941,-0.073446,0.010801,-0.002919,0.009167,0.000000,MOVE_JOINT
0.335000,0.484289,-0.086947,-0.073435,0.011770,-0.003823,0.009860,0.000000,MOVE_JOINT
0.336000,0.484301,-0.086948,-0.073425,0.012177,-0.002838,0.010109,0.000000,MOVE_JOINT
0.337000,0.484314,-0.086952,-0.073415,0.012721,-0.003082,0.010386,0.000000,MOVE_JOINT
0.338000,0.484324,-0.086957,-0.073405,0.011603,-0.003999,0.010009,0.000000,MOVE_JOINT
0.339000,0.484336,-0.086959,-0.073396,0.011890,-0.002758,0.009728,0.000000,MOVE_JOINT
0.340000,0.484351,-0.086966,-0.073383,0.012909,-0.004291,0.010822,0.000000,MOVE_JOINT
0.341000,0.484360,-0.086969,-0.073375,0.011462,-0.003922,0.009653,0.000000,MOVE_JOINT
0.342000,0.484370,-0.086971,-0.073367,0.011191,-0.003971,0.009466,0.000000,MOVE_JOINT
0.343000,0.484386,-0.086979,-0.073353,0.012800,-0.004025,0.010669,0.000000,MOVE_JOINT
0.344000,0.484399,-0.086981,-0.073342,0.012988,-0.002693,0.010542,0.000000,MOVE_JOINT
0.345000,0.484413,-0.086986,-0.073331,0.012870,-0.003125,0.010404,0.000000,MOVE_JOINT
0.346000,0.484422,-0.086989,-0.073322,0.012161,-0.003261,0.010138,0.000000,MOVE_JOINT
0.347000,0.484436,-0.086992,-0.073310,0.012226,-0.003379,0.010496,0.000000,MOVE_JOINT
0.348000,0.484445,-0.086999,-0.073301,0.010534,-0.004289,0.009538,0.000000,MOVE_JOINT
0.349000,0.484460,-0.087003,-0.073289,0.011627,-0.004511,0.010161,0.000000,MOVE_JOINT
0.350000,0.484473,-0.087009,-0.073277,0.012097,-0.005319,0.011050,0.000000,MOVE_JOINT
0.351000,0.484484,-0.087008,-0.073268,0.011933,-0.004417,0.010490,0.000000,MOVE_JOINT
0.352000,0.484496,-0.087012,-0.073258,0.011633,-0.004316,0.010228,0.000000,MOVE_JOINT
0.353000,0.484508,-0.087014,-0.073248,0.011523,-0.004353,0.010188,0.000000,MOVE_JOINT
0.354000,0.484520,-0.087021,-0.073236,0.012513,-0.004458,0.010993,0.000000,MOVE_JOINT
0.355000,0.484536,-0.087025,-0.073223,0.013321,-0.004363,0.011454,0.000000,MOVE_JOINT
0.356000,0.484545,-0.087032,-0.073213,0.012213,-0.005080,0.011230,0.000000,MOVE_JOINT
0.357000,0.484558,-0.087032,-0.073203,0.012261,-0.003228,0.010857,0.000000,MOVE_JOINT
0.358000,0.484574,-0.087040,-0.073190,0.012859,-0.004738,0.011307,0.000000,MOVE_JOINT
0.359000,0.484584,-0.087047,-0.073178,0.012592,-0.005453,0.011573,0.000000,MOVE_JOINT
0.360000,0.484598,-0.087051,-0.073165,0.012647,-0.004731,0.011443,0.000000,MOVE_JOINT
0.361000,0.484612,-0.087054,-0.073154,0.013189,-0.003933,0.011428,0.000000,MOVE_JOINT
0.362000,0.484622,-0.087059,-0.073145,0.012150,-0.004198,0.010846,0.000000,MOVE_JOINT
0.363000,0.484636,-0.087065,-0.073132,0.012048,-0.004779,0.011195,0.000000,MOVE_JOINT
0.364000,0.484649,-0.087070,-0.073120,0.012750,-0.004642,0.011505,0.000000,MOVE_JOINT
0.365000,0.484659,-0.087074,-0.073110,0.011321,-0.004030,0.010899,0.000000,MOVE_JOINT
0.366000,0.484677,-0.087077,-0.073097,0.012976,-0.003971,0.011563,0.000000,MOVE_JOINT
0.367000,0.484687,-0.087082,-0.073086,0.012692,-0.004557,0.011562,0.000000,MOVE_JOINT
0.368000,0.484698,-0.087091,-0.073074,0.012099,-0.006145,0.011819,0.000000,MOVE_JOINT
0.369000,0.484711,-0.087096,-0.073061,0.012438,-0.006050,0.012255,0.000000,MOVE_JOINT
0.370000,0.484725,-0.087100,-0.073049,0.012353,-0.005042,0.011976,0.000000,MOVE_JOINT
0.371000,0.484738,-0.087109,-0.073036,0.012880,-0.006523,0.012448,0.000000,MOVE_JOINT
0.372000,0.484748,-0.087113,-0.073027,0.011870,-0.006059,0.011521,0.000000,MOVE_JOINT
0.373000,0.484764,-0.087120,-0.073012,0.013254,-0.005594,0.012551,0.000000,MOVE_JOINT
0.374000,0.484777,-0.087129,-0.072999,0.013098,-0.006314,0.012435,0.000000,MOVE_JOINT
0.375000,0.484792,-0.087134,-0.072986,0.012748,-0.005552,0.012445,0.000000,MOVE_JOINT
0.376000,0.484806,-0.087139,-0.072973,0.013555,-0.005805,0.012798,0.000000,MOVE_JOINT
0.377000,0.484820,-0.087142,-0.072960,0.013979,-0.005310,0.013012,0.000000,MOVE_JOINT
0.378000,0.484836,-0.087150,-0.072946,0.014409,-0.006275,0.013399,0.000000,MOVE_JOINT
0.379000,0.484850,-0.087151,-0.072934,0.014582,-0.005138,0.013255,0.000000,MOVE_JOINT
0.380000,0.484862,-0.087160,-0.072921,0.014271,-0.005786,0.013357,0.000000,MOVE_JOINT
0.381000,0.484873,-0.087165,-0.072910,0.013299,-0.005360,0.012533,0.000000,MOVE_JOINT
0.382000,0.484890,-0.087171,-0.072895,0.014575,-0.005925,0.013449,0.000000,MOVE_JOINT
0.383000,0.484904,-0.087175,-0.072882,0.014289,-0.005580,0.013301,0.000000,MOVE_JOINT
0.384000,0.484916,-0.087180,-0.072870,0.013576,-0.004848,0.012800,0.000000,MOVE_JOINT
0.385000,0.484932,-0.087187,-0.072853,0.015071,-0.005834,0.014318,0.000000,MOVE_JOINT
0.386000,0.484943,-0.087197,-0.072841,0.013487,-0.008414,0.013979,0.000000,MOVE_JOINT
0.387000,0.484959,-0.087201,-0.072826,0.014509,-0.007064,0.014438,0.000000,MOVE_JOINT
0.388000,0.484976,-0.087206,-0.072811,0.015418,-0.006665,0.014729,0.000000,MOVE_JOINT
0.389000,0.484987,-0.087216,-0.072798,0.014492,-0.007756,0.014552,0.000000,MOVE_JOINT
0.390000,0.485007,-0.087222,-0.072781,0.016176,-0.007469,0.015440,0.000000,MOVE_JOINT
0.391000,0.485016,-0.087231,-0.072768,0.014366,-0.007884,0.014866,0.000000,MOVE_JOINT
0.392000,0.485034,-0.087238,-0.072752,0.015190,-0.007568,0.015084,0.000000,MOVE_JOINT
0.393000,0.485048,-0.087247,-0.072737,0.015070,-0.007813,0.015138,0.000000,MOVE_JOINT
0.394000,0.485065,-0.087254,-0.072719,0.015320,-0.007695,0.015534,0.000000,MOVE_JOINT
0.395000,0.485078,-0.087260,-0.072706,0.013812,-0.007535,0.014630,0.000000,MOVE_JOINT
0.396000,0.485093,-0.087270,-0.072690,0.013472,-0.008964,0.014883,0.000000,MOVE_JOINT
0.397000,0.485108,-0.087279,-0.072674,0.014134,-0.008511,0.015222,0.000000,MOVE_JOINT
0.398000,0.485129,-0.087288,-0.072655,0.015955,-0.009123,0.016474,0.000000,MOVE_JOINT
0.399000,0.485142,-0.087297,-0.072640,0.014999,-0.008634,0.015862,0.000000,MOVE_JOINT
0.400000,0.485155,-0.087307,-0.072624,0.014421,-0.009331,0.015988,0.000000,MOVE_JOINT
0.401000,0.485169,-0.087318,-0.072608,0.013893,-0.009321,0.015894,0.000000,MOVE_JOINT
0.402000,0.485185,-0.087331,-0.072590,0.014405,-0.010204,0.016291,0.000000,MOVE_JOINT
0.403000,0.485195,-0.087343,-0.072573,0.012811,-0.010565,0.016423,0.000000,MOVE_JOINT
0.404000,0.485205,-0.087354,-0.072558,0.011547,-0.011301,0.016093,0.000000,MOVE_JOINT
0.405000,0.485220,-0.087368,-0.072539,0.012216,-0.012265,0.016900,0.000000,MOVE_JOINT
0.406000,0.485230,-0.087381,-0.072522,0.012113,-0.012295,0.016942,0.000000,MOVE_JOINT
0.407000,0.485240,-0.087393,-0.072505,0.011444,-0.011467,0.016798,0.000000,MOVE_JOINT
0.408000,0.485247,-0.087410,-0.072489,0.009647,-0.013810,0.016574,0.000000,MOVE_JOINT
0.409000,0.485257,-0.087422,-0.072474,0.009712,-0.013419,0.016392,0.000000,MOVE_JOINT
0.410000,0.485272,-0.087432,-0.072455,0.011330,-0.012564,0.017334,0.000000,MOVE_JOINT
0.411000,0.485280,-0.087443,-0.072440,0.010495,-0.012435,0.016656,0.000000,MOVE_JOINT
0.412000,0.485290,-0.087455,-0.072424,0.009933,-0.012286,0.016129,0.000000,MOVE_JOINT
0.413000,0.485303,-0.087467,-0.072406,0.011190,-0.012075,0.017095,0.000000,MOVE_JOINT
0.414000,0.485314,-0.087480,-0.072390,0.010893,-0.011710,0.016445,0.000000,MOVE_JOINT
0.415000,0.485327,-0.087492,-0.072372,0.011574,-0.011999,0.016964,0.000000,MOVE_JOINT
0.416000,0.485343,-0.087500,-0.072354,0.013152,-0.010993,0.017507,0.000000,MOVE_JOINT
0.417000,0.485353,-0.087514,-0.072338,0.011685,-0.011527,0.016795,0.000000,MOVE_JOINT
0.418000,0.485368,-0.087521,-0.072321,0.013009,-0.009798,0.016833,0.000000,MOVE_JOINT
0.419000,0.485383,-0.087532,-0.072303,0.013379,-0.010537,0.017019,0.000000,MOVE_JOINT
0.420000,0.485396,-0.087541,-0.072288,0.012920,-0.010566,0.016498,0.000000,MOVE_JOINT
0.421000,0.485413,-0.087552,-0.072269,0.014568,-0.010287,0.017311,0.000000,MOVE_JOINT
0.422000,0.485430,-0.087558,-0.072251,0.015396,-0.009007,0.017523,0.000000,MOVE_JOINT
0.423000,0.485448,-0.087569,-0.072232,0.016372,-0.009741,0.017996,0.000000,MOVE_JOINT
0.424000,0.485463,-0.087575,-0.072216,0.016314,-0.008518,0.017689,0.000000,MOVE_JOINT
0.425000,0.485478,-0.087588,-0.072198,0.015514,-0.009409,0.017422,0.000000,MOVE_JOINT
0.426000,0.485494,-0.087597,-0.072180,0.015904,-0.009676,0.017920,0.000000,MOVE_JOINT
0.427000,0.485511,-0.087607,-0.072162,0.015605,-0.009266,0.017611,0.000000,MOVE_JOINT
0.428000,0.485527,-0.087616,-0.072144,0.016292,-0.009006,0.017981,0.000000,MOVE_JOINT
0.429000,0.485544,-0.087631,-0.072125,0.017125,-0.010684,0.018708,0.000000,MOVE_JOINT
0.430000,0.485562,-0.087636,-0.072107,0.017434,-0.009601,0.018822,0.000000,MOVE_JOINT
0.431000,0.485583,-0.087644,-0.072088,0.018771,-0.009369,0.019181,0.000000,MOVE_JOINT
0.432000,0.485601,-0.087658,-0.072066,0.019323,-0.010712,0.020227,0.000000,MOVE_JOINT
0.433000,0.485622,-0.087668,-0.072047,0.019199,-0.010000,0.019946,0.000000,MOVE_JOINT
0.434000,0.485640,-0.087673,-0.072029,0.019159,-0.008869,0.019385,0.000000,MOVE_JOINT
0.435000,0.485658,-0.087688,-0.072009,0.018848,-0.010835,0.019765,0.000000,MOVE_JOINT
0.436000,0.485678,-0.087702,-0.071987,0.019231,-0.011496,0.020193,0.000000,MOVE_JOINT
0.437000,0.485697,-0.087711,-0.071969,0.019492,-0.010955,0.019970,0.000000,MOVE_JOINT
0.438000,0.485716,-0.087724,-0.071948,0.018878,-0.011462,0.019891,0.000000,MOVE_JOINT
0.439000,0.485735,-0.087731,-0.071929,0.018449,-0.010269,0.019360,0.000000,MOVE_JOINT
0.440000,0.485751,-0.087742,-0.071910,0.018221,-0.010697,0.019363,0.000000,MOVE_JOINT
0.441000,0.485769,-0.087754,-0.071891,0.018552,-0.011087,0.019457,0.000000,MOVE_JOINT
0.442000,0.485787,-0.087762,-0.071872,0.018555,-0.009925,0.019278,0.000000,MOVE_JOINT
0.443000,0.485802,-0.087776,-0.071853,0.017758,-0.010683,0.019122,0.000000,MOVE_JOINT
0.444000,0.485820,-0.087787,-0.071834,0.018126,-0.011007,0.019653,0.000000,MOVE_JOINT
0.445000,0.485838,-0.087795,-0.071814,0.018569,-0.009064,0.019242,0.000000,MOVE_JOINT
0.446000,0.485855,-0.087810,-0.071794,0.018100,-0.011178,0.019359,0.000000,MOVE_JOINT
0.447000,0.485870,-0.087825,-0.071775,0.017602,-0.012401,0.019443,0.000000,MOVE_JOINT
0.448000,0.485890,-0.087835,-0.071754,0.018359,-0.011618,0.020085,0.000000,MOVE_JOINT
0.449000,0.485907,-0.087848,-0.071733,0.018594,-0.012064,0.020612,0.000000,MOVE_JOINT
0.450000,0.485923,-0.087863,-0.071713,0.017575,-0.013023,0.020246,0.000000,MOVE_JOINT
0.451000,0.485939,-0.087876,-0.071695,0.017308,-0.012790,0.019711,0.000000,MOVE_JOINT
0.452000,0.485961,-0.087887,-0.071671,0.019244,-0.011917,0.021079,0.000000,MOVE_JOINT
0.453000,0.485977,-0.087904,-0.071651,0.017860,-0.013532,0.020579,0.000000,MOVE_JOINT
0.454000,0.485988,-0.087919,-0.071634,0.015831,-0.014622,0.019861,0.000000,MOVE_JOINT
0.455000,0.486010,-0.087926,-0.071611,0.017219,-0.013075,0.020663,0.000000,MOVE_JOINT
0.456000,0.486030,-0.087941,-0.071589,0.017502,-0.013477,0.020901,0.000000,MOVE_JOINT
0.457000,0.486048,-0.087959,-0.071566,0.017881,-0.015001,0.021506,0.000000,MOVE_JOINT
0.458000,0.486069,-0.087976,-0.071542,0.019140,-0.015724,0.022364,0.000000,MOVE_JOINT
0.459000,0.486089,-0.087991,-0.071519,0.019330,-0.016413,0.022727,0.000000,MOVE_JOINT
0.460000,0.486111,-0.088005,-0.071495,0.019172,-0.016109,0.022714,0.000000,MOVE_JOINT
0.461000,0.486134,-0.088023,-0.071469,0.020059,-0.016643,0.023528,0.000000,MOVE_JOINT
0.462000,0.486151,-0.088045,-0.071446,0.019693,-0.018527,0.023599,0.000000,MOVE_JOINT
0.463000,0.486180,-0.088059,-0.071419,0.021731,-0.017645,0.024481,0.000000,MOVE_JOINT
0.464000,0.486200,-0.088076,-0.071394,0.021571,-0.017352,0.024514,0.000000,MOVE_JOINT
0.465000,0.486219,-0.088092,-0.071371,0.020511,-0.017335,0.024060,0.000000,MOVE_JOINT
0.466000,0.486242,-0.088110,-0.071345,0.020958,-0.017615,0.024305,0.000000,MOVE_JOINT
0.467000,0.486264,-0.088130,-0.071320,0.021609,-0.018011,0.024542,0.000000,MOVE_JOINT
0.468000,0.486282,-0.088145,-0.071298,0.020161,-0.018230,0.023757,0.000000,MOVE_JOINT
0.469000,0.486304,-0.088164,-0.071272,0.020302,-0.018593,0.024202,0.000000,MOVE_JOINT
0.470000,0.486320,-0.088181,-0.071252,0.019085,-0.017996,0.023185,0.000000,MOVE_JOINT
0.471000,0.486345,-0.088198,-0.071224,0.020174,-0.017841,0.024090,0.000000,MOVE_JOINT
0.472000,0.486365,-0.088214,-0.071200,0.020515,-0.017219,0.024287,0.000000,MOVE_JOINT
0.473000,0.486385,-0.088235,-0.071175,0.020256,-0.018219,0.024598,0.000000,MOVE_JOINT
0.474000,0.486404,-0.088251,-0.071153,0.019307,-0.017390,0.023622,0.000000,MOVE_JOINT
0.475000,0.486420,-0.088269,-0.071130,0.018752,-0.017506,0.023416,0.000000,MOVE_JOINT
0.476000,0.486441,-0.088289,-0.071104,0.018903,-0.018276,0.024205,0.000000,MOVE_JOINT
0.477000,0.486463,-0.088306,-0.071079,0.019000,-0.018226,0.024155,0.000000,MOVE_JOINT
0.478000,0.486481,-0.088327,-0.071053,0.018787,-0.019068,0.024667,0.000000,MOVE_JOINT
0.479000,0.486500,-0.088345,-0.071029,0.018683,-0.019322,0.024855,0.000000,MOVE_JOINT
0.480000,0.486521,-0.088360,-0.071004,0.018889,-0.017687,0.024603,0.000000,MOVE_JOINT
0.481000,0.486541,-0.088378,-0.070978,0.019947,-0.017525,0.025374,0.000000,MOVE_JOINT
0.482000,0.486563,-0.088401,-0.070950,0.020623,-0.018404,0.026158,0.000000,MOVE_JOINT
0.483000,0.486584,-0.088420,-0.070923,0.021301,-0.018773,0.026653,0.000000,MOVE_JOINT
0.484000,0.486602,-0.088438,-0.070899,0.019747,-0.018779,0.025779,0.000000,MOVE_JOINT
0.485000,0.486622,-0.088457,-0.070873,0.020209,-0.018794,0.026148,0.000000,MOVE_JOINT
0.486000,0.486650,-0.088472,-0.070844,0.022635,-0.017701,0.027384,0.000000,MOVE_JOINT
0.487000,0.486668,-0.088492,-0.070818,0.020984,-0.018570,0.026638,0.000000,MOVE_JOINT
0.488000,0.486686,-0.088510,-0.070795,0.020141,-0.018167,0.025848,0.000000,MOVE_JOINT
0.489000,0.486710,-0.088526,-0.070767,0.021518,-0.017852,0.026782,0.000000,MOVE_JOINT
0.490000,0.486730,-0.088546,-0.070740,0.020749,-0.019131,0.026664,0.000000,MOVE_JOINT
0.491000,0.486749,-0.088564,-0.070716,0.020325,-0.019899,0.026384,0.000000,MOVE_JOINT
0.492000,0.486772,-0.088581,-0.070689,0.020517,-0.019034,0.026263,0.000000,MOVE_JOINT
0.493000,0.486794,-0.088600,-0.070661,0.021003,-0.019232,0.026764,0.000000,MOVE_JOINT
0.494000,0.486817,-0.088614,-0.070635,0.020882,-0.017687,0.026321,0.000000,MOVE_JOINT
0.495000,0.486833,-0.088638,-0.070609,0.019311,-0.019392,0.025794,0.000000,MOVE_JOINT
0.496000,0.486855,-0.088655,-0.070582,0.020263,-0.018423,0.026011,0.000000,MOVE_JOINT
0.497000,0.486874,-0.088677,-0.070556,0.019948,-0.019623,0.026140,0.000000,MOVE_JOINT
0.498000,0.486895,-0.088695,-0.070529,0.021030,-0.019223,0.026755,0.000000,MOVE_JOINT
0.499000,0.486915,-0.088717,-0.070502,0.020795,-0.020442,0.026946,0.000000,MOVE_JOINT
0.500000,0.486936,-0.088737,-0.070474,0.020990,-0.020261,0.027209,0.000000,MOVE_JOINT
0.501000,0.486957,-0.088757,-0.070447,0.021086,-0.020311,0.027311,0.000000,MOVE_JOINT
0.502000,0.486982,-0.088777,-0.070417,0.021587,-0.020493,0.027699,0.000000,MOVE_JOINT
0.503000,0.487003,-0.088795,-0.070390,0.022022,-0.020173,0.027956,0.000000,MOVE_JOINT
0.504000,0.487025,-0.088819,-0.070361,0.022300,-0.021666,0.028599,0.000000,MOVE_JOINT
0.505000,0.487046,-0.088840,-0.070332,0.022016,-0.021219,0.028558,0.000000,MOVE_JOINT
0.506000,0.487069,-0.088861,-0.070303,0.021899,-0.020811,0.028446,0.000000,MOVE_JOINT
0.507000,0.487095,-0.088882,-0.070272,0.023078,-0.020848,0.029513,0.000000,MOVE_JOINT
0.508000,0.487120,-0.088906,-0.070240,0.023748,-0.022221,0.030219,0.000000,MOVE_JOINT
0.509000,0.487138,-0.088928,-0.070212,0.022176,-0.022297,0.029657,0.000000,MOVE_JOINT
0.510000,0.487162,-0.088948,-0.070182,0.021948,-0.021033,0.029134,0.000000,MOVE_JOINT
0.511000,0.487182,-0.088975,-0.070152,0.022148,-0.022150,0.029618,0.000000,MOVE_JOINT
0.512000,0.487206,-0.088996,-0.070121,0.021902,-0.021801,0.029642,0.000000,MOVE_JOINT
0.513000,0.487228,-0.089019,-0.070089,0.021695,-0.022394,0.030022,0.000000,MOVE_JOINT
0.514000,0.487249,-0.089044,-0.070059,0.021948,-0.022883,0.030143,0.000000,MOVE_JOINT
0.515000,0.487269,-0.089073,-0.070029,0.021419,-0.025054,0.030436,0.000000,MOVE_JOINT
0.516000,0.487289,-0.089093,-0.070001,0.021359,-0.023931,0.030098,0.000000,MOVE_JOINT
0.517000,0.487310,-0.089113,-0.069971,0.021681,-0.022650,0.030003,0.000000,MOVE_JOINT
0.518000,0.487330,-0.089138,-0.069942,0.020626,-0.023249,0.029507,0.000000,MOVE_JOINT
0.519000,0.487349,-0.089161,-0.069914,0.020530,-0.023158,0.029319,0.000000,MOVE_JOINT
0.520000,0.487371,-0.089185,-0.069881,0.021103,-0.023767,0.030240,0.000000,MOVE_JOINT
0.521000,0.487391,-0.089204,-0.069854,0.020847,-0.022212,0.029364,0.000000,MOVE_JOINT
0.522000,0.487411,-0.089229,-0.069824,0.020732,-0.022995,0.029663,0.000000,MOVE_JOINT
0.523000,0.487436,-0.089251,-0.069792,0.021459,-0.023125,0.030254,0.000000,MOVE_JOINT
0.524000,0.487456,-0.089272,-0.069763,0.021440,-0.022604,0.030074,0.000000,MOVE_JOINT
0.525000,0.487478,-0.089292,-0.069732,0.021366,-0.022042,0.030201,0.000000,MOVE_JOINT
0.526000,0.487505,-0.089314,-0.069699,0.022756,-0.022430,0.031087,0.000000,MOVE_JOINT
0.527000,0.487524,-0.089335,-0.069670,0.021830,-0.021547,0.030720,0.000000,MOVE_JOINT
0.528000,0.487549,-0.089354,-0.069637,0.022846,-0.020655,0.031020,0.000000,MOVE_JOINT
0.529000,0.487567,-0.089376,-0.069607,0.022086,-0.020726,0.030858,0.000000,MOVE_JOINT
0.530000,0.487591,-0.089397,-0.069576,0.022099,-0.020962,0.030836,0.000000,MOVE_JOINT
0.531000,0.487616,-0.089417,-0.069543,0.022803,-0.020391,0.031319,0.000000,MOVE_JOINT
0.532000,0.487632,-0.089442,-0.069514,0.020590,-0.022244,0.030560,0.000000,MOVE_JOINT
0.533000,0.487660,-0.089458,-0.069481,0.022603,-0.020495,0.031443,0.000000,MOVE_JOINT
0.534000,0.487682,-0.089479,-0.069450,0.021970,-0.020826,0.031170,0.000000,MOVE_JOINT
0.535000,0.487698,-0.089498,-0.069423,0.020357,-0.020378,0.030198,0.000000,MOVE_JOINT
0.536000,0.487717,-0.089521,-0.069393,0.019776,-0.021186,0.030007,0.000000,MOVE_JOINT
0.537000,0.487737,-0.089539,-0.069364,0.019825,-0.019979,0.029870,0.000000,MOVE_JOINT
0.538000,0.487758,-0.089558,-0.069333,0.020499,-0.019392,0.030208,0.000000,MOVE_JOINT
0.539000,0.487779,-0.089581,-0.069302,0.020456,-0.020668,0.030393,0.000000,MOVE_JOINT
0.540000,0.487800,-0.089600,-0.069272,0.020780,-0.020185,0.030274,0.000000,MOVE_JOINT
0.541000,0.487827,-0.089618,-0.069238,0.022804,-0.019434,0.031287,0.000000,MOVE_JOINT
0.542000,0.487849,-0.089640,-0.069206,0.022088,-0.019911,0.031154,0.000000,MOVE_JOINT
0.543000,0.487873,-0.089657,-0.069175,0.022337,-0.019008,0.031217,0.000000,MOVE_JOINT
0.544000,0.487894,-0.089681,-0.069144,0.021842,-0.020713,0.031160,0.000000,MOVE_JOINT
0.545000,0.487919,-0.089704,-0.069109,0.022648,-0.021284,0.032236,0.000000,MOVE_JOINT
0.546000,0.487942,-0.089728,-0.069077,0.022358,-0.022321,0.032063,0.000000,MOVE_JOINT
0.547000,0.487966,-0.089745,-0.069044,0.023003,-0.021013,0.032303,0.000000,MOVE_JOINT
0.548000,0.487991,-0.089770,-0.069009,0.024068,-0.021990,0.033403,0.000000,MOVE_JOINT
0.549000,0.488015,-0.089789,-0.068977,0.023473,-0.021018,0.032510,0.000000,MOVE_JOINT
0.550000,0.488031,-0.089818,-0.068947,0.021520,-0.022637,0.031888,0.000000,MOVE_JOINT
0.551000,0.488058,-0.089836,-0.068913,0.022925,-0.021396,0.032471,0.000000,MOVE_JOINT
0.552000,0.488077,-0.089860,-0.068883,0.021223,-0.022417,0.031498,0.000000,MOVE_JOINT
0.553000,0.488100,-0.089882,-0.068850,0.022162,-0.022444,0.032571,0.000000,MOVE_JOINT
0.554000,0.488120,-0.089907,-0.068817,0.022004,-0.023457,0.032886,0.000000,MOVE_JOINT
0.555000,0.488141,-0.089931,-0.068785,0.021884,-0.023310,0.032912,0.000000,MOVE_JOINT
0.556000,0.488167,-0.089951,-0.068750,0.023027,-0.022139,0.033312,0.000000,MOVE_JOINT
0.557000,0.488190,-0.089974,-0.068718,0.022307,-0.023099,0.033040,0.000000,MOVE_JOINT
0.558000,0.488214,-0.090000,-0.068683,0.023376,-0.023652,0.033654,0.000000,MOVE_JOINT
0.559000,0.488242,-0.090026,-0.068645,0.024728,-0.024466,0.034918,0.000000,MOVE_JOINT
0.560000,0.488267,-0.090049,-0.068611,0.024144,-0.024557,0.034699,0.000000,MOVE_JOINT
0.561000,0.488291,-0.090071,-0.068577,0.024446,-0.023939,0.034683,0.000000,MOVE_JOINT
0.562000,0.488316,-0.090094,-0.068543,0.024884,-0.024084,0.034744,0.000000,MOVE_JOINT
0.563000,0.488340,-0.090119,-0.068507,0.024242,-0.024588,0.035050,0.000000,MOVE_JOINT
0.564000,0.488365,-0.090141,-0.068472,0.024373,-0.023709,0.034691,0.000000,MOVE_JOINT
0.565000,0.488392,-0.090166,-0.068435,0.025010,-0.025143,0.035556,0.000000,MOVE_JOINT
0.566000,0.488408,-0.090197,-0.068403,0.022330,-0.026928,0.034395,0.000000,MOVE_JOINT
0.567000,0.488438,-0.090220,-0.068366,0.024387,-0.026168,0.035376,0.000000,MOVE_JOINT
0.568000,0.488457,-0.090245,-0.068333,0.023371,-0.026348,0.035035,0.000000,MOVE_JOINT
0.569000,0.488485,-0.090269,-0.068295,0.024582,-0.025284,0.035641,0.000000,MOVE_JOINT
0.570000,0.488508,-0.090295,-0.068260,0.024505,-0.025612,0.035619,0.000000,MOVE_JOINT
0.571000,0.488529,-0.090320,-0.068227,0.023598,-0.025728,0.035044,0.000000,MOVE_JOINT
0.572000,0.488558,-0.090341,-0.068189,0.025062,-0.024828,0.036089,0.000000,MOVE_JOINT
0.573000,0.488585,-0.090369,-0.068152,0.025998,-0.026066,0.036820,0.000000,MOVE_JOINT
0.574000,0.488612,-0.090391,-0.068115,0.025608,-0.025330,0.036113,0.000000,MOVE_JOINT
0.575000,0.488643,-0.090410,-0.068078,0.027005,-0.023383,0.036414,0.000000,MOVE_JOINT
0.576000,0.488673,-0.090433,-0.068040,0.028051,-0.023059,0.037013,0.000000,MOVE_JOINT
0.577000,0.488702,-0.090456,-0.068003,0.027957,-0.023269,0.036707,0.000000,MOVE_JOINT
0.578000,0.488732,-0.090475,-0.067966,0.028721,-0.022034,0.036953,0.000000,MOVE_JOINT
0.579000,0.488757,-0.090504,-0.067929,0.027912,-0.023565,0.036878,0.000000,MOVE_JOINT
0.580000,0.488784,-0.090530,-0.067893,0.027502,-0.024175,0.036722,0.000000,MOVE_JOINT
0.581000,0.488812,-0.090554,-0.067856,0.027905,-0.024735,0.037009,0.000000,MOVE_JOINT
0.582000,0.488839,-0.090575,-0.067820,0.027529,-0.023367,0.036660,0.000000,MOVE_JOINT
0.583000,0.488865,-0.090598,-0.067785,0.027171,-0.023049,0.036159,0.000000,MOVE_JOINT
0.584000,0.488892,-0.090626,-0.067748,0.027927,-0.024349,0.036716,0.000000,MOVE_JOINT
0.585000,0.488918,-0.090652,-0.067712,0.027429,-0.024978,0.036426,0.000000,MOVE_JOINT
0.586000,0.488948,-0.090675,-0.067673,0.028569,-0.024505,0.037365,0.000000,MOVE_JOINT
0.587000,0.488973,-0.090703,-0.067637,0.027335,-0.025761,0.036870,0.000000,MOVE_JOINT
0.588000,0.489000,-0.090723,-0.067601,0.027584,-0.023820,0.036602,0.000000,MOVE_JOINT
0.589000,0.489030,-0.090746,-0.067564,0.029098,-0.022787,0.037256,0.000000,MOVE_JOINT
0.590000,0.489055,-0.090770,-0.067528,0.027465,-0.023625,0.036653,0.000000,MOVE_JOINT
0.591000,0.489087,-0.090792,-0.067488,0.029572,-0.022695,0.037577,0.000000,MOVE_JOINT
0.592000,0.489115,-0.090818,-0.067452,0.028339,-0.023959,0.037155,0.000000,MOVE_JOINT
0.593000,0.489146,-0.090847,-0.067411,0.028739,-0.025972,0.038126,0.000000,MOVE_JOINT
0.594000,0.489175,-0.090870,-0.067374,0.028284,-0.025485,0.037556,0.000000,MOVE_JOINT
0.595000,0.489202,-0.090894,-0.067337,0.027069,-0.025240,0.037046,0.000000,MOVE_JOINT
0.596000,0.489227,-0.090921,-0.067301,0.026939,-0.025168,0.036846,0.000000,MOVE_JOINT
0.597000,0.489252,-0.090943,-0.067266,0.026911,-0.024358,0.036725,0.000000,MOVE_JOINT
0.598000,0.489281,-0.090965,-0.067229,0.027169,-0.024097,0.037020,0.000000,MOVE_JOINT
0.599000,0.489301,-0.090990,-0.067196,0.025655,-0.024081,0.035821,0.000000,MOVE_JOINT
0.600000,0.489328,-0.091014,-0.067160,0.025279,-0.024904,0.035799,0.000000,MOVE_JOINT
0.601000,0.489352,-0.091037,-0.067126,0.025050,-0.024290,0.035433,0.000000,MOVE_JOINT
0.602000,0.489377,-0.091060,-0.067091,0.024819,-0.024649,0.035245,0.000000,MOVE_JOINT
0.603000,0.489405,-0.091080,-0.067055,0.025463,-0.023365,0.035268,0.000000,MOVE_JOINT
0.604000,0.489429,-0.091101,-0.067021,0.025510,-0.022849,0.035268,0.000000,MOVE_JOINT
0.605000,0.489451,-0.091124,-0.066987,0.024253,-0.023292,0.034836,0.000000,MOVE_JOINT
0.606000,0.489481,-0.091142,-0.066950,0.026124,-0.021961,0.035841,0.000000,MOVE_JOINT
0.607000,0.489505,-0.091165,-0.066915,0.025681,-0.022797,0.035927,0.000000,MOVE_JOINT
0.608000,0.489526,-0.091184,-0.066883,0.024091,-0.021695,0.034626,0.000000,MOVE_JOINT
0.609000,0.489550,-0.091209,-0.066848,0.023902,-0.022496,0.034574,0.000000,MOVE_JOINT
0.610000,0.489574,-0.091232,-0.066813,0.023312,-0.023044,0.034482,0.000000,MOVE_JOINT
0.611000,0.489598,-0.091253,-0.066779,0.023046,-0.022685,0.034309,0.000000,MOVE_JOINT
0.612000,0.489620,-0.091276,-0.066746,0.023368,-0.022450,0.034125,0.000000,MOVE_JOINT
0.613000,0.489643,-0.091300,-0.066712,0.022456,-0.023063,0.033591,0.000000,MOVE_JOINT
0.614000,0.489667,-0.091323,-0.066678,0.023092,-0.022649,0.033739,0.000000,MOVE_JOINT
0.615000,0.489691,-0.091346,-0.066642,0.023177,-0.022600,0.034312,0.000000,MOVE_JOINT
0.616000,0.489716,-0.091365,-0.066607,0.023198,-0.021411,0.034130,0.000000,MOVE_JOINT
0.617000,0.489745,-0.091391,-0.066568,0.025211,-0.022691,0.035889,0.000000,MOVE_JOINT
0.618000,0.489767,-0.091416,-0.066533,0.023981,-0.023853,0.035854,0.000000,MOVE_JOINT
0.619000,0.489791,-0.091439,-0.066497,0.024351,-0.023169,0.035941,0.000000,MOVE_JOINT
0.620000,0.489820,-0.091459,-0.066460,0.025801,-0.022195,0.036782,0.000000,MOVE_JOINT
0.621000,0.489846,-0.091484,-0.066422,0.025633,-0.023103,0.036580,0.000000,MOVE_JOINT
0.622000,0.489867,-0.091507,-0.066389,0.024012,-0.022988,0.035601,0.000000,MOVE_JOINT
0.623000,0.489891,-0.091527,-0.066356,0.023866,-0.022077,0.035126,0.000000,MOVE_JOINT
0.624000,0.489916,-0.091551,-0.066319,0.023903,-0.023126,0.035161,0.000000,MOVE_JOINT
0.625000,0.489938,-0.091576,-0.066283,0.024011,-0.023542,0.035937,0.000000,MOVE_JOINT
0.626000,0.489960,-0.091601,-0.066250,0.022999,-0.024426,0.035231,0.000000,MOVE_JOINT
0.627000,0.489979,-0.091621,-0.066219,0.022154,-0.023292,0.034080,0.000000,MOVE_JOINT
0.628000,0.490003,-0.091644,-0.066184,0.023304,-0.022826,0.034543,0.000000,MOVE_JOINT
0.629000,0.490025,-0.091669,-0.066150,0.023077,-0.023940,0.034751,0.000000,MOVE_JOINT
0.630000,0.490050,-0.091693,-0.066114,0.024441,-0.023914,0.035595,0.000000,MOVE_JOINT
0.631000,0.490077,-0.091719,-0.066077,0.025274,-0.024293,0.036038,0.000000,MOVE_JOINT
0.632000,0.490103,-0.091743,-0.066042,0.025333,-0.024363,0.035801,0.000000,MOVE_JOINT
0.633000,0.490126,-0.091770,-0.066005,0.025305,-0.024858,0.036387,0.000000,MOVE_JOINT
0.634000,0.490150,-0.091794,-0.065970,0.023900,-0.024995,0.035627,0.000000,MOVE_JOINT
0.635000,0.490175,-0.091819,-0.065932,0.024502,-0.024916,0.036123,0.000000,MOVE_JOINT
0.636000,0.490200,-0.091841,-0.065896,0.024191,-0.024173,0.035819,0.000000,MOVE_JOINT
0.637000,0.490218,-0.091866,-0.065863,0.022604,-0.024241,0.035275,0.000000,MOVE_JOINT
0.638000,0.490238,-0.091895,-0.065828,0.022406,-0.024921,0.035138,0.000000,MOVE_JOINT
0.639000,0.490258,-0.091919,-0.065793,0.021953,-0.024068,0.034926,0.000000,MOVE_JOINT
0.640000,0.490282,-0.091943,-0.065757,0.022018,-0.024199,0.034971,0.000000,MOVE_JOINT
0.641000,0.490299,-0.091970,-0.065724,0.021086,-0.024926,0.034600,0.000000,MOVE_JOINT
0.642000,0.490318,-0.091995,-0.065691,0.020551,-0.024883,0.034214,0.000000,MOVE_JOINT
0.643000,0.490342,-0.092024,-0.065653,0.021909,-0.026341,0.035578,0.000000,MOVE_JOINT
0.644000,0.490366,-0.092051,-0.065617,0.022683,-0.026126,0.035731,0.000000,MOVE_JOINT
0.645000,0.490385,-0.092076,-0.065584,0.021808,-0.026463,0.035335,0.000000,MOVE_JOINT
0.646000,0.490409,-0.092105,-0.065546,0.022557,-0.026824,0.036078,0.000000,MOVE_JOINT
0.647000,0.490436,-0.092132,-0.065506,0.023803,-0.026980,0.037050,0.000000,MOVE_JOINT
0.648000,0.490461,-0.092162,-0.065468,0.025266,-0.027176,0.037752,0.000000,MOVE_JOINT
0.649000,0.490484,-0.092194,-0.065430,0.024405,-0.028788,0.037993,0.000000,MOVE_JOINT
0.650000,0.490508,-0.092226,-0.065392,0.024248,-0.029572,0.037944,0.000000,MOVE_JOINT
0.651000,0.490528,-0.092256,-0.065356,0.022852,-0.029840,0.037268,0.000000,MOVE_JOINT
0.652000,0.490550,-0.092285,-0.065319,0.022709,-0.029999,0.037319,0.000000,MOVE_JOINT
0.653000,0.490569,-0.092313,-0.065286,0.021755,-0.029645,0.036195,0.000000,MOVE_JOINT
0.654000,0.490589,-0.092341,-0.065250,0.021660,-0.028809,0.036119,0.000000,MOVE_JOINT
0.655000,0.490611,-0.092372,-0.065214,0.022159,-0.028890,0.036335,0.000000,MOVE_JOINT
0.656000,0.490633,-0.092406,-0.065176,0.022351,-0.030336,0.036749,0.000000,MOVE_JOINT
0.657000,0.490653,-0.092439,-0.065139,0.021922,-0.031438,0.037065,0.000000,MOVE_JOINT
0.658000,0.490680,-0.092469,-0.065098,0.023450,-0.030825,0.037971,0.000000,MOVE_JOINT
0.659000,0.490702,-0.092500,-0.065061,0.023101,-0.030912,0.037774,0.000000,MOVE_JOINT
0.660000,0.490723,-0.092531,-0.065025,0.021734,-0.031625,0.037096,0.000000,MOVE_JOINT
0.661000,0.490748,-0.092559,-0.064987,0.022843,-0.030271,0.037355,0.000000,MOVE_JOINT
0.662000,0.490774,-0.092594,-0.064946,0.023208,-0.032024,0.038305,0.000000,MOVE_JOINT
0.663000,0.490794,-0.092625,-0.064910,0.022837,-0.031421,0.037854,0.000000,MOVE_JOINT
0.664000,0.490819,-0.092659,-0.064871,0.022925,-0.032455,0.038033,0.000000,MOVE_JOINT
0.665000,0.490843,-0.092694,-0.064831,0.023065,-0.033037,0.038473,0.000000,MOVE_JOINT
0.666000,0.490862,-0.092732,-0.064794,0.022027,-0.034930,0.038247,0.000000,MOVE_JOINT
0.667000,0.490885,-0.092764,-0.064754,0.021220,-0.034458,0.038088,0.000000,MOVE_JOINT
0.668000,0.490905,-0.092800,-0.064715,0.021289,-0.035226,0.038521,0.000000,MOVE_JOINT
0.669000,0.490925,-0.092837,-0.064678,0.020867,-0.035625,0.038560,0.000000,MOVE_JOINT
0.670000,0.490951,-0.092872,-0.064637,0.022247,-0.035823,0.039306,0.000000,MOVE_JOINT
0.671000,0.490971,-0.092906,-0.064600,0.021799,-0.034098,0.038573,0.000000,MOVE_JOINT
0.672000,0.490992,-0.092937,-0.064562,0.022004,-0.033416,0.038559,0.000000,MOVE_JOINT
0.673000,0.491013,-0.092971,-0.064524,0.020809,-0.033365,0.037946,0.000000,MOVE_JOINT
0.674000,0.491042,-0.093006,-0.064481,0.023791,-0.033847,0.039697,0.000000,MOVE_JOINT
0.675000,0.491068,-0.093038,-0.064440,0.024032,-0.033442,0.039770,0.000000,MOVE_JOINT
0.676000,0.491092,-0.093069,-0.064400,0.024213,-0.032482,0.039836,0.000000,MOVE_JOINT
0.677000,0.491110,-0.093107,-0.064362,0.022572,-0.033822,0.039369,0.000000,MOVE_JOINT
0.678000,0.491134,-0.093138,-0.064321,0.023004,-0.033486,0.039654,0.000000,MOVE_JOINT
0.679000,0.491151,-0.093171,-0.064286,0.021443,-0.032949,0.038652,0.000000,MOVE_JOINT
0.680000,0.491174,-0.093209,-0.064245,0.021778,-0.034398,0.039091,0.000000,MOVE_JOINT
0.681000,0.491189,-0.093247,-0.064207,0.020238,-0.035024,0.038909,0.000000,MOVE_JOINT
0.682000,0.491207,-0.093280,-0.064171,0.019077,-0.035109,0.037867,0.000000,MOVE_JOINT
0.683000,0.491232,-0.093316,-0.064127,0.020725,-0.034954,0.039126,0.000000,MOVE_JOINT
0.684000,0.491257,-0.093354,-0.064085,0.022477,-0.035525,0.040605,0.000000,MOVE_JOINT
0.685000,0.491276,-0.093391,-0.064044,0.022038,-0.035437,0.040528,0.000000,MOVE_JOINT
0.686000,0.491302,-0.093429,-0.064002,0.022808,-0.036228,0.041197,0.000000,MOVE_JOINT
0.687000,0.491324,-0.093463,-0.063961,0.022943,-0.035112,0.040917,0.000000,MOVE_JOINT
0.688000,0.491349,-0.093496,-0.063920,0.022602,-0.034395,0.040622,0.000000,MOVE_JOINT
0.689000,0.491371,-0.093533,-0.063878,0.022338,-0.035511,0.040967,0.000000,MOVE_JOINT
0.690000,0.491395,-0.093566,-0.063838,0.022206,-0.034610,0.040706,0.000000,MOVE_JOINT
0.691000,0.491420,-0.093602,-0.063794,0.022533,-0.035239,0.041172,0.000000,MOVE_JOINT
0.692000,0.491436,-0.093642,-0.063756,0.020864,-0.036572,0.040491,0.000000,MOVE_JOINT
0.693000,0.491462,-0.093674,-0.063713,0.022708,-0.035236,0.041268,0.000000,MOVE_JOINT
0.694000,0.491478,-0.093709,-0.063676,0.021132,-0.035579,0.040401,0.000000,MOVE_JOINT
0.695000,0.491497,-0.093747,-0.063635,0.021180,-0.036580,0.040794,0.000000,MOVE_JOINT
0.696000,0.491518,-0.093782,-0.063596,0.020462,-0.035808,0.040133,0.000000,MOVE_JOINT
0.697000,0.491539,-0.093820,-0.063556,0.021539,-0.035650,0.040431,0.000000,MOVE_JOINT
0.698000,0.491564,-0.093848,-0.063515,0.022974,-0.033240,0.040643,0.000000,MOVE_JOINT
0.699000,0.491586,-0.093881,-0.063474,0.022742,-0.032940,0.040502,0.000000,MOVE_JOINT
0.700000,0.491610,-0.093916,-0.063433,0.023446,-0.032962,0.040902,0.000000,MOVE_JOINT
0.701000,0.491636,-0.093952,-0.063389,0.024084,-0.033719,0.041773,0.000000,MOVE_JOINT
0.702000,0.491660,-0.093989,-0.063346,0.023948,-0.034720,0.042112,0.000000,MOVE_JOINT
0.703000,0.491682,-0.094021,-0.063305,0.024007,-0.034100,0.042161,0.000000,MOVE_JOINT
0.704000,0.491706,-0.094055,-0.063263,0.022825,-0.034170,0.041613,0.000000,MOVE_JOINT
0.705000,0.491725,-0.094092,-0.063222,0.021677,-0.035759,0.041407,0.000000,MOVE_JOINT
0.706000,0.491745,-0.094125,-0.063182,0.020970,-0.034326,0.040698,0.000000,MOVE_JOINT
0.707000,0.491765,-0.094158,-0.063142,0.020701,-0.034137,0.040413,0.000000,MOVE_JOINT
0.708000,0.491789,-0.094193,-0.063100,0.021311,-0.034109,0.040795,0.000000,MOVE_JOINT
0.709000,0.491811,-0.094226,-0.063060,0.021263,-0.034314,0.040656,0.000000,MOVE_JOINT
0.710000,0.491834,-0.094259,-0.063017,0.022119,-0.034126,0.041451,0.000000,MOVE_JOINT
0.711000,0.491859,-0.094297,-0.062974,0.022710,-0.035227,0.041942,0.000000,MOVE_JOINT
0.712000,0.491883,-0.094332,-0.062930,0.023648,-0.035245,0.042707,0.000000,MOVE_JOINT
0.713000,0.491905,-0.094369,-0.062888,0.023499,-0.035538,0.042650,0.000000,MOVE_JOINT
0.714000,0.491934,-0.094405,-0.062842,0.024381,-0.036006,0.043493,0.000000,MOVE_JOINT
0.715000,0.491958,-0.094437,-0.062799,0.024831,-0.034873,0.043670,0.000000,MOVE_JOINT
0.716000,0.491985,-0.094473,-0.062755,0.025049,-0.035321,0.043664,0.000000,MOVE_JOINT
0.717000,0.492011,-0.094508,-0.062711,0.024977,-0.035121,0.043372,0.000000,MOVE_JOINT
0.718000,0.492031,-0.094548,-0.062669,0.023666,-0.036819,0.043159,0.000000,MOVE_JOINT
0.719000,0.492054,-0.094582,-0.062627,0.023825,-0.035710,0.042889,0.000000,MOVE_JOINT
0.720000,0.492076,-0.094616,-0.062586,0.023022,-0.035381,0.042102,0.000000,MOVE_JOINT
0.721000,0.492102,-0.094649,-0.062543,0.024497,-0.034584,0.042912,0.000000,MOVE_JOINT
0.722000,0.492128,-0.094681,-0.062500,0.025052,-0.033542,0.042908,0.000000,MOVE_JOINT
0.723000,0.492153,-0.094712,-0.062456,0.025735,-0.032532,0.043347,0.000000,MOVE_JOINT
0.724000,0.492176,-0.094743,-0.062415,0.024992,-0.031748,0.042532,0.000000,MOVE_JOINT
0.725000,0.492204,-0.094776,-0.062370,0.025874,-0.032649,0.043558,0.000000,MOVE_JOINT
0.726000,0.492229,-0.094808,-0.062327,0.026044,-0.032472,0.043640,0.000000,MOVE_JOINT
0.727000,0.492261,-0.094837,-0.062281,0.027842,-0.031382,0.044326,0.000000,MOVE_JOINT
0.728000,0.492286,-0.094869,-0.062240,0.027110,-0.031690,0.043361,0.000000,MOVE_JOINT
0.729000,0.492317,-0.094898,-0.062194,0.028640,-0.030550,0.044261,0.000000,MOVE_JOINT
0.730000,0.492337,-0.094932,-0.062154,0.025862,-0.031417,0.042642,0.000000,MOVE_JOINT
0.731000,0.492357,-0.094963,-0.062115,0.025206,-0.030487,0.042116,0.000000,MOVE_JOINT
0.732000,0.492378,-0.094994,-0.062075,0.023925,-0.030606,0.041353,0.000000,MOVE_JOINT
0.733000,0.492400,-0.095026,-0.062033,0.023387,-0.030804,0.041554,0.000000,MOVE_JOINT
0.734000,0.492423,-0.095059,-0.061989,0.022824,-0.031865,0.042085,0.000000,MOVE_JOINT
0.735000,0.492450,-0.095089,-0.061945,0.023687,-0.030917,0.042639,0.000000,MOVE_JOINT
0.736000,0.492470,-0.095117,-0.061906,0.022907,-0.029986,0.041707,0.000000,MOVE_JOINT
0.737000,0.492498,-0.095146,-0.061861,0.024054,-0.030227,0.042466,0.000000,MOVE_JOINT
0.738000,0.492522,-0.095176,-0.061820,0.023628,-0.030434,0.042111,0.000000,MOVE_JOINT
0.739000,0.492549,-0.095204,-0.061776,0.024822,-0.029616,0.042785,0.000000,MOVE_JOINT
0.740000,0.492570,-0.095236,-0.061734,0.023316,-0.030600,0.042240,0.000000,MOVE_JOINT
0.741000,0.492595,-0.095267,-0.061690,0.024519,-0.031001,0.043183,0.000000,MOVE_JOINT
0.742000,0.492621,-0.095300,-0.061646,0.023905,-0.031852,0.042803,0.000000,MOVE_JOINT
0.743000,0.492643,-0.095331,-0.061603,0.023586,-0.031677,0.042956,0.000000,MOVE_JOINT
0.744000,0.492668,-0.095367,-0.061559,0.024979,-0.032039,0.043590,0.000000,MOVE_JOINT
0.745000,0.492694,-0.095394,-0.061516,0.025321,-0.030458,0.043387,0.000000,MOVE_JOINT
0.746000,0.492716,-0.095429,-0.061473,0.023658,-0.031830,0.042707,0.000000,MOVE_JOINT
0.747000,0.492742,-0.095454,-0.061430,0.025055,-0.029863,0.043130,0.000000,MOVE_JOINT
0.748000,0.492763,-0.095488,-0.061388,0.023991,-0.030889,0.043025,0.000000,MOVE_JOINT
0.749000,0.492788,-0.095519,-0.061343,0.024667,-0.030793,0.043679,0.000000,MOVE_JOINT
0.750000,0.492816,-0.095551,-0.061296,0.026136,-0.031288,0.044886,0.000000,MOVE_JOINT
0.751000,0.492846,-0.095583,-0.061249,0.027775,-0.031394,0.045968,0.000000,MOVE_JOINT
0.752000,0.492876,-0.095617,-0.061202,0.028175,-0.031944,0.046191,0.000000,MOVE_JOINT
0.753000,0.492906,-0.095650,-0.061155,0.028152,-0.032907,0.046261,0.000000,MOVE_JOINT
0.754000,0.492932,-0.095686,-0.061110,0.027823,-0.033598,0.046060,0.000000,MOVE_JOINT
0.755000,0.492959,-0.095719,-0.061065,0.027073,-0.033977,0.045699,0.000000,MOVE_JOINT
0.756000,0.492984,-0.095753,-0.061020,0.026425,-0.034185,0.045395,0.000000,MOVE_JOINT
0.757000,0.493007,-0.095788,-0.060976,0.026356,-0.034156,0.045764,0.000000,MOVE_JOINT
0.758000,0.493031,-0.095820,-0.060932,0.025272,-0.034168,0.045237,0.000000,MOVE_JOINT
0.759000,0.493055,-0.095849,-0.060886,0.025675,-0.032246,0.045486,0.000000,MOVE_JOINT
0.760000,0.493082,-0.095887,-0.060838,0.026179,-0.033698,0.046442,0.000000,MOVE_JOINT
0.761000,0.493112,-0.095918,-0.060790,0.027654,-0.033482,0.047186,0.000000,MOVE_JOINT
0.762000,0.493135,-0.095956,-0.060745,0.026785,-0.033709,0.046536,0.000000,MOVE_JOINT
0.763000,0.493170,-0.095989,-0.060694,0.028949,-0.033458,0.047734,0.000000,MOVE_JOINT
0.764000,0.493197,-0.096026,-0.060647,0.029192,-0.034666,0.048027,0.000000,MOVE_JOINT
0.765000,0.493224,-0.096064,-0.060599,0.028588,-0.035685,0.047843,0.000000,MOVE_JOINT
0.766000,0.493246,-0.096096,-0.060557,0.025648,-0.034258,0.045894,0.000000,MOVE_JOINT
0.767000,0.493267,-0.096131,-0.060512,0.024732,-0.034270,0.045617,0.000000,MOVE_JOINT
0.768000,0.493289,-0.096170,-0.060465,0.022909,-0.035491,0.045216,0.000000,MOVE_JOINT
0.769000,0.493318,-0.096201,-0.060416,0.024639,-0.035408,0.046727,0.000000,MOVE_JOINT
0.770000,0.493342,-0.096239,-0.060369,0.024314,-0.036224,0.046935,0.000000,MOVE_JOINT
0.771000,0.493369,-0.096276,-0.060321,0.024737,-0.036290,0.047129,0.000000,MOVE_JOINT
0.772000,0.493393,-0.096308,-0.060275,0.025961,-0.035161,0.047374,0.000000,MOVE_JOINT
0.773000,0.493420,-0.096341,-0.060229,0.026310,-0.034948,0.047006,0.000000,MOVE_JOINT
0.774000,0.493448,-0.096374,-0.060181,0.026979,-0.034137,0.047192,0.000000,MOVE_JOINT
0.775000,0.493476,-0.096409,-0.060133,0.026462,-0.034831,0.047206,0.000000,MOVE_JOINT
0.776000,0.493506,-0.096447,-0.060083,0.026908,-0.035275,0.047741,0.000000,MOVE_JOINT
0.777000,0.493525,-0.096486,-0.060038,0.025090,-0.036372,0.047050,0.000000,MOVE_JOINT
0.778000,0.493555,-0.096526,-0.059988,0.025321,-0.038088,0.047529,0.000000,MOVE_JOINT
0.779000,0.493578,-0.096562,-0.059942,0.024688,-0.036519,0.046915,0.000000,MOVE_JOINT
0.780000,0.493604,-0.096595,-0.059897,0.025544,-0.035905,0.046810,0.000000,MOVE_JOINT
0.781000,0.493630,-0.096632,-0.059849,0.025337,-0.035771,0.046819,0.000000,MOVE_JOINT
0.782000,0.493655,-0.096661,-0.059804,0.025233,-0.034075,0.046146,0.000000,MOVE_JOINT
0.783000,0.493686,-0.096699,-0.059752,0.027466,-0.035351,0.047895,0.000000,MOVE_JOINT
0.784000,0.493712,-0.096741,-0.059703,0.026227,-0.037371,0.047921,0.000000,MOVE_JOINT
0.785000,0.493742,-0.096773,-0.059652,0.028067,-0.036531,0.049452,0.000000,MOVE_JOINT
0.786000,0.493770,-0.096812,-0.059604,0.027264,-0.037259,0.048848,0.000000,MOVE_JOINT
0.787000,0.493798,-0.096854,-0.059553,0.027950,-0.038728,0.049453,0.000000,MOVE_JOINT
0.788000,0.493820,-0.096895,-0.059507,0.026636,-0.039078,0.048689,0.000000,MOVE_JOINT
0.789000,0.493851,-0.096931,-0.059456,0.027545,-0.038125,0.048966,0.000000,MOVE_JOINT
0.790000,0.493877,-0.096972,-0.059409,0.027320,-0.039185,0.048640,0.000000,MOVE_JOINT
0.791000,0.493909,-0.097007,-0.059357,0.028156,-0.038672,0.049596,0.000000,MOVE_JOINT
0.792000,0.493933,-0.097051,-0.059310,0.027128,-0.040197,0.049215,0.000000,MOVE_JOINT
0.793000,0.493963,-0.097094,-0.059257,0.028354,-0.041170,0.050445,0.000000,MOVE_JOINT
0.794000,0.493996,-0.097126,-0.059207,0.029323,-0.038354,0.050170,0.000000,MOVE_JOINT
0.795000,0.494026,-0.097167,-0.059155,0.030420,-0.038864,0.051142,0.000000,MOVE_JOINT
0.796000,0.494057,-0.097208,-0.059103,0.030280,-0.039073,0.051107,0.000000,MOVE_JOINT
0.797000,0.494092,-0.097247,-0.059048,0.031106,-0.040072,0.052065,0.000000,MOVE_JOINT
0.798000,0.494117,-0.097287,-0.059000,0.029798,-0.040168,0.050997,0.000000,MOVE_JOINT
0.799000,0.494145,-0.097326,-0.058952,0.028606,-0.040401,0.050144,0.000000,MOVE_JOINT
0.800000,0.494174,-0.097367,-0.058900,0.028315,-0.040320,0.050263,0.000000,MOVE_JOINT
0.801000,0.494203,-0.097405,-0.058852,0.028904,-0.039506,0.050093,0.000000,MOVE_JOINT
0.802000,0.494231,-0.097448,-0.058801,0.028268,-0.040608,0.049959,0.000000,MOVE_JOINT
0.803000,0.494261,-0.097483,-0.058751,0.028886,-0.038574,0.049932,0.000000,MOVE_JOINT
0.804000,0.494291,-0.097516,-0.058701,0.029294,-0.036987,0.049700,0.000000,MOVE_JOINT
0.805000,0.494319,-0.097556,-0.058651,0.028890,-0.038663,0.050249,0.000000,MOVE_JOINT
0.806000,0.494348,-0.097588,-0.058602,0.028551,-0.036284,0.049550,0.000000,MOVE_JOINT
0.807000,0.494371,-0.097625,-0.058556,0.025942,-0.036567,0.047952,0.000000,MOVE_JOINT
0.808000,0.494400,-0.097658,-0.058507,0.027402,-0.035569,0.048601,0.000000,MOVE_JOINT
0.809000,0.494418,-0.097698,-0.058463,0.024103,-0.037130,0.047069,0.000000,MOVE_JOINT
0.810000,0.494442,-0.097734,-0.058415,0.025057,-0.035858,0.047716,0.000000,MOVE_JOINT
0.811000,0.494464,-0.097772,-0.058368,0.024569,-0.036749,0.047841,0.000000,MOVE_JOINT
0.812000,0.494490,-0.097811,-0.058318,0.025238,-0.037359,0.048425,0.000000,MOVE_JOINT
0.813000,0.494513,-0.097846,-0.058270,0.025072,-0.035997,0.048516,0.000000,MOVE_JOINT
0.814000,0.494533,-0.097883,-0.058225,0.023484,-0.035609,0.047220,0.000000,MOVE_JOINT
0.815000,0.494558,-0.097916,-0.058176,0.024315,-0.034568,0.047823,0.000000,MOVE_JOINT
0.816000,0.494578,-0.097949,-0.058132,0.023435,-0.034245,0.047075,0.000000,MOVE_JOINT
0.817000,0.494601,-0.097988,-0.058084,0.022181,-0.035603,0.046860,0.000000,MOVE_JOINT
0.818000,0.494628,-0.098019,-0.058035,0.023244,-0.034612,0.047113,0.000000,MOVE_JOINT
0.819000,0.494650,-0.098054,-0.057987,0.023431,-0.034388,0.047481,0.000000,MOVE_JOINT
0.820000,0.494669,-0.098097,-0.057941,0.021449,-0.037183,0.046778,0.000000,MOVE_JOINT
0.821000,0.494685,-0.098134,-0.057899,0.020427,-0.036992,0.045672,0.000000,MOVE_JOINT
0.822000,0.494705,-0.098176,-0.057852,0.020232,-0.037626,0.045840,0.000000,MOVE_JOINT
0.823000,0.494725,-0.098214,-0.057805,0.019785,-0.037842,0.045858,0.000000,MOVE_JOINT
0.824000,0.494740,-0.098247,-0.057763,0.018943,-0.036075,0.044772,0.000000,MOVE_JOINT
0.825000,0.494757,-0.098284,-0.057719,0.017526,-0.037030,0.044500,0.000000,MOVE_JOINT
0.826000,0.494778,-0.098318,-0.057672,0.018271,-0.037144,0.045112,0.000000,MOVE_JOINT
0.827000,0.494799,-0.098354,-0.057625,0.018769,-0.037116,0.045780,0.000000,MOVE_JOINT
0.828000,0.494821,-0.098393,-0.057577,0.019398,-0.037826,0.046198,0.000000,MOVE_JOINT
0.829000,0.494836,-0.098434,-0.057532,0.018657,-0.038296,0.045803,0.000000,MOVE_JOINT
0.830000,0.494857,-0.098474,-0.057485,0.018408,-0.038485,0.045733,0.000000,MOVE_JOINT
0.831000,0.494870,-0.098518,-0.057440,0.017208,-0.039515,0.045520,0.000000,MOVE_JOINT
0.832000,0.494889,-0.098559,-0.057393,0.017511,-0.039779,0.045691,0.000000,MOVE_JOINT
0.833000,0.494901,-0.098599,-0.057350,0.015581,-0.040062,0.044902,0.000000,MOVE_JOINT
0.834000,0.494915,-0.098637,-0.057304,0.016008,-0.039617,0.045561,0.000000,MOVE_JOINT
0.835000,0.494932,-0.098679,-0.057257,0.016006,-0.040500,0.045722,0.000000,MOVE_JOINT
0.836000,0.494948,-0.098722,-0.057210,0.016077,-0.041182,0.046279,0.000000,MOVE_JOINT
0.837000,0.494967,-0.098764,-0.057162,0.016901,-0.040742,0.046674,0.000000,MOVE_JOINT
0.838000,0.494988,-0.098806,-0.057112,0.018018,-0.041234,0.047418,0.000000,MOVE_JOINT
0.839000,0.495012,-0.098850,-0.057062,0.019947,-0.042639,0.048668,0.000000,MOVE_JOINT
0.840000,0.495029,-0.098893,-0.057015,0.018369,-0.042480,0.047738,0.000000,MOVE_JOINT
0.841000,0.495046,-0.098938,-0.056967,0.017855,-0.043202,0.047654,0.000000,MOVE_JOINT
0.842000,0.495061,-0.098983,-0.056920,0.017720,-0.043545,0.047982,0.000000,MOVE_JOINT
0.843000,0.495075,-0.099027,-0.056873,0.017054,-0.043098,0.048020,0.000000,MOVE_JOINT
0.844000,0.495089,-0.099074,-0.056825,0.016851,-0.044315,0.048370,0.000000,MOVE_JOINT
0.845000,0.495105,-0.099119,-0.056777,0.016460,-0.045240,0.048363,0.000000,MOVE_JOINT
0.846000,0.495120,-0.099166,-0.056730,0.016811,-0.045032,0.048173,0.000000,MOVE_JOINT
0.847000,0.495138,-0.099217,-0.056679,0.017953,-0.047555,0.049539,0.000000,MOVE_JOINT
0.848000,0.495164,-0.099265,-0.056627,0.019698,-0.047519,0.050196,0.000000,MOVE_JOINT
0.849000,0.495185,-0.099313,-0.056574,0.020463,-0.047617,0.051111,0.000000,MOVE_JOINT
0.850000,0.495202,-0.099365,-0.056525,0.019698,-0.048220,0.050493,0.000000,MOVE_JOINT
0.851000,0.495227,-0.099411,-0.056473,0.020233,-0.048512,0.050826,0.000000,MOVE_JOINT
0.852000,0.495252,-0.099457,-0.056419,0.021486,-0.048009,0.051854,0.000000,MOVE_JOINT
0.853000,0.495269,-0.099503,-0.056371,0.019853,-0.047188,0.050281,0.000000,MOVE_JOINT
0.854000,0.495290,-0.099551,-0.056319,0.020423,-0.046513,0.050442,0.000000,MOVE_JOINT
0.855000,0.495305,-0.099601,-0.056272,0.018749,-0.047963,0.049943,0.000000,MOVE_JOINT
0.856000,0.495323,-0.099652,-0.056222,0.018880,-0.049661,0.050432,0.000000,MOVE_JOINT
0.857000,0.495339,-0.099703,-0.056173,0.018713,-0.049685,0.050307,0.000000,MOVE_JOINT
0.858000,0.495358,-0.099754,-0.056121,0.018841,-0.049959,0.050849,0.000000,MOVE_JOINT
0.859000,0.495380,-0.099802,-0.056070,0.019234,-0.049936,0.050657,0.000000,MOVE_JOINT
0.860000,0.495403,-0.099848,-0.056018,0.019718,-0.048799,0.050791,0.000000,MOVE_JOINT
0.861000,0.495426,-0.099890,-0.055967,0.021064,-0.046542,0.050898,0.000000,MOVE_JOINT
0.862000,0.495444,-0.099934,-0.055918,0.019832,-0.046151,0.050340,0.000000,MOVE_JOINT
0.863000,0.495461,-0.099983,-0.055868,0.019653,-0.047106,0.050644,0.000000,MOVE_JOINT
0.864000,0.495479,-0.100031,-0.055818,0.019700,-0.047538,0.050765,0.000000,MOVE_JOINT
0.865000,0.495496,-0.100078,-0.055769,0.019652,-0.047750,0.050851,0.000000,MOVE_JOINT
0.866000,0.495512,-0.100126,-0.055721,0.017796,-0.047998,0.049988,0.000000,MOVE_JOINT
0.867000,0.495528,-0.100176,-0.055671,0.017817,-0.047957,0.050035,0.000000,MOVE_JOINT
0.868000,0.495541,-0.100222,-0.055623,0.016356,-0.047357,0.049153,0.000000,MOVE_JOINT
0.869000,0.495557,-0.100271,-0.055573,0.015797,-0.048203,0.049359,0.000000,MOVE_JOINT
0.870000,0.495568,-0.100319,-0.055527,0.014969,-0.048212,0.048756,0.000000,MOVE_JOINT
0.871000,0.495585,-0.100363,-0.055478,0.015567,-0.047148,0.049020,0.000000,MOVE_JOINT
0.872000,0.495602,-0.100409,-0.055427,0.015990,-0.046048,0.049242,0.000000,MOVE_JOINT
0.873000,0.495620,-0.100452,-0.055377,0.016851,-0.045676,0.049840,0.000000,MOVE_JOINT
0.874000,0.495636,-0.100500,-0.055327,0.016653,-0.046783,0.049677,0.000000,MOVE_JOINT
0.875000,0.495656,-0.100545,-0.055276,0.017855,-0.046534,0.050100,0.000000,MOVE_JOINT
0.876000,0.495674,-0.100588,-0.055228,0.018252,-0.045337,0.049565,0.000000,MOVE_JOINT
0.877000,0.495692,-0.100633,-0.055177,0.017740,-0.045189,0.049574,0.000000,MOVE_JOINT
0.878000,0.495700,-0.100675,-0.055134,0.015051,-0.043631,0.047817,0.000000,MOVE_JOINT
0.879000,0.495718,-0.100717,-0.055084,0.016307,-0.042644,0.048387,0.000000,MOVE_JOINT
0.880000,0.495732,-0.100761,-0.055035,0.016546,-0.042870,0.048795,0.000000,MOVE_JOINT
0.881000,0.495746,-0.100809,-0.054987,0.015978,-0.044769,0.048736,0.000000,MOVE_JOINT
0.882000,0.495764,-0.100851,-0.054937,0.016628,-0.044067,0.049004,0.000000,MOVE_JOINT
0.883000,0.495784,-0.100901,-0.054885,0.017760,-0.046560,0.050441,0.000000,MOVE_JOINT
0.884000,0.495806,-0.100943,-0.054832,0.018972,-0.044779,0.051023,0.000000,MOVE_JOINT
0.885000,0.495829,-0.100988,-0.054779,0.019352,-0.045611,0.051527,0.000000,MOVE_JOINT
0.886000,0.495842,-0.101034,-0.054731,0.017585,-0.044663,0.050162,0.000000,MOVE_JOINT
0.887000,0.495863,-0.101078,-0.054676,0.018268,-0.044092,0.051132,0.000000,MOVE_JOINT
0.888000,0.495878,-0.101126,-0.054625,0.016740,-0.045345,0.050853,0.000000,MOVE_JOINT
0.889000,0.495894,-0.101173,-0.054574,0.016197,-0.045745,0.050635,0.000000,MOVE_JOINT
0.890000,0.495908,-0.101224,-0.054524,0.015714,-0.046387,0.050383,0.000000,MOVE_JOINT
0.891000,0.495925,-0.101268,-0.054472,0.017030,-0.045565,0.050966,0.000000,MOVE_JOINT
0.892000,0.495947,-0.101317,-0.054419,0.017570,-0.046148,0.051111,0.000000,MOVE_JOINT
0.893000,0.495967,-0.101363,-0.054367,0.018569,-0.046371,0.051783,0.000000,MOVE_JOINT
0.894000,0.495986,-0.101407,-0.054316,0.019149,-0.045317,0.051928,0.000000,MOVE_JOINT
0.895000,0.496008,-0.101450,-0.054263,0.020124,-0.044293,0.052057,0.000000,MOVE_JOINT
0.896000,0.496031,-0.101488,-0.054209,0.020959,-0.042246,0.052532,0.000000,MOVE_JOINT
0.897000,0.496049,-0.101534,-0.054157,0.020605,-0.043358,0.052487,0.000000,MOVE_JOINT
0.898000,0.496071,-0.101575,-0.054104,0.020276,-0.042951,0.052119,0.000000,MOVE_JOINT
0.899000,0.496087,-0.101628,-0.054052,0.019474,-0.045742,0.052618,0.000000,MOVE_JOINT
0.900000,0.496108,-0.101672,-0.053999,0.019592,-0.045920,0.052642,0.000000,MOVE_JOINT
0.901000,0.496128,-0.101716,-0.053946,0.020623,-0.044782,0.053057,0.000000,MOVE_JOINT
0.902000,0.496153,-0.101760,-0.053892,0.021460,-0.044728,0.053203,0.000000,MOVE_JOINT
0.903000,0.496176,-0.101807,-0.053838,0.021736,-0.044977,0.053257,0.000000,MOVE_JOINT
0.904000,0.496197,-0.101846,-0.053787,0.022420,-0.043011,0.053027,0.000000,MOVE_JOINT
0.905000,0.496224,-0.101892,-0.053730,0.023960,-0.044083,0.054248,0.000000,MOVE_JOINT
0.906000,0.496249,-0.101935,-0.053674,0.024823,-0.043532,0.054905,0.000000,MOVE_JOINT
0.907000,0.496273,-0.101982,-0.053619,0.024700,-0.044492,0.055309,0.000000,MOVE_JOINT
0.908000,0.496295,-0.102032,-0.053564,0.023173,-0.046073,0.054704,0.000000,MOVE_JOINT
0.909000,0.496314,-0.102079,-0.053511,0.022620,-0.045817,0.054274,0.000000,MOVE_JOINT
0.910000,0.496334,-0.102123,-0.053460,0.021003,-0.045505,0.052911,0.000000,MOVE_JOINT
0.911000,0.496351,-0.102167,-0.053409,0.020768,-0.044539,0.052547,0.000000,MOVE_JOINT
0.912000,0.496369,-0.102208,-0.053359,0.019480,-0.043959,0.051929,0.000000,MOVE_JOINT
0.913000,0.496394,-0.102252,-0.053304,0.021359,-0.043643,0.053003,0.000000,MOVE_JOINT
0.914000,0.496417,-0.102293,-0.053251,0.022386,-0.042845,0.053264,0.000000,MOVE_JOINT
0.915000,0.496446,-0.102331,-0.053195,0.024100,-0.041702,0.053914,0.000000,MOVE_JOINT
0.916000,0.496472,-0.102375,-0.053140,0.024254,-0.042123,0.054055,0.000000,MOVE_JOINT
0.917000,0.496489,-0.102415,-0.053090,0.022361,-0.041102,0.052592,0.000000,MOVE_JOINT
0.918000,0.496510,-0.102459,-0.053037,0.021629,-0.042131,0.052741,0.000000,MOVE_JOINT
0.919000,0.496524,-0.102500,-0.052987,0.019683,-0.041691,0.051937,0.000000,MOVE_JOINT
0.920000,0.496547,-0.102539,-0.052933,0.020852,-0.041268,0.052796,0.000000,MOVE_JOINT
0.921000,0.496567,-0.102581,-0.052879,0.020527,-0.042194,0.053062,0.000000,MOVE_JOINT
0.922000,0.496588,-0.102626,-0.052825,0.021454,-0.042942,0.053989,0.000000,MOVE_JOINT
0.923000,0.496612,-0.102670,-0.052769,0.022540,-0.043625,0.054786,0.000000,MOVE_JOINT
0.924000,0.496631,-0.102712,-0.052717,0.022015,-0.042799,0.054153,0.000000,MOVE_JOINT
0.925000,0.496658,-0.102754,-0.052658,0.023235,-0.041403,0.055175,0.000000,MOVE_JOINT
0.926000,0.496681,-0.102801,-0.052600,0.022075,-0.043819,0.055738,0.000000,MOVE_JOINT
0.927000,0.496700,-0.102842,-0.052547,0.021664,-0.042723,0.055237,0.000000,MOVE_JOINT
0.928000,0.496715,-0.102886,-0.052496,0.018975,-0.043063,0.053519,0.000000,MOVE_JOINT
0.929000,0.496730,-0.102932,-0.052444,0.017977,-0.044193,0.053205,0.000000,MOVE_JOINT
0.930000,0.496749,-0.102982,-0.052387,0.018486,-0.045711,0.054224,0.000000,MOVE_JOINT
0.931000,0.496776,-0.103027,-0.052327,0.021015,-0.045899,0.055876,0.000000,MOVE_JOINT
0.932000,0.496800,-0.103071,-0.052271,0.020996,-0.045265,0.055594,0.000000,MOVE_JOINT
0.933000,0.496823,-0.103115,-0.052214,0.021772,-0.044684,0.056032,0.000000,MOVE_JOINT
0.934000,0.496845,-0.103158,-0.052157,0.021220,-0.044280,0.055767,0.000000,MOVE_JOINT
0.935000,0.496868,-0.103198,-0.052102,0.022474,-0.043041,0.056213,0.000000,MOVE_JOINT
0.936000,0.496890,-0.103239,-0.052045,0.021701,-0.042872,0.056053,0.000000,MOVE_JOINT
0.937000,0.496908,-0.103286,-0.051992,0.021259,-0.044442,0.055826,0.000000,MOVE_JOINT
0.938000,0.496929,-0.103333,-0.051935,0.020730,-0.045053,0.055890,0.000000,MOVE_JOINT
0.939000,0.496952,-0.103373,-0.051880,0.020965,-0.044109,0.055524,0.000000,MOVE_JOINT
0.940000,0.496973,-0.103418,-0.051823,0.021120,-0.044574,0.055932,0.000000,MOVE_JOINT
0.941000,0.497000,-0.103459,-0.051763,0.022940,-0.042539,0.056770,0.000000,MOVE_JOINT
0.942000,0.497026,-0.103505,-0.051704,0.023744,-0.043526,0.057623,0.000000,MOVE_JOINT
0.943000,0.497050,-0.103549,-0.051644,0.024513,-0.043389,0.058286,0.000000,MOVE_JOINT
0.944000,0.497073,-0.103593,-0.051585,0.023654,-0.043742,0.058338,0.000000,MOVE_JOINT
0.945000,0.497090,-0.103640,-0.051532,0.021745,-0.044623,0.057037,0.000000,MOVE_JOINT
0.946000,0.497117,-0.103689,-0.051470,0.023384,-0.045606,0.058612,0.000000,MOVE_JOINT
0.947000,0.497142,-0.103733,-0.051410,0.024576,-0.044563,0.059047,0.000000,MOVE_JOINT
0.948000,0.497167,-0.103785,-0.051351,0.026052,-0.045984,0.059889,0.000000,MOVE_JOINT
0.949000,0.497190,-0.103829,-0.051292,0.025119,-0.045671,0.059355,0.000000,MOVE_JOINT
0.950000,0.497218,-0.103873,-0.051232,0.026083,-0.045439,0.059957,0.000000,MOVE_JOINT
0.951000,0.497248,-0.103914,-0.051172,0.027169,-0.043656,0.059817,0.000000,MOVE_JOINT
0.952000,0.497277,-0.103959,-0.051112,0.027312,-0.044335,0.059415,0.000000,MOVE_JOINT
0.953000,0.497304,-0.104011,-0.051051,0.027687,-0.046557,0.060217,0.000000,MOVE_JOINT
0.954000,0.497333,-0.104059,-0.050990,0.028163,-0.046809,0.060519,0.000000,MOVE_JOINT
0.955000,0.497357,-0.104110,-0.050932,0.027278,-0.047564,0.060207,0.000000,MOVE_JOINT
0.956000,0.497389,-0.104155,-0.050869,0.028604,-0.047396,0.060907,0.000000,MOVE_JOINT
0.957000,0.497420,-0.104203,-0.050806,0.029139,-0.047267,0.061223,0.000000,MOVE_JOINT
0.958000,0.497452,-0.104249,-0.050743,0.030873,-0.046239,0.062124,0.000000,MOVE_JOINT
0.959000,0.497487,-0.104296,-0.050678,0.031307,-0.046542,0.062619,0.000000,MOVE_JOINT
0.960000,0.497520,-0.104347,-0.050613,0.030937,-0.047266,0.062779,0.000000,MOVE_JOINT
0.961000,0.497550,-0.104401,-0.050549,0.030638,-0.049115,0.063212,0.000000,MOVE_JOINT
0.962000,0.497580,-0.104449,-0.050486,0.029899,-0.049170,0.062825,0.000000,MOVE_JOINT
0.963000,0.497608,-0.104503,-0.050424,0.030290,-0.050201,0.063005,0.000000,MOVE_JOINT
0.964000,0.497642,-0.104552,-0.050358,0.031574,-0.049291,0.063717,0.000000,MOVE_JOINT
0.965000,0.497676,-0.104601,-0.050294,0.031641,-0.048988,0.063375,0.000000,MOVE_JOINT
0.966000,0.497703,-0.104648,-0.050232,0.031047,-0.048616,0.063250,0.000000,MOVE_JOINT
0.967000,0.497743,-0.104696,-0.050164,0.032840,-0.048350,0.064199,0.000000,MOVE_JOINT
0.968000,0.497773,-0.104750,-0.050100,0.032417,-0.050421,0.064791,0.000000,MOVE_JOINT
0.969000,0.497807,-0.104799,-0.050035,0.032248,-0.049888,0.064064,0.000000,MOVE_JOINT
0.970000,0.497842,-0.104851,-0.049969,0.031764,-0.050753,0.064415,0.000000,MOVE_JOINT
0.971000,0.497867,-0.104895,-0.049911,0.030798,-0.049114,0.063157,0.000000,MOVE_JOINT
0.972000,0.497903,-0.104940,-0.049844,0.031777,-0.047652,0.063704,0.000000,MOVE_JOINT
0.973000,0.497937,-0.104988,-0.049780,0.032458,-0.047997,0.064178,0.000000,MOVE_JOINT
0.974000,0.497971,-0.105035,-0.049714,0.033902,-0.047407,0.065229,0.000000,MOVE_JOINT
0.975000,0.498007,-0.105084,-0.049647,0.033811,-0.048412,0.065319,0.000000,MOVE_JOINT
0.976000,0.498038,-0.105136,-0.049582,0.032564,-0.049356,0.064902,0.000000,MOVE_JOINT
0.977000,0.498071,-0.105188,-0.049516,0.031971,-0.049764,0.064744,0.000000,MOVE_JOINT
0.978000,0.498095,-0.105243,-0.049455,0.029846,-0.051140,0.064006,0.000000,MOVE_JOINT
0.979000,0.498125,-0.105290,-0.049390,0.030221,-0.049378,0.064146,0.000000,MOVE_JOINT
0.980000,0.498158,-0.105346,-0.049321,0.030411,-0.051306,0.065176,0.000000,MOVE_JOINT
0.981000,0.498183,-0.105398,-0.049258,0.030065,-0.051460,0.065224,0.000000,MOVE_JOINT
0.982000,0.498212,-0.105457,-0.049191,0.029097,-0.053685,0.065437,0.000000,MOVE_JOINT
0.983000,0.498251,-0.105511,-0.049119,0.032078,-0.053623,0.067232,0.000000,MOVE_JOINT
0.984000,0.498275,-0.105570,-0.049056,0.030083,-0.055178,0.066189,0.000000,MOVE_JOINT
0.985000,0.498312,-0.105627,-0.048984,0.031035,-0.056104,0.067548,0.000000,MOVE_JOINT
0.986000,0.498339,-0.105687,-0.048917,0.030266,-0.056442,0.067216,0.000000,MOVE_JOINT
0.987000,0.498365,-0.105743,-0.048854,0.029331,-0.056706,0.066617,0.000000,MOVE_JOINT
0.988000,0.498403,-0.105799,-0.048782,0.031743,-0.056886,0.068229,0.000000,MOVE_JOINT
0.989000,0.498435,-0.105859,-0.048713,0.032207,-0.058101,0.069059,0.000000,MOVE_JOINT
0.990000,0.498469,-0.105911,-0.048646,0.031070,-0.057525,0.067717,0.000000,MOVE_JOINT
0.991000,0.498507,-0.105969,-0.048574,0.032902,-0.058104,0.069060,0.000000,MOVE_JOINT
0.992000,0.498536,-0.106031,-0.048507,0.031731,-0.059550,0.068846,0.000000,MOVE_JOINT
0.993000,0.498575,-0.106091,-0.048432,0.033682,-0.060096,0.070483,0.000000,MOVE_JOINT
0.994000,0.498600,-0.106155,-0.048365,0.032072,-0.061162,0.069752,0.000000,MOVE_JOINT
0.995000,0.498633,-0.106215,-0.048295,0.032555,-0.060613,0.070006,0.000000,MOVE_JOINT
0.996000,0.498664,-0.106275,-0.048224,0.031492,-0.060529,0.069767,0.000000,MOVE_JOINT
0.997000,0.498695,-0.106337,-0.048154,0.031778,-0.060751,0.070135,0.000000,MOVE_JOINT
0.998000,0.498728,-0.106401,-0.048081,0.032135,-0.062072,0.071014,0.000000,MOVE_JOINT
0.999000,0.498753,-0.106460,-0.048014,0.030677,-0.061044,0.070118,0.000000,MOVE_JOINT
1.000000,0.498784,-0.106524,-0.047945,0.029990,-0.061604,0.069574,0.000000,MOVE_JOINT
1.001000,0.498812,-0.106586,-0.047876,0.029604,-0.061337,0.068911,0.000000,MOVE_JOINT
1.002000,0.498837,-0.106647,-0.047811,0.028739,-0.060894,0.068415,0.000000,MOVE_JOINT
1.003000,0.498870,-0.106710,-0.047738,0.029550,-0.061329,0.069222,0.000000,MOVE_JOINT
1.004000,0.498902,-0.106768,-0.047668,0.030582,-0.060648,0.070027,0.000000,MOVE_JOINT
1.005000,0.498933,-0.106822,-0.047599,0.031014,-0.058414,0.070037,0.000000,MOVE_JOINT
1.006000,0.498961,-0.106879,-0.047529,0.029674,-0.057586,0.069229,0.000000,MOVE_JOINT
1.007000,0.498986,-0.106938,-0.047462,0.028758,-0.057920,0.068904,0.000000,MOVE_JOINT
1.008000,0.499008,-0.107000,-0.047396,0.026146,-0.059253,0.067498,0.000000,MOVE_JOINT
1.009000,0.499034,-0.107059,-0.047328,0.026347,-0.059186,0.068007,0.000000,MOVE_JOINT
1.010000,0.499054,-0.107125,-0.047261,0.024713,-0.060858,0.067648,0.000000,MOVE_JOINT
1.011000,0.499087,-0.107183,-0.047189,0.026345,-0.060073,0.068388,0.000000,MOVE_JOINT
1.012000,0.499111,-0.107241,-0.047121,0.025522,-0.059778,0.068313,0.000000,MOVE_JOINT
1.013000,0.499139,-0.107299,-0.047052,0.025707,-0.058855,0.068321,0.000000,MOVE_JOINT
1.014000,0.499165,-0.107358,-0.046983,0.025283,-0.058487,0.068105,0.000000,MOVE_JOINT
1.015000,0.499186,-0.107415,-0.046918,0.024273,-0.058295,0.067315,0.000000,MOVE_JOINT
1.016000,0.499210,-0.107471,-0.046853,0.023120,-0.057488,0.066198,0.000000,MOVE_JOINT
1.017000,0.499234,-0.107530,-0.046786,0.023949,-0.058400,0.066926,0.000000,MOVE_JOINT
1.018000,0.499257,-0.107589,-0.046720,0.023265,-0.058482,0.066606,0.000000,MOVE_JOINT
1.019000,0.499285,-0.107647,-0.046652,0.023926,-0.058476,0.066414,0.000000,MOVE_JOINT
1.020000,0.499316,-0.107698,-0.046583,0.026529,-0.056287,0.067555,0.000000,MOVE_JOINT
1.021000,0.499341,-0.107751,-0.046518,0.025575,-0.055419,0.066328,0.000000,MOVE_JOINT
1.022000,0.499363,-0.107807,-0.046452,0.024293,-0.055828,0.066162,0.000000,MOVE_JOINT
1.023000,0.499385,-0.107862,-0.046387,0.023946,-0.055915,0.066389,0.000000,MOVE_JOINT
1.024000,0.499407,-0.107920,-0.046321,0.023136,-0.056800,0.066172,0.000000,MOVE_JOINT
1.025000,0.499424,-0.107976,-0.046260,0.023071,-0.056840,0.065856,0.000000,MOVE_JOINT
1.026000,0.499454,-0.108034,-0.046191,0.024894,-0.057037,0.066631,0.000000,MOVE_JOINT
1.027000,0.499475,-0.108087,-0.046127,0.023670,-0.056082,0.065733,0.000000,MOVE_JOINT
1.028000,0.499501,-0.108142,-0.046061,0.025553,-0.055001,0.066406,0.000000,MOVE_JOINT
1.029000,0.499528,-0.108205,-0.045990,0.025205,-0.057527,0.067175,0.000000,MOVE_JOINT
1.030000,0.499555,-0.108257,-0.045924,0.025539,-0.056304,0.067168,0.000000,MOVE_JOINT
1.031000,0.499574,-0.108316,-0.045859,0.023677,-0.057389,0.066542,0.000000,MOVE_JOINT
1.032000,0.499596,-0.108378,-0.045793,0.023274,-0.059047,0.066456,0.000000,MOVE_JOINT
1.033000,0.499617,-0.108441,-0.045728,0.023271,-0.060197,0.066465,0.000000,MOVE_JOINT
1.034000,0.499646,-0.108503,-0.045658,0.024575,-0.061083,0.067355,0.000000,MOVE_JOINT
1.035000,0.499671,-0.108556,-0.045593,0.024820,-0.059270,0.066875,0.000000,MOVE_JOINT
1.036000,0.499702,-0.108614,-0.045522,0.026522,-0.057878,0.067745,0.000000,MOVE_JOINT
1.037000,0.499732,-0.108669,-0.045453,0.026835,-0.058440,0.068126,0.000000,MOVE_JOINT
1.038000,0.499756,-0.108724,-0.045388,0.026943,-0.057266,0.067856,0.000000,MOVE_JOINT
1.039000,0.499778,-0.108784,-0.045321,0.024651,-0.058930,0.067227,0.000000,MOVE_JOINT
1.040000,0.499802,-0.108840,-0.045255,0.023993,-0.057926,0.066197,0.000000,MOVE_JOINT
1.041000,0.499822,-0.108901,-0.045192,0.023417,-0.058677,0.065847,0.000000,MOVE_JOINT
1.042000,0.499848,-0.108960,-0.045125,0.023338,-0.058338,0.065519,0.000000,MOVE_JOINT
1.043000,0.499872,-0.109018,-0.045060,0.024673,-0.057856,0.065769,0.000000,MOVE_JOINT
1.044000,0.499908,-0.109069,-0.044989,0.027837,-0.055903,0.067270,0.000000,MOVE_JOINT
1.045000,0.499936,-0.109123,-0.044924,0.026657,-0.055878,0.065914,0.000000,MOVE_JOINT
1.046000,0.499963,-0.109178,-0.044857,0.027159,-0.056053,0.066394,0.000000,MOVE_JOINT
1.047000,0.499993,-0.109233,-0.044791,0.026775,-0.056058,0.065893,0.000000,MOVE_JOINT
1.048000,0.500022,-0.109292,-0.044724,0.028014,-0.057721,0.066641,0.000000,MOVE_JOINT
1.049000,0.500053,-0.109349,-0.044656,0.029050,-0.057314,0.066950,0.000000,MOVE_JOINT
1.050000,0.500083,-0.109408,-0.044589,0.029429,-0.057162,0.066822,0.000000,MOVE_JOINT
1.051000,0.500112,-0.109460,-0.044524,0.029804,-0.055216,0.066672,0.000000,MOVE_JOINT
1.052000,0.500151,-0.109511,-0.044454,0.031447,-0.054197,0.067129,0.000000,MOVE_JOINT
1.053000,0.500186,-0.109566,-0.044383,0.031991,-0.055543,0.068240,0.000000,MOVE_JOINT
1.054000,0.500217,-0.109624,-0.044315,0.031181,-0.056032,0.067857,0.000000,MOVE_JOINT
1.055000,0.500249,-0.109678,-0.044246,0.031305,-0.055908,0.068213,0.000000,MOVE_JOINT
1.056000,0.500276,-0.109739,-0.044179,0.030815,-0.057984,0.068566,0.000000,MOVE_JOINT
1.057000,0.500310,-0.109799,-0.044108,0.031485,-0.058496,0.069028,0.000000,MOVE_JOINT
1.058000,0.500343,-0.109861,-0.044038,0.031868,-0.059631,0.069359,0.000000,MOVE_JOINT
1.059000,0.500370,-0.109914,-0.043974,0.030969,-0.058055,0.068303,0.000000,MOVE_JOINT
1.060000,0.500410,-0.109975,-0.043899,0.033501,-0.058417,0.070026,0.000000,MOVE_JOINT
1.061000,0.500442,-0.110032,-0.043830,0.033514,-0.058149,0.070125,0.000000,MOVE_JOINT
1.062000,0.500478,-0.110090,-0.043758,0.033119,-0.058804,0.070289,0.000000,MOVE_JOINT
1.063000,0.500508,-0.110150,-0.043690,0.031232,-0.059463,0.069047,0.000000,MOVE_JOINT
1.064000,0.500535,-0.110215,-0.043623,0.030660,-0.061421,0.068913,0.000000,MOVE_JOINT
1.065000,0.500573,-0.110271,-0.043551,0.032033,-0.060327,0.069971,0.000000,MOVE_JOINT
1.066000,0.500603,-0.110333,-0.043483,0.032033,-0.060705,0.069743,0.000000,MOVE_JOINT
1.067000,0.500635,-0.110392,-0.043413,0.032603,-0.059751,0.069994,0.000000,MOVE_JOINT
1.068000,0.500666,-0.110449,-0.043343,0.031632,-0.058839,0.069477,0.000000,MOVE_JOINT
1.069000,0.500697,-0.110501,-0.043276,0.031452,-0.056710,0.068763,0.000000,MOVE_JOINT
1.070000,0.500732,-0.110559,-0.043204,0.030868,-0.057287,0.068876,0.000000,MOVE_JOINT
1.071000,0.500760,-0.110613,-0.043138,0.029863,-0.056673,0.068310,0.000000,MOVE_JOINT
1.072000,0.500780,-0.110675,-0.043073,0.027330,-0.057573,0.066978,0.000000,MOVE_JOINT
1.073000,0.500807,-0.110737,-0.043005,0.026739,-0.059101,0.067366,0.000000,MOVE_JOINT
1.074000,0.500827,-0.110795,-0.042941,0.025621,-0.058659,0.066923,0.000000,MOVE_JOINT
1.075000,0.500856,-0.110851,-0.042872,0.026531,-0.057244,0.067346,0.000000,MOVE_JOINT
1.076000,0.500885,-0.110906,-0.042802,0.026368,-0.056523,0.067616,0.000000,MOVE_JOINT
1.077000,0.500907,-0.110967,-0.042735,0.025717,-0.058306,0.067927,0.000000,MOVE_JOINT
1.078000,0.500934,-0.111023,-0.042667,0.024582,-0.057585,0.067241,0.000000,MOVE_JOINT
1.079000,0.500960,-0.111085,-0.042598,0.024970,-0.059009,0.067778,0.000000,MOVE_JOINT
1.080000,0.500981,-0.111148,-0.042531,0.023632,-0.059720,0.067044,0.000000,MOVE_JOINT
1.081000,0.501007,-0.111205,-0.042463,0.024346,-0.058441,0.067162,0.000000,MOVE_JOINT
1.082000,0.501031,-0.111262,-0.042396,0.024924,-0.057853,0.067596,0.000000,MOVE_JOINT
1.083000,0.501060,-0.111320,-0.042326,0.025939,-0.058024,0.068227,0.000000,MOVE_JOINT
1.084000,0.501089,-0.111374,-0.042255,0.027026,-0.057490,0.068974,0.000000,MOVE_JOINT
1.085000,0.501113,-0.111433,-0.042187,0.026195,-0.058236,0.068865,0.000000,MOVE_JOINT
1.086000,0.501135,-0.111496,-0.042120,0.024368,-0.060122,0.068113,0.000000,MOVE_JOINT
1.087000,0.501158,-0.111555,-0.042051,0.023888,-0.060352,0.068616,0.000000,MOVE_JOINT
1.088000,0.501182,-0.111617,-0.041982,0.023061,-0.060623,0.068410,0.000000,MOVE_JOINT
1.089000,0.501205,-0.111676,-0.041914,0.022867,-0.060356,0.068511,0.000000,MOVE_JOINT
1.090000,0.501227,-0.111739,-0.041844,0.023053,-0.061205,0.069162,0.000000,MOVE_JOINT
1.091000,0.501254,-0.111801,-0.041772,0.024047,-0.061346,0.069922,0.000000,MOVE_JOINT
1.092000,0.501282,-0.111862,-0.041701,0.024598,-0.061515,0.069830,0.000000,MOVE_JOINT
1.093000,0.501305,-0.111929,-0.041631,0.024252,-0.063427,0.069715,0.000000,MOVE_JOINT
1.094000,0.501330,-0.111994,-0.041560,0.024244,-0.063949,0.070019,0.000000,MOVE_JOINT
1.095000,0.501349,-0.112057,-0.041493,0.023132,-0.063047,0.069026,0.000000,MOVE_JOINT
1.096000,0.501375,-0.112122,-0.041420,0.023954,-0.062996,0.070105,0.000000,MOVE_JOINT
1.097000,0.501398,-0.112183,-0.041351,0.024687,-0.062050,0.070368,0.000000,MOVE_JOINT
1.098000,0.501420,-0.112245,-0.041282,0.023772,-0.062039,0.069870,0.000000,MOVE_JOINT
1.099000,0.501450,-0.112307,-0.041208,0.026037,-0.062077,0.071203,0.000000,MOVE_JOINT
1.100000,0.501476,-0.112374,-0.041135,0.026538,-0.063814,0.072221,0.000000,MOVE_JOINT
1.101000,0.501498,-0.112441,-0.041065,0.025069,-0.064665,0.071533,0.000000,MOVE_JOINT
1.102000,0.501523,-0.112504,-0.040994,0.024300,-0.063822,0.070963,0.000000,MOVE_JOINT
1.103000,0.501535,-0.112579,-0.040927,0.020661,-0.066703,0.070071,0.000000,MOVE_JOINT
1.104000,0.501554,-0.112646,-0.040859,0.019927,-0.066700,0.069077,0.000000,MOVE_JOINT
1.105000,0.501575,-0.112714,-0.040789,0.021064,-0.066927,0.069878,0.000000,MOVE_JOINT
1.106000,0.501596,-0.112783,-0.040718,0.021201,-0.067347,0.070191,0.000000,MOVE_JOINT
1.107000,0.501616,-0.112854,-0.040648,0.020563,-0.068334,0.070154,0.000000,MOVE_JOINT
1.108000,0.501645,-0.112927,-0.040572,0.022573,-0.069695,0.071888,0.000000,MOVE_JOINT
1.109000,0.501667,-0.112995,-0.040501,0.022489,-0.068834,0.071460,0.000000,MOVE_JOINT
1.110000,0.501683,-0.113066,-0.040434,0.019884,-0.069911,0.069918,0.000000,MOVE_JOINT
1.111000,0.501702,-0.113132,-0.040367,0.019506,-0.069110,0.069200,0.000000,MOVE_JOINT
1.112000,0.501717,-0.113199,-0.040300,0.018212,-0.068363,0.068374,0.000000,MOVE_JOINT
1.113000,0.501736,-0.113266,-0.040231,0.019060,-0.067242,0.068848,0.000000,MOVE_JOINT
1.114000,0.501760,-0.113331,-0.040160,0.019798,-0.066587,0.069288,0.000000,MOVE_JOINT
1.115000,0.501778,-0.113395,-0.040092,0.018801,-0.066687,0.068613,0.000000,MOVE_JOINT
1.116000,0.501798,-0.113462,-0.040025,0.019121,-0.066832,0.068495,0.000000,MOVE_JOINT
1.117000,0.501821,-0.113535,-0.039951,0.019868,-0.068758,0.069720,0.000000,MOVE_JOINT
1.118000,0.501834,-0.113600,-0.039889,0.017247,-0.067677,0.067360,0.000000,MOVE_JOINT
1.119000,0.501851,-0.113661,-0.039823,0.017152,-0.065670,0.066921,0.000000,MOVE_JOINT
1.120000,0.501862,-0.113730,-0.039760,0.015715,-0.066300,0.065646,0.000000,MOVE_JOINT
1.121000,0.501873,-0.113798,-0.039696,0.015095,-0.066826,0.065660,0.000000,MOVE_JOINT
1.122000,0.501891,-0.113861,-0.039629,0.015713,-0.066291,0.066086,0.000000,MOVE_JOINT
1.123000,0.501906,-0.113927,-0.039563,0.016475,-0.066358,0.066840,0.000000,MOVE_JOINT
1.124000,0.501927,-0.113990,-0.039496,0.016796,-0.065273,0.066378,0.000000,MOVE_JOINT
1.125000,0.501945,-0.114057,-0.039428,0.016455,-0.065851,0.066678,0.000000,MOVE_JOINT
1.126000,0.501949,-0.114118,-0.039369,0.013205,-0.064939,0.064656,0.000000,MOVE_JOINT
1.127000,0.501964,-0.114179,-0.039305,0.013838,-0.062860,0.064047,0.000000,MOVE_JOINT
1.128000,0.501976,-0.114246,-0.039241,0.012886,-0.064014,0.063693,0.000000,MOVE_JOINT
1.129000,0.501984,-0.114309,-0.039180,0.012560,-0.063433,0.063502,0.000000,MOVE_JOINT
1.130000,0.501996,-0.114377,-0.039115,0.011903,-0.064489,0.063574,0.000000,MOVE_JOINT
1.131000,0.502004,-0.114441,-0.039053,0.012292,-0.064385,0.063950,0.000000,MOVE_JOINT
1.132000,0.502022,-0.114507,-0.038985,0.013386,-0.064986,0.064762,0.000000,MOVE_JOINT
1.133000,0.502037,-0.114566,-0.038924,0.013259,-0.062612,0.063331,0.000000,MOVE_JOINT
1.134000,0.502048,-0.114633,-0.038860,0.012785,-0.063603,0.063410,0.000000,MOVE_JOINT
1.135000,0.502049,-0.114698,-0.038804,0.009600,-0.064167,0.061313,0.000000,MOVE_JOINT
1.136000,0.502061,-0.114759,-0.038740,0.010305,-0.063387,0.061741,0.000000,MOVE_JOINT
1.137000,0.502070,-0.114822,-0.038679,0.010448,-0.062735,0.062026,0.000000,MOVE_JOINT
1.138000,0.502081,-0.114890,-0.038616,0.010050,-0.064178,0.062099,0.000000,MOVE_JOINT
1.139000,0.502090,-0.114956,-0.038552,0.010331,-0.064141,0.062773,0.000000,MOVE_JOINT
1.140000,0.502104,-0.115014,-0.038489,0.011439,-0.062743,0.063161,0.000000,MOVE_JOINT
1.141000,0.502115,-0.115071,-0.038426,0.010911,-0.061592,0.063107,0.000000,MOVE_JOINT
1.142000,0.502129,-0.115135,-0.038363,0.011515,-0.062210,0.063087,0.000000,MOVE_JOINT
1.143000,0.502142,-0.115200,-0.038299,0.011302,-0.063143,0.063070,0.000000,MOVE_JOINT
1.144000,0.502144,-0.115272,-0.038237,0.009041,-0.065330,0.062577,0.000000,MOVE_JOINT
1.145000,0.502155,-0.115343,-0.038175,0.009229,-0.067014,0.062757,0.000000,MOVE_JOINT
1.146000,0.502167,-0.115409,-0.038110,0.009478,-0.066884,0.063351,0.000000,MOVE_JOINT
1.147000,0.502178,-0.115478,-0.038045,0.010988,-0.067106,0.064336,0.000000,MOVE_JOINT
1.148000,0.502193,-0.115545,-0.037977,0.012155,-0.066902,0.065168,0.000000,MOVE_JOINT
1.149000,0.502207,-0.115617,-0.037909,0.014099,-0.068289,0.066519,0.000000,MOVE_JOINT
1.150000,0.502228,-0.115686,-0.037839,0.015743,-0.068401,0.067379,0.000000,MOVE_JOINT
1.151000,0.502242,-0.115754,-0.037773,0.014642,-0.069031,0.066776,0.000000,MOVE_JOINT
1.152000,0.502251,-0.115826,-0.037706,0.013307,-0.069637,0.066774,0.000000,MOVE_JOINT
1.153000,0.502268,-0.115899,-0.037636,0.013922,-0.070413,0.067396,0.000000,MOVE_JOINT
1.154000,0.502275,-0.115971,-0.037572,0.012476,-0.070646,0.066857,0.000000,MOVE_JOINT
1.155000,0.502288,-0.116043,-0.037504,0.011913,-0.071366,0.066898,0.000000,MOVE_JOINT
1.156000,0.502302,-0.116118,-0.037435,0.012875,-0.072940,0.067765,0.000000,MOVE_JOINT
1.157000,0.502317,-0.116193,-0.037362,0.013978,-0.073372,0.069636,0.000000,MOVE_JOINT
1.158000,0.502332,-0.116265,-0.037292,0.013589,-0.072703,0.069221,0.000000,MOVE_JOINT
1.159000,0.502346,-0.116337,-0.037221,0.013676,-0.071955,0.069869,0.000000,MOVE_JOINT
1.160000,0.502357,-0.116403,-0.037156,0.012263,-0.070223,0.068096,0.000000,MOVE_JOINT
1.161000,0.502364,-0.116476,-0.037088,0.011907,-0.070308,0.068242,0.000000,MOVE_JOINT
1.162000,0.502373,-0.116545,-0.037023,0.012281,-0.070284,0.068442,0.000000,MOVE_JOINT
1.163000,0.502392,-0.116618,-0.036951,0.013760,-0.071482,0.069219,0.000000,MOVE_JOINT
1.164000,0.502405,-0.116691,-0.036882,0.014290,-0.071406,0.069378,0.000000,MOVE_JOINT
1.165000,0.502415,-0.116764,-0.036812,0.013632,-0.072094,0.069747,0.000000,MOVE_JOINT
1.166000,0.502435,-0.116830,-0.036740,0.014004,-0.070333,0.069533,0.000000,MOVE_JOINT
1.167000,0.502451,-0.116895,-0.036671,0.014481,-0.068482,0.069329,0.000000,MOVE_JOINT
1.168000,0.502462,-0.116966,-0.036604,0.013199,-0.069540,0.068759,0.000000,MOVE_JOINT
1.169000,0.502473,-0.117043,-0.036535,0.012303,-0.072064,0.069102,0.000000,MOVE_JOINT
1.170000,0.502485,-0.117114,-0.036463,0.012548,-0.072268,0.070213,0.000000,MOVE_JOINT
1.171000,0.502499,-0.117188,-0.036392,0.012630,-0.072885,0.070313,0.000000,MOVE_JOINT
1.172000,0.502516,-0.117257,-0.036321,0.013705,-0.071692,0.070261,0.000000,MOVE_JOINT
1.173000,0.502531,-0.117325,-0.036249,0.014385,-0.070340,0.070867,0.000000,MOVE_JOINT
1.174000,0.502549,-0.117396,-0.036175,0.015118,-0.071040,0.072114,0.000000,MOVE_JOINT
1.175000,0.502564,-0.117467,-0.036104,0.015055,-0.071804,0.071970,0.000000,MOVE_JOINT
1.176000,0.502585,-0.117536,-0.036030,0.015428,-0.071307,0.071806,0.000000,MOVE_JOINT
1.177000,0.502599,-0.117610,-0.035960,0.015218,-0.071923,0.071528,0.000000,MOVE_JOINT
1.178000,0.502614,-0.117687,-0.035885,0.015856,-0.073673,0.073013,0.000000,MOVE_JOINT
1.179000,0.502633,-0.117754,-0.035811,0.015965,-0.072009,0.073072,0.000000,MOVE_JOINT
1.180000,0.502656,-0.117822,-0.035735,0.018023,-0.071266,0.074046,0.000000,MOVE_JOINT
1.181000,0.502673,-0.117891,-0.035660,0.017006,-0.071052,0.074071,0.000000,MOVE_JOINT
1.182000,0.502689,-0.117963,-0.035585,0.015569,-0.071710,0.073886,0.000000,MOVE_JOINT
1.183000,0.502700,-0.118041,-0.035511,0.014416,-0.073814,0.074296,0.000000,MOVE_JOINT
1.184000,0.502721,-0.118112,-0.035433,0.015951,-0.072869,0.074941,0.000000,MOVE_JOINT
1.185000,0.502733,-0.118183,-0.035364,0.015262,-0.072069,0.073532,0.000000,MOVE_JOINT
1.186000,0.502752,-0.118254,-0.035288,0.015639,-0.071333,0.073837,0.000000,MOVE_JOINT
1.187000,0.502774,-0.118328,-0.035208,0.017260,-0.071840,0.075178,0.000000,MOVE_JOINT
1.188000,0.502794,-0.118401,-0.035132,0.018572,-0.072855,0.076060,0.000000,MOVE_JOINT
1.189000,0.502819,-0.118470,-0.035052,0.020080,-0.071783,0.076652,0.000000,MOVE_JOINT
1.190000,0.502835,-0.118548,-0.034977,0.018212,-0.073469,0.075757,0.000000,MOVE_JOINT
1.191000,0.502855,-0.118617,-0.034902,0.019135,-0.072297,0.076310,0.000000,MOVE_JOINT
1.192000,0.502875,-0.118690,-0.034825,0.018885,-0.072882,0.076522,0.000000,MOVE_JOINT
1.193000,0.502891,-0.118757,-0.034752,0.018479,-0.070773,0.075910,0.000000,MOVE_JOINT
1.194000,0.502915,-0.118821,-0.034675,0.019839,-0.069113,0.076236,0.000000,MOVE_JOINT
1.195000,0.502939,-0.118892,-0.034595,0.020739,-0.070416,0.077200,0.000000,MOVE_JOINT
1.196000,0.502955,-0.118963,-0.034519,0.019883,-0.070669,0.077228,0.000000,MOVE_JOINT
1.197000,0.502974,-0.119033,-0.034444,0.018906,-0.070158,0.076172,0.000000,MOVE_JOINT
1.198000,0.502994,-0.119094,-0.034370,0.019296,-0.067390,0.075648,0.000000,MOVE_JOINT
1.199000,0.503015,-0.119159,-0.034296,0.019317,-0.066271,0.074945,0.000000,MOVE_JOINT
1.200000,0.503034,-0.119226,-0.034221,0.019109,-0.066635,0.074830,0.000000,MOVE_JOINT
1.201000,0.503061,-0.119297,-0.034140,0.021849,-0.067997,0.077174,0.000000,MOVE_JOINT
1.202000,0.503087,-0.119362,-0.034063,0.022817,-0.067067,0.077003,0.000000,MOVE_JOINT
1.203000,0.503106,-0.119430,-0.033990,0.022252,-0.066622,0.075694,0.000000,MOVE_JOINT
1.204000,0.503132,-0.119493,-0.033915,0.022353,-0.065436,0.075328,0.000000,MOVE_JOINT
1.205000,0.503155,-0.119557,-0.033841,0.021951,-0.064696,0.074270,0.000000,MOVE_JOINT
1.206000,0.503178,-0.119625,-0.033766,0.023243,-0.066141,0.075217,0.000000,MOVE_JOINT
1.207000,0.503214,-0.119681,-0.033686,0.027308,-0.063647,0.076867,0.000000,MOVE_JOINT
1.208000,0.503244,-0.119746,-0.033608,0.027364,-0.064305,0.076720,0.000000,MOVE_JOINT
1.209000,0.503267,-0.119810,-0.033535,0.026502,-0.063960,0.075648,0.000000,MOVE_JOINT
1.210000,0.503301,-0.119872,-0.033456,0.027953,-0.063364,0.076017,0.000000,MOVE_JOINT
1.211000,0.503324,-0.119938,-0.033385,0.027340,-0.064706,0.075607,0.000000,MOVE_JOINT
1.212000,0.503358,-0.120001,-0.033305,0.028786,-0.064733,0.076783,0.000000,MOVE_JOINT
1.213000,0.503385,-0.120068,-0.033230,0.027395,-0.065652,0.075756,0.000000,MOVE_JOINT
1.214000,0.503421,-0.120130,-0.033150,0.030153,-0.064555,0.077145,0.000000,MOVE_JOINT
1.215000,0.503461,-0.120201,-0.033068,0.031939,-0.066966,0.078541,0.000000,MOVE_JOINT
1.216000,0.503495,-0.120265,-0.032989,0.032466,-0.065806,0.078253,0.000000,MOVE_JOINT
1.217000,0.503526,-0.120335,-0.032911,0.031836,-0.066581,0.077919,0.000000,MOVE_JOINT
1.218000,0.503559,-0.120404,-0.032830,0.032430,-0.067945,0.079184,0.000000,MOVE_JOINT
1.219000,0.503594,-0.120470,-0.032749,0.033663,-0.067776,0.080339,0.000000,MOVE_JOINT
1.220000,0.503633,-0.120539,-0.032665,0.035002,-0.067951,0.081256,0.000000,MOVE_JOINT
1.221000,0.503668,-0.120607,-0.032587,0.035082,-0.068614,0.080789,0.000000,MOVE_JOINT
1.222000,0.503702,-0.120679,-0.032504,0.034450,-0.069921,0.081167,0.000000,MOVE_JOINT
1.223000,0.503735,-0.120752,-0.032422,0.034107,-0.070958,0.081407,0.000000,MOVE_JOINT
1.224000,0.503766,-0.120828,-0.032342,0.033781,-0.072550,0.081675,0.000000,MOVE_JOINT
1.225000,0.503800,-0.120902,-0.032259,0.033134,-0.073506,0.081881,0.000000,MOVE_JOINT
1.226000,0.503838,-0.120976,-0.032173,0.035097,-0.073246,0.083040,0.000000,MOVE_JOINT
1.227000,0.503872,-0.121044,-0.032093,0.035002,-0.071776,0.082637,0.000000,MOVE_JOINT
1.228000,0.503911,-0.121122,-0.032004,0.035106,-0.073485,0.083623,0.000000,MOVE_JOINT
1.229000,0.503938,-0.121201,-0.031924,0.033456,-0.074526,0.082988,0.000000,MOVE_JOINT
1.230000,0.503967,-0.121278,-0.031842,0.032455,-0.074796,0.082622,0.000000,MOVE_JOINT
1.231000,0.504000,-0.121357,-0.031757,0.032648,-0.076245,0.083434,0.000000,MOVE_JOINT
1.232000,0.504033,-0.121439,-0.031670,0.033616,-0.077997,0.084950,0.000000,MOVE_JOINT
1.233000,0.504075,-0.121511,-0.031580,0.035282,-0.076384,0.086452,0.000000,MOVE_JOINT
1.234000,0.504101,-0.121584,-0.031500,0.032788,-0.075158,0.084606,0.000000,MOVE_JOINT
1.235000,0.504128,-0.121667,-0.031416,0.030041,-0.077617,0.083804,0.000000,MOVE_JOINT
1.236000,0.504153,-0.121752,-0.031331,0.028694,-0.079370,0.084229,0.000000,MOVE_JOINT
1.237000,0.504177,-0.121832,-0.031249,0.028226,-0.079477,0.083866,0.000000,MOVE_JOINT
1.238000,0.504211,-0.121910,-0.031162,0.029593,-0.079013,0.084849,0.000000,MOVE_JOINT
1.239000,0.504240,-0.121991,-0.031077,0.030141,-0.079725,0.085372,0.000000,MOVE_JOINT
1.240000,0.504270,-0.122071,-0.030989,0.028912,-0.079760,0.085803,0.000000,MOVE_JOINT
1.241000,0.504300,-0.122144,-0.030904,0.028348,-0.077094,0.084928,0.000000,MOVE_JOINT
1.242000,0.504319,-0.122218,-0.030825,0.025840,-0.076111,0.083252,0.000000,MOVE_JOINT
1.243000,0.504347,-0.122301,-0.030737,0.025659,-0.078426,0.084400,0.000000,MOVE_JOINT
1.244000,0.504372,-0.122378,-0.030652,0.025015,-0.078681,0.084616,0.000000,MOVE_JOINT
1.245000,0.504396,-0.122464,-0.030566,0.025453,-0.080946,0.085598,0.000000,MOVE_JOINT
1.246000,0.504422,-0.122547,-0.030481,0.025026,-0.081575,0.085111,0.000000,MOVE_JOINT
1.247000,0.504444,-0.122620,-0.030400,0.024637,-0.078528,0.084074,0.000000,MOVE_JOINT
1.248000,0.504471,-0.122700,-0.030314,0.024537,-0.078090,0.083666,0.000000,MOVE_JOINT
1.249000,0.504493,-0.122776,-0.030233,0.024283,-0.077047,0.083027,0.000000,MOVE_JOINT
1.250000,0.504508,-0.122852,-0.030155,0.022302,-0.076750,0.081853,0.000000,MOVE_JOINT
1.251000,0.504531,-0.122930,-0.030072,0.022729,-0.077409,0.082535,0.000000,MOVE_JOINT
1.252000,0.504549,-0.123009,-0.029993,0.021814,-0.077606,0.081731,0.000000,MOVE_JOINT
1.253000,0.504575,-0.123086,-0.029909,0.023514,-0.077014,0.082411,0.000000,MOVE_JOINT
1.254000,0.504605,-0.123164,-0.029822,0.024413,-0.076818,0.083082,0.000000,MOVE_JOINT
1.255000,0.504618,-0.123244,-0.029745,0.021194,-0.078545,0.081180,0.000000,MOVE_JOINT
1.256000,0.504641,-0.123319,-0.029664,0.021434,-0.077982,0.081439,0.000000,MOVE_JOINT
1.257000,0.504661,-0.123394,-0.029584,0.021031,-0.076829,0.081109,0.000000,MOVE_JOINT
1.258000,0.504679,-0.123477,-0.029502,0.020957,-0.078387,0.081722,0.000000,MOVE_JOINT
1.259000,0.504706,-0.123556,-0.029418,0.021579,-0.078292,0.081883,0.000000,MOVE_JOINT
1.260000,0.504739,-0.123628,-0.029331,0.025662,-0.076034,0.083509,0.000000,MOVE_JOINT
1.261000,0.504763,-0.123704,-0.029249,0.025124,-0.075791,0.082538,0.000000,MOVE_JOINT
1.262000,0.504785,-0.123781,-0.029168,0.023307,-0.076014,0.081391,0.000000,MOVE_JOINT
1.263000,0.504806,-0.123853,-0.029090,0.023600,-0.075279,0.081149,0.000000,MOVE_JOINT
1.264000,0.504827,-0.123931,-0.029011,0.022618,-0.076978,0.080736,0.000000,MOVE_JOINT
1.265000,0.504855,-0.124003,-0.028929,0.024566,-0.075477,0.081310,0.000000,MOVE_JOINT
1.266000,0.504886,-0.124077,-0.028846,0.026495,-0.074784,0.082036,0.000000,MOVE_JOINT
1.267000,0.504911,-0.124151,-0.028763,0.025717,-0.074530,0.081790,0.000000,MOVE_JOINT
1.268000,0.504933,-0.124226,-0.028685,0.025161,-0.074609,0.081338,0.000000,MOVE_JOINT
1.269000,0.504959,-0.124300,-0.028602,0.025295,-0.073946,0.081122,0.000000,MOVE_JOINT
1.270000,0.504987,-0.124381,-0.028517,0.026508,-0.075324,0.082268,0.000000,MOVE_JOINT
1.271000,0.505014,-0.124461,-0.028434,0.027915,-0.076863,0.083387,0.000000,MOVE_JOINT
1.272000,0.505040,-0.124535,-0.028353,0.027433,-0.076176,0.082779,0.000000,MOVE_JOINT
1.273000,0.505067,-0.124604,-0.028274,0.028698,-0.073543,0.082430,0.000000,MOVE_JOINT
1.274000,0.505099,-0.124682,-0.028189,0.028874,-0.074393,0.082558,0.000000,MOVE_JOINT
1.275000,0.505128,-0.124751,-0.028109,0.027419,-0.073717,0.081346,0.000000,MOVE_JOINT
1.276000,0.505152,-0.124828,-0.028028,0.026556,-0.074600,0.081331,0.000000,MOVE_JOINT
1.277000,0.505178,-0.124900,-0.027949,0.025775,-0.074050,0.080339,0.000000,MOVE_JOINT
1.278000,0.505201,-0.124976,-0.027872,0.025656,-0.075784,0.080541,0.000000,MOVE_JOINT
1.279000,0.505230,-0.125056,-0.027788,0.026723,-0.076989,0.081440,0.000000,MOVE_JOINT
1.280000,0.505260,-0.125135,-0.027703,0.027906,-0.076960,0.082517,0.000000,MOVE_JOINT
1.281000,0.505289,-0.125211,-0.027621,0.029540,-0.076293,0.083292,0.000000,MOVE_JOINT
1.282000,0.505314,-0.125287,-0.027540,0.026661,-0.076088,0.081567,0.000000,MOVE_JOINT
1.283000,0.505339,-0.125362,-0.027460,0.025812,-0.076823,0.081260,0.000000,MOVE_JOINT
1.284000,0.505362,-0.125444,-0.027379,0.025563,-0.077599,0.081358,0.000000,MOVE_JOINT
1.285000,0.505390,-0.125525,-0.027295,0.026185,-0.078632,0.082259,0.000000,MOVE_JOINT
1.286000,0.505418,-0.125602,-0.027213,0.027652,-0.078296,0.082718,0.000000,MOVE_JOINT
1.287000,0.505455,-0.125678,-0.027125,0.030133,-0.076655,0.084229,0.000000,MOVE_JOINT
1.288000,0.505485,-0.125756,-0.027041,0.030287,-0.076967,0.084130,0.000000,MOVE_JOINT
1.289000,0.505509,-0.125835,-0.026961,0.028292,-0.077165,0.082723,0.000000,MOVE_JOINT
1.290000,0.505532,-0.125911,-0.026882,0.025833,-0.076781,0.080956,0.000000,MOVE_JOINT
1.291000,0.505554,-0.125987,-0.026803,0.024849,-0.076336,0.080591,0.000000,MOVE_JOINT
1.292000,0.505582,-0.126063,-0.026722,0.025023,-0.076663,0.080721,0.000000,MOVE_JOINT
1.293000,0.505607,-0.126140,-0.026641,0.024811,-0.077711,0.081005,0.000000,MOVE_JOINT
1.294000,0.505633,-0.126211,-0.026562,0.026198,-0.075518,0.080999,0.000000,MOVE_JOINT
1.295000,0.505657,-0.126285,-0.026481,0.025112,-0.074827,0.080637,0.000000,MOVE_JOINT
1.296000,0.505685,-0.126360,-0.026399,0.025400,-0.075247,0.080996,0.000000,MOVE_JOINT
1.297000,0.505701,-0.126430,-0.026325,0.022078,-0.073595,0.078661,0.000000,MOVE_JOINT
1.298000,0.505718,-0.126504,-0.026250,0.020754,-0.074229,0.077919,0.000000,MOVE_JOINT
1.299000,0.505739,-0.126572,-0.026173,0.022894,-0.072428,0.078592,0.000000,MOVE_JOINT
1.300000,0.505763,-0.126645,-0.026094,0.023549,-0.072569,0.078788,0.000000,MOVE_JOINT
1.301000,0.505793,-0.126717,-0.026012,0.025294,-0.072403,0.079727,0.000000,MOVE_JOINT
1.302000,0.505816,-0.126788,-0.025933,0.024890,-0.071516,0.079635,0.000000,MOVE_JOINT
1.303000,0.505839,-0.126853,-0.025858,0.024032,-0.068764,0.077498,0.000000,MOVE_JOINT
1.304000,0.505854,-0.126917,-0.025789,0.021670,-0.068017,0.075874,0.000000,MOVE_JOINT
1.305000,0.505870,-0.126992,-0.025714,0.020164,-0.069933,0.075474,0.000000,MOVE_JOINT
1.306000,0.505896,-0.127059,-0.025636,0.022106,-0.068762,0.076209,0.000000,MOVE_JOINT
1.307000,0.505916,-0.127131,-0.025559,0.022357,-0.069631,0.076935,0.000000,MOVE_JOINT
1.308000,0.505942,-0.127200,-0.025480,0.022506,-0.069922,0.077282,0.000000,MOVE_JOINT
1.309000,0.505960,-0.127268,-0.025405,0.021455,-0.069766,0.077033,0.000000,MOVE_JOINT
1.310000,0.505982,-0.127341,-0.025326,0.020548,-0.070667,0.076950,0.000000,MOVE_JOINT
1.311000,0.505999,-0.127415,-0.025250,0.019909,-0.071278,0.076531,0.000000,MOVE_JOINT
1.312000,0.506016,-0.127492,-0.025172,0.020412,-0.072488,0.077528,0.000000,MOVE_JOINT
1.313000,0.506042,-0.127570,-0.025089,0.022345,-0.073439,0.078969,0.000000,MOVE_JOINT
1.314000,0.506057,-0.127645,-0.025014,0.021208,-0.073346,0.078236,0.000000,MOVE_JOINT
1.315000,0.506080,-0.127715,-0.024936,0.021195,-0.071981,0.077965,0.000000,MOVE_JOINT
1.316000,0.506103,-0.127791,-0.024854,0.021697,-0.072519,0.078766,0.000000,MOVE_JOINT
1.317000,0.506115,-0.127865,-0.024780,0.019443,-0.072750,0.077768,0.000000,MOVE_JOINT
1.318000,0.506138,-0.127940,-0.024700,0.019671,-0.073461,0.077948,0.000000,MOVE_JOINT
1.319000,0.506158,-0.128016,-0.024623,0.019703,-0.074375,0.078186,0.000000,MOVE_JOINT
1.320000,0.506177,-0.128094,-0.024543,0.020516,-0.075053,0.079139,0.000000,MOVE_JOINT
1.321000,0.506199,-0.128174,-0.024462,0.020515,-0.076298,0.079392,0.000000,MOVE_JOINT
1.322000,0.506225,-0.128251,-0.024377,0.021965,-0.077090,0.081169,0.000000,MOVE_JOINT
1.323000,0.506248,-0.128332,-0.024294,0.022264,-0.077781,0.081405,0.000000,MOVE_JOINT
1.324000,0.506266,-0.128415,-0.024213,0.020323,-0.079560,0.080827,0.000000,MOVE_JOINT
1.325000,0.506283,-0.128499,-0.024135,0.020283,-0.081184,0.080958,0.000000,MOVE_JOINT
1.326000,0.506308,-0.128579,-0.024053,0.021595,-0.079883,0.081004,0.000000,MOVE_JOINT
1.327000,0.506328,-0.128662,-0.023970,0.021876,-0.081471,0.082090,0.000000,MOVE_JOINT
1.328000,0.506355,-0.128743,-0.023885,0.023073,-0.080556,0.082565,0.000000,MOVE_JOINT
1.329000,0.506381,-0.128824,-0.023802,0.023676,-0.080423,0.082570,0.000000,MOVE_JOINT
1.330000,0.506402,-0.128901,-0.023723,0.023484,-0.080011,0.082073,0.000000,MOVE_JOINT
1.331000,0.506421,-0.128980,-0.023643,0.021519,-0.079451,0.080893,0.000000,MOVE_JOINT
1.332000,0.506435,-0.129071,-0.023564,0.018861,-0.083495,0.080365,0.000000,MOVE_JOINT
1.333000,0.506454,-0.129156,-0.023484,0.019477,-0.083569,0.080625,0.000000,MOVE_JOINT
1.334000,0.506474,-0.129236,-0.023405,0.018849,-0.082705,0.079959,0.000000,MOVE_JOINT
1.335000,0.506486,-0.129318,-0.023327,0.017540,-0.083055,0.080268,0.000000,MOVE_JOINT
1.336000,0.506509,-0.129399,-0.023243,0.017959,-0.082085,0.080892,0.000000,MOVE_JOINT
1.337000,0.506524,-0.129478,-0.023165,0.016128,-0.081241,0.079460,0.000000,MOVE_JOINT
1.338000,0.506537,-0.129560,-0.023087,0.015917,-0.081210,0.079586,0.000000,MOVE_JOINT
1.339000,0.506555,-0.129638,-0.023007,0.015990,-0.080120,0.078893,0.000000,MOVE_JOINT
1.340000,0.506567,-0.129722,-0.022929,0.015162,-0.081589,0.079111,0.000000,MOVE_JOINT
1.341000,0.506581,-0.129801,-0.022852,0.013947,-0.080251,0.078156,0.000000,MOVE_JOINT
1.342000,0.506596,-0.129882,-0.022774,0.013756,-0.080637,0.077695,0.000000,MOVE_JOINT
1.343000,0.506611,-0.129961,-0.022696,0.014725,-0.080121,0.077981,0.000000,MOVE_JOINT
1.344000,0.506624,-0.130045,-0.022618,0.013795,-0.082106,0.078138,0.000000,MOVE_JOINT
1.345000,0.506641,-0.130121,-0.022540,0.014849,-0.080587,0.078602,0.000000,MOVE_JOINT
1.346000,0.506651,-0.130203,-0.022464,0.012171,-0.081263,0.077021,0.000000,MOVE_JOINT
1.347000,0.506662,-0.130288,-0.022385,0.012002,-0.082188,0.077700,0.000000,MOVE_JOINT
1.348000,0.506668,-0.130369,-0.022312,0.010273,-0.081723,0.076285,0.000000,MOVE_JOINT
1.349000,0.506671,-0.130457,-0.022240,0.008215,-0.083207,0.075058,0.000000,MOVE_JOINT
1.350000,0.506682,-0.130534,-0.022164,0.009681,-0.081145,0.075666,0.000000,MOVE_JOINT
1.351000,0.506695,-0.130612,-0.022087,0.011261,-0.079860,0.076432,0.000000,MOVE_JOINT
1.352000,0.506708,-0.130697,-0.022007,0.011722,-0.081084,0.076854,0.000000,MOVE_JOINT
1.353000,0.506719,-0.130776,-0.021933,0.012207,-0.079807,0.076288,0.000000,MOVE_JOINT
1.354000,0.506729,-0.130857,-0.021857,0.010620,-0.079707,0.075580,0.000000,MOVE_JOINT
1.355000,0.506736,-0.130933,-0.021786,0.010014,-0.077866,0.074219,0.000000,MOVE_JOINT
1.356000,0.506740,-0.131014,-0.021714,0.009559,-0.078653,0.074141,0.000000,MOVE_JOINT
1.357000,0.506747,-0.131088,-0.021643,0.009202,-0.077912,0.073590,0.000000,MOVE_JOINT
1.358000,0.506756,-0.131170,-0.021570,0.009296,-0.078925,0.073651,0.000000,MOVE_JOINT
1.359000,0.506768,-0.131249,-0.021494,0.010106,-0.079270,0.074540,0.000000,MOVE_JOINT
1.360000,0.506783,-0.131328,-0.021414,0.011193,-0.079012,0.075903,0.000000,MOVE_JOINT
1.361000,0.506787,-0.131406,-0.021342,0.009609,-0.079032,0.075016,0.000000,MOVE_JOINT
1.362000,0.506796,-0.131488,-0.021266,0.008405,-0.080009,0.074652,0.000000,MOVE_JOINT
1.363000,0.506796,-0.131574,-0.021194,0.006162,-0.081538,0.073613,0.000000,MOVE_JOINT
1.364000,0.506802,-0.131660,-0.021119,0.005588,-0.083131,0.073843,0.000000,MOVE_JOINT
1.365000,0.506811,-0.131743,-0.021043,0.006375,-0.082518,0.074105,0.000000,MOVE_JOINT
1.366000,0.506820,-0.131827,-0.020968,0.006919,-0.082671,0.074312,0.000000,MOVE_JOINT
1.367000,0.506824,-0.131906,-0.020895,0.006199,-0.081597,0.073775,0.000000,MOVE_JOINT
1.368000,0.506832,-0.131986,-0.020819,0.005668,-0.080946,0.073831,0.000000,MOVE_JOINT
1.369000,0.506839,-0.132061,-0.020746,0.006266,-0.079578,0.074040,0.000000,MOVE_JOINT
1.370000,0.506843,-0.132141,-0.020673,0.004365,-0.080571,0.073233,0.000000,MOVE_JOINT
1.371000,0.506845,-0.132220,-0.020601,0.004173,-0.080652,0.073366,0.000000,MOVE_JOINT
1.372000,0.506851,-0.132304,-0.020525,0.003760,-0.081202,0.073568,0.000000,MOVE_JOINT
1.373000,0.506854,-0.132384,-0.020452,0.003392,-0.080749,0.073296,0.000000,MOVE_JOINT
1.374000,0.506850,-0.132464,-0.020383,0.001739,-0.080791,0.072480,0.000000,MOVE_JOINT
1.375000,0.506858,-0.132541,-0.020308,0.002981,-0.079661,0.073084,0.000000,MOVE_JOINT
1.376000,0.506863,-0.132628,-0.020228,0.003178,-0.082447,0.074819,0.000000,MOVE_JOINT
1.377000,0.506863,-0.132707,-0.020157,0.001691,-0.081248,0.073447,0.000000,MOVE_JOINT
1.378000,0.506867,-0.132791,-0.020082,0.001719,-0.082081,0.073734,0.000000,MOVE_JOINT
1.379000,0.506861,-0.132872,-0.020013,0.000339,-0.081846,0.072936,0.000000,MOVE_JOINT
1.380000,0.506868,-0.132951,-0.019937,0.002272,-0.080523,0.073706,0.000000,MOVE_JOINT
1.381000,0.506865,-0.133031,-0.019869,0.000650,-0.080581,0.072491,0.000000,MOVE_JOINT
1.382000,0.506865,-0.133112,-0.019798,0.001198,-0.080449,0.072361,0.000000,MOVE_JOINT
1.383000,0.506873,-0.133189,-0.019724,0.002570,-0.079866,0.072535,0.000000,MOVE_JOINT
1.384000,0.506876,-0.133269,-0.019651,0.003276,-0.079909,0.073207,0.000000,MOVE_JOINT
1.385000,0.506883,-0.133350,-0.019575,0.003543,-0.080872,0.073697,0.000000,MOVE_JOINT
1.386000,0.506881,-0.133431,-0.019505,0.001370,-0.081067,0.072437,0.000000,MOVE_JOINT
1.387000,0.506881,-0.133510,-0.019434,0.002417,-0.079832,0.072714,0.000000,MOVE_JOINT
1.388000,0.506880,-0.133591,-0.019364,0.001612,-0.080179,0.071891,0.000000,MOVE_JOINT
1.389000,0.506889,-0.133670,-0.019288,0.005712,-0.079261,0.074268,0.000000,MOVE_JOINT
1.390000,0.506895,-0.133752,-0.019214,0.005622,-0.080089,0.074227,0.000000,MOVE_JOINT
1.391000,0.506906,-0.133831,-0.019134,0.007041,-0.080023,0.075892,0.000000,MOVE_JOINT
1.392000,0.506906,-0.133907,-0.019063,0.005987,-0.078466,0.074952,0.000000,MOVE_JOINT
1.393000,0.506908,-0.133984,-0.018992,0.003734,-0.077969,0.073286,0.000000,MOVE_JOINT
1.394000,0.506913,-0.134062,-0.018920,0.004034,-0.079107,0.073287,0.000000,MOVE_JOINT
1.395000,0.506914,-0.134148,-0.018847,0.003006,-0.081625,0.073255,0.000000,MOVE_JOINT
1.396000,0.506922,-0.134229,-0.018772,0.004246,-0.081918,0.074280,0.000000,MOVE_JOINT
1.397000,0.506923,-0.134313,-0.018701,0.004633,-0.081985,0.074204,0.000000,MOVE_JOINT
1.398000,0.506931,-0.134390,-0.018625,0.004854,-0.080157,0.073959,0.000000,MOVE_JOINT
1.399000,0.506938,-0.134470,-0.018549,0.005794,-0.080542,0.074954,0.000000,MOVE_JOINT
1.400000,0.506948,-0.134552,-0.018471,0.007376,-0.080670,0.075996,0.000000,MOVE_JOINT
1.401000,0.506963,-0.134631,-0.018393,0.007962,-0.080459,0.076049,0.000000,MOVE_JOINT
1.402000,0.506971,-0.134714,-0.018316,0.008338,-0.080992,0.076345,0.000000,MOVE_JOINT
1.403000,0.506977,-0.134797,-0.018242,0.007575,-0.081179,0.075713,0.000000,MOVE_JOINT
1.404000,0.506986,-0.134880,-0.018164,0.008015,-0.081391,0.076247,0.000000,MOVE_JOINT
1.405000,0.506994,-0.134960,-0.018090,0.008764,-0.080684,0.076090,0.000000,MOVE_JOINT
1.406000,0.507006,-0.135043,-0.018012,0.009323,-0.082588,0.077018,0.000000,MOVE_JOINT
1.407000,0.507018,-0.135124,-0.017934,0.010376,-0.083489,0.077706,0.000000,MOVE_JOINT
1.408000,0.507029,-0.135206,-0.017857,0.009924,-0.081823,0.076613,0.000000,MOVE_JOINT
1.409000,0.507035,-0.135290,-0.017782,0.007704,-0.083212,0.076103,0.000000,MOVE_JOINT
1.410000,0.507039,-0.135374,-0.017708,0.007460,-0.083038,0.075990,0.000000,MOVE_JOINT
1.411000,0.507047,-0.135456,-0.017631,0.007267,-0.081888,0.075874,0.000000,MOVE_JOINT
1.412000,0.507056,-0.135539,-0.017553,0.007430,-0.081970,0.076052,0.000000,MOVE_JOINT
1.413000,0.507057,-0.135619,-0.017483,0.006038,-0.081702,0.074651,0.000000,MOVE_JOINT
1.414000,0.507075,-0.135704,-0.017399,0.008913,-0.083126,0.077078,0.000000,MOVE_JOINT
1.415000,0.507083,-0.135787,-0.017321,0.009205,-0.083063,0.077783,0.000000,MOVE_JOINT
1.416000,0.507091,-0.135869,-0.017245,0.007516,-0.081960,0.076709,0.000000,MOVE_JOINT
1.417000,0.507095,-0.135954,-0.017167,0.006602,-0.083508,0.077080,0.000000,MOVE_JOINT
1.418000,0.507096,-0.136032,-0.017095,0.005624,-0.081630,0.075793,0.000000,MOVE_JOINT
1.419000,0.507106,-0.136111,-0.017015,0.007215,-0.081024,0.077190,0.000000,MOVE_JOINT
1.420000,0.507108,-0.136196,-0.016940,0.005968,-0.082649,0.077107,0.000000,MOVE_JOINT
1.421000,0.507118,-0.136281,-0.016857,0.007809,-0.083343,0.079278,0.000000,MOVE_JOINT
1.422000,0.507125,-0.136371,-0.016775,0.006901,-0.085454,0.079637,0.000000,MOVE_JOINT
1.423000,0.507127,-0.136459,-0.016698,0.006214,-0.085628,0.079371,0.000000,MOVE_JOINT
1.424000,0.507134,-0.136541,-0.016618,0.006130,-0.084902,0.079199,0.000000,MOVE_JOINT
1.425000,0.507129,-0.136631,-0.016545,0.002946,-0.086612,0.077529,0.000000,MOVE_JOINT
1.426000,0.507136,-0.136728,-0.016461,0.004445,-0.089503,0.079503,0.000000,MOVE_JOINT
1.427000,0.507145,-0.136820,-0.016376,0.005691,-0.089949,0.080696,0.000000,MOVE_JOINT
1.428000,0.507148,-0.136911,-0.016296,0.006455,-0.089299,0.081179,0.000000,MOVE_JOINT
1.429000,0.507162,-0.136998,-0.016209,0.008024,-0.088601,0.082630,0.000000,MOVE_JOINT
1.430000,0.507169,-0.137087,-0.016127,0.007183,-0.088027,0.081933,0.000000,MOVE_JOINT
1.431000,0.507170,-0.137180,-0.016046,0.005500,-0.089476,0.081769,0.000000,MOVE_JOINT
1.432000,0.507176,-0.137274,-0.015962,0.005346,-0.090870,0.082161,0.000000,MOVE_JOINT
1.433000,0.507174,-0.137361,-0.015885,0.004551,-0.089223,0.080868,0.000000,MOVE_JOINT
1.434000,0.507186,-0.137456,-0.015800,0.006149,-0.091610,0.082332,0.000000,MOVE_JOINT
1.435000,0.507195,-0.137552,-0.015714,0.007963,-0.092154,0.083640,0.000000,MOVE_JOINT
1.436000,0.507206,-0.137647,-0.015629,0.009994,-0.093395,0.084852,0.000000,MOVE_JOINT
1.437000,0.507214,-0.137738,-0.015547,0.008808,-0.092872,0.083836,0.000000,MOVE_JOINT
1.438000,0.507220,-0.137833,-0.015466,0.007732,-0.093232,0.082978,0.000000,MOVE_JOINT
1.439000,0.507223,-0.137919,-0.015388,0.006290,-0.091512,0.081398,0.000000,MOVE_JOINT
1.440000,0.507233,-0.138015,-0.015303,0.007109,-0.093370,0.082596,0.000000,MOVE_JOINT
1.441000,0.507232,-0.138113,-0.015224,0.005156,-0.095111,0.081983,0.000000,MOVE_JOINT
1.442000,0.507242,-0.138206,-0.015139,0.005557,-0.094645,0.082410,0.000000,MOVE_JOINT
1.443000,0.507248,-0.138298,-0.015056,0.005090,-0.094222,0.082459,0.000000,MOVE_JOINT
1.444000,0.507258,-0.138383,-0.014974,0.005930,-0.091675,0.082378,0.000000,MOVE_JOINT
1.445000,0.507263,-0.138475,-0.014893,0.005071,-0.091880,0.081684,0.000000,MOVE_JOINT
1.446000,0.507263,-0.138562,-0.014817,0.002840,-0.090334,0.079795,0.000000,MOVE_JOINT
1.447000,0.507265,-0.138650,-0.014737,0.002863,-0.089764,0.079788,0.000000,MOVE_JOINT
1.448000,0.507275,-0.138740,-0.014654,0.004924,-0.090060,0.080604,0.000000,MOVE_JOINT
1.449000,0.507277,-0.138826,-0.014578,0.005115,-0.088756,0.080004,0.000000,MOVE_JOINT
1.450000,0.507287,-0.138914,-0.014495,0.005846,-0.088547,0.080322,0.000000,MOVE_JOINT
1.451000,0.507287,-0.139000,-0.014418,0.003997,-0.087939,0.079276,0.000000,MOVE_JOINT
1.452000,0.507290,-0.139086,-0.014338,0.002505,-0.087205,0.078557,0.000000,MOVE_JOINT
1.453000,0.507291,-0.139171,-0.014261,0.002165,-0.086137,0.077840,0.000000,MOVE_JOINT
1.454000,0.507286,-0.139263,-0.014187,0.001078,-0.087761,0.077398,0.000000,MOVE_JOINT
1.455000,0.507291,-0.139349,-0.014109,0.002360,-0.087745,0.077988,0.000000,MOVE_JOINT
1.456000,0.507294,-0.139438,-0.014031,0.002737,-0.088436,0.077998,0.000000,MOVE_JOINT
1.457000,0.507301,-0.139518,-0.013954,0.003910,-0.085171,0.077696,0.000000,MOVE_JOINT
1.458000,0.507304,-0.139604,-0.013877,0.004000,-0.085006,0.077039,0.000000,MOVE_JOINT
1.459000,0.507303,-0.139683,-0.013805,0.002538,-0.082800,0.075491,0.000000,MOVE_JOINT
1.460000,0.507309,-0.139761,-0.013731,0.003307,-0.081142,0.075106,0.000000,MOVE_JOINT
1.461000,0.507315,-0.139844,-0.013654,0.004619,-0.081946,0.075858,0.000000,MOVE_JOINT
1.462000,0.507318,-0.139928,-0.013578,0.005360,-0.081680,0.076418,0.000000,MOVE_JOINT
1.463000,0.507327,-0.140011,-0.013501,0.005813,-0.081790,0.076400,0.000000,MOVE_JOINT
1.464000,0.507334,-0.140093,-0.013425,0.006941,-0.081958,0.077084,0.000000,MOVE_JOINT
1.465000,0.507342,-0.140175,-0.013349,0.006260,-0.082283,0.076176,0.000000,MOVE_JOINT
1.466000,0.507353,-0.140255,-0.013273,0.006675,-0.082238,0.075821,0.000000,MOVE_JOINT
1.467000,0.507351,-0.140339,-0.013202,0.004392,-0.083259,0.074440,0.000000,MOVE_JOINT
1.468000,0.507360,-0.140427,-0.013123,0.004878,-0.084831,0.075527,0.000000,MOVE_JOINT
1.469000,0.507370,-0.140509,-0.013046,0.006293,-0.083995,0.076074,0.000000,MOVE_JOINT
1.470000,0.507376,-0.140597,-0.012968,0.006131,-0.084803,0.076553,0.000000,MOVE_JOINT
1.471000,0.507384,-0.140676,-0.012891,0.006557,-0.083317,0.076533,0.000000,MOVE_JOINT
1.472000,0.507393,-0.140761,-0.012813,0.007841,-0.083775,0.077361,0.000000,MOVE_JOINT
1.473000,0.507406,-0.140848,-0.012729,0.009298,-0.084071,0.078822,0.000000,MOVE_JOINT
1.474000,0.507406,-0.140934,-0.012656,0.005826,-0.085008,0.076972,0.000000,MOVE_JOINT
1.475000,0.507408,-0.141024,-0.012579,0.004683,-0.086570,0.077355,0.000000,MOVE_JOINT
1.476000,0.507412,-0.141112,-0.012501,0.004214,-0.086644,0.077245,0.000000,MOVE_JOINT
1.477000,0.507415,-0.141198,-0.012425,0.004602,-0.086215,0.077230,0.000000,MOVE_JOINT
1.478000,0.507427,-0.141286,-0.012342,0.006691,-0.086601,0.078838,0.000000,MOVE_JOINT
1.479000,0.507433,-0.141370,-0.012263,0.006145,-0.086277,0.078749,0.000000,MOVE_JOINT
1.480000,0.507437,-0.141462,-0.012182,0.005460,-0.088250,0.079317,0.000000,MOVE_JOINT
1.481000,0.507444,-0.141551,-0.012100,0.005755,-0.088531,0.080133,0.000000,MOVE_JOINT
1.482000,0.507445,-0.141644,-0.012023,0.004008,-0.090146,0.079178,0.000000,MOVE_JOINT
1.483000,0.507445,-0.141745,-0.011942,0.002937,-0.092638,0.079832,0.000000,MOVE_JOINT
1.484000,0.507446,-0.141841,-0.011860,0.002457,-0.093544,0.080232,0.000000,MOVE_JOINT
1.485000,0.507440,-0.141939,-0.011782,0.001426,-0.093911,0.080413,0.000000,MOVE_JOINT
1.486000,0.507447,-0.142030,-0.011697,0.003028,-0.092797,0.081442,0.000000,MOVE_JOINT
1.487000,0.507451,-0.142122,-0.011615,0.003932,-0.092294,0.081761,0.000000,MOVE_JOINT
1.488000,0.507452,-0.142220,-0.011533,0.002247,-0.094423,0.081484,0.000000,MOVE_JOINT
1.489000,0.507449,-0.142320,-0.011453,-0.000655,-0.096898,0.080100,0.000000,MOVE_JOINT
1.490000,0.507448,-0.142414,-0.011375,-0.000431,-0.095499,0.079344,0.000000,MOVE_JOINT
1.491000,0.507449,-0.142513,-0.011292,-0.000540,-0.096847,0.080359,0.000000,MOVE_JOINT
1.492000,0.507449,-0.142611,-0.011212,-0.000428,-0.097191,0.080755,0.000000,MOVE_JOINT
1.493000,0.507445,-0.142708,-0.011131,-0.000592,-0.096771,0.080896,0.000000,MOVE_JOINT
1.494000,0.507451,-0.142803,-0.011046,0.000110,-0.096965,0.082005,0.000000,MOVE_JOINT
1.495000,0.507451,-0.142896,-0.010965,-0.000162,-0.095900,0.081520,0.000000,MOVE_JOINT
1.496000,0.507447,-0.142999,-0.010883,-0.001863,-0.098229,0.081390,0.000000,MOVE_JOINT
1.497000,0.507446,-0.143094,-0.010802,-0.002277,-0.096845,0.080746,0.000000,MOVE_JOINT
1.498000,0.507439,-0.143192,-0.010724,-0.003085,-0.096860,0.080266,0.000000,MOVE_JOINT
1.499000,0.507435,-0.143286,-0.010645,-0.004075,-0.095992,0.079405,0.000000,MOVE_JOINT
1.500000,0.507431,-0.143380,-0.010567,-0.004104,-0.094636,0.078854,0.000000,MOVE_JOINT
1.501000,0.507427,-0.143475,-0.010488,-0.003784,-0.094603,0.078824,0.000000,MOVE_JOINT
1.502000,0.507427,-0.143568,-0.010405,-0.002614,-0.094022,0.079904,0.000000,MOVE_JOINT
1.503000,0.507425,-0.143662,-0.010326,-0.002479,-0.094277,0.079871,0.000000,MOVE_JOINT
1.504000,0.507418,-0.143757,-0.010248,-0.004424,-0.093801,0.078937,0.000000,MOVE_JOINT
1.505000,0.507404,-0.143848,-0.010177,-0.006818,-0.092493,0.076639,0.000000,MOVE_JOINT
1.506000,0.507395,-0.143938,-0.010102,-0.006711,-0.090588,0.076021,0.000000,MOVE_JOINT
1.507000,0.507393,-0.144024,-0.010024,-0.005322,-0.089631,0.076520,0.000000,MOVE_JOINT
1.508000,0.507390,-0.144112,-0.009947,-0.003590,-0.089535,0.077796,0.000000,MOVE_JOINT
1.509000,0.507392,-0.144203,-0.009866,-0.002000,-0.089960,0.078492,0.000000,MOVE_JOINT
1.510000,0.507387,-0.144293,-0.009790,-0.003164,-0.089251,0.077356,0.000000,MOVE_JOINT
1.511000,0.507378,-0.144383,-0.009716,-0.004531,-0.088926,0.076619,0.000000,MOVE_JOINT
1.512000,0.507372,-0.144467,-0.009642,-0.005099,-0.087641,0.075257,0.000000,MOVE_JOINT
1.513000,0.507363,-0.144554,-0.009570,-0.005653,-0.087555,0.074833,0.000000,MOVE_JOINT
1.514000,0.507362,-0.144637,-0.009494,-0.004833,-0.086205,0.075172,0.000000,MOVE_JOINT
1.515000,0.507355,-0.144727,-0.009419,-0.005767,-0.088080,0.074707,0.000000,MOVE_JOINT
1.516000,0.507355,-0.144815,-0.009339,-0.003613,-0.088378,0.076447,0.000000,MOVE_JOINT
1.517000,0.507354,-0.144904,-0.009264,-0.003324,-0.088773,0.075974,0.000000,MOVE_JOINT
1.518000,0.507353,-0.144991,-0.009188,-0.001864,-0.088657,0.076344,0.000000,MOVE_JOINT
1.519000,0.507353,-0.145078,-0.009112,-0.001436,-0.088286,0.076278,0.000000,MOVE_JOINT
1.520000,0.507347,-0.145164,-0.009040,-0.003104,-0.087647,0.074758,0.000000,MOVE_JOINT
1.521000,0.507344,-0.145249,-0.008967,-0.002312,-0.087443,0.075157,0.000000,MOVE_JOINT
1.522000,0.507348,-0.145334,-0.008889,-0.000467,-0.086679,0.075737,0.000000,MOVE_JOINT
1.523000,0.507348,-0.145418,-0.008815,-0.000619,-0.085845,0.075394,0.000000,MOVE_JOINT
1.524000,0.507347,-0.145503,-0.008738,-0.000658,-0.085074,0.075612,0.000000,MOVE_JOINT
1.525000,0.507350,-0.145589,-0.008659,-0.001150,-0.085798,0.075998,0.000000,MOVE_JOINT
1.526000,0.507347,-0.145668,-0.008587,-0.002542,-0.084634,0.074662,0.000000,MOVE_JOINT
1.527000,0.507341,-0.145754,-0.008514,-0.003951,-0.084785,0.073950,0.000000,MOVE_JOINT
1.528000,0.507335,-0.145840,-0.008442,-0.004858,-0.085514,0.073019,0.000000,MOVE_JOINT
1.529000,0.507330,-0.145932,-0.008368,-0.004043,-0.087548,0.074278,0.000000,MOVE_JOINT
1.530000,0.507330,-0.146021,-0.008291,-0.002696,-0.087631,0.074968,0.000000,MOVE_JOINT
1.531000,0.507320,-0.146108,-0.008221,-0.003928,-0.086775,0.073983,0.000000,MOVE_JOINT
1.532000,0.507321,-0.146199,-0.008140,-0.003187,-0.087797,0.075511,0.000000,MOVE_JOINT
1.533000,0.507321,-0.146289,-0.008062,-0.002360,-0.088818,0.076183,0.000000,MOVE_JOINT
1.534000,0.507319,-0.146376,-0.007987,-0.002487,-0.089174,0.076206,0.000000,MOVE_JOINT
1.535000,0.507307,-0.146476,-0.007914,-0.005906,-0.092841,0.075081,0.000000,MOVE_JOINT
1.536000,0.507304,-0.146569,-0.007836,-0.003814,-0.092190,0.076390,0.000000,MOVE_JOINT
1.537000,0.507300,-0.146664,-0.007758,-0.003737,-0.092525,0.077138,0.000000,MOVE_JOINT
1.538000,0.507298,-0.146756,-0.007678,-0.003518,-0.091578,0.077192,0.000000,MOVE_JOINT
1.539000,0.507292,-0.146844,-0.007605,-0.003832,-0.090377,0.076000,0.000000,MOVE_JOINT
1.540000,0.507293,-0.146931,-0.007526,-0.003242,-0.089106,0.076009,0.000000,MOVE_JOINT
1.541000,0.507289,-0.147017,-0.007450,-0.003929,-0.089160,0.076224,0.000000,MOVE_JOINT
1.542000,0.507283,-0.147109,-0.007373,-0.003592,-0.089928,0.076666,0.000000,MOVE_JOINT
1.543000,0.507279,-0.147202,-0.007297,-0.004864,-0.090529,0.075711,0.000000,MOVE_JOINT
1.544000,0.507272,-0.147293,-0.007223,-0.005492,-0.090912,0.075558,0.000000,MOVE_JOINT
1.545000,0.507264,-0.147386,-0.007148,-0.007090,-0.090831,0.074886,0.000000,MOVE_JOINT
1.546000,0.507260,-0.147476,-0.007070,-0.007223,-0.090421,0.075072,0.000000,MOVE_JOINT
1.547000,0.507256,-0.147562,-0.006994,-0.005694,-0.089186,0.076204,0.000000,MOVE_JOINT
1.548000,0.507252,-0.147651,-0.006916,-0.005766,-0.089603,0.076426,0.000000,MOVE_JOINT
1.549000,0.507247,-0.147742,-0.006839,-0.005253,-0.090187,0.077095,0.000000,MOVE_JOINT
1.550000,0.507238,-0.147838,-0.006761,-0.006630,-0.091578,0.077216,0.000000,MOVE_JOINT
1.551000,0.507227,-0.147930,-0.006686,-0.008525,-0.091749,0.075905,0.000000,MOVE_JOINT
1.552000,0.507213,-0.148023,-0.006613,-0.009801,-0.092201,0.075243,0.000000,MOVE_JOINT
1.553000,0.507207,-0.148115,-0.006534,-0.008625,-0.091641,0.076752,0.000000,MOVE_JOINT
1.554000,0.507196,-0.148202,-0.006458,-0.007943,-0.090518,0.077403,0.000000,MOVE_JOINT
1.555000,0.507184,-0.148294,-0.006381,-0.008428,-0.090885,0.077609,0.000000,MOVE_JOINT
1.556000,0.507175,-0.148386,-0.006301,-0.009077,-0.090984,0.077820,0.000000,MOVE_JOINT
1.557000,0.507159,-0.148475,-0.006227,-0.010927,-0.090263,0.076997,0.000000,MOVE_JOINT
1.558000,0.507140,-0.148570,-0.006154,-0.014154,-0.091061,0.075123,0.000000,MOVE_JOINT
1.559000,0.507123,-0.148660,-0.006080,-0.014785,-0.090523,0.074628,0.000000,MOVE_JOINT
1.560000,0.507103,-0.148754,-0.006006,-0.015103,-0.091206,0.074763,0.000000,MOVE_JOINT
1.561000,0.507092,-0.148850,-0.005927,-0.014002,-0.092326,0.075816,0.000000,MOVE_JOINT
1.562000,0.507076,-0.148946,-0.005850,-0.014877,-0.094238,0.076478,0.000000,MOVE_JOINT
1.563000,0.507065,-0.149041,-0.005770,-0.013185,-0.093616,0.077462,0.000000,MOVE_JOINT
1.564000,0.507047,-0.149136,-0.005691,-0.014711,-0.094265,0.077724,0.000000,MOVE_JOINT
1.565000,0.507024,-0.149230,-0.005618,-0.017086,-0.094654,0.076624,0.000000,MOVE_JOINT
1.566000,0.507002,-0.149321,-0.005545,-0.019391,-0.093130,0.074755,0.000000,MOVE_JOINT
1.567000,0.506980,-0.149415,-0.005471,-0.018750,-0.093857,0.075102,0.000000,MOVE_JOINT
1.568000,0.506961,-0.149511,-0.005397,-0.019256,-0.094666,0.074748,0.000000,MOVE_JOINT
1.569000,0.506954,-0.149607,-0.005314,-0.016118,-0.094896,0.076706,0.000000,MOVE_JOINT
1.570000,0.506938,-0.149702,-0.005238,-0.015909,-0.094817,0.076562,0.000000,MOVE_JOINT
1.571000,0.506922,-0.149796,-0.005164,-0.016238,-0.094170,0.075600,0.000000,MOVE_JOINT
1.572000,0.506910,-0.149890,-0.005085,-0.015288,-0.093620,0.076147,0.000000,MOVE_JOINT
1.573000,0.506890,-0.149982,-0.005014,-0.017196,-0.093572,0.074389,0.000000,MOVE_JOINT
1.574000,0.506872,-0.150080,-0.004941,-0.017556,-0.095071,0.073954,0.000000,MOVE_JOINT
1.575000,0.506857,-0.150175,-0.004867,-0.016226,-0.095249,0.074534,0.000000,MOVE_JOINT
1.576000,0.506840,-0.150272,-0.004794,-0.016788,-0.094813,0.073631,0.000000,MOVE_JOINT
1.577000,0.506828,-0.150363,-0.004722,-0.015465,-0.093581,0.073153,0.000000,MOVE_JOINT
1.578000,0.506813,-0.150455,-0.004651,-0.014181,-0.093161,0.073106,0.000000,MOVE_JOINT
1.579000,0.506798,-0.150551,-0.004576,-0.014431,-0.094048,0.073646,0.000000,MOVE_JOINT
1.580000,0.506787,-0.150644,-0.004501,-0.014325,-0.093142,0.073279,0.000000,MOVE_JOINT
1.581000,0.506773,-0.150737,-0.004430,-0.013607,-0.092741,0.072719,0.000000,MOVE_JOINT
1.582000,0.506762,-0.150827,-0.004359,-0.013404,-0.091950,0.071924,0.000000,MOVE_JOINT
1.583000,0.506738,-0.150921,-0.004291,-0.016501,-0.092254,0.070265,0.000000,MOVE_JOINT
1.584000,0.506726,-0.151006,-0.004221,-0.015220,-0.090641,0.070540,0.000000,MOVE_JOINT
1.585000,0.506711,-0.151100,-0.004150,-0.015131,-0.091611,0.071118,0.000000,MOVE_JOINT
1.586000,0.506693,-0.151185,-0.004084,-0.015132,-0.089920,0.069819,0.000000,MOVE_JOINT
1.587000,0.506680,-0.151276,-0.004013,-0.014048,-0.090631,0.070585,0.000000,MOVE_JOINT
1.588000,0.506666,-0.151368,-0.003943,-0.014044,-0.090325,0.070266,0.000000,MOVE_JOINT
1.589000,0.506653,-0.151460,-0.003871,-0.014532,-0.090938,0.070534,0.000000,MOVE_JOINT
1.590000,0.506637,-0.151546,-0.003804,-0.015854,-0.089845,0.069107,0.000000,MOVE_JOINT
1.591000,0.506617,-0.151633,-0.003738,-0.016878,-0.088286,0.067905,0.000000,MOVE_JOINT
1.592000,0.506595,-0.151727,-0.003670,-0.019485,-0.090148,0.067023,0.000000,MOVE_JOINT
1.593000,0.506578,-0.151814,-0.003603,-0.018152,-0.088992,0.067621,0.000000,MOVE_JOINT
1.594000,0.506560,-0.151910,-0.003532,-0.018315,-0.090814,0.068200,0.000000,MOVE_JOINT
1.595000,0.506543,-0.152003,-0.003461,-0.018425,-0.091297,0.068235,0.000000,MOVE_JOINT
1.596000,0.506520,-0.152097,-0.003395,-0.018962,-0.091603,0.067999,0.000000,MOVE_JOINT
1.597000,0.506502,-0.152184,-0.003327,-0.019025,-0.089979,0.067587,0.000000,MOVE_JOINT
1.598000,0.506488,-0.152272,-0.003257,-0.017200,-0.088705,0.068252,0.000000,MOVE_JOINT
1.599000,0.506470,-0.152358,-0.003191,-0.017266,-0.088679,0.068206,0.000000,MOVE_JOINT
1.600000,0.506450,-0.152449,-0.003124,-0.019011,-0.090100,0.067511,0.000000,MOVE_JOINT
1.601000,0.506427,-0.152542,-0.003058,-0.018791,-0.090754,0.067835,0.000000,MOVE_JOINT
1.602000,0.506406,-0.152631,-0.002992,-0.020338,-0.090149,0.067113,0.000000,MOVE_JOINT
1.603000,0.506380,-0.152720,-0.002929,-0.022245,-0.090227,0.065909,0.000000,MOVE_JOINT
1.604000,0.506358,-0.152813,-0.002861,-0.021611,-0.090866,0.067017,0.000000,MOVE_JOINT
1.605000,0.506338,-0.152903,-0.002792,-0.021385,-0.090704,0.067283,0.000000,MOVE_JOINT
1.606000,0.506310,-0.152997,-0.002728,-0.021499,-0.091661,0.067255,0.000000,MOVE_JOINT
1.607000,0.506294,-0.153085,-0.002659,-0.020634,-0.090139,0.067269,0.000000,MOVE_JOINT
1.608000,0.506275,-0.153178,-0.002590,-0.020993,-0.091588,0.067566,0.000000,MOVE_JOINT
1.609000,0.506251,-0.153269,-0.002524,-0.021794,-0.091764,0.067352,0.000000,MOVE_JOINT
1.610000,0.506232,-0.153358,-0.002456,-0.022092,-0.091044,0.066783,0.000000,MOVE_JOINT
1.611000,0.506206,-0.153444,-0.002396,-0.022553,-0.089474,0.065355,0.000000,MOVE_JOINT
1.612000,0.506185,-0.153532,-0.002329,-0.021953,-0.088932,0.065993,0.000000,MOVE_JOINT
1.613000,0.506161,-0.153628,-0.002262,-0.022544,-0.091161,0.066004,0.000000,MOVE_JOINT
1.614000,0.506141,-0.153720,-0.002194,-0.021264,-0.091123,0.066877,0.000000,MOVE_JOINT
1.615000,0.506124,-0.153804,-0.002127,-0.021330,-0.088412,0.065902,0.000000,MOVE_JOINT
1.616000,0.506102,-0.153888,-0.002062,-0.021650,-0.086971,0.065342,0.000000,MOVE_JOINT
1.617000,0.506081,-0.153974,-0.001997,-0.021420,-0.087484,0.065481,0.000000,MOVE_JOINT
1.618000,0.506066,-0.154056,-0.001931,-0.020240,-0.085784,0.065190,0.000000,MOVE_JOINT
1.619000,0.506048,-0.154139,-0.001868,-0.019172,-0.085114,0.065133,0.000000,MOVE_JOINT
1.620000,0.506030,-0.154232,-0.001801,-0.019618,-0.086998,0.065318,0.000000,MOVE_JOINT
1.621000,0.506009,-0.154320,-0.001738,-0.020068,-0.087464,0.064546,0.000000,MOVE_JOINT
1.622000,0.505992,-0.154405,-0.001673,-0.018055,-0.085734,0.064845,0.000000,MOVE_JOINT
1.623000,0.505976,-0.154488,-0.001610,-0.017937,-0.085060,0.064430,0.000000,MOVE_JOINT
1.624000,0.505962,-0.154572,-0.001545,-0.016398,-0.084101,0.064851,0.000000,MOVE_JOINT
1.625000,0.505951,-0.154653,-0.001477,-0.014510,-0.083102,0.065617,0.000000,MOVE_JOINT
1.626000,0.505938,-0.154738,-0.001410,-0.014365,-0.083253,0.065778,0.000000,MOVE_JOINT
1.627000,0.505922,-0.154818,-0.001350,-0.014483,-0.082491,0.064483,0.000000,MOVE_JOINT
1.628000,0.505908,-0.154894,-0.001287,-0.015140,-0.080364,0.063504,0.000000,MOVE_JOINT
1.629000,0.505890,-0.154976,-0.001226,-0.015636,-0.081683,0.063432,0.000000,MOVE_JOINT
1.630000,0.505875,-0.155058,-0.001163,-0.016074,-0.082336,0.063144,0.000000,MOVE_JOINT
1.631000,0.505862,-0.155142,-0.001097,-0.014779,-0.082954,0.064107,0.000000,MOVE_JOINT
1.632000,0.505851,-0.155228,-0.001031,-0.013041,-0.084125,0.065355,0.000000,MOVE_JOINT
1.633000,0.505841,-0.155312,-0.000963,-0.012124,-0.083988,0.066090,0.000000,MOVE_JOINT
1.634000,0.505829,-0.155399,-0.000895,-0.012527,-0.085534,0.066717,0.000000,MOVE_JOINT
1.635000,0.505821,-0.155481,-0.000825,-0.011124,-0.084222,0.067574,0.000000,MOVE_JOINT
1.636000,0.505812,-0.155570,-0.000754,-0.012948,-0.085665,0.067081,0.000000,MOVE_JOINT
1.637000,0.505793,-0.155654,-0.000689,-0.014386,-0.085430,0.066953,0.000000,MOVE_JOINT
1.638000,0.505784,-0.155749,-0.000616,-0.013696,-0.088105,0.068419,0.000000,MOVE_JOINT
1.639000,0.505771,-0.155842,-0.000544,-0.013457,-0.089465,0.069147,0.000000,MOVE_JOINT
1.640000,0.505761,-0.155934,-0.000473,-0.012388,-0.089805,0.069616,0.000000,MOVE_JOINT
1.641000,0.505749,-0.156024,-0.000402,-0.012588,-0.090051,0.069687,0.000000,MOVE_JOINT
1.642000,0.505746,-0.156114,-0.000325,-0.009889,-0.089634,0.071650,0.000000,MOVE_JOINT
1.643000,0.505739,-0.156204,-0.000251,-0.009420,-0.089660,0.071948,0.000000,MOVE_JOINT
1.644000,0.505731,-0.156292,-0.000178,-0.009471,-0.089695,0.072471,0.000000,MOVE_JOINT
1.645000,0.505716,-0.156392,-0.000106,-0.011051,-0.093427,0.072666,0.000000,MOVE_JOINT
1.646000,0.505704,-0.156494,-0.000029,-0.011702,-0.095742,0.073848,0.000000,MOVE_JOINT
1.647000,0.505694,-0.156595,0.000048,-0.011434,-0.097218,0.074526,0.000000,MOVE_JOINT
1.648000,0.505683,-0.156693,0.000122,-0.011618,-0.097362,0.073986,0.000000,MOVE_JOINT
1.649000,0.505670,-0.156793,0.000197,-0.012284,-0.098231,0.074339,0.000000,MOVE_JOINT
1.650000,0.505658,-0.156892,0.000272,-0.011924,-0.098051,0.074780,0.000000,MOVE_JOINT
1.651000,0.505653,-0.156987,0.000350,-0.009238,-0.096454,0.075766,0.000000,MOVE_JOINT
1.652000,0.505644,-0.157086,0.000428,-0.009466,-0.097400,0.076296,0.000000,MOVE_JOINT
1.653000,0.505636,-0.157182,0.000504,-0.009063,-0.097168,0.076330,0.000000,MOVE_JOINT
1.654000,0.505627,-0.157284,0.000582,-0.009129,-0.099130,0.076827,0.000000,MOVE_JOINT
1.655000,0.505616,-0.157381,0.000656,-0.008958,-0.098726,0.076493,0.000000,MOVE_JOINT
1.656000,0.505606,-0.157475,0.000728,-0.010056,-0.096733,0.074568,0.000000,MOVE_JOINT
1.657000,0.505595,-0.157575,0.000802,-0.010301,-0.097391,0.074561,0.000000,MOVE_JOINT
1.658000,0.505579,-0.157670,0.000876,-0.011428,-0.096609,0.074637,0.000000,MOVE_JOINT
1.659000,0.505569,-0.157767,0.000953,-0.011195,-0.096874,0.075134,0.000000,MOVE_JOINT
1.660000,0.505559,-0.157858,0.001027,-0.011130,-0.095177,0.075061,0.000000,MOVE_JOINT
1.661000,0.505549,-0.157955,0.001103,-0.011259,-0.096185,0.075252,0.000000,MOVE_JOINT
1.662000,0.505536,-0.158056,0.001180,-0.011709,-0.097398,0.075677,0.000000,MOVE_JOINT
1.663000,0.505520,-0.158152,0.001252,-0.012458,-0.096362,0.074560,0.000000,MOVE_JOINT
1.664000,0.505506,-0.158248,0.001323,-0.013463,-0.096459,0.073324,0.000000,MOVE_JOINT
1.665000,0.505489,-0.158342,0.001394,-0.013614,-0.095641,0.072917,0.000000,MOVE_JOINT
1.666000,0.505471,-0.158436,0.001465,-0.014148,-0.094724,0.072776,0.000000,MOVE_JOINT
1.667000,0.505462,-0.158529,0.001541,-0.012697,-0.093880,0.073402,0.000000,MOVE_JOINT
1.668000,0.505447,-0.158623,0.001615,-0.012818,-0.093518,0.073763,0.000000,MOVE_JOINT
1.669000,0.505432,-0.158722,0.001688,-0.013651,-0.095180,0.073639,0.000000,MOVE_JOINT
1.670000,0.505415,-0.158812,0.001760,-0.015212,-0.093958,0.072917,0.000000,MOVE_JOINT
1.671000,0.505389,-0.158906,0.001824,-0.017968,-0.093520,0.070522,0.000000,MOVE_JOINT
1.672000,0.505372,-0.158998,0.001894,-0.017516,-0.092756,0.069991,0.000000,MOVE_JOINT
1.673000,0.505350,-0.159090,0.001959,-0.018948,-0.092734,0.068905,0.000000,MOVE_JOINT
1.674000,0.505329,-0.159187,0.002031,-0.019414,-0.094178,0.069564,0.000000,MOVE_JOINT
1.675000,0.505311,-0.159278,0.002101,-0.019245,-0.093394,0.069679,0.000000,MOVE_JOINT
1.676000,0.505291,-0.159371,0.002170,-0.018413,-0.092869,0.070215,0.000000,MOVE_JOINT
1.677000,0.505277,-0.159462,0.002241,-0.017652,-0.091908,0.070270,0.000000,MOVE_JOINT
1.678000,0.505263,-0.159550,0.002314,-0.017099,-0.090818,0.070424,0.000000,MOVE_JOINT
1.679000,0.505243,-0.159637,0.002380,-0.018244,-0.090568,0.069439,0.000000,MOVE_JOINT
1.680000,0.505219,-0.159730,0.002446,-0.020718,-0.091343,0.067962,0.000000,MOVE_JOINT
1.681000,0.505194,-0.159819,0.002510,-0.020709,-0.090576,0.067221,0.000000,MOVE_JOINT
1.682000,0.505177,-0.159914,0.002580,-0.019611,-0.091958,0.068316,0.000000,MOVE_JOINT
1.683000,0.505157,-0.160008,0.002649,-0.019376,-0.092266,0.068493,0.000000,MOVE_JOINT
1.684000,0.505138,-0.160100,0.002717,-0.018942,-0.091492,0.068700,0.000000,MOVE_JOINT
1.685000,0.505122,-0.160190,0.002787,-0.018386,-0.090589,0.068561,0.000000,MOVE_JOINT
1.686000,0.505102,-0.160279,0.002854,-0.018597,-0.090010,0.068019,0.000000,MOVE_JOINT
1.687000,0.505084,-0.160372,0.002924,-0.019079,-0.091096,0.068392,0.000000,MOVE_JOINT
1.688000,0.505068,-0.160464,0.002995,-0.018509,-0.091539,0.069292,0.000000,MOVE_JOINT
1.689000,0.505045,-0.160560,0.003062,-0.019527,-0.093068,0.069053,0.000000,MOVE_JOINT
1.690000,0.505030,-0.160652,0.003134,-0.018092,-0.091791,0.069701,0.000000,MOVE_JOINT
1.691000,0.505000,-0.160747,0.003197,-0.020870,-0.092456,0.067677,0.000000,MOVE_JOINT
1.692000,0.504978,-0.160837,0.003262,-0.021121,-0.091189,0.067116,0.000000,MOVE_JOINT
1.693000,0.504964,-0.160929,0.003335,-0.019521,-0.091196,0.068591,0.000000,MOVE_JOINT
1.694000,0.504943,-0.161017,0.003400,-0.018581,-0.090031,0.068301,0.000000,MOVE_JOINT
1.695000,0.504925,-0.161109,0.003470,-0.018500,-0.090582,0.068335,0.000000,MOVE_JOINT
1.696000,0.504905,-0.161204,0.003537,-0.019436,-0.091848,0.067651,0.000000,MOVE_JOINT
1.697000,0.504895,-0.161297,0.003610,-0.017302,-0.092832,0.069306,0.000000,MOVE_JOINT
1.698000,0.504874,-0.161392,0.003677,-0.019204,-0.093971,0.068338,0.000000,MOVE_JOINT
1.699000,0.504852,-0.161480,0.003740,-0.019960,-0.092071,0.066873,0.000000,MOVE_JOINT
1.700000,0.504828,-0.161577,0.003807,-0.021514,-0.093070,0.066554,0.000000,MOVE_JOINT
1.701000,0.504809,-0.161667,0.003876,-0.021378,-0.092570,0.066759,0.000000,MOVE_JOINT
1.702000,0.504787,-0.161760,0.003944,-0.020959,-0.092719,0.067696,0.000000,MOVE_JOINT
1.703000,0.504776,-0.161850,0.004016,-0.018340,-0.091980,0.068684,0.000000,MOVE_JOINT
1.704000,0.504762,-0.161937,0.004085,-0.017009,-0.090971,0.068963,0.000000,MOVE_JOINT
1.705000,0.504745,-0.162030,0.004155,-0.017589,-0.091548,0.069052,0.000000,MOVE_JOINT
1.706000,0.504728,-0.162126,0.004225,-0.018263,-0.092790,0.068778,0.000000,MOVE_JOINT
1.707000,0.504714,-0.162217,0.004294,-0.016958,-0.092603,0.069254,0.000000,MOVE_JOINT
1.708000,0.504695,-0.162310,0.004361,-0.018586,-0.092633,0.067824,0.000000,MOVE_JOINT
1.709000,0.504672,-0.162406,0.004428,-0.019244,-0.093477,0.068067,0.000000,MOVE_JOINT
1.710000,0.504656,-0.162504,0.004501,-0.018404,-0.094621,0.069360,0.000000,MOVE_JOINT
1.711000,0.504640,-0.162600,0.004574,-0.018373,-0.094734,0.070070,0.000000,MOVE_JOINT
1.712000,0.504625,-0.162701,0.004649,-0.017544,-0.096229,0.071188,0.000000,MOVE_JOINT
1.713000,0.504606,-0.162796,0.004716,-0.018114,-0.095753,0.069984,0.000000,MOVE_JOINT
1.714000,0.504585,-0.162888,0.004782,-0.019172,-0.094740,0.068669,0.000000,MOVE_JOINT
1.715000,0.504564,-0.162979,0.004847,-0.019483,-0.093642,0.067825,0.000000,MOVE_JOINT
1.716000,0.504543,-0.163072,0.004915,-0.020351,-0.093551,0.067558,0.000000,MOVE_JOINT
1.717000,0.504515,-0.163164,0.004976,-0.021570,-0.092684,0.066088,0.000000,MOVE_JOINT
1.718000,0.504492,-0.163255,0.005042,-0.022619,-0.092644,0.065708,0.000000,MOVE_JOINT
1.719000,0.504469,-0.163354,0.005112,-0.023210,-0.094951,0.066907,0.000000,MOVE_JOINT
1.720000,0.504444,-0.163444,0.005176,-0.022927,-0.093706,0.066978,0.000000,MOVE_JOINT
1.721000,0.504421,-0.163533,0.005241,-0.023285,-0.092547,0.066525,0.000000,MOVE_JOINT
1.722000,0.504399,-0.163619,0.005305,-0.023187,-0.090801,0.065803,0.000000,MOVE_JOINT
1.723000,0.504378,-0.163709,0.005374,-0.022223,-0.090250,0.066474,0.000000,MOVE_JOINT
1.724000,0.504351,-0.163803,0.005439,-0.024072,-0.091310,0.065653,0.000000,MOVE_JOINT
1.725000,0.504327,-0.163891,0.005500,-0.024641,-0.090578,0.064651,0.000000,MOVE_JOINT
1.726000,0.504302,-0.163984,0.005565,-0.025573,-0.091544,0.063941,0.000000,MOVE_JOINT
1.727000,0.504275,-0.164073,0.005627,-0.026169,-0.090890,0.063439,0.000000,MOVE_JOINT
1.728000,0.504253,-0.164159,0.005691,-0.024581,-0.089394,0.063798,0.000000,MOVE_JOINT
1.729000,0.504233,-0.164239,0.005755,-0.023334,-0.086515,0.063776,0.000000,MOVE_JOINT
1.730000,0.504214,-0.164320,0.005820,-0.022404,-0.085461,0.064168,0.000000,MOVE_JOINT
1.731000,0.504190,-0.164410,0.005886,-0.023188,-0.087460,0.064868,0.000000,MOVE_JOINT
1.732000,0.504170,-0.164499,0.005954,-0.023113,-0.088637,0.065570,0.000000,MOVE_JOINT
1.733000,0.504148,-0.164588,0.006022,-0.022794,-0.089128,0.066491,0.000000,MOVE_JOINT
1.734000,0.504124,-0.164673,0.006083,-0.023812,-0.087926,0.064504,0.000000,MOVE_JOINT
1.735000,0.504100,-0.164761,0.006145,-0.023250,-0.087648,0.063933,0.000000,MOVE_JOINT
1.736000,0.504072,-0.164849,0.006205,-0.024939,-0.087565,0.062780,0.000000,MOVE_JOINT
1.737000,0.504050,-0.164933,0.006268,-0.024367,-0.086551,0.062684,0.000000,MOVE_JOINT
1.738000,0.504030,-0.165022,0.006334,-0.022544,-0.087809,0.064432,0.000000,MOVE_JOINT
1.739000,0.504009,-0.165113,0.006399,-0.022034,-0.088938,0.064638,0.000000,MOVE_JOINT
1.740000,0.503992,-0.165197,0.006466,-0.020637,-0.086701,0.064950,0.000000,MOVE_JOINT
1.741000,0.503966,-0.165284,0.006528,-0.022684,-0.087216,0.064293,0.000000,MOVE_JOINT
1.742000,0.503942,-0.165369,0.006590,-0.023775,-0.086907,0.063196,0.000000,MOVE_JOINT
1.743000,0.503921,-0.165449,0.006653,-0.021957,-0.084342,0.063857,0.000000,MOVE_JOINT
1.744000,0.503889,-0.165537,0.006711,-0.025062,-0.085266,0.061695,0.000000,MOVE_JOINT
1.745000,0.503868,-0.165624,0.006776,-0.024001,-0.085945,0.062964,0.000000,MOVE_JOINT
1.746000,0.503837,-0.165718,0.006836,-0.026058,-0.088023,0.062094,0.000000,MOVE_JOINT
1.747000,0.503813,-0.165803,0.006899,-0.025690,-0.086895,0.062047,0.000000,MOVE_JOINT
1.748000,0.503789,-0.165891,0.006963,-0.025240,-0.087109,0.062659,0.000000,MOVE_JOINT
1.749000,0.503762,-0.165978,0.007026,-0.024899,-0.086651,0.063136,0.000000,MOVE_JOINT
1.750000,0.503740,-0.166068,0.007093,-0.024133,-0.087628,0.064192,0.000000,MOVE_JOINT
1.751000,0.503717,-0.166158,0.007158,-0.023499,-0.088241,0.064897,0.000000,MOVE_JOINT
1.752000,0.503688,-0.166247,0.007221,-0.025830,-0.088733,0.063915,0.000000,MOVE_JOINT
1.753000,0.503658,-0.166336,0.007282,-0.026389,-0.088665,0.063281,0.000000,MOVE_JOINT
1.754000,0.503632,-0.166424,0.007347,-0.026681,-0.088072,0.063610,0.000000,MOVE_JOINT
1.755000,0.503601,-0.166515,0.007410,-0.028144,-0.088600,0.063327,0.000000,MOVE_JOINT
1.756000,0.503575,-0.166604,0.007475,-0.027045,-0.088949,0.064571,0.000000,MOVE_JOINT
1.757000,0.503546,-0.166685,0.007534,-0.028075,-0.086252,0.062652,0.000000,MOVE_JOINT
1.758000,0.503516,-0.166771,0.007594,-0.028327,-0.086102,0.061919,0.000000,MOVE_JOINT
1.759000,0.503490,-0.166862,0.007660,-0.027322,-0.087672,0.063374,0.000000,MOVE_JOINT
1.760000,0.503468,-0.166953,0.007727,-0.026325,-0.088725,0.064173,0.000000,MOVE_JOINT
1.761000,0.503442,-0.167036,0.007790,-0.026622,-0.086983,0.063510,0.000000,MOVE_JOINT
1.762000,0.503411,-0.167122,0.007850,-0.028412,-0.086526,0.062176,0.000000,MOVE_JOINT
1.763000,0.503377,-0.167210,0.007911,-0.030470,-0.087390,0.061810,0.000000,MOVE_JOINT
1.764000,0.503346,-0.167293,0.007970,-0.029723,-0.085777,0.061546,0.000000,MOVE_JOINT
1.765000,0.503314,-0.167384,0.008032,-0.029882,-0.086558,0.061633,0.000000,MOVE_JOINT
1.766000,0.503289,-0.167467,0.008095,-0.027630,-0.085403,0.062518,0.000000,MOVE_JOINT
1.767000,0.503256,-0.167561,0.008157,-0.028341,-0.087303,0.062508,0.000000,MOVE_JOINT
1.768000,0.503230,-0.167644,0.008218,-0.027814,-0.085348,0.061990,0.000000,MOVE_JOINT
1.769000,0.503200,-0.167727,0.008278,-0.028105,-0.083985,0.061303,0.000000,MOVE_JOINT
1.770000,0.503176,-0.167808,0.008340,-0.027734,-0.083389,0.060933,0.000000,MOVE_JOINT
1.771000,0.503149,-0.167885,0.008399,-0.027308,-0.082135,0.060768,0.000000,MOVE_JOINT
1.772000,0.503120,-0.167966,0.008459,-0.028003,-0.082404,0.060920,0.000000,MOVE_JOINT
1.773000,0.503082,-0.168052,0.008515,-0.030879,-0.083584,0.059520,0.000000,MOVE_JOINT
1.774000,0.503049,-0.168137,0.008571,-0.030866,-0.083603,0.059045,0.000000,MOVE_JOINT
1.775000,0.503022,-0.168221,0.008631,-0.030164,-0.083527,0.058929,0.000000,MOVE_JOINT
1.776000,0.502995,-0.168300,0.008691,-0.028736,-0.081539,0.059065,0.000000,MOVE_JOINT
1.777000,0.502956,-0.168383,0.008745,-0.031360,-0.082556,0.058110,0.000000,MOVE_JOINT
1.778000,0.502935,-0.168466,0.008811,-0.028558,-0.082740,0.060422,0.000000,MOVE_JOINT
1.779000,0.502907,-0.168546,0.008869,-0.027468,-0.081886,0.060154,0.000000,MOVE_JOINT
1.780000,0.502886,-0.168630,0.008933,-0.027019,-0.082576,0.060637,0.000000,MOVE_JOINT
1.781000,0.502860,-0.168714,0.008995,-0.027814,-0.083071,0.060411,0.000000,MOVE_JOINT
1.782000,0.502823,-0.168798,0.009050,-0.030127,-0.082716,0.058318,0.000000,MOVE_JOINT
1.783000,0.502797,-0.168876,0.009107,-0.029446,-0.081105,0.057937,0.000000,MOVE_JOINT
1.784000,0.502770,-0.168949,0.009162,-0.027809,-0.078688,0.057731,0.000000,MOVE_JOINT
1.785000,0.502747,-0.169024,0.009221,-0.026540,-0.077753,0.058137,0.000000,MOVE_JOINT
1.786000,0.502729,-0.169099,0.009283,-0.024708,-0.077663,0.059408,0.000000,MOVE_JOINT
1.787000,0.502706,-0.169180,0.009343,-0.023478,-0.079089,0.060385,0.000000,MOVE_JOINT
1.788000,0.502691,-0.169255,0.009405,-0.021291,-0.077425,0.060261,0.000000,MOVE_JOINT
1.789000,0.502677,-0.169329,0.009466,-0.019046,-0.076676,0.060742,0.000000,MOVE_JOINT
1.790000,0.502655,-0.169405,0.009521,-0.020565,-0.076184,0.058578,0.000000,MOVE_JOINT
1.791000,0.502637,-0.169486,0.009582,-0.020713,-0.078378,0.059141,0.000000,MOVE_JOINT
1.792000,0.502619,-0.169561,0.009641,-0.018798,-0.077557,0.059894,0.000000,MOVE_JOINT
1.793000,0.502603,-0.169636,0.009700,-0.017900,-0.076387,0.059601,0.000000,MOVE_JOINT
1.794000,0.502584,-0.169711,0.009758,-0.017702,-0.075679,0.059239,0.000000,MOVE_JOINT
1.795000,0.502569,-0.169788,0.009820,-0.016097,-0.076217,0.060388,0.000000,MOVE_JOINT
1.796000,0.502556,-0.169861,0.009879,-0.015635,-0.075536,0.059861,0.000000,MOVE_JOINT
1.797000,0.502548,-0.169925,0.009938,-0.012886,-0.072259,0.060166,0.000000,MOVE_JOINT
1.798000,0.502540,-0.169997,0.010001,-0.012055,-0.072731,0.060725,0.000000,MOVE_JOINT
1.799000,0.502534,-0.170069,0.010064,-0.010832,-0.072518,0.061073,0.000000,MOVE_JOINT
1.800000,0.502517,-0.170137,0.010118,-0.012421,-0.071507,0.059205,0.000000,MOVE_JOINT
1.801000,0.502507,-0.170210,0.010178,-0.011881,-0.070998,0.059004,0.000000,MOVE_JOINT
1.802000,0.502491,-0.170278,0.010234,-0.012993,-0.069299,0.057595,0.000000,MOVE_JOINT
1.803000,0.502480,-0.170348,0.010292,-0.012483,-0.069402,0.058064,0.000000,MOVE_JOINT
1.804000,0.502468,-0.170417,0.010350,-0.012085,-0.068911,0.058235,0.000000,MOVE_JOINT
1.805000,0.502451,-0.170485,0.010406,-0.013146,-0.068973,0.057756,0.000000,MOVE_JOINT
1.806000,0.502443,-0.170553,0.010466,-0.012289,-0.068699,0.058292,0.000000,MOVE_JOINT
1.807000,0.502427,-0.170624,0.010523,-0.013186,-0.069562,0.058184,0.000000,MOVE_JOINT
1.808000,0.502417,-0.170695,0.010584,-0.011665,-0.069813,0.059184,0.000000,MOVE_JOINT
1.809000,0.502397,-0.170769,0.010639,-0.014690,-0.070642,0.057458,0.000000,MOVE_JOINT
1.810000,0.502378,-0.170835,0.010693,-0.016075,-0.068908,0.056062,0.000000,MOVE_JOINT
1.811000,0.502362,-0.170902,0.010751,-0.016626,-0.068698,0.056408,0.000000,MOVE_JOINT
1.812000,0.502348,-0.170969,0.010808,-0.016705,-0.067910,0.056050,0.000000,MOVE_JOINT
1.813000,0.502330,-0.171041,0.010867,-0.015206,-0.069154,0.058085,0.000000,MOVE_JOINT
1.814000,0.502318,-0.171108,0.010929,-0.014442,-0.067321,0.058654,0.000000,MOVE_JOINT
1.815000,0.502301,-0.171177,0.010986,-0.014625,-0.067764,0.059006,0.000000,MOVE_JOINT
1.816000,0.502294,-0.171246,0.011051,-0.013155,-0.067820,0.060059,0.000000,MOVE_JOINT
1.817000,0.502279,-0.171315,0.011112,-0.014015,-0.068527,0.060294,0.000000,MOVE_JOINT
1.818000,0.502258,-0.171383,0.011168,-0.015622,-0.068105,0.059260,0.000000,MOVE_JOINT
1.819000,0.502235,-0.171456,0.011225,-0.019001,-0.070108,0.058561,0.000000,MOVE_JOINT
1.820000,0.502213,-0.171526,0.011282,-0.020326,-0.069909,0.057746,0.000000,MOVE_JOINT
1.821000,0.502193,-0.171596,0.011342,-0.019391,-0.069917,0.058869,0.000000,MOVE_JOINT
1.822000,0.502175,-0.171667,0.011402,-0.019785,-0.070419,0.058796,0.000000,MOVE_JOINT
1.823000,0.502157,-0.171734,0.011460,-0.018887,-0.069552,0.058964,0.000000,MOVE_JOINT
1.824000,0.502143,-0.171803,0.011519,-0.017165,-0.069069,0.059122,0.000000,MOVE_JOINT
1.825000,0.502127,-0.171873,0.011582,-0.016528,-0.070481,0.060455,0.000000,MOVE_JOINT
1.826000,0.502106,-0.171945,0.011641,-0.016992,-0.070693,0.060640,0.000000,MOVE_JOINT
1.827000,0.502096,-0.172019,0.011709,-0.016055,-0.072329,0.062364,0.000000,MOVE_JOINT
1.828000,0.502073,-0.172092,0.011768,-0.018545,-0.072095,0.060845,0.000000,MOVE_JOINT
1.829000,0.502058,-0.172161,0.011829,-0.017664,-0.070739,0.061004,0.000000,MOVE_JOINT
1.830000,0.502040,-0.172229,0.011889,-0.017438,-0.070080,0.060744,0.000000,MOVE_JOINT
1.831000,0.502016,-0.172297,0.011944,-0.018374,-0.069145,0.059428,0.000000,MOVE_JOINT
1.832000,0.502001,-0.172371,0.012009,-0.017693,-0.071032,0.061077,0.000000,MOVE_JOINT
1.833000,0.501980,-0.172449,0.012070,-0.018224,-0.073565,0.061665,0.000000,MOVE_JOINT
1.834000,0.501972,-0.172524,0.012139,-0.016526,-0.073915,0.062842,0.000000,MOVE_JOINT
1.835000,0.501959,-0.172593,0.012203,-0.016396,-0.072249,0.062517,0.000000,MOVE_JOINT
1.836000,0.501939,-0.172664,0.012262,-0.017357,-0.072476,0.061689,0.000000,MOVE_JOINT
1.837000,0.501924,-0.172735,0.012324,-0.016872,-0.071791,0.061405,0.000000,MOVE_JOINT
1.838000,0.501906,-0.172808,0.012384,-0.017680,-0.072119,0.060915,0.000000,MOVE_JOINT
1.839000,0.501882,-0.172877,0.012441,-0.019038,-0.071682,0.060325,0.000000,MOVE_JOINT
1.840000,0.501871,-0.172949,0.012507,-0.017034,-0.072173,0.061701,0.000000,MOVE_JOINT
1.841000,0.501853,-0.173022,0.012569,-0.016901,-0.072121,0.062181,0.000000,MOVE_JOINT
1.842000,0.501838,-0.173093,0.012634,-0.016476,-0.071046,0.062532,0.000000,MOVE_JOINT
1.843000,0.501825,-0.173158,0.012696,-0.015425,-0.069794,0.062465,0.000000,MOVE_JOINT
1.844000,0.501807,-0.173227,0.012757,-0.016054,-0.069364,0.062040,0.000000,MOVE_JOINT
1.845000,0.501797,-0.173290,0.012821,-0.014478,-0.067727,0.062262,0.000000,MOVE_JOINT
1.846000,0.501780,-0.173358,0.012879,-0.015664,-0.067803,0.060755,0.000000,MOVE_JOINT
1.847000,0.501765,-0.173428,0.012943,-0.015087,-0.068095,0.061467,0.000000,MOVE_JOINT
1.848000,0.501748,-0.173499,0.013006,-0.015524,-0.069016,0.062166,0.000000,MOVE_JOINT
1.849000,0.501734,-0.173562,0.013065,-0.014425,-0.067015,0.061734,0.000000,MOVE_JOINT
1.850000,0.501725,-0.173630,0.013131,-0.012724,-0.067144,0.063001,0.000000,MOVE_JOINT
1.851000,0.501710,-0.173695,0.013192,-0.013296,-0.066350,0.062461,0.000000,MOVE_JOINT
1.852000,0.501700,-0.173759,0.013256,-0.012338,-0.065777,0.062876,0.000000,MOVE_JOINT
1.853000,0.501691,-0.173826,0.013320,-0.012117,-0.066184,0.062767,0.000000,MOVE_JOINT
1.854000,0.501680,-0.173893,0.013383,-0.010884,-0.066027,0.062899,0.000000,MOVE_JOINT
1.855000,0.501666,-0.173968,0.013447,-0.012288,-0.068448,0.062989,0.000000,MOVE_JOINT
1.856000,0.501657,-0.174032,0.013511,-0.010930,-0.066868,0.063192,0.000000,MOVE_JOINT
1.857000,0.501646,-0.174098,0.013571,-0.010557,-0.066709,0.062841,0.000000,MOVE_JOINT
1.858000,0.501639,-0.174164,0.013636,-0.009805,-0.066129,0.063224,0.000000,MOVE_JOINT
1.859000,0.501628,-0.174233,0.013700,-0.009796,-0.067343,0.063942,0.000000,MOVE_JOINT
1.860000,0.501627,-0.174301,0.013769,-0.007303,-0.067746,0.065430,0.000000,MOVE_JOINT
1.861000,0.501623,-0.174369,0.013838,-0.006045,-0.068291,0.066594,0.000000,MOVE_JOINT
1.862000,0.501618,-0.174436,0.013904,-0.005584,-0.068448,0.066718,0.000000,MOVE_JOINT
1.863000,0.501614,-0.174510,0.013976,-0.005318,-0.069260,0.067773,0.000000,MOVE_JOINT
1.864000,0.501605,-0.174579,0.014040,-0.007262,-0.069752,0.066267,0.000000,MOVE_JOINT
1.865000,0.501597,-0.174652,0.014105,-0.007624,-0.070666,0.066130,0.000000,MOVE_JOINT
1.866000,0.501586,-0.174723,0.014170,-0.007947,-0.070299,0.065226,0.000000,MOVE_JOINT
1.867000,0.501578,-0.174794,0.014236,-0.007526,-0.071238,0.065975,0.000000,MOVE_JOINT
1.868000,0.501568,-0.174868,0.014302,-0.008549,-0.072401,0.065924,0.000000,MOVE_JOINT
1.869000,0.501562,-0.174938,0.014369,-0.007463,-0.071531,0.066584,0.000000,MOVE_JOINT
1.870000,0.501561,-0.175010,0.014439,-0.005380,-0.071122,0.067633,0.000000,MOVE_JOINT
1.871000,0.501559,-0.175082,0.014511,-0.005324,-0.070595,0.067968,0.000000,MOVE_JOINT
1.872000,0.501554,-0.175149,0.014577,-0.005467,-0.069032,0.067122,0.000000,MOVE_JOINT
1.873000,0.501549,-0.175218,0.014643,-0.005466,-0.068918,0.066654,0.000000,MOVE_JOINT
1.874000,0.501535,-0.175290,0.014707,-0.006962,-0.069858,0.066305,0.000000,MOVE_JOINT
1.875000,0.501524,-0.175362,0.014771,-0.007670,-0.070564,0.065848,0.000000,MOVE_JOINT
1.876000,0.501521,-0.175430,0.014839,-0.007190,-0.070285,0.066013,0.000000,MOVE_JOINT
1.877000,0.501512,-0.175502,0.014905,-0.007302,-0.070696,0.066564,0.000000,MOVE_JOINT
1.878000,0.501504,-0.175575,0.014973,-0.007387,-0.070129,0.066346,0.000000,MOVE_JOINT
1.879000,0.501497,-0.175643,0.015041,-0.006597,-0.069707,0.066961,0.000000,MOVE_JOINT
1.880000,0.501486,-0.175705,0.015101,-0.007242,-0.066956,0.065259,0.000000,MOVE_JOINT
1.881000,0.501482,-0.175772,0.015169,-0.007009,-0.067175,0.065124,0.000000,MOVE_JOINT
1.882000,0.501474,-0.175838,0.015234,-0.007236,-0.066585,0.065126,0.000000,MOVE_JOINT
1.883000,0.501459,-0.175907,0.015293,-0.009384,-0.067238,0.063768,0.000000,MOVE_JOINT
1.884000,0.501451,-0.175975,0.015359,-0.008989,-0.067781,0.064421,0.000000,MOVE_JOINT
1.885000,0.501438,-0.176046,0.015421,-0.008763,-0.068829,0.064573,0.000000,MOVE_JOINT
1.886000,0.501428,-0.176111,0.015481,-0.009276,-0.067194,0.063224,0.000000,MOVE_JOINT
1.887000,0.501418,-0.176177,0.015546,-0.008942,-0.066534,0.063650,0.000000,MOVE_JOINT
1.888000,0.501403,-0.176244,0.015607,-0.010574,-0.067099,0.063093,0.000000,MOVE_JOINT
1.889000,0.501396,-0.176302,0.015669,-0.010156,-0.064663,0.062462,0.000000,MOVE_JOINT
1.890000,0.501384,-0.176358,0.015727,-0.011257,-0.062861,0.061604,0.000000,MOVE_JOINT
1.891000,0.501372,-0.176418,0.015790,-0.011791,-0.061755,0.061653,0.000000,MOVE_JOINT
1.892000,0.501362,-0.176484,0.015855,-0.011210,-0.062757,0.062425,0.000000,MOVE_JOINT
1.893000,0.501343,-0.176551,0.015913,-0.013276,-0.063829,0.061273,0.000000,MOVE_JOINT
1.894000,0.501331,-0.176609,0.015974,-0.013128,-0.061882,0.060751,0.000000,MOVE_JOINT
1.895000,0.501319,-0.176669,0.016033,-0.012705,-0.061267,0.060508,0.000000,MOVE_JOINT
1.896000,0.501304,-0.176726,0.016091,-0.013328,-0.059429,0.059587,0.000000,MOVE_JOINT
1.897000,0.501292,-0.176790,0.016153,-0.013218,-0.060742,0.060155,0.000000,MOVE_JOINT
1.898000,0.501274,-0.176852,0.016213,-0.013271,-0.061195,0.060841,0.000000,MOVE_JOINT
1.899000,0.501266,-0.176914,0.016278,-0.011968,-0.061281,0.061869,0.000000,MOVE_JOINT
1.900000,0.501250,-0.176982,0.016341,-0.012626,-0.063533,0.062550,0.000000,MOVE_JOINT
1.901000,0.501231,-0.177042,0.016398,-0.015239,-0.062448,0.060495,0.000000,MOVE_JOINT
1.902000,0.501210,-0.177106,0.016455,-0.017878,-0.062720,0.058711,0.000000,MOVE_JOINT
1.903000,0.501187,-0.177174,0.016512,-0.018793,-0.064235,0.058621,0.000000,MOVE_JOINT
1.904000,0.501170,-0.177232,0.016570,-0.017263,-0.061753,0.058782,0.000000,MOVE_JOINT
1.905000,0.501155,-0.177290,0.016630,-0.016491,-0.060795,0.058969,0.000000,MOVE_JOINT
1.906000,0.501139,-0.177355,0.016692,-0.015018,-0.062297,0.061059,0.000000,MOVE_JOINT
1.907000,0.501129,-0.177420,0.016759,-0.014774,-0.062739,0.061940,0.000000,MOVE_JOINT
1.908000,0.501118,-0.177489,0.016826,-0.013962,-0.063945,0.063145,0.000000,MOVE_JOINT
1.909000,0.501107,-0.177549,0.016886,-0.013578,-0.062047,0.061836,0.000000,MOVE_JOINT
1.910000,0.501094,-0.177615,0.016950,-0.013664,-0.063345,0.062202,0.000000,MOVE_JOINT
1.911000,0.501076,-0.177677,0.017008,-0.014604,-0.062875,0.061384,0.000000,MOVE_JOINT
1.912000,0.501061,-0.177739,0.017071,-0.014987,-0.063050,0.061625,0.000000,MOVE_JOINT
1.913000,0.501040,-0.177807,0.017131,-0.016159,-0.064497,0.061716,0.000000,MOVE_JOINT
1.914000,0.501030,-0.177868,0.017196,-0.014190,-0.063270,0.062460,0.000000,MOVE_JOINT
1.915000,0.501014,-0.177931,0.017258,-0.014503,-0.062988,0.062411,0.000000,MOVE_JOINT
1.916000,0.501002,-0.177994,0.017321,-0.012705,-0.062317,0.062736,0.000000,MOVE_JOINT
1.917000,0.500993,-0.178058,0.017384,-0.012060,-0.063443,0.062939,0.000000,MOVE_JOINT
1.918000,0.500981,-0.178124,0.017447,-0.011784,-0.064284,0.063397,0.000000,MOVE_JOINT
1.919000,0.500973,-0.178187,0.017511,-0.011030,-0.064045,0.063220,0.000000,MOVE_JOINT
1.920000,0.500964,-0.178250,0.017575,-0.010627,-0.063904,0.063318,0.000000,MOVE_JOINT
1.921000,0.500949,-0.178314,0.017636,-0.011585,-0.064246,0.062871,0.000000,MOVE_JOINT
1.922000,0.500941,-0.178378,0.017699,-0.011451,-0.064207,0.062494,0.000000,MOVE_JOINT
1.923000,0.500935,-0.178443,0.017765,-0.010356,-0.064289,0.063332,0.000000,MOVE_JOINT
1.924000,0.500927,-0.178505,0.017830,-0.008732,-0.063460,0.064144,0.000000,MOVE_JOINT
1.925000,0.500917,-0.178566,0.017892,-0.009460,-0.063035,0.063238,0.000000,MOVE_JOINT
1.926000,0.500916,-0.178624,0.017957,-0.006856,-0.061556,0.064103,0.000000,MOVE_JOINT
1.927000,0.500911,-0.178682,0.018021,-0.005688,-0.061137,0.065064,0.000000,MOVE_JOINT
1.928000,0.500904,-0.178743,0.018086,-0.006405,-0.061004,0.064558,0.000000,MOVE_JOINT
1.929000,0.500897,-0.178807,0.018149,-0.005535,-0.062171,0.064985,0.000000,MOVE_JOINT
1.930000,0.500899,-0.178873,0.018220,-0.003534,-0.063440,0.066818,0.000000,MOVE_JOINT
1.931000,0.500888,-0.178936,0.018280,-0.005425,-0.063247,0.064749,0.000000,MOVE_JOINT
1.932000,0.500883,-0.178997,0.018342,-0.005248,-0.062379,0.064330,0.000000,MOVE_JOINT
1.933000,0.500878,-0.179057,0.018404,-0.005659,-0.060912,0.062834,0.000000,MOVE_JOINT
1.934000,0.500875,-0.179118,0.018469,-0.004319,-0.061099,0.063829,0.000000,MOVE_JOINT
1.935000,0.500875,-0.179177,0.018534,-0.003346,-0.059918,0.063966,0.000000,MOVE_JOINT
1.936000,0.500869,-0.179242,0.018600,-0.003763,-0.060998,0.064453,0.000000,MOVE_JOINT
1.937000,0.500865,-0.179305,0.018666,-0.003795,-0.061525,0.065321,0.000000,MOVE_JOINT
1.938000,0.500860,-0.179366,0.018728,-0.005063,-0.061203,0.063930,0.000000,MOVE_JOINT
1.939000,0.500860,-0.179428,0.018797,-0.002996,-0.061588,0.066032,0.000000,MOVE_JOINT
1.940000,0.500856,-0.179489,0.018860,-0.003969,-0.061035,0.064515,0.000000,MOVE_JOINT
1.941000,0.500850,-0.179549,0.018924,-0.004502,-0.060695,0.063821,0.000000,MOVE_JOINT
1.942000,0.500837,-0.179609,0.018983,-0.005587,-0.060156,0.063065,0.000000,MOVE_JOINT
1.943000,0.500834,-0.179656,0.019042,-0.005260,-0.056261,0.061532,0.000000,MOVE_JOINT
1.944000,0.500822,-0.179709,0.019099,-0.006677,-0.055743,0.060638,0.000000,MOVE_JOINT
1.945000,0.500824,-0.179762,0.019165,-0.004318,-0.054794,0.062399,0.000000,MOVE_JOINT
1.946000,0.500819,-0.179816,0.019228,-0.004719,-0.054731,0.062218,0.000000,MOVE_JOINT
1.947000,0.500817,-0.179868,0.019290,-0.003864,-0.054097,0.062271,0.000000,MOVE_JOINT
1.948000,0.500818,-0.179919,0.019356,-0.003491,-0.053113,0.062556,0.000000,MOVE_JOINT
1.949000,0.500816,-0.179965,0.019416,-0.003427,-0.051319,0.061775,0.000000,MOVE_JOINT
1.950000,0.500806,-0.180015,0.019472,-0.005442,-0.050883,0.060094,0.000000,MOVE_JOINT
1.951000,0.500804,-0.180059,0.019532,-0.004161,-0.048989,0.060344,0.000000,MOVE_JOINT
1.952000,0.500798,-0.180112,0.019594,-0.004803,-0.050932,0.060913,0.000000,MOVE_JOINT
1.953000,0.500789,-0.180165,0.019654,-0.004719,-0.052149,0.061923,0.000000,MOVE_JOINT
1.954000,0.500785,-0.180221,0.019720,-0.004743,-0.054004,0.063359,0.000000,MOVE_JOINT
1.955000,0.500780,-0.180274,0.019782,-0.004954,-0.053613,0.063155,0.000000,MOVE_JOINT
1.956000,0.500781,-0.180323,0.019849,-0.002999,-0.051338,0.064220,0.000000,MOVE_JOINT
1.957000,0.500779,-0.180373,0.019912,-0.002265,-0.050652,0.064160,0.000000,MOVE_JOINT
1.958000,0.500776,-0.180421,0.019976,-0.003449,-0.049865,0.063345,0.000000,MOVE_JOINT
1.959000,0.500776,-0.180469,0.020040,-0.002864,-0.049847,0.063468,0.000000,MOVE_JOINT
1.960000,0.500768,-0.180520,0.020102,-0.003632,-0.050059,0.063705,0.000000,MOVE_JOINT
1.961000,0.500766,-0.180572,0.020168,-0.003300,-0.050530,0.064440,0.000000,MOVE_JOINT
1.962000,0.500760,-0.180619,0.020228,-0.004055,-0.049219,0.062897,0.000000,MOVE_JOINT
1.963000,0.500760,-0.180667,0.020293,-0.002660,-0.048900,0.063751,0.000000,MOVE_JOINT
1.964000,0.500759,-0.180714,0.020358,-0.001822,-0.048266,0.063748,0.000000,MOVE_JOINT
1.965000,0.500755,-0.180765,0.020423,-0.001952,-0.049513,0.064574,0.000000,MOVE_JOINT
1.966000,0.500755,-0.180812,0.020487,-0.001569,-0.048410,0.064328,0.000000,MOVE_JOINT
1.967000,0.500746,-0.180865,0.020549,-0.002961,-0.049676,0.063652,0.000000,MOVE_JOINT
1.968000,0.500741,-0.180919,0.020614,-0.003387,-0.051214,0.064364,0.000000,MOVE_JOINT
1.969000,0.500742,-0.180965,0.020680,-0.001914,-0.049227,0.064543,0.000000,MOVE_JOINT
1.970000,0.500740,-0.181015,0.020743,-0.002056,-0.049509,0.064189,0.000000,MOVE_JOINT
1.971000,0.500738,-0.181064,0.020807,-0.001613,-0.048736,0.064143,0.000000,MOVE_JOINT
1.972000,0.500741,-0.181111,0.020874,-0.000310,-0.048197,0.064890,0.000000,MOVE_JOINT
1.973000,0.500741,-0.181153,0.020937,0.000210,-0.046183,0.064583,0.000000,MOVE_JOINT
1.974000,0.500750,-0.181200,0.021007,0.002168,-0.046029,0.065654,0.000000,MOVE_JOINT
1.975000,0.500749,-0.181254,0.021073,0.001211,-0.048427,0.065656,0.000000,MOVE_JOINT
1.976000,0.500750,-0.181303,0.021138,0.000194,-0.048577,0.065379,0.000000,MOVE_JOINT
1.977000,0.500754,-0.181348,0.021203,0.000807,-0.047669,0.064751,0.000000,MOVE_JOINT
1.978000,0.500753,-0.181396,0.021266,0.000369,-0.048522,0.064552,0.000000,MOVE_JOINT
1.979000,0.500760,-0.181445,0.021334,0.002099,-0.048787,0.065458,0.000000,MOVE_JOINT
1.980000,0.500771,-0.181490,0.021405,0.004523,-0.047260,0.066434,0.000000,MOVE_JOINT
1.981000,0.500779,-0.181536,0.021473,0.005856,-0.047472,0.067497,0.000000,MOVE_JOINT
1.982000,0.500793,-0.181583,0.021545,0.007982,-0.047272,0.069204,0.000000,MOVE_JOINT
1.983000,0.500801,-0.181629,0.021611,0.007820,-0.046758,0.068039,0.000000,MOVE_JOINT
1.984000,0.500816,-0.181676,0.021682,0.009561,-0.046687,0.068882,0.000000,MOVE_JOINT
1.985000,0.500821,-0.181724,0.021747,0.008281,-0.046667,0.067604,0.000000,MOVE_JOINT
1.986000,0.500836,-0.181766,0.021815,0.010558,-0.044744,0.067951,0.000000,MOVE_JOINT
1.987000,0.500847,-0.181813,0.021883,0.010528,-0.045777,0.067865,0.000000,MOVE_JOINT
1.988000,0.500859,-0.181857,0.021950,0.011785,-0.045553,0.068510,0.000000,MOVE_JOINT
1.989000,0.500874,-0.181905,0.022021,0.012765,-0.045606,0.068852,0.000000,MOVE_JOINT
1.990000,0.500891,-0.181944,0.022092,0.013794,-0.044075,0.069183,0.000000,MOVE_JOINT
1.991000,0.500901,-0.181985,0.022154,0.012787,-0.044206,0.067961,0.000000,MOVE_JOINT
1.992000,0.500920,-0.182034,0.022228,0.013130,-0.045922,0.069079,0.000000,MOVE_JOINT
1.993000,0.500926,-0.182082,0.022290,0.012024,-0.046010,0.067439,0.000000,MOVE_JOINT
1.994000,0.500938,-0.182128,0.022356,0.012227,-0.045518,0.066875,0.000000,MOVE_JOINT
1.995000,0.500949,-0.182169,0.022421,0.012206,-0.043734,0.066337,0.000000,MOVE_JOINT
1.996000,0.500964,-0.182207,0.022488,0.013165,-0.041499,0.066225,0.000000,MOVE_JOINT
1.997000,0.500977,-0.182248,0.022553,0.013079,-0.041526,0.065883,0.000000,MOVE_JOINT
1.998000,0.500993,-0.182283,0.022615,0.013797,-0.040064,0.065153,0.000000,MOVE_JOINT
1.999000,0.501005,-0.182323,0.022679,0.013671,-0.040272,0.064770,0.000000,MOVE_JOINT
2.000000,0.501021,-0.182360,0.022743,0.013458,-0.039667,0.064058,0.000000,MOVE_JOINT
2.001000,0.501025,-0.182396,0.022797,0.010886,-0.038761,0.061614,0.000000,MOVE_JOINT
2.002000,0.501036,-0.182436,0.022860,0.010833,-0.038117,0.061536,0.000000,MOVE_JOINT
2.003000,0.501048,-0.182470,0.022920,0.010927,-0.037254,0.061312,0.000000,MOVE_JOINT
2.004000,0.501060,-0.182507,0.022983,0.011646,-0.037131,0.062541,0.000000,MOVE_JOINT
2.005000,0.501076,-0.182540,0.023048,0.012816,-0.035575,0.062682,0.000000,MOVE_JOINT
2.006000,0.501084,-0.182574,0.023108,0.011361,-0.035347,0.061450,0.000000,MOVE_JOINT
2.007000,0.501096,-0.182615,0.023171,0.011456,-0.036899,0.062137,0.000000,MOVE_JOINT
2.008000,0.501105,-0.182653,0.023232,0.010927,-0.037388,0.061920,0.000000,MOVE_JOINT
2.009000,0.501111,-0.182690,0.023293,0.010317,-0.036697,0.061709,0.000000,MOVE_JOINT
2.010000,0.501117,-0.182731,0.023354,0.009085,-0.037593,0.061102,0.000000,MOVE_JOINT
2.011000,0.501121,-0.182767,0.023411,0.008477,-0.036639,0.060261,0.000000,MOVE_JOINT
2.012000,0.501126,-0.182800,0.023468,0.007164,-0.035098,0.058682,0.000000,MOVE_JOINT
2.013000,0.501137,-0.182837,0.023530,0.008332,-0.035578,0.059485,0.000000,MOVE_JOINT
2.014000,0.501146,-0.182871,0.023590,0.008382,-0.035154,0.059662,0.000000,MOVE_JOINT
2.015000,0.501157,-0.182907,0.023652,0.009304,-0.034765,0.060204,0.000000,MOVE_JOINT
2.016000,0.501170,-0.182945,0.023717,0.009971,-0.035351,0.060977,0.000000,MOVE_JOINT
2.017000,0.501175,-0.182982,0.023774,0.008511,-0.036149,0.060015,0.000000,MOVE_JOINT
2.018000,0.501182,-0.183022,0.023836,0.007811,-0.037478,0.060514,0.000000,MOVE_JOINT
2.019000,0.501188,-0.183055,0.023891,0.007696,-0.036274,0.059476,0.000000,MOVE_JOINT
2.020000,0.501198,-0.183093,0.023954,0.008151,-0.036690,0.060221,0.000000,MOVE_JOINT
2.021000,0.501207,-0.183128,0.024016,0.008686,-0.036877,0.061118,0.000000,MOVE_JOINT
2.022000,0.501219,-0.183166,0.024080,0.009957,-0.037297,0.062440,0.000000,MOVE_JOINT
2.023000,0.501235,-0.183208,0.024150,0.012103,-0.038594,0.064797,0.000000,MOVE_JOINT
2.024000,0.501246,-0.183252,0.024216,0.012179,-0.040100,0.065587,0.000000,MOVE_JOINT
2.025000,0.501255,-0.183287,0.024278,0.010297,-0.038271,0.063375,0.000000,MOVE_JOINT
2.026000,0.501266,-0.183325,0.024341,0.009219,-0.038648,0.062604,0.000000,MOVE_JOINT
2.027000,0.501272,-0.183364,0.024400,0.008818,-0.039081,0.062404,0.000000,MOVE_JOINT
2.028000,0.501284,-0.183403,0.024464,0.010140,-0.038775,0.063082,0.000000,MOVE_JOINT
2.029000,0.501297,-0.183443,0.024531,0.011803,-0.040363,0.064868,0.000000,MOVE_JOINT
2.030000,0.501308,-0.183486,0.024598,0.012454,-0.041339,0.066036,0.000000,MOVE_JOINT
2.031000,0.501325,-0.183527,0.024667,0.013626,-0.040975,0.066905,0.000000,MOVE_JOINT
2.032000,0.501343,-0.183564,0.024735,0.015464,-0.039694,0.067439,0.000000,MOVE_JOINT
2.033000,0.501357,-0.183607,0.024802,0.014800,-0.040611,0.067383,0.000000,MOVE_JOINT
2.034000,0.501368,-0.183646,0.024864,0.013506,-0.040707,0.065549,0.000000,MOVE_JOINT
2.035000,0.501375,-0.183686,0.024926,0.012272,-0.039962,0.064380,0.000000,MOVE_JOINT
2.036000,0.501389,-0.183728,0.024993,0.012688,-0.040403,0.064969,0.000000,MOVE_JOINT
2.037000,0.501399,-0.183764,0.025054,0.012922,-0.039300,0.064838,0.000000,MOVE_JOINT
2.038000,0.501408,-0.183805,0.025117,0.011700,-0.039648,0.064318,0.000000,MOVE_JOINT
2.039000,0.501425,-0.183847,0.025187,0.013693,-0.039495,0.065867,0.000000,MOVE_JOINT
2.040000,0.501442,-0.183884,0.025256,0.014932,-0.038619,0.066985,0.000000,MOVE_JOINT
2.041000,0.501457,-0.183920,0.025321,0.014047,-0.037601,0.065607,0.000000,MOVE_JOINT
2.042000,0.501468,-0.183958,0.025385,0.013032,-0.037042,0.064807,0.000000,MOVE_JOINT
2.043000,0.501478,-0.183992,0.025448,0.012203,-0.035933,0.064108,0.000000,MOVE_JOINT
2.044000,0.501488,-0.184027,0.025510,0.010956,-0.035947,0.063349,0.000000,MOVE_JOINT
2.045000,0.501494,-0.184067,0.025572,0.010083,-0.037114,0.063312,0.000000,MOVE_JOINT
2.046000,0.501509,-0.184101,0.025636,0.011454,-0.036752,0.063811,0.000000,MOVE_JOINT
2.047000,0.501525,-0.184139,0.025703,0.013226,-0.037015,0.065074,0.000000,MOVE_JOINT
2.048000,0.501538,-0.184174,0.025765,0.013078,-0.037039,0.064536,0.000000,MOVE_JOINT
2.049000,0.501558,-0.184207,0.025833,0.015210,-0.035787,0.064984,0.000000,MOVE_JOINT
2.050000,0.501572,-0.184238,0.025896,0.014855,-0.034122,0.063973,0.000000,MOVE_JOINT
2.051000,0.501583,-0.184273,0.025956,0.012926,-0.034030,0.062543,0.000000,MOVE_JOINT
2.052000,0.501594,-0.184307,0.026020,0.011824,-0.034113,0.062366,0.000000,MOVE_JOINT
2.053000,0.501603,-0.184341,0.026079,0.011503,-0.033838,0.061941,0.000000,MOVE_JOINT
2.054000,0.501616,-0.184380,0.026143,0.011729,-0.035350,0.062439,0.000000,MOVE_JOINT
2.055000,0.501627,-0.184416,0.026207,0.012086,-0.035493,0.062967,0.000000,MOVE_JOINT
2.056000,0.501644,-0.184454,0.026273,0.012498,-0.036193,0.063259,0.000000,MOVE_JOINT
2.057000,0.501658,-0.184487,0.026336,0.012977,-0.035247,0.063397,0.000000,MOVE_JOINT
2.058000,0.501671,-0.184523,0.026401,0.013462,-0.035160,0.064041,0.000000,MOVE_JOINT
2.059000,0.501692,-0.184550,0.026468,0.015195,-0.032777,0.064289,0.000000,MOVE_JOINT
2.060000,0.501702,-0.184585,0.026530,0.013545,-0.033199,0.063342,0.000000,MOVE_JOINT
2.061000,0.501709,-0.184621,0.026589,0.012190,-0.033992,0.062371,0.000000,MOVE_JOINT
2.062000,0.501722,-0.184658,0.026652,0.012036,-0.034793,0.062316,0.000000,MOVE_JOINT
2.063000,0.501730,-0.184695,0.026711,0.011408,-0.035246,0.061839,0.000000,MOVE_JOINT
2.064000,0.501747,-0.184731,0.026777,0.013140,-0.035065,0.062883,0.000000,MOVE_JOINT
2.065000,0.501758,-0.184764,0.026836,0.012747,-0.034002,0.062054,0.000000,MOVE_JOINT
2.066000,0.501771,-0.184796,0.026897,0.013590,-0.033048,0.061901,0.000000,MOVE_JOINT
2.067000,0.501792,-0.184830,0.026964,0.015515,-0.032981,0.063070,0.000000,MOVE_JOINT
2.068000,0.501805,-0.184859,0.027023,0.014492,-0.032039,0.062088,0.000000,MOVE_JOINT
2.069000,0.501815,-0.184894,0.027083,0.012681,-0.032280,0.060706,0.000000,MOVE_JOINT
2.070000,0.501825,-0.184926,0.027142,0.011496,-0.032896,0.060085,0.000000,MOVE_JOINT
2.071000,0.501837,-0.184956,0.027201,0.012643,-0.031938,0.060481,0.000000,MOVE_JOINT
2.072000,0.501852,-0.184993,0.027264,0.013785,-0.033198,0.061613,0.000000,MOVE_JOINT
2.073000,0.501861,-0.185025,0.027322,0.013269,-0.033042,0.060938,0.000000,MOVE_JOINT
2.074000,0.501876,-0.185056,0.027384,0.013937,-0.032175,0.060975,0.000000,MOVE_JOINT
2.075000,0.501893,-0.185087,0.027446,0.014929,-0.031655,0.061423,0.000000,MOVE_JOINT
2.076000,0.501901,-0.185113,0.027501,0.013831,-0.029820,0.059959,0.000000,MOVE_JOINT
2.077000,0.501919,-0.185140,0.027564,0.014632,-0.028752,0.060640,0.000000,MOVE_JOINT
2.078000,0.501932,-0.185168,0.027623,0.013407,-0.028678,0.059537,0.000000,MOVE_JOINT
2.079000,0.501937,-0.185204,0.027680,0.012009,-0.031269,0.059566,0.000000,MOVE_JOINT
2.080000,0.501951,-0.185234,0.027738,0.011932,-0.031001,0.058695,0.000000,MOVE_JOINT
2.081000,0.501958,-0.185268,0.027794,0.010410,-0.032328,0.058272,0.000000,MOVE_JOINT
2.082000,0.501973,-0.185296,0.027852,0.011378,-0.030965,0.058152,0.000000,MOVE_JOINT
2.083000,0.501984,-0.185322,0.027906,0.011013,-0.029805,0.056709,0.000000,MOVE_JOINT
2.084000,0.501994,-0.185349,0.027960,0.010864,-0.028889,0.055973,0.000000,MOVE_JOINT
2.085000,0.502013,-0.185373,0.028020,0.013198,-0.027148,0.057062,0.000000,MOVE_JOINT
2.086000,0.502027,-0.185395,0.028076,0.013609,-0.025883,0.056909,0.000000,MOVE_JOINT
2.087000,0.502041,-0.185420,0.028133,0.012435,-0.025336,0.056327,0.000000,MOVE_JOINT
2.088000,0.502052,-0.185452,0.028190,0.011638,-0.027579,0.056508,0.000000,MOVE_JOINT
2.089000,0.502061,-0.185481,0.028242,0.011158,-0.027897,0.055393,0.000000,MOVE_JOINT
2.090000,0.502073,-0.185505,0.028294,0.010839,-0.027001,0.054099,0.000000,MOVE_JOINT
2.091000,0.502081,-0.185532,0.028347,0.009913,-0.027332,0.053746,0.000000,MOVE_JOINT
2.092000,0.502095,-0.185556,0.028402,0.012046,-0.025969,0.054738,0.000000,MOVE_JOINT
2.093000,0.502109,-0.185578,0.028457,0.011601,-0.024941,0.054172,0.000000,MOVE_JOINT
2.094000,0.502114,-0.185601,0.028508,0.010672,-0.024516,0.054003,0.000000,MOVE_JOINT
2.095000,0.502124,-0.185632,0.028565,0.009839,-0.027319,0.055000,0.000000,MOVE_JOINT
2.096000,0.502134,-0.185661,0.028621,0.010569,-0.027273,0.054978,0.000000,MOVE_JOINT
2.097000,0.502144,-0.185687,0.028675,0.010831,-0.027840,0.055132,0.000000,MOVE_JOINT
2.098000,0.502154,-0.185721,0.028730,0.009646,-0.030005,0.054635,0.000000,MOVE_JOINT
2.099000,0.502160,-0.185748,0.028780,0.009801,-0.028114,0.053898,0.000000,MOVE_JOINT
2.100000,0.502172,-0.185778,0.028837,0.011224,-0.028012,0.054955,0.000000,MOVE_JOINT
2.101000,0.502177,-0.185807,0.028889,0.009634,-0.028056,0.054114,0.000000,MOVE_JOINT
2.102000,0.502185,-0.185833,0.028943,0.009854,-0.027504,0.054184,0.000000,MOVE_JOINT
2.103000,0.502193,-0.185859,0.028996,0.009236,-0.027576,0.054089,0.000000,MOVE_JOINT
2.104000,0.502205,-0.185888,0.029053,0.010463,-0.028254,0.055272,0.000000,MOVE_JOINT
2.105000,0.502210,-0.185921,0.029105,0.008780,-0.029832,0.054364,0.000000,MOVE_JOINT
2.106000,0.502230,-0.185952,0.029167,0.011479,-0.030607,0.056668,0.000000,MOVE_JOINT
2.107000,0.502240,-0.185984,0.029221,0.011509,-0.030546,0.056293,0.000000,MOVE_JOINT
2.108000,0.502250,-0.186019,0.029279,0.010859,-0.031801,0.056173,0.000000,MOVE_JOINT
2.109000,0.502257,-0.186052,0.029335,0.009803,-0.032311,0.056477,0.000000,MOVE_JOINT
2.110000,0.502264,-0.186084,0.029390,0.009507,-0.031597,0.056255,0.000000,MOVE_JOINT
2.111000,0.502272,-0.186115,0.029446,0.008656,-0.031615,0.055774,0.000000,MOVE_JOINT
2.112000,0.502284,-0.186145,0.029503,0.009897,-0.030690,0.056389,0.000000,MOVE_JOINT
2.113000,0.502292,-0.186183,0.029562,0.009105,-0.032958,0.056524,0.000000,MOVE_JOINT
2.114000,0.502302,-0.186221,0.029622,0.010216,-0.034818,0.058258,0.000000,MOVE_JOINT
2.115000,0.502315,-0.186256,0.029682,0.010964,-0.034514,0.058686,0.000000,MOVE_JOINT
2.116000,0.502332,-0.186295,0.029746,0.012471,-0.036182,0.060206,0.000000,MOVE_JOINT
2.117000,0.502342,-0.186332,0.029806,0.011614,-0.036527,0.060161,0.000000,MOVE_JOINT
2.118000,0.502353,-0.186370,0.029864,0.010541,-0.037029,0.059393,0.000000,MOVE_JOINT
2.119000,0.502361,-0.186411,0.029924,0.010050,-0.038299,0.059719,0.000000,MOVE_JOINT
2.120000,0.502366,-0.186447,0.029979,0.009434,-0.037877,0.058859,0.000000,MOVE_JOINT
2.121000,0.502380,-0.186482,0.030041,0.010468,-0.037467,0.059774,0.000000,MOVE_JOINT
2.122000,0.502390,-0.186517,0.030098,0.010264,-0.036576,0.058993,0.000000,MOVE_JOINT
2.123000,0.502404,-0.186558,0.030162,0.010822,-0.038265,0.060400,0.000000,MOVE_JOINT
2.124000,0.502418,-0.186597,0.030226,0.011827,-0.038752,0.061471,0.000000,MOVE_JOINT
2.125000,0.502436,-0.186638,0.030293,0.014200,-0.039212,0.063452,0.000000,MOVE_JOINT
2.126000,0.502450,-0.186677,0.030356,0.013975,-0.039087,0.063142,0.000000,MOVE_JOINT
2.127000,0.502464,-0.186721,0.030420,0.014136,-0.040043,0.063393,0.000000,MOVE_JOINT
2.128000,0.502474,-0.186765,0.030483,0.012393,-0.041583,0.063035,0.000000,MOVE_JOINT
2.129000,0.502485,-0.186809,0.030547,0.012024,-0.042026,0.063323,0.000000,MOVE_JOINT
2.130000,0.502493,-0.186846,0.030605,0.011375,-0.040315,0.062162,0.000000,MOVE_JOINT
2.131000,0.502504,-0.186892,0.030669,0.011236,-0.042025,0.062556,0.000000,MOVE_JOINT
2.132000,0.502510,-0.186937,0.030730,0.009834,-0.042530,0.061807,0.000000,MOVE_JOINT
2.133000,0.502525,-0.186980,0.030796,0.012142,-0.042649,0.063440,0.000000,MOVE_JOINT
2.134000,0.502540,-0.187019,0.030859,0.012951,-0.041897,0.063056,0.000000,MOVE_JOINT
2.135000,0.502554,-0.187061,0.030922,0.013963,-0.041992,0.063909,0.000000,MOVE_JOINT
2.136000,0.502569,-0.187103,0.030987,0.013940,-0.042362,0.063959,0.000000,MOVE_JOINT
2.137000,0.502583,-0.187143,0.031050,0.013639,-0.041570,0.063300,0.000000,MOVE_JOINT
2.138000,0.502594,-0.187184,0.031111,0.012066,-0.042031,0.062605,0.000000,MOVE_JOINT
2.139000,0.502605,-0.187226,0.031173,0.010815,-0.041990,0.061780,0.000000,MOVE_JOINT
2.140000,0.502616,-0.187265,0.031233,0.010508,-0.041055,0.060849,0.000000,MOVE_JOINT
2.141000,0.502626,-0.187305,0.031292,0.010753,-0.040513,0.060830,0.000000,MOVE_JOINT
2.142000,0.502645,-0.187342,0.031355,0.012633,-0.039665,0.061469,0.000000,MOVE_JOINT
2.143000,0.502657,-0.187375,0.031413,0.013077,-0.038082,0.060755,0.000000,MOVE_JOINT
2.144000,0.502674,-0.187409,0.031475,0.013990,-0.036344,0.060940,0.000000,MOVE_JOINT
2.145000,0.502692,-0.187446,0.031538,0.015196,-0.036396,0.061407,0.000000,MOVE_JOINT
2.146000,0.502705,-0.187480,0.031597,0.015136,-0.035651,0.060882,0.000000,MOVE_JOINT
2.147000,0.502717,-0.187520,0.031657,0.013605,-0.037373,0.060585,0.000000,MOVE_JOINT
2.148000,0.502730,-0.187558,0.031718,0.012976,-0.037747,0.060438,0.000000,MOVE_JOINT
2.149000,0.502738,-0.187593,0.031773,0.011482,-0.036979,0.058361,0.000000,MOVE_JOINT
2.150000,0.502752,-0.187627,0.031832,0.012173,-0.035694,0.058292,0.000000,MOVE_JOINT
2.151000,0.502760,-0.187665,0.031888,0.011132,-0.036209,0.057738,0.000000,MOVE_JOINT
2.152000,0.502772,-0.187694,0.031945,0.011392,-0.033909,0.057428,0.000000,MOVE_JOINT
2.153000,0.502784,-0.187725,0.032001,0.011315,-0.032788,0.056799,0.000000,MOVE_JOINT
2.154000,0.502796,-0.187755,0.032055,0.011127,-0.031776,0.055968,0.000000,MOVE_JOINT
2.155000,0.502808,-0.187785,0.032111,0.010866,-0.031500,0.056026,0.000000,MOVE_JOINT
2.156000,0.502824,-0.187812,0.032166,0.012251,-0.030586,0.055986,0.000000,MOVE_JOINT
2.157000,0.502840,-0.187842,0.032222,0.013279,-0.030416,0.055953,0.000000,MOVE_JOINT
2.158000,0.502851,-0.187874,0.032276,0.012428,-0.031566,0.055281,0.000000,MOVE_JOINT
2.159000,0.502860,-0.187906,0.032329,0.011822,-0.031321,0.055318,0.000000,MOVE_JOINT
2.160000,0.502867,-0.187935,0.032379,0.009987,-0.030150,0.052975,0.000000,MOVE_JOINT
2.161000,0.502871,-0.187967,0.032428,0.009359,-0.030294,0.052328,0.000000,MOVE_JOINT
2.162000,0.502882,-0.187998,0.032482,0.009635,-0.030252,0.052305,0.000000,MOVE_JOINT
2.163000,0.502888,-0.188025,0.032531,0.008708,-0.029145,0.051653,0.000000,MOVE_JOINT
2.164000,0.502894,-0.188054,0.032580,0.008043,-0.028501,0.050779,0.000000,MOVE_JOINT
2.165000,0.502904,-0.188080,0.032631,0.008503,-0.027669,0.050615,0.000000,MOVE_JOINT
2.166000,0.502917,-0.188113,0.032685,0.009487,-0.029356,0.051475,0.000000,MOVE_JOINT
2.167000,0.502926,-0.188142,0.032737,0.009729,-0.028975,0.051243,0.000000,MOVE_JOINT
2.168000,0.502932,-0.188175,0.032787,0.008440,-0.029896,0.050561,0.000000,MOVE_JOINT
2.169000,0.502940,-0.188205,0.032838,0.008201,-0.029952,0.050753,0.000000,MOVE_JOINT
2.170000,0.502944,-0.188241,0.032890,0.006837,-0.031969,0.050673,0.000000,MOVE_JOINT
2.171000,0.502949,-0.188272,0.032940,0.006353,-0.031357,0.050122,0.000000,MOVE_JOINT
2.172000,0.502952,-0.188301,0.032986,0.005291,-0.030620,0.049121,0.000000,MOVE_JOINT
2.173000,0.502955,-0.188334,0.033034,0.004565,-0.031681,0.048790,0.000000,MOVE_JOINT
2.174000,0.502961,-0.188362,0.033083,0.005412,-0.030558,0.049021,0.000000,MOVE_JOINT
2.175000,0.502962,-0.188391,0.033128,0.003601,-0.030511,0.047518,0.000000,MOVE_JOINT
2.176000,0.502967,-0.188423,0.033178,0.003682,-0.030990,0.048018,0.000000,MOVE_JOINT
2.177000,0.502974,-0.188453,0.033227,0.005539,-0.030891,0.048981,0.000000,MOVE_JOINT
2.178000,0.502979,-0.188485,0.033274,0.005736,-0.030456,0.048304,0.000000,MOVE_JOINT
2.179000,0.502985,-0.188516,0.033321,0.005981,-0.030730,0.048215,0.000000,MOVE_JOINT
2.180000,0.502992,-0.188550,0.033370,0.005231,-0.031729,0.047948,0.000000,MOVE_JOINT
2.181000,0.502998,-0.188581,0.033417,0.005085,-0.032085,0.047762,0.000000,MOVE_JOINT
2.182000,0.503000,-0.188613,0.033465,0.004564,-0.032146,0.047715,0.000000,MOVE_JOINT
2.183000,0.503007,-0.188643,0.033512,0.004984,-0.030893,0.047330,0.000000,MOVE_JOINT
2.184000,0.503004,-0.188676,0.033555,0.003020,-0.030728,0.046016,0.000000,MOVE_JOINT
2.185000,0.503007,-0.188704,0.033600,0.003220,-0.029524,0.045770,0.000000,MOVE_JOINT
2.186000,0.503010,-0.188732,0.033645,0.002508,-0.029540,0.045204,0.000000,MOVE_JOINT
2.187000,0.503007,-0.188760,0.033685,0.001134,-0.029031,0.043812,0.000000,MOVE_JOINT
2.188000,0.503013,-0.188793,0.033735,0.002454,-0.030102,0.045245,0.000000,MOVE_JOINT
2.189000,0.503015,-0.188824,0.033781,0.002624,-0.030541,0.045922,0.000000,MOVE_JOINT
2.190000,0.503017,-0.188852,0.033827,0.002327,-0.029539,0.045574,0.000000,MOVE_JOINT
2.191000,0.503022,-0.188880,0.033873,0.003443,-0.028989,0.045982,0.000000,MOVE_JOINT
2.192000,0.503021,-0.188909,0.033917,0.002369,-0.029110,0.045683,0.000000,MOVE_JOINT
2.193000,0.503022,-0.188938,0.033960,0.001945,-0.028942,0.044910,0.000000,MOVE_JOINT
2.194000,0.503023,-0.188962,0.034002,0.002071,-0.028021,0.044758,0.000000,MOVE_JOINT
2.195000,0.503024,-0.188995,0.034048,0.001276,-0.029674,0.044759,0.000000,MOVE_JOINT
2.196000,0.503022,-0.189022,0.034091,-0.000372,-0.029329,0.043711,0.000000,MOVE_JOINT
2.197000,0.503017,-0.189049,0.034130,-0.001168,-0.028876,0.042741,0.000000,MOVE_JOINT
2.198000,0.503014,-0.189083,0.034171,-0.001965,-0.030397,0.042293,0.000000,MOVE_JOINT
2.199000,0.503014,-0.189110,0.034214,-0.001452,-0.028897,0.042038,0.000000,MOVE_JOINT
2.200000,0.503009,-0.189139,0.034253,-0.001830,-0.028531,0.041620,0.000000,MOVE_JOINT
2.201000,0.503004,-0.189175,0.034295,-0.003321,-0.030317,0.041025,0.000000,MOVE_JOINT
2.202000,0.503009,-0.189206,0.034344,-0.001068,-0.030297,0.043312,0.000000,MOVE_JOINT
2.203000,0.503010,-0.189237,0.034390,-0.000627,-0.030258,0.043557,0.000000,MOVE_JOINT
2.204000,0.503011,-0.189264,0.034433,-0.000030,-0.028730,0.043125,0.000000,MOVE_JOINT
2.205000,0.503008,-0.189297,0.034475,-0.000307,-0.029679,0.043064,0.000000,MOVE_JOINT
2.206000,0.503009,-0.189324,0.034518,-0.000323,-0.029140,0.042982,0.000000,MOVE_JOINT
2.207000,0.503010,-0.189353,0.034561,0.000483,-0.028585,0.043143,0.000000,MOVE_JOINT
2.208000,0.503007,-0.189381,0.034604,0.000033,-0.028686,0.043437,0.000000,MOVE_JOINT
2.209000,0.503004,-0.189415,0.034647,-0.001823,-0.030470,0.043185,0.000000,MOVE_JOINT
2.210000,0.502999,-0.189451,0.034692,-0.002821,-0.032296,0.043726,0.000000,MOVE_JOINT
2.211000,0.502996,-0.189482,0.034734,-0.002857,-0.032100,0.043435,0.000000,MOVE_JOINT
2.212000,0.502989,-0.189520,0.034777,-0.003878,-0.033707,0.042940,0.000000,MOVE_JOINT
2.213000,0.502986,-0.189555,0.034822,-0.003455,-0.033892,0.043587,0.000000,MOVE_JOINT
2.214000,0.502981,-0.189594,0.034867,-0.003492,-0.035108,0.043923,0.000000,MOVE_JOINT
2.215000,0.502979,-0.189633,0.034915,-0.001981,-0.035862,0.045722,0.000000,MOVE_JOINT
2.216000,0.502976,-0.189671,0.034962,-0.001995,-0.036402,0.045979,0.000000,MOVE_JOINT
2.217000,0.502977,-0.189704,0.035007,-0.002088,-0.035179,0.045023,0.000000,MOVE_JOINT
2.218000,0.502972,-0.189740,0.035049,-0.002604,-0.035678,0.044483,0.000000,MOVE_JOINT
2.219000,0.502970,-0.189780,0.035097,-0.002815,-0.036974,0.045116,0.000000,MOVE_JOINT
2.220000,0.502972,-0.189816,0.035146,-0.001788,-0.036688,0.045919,0.000000,MOVE_JOINT
2.221000,0.502972,-0.189851,0.035191,-0.001314,-0.036272,0.045752,0.000000,MOVE_JOINT
2.222000,0.502968,-0.189892,0.035236,-0.002651,-0.038063,0.045328,0.000000,MOVE_JOINT
2.223000,0.502964,-0.189927,0.035278,-0.002799,-0.037313,0.044617,0.000000,MOVE_JOINT
2.224000,0.502963,-0.189961,0.035324,-0.002592,-0.036397,0.044700,0.000000,MOVE_JOINT
2.225000,0.502960,-0.189996,0.035366,-0.002758,-0.036150,0.043864,0.000000,MOVE_JOINT
2.226000,0.502953,-0.190033,0.035406,-0.004115,-0.036543,0.042537,0.000000,MOVE_JOINT
2.227000,0.502953,-0.190069,0.035451,-0.003460,-0.036106,0.043045,0.000000,MOVE_JOINT
2.228000,0.502947,-0.190104,0.035494,-0.003784,-0.035482,0.043086,0.000000,MOVE_JOINT
2.229000,0.502938,-0.190134,0.035533,-0.005611,-0.034206,0.041722,0.000000,MOVE_JOINT
2.230000,0.502940,-0.190164,0.035578,-0.003944,-0.032889,0.042703,0.000000,MOVE_JOINT
2.231000,0.502931,-0.190197,0.035618,-0.005583,-0.033089,0.042194,0.000000,MOVE_JOINT
2.232000,0.502925,-0.190228,0.035659,-0.005838,-0.032680,0.041907,0.000000,MOVE_JOINT
2.233000,0.502916,-0.190258,0.035700,-0.006245,-0.032279,0.041810,0.000000,MOVE_JOINT
2.234000,0.502913,-0.190288,0.035743,-0.005734,-0.031850,0.042189,0.000000,MOVE_JOINT
2.235000,0.502907,-0.190320,0.035785,-0.006080,-0.032562,0.042161,0.000000,MOVE_JOINT
2.236000,0.502899,-0.190347,0.035824,-0.006619,-0.031169,0.041501,0.000000,MOVE_JOINT
2.237000,0.502897,-0.190379,0.035869,-0.005613,-0.031354,0.042139,0.000000,MOVE_JOINT
2.238000,0.502890,-0.190408,0.035908,-0.006549,-0.030997,0.041370,0.000000,MOVE_JOINT
2.239000,0.502881,-0.190435,0.035945,-0.006539,-0.029810,0.040528,0.000000,MOVE_JOINT
2.240000,0.502875,-0.190463,0.035984,-0.006590,-0.028632,0.039480,0.000000,MOVE_JOINT
2.241000,0.502862,-0.190489,0.036017,-0.008006,-0.028150,0.038048,0.000000,MOVE_JOINT
2.242000,0.502857,-0.190516,0.036059,-0.007015,-0.027528,0.038825,0.000000,MOVE_JOINT
2.243000,0.502849,-0.190543,0.036095,-0.006927,-0.027355,0.038545,0.000000,MOVE_JOINT
2.244000,0.502841,-0.190572,0.036134,-0.006803,-0.027613,0.038714,0.000000,MOVE_JOINT
2.245000,0.502839,-0.190599,0.036177,-0.006599,-0.028135,0.039189,0.000000,MOVE_JOINT
2.246000,0.502830,-0.190630,0.036216,-0.007706,-0.029715,0.039269,0.000000,MOVE_JOINT
2.247000,0.502827,-0.190664,0.036261,-0.006495,-0.031095,0.040968,0.000000,MOVE_JOINT
2.248000,0.502823,-0.190696,0.036305,-0.006144,-0.031626,0.041923,0.000000,MOVE_JOINT
2.249000,0.502817,-0.190728,0.036349,-0.006713,-0.031689,0.042269,0.000000,MOVE_JOINT
2.250000,0.502810,-0.190759,0.036391,-0.006661,-0.031596,0.042319,0.000000,MOVE_JOINT
2.251000,0.502799,-0.190787,0.036429,-0.007671,-0.030290,0.041249,0.000000,MOVE_JOINT
2.252000,0.502789,-0.190821,0.036470,-0.008896,-0.031666,0.041036,0.000000,MOVE_JOINT
2.253000,0.502781,-0.190848,0.036509,-0.008907,-0.030120,0.039927,0.000000,MOVE_JOINT
2.254000,0.502770,-0.190879,0.036548,-0.009049,-0.029902,0.039770,0.000000,MOVE_JOINT
2.255000,0.502761,-0.190911,0.036591,-0.008760,-0.030548,0.040683,0.000000,MOVE_JOINT
2.256000,0.502752,-0.190940,0.036629,-0.008436,-0.029641,0.040098,0.000000,MOVE_JOINT
2.257000,0.502746,-0.190973,0.036673,-0.007101,-0.030789,0.041567,0.000000,MOVE_JOINT
2.258000,0.502741,-0.191001,0.036715,-0.006574,-0.029744,0.041287,0.000000,MOVE_JOINT
2.259000,0.502733,-0.191034,0.036754,-0.006252,-0.030063,0.040776,0.000000,MOVE_JOINT
2.260000,0.502733,-0.191062,0.036798,-0.004272,-0.029448,0.041826,0.000000,MOVE_JOINT
2.261000,0.502726,-0.191087,0.036837,-0.004980,-0.028089,0.040802,0.000000,MOVE_JOINT
2.262000,0.502718,-0.191116,0.036877,-0.005805,-0.027819,0.040117,0.000000,MOVE_JOINT
2.263000,0.502712,-0.191144,0.036918,-0.006148,-0.028052,0.040502,0.000000,MOVE_JOINT
2.264000,0.502711,-0.191173,0.036962,-0.004461,-0.028929,0.042064,0.000000,MOVE_JOINT
2.265000,0.502703,-0.191197,0.036999,-0.005262,-0.027049,0.040440,0.000000,MOVE_JOINT
2.266000,0.502698,-0.191224,0.037039,-0.006212,-0.026702,0.039458,0.000000,MOVE_JOINT
2.267000,0.502690,-0.191256,0.037077,-0.006584,-0.027871,0.039240,0.000000,MOVE_JOINT
2.268000,0.502679,-0.191287,0.037114,-0.008027,-0.028332,0.038005,0.000000,MOVE_JOINT
2.269000,0.502674,-0.191314,0.037154,-0.006066,-0.027746,0.039134,0.000000,MOVE_JOINT
2.270000,0.502668,-0.191348,0.037194,-0.005686,-0.029075,0.039609,0.000000,MOVE_JOINT
2.271000,0.502662,-0.191378,0.037234,-0.005788,-0.028799,0.039448,0.000000,MOVE_JOINT
2.272000,0.502657,-0.191404,0.037272,-0.005451,-0.028211,0.039404,0.000000,MOVE_JOINT
2.273000,0.502651,-0.191436,0.037313,-0.006066,-0.029172,0.039342,0.000000,MOVE_JOINT
2.274000,0.502652,-0.191459,0.037351,-0.004092,-0.026535,0.038659,0.000000,MOVE_JOINT
2.275000,0.502647,-0.191484,0.037388,-0.004070,-0.026054,0.038166,0.000000,MOVE_JOINT
2.276000,0.502650,-0.191511,0.037431,-0.002505,-0.026358,0.039387,0.000000,MOVE_JOINT
2.277000,0.502650,-0.191538,0.037472,-0.001490,-0.026805,0.039850,0.000000,MOVE_JOINT
2.278000,0.502653,-0.191564,0.037515,-0.000816,-0.026380,0.040487,0.000000,MOVE_JOINT
2.279000,0.502656,-0.191592,0.037557,-0.000229,-0.026676,0.040379,0.000000,MOVE_JOINT
2.280000,0.502655,-0.191619,0.037595,-0.000105,-0.026466,0.040026,0.000000,MOVE_JOINT
2.281000,0.502659,-0.191644,0.037636,0.000505,-0.026268,0.039685,0.000000,MOVE_JOINT
2.282000,0.502655,-0.191675,0.037675,0.000153,-0.027771,0.039953,0.000000,MOVE_JOINT
2.283000,0.502659,-0.191706,0.037718,0.001440,-0.028512,0.041112,0.000000,MOVE_JOINT
2.284000,0.502660,-0.191733,0.037759,0.000968,-0.028306,0.040987,0.000000,MOVE_JOINT
2.285000,0.502667,-0.191762,0.037804,0.002619,-0.029207,0.042573,0.000000,MOVE_JOINT
2.286000,0.502666,-0.191791,0.037844,0.001560,-0.029109,0.041733,0.000000,MOVE_JOINT
2.287000,0.502671,-0.191819,0.037887,0.002808,-0.028663,0.042181,0.000000,MOVE_JOINT
2.288000,0.502674,-0.191846,0.037928,0.003196,-0.028821,0.042340,0.000000,MOVE_JOINT
2.289000,0.502677,-0.191877,0.037971,0.003510,-0.029344,0.042605,0.000000,MOVE_JOINT
2.290000,0.502682,-0.191902,0.038014,0.004687,-0.028015,0.043035,0.000000,MOVE_JOINT
2.291000,0.502689,-0.191931,0.038059,0.004851,-0.028117,0.043276,0.000000,MOVE_JOINT
2.292000,0.502694,-0.191963,0.038103,0.004592,-0.029690,0.043876,0.000000,MOVE_JOINT
2.293000,0.502699,-0.191990,0.038147,0.005445,-0.028736,0.044147,0.000000,MOVE_JOINT
2.294000,0.502703,-0.192020,0.038193,0.004385,-0.029406,0.044085,0.000000,MOVE_JOINT
2.295000,0.502708,-0.192046,0.038233,0.005102,-0.027647,0.043067,0.000000,MOVE_JOINT
2.296000,0.502708,-0.192077,0.038274,0.004073,-0.028616,0.042417,0.000000,MOVE_JOINT
2.297000,0.502716,-0.192098,0.038316,0.004993,-0.025847,0.042030,0.000000,MOVE_JOINT
2.298000,0.502717,-0.192123,0.038354,0.004006,-0.025759,0.041028,0.000000,MOVE_JOINT
2.299000,0.502726,-0.192150,0.038400,0.004924,-0.026330,0.042650,0.000000,MOVE_JOINT
2.300000,0.502737,-0.192179,0.038448,0.006947,-0.026706,0.044164,0.000000,MOVE_JOINT
2.301000,0.502742,-0.192204,0.038491,0.006202,-0.026989,0.043962,0.000000,MOVE_JOINT
2.302000,0.502749,-0.192229,0.038535,0.006375,-0.026420,0.044013,0.000000,MOVE_JOINT
2.303000,0.502756,-0.192252,0.038577,0.006348,-0.025597,0.043722,0.000000,MOVE_JOINT
2.304000,0.502764,-0.192277,0.038621,0.005730,-0.025506,0.043328,0.000000,MOVE_JOINT
2.305000,0.502773,-0.192307,0.038668,0.006286,-0.026789,0.044267,0.000000,MOVE_JOINT
2.306000,0.502777,-0.192332,0.038711,0.005159,-0.025921,0.043123,0.000000,MOVE_JOINT
2.307000,0.502786,-0.192360,0.038757,0.005774,-0.026457,0.043700,0.000000,MOVE_JOINT
2.308000,0.502792,-0.192385,0.038799,0.005514,-0.025578,0.042877,0.000000,MOVE_JOINT
2.309000,0.502792,-0.192414,0.038842,0.003713,-0.026780,0.042714,0.000000,MOVE_JOINT
2.310000,0.502796,-0.192439,0.038884,0.004203,-0.026347,0.042490,0.000000,MOVE_JOINT
2.311000,0.502800,-0.192463,0.038925,0.004337,-0.025426,0.042204,0.000000,MOVE_JOINT
2.312000,0.502802,-0.192487,0.038966,0.003108,-0.025449,0.041469,0.000000,MOVE_JOINT
2.313000,0.502808,-0.192510,0.039009,0.003450,-0.025105,0.042051,0.000000,MOVE_JOINT
2.314000,0.502812,-0.192530,0.039051,0.003002,-0.023594,0.041712,0.000000,MOVE_JOINT
2.315000,0.502823,-0.192555,0.039098,0.004614,-0.023629,0.042950,0.000000,MOVE_JOINT
2.316000,0.502828,-0.192580,0.039140,0.004300,-0.024517,0.042793,0.000000,MOVE_JOINT
2.317000,0.502836,-0.192602,0.039184,0.004992,-0.023665,0.042831,0.000000,MOVE_JOINT
2.318000,0.502841,-0.192628,0.039226,0.005306,-0.024682,0.043175,0.000000,MOVE_JOINT
2.319000,0.502845,-0.192655,0.039268,0.004888,-0.025249,0.042766,0.000000,MOVE_JOINT
2.320000,0.502849,-0.192677,0.039308,0.004341,-0.024646,0.042152,0.000000,MOVE_JOINT
2.321000,0.502851,-0.192700,0.039346,0.003504,-0.023902,0.041121,0.000000,MOVE_JOINT
2.322000,0.502856,-0.192721,0.039387,0.004193,-0.023294,0.041216,0.000000,MOVE_JOINT
2.323000,0.502865,-0.192741,0.039430,0.005886,-0.022062,0.041741,0.000000,MOVE_JOINT
2.324000,0.502872,-0.192763,0.039473,0.006369,-0.023062,0.042785,0.000000,MOVE_JOINT
2.325000,0.502878,-0.192786,0.039515,0.005913,-0.023530,0.042730,0.000000,MOVE_JOINT
2.326000,0.502888,-0.192810,0.039560,0.007130,-0.024106,0.043382,0.000000,MOVE_JOINT
2.327000,0.502898,-0.192828,0.039602,0.008842,-0.022059,0.043282,0.000000,MOVE_JOINT
2.328000,0.502907,-0.192852,0.039646,0.008209,-0.022746,0.043367,0.000000,MOVE_JOINT
2.329000,0.502912,-0.192875,0.039687,0.007802,-0.022801,0.043357,0.000000,MOVE_JOINT
2.330000,0.502922,-0.192898,0.039733,0.008554,-0.022642,0.043828,0.000000,MOVE_JOINT
2.331000,0.502924,-0.192921,0.039771,0.006652,-0.022711,0.042481,0.000000,MOVE_JOINT
2.332000,0.502932,-0.192942,0.039814,0.007157,-0.021913,0.042381,0.000000,MOVE_JOINT
2.333000,0.502937,-0.192967,0.039857,0.006420,-0.022229,0.042052,0.000000,MOVE_JOINT
2.334000,0.502940,-0.192989,0.039896,0.005960,-0.021491,0.041518,0.000000,MOVE_JOINT
2.335000,0.502945,-0.193011,0.039936,0.005227,-0.021500,0.040815,0.000000,MOVE_JOINT
2.336000,0.502953,-0.193030,0.039978,0.006581,-0.020678,0.041059,0.000000,MOVE_JOINT
2.337000,0.502957,-0.193053,0.040017,0.006292,-0.021509,0.040868,0.000000,MOVE_JOINT
2.338000,0.502971,-0.193065,0.040059,0.008235,-0.018693,0.041154,0.000000,MOVE_JOINT
2.339000,0.502979,-0.193085,0.040098,0.008451,-0.019233,0.040976,0.000000,MOVE_JOINT
2.340000,0.502989,-0.193106,0.040141,0.007878,-0.020157,0.040934,0.000000,MOVE_JOINT
2.341000,0.502998,-0.193126,0.040180,0.008050,-0.020344,0.040742,0.000000,MOVE_JOINT
2.342000,0.503008,-0.193150,0.040222,0.008520,-0.022218,0.041501,0.000000,MOVE_JOINT
2.343000,0.503015,-0.193175,0.040264,0.007003,-0.023584,0.040936,0.000000,MOVE_JOINT
2.344000,0.503021,-0.193196,0.040301,0.007135,-0.022690,0.040317,0.000000,MOVE_JOINT
2.345000,0.503028,-0.193215,0.040338,0.007058,-0.021311,0.038959,0.000000,MOVE_JOINT
2.346000,0.503036,-0.193237,0.040379,0.007469,-0.021744,0.039627,0.000000,MOVE_JOINT
2.347000,0.503038,-0.193261,0.040417,0.006782,-0.022513,0.039620,0.000000,MOVE_JOINT
2.348000,0.503050,-0.193280,0.040460,0.007562,-0.021292,0.040314,0.000000,MOVE_JOINT
2.349000,0.503054,-0.193300,0.040496,0.006761,-0.020931,0.039142,0.000000,MOVE_JOINT
2.350000,0.503064,-0.193320,0.040537,0.007428,-0.020589,0.039563,0.000000,MOVE_JOINT
2.351000,0.503072,-0.193339,0.040576,0.007362,-0.020583,0.039329,0.000000,MOVE_JOINT
2.352000,0.503076,-0.193361,0.040614,0.006564,-0.021188,0.039165,0.000000,MOVE_JOINT
2.353000,0.503087,-0.193382,0.040656,0.007251,-0.021032,0.039606,0.000000,MOVE_JOINT
2.354000,0.503096,-0.193401,0.040696,0.007671,-0.020559,0.039489,0.000000,MOVE_JOINT
2.355000,0.503097,-0.193426,0.040732,0.006175,-0.021769,0.038760,0.000000,MOVE_JOINT
2.356000,0.503104,-0.193448,0.040772,0.006055,-0.021785,0.038925,0.000000,MOVE_JOINT
2.357000,0.503108,-0.193473,0.040812,0.006460,-0.022589,0.039416,0.000000,MOVE_JOINT
2.358000,0.503113,-0.193498,0.040852,0.006224,-0.023260,0.039715,0.000000,MOVE_JOINT
2.359000,0.503113,-0.193520,0.040887,0.004167,-0.022955,0.037927,0.000000,MOVE_JOINT
2.360000,0.503118,-0.193544,0.040927,0.004977,-0.022707,0.038725,0.000000,MOVE_JOINT
2.361000,0.503122,-0.193565,0.040965,0.004371,-0.022355,0.038099,0.000000,MOVE_JOINT
2.362000,0.503126,-0.193590,0.041004,0.004935,-0.023639,0.038999,0.000000,MOVE_JOINT
2.363000,0.503134,-0.193609,0.041042,0.005573,-0.022716,0.038661,0.000000,MOVE_JOINT
2.364000,0.503144,-0.193632,0.041083,0.006628,-0.022738,0.039117,0.000000,MOVE_JOINT
2.365000,0.503148,-0.193653,0.041120,0.005941,-0.022780,0.038543,0.000000,MOVE_JOINT
2.366000,0.503157,-0.193676,0.041161,0.006391,-0.022861,0.039070,0.000000,MOVE_JOINT
2.367000,0.503165,-0.193697,0.041199,0.006533,-0.022721,0.038730,0.000000,MOVE_JOINT
2.368000,0.503165,-0.193726,0.041235,0.004910,-0.024810,0.038056,0.000000,MOVE_JOINT
2.369000,0.503167,-0.193746,0.041270,0.003233,-0.023730,0.036826,0.000000,MOVE_JOINT
2.370000,0.503171,-0.193773,0.041308,0.004175,-0.024460,0.037784,0.000000,MOVE_JOINT
2.371000,0.503173,-0.193802,0.041345,0.003476,-0.026095,0.037854,0.000000,MOVE_JOINT
2.372000,0.503178,-0.193823,0.041382,0.003347,-0.025271,0.037360,0.000000,MOVE_JOINT
2.373000,0.503182,-0.193846,0.041417,0.003938,-0.024957,0.037253,0.000000,MOVE_JOINT
2.374000,0.503188,-0.193868,0.041455,0.004035,-0.023940,0.037128,0.000000,MOVE_JOINT
2.375000,0.503193,-0.193887,0.041490,0.004616,-0.022306,0.036635,0.000000,MOVE_JOINT
2.376000,0.503201,-0.193909,0.041528,0.005827,-0.022142,0.037420,0.000000,MOVE_JOINT
2.377000,0.503208,-0.193930,0.041566,0.005366,-0.022002,0.037134,0.000000,MOVE_JOINT
2.378000,0.503213,-0.193948,0.041600,0.004865,-0.021164,0.036492,0.000000,MOVE_JOINT
2.379000,0.503214,-0.193967,0.041635,0.003463,-0.020658,0.035568,0.000000,MOVE_JOINT
2.380000,0.503221,-0.193984,0.041670,0.005184,-0.019305,0.035966,0.000000,MOVE_JOINT
2.381000,0.503221,-0.194001,0.041703,0.003838,-0.018262,0.034571,0.000000,MOVE_JOINT
2.382000,0.503224,-0.194019,0.041734,0.003140,-0.018626,0.033644,0.000000,MOVE_JOINT
2.383000,0.503222,-0.194039,0.041765,0.001507,-0.018828,0.032862,0.000000,MOVE_JOINT
2.384000,0.503224,-0.194058,0.041799,0.001040,-0.018824,0.032623,0.000000,MOVE_JOINT
2.385000,0.503225,-0.194079,0.041834,0.001164,-0.019239,0.033030,0.000000,MOVE_JOINT
2.386000,0.503228,-0.194096,0.041864,0.001500,-0.018174,0.032009,0.000000,MOVE_JOINT
2.387000,0.503233,-0.194111,0.041898,0.002665,-0.016790,0.032110,0.000000,MOVE_JOINT
2.388000,0.503237,-0.194128,0.041930,0.003477,-0.017036,0.032353,0.000000,MOVE_JOINT
2.389000,0.503239,-0.194141,0.041959,0.003448,-0.015303,0.031240,0.000000,MOVE_JOINT
2.390000,0.503242,-0.194155,0.041991,0.003641,-0.014762,0.031442,0.000000,MOVE_JOINT
2.391000,0.503247,-0.194174,0.042027,0.004089,-0.016295,0.032856,0.000000,MOVE_JOINT
2.392000,0.503252,-0.194191,0.042062,0.004426,-0.016126,0.033305,0.000000,MOVE_JOINT
2.393000,0.503254,-0.194212,0.042095,0.003643,-0.017921,0.033327,0.000000,MOVE_JOINT
2.394000,0.503258,-0.194227,0.042128,0.003454,-0.017533,0.033126,0.000000,MOVE_JOINT
2.395000,0.503261,-0.194243,0.042160,0.003022,-0.017245,0.032600,0.000000,MOVE_JOINT
2.396000,0.503263,-0.194265,0.042195,0.003013,-0.018978,0.033385,0.000000,MOVE_JOINT
2.397000,0.503267,-0.194284,0.042231,0.003383,-0.018865,0.034146,0.000000,MOVE_JOINT
2.398000,0.503269,-0.194304,0.042262,0.002528,-0.019688,0.033271,0.000000,MOVE_JOINT
2.399000,0.503271,-0.194321,0.042294,0.003131,-0.018768,0.033475,0.000000,MOVE_JOINT
2.400000,0.503273,-0.194340,0.042326,0.002764,-0.018357,0.032688,0.000000,MOVE_JOINT
2.401000,0.503273,-0.194361,0.042359,0.001955,-0.019361,0.032774,0.000000,MOVE_JOINT
2.402000,0.503280,-0.194378,0.042395,0.004178,-0.017849,0.033751,0.000000,MOVE_JOINT
2.403000,0.503282,-0.194396,0.042426,0.002993,-0.018328,0.033091,0.000000,MOVE_JOINT
2.404000,0.503282,-0.194418,0.042459,0.002428,-0.019587,0.033251,0.000000,MOVE_JOINT
2.405000,0.503283,-0.194435,0.042489,0.001597,-0.019097,0.032431,0.000000,MOVE_JOINT
2.406000,0.503283,-0.194455,0.042521,0.001225,-0.019399,0.032478,0.000000,MOVE_JOINT
2.407000,0.503288,-0.194475,0.042555,0.001528,-0.019691,0.032894,0.000000,MOVE_JOINT
2.408000,0.503292,-0.194498,0.042590,0.001744,-0.020972,0.033391,0.000000,MOVE_JOINT
2.409000,0.503294,-0.194513,0.042621,0.002008,-0.019611,0.032830,0.000000,MOVE_JOINT
2.410000,0.503295,-0.194537,0.042655,0.001083,-0.021170,0.032643,0.000000,MOVE_JOINT
2.411000,0.503296,-0.194559,0.042688,0.001097,-0.021341,0.032951,0.000000,MOVE_JOINT
2.412000,0.503295,-0.194583,0.042721,0.000100,-0.021988,0.032453,0.000000,MOVE_JOINT
2.413000,0.503295,-0.194600,0.042751,0.000601,-0.020703,0.032240,0.000000,MOVE_JOINT
2.414000,0.503294,-0.194624,0.042783,0.000166,-0.021300,0.032312,0.000000,MOVE_JOINT
2.415000,0.503293,-0.194641,0.042810,-0.000532,-0.020594,0.031066,0.000000,MOVE_JOINT
2.416000,0.503297,-0.194663,0.042844,0.000843,-0.021053,0.032013,0.000000,MOVE_JOINT
2.417000,0.503302,-0.194683,0.042877,0.001737,-0.020697,0.032099,0.000000,MOVE_JOINT
2.418000,0.503305,-0.194706,0.042911,0.001328,-0.021368,0.032518,0.000000,MOVE_JOINT
2.419000,0.503309,-0.194725,0.042945,0.002552,-0.020696,0.033269,0.000000,MOVE_JOINT
2.420000,0.503312,-0.194742,0.042976,0.002583,-0.019545,0.032548,0.000000,MOVE_JOINT
2.421000,0.503314,-0.194762,0.043008,0.002641,-0.019955,0.032671,0.000000,MOVE_JOINT
2.422000,0.503318,-0.194782,0.043043,0.003699,-0.019372,0.033561,0.000000,MOVE_JOINT
2.423000,0.503318,-0.194800,0.043074,0.002106,-0.018962,0.032285,0.000000,MOVE_JOINT
2.424000,0.503323,-0.194825,0.043111,0.003521,-0.020653,0.034096,0.000000,MOVE_JOINT
2.425000,0.503323,-0.194849,0.043144,0.002476,-0.021529,0.033608,0.000000,MOVE_JOINT
2.426000,0.503326,-0.194869,0.043177,0.002162,-0.021130,0.033116,0.000000,MOVE_JOINT
2.427000,0.503326,-0.194890,0.043208,0.001862,-0.021498,0.033025,0.000000,MOVE_JOINT
2.428000,0.503328,-0.194912,0.043242,0.001365,-0.021308,0.032914,0.000000,MOVE_JOINT
2.429000,0.503327,-0.194935,0.043273,0.000773,-0.021773,0.032826,0.000000,MOVE_JOINT
2.430000,0.503322,-0.194959,0.043301,-0.001528,-0.021931,0.030958,0.000000,MOVE_JOINT
2.431000,0.503323,-0.194979,0.043334,-0.000072,-0.021280,0.031811,0.000000,MOVE_JOINT
2.432000,0.503323,-0.195000,0.043364,0.000116,-0.021646,0.031879,0.000000,MOVE_JOINT
2.433000,0.503321,-0.195023,0.043394,-0.001449,-0.022427,0.030883,0.000000,MOVE_JOINT
2.434000,0.503322,-0.195042,0.043425,-0.000269,-0.021233,0.030868,0.000000,MOVE_JOINT
2.435000,0.503323,-0.195063,0.043458,-0.000406,-0.021708,0.031376,0.000000,MOVE_JOINT
2.436000,0.503321,-0.195089,0.043490,-0.000348,-0.023022,0.031846,0.000000,MOVE_JOINT
2.437000,0.503320,-0.195111,0.043519,-0.000731,-0.023067,0.031305,0.000000,MOVE_JOINT
2.438000,0.503322,-0.195133,0.043553,-0.000130,-0.023478,0.032328,0.000000,MOVE_JOINT
2.439000,0.503318,-0.195161,0.043587,-0.001070,-0.024941,0.032562,0.000000,MOVE_JOINT
2.440000,0.503320,-0.195186,0.043622,-0.000460,-0.025352,0.033589,0.000000,MOVE_JOINT
2.441000,0.503319,-0.195208,0.043653,-0.001299,-0.024739,0.032541,0.000000,MOVE_JOINT
2.442000,0.503322,-0.195230,0.043688,0.000152,-0.024142,0.033521,0.000000,MOVE_JOINT
2.443000,0.503325,-0.195253,0.043722,0.000948,-0.024372,0.034026,0.000000,MOVE_JOINT
2.444000,0.503326,-0.195276,0.043755,0.001070,-0.023904,0.033656,0.000000,MOVE_JOINT
2.445000,0.503325,-0.195301,0.043786,0.000593,-0.024067,0.033108,0.000000,MOVE_JOINT
2.446000,0.503328,-0.195321,0.043817,0.001418,-0.022726,0.032439,0.000000,MOVE_JOINT
2.447000,0.503327,-0.195342,0.043847,0.000602,-0.021898,0.031488,0.000000,MOVE_JOINT
2.448000,0.503325,-0.195366,0.043877,-0.000275,-0.022078,0.030631,0.000000,MOVE_JOINT
2.449000,0.503323,-0.195386,0.043906,-0.000495,-0.021653,0.030423,0.000000,MOVE_JOINT
2.450000,0.503325,-0.195406,0.043937,-0.000061,-0.020823,0.030155,0.000000,MOVE_JOINT
2.451000,0.503327,-0.195428,0.043968,0.000613,-0.020814,0.030065,0.000000,MOVE_JOINT
2.452000,0.503326,-0.195447,0.043997,0.000045,-0.020210,0.029305,0.000000,MOVE_JOINT
2.453000,0.503327,-0.195467,0.044026,0.000061,-0.019688,0.029525,0.000000,MOVE_JOINT
2.454000,0.503328,-0.195490,0.044057,-0.000230,-0.020994,0.029660,0.000000,MOVE_JOINT
2.455000,0.503330,-0.195506,0.044086,0.000456,-0.018989,0.029496,0.000000,MOVE_JOINT
2.456000,0.503333,-0.195527,0.044119,0.000917,-0.019615,0.030089,0.000000,MOVE_JOINT
2.457000,0.503336,-0.195549,0.044151,0.000622,-0.020527,0.030405,0.000000,MOVE_JOINT
2.458000,0.503341,-0.195572,0.044185,0.001528,-0.021686,0.031196,0.000000,MOVE_JOINT
2.459000,0.503348,-0.195591,0.044219,0.003420,-0.020847,0.032053,0.000000,MOVE_JOINT
2.460000,0.503348,-0.195613,0.044248,0.002581,-0.021138,0.031308,0.000000,MOVE_JOINT
2.461000,0.503351,-0.195635,0.044280,0.002324,-0.021299,0.031213,0.000000,MOVE_JOINT
2.462000,0.503356,-0.195654,0.044312,0.002462,-0.020528,0.031411,0.000000,MOVE_JOINT
2.463000,0.503357,-0.195676,0.044344,0.002008,-0.021058,0.031531,0.000000,MOVE_JOINT
2.464000,0.503362,-0.195696,0.044377,0.002615,-0.020829,0.031699,0.000000,MOVE_JOINT
2.465000,0.503361,-0.195715,0.044405,0.001114,-0.020602,0.030575,0.000000,MOVE_JOINT
2.466000,0.503362,-0.195733,0.044435,0.001096,-0.020187,0.030744,0.000000,MOVE_JOINT
2.467000,0.503365,-0.195751,0.044466,0.001359,-0.019695,0.030670,0.000000,MOVE_JOINT
2.468000,0.503364,-0.195769,0.044493,0.001100,-0.018670,0.029854,0.000000,MOVE_JOINT
2.469000,0.503362,-0.195789,0.044522,0.000608,-0.018568,0.029609,0.000000,MOVE_JOINT
2.470000,0.503365,-0.195806,0.044553,0.001756,-0.018282,0.030260,0.000000,MOVE_JOINT
2.471000,0.503366,-0.195822,0.044581,0.001435,-0.017368,0.029780,0.000000,MOVE_JOINT
2.472000,0.503367,-0.195840,0.044610,0.001001,-0.017857,0.029580,0.000000,MOVE_JOINT
2.473000,0.503372,-0.195857,0.044641,0.002384,-0.016808,0.030065,0.000000,MOVE_JOINT
2.474000,0.503378,-0.195876,0.044673,0.003231,-0.017052,0.029826,0.000000,MOVE_JOINT
2.475000,0.503379,-0.195891,0.044700,0.002969,-0.016565,0.029287,0.000000,MOVE_JOINT
2.476000,0.503381,-0.195911,0.044731,0.003573,-0.017399,0.030085,0.000000,MOVE_JOINT
2.477000,0.503387,-0.195929,0.044762,0.003938,-0.017316,0.029929,0.000000,MOVE_JOINT
2.478000,0.503395,-0.195945,0.044793,0.004975,-0.016662,0.030325,0.000000,MOVE_JOINT
2.479000,0.503396,-0.195965,0.044823,0.003546,-0.017594,0.030076,0.000000,MOVE_JOINT
2.480000,0.503401,-0.195979,0.044852,0.004129,-0.016328,0.029574,0.000000,MOVE_JOINT
2.481000,0.503406,-0.195994,0.044882,0.004346,-0.015794,0.029819,0.000000,MOVE_JOINT
2.482000,0.503410,-0.196013,0.044912,0.004108,-0.016564,0.029714,0.000000,MOVE_JOINT
2.483000,0.503415,-0.196030,0.044943,0.004587,-0.016054,0.029975,0.000000,MOVE_JOINT
2.484000,0.503415,-0.196048,0.044971,0.003506,-0.017133,0.029650,0.000000,MOVE_JOINT
2.485000,0.503421,-0.196062,0.045000,0.003707,-0.016540,0.029401,0.000000,MOVE_JOINT
2.486000,0.503423,-0.196074,0.045026,0.003332,-0.015565,0.028463,0.000000,MOVE_JOINT
2.487000,0.503425,-0.196089,0.045054,0.002828,-0.015378,0.028337,0.000000,MOVE_JOINT
2.488000,0.503425,-0.196103,0.045079,0.002418,-0.015410,0.027743,0.000000,MOVE_JOINT
2.489000,0.503425,-0.196119,0.045106,0.001813,-0.015572,0.027217,0.000000,MOVE_JOINT
2.490000,0.503431,-0.196135,0.045135,0.002176,-0.015758,0.027514,0.000000,MOVE_JOINT
2.491000,0.503427,-0.196149,0.045158,0.000429,-0.015482,0.026259,0.000000,MOVE_JOINT
2.492000,0.503431,-0.196164,0.045187,0.001532,-0.014877,0.026912,0.000000,MOVE_JOINT
2.493000,0.503431,-0.196182,0.045213,0.000907,-0.016229,0.026509,0.000000,MOVE_JOINT
2.494000,0.503434,-0.196196,0.045240,0.001607,-0.015431,0.026377,0.000000,MOVE_JOINT
2.495000,0.503440,-0.196215,0.045272,0.002395,-0.016823,0.027593,0.000000,MOVE_JOINT
2.496000,0.503438,-0.196230,0.045295,0.000992,-0.016294,0.026014,0.000000,MOVE_JOINT
2.497000,0.503442,-0.196243,0.045322,0.001261,-0.015441,0.026353,0.000000,MOVE_JOINT
2.498000,0.503448,-0.196259,0.045351,0.002607,-0.015003,0.027344,0.000000,MOVE_JOINT
2.499000,0.503445,-0.196274,0.045376,0.000529,-0.015208,0.026305,0.000000,MOVE_JOINT
2.500000,0.503449,-0.196293,0.045406,0.001437,-0.016127,0.027409,0.000000,MOVE_JOINT
2.501000,0.503449,-0.196306,0.045432,0.001130,-0.014847,0.026922,0.000000,MOVE_JOINT
2.502000,0.503449,-0.196322,0.045459,0.000926,-0.014542,0.026564,0.000000,MOVE_JOINT
2.503000,0.503448,-0.196340,0.045485,-0.000129,-0.016052,0.026520,0.000000,MOVE_JOINT
2.504000,0.503447,-0.196353,0.045509,-0.000313,-0.014703,0.025824,0.000000,MOVE_JOINT
2.505000,0.503449,-0.196368,0.045536,0.000813,-0.014339,0.026065,0.000000,MOVE_JOINT
2.506000,0.503444,-0.196385,0.045559,-0.000945,-0.014809,0.024894,0.000000,MOVE_JOINT
2.507000,0.503442,-0.196399,0.045583,-0.000291,-0.014608,0.024939,0.000000,MOVE_JOINT
2.508000,0.503441,-0.196413,0.045606,-0.000868,-0.014070,0.024529,0.000000,MOVE_JOINT
2.509000,0.503439,-0.196433,0.045632,-0.001522,-0.015929,0.024512,0.000000,MOVE_JOINT
2.510000,0.503440,-0.196445,0.045657,-0.001453,-0.015244,0.024387,0.000000,MOVE_JOINT
2.511000,0.503437,-0.196459,0.045678,-0.001515,-0.015162,0.023617,0.000000,MOVE_JOINT
2.512000,0.503437,-0.196474,0.045703,-0.001557,-0.014956,0.023941,0.000000,MOVE_JOINT
2.513000,0.503437,-0.196491,0.045730,-0.001197,-0.016057,0.024756,0.000000,MOVE_JOINT
2.514000,0.503436,-0.196509,0.045754,-0.000593,-0.016694,0.025011,0.000000,MOVE_JOINT
2.515000,0.503440,-0.196525,0.045784,0.000663,-0.016332,0.026027,0.000000,MOVE_JOINT
2.516000,0.503442,-0.196539,0.045809,0.000923,-0.015672,0.025710,0.000000,MOVE_JOINT
2.517000,0.503439,-0.196554,0.045830,0.000187,-0.015519,0.024649,0.000000,MOVE_JOINT
2.518000,0.503438,-0.196567,0.045854,0.000157,-0.015114,0.024699,0.000000,MOVE_JOINT
2.519000,0.503436,-0.196581,0.045876,-0.001062,-0.014803,0.023234,0.000000,MOVE_JOINT
2.520000,0.503438,-0.196595,0.045901,0.000114,-0.014705,0.024329,0.000000,MOVE_JOINT
2.521000,0.503438,-0.196608,0.045924,0.000648,-0.013978,0.024129,0.000000,MOVE_JOINT
2.522000,0.503436,-0.196626,0.045949,0.000318,-0.014972,0.024134,0.000000,MOVE_JOINT
2.523000,0.503434,-0.196639,0.045969,-0.000647,-0.014566,0.023267,0.000000,MOVE_JOINT
2.524000,0.503435,-0.196652,0.045994,0.000331,-0.014434,0.024089,0.000000,MOVE_JOINT
2.525000,0.503432,-0.196666,0.046015,-0.000769,-0.015023,0.023473,0.000000,MOVE_JOINT
2.526000,0.503430,-0.196678,0.046037,-0.001700,-0.014450,0.022472,0.000000,MOVE_JOINT
2.527000,0.503426,-0.196692,0.046059,-0.002251,-0.014138,0.022332,0.000000,MOVE_JOINT
2.528000,0.503422,-0.196712,0.046081,-0.003130,-0.015993,0.022272,0.000000,MOVE_JOINT
2.529000,0.503420,-0.196727,0.046105,-0.003187,-0.015621,0.022415,0.000000,MOVE_JOINT
2.530000,0.503414,-0.196737,0.046123,-0.003172,-0.014406,0.021812,0.000000,MOVE_JOINT
2.531000,0.503412,-0.196752,0.046145,-0.003030,-0.014295,0.021583,0.000000,MOVE_JOINT
2.532000,0.503409,-0.196769,0.046167,-0.003532,-0.015127,0.021476,0.000000,MOVE_JOINT
2.533000,0.503404,-0.196785,0.046188,-0.004113,-0.015244,0.021420,0.000000,MOVE_JOINT
2.534000,0.503403,-0.196800,0.046212,-0.003843,-0.015536,0.022081,0.000000,MOVE_JOINT
2.535000,0.503400,-0.196815,0.046234,-0.003415,-0.015893,0.022359,0.000000,MOVE_JOINT
2.536000,0.503399,-0.196829,0.046257,-0.002956,-0.015719,0.022530,0.000000,MOVE_JOINT
2.537000,0.503396,-0.196846,0.046278,-0.002996,-0.016394,0.021944,0.000000,MOVE_JOINT
2.538000,0.503397,-0.196861,0.046301,-0.001969,-0.015848,0.022152,0.000000,MOVE_JOINT
2.539000,0.503400,-0.196878,0.046327,0.000611,-0.016013,0.023940,0.000000,MOVE_JOINT
2.540000,0.503397,-0.196892,0.046348,-0.000949,-0.015637,0.022606,0.000000,MOVE_JOINT
2.541000,0.503395,-0.196908,0.046372,-0.000751,-0.015341,0.023173,0.000000,MOVE_JOINT
2.542000,0.503397,-0.196923,0.046396,-0.000682,-0.015441,0.023540,0.000000,MOVE_JOINT
2.543000,0.503394,-0.196942,0.046419,-0.001018,-0.016392,0.023790,0.000000,MOVE_JOINT
2.544000,0.503399,-0.196953,0.046442,0.000700,-0.014561,0.023618,0.000000,MOVE_JOINT
2.545000,0.503395,-0.196973,0.046466,-0.000171,-0.015801,0.023406,0.000000,MOVE_JOINT
2.546000,0.503397,-0.196987,0.046490,0.000585,-0.015487,0.023640,0.000000,MOVE_JOINT
2.547000,0.503396,-0.197001,0.046511,-0.000228,-0.014728,0.022555,0.000000,MOVE_JOINT
2.548000,0.503401,-0.197015,0.046537,0.001167,-0.014216,0.023248,0.000000,MOVE_JOINT
2.549000,0.503398,-0.197032,0.046560,-0.000343,-0.015034,0.022975,0.000000,MOVE_JOINT
2.550000,0.503399,-0.197047,0.046584,-0.000013,-0.015332,0.023321,0.000000,MOVE_JOINT
2.551000,0.503391,-0.197066,0.046605,-0.001834,-0.016137,0.022383,0.000000,MOVE_JOINT
2.552000,0.503393,-0.197079,0.046629,-0.000284,-0.015359,0.023360,0.000000,MOVE_JOINT
2.553000,0.503393,-0.197092,0.046650,-0.000635,-0.014924,0.022544,0.000000,MOVE_JOINT
2.554000,0.503390,-0.197108,0.046672,-0.001061,-0.014740,0.021941,0.000000,MOVE_JOINT
2.555000,0.503391,-0.197123,0.046697,-0.000583,-0.014854,0.022809,0.000000,MOVE_JOINT
2.556000,0.503388,-0.197136,0.046717,-0.000804,-0.014207,0.022321,0.000000,MOVE_JOINT
2.557000,0.503383,-0.197155,0.046740,-0.002099,-0.015390,0.022223,0.000000,MOVE_JOINT
2.558000,0.503378,-0.197168,0.046759,-0.002594,-0.014535,0.020965,0.000000,MOVE_JOINT
2.559000,0.503376,-0.197183,0.046781,-0.001901,-0.014877,0.021593,0.000000,MOVE_JOINT
2.560000,0.503377,-0.197196,0.046804,-0.001157,-0.014553,0.021910,0.000000,MOVE_JOINT
2.561000,0.503373,-0.197209,0.046823,-0.002286,-0.014282,0.021102,0.000000,MOVE_JOINT
2.562000,0.503372,-0.197225,0.046847,-0.001865,-0.015115,0.022346,0.000000,MOVE_JOINT
2.563000,0.503368,-0.197240,0.046868,-0.001555,-0.015008,0.022456,0.000000,MOVE_JOINT
2.564000,0.503363,-0.197252,0.046886,-0.002873,-0.013727,0.020811,0.000000,MOVE_JOINT
2.565000,0.503366,-0.197268,0.046913,-0.001475,-0.014498,0.022564,0.000000,MOVE_JOINT
2.566000,0.503361,-0.197285,0.046932,-0.003013,-0.015324,0.021850,0.000000,MOVE_JOINT
2.567000,0.503360,-0.197296,0.046953,-0.002368,-0.014129,0.021269,0.000000,MOVE_JOINT
2.568000,0.503362,-0.197309,0.046975,-0.001296,-0.013891,0.021453,0.000000,MOVE_JOINT
2.569000,0.503363,-0.197323,0.046998,-0.000541,-0.014355,0.022203,0.000000,MOVE_JOINT
2.570000,0.503363,-0.197334,0.047019,-0.000540,-0.013224,0.021367,0.000000,MOVE_JOINT
2.571000,0.503363,-0.197348,0.047039,-0.000653,-0.013352,0.021216,0.000000,MOVE_JOINT
2.572000,0.503362,-0.197362,0.047062,-0.001150,-0.013949,0.021434,0.000000,MOVE_JOINT
2.573000,0.503365,-0.197374,0.047084,0.000095,-0.014115,0.022117,0.000000,MOVE_JOINT
2.574000,0.503366,-0.197386,0.047105,0.000268,-0.013219,0.021604,0.000000,MOVE_JOINT
2.575000,0.503368,-0.197402,0.047127,0.000481,-0.013694,0.021397,0.000000,MOVE_JOINT
2.576000,0.503371,-0.197416,0.047149,0.000993,-0.013668,0.021611,0.000000,MOVE_JOINT
2.577000,0.503371,-0.197432,0.047171,0.000329,-0.015045,0.021826,0.000000,MOVE_JOINT
2.578000,0.503378,-0.197440,0.047192,0.002270,-0.012771,0.021786,0.000000,MOVE_JOINT
2.579000,0.503379,-0.197454,0.047213,0.002311,-0.013625,0.022090,0.000000,MOVE_JOINT
2.580000,0.503377,-0.197467,0.047231,0.001202,-0.013273,0.020980,0.000000,MOVE_JOINT
2.581000,0.503380,-0.197478,0.047251,0.001487,-0.012742,0.020638,0.000000,MOVE_JOINT
2.582000,0.503381,-0.197491,0.047271,0.001508,-0.012426,0.020181,0.000000,MOVE_JOINT
2.583000,0.503380,-0.197503,0.047288,0.000543,-0.012198,0.019141,0.000000,MOVE_JOINT
2.584000,0.503379,-0.197519,0.047308,0.000885,-0.013489,0.019617,0.000000,MOVE_JOINT
2.585000,0.503384,-0.197528,0.047328,0.002140,-0.012121,0.019754,0.000000,MOVE_JOINT
2.586000,0.503384,-0.197541,0.047348,0.001322,-0.012277,0.019871,0.000000,MOVE_JOINT
2.587000,0.503384,-0.197557,0.047368,0.001111,-0.013868,0.020229,0.000000,MOVE_JOINT
2.588000,0.503386,-0.197569,0.047388,0.001116,-0.013441,0.019887,0.000000,MOVE_JOINT
2.589000,0.503385,-0.197583,0.047407,0.000820,-0.012991,0.019708,0.000000,MOVE_JOINT
2.590000,0.503388,-0.197593,0.047426,0.001396,-0.012822,0.019291,0.000000,MOVE_JOINT
2.591000,0.503394,-0.197603,0.047447,0.002473,-0.011410,0.019601,0.000000,MOVE_JOINT
2.592000,0.503392,-0.197617,0.047465,0.001176,-0.012193,0.019104,0.000000,MOVE_JOINT
2.593000,0.503394,-0.197627,0.047484,0.001813,-0.011883,0.019178,0.000000,MOVE_JOINT
2.594000,0.503397,-0.197640,0.047503,0.001495,-0.012529,0.018948,0.000000,MOVE_JOINT
2.595000,0.503400,-0.197649,0.047522,0.002121,-0.011801,0.019180,0.000000,MOVE_JOINT
2.596000,0.503400,-0.197662,0.047540,0.001518,-0.011189,0.018302,0.000000,MOVE_JOINT
2.597000,0.503407,-0.197673,0.047562,0.002916,-0.010787,0.019051,0.000000,MOVE_JOINT
2.598000,0.503409,-0.197687,0.047580,0.002437,-0.011817,0.018837,0.000000,MOVE_JOINT
2.599000,0.503414,-0.197694,0.047599,0.003506,-0.010108,0.018892,0.000000,MOVE_JOINT
2.600000,0.503416,-0.197707,0.047617,0.002987,-0.011653,0.018867,0.000000,MOVE_JOINT
2.601000,0.503419,-0.197715,0.047634,0.002914,-0.010351,0.017972,0.000000,MOVE_JOINT
2.602000,0.503424,-0.197726,0.047653,0.003447,-0.010888,0.018412,0.000000,MOVE_JOINT
2.603000,0.503421,-0.197737,0.047666,0.001278,-0.010367,0.016484,0.000000,MOVE_JOINT
2.604000,0.503424,-0.197751,0.047687,0.001458,-0.011727,0.017265,0.000000,MOVE_JOINT
2.605000,0.503427,-0.197760,0.047704,0.002109,-0.010984,0.017366,0.000000,MOVE_JOINT
2.606000,0.503430,-0.197769,0.047722,0.002361,-0.010385,0.017389,0.000000,MOVE_JOINT
2.607000,0.503429,-0.197781,0.047738,0.000721,-0.011485,0.017038,0.000000,MOVE_JOINT
2.608000,0.503429,-0.197792,0.047754,0.000439,-0.011781,0.016965,0.000000,MOVE_JOINT
2.609000,0.503428,-0.197805,0.047770,0.000020,-0.012412,0.016848,0.000000,MOVE_JOINT
2.610000,0.503429,-0.197819,0.047789,-0.000227,-0.013343,0.017212,0.000000,MOVE_JOINT
2.611000,0.503427,-0.197831,0.047804,-0.001571,-0.012949,0.015844,0.000000,MOVE_JOINT
2.612000,0.503429,-0.197840,0.047820,-0.000945,-0.011365,0.016064,0.000000,MOVE_JOINT
2.613000,0.503432,-0.197848,0.047837,0.000385,-0.010126,0.016159,0.000000,MOVE_JOINT
2.614000,0.503428,-0.197861,0.047851,-0.000642,-0.010251,0.015544,0.000000,MOVE_JOINT
2.615000,0.503427,-0.197876,0.047868,-0.000701,-0.011873,0.016058,0.000000,MOVE_JOINT
2.616000,0.503432,-0.197884,0.047885,0.000996,-0.010296,0.016219,0.000000,MOVE_JOINT
2.617000,0.503432,-0.197898,0.047902,0.000966,-0.011373,0.016710,0.000000,MOVE_JOINT
2.618000,0.503429,-0.197911,0.047916,-0.000783,-0.011378,0.015119,0.000000,MOVE_JOINT
2.619000,0.503434,-0.197921,0.047934,0.000626,-0.010702,0.015771,0.000000,MOVE_JOINT
2.620000,0.503437,-0.197932,0.047949,0.001308,-0.010930,0.015745,0.000000,MOVE_JOINT
2.621000,0.503443,-0.197942,0.047968,0.002961,-0.010017,0.016834,0.000000,MOVE_JOINT
2.622000,0.503446,-0.197951,0.047983,0.002710,-0.009997,0.016656,0.000000,MOVE_JOINT
2.623000,0.503446,-0.197961,0.047997,0.002733,-0.010027,0.016485,0.000000,MOVE_JOINT
2.624000,0.503451,-0.197972,0.048015,0.003234,-0.010400,0.016707,0.000000,MOVE_JOINT
2.625000,0.503451,-0.197981,0.048029,0.002754,-0.010003,0.016080,0.000000,MOVE_JOINT
2.626000,0.503451,-0.197992,0.048044,0.002211,-0.010140,0.015679,0.000000,MOVE_JOINT
2.627000,0.503458,-0.197998,0.048062,0.003245,-0.008925,0.016207,0.000000,MOVE_JOINT
2.628000,0.503459,-0.198008,0.048076,0.002404,-0.009295,0.015634,0.000000,MOVE_JOINT
2.629000,0.503464,-0.198015,0.048094,0.004006,-0.008713,0.016750,0.000000,MOVE_JOINT
2.630000,0.503461,-0.198025,0.048106,0.001191,-0.009382,0.015125,0.000000,MOVE_JOINT
2.631000,0.503461,-0.198034,0.048120,0.000802,-0.009419,0.015159,0.000000,MOVE_JOINT
2.632000,0.503468,-0.198044,0.048140,0.002023,-0.009140,0.016125,0.000000,MOVE_JOINT
2.633000,0.503467,-0.198050,0.048153,0.001556,-0.008033,0.015307,0.000000,MOVE_JOINT
2.634000,0.503467,-0.198058,0.048167,0.000692,-0.007844,0.014455,0.000000,MOVE_JOINT
2.635000,0.503472,-0.198067,0.048184,0.001858,-0.008311,0.015359,0.000000,MOVE_JOINT
2.636000,0.503476,-0.198073,0.048199,0.002662,-0.007552,0.015368,0.000000,MOVE_JOINT
2.637000,0.503475,-0.198084,0.048213,0.000883,-0.008615,0.014429,0.000000,MOVE_JOINT
2.638000,0.503476,-0.198089,0.048225,0.000701,-0.008532,0.013981,0.000000,MOVE_JOINT
2.639000,0.503479,-0.198093,0.048239,0.000947,-0.007307,0.013750,0.000000,MOVE_JOINT
2.640000,0.503485,-0.198102,0.048259,0.002435,-0.008127,0.015461,0.000000,MOVE_JOINT
2.641000,0.503485,-0.198106,0.048269,0.002544,-0.007304,0.014520,0.000000,MOVE_JOINT
2.642000,0.503485,-0.198115,0.048285,0.001767,-0.008071,0.014877,0.000000,MOVE_JOINT
2.643000,0.503486,-0.198123,0.048297,0.001635,-0.007991,0.014545,0.000000,MOVE_JOINT
2.644000,0.503491,-0.198128,0.048311,0.002043,-0.007287,0.014198,0.000000,MOVE_JOINT
2.645000,0.503491,-0.198137,0.048325,0.001521,-0.007737,0.013903,0.000000,MOVE_JOINT
2.646000,0.503490,-0.198141,0.048336,0.000778,-0.006910,0.013142,0.000000,MOVE_JOINT
2.647000,0.503495,-0.198152,0.048353,0.002207,-0.007975,0.014375,0.000000,MOVE_JOINT
2.648000,0.503493,-0.198158,0.048363,0.001522,-0.007201,0.013675,0.000000,MOVE_JOINT
2.649000,0.503493,-0.198163,0.048375,0.000827,-0.006511,0.012926,0.000000,MOVE_JOINT
2.650000,0.503491,-0.198169,0.048386,0.000584,-0.006191,0.012411,0.000000,MOVE_JOINT
2.651000,0.503490,-0.198177,0.048398,0.000690,-0.006832,0.012464,0.000000,MOVE_JOINT
2.652000,0.503491,-0.198186,0.048411,0.001040,-0.006834,0.012730,0.000000,MOVE_JOINT
2.653000,0.503493,-0.198193,0.048424,0.001090,-0.006569,0.012775,0.000000,MOVE_JOINT
2.654000,0.503491,-0.198200,0.048435,0.000815,-0.006631,0.012463,0.000000,MOVE_JOINT
2.655000,0.503493,-0.198208,0.048448,0.000878,-0.007160,0.012499,0.000000,MOVE_JOINT
2.656000,0.503495,-0.198213,0.048460,0.001511,-0.006386,0.012566,0.000000,MOVE_JOINT
2.657000,0.503494,-0.198220,0.048473,0.000942,-0.006699,0.012583,0.000000,MOVE_JOINT
2.658000,0.503497,-0.198227,0.048486,0.000990,-0.006688,0.012268,0.000000,MOVE_JOINT
2.659000,0.503497,-0.198232,0.048496,0.000540,-0.006347,0.011713,0.000000,MOVE_JOINT
2.660000,0.503495,-0.198242,0.048509,0.000170,-0.007050,0.011907,0.000000,MOVE_JOINT
2.661000,0.503497,-0.198245,0.048519,0.000983,-0.006294,0.011543,0.000000,MOVE_JOINT
2.662000,0.503499,-0.198254,0.048533,0.000346,-0.007296,0.011745,0.000000,MOVE_JOINT
2.663000,0.503499,-0.198258,0.048543,0.000404,-0.006398,0.011125,0.000000,MOVE_JOINT
2.664000,0.503498,-0.198268,0.048557,0.000120,-0.007204,0.011675,0.000000,MOVE_JOINT
2.665000,0.503501,-0.198275,0.048570,0.000653,-0.007083,0.011902,0.000000,MOVE_JOINT
2.666000,0.503503,-0.198284,0.048582,0.001079,-0.007752,0.012296,0.000000,MOVE_JOINT
2.667000,0.503503,-0.198288,0.048593,0.001254,-0.006628,0.012133,0.000000,MOVE_JOINT
2.668000,0.503501,-0.198294,0.048602,0.000638,-0.006642,0.011482,0.000000,MOVE_JOINT
2.669000,0.503501,-0.198301,0.048613,0.000568,-0.006610,0.011548,0.000000,MOVE_JOINT
2.670000,0.503501,-0.198306,0.048626,0.000536,-0.006195,0.011925,0.000000,MOVE_JOINT
2.671000,0.503500,-0.198315,0.048638,0.000319,-0.007042,0.012151,0.000000,MOVE_JOINT
2.672000,0.503499,-0.198319,0.048647,0.000463,-0.005973,0.011330,0.000000,MOVE_JOINT
2.673000,0.503498,-0.198327,0.048659,-0.000308,-0.006917,0.011415,0.000000,MOVE_JOINT
2.674000,0.503502,-0.198334,0.048673,0.000804,-0.006359,0.011596,0.000000,MOVE_JOINT
2.675000,0.503502,-0.198344,0.048686,0.000553,-0.007798,0.012404,0.000000,MOVE_JOINT
2.676000,0.503503,-0.198346,0.048696,0.000940,-0.005911,0.011368,0.000000,MOVE_JOINT
2.677000,0.503501,-0.198357,0.048708,-0.000238,-0.007630,0.011528,0.000000,MOVE_JOINT
2.678000,0.503502,-0.198365,0.048721,0.000199,-0.007537,0.011726,0.000000,MOVE_JOINT
2.679000,0.503501,-0.198374,0.048731,-0.000071,-0.008140,0.011507,0.000000,MOVE_JOINT
2.680000,0.503503,-0.198378,0.048743,0.000620,-0.007441,0.011804,0.000000,MOVE_JOINT
2.681000,0.503505,-0.198383,0.048757,0.002452,-0.006574,0.013296,0.000000,MOVE_JOINT
2.682000,0.503502,-0.198391,0.048766,0.000705,-0.007319,0.012523,0.000000,MOVE_JOINT
2.683000,0.503502,-0.198402,0.048779,0.000096,-0.008149,0.012608,0.000000,MOVE_JOINT
2.684000,0.503497,-0.198405,0.048786,-0.000945,-0.006799,0.011162,0.000000,MOVE_JOINT
2.685000,0.503498,-0.198413,0.048798,-0.000853,-0.006908,0.011370,0.000000,MOVE_JOINT
2.686000,0.503499,-0.198419,0.048809,-0.000575,-0.006814,0.011266,0.000000,MOVE_JOINT
2.687000,0.503498,-0.198426,0.048820,-0.000978,-0.006795,0.010858,0.000000,MOVE_JOINT
2.688000,0.503493,-0.198435,0.048828,-0.001417,-0.007763,0.010676,0.000000,MOVE_JOINT
2.689000,0.503493,-0.198442,0.048840,-0.001034,-0.008051,0.011090,0.000000,MOVE_JOINT
2.690000,0.503493,-0.198449,0.048851,-0.000496,-0.008230,0.011350,0.000000,MOVE_JOINT
2.691000,0.503493,-0.198453,0.048861,-0.000143,-0.007218,0.011405,0.000000,MOVE_JOINT
2.692000,0.503492,-0.198458,0.048868,-0.000732,-0.006702,0.010143,0.000000,MOVE_JOINT
2.693000,0.503490,-0.198464,0.048879,-0.000948,-0.006391,0.010198,0.000000,MOVE_JOINT
2.694000,0.503490,-0.198471,0.048890,-0.000606,-0.006173,0.010538,0.000000,MOVE_JOINT
2.695000,0.503488,-0.198480,0.048899,-0.000807,-0.006888,0.010275,0.000000,MOVE_JOINT
2.696000,0.503485,-0.198485,0.048907,-0.001015,-0.006500,0.009981,0.000000,MOVE_JOINT
2.697000,0.503484,-0.198489,0.048917,-0.001321,-0.005796,0.009433,0.000000,MOVE_JOINT
2.698000,0.503481,-0.198496,0.048924,-0.002024,-0.007018,0.009534,0.000000,MOVE_JOINT
2.699000,0.503477,-0.198505,0.048934,-0.002644,-0.007944,0.009809,0.000000,MOVE_JOINT
2.700000,0.503476,-0.198510,0.048942,-0.002891,-0.007218,0.009096,0.000000,MOVE_JOINT
2.701000,0.503477,-0.198517,0.048952,-0.002135,-0.007460,0.009220,0.000000,MOVE_JOINT
2.702000,0.503472,-0.198523,0.048959,-0.003201,-0.007102,0.008559,0.000000,MOVE_JOINT
2.703000,0.503466,-0.198530,0.048965,-0.003790,-0.007402,0.008015,0.000000,MOVE_JOINT
2.704000,0.503464,-0.198537,0.048973,-0.004007,-0.007921,0.007913,0.000000,MOVE_JOINT
2.705000,0.503462,-0.198541,0.048981,-0.003559,-0.007193,0.007913,0.000000,MOVE_JOINT
2.706000,0.503462,-0.198550,0.048992,-0.002102,-0.007309,0.008931,0.000000,MOVE_JOINT
2.707000,0.503460,-0.198554,0.048999,-0.002152,-0.006062,0.008162,0.000000,MOVE_JOINT
2.708000,0.503456,-0.198562,0.049008,-0.002140,-0.006307,0.008459,0.000000,MOVE_JOINT
2.709000,0.503453,-0.198570,0.049015,-0.002798,-0.007415,0.008019,0.000000,MOVE_JOINT
2.710000,0.503449,-0.198576,0.049023,-0.003372,-0.007188,0.007997,0.000000,MOVE_JOINT
2.711000,0.503448,-0.198579,0.049029,-0.003021,-0.006022,0.007343,0.000000,MOVE_JOINT
2.712000,0.503451,-0.198586,0.049043,-0.001288,-0.005844,0.009130,0.000000,MOVE_JOINT
2.713000,0.503448,-0.198589,0.049048,-0.001722,-0.004888,0.007829,0.000000,MOVE_JOINT
2.714000,0.503446,-0.198594,0.049054,-0.001423,-0.004884,0.007388,0.000000,MOVE_JOINT
2.715000,0.503445,-0.198600,0.049063,-0.001285,-0.004622,0.007515,0.000000,MOVE_JOINT
2.716000,0.503442,-0.198607,0.049072,-0.001654,-0.005940,0.008390,0.000000,MOVE_JOINT
2.717000,0.503439,-0.198611,0.049078,-0.002234,-0.004915,0.007465,0.000000,MOVE_JOINT
2.718000,0.503441,-0.198617,0.049089,-0.001286,-0.005611,0.008625,0.000000,MOVE_JOINT
2.719000,0.503438,-0.198622,0.049096,-0.001605,-0.005028,0.008084,0.000000,MOVE_JOINT
2.720000,0.503436,-0.198628,0.049104,-0.001434,-0.005658,0.008498,0.000000,MOVE_JOINT
2.721000,0.503433,-0.198630,0.049110,-0.001453,-0.004829,0.008276,0.000000,MOVE_JOINT
2.722000,0.503428,-0.198637,0.049116,-0.001725,-0.005983,0.008054,0.000000,MOVE_JOINT
2.723000,0.503431,-0.198640,0.049125,-0.001033,-0.005515,0.008208,0.000000,MOVE_JOINT
2.724000,0.503428,-0.198644,0.049132,-0.000896,-0.004906,0.008403,0.000000,MOVE_JOINT
2.725000,0.503430,-0.198647,0.049142,0.000368,-0.004148,0.008879,0.000000,MOVE_JOINT
2.726000,0.503427,-0.198652,0.049149,-0.000757,-0.004294,0.007997,0.000000,MOVE_JOINT
2.727000,0.503428,-0.198654,0.049155,-0.000789,-0.003910,0.007596,0.000000,MOVE_JOINT
2.728000,0.503424,-0.198660,0.049161,-0.001104,-0.004567,0.007289,0.000000,MOVE_JOINT
2.729000,0.503420,-0.198667,0.049169,-0.001305,-0.005313,0.008003,0.000000,MOVE_JOINT
2.730000,0.503424,-0.198669,0.049178,0.000029,-0.004236,0.008215,0.000000,MOVE_JOINT
2.731000,0.503421,-0.198675,0.049184,-0.001275,-0.005329,0.007548,0.000000,MOVE_JOINT
2.732000,0.503420,-0.198678,0.049192,-0.000668,-0.004083,0.007591,0.000000,MOVE_JOINT
2.733000,0.503420,-0.198684,0.049200,-0.000825,-0.004552,0.007622,0.000000,MOVE_JOINT
2.734000,0.503417,-0.198689,0.049206,-0.001373,-0.004851,0.007172,0.000000,MOVE_JOINT
2.735000,0.503420,-0.198695,0.049218,0.000213,-0.005182,0.008544,0.000000,MOVE_JOINT
2.736000,0.503416,-0.198697,0.049222,-0.000841,-0.004042,0.007008,0.000000,MOVE_JOINT
2.737000,0.503418,-0.198702,0.049231,-0.000347,-0.004437,0.007321,0.000000,MOVE_JOINT
2.738000,0.503415,-0.198707,0.049238,-0.001276,-0.004382,0.006901,0.000000,MOVE_JOINT
2.739000,0.503411,-0.198713,0.049244,-0.002246,-0.004306,0.006243,0.000000,MOVE_JOINT
2.740000,0.503411,-0.198718,0.049253,-0.001312,-0.004597,0.007302,0.000000,MOVE_JOINT
2.741000,0.503405,-0.198727,0.049258,-0.002999,-0.005724,0.006629,0.000000,MOVE_JOINT
2.742000,0.503405,-0.198728,0.049265,-0.002360,-0.004803,0.006911,0.000000,MOVE_JOINT
2.743000,0.503404,-0.198732,0.049271,-0.002115,-0.004145,0.006344,0.000000,MOVE_JOINT
2.744000,0.503407,-0.198740,0.049284,-0.000454,-0.005360,0.008194,0.000000,MOVE_JOINT
2.745000,0.503403,-0.198745,0.049289,-0.001097,-0.005164,0.007765,0.000000,MOVE_JOINT
2.746000,0.503404,-0.198748,0.049298,-0.000593,-0.004439,0.007565,0.000000,MOVE_JOINT
2.747000,0.503401,-0.198754,0.049304,-0.001600,-0.005226,0.007208,0.000000,MOVE_JOINT
2.748000,0.503394,-0.198762,0.049310,-0.003429,-0.005643,0.006543,0.000000,MOVE_JOINT
2.749000,0.503395,-0.198763,0.049315,-0.003162,-0.004848,0.006033,0.000000,MOVE_JOINT
2.750000,0.503393,-0.198770,0.049324,-0.003177,-0.005547,0.006878,0.000000,MOVE_JOINT
2.751000,0.503393,-0.198773,0.049331,-0.002255,-0.005190,0.006990,0.000000,MOVE_JOINT
2.752000,0.503389,-0.198782,0.049338,-0.002983,-0.006679,0.007133,0.000000,MOVE_JOINT
2.753000,0.503385,-0.198786,0.049343,-0.003241,-0.005494,0.006101,0.000000,MOVE_JOINT
2.754000,0.503383,-0.198791,0.049349,-0.002649,-0.005015,0.006160,0.000000,MOVE_JOINT
2.755000,0.503381,-0.198797,0.049356,-0.003337,-0.005703,0.005929,0.000000,MOVE_JOINT
2.756000,0.503376,-0.198801,0.049361,-0.003188,-0.004965,0.005747,0.000000,MOVE_JOINT
2.757000,0.503375,-0.198805,0.049369,-0.002819,-0.004751,0.006272,0.000000,MOVE_JOINT
2.758000,0.503370,-0.198813,0.049375,-0.003427,-0.005275,0.006099,0.000000,MOVE_JOINT
2.759000,0.503363,-0.198820,0.049379,-0.004781,-0.005739,0.005374,0.000000,MOVE_JOINT
2.760000,0.503367,-0.198818,0.049386,-0.002324,-0.003316,0.005451,0.000000,MOVE_JOINT
2.761000,0.503365,-0.198826,0.049392,-0.002535,-0.004968,0.005821,0.000000,MOVE_JOINT
2.762000,0.503364,-0.198823,0.049396,-0.002245,-0.003252,0.005468,0.000000,MOVE_JOINT
2.763000,0.503362,-0.198829,0.049403,-0.002421,-0.004674,0.005690,0.000000,MOVE_JOINT
2.764000,0.503361,-0.198833,0.049408,-0.001926,-0.003928,0.005496,0.000000,MOVE_JOINT
2.765000,0.503357,-0.198838,0.049415,-0.001714,-0.003986,0.006031,0.000000,MOVE_JOINT
2.766000,0.503353,-0.198841,0.049418,-0.001734,-0.003535,0.005532,0.000000,MOVE_JOINT
2.767000,0.503349,-0.198844,0.049421,-0.002448,-0.003508,0.005152,0.000000,MOVE_JOINT
2.768000,0.503349,-0.198849,0.049427,-0.002477,-0.004282,0.005246,0.000000,MOVE_JOINT
2.769000,0.503346,-0.198853,0.049433,-0.002842,-0.004159,0.005447,0.000000,MOVE_JOINT
2.770000,0.503346,-0.198855,0.049441,-0.002355,-0.003582,0.005882,0.000000,MOVE_JOINT
2.771000,0.503341,-0.198863,0.049444,-0.002491,-0.004928,0.005754,0.000000,MOVE_JOINT
2.772000,0.503341,-0.198865,0.049452,-0.001744,-0.004371,0.006320,0.000000,MOVE_JOINT
2.773000,0.503333,-0.198870,0.049455,-0.003763,-0.004834,0.005196,0.000000,MOVE_JOINT
2.774000,0.503331,-0.198878,0.049462,-0.003492,-0.005486,0.005759,0.000000,MOVE_JOINT
2.775000,0.503329,-0.198880,0.049467,-0.002610,-0.004409,0.005791,0.000000,MOVE_JOINT
2.776000,0.503322,-0.198885,0.049472,-0.003539,-0.004443,0.005512,0.000000,MOVE_JOINT
2.777000,0.503319,-0.198891,0.049477,-0.004211,-0.004506,0.005065,0.000000,MOVE_JOINT
2.778000,0.503318,-0.198891,0.049483,-0.002899,-0.003519,0.005845,0.000000,MOVE_JOINT
2.779000,0.503312,-0.198898,0.049486,-0.003804,-0.004402,0.005164,0.000000,MOVE_JOINT
2.780000,0.503307,-0.198900,0.049491,-0.004154,-0.003510,0.005078,0.000000,MOVE_JOINT
2.781000,0.503306,-0.198908,0.049498,-0.003375,-0.004801,0.005588,0.000000,MOVE_JOINT
2.782000,0.503301,-0.198911,0.049500,-0.003763,-0.004333,0.004682,0.000000,MOVE_JOINT
2.783000,0.503297,-0.198914,0.049506,-0.003685,-0.003880,0.004880,0.000000,MOVE_JOINT
2.784000,0.503296,-0.198919,0.049514,-0.002821,-0.004390,0.006101,0.000000,MOVE_JOINT
2.785000,0.503293,-0.198921,0.049519,-0.002667,-0.003928,0.005837,0.000000,MOVE_JOINT
2.786000,0.503286,-0.198928,0.049522,-0.004220,-0.004993,0.005222,0.000000,MOVE_JOINT
2.787000,0.503283,-0.198934,0.049528,-0.003963,-0.004978,0.005407,0.000000,MOVE_JOINT
2.788000,0.503280,-0.198939,0.049534,-0.003802,-0.004896,0.005387,0.000000,MOVE_JOINT
2.789000,0.503277,-0.198943,0.049540,-0.004011,-0.004884,0.005305,0.000000,MOVE_JOINT
2.790000,0.503276,-0.198951,0.049547,-0.002555,-0.005576,0.006141,0.000000,MOVE_JOINT
2.791000,0.503273,-0.198955,0.049552,-0.002413,-0.005469,0.006011,0.000000,MOVE_JOINT
2.792000,0.503272,-0.198961,0.049559,-0.002174,-0.006186,0.006471,0.000000,MOVE_JOINT
2.793000,0.503268,-0.198967,0.049565,-0.002713,-0.006074,0.006352,0.000000,MOVE_JOINT
2.794000,0.503267,-0.198970,0.049571,-0.001949,-0.005463,0.006133,0.000000,MOVE_JOINT
2.795000,0.503266,-0.198976,0.049577,-0.001674,-0.005331,0.006404,0.000000,MOVE_JOINT
2.796000,0.503262,-0.198983,0.049584,-0.002462,-0.006379,0.006300,0.000000,MOVE_JOINT
2.797000,0.503261,-0.198988,0.049589,-0.002267,-0.005907,0.006142,0.000000,MOVE_JOINT
2.798000,0.503257,-0.198995,0.049594,-0.002482,-0.006107,0.005947,0.000000,MOVE_JOINT
2.799000,0.503259,-0.199000,0.049604,-0.001127,-0.005565,0.006703,0.000000,MOVE_JOINT
2.800000,0.503257,-0.199004,0.049608,-0.001378,-0.004840,0.005991,0.000000,MOVE_JOINT
2.801000,0.503255,-0.199011,0.049616,-0.001091,-0.005527,0.006678,0.000000,MOVE_JOINT
2.802000,0.503250,-0.199023,0.049624,-0.002382,-0.007490,0.007109,0.000000,MOVE_JOINT
2.803000,0.503247,-0.199026,0.049628,-0.002600,-0.005964,0.006263,0.000000,MOVE_JOINT
2.804000,0.503241,-0.199033,0.049633,-0.003300,-0.006565,0.005962,0.000000,MOVE_JOINT
2.805000,0.503238,-0.199036,0.049638,-0.003115,-0.005550,0.005947,0.000000,MOVE_JOINT
2.806000,0.503232,-0.199045,0.049642,-0.004334,-0.006938,0.005585,0.000000,MOVE_JOINT
2.807000,0.503236,-0.199050,0.049651,-0.002442,-0.006876,0.006652,0.000000,MOVE_JOINT
2.808000,0.503230,-0.199055,0.049655,-0.003376,-0.006596,0.005999,0.000000,MOVE_JOINT
2.809000,0.503232,-0.199060,0.049664,-0.000725,-0.005583,0.007118,0.000000,MOVE_JOINT
2.810000,0.503225,-0.199065,0.049668,-0.002485,-0.005129,0.005883,0.000000,MOVE_JOINT
2.811000,0.503225,-0.199069,0.049676,-0.001342,-0.004661,0.006577,0.000000,MOVE_JOINT
2.812000,0.503220,-0.199074,0.049680,-0.003173,-0.005248,0.005460,0.000000,MOVE_JOINT
2.813000,0.503220,-0.199080,0.049687,-0.002576,-0.004976,0.005517,0.000000,MOVE_JOINT
2.814000,0.503213,-0.199086,0.049691,-0.003984,-0.004807,0.004693,0.000000,MOVE_JOINT
2.815000,0.503214,-0.199091,0.049699,-0.002294,-0.004722,0.005497,0.000000,MOVE_JOINT
2.816000,0.503210,-0.199095,0.049703,-0.003042,-0.004636,0.004888,0.000000,MOVE_JOINT
2.817000,0.503213,-0.199098,0.049709,-0.001730,-0.003617,0.004735,0.000000,MOVE_JOINT
2.818000,0.503210,-0.199105,0.049717,-0.001438,-0.004278,0.005665,0.000000,MOVE_JOINT
2.819000,0.503211,-0.199107,0.049724,-0.000336,-0.003394,0.006066,0.000000,MOVE_JOINT
2.820000,0.503204,-0.199114,0.049727,-0.002814,-0.004244,0.004851,0.000000,MOVE_JOINT
2.821000,0.503207,-0.199116,0.049736,-0.001369,-0.004015,0.005793,0.000000,MOVE_JOINT
2.822000,0.503201,-0.199119,0.049739,-0.002499,-0.003174,0.004968,0.000000,MOVE_JOINT
2.823000,0.503203,-0.199126,0.049747,-0.001344,-0.004368,0.005711,0.000000,MOVE_JOINT
2.824000,0.503199,-0.199130,0.049752,-0.002313,-0.004461,0.005565,0.000000,MOVE_JOINT
2.825000,0.503199,-0.199132,0.049757,-0.000977,-0.003551,0.005961,0.000000,MOVE_JOINT
2.826000,0.503195,-0.199137,0.049762,-0.002443,-0.004128,0.005532,0.000000,MOVE_JOINT
2.827000,0.503195,-0.199143,0.049770,-0.001710,-0.004837,0.006122,0.000000,MOVE_JOINT
2.828000,0.503194,-0.199144,0.049774,-0.001372,-0.003601,0.005496,0.000000,MOVE_JOINT
2.829000,0.503193,-0.199153,0.049783,-0.001368,-0.004824,0.006228,0.000000,MOVE_JOINT
2.830000,0.503191,-0.199158,0.049789,-0.001135,-0.004841,0.006309,0.000000,MOVE_JOINT
2.831000,0.503187,-0.199159,0.049791,-0.001257,-0.003346,0.005139,0.000000,MOVE_JOINT
2.832000,0.503185,-0.199166,0.049797,-0.001214,-0.004170,0.005549,0.000000,MOVE_JOINT
2.833000,0.503185,-0.199171,0.049804,-0.001405,-0.004995,0.005655,0.000000,MOVE_JOINT
2.834000,0.503183,-0.199175,0.049810,-0.001228,-0.004384,0.005421,0.000000,MOVE_JOINT
2.835000,0.503181,-0.199178,0.049814,-0.001369,-0.004246,0.005181,0.000000,MOVE_JOINT
2.836000,0.503178,-0.199182,0.049818,-0.002198,-0.004469,0.004791,0.000000,MOVE_JOINT
2.837000,0.503183,-0.199184,0.049826,0.000023,-0.003329,0.005631,0.000000,MOVE_JOINT
2.838000,0.503177,-0.199190,0.049828,-0.002014,-0.004012,0.004499,0.000000,MOVE_JOINT
2.839000,0.503179,-0.199195,0.049835,-0.000822,-0.004295,0.005475,0.000000,MOVE_JOINT
2.840000,0.503175,-0.199198,0.049837,-0.001087,-0.004209,0.004838,0.000000,MOVE_JOINT
2.841000,0.503172,-0.199203,0.049840,-0.002159,-0.004232,0.003797,0.000000,MOVE_JOINT
2.842000,0.503172,-0.199208,0.049846,-0.001129,-0.004420,0.004856,0.000000,MOVE_JOINT
2.843000,0.503172,-0.199210,0.049850,-0.000950,-0.002859,0.004140,0.000000,MOVE_JOINT
2.844000,0.503169,-0.199215,0.049854,-0.001658,-0.004546,0.004692,0.000000,MOVE_JOINT
2.845000,0.503167,-0.199219,0.049858,-0.001794,-0.004274,0.004524,0.000000,MOVE_JOINT
2.846000,0.503165,-0.199220,0.049861,-0.001673,-0.003269,0.003992,0.000000,MOVE_JOINT
2.847000,0.503164,-0.199222,0.049864,-0.000816,-0.002644,0.003822,0.000000,MOVE_JOINT
2.848000,0.503161,-0.199228,0.049868,-0.001282,-0.003277,0.003847,0.000000,MOVE_JOINT
2.849000,0.503159,-0.199232,0.049872,-0.001856,-0.003707,0.003726,0.000000,MOVE_JOINT
2.850000,0.503156,-0.199236,0.049875,-0.002071,-0.003288,0.003478,0.000000,MOVE_JOINT
2.851000,0.503151,-0.199243,0.049879,-0.002897,-0.004571,0.003501,0.000000,MOVE_JOINT
2.852000,0.503148,-0.199242,0.049881,-0.003296,-0.003272,0.002869,0.000000,MOVE_JOINT
2.853000,0.503148,-0.199246,0.049884,-0.002613,-0.003410,0.002906,0.000000,MOVE_JOINT
2.854000,0.503148,-0.199249,0.049889,-0.001377,-0.003837,0.004230,0.000000,MOVE_JOINT
2.855000,0.503143,-0.199255,0.049891,-0.002946,-0.004355,0.003217,0.000000,MOVE_JOINT
2.856000,0.503140,-0.199257,0.049895,-0.002825,-0.003715,0.003367,0.000000,MOVE_JOINT
2.857000,0.503141,-0.199254,0.049896,-0.002044,-0.001820,0.002811,0.000000,MOVE_JOINT
2.858000,0.503135,-0.199261,0.049899,-0.002417,-0.003224,0.003130,0.000000,MOVE_JOINT
2.859000,0.503131,-0.199263,0.049899,-0.003205,-0.002892,0.002130,0.000000,MOVE_JOINT
2.860000,0.503134,-0.199267,0.049906,-0.001883,-0.003246,0.003344,0.000000,MOVE_JOINT
2.861000,0.503129,-0.199269,0.049908,-0.002707,-0.002440,0.002709,0.000000,MOVE_JOINT
2.862000,0.503127,-0.199274,0.049910,-0.002399,-0.003772,0.002780,0.000000,MOVE_JOINT
2.863000,0.503127,-0.199276,0.049914,-0.002257,-0.004071,0.003453,0.000000,MOVE_JOINT
2.864000,0.503124,-0.199278,0.049915,-0.002121,-0.003759,0.002990,0.000000,MOVE_JOINT
2.865000,0.503121,-0.199280,0.049916,-0.002808,-0.003569,0.002646,0.000000,MOVE_JOINT
2.866000,0.503120,-0.199281,0.049917,-0.002288,-0.002555,0.002002,0.000000,MOVE_JOINT
2.867000,0.503118,-0.199280,0.049919,-0.001662,-0.001627,0.002016,0.000000,MOVE_JOINT
2.868000,0.503113,-0.199284,0.049921,-0.003219,-0.002385,0.001330,0.000000,MOVE_JOINT
2.869000,0.503114,-0.199285,0.049924,-0.002076,-0.001419,0.001856,0.000000,MOVE_JOINT
2.870000,0.503110,-0.199286,0.049924,-0.002978,-0.001135,0.000722,0.000000,MOVE_JOINT
2.871000,0.503113,-0.199291,0.049931,-0.001750,-0.002000,0.002504,0.000000,MOVE_JOINT
2.872000,0.503111,-0.199291,0.049934,-0.002014,-0.001746,0.002412,0.000000,MOVE_JOINT
2.873000,0.503110,-0.199290,0.049934,-0.001870,-0.001675,0.002339,0.000000,MOVE_JOINT
2.874000,0.503108,-0.199292,0.049937,-0.002104,-0.001879,0.002388,0.000000,MOVE_JOINT
2.875000,0.503107,-0.199295,0.049940,-0.001842,-0.001903,0.002256,0.000000,MOVE_JOINT
2.876000,0.503105,-0.199294,0.049940,-0.002440,-0.001421,0.001669,0.000000,MOVE_JOINT
2.877000,0.503103,-0.199298,0.049944,-0.002057,-0.002222,0.002640,0.000000,MOVE_JOINT
2.878000,0.503102,-0.199301,0.049946,-0.001915,-0.002542,0.002250,0.000000,MOVE_JOINT
2.879000,0.503104,-0.199302,0.049951,-0.000349,-0.001918,0.003150,0.000000,MOVE_JOINT
2.880000,0.503106,-0.199299,0.049954,0.000293,-0.000620,0.003038,0.000000,MOVE_JOINT
2.881000,0.503098,-0.199303,0.049953,-0.001751,-0.001486,0.001760,0.000000,MOVE_JOINT
2.882000,0.503096,-0.199305,0.049953,-0.002063,-0.001488,0.001480,0.000000,MOVE_JOINT
2.883000,0.503097,-0.199304,0.049957,-0.000905,-0.000858,0.002478,0.000000,MOVE_JOINT
2.884000,0.503096,-0.199307,0.049960,-0.000305,-0.001489,0.003158,0.000000,MOVE_JOINT
2.885000,0.503094,-0.199310,0.049963,-0.000910,-0.002152,0.003070,0.000000,MOVE_JOINT
2.886000,0.503092,-0.199313,0.049964,-0.001114,-0.002407,0.003013,0.000000,MOVE_JOINT
2.887000,0.503093,-0.199311,0.049967,-0.000980,-0.001323,0.003035,0.000000,MOVE_JOINT
2.888000,0.503091,-0.199312,0.049969,-0.000804,-0.000791,0.002654,0.000000,MOVE_JOINT
2.889000,0.503088,-0.199313,0.049969,-0.002184,-0.001169,0.001748,0.000000,MOVE_JOINT
2.890000,0.503083,-0.199321,0.049970,-0.003395,-0.003557,0.001556,0.000000,MOVE_JOINT
2.891000,0.503084,-0.199319,0.049973,-0.002214,-0.002107,0.001744,0.000000,MOVE_JOINT
2.892000,0.503083,-0.199321,0.049976,-0.001742,-0.002420,0.002494,0.000000,MOVE_JOINT
2.893000,0.503084,-0.199322,0.049978,-0.001369,-0.002407,0.002543,0.000000,MOVE_JOINT
2.894000,0.503079,-0.199323,0.049979,-0.002302,-0.001658,0.001588,0.000000,MOVE_JOINT
2.895000,0.503081,-0.199326,0.049982,-0.001134,-0.002168,0.002184,0.000000,MOVE_JOINT
2.896000,0.503080,-0.199328,0.049984,-0.002039,-0.002506,0.001723,0.000000,MOVE_JOINT
2.897000,0.503077,-0.199328,0.049986,-0.001940,-0.002242,0.001868,0.000000,MOVE_JOINT
2.898000,0.503080,-0.199331,0.049990,-0.000691,-0.002769,0.002659,0.000000,MOVE_JOINT
2.899000,0.503076,-0.199331,0.049990,-0.002136,-0.001842,0.001363,0.000000,MOVE_JOINT
2.900000,0.503072,-0.199335,0.049990,-0.002599,-0.002302,0.001062,0.000000,MOVE_JOINT
2.901000,0.503074,-0.199333,0.049992,-0.001072,-0.000858,0.001249,0.000000,MOVE_JOINT
2.902000,0.503075,-0.199332,0.049992,-0.000419,0.000213,0.000883,0.000000,MOVE_JOINT
2.903000,0.503074,-0.199336,0.049997,-0.000868,-0.001254,0.001749,0.000000,MOVE_JOINT
2.904000,0.503072,-0.199338,0.049998,-0.001232,-0.001205,0.001538,0.000000,MOVE_JOINT
2.905000,0.503074,-0.199339,0.050001,-0.000525,-0.000935,0.001503,0.000000,MOVE_JOINT
2.906000,0.503073,-0.199340,0.050002,-0.000775,-0.000962,0.001330,0.000000,MOVE_JOINT
2.907000,0.503070,-0.199343,0.050004,-0.001227,-0.001853,0.001182,0.000000,MOVE_JOINT
2.908000,0.503073,-0.199340,0.050005,-0.000116,0.000245,0.001108,0.000000,MOVE_JOINT
2.909000,0.503069,-0.199342,0.050006,-0.001167,-0.000502,0.001072,0.000000,MOVE_JOINT
2.910000,0.503072,-0.199343,0.050009,0.000215,-0.000559,0.001751,0.000000,MOVE_JOINT
2.911000,0.503072,-0.199346,0.050012,0.000285,-0.000520,0.001775,0.000000,MOVE_JOINT
2.912000,0.503070,-0.199349,0.050015,-0.000035,-0.001101,0.002176,0.000000,MOVE_JOINT
2.913000,0.503072,-0.199346,0.050015,-0.000200,0.000176,0.001376,0.000000,MOVE_JOINT
2.914000,0.503069,-0.199350,0.050017,-0.001270,-0.001769,0.001293,0.000000,MOVE_JOINT
2.915000,0.503070,-0.199349,0.050019,-0.000414,-0.000542,0.001407,0.000000,MOVE_JOINT
2.916000,0.503072,-0.199349,0.050020,-0.000435,-0.000154,0.001046,0.000000,MOVE_JOINT
2.917000,0.503072,-0.199350,0.050023,-0.000065,-0.000712,0.001676,0.000000,MOVE_JOINT
2.918000,0.503065,-0.199357,0.050023,-0.002899,-0.002535,0.000573,0.000000,MOVE_JOINT
2.919000,0.503067,-0.199356,0.050026,-0.001053,-0.001039,0.001315,0.000000,MOVE_JOINT
2.920000,0.503069,-0.199355,0.050029,-0.000153,-0.000589,0.001733,0.000000,MOVE_JOINT
2.921000,0.503069,-0.199357,0.050031,-0.000199,-0.000887,0.001596,0.000000,MOVE_JOINT
2.922000,0.503070,-0.199356,0.050033,-0.000341,-0.000407,0.001404,0.000000,MOVE_JOINT
2.923000,0.503069,-0.199353,0.050031,-0.000942,0.000980,0.000480,0.000000,MOVE_JOINT
2.924000,0.503067,-0.199356,0.050031,-0.001305,-0.000328,0.000300,0.000000,MOVE_JOINT
2.925000,0.503070,-0.199358,0.050034,-0.000097,-0.000918,0.001132,0.000000,MOVE_JOINT
2.926000,0.503071,-0.199359,0.050037,0.000242,-0.001288,0.001843,0.000000,MOVE_JOINT
2.927000,0.503067,-0.199360,0.050036,-0.000374,-0.000560,0.001187,0.000000,MOVE_JOINT
2.928000,0.503066,-0.199362,0.050037,-0.000193,-0.001091,0.001346,0.000000,MOVE_JOINT
2.929000,0.503066,-0.199358,0.050036,0.000087,0.000218,0.000566,0.000000,MOVE_JOINT
2.930000,0.503065,-0.199360,0.050036,-0.000466,0.000013,0.000205,0.000000,MOVE_JOINT
2.931000,0.503062,-0.199363,0.050037,-0.000707,-0.000636,0.000727,0.000000,MOVE_JOINT
2.932000,0.503061,-0.199363,0.050038,-0.001186,-0.000309,0.000584,0.000000,MOVE_JOINT
2.933000,0.503060,-0.199365,0.050038,-0.001522,-0.000740,0.000283,0.000000,MOVE_JOINT
2.934000,0.503060,-0.199363,0.050038,-0.000964,-0.000195,0.000226,0.000000,MOVE_JOINT
2.935000,0.503057,-0.199361,0.050035,-0.001191,0.000398,-0.000493,0.000000,MOVE_JOINT
2.936000,0.503055,-0.199363,0.050036,-0.001824,-0.000267,-0.000456,0.000000,MOVE_JOINT
2.937000,0.503053,-0.199363,0.050036,-0.001700,-0.000222,-0.000418,0.000000,MOVE_JOINT
2.938000,0.503051,-0.199366,0.050036,-0.002313,-0.001232,-0.000501,0.000000,MOVE_JOINT
2.939000,0.503050,-0.199364,0.050036,-0.001475,0.000178,-0.000219,0.000000,MOVE_JOINT
2.940000,0.503046,-0.199365,0.050033,-0.002335,0.000048,-0.000990,0.000000,MOVE_JOINT
2.941000,0.503048,-0.199365,0.050036,-0.001507,-0.000293,-0.000120,0.000000,MOVE_JOINT
2.942000,0.503041,-0.199366,0.050033,-0.003210,-0.000324,-0.001027,0.000000,MOVE_JOINT
2.943000,0.503045,-0.199367,0.050037,-0.001220,-0.000815,0.000834,0.000000,MOVE_JOINT
2.944000,0.503040,-0.199366,0.050032,-0.001968,-0.000369,-0.000371,0.000000,MOVE_JOINT
2.945000,0.503040,-0.199368,0.050034,-0.001071,-0.000316,0.000224,0.000000,MOVE_JOINT
2.946000,0.503035,-0.199366,0.050032,-0.001467,0.000204,-0.000004,0.000000,MOVE_JOINT
2.947000,0.503032,-0.199371,0.050033,-0.001759,-0.001688,0.000428,0.000000,MOVE_JOINT
2.948000,0.503026,-0.199372,0.050030,-0.002936,-0.000844,-0.000814,0.000000,MOVE_JOINT
2.949000,0.503027,-0.199370,0.050030,-0.002352,-0.000905,-0.000207,0.000000,MOVE_JOINT
2.950000,0.503026,-0.199371,0.050031,-0.002515,-0.000435,-0.000379,0.000000,MOVE_JOINT
2.951000,0.503020,-0.199375,0.050029,-0.003529,-0.001246,-0.001117,0.000000,MOVE_JOINT
2.952000,0.503024,-0.199371,0.050031,-0.001437,0.000890,-0.000358,0.000000,MOVE_JOINT
2.953000,0.503023,-0.199372,0.050031,-0.001068,0.000542,0.000051,0.000000,MOVE_JOINT
2.954000,0.503019,-0.199372,0.050029,-0.001931,0.000758,-0.000823,0.000000,MOVE_JOINT
2.955000,0.503015,-0.199373,0.050028,-0.002211,0.000497,-0.001050,0.000000,MOVE_JOINT
2.956000,0.503013,-0.199374,0.050028,-0.001771,0.000650,-0.000716,0.000000,MOVE_JOINT
2.957000,0.503014,-0.199375,0.050032,-0.000645,0.000713,0.000281,0.000000,MOVE_JOINT
2.958000,0.503012,-0.199374,0.050031,-0.001035,0.000705,0.000094,0.000000,MOVE_JOINT
2.959000,0.503010,-0.199376,0.050031,-0.000873,0.000298,0.000515,0.000000,MOVE_JOINT
2.960000,0.503006,-0.199378,0.050030,-0.002036,-0.000631,0.000256,0.000000,MOVE_JOINT
2.961000,0.503005,-0.199374,0.050027,-0.001640,0.000925,-0.001005,0.000000,MOVE_JOINT
2.962000,0.503005,-0.199376,0.050029,-0.001247,0.000274,-0.000311,0.000000,MOVE_JOINT
2.963000,0.503003,-0.199379,0.050030,-0.001815,-0.000261,-0.000376,0.000000,MOVE_JOINT
2.964000,0.503002,-0.199379,0.050031,-0.001177,-0.000296,0.000218,0.000000,MOVE_JOINT
2.965000,0.503002,-0.199379,0.050031,-0.000877,0.000225,0.000095,0.000000,MOVE_JOINT
2.966000,0.502998,-0.199380,0.050030,-0.001022,0.000022,-0.000019,0.000000,MOVE_JOINT
2.967000,0.502994,-0.199382,0.050029,-0.002155,-0.000421,-0.000488,0.000000,MOVE_JOINT
2.968000,0.502994,-0.199380,0.050029,-0.000902,0.000059,-0.000072,0.000000,MOVE_JOINT
2.969000,0.502992,-0.199382,0.050030,-0.001733,-0.001111,0.000184,0.000000,MOVE_JOINT
2.970000,0.502991,-0.199384,0.050031,-0.002301,-0.001372,-0.000032,0.000000,MOVE_JOINT
2.971000,0.502992,-0.199382,0.050031,-0.002092,-0.000976,-0.000138,0.000000,MOVE_JOINT
2.972000,0.502988,-0.199381,0.050029,-0.002499,0.000019,-0.000734,0.000000,MOVE_JOINT
2.973000,0.502992,-0.199380,0.050032,-0.001020,0.000171,0.000303,0.000000,MOVE_JOINT
2.974000,0.502989,-0.199381,0.050030,-0.001805,0.000419,-0.000578,0.000000,MOVE_JOINT
2.975000,0.502989,-0.199382,0.050031,-0.000961,0.000289,-0.000160,0.000000,MOVE_JOINT
2.976000,0.502989,-0.199379,0.050032,-0.000246,0.000997,0.000017,0.000000,MOVE_JOINT
2.977000,0.502986,-0.199384,0.050031,-0.000802,-0.000619,0.000179,0.000000,MOVE_JOINT
2.978000,0.502986,-0.199382,0.050033,-0.001075,-0.000537,0.000661,0.000000,MOVE_JOINT
2.979000,0.502983,-0.199384,0.050031,-0.001807,-0.001347,0.000025,0.000000,MOVE_JOINT
2.980000,0.502983,-0.199379,0.050030,-0.000843,0.000594,0.000043,0.000000,MOVE_JOINT
2.981000,0.502981,-0.199380,0.050028,-0.001511,-0.000390,-0.000285,0.000000,MOVE_JOINT
2.982000,0.502982,-0.199383,0.050030,-0.000818,-0.000498,0.000255,0.000000,MOVE_JOINT
2.983000,0.502979,-0.199385,0.050028,-0.001531,-0.000716,-0.000511,0.000000,MOVE_JOINT
2.984000,0.502983,-0.199381,0.050030,0.000672,0.000407,0.000503,0.000000,MOVE_JOINT
2.985000,0.502978,-0.199385,0.050028,-0.000484,-0.000612,-0.000051,0.000000,MOVE_JOINT
2.986000,0.502978,-0.199383,0.050028,-0.000277,-0.000042,0.000190,0.000000,MOVE_JOINT
2.987000,0.502980,-0.199387,0.050033,0.000636,-0.000967,0.001438,0.000000,MOVE_JOINT
2.988000,0.502977,-0.199387,0.050030,-0.000623,-0.001032,0.000509,0.000000,MOVE_JOINT
2.989000,0.502974,-0.199386,0.050028,-0.000850,-0.000602,-0.000277,0.000000,MOVE_JOINT
2.990000,0.502972,-0.199387,0.050029,-0.001146,-0.000385,0.000121,0.000000,MOVE_JOINT
2.991000,0.502972,-0.199387,0.050029,-0.001288,-0.000162,0.000085,0.000000,MOVE_JOINT
2.992000,0.502971,-0.199392,0.050033,-0.000664,-0.001962,0.001607,0.000000,MOVE_JOINT
2.993000,0.502969,-0.199388,0.050029,-0.001868,-0.000556,0.000067,0.000000,MOVE_JOINT
2.994000,0.502969,-0.199390,0.050031,-0.001326,-0.001186,0.000695,0.000000,MOVE_JOINT
2.995000,0.502967,-0.199391,0.050029,-0.001504,-0.001083,0.000175,0.000000,MOVE_JOINT
2.996000,0.502967,-0.199392,0.050031,-0.000971,-0.001599,0.000875,0.000000,MOVE_JOINT
2.997000,0.502965,-0.199391,0.050029,-0.001447,-0.000982,0.000064,0.000000,MOVE_JOINT
2.998000,0.502964,-0.199391,0.050029,-0.001490,-0.000836,-0.000340,0.000000,MOVE_JOINT
2.999000,0.502965,-0.199393,0.050031,-0.001014,-0.001321,0.000391,0.000000,MOVE_JOINT
3.000000,0.502964,-0.199392,0.050031,-0.000985,-0.000283,0.000022,0.000000,MOVE_JOINT
3.001000,0.502964,-0.199391,0.050030,-0.000420,0.000431,-0.000148,0.000000,TARE
3.002000,0.502962,-0.199394,0.050030,-0.000864,-0.001238,0.000369,0.000000,TARE
3.003000,0.502962,-0.199391,0.050030,-0.000977,-0.000035,0.000137,0.000000,TARE
3.004000,0.502961,-0.199392,0.050029,-0.001107,-0.000133,-0.000433,0.000000,TARE
3.005000,0.502959,-0.199393,0.050029,-0.001433,-0.000257,-0.000371,0.000000,TARE
3.006000,0.502961,-0.199393,0.050031,-0.000342,-0.000094,0.000603,0.000000,TARE
3.007000,0.502957,-0.199392,0.050027,-0.001697,0.000510,-0.000907,0.000000,TARE
3.008000,0.502957,-0.199392,0.050029,-0.001134,0.000688,-0.000053,0.000000,TARE
3.009000,0.502958,-0.199390,0.050028,-0.001297,0.000764,-0.000841,0.000000,TARE
3.010000,0.502956,-0.199391,0.050029,-0.001450,-0.000204,-0.000166,0.000000,TARE
3.011000,0.502956,-0.199393,0.050028,-0.000914,-0.000358,-0.000324,0.000000,TARE
3.012000,0.502952,-0.199394,0.050027,-0.002100,-0.001226,-0.000472,0.000000,TARE
3.013000,0.502955,-0.199390,0.050027,-0.000479,0.000587,-0.000268,0.000000,TARE
3.014000,0.502954,-0.199391,0.050027,-0.000442,0.000107,-0.000139,0.000000,TARE
3.015000,0.502952,-0.199392,0.050027,-0.000727,-0.000252,-0.000199,0.000000,TARE
3.016000,0.502953,-0.199391,0.050027,-0.000510,0.000018,-0.000402,0.000000,TARE
3.017000,0.502951,-0.199392,0.050027,-0.001289,-0.000527,-0.000081,0.000000,TARE
3.018000,0.502951,-0.199389,0.050025,-0.000956,0.000893,-0.000841,0.000000,TARE
3.019000,0.502950,-0.199388,0.050025,-0.001467,0.001352,-0.001055,0.000000,TARE
3.020000,0.502949,-0.199392,0.050026,-0.001865,-0.000684,-0.000407,0.000000,TARE
3.021000,0.502946,-0.199393,0.050026,-0.001928,-0.000829,-0.000261,0.000000,TARE
3.022000,0.502949,-0.199389,0.050026,-0.000724,0.000389,-0.000044,0.000000,TARE
3.023000,0.502948,-0.199392,0.050025,-0.000774,-0.000390,-0.000112,0.000000,TARE
3.024000,0.502949,-0.199390,0.050025,-0.000375,0.000053,-0.000270,0.000000,TARE
3.025000,0.502943,-0.199390,0.050022,-0.001290,0.000202,-0.000721,0.000000,TARE
3.026000,0.502943,-0.199393,0.050024,-0.000658,-0.000370,0.000383,0.000000,TARE
3.027000,0.502943,-0.199396,0.050026,-0.000568,-0.001251,0.000508,0.000000,TARE
3.028000,0.502943,-0.199396,0.050026,-0.000914,-0.001007,0.000405,0.000000,TARE
3.029000,0.502941,-0.199394,0.050025,-0.001334,-0.000237,-0.000247,0.000000,TARE
3.030000,0.502940,-0.199395,0.050024,-0.001355,-0.000864,-0.000138,0.000000,TARE
3.031000,0.502935,-0.199396,0.050023,-0.002203,-0.000691,-0.000453,0.000000,TARE
3.032000,0.502939,-0.199395,0.050025,-0.000103,-0.000465,0.000605,0.000000,TARE
3.033000,0.502939,-0.199394,0.050025,0.000179,0.000646,0.000254,0.000000,TARE
3.034000,0.502936,-0.199397,0.050025,-0.001074,-0.000710,-0.000093,0.000000,TARE
3.035000,0.502935,-0.199392,0.050021,-0.001466,0.001575,-0.001734,0.000000,TARE
3.036000,0.502932,-0.199401,0.050023,-0.002069,-0.001141,-0.000943,0.000000,TARE
3.037000,0.502933,-0.199395,0.050022,-0.001354,0.000370,-0.000930,0.000000,TARE
3.038000,0.502931,-0.199398,0.050023,-0.001915,-0.000693,-0.000860,0.000000,TARE
3.039000,0.502937,-0.199394,0.050026,0.000155,0.000529,0.000364,0.000000,TARE
3.040000,0.502933,-0.199394,0.050024,-0.000082,0.000325,0.000125,0.000000,TARE
3.041000,0.502933,-0.199393,0.050023,-0.000288,0.000962,-0.000172,0.000000,TARE
3.042000,0.502931,-0.199395,0.050023,-0.000574,0.000131,-0.000442,0.000000,TARE
3.043000,0.502930,-0.199396,0.050024,-0.000926,-0.000228,-0.000292,0.000000,TARE
3.044000,0.502925,-0.199399,0.050022,-0.001562,-0.001113,-0.000309,0.000000,TARE
3.045000,0.502926,-0.199394,0.050020,-0.001262,0.000543,-0.000895,0.000000,TARE
3.046000,0.502927,-0.199395,0.050023,-0.000134,0.000529,-0.000198,0.000000,TARE
3.047000,0.502927,-0.199396,0.050024,-0.000350,0.000143,0.000038,0.000000,TARE
3.048000,0.502924,-0.199395,0.050021,-0.001109,0.000285,-0.000687,0.000000,TARE
3.049000,0.502924,-0.199397,0.050023,-0.001138,-0.000431,-0.000160,0.000000,TARE
3.050000,0.502925,-0.199396,0.050024,-0.000490,-0.000812,0.000299,0.000000,TARE
3.051000,0.502924,-0.199398,0.050023,-0.000992,-0.001387,-0.000058,0.000000,TARE
3.052000,0.502925,-0.199398,0.050025,0.000577,-0.000686,0.000839,0.000000,TARE
3.053000,0.502921,-0.199394,0.050021,0.000151,0.000587,-0.000260,0.000000,TARE
3.054000,0.502921,-0.199393,0.050021,0.000361,0.000953,-0.000060,0.000000,TARE
3.055000,0.502923,-0.199393,0.050022,0.001137,0.000686,0.000304,0.000000,TARE
3.056000,0.502921,-0.199393,0.050022,0.001140,0.000358,0.000686,0.000000,TARE
3.057000,0.502919,-0.199394,0.050020,0.000008,-0.000071,0.000034,0.000000,TARE
3.058000,0.502917,-0.199396,0.050021,-0.000347,-0.000658,0.000356,0.000000,TARE
3.059000,0.502918,-0.199398,0.050024,0.000144,-0.001180,0.001408,0.000000,TARE
3.060000,0.502918,-0.199392,0.050020,-0.000132,0.000663,-0.000073,0.000000,TARE
3.061000,0.502913,-0.199397,0.050021,-0.001287,-0.000594,-0.000093,0.000000,TARE
3.062000,0.502914,-0.199397,0.050021,-0.000500,-0.000736,0.000164,0.000000,TARE
3.063000,0.502912,-0.199393,0.050020,-0.000882,0.000946,-0.000403,0.000000,TARE
3.064000,0.502914,-0.199395,0.050020,-0.000603,0.000469,-0.000408,0.000000,TARE
3.065000,0.502911,-0.199394,0.050019,-0.000798,0.000403,-0.000209,0.000000,TARE
3.066000,0.502913,-0.199395,0.050022,0.000760,-0.000044,0.001156,0.000000,TARE
3.067000,0.502911,-0.199398,0.050022,0.000845,-0.000890,0.001375,0.000000,TARE
3.068000,0.502915,-0.199394,0.050023,0.001401,0.000571,0.001219,0.000000,TARE
3.069000,0.502912,-0.199394,0.050022,0.000158,0.000648,0.000515,0.000000,TARE
3.070000,0.502910,-0.199392,0.050020,-0.000859,0.001511,-0.000751,0.000000,TARE
3.071000,0.502908,-0.199396,0.050020,-0.000959,-0.000125,-0.000096,0.000000,TARE
3.072000,0.502910,-0.199395,0.050022,-0.000088,-0.000012,0.000371,0.000000,TARE
3.073000,0.502907,-0.199397,0.050021,-0.000150,-0.000079,0.000285,0.000000,TARE
3.074000,0.502906,-0.199399,0.050022,-0.000534,-0.000427,0.000199,0.000000,TARE
3.075000,0.502903,-0.199400,0.050020,-0.001604,-0.001290,-0.000516,0.000000,TARE
3.076000,0.502906,-0.199399,0.050023,-0.000146,-0.000564,0.000701,0.000000,TARE
3.077000,0.502904,-0.199398,0.050021,-0.001229,-0.000599,-0.000097,0.000000,TARE
3.078000,0.502902,-0.199400,0.050020,-0.001459,-0.000993,-0.000234,0.000000,TARE
3.079000,0.502905,-0.199399,0.050023,-0.000717,-0.000516,0.000508,0.000000,TARE
3.080000,0.502903,-0.199402,0.050024,-0.001059,-0.001554,0.000851,0.000000,TARE
3.081000,0.502902,-0.199400,0.050022,-0.001268,-0.000155,-0.000403,0.000000,TARE
3.082000,0.502901,-0.199400,0.050021,-0.001277,-0.000260,-0.000322,0.000000,TARE
3.083000,0.502897,-0.199404,0.050021,-0.001649,-0.000910,-0.000253,0.000000,TARE
3.084000,0.502896,-0.199401,0.050019,-0.001943,-0.000144,-0.000725,0.000000,TARE
3.085000,0.502896,-0.199401,0.050018,-0.001760,-0.000525,-0.000641,0.000000,TARE
3.086000,0.502897,-0.199398,0.050018,-0.001151,0.000241,-0.000559,0.000000,TARE
3.087000,0.502896,-0.199399,0.050018,-0.001263,-0.000065,-0.000417,0.000000,TARE
3.088000,0.502896,-0.199404,0.050020,-0.000398,-0.001329,0.000354,0.000000,TARE
3.089000,0.502895,-0.199401,0.050018,-0.000992,0.000310,-0.000676,0.000000,TARE
3.090000,0.502895,-0.199404,0.050022,-0.000608,-0.000874,0.000919,0.000000,TARE
3.091000,0.502889,-0.199404,0.050017,-0.002961,-0.001353,-0.001105,0.000000,TARE
3.092000,0.502890,-0.199404,0.050018,-0.002164,-0.000708,-0.000725,0.000000,TARE
3.093000,0.502891,-0.199402,0.050017,-0.001040,0.000778,-0.000636,0.000000,TARE
3.094000,0.502892,-0.199403,0.050019,-0.000314,0.000354,-0.000126,0.000000,TARE
3.095000,0.502889,-0.199402,0.050017,-0.001598,0.000530,-0.000794,0.000000,TARE
3.096000,0.502889,-0.199405,0.050020,-0.001339,-0.000626,0.000103,0.000000,TARE
3.097000,0.502887,-0.199403,0.050018,-0.000611,0.000062,-0.000023,0.000000,TARE
3.098000,0.502887,-0.199405,0.050019,-0.000343,-0.000358,0.000220,0.000000,TARE
3.099000,0.502883,-0.199406,0.050016,-0.001507,-0.000569,-0.000582,0.000000,TARE
3.100000,0.502885,-0.199408,0.050019,-0.000524,-0.000838,0.000328,0.000000,TARE
3.101000,0.502886,-0.199406,0.050019,-0.000734,-0.000668,0.000133,0.000000,TARE
3.102000,0.502883,-0.199408,0.050018,-0.000841,-0.000947,-0.000065,0.000000,TARE
3.103000,0.502883,-0.199407,0.050018,-0.000418,-0.000824,0.000230,0.000000,TARE
3.104000,0.502881,-0.199408,0.050018,-0.000404,-0.001189,0.000519,0.000000,TARE
3.105000,0.502881,-0.199407,0.050018,-0.000096,-0.000180,0.000391,0.000000,TARE
3.106000,0.502881,-0.199406,0.050016,-0.000297,0.000574,-0.000206,0.000000,TARE
3.107000,0.502882,-0.199405,0.050017,0.000159,0.001283,-0.000126,0.000000,TARE
3.108000,0.502880,-0.199405,0.050017,-0.000714,0.001115,-0.000199,0.000000,TARE
3.109000,0.502881,-0.199408,0.050019,-0.000210,-0.000448,0.000722,0.000000,TARE
3.110000,0.502881,-0.199408,0.050019,-0.000193,-0.000108,0.000449,0.000000,TARE
3.111000,0.502881,-0.199407,0.050018,0.000900,0.000618,0.000205,0.000000,TARE
3.112000,0.502878,-0.199410,0.050018,-0.000563,-0.000464,-0.000093,0.000000,TARE
3.113000,0.502877,-0.199406,0.050015,-0.000998,0.000526,-0.001223,0.000000,TARE
3.114000,0.502878,-0.199408,0.050018,-0.000565,-0.000263,-0.000337,0.000000,TARE
3.115000,0.502877,-0.199406,0.050016,-0.000202,0.001049,-0.000698,0.000000,TARE
3.116000,0.502874,-0.199409,0.050016,-0.000930,0.000273,-0.000772,0.000000,TARE
3.117000,0.502878,-0.199405,0.050018,0.000607,0.001582,-0.000232,0.000000,TARE
3.118000,0.502875,-0.199407,0.050017,-0.000873,0.000315,-0.000793,0.000000,TARE
3.119000,0.502875,-0.199408,0.050017,-0.000531,-0.000236,-0.000332,0.000000,TARE
3.120000,0.502876,-0.199405,0.050017,0.000255,0.000921,-0.000196,0.000000,TARE
3.121000,0.502875,-0.199405,0.050016,-0.000252,0.000563,-0.000376,0.000000,TARE
3.122000,0.502870,-0.199407,0.050015,-0.001829,0.000076,-0.001162,0.000000,TARE
3.123000,0.502872,-0.199407,0.050017,-0.000934,0.000423,-0.000344,0.000000,TARE
3.124000,0.502872,-0.199408,0.050017,-0.001486,-0.000263,-0.000559,0.000000,TARE
3.125000,0.502874,-0.199408,0.050018,-0.000454,-0.000203,0.000125,0.000000,TARE
3.126000,0.502872,-0.199406,0.050017,-0.000843,0.000122,-0.000390,0.000000,TARE
3.127000,0.502873,-0.199405,0.050017,-0.000645,0.000134,-0.000178,0.000000,TARE
3.128000,0.502872,-0.199407,0.050018,-0.000543,-0.000715,0.000232,0.000000,TARE
3.129000,0.502871,-0.199405,0.050017,-0.000761,0.000099,-0.000067,0.000000,TARE
3.130000,0.502868,-0.199407,0.050015,-0.001633,-0.000565,-0.001028,0.000000,TARE
3.131000,0.502870,-0.199405,0.050016,-0.000688,0.000089,-0.000425,0.000000,TARE
3.132000,0.502868,-0.199406,0.050017,-0.000698,-0.000576,0.000369,0.000000,TARE
3.133000,0.502867,-0.199407,0.050017,-0.001219,-0.000929,0.000240,0.000000,TARE
3.134000,0.502869,-0.199405,0.050017,-0.000492,-0.000603,0.000263,0.000000,TARE
3.135000,0.502865,-0.199410,0.050016,-0.002253,-0.001657,-0.000712,0.000000,TARE
3.136000,0.502866,-0.199411,0.050018,-0.001733,-0.002112,0.000138,0.000000,TARE
3.137000,0.502869,-0.199406,0.050017,-0.000646,-0.000488,-0.000119,0.000000,TARE
3.138000,0.502867,-0.199406,0.050018,-0.000285,0.000037,0.000292,0.000000,TARE
3.139000,0.502865,-0.199404,0.050015,-0.000236,0.000972,-0.000557,0.000000,TARE
3.140000,0.502866,-0.199409,0.050019,-0.000060,-0.001021,0.000798,0.000000,TARE
3.141000,0.502868,-0.199407,0.050019,0.000397,-0.000065,0.000522,0.000000,TARE
3.142000,0.502864,-0.199407,0.050018,-0.001427,-0.000392,-0.000242,0.000000,TARE
3.143000,0.502862,-0.199409,0.050018,-0.001366,-0.001065,0.000209,0.000000,TARE
3.144000,0.502864,-0.199411,0.050018,0.000168,-0.001102,0.000680,0.000000,TARE
3.145000,0.502863,-0.199410,0.050018,-0.000095,-0.000449,0.000663,0.000000,TARE
3.146000,0.502862,-0.199407,0.050017,-0.000322,0.000225,0.000268,0.000000,TARE
3.147000,0.502863,-0.199406,0.050017,-0.001162,0.000200,-0.000395,0.000000,TARE
3.148000,0.502864,-0.199407,0.050018,-0.000547,0.000545,-0.000180,0.000000,TARE
3.149000,0.502863,-0.199406,0.050017,-0.000147,0.000993,-0.000290,0.000000,TARE
3.150000,0.502865,-0.199407,0.050019,0.000166,0.000410,0.000163,0.000000,TARE
3.151000,0.502869,-0.199406,0.050021,0.001137,0.000478,0.000862,0.000000,TARE
3.152000,0.502865,-0.199408,0.050020,0.000143,-0.000570,0.000394,0.000000,TARE
3.153000,0.502866,-0.199410,0.050021,-0.000108,-0.000839,0.000253,0.000000,TARE
3.154000,0.502866,-0.199405,0.050020,0.000590,0.001085,0.000053,0.000000,TARE
3.155000,0.502868,-0.199408,0.050022,0.001297,-0.000409,0.001048,0.000000,TARE
3.156000,0.502864,-0.199406,0.050019,-0.000453,0.000412,-0.000423,0.000000,TARE
3.157000,0.502865,-0.199407,0.050021,0.000209,-0.000050,0.000215,0.000000,TARE
3.158000,0.502864,-0.199405,0.050018,-0.000537,0.000741,-0.000750,0.000000,TARE
3.159000,0.502868,-0.199406,0.050021,0.000918,0.000316,0.000194,0.000000,TARE
3.160000,0.502865,-0.199405,0.050020,0.000186,0.000873,-0.000289,0.000000,TARE
3.161000,0.502864,-0.199405,0.050020,-0.000026,0.001003,-0.000274,0.000000,TARE
3.162000,0.502864,-0.199404,0.050020,0.000203,0.000941,-0.000201,0.000000,TARE
3.163000,0.502864,-0.199403,0.050020,-0.000096,0.000467,-0.000165,0.000000,TARE
3.164000,0.502864,-0.199408,0.050021,-0.000603,-0.000748,-0.000037,0.000000,TARE
3.165000,0.502862,-0.199404,0.050018,-0.001038,0.000513,-0.000951,0.000000,TARE
3.166000,0.502866,-0.199404,0.050021,0.000355,0.000594,0.000060,0.000000,TARE
3.167000,0.502860,-0.199408,0.050019,-0.001069,-0.000680,-0.000336,0.000000,TARE
3.168000,0.502861,-0.199407,0.050019,-0.000369,-0.000208,-0.000301,0.000000,TARE
3.169000,0.502862,-0.199407,0.050021,-0.000065,-0.000242,0.000193,0.000000,TARE
3.170000,0.502859,-0.199411,0.050019,-0.000902,-0.001302,-0.000276,0.000000,TARE
3.171000,0.502864,-0.199407,0.050020,0.000755,0.000697,-0.000005,0.000000,TARE
3.172000,0.502863,-0.199407,0.050020,0.000557,0.001183,-0.000447,0.000000,TARE
3.173000,0.502860,-0.199409,0.050020,0.000009,-0.000342,-0.000223,0.000000,TARE
3.174000,0.502859,-0.199409,0.050019,0.000104,0.000372,-0.000179,0.000000,TARE
3.175000,0.502857,-0.199409,0.050018,-0.000337,-0.000286,-0.000405,0.000000,TARE
3.176000,0.502863,-0.199410,0.050022,0.001386,-0.000550,0.001004,0.000000,TARE
3.177000,0.502856,-0.199411,0.050019,-0.000331,-0.000446,-0.000023,0.000000,TARE
3.178000,0.502858,-0.199409,0.050020,0.000927,0.000053,0.000807,0.000000,TARE
3.179000,0.502854,-0.199411,0.050019,-0.000748,-0.000469,0.000055,0.000000,TARE
3.180000,0.502854,-0.199413,0.050019,-0.000658,-0.000955,0.000088,0.000000,TARE
3.181000,0.502855,-0.199413,0.050019,0.000287,-0.000586,0.000591,0.000000,TARE
3.182000,0.502854,-0.199412,0.050019,0.000332,0.000445,0.000256,0.000000,TARE
3.183000,0.502853,-0.199412,0.050018,0.000197,-0.000152,-0.000038,0.000000,TARE
3.184000,0.502849,-0.199415,0.050017,-0.001044,-0.000758,-0.000624,0.000000,TARE
3.185000,0.502852,-0.199414,0.050019,0.000171,-0.000285,0.000349,0.000000,TARE
3.186000,0.502853,-0.199415,0.050020,0.000332,-0.000871,0.000575,0.000000,TARE
3.187000,0.502848,-0.199415,0.050016,-0.000997,-0.000815,-0.000578,0.000000,TARE
3.188000,0.502853,-0.199416,0.050021,0.000482,-0.001276,0.001207,0.000000,TARE
3.189000,0.502850,-0.199417,0.050019,-0.000234,-0.000591,0.000482,0.000000,TARE
3.190000,0.502849,-0.199413,0.050018,-0.000045,0.000943,0.000005,0.000000,TARE
3.191000,0.502847,-0.199417,0.050018,-0.000603,-0.000511,-0.000020,0.000000,TARE
3.192000,0.502848,-0.199416,0.050019,-0.000014,-0.000076,0.000435,0.000000,TARE
3.193000,0.502849,-0.199414,0.050019,0.000127,0.000889,0.000236,0.000000,TARE
3.194000,0.502849,-0.199412,0.050017,-0.000321,0.001275,-0.000518,0.000000,TARE
3.195000,0.502845,-0.199413,0.050015,-0.000948,0.000889,-0.001020,0.000000,TARE
3.196000,0.502848,-0.199412,0.050018,0.000733,0.001679,-0.000015,0.000000,TARE
3.197000,0.502847,-0.199413,0.050018,-0.000024,0.000518,0.000040,0.000000,TARE
3.198000,0.502848,-0.199412,0.050018,0.000231,0.000474,0.000146,0.000000,TARE
3.199000,0.502845,-0.199416,0.050018,-0.000910,-0.001290,0.000411,0.000000,TARE
3.200000,0.502847,-0.199411,0.050017,-0.000012,0.001035,0.000073,0.000000,TARE
3.201000,0.502844,-0.199412,0.050016,-0.000919,0.000440,-0.000389,0.000000,TARE
3.202000,0.502848,-0.199413,0.050019,0.000703,0.000096,0.001008,0.000000,TARE
3.203000,0.502841,-0.199414,0.050015,-0.001860,-0.000243,-0.000719,0.000000,TARE
3.204000,0.502843,-0.199415,0.050016,-0.001073,0.000176,-0.000724,0.000000,TARE
3.205000,0.502846,-0.199416,0.050019,0.000096,-0.000388,0.000480,0.000000,TARE
3.206000,0.502844,-0.199414,0.050016,-0.000330,0.000178,-0.000274,0.000000,TARE
3.207000,0.502843,-0.199415,0.050016,-0.000557,-0.000388,-0.000064,0.000000,TARE
3.208000,0.502844,-0.199416,0.050017,-0.000234,-0.000797,0.000458,0.000000,TARE
3.209000,0.502840,-0.199415,0.050015,-0.001177,-0.000861,-0.000195,0.000000,TARE
3.210000,0.502843,-0.199414,0.050018,-0.000208,-0.000784,0.000862,0.000000,TARE
3.211000,0.502843,-0.199412,0.050016,-0.000482,-0.000163,-0.000111,0.000000,TARE
3.212000,0.502845,-0.199414,0.050018,0.000523,-0.000508,0.000451,0.000000,TARE
3.213000,0.502845,-0.199412,0.050019,0.001123,0.000089,0.000919,0.000000,TARE
3.214000,0.502845,-0.199411,0.050016,0.000565,0.000108,0.000267,0.000000,TARE
3.215000,0.502841,-0.199413,0.050017,-0.001094,-0.000625,-0.000091,0.000000,TARE
3.216000,0.502843,-0.199410,0.050016,-0.000039,0.000776,-0.000448,0.000000,TARE
3.217000,0.502840,-0.199414,0.050016,-0.001243,0.000094,-0.000812,0.000000,TARE
3.218000,0.502843,-0.199412,0.050018,0.000281,0.000878,0.000209,0.000000,TARE
3.219000,0.502841,-0.199414,0.050017,-0.000578,-0.000668,0.000073,0.000000,TARE
3.220000,0.502839,-0.199415,0.050017,-0.001195,-0.000664,-0.000091,0.000000,TARE
3.221000,0.502841,-0.199414,0.050017,-0.000868,-0.000329,0.000244,0.000000,TARE
3.222000,0.502838,-0.199412,0.050015,-0.001372,0.000667,-0.000970,0.000000,TARE
3.223000,0.502838,-0.199414,0.050016,-0.001614,-0.000653,-0.000582,0.000000,TARE
3.224000,0.502838,-0.199413,0.050015,-0.001538,0.000188,-0.001116,0.000000,TARE
3.225000,0.502838,-0.199413,0.050016,-0.001484,-0.000074,-0.000716,0.000000,TARE
3.226000,0.502840,-0.199416,0.050019,-0.001103,-0.000979,-0.000187,0.000000,TARE
3.227000,0.502839,-0.199416,0.050018,-0.001244,-0.000525,-0.000445,0.000000,TARE
3.228000,0.502841,-0.199410,0.050015,0.000095,0.001485,-0.001095,0.000000,TARE
3.229000,0.502838,-0.199419,0.050018,-0.000285,-0.001040,-0.000178,0.000000,TARE
3.230000,0.502839,-0.199417,0.050018,0.000538,0.000037,0.000105,0.000000,TARE
3.231000,0.502839,-0.199414,0.050018,0.000221,0.000656,0.000038,0.000000,TARE
3.232000,0.502840,-0.199415,0.050019,0.000059,0.000907,0.000041,0.000000,TARE
3.233000,0.502838,-0.199418,0.050020,-0.000927,-0.000719,0.000075,0.000000,TARE
3.234000,0.502841,-0.199416,0.050021,0.000852,0.000183,0.001047,0.000000,TARE
3.235000,0.502840,-0.199415,0.050020,-0.000225,0.000177,0.000321,0.000000,TARE
3.236000,0.502840,-0.199417,0.050019,-0.000577,-0.000506,0.000014,0.000000,TARE
3.237000,0.502842,-0.199413,0.050020,0.000234,0.001184,-0.000038,0.000000,TARE
3.238000,0.502842,-0.199414,0.050021,0.000115,0.000469,0.000547,0.000000,TARE
3.239000,0.502845,-0.199412,0.050021,0.001469,0.001613,0.000265,0.000000,TARE
3.240000,0.502842,-0.199412,0.050021,-0.000030,0.001108,-0.000001,0.000000,TARE
3.241000,0.502841,-0.199416,0.050021,-0.000285,-0.000920,0.000301,0.000000,TARE
3.242000,0.502842,-0.199411,0.050020,0.000412,0.001031,0.000283,0.000000,TARE
3.243000,0.502842,-0.199414,0.050022,0.000691,0.000119,0.000975,0.000000,TARE
3.244000,0.502842,-0.199411,0.050019,0.000911,0.000878,0.000272,0.000000,TARE
3.245000,0.502843,-0.199412,0.050021,0.001093,0.000376,0.000645,0.000000,TARE
3.246000,0.502845,-0.199413,0.050023,0.001393,0.000036,0.000821,0.000000,TARE
3.247000,0.502843,-0.199413,0.050021,0.000440,0.000032,0.000200,0.000000,TARE
3.248000,0.502844,-0.199413,0.050021,0.000532,-0.000294,0.000625,0.000000,TARE
3.249000,0.502845,-0.199412,0.050022,0.001383,-0.000119,0.000988,0.000000,TARE
3.250000,0.502844,-0.199412,0.050022,0.000571,-0.000136,0.000566,0.000000,TARE
3.251000,0.502843,-0.199413,0.050021,0.000348,0.000006,-0.000010,0.000000,TARE
3.252000,0.502845,-0.199411,0.050022,0.000564,0.000170,0.000379,0.000000,TARE
3.253000,0.502842,-0.199413,0.050022,0.000235,-0.000314,0.000735,0.000000,TARE
3.254000,0.502843,-0.199412,0.050022,0.000313,0.000056,0.000404,0.000000,TARE
3.255000,0.502840,-0.199412,0.050019,-0.000358,0.000297,-0.000410,0.000000,TARE
3.256000,0.502841,-0.199412,0.050021,-0.000112,0.000260,0.000307,0.000000,TARE
3.257000,0.502842,-0.199411,0.050022,-0.000700,0.000111,0.000148,0.000000,TARE
3.258000,0.502840,-0.199409,0.050020,-0.001896,0.000404,-0.001031,0.000000,TARE
3.259000,0.502840,-0.199414,0.050021,-0.001437,-0.000786,-0.000301,0.000000,TARE
3.260000,0.502839,-0.199414,0.050021,-0.001347,-0.000286,-0.000489,0.000000,TARE
3.261000,0.502841,-0.199413,0.050022,-0.000575,0.000093,0.000121,0.000000,TARE
3.262000,0.502839,-0.199413,0.050021,-0.000578,0.000279,-0.000348,0.000000,TARE
3.263000,0.502837,-0.199414,0.050020,-0.000905,-0.000302,-0.000442,0.000000,TARE
3.264000,0.502835,-0.199413,0.050019,-0.001369,0.000410,-0.000983,0.000000,TARE
3.265000,0.502836,-0.199412,0.050017,-0.001509,0.000768,-0.001372,0.000000,TARE
3.266000,0.502837,-0.199415,0.050020,-0.001367,-0.000898,-0.000165,0.000000,TARE
3.267000,0.502839,-0.199414,0.050021,-0.000598,0.000086,-0.000255,0.000000,TARE
3.268000,0.502840,-0.199410,0.050020,0.000393,0.001191,-0.000390,0.000000,TARE
3.269000,0.502843,-0.199414,0.050024,0.001276,-0.000153,0.001032,0.000000,TARE
3.270000,0.502835,-0.199414,0.050019,-0.000876,-0.000141,-0.000577,0.000000,TARE
3.271000,0.502838,-0.199413,0.050021,0.000241,0.000358,-0.000083,0.000000,TARE
3.272000,0.502839,-0.199411,0.050021,0.000283,0.000885,-0.000206,0.000000,TARE
3.273000,0.502837,-0.199411,0.050019,-0.000368,0.000609,-0.000681,0.000000,TARE
3.274000,0.502840,-0.199410,0.050021,0.000074,0.000680,0.000105,0.000000,TARE
3.275000,0.502835,-0.199412,0.050018,-0.001040,0.000052,-0.000422,0.000000,TARE
3.276000,0.502836,-0.199415,0.050021,-0.000620,-0.000893,0.000566,0.000000,TARE
3.277000,0.502835,-0.199413,0.050018,-0.001112,-0.000202,-0.000882,0.000000,TARE
3.278000,0.502838,-0.199414,0.050022,0.000760,-0.000652,0.001136,0.000000,TARE
3.279000,0.502834,-0.199412,0.050017,-0.000630,-0.000217,-0.000291,0.000000,TARE
3.280000,0.502833,-0.199415,0.050019,-0.000246,-0.001302,0.000509,0.000000,TARE
3.281000,0.502834,-0.199414,0.050018,-0.000029,-0.000275,-0.000029,0.000000,TARE
3.282000,0.502832,-0.199417,0.050018,-0.000404,-0.000916,0.000212,0.000000,TARE
3.283000,0.502838,-0.199412,0.050020,0.001337,0.000796,0.000427,0.000000,TARE
3.284000,0.502836,-0.199412,0.050020,0.000629,0.000763,0.000270,0.000000,TARE
3.285000,0.502838,-0.199411,0.050020,0.001180,0.001511,-0.000164,0.000000,TARE
3.286000,0.502835,-0.199414,0.050020,0.000349,0.000342,0.000044,0.000000,TARE
3.287000,0.502836,-0.199414,0.050020,0.000975,0.000409,0.000030,0.000000,TARE
3.288000,0.502832,-0.199417,0.050020,0.000414,-0.000465,0.000080,0.000000,TARE
3.289000,0.502836,-0.199408,0.050017,0.001115,0.002067,-0.000528,0.000000,TARE
3.290000,0.502833,-0.199413,0.050017,-0.000007,-0.000494,-0.000087,0.000000,TARE
3.291000,0.502835,-0.199411,0.050018,0.000780,-0.000000,0.000433,0.000000,TARE
3.292000,0.502835,-0.199413,0.050019,0.000601,-0.000606,0.000670,0.000000,TARE
3.293000,0.502833,-0.199412,0.050016,-0.000100,0.000184,-0.000458,0.000000,TARE
3.294000,0.502834,-0.199411,0.050018,0.000562,0.000635,-0.000039,0.000000,TARE
3.295000,0.502831,-0.199414,0.050018,-0.000137,-0.000382,0.000580,0.000000,TARE
3.296000,0.502831,-0.199413,0.050016,-0.000037,0.000473,-0.000505,0.000000,TARE
3.297000,0.502830,-0.199414,0.050017,-0.000326,0.000137,-0.000297,0.000000,TARE
3.298000,0.502830,-0.199413,0.050017,0.000289,0.000871,0.000281,0.000000,TARE
3.299000,0.502826,-0.199418,0.050016,-0.001441,-0.000497,-0.000659,0.000000,TARE
3.300000,0.502829,-0.199415,0.050017,-0.001222,0.000582,-0.000711,0.000000,TARE
3.301000,0.502829,-0.199415,0.050017,-0.001220,0.000467,-0.000788,0.000000,TARE
3.302000,0.502828,-0.199417,0.050017,-0.000946,-0.000082,-0.000428,0.000000,TARE
3.303000,0.502827,-0.199416,0.050016,-0.000990,-0.000030,-0.000697,0.000000,TARE
3.304000,0.502829,-0.199416,0.050017,-0.000746,0.000046,-0.000722,0.000000,TARE
3.305000,0.502831,-0.199416,0.050018,0.000161,0.000322,-0.000161,0.000000,TARE
3.306000,0.502832,-0.199418,0.050021,0.000936,-0.000360,0.000706,0.000000,TARE
3.307000,0.502830,-0.199416,0.050018,-0.000107,0.000372,-0.000370,0.000000,TARE
3.308000,0.502829,-0.199419,0.050020,-0.000142,-0.000711,0.000504,0.000000,TARE
3.309000,0.502829,-0.199420,0.050020,-0.000521,-0.001096,0.000269,0.000000,TARE
3.310000,0.502830,-0.199418,0.050018,-0.000008,-0.000237,-0.000148,0.000000,TARE
3.311000,0.502827,-0.199421,0.050020,-0.000508,-0.000937,0.000426,0.000000,TARE
3.312000,0.502826,-0.199419,0.050017,-0.001411,-0.000814,-0.000666,0.000000,TARE
3.313000,0.502828,-0.199417,0.050018,-0.000285,0.000290,-0.000449,0.000000,TARE
3.314000,0.502826,-0.199418,0.050017,-0.001651,-0.000403,-0.001000,0.000000,TARE
3.315000,0.502829,-0.199417,0.050020,-0.000151,-0.000371,0.000244,0.000000,TARE
3.316000,0.502831,-0.199418,0.050021,0.000622,-0.000811,0.000922,0.000000,TARE
3.317000,0.502831,-0.199417,0.050021,0.000268,-0.000658,0.000512,0.000000,TARE
3.318000,0.502829,-0.199416,0.050019,0.000678,-0.000015,0.000512,0.000000,TARE
3.319000,0.502828,-0.199417,0.050018,-0.000037,-0.000003,-0.000079,0.000000,TARE
3.320000,0.502827,-0.199418,0.050018,-0.001110,-0.000446,-0.000533,0.000000,TARE
3.321000,0.502827,-0.199416,0.050017,-0.000590,-0.000116,-0.000717,0.000000,TARE
3.322000,0.502829,-0.199417,0.050018,0.000326,0.000147,-0.000363,0.000000,TARE
3.323000,0.502829,-0.199416,0.050019,0.000032,0.000423,-0.000516,0.000000,TARE
3.324000,0.502829,-0.199416,0.050019,-0.000100,0.000276,-0.000438,0.000000,TARE
3.325000,0.502829,-0.199417,0.050020,-0.000023,-0.000087,-0.000058,0.000000,TARE
3.326000,0.502832,-0.199414,0.050021,0.000223,0.000521,0.000026,0.000000,TARE
3.327000,0.502830,-0.199414,0.050019,0.000030,0.000185,0.000207,0.000000,TARE
3.328000,0.502829,-0.199415,0.050019,-0.000169,-0.000026,-0.000024,0.000000,TARE
3.329000,0.502831,-0.199415,0.050020,0.000491,0.000626,0.000242,0.000000,TARE
3.330000,0.502827,-0.199418,0.050020,-0.000478,0.000033,-0.000097,0.000000,TARE
3.331000,0.502830,-0.199413,0.050020,0.000815,0.001577,0.000387,0.000000,TARE
3.332000,0.502831,-0.199412,0.050019,0.001581,0.001761,0.000378,0.000000,TARE
3.333000,0.502830,-0.199412,0.050019,0.000938,0.001361,0.000216,0.000000,TARE
3.334000,0.502831,-0.199414,0.050020,0.000811,0.000217,0.000368,0.000000,TARE
3.335000,0.502826,-0.199417,0.050018,-0.000884,-0.000766,-0.000261,0.000000,TARE
3.336000,0.502830,-0.199413,0.050018,0.000252,0.000322,-0.000079,0.000000,TARE
3.337000,0.502827,-0.199416,0.050019,-0.001119,-0.000565,-0.000319,0.000000,TARE
3.338000,0.502831,-0.199413,0.050020,0.000767,0.000649,0.000226,0.000000,TARE
3.339000,0.502829,-0.199415,0.050020,0.000522,-0.000302,0.000655,0.000000,TARE
3.340000,0.502829,-0.199413,0.050019,0.000233,0.000749,-0.000526,0.000000,TARE
3.341000,0.502824,-0.199413,0.050015,-0.001341,0.000134,-0.001550,0.000000,TARE
3.342000,0.502826,-0.199414,0.050018,-0.000390,0.000086,-0.000338,0.000000,TARE
3.343000,0.502828,-0.199417,0.050020,0.000590,-0.000908,0.000892,0.000000,TARE
3.344000,0.502830,-0.199412,0.050019,0.001064,0.001263,0.000357,0.000000,TARE
3.345000,0.502824,-0.199416,0.050017,-0.000355,0.000423,-0.000517,0.000000,TARE
3.346000,0.502827,-0.199416,0.050020,0.000465,-0.000095,0.000608,0.000000,TARE
3.347000,0.502823,-0.199416,0.050015,-0.000459,0.000305,-0.000689,0.000000,TARE
3.348000,0.502825,-0.199413,0.050016,0.000894,0.001275,0.000029,0.000000,TARE
3.349000,0.502826,-0.199417,0.050019,0.000810,-0.000515,0.000892,0.000000,TARE
3.350000,0.502824,-0.199416,0.050018,0.000033,-0.000181,0.000461,0.000000,TARE
3.351000,0.502821,-0.199417,0.050017,-0.000275,-0.000188,0.000397,0.000000,TARE
3.352000,0.502829,-0.199417,0.050022,0.001710,-0.000231,0.001874,0.000000,TARE
3.353000,0.502826,-0.199417,0.050020,0.000555,-0.000178,0.000372,0.000000,TARE
3.354000,0.502827,-0.199414,0.050019,0.000410,0.000670,-0.000174,0.000000,TARE
3.355000,0.502824,-0.199417,0.050019,-0.000118,-0.000248,-0.000115,0.000000,TARE
3.356000,0.502823,-0.199415,0.050017,-0.000257,-0.000004,-0.000118,0.000000,TARE
3.357000,0.502827,-0.199414,0.050020,-0.000209,-0.000370,0.000516,0.000000,TARE
3.358000,0.502827,-0.199416,0.050019,-0.000436,-0.001018,-0.000082,0.000000,TARE
3.359000,0.502823,-0.199416,0.050017,-0.001436,-0.000958,-0.000599,0.000000,TARE
3.360000,0.502826,-0.199414,0.050019,0.000167,0.000011,0.000056,0.000000,TARE
3.361000,0.502825,-0.199418,0.050020,-0.000010,-0.001128,0.000577,0.000000,TARE
3.362000,0.502825,-0.199416,0.050019,0.000590,-0.000327,0.000609,0.000000,TARE
3.363000,0.502823,-0.199417,0.050018,-0.000807,-0.000613,-0.000214,0.000000,TARE
3.364000,0.502826,-0.199415,0.050019,0.000634,0.000101,0.000493,0.000000,TARE
3.365000,0.502822,-0.199414,0.050016,-0.001385,-0.000044,-0.000743,0.000000,TARE
3.366000,0.502825,-0.199415,0.050018,-0.000956,-0.000552,-0.000383,0.000000,TARE
3.367000,0.502828,-0.199415,0.050021,-0.000210,-0.000902,0.000722,0.000000,TARE
3.368000,0.502825,-0.199413,0.050019,-0.000663,-0.000249,0.000032,0.000000,TARE
3.369000,0.502826,-0.199415,0.050020,0.000156,-0.000347,0.000602,0.000000,TARE
3.370000,0.502821,-0.199415,0.050017,-0.000689,-0.000740,0.000296,0.000000,TARE
3.371000,0.502822,-0.199415,0.050017,-0.000870,-0.000912,0.000177,0.000000,TARE
3.372000,0.502824,-0.199414,0.050018,-0.000403,-0.000483,0.000363,0.000000,TARE
3.373000,0.502826,-0.199417,0.050021,-0.000055,-0.001598,0.001067,0.000000,TARE
3.374000,0.502824,-0.199415,0.050017,-0.000974,-0.000688,-0.000707,0.000000,TARE
3.375000,0.502824,-0.199414,0.050018,-0.000722,-0.000028,-0.000508,0.000000,TARE
3.376000,0.502821,-0.199417,0.050016,-0.001358,-0.001492,-0.000295,0.000000,TARE
3.377000,0.502823,-0.199416,0.050018,-0.000625,-0.001439,0.000350,0.000000,TARE
3.378000,0.502824,-0.199416,0.050019,0.000239,-0.000681,0.000465,0.000000,TARE
3.379000,0.502824,-0.199417,0.050021,-0.000370,-0.001151,0.000957,0.000000,TARE
3.380000,0.502824,-0.199413,0.050017,-0.000328,0.000627,-0.000445,0.000000,TARE
3.381000,0.502821,-0.199414,0.050016,-0.000534,-0.000356,-0.000309,0.000000,TARE
3.382000,0.502820,-0.199416,0.050016,-0.000865,-0.000999,-0.000238,0.000000,TARE
3.383000,0.502824,-0.199415,0.050018,0.000967,0.000029,0.000287,0.000000,TARE
3.384000,0.502823,-0.199415,0.050017,0.000559,0.000129,0.000110,0.000000,TARE
3.385000,0.502819,-0.199416,0.050016,-0.000871,0.000083,-0.000434,0.000000,TARE
3.386000,0.502824,-0.199417,0.050019,0.000567,0.000025,0.000753,0.000000,TARE
3.387000,0.502823,-0.199416,0.050019,-0.000221,0.000127,0.000138,0.000000,TARE
3.388000,0.502819,-0.199416,0.050015,-0.001729,0.000414,-0.001420,0.000000,TARE
3.389000,0.502820,-0.199415,0.050016,-0.000375,0.000674,-0.000587,0.000000,TARE
3.390000,0.502818,-0.199419,0.050016,-0.000703,-0.000839,-0.000171,0.000000,TARE
3.391000,0.502819,-0.199419,0.050018,-0.000054,-0.000493,0.000203,0.000000,TARE
3.392000,0.502822,-0.199415,0.050018,0.000797,0.001073,-0.000087,0.000000,TARE
3.393000,0.502822,-0.199416,0.050018,-0.000068,0.000188,-0.000464,0.000000,TARE
3.394000,0.502821,-0.199419,0.050019,-0.000536,-0.000849,0.000084,0.000000,TARE
3.395000,0.502822,-0.199418,0.050020,-0.000416,0.000056,0.000115,0.000000,TARE
3.396000,0.502823,-0.199412,0.050017,0.000320,0.001717,-0.000320,0.000000,TARE
3.397000,0.502826,-0.199416,0.050021,0.001366,-0.000010,0.001073,0.000000,TARE
3.398000,0.502826,-0.199416,0.050020,0.000755,-0.000017,0.000478,0.000000,TARE
3.399000,0.502823,-0.199416,0.050019,-0.000566,-0.000069,-0.000300,0.000000,TARE
3.400000,0.502820,-0.199415,0.050017,-0.000407,0.000429,-0.000329,0.000000,TARE
3.401000,0.502822,-0.199415,0.050018,-0.000027,0.000293,-0.000083,0.000000,TARE
3.402000,0.502818,-0.199421,0.050018,-0.001673,-0.001465,-0.000359,0.000000,TARE
3.403000,0.502822,-0.199418,0.050019,0.000307,-0.000260,0.000223,0.000000,TARE
3.404000,0.502821,-0.199417,0.050018,-0.000422,-0.000122,-0.000083,0.000000,TARE
3.405000,0.502821,-0.199417,0.050017,-0.000315,-0.000313,-0.000191,0.000000,TARE
3.406000,0.502821,-0.199418,0.050019,0.000056,-0.000235,-0.000045,0.000000,TARE
3.407000,0.502820,-0.199415,0.050017,-0.000286,0.000998,-0.000585,0.000000,TARE
3.408000,0.502824,-0.199415,0.050019,0.001034,0.000455,0.000867,0.000000,TARE
3.409000,0.502821,-0.199416,0.050018,-0.000392,0.000168,-0.000314,0.000000,TARE
3.410000,0.502822,-0.199414,0.050017,0.000226,0.001146,-0.000445,0.000000,TARE
3.411000,0.502821,-0.199415,0.050018,-0.000491,0.000097,-0.000347,0.000000,TARE
3.412000,0.502822,-0.199413,0.050018,-0.000177,0.000598,-0.000323,0.000000,TARE
3.413000,0.502819,-0.199415,0.050016,-0.000798,-0.000107,-0.000441,0.000000,TARE
3.414000,0.502821,-0.199414,0.050017,0.000490,0.000570,0.000076,0.000000,TARE
3.415000,0.502817,-0.199415,0.050015,-0.001686,0.000089,-0.001107,0.000000,TARE
3.416000,0.502820,-0.199415,0.050017,-0.000548,0.000238,-0.000297,0.000000,TARE
3.417000,0.502821,-0.199413,0.050016,-0.000653,0.000409,-0.000667,0.000000,TARE
3.418000,0.502823,-0.199414,0.050019,0.000723,0.000092,0.000769,0.000000,TARE
3.419000,0.502820,-0.199416,0.050017,-0.000251,-0.000659,0.000071,0.000000,TARE
3.420000,0.502823,-0.199412,0.050018,0.000683,0.000614,0.000268,0.000000,TARE
3.421000,0.502820,-0.199415,0.050016,-0.000326,-0.000159,-0.000421,0.000000,TARE
3.422000,0.502818,-0.199416,0.050016,-0.000472,-0.000286,-0.000311,0.000000,TARE
3.423000,0.502815,-0.199415,0.050014,-0.001681,-0.000649,-0.000847,0.000000,TARE
3.424000,0.502819,-0.199415,0.050016,-0.000514,-0.000015,-0.000332,0.000000,TARE
3.425000,0.502819,-0.199415,0.050016,-0.000960,-0.000604,-0.000209,0.000000,TARE
3.426000,0.502820,-0.199413,0.050017,-0.000304,0.000796,-0.000138,0.000000,TARE
3.427000,0.502821,-0.199411,0.050016,-0.000952,0.000605,-0.000662,0.000000,TARE
3.428000,0.502820,-0.199414,0.050015,-0.000783,-0.000314,-0.000575,0.000000,TARE
3.429000,0.502818,-0.199414,0.050016,-0.001114,-0.000706,-0.000234,0.000000,TARE
3.430000,0.502821,-0.199412,0.050017,0.000512,0.000486,0.000196,0.000000,TARE
3.431000,0.502817,-0.199416,0.050016,-0.001063,-0.000679,-0.000159,0.000000,TARE
3.432000,0.502818,-0.199416,0.050015,-0.000555,-0.000130,-0.000506,0.000000,TARE
3.433000,0.502821,-0.199411,0.050016,0.000932,0.001130,0.000255,0.000000,TARE
3.434000,0.502821,-0.199415,0.050019,0.000750,-0.000211,0.000792,0.000000,TARE
3.435000,0.502820,-0.199415,0.050018,0.000479,-0.000418,0.000571,0.000000,TARE
3.436000,0.502818,-0.199414,0.050016,-0.000618,0.000220,-0.000412,0.000000,TARE
3.437000,0.502819,-0.199417,0.050019,-0.000013,-0.000836,0.000743,0.000000,TARE
3.438000,0.502820,-0.199413,0.050017,0.000432,0.000944,0.000243,0.000000,TARE
3.439000,0.502820,-0.199412,0.050017,0.000356,0.000724,0.000202,0.000000,TARE
3.440000,0.502820,-0.199415,0.050018,0.000469,-0.000280,0.000824,0.000000,TARE
3.441000,0.502819,-0.199414,0.050018,-0.000331,-0.000201,0.000179,0.000000,TARE
3.442000,0.502815,-0.199416,0.050016,-0.001065,-0.000264,-0.000561,0.000000,TARE
3.443000,0.502818,-0.199416,0.050017,-0.000520,-0.000078,-0.000142,0.000000,TARE
3.444000,0.502818,-0.199412,0.050016,-0.000400,0.001174,-0.000621,0.000000,TARE
3.445000,0.502818,-0.199415,0.050017,-0.000637,-0.000129,0.000069,0.000000,TARE
3.446000,0.502819,-0.199414,0.050016,-0.000236,-0.000132,-0.000121,0.000000,TARE
3.447000,0.502818,-0.199415,0.050016,-0.000497,-0.000644,-0.000217,0.000000,TARE
3.448000,0.502820,-0.199413,0.050017,-0.000019,-0.000645,0.000317,0.000000,TARE
3.449000,0.502818,-0.199413,0.050015,-0.000915,-0.000078,-0.000655,0.000000,TARE
3.450000,0.502816,-0.199413,0.050015,-0.001190,-0.000156,-0.000647,0.000000,TARE
3.451000,0.502813,-0.199415,0.050014,-0.001505,-0.001013,-0.000265,0.000000,TARE
3.452000,0.502815,-0.199415,0.050014,-0.001337,-0.000227,-0.000516,0.000000,TARE
3.453000,0.502818,-0.199417,0.050017,0.000002,-0.000748,0.000564,0.000000,TARE
3.454000,0.502817,-0.199416,0.050016,-0.000428,-0.000512,-0.000086,0.000000,TARE
3.455000,0.502817,-0.199413,0.050015,-0.000391,0.000500,-0.000304,0.000000,TARE
3.456000,0.502819,-0.199413,0.050017,0.000430,-0.000120,0.000690,0.000000,TARE
3.457000,0.502817,-0.199415,0.050017,-0.000252,-0.000693,0.000243,0.000000,TARE
3.458000,0.502814,-0.199415,0.050015,-0.000911,-0.000223,-0.000518,0.000000,TARE
3.459000,0.502820,-0.199412,0.050019,0.001242,0.000563,0.001046,0.000000,TARE
3.460000,0.502819,-0.199412,0.050017,0.000357,0.000780,-0.000165,0.000000,TARE
3.461000,0.502821,-0.199412,0.050019,0.000843,0.000860,0.000377,0.000000,TARE
3.462000,0.502817,-0.199415,0.050017,-0.000532,-0.000213,-0.000208,0.000000,TARE
3.463000,0.502816,-0.199416,0.050016,-0.000924,-0.000395,-0.000594,0.000000,TARE
3.464000,0.502816,-0.199413,0.050016,-0.000525,0.000724,-0.000484,0.000000,TARE
3.465000,0.502815,-0.199415,0.050016,-0.000771,-0.000198,-0.000172,0.000000,TARE
3.466000,0.502816,-0.199411,0.050016,-0.000327,0.001073,-0.000239,0.000000,TARE
3.467000,0.502818,-0.199415,0.050017,-0.000144,-0.000476,0.000172,0.000000,TARE
3.468000,0.502815,-0.199413,0.050015,-0.001300,0.000466,-0.000923,0.000000,TARE
3.469000,0.502815,-0.199414,0.050015,-0.001321,-0.000018,-0.000867,0.000000,TARE
3.470000,0.502817,-0.199414,0.050017,-0.000390,0.000472,-0.000462,0.000000,TARE
3.471000,0.502816,-0.199415,0.050018,-0.000441,0.000040,0.000068,0.000000,TARE
3.472000,0.502816,-0.199416,0.050018,-0.000338,-0.001053,0.000462,0.000000,TARE
3.473000,0.502819,-0.199413,0.050018,0.000233,0.000252,0.000103,0.000000,TARE
3.474000,0.502819,-0.199414,0.050019,-0.000528,-0.000301,0.000327,0.000000,TARE
3.475000,0.502818,-0.199415,0.050018,-0.000128,-0.000914,0.000459,0.000000,TARE
3.476000,0.502817,-0.199415,0.050017,0.000090,-0.000336,0.000300,0.000000,TARE
3.477000,0.502819,-0.199415,0.050018,0.000487,0.000028,0.000336,0.000000,TARE
3.478000,0.502820,-0.199413,0.050018,0.000861,0.000743,0.000060,0.000000,TARE
3.479000,0.502818,-0.199414,0.050018,0.000255,0.000540,-0.000058,0.000000,TARE
3.480000,0.502819,-0.199416,0.050019,0.000563,-0.000029,0.000212,0.000000,TARE
3.481000,0.502819,-0.199411,0.050017,0.000054,0.001302,-0.000523,0.000000,TARE
3.482000,0.502818,-0.199416,0.050019,-0.000634,-0.000524,-0.000087,0.000000,TARE
3.483000,0.502816,-0.199416,0.050017,-0.001279,-0.000171,-0.000677,0.000000,TARE
3.484000,0.502819,-0.199414,0.050018,-0.000549,0.000498,-0.000431,0.000000,TARE
3.485000,0.502820,-0.199415,0.050020,-0.000145,0.000090,0.000108,0.000000,TARE
3.486000,0.502818,-0.199415,0.050019,0.000108,-0.000037,0.000462,0.000000,TARE
3.487000,0.502819,-0.199412,0.050018,0.000179,0.000826,-0.000314,0.000000,TARE
3.488000,0.502817,-0.199415,0.050018,-0.000223,-0.000348,0.000177,0.000000,TARE
3.489000,0.502816,-0.199416,0.050017,0.000059,-0.000137,0.000147,0.000000,TARE
3.490000,0.502816,-0.199416,0.050016,-0.000250,-0.000458,0.000098,0.000000,TARE
3.491000,0.502817,-0.199414,0.050017,0.000411,0.000441,0.000110,0.000000,TARE
3.492000,0.502818,-0.199411,0.050017,0.000322,0.000849,0.000146,0.000000,TARE
3.493000,0.502817,-0.199416,0.050019,-0.000192,-0.000818,0.000608,0.000000,TARE
3.494000,0.502819,-0.199415,0.050020,0.000347,-0.000441,0.000733,0.000000,TARE
3.495000,0.502817,-0.199414,0.050017,-0.000547,0.000283,-0.000493,0.000000,TARE
3.496000,0.502818,-0.199410,0.050017,-0.000248,0.001309,-0.000472,0.000000,TARE
3.497000,0.502821,-0.199411,0.050019,0.001031,0.000933,0.000657,0.000000,TARE
3.498000,0.502816,-0.199411,0.050015,-0.000572,0.001463,-0.001007,0.000000,TARE
3.499000,0.502818,-0.199413,0.050017,0.000310,0.000393,-0.000017,0.000000,TARE
3.500000,0.502819,-0.199414,0.050018,0.000783,0.000507,0.000273,0.000000,TARE
3.501000,0.502818,-0.199414,0.050018,-0.000404,-0.000107,-0.000320,0.000000,TARE
3.502000,0.502815,-0.199415,0.050017,-0.001168,-0.000489,-0.000377,0.000000,TARE
3.503000,0.502819,-0.199413,0.050019,0.000359,-0.000192,0.000454,0.000000,TARE
3.504000,0.502815,-0.199413,0.050015,-0.000624,-0.000816,-0.000404,0.000000,TARE
3.505000,0.502816,-0.199414,0.050016,0.000258,-0.000595,-0.000165,0.000000,TARE
3.506000,0.502817,-0.199413,0.050018,0.000572,0.000021,0.000654,0.000000,TARE
3.507000,0.502816,-0.199412,0.050016,-0.000204,-0.000020,-0.000292,0.000000,TARE
3.508000,0.502814,-0.199418,0.050018,-0.000286,-0.001137,0.000323,0.000000,TARE
3.509000,0.502818,-0.199413,0.050018,0.000940,0.000872,-0.000178,0.000000,TARE
3.510000,0.502817,-0.199413,0.050018,0.000283,0.000481,0.000077,0.000000,TARE
3.511000,0.502817,-0.199414,0.050017,-0.000710,0.000125,-0.000530,0.000000,TARE
3.512000,0.502817,-0.199412,0.050017,-0.000233,0.000961,-0.000388,0.000000,TARE
3.513000,0.502815,-0.199413,0.050016,-0.000812,0.000225,-0.000431,0.000000,TARE
3.514000,0.502814,-0.199417,0.050017,-0.000923,-0.000803,-0.000052,0.000000,TARE
3.515000,0.502815,-0.199415,0.050018,-0.001180,-0.000629,0.000110,0.000000,TARE
3.516000,0.502817,-0.199413,0.050017,-0.000856,0.000246,-0.000469,0.000000,TARE
3.517000,0.502818,-0.199413,0.050018,-0.000103,0.000442,0.000047,0.000000,TARE
3.518000,0.502817,-0.199415,0.050019,0.000764,-0.000011,0.000863,0.000000,TARE
3.519000,0.502818,-0.199412,0.050017,0.000307,0.001062,-0.000187,0.000000,TARE
3.520000,0.502819,-0.199412,0.050018,0.000435,0.000825,0.000119,0.000000,TARE
3.521000,0.502817,-0.199415,0.050018,-0.000269,0.000050,-0.000211,0.000000,TARE
3.522000,0.502816,-0.199415,0.050017,-0.000589,0.000360,-0.000723,0.000000,TARE
3.523000,0.502817,-0.199413,0.050017,-0.000135,0.000879,-0.000600,0.000000,TARE
3.524000,0.502818,-0.199411,0.050018,0.000441,0.000897,0.000200,0.000000,TARE
3.525000,0.502815,-0.199413,0.050017,-0.000601,0.000208,-0.000249,0.000000,TARE
3.526000,0.502816,-0.199414,0.050018,-0.000183,-0.000311,0.000347,0.000000,TARE
3.527000,0.502815,-0.199414,0.050016,-0.000323,-0.000183,0.000114,0.000000,TARE
3.528000,0.502811,-0.199417,0.050016,-0.001671,-0.001358,-0.000237,0.000000,TARE
3.529000,0.502817,-0.199415,0.050018,0.000189,0.000233,0.000237,0.000000,TARE
3.530000,0.502815,-0.199412,0.050016,0.000149,0.001356,-0.000456,0.000000,TARE
3.531000,0.502814,-0.199414,0.050016,-0.000094,0.000674,-0.000304,0.000000,TARE
3.532000,0.502813,-0.199416,0.050016,-0.000659,-0.000469,-0.000281,0.000000,TARE
3.533000,0.502815,-0.199411,0.050015,0.000421,0.001006,-0.000281,0.000000,TARE
3.534000,0.502816,-0.199412,0.050017,0.001212,0.001421,0.000105,0.000000,TARE
3.535000,0.502815,-0.199415,0.050017,0.000650,0.000056,0.000700,0.000000,TARE
3.536000,0.502813,-0.199415,0.050016,0.000223,-0.000330,0.000409,0.000000,TARE
3.537000,0.502811,-0.199413,0.050013,0.000108,0.000535,-0.000054,0.000000,TARE
3.538000,0.502812,-0.199415,0.050015,0.000599,0.000097,0.000531,0.000000,TARE
3.539000,0.502813,-0.199416,0.050017,0.001102,-0.000088,0.000870,0.000000,TARE
3.540000,0.502809,-0.199413,0.050012,-0.000652,0.000109,-0.000504,0.000000,TARE
3.541000,0.502812,-0.199416,0.050015,0.000300,-0.001203,0.000650,0.000000,TARE
3.542000,0.502812,-0.199416,0.050015,-0.000761,-0.001814,0.000328,0.000000,TARE
3.543000,0.502812,-0.199416,0.050016,-0.000149,-0.001002,0.000436,0.000000,TARE
3.544000,0.502816,-0.199413,0.050018,0.000793,0.000017,0.000976,0.000000,TARE
3.545000,0.502816,-0.199412,0.050017,0.001048,-0.000047,0.000780,0.000000,TARE
3.546000,0.502811,-0.199417,0.050016,-0.000577,-0.001065,0.000292,0.000000,TARE
3.547000,0.502813,-0.199417,0.050018,0.000113,-0.001025,0.000966,0.000000,TARE
3.548000,0.502812,-0.199412,0.050014,0.000052,0.000608,-0.000204,0.000000,TARE
3.549000,0.502812,-0.199417,0.050017,0.000169,-0.000950,0.000663,0.000000,TARE
3.550000,0.502812,-0.199413,0.050015,-0.000036,0.000221,0.000082,0.000000,TARE
3.551000,0.502816,-0.199413,0.050019,0.002124,0.000815,0.001381,0.000000,TARE
3.552000,0.502813,-0.199416,0.050017,0.000292,-0.000139,0.000208,0.000000,TARE
3.553000,0.502812,-0.199415,0.050015,0.000269,0.000397,-0.000363,0.000000,TARE
3.554000,0.502814,-0.199416,0.050018,0.001063,-0.000128,0.000887,0.000000,TARE
3.555000,0.502813,-0.199416,0.050017,0.000377,-0.000135,0.000388,0.000000,TARE
3.556000,0.502812,-0.199416,0.050016,-0.000165,-0.000308,-0.000111,0.000000,TARE
3.557000,0.502815,-0.199414,0.050017,0.001312,0.000165,0.000881,0.000000,TARE
3.558000,0.502814,-0.199414,0.050015,0.000537,-0.000151,0.000278,0.000000,TARE
3.559000,0.502815,-0.199412,0.050016,0.001276,0.000862,0.000407,0.000000,TARE
3.560000,0.502813,-0.199413,0.050016,0.000647,0.000452,0.000525,0.000000,TARE
3.561000,0.502811,-0.199413,0.050015,-0.000490,0.000170,-0.000497,0.000000,TARE
3.562000,0.502810,-0.199415,0.050016,-0.000931,-0.000941,0.000055,0.000000,TARE
3.563000,0.502811,-0.199415,0.050015,-0.001607,-0.000310,-0.000917,0.000000,TARE
3.564000,0.502814,-0.199414,0.050017,-0.000056,0.000190,0.000015,0.000000,TARE
3.565000,0.502814,-0.199411,0.050016,0.000133,0.001174,-0.000546,0.000000,TARE
3.566000,0.502811,-0.199416,0.050016,-0.000370,-0.000618,-0.000081,0.000000,TARE
3.567000,0.502814,-0.199414,0.050017,0.000453,0.000240,0.000206,0.000000,TARE
3.568000,0.502813,-0.199411,0.050015,-0.000251,0.001672,-0.000993,0.000000,TARE
3.569000,0.502812,-0.199414,0.050016,0.000299,0.000210,0.000283,0.000000,TARE
3.570000,0.502812,-0.199416,0.050017,0.000383,0.000079,0.000388,0.000000,TARE
3.571000,0.502811,-0.199415,0.050016,-0.000111,0.000236,0.000140,0.000000,TARE
3.572000,0.502815,-0.199414,0.050018,0.000739,0.000440,0.000744,0.000000,TARE
3.573000,0.502811,-0.199415,0.050015,-0.000629,-0.000593,-0.000309,0.000000,TARE
3.574000,0.502810,-0.199416,0.050015,-0.000754,-0.001407,0.000132,0.000000,TARE
3.575000,0.502809,-0.199413,0.050014,-0.000617,-0.000243,0.000069,0.000000,TARE
3.576000,0.502810,-0.199416,0.050016,-0.000265,-0.000656,0.000558,0.000000,TARE
3.577000,0.502810,-0.199415,0.050015,0.000042,0.000330,0.000166,0.000000,TARE
3.578000,0.502811,-0.199414,0.050016,-0.000040,0.000317,0.000038,0.000000,TARE
3.579000,0.502812,-0.199414,0.050016,0.000817,0.000454,0.000217,0.000000,TARE
3.580000,0.502810,-0.199414,0.050015,0.000009,0.000738,-0.000357,0.000000,TARE
3.581000,0.502808,-0.199416,0.050015,-0.000420,0.000016,-0.000207,0.000000,TARE
3.582000,0.502811,-0.199418,0.050018,0.000821,-0.000618,0.000647,0.000000,TARE
3.583000,0.502814,-0.199415,0.050019,0.001862,0.000750,0.001035,0.000000,TARE
3.584000,0.502810,-0.199415,0.050016,0.000180,0.000229,0.000105,0.000000,TARE
3.585000,0.502811,-0.199414,0.050016,0.000397,0.000508,0.000165,0.000000,TARE
3.586000,0.502813,-0.199413,0.050016,0.000048,0.000809,-0.000417,0.000000,TARE
3.587000,0.502811,-0.199415,0.050016,-0.000256,0.000119,-0.000098,0.000000,TARE
3.588000,0.502809,-0.199415,0.050015,-0.000444,-0.000185,-0.000331,0.000000,TARE
3.589000,0.502811,-0.199415,0.050017,0.000463,0.000061,0.000405,0.000000,TARE
3.590000,0.502809,-0.199413,0.050014,-0.000567,0.001143,-0.000884,0.000000,TARE
3.591000,0.502811,-0.199414,0.050017,0.000256,0.000174,0.000426,0.000000,TARE
3.592000,0.502813,-0.199415,0.050018,0.001202,0.000348,0.000845,0.000000,TARE
3.593000,0.502808,-0.199417,0.050016,-0.000892,-0.000467,-0.000305,0.000000,TARE
3.594000,0.502814,-0.199417,0.050021,0.001036,-0.000488,0.001345,0.000000,TARE
3.595000,0.502816,-0.199413,0.050019,0.001477,0.001113,0.000375,0.000000,TARE
3.596000,0.502813,-0.199410,0.050016,0.000683,0.001365,-0.000149,0.000000,TARE
3.597000,0.502812,-0.199415,0.050018,0.000176,-0.000588,0.000537,0.000000,TARE
3.598000,0.502809,-0.199414,0.050016,-0.000229,0.000173,-0.000158,0.000000,TARE
3.599000,0.502813,-0.199412,0.050017,0.000454,0.000033,0.000294,0.000000,TARE
3.600000,0.502813,-0.199414,0.050018,0.000691,-0.000449,0.000459,0.000000,TARE
3.601000,0.502814,-0.199412,0.050017,0.000604,0.000344,0.000082,0.000000,TARE
3.602000,0.502813,-0.199413,0.050016,-0.000446,0.000055,-0.000533,0.000000,TARE
3.603000,0.502811,-0.199412,0.050017,-0.000469,0.000238,-0.000094,0.000000,TARE
3.604000,0.502813,-0.199413,0.050018,0.000307,-0.000061,0.000044,0.000000,TARE
3.605000,0.502813,-0.199410,0.050016,-0.000395,0.001013,-0.000733,0.000000,TARE
3.606000,0.502813,-0.199410,0.050015,-0.000502,0.000770,-0.000712,0.000000,TARE
3.607000,0.502813,-0.199411,0.050015,-0.000093,0.000429,-0.000688,0.000000,TARE
3.608000,0.502813,-0.199411,0.050016,0.000200,0.000253,-0.000212,0.000000,TARE
3.609000,0.502814,-0.199412,0.050016,0.000739,-0.000028,-0.000011,0.000000,TARE
3.610000,0.502811,-0.199411,0.050015,0.000160,-0.000006,-0.000095,0.000000,TARE
3.611000,0.502813,-0.199411,0.050016,0.000971,0.000640,0.000004,0.000000,TARE
3.612000,0.502812,-0.199414,0.050016,0.000157,-0.000216,-0.000135,0.000000,TARE
3.613000,0.502813,-0.199414,0.050018,0.000890,-0.000376,0.000663,0.000000,TARE
3.614000,0.502812,-0.199411,0.050016,0.000679,0.000493,0.000354,0.000000,TARE
3.615000,0.502811,-0.199414,0.050016,-0.000396,-0.000632,-0.000119,0.000000,TARE
3.616000,0.502812,-0.199413,0.050017,0.000371,0.000003,0.000049,0.000000,TARE
3.617000,0.502808,-0.199412,0.050014,-0.000737,0.000061,-0.000804,0.000000,TARE
3.618000,0.502810,-0.199411,0.050013,-0.000375,0.000209,-0.000859,0.000000,TARE
3.619000,0.502810,-0.199415,0.050017,-0.000064,-0.000937,0.000233,0.000000,TARE
3.620000,0.502810,-0.199413,0.050017,0.000316,-0.000365,0.000228,0.000000,TARE
3.621000,0.502808,-0.199413,0.050015,-0.000491,0.000102,-0.000536,0.000000,TARE
3.622000,0.502809,-0.199415,0.050017,0.000450,0.000105,0.000331,0.000000,TARE
3.623000,0.502811,-0.199413,0.050017,0.000995,0.001028,0.000054,0.000000,TARE
3.624000,0.502806,-0.199414,0.050014,-0.000593,0.000516,-0.001154,0.000000,TARE
3.625000,0.502807,-0.199415,0.050015,-0.000739,0.000218,-0.000797,0.000000,TARE
3.626000,0.502808,-0.199417,0.050016,0.000409,-0.000343,0.000211,0.000000,TARE
3.627000,0.502810,-0.199416,0.050017,0.000852,0.000056,0.000219,0.000000,TARE
3.628000,0.502811,-0.199413,0.050018,0.001219,0.001377,0.000461,0.000000,TARE
3.629000,0.502811,-0.199414,0.050017,0.001045,0.000291,0.000281,0.000000,TARE
3.630000,0.502812,-0.199413,0.050017,0.001375,0.000797,0.000321,0.000000,TARE
3.631000,0.502811,-0.199414,0.050017,0.000888,0.000659,0.000253,0.000000,TARE
3.632000,0.502808,-0.199415,0.050015,-0.000078,0.000602,-0.000753,0.000000,TARE
3.633000,0.502810,-0.199413,0.050015,0.000457,0.000968,-0.000216,0.000000,TARE
3.634000,0.502809,-0.199417,0.050018,0.000505,-0.000287,0.000590,0.000000,TARE
3.635000,0.502807,-0.199417,0.050015,-0.000167,-0.000249,-0.000391,0.000000,TARE
3.636000,0.502809,-0.199414,0.050015,0.000317,0.000439,-0.000450,0.000000,TARE
3.637000,0.502809,-0.199411,0.050015,0.000121,0.001098,-0.000425,0.000000,TARE
3.638000,0.502810,-0.199412,0.050016,-0.000006,0.000116,-0.000078,0.000000,TARE
3.639000,0.502809,-0.199412,0.050015,0.000697,0.000080,0.000095,0.000000,TARE
3.640000,0.502810,-0.199413,0.050016,0.000848,-0.000154,0.000502,0.000000,TARE
3.641000,0.502807,-0.199412,0.050014,-0.000343,0.000269,-0.000753,0.000000,TARE
3.642000,0.502810,-0.199411,0.050015,0.000358,0.000690,-0.000102,0.000000,TARE
3.643000,0.502810,-0.199412,0.050015,-0.000424,0.000139,-0.000741,0.000000,TARE
3.644000,0.502809,-0.199412,0.050016,-0.000439,0.000116,-0.000383,0.000000,TARE
3.645000,0.502809,-0.199412,0.050016,0.000374,0.000434,0.000054,0.000000,TARE
3.646000,0.502807,-0.199413,0.050013,-0.000543,0.000369,-0.001209,0.000000,TARE
3.647000,0.502809,-0.199413,0.050016,-0.000513,-0.000224,-0.000127,0.000000,TARE
3.648000,0.502811,-0.199411,0.050016,-0.000397,0.000234,-0.000118,0.000000,TARE
3.649000,0.502807,-0.199413,0.050015,-0.001502,-0.000383,-0.000566,0.000000,TARE
3.650000,0.502809,-0.199410,0.050016,-0.000664,0.000452,-0.000187,0.000000,TARE
3.651000,0.502809,-0.199409,0.050013,-0.001070,0.000610,-0.001119,0.000000,TARE
3.652000,0.502809,-0.199412,0.050015,-0.000583,-0.000081,-0.000156,0.000000,TARE
3.653000,0.502809,-0.199412,0.050016,0.000230,-0.000079,0.000216,0.000000,TARE
3.654000,0.502805,-0.199412,0.050013,-0.000573,-0.000085,-0.000350,0.000000,TARE
3.655000,0.502804,-0.199414,0.050013,-0.001439,-0.000146,-0.000798,0.000000,TARE
3.656000,0.502808,-0.199415,0.050017,0.000776,-0.000338,0.000910,0.000000,TARE
3.657000,0.502809,-0.199411,0.050016,0.000420,0.000550,0.000296,0.000000,TARE
3.658000,0.502810,-0.199412,0.050016,0.000939,0.000283,0.000305,0.000000,TARE
3.659000,0.502805,-0.199413,0.050014,-0.000642,-0.000203,-0.000114,0.000000,TARE
3.660000,0.502807,-0.199411,0.050014,-0.000082,0.000745,-0.000132,0.000000,TARE
3.661000,0.502806,-0.199413,0.050014,-0.001479,0.000150,-0.001007,0.000000,TARE
3.662000,0.502805,-0.199414,0.050014,-0.001504,0.000066,-0.000964,0.000000,TARE
3.663000,0.502804,-0.199415,0.050013,-0.001080,-0.000501,-0.000500,0.000000,TARE
3.664000,0.502805,-0.199415,0.050015,-0.001014,-0.000406,0.000057,0.000000,TARE
3.665000,0.502809,-0.199412,0.050016,0.000706,0.000877,0.000298,0.000000,TARE
3.666000,0.502805,-0.199413,0.050013,-0.000523,0.000545,-0.000883,0.000000,TARE
3.667000,0.502807,-0.199413,0.050015,0.001073,0.000322,0.000119,0.000000,TARE
3.668000,0.502807,-0.199413,0.050014,0.000930,0.000192,0.000150,0.000000,TARE
3.669000,0.502805,-0.199414,0.050014,0.000138,-0.000234,-0.000330,0.000000,TARE
3.670000,0.502807,-0.199414,0.050016,0.001065,-0.000173,0.000931,0.000000,TARE
3.671000,0.502806,-0.199412,0.050012,0.000608,0.000304,-0.000381,0.000000,TARE
3.672000,0.502804,-0.199416,0.050014,-0.000166,-0.000906,0.000071,0.000000,TARE
3.673000,0.502807,-0.199417,0.050017,0.001161,-0.001256,0.001207,0.000000,TARE
3.674000,0.502807,-0.199414,0.050015,0.000136,-0.001204,0.000325,0.000000,TARE
3.675000,0.502810,-0.199413,0.050017,0.001287,-0.000348,0.000889,0.000000,TARE
3.676000,0.502807,-0.199412,0.050014,0.000643,0.000402,-0.000122,0.000000,TARE
3.677000,0.502806,-0.199415,0.050016,0.000473,-0.000554,0.000402,0.000000,TARE
3.678000,0.502810,-0.199410,0.050015,0.001685,0.001141,0.000613,0.000000,TARE
3.679000,0.502807,-0.199414,0.050016,0.000557,-0.000031,0.000309,0.000000,TARE
3.680000,0.502809,-0.199417,0.050020,0.001143,-0.001094,0.001511,0.000000,TARE
3.681000,0.502808,-0.199410,0.050015,-0.000047,0.000604,-0.000445,0.000000,TARE
3.682000,0.502809,-0.199413,0.050016,0.000679,-0.000103,0.000163,0.000000,TARE
3.683000,0.502811,-0.199410,0.050016,0.001007,0.000950,-0.000002,0.000000,TARE
3.684000,0.502808,-0.199412,0.050015,-0.000223,0.000018,-0.000197,0.000000,TARE
3.685000,0.502808,-0.199409,0.050014,0.000147,0.000492,-0.000102,0.000000,TARE
3.686000,0.502808,-0.199414,0.050017,0.000239,-0.000856,0.000380,0.000000,TARE
3.687000,0.502811,-0.199410,0.050017,0.001009,0.000988,0.000092,0.000000,TARE
3.688000,0.502808,-0.199410,0.050015,0.000021,0.001038,-0.000575,0.000000,TARE
3.689000,0.502809,-0.199411,0.050016,0.000382,0.000467,-0.000374,0.000000,TARE
3.690000,0.502812,-0.199410,0.050017,0.000750,0.000820,-0.000279,0.000000,TARE
3.691000,0.502811,-0.199409,0.050017,0.000674,0.000213,0.000225,0.000000,TARE
3.692000,0.502808,-0.199409,0.050015,-0.000359,0.000432,-0.000771,0.000000,TARE
3.693000,0.502808,-0.199408,0.050013,-0.000059,-0.000212,-0.000255,0.000000,TARE
3.694000,0.502811,-0.199410,0.050016,0.000872,-0.000105,0.000218,0.000000,TARE
3.695000,0.502811,-0.199408,0.050015,0.000632,-0.000550,0.000574,0.000000,TARE
3.696000,0.502806,-0.199412,0.050015,-0.000594,-0.001497,0.000415,0.000000,TARE
3.697000,0.502807,-0.199412,0.050014,-0.000065,-0.000833,0.000300,0.000000,TARE
3.698000,0.502806,-0.199409,0.050013,-0.000864,0.000227,-0.000527,0.000000,TARE
3.699000,0.502808,-0.199407,0.050013,0.000217,0.000593,-0.000149,0.000000,TARE
3.700000,0.502810,-0.199406,0.050014,0.000709,0.000626,-0.000015,0.000000,TARE
3.701000,0.502809,-0.199409,0.050014,0.000635,-0.000015,0.000062,0.000000,TARE
3.702000,0.502811,-0.199406,0.050015,0.001539,0.000792,0.000538,0.000000,TARE
3.703000,0.502807,-0.199411,0.050014,0.000145,-0.000456,0.000056,0.000000,TARE
3.704000,0.502807,-0.199410,0.050015,0.000976,0.000242,0.000266,0.000000,TARE
3.705000,0.502804,-0.199411,0.050012,-0.000537,-0.000176,-0.000543,0.000000,TARE
3.706000,0.502807,-0.199409,0.050014,0.000570,0.000490,-0.000002,0.000000,TARE
3.707000,0.502804,-0.199410,0.050012,-0.000475,0.000203,-0.000804,0.000000,TARE
3.708000,0.502806,-0.199409,0.050013,0.000927,0.000583,0.000033,0.000000,TARE
3.709000,0.502805,-0.199411,0.050014,0.000744,-0.000125,0.000338,0.000000,TARE
3.710000,0.502805,-0.199411,0.050013,0.000381,-0.000121,0.000086,0.000000,TARE
3.711000,0.502805,-0.199413,0.050014,-0.000073,-0.001439,0.000302,0.000000,TARE
3.712000,0.502804,-0.199411,0.050013,-0.000218,-0.000179,-0.000512,0.000000,TARE
3.713000,0.502805,-0.199412,0.050014,0.000231,-0.000183,0.000342,0.000000,TARE
3.714000,0.502806,-0.199412,0.050016,0.000509,-0.000699,0.000796,0.000000,TARE
3.715000,0.502805,-0.199412,0.050015,-0.000054,-0.000604,0.000421,0.000000,TARE
3.716000,0.502805,-0.199411,0.050014,0.000174,-0.000075,0.000362,0.000000,TARE
3.717000,0.502805,-0.199412,0.050015,0.000221,-0.000165,0.000525,0.000000,TARE
3.718000,0.502805,-0.199414,0.050016,0.000025,-0.001204,0.000704,0.000000,TARE
3.719000,0.502804,-0.199413,0.050014,-0.000374,-0.000050,-0.000491,0.000000,TARE
3.720000,0.502806,-0.199414,0.050016,0.001040,-0.000645,0.000992,0.000000,TARE
3.721000,0.502805,-0.199411,0.050013,0.000025,0.000156,-0.000362,0.000000,TARE
3.722000,0.502806,-0.199412,0.050015,0.000714,-0.000147,0.000274,0.000000,TARE
3.723000,0.502807,-0.199411,0.050014,0.000598,0.000126,0.000133,0.000000,TARE
3.724000,0.502805,-0.199411,0.050015,0.000358,0.000355,0.000234,0.000000,TARE
3.725000,0.502803,-0.199414,0.050015,-0.000033,-0.000445,0.000307,0.000000,TARE
3.726000,0.502804,-0.199410,0.050013,-0.000226,0.000606,-0.000331,0.000000,TARE
3.727000,0.502803,-0.199412,0.050013,-0.000909,-0.000160,-0.000472,0.000000,TARE
3.728000,0.502806,-0.199408,0.050013,-0.000388,0.000651,-0.000381,0.000000,TARE
3.729000,0.502805,-0.199409,0.050014,-0.000865,0.001281,-0.000741,0.000000,TARE
3.730000,0.502809,-0.199410,0.050017,0.001160,0.000790,0.000691,0.000000,TARE
3.731000,0.502805,-0.199411,0.050012,-0.000391,0.000520,-0.001126,0.000000,TARE
3.732000,0.502808,-0.199410,0.050015,0.001136,0.000536,0.000090,0.000000,TARE
3.733000,0.502805,-0.199409,0.050014,0.000224,0.000908,-0.000223,0.000000,TARE
3.734000,0.502804,-0.199409,0.050012,-0.000298,0.000648,-0.000616,0.000000,TARE
3.735000,0.502803,-0.199409,0.050012,-0.000987,0.000791,-0.001157,0.000000,TARE
3.736000,0.502801,-0.199412,0.050012,-0.001670,-0.000396,-0.000925,0.000000,TARE
3.737000,0.502804,-0.199410,0.050013,-0.000484,0.000003,-0.000336,0.000000,TARE
3.738000,0.502806,-0.199412,0.050015,0.000413,0.000093,0.000178,0.000000,TARE
3.739000,0.502802,-0.199411,0.050012,-0.000553,-0.000011,-0.000351,0.000000,TARE
3.740000,0.502803,-0.199408,0.050011,-0.000260,0.000768,-0.000265,0.000000,TARE
3.741000,0.502803,-0.199409,0.050012,-0.000448,0.000049,-0.000030,0.000000,TARE
3.742000,0.502803,-0.199406,0.050011,-0.000384,0.001247,-0.000463,0.000000,TARE
3.743000,0.502804,-0.199408,0.050013,0.000260,0.000501,0.000287,0.000000,TARE
3.744000,0.502804,-0.199410,0.050012,0.000047,0.000148,0.000015,0.000000,TARE
3.745000,0.502803,-0.199410,0.050014,-0.000291,0.000188,0.000392,0.000000,TARE
3.746000,0.502801,-0.199409,0.050010,-0.001235,0.000033,-0.000763,0.000000,TARE
3.747000,0.502804,-0.199411,0.050013,-0.000527,-0.000487,0.000197,0.000000,TARE
3.748000,0.502806,-0.199410,0.050014,0.000005,-0.000366,0.000453,0.000000,TARE
3.749000,0.502807,-0.199408,0.050014,0.000608,0.000706,0.000350,0.000000,TARE
3.750000,0.502802,-0.199410,0.050011,-0.000956,-0.000054,-0.000549,0.000000,TARE
3.751000,0.502803,-0.199410,0.050012,0.000248,0.000622,-0.000101,0.000000,TARE
3.752000,0.502801,-0.199409,0.050010,-0.000533,0.001151,-0.001033,0.000000,TARE
3.753000,0.502806,-0.199409,0.050014,0.000816,0.000800,0.000469,0.000000,TARE
3.754000,0.502803,-0.199411,0.050013,-0.000565,-0.000295,-0.000033,0.000000,TARE
3.755000,0.502802,-0.199412,0.050012,-0.000151,0.000451,-0.000484,0.000000,TARE
3.756000,0.502804,-0.199411,0.050014,0.000291,0.000345,0.000303,0.000000,TARE
3.757000,0.502805,-0.199410,0.050014,0.000730,0.000411,0.000396,0.000000,TARE
3.758000,0.502802,-0.199412,0.050013,0.000014,-0.000697,0.000363,0.000000,TARE
3.759000,0.502801,-0.199411,0.050012,-0.000144,0.000051,0.000219,0.000000,TARE
3.760000,0.502803,-0.199412,0.050014,0.000578,-0.001000,0.001024,0.000000,TARE
3.761000,0.502805,-0.199410,0.050014,0.000863,-0.000748,0.001122,0.000000,TARE
3.762000,0.502805,-0.199407,0.050012,0.000404,0.000306,0.000147,0.000000,TARE
3.763000,0.502801,-0.199410,0.050011,-0.001177,-0.000930,-0.000463,0.000000,TARE
3.764000,0.502804,-0.199410,0.050014,0.000308,0.000353,0.000380,0.000000,TARE
3.765000,0.502805,-0.199413,0.050015,0.000360,-0.000510,0.000555,0.000000,TARE
3.766000,0.502805,-0.199411,0.050014,0.000388,-0.000168,0.000296,0.000000,TARE
3.767000,0.502804,-0.199408,0.050012,0.000766,0.000428,0.000158,0.000000,TARE
3.768000,0.502804,-0.199409,0.050013,0.000761,-0.000157,0.000275,0.000000,TARE
3.769000,0.502801,-0.199410,0.050012,-0.000599,-0.000612,-0.000201,0.000000,TARE
3.770000,0.502801,-0.199411,0.050013,-0.001252,-0.001088,0.000152,0.000000,TARE
3.771000,0.502806,-0.199407,0.050014,-0.000080,0.000317,0.000209,0.000000,TARE
3.772000,0.502802,-0.199408,0.050011,-0.001178,0.000679,-0.001121,0.000000,TARE
3.773000,0.502801,-0.199408,0.050009,-0.001648,0.000412,-0.001571,0.000000,TARE
3.774000,0.502803,-0.199409,0.050013,0.000104,-0.000097,0.000020,0.000000,TARE
3.775000,0.502803,-0.199406,0.050010,-0.000326,0.001288,-0.000936,0.000000,TARE
3.776000,0.502801,-0.199409,0.050010,-0.000862,-0.000139,-0.000552,0.000000,TARE
3.777000,0.502803,-0.199409,0.050012,-0.000085,0.000057,-0.000174,0.000000,TARE
3.778000,0.502802,-0.199405,0.050009,-0.000851,0.001145,-0.001190,0.000000,TARE
3.779000,0.502804,-0.199405,0.050012,-0.000290,0.000389,-0.000207,0.000000,TARE
3.780000,0.502804,-0.199404,0.050011,-0.000366,0.000394,-0.000661,0.000000,TARE
3.781000,0.502801,-0.199408,0.050011,-0.001562,-0.001744,-0.000083,0.000000,TARE
3.782000,0.502802,-0.199409,0.050011,-0.000800,-0.001591,0.000118,0.000000,TARE
3.783000,0.502801,-0.199407,0.050009,-0.001221,-0.000558,-0.000910,0.000000,TARE
3.784000,0.502801,-0.199404,0.050009,-0.001498,0.000101,-0.000994,0.000000,TARE
3.785000,0.502804,-0.199403,0.050011,-0.001214,0.000024,-0.000600,0.000000,TARE
3.786000,0.502801,-0.199406,0.050011,-0.001139,-0.000593,-0.000212,0.000000,TARE
3.787000,0.502804,-0.199404,0.050012,0.000675,0.000610,0.000536,0.000000,TARE
3.788000,0.502802,-0.199404,0.050009,-0.000498,0.000342,-0.000601,0.000000,TARE
3.789000,0.502802,-0.199405,0.050010,-0.000447,0.000236,-0.000587,0.000000,TARE
3.790000,0.502802,-0.199406,0.050009,-0.000382,-0.000108,-0.000735,0.000000,TARE
3.791000,0.502800,-0.199410,0.050011,-0.001237,-0.001497,-0.000288,0.000000,TARE
3.792000,0.502802,-0.199407,0.050010,-0.000578,-0.000082,-0.000636,0.000000,TARE
3.793000,0.502805,-0.199408,0.050013,0.000773,-0.000142,0.000345,0.000000,TARE
3.794000,0.502802,-0.199406,0.050010,-0.001202,0.000090,-0.000990,0.000000,TARE
3.795000,0.502800,-0.199411,0.050012,-0.000800,-0.000877,-0.000010,0.000000,TARE
3.796000,0.502801,-0.199409,0.050012,-0.000435,0.000163,-0.000334,0.000000,TARE
3.797000,0.502797,-0.199412,0.050011,-0.002232,-0.000793,-0.001181,0.000000,TARE
3.798000,0.502803,-0.199409,0.050013,0.000260,0.000782,0.000104,0.000000,TARE
3.799000,0.502801,-0.199412,0.050012,-0.000226,-0.000437,-0.000221,0.000000,TARE
3.800000,0.502802,-0.199409,0.050012,0.000416,0.001050,-0.000341,0.000000,TARE
3.801000,0.502806,-0.199409,0.050015,0.001531,0.000054,0.000773,0.000000,TARE
3.802000,0.502805,-0.199407,0.050013,0.001154,0.000878,0.000294,0.000000,TARE
3.803000,0.502802,-0.199409,0.050013,0.000328,0.000289,0.000109,0.000000,TARE
3.804000,0.502801,-0.199409,0.050012,0.000032,0.000000,0.000258,0.000000,TARE
3.805000,0.502803,-0.199407,0.050012,0.000853,0.000706,0.000429,0.000000,TARE
3.806000,0.502802,-0.199408,0.050012,0.000410,0.000519,0.000169,0.000000,TARE
3.807000,0.502800,-0.199409,0.050011,-0.000226,0.000554,-0.000251,0.000000,TARE
3.808000,0.502801,-0.199407,0.050010,-0.000313,0.000777,-0.000550,0.000000,TARE
3.809000,0.502798,-0.199410,0.050010,-0.000937,0.000059,-0.000681,0.000000,TARE
3.810000,0.502800,-0.199407,0.050010,0.000247,0.001434,-0.000133,0.000000,TARE
3.811000,0.502799,-0.199409,0.050010,0.000169,0.000645,-0.000009,0.000000,TARE
3.812000,0.502800,-0.199408,0.050011,0.000353,0.001039,-0.000259,0.000000,TARE
3.813000,0.502800,-0.199410,0.050010,0.000404,0.000588,-0.000337,0.000000,TARE
3.814000,0.502798,-0.199409,0.050009,0.000116,0.000743,-0.000307,0.000000,TARE
3.815000,0.502800,-0.199410,0.050012,0.000116,0.000346,0.000279,0.000000,TARE
3.816000,0.502800,-0.199407,0.050011,0.000319,0.001299,-0.000267,0.000000,TARE
3.817000,0.502801,-0.199407,0.050011,0.000307,0.001098,-0.000067,0.000000,TARE
3.818000,0.502798,-0.199406,0.050009,-0.001240,0.000889,-0.001150,0.000000,TARE
3.819000,0.502802,-0.199407,0.050012,0.000874,0.000449,0.000357,0.000000,TARE
3.820000,0.502800,-0.199410,0.050012,-0.000223,-0.000266,0.000055,0.000000,TARE
3.821000,0.502802,-0.199408,0.050013,0.000096,-0.000090,0.000581,0.000000,TARE
3.822000,0.502802,-0.199406,0.050011,-0.000034,0.000385,-0.000125,0.000000,TARE
3.823000,0.502801,-0.199406,0.050012,0.000174,0.000005,0.000331,0.000000,TARE
3.824000,0.502800,-0.199405,0.050010,-0.000177,0.000290,-0.000148,0.000000,TARE
3.825000,0.502797,-0.199407,0.050008,-0.001335,-0.000868,-0.000612,0.000000,TARE
3.826000,0.502799,-0.199408,0.050011,-0.000760,-0.001354,0.000019,0.000000,TARE
3.827000,0.502800,-0.199407,0.050011,-0.000132,-0.000728,0.000301,0.000000,TARE
3.828000,0.502801,-0.199403,0.050009,-0.000196,0.001080,-0.000680,0.000000,TARE
3.829000,0.502799,-0.199405,0.050008,-0.000999,0.000097,-0.000844,0.000000,TARE
3.830000,0.502804,-0.199405,0.050012,0.000484,0.000125,0.000247,0.000000,TARE
3.831000,0.502803,-0.199406,0.050011,-0.000640,-0.000566,-0.000647,0.000000,TARE
3.832000,0.502802,-0.199409,0.050013,-0.000246,-0.001710,0.000305,0.000000,TARE
3.833000,0.502802,-0.199406,0.050012,-0.000357,-0.000584,-0.000343,0.000000,TARE
3.834000,0.502803,-0.199407,0.050013,-0.000307,-0.001215,0.000285,0.000000,TARE
3.835000,0.502801,-0.199407,0.050012,-0.000824,-0.001201,0.000026,0.000000,TARE
3.836000,0.502798,-0.199407,0.050010,-0.000942,-0.000741,-0.000449,0.000000,TARE
3.837000,0.502802,-0.199406,0.050012,0.000478,-0.000032,0.000284,0.000000,TARE
3.838000,0.502804,-0.199408,0.050012,0.001004,-0.000489,0.000366,0.000000,TARE
3.839000,0.502802,-0.199405,0.050011,0.000438,0.000891,-0.000564,0.000000,TARE
3.840000,0.502802,-0.199405,0.050011,0.000614,0.000802,-0.000239,0.000000,TARE
3.841000,0.502801,-0.199405,0.050011,0.000315,0.000529,-0.000148,0.000000,TARE
3.842000,0.502804,-0.199407,0.050013,0.001572,-0.000228,0.000812,0.000000,TARE
3.843000,0.502802,-0.199406,0.050011,0.001289,0.000299,0.000536,0.000000,TARE
3.844000,0.502802,-0.199405,0.050010,0.000532,0.000431,-0.000189,0.000000,TARE
3.845000,0.502800,-0.199407,0.050010,-0.000601,-0.000384,-0.000334,0.000000,TARE
3.846000,0.502803,-0.199405,0.050012,0.000360,0.000352,0.000237,0.000000,TARE
3.847000,0.502806,-0.199404,0.050013,0.000842,0.000496,0.000452,0.000000,TARE
3.848000,0.502805,-0.199404,0.050012,0.000710,-0.000130,0.000035,0.000000,TARE
3.849000,0.502801,-0.199407,0.050010,-0.000482,-0.001591,0.000031,0.000000,TARE
3.850000,0.502804,-0.199406,0.050013,0.001039,-0.001114,0.001080,0.000000,TARE
3.851000,0.502802,-0.199405,0.050010,0.000021,-0.000789,0.000063,0.000000,TARE
3.852000,0.502804,-0.199404,0.050012,0.000405,-0.000071,0.000357,0.000000,TARE
3.853000,0.502802,-0.199407,0.050013,-0.000434,-0.001055,0.000340,0.000000,TARE
3.854000,0.502801,-0.199407,0.050011,-0.000667,-0.000456,-0.000450,0.000000,TARE
3.855000,0.502800,-0.199407,0.050011,-0.000952,-0.000388,-0.000769,0.000000,TARE
3.856000,0.502802,-0.199404,0.050011,-0.000088,0.000444,-0.000208,0.000000,TARE
3.857000,0.502799,-0.199403,0.050009,-0.001042,0.000635,-0.000901,0.000000,TARE
3.858000,0.502801,-0.199406,0.050012,0.000225,-0.000106,0.000135,0.000000,TARE
3.859000,0.502800,-0.199404,0.050010,0.000231,0.000830,-0.000165,0.000000,TARE
3.860000,0.502800,-0.199405,0.050011,0.000138,-0.000007,0.000108,0.000000,TARE
3.861000,0.502800,-0.199405,0.050010,0.000042,-0.000080,0.000003,0.000000,TARE
3.862000,0.502800,-0.199405,0.050011,-0.000037,-0.000554,0.000230,0.000000,TARE
3.863000,0.502802,-0.199406,0.050012,0.000749,-0.000495,0.000650,0.000000,TARE
3.864000,0.502800,-0.199405,0.050010,-0.000328,-0.000035,-0.000415,0.000000,TARE
3.865000,0.502801,-0.199403,0.050010,0.000675,0.000319,-0.000008,0.000000,TARE
3.866000,0.502802,-0.199405,0.050011,0.001247,-0.000297,0.000669,0.000000,TARE
3.867000,0.502798,-0.199407,0.050009,-0.000119,-0.001169,0.000094,0.000000,TARE
3.868000,0.502801,-0.199406,0.050011,0.000900,-0.000893,0.000745,0.000000,TARE
3.869000,0.502803,-0.199405,0.050012,0.000734,-0.000620,0.000631,0.000000,TARE
3.870000,0.502802,-0.199403,0.050010,0.000302,0.000152,0.000111,0.000000,TARE
3.871000,0.502801,-0.199405,0.050010,0.000068,-0.000427,0.000077,0.000000,TARE
3.872000,0.502801,-0.199405,0.050012,0.000382,0.000029,0.000373,0.000000,TARE
3.873000,0.502803,-0.199403,0.050010,0.001177,0.000834,0.000104,0.000000,TARE
3.874000,0.502799,-0.199405,0.050009,0.000339,0.000272,-0.000218,0.000000,TARE
3.875000,0.502802,-0.199405,0.050012,0.000917,-0.000427,0.000937,0.000000,TARE
3.876000,0.502801,-0.199400,0.050008,0.000081,0.001087,-0.000422,0.000000,TARE
3.877000,0.502802,-0.199403,0.050010,0.000564,0.000089,0.000310,0.000000,TARE
3.878000,0.502799,-0.199405,0.050011,-0.000667,-0.000456,0.000182,0.000000,TARE
3.879000,0.502802,-0.199401,0.050010,-0.000162,0.000953,-0.000122,0.000000,TARE
3.880000,0.502800,-0.199403,0.050009,-0.000294,0.000918,-0.000590,0.000000,TARE
3.881000,0.502799,-0.199403,0.050010,-0.000270,0.000940,-0.000333,0.000000,TARE
3.882000,0.502803,-0.199402,0.050012,0.000151,0.001046,0.000242,0.000000,TARE
3.883000,0.502801,-0.199404,0.050010,-0.000601,0.000017,-0.000333,0.000000,TARE
3.884000,0.502798,-0.199402,0.050007,-0.001080,0.000646,-0.001031,0.000000,TARE
3.885000,0.502798,-0.199404,0.050008,-0.001271,-0.000322,-0.000832,0.000000,TARE
3.886000,0.502800,-0.199406,0.050010,-0.000229,-0.001084,0.000204,0.000000,TARE
3.887000,0.502802,-0.199402,0.050010,0.000193,0.000499,-0.000272,0.000000,TARE
3.888000,0.502800,-0.199406,0.050011,0.000071,-0.000634,0.000316,0.000000,TARE
3.889000,0.502801,-0.199404,0.050011,-0.000160,-0.000259,0.000232,0.000000,TARE
3.890000,0.502800,-0.199404,0.050010,0.000161,-0.000529,0.000511,0.000000,TARE
3.891000,0.502802,-0.199404,0.050010,0.001041,-0.000848,0.000827,0.000000,TARE
3.892000,0.502799,-0.199404,0.050009,-0.000543,-0.000539,0.000211,0.000000,TARE
3.893000,0.502799,-0.199404,0.050009,-0.000173,-0.000689,0.000189,0.000000,TARE
3.894000,0.502799,-0.199403,0.050009,-0.000146,-0.000483,0.000458,0.000000,TARE
3.895000,0.502799,-0.199402,0.050007,-0.000196,-0.000374,-0.000006,0.000000,TARE
3.896000,0.502796,-0.199407,0.050009,-0.000291,-0.001382,0.000460,0.000000,TARE
3.897000,0.502798,-0.199403,0.050009,-0.000153,0.000230,0.000055,0.000000,TARE
3.898000,0.502799,-0.199402,0.050008,-0.000113,0.000070,-0.000135,0.000000,TARE
3.899000,0.502799,-0.199403,0.050010,0.000136,-0.000227,0.000597,0.000000,TARE
3.900000,0.502798,-0.199403,0.050009,-0.000159,-0.000327,0.000229,0.000000,TARE
3.901000,0.502797,-0.199404,0.050008,-0.001008,-0.000885,-0.000239,0.000000,TARE
3.902000,0.502798,-0.199404,0.050009,0.000241,-0.000459,0.000207,0.000000,TARE
3.903000,0.502796,-0.199404,0.050007,-0.000882,-0.000533,-0.000502,0.000000,TARE
3.904000,0.502796,-0.199407,0.050009,-0.000912,-0.001219,0.000217,0.000000,TARE
3.905000,0.502796,-0.199407,0.050010,-0.000508,-0.000716,0.000332,0.000000,TARE
3.906000,0.502800,-0.199403,0.050010,0.000613,0.000161,0.000486,0.000000,TARE
3.907000,0.502799,-0.199405,0.050009,0.000133,-0.000094,-0.000056,0.000000,TARE
3.908000,0.502794,-0.199406,0.050008,-0.001671,-0.000175,-0.000581,0.000000,TARE
3.909000,0.502800,-0.199401,0.050010,0.000766,0.001387,-0.000077,0.000000,TARE
3.910000,0.502798,-0.199405,0.050011,0.000456,0.000225,0.000306,0.000000,TARE
3.911000,0.502797,-0.199404,0.050010,-0.000141,0.001124,-0.000570,0.000000,TARE
3.912000,0.502801,-0.199405,0.050011,0.001082,0.000508,0.000039,0.000000,TARE
3.913000,0.502797,-0.199406,0.050010,-0.000310,0.000053,-0.000335,0.000000,TARE
3.914000,0.502800,-0.199404,0.050011,0.001001,0.000896,0.000147,0.000000,TARE
3.915000,0.502798,-0.199404,0.050009,0.000200,0.000568,-0.000194,0.000000,TARE
3.916000,0.502798,-0.199405,0.050009,-0.000261,-0.000097,-0.000262,0.000000,TARE
3.917000,0.502799,-0.199404,0.050010,0.000741,0.000116,0.000387,0.000000,TARE
3.918000,0.502798,-0.199406,0.050009,0.000624,-0.000699,0.000376,0.000000,TARE
3.919000,0.502798,-0.199405,0.050010,0.000488,0.000106,0.000318,0.000000,TARE
3.920000,0.502799,-0.199403,0.050010,0.001157,0.001008,0.000232,0.000000,TARE
3.921000,0.502801,-0.199403,0.050011,0.001250,0.000194,0.000845,0.000000,TARE
3.922000,0.502801,-0.199403,0.050010,0.001200,0.000252,0.000386,0.000000,TARE
3.923000,0.502802,-0.199402,0.050011,0.000955,0.000541,0.000260,0.000000,TARE
3.924000,0.502802,-0.199401,0.050011,0.000625,0.000340,0.000172,0.000000,TARE
3.925000,0.502802,-0.199404,0.050011,0.000344,-0.000553,0.000100,0.000000,TARE
3.926000,0.502803,-0.199401,0.050012,0.000734,0.000581,0.000414,0.000000,TARE
3.927000,0.502799,-0.199403,0.050009,0.000457,0.000077,-0.000033,0.000000,TARE
3.928000,0.502796,-0.199403,0.050008,-0.000266,-0.000292,-0.000187,0.000000,TARE
3.929000,0.502799,-0.199401,0.050008,0.000530,0.001095,-0.000377,0.000000,TARE
3.930000,0.502799,-0.199402,0.050009,0.000215,0.000006,0.000274,0.000000,TARE
3.931000,0.502796,-0.199403,0.050008,-0.000844,-0.000900,0.000112,0.000000,TARE
3.932000,0.502798,-0.199402,0.050008,-0.000117,-0.000108,-0.000076,0.000000,TARE
3.933000,0.502797,-0.199402,0.050009,-0.000476,-0.000306,0.000224,0.000000,TARE
3.934000,0.502796,-0.199406,0.050010,-0.000570,-0.001616,0.000631,0.000000,TARE
3.935000,0.502798,-0.199403,0.050008,-0.000163,0.000054,-0.000014,0.000000,TARE
3.936000,0.502799,-0.199404,0.050010,-0.000012,-0.000891,0.000479,0.000000,TARE
3.937000,0.502799,-0.199403,0.050010,0.000317,-0.000106,0.000578,0.000000,TARE
3.938000,0.502799,-0.199402,0.050011,0.000275,-0.000079,0.000819,0.000000,TARE
3.939000,0.502801,-0.199403,0.050012,0.000446,-0.000353,0.000820,0.000000,TARE
3.940000,0.502798,-0.199403,0.050010,-0.000062,0.000027,0.000410,0.000000,TARE
3.941000,0.502800,-0.199401,0.050009,0.000413,0.000938,-0.000031,0.000000,TARE
3.942000,0.502795,-0.199403,0.050006,-0.001132,0.000092,-0.001038,0.000000,TARE
3.943000,0.502795,-0.199405,0.050008,-0.001202,-0.000847,-0.000296,0.000000,TARE
3.944000,0.502800,-0.199403,0.050011,0.001349,0.000338,0.000894,0.000000,TARE
3.945000,0.502797,-0.199404,0.050010,0.000718,0.000155,0.000626,0.000000,TARE
3.946000,0.502795,-0.199404,0.050008,-0.001055,-0.000354,-0.000380,0.000000,TARE
3.947000,0.502796,-0.199403,0.050007,-0.000636,-0.000083,-0.000550,0.000000,TARE
3.948000,0.502800,-0.199400,0.050009,0.000018,0.001038,-0.000300,0.000000,TARE
3.949000,0.502796,-0.199402,0.050007,-0.000801,0.000363,-0.000957,0.000000,TARE
3.950000,0.502796,-0.199403,0.050008,-0.000729,-0.000864,-0.000002,0.000000,TARE
3.951000,0.502797,-0.199402,0.050009,-0.000412,-0.000361,0.000065,0.000000,TARE
3.952000,0.502795,-0.199404,0.050008,-0.000599,-0.000571,-0.000189,0.000000,TARE
3.953000,0.502798,-0.199401,0.050007,0.000446,0.000838,-0.000360,0.000000,TARE
3.954000,0.502801,-0.199401,0.050010,0.001718,0.000137,0.001053,0.000000,TARE
3.955000,0.502800,-0.199403,0.050011,0.001527,-0.000271,0.001163,0.000000,TARE
3.956000,0.502800,-0.199401,0.050009,0.001088,0.000785,0.000101,0.000000,TARE
3.957000,0.502797,-0.199403,0.050009,-0.000277,0.000208,-0.000532,0.000000,TARE
3.958000,0.502798,-0.199402,0.050009,-0.000805,0.000485,-0.000758,0.000000,TARE
3.959000,0.502797,-0.199400,0.050007,-0.000653,0.001082,-0.001165,0.000000,TARE
3.960000,0.502798,-0.199404,0.050009,-0.000306,-0.000205,-0.000410,0.000000,TARE
3.961000,0.502800,-0.199401,0.050010,0.000076,0.000221,-0.000143,0.000000,TARE
3.962000,0.502799,-0.199401,0.050010,0.000236,0.000103,0.000232,0.000000,TARE
3.963000,0.502799,-0.199403,0.050009,-0.000359,-0.000823,-0.000137,0.000000,TARE
3.964000,0.502800,-0.199398,0.050008,0.000583,0.000767,-0.000019,0.000000,TARE
3.965000,0.502803,-0.199397,0.050011,0.001344,0.001331,0.000485,0.000000,TARE
3.966000,0.502802,-0.199396,0.050009,0.000571,0.001277,-0.000285,0.000000,TARE
3.967000,0.502800,-0.199401,0.050010,0.000128,-0.000461,0.000418,0.000000,TARE
3.968000,0.502799,-0.199398,0.050008,-0.000157,0.000805,-0.000461,0.000000,TARE
3.969000,0.502801,-0.199399,0.050010,0.000745,0.000492,0.000604,0.000000,TARE
3.970000,0.502801,-0.199400,0.050010,-0.000363,-0.000199,0.000026,0.000000,TARE
3.971000,0.502799,-0.199400,0.050008,-0.000668,-0.000387,-0.000415,0.000000,TARE
3.972000,0.502800,-0.199400,0.050009,-0.000499,-0.000157,-0.000237,0.000000,TARE
3.973000,0.502800,-0.199397,0.050007,-0.000276,0.000431,-0.000537,0.000000,TARE
3.974000,0.502796,-0.199399,0.050007,-0.002002,-0.000393,-0.000804,0.000000,TARE
3.975000,0.502798,-0.199402,0.050009,-0.001144,-0.001190,-0.000001,0.000000,TARE
3.976000,0.502801,-0.199399,0.050009,0.000102,0.000127,0.000108,0.000000,TARE
3.977000,0.502797,-0.199401,0.050007,-0.000967,-0.001035,-0.000285,0.000000,TARE
3.978000,0.502799,-0.199400,0.050008,-0.000370,-0.000217,-0.000003,0.000000,TARE
3.979000,0.502798,-0.199399,0.050008,-0.000269,0.000750,-0.000335,0.000000,TARE
3.980000,0.502795,-0.199402,0.050008,-0.000878,-0.000413,-0.000067,0.000000,TARE
3.981000,0.502795,-0.199401,0.050006,-0.001239,-0.000073,-0.000729,0.000000,TARE
3.982000,0.502798,-0.199398,0.050007,-0.000168,0.000630,-0.000446,0.000000,TARE
3.983000,0.502796,-0.199404,0.050009,-0.000803,-0.000963,-0.000022,0.000000,TARE
3.984000,0.502795,-0.199402,0.050007,-0.001243,-0.000393,-0.000583,0.000000,TARE
3.985000,0.502795,-0.199403,0.050008,-0.000927,-0.000696,-0.000274,0.000000,TARE
3.986000,0.502793,-0.199404,0.050007,-0.001726,-0.001140,-0.000560,0.000000,TARE
3.987000,0.502795,-0.199405,0.050007,-0.000670,-0.001095,-0.000230,0.000000,TARE
3.988000,0.502797,-0.199403,0.050009,-0.000086,0.000174,-0.000177,0.000000,TARE
3.989000,0.502798,-0.199401,0.050008,-0.000008,0.000683,-0.000454,0.000000,TARE
3.990000,0.502793,-0.199401,0.050006,-0.001333,0.000757,-0.001092,0.000000,TARE
3.991000,0.502798,-0.199403,0.050009,0.000534,-0.000426,0.000742,0.000000,TARE
3.992000,0.502797,-0.199404,0.050009,0.000169,-0.000241,0.000123,0.000000,TARE
3.993000,0.502801,-0.199402,0.050011,0.001701,0.000020,0.001210,0.000000,TARE
3.994000,0.502794,-0.199403,0.050006,-0.000620,-0.000172,-0.000534,0.000000,TARE
3.995000,0.502794,-0.199405,0.050008,0.000116,-0.000629,0.000231,0.000000,TARE
3.996000,0.502795,-0.199403,0.050008,0.000489,0.000188,-0.000130,0.000000,TARE
3.997000,0.502794,-0.199406,0.050008,-0.000793,-0.000982,-0.000343,0.000000,TARE
3.998000,0.502796,-0.199402,0.050008,-0.000263,0.000736,-0.000488,0.000000,TARE
3.999000,0.502799,-0.199403,0.050012,0.001235,0.000068,0.001255,0.000000,TARE
4.000000,0.502798,-0.199404,0.050010,0.000082,-0.000371,-0.000110,0.000000,TARE
4.001000,0.502797,-0.199403,0.050010,0.000553,0.000263,0.000019,0.000000,TARE
4.002000,0.502797,-0.199405,0.050009,0.000445,-0.000694,0.000064,0.000000,TARE
4.003000,0.502798,-0.199403,0.050009,0.000482,0.000347,-0.000077,0.000000,TARE
4.004000,0.502797,-0.199401,0.050007,0.000512,0.000612,-0.000630,0.000000,TARE
4.005000,0.502798,-0.199402,0.050010,0.000529,0.000275,-0.000017,0.000000,TARE
4.006000,0.502797,-0.199402,0.050009,0.000094,0.000143,-0.000394,0.000000,TARE
4.007000,0.502796,-0.199401,0.050008,0.000567,0.000826,-0.000086,0.000000,TARE
4.008000,0.502799,-0.199400,0.050009,0.001449,0.001059,0.000015,0.000000,TARE
4.009000,0.502794,-0.199400,0.050006,-0.000064,0.000931,-0.000637,0.000000,TARE
4.010000,0.502799,-0.199399,0.050009,0.000678,0.000850,-0.000250,0.000000,TARE
4.011000,0.502796,-0.199399,0.050007,-0.000134,0.000513,-0.000657,0.000000,TARE
4.012000,0.502797,-0.199401,0.050008,-0.000016,0.000156,-0.000260,0.000000,TARE
4.013000,0.502796,-0.199403,0.050009,-0.000452,-0.000638,0.000098,0.000000,TARE
4.014000,0.502796,-0.199399,0.050007,0.000198,0.001341,-0.000534,0.000000,TARE
4.015000,0.502796,-0.199401,0.050008,0.000440,0.000318,0.000215,0.000000,TARE
4.016000,0.502796,-0.199402,0.050009,0.000090,-0.000073,0.000074,0.000000,TARE
4.017000,0.502797,-0.199402,0.050009,0.000585,-0.000144,0.000415,0.000000,TARE
4.018000,0.502795,-0.199400,0.050006,0.000317,0.001049,-0.000775,0.000000,TARE
4.019000,0.502791,-0.199405,0.050005,-0.001527,-0.000798,-0.001024,0.000000,TARE
4.020000,0.502797,-0.199401,0.050009,0.001360,0.000539,0.000864,0.000000,TARE
4.021000,0.502793,-0.199402,0.050007,0.000084,0.000416,-0.000040,0.000000,TARE
4.022000,0.502798,-0.199402,0.050009,0.000766,-0.000388,0.000434,0.000000,TARE
4.023000,0.502795,-0.199402,0.050007,-0.000484,-0.000461,-0.000129,0.000000,TARE
4.024000,0.502798,-0.199399,0.050009,0.001038,0.000215,0.000707,0.000000,TARE
4.025000,0.502798,-0.199401,0.050009,0.000574,-0.000479,0.000443,0.000000,TARE
4.026000,0.502794,-0.199400,0.050006,-0.000628,-0.000075,-0.000638,0.000000,TARE
4.027000,0.502798,-0.199397,0.050008,0.002066,0.001320,0.000636,0.000000,TARE
4.028000,0.502796,-0.199403,0.050008,0.000854,-0.000710,0.000298,0.000000,TARE
4.029000,0.502793,-0.199401,0.050006,0.000200,0.000350,-0.000171,0.000000,TARE
4.030000,0.502798,-0.199399,0.050009,0.001571,0.000868,0.000697,0.000000,TARE
4.031000,0.502793,-0.199402,0.050007,-0.000258,-0.000521,-0.000057,0.000000,TARE
4.032000,0.502793,-0.199401,0.050005,-0.001048,0.000015,-0.001059,0.000000,TARE
4.033000,0.502795,-0.199402,0.050008,-0.000063,-0.000194,0.000116,0.000000,TARE
4.034000,0.502796,-0.199400,0.050008,0.000245,0.000658,-0.000276,0.000000,TARE
