t,x,y,z,vx,vy,vz,Fz,phase
0.000000,0.419432,-0.104784,-0.172995,0.000226,-0.001449,0.000329,11.130983,WAIT_USER_CONFIRM
0.001000,0.419440,-0.104784,-0.172991,0.003065,-0.000904,0.001490,11.131015,WAIT_USER_CONFIRM
0.002000,0.419432,-0.104783,-0.172994,0.000760,-0.000566,0.000566,11.131177,WAIT_USER_CONFIRM
0.003000,0.419434,-0.104782,-0.172993,0.002160,0.000326,0.001026,11.131613,WAIT_USER_CONFIRM
0.004000,0.419428,-0.104780,-0.172998,0.000257,0.000753,-0.000244,11.132458,WAIT_USER_CONFIRM
0.005000,0.419428,-0.104780,-0.172998,-0.000291,0.000455,-0.000212,11.133778,WAIT_USER_CONFIRM
0.006000,0.419431,-0.104782,-0.172996,0.000308,-0.000230,-0.000058,11.135507,WAIT_USER_CONFIRM
0.007000,0.419433,-0.104785,-0.172993,0.000336,-0.000499,0.000787,11.137447,WAIT_USER_CONFIRM
0.008000,0.419442,-0.104787,-0.172986,0.002436,-0.000547,0.002242,11.139361,WAIT_USER_CONFIRM
0.009000,0.419451,-0.104794,-0.172977,0.004810,-0.002319,0.004477,11.141126,WAIT_USER_CONFIRM
0.010000,0.419465,-0.104798,-0.172964,0.006973,-0.002314,0.006762,11.142881,WAIT_USER_CONFIRM
0.011000,0.419481,-0.104806,-0.172949,0.009263,-0.004180,0.008969,11.145121,WAIT_USER_CONFIRM
0.012000,0.419499,-0.104818,-0.172929,0.011093,-0.006931,0.011645,11.148699,WAIT_USER_CONFIRM
0.013000,0.419525,-0.104826,-0.172909,0.015015,-0.007098,0.014008,11.154752,WAIT_USER_CONFIRM
0.014000,0.419552,-0.104835,-0.172886,0.018237,-0.007652,0.016206,11.164579,WAIT_USER_CONFIRM
0.015000,0.419579,-0.104846,-0.172863,0.020508,-0.008536,0.017964,11.179491,WAIT_USER_CONFIRM
0.016000,0.419611,-0.104854,-0.172840,0.024010,-0.008609,0.019613,11.200639,WAIT_USER_CONFIRM
0.017000,0.419651,-0.104864,-0.172812,0.029959,-0.009193,0.022719,11.228865,WAIT_USER_CONFIRM
0.018000,0.419685,-0.104879,-0.172785,0.032387,-0.010705,0.024289,11.264622,WAIT_USER_CONFIRM
0.019000,0.419725,-0.104892,-0.172757,0.035102,-0.011812,0.025830,11.307961,WAIT_USER_CONFIRM
0.020000,0.419763,-0.104904,-0.172731,0.036708,-0.012333,0.026208,11.358499,WAIT_USER_CONFIRM
0.021000,0.419808,-0.104920,-0.172700,0.040181,-0.013727,0.028212,11.415365,WAIT_USER_CONFIRM
0.022000,0.419853,-0.104934,-0.172669,0.043000,-0.014116,0.029681,11.477212,WAIT_USER_CONFIRM
0.023000,0.419901,-0.104950,-0.172636,0.045450,-0.015092,0.031259,11.542340,WAIT_USER_CONFIRM
0.024000,0.419948,-0.104964,-0.172605,0.045901,-0.015231,0.031516,11.608864,WAIT_USER_CONFIRM
0.025000,0.419998,-0.104976,-0.172573,0.047452,-0.014060,0.031507,11.674817,WAIT_USER_CONFIRM
0.026000,0.420052,-0.104994,-0.172538,0.049938,-0.015112,0.032890,11.738180,WAIT_USER_CONFIRM
0.027000,0.420101,-0.105007,-0.172506,0.050601,-0.014534,0.032916,11.796922,WAIT_USER_CONFIRM
0.028000,0.420156,-0.105025,-0.172470,0.051888,-0.015879,0.033830,11.849083,WAIT_USER_CONFIRM
0.029000,0.420209,-0.105041,-0.172438,0.052251,-0.015536,0.033531,11.892843,WAIT_USER_CONFIRM
0.030000,0.420260,-0.105056,-0.172405,0.050837,-0.015418,0.032875,11.926546,WAIT_USER_CONFIRM
0.031000,0.420318,-0.105073,-0.172368,0.052416,-0.015853,0.033653,11.948682,WAIT_USER_CONFIRM
0.032000,0.420377,-0.105091,-0.172333,0.053855,-0.016799,0.034209,11.957916,WAIT_USER_CONFIRM
0.033000,0.420435,-0.105110,-0.172298,0.054111,-0.017124,0.033999,11.953151,WAIT_USER_CONFIRM
0.034000,0.420494,-0.105129,-0.172260,0.055285,-0.017192,0.034672,11.933582,WAIT_USER_CONFIRM
0.035000,0.420553,-0.105147,-0.172222,0.055351,-0.017355,0.034995,11.898713,WAIT_USER_CONFIRM
0.036000,0.420612,-0.105168,-0.172185,0.055351,-0.018694,0.035226,11.848401,WAIT_USER_CONFIRM
0.037000,0.420675,-0.105182,-0.172146,0.057222,-0.017126,0.036301,11.782870,WAIT_USER_CONFIRM
0.038000,0.420733,-0.105203,-0.172108,0.057503,-0.018130,0.036736,11.702718,WAIT_USER_CONFIRM
0.039000,0.420799,-0.105223,-0.172066,0.059351,-0.018538,0.038179,11.608916,WAIT_USER_CONFIRM
0.040000,0.420861,-0.105242,-0.172026,0.059687,-0.018754,0.038755,11.502788,WAIT_USER_CONFIRM
0.041000,0.420926,-0.105265,-0.171983,0.061602,-0.019228,0.039750,11.385962,WAIT_USER_CONFIRM
0.042000,0.420994,-0.105289,-0.171939,0.063127,-0.020542,0.040900,11.260286,WAIT_USER_CONFIRM
0.043000,0.421067,-0.105308,-0.171894,0.066726,-0.020136,0.042653,11.127730,WAIT_USER_CONFIRM
0.044000,0.421141,-0.105330,-0.171847,0.069568,-0.020561,0.044223,10.990331,WAIT_USER_CONFIRM
0.045000,0.421214,-0.105354,-0.171799,0.071102,-0.021424,0.045512,10.850165,WAIT_USER_CONFIRM
0.046000,0.421295,-0.105376,-0.171747,0.073813,-0.021772,0.047317,10.709324,WAIT_USER_CONFIRM
0.047000,0.421370,-0.105402,-0.171696,0.075256,-0.022716,0.048602,10.569872,WAIT_USER_CONFIRM
0.048000,0.421452,-0.105432,-0.171641,0.077125,-0.024874,0.050647,10.433826,WAIT_USER_CONFIRM
0.049000,0.421539,-0.105459,-0.171586,0.080360,-0.025817,0.051979,10.303108,WAIT_USER_CONFIRM
0.050000,0.421615,-0.105485,-0.171534,0.078874,-0.026161,0.051906,10.179482,WAIT_USER_CONFIRM
0.051000,0.421697,-0.105513,-0.171481,0.079716,-0.026860,0.052553,10.064428,WAIT_USER_CONFIRM
0.052000,0.421782,-0.105540,-0.171425,0.082165,-0.026870,0.053722,9.959043,WAIT_USER_CONFIRM
0.053000,0.421867,-0.105563,-0.171369,0.082779,-0.025772,0.054448,9.864035,WAIT_USER_CONFIRM
0.054000,0.421953,-0.105586,-0.171312,0.083411,-0.024923,0.054958,9.779800,WAIT_USER_CONFIRM
0.055000,0.422045,-0.105615,-0.171251,0.086059,-0.026259,0.056806,9.706522,WAIT_USER_CONFIRM
0.056000,0.422131,-0.105644,-0.171193,0.086285,-0.027180,0.057491,9.644251,WAIT_USER_CONFIRM
0.057000,0.422224,-0.105674,-0.171132,0.088576,-0.028546,0.058754,9.592935,WAIT_USER_CONFIRM
0.058000,0.422310,-0.105704,-0.171074,0.087334,-0.028912,0.058221,9.552392,WAIT_USER_CONFIRM
0.059000,0.422396,-0.105738,-0.171016,0.086837,-0.030333,0.057943,9.522215,WAIT_USER_CONFIRM
0.060000,0.422484,-0.105767,-0.170958,0.086347,-0.030213,0.057620,9.501673,WAIT_USER_CONFIRM
0.061000,0.422574,-0.105797,-0.170899,0.087765,-0.029969,0.057918,9.489683,WAIT_USER_CONFIRM
0.062000,0.422664,-0.105832,-0.170840,0.087921,-0.031182,0.058091,9.484869,WAIT_USER_CONFIRM
0.063000,0.422765,-0.105867,-0.170775,0.091993,-0.031811,0.060397,9.485699,WAIT_USER_CONFIRM
0.064000,0.422862,-0.105895,-0.170711,0.092734,-0.030960,0.061087,9.490677,WAIT_USER_CONFIRM
0.065000,0.422948,-0.105934,-0.170650,0.090164,-0.033284,0.060705,9.498523,WAIT_USER_CONFIRM
0.066000,0.423043,-0.105966,-0.170587,0.091277,-0.032773,0.061356,9.508226,WAIT_USER_CONFIRM
0.067000,0.423133,-0.105999,-0.170527,0.090468,-0.032988,0.060664,9.518989,WAIT_USER_CONFIRM
0.068000,0.423230,-0.106031,-0.170463,0.092199,-0.032673,0.061211,9.530147,WAIT_USER_CONFIRM
0.069000,0.423319,-0.106069,-0.170403,0.091955,-0.033857,0.061067,9.541112,WAIT_USER_CONFIRM
0.070000,0.423414,-0.106108,-0.170338,0.092333,-0.036013,0.062247,9.551348,WAIT_USER_CONFIRM
0.071000,0.423514,-0.106147,-0.170269,0.094883,-0.036997,0.064511,9.560416,WAIT_USER_CONFIRM
0.072000,0.423608,-0.106188,-0.170204,0.094450,-0.038797,0.064958,9.568092,WAIT_USER_CONFIRM
0.073000,0.423707,-0.106225,-0.170138,0.095550,-0.038166,0.065288,9.574440,WAIT_USER_CONFIRM
0.074000,0.423808,-0.106263,-0.170070,0.097256,-0.038339,0.066135,9.579759,WAIT_USER_CONFIRM
0.075000,0.423907,-0.106298,-0.170005,0.097046,-0.036784,0.065628,9.584458,WAIT_USER_CONFIRM
0.076000,0.424008,-0.106337,-0.169937,0.098706,-0.037552,0.066209,9.588962,WAIT_USER_CONFIRM
0.077000,0.424109,-0.106373,-0.169873,0.099315,-0.037166,0.065797,9.593614,WAIT_USER_CONFIRM
0.078000,0.424206,-0.106409,-0.169808,0.099004,-0.036459,0.065481,9.598579,WAIT_USER_CONFIRM
0.079000,0.424306,-0.106445,-0.169742,0.099688,-0.036182,0.066058,9.603793,WAIT_USER_CONFIRM
0.080000,0.424403,-0.106485,-0.169677,0.098747,-0.037268,0.065838,9.609014,WAIT_USER_CONFIRM
0.081000,0.424498,-0.106521,-0.169614,0.098662,-0.036835,0.065230,9.613912,WAIT_USER_CONFIRM
0.082000,0.424590,-0.106562,-0.169551,0.096998,-0.037846,0.064567,9.618096,WAIT_USER_CONFIRM
0.083000,0.424692,-0.106600,-0.169486,0.098634,-0.038191,0.064876,9.621083,WAIT_USER_CONFIRM
0.084000,0.424790,-0.106632,-0.169422,0.098195,-0.036639,0.064241,9.622275,WAIT_USER_CONFIRM
0.085000,0.424900,-0.106662,-0.169355,0.101771,-0.034131,0.064992,9.620997,WAIT_USER_CONFIRM
0.086000,0.425003,-0.106691,-0.169290,0.102164,-0.032548,0.065128,9.616609,WAIT_USER_CONFIRM
0.087000,0.425105,-0.106729,-0.169222,0.101879,-0.034140,0.066193,9.608647,WAIT_USER_CONFIRM
0.088000,0.425210,-0.106766,-0.169153,0.102548,-0.035107,0.067054,9.596948,WAIT_USER_CONFIRM
0.089000,0.425317,-0.106805,-0.169084,0.103865,-0.035802,0.067551,9.581692,WAIT_USER_CONFIRM
0.090000,0.425414,-0.106835,-0.169022,0.101009,-0.034603,0.065551,9.563309,WAIT_USER_CONFIRM
0.091000,0.425507,-0.106866,-0.168960,0.098343,-0.033163,0.064147,9.542272,WAIT_USER_CONFIRM
0.092000,0.425595,-0.106896,-0.168901,0.096088,-0.032047,0.062975,9.518873,WAIT_USER_CONFIRM
0.093000,0.425700,-0.106930,-0.168833,0.098661,-0.032277,0.064481,9.493165,WAIT_USER_CONFIRM
0.094000,0.425801,-0.106964,-0.168768,0.099857,-0.033023,0.064835,9.465059,WAIT_USER_CONFIRM
0.095000,0.425908,-0.107000,-0.168698,0.102679,-0.034419,0.066810,9.434510,WAIT_USER_CONFIRM
0.096000,0.426010,-0.107034,-0.168632,0.102227,-0.034427,0.066819,9.401643,WAIT_USER_CONFIRM
0.097000,0.426104,-0.107077,-0.168565,0.100056,-0.037173,0.067050,9.366802,WAIT_USER_CONFIRM
0.098000,0.426199,-0.107112,-0.168501,0.098476,-0.036703,0.065970,9.330502,WAIT_USER_CONFIRM
0.099000,0.426307,-0.107144,-0.168433,0.101263,-0.035279,0.066903,9.293332,WAIT_USER_CONFIRM
0.100000,0.426411,-0.107177,-0.168366,0.102839,-0.034055,0.067120,9.255883,WAIT_USER_CONFIRM
0.101000,0.426514,-0.107211,-0.168297,0.103411,-0.033984,0.067837,9.218755,WAIT_USER_CONFIRM
0.102000,0.426617,-0.107242,-0.168228,0.103367,-0.033088,0.068204,9.182574,WAIT_USER_CONFIRM
0.103000,0.426712,-0.107276,-0.168162,0.101415,-0.033069,0.067786,9.148013,WAIT_USER_CONFIRM
0.104000,0.426814,-0.107308,-0.168092,0.101430,-0.032417,0.068249,9.115783,WAIT_USER_CONFIRM
0.105000,0.426913,-0.107344,-0.168024,0.102027,-0.033476,0.069119,9.086614,WAIT_USER_CONFIRM
0.106000,0.427011,-0.107379,-0.167957,0.100921,-0.034298,0.068163,9.061256,WAIT_USER_CONFIRM
0.107000,0.427118,-0.107416,-0.167886,0.102451,-0.035247,0.068875,9.040404,WAIT_USER_CONFIRM
0.108000,0.427219,-0.107448,-0.167819,0.101901,-0.033827,0.068115,9.024581,WAIT_USER_CONFIRM
0.109000,0.427322,-0.107481,-0.167750,0.101824,-0.033262,0.068247,9.014064,WAIT_USER_CONFIRM
0.110000,0.427429,-0.107515,-0.167680,0.103592,-0.033337,0.068735,9.008900,WAIT_USER_CONFIRM
0.111000,0.427527,-0.107551,-0.167612,0.101145,-0.034049,0.068186,9.008970,WAIT_USER_CONFIRM
0.112000,0.427633,-0.107591,-0.167540,0.102544,-0.035903,0.069416,9.014054,WAIT_USER_CONFIRM
0.113000,0.427729,-0.107628,-0.167475,0.099449,-0.035885,0.067652,9.023862,WAIT_USER_CONFIRM
0.114000,0.427831,-0.107657,-0.167408,0.099463,-0.033855,0.067020,9.038016,WAIT_USER_CONFIRM
0.115000,0.427927,-0.107688,-0.167342,0.098509,-0.032599,0.066474,9.055990,WAIT_USER_CONFIRM
0.116000,0.428020,-0.107721,-0.167277,0.097147,-0.032993,0.066181,9.077119,WAIT_USER_CONFIRM
0.117000,0.428125,-0.107748,-0.167210,0.098566,-0.031738,0.066341,9.100667,WAIT_USER_CONFIRM
0.118000,0.428229,-0.107778,-0.167141,0.101003,-0.030956,0.067326,9.125898,WAIT_USER_CONFIRM
0.119000,0.428336,-0.107809,-0.167071,0.102841,-0.030872,0.068412,9.152145,WAIT_USER_CONFIRM
0.120000,0.428436,-0.107842,-0.167003,0.102523,-0.031690,0.068622,9.178906,WAIT_USER_CONFIRM
0.121000,0.428539,-0.107878,-0.166934,0.102252,-0.033601,0.068516,9.205871,WAIT_USER_CONFIRM
0.122000,0.428639,-0.107912,-0.166867,0.100417,-0.033379,0.067423,9.232845,WAIT_USER_CONFIRM
0.123000,0.428741,-0.107941,-0.166803,0.100131,-0.031986,0.065929,9.259570,WAIT_USER_CONFIRM
0.124000,0.428848,-0.107973,-0.166737,0.101910,-0.031764,0.065814,9.285562,WAIT_USER_CONFIRM
0.125000,0.428946,-0.108003,-0.166672,0.100675,-0.030850,0.065308,9.310040,WAIT_USER_CONFIRM
0.126000,0.429038,-0.108029,-0.166611,0.097809,-0.029472,0.064110,9.332004,WAIT_USER_CONFIRM
0.127000,0.429136,-0.108056,-0.166547,0.097885,-0.028692,0.064350,9.350393,WAIT_USER_CONFIRM
0.128000,0.429236,-0.108083,-0.166483,0.098434,-0.028011,0.064107,9.364235,WAIT_USER_CONFIRM
0.129000,0.429337,-0.108110,-0.166419,0.099185,-0.027881,0.064260,9.372745,WAIT_USER_CONFIRM
0.130000,0.429434,-0.108140,-0.166357,0.099475,-0.029047,0.063888,9.375350,WAIT_USER_CONFIRM
0.131000,0.429527,-0.108169,-0.166297,0.097489,-0.029057,0.062847,9.371656,WAIT_USER_CONFIRM
0.132000,0.429624,-0.108200,-0.166232,0.096908,-0.029486,0.063138,9.361393,WAIT_USER_CONFIRM
0.133000,0.429721,-0.108227,-0.166170,0.096585,-0.029084,0.062915,9.344410,WAIT_USER_CONFIRM
0.134000,0.429820,-0.108256,-0.166107,0.097487,-0.029330,0.063092,9.320733,WAIT_USER_CONFIRM
0.135000,0.429921,-0.108285,-0.166042,0.097475,-0.029664,0.063256,9.290582,WAIT_USER_CONFIRM
0.136000,0.430015,-0.108314,-0.165979,0.096733,-0.029604,0.063541,9.254378,WAIT_USER_CONFIRM
0.137000,0.430102,-0.108346,-0.165919,0.093110,-0.030457,0.062219,9.212742,WAIT_USER_CONFIRM
0.138000,0.430188,-0.108377,-0.165859,0.090704,-0.030393,0.061149,9.166465,WAIT_USER_CONFIRM
0.139000,0.430280,-0.108403,-0.165799,0.090674,-0.029339,0.060482,9.116406,WAIT_USER_CONFIRM
0.140000,0.430376,-0.108433,-0.165736,0.092208,-0.029300,0.061086,9.063385,WAIT_USER_CONFIRM
0.141000,0.430468,-0.108468,-0.165673,0.092393,-0.031277,0.061946,9.008160,WAIT_USER_CONFIRM
0.142000,0.430567,-0.108495,-0.165607,0.093649,-0.029411,0.062804,8.951500,WAIT_USER_CONFIRM
0.143000,0.430655,-0.108519,-0.165546,0.092431,-0.027449,0.062054,8.894283,WAIT_USER_CONFIRM
0.144000,0.430749,-0.108546,-0.165482,0.092595,-0.027540,0.062539,8.837541,WAIT_USER_CONFIRM
0.145000,0.430847,-0.108574,-0.165418,0.093853,-0.027847,0.063041,8.782407,WAIT_USER_CONFIRM
0.146000,0.430940,-0.108604,-0.165356,0.094017,-0.028681,0.062977,8.730044,WAIT_USER_CONFIRM
0.147000,0.431034,-0.108630,-0.165295,0.093914,-0.028053,0.062401,8.681536,WAIT_USER_CONFIRM
0.148000,0.431126,-0.108662,-0.165231,0.093313,-0.029478,0.062767,8.637762,WAIT_USER_CONFIRM
0.149000,0.431215,-0.108693,-0.165169,0.092090,-0.030435,0.063054,8.599356,WAIT_USER_CONFIRM
0.150000,0.431300,-0.108723,-0.165109,0.090184,-0.029974,0.061990,8.566752,WAIT_USER_CONFIRM
0.151000,0.431385,-0.108752,-0.165048,0.088728,-0.029862,0.061569,8.540239,WAIT_USER_CONFIRM
0.152000,0.431467,-0.108776,-0.164994,0.087250,-0.027867,0.059573,8.519928,WAIT_USER_CONFIRM
0.153000,0.431565,-0.108801,-0.164932,0.090686,-0.026963,0.060236,8.505672,WAIT_USER_CONFIRM
0.154000,0.431656,-0.108817,-0.164874,0.091539,-0.023545,0.059799,8.497049,WAIT_USER_CONFIRM
0.155000,0.431751,-0.108841,-0.164812,0.092761,-0.023848,0.060408,8.493467,WAIT_USER_CONFIRM
0.156000,0.431840,-0.108871,-0.164752,0.091295,-0.025683,0.060103,8.494304,WAIT_USER_CONFIRM
0.157000,0.431928,-0.108904,-0.164693,0.089908,-0.028694,0.059967,8.498986,WAIT_USER_CONFIRM
0.158000,0.432014,-0.108930,-0.164635,0.087760,-0.028567,0.058930,8.506940,WAIT_USER_CONFIRM
0.159000,0.432100,-0.108959,-0.164578,0.087190,-0.028603,0.058274,8.517520,WAIT_USER_CONFIRM
0.160000,0.432183,-0.108978,-0.164524,0.085871,-0.025458,0.056901,8.529976,WAIT_USER_CONFIRM
0.161000,0.432267,-0.109000,-0.164472,0.085279,-0.023644,0.055346,8.543471,WAIT_USER_CONFIRM
0.162000,0.432355,-0.109023,-0.164415,0.086372,-0.023048,0.055613,8.557112,WAIT_USER_CONFIRM
0.163000,0.432445,-0.109044,-0.164359,0.088444,-0.022781,0.056275,8.570010,WAIT_USER_CONFIRM
0.164000,0.432531,-0.109068,-0.164301,0.087914,-0.023035,0.057122,8.581404,WAIT_USER_CONFIRM
0.165000,0.432616,-0.109095,-0.164243,0.087076,-0.024557,0.057431,8.590814,WAIT_USER_CONFIRM
0.166000,0.432695,-0.109120,-0.164188,0.084750,-0.024362,0.056789,8.598126,WAIT_USER_CONFIRM
0.167000,0.432770,-0.109141,-0.164138,0.082197,-0.022946,0.054760,8.603532,WAIT_USER_CONFIRM
0.168000,0.432846,-0.109167,-0.164088,0.080573,-0.023547,0.053418,8.607335,WAIT_USER_CONFIRM
0.169000,0.432927,-0.109189,-0.164035,0.080992,-0.022770,0.053227,8.609729,WAIT_USER_CONFIRM
0.170000,0.433009,-0.109208,-0.163983,0.081355,-0.021553,0.053218,8.610706,WAIT_USER_CONFIRM
0.171000,0.433093,-0.109228,-0.163929,0.082756,-0.020540,0.053399,8.610119,WAIT_USER_CONFIRM
0.172000,0.433173,-0.109247,-0.163878,0.082752,-0.020241,0.053278,8.607808,WAIT_USER_CONFIRM
0.173000,0.433257,-0.109271,-0.163822,0.082829,-0.021266,0.054083,8.603695,WAIT_USER_CONFIRM
0.174000,0.433334,-0.109301,-0.163769,0.080726,-0.023904,0.053725,8.597844,WAIT_USER_CONFIRM
0.175000,0.433404,-0.109329,-0.163721,0.076956,-0.025641,0.051622,8.590465,WAIT_USER_CONFIRM
0.176000,0.433477,-0.109351,-0.163674,0.075463,-0.025020,0.050436,8.581761,WAIT_USER_CONFIRM
0.177000,0.433545,-0.109368,-0.163630,0.073358,-0.022021,0.048299,8.571734,WAIT_USER_CONFIRM
0.178000,0.433617,-0.109376,-0.163587,0.072602,-0.017234,0.046135,8.560092,WAIT_USER_CONFIRM
0.179000,0.433688,-0.109392,-0.163539,0.073061,-0.016907,0.046976,8.546306,WAIT_USER_CONFIRM
0.180000,0.433761,-0.109412,-0.163492,0.073066,-0.017530,0.047068,8.529785,WAIT_USER_CONFIRM
0.181000,0.433842,-0.109437,-0.163438,0.075547,-0.020347,0.049348,8.510123,WAIT_USER_CONFIRM
0.182000,0.433912,-0.109456,-0.163392,0.074118,-0.020304,0.048619,8.487276,WAIT_USER_CONFIRM
0.183000,0.433983,-0.109478,-0.163345,0.072977,-0.020988,0.048127,8.461574,WAIT_USER_CONFIRM
0.184000,0.434048,-0.109495,-0.163302,0.069992,-0.020193,0.046269,8.433595,WAIT_USER_CONFIRM
0.185000,0.434109,-0.109509,-0.163262,0.067567,-0.018234,0.044742,8.403957,WAIT_USER_CONFIRM
0.186000,0.434176,-0.109528,-0.163217,0.066009,-0.018186,0.043841,8.373161,WAIT_USER_CONFIRM
0.187000,0.434249,-0.109540,-0.163171,0.067420,-0.015929,0.043923,8.341533,WAIT_USER_CONFIRM
0.188000,0.434323,-0.109556,-0.163125,0.069223,-0.015951,0.044542,8.309276,WAIT_USER_CONFIRM
0.189000,0.434389,-0.109570,-0.163081,0.067220,-0.015369,0.044012,8.276590,WAIT_USER_CONFIRM
0.190000,0.434453,-0.109585,-0.163036,0.066121,-0.015696,0.044270,8.243762,WAIT_USER_CONFIRM
0.191000,0.434520,-0.109595,-0.162993,0.066453,-0.013773,0.044040,8.211215,WAIT_USER_CONFIRM
0.192000,0.434582,-0.109616,-0.162951,0.065886,-0.015645,0.043609,8.179506,WAIT_USER_CONFIRM
0.193000,0.434637,-0.109632,-0.162912,0.063084,-0.015781,0.042395,8.149253,WAIT_USER_CONFIRM
0.194000,0.434691,-0.109650,-0.162873,0.059980,-0.016879,0.041195,8.120994,WAIT_USER_CONFIRM
0.195000,0.434749,-0.109662,-0.162835,0.058437,-0.015109,0.039937,8.095058,WAIT_USER_CONFIRM
0.196000,0.434800,-0.109673,-0.162801,0.056274,-0.013724,0.038251,8.071504,WAIT_USER_CONFIRM
0.197000,0.434863,-0.109684,-0.162758,0.058681,-0.012979,0.039725,8.050135,WAIT_USER_CONFIRM
0.198000,0.434917,-0.109698,-0.162723,0.057411,-0.012627,0.038142,8.030626,WAIT_USER_CONFIRM
0.199000,0.434972,-0.109710,-0.162685,0.056605,-0.012124,0.038043,8.012643,WAIT_USER_CONFIRM
0.200000,0.435030,-0.109728,-0.162644,0.057056,-0.014127,0.038762,7.995885,WAIT_USER_CONFIRM
0.201000,0.435083,-0.109747,-0.162606,0.055710,-0.015719,0.038681,7.980105,WAIT_USER_CONFIRM
0.202000,0.435133,-0.109758,-0.162570,0.054381,-0.014455,0.037472,7.965141,WAIT_USER_CONFIRM
0.203000,0.435181,-0.109770,-0.162538,0.052596,-0.013791,0.036198,7.950887,WAIT_USER_CONFIRM
0.204000,0.435230,-0.109779,-0.162507,0.052020,-0.012053,0.034633,7.937204,WAIT_USER_CONFIRM
0.205000,0.435289,-0.109790,-0.162469,0.054513,-0.011577,0.035617,7.923857,WAIT_USER_CONFIRM
0.206000,0.435344,-0.109802,-0.162433,0.055483,-0.011709,0.036172,7.910552,WAIT_USER_CONFIRM
0.207000,0.435393,-0.109818,-0.162398,0.053587,-0.012864,0.035872,7.897061,WAIT_USER_CONFIRM
0.208000,0.435437,-0.109833,-0.162363,0.051174,-0.014007,0.036156,7.883315,WAIT_USER_CONFIRM
0.209000,0.435472,-0.109849,-0.162334,0.046200,-0.014954,0.034442,7.869415,WAIT_USER_CONFIRM
0.210000,0.435513,-0.109864,-0.162303,0.044741,-0.014925,0.033510,7.855570,WAIT_USER_CONFIRM
0.211000,0.435558,-0.109871,-0.162275,0.044602,-0.012423,0.031830,7.841985,WAIT_USER_CONFIRM
0.212000,0.435608,-0.109879,-0.162244,0.047368,-0.010138,0.031513,7.828746,WAIT_USER_CONFIRM
0.213000,0.435656,-0.109887,-0.162213,0.046409,-0.009693,0.031141,7.815793,WAIT_USER_CONFIRM
0.214000,0.435694,-0.109904,-0.162183,0.043803,-0.012223,0.030884,7.802977,WAIT_USER_CONFIRM
0.215000,0.435735,-0.109921,-0.162150,0.043312,-0.013856,0.031688,7.790153,WAIT_USER_CONFIRM
0.216000,0.435773,-0.109933,-0.162124,0.040776,-0.013424,0.029883,7.777259,WAIT_USER_CONFIRM
0.217000,0.435814,-0.109947,-0.162094,0.041318,-0.013048,0.029903,7.764320,WAIT_USER_CONFIRM
0.218000,0.435843,-0.109957,-0.162073,0.038072,-0.012075,0.027498,7.751387,WAIT_USER_CONFIRM
0.219000,0.435880,-0.109969,-0.162047,0.037240,-0.012418,0.026934,7.738456,WAIT_USER_CONFIRM
0.220000,0.435912,-0.109979,-0.162023,0.035863,-0.011705,0.026079,7.725409,WAIT_USER_CONFIRM
0.221000,0.435946,-0.109988,-0.161999,0.035579,-0.011102,0.025939,7.712036,WAIT_USER_CONFIRM
0.222000,0.435976,-0.110001,-0.161977,0.033545,-0.011976,0.024898,7.698116,WAIT_USER_CONFIRM
0.223000,0.436020,-0.110012,-0.161945,0.036133,-0.011729,0.026793,7.683475,WAIT_USER_CONFIRM
0.224000,0.436049,-0.110024,-0.161923,0.033278,-0.012214,0.025261,7.668079,WAIT_USER_CONFIRM
0.225000,0.436075,-0.110033,-0.161904,0.030734,-0.011396,0.023288,7.652071,WAIT_USER_CONFIRM
0.226000,0.436097,-0.110049,-0.161885,0.027998,-0.012858,0.021911,7.635661,WAIT_USER_CONFIRM
0.227000,0.436136,-0.110055,-0.161861,0.031550,-0.011179,0.022449,7.618949,WAIT_USER_CONFIRM
0.228000,0.436167,-0.110058,-0.161841,0.030759,-0.008470,0.021579,7.601867,WAIT_USER_CONFIRM
0.229000,0.436197,-0.110068,-0.161820,0.030986,-0.008922,0.021729,7.584280,WAIT_USER_CONFIRM
0.230000,0.436224,-0.110077,-0.161799,0.029897,-0.009371,0.021623,7.566112,WAIT_USER_CONFIRM
0.231000,0.436253,-0.110089,-0.161778,0.029680,-0.009923,0.021325,7.547437,WAIT_USER_CONFIRM
0.232000,0.436282,-0.110099,-0.161756,0.030281,-0.010117,0.021683,7.528491,WAIT_USER_CONFIRM
0.233000,0.436309,-0.110109,-0.161737,0.029600,-0.009503,0.020815,7.509639,WAIT_USER_CONFIRM
0.234000,0.436335,-0.110119,-0.161719,0.028055,-0.009709,0.019867,7.491301,WAIT_USER_CONFIRM
0.235000,0.436359,-0.110126,-0.161702,0.026809,-0.008331,0.019082,7.473851,WAIT_USER_CONFIRM
0.236000,0.436382,-0.110129,-0.161687,0.024972,-0.007005,0.017562,7.457540,WAIT_USER_CONFIRM
0.237000,0.436413,-0.110134,-0.161666,0.027118,-0.006067,0.018505,7.442482,WAIT_USER_CONFIRM
0.238000,0.436437,-0.110142,-0.161651,0.025025,-0.006893,0.017020,7.428698,WAIT_USER_CONFIRM
0.239000,0.436466,-0.110146,-0.161632,0.026102,-0.006429,0.017638,7.416157,WAIT_USER_CONFIRM
0.240000,0.436490,-0.110156,-0.161613,0.025208,-0.007362,0.017588,7.404791,WAIT_USER_CONFIRM
0.241000,0.436506,-0.110161,-0.161601,0.021236,-0.006542,0.015425,7.394519,WAIT_USER_CONFIRM
0.242000,0.436531,-0.110166,-0.161584,0.022060,-0.006007,0.015681,7.385255,WAIT_USER_CONFIRM
0.243000,0.436552,-0.110169,-0.161571,0.021453,-0.005034,0.014759,7.376884,WAIT_USER_CONFIRM
0.244000,0.436571,-0.110176,-0.161557,0.020799,-0.005170,0.014459,7.369260,WAIT_USER_CONFIRM
0.245000,0.436590,-0.110181,-0.161544,0.019831,-0.005559,0.013884,7.362215,WAIT_USER_CONFIRM
0.246000,0.436608,-0.110184,-0.161531,0.018841,-0.004184,0.013182,7.355554,WAIT_USER_CONFIRM
0.247000,0.436630,-0.110189,-0.161517,0.019441,-0.003772,0.013321,7.349067,WAIT_USER_CONFIRM
0.248000,0.436647,-0.110192,-0.161505,0.018750,-0.002960,0.012599,7.342563,WAIT_USER_CONFIRM
0.249000,0.436662,-0.110196,-0.161494,0.016845,-0.003231,0.011716,7.335898,WAIT_USER_CONFIRM
0.250000,0.436684,-0.110200,-0.161479,0.018356,-0.003056,0.012436,7.328968,WAIT_USER_CONFIRM
0.251000,0.436697,-0.110204,-0.161469,0.017206,-0.003134,0.011673,7.321709,WAIT_USER_CONFIRM
0.252000,0.436712,-0.110208,-0.161460,0.016820,-0.003181,0.011188,7.314114,WAIT_USER_CONFIRM
0.253000,0.436723,-0.110208,-0.161452,0.014288,-0.002242,0.009982,7.306209,WAIT_USER_CONFIRM
0.254000,0.436738,-0.110212,-0.161440,0.014542,-0.003136,0.010513,7.298008,WAIT_USER_CONFIRM
0.255000,0.436750,-0.110214,-0.161432,0.013648,-0.002926,0.009924,7.289525,WAIT_USER_CONFIRM
0.256000,0.436761,-0.110217,-0.161424,0.012984,-0.002623,0.009374,7.280810,WAIT_USER_CONFIRM
0.257000,0.436778,-0.110222,-0.161413,0.014451,-0.003599,0.009958,7.271946,WAIT_USER_CONFIRM
0.258000,0.436789,-0.110220,-0.161406,0.012840,-0.002258,0.008929,7.263029,WAIT_USER_CONFIRM
0.259000,0.436796,-0.110225,-0.161400,0.010538,-0.002906,0.007904,7.254150,WAIT_USER_CONFIRM
0.260000,0.436804,-0.110226,-0.161393,0.009865,-0.002184,0.007249,7.245367,WAIT_USER_CONFIRM
0.261000,0.436816,-0.110228,-0.161386,0.010694,-0.001997,0.007578,7.236669,WAIT_USER_CONFIRM
0.262000,0.436821,-0.110231,-0.161381,0.009827,-0.002626,0.006854,7.227995,WAIT_USER_CONFIRM
0.263000,0.436829,-0.110232,-0.161376,0.009302,-0.001981,0.006649,7.219258,WAIT_USER_CONFIRM
0.264000,0.436836,-0.110232,-0.161370,0.008781,-0.001411,0.006195,7.210375,WAIT_USER_CONFIRM
0.265000,0.436844,-0.110235,-0.161364,0.008566,-0.001836,0.006208,7.201281,WAIT_USER_CONFIRM
0.266000,0.436848,-0.110231,-0.161363,0.006592,-0.000105,0.004438,7.191957,WAIT_USER_CONFIRM
0.267000,0.436853,-0.110237,-0.161359,0.006342,-0.001713,0.004407,7.182383,WAIT_USER_CONFIRM
0.268000,0.436855,-0.110235,-0.161358,0.004781,-0.001042,0.003414,7.172481,WAIT_USER_CONFIRM
0.269000,0.436861,-0.110234,-0.161355,0.005284,-0.000617,0.003250,7.162091,WAIT_USER_CONFIRM
0.270000,0.436864,-0.110234,-0.161353,0.004271,-0.000334,0.002872,7.150992,WAIT_USER_CONFIRM
0.271000,0.436870,-0.110237,-0.161348,0.005217,-0.001300,0.003626,7.138979,WAIT_USER_CONFIRM
0.272000,0.436873,-0.110236,-0.161347,0.004750,-0.000657,0.002814,7.125937,WAIT_USER_CONFIRM
0.273000,0.436876,-0.110238,-0.161344,0.003509,-0.001410,0.002683,7.111874,WAIT_USER_CONFIRM
0.274000,0.436877,-0.110239,-0.161342,0.002392,-0.001310,0.002321,7.096899,WAIT_USER_CONFIRM
0.275000,0.436878,-0.110239,-0.161343,0.002160,-0.000807,0.001560,7.081191,WAIT_USER_CONFIRM
0.276000,0.436878,-0.110238,-0.161343,0.001058,-0.000208,0.000790,7.064951,WAIT_USER_CONFIRM
0.277000,0.436884,-0.110237,-0.161339,0.002405,-0.000271,0.001503,7.048355,WAIT_USER_CONFIRM
0.278000,0.436887,-0.110239,-0.161338,0.003030,-0.000699,0.001681,7.031548,WAIT_USER_CONFIRM
0.279000,0.436891,-0.110237,-0.161336,0.002816,-0.000045,0.001719,7.014700,WAIT_USER_CONFIRM
0.280000,0.436887,-0.110236,-0.161338,0.001686,0.000021,0.001148,6.998053,WAIT_USER_CONFIRM
0.281000,0.436893,-0.110235,-0.161336,0.002992,0.000552,0.001480,6.981918,WAIT_USER_CONFIRM
0.282000,0.436893,-0.110236,-0.161335,0.002736,0.000334,0.001579,6.966642,WAIT_USER_CONFIRM
0.283000,0.436887,-0.110238,-0.161338,-0.000253,-0.000368,-0.000014,6.952588,WAIT_USER_CONFIRM
0.284000,0.436890,-0.110240,-0.161337,-0.000054,-0.000952,-0.000049,6.940064,WAIT_USER_CONFIRM
0.285000,0.436892,-0.110237,-0.161336,0.000420,0.000081,-0.000034,6.929252,WAIT_USER_CONFIRM
0.286000,0.436889,-0.110239,-0.161337,-0.000125,-0.000828,-0.000053,6.920202,WAIT_USER_CONFIRM
0.287000,0.436892,-0.110236,-0.161336,0.000297,0.000258,0.000120,6.912904,WAIT_USER_CONFIRM
0.288000,0.436891,-0.110240,-0.161336,-0.000267,-0.000981,-0.000069,6.907364,WAIT_USER_CONFIRM
0.289000,0.436890,-0.110242,-0.161336,0.000078,-0.000890,0.000360,6.903637,WAIT_USER_CONFIRM
0.290000,0.436891,-0.110239,-0.161336,-0.000598,0.000283,-0.000204,6.901830,WAIT_USER_CONFIRM
0.291000,0.436891,-0.110236,-0.161338,-0.000500,0.000839,-0.000735,6.902076,WAIT_USER_CONFIRM
0.292000,0.436890,-0.110239,-0.161337,0.000023,0.000111,-0.000052,6.904492,WAIT_USER_CONFIRM
0.293000,0.436889,-0.110238,-0.161338,-0.000422,-0.000025,-0.000439,6.909144,WAIT_USER_CONFIRM
0.294000,0.436887,-0.110237,-0.161339,-0.000533,0.000121,-0.000415,6.916055,WAIT_USER_CONFIRM
0.295000,0.436890,-0.110237,-0.161337,0.000340,-0.000194,0.000374,6.925219,WAIT_USER_CONFIRM
0.296000,0.436889,-0.110236,-0.161338,-0.000424,0.000157,-0.000483,6.936623,WAIT_USER_CONFIRM
0.297000,0.436884,-0.110236,-0.161342,-0.001807,0.000584,-0.001305,6.950252,WAIT_USER_CONFIRM
0.298000,0.436883,-0.110236,-0.161343,-0.001505,0.000245,-0.001346,6.966021,WAIT_USER_CONFIRM
0.299000,0.436882,-0.110234,-0.161343,-0.002056,0.000741,-0.001298,6.983727,WAIT_USER_CONFIRM
0.300000,0.436884,-0.110234,-0.161343,-0.000979,0.000509,-0.000925,7.003079,WAIT_USER_CONFIRM
0.301000,0.436884,-0.110230,-0.161344,-0.000811,0.001446,-0.001025,7.023781,WAIT_USER_CONFIRM
0.302000,0.436880,-0.110230,-0.161345,-0.001483,0.000857,-0.000943,7.045577,WAIT_USER_CONFIRM
0.303000,0.436879,-0.110228,-0.161348,-0.001586,0.001273,-0.001412,7.068258,WAIT_USER_CONFIRM
0.304000,0.436881,-0.110226,-0.161348,-0.000894,0.001184,-0.001065,7.091648,WAIT_USER_CONFIRM
0.305000,0.436879,-0.110224,-0.161351,-0.001015,0.001706,-0.001497,7.115574,WAIT_USER_CONFIRM
0.306000,0.436873,-0.110225,-0.161353,-0.002206,0.000797,-0.001734,7.139839,WAIT_USER_CONFIRM
0.307000,0.436872,-0.110224,-0.161354,-0.001875,0.000750,-0.001603,7.164221,WAIT_USER_CONFIRM
0.308000,0.436876,-0.110222,-0.161353,-0.000878,0.001077,-0.000838,7.188482,WAIT_USER_CONFIRM
0.309000,0.436878,-0.110223,-0.161352,-0.000843,-0.000005,-0.000369,7.212435,WAIT_USER_CONFIRM
0.310000,0.436869,-0.110221,-0.161357,-0.003538,0.000458,-0.001877,7.235980,WAIT_USER_CONFIRM
0.311000,0.436870,-0.110219,-0.161357,-0.001556,0.000997,-0.001166,7.259075,WAIT_USER_CONFIRM
0.312000,0.436868,-0.110218,-0.161359,-0.001376,0.000752,-0.000968,7.281664,WAIT_USER_CONFIRM
0.313000,0.436866,-0.110217,-0.161361,-0.001230,0.000298,-0.001019,7.303661,WAIT_USER_CONFIRM
0.314000,0.436865,-0.110218,-0.161360,-0.001060,-0.000225,-0.000405,7.324978,WAIT_USER_CONFIRM
0.315000,0.436865,-0.110214,-0.161361,-0.000532,0.001076,-0.000572,7.345552,WAIT_USER_CONFIRM
0.316000,0.436863,-0.110215,-0.161362,-0.000732,0.000495,-0.000646,7.365364,WAIT_USER_CONFIRM
0.317000,0.436861,-0.110209,-0.161365,-0.000902,0.001997,-0.001161,7.384418,WAIT_USER_CONFIRM
0.318000,0.436855,-0.110209,-0.161368,-0.002313,0.001714,-0.001524,7.402694,WAIT_USER_CONFIRM
0.319000,0.436859,-0.110210,-0.161366,0.000023,0.000920,-0.000145,7.420135,WAIT_USER_CONFIRM
0.320000,0.436857,-0.110209,-0.161367,0.000174,0.001309,-0.000372,7.436685,WAIT_USER_CONFIRM
0.321000,0.436857,-0.110212,-0.161366,0.000696,0.000546,-0.000057,7.452341,WAIT_USER_CONFIRM
0.322000,0.436857,-0.110211,-0.161365,0.000460,0.001288,-0.000179,7.467149,WAIT_USER_CONFIRM
0.323000,0.436854,-0.110211,-0.161366,-0.000209,0.000921,-0.000489,7.481169,WAIT_USER_CONFIRM
0.324000,0.436856,-0.110208,-0.161366,0.000607,0.001721,-0.000149,7.494445,WAIT_USER_CONFIRM
0.325000,0.436853,-0.110207,-0.161367,-0.000559,0.001519,-0.000551,7.507000,WAIT_USER_CONFIRM
0.326000,0.436855,-0.110207,-0.161366,0.000024,0.001405,-0.000267,7.518841,WAIT_USER_CONFIRM
0.327000,0.436857,-0.110206,-0.161365,0.000491,0.001884,0.000148,7.529977,WAIT_USER_CONFIRM
0.328000,0.436858,-0.110206,-0.161363,0.000885,0.001060,0.000566,7.540459,WAIT_USER_CONFIRM
0.329000,0.436857,-0.110206,-0.161363,0.000479,0.000691,0.000531,7.550409,WAIT_USER_CONFIRM
0.330000,0.436858,-0.110207,-0.161362,0.000365,0.000040,0.000381,7.560013,WAIT_USER_CONFIRM
0.331000,0.436861,-0.110208,-0.161360,0.001491,-0.000016,0.001189,7.569475,WAIT_USER_CONFIRM
0.332000,0.436864,-0.110207,-0.161359,0.002129,0.000347,0.001371,7.579002,WAIT_USER_CONFIRM
0.333000,0.436866,-0.110206,-0.161357,0.001828,0.000718,0.001443,7.588826,WAIT_USER_CONFIRM
0.334000,0.436865,-0.110205,-0.161357,0.001555,0.000426,0.001156,7.599200,WAIT_USER_CONFIRM
0.335000,0.436867,-0.110208,-0.161355,0.001822,-0.000237,0.001470,7.610367,WAIT_USER_CONFIRM
0.336000,0.436871,-0.110208,-0.161353,0.002811,-0.000044,0.001746,7.622514,WAIT_USER_CONFIRM
0.337000,0.436877,-0.110207,-0.161351,0.002981,0.000038,0.001669,7.635758,WAIT_USER_CONFIRM
0.338000,0.436879,-0.110207,-0.161349,0.003078,-0.000220,0.001940,7.650157,WAIT_USER_CONFIRM
0.339000,0.436880,-0.110208,-0.161347,0.003177,-0.000708,0.002193,7.665725,WAIT_USER_CONFIRM
0.340000,0.436880,-0.110207,-0.161347,0.003060,-0.000432,0.002039,7.682462,WAIT_USER_CONFIRM
0.341000,0.436883,-0.110210,-0.161345,0.002163,-0.001233,0.001589,7.700363,WAIT_USER_CONFIRM
0.342000,0.436886,-0.110210,-0.161344,0.001566,-0.000992,0.001472,7.719388,WAIT_USER_CONFIRM
0.343000,0.436890,-0.110207,-0.161341,0.002127,0.000094,0.001795,7.739453,WAIT_USER_CONFIRM
0.344000,0.436884,-0.110211,-0.161344,-0.000275,-0.001082,0.000400,7.760447,WAIT_USER_CONFIRM
0.345000,0.436889,-0.110211,-0.161342,0.001599,-0.000583,0.001062,7.782232,WAIT_USER_CONFIRM
0.346000,0.436888,-0.110211,-0.161343,0.000584,-0.000620,0.000583,7.804596,WAIT_USER_CONFIRM
0.347000,0.436891,-0.110215,-0.161340,0.001000,-0.001153,0.001043,7.827259,WAIT_USER_CONFIRM
0.348000,0.436892,-0.110216,-0.161340,0.000429,-0.001171,0.000511,7.849929,WAIT_USER_CONFIRM
0.349000,0.436893,-0.110217,-0.161339,0.001132,-0.000918,0.000856,7.872336,WAIT_USER_CONFIRM
0.350000,0.436887,-0.110218,-0.161343,-0.001181,-0.001182,-0.000597,7.894239,WAIT_USER_CONFIRM
0.351000,0.436891,-0.110219,-0.161340,0.000437,-0.000739,0.000665,7.915397,WAIT_USER_CONFIRM
0.352000,0.436888,-0.110222,-0.161342,-0.000316,-0.001394,0.000080,7.935587,WAIT_USER_CONFIRM
0.353000,0.436891,-0.110220,-0.161341,-0.000640,-0.000542,-0.000407,7.954642,WAIT_USER_CONFIRM
0.354000,0.436892,-0.110224,-0.161340,-0.000555,-0.001643,-0.000115,7.972446,WAIT_USER_CONFIRM
0.355000,0.436894,-0.110223,-0.161340,0.000760,-0.000832,0.000548,7.988913,WAIT_USER_CONFIRM
0.356000,0.436894,-0.110226,-0.161339,0.000461,-0.001679,0.000491,8.004019,WAIT_USER_CONFIRM
0.357000,0.436892,-0.110223,-0.161340,-0.000321,-0.000722,0.000145,8.017831,WAIT_USER_CONFIRM
0.358000,0.436889,-0.110229,-0.161341,-0.001362,-0.001893,-0.000279,8.030487,WAIT_USER_CONFIRM
0.359000,0.436887,-0.110229,-0.161342,-0.001744,-0.000997,-0.000782,8.042130,WAIT_USER_CONFIRM
0.360000,0.436888,-0.110228,-0.161343,-0.000929,-0.000431,-0.000736,8.052842,WAIT_USER_CONFIRM
0.361000,0.436884,-0.110229,-0.161344,-0.002041,-0.001008,-0.001033,8.062620,WAIT_USER_CONFIRM
0.362000,0.436888,-0.110231,-0.161343,-0.000111,-0.001102,-0.000047,8.071404,WAIT_USER_CONFIRM
0.363000,0.436882,-0.110229,-0.161347,-0.001599,-0.000070,-0.001196,8.079127,WAIT_USER_CONFIRM
0.364000,0.436884,-0.110231,-0.161345,-0.001291,-0.000538,-0.000900,8.085749,WAIT_USER_CONFIRM
0.365000,0.436878,-0.110229,-0.161349,-0.002820,0.000561,-0.001620,8.091241,WAIT_USER_CONFIRM
0.366000,0.436880,-0.110229,-0.161348,-0.001597,0.000595,-0.000956,8.095582,WAIT_USER_CONFIRM
0.367000,0.436882,-0.110228,-0.161348,-0.000432,0.001033,-0.000653,8.098781,WAIT_USER_CONFIRM
0.368000,0.436878,-0.110228,-0.161350,-0.001870,0.000746,-0.001214,8.100911,WAIT_USER_CONFIRM
0.369000,0.436881,-0.110227,-0.161349,-0.000150,0.001380,-0.000348,8.102099,WAIT_USER_CONFIRM
0.370000,0.436875,-0.110228,-0.161351,-0.002541,0.000583,-0.001235,8.102506,WAIT_USER_CONFIRM
0.371000,0.436878,-0.110226,-0.161351,-0.001526,0.000820,-0.000997,8.102309,WAIT_USER_CONFIRM
0.372000,0.436878,-0.110227,-0.161351,-0.001336,0.000052,-0.000839,8.101662,WAIT_USER_CONFIRM
0.373000,0.436874,-0.110227,-0.161352,-0.002167,-0.000059,-0.000863,8.100670,WAIT_USER_CONFIRM
0.374000,0.436875,-0.110223,-0.161353,-0.001788,0.001072,-0.001118,8.099393,WAIT_USER_CONFIRM
0.375000,0.436878,-0.110222,-0.161353,-0.000733,0.001523,-0.000915,8.097867,WAIT_USER_CONFIRM
0.376000,0.436881,-0.110222,-0.161350,0.000659,0.001523,0.000154,8.096122,WAIT_USER_CONFIRM
0.377000,0.436876,-0.110224,-0.161353,-0.001332,0.000310,-0.000804,8.094211,WAIT_USER_CONFIRM
0.378000,0.436878,-0.110219,-0.161352,-0.000594,0.001662,-0.000358,8.092227,WAIT_USER_CONFIRM
0.379000,0.436879,-0.110220,-0.161350,-0.000054,0.000610,0.000263,8.090280,WAIT_USER_CONFIRM
0.380000,0.436881,-0.110215,-0.161352,0.000202,0.001550,-0.000228,8.088497,WAIT_USER_CONFIRM
0.381000,0.436883,-0.110218,-0.161350,0.001464,0.000750,0.000658,8.087024,WAIT_USER_CONFIRM
0.382000,0.436876,-0.110212,-0.161355,-0.001596,0.002182,-0.001078,8.085981,WAIT_USER_CONFIRM
0.383000,0.436879,-0.110215,-0.161353,0.000149,0.000885,0.000032,8.085426,WAIT_USER_CONFIRM
0.384000,0.436877,-0.110213,-0.161354,-0.000768,0.001001,-0.000578,8.085336,WAIT_USER_CONFIRM
0.385000,0.436882,-0.110213,-0.161351,0.001078,0.001239,0.000206,8.085626,WAIT_USER_CONFIRM
0.386000,0.436880,-0.110214,-0.161352,0.000915,0.000235,0.000322,8.086194,WAIT_USER_CONFIRM
0.387000,0.436878,-0.110215,-0.161353,-0.000212,-0.000041,-0.000129,8.086952,WAIT_USER_CONFIRM
0.388000,0.436879,-0.110213,-0.161353,-0.000225,0.000878,-0.000243,8.087827,WAIT_USER_CONFIRM
0.389000,0.436876,-0.110212,-0.161355,-0.001187,0.000602,-0.001145,8.088728,WAIT_USER_CONFIRM
0.390000,0.436877,-0.110212,-0.161352,-0.000663,0.000217,-0.000067,8.089516,WAIT_USER_CONFIRM
0.391000,0.436880,-0.110214,-0.161351,-0.000074,-0.000190,0.000003,8.090025,WAIT_USER_CONFIRM
0.392000,0.436881,-0.110216,-0.161349,0.000192,-0.000836,0.000343,8.090134,WAIT_USER_CONFIRM
0.393000,0.436880,-0.110212,-0.161351,-0.000759,0.000734,-0.000638,8.089797,WAIT_USER_CONFIRM
0.394000,0.436882,-0.110214,-0.161349,0.000294,-0.000020,0.000233,8.089016,WAIT_USER_CONFIRM
0.395000,0.436877,-0.110211,-0.161353,-0.001383,0.000621,-0.000995,8.087808,WAIT_USER_CONFIRM
0.396000,0.436878,-0.110213,-0.161352,-0.000378,-0.000532,-0.000121,8.086188,WAIT_USER_CONFIRM
0.397000,0.436879,-0.110211,-0.161351,-0.000005,0.000077,0.000045,8.084172,WAIT_USER_CONFIRM
0.398000,0.436879,-0.110213,-0.161351,0.000455,-0.000657,0.000232,8.081796,WAIT_USER_CONFIRM
0.399000,0.436881,-0.110214,-0.161350,0.000653,-0.000242,0.000465,8.079150,WAIT_USER_CONFIRM
0.400000,0.436880,-0.110216,-0.161350,0.000420,-0.000871,0.000169,8.076369,WAIT_USER_CONFIRM
0.401000,0.436883,-0.110216,-0.161348,0.001324,-0.000769,0.001057,8.073609,WAIT_USER_CONFIRM
0.402000,0.436882,-0.110214,-0.161349,0.001231,0.000106,0.000533,8.071039,WAIT_USER_CONFIRM
0.403000,0.436883,-0.110215,-0.161348,0.001554,-0.000099,0.000639,8.068841,WAIT_USER_CONFIRM
0.404000,0.436882,-0.110213,-0.161349,0.000267,0.000531,0.000000,8.067168,WAIT_USER_CONFIRM
0.405000,0.436884,-0.110213,-0.161347,0.001429,0.000340,0.000784,8.066114,WAIT_USER_CONFIRM
0.406000,0.436881,-0.110213,-0.161349,0.000281,0.000508,0.000019,8.065727,WAIT_USER_CONFIRM
0.407000,0.436886,-0.110215,-0.161346,0.001773,-0.000362,0.001107,8.066037,WAIT_USER_CONFIRM
0.408000,0.436882,-0.110216,-0.161348,-0.000499,-0.000239,-0.000116,8.067065,WAIT_USER_CONFIRM
0.409000,0.436882,-0.110216,-0.161348,-0.000485,-0.000186,-0.000150,8.068806,WAIT_USER_CONFIRM
0.410000,0.436885,-0.110214,-0.161347,0.001057,0.000627,0.000414,8.071208,WAIT_USER_CONFIRM
0.411000,0.436883,-0.110217,-0.161347,-0.000272,-0.000510,0.000198,8.074176,WAIT_USER_CONFIRM
0.412000,0.436885,-0.110216,-0.161347,-0.000056,0.000287,-0.000040,8.077610,WAIT_USER_CONFIRM
0.413000,0.436882,-0.110215,-0.161348,-0.001058,0.000630,-0.000536,8.081415,WAIT_USER_CONFIRM
0.414000,0.436883,-0.110214,-0.161348,-0.000368,0.000952,-0.000377,8.085484,WAIT_USER_CONFIRM
0.415000,0.436883,-0.110216,-0.161347,-0.000121,0.000112,-0.000006,8.089696,WAIT_USER_CONFIRM
0.416000,0.436880,-0.110215,-0.161349,-0.000284,0.000327,-0.000239,8.093933,WAIT_USER_CONFIRM
0.417000,0.436883,-0.110218,-0.161347,0.000215,-0.000803,0.000081,8.098100,WAIT_USER_CONFIRM
0.418000,0.436882,-0.110215,-0.161348,-0.000753,0.000688,-0.000557,8.102115,WAIT_USER_CONFIRM
0.419000,0.436877,-0.110212,-0.161351,-0.001632,0.001178,-0.001139,8.105894,WAIT_USER_CONFIRM
0.420000,0.436881,-0.110216,-0.161347,-0.000252,-0.000267,0.000236,8.109353,WAIT_USER_CONFIRM
0.421000,0.436882,-0.110216,-0.161348,0.000268,0.000038,0.000092,8.112446,WAIT_USER_CONFIRM
0.422000,0.436881,-0.110217,-0.161348,0.000242,-0.000541,0.000189,8.115203,WAIT_USER_CONFIRM
0.423000,0.436879,-0.110217,-0.161349,-0.000578,-0.000573,-0.000124,8.117723,WAIT_USER_CONFIRM
0.424000,0.436877,-0.110216,-0.161350,0.000101,-0.000253,-0.000086,8.120116,WAIT_USER_CONFIRM
0.425000,0.436875,-0.110218,-0.161351,-0.001472,-0.001204,-0.000364,8.122471,WAIT_USER_CONFIRM
0.426000,0.436878,-0.110216,-0.161350,-0.000157,-0.000729,0.000179,8.124840,WAIT_USER_CONFIRM
0.427000,0.436872,-0.110216,-0.161353,-0.002416,-0.000527,-0.001206,8.127250,WAIT_USER_CONFIRM
0.428000,0.436875,-0.110218,-0.161351,-0.000666,-0.001028,-0.000131,8.129701,WAIT_USER_CONFIRM
0.429000,0.436874,-0.110214,-0.161351,-0.001293,0.000401,-0.000449,8.132162,WAIT_USER_CONFIRM
0.430000,0.436874,-0.110215,-0.161352,-0.001201,0.000165,-0.000620,8.134612,WAIT_USER_CONFIRM
0.431000,0.436877,-0.110216,-0.161350,0.000502,0.000082,-0.000101,8.137063,WAIT_USER_CONFIRM
0.432000,0.436877,-0.110218,-0.161349,0.000627,-0.000516,0.000356,8.139546,WAIT_USER_CONFIRM
0.433000,0.436873,-0.110216,-0.161352,-0.000065,0.000498,-0.000192,8.142108,WAIT_USER_CONFIRM
0.434000,0.436870,-0.110216,-0.161353,0.000469,0.000333,-0.000184,8.144818,WAIT_USER_CONFIRM
0.435000,0.436875,-0.110214,-0.161351,0.001122,0.000722,0.000258,8.147740,WAIT_USER_CONFIRM
0.436000,0.436868,-0.110216,-0.161354,-0.001113,0.000377,-0.000730,8.150916,WAIT_USER_CONFIRM
0.437000,0.436869,-0.110216,-0.161353,-0.000380,0.000626,-0.000223,8.154359,WAIT_USER_CONFIRM
0.438000,0.436871,-0.110219,-0.161353,0.000626,-0.000683,0.000239,8.158059,WAIT_USER_CONFIRM
0.439000,0.436868,-0.110217,-0.161354,-0.000481,0.000245,-0.000161,8.162001,WAIT_USER_CONFIRM
0.440000,0.436874,-0.110219,-0.161350,0.000880,-0.000679,0.000659,8.166184,WAIT_USER_CONFIRM
0.441000,0.436872,-0.110216,-0.161352,-0.000062,0.000519,-0.000223,8.170628,WAIT_USER_CONFIRM
0.442000,0.436874,-0.110216,-0.161352,0.000539,0.000286,0.000052,8.175360,WAIT_USER_CONFIRM
0.443000,0.436873,-0.110218,-0.161351,0.000772,-0.000270,0.000537,8.180392,WAIT_USER_CONFIRM
0.444000,0.436877,-0.110216,-0.161350,0.001049,0.000494,0.000499,8.185726,WAIT_USER_CONFIRM
0.445000,0.436876,-0.110219,-0.161349,0.000968,-0.000007,0.000741,8.191396,WAIT_USER_CONFIRM
0.446000,0.436881,-0.110215,-0.161347,0.002291,0.001200,0.000936,8.197476,WAIT_USER_CONFIRM
0.447000,0.436881,-0.110216,-0.161348,0.001499,0.000986,0.000281,8.204063,WAIT_USER_CONFIRM
0.448000,0.436882,-0.110217,-0.161346,0.002361,0.000427,0.001168,8.211236,WAIT_USER_CONFIRM
0.449000,0.436885,-0.110218,-0.161345,0.001719,-0.000148,0.000782,8.219030,WAIT_USER_CONFIRM
0.450000,0.436882,-0.110221,-0.161346,0.000850,-0.000778,0.000416,8.227438,WAIT_USER_CONFIRM
0.451000,0.436880,-0.110219,-0.161348,0.000331,0.000146,-0.000225,8.236397,WAIT_USER_CONFIRM
0.452000,0.436886,-0.110217,-0.161345,0.002499,0.000415,0.001057,8.245763,WAIT_USER_CONFIRM
0.453000,0.436885,-0.110218,-0.161347,0.000967,-0.000134,0.000041,8.255350,WAIT_USER_CONFIRM
0.454000,0.436885,-0.110220,-0.161345,0.001095,-0.000910,0.000624,8.264972,WAIT_USER_CONFIRM
0.455000,0.436884,-0.110220,-0.161346,0.000872,-0.000226,0.000290,8.274457,WAIT_USER_CONFIRM
0.456000,0.436886,-0.110222,-0.161343,0.000656,-0.000697,0.000678,8.283668,WAIT_USER_CONFIRM
0.457000,0.436889,-0.110222,-0.161342,0.002079,-0.000145,0.001318,8.292532,WAIT_USER_CONFIRM
0.458000,0.436886,-0.110222,-0.161344,0.001535,0.000245,0.000464,8.301073,WAIT_USER_CONFIRM
0.459000,0.436886,-0.110223,-0.161343,0.001254,-0.000561,0.001024,8.309380,WAIT_USER_CONFIRM
0.460000,0.436884,-0.110222,-0.161345,-0.000080,0.000386,-0.000348,8.317546,WAIT_USER_CONFIRM
0.461000,0.436885,-0.110222,-0.161346,-0.000288,0.000222,-0.000568,8.325599,WAIT_USER_CONFIRM
0.462000,0.436889,-0.110224,-0.161342,0.001569,-0.000221,0.000806,8.333461,WAIT_USER_CONFIRM
0.463000,0.436885,-0.110225,-0.161344,-0.000594,-0.000222,-0.000225,8.340985,WAIT_USER_CONFIRM
0.464000,0.436887,-0.110225,-0.161343,0.000806,-0.000202,0.000374,8.348049,WAIT_USER_CONFIRM
0.465000,0.436883,-0.110223,-0.161346,-0.000613,0.000639,-0.000966,8.354572,WAIT_USER_CONFIRM
0.466000,0.436883,-0.110222,-0.161346,-0.000175,0.000869,-0.000390,8.360468,WAIT_USER_CONFIRM
0.467000,0.436884,-0.110224,-0.161346,0.000297,0.000165,-0.000089,8.365619,WAIT_USER_CONFIRM
0.468000,0.436886,-0.110224,-0.161344,0.001064,-0.000096,0.000503,8.369925,WAIT_USER_CONFIRM
0.469000,0.436883,-0.110226,-0.161345,-0.000540,-0.001140,-0.000241,8.373360,WAIT_USER_CONFIRM
0.470000,0.436885,-0.110223,-0.161345,-0.000069,-0.000168,-0.000061,8.375963,WAIT_USER_CONFIRM
0.471000,0.436885,-0.110226,-0.161346,0.000366,-0.000951,0.000051,8.377787,WAIT_USER_CONFIRM
0.472000,0.436882,-0.110225,-0.161347,-0.000742,-0.000580,-0.000540,8.378875,WAIT_USER_CONFIRM
0.473000,0.436885,-0.110224,-0.161347,-0.000161,-0.000086,-0.000582,8.379243,WAIT_USER_CONFIRM
0.474000,0.436887,-0.110221,-0.161346,0.000540,0.001411,-0.000395,8.378875,WAIT_USER_CONFIRM
0.475000,0.436882,-0.110220,-0.161349,-0.001568,0.001591,-0.001468,8.377731,WAIT_USER_CONFIRM
0.476000,0.436885,-0.110220,-0.161347,0.000023,0.000888,-0.000126,8.375772,WAIT_USER_CONFIRM
0.477000,0.436885,-0.110219,-0.161348,0.000197,0.000712,-0.000262,8.372993,WAIT_USER_CONFIRM
0.478000,0.436883,-0.110221,-0.161349,0.000145,-0.000079,-0.000443,8.369442,WAIT_USER_CONFIRM
0.479000,0.436883,-0.110220,-0.161349,0.000339,0.000855,-0.000287,8.365207,WAIT_USER_CONFIRM
0.480000,0.436883,-0.110217,-0.161350,0.000297,0.001164,-0.000362,8.360372,WAIT_USER_CONFIRM
0.481000,0.436880,-0.110218,-0.161351,-0.000375,0.000353,-0.000355,8.355017,WAIT_USER_CONFIRM
0.482000,0.436885,-0.110218,-0.161349,0.000510,0.000095,-0.000031,8.349228,WAIT_USER_CONFIRM
0.483000,0.436882,-0.110215,-0.161351,-0.000985,0.001034,-0.000978,8.343092,WAIT_USER_CONFIRM
0.484000,0.436885,-0.110215,-0.161350,0.000751,0.000822,0.000021,8.336683,WAIT_USER_CONFIRM
0.485000,0.436881,-0.110216,-0.161352,-0.000954,-0.000109,-0.000811,8.330050,WAIT_USER_CONFIRM
0.486000,0.436882,-0.110216,-0.161351,-0.000034,-0.000071,-0.000208,8.323212,WAIT_USER_CONFIRM
0.487000,0.436883,-0.110215,-0.161350,-0.000702,-0.000137,-0.000133,8.316176,WAIT_USER_CONFIRM
0.488000,0.436882,-0.110214,-0.161351,0.000006,0.000163,-0.000052,8.308966,WAIT_USER_CONFIRM
0.489000,0.436878,-0.110214,-0.161353,-0.001501,-0.000018,-0.000674,8.301641,WAIT_USER_CONFIRM
0.490000,0.436878,-0.110211,-0.161354,-0.001172,0.000707,-0.000687,8.294269,WAIT_USER_CONFIRM
0.491000,0.436879,-0.110211,-0.161352,-0.000640,0.000509,0.000060,8.286894,WAIT_USER_CONFIRM
0.492000,0.436881,-0.110215,-0.161351,-0.000075,-0.000502,0.000402,8.279565,WAIT_USER_CONFIRM
0.493000,0.436881,-0.110216,-0.161350,-0.000246,-0.000896,0.000212,8.272380,WAIT_USER_CONFIRM
0.494000,0.436879,-0.110213,-0.161352,-0.001055,-0.000182,-0.000147,8.265467,WAIT_USER_CONFIRM
0.495000,0.436882,-0.110212,-0.161350,-0.000489,0.000296,0.000166,8.258935,WAIT_USER_CONFIRM
0.496000,0.436879,-0.110211,-0.161352,-0.001046,0.000020,-0.000372,8.252855,WAIT_USER_CONFIRM
0.497000,0.436882,-0.110211,-0.161350,-0.000140,-0.000462,0.000549,8.247261,WAIT_USER_CONFIRM
0.498000,0.436875,-0.110211,-0.161354,-0.001898,-0.000702,-0.000816,8.242155,WAIT_USER_CONFIRM
0.499000,0.436878,-0.110211,-0.161351,-0.001062,-0.000597,-0.000032,8.237496,WAIT_USER_CONFIRM
0.500000,0.436878,-0.110214,-0.161351,-0.000874,-0.001395,-0.000040,8.233195,WAIT_USER_CONFIRM
0.501000,0.436884,-0.110213,-0.161349,0.000797,-0.000563,0.000432,8.229140,WAIT_USER_CONFIRM
0.502000,0.436877,-0.110213,-0.161352,-0.001134,-0.000052,-0.000318,8.225234,WAIT_USER_CONFIRM
0.503000,0.436876,-0.110212,-0.161351,-0.001076,-0.000569,0.000115,8.221408,WAIT_USER_CONFIRM
0.504000,0.436880,-0.110215,-0.161350,0.000023,-0.001780,0.000404,8.217631,WAIT_USER_CONFIRM
0.505000,0.436878,-0.110213,-0.161351,-0.001161,-0.000359,-0.000097,8.213909,WAIT_USER_CONFIRM
0.506000,0.436882,-0.110213,-0.161349,0.000752,-0.000078,0.000633,8.210268,WAIT_USER_CONFIRM
0.507000,0.436884,-0.110218,-0.161347,0.001508,-0.001541,0.001090,8.206764,WAIT_USER_CONFIRM
0.508000,0.436883,-0.110213,-0.161348,0.001129,0.000648,0.000646,8.203497,WAIT_USER_CONFIRM
0.509000,0.436882,-0.110217,-0.161347,0.000051,-0.000829,0.000555,8.200601,WAIT_USER_CONFIRM
0.510000,0.436880,-0.110216,-0.161348,-0.000438,0.000235,-0.000076,8.198205,WAIT_USER_CONFIRM
0.511000,0.436884,-0.110218,-0.161345,0.000446,-0.000917,0.000932,8.196401,WAIT_USER_CONFIRM
0.512000,0.436885,-0.110216,-0.161345,0.000553,-0.000290,0.000785,8.195246,WAIT_USER_CONFIRM
0.513000,0.436885,-0.110217,-0.161346,-0.000798,-0.000177,-0.000201,8.194795,WAIT_USER_CONFIRM
0.514000,0.436887,-0.110216,-0.161344,0.000581,-0.000186,0.000396,8.195074,WAIT_USER_CONFIRM
0.515000,0.436885,-0.110217,-0.161345,-0.000034,-0.000556,0.000300,8.196051,WAIT_USER_CONFIRM
0.516000,0.436887,-0.110217,-0.161345,0.000936,-0.000396,0.000475,8.197646,WAIT_USER_CONFIRM
0.517000,0.436885,-0.110217,-0.161345,0.000000,-0.000021,0.000140,8.199769,WAIT_USER_CONFIRM
0.518000,0.436884,-0.110218,-0.161346,-0.000754,-0.000242,-0.000104,8.202331,WAIT_USER_CONFIRM
0.519000,0.436887,-0.110218,-0.161344,0.001197,-0.000434,0.000722,8.205252,WAIT_USER_CONFIRM
0.520000,0.436885,-0.110214,-0.161346,-0.000534,0.000916,-0.000309,8.208459,WAIT_USER_CONFIRM
0.521000,0.436886,-0.110215,-0.161345,-0.000030,0.000142,0.000199,8.211902,WAIT_USER_CONFIRM
0.522000,0.436887,-0.110215,-0.161346,-0.000079,0.000082,-0.000432,8.215533,WAIT_USER_CONFIRM
0.523000,0.436889,-0.110217,-0.161343,0.001269,-0.000072,0.000799,8.219289,WAIT_USER_CONFIRM
0.524000,0.436888,-0.110218,-0.161344,0.001198,-0.000510,0.000547,8.223108,WAIT_USER_CONFIRM
0.525000,0.436884,-0.110215,-0.161346,-0.000567,0.000662,-0.000434,8.226966,WAIT_USER_CONFIRM
0.526000,0.436890,-0.110217,-0.161342,0.001103,-0.000079,0.000746,8.230870,WAIT_USER_CONFIRM
0.527000,0.436888,-0.110217,-0.161345,-0.000159,-0.000029,-0.000227,8.234840,WAIT_USER_CONFIRM
0.528000,0.436889,-0.110216,-0.161343,0.000532,0.000520,0.000491,8.238898,WAIT_USER_CONFIRM
0.529000,0.436887,-0.110217,-0.161344,-0.000349,0.000209,0.000054,8.243080,WAIT_USER_CONFIRM
0.530000,0.436888,-0.110215,-0.161345,0.000624,0.000846,0.000055,8.247436,WAIT_USER_CONFIRM
0.531000,0.436885,-0.110217,-0.161346,-0.000886,0.000175,-0.000567,8.252001,WAIT_USER_CONFIRM
0.532000,0.436887,-0.110220,-0.161344,0.000073,-0.000680,0.000157,8.256763,WAIT_USER_CONFIRM
0.533000,0.436887,-0.110215,-0.161345,0.000303,0.001008,-0.000228,8.261654,WAIT_USER_CONFIRM
0.534000,0.436887,-0.110212,-0.161346,-0.000082,0.001796,-0.000638,8.266575,WAIT_USER_CONFIRM
0.535000,0.436886,-0.110212,-0.161347,-0.000517,0.001502,-0.000914,8.271415,WAIT_USER_CONFIRM
0.536000,0.436885,-0.110216,-0.161345,0.000198,0.000015,0.000203,8.276045,WAIT_USER_CONFIRM
0.537000,0.436882,-0.110220,-0.161346,-0.000206,-0.000616,0.000089,8.280360,WAIT_USER_CONFIRM
0.538000,0.436886,-0.110215,-0.161345,0.001043,0.000958,0.000558,8.284334,WAIT_USER_CONFIRM
0.539000,0.436883,-0.110218,-0.161347,-0.000631,-0.000297,-0.000374,8.288026,WAIT_USER_CONFIRM
0.540000,0.436886,-0.110215,-0.161346,0.000527,0.000671,-0.000118,8.291526,WAIT_USER_CONFIRM
0.541000,0.436885,-0.110215,-0.161346,0.000324,0.000833,-0.000013,8.294885,WAIT_USER_CONFIRM
0.542000,0.436881,-0.110219,-0.161348,-0.001609,-0.000368,-0.001021,8.298109,WAIT_USER_CONFIRM
0.543000,0.436884,-0.110219,-0.161347,0.000089,-0.000369,-0.000218,8.301154,WAIT_USER_CONFIRM
0.544000,0.436877,-0.110217,-0.161350,-0.001824,0.000784,-0.001114,8.303925,WAIT_USER_CONFIRM
0.545000,0.436879,-0.110216,-0.161350,-0.000490,0.001186,-0.000803,8.306295,WAIT_USER_CONFIRM
0.546000,0.436878,-0.110220,-0.161349,-0.000084,-0.000647,0.000103,8.308147,WAIT_USER_CONFIRM
0.547000,0.436879,-0.110218,-0.161351,-0.000455,0.000288,-0.001102,8.309406,WAIT_USER_CONFIRM
0.548000,0.436878,-0.110220,-0.161351,-0.001045,-0.000598,-0.000908,8.310016,WAIT_USER_CONFIRM
0.549000,0.436879,-0.110222,-0.161351,-0.000911,-0.001193,-0.000929,8.309891,WAIT_USER_CONFIRM
0.550000,0.436881,-0.110220,-0.161349,0.000402,-0.000485,0.000113,8.308910,WAIT_USER_CONFIRM
0.551000,0.436879,-0.110220,-0.161349,-0.000574,-0.000489,-0.000053,8.307012,WAIT_USER_CONFIRM
0.552000,0.436879,-0.110224,-0.161350,0.000471,-0.001866,-0.000054,8.304266,WAIT_USER_CONFIRM
0.553000,0.436879,-0.110221,-0.161351,0.000304,-0.000441,-0.000126,8.300831,WAIT_USER_CONFIRM
0.554000,0.436876,-0.110224,-0.161351,-0.000261,-0.001209,-0.000090,8.296877,WAIT_USER_CONFIRM
0.555000,0.436880,-0.110225,-0.161349,0.001182,-0.001272,0.000590,8.292555,WAIT_USER_CONFIRM
0.556000,0.436877,-0.110223,-0.161351,-0.000093,-0.000300,-0.000210,8.288009,WAIT_USER_CONFIRM
0.557000,0.436880,-0.110223,-0.161349,0.000898,-0.000521,0.000662,8.283396,WAIT_USER_CONFIRM
0.558000,0.436881,-0.110222,-0.161349,0.000893,-0.000288,0.000538,8.278881,WAIT_USER_CONFIRM
0.559000,0.436879,-0.110222,-0.161349,-0.000177,0.000031,0.000246,8.274646,WAIT_USER_CONFIRM
0.560000,0.436882,-0.110224,-0.161348,0.000880,-0.000656,0.000780,8.270879,WAIT_USER_CONFIRM
0.561000,0.436879,-0.110223,-0.161350,-0.000119,-0.000157,0.000207,8.267746,WAIT_USER_CONFIRM
0.562000,0.436879,-0.110224,-0.161350,0.000328,-0.000309,0.000255,8.265367,WAIT_USER_CONFIRM
0.563000,0.436882,-0.110224,-0.161349,0.000684,-0.000171,0.000455,8.263790,WAIT_USER_CONFIRM
0.564000,0.436882,-0.110223,-0.161348,0.000522,0.000084,0.000358,8.262995,WAIT_USER_CONFIRM
0.565000,0.436879,-0.110224,-0.161349,-0.000770,-0.000366,-0.000242,8.262913,WAIT_USER_CONFIRM
0.566000,0.436880,-0.110226,-0.161348,-0.000352,-0.000649,0.000023,8.263430,WAIT_USER_CONFIRM
0.567000,0.436884,-0.110223,-0.161346,0.000179,0.000557,0.000422,8.264392,WAIT_USER_CONFIRM
0.568000,0.436882,-0.110221,-0.161348,-0.000212,0.000962,-0.000154,8.265646,WAIT_USER_CONFIRM
0.569000,0.436885,-0.110221,-0.161346,0.000584,0.000945,0.000354,8.267077,WAIT_USER_CONFIRM
0.570000,0.436881,-0.110223,-0.161348,-0.000909,0.000227,-0.000373,8.268596,WAIT_USER_CONFIRM
0.571000,0.436884,-0.110223,-0.161346,0.000387,0.000358,0.000264,8.270127,WAIT_USER_CONFIRM
0.572000,0.436883,-0.110223,-0.161346,-0.000390,0.000371,-0.000190,8.271587,WAIT_USER_CONFIRM
0.573000,0.436886,-0.110224,-0.161344,0.000102,-0.000050,0.000237,8.272907,WAIT_USER_CONFIRM
0.574000,0.436889,-0.110220,-0.161343,0.001110,0.001279,0.000649,8.274041,WAIT_USER_CONFIRM
0.575000,0.436886,-0.110222,-0.161344,-0.000662,-0.000062,0.000067,8.275003,WAIT_USER_CONFIRM
0.576000,0.436887,-0.110220,-0.161344,-0.000197,0.000843,-0.000061,8.275859,WAIT_USER_CONFIRM
0.577000,0.436890,-0.110221,-0.161342,0.001234,0.000268,0.000621,8.276687,WAIT_USER_CONFIRM
0.578000,0.436888,-0.110220,-0.161343,0.000259,0.000537,0.000137,8.277552,WAIT_USER_CONFIRM
0.579000,0.436888,-0.110222,-0.161343,0.000096,-0.000231,0.000143,8.278493,WAIT_USER_CONFIRM
0.580000,0.436886,-0.110221,-0.161344,-0.000286,-0.000153,-0.000073,8.279516,WAIT_USER_CONFIRM
0.581000,0.436885,-0.110219,-0.161345,-0.000407,0.000447,-0.000449,8.280581,WAIT_USER_CONFIRM
0.582000,0.436892,-0.110220,-0.161341,0.001441,0.000017,0.000796,8.281614,WAIT_USER_CONFIRM
0.583000,0.436889,-0.110219,-0.161343,0.000140,0.000098,-0.000069,8.282549,WAIT_USER_CONFIRM
0.584000,0.436889,-0.110220,-0.161342,0.000089,-0.000237,0.000328,8.283367,WAIT_USER_CONFIRM
0.585000,0.436892,-0.110213,-0.161342,0.000433,0.002192,0.000004,8.284098,WAIT_USER_CONFIRM
0.586000,0.436888,-0.110219,-0.161343,-0.000467,-0.000307,-0.000233,8.284812,WAIT_USER_CONFIRM
0.587000,0.436892,-0.110217,-0.161341,0.000895,0.000497,0.000374,8.285588,WAIT_USER_CONFIRM
0.588000,0.436885,-0.110218,-0.161345,-0.001237,0.000210,-0.000833,8.286481,WAIT_USER_CONFIRM
0.589000,0.436888,-0.110217,-0.161345,0.000135,0.000834,-0.000293,8.287504,WAIT_USER_CONFIRM
0.590000,0.436885,-0.110218,-0.161345,-0.000110,0.000507,-0.000162,8.288614,WAIT_USER_CONFIRM
0.591000,0.436883,-0.110218,-0.161347,-0.000343,0.000680,-0.000431,8.289751,WAIT_USER_CONFIRM
0.592000,0.436882,-0.110219,-0.161347,-0.000247,0.000308,-0.000322,8.290866,WAIT_USER_CONFIRM
0.593000,0.436884,-0.110218,-0.161346,0.000581,0.000182,0.000078,8.291922,WAIT_USER_CONFIRM
0.594000,0.436884,-0.110219,-0.161346,0.000182,-0.000034,-0.000093,8.292897,WAIT_USER_CONFIRM
0.595000,0.436883,-0.110221,-0.161347,-0.000930,-0.000803,-0.000589,8.293785,WAIT_USER_CONFIRM
0.596000,0.436883,-0.110220,-0.161346,-0.000739,-0.000685,-0.000193,8.294570,WAIT_USER_CONFIRM
0.597000,0.436882,-0.110219,-0.161347,-0.000605,-0.000371,-0.000479,8.295219,WAIT_USER_CONFIRM
0.598000,0.436882,-0.110222,-0.161346,0.000051,-0.001563,0.000134,8.295701,WAIT_USER_CONFIRM
0.599000,0.436881,-0.110219,-0.161348,-0.000531,-0.000193,-0.000551,8.295999,WAIT_USER_CONFIRM
0.600000,0.436877,-0.110218,-0.161350,-0.001271,0.000691,-0.001236,8.296095,WAIT_USER_CONFIRM
0.601000,0.436882,-0.110221,-0.161347,0.001184,-0.001119,0.000506,8.295956,WAIT_USER_CONFIRM
0.602000,0.436880,-0.110222,-0.161348,-0.000568,-0.000942,-0.000443,8.295541,WAIT_USER_CONFIRM
0.603000,0.436879,-0.110219,-0.161348,-0.001011,0.000004,-0.000384,8.294845,WAIT_USER_CONFIRM
0.604000,0.436879,-0.110218,-0.161349,-0.000542,0.000517,-0.000419,8.293908,WAIT_USER_CONFIRM
0.605000,0.436877,-0.110218,-0.161350,-0.001500,0.000170,-0.000948,8.292800,WAIT_USER_CONFIRM
0.606000,0.436881,-0.110219,-0.161347,-0.000032,0.000359,0.000111,8.291602,WAIT_USER_CONFIRM
0.607000,0.436882,-0.110220,-0.161347,0.000563,0.000091,0.000113,8.290406,WAIT_USER_CONFIRM
0.608000,0.436881,-0.110220,-0.161348,-0.000050,-0.000199,0.000062,8.289328,WAIT_USER_CONFIRM
0.609000,0.436886,-0.110216,-0.161345,0.001569,0.000787,0.000825,8.288515,WAIT_USER_CONFIRM
0.610000,0.436884,-0.110217,-0.161346,-0.000118,0.000552,-0.000137,8.288133,WAIT_USER_CONFIRM
0.611000,0.436886,-0.110213,-0.161346,0.001264,0.001901,0.000103,8.288352,WAIT_USER_CONFIRM
0.612000,0.436885,-0.110215,-0.161347,0.000805,0.000916,0.000156,8.289294,WAIT_USER_CONFIRM
0.613000,0.436886,-0.110215,-0.161347,0.000335,0.000995,-0.000212,8.291007,WAIT_USER_CONFIRM
0.614000,0.436883,-0.110213,-0.161347,-0.000558,0.000850,-0.000539,8.293459,WAIT_USER_CONFIRM
0.615000,0.436885,-0.110213,-0.161347,0.000016,0.000669,-0.000355,8.296535,WAIT_USER_CONFIRM
0.616000,0.436887,-0.110212,-0.161345,0.001166,0.001427,0.000130,8.300068,WAIT_USER_CONFIRM
0.617000,0.436889,-0.110212,-0.161345,0.001261,0.001125,0.000042,8.303888,WAIT_USER_CONFIRM
0.618000,0.436885,-0.110212,-0.161347,-0.001021,0.001054,-0.000899,8.307861,WAIT_USER_CONFIRM
0.619000,0.436889,-0.110210,-0.161345,0.000707,0.001286,-0.000012,8.311879,WAIT_USER_CONFIRM
0.620000,0.436885,-0.110210,-0.161347,-0.000342,0.000988,-0.000408,8.315847,WAIT_USER_CONFIRM
0.621000,0.436888,-0.110211,-0.161344,0.000470,-0.000094,0.000482,8.319712,WAIT_USER_CONFIRM
0.622000,0.436888,-0.110210,-0.161345,0.000321,0.000513,-0.000214,8.323482,WAIT_USER_CONFIRM
0.623000,0.436889,-0.110212,-0.161345,-0.000029,-0.000237,-0.000393,8.327198,WAIT_USER_CONFIRM
0.624000,0.436887,-0.110209,-0.161345,0.000229,0.000942,-0.000018,8.330877,WAIT_USER_CONFIRM
0.625000,0.436888,-0.110213,-0.161344,0.000545,-0.000337,0.000300,8.334509,WAIT_USER_CONFIRM
0.626000,0.436888,-0.110210,-0.161346,0.000116,-0.000052,-0.000406,8.338091,WAIT_USER_CONFIRM
0.627000,0.436888,-0.110211,-0.161345,-0.000274,-0.000313,0.000050,8.341628,WAIT_USER_CONFIRM
0.628000,0.436884,-0.110210,-0.161347,-0.001272,-0.000395,-0.000368,8.345104,WAIT_USER_CONFIRM
0.629000,0.436880,-0.110210,-0.161350,-0.001760,-0.000802,-0.000870,8.348487,WAIT_USER_CONFIRM
0.630000,0.436882,-0.110214,-0.161348,-0.000613,-0.001129,-0.000016,8.351725,WAIT_USER_CONFIRM
0.631000,0.436882,-0.110214,-0.161348,-0.000436,-0.000862,0.000234,8.354752,WAIT_USER_CONFIRM
0.632000,0.436880,-0.110214,-0.161348,-0.000832,-0.000614,-0.000053,8.357535,WAIT_USER_CONFIRM
0.633000,0.436883,-0.110215,-0.161347,0.000193,-0.000807,0.000078,8.360101,WAIT_USER_CONFIRM
0.634000,0.436881,-0.110214,-0.161349,-0.000829,-0.000820,-0.000234,8.362497,WAIT_USER_CONFIRM
0.635000,0.436878,-0.110217,-0.161349,-0.001860,-0.001941,-0.000646,8.364736,WAIT_USER_CONFIRM
0.636000,0.436880,-0.110217,-0.161349,-0.000225,-0.001615,0.000170,8.366775,WAIT_USER_CONFIRM
0.637000,0.436875,-0.110218,-0.161351,-0.001767,-0.001396,-0.000636,8.368530,WAIT_USER_CONFIRM
0.638000,0.436882,-0.110222,-0.161347,0.000752,-0.001933,0.000681,8.369916,WAIT_USER_CONFIRM
0.639000,0.436881,-0.110220,-0.161347,0.000772,-0.000810,0.000511,8.370895,WAIT_USER_CONFIRM
0.640000,0.436881,-0.110219,-0.161348,0.000521,-0.000487,0.000254,8.371500,WAIT_USER_CONFIRM
0.641000,0.436878,-0.110221,-0.161349,0.000190,-0.001265,0.000236,8.371825,WAIT_USER_CONFIRM
0.642000,0.436877,-0.110222,-0.161350,-0.000400,-0.000967,-0.000200,8.371970,WAIT_USER_CONFIRM
0.643000,0.436879,-0.110224,-0.161348,-0.000104,-0.001552,0.000180,8.371992,WAIT_USER_CONFIRM
0.644000,0.436878,-0.110222,-0.161350,-0.000742,-0.000580,-0.000252,8.371899,WAIT_USER_CONFIRM
0.645000,0.436880,-0.110224,-0.161349,0.000312,-0.001084,0.000092,8.371663,WAIT_USER_CONFIRM
0.646000,0.436879,-0.110222,-0.161349,-0.000873,0.000004,-0.000509,8.371241,WAIT_USER_CONFIRM
0.647000,0.436880,-0.110223,-0.161347,0.000183,-0.000636,0.000419,8.370582,WAIT_USER_CONFIRM
0.648000,0.436879,-0.110224,-0.161348,-0.000385,-0.000488,-0.000105,8.369658,WAIT_USER_CONFIRM
0.649000,0.436883,-0.110223,-0.161347,0.001033,0.000567,0.000082,8.368487,WAIT_USER_CONFIRM
0.650000,0.436884,-0.110228,-0.161345,0.000648,-0.001648,0.000666,8.367120,WAIT_USER_CONFIRM
0.651000,0.436884,-0.110225,-0.161346,0.000160,0.000267,0.000032,8.365618,WAIT_USER_CONFIRM
0.652000,0.436886,-0.110223,-0.161346,0.000987,0.000531,0.000343,8.364059,WAIT_USER_CONFIRM
0.653000,0.436885,-0.110226,-0.161346,0.000719,-0.000067,0.000381,8.362527,WAIT_USER_CONFIRM
0.654000,0.436884,-0.110224,-0.161347,-0.000350,0.000439,-0.000411,8.361090,WAIT_USER_CONFIRM
0.655000,0.436888,-0.110226,-0.161344,0.000511,0.000130,0.000217,8.359772,WAIT_USER_CONFIRM
0.656000,0.436891,-0.110223,-0.161344,0.001573,0.000487,0.000707,8.358551,WAIT_USER_CONFIRM
0.657000,0.436891,-0.110226,-0.161342,0.001528,-0.000467,0.001003,8.357411,WAIT_USER_CONFIRM
0.658000,0.436893,-0.110226,-0.161341,0.001767,-0.000260,0.001233,8.356397,WAIT_USER_CONFIRM
0.659000,0.436893,-0.110225,-0.161341,0.001729,0.000286,0.000794,8.355627,WAIT_USER_CONFIRM
0.660000,0.436893,-0.110224,-0.161342,0.001475,0.000336,0.000629,8.355247,WAIT_USER_CONFIRM
0.661000,0.436891,-0.110226,-0.161343,-0.000035,-0.000762,0.000037,8.355356,WAIT_USER_CONFIRM
0.662000,0.436895,-0.110224,-0.161341,0.001392,0.000381,0.000501,8.355953,WAIT_USER_CONFIRM
0.663000,0.436894,-0.110223,-0.161342,-0.000096,0.000875,-0.000113,8.356942,WAIT_USER_CONFIRM
0.664000,0.436891,-0.110224,-0.161344,-0.000930,0.000268,-0.001096,8.358160,WAIT_USER_CONFIRM
0.665000,0.436892,-0.110224,-0.161342,0.000324,0.000036,0.000173,8.359378,WAIT_USER_CONFIRM
0.666000,0.436894,-0.110224,-0.161341,0.000287,-0.000090,0.000254,8.360333,WAIT_USER_CONFIRM
0.667000,0.436895,-0.110225,-0.161339,0.000919,-0.000716,0.001073,8.360824,WAIT_USER_CONFIRM
0.668000,0.436895,-0.110226,-0.161340,0.000245,-0.000501,0.000451,8.360802,WAIT_USER_CONFIRM
0.669000,0.436896,-0.110223,-0.161340,0.000335,0.000128,0.000404,8.360349,WAIT_USER_CONFIRM
0.670000,0.436892,-0.110224,-0.161341,-0.001668,-0.000683,-0.000390,8.359593,WAIT_USER_CONFIRM
0.671000,0.436891,-0.110227,-0.161341,-0.001598,-0.001342,-0.000266,8.358632,WAIT_USER_CONFIRM
0.672000,0.436889,-0.110228,-0.161343,-0.000866,-0.001153,-0.000233,8.357500,WAIT_USER_CONFIRM
0.673000,0.436889,-0.110224,-0.161344,-0.000013,0.000929,-0.000156,8.356177,WAIT_USER_CONFIRM
0.674000,0.436885,-0.110225,-0.161345,-0.000353,0.000207,-0.000013,8.354628,WAIT_USER_CONFIRM
0.675000,0.436887,-0.110225,-0.161344,0.000790,0.000033,0.000635,8.352854,WAIT_USER_CONFIRM
0.676000,0.436885,-0.110225,-0.161345,-0.000002,0.000265,0.000191,8.350918,WAIT_USER_CONFIRM
0.677000,0.436883,-0.110225,-0.161346,0.000602,0.000383,0.000380,8.348938,WAIT_USER_CONFIRM
0.678000,0.436883,-0.110223,-0.161346,0.000703,0.001030,0.000352,8.347057,WAIT_USER_CONFIRM
0.679000,0.436882,-0.110224,-0.161346,0.000223,0.000012,0.000267,8.345398,WAIT_USER_CONFIRM
0.680000,0.436883,-0.110225,-0.161346,0.001011,0.000109,0.000542,8.344056,WAIT_USER_CONFIRM
0.681000,0.436884,-0.110224,-0.161346,0.001517,0.000986,0.000633,8.343090,WAIT_USER_CONFIRM
0.682000,0.436879,-0.110225,-0.161348,-0.000046,0.000619,-0.000345,8.342523,WAIT_USER_CONFIRM
0.683000,0.436879,-0.110222,-0.161348,0.000651,0.001701,-0.000071,8.342336,WAIT_USER_CONFIRM
0.684000,0.436881,-0.110221,-0.161347,0.000648,0.001712,-0.000148,8.342445,WAIT_USER_CONFIRM
0.685000,0.436880,-0.110222,-0.161347,0.000298,0.001291,-0.000294,8.342731,WAIT_USER_CONFIRM
0.686000,0.436883,-0.110219,-0.161347,0.001159,0.002372,-0.000357,8.343068,WAIT_USER_CONFIRM
0.687000,0.436882,-0.110220,-0.161346,0.000971,0.000739,0.000175,8.343334,WAIT_USER_CONFIRM
0.688000,0.436885,-0.110219,-0.161345,0.002347,0.000552,0.000834,8.343434,WAIT_USER_CONFIRM
0.689000,0.436880,-0.110217,-0.161347,-0.000467,0.000822,-0.000268,8.343333,WAIT_USER_CONFIRM
0.690000,0.436881,-0.110218,-0.161347,0.000035,0.000486,-0.000021,8.343051,WAIT_USER_CONFIRM
0.691000,0.436883,-0.110218,-0.161347,0.001113,0.000386,0.000220,8.342629,WAIT_USER_CONFIRM
0.692000,0.436879,-0.110216,-0.161348,-0.000244,0.000780,-0.000210,8.342103,WAIT_USER_CONFIRM
0.693000,0.436886,-0.110213,-0.161346,0.001853,0.001505,0.000437,8.341501,WAIT_USER_CONFIRM
0.694000,0.436882,-0.110215,-0.161346,-0.000149,0.000511,-0.000115,8.340861,WAIT_USER_CONFIRM
0.695000,0.436889,-0.110212,-0.161344,0.001453,0.001549,0.000395,8.340241,WAIT_USER_CONFIRM
0.696000,0.436887,-0.110211,-0.161344,0.000909,0.000793,0.000476,8.339725,WAIT_USER_CONFIRM
0.697000,0.436888,-0.110212,-0.161344,0.000555,0.000081,0.000346,8.339420,WAIT_USER_CONFIRM
0.698000,0.436893,-0.110210,-0.161343,0.001397,0.000289,0.000499,8.339441,WAIT_USER_CONFIRM
0.699000,0.436887,-0.110206,-0.161346,-0.001386,0.001539,-0.001149,8.339862,WAIT_USER_CONFIRM
0.700000,0.436890,-0.110207,-0.161344,0.000034,0.000498,0.000009,8.340663,WAIT_USER_CONFIRM
0.701000,0.436893,-0.110207,-0.161344,0.000505,0.000306,0.000051,8.341747,WAIT_USER_CONFIRM
0.702000,0.436889,-0.110208,-0.161345,-0.000218,0.000192,-0.000177,8.342999,WAIT_USER_CONFIRM
0.703000,0.436895,-0.110206,-0.161343,0.000826,0.000262,0.000298,8.344337,WAIT_USER_CONFIRM
0.704000,0.436894,-0.110202,-0.161345,0.000698,0.001829,-0.000300,8.345713,WAIT_USER_CONFIRM
0.705000,0.436890,-0.110208,-0.161344,-0.000355,-0.000807,0.000025,8.347107,WAIT_USER_CONFIRM
0.706000,0.436890,-0.110205,-0.161346,-0.000301,0.000811,-0.000307,8.348509,WAIT_USER_CONFIRM
0.707000,0.436894,-0.110205,-0.161344,0.001693,0.000674,0.000639,8.349917,WAIT_USER_CONFIRM
0.708000,0.436890,-0.110208,-0.161344,0.000257,-0.000685,0.000372,8.351355,WAIT_USER_CONFIRM
0.709000,0.436888,-0.110210,-0.161346,-0.000712,-0.001285,-0.000102,8.352873,WAIT_USER_CONFIRM
0.710000,0.436888,-0.110205,-0.161346,-0.000809,0.000396,-0.000320,8.354510,WAIT_USER_CONFIRM
0.711000,0.436892,-0.110205,-0.161346,-0.000231,-0.000368,-0.000321,8.356260,WAIT_USER_CONFIRM
0.712000,0.436888,-0.110208,-0.161347,-0.001293,-0.000513,-0.000745,8.358057,WAIT_USER_CONFIRM
0.713000,0.436892,-0.110209,-0.161345,0.000286,-0.000510,0.000023,8.359786,WAIT_USER_CONFIRM
0.714000,0.436885,-0.110209,-0.161349,-0.001496,-0.000167,-0.001179,8.361306,WAIT_USER_CONFIRM
0.715000,0.436886,-0.110209,-0.161348,-0.000586,-0.000742,-0.000527,8.362465,WAIT_USER_CONFIRM
0.716000,0.436885,-0.110213,-0.161347,-0.000971,-0.001298,-0.000527,8.363111,WAIT_USER_CONFIRM
0.717000,0.436884,-0.110214,-0.161347,-0.001021,-0.001121,-0.000373,8.363116,WAIT_USER_CONFIRM
0.718000,0.436880,-0.110218,-0.161350,-0.001085,-0.001487,-0.001103,8.362409,WAIT_USER_CONFIRM
0.719000,0.436882,-0.110217,-0.161348,-0.000102,-0.001060,-0.000111,8.360951,WAIT_USER_CONFIRM
0.720000,0.436880,-0.110218,-0.161350,-0.001112,-0.000885,-0.000796,8.358713,WAIT_USER_CONFIRM
0.721000,0.436882,-0.110217,-0.161350,-0.000228,-0.000688,-0.000272,8.355696,WAIT_USER_CONFIRM
0.722000,0.436881,-0.110221,-0.161350,-0.000566,-0.001612,-0.000351,8.351940,WAIT_USER_CONFIRM
0.723000,0.436878,-0.110219,-0.161351,-0.001245,-0.000760,-0.000637,8.347516,WAIT_USER_CONFIRM
0.724000,0.436880,-0.110219,-0.161350,-0.000435,-0.000558,-0.000138,8.342516,WAIT_USER_CONFIRM
0.725000,0.436881,-0.110223,-0.161348,-0.000317,-0.001461,0.000408,8.337059,WAIT_USER_CONFIRM
0.726000,0.436879,-0.110221,-0.161350,-0.000930,-0.000804,-0.000268,8.331317,WAIT_USER_CONFIRM
0.727000,0.436884,-0.110221,-0.161348,0.000950,-0.000626,0.000647,8.325508,WAIT_USER_CONFIRM
0.728000,0.436883,-0.110222,-0.161348,0.000272,-0.000800,0.000271,8.319861,WAIT_USER_CONFIRM
0.729000,0.436879,-0.110223,-0.161350,-0.000920,-0.000283,-0.000685,8.314571,WAIT_USER_CONFIRM
0.730000,0.436879,-0.110223,-0.161350,-0.000057,-0.000237,-0.000056,8.309757,WAIT_USER_CONFIRM
0.731000,0.436885,-0.110223,-0.161347,0.002138,-0.000151,0.001135,8.305447,WAIT_USER_CONFIRM
0.732000,0.436886,-0.110222,-0.161346,0.001603,0.000331,0.000914,8.301661,WAIT_USER_CONFIRM
0.733000,0.436884,-0.110221,-0.161348,0.001018,0.000839,0.000410,8.298482,WAIT_USER_CONFIRM
0.734000,0.436883,-0.110222,-0.161349,0.000689,0.000239,0.000243,8.296019,WAIT_USER_CONFIRM
0.735000,0.436886,-0.110225,-0.161346,0.002417,-0.000734,0.001418,8.294342,WAIT_USER_CONFIRM
0.736000,0.436883,-0.110225,-0.161347,0.000718,-0.000514,0.000658,8.293463,WAIT_USER_CONFIRM
0.737000,0.436884,-0.110223,-0.161348,0.000144,-0.000019,0.000028,8.293369,WAIT_USER_CONFIRM
0.738000,0.436887,-0.110221,-0.161346,0.000920,0.000703,0.000546,8.294002,WAIT_USER_CONFIRM
0.739000,0.436887,-0.110222,-0.161346,0.000125,0.000084,0.000185,8.295252,WAIT_USER_CONFIRM
0.740000,0.436887,-0.110221,-0.161346,0.000121,0.000548,0.000346,8.296978,WAIT_USER_CONFIRM
0.741000,0.436892,-0.110222,-0.161343,0.001946,0.000066,0.001246,8.299044,WAIT_USER_CONFIRM
0.742000,0.436892,-0.110221,-0.161343,0.000865,0.000379,0.000767,8.301350,WAIT_USER_CONFIRM
0.743000,0.436891,-0.110221,-0.161343,0.000549,0.000311,0.000569,8.303845,WAIT_USER_CONFIRM
0.744000,0.436894,-0.110220,-0.161342,0.001698,0.000164,0.001094,8.306509,WAIT_USER_CONFIRM
0.745000,0.436897,-0.110219,-0.161341,0.001419,0.000637,0.000843,8.309326,WAIT_USER_CONFIRM
0.746000,0.436891,-0.110219,-0.161343,-0.000473,0.000515,0.000054,8.312278,WAIT_USER_CONFIRM
0.747000,0.436893,-0.110218,-0.161342,0.000388,0.000714,0.000482,8.315331,WAIT_USER_CONFIRM
0.748000,0.436892,-0.110219,-0.161343,0.000240,0.000041,0.000291,8.318423,WAIT_USER_CONFIRM
0.749000,0.436894,-0.110222,-0.161340,0.000865,-0.001115,0.001163,8.321480,WAIT_USER_CONFIRM
0.750000,0.436887,-0.110223,-0.161344,-0.001846,-0.000981,-0.000454,8.324440,WAIT_USER_CONFIRM
0.751000,0.436891,-0.110223,-0.161342,0.000732,-0.000404,0.000807,8.327241,WAIT_USER_CONFIRM
0.752000,0.436889,-0.110222,-0.161343,0.000502,-0.000833,0.000868,8.329813,WAIT_USER_CONFIRM
0.753000,0.436892,-0.110224,-0.161341,0.001681,-0.000950,0.001236,8.332124,WAIT_USER_CONFIRM
0.754000,0.436886,-0.110222,-0.161344,-0.000373,-0.000004,0.000017,8.334209,WAIT_USER_CONFIRM
0.755000,0.436886,-0.110222,-0.161345,-0.000015,-0.000116,0.000094,8.336113,WAIT_USER_CONFIRM
0.756000,0.436884,-0.110225,-0.161345,-0.000534,-0.001061,0.000105,8.337828,WAIT_USER_CONFIRM
0.757000,0.436886,-0.110222,-0.161344,0.000235,0.000341,0.000202,8.339285,WAIT_USER_CONFIRM
0.758000,0.436885,-0.110224,-0.161345,-0.000324,-0.000034,-0.000230,8.340394,WAIT_USER_CONFIRM
0.759000,0.436882,-0.110226,-0.161345,-0.001802,-0.000863,-0.000622,8.341063,WAIT_USER_CONFIRM
0.760000,0.436880,-0.110225,-0.161347,-0.001710,-0.000040,-0.000871,8.341182,WAIT_USER_CONFIRM
0.761000,0.436884,-0.110224,-0.161346,-0.000694,-0.000057,-0.000618,8.340619,WAIT_USER_CONFIRM
0.762000,0.436882,-0.110228,-0.161345,-0.000367,-0.000893,-0.000083,8.339238,WAIT_USER_CONFIRM
0.763000,0.436882,-0.110226,-0.161345,0.000369,0.000600,0.000082,8.336957,WAIT_USER_CONFIRM
0.764000,0.436879,-0.110225,-0.161347,-0.001495,0.000670,-0.000885,8.333789,WAIT_USER_CONFIRM
0.765000,0.436880,-0.110229,-0.161346,-0.000503,-0.000283,-0.000402,8.329829,WAIT_USER_CONFIRM
0.766000,0.436882,-0.110225,-0.161346,0.000070,0.001276,-0.000396,8.325198,WAIT_USER_CONFIRM
0.767000,0.436883,-0.110229,-0.161344,-0.000356,-0.000716,0.000197,8.320019,WAIT_USER_CONFIRM
0.768000,0.436880,-0.110227,-0.161346,-0.001132,0.000028,-0.000307,8.314449,WAIT_USER_CONFIRM
0.769000,0.436884,-0.110224,-0.161344,0.000174,0.000441,0.000182,8.308695,WAIT_USER_CONFIRM
0.770000,0.436881,-0.110225,-0.161346,-0.001172,-0.000198,-0.000650,8.302997,WAIT_USER_CONFIRM
0.771000,0.436880,-0.110224,-0.161348,-0.000749,0.000187,-0.000753,8.297556,WAIT_USER_CONFIRM
0.772000,0.436880,-0.110225,-0.161348,-0.000601,-0.000586,-0.000797,8.292475,WAIT_USER_CONFIRM
0.773000,0.436881,-0.110224,-0.161347,-0.000561,0.000359,-0.000690,8.287736,WAIT_USER_CONFIRM
0.774000,0.436885,-0.110222,-0.161345,0.001443,0.001043,0.000165,8.283254,WAIT_USER_CONFIRM
0.775000,0.436881,-0.110223,-0.161346,-0.000432,0.000461,-0.000287,8.278969,WAIT_USER_CONFIRM
0.776000,0.436880,-0.110222,-0.161347,-0.000340,0.000791,-0.000555,8.274898,MOVE_JOINT
0.777000,0.436887,-0.110223,-0.161344,0.001730,0.000303,0.000747,8.271118,MOVE_JOINT
0.778000,0.436890,-0.110223,-0.161342,0.002183,0.000256,0.001165,8.267759,MOVE_JOINT
0.779000,0.436890,-0.110218,-0.161343,0.002109,0.001735,0.000877,8.265031,MOVE_JOINT
0.780000,0.436890,-0.110217,-0.161344,0.001739,0.001859,0.000511,8.263215,MOVE_JOINT
0.781000,0.436887,-0.110219,-0.161344,0.000597,0.000710,0.000165,8.262581,MOVE_JOINT
0.782000,0.436885,-0.110214,-0.161348,0.000301,0.001983,-0.000791,8.263293,MOVE_JOINT
0.783000,0.436888,-0.110216,-0.161343,0.001238,0.000460,0.000641,8.265349,MOVE_JOINT
0.784000,0.436890,-0.110215,-0.161343,0.001733,0.000596,0.000677,8.268614,MOVE_JOINT
0.785000,0.436894,-0.110214,-0.161340,0.001739,0.000876,0.001056,8.272935,MOVE_JOINT
0.786000,0.436902,-0.110216,-0.161336,0.003306,0.000144,0.002042,8.278211,MOVE_JOINT
0.787000,0.436907,-0.110220,-0.161330,0.002530,-0.000706,0.002462,8.284425,MOVE_JOINT
0.788000,0.436921,-0.110223,-0.161319,0.005729,-0.001424,0.005042,8.291669,MOVE_JOINT
0.789000,0.436933,-0.110229,-0.161307,0.007229,-0.003067,0.007002,8.300206,MOVE_JOINT
0.790000,0.436948,-0.110233,-0.161292,0.009364,-0.003057,0.009079,8.310553,MOVE_JOINT
0.791000,0.436960,-0.110240,-0.161278,0.009686,-0.004305,0.010162,8.323497,MOVE_JOINT
0.792000,0.436981,-0.110246,-0.161260,0.012544,-0.005127,0.012563,8.340000,MOVE_JOINT
0.793000,0.436997,-0.110255,-0.161242,0.013377,-0.006286,0.013644,8.361054,MOVE_JOINT
0.794000,0.437018,-0.110261,-0.161224,0.015764,-0.006580,0.015206,8.387537,MOVE_JOINT
0.795000,0.437043,-0.110270,-0.161203,0.018003,-0.007288,0.016519,8.420093,MOVE_JOINT
0.796000,0.437068,-0.110274,-0.161184,0.020268,-0.006837,0.017205,8.459028,MOVE_JOINT
0.797000,0.437099,-0.110284,-0.161162,0.024494,-0.007656,0.018992,8.504237,MOVE_JOINT
0.798000,0.437124,-0.110292,-0.161142,0.025407,-0.007899,0.019609,8.555164,MOVE_JOINT
0.799000,0.437153,-0.110301,-0.161122,0.027444,-0.008143,0.020550,8.610840,MOVE_JOINT
0.800000,0.437183,-0.110316,-0.161100,0.029055,-0.010783,0.021360,8.669942,MOVE_JOINT
0.801000,0.437218,-0.110324,-0.161077,0.030540,-0.010070,0.021681,8.730860,MOVE_JOINT
0.802000,0.437249,-0.110333,-0.161057,0.031339,-0.009778,0.021574,8.791747,MOVE_JOINT
0.803000,0.437290,-0.110343,-0.161031,0.034322,-0.009496,0.022938,8.850589,MOVE_JOINT
0.804000,0.437327,-0.110350,-0.161006,0.035816,-0.008884,0.024120,8.905342,MOVE_JOINT
0.805000,0.437362,-0.110359,-0.160983,0.036110,-0.009119,0.024050,8.954124,MOVE_JOINT
0.806000,0.437404,-0.110371,-0.160958,0.038614,-0.010373,0.025092,8.995348,MOVE_JOINT
0.807000,0.437440,-0.110381,-0.160934,0.037393,-0.010380,0.024539,9.027722,MOVE_JOINT
0.808000,0.437484,-0.110390,-0.160908,0.039569,-0.009925,0.025044,9.050203,MOVE_JOINT
0.809000,0.437525,-0.110402,-0.160881,0.040172,-0.010339,0.025494,9.061959,MOVE_JOINT
0.810000,0.437566,-0.110411,-0.160856,0.040217,-0.009592,0.025331,9.062383,MOVE_JOINT
0.811000,0.437614,-0.110420,-0.160828,0.041651,-0.009931,0.025952,9.051119,MOVE_JOINT
0.812000,0.437658,-0.110432,-0.160801,0.041945,-0.010776,0.026339,9.028068,MOVE_JOINT
0.813000,0.437703,-0.110443,-0.160773,0.042548,-0.010360,0.026245,8.993384,MOVE_JOINT
0.814000,0.437756,-0.110451,-0.160743,0.044528,-0.009749,0.027057,8.947446,MOVE_JOINT
0.815000,0.437805,-0.110463,-0.160712,0.045603,-0.010761,0.027914,8.890836,MOVE_JOINT
0.816000,0.437860,-0.110470,-0.160679,0.048090,-0.009564,0.029325,8.824348,MOVE_JOINT
0.817000,0.437909,-0.110481,-0.160649,0.048653,-0.009986,0.029720,8.749030,MOVE_JOINT
0.818000,0.437957,-0.110493,-0.160618,0.048804,-0.009881,0.030113,8.666180,MOVE_JOINT
0.819000,0.438010,-0.110506,-0.160586,0.049133,-0.010817,0.030098,8.577253,MOVE_JOINT
0.820000,0.438065,-0.110516,-0.160552,0.050996,-0.010851,0.031553,8.483736,MOVE_JOINT
0.821000,0.438117,-0.110528,-0.160518,0.052035,-0.011111,0.032321,8.387067,MOVE_JOINT
0.822000,0.438166,-0.110540,-0.160487,0.051494,-0.011049,0.032186,8.288642,MOVE_JOINT
0.823000,0.438224,-0.110549,-0.160450,0.054311,-0.010640,0.033986,8.189811,MOVE_JOINT
0.824000,0.438284,-0.110566,-0.160411,0.056790,-0.012634,0.035785,8.091883,MOVE_JOINT
0.825000,0.438341,-0.110576,-0.160373,0.057085,-0.012139,0.036292,7.996151,MOVE_JOINT
0.826000,0.438398,-0.110589,-0.160337,0.056675,-0.012350,0.036098,7.903888,MOVE_JOINT
0.827000,0.438458,-0.110606,-0.160296,0.057866,-0.013781,0.037566,7.816257,MOVE_JOINT
0.828000,0.438519,-0.110617,-0.160258,0.058597,-0.012999,0.037805,7.734231,MOVE_JOINT
0.829000,0.438583,-0.110629,-0.160216,0.060436,-0.012555,0.038955,7.658576,MOVE_JOINT
0.830000,0.438653,-0.110643,-0.160172,0.064122,-0.013274,0.041067,7.589877,MOVE_JOINT
0.831000,0.438721,-0.110656,-0.160127,0.066143,-0.012867,0.042611,7.528617,MOVE_JOINT
0.832000,0.438785,-0.110679,-0.160081,0.065388,-0.016509,0.043268,7.475271,MOVE_JOINT
0.833000,0.438850,-0.110702,-0.160036,0.064525,-0.018712,0.043948,7.430310,MOVE_JOINT
0.834000,0.438917,-0.110722,-0.159991,0.064633,-0.019079,0.043948,7.394103,MOVE_JOINT
0.835000,0.438986,-0.110735,-0.159947,0.066305,-0.017702,0.044175,7.366794,MOVE_JOINT
0.836000,0.439053,-0.110752,-0.159901,0.065960,-0.017161,0.044411,7.348217,MOVE_JOINT
0.837000,0.439121,-0.110766,-0.159854,0.066518,-0.016345,0.045017,7.337920,MOVE_JOINT
0.838000,0.439188,-0.110784,-0.159808,0.066504,-0.016744,0.045538,7.335266,MOVE_JOINT
0.839000,0.439262,-0.110801,-0.159757,0.067926,-0.017114,0.046567,7.339552,MOVE_JOINT
0.840000,0.439332,-0.110820,-0.159709,0.068762,-0.017697,0.047121,7.350080,MOVE_JOINT
0.841000,0.439401,-0.110841,-0.159660,0.068870,-0.018536,0.047493,7.366173,MOVE_JOINT
0.842000,0.439469,-0.110862,-0.159613,0.068008,-0.019686,0.047371,7.387145,MOVE_JOINT
0.843000,0.439534,-0.110883,-0.159568,0.066548,-0.020456,0.046411,7.412224,MOVE_JOINT
0.844000,0.439606,-0.110901,-0.159520,0.068120,-0.019222,0.046677,7.440486,MOVE_JOINT
0.845000,0.439679,-0.110920,-0.159472,0.069921,-0.019294,0.047218,7.470821,MOVE_JOINT
0.846000,0.439751,-0.110940,-0.159422,0.070284,-0.019419,0.047737,7.502022,MOVE_JOINT
0.847000,0.439832,-0.110960,-0.159369,0.073744,-0.019849,0.049719,7.532923,MOVE_JOINT
0.848000,0.439907,-0.110979,-0.159318,0.074058,-0.019548,0.050117,7.562550,MOVE_JOINT
0.849000,0.439983,-0.111000,-0.159266,0.074131,-0.019986,0.050606,7.590218,MOVE_JOINT
0.850000,0.440056,-0.111029,-0.159213,0.073516,-0.022155,0.051214,7.615520,MOVE_JOINT
0.851000,0.440129,-0.111047,-0.159164,0.073571,-0.020386,0.050297,7.638242,MOVE_JOINT
0.852000,0.440206,-0.111060,-0.159114,0.074398,-0.017937,0.050203,7.658256,MOVE_JOINT
0.853000,0.440285,-0.111077,-0.159063,0.076126,-0.017420,0.050347,7.675443,MOVE_JOINT
0.854000,0.440356,-0.111098,-0.159014,0.075076,-0.019091,0.050417,7.689683,MOVE_JOINT
0.855000,0.440427,-0.111128,-0.158964,0.073785,-0.023114,0.050730,7.700866,MOVE_JOINT
0.856000,0.440504,-0.111150,-0.158911,0.074633,-0.023276,0.051274,7.708873,MOVE_JOINT
0.857000,0.440583,-0.111168,-0.158860,0.076056,-0.021279,0.051471,7.713569,MOVE_JOINT
0.858000,0.440657,-0.111189,-0.158808,0.076172,-0.021195,0.051673,7.714835,MOVE_JOINT
0.859000,0.440730,-0.111203,-0.158761,0.075396,-0.018845,0.050480,7.712615,MOVE_JOINT
0.860000,0.440810,-0.111224,-0.158707,0.076175,-0.019645,0.051315,7.706921,MOVE_JOINT
0.861000,0.440890,-0.111240,-0.158655,0.078194,-0.018193,0.051736,7.697823,MOVE_JOINT
0.862000,0.440975,-0.111263,-0.158599,0.080296,-0.019764,0.053197,7.685486,MOVE_JOINT
0.863000,0.441053,-0.111283,-0.158547,0.079825,-0.020035,0.053216,7.670212,MOVE_JOINT
0.864000,0.441131,-0.111301,-0.158494,0.078830,-0.019917,0.053008,7.652430,MOVE_JOINT
0.865000,0.441202,-0.111323,-0.158446,0.075946,-0.020159,0.051031,7.632613,MOVE_JOINT
0.866000,0.441282,-0.111338,-0.158393,0.076746,-0.018883,0.051163,7.611148,MOVE_JOINT
0.867000,0.441358,-0.111355,-0.158345,0.076191,-0.018189,0.050083,7.588232,MOVE_JOINT
0.868000,0.441440,-0.111374,-0.158290,0.078335,-0.018451,0.051787,7.563884,MOVE_JOINT
0.869000,0.441514,-0.111394,-0.158237,0.077446,-0.019141,0.052538,7.538071,MOVE_JOINT
0.870000,0.441589,-0.111413,-0.158182,0.077294,-0.018955,0.053314,7.510896,MOVE_JOINT
0.871000,0.441666,-0.111430,-0.158128,0.076718,-0.018365,0.053309,7.482733,MOVE_JOINT
0.872000,0.441742,-0.111448,-0.158075,0.077169,-0.018163,0.053740,7.454224,MOVE_JOINT
0.873000,0.441816,-0.111471,-0.158022,0.076298,-0.019992,0.053607,7.426175,MOVE_JOINT
0.874000,0.441890,-0.111491,-0.157968,0.075614,-0.020196,0.053716,7.399426,MOVE_JOINT
0.875000,0.441974,-0.111507,-0.157910,0.077450,-0.018456,0.054423,7.374733,MOVE_JOINT
0.876000,0.442054,-0.111521,-0.157856,0.077823,-0.017012,0.054125,7.352717,MOVE_JOINT
0.877000,0.442140,-0.111537,-0.157798,0.080152,-0.017017,0.055350,7.333859,MOVE_JOINT
0.878000,0.442222,-0.111563,-0.157738,0.080212,-0.019700,0.056862,7.318529,MOVE_JOINT
0.879000,0.442300,-0.111589,-0.157679,0.080079,-0.022028,0.057758,7.307062,MOVE_JOINT
0.880000,0.442379,-0.111609,-0.157620,0.079288,-0.021944,0.057881,7.299817,MOVE_JOINT
0.881000,0.442458,-0.111625,-0.157564,0.078797,-0.020016,0.057134,7.297157,MOVE_JOINT
0.882000,0.442540,-0.111644,-0.157507,0.080359,-0.019701,0.057230,7.299339,MOVE_JOINT
0.883000,0.442628,-0.111659,-0.157448,0.082502,-0.017494,0.057545,7.306423,MOVE_JOINT
0.884000,0.442709,-0.111675,-0.157388,0.082599,-0.016963,0.058160,7.318258,MOVE_JOINT
0.885000,0.442786,-0.111702,-0.157330,0.080527,-0.020080,0.058388,7.334583,MOVE_JOINT
0.886000,0.442863,-0.111727,-0.157271,0.078631,-0.021952,0.058442,7.355099,MOVE_JOINT
0.887000,0.442943,-0.111740,-0.157215,0.079313,-0.018894,0.057872,7.379449,MOVE_JOINT
0.888000,0.443027,-0.111754,-0.157156,0.080620,-0.017197,0.057884,7.407167,MOVE_JOINT
0.889000,0.443104,-0.111774,-0.157098,0.079392,-0.017749,0.057693,7.437667,MOVE_JOINT
0.890000,0.443178,-0.111798,-0.157041,0.077499,-0.020035,0.057284,7.470296,MOVE_JOINT
0.891000,0.443258,-0.111818,-0.156984,0.077839,-0.019989,0.057156,7.504371,MOVE_JOINT
0.892000,0.443351,-0.111835,-0.156921,0.081702,-0.019264,0.058555,7.539169,MOVE_JOINT
0.893000,0.443442,-0.111848,-0.156859,0.084331,-0.016998,0.059422,7.573951,MOVE_JOINT
0.894000,0.443527,-0.111868,-0.156796,0.085137,-0.017635,0.060674,7.608071,MOVE_JOINT
0.895000,0.443610,-0.111889,-0.156734,0.083824,-0.019069,0.061167,7.641110,MOVE_JOINT
0.896000,0.443694,-0.111913,-0.156673,0.083202,-0.020535,0.060803,7.672931,MOVE_JOINT
0.897000,0.443780,-0.111933,-0.156614,0.084650,-0.020595,0.060438,7.703591,MOVE_JOINT
0.898000,0.443866,-0.111951,-0.156555,0.085695,-0.019790,0.060354,7.733136,MOVE_JOINT
0.899000,0.443941,-0.111965,-0.156500,0.082090,-0.017558,0.058221,7.761421,MOVE_JOINT
0.900000,0.444018,-0.111984,-0.156443,0.080245,-0.018028,0.057908,7.788033,MOVE_JOINT
0.901000,0.444102,-0.111999,-0.156383,0.080150,-0.016825,0.057796,7.812336,MOVE_JOINT
0.902000,0.444184,-0.112017,-0.156326,0.080810,-0.017331,0.057676,7.833600,MOVE_JOINT
0.903000,0.444268,-0.112035,-0.156268,0.081646,-0.018089,0.057973,7.851126,MOVE_JOINT
0.904000,0.444338,-0.112060,-0.156214,0.078286,-0.020690,0.056644,7.864289,MOVE_JOINT
0.905000,0.444410,-0.112084,-0.156159,0.075814,-0.021789,0.056027,7.872486,MOVE_JOINT
0.906000,0.444490,-0.112095,-0.156106,0.077260,-0.018650,0.055442,7.875078,MOVE_JOINT
0.907000,0.444580,-0.112107,-0.156047,0.081882,-0.015752,0.056504,7.871427,MOVE_JOINT
0.908000,0.444661,-0.112118,-0.155995,0.082476,-0.013900,0.055299,7.861021,MOVE_JOINT
0.909000,0.444743,-0.112138,-0.155937,0.082462,-0.016123,0.056378,7.843576,MOVE_JOINT
0.910000,0.444819,-0.112162,-0.155881,0.079929,-0.018959,0.056218,7.819070,MOVE_JOINT
0.911000,0.444904,-0.112183,-0.155824,0.081187,-0.019853,0.056299,7.787734,MOVE_JOINT
0.912000,0.444985,-0.112198,-0.155769,0.080685,-0.018513,0.055878,7.749994,MOVE_JOINT
0.913000,0.445054,-0.112215,-0.155720,0.076492,-0.018134,0.053490,7.706361,MOVE_JOINT
0.914000,0.445136,-0.112234,-0.155662,0.077710,-0.018451,0.054764,7.657360,MOVE_JOINT
0.915000,0.445210,-0.112250,-0.155610,0.076330,-0.017651,0.053709,7.603525,MOVE_JOINT
0.916000,0.445289,-0.112266,-0.155556,0.077015,-0.017417,0.053598,7.545455,MOVE_JOINT
0.917000,0.445374,-0.112272,-0.155502,0.079588,-0.013675,0.053689,7.483850,MOVE_JOINT
0.918000,0.445449,-0.112291,-0.155447,0.078711,-0.015658,0.054662,7.419522,MOVE_JOINT
0.919000,0.445524,-0.112317,-0.155388,0.077818,-0.019318,0.056287,7.353460,MOVE_JOINT
0.920000,0.445593,-0.112337,-0.155336,0.074491,-0.019416,0.054875,7.286885,MOVE_JOINT
0.921000,0.445676,-0.112355,-0.155278,0.077043,-0.019244,0.055753,7.221209,MOVE_JOINT
0.922000,0.445754,-0.112370,-0.155225,0.077419,-0.018197,0.054845,7.157869,MOVE_JOINT
0.923000,0.445827,-0.112383,-0.155172,0.076296,-0.015949,0.054176,7.098157,MOVE_JOINT
0.924000,0.445906,-0.112401,-0.155114,0.077167,-0.016428,0.055340,7.043140,MOVE_JOINT
0.925000,0.445984,-0.112419,-0.155057,0.077440,-0.016592,0.055964,6.993691,MOVE_JOINT
0.926000,0.446063,-0.112435,-0.155002,0.078078,-0.016105,0.055736,6.950580,MOVE_JOINT
0.927000,0.446145,-0.112451,-0.154943,0.079221,-0.016480,0.056533,6.914494,MOVE_JOINT
0.928000,0.446218,-0.112468,-0.154889,0.077198,-0.016983,0.055865,6.885996,MOVE_JOINT
0.929000,0.446291,-0.112491,-0.154833,0.075060,-0.019196,0.055646,6.865493,MOVE_JOINT
0.930000,0.446361,-0.112508,-0.154780,0.073862,-0.018146,0.054663,6.853186,MOVE_JOINT
0.931000,0.446441,-0.112520,-0.154726,0.076148,-0.015556,0.054596,6.849008,MOVE_JOINT
0.932000,0.446524,-0.112530,-0.154670,0.078629,-0.013321,0.055040,6.852596,MOVE_JOINT
0.933000,0.446600,-0.112548,-0.154613,0.077829,-0.015368,0.055994,6.863374,MOVE_JOINT
0.934000,0.446667,-0.112570,-0.154559,0.074086,-0.017371,0.055300,6.880697,MOVE_JOINT
0.935000,0.446745,-0.112585,-0.154504,0.075384,-0.017632,0.055425,6.903957,MOVE_JOINT
0.936000,0.446824,-0.112596,-0.154452,0.077313,-0.015144,0.054634,6.932544,MOVE_JOINT
0.937000,0.446900,-0.112609,-0.154401,0.076564,-0.014997,0.053568,6.965749,MOVE_JOINT
0.938000,0.446970,-0.112629,-0.154348,0.075262,-0.016487,0.053514,7.002671,MOVE_JOINT
0.939000,0.447038,-0.112648,-0.154297,0.072591,-0.017493,0.053000,7.042222,MOVE_JOINT
0.940000,0.447116,-0.112663,-0.154243,0.074331,-0.016750,0.053419,7.083213,MOVE_JOINT
0.941000,0.447201,-0.112667,-0.154189,0.077546,-0.012336,0.053116,7.124464,MOVE_JOINT
0.942000,0.447278,-0.112675,-0.154140,0.077954,-0.010829,0.052308,7.164893,MOVE_JOINT
0.943000,0.447349,-0.112694,-0.154087,0.076150,-0.013248,0.052490,7.203539,MOVE_JOINT
0.944000,0.447425,-0.112713,-0.154033,0.075709,-0.015210,0.052904,7.239584,MOVE_JOINT
0.945000,0.447501,-0.112732,-0.153981,0.075515,-0.016608,0.052609,7.272371,MOVE_JOINT
0.946000,0.447577,-0.112749,-0.153930,0.076305,-0.016705,0.052247,7.301391,MOVE_JOINT
0.947000,0.447654,-0.112755,-0.153882,0.076656,-0.012846,0.050905,7.326204,MOVE_JOINT
0.948000,0.447722,-0.112767,-0.153834,0.073605,-0.012607,0.049792,7.346372,MOVE_JOINT
0.949000,0.447786,-0.112780,-0.153789,0.070813,-0.013200,0.048867,7.361467,MOVE_JOINT
0.950000,0.447854,-0.112795,-0.153740,0.069955,-0.014047,0.048817,7.371137,MOVE_JOINT
0.951000,0.447932,-0.112810,-0.153689,0.072936,-0.014666,0.049991,7.375151,MOVE_JOINT
0.952000,0.448009,-0.112816,-0.153639,0.073576,-0.012183,0.049614,7.373441,MOVE_JOINT
0.953000,0.448075,-0.112828,-0.153592,0.071247,-0.011823,0.048983,7.366121,MOVE_JOINT
0.954000,0.448139,-0.112843,-0.153545,0.068848,-0.013176,0.048602,7.353497,MOVE_JOINT
0.955000,0.448203,-0.112860,-0.153498,0.068393,-0.014498,0.048329,7.336055,MOVE_JOINT
0.956000,0.448271,-0.112875,-0.153452,0.068598,-0.014186,0.047449,7.314409,MOVE_JOINT
0.957000,0.448343,-0.112886,-0.153407,0.069179,-0.013294,0.046346,7.289170,MOVE_JOINT
0.958000,0.448411,-0.112895,-0.153363,0.069259,-0.011467,0.045934,7.260783,MOVE_JOINT
0.959000,0.448480,-0.112906,-0.153313,0.069148,-0.011153,0.047030,7.229479,MOVE_JOINT
0.960000,0.448546,-0.112914,-0.153266,0.067740,-0.010461,0.046836,7.195411,MOVE_JOINT
0.961000,0.448623,-0.112926,-0.153214,0.070662,-0.010981,0.048642,7.158905,MOVE_JOINT
0.962000,0.448692,-0.112939,-0.153167,0.070462,-0.011838,0.048378,7.120618,MOVE_JOINT
0.963000,0.448760,-0.112956,-0.153120,0.069751,-0.013624,0.048121,7.081510,MOVE_JOINT
0.964000,0.448814,-0.112973,-0.153079,0.064404,-0.015050,0.045748,7.042649,MOVE_JOINT
0.965000,0.448876,-0.112981,-0.153038,0.062784,-0.013024,0.044291,7.004930,MOVE_JOINT
0.966000,0.448943,-0.112985,-0.152994,0.063570,-0.009521,0.043497,6.968891,MOVE_JOINT
0.967000,0.449006,-0.112986,-0.152953,0.063967,-0.006810,0.043104,6.934707,MOVE_JOINT
0.968000,0.449070,-0.113001,-0.152907,0.063907,-0.009015,0.043958,6.902343,MOVE_JOINT
0.969000,0.449134,-0.113017,-0.152860,0.063458,-0.011494,0.044728,6.871746,MOVE_JOINT
0.970000,0.449198,-0.113028,-0.152816,0.063234,-0.011263,0.044302,6.842978,MOVE_JOINT
0.971000,0.449263,-0.113037,-0.152773,0.063971,-0.010866,0.044179,6.816230,MOVE_JOINT
0.972000,0.449317,-0.113045,-0.152735,0.061292,-0.010322,0.042469,6.791744,MOVE_JOINT
0.973000,0.449370,-0.113059,-0.152696,0.058467,-0.011246,0.041180,6.769694,MOVE_JOINT
0.974000,0.449430,-0.113069,-0.152655,0.058427,-0.010933,0.040938,6.750095,MOVE_JOINT
0.975000,0.449489,-0.113078,-0.152616,0.058499,-0.010156,0.040406,6.732772,MOVE_JOINT
0.976000,0.449556,-0.113083,-0.152572,0.060383,-0.008085,0.040760,6.717422,MOVE_JOINT
0.977000,0.449620,-0.113093,-0.152530,0.061497,-0.009297,0.041483,6.703732,MOVE_JOINT
0.978000,0.449676,-0.113106,-0.152491,0.059832,-0.009945,0.040607,6.691494,MOVE_JOINT
0.979000,0.449733,-0.113123,-0.152451,0.058504,-0.012173,0.040132,6.680625,MOVE_JOINT
0.980000,0.449788,-0.113136,-0.152412,0.057799,-0.012190,0.039624,6.671101,MOVE_JOINT
0.981000,0.449847,-0.113147,-0.152374,0.057967,-0.011609,0.038784,6.662849,MOVE_JOINT
0.982000,0.449904,-0.113149,-0.152337,0.057495,-0.008683,0.038167,6.655702,MOVE_JOINT
0.983000,0.449966,-0.113156,-0.152297,0.059022,-0.008197,0.039262,6.649426,MOVE_JOINT
0.984000,0.450015,-0.113166,-0.152261,0.056444,-0.008945,0.038583,6.643849,MOVE_JOINT
0.985000,0.450069,-0.113180,-0.152223,0.055881,-0.011349,0.038975,6.638985,MOVE_JOINT
0.986000,0.450124,-0.113195,-0.152184,0.054816,-0.012946,0.038426,6.635021,MOVE_JOINT
0.987000,0.450175,-0.113206,-0.152149,0.053159,-0.011981,0.037131,6.632206,MOVE_JOINT
0.988000,0.450226,-0.113217,-0.152113,0.052498,-0.011761,0.036761,6.630708,MOVE_JOINT
0.989000,0.450276,-0.113232,-0.152076,0.051442,-0.012320,0.036763,6.630541,MOVE_JOINT
0.990000,0.450329,-0.113236,-0.152043,0.051424,-0.010024,0.035625,6.631605,MOVE_JOINT
0.991000,0.450380,-0.113246,-0.152010,0.051219,-0.009721,0.034612,6.633730,MOVE_JOINT
0.992000,0.450434,-0.113259,-0.151973,0.052822,-0.010414,0.035517,6.636671,MOVE_JOINT
0.993000,0.450480,-0.113273,-0.151940,0.050709,-0.012142,0.035039,6.640114,MOVE_JOINT
0.994000,0.450530,-0.113284,-0.151905,0.050725,-0.011787,0.035070,6.643734,MOVE_JOINT
0.995000,0.450581,-0.113292,-0.151872,0.051510,-0.010067,0.034643,6.647243,MOVE_JOINT
0.996000,0.450634,-0.113299,-0.151836,0.052415,-0.009331,0.034815,6.650401,MOVE_JOINT
0.997000,0.450684,-0.113314,-0.151801,0.050754,-0.011359,0.034777,6.653044,MOVE_JOINT
0.998000,0.450726,-0.113333,-0.151769,0.047573,-0.014134,0.033591,6.655098,MOVE_JOINT
0.999000,0.450774,-0.113342,-0.151738,0.047690,-0.012463,0.032963,6.656536,MOVE_JOINT
1.000000,0.450827,-0.113350,-0.151705,0.049672,-0.011520,0.033262,6.657283,MOVE_JOINT
1.001000,0.450872,-0.113362,-0.151674,0.048878,-0.011785,0.032813,6.657185,MOVE_JOINT
1.002000,0.450913,-0.113369,-0.151645,0.046131,-0.010526,0.031743,6.656056,MOVE_JOINT
1.003000,0.450961,-0.113381,-0.151612,0.046629,-0.011279,0.032367,6.653730,MOVE_JOINT
1.004000,0.451005,-0.113396,-0.151582,0.045826,-0.012593,0.031592,6.650127,MOVE_JOINT
1.005000,0.451049,-0.113405,-0.151552,0.045917,-0.011245,0.031126,6.645260,MOVE_JOINT
1.006000,0.451093,-0.113415,-0.151523,0.045221,-0.010692,0.030498,6.639181,MOVE_JOINT
1.007000,0.451130,-0.113425,-0.151497,0.042711,-0.010709,0.028949,6.631909,MOVE_JOINT
1.008000,0.451167,-0.113433,-0.151471,0.041526,-0.009730,0.028154,6.623386,MOVE_JOINT
1.009000,0.451209,-0.113438,-0.151445,0.041260,-0.008641,0.027502,6.613459,MOVE_JOINT
1.010000,0.451251,-0.113446,-0.151416,0.041359,-0.007684,0.027665,6.601922,MOVE_JOINT
1.011000,0.451285,-0.113453,-0.151393,0.039314,-0.007643,0.026555,6.588615,MOVE_JOINT
1.012000,0.451323,-0.113462,-0.151367,0.039057,-0.008214,0.026595,6.573494,MOVE_JOINT
1.013000,0.451365,-0.113469,-0.151339,0.039502,-0.008104,0.026935,6.556640,MOVE_JOINT
1.014000,0.451397,-0.113477,-0.151317,0.036959,-0.008491,0.025513,6.538251,MOVE_JOINT
1.015000,0.451432,-0.113483,-0.151294,0.036352,-0.007820,0.024664,6.518605,MOVE_JOINT
1.016000,0.451465,-0.113490,-0.151272,0.035522,-0.007458,0.023953,6.497968,MOVE_JOINT
1.017000,0.451502,-0.113498,-0.151247,0.035562,-0.007513,0.023845,6.476519,MOVE_JOINT
1.018000,0.451539,-0.113497,-0.151224,0.036235,-0.004297,0.023677,6.454365,MOVE_JOINT
1.019000,0.451576,-0.113502,-0.151199,0.036141,-0.004617,0.024017,6.431633,MOVE_JOINT
1.020000,0.451616,-0.113506,-0.151174,0.036786,-0.004486,0.023958,6.408562,MOVE_JOINT
1.021000,0.451645,-0.113513,-0.151152,0.035255,-0.005466,0.023909,6.385544,MOVE_JOINT
1.022000,0.451682,-0.113525,-0.151128,0.036250,-0.007437,0.024236,6.363075,MOVE_JOINT
1.023000,0.451714,-0.113526,-0.151109,0.035376,-0.005579,0.022753,6.341673,MOVE_JOINT
1.024000,0.451749,-0.113528,-0.151086,0.034990,-0.004267,0.022438,6.321760,MOVE_JOINT
1.025000,0.451775,-0.113533,-0.151069,0.032041,-0.004693,0.021186,6.303581,MOVE_JOINT
1.026000,0.451807,-0.113534,-0.151047,0.032991,-0.003390,0.021735,6.287206,MOVE_JOINT
1.027000,0.451842,-0.113538,-0.151024,0.033936,-0.003891,0.022406,6.272623,MOVE_JOINT
1.028000,0.451879,-0.113538,-0.151002,0.034810,-0.002724,0.022400,6.259854,MOVE_JOINT
1.029000,0.451910,-0.113545,-0.150982,0.035038,-0.004136,0.022411,6.249022,MOVE_JOINT
1.030000,0.451942,-0.113546,-0.150961,0.033360,-0.003502,0.021568,6.240316,MOVE_JOINT
1.031000,0.451967,-0.113554,-0.150943,0.030863,-0.005124,0.020650,6.233903,MOVE_JOINT
1.032000,0.451997,-0.113560,-0.150923,0.030524,-0.005313,0.020326,6.229830,MOVE_JOINT
1.033000,0.452025,-0.113558,-0.150906,0.029995,-0.003123,0.019426,6.227986,MOVE_JOINT
1.034000,0.452048,-0.113562,-0.150891,0.027681,-0.003321,0.018220,6.228108,MOVE_JOINT
1.035000,0.452078,-0.113565,-0.150872,0.028699,-0.003353,0.018698,6.229815,MOVE_JOINT
1.036000,0.452104,-0.113571,-0.150853,0.027617,-0.004229,0.018469,6.232669,MOVE_JOINT
1.037000,0.452128,-0.113572,-0.150839,0.026736,-0.003248,0.017573,6.236245,MOVE_JOINT
1.038000,0.452152,-0.113574,-0.150823,0.026019,-0.002952,0.017122,6.240168,MOVE_JOINT
1.039000,0.452175,-0.113577,-0.150808,0.024814,-0.003220,0.016267,6.244096,MOVE_JOINT
1.040000,0.452197,-0.113580,-0.150794,0.024194,-0.003034,0.015794,6.247698,MOVE_JOINT
1.041000,0.452222,-0.113585,-0.150777,0.023734,-0.003784,0.015681,6.250644,MOVE_JOINT
1.042000,0.452244,-0.113590,-0.150763,0.023658,-0.004067,0.015411,6.252635,MOVE_JOINT
1.043000,0.452263,-0.113591,-0.150750,0.022397,-0.003200,0.014660,6.253430,MOVE_JOINT
1.044000,0.452281,-0.113595,-0.150738,0.021325,-0.003226,0.013872,6.252859,MOVE_JOINT
1.045000,0.452301,-0.113601,-0.150724,0.020755,-0.003990,0.013738,6.250793,MOVE_JOINT
1.046000,0.452316,-0.113604,-0.150714,0.018732,-0.003631,0.012252,6.247131,MOVE_JOINT
1.047000,0.452339,-0.113610,-0.150698,0.019575,-0.004413,0.013211,6.241791,MOVE_JOINT
1.048000,0.452356,-0.113609,-0.150688,0.018269,-0.002838,0.011907,6.234723,MOVE_JOINT
1.049000,0.452378,-0.113614,-0.150674,0.019805,-0.003389,0.012637,6.225941,MOVE_JOINT
1.050000,0.452396,-0.113617,-0.150661,0.019595,-0.003054,0.012864,6.215546,MOVE_JOINT
1.051000,0.452409,-0.113624,-0.150651,0.017780,-0.004028,0.012040,6.203743,MOVE_JOINT
1.052000,0.452425,-0.113624,-0.150642,0.016736,-0.002867,0.010999,6.190840,MOVE_JOINT
1.053000,0.452446,-0.113624,-0.150629,0.018660,-0.002041,0.011939,6.177180,MOVE_JOINT
1.054000,0.452464,-0.113626,-0.150619,0.018682,-0.002198,0.011640,6.163114,MOVE_JOINT
1.055000,0.452477,-0.113631,-0.150609,0.017079,-0.003368,0.011619,6.149011,MOVE_JOINT
1.056000,0.452490,-0.113634,-0.150599,0.016820,-0.002866,0.011221,6.135267,MOVE_JOINT
1.057000,0.452506,-0.113641,-0.150589,0.016200,-0.003783,0.010925,6.122267,MOVE_JOINT
1.058000,0.452522,-0.113644,-0.150579,0.015736,-0.003670,0.010669,6.110338,MOVE_JOINT
1.059000,0.452534,-0.113646,-0.150571,0.015210,-0.003094,0.010003,6.099712,MOVE_JOINT
1.060000,0.452549,-0.113652,-0.150561,0.015061,-0.003996,0.010096,6.090507,MOVE_JOINT
1.061000,0.452562,-0.113654,-0.150552,0.014846,-0.003407,0.010065,6.082742,MOVE_JOINT
1.062000,0.452575,-0.113654,-0.150544,0.013975,-0.002235,0.009166,6.076369,MOVE_JOINT
1.063000,0.452590,-0.113655,-0.150535,0.013829,-0.001588,0.008844,6.071297,MOVE_JOINT
1.064000,0.452600,-0.113659,-0.150528,0.011907,-0.002498,0.007826,6.067380,MOVE_JOINT
1.065000,0.452608,-0.113665,-0.150522,0.010218,-0.003335,0.006893,6.064381,MOVE_JOINT
1.066000,0.452622,-0.113666,-0.150514,0.012002,-0.002586,0.007512,6.061964,MOVE_JOINT
1.067000,0.452634,-0.113670,-0.150507,0.012115,-0.002753,0.007086,6.059721,MOVE_JOINT
1.068000,0.452641,-0.113670,-0.150502,0.011157,-0.001656,0.006675,6.057261,MOVE_JOINT
1.069000,0.452653,-0.113677,-0.150494,0.011465,-0.003566,0.007303,6.054257,MOVE_JOINT
1.070000,0.452661,-0.113677,-0.150490,0.010674,-0.002301,0.006279,6.050481,MOVE_JOINT
1.071000,0.452674,-0.113682,-0.150481,0.012373,-0.002920,0.007338,6.045791,MOVE_JOINT
1.072000,0.452681,-0.113684,-0.150477,0.009691,-0.002920,0.006086,6.040118,MOVE_JOINT
1.073000,0.452686,-0.113685,-0.150472,0.008456,-0.002037,0.005596,6.033470,MOVE_JOINT
1.074000,0.452692,-0.113690,-0.150468,0.007304,-0.002912,0.005078,6.025915,MOVE_JOINT
1.075000,0.452697,-0.113691,-0.150465,0.006069,-0.001895,0.004049,6.017538,MOVE_JOINT
1.076000,0.452706,-0.113691,-0.150461,0.006713,-0.001449,0.003838,6.008390,MOVE_JOINT
1.077000,0.452713,-0.113696,-0.150457,0.006492,-0.002639,0.004094,5.998449,MOVE_JOINT
1.078000,0.452719,-0.113698,-0.150452,0.005917,-0.002112,0.004016,5.987654,MOVE_JOINT
1.079000,0.452724,-0.113699,-0.150448,0.006440,-0.002223,0.004471,5.975978,MOVE_JOINT
1.080000,0.452732,-0.113700,-0.150444,0.007475,-0.001767,0.004798,5.963511,MOVE_JOINT
1.081000,0.452742,-0.113703,-0.150437,0.008583,-0.001958,0.005554,5.950504,MOVE_JOINT
1.082000,0.452742,-0.113706,-0.150437,0.005500,-0.002349,0.003586,5.937352,MOVE_JOINT
1.083000,0.452746,-0.113711,-0.150433,0.005123,-0.003402,0.003544,5.924487,MOVE_JOINT
1.084000,0.452751,-0.113712,-0.150430,0.005368,-0.002662,0.003672,5.912249,MOVE_JOINT
1.085000,0.452755,-0.113711,-0.150427,0.004859,-0.001362,0.003534,5.900850,MOVE_JOINT
1.086000,0.452755,-0.113711,-0.150428,0.003224,-0.000889,0.002044,5.890434,MOVE_JOINT
1.087000,0.452764,-0.113715,-0.150421,0.005148,-0.001624,0.003520,5.881105,MOVE_JOINT
1.088000,0.452765,-0.113717,-0.150420,0.003916,-0.001494,0.002793,5.872933,MOVE_JOINT
1.089000,0.452763,-0.113721,-0.150420,0.002711,-0.002117,0.002408,5.865975,MOVE_JOINT
1.090000,0.452766,-0.113718,-0.150418,0.002147,-0.000543,0.001828,5.860284,MOVE_JOINT
1.091000,0.452768,-0.113720,-0.150417,0.002296,-0.001025,0.001780,5.855884,MOVE_JOINT
1.092000,0.452765,-0.113721,-0.150419,0.000549,-0.001169,0.000572,5.852742,MOVE_JOINT
1.093000,0.452768,-0.113721,-0.150417,0.002385,-0.000725,0.001306,5.850743,MOVE_JOINT
1.094000,0.452768,-0.113724,-0.150417,0.001327,-0.001677,0.000859,5.849686,MOVE_JOINT
1.095000,0.452769,-0.113722,-0.150416,0.000727,-0.000556,0.000511,5.849324,MOVE_JOINT
1.096000,0.452768,-0.113723,-0.150418,0.000013,-0.000940,-0.000465,5.849399,MOVE_JOINT
1.097000,0.452773,-0.113723,-0.150414,0.000680,-0.000515,0.000394,5.849645,MOVE_JOINT
1.098000,0.452772,-0.113721,-0.150415,0.000991,-0.000203,0.000529,5.849816,MOVE_JOINT
1.099000,0.452767,-0.113723,-0.150417,-0.000367,-0.000684,-0.000102,5.849754,MOVE_JOINT
1.100000,0.452771,-0.113721,-0.150416,0.000996,0.000353,0.000361,5.849425,MOVE_JOINT
1.101000,0.452769,-0.113723,-0.150418,-0.000373,-0.000168,-0.000645,5.848883,MOVE_JOINT
1.102000,0.452766,-0.113723,-0.150419,-0.000846,-0.000400,-0.000680,5.848205,MOVE_JOINT
1.103000,0.452769,-0.113721,-0.150416,0.000707,0.000336,0.000654,5.847466,MOVE_JOINT
1.104000,0.452768,-0.113719,-0.150418,0.000933,0.000895,0.000337,5.846783,MOVE_JOINT
1.105000,0.452765,-0.113721,-0.150419,-0.000314,0.000177,-0.000045,5.846372,MOVE_JOINT
1.106000,0.452762,-0.113723,-0.150420,-0.001194,-0.000604,-0.000449,5.846509,MOVE_JOINT
1.107000,0.452766,-0.113721,-0.150417,0.000585,-0.000116,0.000644,5.847450,MOVE_JOINT
1.108000,0.452763,-0.113719,-0.150420,-0.000040,0.000721,0.000003,5.849405,MOVE_JOINT
1.109000,0.452755,-0.113720,-0.150423,-0.002063,0.000328,-0.000520,5.852562,MOVE_JOINT
1.110000,0.452758,-0.113720,-0.150422,-0.000503,0.000175,-0.000005,5.857074,MOVE_JOINT
1.111000,0.452758,-0.113719,-0.150422,-0.000016,0.000453,-0.000071,5.863039,MOVE_JOINT
1.112000,0.452752,-0.113718,-0.150426,-0.001714,0.000960,-0.001185,5.870482,MOVE_JOINT
1.113000,0.452752,-0.113719,-0.150426,-0.001034,0.000297,-0.000520,5.879332,MOVE_JOINT
1.114000,0.452755,-0.113715,-0.150424,0.000865,0.001224,0.000448,5.889444,MOVE_JOINT
1.115000,0.452747,-0.113717,-0.150428,-0.001241,0.000053,-0.000675,5.900673,MOVE_JOINT
1.116000,0.452745,-0.113715,-0.150431,-0.001611,0.000534,-0.001251,5.912901,MOVE_JOINT
1.117000,0.452749,-0.113717,-0.150427,0.000660,0.000149,0.000322,5.925987,MOVE_JOINT
1.118000,0.452747,-0.113716,-0.150428,0.000036,0.000692,0.000156,5.939767,MOVE_JOINT
1.119000,0.452746,-0.113715,-0.150429,0.000232,0.000327,-0.000021,5.954127,MOVE_JOINT
1.120000,0.452743,-0.113715,-0.150430,-0.000435,0.000304,-0.000023,5.969029,MOVE_JOINT
1.121000,0.452742,-0.113713,-0.150432,-0.000617,0.000375,-0.000379,5.984467,MOVE_JOINT
1.122000,0.452742,-0.113711,-0.150433,-0.000874,0.001040,-0.000725,6.000412,MOVE_JOINT
1.123000,0.452742,-0.113712,-0.150432,-0.000799,0.000245,-0.000550,6.016794,MOVE_JOINT
1.124000,0.452741,-0.113712,-0.150433,-0.001236,0.000652,-0.000840,6.033488,MOVE_JOINT
1.125000,0.452744,-0.113713,-0.150430,0.000193,0.000153,0.000299,6.050343,MOVE_JOINT
1.126000,0.452746,-0.113710,-0.150430,0.000958,0.000569,0.000646,6.067248,MOVE_JOINT
1.127000,0.452747,-0.113710,-0.150430,0.000074,0.000447,-0.000025,6.084185,MOVE_JOINT
1.128000,0.452746,-0.113710,-0.150431,0.000143,0.000562,-0.000095,6.101209,MOVE_JOINT
1.129000,0.452749,-0.113710,-0.150429,0.000953,0.000899,0.000344,6.118372,MOVE_JOINT
1.130000,0.452750,-0.113710,-0.150428,0.001911,0.000512,0.001026,6.135697,MOVE_JOINT
1.131000,0.452751,-0.113710,-0.150428,0.001412,0.000328,0.000655,6.153213,MOVE_JOINT
1.132000,0.452756,-0.113708,-0.150426,0.002604,0.001146,0.001019,6.170972,MOVE_JOINT
1.133000,0.452753,-0.113712,-0.150427,0.000475,-0.000123,-0.000068,6.189016,MOVE_JOINT
1.134000,0.452756,-0.113712,-0.150426,0.001147,-0.000433,0.000380,6.207331,MOVE_JOINT
1.135000,0.452755,-0.113712,-0.150427,0.000353,-0.000264,-0.000211,6.225811,MOVE_JOINT
1.136000,0.452761,-0.113712,-0.150423,0.002697,-0.000014,0.001286,6.244282,MOVE_JOINT
1.137000,0.452759,-0.113712,-0.150425,0.000944,0.000184,0.000110,6.262561,MOVE_JOINT
1.138000,0.452765,-0.113711,-0.150421,0.002487,0.000240,0.001094,6.280510,MOVE_JOINT
1.139000,0.452766,-0.113713,-0.150421,0.002121,-0.000615,0.000910,6.298047,MOVE_JOINT
1.140000,0.452769,-0.113713,-0.150420,0.002239,-0.000476,0.000965,6.315136,MOVE_JOINT
1.141000,0.452767,-0.113713,-0.150420,0.001193,-0.000571,0.000557,6.331762,MOVE_JOINT
1.142000,0.452768,-0.113714,-0.150420,0.000568,-0.000170,0.000141,6.347899,MOVE_JOINT
1.143000,0.452771,-0.113715,-0.150418,0.001962,-0.000182,0.000900,6.363493,MOVE_JOINT
1.144000,0.452769,-0.113717,-0.150419,0.000494,-0.000945,0.000092,6.378468,MOVE_JOINT
1.145000,0.452773,-0.113716,-0.150417,0.001475,-0.000165,0.000752,6.392748,MOVE_JOINT
1.146000,0.452771,-0.113717,-0.150419,0.000175,-0.000883,-0.000049,6.406265,MOVE_JOINT
1.147000,0.452772,-0.113718,-0.150417,0.000483,-0.000910,0.000338,6.418962,MOVE_JOINT
1.148000,0.452771,-0.113720,-0.150418,-0.000308,-0.001339,-0.000163,6.430781,MOVE_JOINT
1.149000,0.452772,-0.113719,-0.150417,0.000201,-0.000393,-0.000092,6.441646,MOVE_JOINT
1.150000,0.452773,-0.113721,-0.150416,0.000584,-0.001200,0.000415,6.451476,MOVE_JOINT
1.151000,0.452772,-0.113720,-0.150417,0.000474,-0.000514,0.000292,6.460213,MOVE_JOINT
1.152000,0.452768,-0.113719,-0.150419,-0.000736,-0.000010,-0.000427,6.467861,MOVE_JOINT
1.153000,0.452768,-0.113722,-0.150418,-0.000765,-0.000772,-0.000373,6.474462,MOVE_JOINT
1.154000,0.452767,-0.113724,-0.150419,-0.000190,-0.001342,-0.000112,6.480060,MOVE_JOINT
1.155000,0.452765,-0.113722,-0.150420,-0.001824,-0.000575,-0.000896,6.484668,MOVE_JOINT
1.156000,0.452764,-0.113727,-0.150421,-0.001671,-0.001820,-0.000872,6.488278,MOVE_JOINT
1.157000,0.452760,-0.113723,-0.150424,-0.001778,0.000181,-0.001248,6.490846,MOVE_JOINT
1.158000,0.452760,-0.113727,-0.150422,-0.000859,-0.000676,-0.000270,6.492310,MOVE_JOINT
1.159000,0.452760,-0.113728,-0.150422,-0.000709,-0.000712,-0.000228,6.492645,MOVE_JOINT
1.160000,0.452754,-0.113728,-0.150425,-0.002159,-0.000466,-0.001187,6.491909,MOVE_JOINT
1.161000,0.452754,-0.113730,-0.150425,-0.001978,-0.001045,-0.001092,6.490208,MOVE_JOINT
1.162000,0.452755,-0.113729,-0.150425,-0.001903,-0.000478,-0.001188,6.487626,MOVE_JOINT
1.163000,0.452755,-0.113730,-0.150424,-0.001512,-0.001406,-0.000590,6.484201,MOVE_JOINT
1.164000,0.452753,-0.113734,-0.150424,-0.001505,-0.002081,-0.000382,6.479973,MOVE_JOINT
1.165000,0.452760,-0.113733,-0.150421,0.000719,-0.001310,0.000484,6.475032,MOVE_JOINT
1.166000,0.452759,-0.113736,-0.150421,0.000191,-0.001833,0.000512,6.469557,MOVE_JOINT
1.167000,0.452754,-0.113733,-0.150423,-0.001618,-0.000638,-0.000448,6.463806,MOVE_JOINT
1.168000,0.452752,-0.113739,-0.150424,-0.001978,-0.002431,-0.000655,6.458063,MOVE_JOINT
1.169000,0.452753,-0.113740,-0.150424,-0.001019,-0.002121,-0.000481,6.452556,MOVE_JOINT
1.170000,0.452754,-0.113740,-0.150424,0.000275,-0.001660,0.000102,6.447398,MOVE_JOINT
1.171000,0.452748,-0.113741,-0.150427,-0.001205,-0.001746,-0.000559,6.442610,MOVE_JOINT
1.172000,0.452753,-0.113742,-0.150423,-0.000055,-0.001752,0.000427,6.438176,MOVE_JOINT
1.173000,0.452753,-0.113743,-0.150424,0.000766,-0.001373,0.000365,6.434094,MOVE_JOINT
1.174000,0.452751,-0.113746,-0.150424,0.000105,-0.002019,0.000303,6.430405,MOVE_JOINT
1.175000,0.452753,-0.113746,-0.150423,0.000629,-0.000790,0.000261,6.427183,MOVE_JOINT
1.176000,0.452751,-0.113746,-0.150425,-0.000545,-0.000588,-0.000442,6.424496,MOVE_JOINT
1.177000,0.452754,-0.113749,-0.150422,0.000839,-0.001237,0.000547,6.422378,MOVE_JOINT
1.178000,0.452758,-0.113749,-0.150420,0.001879,-0.000373,0.000625,6.420843,MOVE_JOINT
1.179000,0.452758,-0.113754,-0.150419,0.001698,-0.002229,0.001319,6.419923,MOVE_JOINT
1.180000,0.452756,-0.113756,-0.150420,0.000571,-0.002343,0.000424,6.419684,MOVE_JOINT
1.181000,0.452750,-0.113754,-0.150423,-0.001790,-0.001529,-0.000914,6.420193,MOVE_JOINT
1.182000,0.452760,-0.113757,-0.150418,0.001660,-0.001988,0.001226,6.421444,MOVE_JOINT
1.183000,0.452759,-0.113760,-0.150418,0.001033,-0.002203,0.000931,6.423368,MOVE_JOINT
1.184000,0.452756,-0.113760,-0.150419,0.000324,-0.001713,0.000436,6.425917,MOVE_JOINT
1.185000,0.452757,-0.113764,-0.150417,0.000300,-0.002332,0.000744,6.429081,MOVE_JOINT
1.186000,0.452756,-0.113767,-0.150417,0.000707,-0.002475,0.000683,6.432865,MOVE_JOINT
1.187000,0.452757,-0.113770,-0.150416,0.000569,-0.002763,0.000712,6.437262,MOVE_JOINT
1.188000,0.452763,-0.113771,-0.150414,0.002037,-0.001927,0.001015,6.442242,MOVE_JOINT
1.189000,0.452758,-0.113775,-0.150415,-0.000372,-0.002401,0.000149,6.447750,MOVE_JOINT
1.190000,0.452758,-0.113777,-0.150413,0.000719,-0.002261,0.001071,6.453712,MOVE_JOINT
1.191000,0.452754,-0.113778,-0.150416,-0.001578,-0.002383,-0.000464,6.460060,MOVE_JOINT
1.192000,0.452759,-0.113782,-0.150412,-0.000019,-0.002533,0.000529,6.466729,MOVE_JOINT
1.193000,0.452755,-0.113782,-0.150415,-0.000548,-0.001779,-0.000419,6.473637,MOVE_JOINT
1.194000,0.452753,-0.113783,-0.150415,-0.001238,-0.001212,-0.000465,6.480660,MOVE_JOINT
1.195000,0.452758,-0.113787,-0.150412,0.000380,-0.001593,0.000376,6.487648,MOVE_JOINT
1.196000,0.452755,-0.113792,-0.150412,0.000054,-0.002404,0.000437,6.494468,MOVE_JOINT
1.197000,0.452751,-0.113794,-0.150412,-0.001132,-0.001915,0.000158,6.501063,MOVE_JOINT
1.198000,0.452756,-0.113796,-0.150409,0.000293,-0.002009,0.000677,6.507458,MOVE_JOINT
1.199000,0.452754,-0.113801,-0.150410,-0.000644,-0.002692,0.000202,6.513749,MOVE_JOINT
1.200000,0.452754,-0.113802,-0.150409,-0.000018,-0.002024,0.000441,6.520054,MOVE_JOINT
1.201000,0.452752,-0.113805,-0.150409,-0.001380,-0.002387,0.000043,6.526471,MOVE_JOINT
1.202000,0.452753,-0.113808,-0.150408,-0.000922,-0.002578,0.000331,6.533069,MOVE_JOINT
1.203000,0.452754,-0.113811,-0.150407,-0.000084,-0.002293,0.000573,6.539899,MOVE_JOINT
1.204000,0.452751,-0.113814,-0.150408,-0.001055,-0.002870,0.000007,6.547000,MOVE_JOINT
1.205000,0.452751,-0.113817,-0.150408,-0.000709,-0.003224,0.000395,6.554388,MOVE_JOINT
1.206000,0.452753,-0.113820,-0.150405,-0.000080,-0.003723,0.001003,6.562046,MOVE_JOINT
1.207000,0.452749,-0.113822,-0.150407,-0.000390,-0.003202,0.000477,6.569947,MOVE_JOINT
1.208000,0.452750,-0.113826,-0.150406,-0.000346,-0.002846,0.000219,6.578070,MOVE_JOINT
1.209000,0.452749,-0.113828,-0.150405,-0.000716,-0.002520,0.000363,6.586373,MOVE_JOINT
1.210000,0.452754,-0.113829,-0.150403,0.000383,-0.002125,0.000860,6.594784,MOVE_JOINT
1.211000,0.452747,-0.113834,-0.150405,-0.001598,-0.003394,-0.000103,6.603236,MOVE_JOINT
1.212000,0.452750,-0.113834,-0.150405,-0.000565,-0.002343,-0.000068,6.611667,MOVE_JOINT
1.213000,0.452753,-0.113836,-0.150403,0.000754,-0.001904,0.000650,6.619980,MOVE_JOINT
1.214000,0.452756,-0.113837,-0.150401,0.000980,-0.001402,0.000958,6.628066,MOVE_JOINT
1.215000,0.452755,-0.113842,-0.150401,0.000319,-0.002635,0.000667,6.635871,MOVE_JOINT
1.216000,0.452757,-0.113845,-0.150399,0.000921,-0.002574,0.000713,6.643416,MOVE_JOINT
1.217000,0.452757,-0.113844,-0.150400,0.000628,-0.001336,0.000285,6.650740,MOVE_JOINT
1.218000,0.452760,-0.113845,-0.150397,0.001212,-0.001187,0.000666,6.657854,MOVE_JOINT
1.219000,0.452762,-0.113851,-0.150394,0.001477,-0.002735,0.001479,6.664750,MOVE_JOINT
1.220000,0.452762,-0.113851,-0.150393,0.001195,-0.001986,0.001385,6.671460,MOVE_JOINT
1.221000,0.452764,-0.113854,-0.150393,0.001322,-0.001820,0.001100,6.678081,MOVE_JOINT
1.222000,0.452762,-0.113860,-0.150392,0.000661,-0.003111,0.001009,6.684753,MOVE_JOINT
1.223000,0.452763,-0.113860,-0.150391,0.000756,-0.002115,0.000901,6.691585,MOVE_JOINT
1.224000,0.452770,-0.113866,-0.150387,0.002802,-0.003136,0.002163,6.698637,MOVE_JOINT
1.225000,0.452767,-0.113867,-0.150387,0.000796,-0.002737,0.001317,6.705950,MOVE_JOINT
1.226000,0.452765,-0.113868,-0.150387,-0.000599,-0.002028,0.000569,6.713585,MOVE_JOINT
1.227000,0.452767,-0.113874,-0.150386,-0.000076,-0.002978,0.000575,6.721586,MOVE_JOINT
1.228000,0.452765,-0.113879,-0.150385,-0.000425,-0.003631,0.000921,6.729930,MOVE_JOINT
1.229000,0.452767,-0.113881,-0.150383,0.000830,-0.003737,0.001622,6.738529,MOVE_JOINT
1.230000,0.452765,-0.113883,-0.150385,-0.000154,-0.003524,0.000659,6.747289,MOVE_JOINT
1.231000,0.452766,-0.113887,-0.150382,0.000017,-0.004035,0.000951,6.756121,MOVE_JOINT
1.232000,0.452767,-0.113892,-0.150380,0.001199,-0.004418,0.001707,6.764930,MOVE_JOINT
1.233000,0.452766,-0.113893,-0.150381,0.000244,-0.003118,0.000681,6.773611,MOVE_JOINT
1.234000,0.452767,-0.113899,-0.150380,0.000903,-0.004403,0.001357,6.782073,MOVE_JOINT
1.235000,0.452764,-0.113905,-0.150379,0.000490,-0.005115,0.001684,6.790229,MOVE_JOINT
1.236000,0.452765,-0.113908,-0.150379,0.000157,-0.004341,0.001009,6.798015,MOVE_JOINT
1.237000,0.452766,-0.113910,-0.150377,0.000889,-0.003488,0.001360,6.805399,MOVE_JOINT
1.238000,0.452769,-0.113913,-0.150375,0.001552,-0.003233,0.001772,6.812374,MOVE_JOINT
1.239000,0.452766,-0.113920,-0.150376,0.000322,-0.004533,0.001383,6.818957,MOVE_JOINT
1.240000,0.452768,-0.113922,-0.150373,0.000765,-0.003627,0.001506,6.825196,MOVE_JOINT
1.241000,0.452764,-0.113930,-0.150373,-0.000278,-0.005373,0.001440,6.831147,MOVE_JOINT
1.242000,0.452764,-0.113935,-0.150372,-0.000367,-0.005056,0.001299,6.836846,MOVE_JOINT
1.243000,0.452766,-0.113937,-0.150371,0.000294,-0.004144,0.001282,6.842303,MOVE_JOINT
1.244000,0.452766,-0.113944,-0.150369,0.000345,-0.005014,0.001487,6.847488,MOVE_JOINT
1.245000,0.452767,-0.113946,-0.150368,0.001539,-0.003879,0.001583,6.852331,MOVE_JOINT
1.246000,0.452768,-0.113950,-0.150366,0.000412,-0.003352,0.001358,6.856747,MOVE_JOINT
1.247000,0.452769,-0.113957,-0.150364,0.000732,-0.004469,0.001595,6.860647,MOVE_JOINT
1.248000,0.452770,-0.113963,-0.150361,0.002045,-0.004181,0.002372,6.863968,MOVE_JOINT
1.249000,0.452771,-0.113967,-0.150359,0.001204,-0.004380,0.001906,6.866689,MOVE_JOINT
1.250000,0.452777,-0.113973,-0.150354,0.001849,-0.005199,0.002551,6.868839,MOVE_JOINT
1.251000,0.452773,-0.113976,-0.150356,-0.000011,-0.004667,0.001106,6.870468,MOVE_JOINT
1.252000,0.452778,-0.113981,-0.150352,0.001778,-0.004618,0.002025,6.871596,MOVE_JOINT
1.253000,0.452780,-0.113991,-0.150347,0.001361,-0.006114,0.002539,6.872187,MOVE_JOINT
1.254000,0.452778,-0.113994,-0.150346,0.000334,-0.004940,0.001915,6.872192,MOVE_JOINT
1.255000,0.452785,-0.114000,-0.150342,0.002762,-0.005157,0.002912,6.871609,MOVE_JOINT
1.256000,0.452782,-0.114003,-0.150342,0.001190,-0.004517,0.002217,6.870485,MOVE_JOINT
1.257000,0.452788,-0.114009,-0.150336,0.002144,-0.005065,0.002946,6.868897,MOVE_JOINT
1.258000,0.452788,-0.114014,-0.150334,0.002365,-0.004545,0.002876,6.866940,MOVE_JOINT
1.259000,0.452792,-0.114021,-0.150330,0.003192,-0.005105,0.003531,6.864725,MOVE_JOINT
1.260000,0.452794,-0.114027,-0.150327,0.002955,-0.005679,0.003457,6.862381,MOVE_JOINT
1.261000,0.452797,-0.114030,-0.150324,0.003063,-0.004727,0.003349,6.860047,MOVE_JOINT
1.262000,0.452800,-0.114036,-0.150321,0.003651,-0.005518,0.003524,6.857845,MOVE_JOINT
1.263000,0.452803,-0.114041,-0.150317,0.004013,-0.005132,0.003794,6.855852,MOVE_JOINT
1.264000,0.452799,-0.114049,-0.150317,0.002039,-0.005901,0.002764,6.854089,MOVE_JOINT
1.265000,0.452803,-0.114056,-0.150312,0.002371,-0.006111,0.003278,6.852511,MOVE_JOINT
1.266000,0.452803,-0.114059,-0.150311,0.001819,-0.005559,0.002707,6.851001,MOVE_JOINT
1.267000,0.452808,-0.114065,-0.150307,0.002751,-0.005728,0.003367,6.849403,MOVE_JOINT
1.268000,0.452807,-0.114071,-0.150306,0.002141,-0.005912,0.002712,6.847549,MOVE_JOINT
1.269000,0.452809,-0.114077,-0.150303,0.001616,-0.005781,0.002396,6.845275,MOVE_JOINT
1.270000,0.452812,-0.114083,-0.150301,0.001882,-0.005721,0.002094,6.842390,MOVE_JOINT
1.271000,0.452811,-0.114088,-0.150299,0.001667,-0.005779,0.002386,6.838666,MOVE_JOINT
1.272000,0.452810,-0.114096,-0.150299,0.000401,-0.006100,0.001487,6.833851,MOVE_JOINT
1.273000,0.452817,-0.114099,-0.150294,0.002393,-0.004830,0.002602,6.827723,MOVE_JOINT
1.274000,0.452813,-0.114111,-0.150294,0.001001,-0.006646,0.001973,6.820124,MOVE_JOINT
1.275000,0.452810,-0.114117,-0.150292,0.000147,-0.006066,0.001894,6.810998,MOVE_JOINT
1.276000,0.452808,-0.114123,-0.150291,0.000033,-0.006184,0.001749,6.800390,MOVE_JOINT
1.277000,0.452810,-0.114129,-0.150288,0.000843,-0.006306,0.002505,6.788422,MOVE_JOINT
1.278000,0.452812,-0.114135,-0.150285,0.001134,-0.006136,0.002365,6.775303,MOVE_JOINT
1.279000,0.452811,-0.114142,-0.150284,0.000621,-0.006329,0.002257,6.761314,MOVE_JOINT
1.280000,0.452808,-0.114151,-0.150284,-0.000612,-0.006946,0.001409,6.746757,MOVE_JOINT
1.281000,0.452812,-0.114158,-0.150281,0.001006,-0.006699,0.002111,6.731887,MOVE_JOINT
1.282000,0.452814,-0.114162,-0.150278,0.001060,-0.005799,0.002290,6.716877,MOVE_JOINT
1.283000,0.452807,-0.114169,-0.150279,-0.001520,-0.005590,0.001132,6.701860,MOVE_JOINT
1.284000,0.452808,-0.114178,-0.150276,-0.000987,-0.006449,0.001594,6.686968,MOVE_JOINT
1.285000,0.452805,-0.114185,-0.150276,-0.002190,-0.006868,0.000771,6.672317,MOVE_JOINT
1.286000,0.452813,-0.114193,-0.150270,0.000066,-0.007136,0.002095,6.657978,MOVE_JOINT
1.287000,0.452808,-0.114198,-0.150270,-0.001147,-0.006117,0.001321,6.643991,MOVE_JOINT
1.288000,0.452812,-0.114205,-0.150266,0.000752,-0.006209,0.002527,6.630409,MOVE_JOINT
1.289000,0.452812,-0.114215,-0.150263,0.000270,-0.006994,0.002431,6.617339,MOVE_JOINT
1.290000,0.452811,-0.114222,-0.150261,-0.000132,-0.007338,0.002507,6.604956,MOVE_JOINT
1.291000,0.452813,-0.114228,-0.150259,0.000335,-0.006451,0.002526,6.593476,MOVE_JOINT
1.292000,0.452812,-0.114237,-0.150257,-0.000938,-0.007753,0.001897,6.583104,MOVE_JOINT
1.293000,0.452810,-0.114246,-0.150256,-0.001520,-0.007727,0.001583,6.573971,MOVE_JOINT
1.294000,0.452812,-0.114250,-0.150254,-0.000401,-0.006576,0.001783,6.566077,MOVE_JOINT
1.295000,0.452814,-0.114258,-0.150250,0.000143,-0.007364,0.002293,6.559312,MOVE_JOINT
1.296000,0.452814,-0.114266,-0.150248,-0.000640,-0.007357,0.001927,6.553516,MOVE_JOINT
1.297000,0.452819,-0.114275,-0.150243,0.001135,-0.007895,0.002897,6.548545,MOVE_JOINT
1.298000,0.452816,-0.114282,-0.150242,-0.000119,-0.007784,0.002342,6.544297,MOVE_JOINT
1.299000,0.452819,-0.114289,-0.150238,0.000858,-0.007384,0.002925,6.540723,MOVE_JOINT
1.300000,0.452821,-0.114294,-0.150235,0.000877,-0.006803,0.002707,6.537832,MOVE_JOINT
1.301000,0.452826,-0.114303,-0.150230,0.002623,-0.007348,0.003722,6.535680,MOVE_JOINT
1.302000,0.452823,-0.114310,-0.150230,0.000520,-0.006873,0.002395,6.534362,MOVE_JOINT
1.303000,0.452825,-0.114319,-0.150226,0.001004,-0.007399,0.002741,6.533962,MOVE_JOINT
1.304000,0.452832,-0.114329,-0.150219,0.001847,-0.008586,0.003734,6.534510,MOVE_JOINT
1.305000,0.452828,-0.114334,-0.150219,0.000085,-0.007032,0.002620,6.535990,MOVE_JOINT
1.306000,0.452831,-0.114343,-0.150215,0.000350,-0.007615,0.002721,6.538374,MOVE_JOINT
1.307000,0.452839,-0.114353,-0.150208,0.002091,-0.008304,0.003841,6.541623,MOVE_JOINT
1.308000,0.452839,-0.114358,-0.150206,0.001226,-0.007522,0.003204,6.545686,MOVE_JOINT
1.309000,0.452842,-0.114366,-0.150202,0.001736,-0.007267,0.003325,6.550526,MOVE_JOINT
1.310000,0.452846,-0.114374,-0.150197,0.003183,-0.007820,0.004272,6.556114,MOVE_JOINT
1.311000,0.452840,-0.114384,-0.150196,0.000464,-0.008043,0.003135,6.562438,MOVE_JOINT
1.312000,0.452842,-0.114390,-0.150193,0.000610,-0.007081,0.003111,6.569495,MOVE_JOINT
1.313000,0.452843,-0.114402,-0.150190,0.000639,-0.009065,0.003237,6.577263,MOVE_JOINT
1.314000,0.452847,-0.114411,-0.150185,0.001912,-0.009746,0.003981,6.585677,MOVE_JOINT
1.315000,0.452844,-0.114420,-0.150183,0.000404,-0.009657,0.003487,6.594635,MOVE_JOINT
1.316000,0.452847,-0.114427,-0.150180,0.001068,-0.009450,0.003726,6.604026,MOVE_JOINT
1.317000,0.452848,-0.114437,-0.150176,0.001021,-0.009946,0.003888,6.613742,MOVE_JOINT
1.318000,0.452849,-0.114446,-0.150173,0.000301,-0.009666,0.003386,6.623683,MOVE_JOINT
1.319000,0.452852,-0.114454,-0.150168,0.001152,-0.009203,0.003691,6.633743,MOVE_JOINT
1.320000,0.452852,-0.114464,-0.150165,0.001307,-0.009080,0.003752,6.643802,MOVE_JOINT
1.321000,0.452851,-0.114475,-0.150162,0.000426,-0.009881,0.003204,6.653724,MOVE_JOINT
1.322000,0.452853,-0.114485,-0.150159,0.000753,-0.009855,0.003153,6.663355,MOVE_JOINT
1.323000,0.452854,-0.114493,-0.150156,0.000465,-0.009022,0.002804,6.672493,MOVE_JOINT
1.324000,0.452854,-0.114506,-0.150152,-0.000151,-0.009851,0.002700,6.680891,MOVE_JOINT
1.325000,0.452854,-0.114514,-0.150148,0.000252,-0.009482,0.003244,6.688277,MOVE_JOINT
1.326000,0.452857,-0.114524,-0.150144,0.000846,-0.009728,0.003336,6.694421,MOVE_JOINT
1.327000,0.452856,-0.114534,-0.150143,0.001126,-0.009526,0.003029,6.699177,MOVE_JOINT
1.328000,0.452859,-0.114541,-0.150140,0.001444,-0.008991,0.002847,6.702460,MOVE_JOINT
1.329000,0.452864,-0.114554,-0.150133,0.002387,-0.010215,0.004019,6.704202,MOVE_JOINT
1.330000,0.452859,-0.114564,-0.150134,0.000025,-0.010418,0.002289,6.704353,MOVE_JOINT
1.331000,0.452862,-0.114575,-0.150130,0.000954,-0.010723,0.003107,6.702881,MOVE_JOINT
1.332000,0.452863,-0.114585,-0.150126,0.001615,-0.010231,0.003433,6.699751,MOVE_JOINT
1.333000,0.452862,-0.114597,-0.150124,0.000699,-0.010941,0.002829,6.694956,MOVE_JOINT
1.334000,0.452864,-0.114608,-0.150120,0.000244,-0.011100,0.002776,6.688542,MOVE_JOINT
1.335000,0.452864,-0.114620,-0.150117,0.000495,-0.011356,0.003192,6.680598,MOVE_JOINT
1.336000,0.452868,-0.114632,-0.150113,0.001452,-0.011499,0.003533,6.671256,MOVE_JOINT
1.337000,0.452874,-0.114639,-0.150107,0.002521,-0.010298,0.003757,6.660725,MOVE_JOINT
1.338000,0.452873,-0.114651,-0.150106,0.001363,-0.011259,0.003243,6.649297,MOVE_JOINT
1.339000,0.452876,-0.114663,-0.150101,0.002353,-0.011736,0.004156,6.637305,MOVE_JOINT
1.340000,0.452879,-0.114674,-0.150096,0.003224,-0.011405,0.004459,6.625105,MOVE_JOINT
1.341000,0.452877,-0.114687,-0.150094,0.001287,-0.011389,0.003619,6.613074,MOVE_JOINT
1.342000,0.452881,-0.114699,-0.150088,0.002723,-0.011316,0.004103,6.601598,MOVE_JOINT
1.343000,0.452881,-0.114708,-0.150086,0.002201,-0.010415,0.003506,6.591013,MOVE_JOINT
1.344000,0.452881,-0.114723,-0.150082,0.001889,-0.011068,0.003434,6.581563,MOVE_JOINT
1.345000,0.452885,-0.114733,-0.150076,0.002520,-0.010824,0.003981,6.573381,MOVE_JOINT
1.346000,0.452884,-0.114746,-0.150074,0.001242,-0.011677,0.003563,6.566520,MOVE_JOINT
1.347000,0.452889,-0.114757,-0.150067,0.001916,-0.011555,0.004461,6.561005,MOVE_JOINT
1.348000,0.452891,-0.114769,-0.150062,0.002563,-0.011490,0.004758,6.556886,MOVE_JOINT
1.349000,0.452893,-0.114780,-0.150058,0.002470,-0.011568,0.004615,6.554274,MOVE_JOINT
1.350000,0.452891,-0.114794,-0.150055,0.000470,-0.012242,0.003967,6.553321,MOVE_JOINT
1.351000,0.452895,-0.114803,-0.150049,0.001330,-0.011443,0.004463,6.554151,MOVE_JOINT
1.352000,0.452898,-0.114818,-0.150044,0.001265,-0.012295,0.004655,6.556838,MOVE_JOINT
1.353000,0.452896,-0.114828,-0.150041,-0.000387,-0.011287,0.003626,6.561401,MOVE_JOINT
1.354000,0.452899,-0.114844,-0.150035,0.000636,-0.012187,0.004398,6.567797,MOVE_JOINT
1.355000,0.452905,-0.114860,-0.150027,0.001796,-0.013525,0.005176,6.575906,MOVE_JOINT
1.356000,0.452899,-0.114870,-0.150027,0.000157,-0.012279,0.003746,6.585541,MOVE_JOINT
1.357000,0.452907,-0.114882,-0.150020,0.002648,-0.012163,0.004799,6.596463,MOVE_JOINT
1.358000,0.452907,-0.114895,-0.150016,0.002177,-0.012662,0.004754,6.608363,MOVE_JOINT
1.359000,0.452907,-0.114909,-0.150012,0.001526,-0.012576,0.004115,6.620889,MOVE_JOINT
1.360000,0.452909,-0.114921,-0.150008,0.001563,-0.012388,0.004105,6.633670,MOVE_JOINT
1.361000,0.452910,-0.114931,-0.150005,0.001017,-0.012199,0.003621,6.646303,MOVE_JOINT
1.362000,0.452913,-0.114943,-0.149999,0.001600,-0.011762,0.004192,6.658364,MOVE_JOINT
1.363000,0.452912,-0.114958,-0.149997,0.001157,-0.012676,0.003812,6.669450,MOVE_JOINT
1.364000,0.452914,-0.114969,-0.149995,0.001481,-0.012372,0.003545,6.679227,MOVE_JOINT
1.365000,0.452914,-0.114981,-0.149992,0.000949,-0.012276,0.003204,6.687407,MOVE_JOINT
1.366000,0.452913,-0.114992,-0.149989,0.000306,-0.012170,0.003198,6.693719,MOVE_JOINT
1.367000,0.452918,-0.115003,-0.149983,0.002276,-0.012039,0.004441,6.697936,MOVE_JOINT
1.368000,0.452921,-0.115018,-0.149978,0.002147,-0.012979,0.004537,6.699958,MOVE_JOINT
1.369000,0.452917,-0.115030,-0.149977,0.000061,-0.012818,0.003498,6.699874,MOVE_JOINT
1.370000,0.452924,-0.115041,-0.149970,0.001264,-0.012461,0.004289,6.697916,MOVE_JOINT
1.371000,0.452924,-0.115055,-0.149967,0.001454,-0.013346,0.004317,6.694390,MOVE_JOINT
1.372000,0.452927,-0.115067,-0.149961,0.001802,-0.013130,0.004963,6.689656,MOVE_JOINT
1.373000,0.452932,-0.115078,-0.149955,0.002919,-0.012034,0.005299,6.684139,MOVE_JOINT
1.374000,0.452929,-0.115090,-0.149954,0.001067,-0.011830,0.003759,6.678326,MOVE_JOINT
1.375000,0.452931,-0.115105,-0.149949,0.002283,-0.012273,0.004423,6.672687,MOVE_JOINT
1.376000,0.452932,-0.115120,-0.149944,0.002068,-0.013085,0.004736,6.667584,MOVE_JOINT
1.377000,0.452934,-0.115131,-0.149940,0.001940,-0.012165,0.004376,6.663252,MOVE_JOINT
1.378000,0.452934,-0.115145,-0.149935,0.001593,-0.012856,0.004356,6.659847,MOVE_JOINT
1.379000,0.452939,-0.115158,-0.149928,0.002950,-0.012562,0.005228,6.657462,MOVE_JOINT
1.380000,0.452938,-0.115172,-0.149925,0.001483,-0.012912,0.004252,6.656159,MOVE_JOINT
1.381000,0.452938,-0.115185,-0.149920,0.001206,-0.013399,0.004724,6.655986,MOVE_JOINT
1.382000,0.452944,-0.115198,-0.149912,0.001998,-0.013380,0.005403,6.656986,MOVE_JOINT
1.383000,0.452948,-0.115213,-0.149906,0.002505,-0.013501,0.005574,6.659224,MOVE_JOINT
1.384000,0.452945,-0.115227,-0.149903,0.001649,-0.013576,0.005267,6.662814,MOVE_JOINT
1.385000,0.452946,-0.115242,-0.149897,0.000696,-0.014117,0.004954,6.667883,MOVE_JOINT
1.386000,0.452950,-0.115256,-0.149891,0.001887,-0.014279,0.005491,6.674517,MOVE_JOINT
1.387000,0.452952,-0.115268,-0.149886,0.001863,-0.013861,0.005253,6.682726,MOVE_JOINT
1.388000,0.452956,-0.115284,-0.149881,0.002193,-0.014252,0.005478,6.692451,MOVE_JOINT
1.389000,0.452959,-0.115299,-0.149874,0.003076,-0.014290,0.006091,6.703575,MOVE_JOINT
1.390000,0.452957,-0.115315,-0.149870,0.000848,-0.014641,0.004694,6.715941,MOVE_JOINT
1.391000,0.452959,-0.115329,-0.149865,0.001895,-0.014131,0.005258,6.729347,MOVE_JOINT
1.392000,0.452961,-0.115342,-0.149860,0.002169,-0.014057,0.005278,6.743532,MOVE_JOINT
1.393000,0.452965,-0.115356,-0.149854,0.002067,-0.014463,0.005373,6.758195,MOVE_JOINT
1.394000,0.452967,-0.115371,-0.149850,0.002033,-0.014392,0.005195,6.773042,MOVE_JOINT
1.395000,0.452967,-0.115386,-0.149845,0.001583,-0.014855,0.005229,6.787796,MOVE_JOINT
1.396000,0.452966,-0.115400,-0.149843,0.000118,-0.014436,0.004067,6.802194,MOVE_JOINT
1.397000,0.452970,-0.115413,-0.149838,0.001376,-0.013898,0.004361,6.815963,MOVE_JOINT
1.398000,0.452974,-0.115432,-0.149830,0.001418,-0.015352,0.004924,6.828801,MOVE_JOINT
1.399000,0.452975,-0.115448,-0.149825,0.001295,-0.015777,0.005072,6.840422,MOVE_JOINT
1.400000,0.452978,-0.115461,-0.149821,0.000755,-0.015417,0.004358,6.850615,MOVE_JOINT
1.401000,0.452976,-0.115479,-0.149817,0.000952,-0.016006,0.004770,6.859258,MOVE_JOINT
1.402000,0.452979,-0.115491,-0.149812,0.001458,-0.015097,0.004753,6.866294,MOVE_JOINT
1.403000,0.452978,-0.115505,-0.149810,0.001224,-0.014166,0.003977,6.871714,MOVE_JOINT
1.404000,0.452982,-0.115522,-0.149802,0.002734,-0.014624,0.005010,6.875556,MOVE_JOINT
1.405000,0.452982,-0.115538,-0.149799,0.001939,-0.015360,0.004361,6.877878,MOVE_JOINT
1.406000,0.452987,-0.115555,-0.149791,0.002851,-0.016159,0.005622,6.878768,MOVE_JOINT
1.407000,0.452989,-0.115572,-0.149785,0.003072,-0.016193,0.005854,6.878376,MOVE_JOINT
1.408000,0.452992,-0.115586,-0.149780,0.002754,-0.015419,0.005568,6.876955,MOVE_JOINT
1.409000,0.452988,-0.115601,-0.149778,0.000651,-0.015342,0.004405,6.874848,MOVE_JOINT
1.410000,0.452988,-0.115619,-0.149774,0.000669,-0.016439,0.004629,6.872385,MOVE_JOINT
1.411000,0.452991,-0.115635,-0.149768,0.001139,-0.016298,0.005178,6.869805,MOVE_JOINT
1.412000,0.452995,-0.115647,-0.149761,0.001896,-0.014951,0.005381,6.867275,MOVE_JOINT
1.413000,0.452993,-0.115661,-0.149757,0.000871,-0.014087,0.004879,6.864958,MOVE_JOINT
1.414000,0.453003,-0.115677,-0.149749,0.003299,-0.014963,0.006105,6.863040,MOVE_JOINT
1.415000,0.453004,-0.115695,-0.149743,0.003497,-0.016147,0.006490,6.861734,MOVE_JOINT
1.416000,0.453001,-0.115708,-0.149741,0.001569,-0.015310,0.005268,6.861265,MOVE_JOINT
1.417000,0.453008,-0.115726,-0.149731,0.003230,-0.016036,0.006676,6.861838,MOVE_JOINT
1.418000,0.453008,-0.115740,-0.149729,0.001929,-0.015496,0.005434,6.863603,MOVE_JOINT
1.419000,0.453009,-0.115755,-0.149723,0.001627,-0.015460,0.005494,6.866642,MOVE_JOINT
1.420000,0.453012,-0.115772,-0.149719,0.003245,-0.015634,0.005548,6.870933,MOVE_JOINT
1.421000,0.453014,-0.115787,-0.149712,0.002815,-0.015022,0.005609,6.876344,MOVE_JOINT
1.422000,0.453010,-0.115804,-0.149710,0.001393,-0.015574,0.004836,6.882657,MOVE_JOINT
1.423000,0.453011,-0.115821,-0.149705,0.001296,-0.016158,0.005101,6.889598,MOVE_JOINT
1.424000,0.453015,-0.115837,-0.149698,0.002085,-0.015933,0.005580,6.896874,MOVE_JOINT
1.425000,0.453018,-0.115851,-0.149693,0.002217,-0.015680,0.005551,6.904219,MOVE_JOINT
1.426000,0.453020,-0.115866,-0.149687,0.001835,-0.015455,0.005421,6.911442,MOVE_JOINT
1.427000,0.453020,-0.115883,-0.149682,0.001166,-0.015616,0.004962,6.918427,MOVE_JOINT
1.428000,0.453020,-0.115900,-0.149678,0.001772,-0.016485,0.005334,6.925097,MOVE_JOINT
1.429000,0.453021,-0.115914,-0.149674,0.001498,-0.015849,0.004985,6.931380,MOVE_JOINT
1.430000,0.453021,-0.115932,-0.149668,0.000878,-0.016788,0.005195,6.937212,MOVE_JOINT
1.431000,0.453024,-0.115946,-0.149662,0.001594,-0.016619,0.005553,6.942555,MOVE_JOINT
1.432000,0.453026,-0.115960,-0.149657,0.001689,-0.015655,0.005279,6.947416,MOVE_JOINT
1.433000,0.453027,-0.115979,-0.149650,0.001005,-0.016473,0.005540,6.951860,MOVE_JOINT
1.434000,0.453025,-0.115995,-0.149647,-0.000412,-0.016487,0.004487,6.955988,MOVE_JOINT
1.435000,0.453029,-0.116013,-0.149639,0.001227,-0.017052,0.005654,6.959896,MOVE_JOINT
1.436000,0.453031,-0.116027,-0.149635,0.001351,-0.016501,0.005362,6.963665,MOVE_JOINT
1.437000,0.453030,-0.116045,-0.149630,0.000850,-0.016580,0.005040,6.967367,MOVE_JOINT
1.438000,0.453033,-0.116062,-0.149624,0.002677,-0.016743,0.006161,6.971068,MOVE_JOINT
1.439000,0.453034,-0.116081,-0.149617,0.000985,-0.017548,0.005764,6.974841,MOVE_JOINT
1.440000,0.453036,-0.116097,-0.149611,0.001047,-0.017080,0.005570,6.978785,MOVE_JOINT
1.441000,0.453038,-0.116118,-0.149604,0.001463,-0.018705,0.006412,6.983029,MOVE_JOINT
1.442000,0.453040,-0.116133,-0.149598,0.001610,-0.018033,0.006534,6.987716,MOVE_JOINT
1.443000,0.453044,-0.116151,-0.149591,0.000888,-0.018229,0.006164,6.993014,MOVE_JOINT
1.444000,0.453048,-0.116169,-0.149584,0.001618,-0.018024,0.006200,6.999093,MOVE_JOINT
1.445000,0.453047,-0.116186,-0.149581,0.000417,-0.017921,0.005285,7.006071,MOVE_JOINT
1.446000,0.453050,-0.116205,-0.149572,0.000891,-0.018051,0.006155,7.013952,MOVE_JOINT
1.447000,0.453056,-0.116220,-0.149564,0.002116,-0.017380,0.006568,7.022647,MOVE_JOINT
1.448000,0.453057,-0.116240,-0.149558,0.002489,-0.018329,0.006545,7.032051,MOVE_JOINT
1.449000,0.453060,-0.116259,-0.149551,0.003396,-0.018387,0.007351,7.042094,MOVE_JOINT
1.450000,0.453061,-0.116276,-0.149545,0.002665,-0.017772,0.006762,7.052739,MOVE_JOINT
1.451000,0.453064,-0.116292,-0.149539,0.002126,-0.017304,0.006263,7.063962,MOVE_JOINT
1.452000,0.453069,-0.116315,-0.149528,0.002786,-0.018670,0.007292,7.075717,MOVE_JOINT
1.453000,0.453074,-0.116333,-0.149520,0.003667,-0.018417,0.007895,7.087935,MOVE_JOINT
1.454000,0.453080,-0.116350,-0.149512,0.003838,-0.017860,0.007481,7.100583,MOVE_JOINT
1.455000,0.453082,-0.116367,-0.149506,0.004302,-0.017488,0.007396,7.113669,MOVE_JOINT
1.456000,0.453086,-0.116388,-0.149497,0.004448,-0.018713,0.008071,7.127198,MOVE_JOINT
1.457000,0.453090,-0.116405,-0.149490,0.004180,-0.017829,0.007906,7.141138,MOVE_JOINT
1.458000,0.453093,-0.116423,-0.149484,0.004489,-0.018124,0.007668,7.155442,MOVE_JOINT
1.459000,0.453092,-0.116442,-0.149478,0.002448,-0.017946,0.006730,7.170033,MOVE_JOINT
1.460000,0.453094,-0.116461,-0.149470,0.002179,-0.018470,0.006896,7.184751,MOVE_JOINT
1.461000,0.453103,-0.116479,-0.149460,0.004155,-0.018387,0.007923,7.199357,MOVE_JOINT
1.462000,0.453106,-0.116501,-0.149453,0.003476,-0.019493,0.007770,7.213608,MOVE_JOINT
1.463000,0.453107,-0.116517,-0.149448,0.002347,-0.018110,0.006835,7.227312,MOVE_JOINT
1.464000,0.453108,-0.116537,-0.149441,0.002448,-0.018739,0.007104,7.240319,MOVE_JOINT
1.465000,0.453108,-0.116556,-0.149435,0.001212,-0.018565,0.006404,7.252467,MOVE_JOINT
1.466000,0.453115,-0.116573,-0.149426,0.003347,-0.018199,0.007731,7.263582,MOVE_JOINT
1.467000,0.453117,-0.116594,-0.149418,0.002858,-0.018677,0.007705,7.273527,MOVE_JOINT
1.468000,0.453117,-0.116613,-0.149413,0.001873,-0.018830,0.007116,7.282262,MOVE_JOINT
1.469000,0.453122,-0.116634,-0.149405,0.002064,-0.019725,0.007130,7.289826,MOVE_JOINT
1.470000,0.453120,-0.116653,-0.149401,0.000489,-0.019384,0.006076,7.296253,MOVE_JOINT
1.471000,0.453125,-0.116672,-0.149392,0.001961,-0.019024,0.006925,7.301507,MOVE_JOINT
1.472000,0.453126,-0.116691,-0.149385,0.001610,-0.019068,0.006716,7.305488,MOVE_JOINT
1.473000,0.453129,-0.116712,-0.149378,0.001466,-0.019519,0.006806,7.308088,MOVE_JOINT
1.474000,0.453129,-0.116731,-0.149372,0.001055,-0.019024,0.006683,7.309233,MOVE_JOINT
1.475000,0.453132,-0.116754,-0.149364,0.001488,-0.020101,0.007083,7.308894,MOVE_JOINT
1.476000,0.453131,-0.116773,-0.149358,0.000920,-0.019925,0.006513,7.307089,MOVE_JOINT
1.477000,0.453133,-0.116793,-0.149351,0.000829,-0.019704,0.006744,7.303858,MOVE_JOINT
1.478000,0.453137,-0.116811,-0.149343,0.001352,-0.019663,0.006987,7.299259,MOVE_JOINT
1.479000,0.453136,-0.116832,-0.149338,0.000816,-0.020320,0.006448,7.293368,MOVE_JOINT
1.480000,0.453140,-0.116852,-0.149329,0.001935,-0.020759,0.007116,7.286271,MOVE_JOINT
1.481000,0.453146,-0.116871,-0.149321,0.004011,-0.020311,0.008224,7.278054,MOVE_JOINT
1.482000,0.453141,-0.116891,-0.149318,0.001583,-0.020447,0.006849,7.268824,MOVE_JOINT
1.483000,0.453148,-0.116911,-0.149309,0.003652,-0.020145,0.007688,7.258727,MOVE_JOINT
1.484000,0.453150,-0.116932,-0.149301,0.003826,-0.020382,0.008194,7.247911,MOVE_JOINT
1.485000,0.453148,-0.116951,-0.149297,0.001783,-0.020119,0.006777,7.236514,MOVE_JOINT
1.486000,0.453151,-0.116974,-0.149290,0.002602,-0.020725,0.006925,7.224644,MOVE_JOINT
1.487000,0.453152,-0.116998,-0.149283,0.001523,-0.022101,0.006809,7.212322,MOVE_JOINT
1.488000,0.453155,-0.117020,-0.149276,0.001748,-0.022128,0.006685,7.199454,MOVE_JOINT
1.489000,0.453154,-0.117042,-0.149271,0.001081,-0.021597,0.006101,7.185867,MOVE_JOINT
1.490000,0.453156,-0.117065,-0.149264,0.001281,-0.022640,0.006340,7.171343,MOVE_JOINT
1.491000,0.453157,-0.117087,-0.149258,0.001682,-0.022374,0.006561,7.155651,MOVE_JOINT
1.492000,0.453158,-0.117110,-0.149251,0.000922,-0.022063,0.006293,7.138607,MOVE_JOINT
1.493000,0.453160,-0.117132,-0.149245,0.000167,-0.021737,0.005865,7.120113,MOVE_JOINT
1.494000,0.453164,-0.117155,-0.149236,0.001760,-0.021519,0.006839,7.100175,MOVE_JOINT
1.495000,0.453164,-0.117178,-0.149230,0.000886,-0.021989,0.006305,7.078905,MOVE_JOINT
1.496000,0.453169,-0.117199,-0.149222,0.001689,-0.021706,0.006540,7.056511,MOVE_JOINT
1.497000,0.453174,-0.117223,-0.149213,0.002782,-0.022297,0.007207,7.033265,MOVE_JOINT
1.498000,0.453176,-0.117246,-0.149204,0.003150,-0.022253,0.007828,7.009479,MOVE_JOINT
1.499000,0.453178,-0.117267,-0.149198,0.002895,-0.021665,0.007428,6.985536,MOVE_JOINT
1.500000,0.453176,-0.117291,-0.149192,0.001950,-0.022049,0.007103,6.961879,MOVE_JOINT
1.501000,0.453182,-0.117314,-0.149183,0.003752,-0.022071,0.007825,6.938962,MOVE_JOINT
1.502000,0.453183,-0.117335,-0.149176,0.002014,-0.022265,0.007378,6.917185,MOVE_JOINT
1.503000,0.453186,-0.117360,-0.149167,0.002274,-0.023413,0.007901,6.896878,MOVE_JOINT
1.504000,0.453191,-0.117380,-0.149159,0.002746,-0.022915,0.007855,6.878316,MOVE_JOINT
1.505000,0.453194,-0.117401,-0.149151,0.003441,-0.022138,0.008097,6.861718,MOVE_JOINT
1.506000,0.453198,-0.117424,-0.149142,0.003962,-0.022753,0.008648,6.847258,MOVE_JOINT
1.507000,0.453204,-0.117446,-0.149133,0.004329,-0.022554,0.008712,6.835083,MOVE_JOINT
1.508000,0.453199,-0.117469,-0.149128,0.001111,-0.023191,0.007394,6.825309,MOVE_JOINT
1.509000,0.453203,-0.117493,-0.149118,0.001787,-0.022936,0.007997,6.817987,MOVE_JOINT
1.510000,0.453206,-0.117516,-0.149111,0.001907,-0.023182,0.007902,6.813075,MOVE_JOINT
1.511000,0.453206,-0.117539,-0.149104,0.001552,-0.022939,0.007429,6.810453,MOVE_JOINT
1.512000,0.453207,-0.117567,-0.149096,0.001471,-0.024245,0.007646,6.809938,MOVE_JOINT
1.513000,0.453209,-0.117588,-0.149090,0.002297,-0.023177,0.007265,6.811258,MOVE_JOINT
1.514000,0.453212,-0.117613,-0.149080,0.002362,-0.023557,0.007821,6.814062,MOVE_JOINT
1.515000,0.453211,-0.117639,-0.149074,0.000859,-0.024577,0.007108,6.817948,MOVE_JOINT
1.516000,0.453217,-0.117663,-0.149064,0.001190,-0.025067,0.007625,6.822511,MOVE_JOINT
1.517000,0.453216,-0.117687,-0.149058,0.000074,-0.024179,0.006762,6.827367,MOVE_JOINT
1.518000,0.453220,-0.117710,-0.149049,0.001354,-0.023981,0.007422,6.832169,MOVE_JOINT
1.519000,0.453221,-0.117735,-0.149042,0.001125,-0.024104,0.006971,6.836622,MOVE_JOINT
1.520000,0.453221,-0.117757,-0.149035,0.000661,-0.023536,0.007069,6.840485,MOVE_JOINT
1.521000,0.453223,-0.117786,-0.149027,0.000975,-0.025032,0.007493,6.843577,MOVE_JOINT
1.522000,0.453226,-0.117810,-0.149018,0.001429,-0.024809,0.007935,6.845797,MOVE_JOINT
1.523000,0.453229,-0.117835,-0.149010,0.002381,-0.025017,0.008118,6.847149,MOVE_JOINT
1.524000,0.453225,-0.117861,-0.149005,0.000825,-0.025084,0.007457,6.847731,MOVE_JOINT
1.525000,0.453229,-0.117883,-0.148996,0.002642,-0.024177,0.008319,6.847697,MOVE_JOINT
1.526000,0.453226,-0.117911,-0.148990,0.000500,-0.025081,0.007141,6.847218,MOVE_JOINT
1.527000,0.453232,-0.117936,-0.148980,0.002324,-0.024893,0.008193,6.846455,MOVE_JOINT
1.528000,0.453237,-0.117964,-0.148970,0.002812,-0.026255,0.008626,6.845549,MOVE_JOINT
1.529000,0.453238,-0.117989,-0.148962,0.002184,-0.025710,0.008366,6.844639,MOVE_JOINT
1.530000,0.453237,-0.118016,-0.148955,0.001045,-0.026073,0.007773,6.843869,MOVE_JOINT
1.531000,0.453245,-0.118040,-0.148944,0.002875,-0.025669,0.009071,6.843363,MOVE_JOINT
1.532000,0.453240,-0.118065,-0.148940,0.000602,-0.025436,0.007732,6.843227,MOVE_JOINT
1.533000,0.453247,-0.118091,-0.148928,0.002345,-0.025547,0.008927,6.843564,MOVE_JOINT
1.534000,0.453247,-0.118119,-0.148922,0.001351,-0.026383,0.007982,6.844475,MOVE_JOINT
1.535000,0.453251,-0.118146,-0.148912,0.001583,-0.026819,0.008443,6.846024,MOVE_JOINT
1.536000,0.453255,-0.118173,-0.148902,0.002180,-0.026911,0.009020,6.848225,MOVE_JOINT
1.537000,0.453259,-0.118199,-0.148892,0.003260,-0.026335,0.009317,6.851081,MOVE_JOINT
1.538000,0.453266,-0.118226,-0.148880,0.004730,-0.026574,0.010222,6.854633,MOVE_JOINT
1.539000,0.453268,-0.118252,-0.148871,0.004672,-0.026548,0.010311,6.858999,MOVE_JOINT
1.540000,0.453267,-0.118279,-0.148865,0.003247,-0.026519,0.009092,6.864350,MOVE_JOINT
1.541000,0.453268,-0.118305,-0.148857,0.003381,-0.025929,0.009017,6.870829,MOVE_JOINT
1.542000,0.453275,-0.118334,-0.148844,0.005011,-0.026735,0.010088,6.878469,MOVE_JOINT
1.543000,0.453273,-0.118362,-0.148837,0.001969,-0.027437,0.008867,6.887190,MOVE_JOINT
1.544000,0.453281,-0.118389,-0.148825,0.003318,-0.027230,0.009557,6.896845,MOVE_JOINT
1.545000,0.453286,-0.118413,-0.148815,0.003029,-0.026272,0.009369,6.907257,MOVE_JOINT
1.546000,0.453288,-0.118440,-0.148805,0.003119,-0.026303,0.009521,6.918243,MOVE_JOINT
1.547000,0.453291,-0.118467,-0.148796,0.002979,-0.026790,0.009463,6.929656,MOVE_JOINT
1.548000,0.453293,-0.118492,-0.148786,0.003089,-0.026312,0.009564,6.941384,MOVE_JOINT
1.549000,0.453293,-0.118516,-0.148779,0.001451,-0.024869,0.008303,6.953336,MOVE_JOINT
1.550000,0.453301,-0.118544,-0.148767,0.003014,-0.026465,0.009560,6.965407,MOVE_JOINT
1.551000,0.453301,-0.118572,-0.148759,0.001978,-0.027214,0.008875,6.977465,MOVE_JOINT
1.552000,0.453306,-0.118598,-0.148748,0.003029,-0.026606,0.009283,6.989347,MOVE_JOINT
1.553000,0.453310,-0.118626,-0.148738,0.004005,-0.026726,0.009919,7.000875,MOVE_JOINT
1.554000,0.453316,-0.118649,-0.148727,0.005193,-0.025920,0.010494,7.011900,MOVE_JOINT
1.555000,0.453310,-0.118675,-0.148723,0.001700,-0.025544,0.008326,7.022347,MOVE_JOINT
1.556000,0.453315,-0.118701,-0.148712,0.002234,-0.025794,0.008907,7.032170,MOVE_JOINT
1.557000,0.453320,-0.118730,-0.148701,0.002869,-0.026746,0.009345,7.041281,MOVE_JOINT
1.558000,0.453319,-0.118755,-0.148695,0.001419,-0.026189,0.008360,7.049541,MOVE_JOINT
1.559000,0.453322,-0.118785,-0.148686,0.002149,-0.026619,0.008543,7.056776,MOVE_JOINT
1.560000,0.453324,-0.118812,-0.148677,0.002024,-0.026855,0.008576,7.062776,MOVE_JOINT
1.561000,0.453329,-0.118839,-0.148666,0.003150,-0.026794,0.009164,7.067311,MOVE_JOINT
1.562000,0.453330,-0.118867,-0.148657,0.002942,-0.027046,0.009450,7.070195,MOVE_JOINT
1.563000,0.453328,-0.118894,-0.148650,0.001991,-0.026949,0.008848,7.071342,MOVE_JOINT
1.564000,0.453328,-0.118919,-0.148644,0.001652,-0.026209,0.008278,7.070762,MOVE_JOINT
1.565000,0.453328,-0.118946,-0.148637,0.001622,-0.026232,0.008061,7.068492,MOVE_JOINT
1.566000,0.453332,-0.118976,-0.148627,0.001878,-0.027191,0.008379,7.064533,MOVE_JOINT
1.567000,0.453333,-0.119003,-0.148619,0.001578,-0.027415,0.008210,7.058841,MOVE_JOINT
1.568000,0.453333,-0.119032,-0.148610,0.001686,-0.027384,0.008322,7.051358,MOVE_JOINT
1.569000,0.453337,-0.119060,-0.148601,0.003172,-0.027278,0.009010,7.042043,MOVE_JOINT
1.570000,0.453337,-0.119086,-0.148593,0.001830,-0.027105,0.008130,7.030909,MOVE_JOINT
1.571000,0.453345,-0.119114,-0.148582,0.003298,-0.027098,0.008855,7.018029,MOVE_JOINT
1.572000,0.453341,-0.119146,-0.148574,0.001641,-0.028475,0.008837,7.003521,MOVE_JOINT
1.573000,0.453345,-0.119171,-0.148567,0.001781,-0.027757,0.008381,6.987556,MOVE_JOINT
1.574000,0.453348,-0.119197,-0.148557,0.002393,-0.027002,0.008791,6.970344,MOVE_JOINT
1.575000,0.453351,-0.119227,-0.148548,0.002568,-0.027698,0.008860,6.952115,MOVE_JOINT
1.576000,0.453355,-0.119256,-0.148538,0.003630,-0.028005,0.009491,6.933113,MOVE_JOINT
1.577000,0.453356,-0.119282,-0.148528,0.003523,-0.028091,0.009959,6.913610,MOVE_JOINT
1.578000,0.453358,-0.119307,-0.148520,0.003350,-0.027298,0.009889,6.893931,MOVE_JOINT
1.579000,0.453362,-0.119338,-0.148510,0.003455,-0.028539,0.009960,6.874465,MOVE_JOINT
1.580000,0.453362,-0.119364,-0.148502,0.002478,-0.028286,0.009425,6.855615,MOVE_JOINT
1.581000,0.453364,-0.119395,-0.148492,0.002659,-0.029049,0.009544,6.837714,MOVE_JOINT
1.582000,0.453372,-0.119422,-0.148480,0.003883,-0.028744,0.010415,6.820984,MOVE_JOINT
1.583000,0.453371,-0.119451,-0.148473,0.001775,-0.028836,0.009232,6.805554,MOVE_JOINT
1.584000,0.453376,-0.119477,-0.148464,0.003276,-0.028163,0.009631,6.791495,MOVE_JOINT
1.585000,0.453374,-0.119509,-0.148456,0.002256,-0.028923,0.009191,6.778810,MOVE_JOINT
1.586000,0.453378,-0.119537,-0.148445,0.002851,-0.028445,0.009680,6.767425,MOVE_JOINT
1.587000,0.453379,-0.119569,-0.148436,0.002451,-0.029408,0.009590,6.757222,MOVE_JOINT
1.588000,0.453381,-0.119600,-0.148426,0.001909,-0.029777,0.009366,6.748077,MOVE_JOINT
1.589000,0.453385,-0.119626,-0.148418,0.002417,-0.028832,0.009181,6.739866,MOVE_JOINT
1.590000,0.453391,-0.119659,-0.148404,0.003296,-0.030165,0.010281,6.732454,MOVE_JOINT
1.591000,0.453392,-0.119688,-0.148395,0.002183,-0.030103,0.009868,6.725721,MOVE_JOINT
1.592000,0.453394,-0.119718,-0.148386,0.002735,-0.029863,0.009809,6.719593,MOVE_JOINT
1.593000,0.453398,-0.119747,-0.148376,0.002952,-0.029683,0.009975,6.714043,MOVE_JOINT
1.594000,0.453395,-0.119782,-0.148368,0.001741,-0.031146,0.009304,6.709050,MOVE_JOINT
1.595000,0.453396,-0.119814,-0.148358,0.001033,-0.031796,0.009390,6.704548,MOVE_JOINT
1.596000,0.453402,-0.119842,-0.148347,0.002674,-0.030698,0.009980,6.700419,MOVE_JOINT
1.597000,0.453403,-0.119875,-0.148338,0.002563,-0.031246,0.009940,6.696523,MOVE_JOINT
1.598000,0.453404,-0.119907,-0.148330,0.002527,-0.031172,0.009475,6.692748,MOVE_JOINT
1.599000,0.453407,-0.119937,-0.148319,0.002790,-0.030617,0.009945,6.689011,MOVE_JOINT
1.600000,0.453407,-0.119966,-0.148311,0.002198,-0.030041,0.009376,6.685230,MOVE_JOINT
1.601000,0.453408,-0.119997,-0.148302,0.001953,-0.030629,0.009290,6.681330,MOVE_JOINT
1.602000,0.453410,-0.120029,-0.148292,0.001351,-0.031131,0.009392,6.677232,MOVE_JOINT
1.603000,0.453413,-0.120061,-0.148283,0.001896,-0.031215,0.009253,6.672839,MOVE_JOINT
1.604000,0.453419,-0.120089,-0.148272,0.004191,-0.030172,0.010279,6.668048,MOVE_JOINT
1.605000,0.453415,-0.120120,-0.148266,0.001853,-0.030116,0.009004,6.662778,MOVE_JOINT
1.606000,0.453417,-0.120152,-0.148256,0.001992,-0.030890,0.009419,6.656974,MOVE_JOINT
1.607000,0.453419,-0.120182,-0.148246,0.001785,-0.030691,0.009644,6.650594,MOVE_JOINT
1.608000,0.453419,-0.120212,-0.148238,0.000915,-0.030698,0.009110,6.643619,MOVE_JOINT
1.609000,0.453421,-0.120243,-0.148229,0.000485,-0.030163,0.008821,6.636058,MOVE_JOINT
1.610000,0.453422,-0.120277,-0.148220,0.000185,-0.031756,0.008636,6.627927,MOVE_JOINT
1.611000,0.453424,-0.120308,-0.148210,0.000102,-0.031150,0.008785,6.619206,MOVE_JOINT
1.612000,0.453427,-0.120338,-0.148199,0.001469,-0.030483,0.009337,6.609849,MOVE_JOINT
1.613000,0.453427,-0.120372,-0.148192,0.001605,-0.030966,0.009068,6.599833,MOVE_JOINT
1.614000,0.453429,-0.120405,-0.148181,0.001825,-0.031730,0.009621,6.589191,MOVE_JOINT
1.615000,0.453432,-0.120435,-0.148170,0.001858,-0.031255,0.009790,6.577998,MOVE_JOINT
1.616000,0.453433,-0.120469,-0.148160,0.001565,-0.031798,0.009623,6.566387,MOVE_JOINT
1.617000,0.453436,-0.120501,-0.148151,0.002224,-0.031770,0.009829,6.554538,MOVE_JOINT
1.618000,0.453436,-0.120532,-0.148142,0.002036,-0.031529,0.009520,6.542652,MOVE_JOINT
1.619000,0.453438,-0.120565,-0.148131,0.001586,-0.032497,0.009710,6.530901,MOVE_JOINT
1.620000,0.453446,-0.120597,-0.148118,0.003068,-0.032194,0.010619,6.519428,MOVE_JOINT
1.621000,0.453446,-0.120629,-0.148109,0.002030,-0.032792,0.010198,6.508375,MOVE_JOINT
1.622000,0.453447,-0.120662,-0.148100,0.001262,-0.032560,0.009547,6.497907,MOVE_JOINT
1.623000,0.453447,-0.120695,-0.148090,0.000734,-0.032874,0.009775,6.488168,MOVE_JOINT
1.624000,0.453451,-0.120728,-0.148079,0.002710,-0.032899,0.010921,6.479259,MOVE_JOINT
1.625000,0.453456,-0.120759,-0.148067,0.003241,-0.032361,0.011075,6.471289,MOVE_JOINT
1.626000,0.453455,-0.120792,-0.148057,0.001984,-0.032794,0.010542,6.464425,MOVE_JOINT
1.627000,0.453456,-0.120826,-0.148048,0.001243,-0.032983,0.009953,6.458860,MOVE_JOINT
1.628000,0.453453,-0.120856,-0.148041,0.000366,-0.032052,0.009306,6.454719,MOVE_JOINT
1.629000,0.453459,-0.120887,-0.148030,0.001923,-0.031523,0.009865,6.451994,MOVE_JOINT
1.630000,0.453459,-0.120920,-0.148021,0.001444,-0.032275,0.009843,6.450556,MOVE_JOINT
1.631000,0.453466,-0.120953,-0.148008,0.003857,-0.032512,0.011058,6.450214,MOVE_JOINT
1.632000,0.453469,-0.120985,-0.147996,0.003473,-0.032803,0.011531,6.450806,MOVE_JOINT
1.633000,0.453467,-0.121017,-0.147987,0.001602,-0.032329,0.010423,6.452258,MOVE_JOINT
1.634000,0.453467,-0.121050,-0.147979,0.000189,-0.032523,0.009346,6.454570,MOVE_JOINT
1.635000,0.453468,-0.121081,-0.147969,0.001274,-0.032031,0.009938,6.457712,MOVE_JOINT
1.636000,0.453474,-0.121117,-0.147956,0.002582,-0.033099,0.010719,6.461562,MOVE_JOINT
1.637000,0.453477,-0.121151,-0.147945,0.002115,-0.033682,0.010800,6.465964,MOVE_JOINT
1.638000,0.453475,-0.121183,-0.147938,0.001095,-0.032849,0.009899,6.470797,MOVE_JOINT
1.639000,0.453475,-0.121218,-0.147930,0.000756,-0.033405,0.009524,6.475956,MOVE_JOINT
1.640000,0.453477,-0.121249,-0.147919,0.001279,-0.032722,0.009846,6.481300,MOVE_JOINT
1.641000,0.453480,-0.121284,-0.147908,0.002008,-0.033019,0.010241,6.486629,MOVE_JOINT
1.642000,0.453478,-0.121318,-0.147901,0.001009,-0.033453,0.009410,6.491741,MOVE_JOINT
1.643000,0.453476,-0.121351,-0.147893,-0.000546,-0.033441,0.008769,6.496449,MOVE_JOINT
1.644000,0.453479,-0.121386,-0.147882,0.001066,-0.033395,0.009720,6.500546,MOVE_JOINT
1.645000,0.453479,-0.121421,-0.147874,0.000423,-0.034629,0.009347,6.503822,MOVE_JOINT
1.646000,0.453476,-0.121454,-0.147866,-0.000412,-0.034387,0.008783,6.506106,MOVE_JOINT
1.647000,0.453482,-0.121492,-0.147853,0.001679,-0.035372,0.010027,6.507265,MOVE_JOINT
1.648000,0.453484,-0.121525,-0.147843,0.001261,-0.034607,0.009757,6.507221,MOVE_JOINT
1.649000,0.453480,-0.121561,-0.147836,0.000262,-0.034472,0.009119,6.505981,MOVE_JOINT
1.650000,0.453483,-0.121600,-0.147824,0.000312,-0.035931,0.009532,6.503633,MOVE_JOINT
1.651000,0.453487,-0.121634,-0.147814,0.001351,-0.034891,0.009539,6.500311,MOVE_JOINT
1.652000,0.453484,-0.121668,-0.147806,0.000414,-0.034332,0.008887,6.496159,MOVE_JOINT
1.653000,0.453487,-0.121702,-0.147795,0.001047,-0.034412,0.009638,6.491318,MOVE_JOINT
1.654000,0.453487,-0.121737,-0.147786,0.000570,-0.034360,0.009476,6.485941,MOVE_JOINT
1.655000,0.453488,-0.121772,-0.147776,0.000939,-0.034283,0.009564,6.480222,MOVE_JOINT
1.656000,0.453492,-0.121803,-0.147765,0.001773,-0.033435,0.010005,6.474409,MOVE_JOINT
1.657000,0.453494,-0.121840,-0.147755,0.001830,-0.034682,0.010183,6.468787,MOVE_JOINT
1.658000,0.453493,-0.121874,-0.147747,0.000517,-0.034703,0.009406,6.463654,MOVE_JOINT
1.659000,0.453495,-0.121910,-0.147737,0.001118,-0.035147,0.009655,6.459267,MOVE_JOINT
1.660000,0.453497,-0.121942,-0.147726,0.001482,-0.034128,0.010102,6.455808,MOVE_JOINT
1.661000,0.453496,-0.121981,-0.147718,0.001063,-0.035437,0.009725,6.453400,MOVE_JOINT
1.662000,0.453502,-0.122015,-0.147707,0.002321,-0.034916,0.009757,6.452132,MOVE_JOINT
1.663000,0.453504,-0.122048,-0.147697,0.001880,-0.034321,0.010024,6.452041,MOVE_JOINT
1.664000,0.453500,-0.122087,-0.147689,-0.000130,-0.035961,0.009352,6.453110,MOVE_JOINT
1.665000,0.453505,-0.122120,-0.147677,0.001974,-0.034893,0.010289,6.455297,MOVE_JOINT
1.666000,0.453509,-0.122156,-0.147665,0.003220,-0.035423,0.011091,6.458578,MOVE_JOINT
1.667000,0.453505,-0.122193,-0.147659,0.001496,-0.036223,0.009884,6.462979,MOVE_JOINT
1.668000,0.453509,-0.122228,-0.147648,0.001264,-0.036169,0.009797,6.468537,MOVE_JOINT
1.669000,0.453509,-0.122265,-0.147638,0.001104,-0.035545,0.009911,6.475231,MOVE_JOINT
1.670000,0.453508,-0.122301,-0.147630,0.000608,-0.035936,0.009349,6.482962,MOVE_JOINT
1.671000,0.453514,-0.122337,-0.147615,0.001499,-0.035693,0.010454,6.491588,MOVE_JOINT
1.672000,0.453511,-0.122374,-0.147608,0.001118,-0.035688,0.009842,6.500983,MOVE_JOINT
1.673000,0.453514,-0.122410,-0.147597,0.002222,-0.035513,0.010530,6.511071,MOVE_JOINT
1.674000,0.453513,-0.122448,-0.147587,0.001494,-0.036187,0.010284,6.521834,MOVE_JOINT
1.675000,0.453521,-0.122485,-0.147573,0.003625,-0.036058,0.011391,6.533299,MOVE_JOINT
1.676000,0.453512,-0.122521,-0.147569,-0.000319,-0.036406,0.009216,6.545518,MOVE_JOINT
1.677000,0.453514,-0.122554,-0.147558,0.000831,-0.035124,0.009981,6.558512,MOVE_JOINT
1.678000,0.453520,-0.122589,-0.147546,0.003115,-0.035222,0.011019,6.572238,MOVE_JOINT
1.679000,0.453515,-0.122620,-0.147539,0.000943,-0.033924,0.010051,6.586626,MOVE_JOINT
1.680000,0.453519,-0.122658,-0.147527,0.001296,-0.035110,0.010503,6.601640,MOVE_JOINT
1.681000,0.453520,-0.122692,-0.147517,0.000454,-0.034847,0.009985,6.617264,MOVE_JOINT
1.682000,0.453523,-0.122729,-0.147505,0.002362,-0.035692,0.011190,6.633473,MOVE_JOINT
1.683000,0.453523,-0.122765,-0.147496,0.001373,-0.035812,0.010723,6.650231,MOVE_JOINT
1.684000,0.453524,-0.122801,-0.147485,0.001366,-0.035593,0.010604,6.667496,MOVE_JOINT
1.685000,0.453523,-0.122838,-0.147476,0.000982,-0.036265,0.010420,6.685209,MOVE_JOINT
1.686000,0.453528,-0.122874,-0.147464,0.002248,-0.035936,0.010721,6.703262,MOVE_JOINT
1.687000,0.453527,-0.122911,-0.147455,0.001159,-0.036013,0.010299,6.721480,MOVE_JOINT
1.688000,0.453523,-0.122945,-0.147447,0.000030,-0.035764,0.009549,6.739630,MOVE_JOINT
1.689000,0.453532,-0.122983,-0.147433,0.002477,-0.036186,0.010874,6.757428,MOVE_JOINT
1.690000,0.453532,-0.123019,-0.147422,0.002341,-0.036239,0.010987,6.774587,MOVE_JOINT
1.691000,0.453533,-0.123055,-0.147412,0.002602,-0.036375,0.011239,6.790880,MOVE_JOINT
1.692000,0.453532,-0.123095,-0.147401,0.001198,-0.037252,0.011040,6.806183,MOVE_JOINT
1.693000,0.453535,-0.123132,-0.147389,0.002258,-0.036796,0.011379,6.820470,MOVE_JOINT
1.694000,0.453538,-0.123170,-0.147376,0.001863,-0.037198,0.011351,6.833780,MOVE_JOINT
1.695000,0.453543,-0.123209,-0.147363,0.002904,-0.037902,0.012227,6.846201,MOVE_JOINT
1.696000,0.453544,-0.123244,-0.147353,0.002194,-0.037541,0.011602,6.857857,MOVE_JOINT
1.697000,0.453550,-0.123276,-0.147340,0.003177,-0.035610,0.011781,6.868889,MOVE_JOINT
1.698000,0.453553,-0.123315,-0.147328,0.002470,-0.036327,0.011622,6.879425,MOVE_JOINT
1.699000,0.453552,-0.123353,-0.147316,0.002050,-0.037040,0.011869,6.889562,MOVE_JOINT
1.700000,0.453557,-0.123389,-0.147303,0.002812,-0.037084,0.012440,6.899374,MOVE_JOINT
1.701000,0.453558,-0.123427,-0.147293,0.002595,-0.037281,0.011985,6.908939,MOVE_JOINT
1.702000,0.453560,-0.123462,-0.147280,0.001845,-0.036462,0.011676,6.918336,MOVE_JOINT
1.703000,0.453567,-0.123501,-0.147265,0.003792,-0.037236,0.013049,6.927612,MOVE_JOINT
1.704000,0.453564,-0.123533,-0.147257,0.001657,-0.035727,0.011654,6.936794,MOVE_JOINT
1.705000,0.453572,-0.123569,-0.147244,0.002935,-0.035322,0.011623,6.945901,MOVE_JOINT
1.706000,0.453574,-0.123606,-0.147231,0.002543,-0.036009,0.011795,6.954907,MOVE_JOINT
1.707000,0.453578,-0.123641,-0.147220,0.003617,-0.035537,0.012062,6.963714,MOVE_JOINT
1.708000,0.453580,-0.123680,-0.147206,0.003007,-0.036236,0.012124,6.972184,MOVE_JOINT
1.709000,0.453582,-0.123716,-0.147195,0.002079,-0.036038,0.011454,6.980172,MOVE_JOINT
1.710000,0.453582,-0.123753,-0.147185,0.000511,-0.036926,0.010849,6.987536,MOVE_JOINT
1.711000,0.453586,-0.123792,-0.147172,0.001350,-0.037657,0.011303,6.994097,MOVE_JOINT
1.712000,0.453587,-0.123827,-0.147162,0.001372,-0.036112,0.010602,6.999630,MOVE_JOINT
1.713000,0.453589,-0.123867,-0.147150,0.001146,-0.037538,0.010785,7.003888,MOVE_JOINT
1.714000,0.453588,-0.123902,-0.147141,0.000967,-0.036773,0.010710,7.006622,MOVE_JOINT
1.715000,0.453587,-0.123940,-0.147130,0.000999,-0.037058,0.010965,7.007621,MOVE_JOINT
1.716000,0.453588,-0.123978,-0.147120,0.000721,-0.037053,0.010711,7.006753,MOVE_JOINT
1.717000,0.453589,-0.124013,-0.147109,0.000583,-0.036881,0.010346,7.003982,MOVE_JOINT
1.718000,0.453590,-0.124050,-0.147097,0.000810,-0.036953,0.010951,6.999340,MOVE_JOINT
1.719000,0.453588,-0.124088,-0.147089,0.000139,-0.037263,0.010339,6.992912,MOVE_JOINT
1.720000,0.453588,-0.124127,-0.147079,-0.000085,-0.037991,0.010117,6.984819,MOVE_JOINT
1.721000,0.453586,-0.124165,-0.147070,0.000476,-0.038026,0.010648,6.975178,MOVE_JOINT
1.722000,0.453587,-0.124202,-0.147058,0.001337,-0.037669,0.011348,6.964099,MOVE_JOINT
1.723000,0.453588,-0.124240,-0.147049,0.001149,-0.038040,0.010735,6.951739,MOVE_JOINT
1.724000,0.453586,-0.124278,-0.147040,0.001000,-0.037582,0.010729,6.938317,MOVE_JOINT
1.725000,0.453587,-0.124312,-0.147031,0.001458,-0.036546,0.010401,6.924059,MOVE_JOINT
1.726000,0.453586,-0.124350,-0.147021,0.000490,-0.036993,0.010167,6.909149,MOVE_JOINT
1.727000,0.453583,-0.124389,-0.147013,-0.000703,-0.037492,0.009124,6.893706,MOVE_JOINT
1.728000,0.453585,-0.124425,-0.147002,-0.000784,-0.036801,0.009367,6.877761,MOVE_JOINT
1.729000,0.453590,-0.124463,-0.146989,0.001887,-0.036896,0.010789,6.861270,MOVE_JOINT
1.730000,0.453588,-0.124502,-0.146981,0.000565,-0.037380,0.009913,6.844207,MOVE_JOINT
1.731000,0.453586,-0.124538,-0.146972,0.000263,-0.036794,0.009813,6.826624,MOVE_JOINT
1.732000,0.453582,-0.124577,-0.146963,-0.000296,-0.037138,0.009734,6.808634,MOVE_JOINT
1.733000,0.453586,-0.124616,-0.146953,0.001638,-0.037401,0.010464,6.790372,MOVE_JOINT
1.734000,0.453586,-0.124651,-0.146943,0.000689,-0.036456,0.009833,6.772001,MOVE_JOINT
1.735000,0.453583,-0.124691,-0.146935,-0.001801,-0.037296,0.008612,6.753676,MOVE_JOINT
1.736000,0.453586,-0.124724,-0.146925,-0.000517,-0.036049,0.009048,6.735501,MOVE_JOINT
1.737000,0.453586,-0.124765,-0.146915,-0.000488,-0.037905,0.009525,6.717503,MOVE_JOINT
1.738000,0.453587,-0.124800,-0.146905,0.000362,-0.037219,0.009946,6.699688,MOVE_JOINT
1.739000,0.453589,-0.124838,-0.146895,0.000714,-0.037356,0.009865,6.682113,MOVE_JOINT
1.740000,0.453586,-0.124877,-0.146886,-0.000016,-0.037837,0.009756,6.664903,MOVE_JOINT
1.741000,0.453589,-0.124913,-0.146875,0.000566,-0.037333,0.009810,6.648217,MOVE_JOINT
1.742000,0.453589,-0.124948,-0.146866,-0.000442,-0.037116,0.009212,6.632212,MOVE_JOINT
1.743000,0.453592,-0.124987,-0.146855,0.000487,-0.037885,0.009950,6.617018,MOVE_JOINT
1.744000,0.453589,-0.125025,-0.146846,-0.000681,-0.037996,0.009322,6.602731,MOVE_JOINT
1.745000,0.453591,-0.125061,-0.146835,-0.000041,-0.037116,0.009624,6.589430,MOVE_JOINT
1.746000,0.453594,-0.125098,-0.146823,0.000759,-0.037408,0.010464,6.577192,MOVE_JOINT
1.747000,0.453596,-0.125137,-0.146812,0.001113,-0.037817,0.010559,6.566135,MOVE_JOINT
1.748000,0.453595,-0.125174,-0.146802,0.000696,-0.037571,0.010557,6.556448,MOVE_JOINT
1.749000,0.453598,-0.125215,-0.146789,0.002307,-0.038826,0.011609,6.548375,MOVE_JOINT
1.750000,0.453596,-0.125256,-0.146780,0.000519,-0.039452,0.010860,6.542182,MOVE_JOINT
1.751000,0.453598,-0.125296,-0.146768,0.001143,-0.039865,0.011152,6.538108,MOVE_JOINT
1.752000,0.453598,-0.125335,-0.146758,0.000478,-0.039562,0.010657,6.536311,MOVE_JOINT
1.753000,0.453597,-0.125371,-0.146748,-0.000408,-0.038665,0.010132,6.536824,MOVE_JOINT
1.754000,0.453601,-0.125405,-0.146736,0.000248,-0.037399,0.010606,6.539557,MOVE_JOINT
1.755000,0.453598,-0.125447,-0.146726,-0.000993,-0.038247,0.010007,6.544340,MOVE_JOINT
1.756000,0.453601,-0.125482,-0.146715,0.000595,-0.037743,0.010820,6.550978,MOVE_JOINT
1.757000,0.453597,-0.125519,-0.146707,-0.000871,-0.037593,0.010015,6.559270,MOVE_JOINT
1.758000,0.453594,-0.125557,-0.146698,-0.001637,-0.037604,0.009353,6.568997,MOVE_JOINT
1.759000,0.453600,-0.125593,-0.146685,0.001108,-0.036778,0.010582,6.579897,MOVE_JOINT
1.760000,0.453600,-0.125635,-0.146674,0.000675,-0.038431,0.010762,6.591670,MOVE_JOINT
1.761000,0.453601,-0.125674,-0.146663,0.000789,-0.038471,0.010908,6.604039,MOVE_JOINT
1.762000,0.453604,-0.125708,-0.146652,0.000981,-0.037179,0.010738,6.616787,MOVE_JOINT
1.763000,0.453603,-0.125754,-0.146640,-0.000033,-0.039377,0.010852,6.629754,MOVE_JOINT
1.764000,0.453605,-0.125792,-0.146629,0.000337,-0.039047,0.010807,6.642814,MOVE_JOINT
1.765000,0.453602,-0.125831,-0.146619,-0.001050,-0.038890,0.010088,6.655848,MOVE_JOINT
1.766000,0.453604,-0.125873,-0.146607,0.000454,-0.039736,0.010954,6.668720,MOVE_JOINT
1.767000,0.453597,-0.125914,-0.146601,-0.001666,-0.039675,0.009583,6.681256,MOVE_JOINT
1.768000,0.453605,-0.125955,-0.146585,0.001647,-0.040207,0.011740,6.693254,MOVE_JOINT
1.769000,0.453603,-0.125997,-0.146576,0.000732,-0.040629,0.010871,6.704526,MOVE_JOINT
1.770000,0.453599,-0.126035,-0.146567,-0.000093,-0.039888,0.010534,6.714934,MOVE_JOINT
1.771000,0.453600,-0.126079,-0.146555,0.000595,-0.040921,0.011134,6.724389,MOVE_JOINT
1.772000,0.453602,-0.126121,-0.146543,0.000667,-0.040658,0.011174,6.732837,MOVE_JOINT
1.773000,0.453601,-0.126161,-0.146533,0.000953,-0.040429,0.011463,6.740272,MOVE_JOINT
1.774000,0.453606,-0.126202,-0.146520,0.002273,-0.040676,0.011911,6.746763,MOVE_JOINT
1.775000,0.453602,-0.126242,-0.146510,0.000429,-0.040367,0.011149,6.752438,MOVE_JOINT
1.776000,0.453603,-0.126280,-0.146498,0.001267,-0.039325,0.011661,6.757472,MOVE_JOINT
1.777000,0.453607,-0.126321,-0.146485,0.001994,-0.039777,0.012042,6.762064,MOVE_JOINT
1.778000,0.453611,-0.126361,-0.146472,0.003180,-0.039745,0.012375,6.766444,MOVE_JOINT
1.779000,0.453609,-0.126404,-0.146460,0.002078,-0.040819,0.012453,6.770858,MOVE_JOINT
1.780000,0.453608,-0.126442,-0.146450,0.001158,-0.039824,0.012076,6.775547,MOVE_JOINT
1.781000,0.453611,-0.126484,-0.146435,0.001929,-0.040645,0.012856,6.780738,MOVE_JOINT
1.782000,0.453609,-0.126522,-0.146426,0.000355,-0.039294,0.011664,6.786646,MOVE_JOINT
1.783000,0.453612,-0.126563,-0.146413,0.000679,-0.039582,0.011740,6.793443,MOVE_JOINT
1.784000,0.453615,-0.126605,-0.146399,0.001310,-0.040540,0.012504,6.801221,MOVE_JOINT
1.785000,0.453610,-0.126645,-0.146391,-0.000933,-0.040258,0.010973,6.809967,MOVE_JOINT
1.786000,0.453616,-0.126687,-0.146375,0.000731,-0.040663,0.012202,6.819576,MOVE_JOINT
1.787000,0.453614,-0.126732,-0.146364,-0.000323,-0.042271,0.011635,6.829859,MOVE_JOINT
1.788000,0.453617,-0.126769,-0.146354,-0.000085,-0.041220,0.011248,6.840558,MOVE_JOINT
1.789000,0.453614,-0.126811,-0.146342,-0.001499,-0.041564,0.011078,6.851347,MOVE_JOINT
1.790000,0.453620,-0.126852,-0.146328,0.001026,-0.041235,0.011909,6.861851,MOVE_JOINT
1.791000,0.453619,-0.126898,-0.146317,0.000967,-0.042847,0.012030,6.871707,MOVE_JOINT
1.792000,0.453618,-0.126936,-0.146306,0.000849,-0.042177,0.012080,6.880627,MOVE_JOINT
1.793000,0.453620,-0.126979,-0.146294,0.001807,-0.042175,0.012461,6.888417,MOVE_JOINT
1.794000,0.453616,-0.127023,-0.146283,-0.000296,-0.042825,0.011778,6.894972,MOVE_JOINT
1.795000,0.453618,-0.127065,-0.146271,0.000097,-0.042991,0.011764,6.900258,MOVE_JOINT
1.796000,0.453621,-0.127106,-0.146258,0.001151,-0.042811,0.012413,6.904274,MOVE_JOINT
1.797000,0.453616,-0.127146,-0.146250,-0.000566,-0.041849,0.010934,6.907027,MOVE_JOINT
1.798000,0.453614,-0.127186,-0.146240,-0.001095,-0.041147,0.010482,6.908508,MOVE_JOINT
1.799000,0.453618,-0.127232,-0.146226,0.000204,-0.042247,0.011383,6.908652,MOVE_JOINT
1.800000,0.453616,-0.127266,-0.146218,-0.001398,-0.040301,0.010162,6.907338,MOVE_JOINT
1.801000,0.453616,-0.127311,-0.146207,0.000064,-0.041374,0.010814,6.904443,MOVE_JOINT
1.802000,0.453610,-0.127351,-0.146199,-0.002184,-0.040718,0.009490,6.899855,MOVE_JOINT
1.803000,0.453611,-0.127390,-0.146188,-0.001120,-0.040837,0.010193,6.893460,MOVE_JOINT
1.804000,0.453608,-0.127436,-0.146178,-0.001945,-0.042406,0.010084,6.885150,MOVE_JOINT
1.805000,0.453608,-0.127478,-0.146166,-0.001389,-0.042497,0.010558,6.874874,MOVE_JOINT
1.806000,0.453607,-0.127523,-0.146156,-0.000826,-0.043389,0.010587,6.862675,MOVE_JOINT
1.807000,0.453604,-0.127565,-0.146147,-0.001739,-0.042778,0.009591,6.848680,MOVE_JOINT
1.808000,0.453605,-0.127607,-0.146135,-0.001526,-0.042596,0.010215,6.833037,MOVE_JOINT
1.809000,0.453598,-0.127655,-0.146127,-0.002920,-0.043581,0.009380,6.815881,MOVE_JOINT
1.810000,0.453596,-0.127696,-0.146116,-0.003215,-0.043064,0.009726,6.797345,MOVE_JOINT
1.811000,0.453591,-0.127735,-0.146109,-0.003667,-0.041476,0.008991,6.777579,MOVE_JOINT
1.812000,0.453594,-0.127782,-0.146095,-0.001325,-0.043527,0.010763,6.756768,MOVE_JOINT
1.813000,0.453588,-0.127823,-0.146088,-0.002151,-0.042441,0.009917,6.735166,MOVE_JOINT
1.814000,0.453590,-0.127869,-0.146076,-0.001120,-0.043721,0.010338,6.713093,MOVE_JOINT
1.815000,0.453588,-0.127912,-0.146066,-0.002214,-0.043230,0.009920,6.690884,MOVE_JOINT
1.816000,0.453583,-0.127955,-0.146057,-0.001726,-0.043148,0.009977,6.668837,MOVE_JOINT
1.817000,0.453582,-0.127995,-0.146048,-0.002234,-0.042490,0.009664,6.647195,MOVE_JOINT
1.818000,0.453584,-0.128038,-0.146035,-0.001407,-0.042726,0.010362,6.626159,MOVE_JOINT
1.819000,0.453581,-0.128077,-0.146027,-0.002348,-0.041608,0.009194,6.605908,MOVE_JOINT
1.820000,0.453578,-0.128119,-0.146017,-0.002862,-0.041771,0.009219,6.586594,MOVE_JOINT
1.821000,0.453574,-0.128160,-0.146009,-0.002704,-0.041261,0.009132,6.568321,MOVE_JOINT
1.822000,0.453578,-0.128201,-0.145996,-0.000183,-0.041316,0.010609,6.551149,MOVE_JOINT
1.823000,0.453573,-0.128246,-0.145988,-0.001764,-0.042242,0.009911,6.535161,MOVE_JOINT
1.824000,0.453571,-0.128289,-0.145977,-0.001797,-0.042467,0.010176,6.520491,MOVE_JOINT
1.825000,0.453571,-0.128334,-0.145965,-0.001704,-0.043350,0.010288,6.507298,MOVE_JOINT
1.826000,0.453571,-0.128375,-0.145954,-0.001061,-0.042637,0.010705,6.495737,MOVE_JOINT
1.827000,0.453571,-0.128416,-0.145944,-0.000254,-0.041464,0.010728,6.485963,MOVE_JOINT
1.828000,0.453566,-0.128457,-0.145934,-0.001735,-0.041201,0.010066,6.478132,MOVE_JOINT
1.829000,0.453566,-0.128500,-0.145923,-0.001867,-0.041497,0.010162,6.472386,MOVE_JOINT
1.830000,0.453565,-0.128547,-0.145911,-0.002331,-0.043038,0.010417,6.468811,MOVE_JOINT
1.831000,0.453566,-0.128587,-0.145901,-0.001760,-0.042066,0.009985,6.467429,MOVE_JOINT
1.832000,0.453566,-0.128625,-0.145890,-0.000931,-0.040986,0.010457,6.468189,MOVE_JOINT
1.833000,0.453565,-0.128669,-0.145878,-0.001014,-0.041760,0.010836,6.470987,MOVE_JOINT
1.834000,0.453563,-0.128712,-0.145868,-0.001393,-0.041400,0.010124,6.475703,MOVE_JOINT
1.835000,0.453562,-0.128758,-0.145857,-0.001528,-0.043082,0.010270,6.482218,MOVE_JOINT
1.836000,0.453557,-0.128804,-0.145848,-0.002363,-0.044105,0.010151,6.490356,MOVE_JOINT
1.837000,0.453557,-0.128847,-0.145836,-0.001811,-0.043930,0.010525,6.499867,MOVE_JOINT
1.838000,0.453554,-0.128891,-0.145827,-0.001903,-0.044035,0.010381,6.510460,MOVE_JOINT
1.839000,0.453556,-0.128933,-0.145815,-0.000672,-0.043698,0.010878,6.521854,MOVE_JOINT
1.840000,0.453547,-0.128979,-0.145809,-0.002855,-0.044377,0.009617,6.533789,MOVE_JOINT
1.841000,0.453549,-0.129024,-0.145796,-0.001376,-0.044364,0.010691,6.546015,MOVE_JOINT
1.842000,0.453543,-0.129066,-0.145789,-0.002835,-0.043573,0.009331,6.558282,MOVE_JOINT
1.843000,0.453539,-0.129110,-0.145779,-0.003430,-0.043479,0.009227,6.570341,MOVE_JOINT
1.844000,0.453545,-0.129151,-0.145765,-0.000163,-0.042956,0.010925,6.581954,MOVE_JOINT
1.845000,0.453540,-0.129194,-0.145757,-0.000867,-0.042951,0.010693,6.592947,MOVE_JOINT
1.846000,0.453538,-0.129235,-0.145747,-0.001487,-0.043008,0.010399,6.603288,MOVE_JOINT
1.847000,0.453537,-0.129280,-0.145738,-0.000496,-0.043419,0.010530,6.613071,MOVE_JOINT
1.848000,0.453533,-0.129324,-0.145728,-0.002640,-0.043109,0.009650,6.622422,MOVE_JOINT
1.849000,0.453533,-0.129370,-0.145716,-0.001950,-0.043845,0.010064,6.631432,MOVE_JOINT
1.850000,0.453528,-0.129410,-0.145709,-0.003033,-0.042935,0.009192,6.640128,MOVE_JOINT
1.851000,0.453526,-0.129455,-0.145698,-0.001818,-0.042790,0.010193,6.648491,MOVE_JOINT
1.852000,0.453522,-0.129499,-0.145690,-0.002254,-0.042677,0.009546,6.656494,MOVE_JOINT
1.853000,0.453522,-0.129545,-0.145679,-0.001107,-0.043371,0.009899,6.664134,MOVE_JOINT
1.854000,0.453516,-0.129589,-0.145671,-0.002611,-0.043946,0.009455,6.671418,MOVE_JOINT
1.855000,0.453511,-0.129636,-0.145662,-0.003413,-0.044031,0.009029,6.678318,MOVE_JOINT
1.856000,0.453510,-0.129681,-0.145651,-0.002375,-0.044611,0.010072,6.684781,MOVE_JOINT
1.857000,0.453509,-0.129725,-0.145642,-0.002492,-0.045050,0.009613,6.690760,MOVE_JOINT
1.858000,0.453508,-0.129768,-0.145630,-0.001613,-0.044441,0.010454,6.696264,MOVE_JOINT
1.859000,0.453503,-0.129812,-0.145624,-0.003008,-0.044608,0.009321,6.701360,MOVE_JOINT
1.860000,0.453499,-0.129858,-0.145614,-0.003118,-0.045037,0.009526,6.706147,MOVE_JOINT
1.861000,0.453496,-0.129903,-0.145605,-0.003389,-0.045026,0.009301,6.710707,MOVE_JOINT
1.862000,0.453496,-0.129946,-0.145595,-0.003139,-0.044515,0.009711,6.715084,MOVE_JOINT
1.863000,0.453494,-0.129988,-0.145585,-0.002337,-0.043783,0.009714,6.719327,MOVE_JOINT
1.864000,0.453492,-0.130034,-0.145574,-0.002898,-0.044514,0.010043,6.723529,MOVE_JOINT
1.865000,0.453488,-0.130077,-0.145565,-0.003742,-0.044092,0.009397,6.727838,MOVE_JOINT
1.866000,0.453490,-0.130120,-0.145552,-0.002368,-0.043562,0.010167,6.732431,MOVE_JOINT
1.867000,0.453490,-0.130160,-0.145541,-0.001682,-0.042969,0.010529,6.737502,MOVE_JOINT
1.868000,0.453486,-0.130206,-0.145532,-0.002493,-0.043658,0.010294,6.743267,MOVE_JOINT
1.869000,0.453483,-0.130250,-0.145522,-0.002071,-0.043699,0.010344,6.749971,MOVE_JOINT
1.870000,0.453479,-0.130295,-0.145512,-0.002630,-0.044399,0.010376,6.757831,MOVE_JOINT
1.871000,0.453480,-0.130341,-0.145499,-0.001980,-0.045361,0.011009,6.767001,MOVE_JOINT
1.872000,0.453477,-0.130385,-0.145489,-0.002621,-0.045115,0.010773,6.777577,MOVE_JOINT
1.873000,0.453478,-0.130433,-0.145476,-0.001729,-0.046166,0.011149,6.789610,MOVE_JOINT
1.874000,0.453475,-0.130477,-0.145465,-0.002275,-0.045357,0.011082,6.803112,MOVE_JOINT
1.875000,0.453471,-0.130521,-0.145457,-0.003182,-0.044958,0.009990,6.818039,MOVE_JOINT
1.876000,0.453470,-0.130564,-0.145446,-0.002565,-0.044541,0.010272,6.834263,MOVE_JOINT
1.877000,0.453469,-0.130610,-0.145434,-0.002515,-0.045501,0.010771,6.851550,MOVE_JOINT
1.878000,0.453465,-0.130654,-0.145425,-0.003408,-0.045151,0.010142,6.869611,MOVE_JOINT
1.879000,0.453464,-0.130699,-0.145413,-0.002743,-0.045488,0.010827,6.888149,MOVE_JOINT
1.880000,0.453464,-0.130743,-0.145401,-0.001929,-0.044955,0.011124,6.906902,MOVE_JOINT
1.881000,0.453463,-0.130790,-0.145388,-0.002126,-0.045599,0.011421,6.925677,MOVE_JOINT
1.882000,0.453460,-0.130833,-0.145379,-0.002853,-0.044750,0.010687,6.944366,MOVE_JOINT
1.883000,0.453459,-0.130879,-0.145366,-0.002589,-0.045508,0.011250,6.962912,MOVE_JOINT
1.884000,0.453459,-0.130921,-0.145354,-0.002543,-0.044261,0.010988,6.981271,MOVE_JOINT
1.885000,0.453453,-0.130967,-0.145346,-0.003360,-0.045090,0.010302,6.999392,MOVE_JOINT
1.886000,0.453455,-0.131012,-0.145332,-0.002010,-0.044757,0.011248,7.017191,MOVE_JOINT
1.887000,0.453452,-0.131054,-0.145323,-0.002555,-0.043916,0.010603,7.034543,MOVE_JOINT
1.888000,0.453450,-0.131101,-0.145311,-0.002762,-0.044862,0.010626,7.051305,MOVE_JOINT
1.889000,0.453448,-0.131146,-0.145300,-0.002116,-0.044621,0.010903,7.067334,MOVE_JOINT
1.890000,0.453442,-0.131189,-0.145291,-0.002447,-0.044193,0.010663,7.082488,MOVE_JOINT
1.891000,0.453442,-0.131235,-0.145280,-0.001739,-0.044193,0.010815,7.096638,MOVE_JOINT
1.892000,0.453443,-0.131278,-0.145267,-0.000918,-0.044177,0.011559,7.109684,MOVE_JOINT
1.893000,0.453438,-0.131322,-0.145258,-0.001911,-0.044226,0.010980,7.121573,MOVE_JOINT
1.894000,0.453435,-0.131366,-0.145248,-0.001908,-0.044515,0.011011,7.132301,MOVE_JOINT
1.895000,0.453434,-0.131413,-0.145235,-0.001963,-0.045793,0.011510,7.141898,MOVE_JOINT
1.896000,0.453431,-0.131456,-0.145225,-0.003029,-0.045192,0.010505,7.150401,MOVE_JOINT
1.897000,0.453430,-0.131505,-0.145212,-0.002238,-0.045525,0.011095,7.157830,MOVE_JOINT
1.898000,0.453427,-0.131550,-0.145202,-0.002665,-0.045987,0.011003,7.164184,MOVE_JOINT
1.899000,0.453427,-0.131596,-0.145190,-0.001785,-0.045935,0.011358,7.169448,MOVE_JOINT
1.900000,0.453417,-0.131641,-0.145184,-0.004123,-0.045960,0.009759,7.173614,MOVE_JOINT
1.901000,0.453416,-0.131686,-0.145173,-0.003287,-0.045460,0.010347,7.176649,MOVE_JOINT
1.902000,0.453413,-0.131733,-0.145163,-0.003415,-0.046167,0.009895,7.178463,MOVE_JOINT
1.903000,0.453411,-0.131776,-0.145151,-0.003129,-0.045168,0.010447,7.178931,MOVE_JOINT
1.904000,0.453405,-0.131821,-0.145143,-0.004155,-0.045600,0.009588,7.177952,MOVE_JOINT
1.905000,0.453402,-0.131867,-0.145132,-0.003570,-0.045230,0.010042,7.175470,MOVE_JOINT
1.906000,0.453401,-0.131910,-0.145120,-0.003253,-0.044672,0.010385,7.171494,MOVE_JOINT
1.907000,0.453399,-0.131955,-0.145110,-0.002894,-0.044447,0.010370,7.166113,MOVE_JOINT
1.908000,0.453396,-0.131998,-0.145100,-0.003021,-0.044174,0.010090,7.159522,MOVE_JOINT
1.909000,0.453391,-0.132042,-0.145090,-0.003446,-0.044359,0.010080,7.151982,MOVE_JOINT
1.910000,0.453388,-0.132086,-0.145080,-0.002931,-0.044163,0.010166,7.143770,MOVE_JOINT
1.911000,0.453383,-0.132128,-0.145071,-0.003239,-0.043653,0.009920,7.135154,MOVE_JOINT
1.912000,0.453378,-0.132172,-0.145063,-0.004045,-0.044000,0.009323,7.126381,MOVE_JOINT
1.913000,0.453375,-0.132219,-0.145052,-0.003470,-0.044651,0.009695,7.117647,MOVE_JOINT
1.914000,0.453370,-0.132266,-0.145043,-0.003852,-0.045557,0.009361,7.109060,MOVE_JOINT
1.915000,0.453364,-0.132310,-0.145034,-0.004148,-0.045266,0.009375,7.100640,MOVE_JOINT
1.916000,0.453365,-0.132354,-0.145022,-0.002218,-0.045112,0.010516,7.092359,MOVE_JOINT
1.917000,0.453355,-0.132399,-0.145015,-0.004202,-0.044953,0.009538,7.084207,MOVE_JOINT
1.918000,0.453355,-0.132445,-0.145004,-0.003138,-0.045813,0.010016,7.076245,MOVE_JOINT
1.919000,0.453352,-0.132492,-0.144994,-0.002859,-0.045556,0.009985,7.068571,MOVE_JOINT
1.920000,0.453346,-0.132539,-0.144985,-0.003172,-0.046340,0.010223,7.061283,MOVE_JOINT
1.921000,0.453338,-0.132582,-0.144977,-0.004671,-0.045180,0.009311,7.054460,MOVE_JOINT
1.922000,0.453335,-0.132628,-0.144967,-0.004422,-0.045411,0.009124,7.048157,MOVE_JOINT
1.923000,0.453329,-0.132672,-0.144959,-0.003690,-0.044548,0.009550,7.042371,MOVE_JOINT
1.924000,0.453324,-0.132718,-0.144949,-0.004554,-0.044830,0.009222,7.037050,MOVE_JOINT
1.925000,0.453318,-0.132760,-0.144941,-0.005006,-0.043692,0.008745,7.032126,MOVE_JOINT
1.926000,0.453314,-0.132803,-0.144932,-0.004830,-0.044052,0.008772,7.027531,MOVE_JOINT
1.927000,0.453311,-0.132849,-0.144922,-0.004919,-0.044260,0.008831,7.023191,MOVE_JOINT
1.928000,0.453301,-0.132897,-0.144916,-0.005991,-0.044819,0.008291,7.019019,MOVE_JOINT
1.929000,0.453302,-0.132941,-0.144905,-0.004693,-0.044897,0.008630,7.014912,MOVE_JOINT
1.930000,0.453291,-0.132986,-0.144899,-0.006751,-0.045100,0.007782,7.010732,MOVE_JOINT
1.931000,0.453287,-0.133032,-0.144889,-0.006002,-0.045431,0.008362,7.006301,MOVE_JOINT
1.932000,0.453286,-0.133074,-0.144879,-0.004202,-0.044459,0.009208,7.001447,MOVE_JOINT
1.933000,0.453283,-0.133121,-0.144869,-0.003658,-0.045380,0.009436,6.996079,MOVE_JOINT
1.934000,0.453273,-0.133166,-0.144862,-0.005485,-0.045557,0.008804,6.990235,MOVE_JOINT
1.935000,0.453270,-0.133215,-0.144852,-0.005017,-0.046412,0.008936,6.984038,MOVE_JOINT
1.936000,0.453269,-0.133263,-0.144840,-0.004221,-0.047573,0.009901,6.977641,MOVE_JOINT
1.937000,0.453263,-0.133309,-0.144831,-0.004411,-0.046821,0.009694,6.971207,MOVE_JOINT
1.938000,0.453261,-0.133358,-0.144820,-0.003796,-0.047193,0.010118,6.964932,MOVE_JOINT
1.939000,0.453256,-0.133403,-0.144811,-0.003870,-0.046057,0.009964,6.959048,MOVE_JOINT
1.940000,0.453255,-0.133452,-0.144799,-0.003747,-0.046681,0.010198,6.953812,MOVE_JOINT
1.941000,0.453247,-0.133497,-0.144792,-0.004266,-0.046180,0.009880,6.949477,MOVE_JOINT
1.942000,0.453247,-0.133545,-0.144778,-0.002914,-0.046708,0.010943,6.946276,MOVE_JOINT
1.943000,0.453246,-0.133586,-0.144769,-0.002015,-0.044927,0.010732,6.944432,MOVE_JOINT
1.944000,0.453247,-0.133630,-0.144756,-0.000948,-0.045378,0.011450,6.944171,MOVE_JOINT
1.945000,0.453243,-0.133676,-0.144746,-0.001954,-0.045528,0.010759,6.945704,MOVE_JOINT
1.946000,0.453239,-0.133723,-0.144736,-0.002515,-0.046193,0.010798,6.949181,MOVE_JOINT
1.947000,0.453235,-0.133766,-0.144726,-0.002551,-0.045535,0.010712,6.954649,MOVE_JOINT
1.948000,0.453234,-0.133813,-0.144715,-0.002694,-0.046392,0.010787,6.962052,MOVE_JOINT
1.949000,0.453231,-0.133859,-0.144703,-0.002624,-0.046865,0.011120,6.971254,MOVE_JOINT
1.950000,0.453228,-0.133905,-0.144693,-0.002698,-0.046343,0.010799,6.982080,MOVE_JOINT
1.951000,0.453226,-0.133954,-0.144680,-0.002514,-0.046874,0.011448,6.994343,MOVE_JOINT
1.952000,0.453217,-0.134001,-0.144673,-0.004593,-0.046951,0.010109,7.007860,MOVE_JOINT
1.953000,0.453216,-0.134046,-0.144661,-0.004179,-0.046378,0.010335,7.022434,MOVE_JOINT
1.954000,0.453213,-0.134094,-0.144651,-0.004412,-0.046344,0.010075,7.037824,MOVE_JOINT
1.955000,0.453209,-0.134140,-0.144639,-0.003975,-0.046263,0.010343,7.053737,MOVE_JOINT
1.956000,0.453210,-0.134187,-0.144626,-0.002132,-0.046524,0.011511,7.069875,MOVE_JOINT
1.957000,0.453203,-0.134234,-0.144616,-0.003949,-0.045714,0.010539,7.086004,MOVE_JOINT
1.958000,0.453203,-0.134281,-0.144604,-0.002693,-0.046276,0.011060,7.101979,MOVE_JOINT
1.959000,0.453195,-0.134328,-0.144595,-0.003728,-0.046022,0.010676,7.117721,MOVE_JOINT
1.960000,0.453193,-0.134378,-0.144583,-0.003488,-0.047101,0.011025,7.133170,MOVE_JOINT
1.961000,0.453190,-0.134423,-0.144572,-0.003501,-0.046027,0.010732,7.148263,MOVE_JOINT
1.962000,0.453182,-0.134472,-0.144564,-0.004688,-0.046724,0.009931,7.162930,MOVE_JOINT
1.963000,0.453176,-0.134520,-0.144554,-0.005212,-0.047270,0.010229,7.177053,MOVE_JOINT
1.964000,0.453174,-0.134568,-0.144543,-0.003920,-0.047470,0.010534,7.190456,MOVE_JOINT
1.965000,0.453168,-0.134614,-0.144533,-0.004252,-0.046983,0.010305,7.202940,MOVE_JOINT
1.966000,0.453163,-0.134660,-0.144523,-0.004056,-0.047027,0.010447,7.214320,MOVE_JOINT
1.967000,0.453159,-0.134711,-0.144512,-0.003930,-0.047824,0.010561,7.224447,MOVE_JOINT
1.968000,0.453150,-0.134757,-0.144503,-0.005039,-0.047421,0.010191,7.233220,MOVE_JOINT
1.969000,0.453146,-0.134805,-0.144492,-0.004614,-0.047518,0.010566,7.240593,MOVE_JOINT
1.970000,0.453144,-0.134853,-0.144481,-0.003359,-0.047723,0.011033,7.246581,MOVE_JOINT
1.971000,0.453135,-0.134899,-0.144472,-0.004692,-0.047058,0.010654,7.251271,MOVE_JOINT
1.972000,0.453128,-0.134948,-0.144461,-0.005055,-0.047746,0.010606,7.254807,MOVE_JOINT
1.973000,0.453128,-0.134996,-0.144449,-0.002495,-0.047657,0.011482,7.257359,MOVE_JOINT
1.974000,0.453121,-0.135046,-0.144440,-0.004024,-0.049043,0.011119,7.259105,MOVE_JOINT
1.975000,0.453111,-0.135093,-0.144431,-0.005120,-0.048255,0.010451,7.260195,MOVE_JOINT
1.976000,0.453108,-0.135144,-0.144419,-0.004129,-0.049061,0.011286,7.260733,MOVE_JOINT
1.977000,0.453099,-0.135191,-0.144410,-0.005378,-0.048346,0.010609,7.260777,MOVE_JOINT
1.978000,0.453094,-0.135241,-0.144400,-0.004580,-0.049378,0.010810,7.260370,MOVE_JOINT
1.979000,0.453088,-0.135288,-0.144390,-0.005574,-0.048621,0.010316,7.259528,MOVE_JOINT
1.980000,0.453078,-0.135336,-0.144382,-0.006639,-0.048660,0.009738,7.258220,MOVE_JOINT
1.981000,0.453072,-0.135383,-0.144373,-0.005839,-0.048057,0.009881,7.256357,MOVE_JOINT
1.982000,0.453068,-0.135430,-0.144362,-0.005593,-0.047645,0.010283,7.253814,MOVE_JOINT
1.983000,0.453060,-0.135480,-0.144352,-0.006835,-0.048336,0.009857,7.250486,MOVE_JOINT
1.984000,0.453058,-0.135529,-0.144339,-0.005676,-0.048354,0.010822,7.246328,MOVE_JOINT
1.985000,0.453049,-0.135574,-0.144332,-0.006189,-0.047420,0.009891,7.241382,MOVE_JOINT
1.986000,0.453043,-0.135620,-0.144321,-0.005741,-0.047296,0.010163,7.235752,MOVE_JOINT
1.987000,0.453037,-0.135669,-0.144311,-0.005641,-0.047215,0.010358,7.229556,MOVE_JOINT
1.988000,0.453026,-0.135717,-0.144303,-0.007496,-0.047584,0.009442,7.222904,MOVE_JOINT
1.989000,0.453025,-0.135764,-0.144291,-0.005594,-0.047210,0.010297,7.215893,MOVE_JOINT
1.990000,0.453014,-0.135813,-0.144284,-0.006716,-0.047178,0.009295,7.208607,MOVE_JOINT
1.991000,0.453006,-0.135862,-0.144275,-0.006444,-0.047313,0.009438,7.201098,MOVE_JOINT
1.992000,0.452998,-0.135909,-0.144265,-0.006832,-0.046674,0.009296,7.193371,MOVE_JOINT
1.993000,0.452989,-0.135959,-0.144256,-0.006883,-0.048117,0.009457,7.185388,MOVE_JOINT
1.994000,0.452982,-0.136006,-0.144247,-0.006809,-0.047356,0.009597,7.177103,MOVE_JOINT
1.995000,0.452977,-0.136058,-0.144236,-0.005739,-0.048512,0.010232,7.168502,MOVE_JOINT
1.996000,0.452966,-0.136107,-0.144229,-0.007484,-0.048952,0.009033,7.159604,MOVE_JOINT
1.997000,0.452958,-0.136160,-0.144219,-0.007790,-0.049720,0.009365,7.150431,MOVE_JOINT
1.998000,0.452948,-0.136212,-0.144210,-0.008116,-0.050411,0.009175,7.140960,MOVE_JOINT
1.999000,0.452939,-0.136258,-0.144202,-0.008632,-0.049086,0.008941,7.131123,MOVE_JOINT
2.000000,0.452934,-0.136306,-0.144192,-0.007494,-0.048725,0.009440,7.120850,MOVE_JOINT
2.001000,0.452929,-0.136354,-0.144181,-0.007476,-0.048680,0.009579,7.110112,MOVE_JOINT
2.002000,0.452922,-0.136402,-0.144173,-0.006483,-0.048226,0.009709,7.098959,MOVE_JOINT
2.003000,0.452911,-0.136450,-0.144165,-0.007638,-0.048544,0.009165,7.087508,MOVE_JOINT
2.004000,0.452904,-0.136498,-0.144156,-0.007215,-0.048622,0.009211,7.075897,MOVE_JOINT
2.005000,0.452896,-0.136551,-0.144146,-0.006740,-0.049693,0.009635,7.064237,MOVE_JOINT
2.006000,0.452886,-0.136597,-0.144138,-0.007699,-0.048817,0.008934,7.052597,MOVE_JOINT
2.007000,0.452881,-0.136647,-0.144127,-0.007052,-0.048467,0.009293,7.041018,MOVE_JOINT
2.008000,0.452871,-0.136698,-0.144119,-0.007696,-0.049326,0.008966,7.029522,MOVE_JOINT
2.009000,0.452865,-0.136749,-0.144108,-0.007589,-0.050006,0.009506,7.018129,MOVE_JOINT
2.010000,0.452856,-0.136797,-0.144101,-0.008009,-0.049061,0.008749,7.006865,MOVE_JOINT
2.011000,0.452846,-0.136848,-0.144092,-0.008494,-0.050238,0.008834,6.995755,MOVE_JOINT
2.012000,0.452840,-0.136900,-0.144081,-0.007490,-0.050416,0.009455,6.984809,MOVE_JOINT
2.013000,0.452834,-0.136951,-0.144071,-0.006978,-0.050652,0.009596,6.974031,MOVE_JOINT
2.014000,0.452826,-0.137001,-0.144062,-0.007612,-0.050506,0.009369,6.963452,MOVE_JOINT
2.015000,0.452815,-0.137051,-0.144055,-0.008984,-0.050157,0.008386,6.953124,MOVE_JOINT
2.016000,0.452808,-0.137100,-0.144046,-0.008309,-0.049519,0.008592,6.943091,MOVE_JOINT
2.017000,0.452798,-0.137143,-0.144038,-0.008714,-0.047735,0.008355,6.933353,MOVE_JOINT
2.018000,0.452794,-0.137191,-0.144028,-0.007840,-0.048562,0.009136,6.923898,MOVE_JOINT
2.019000,0.452784,-0.137242,-0.144018,-0.008458,-0.049352,0.009210,6.914764,MOVE_JOINT
2.020000,0.452782,-0.137288,-0.144006,-0.006393,-0.048751,0.010200,6.906081,MOVE_JOINT
2.021000,0.452773,-0.137338,-0.143998,-0.006744,-0.048453,0.009823,6.898090,MOVE_JOINT
2.022000,0.452760,-0.137386,-0.143993,-0.008561,-0.048437,0.008342,6.891083,MOVE_JOINT
2.023000,0.452759,-0.137435,-0.143979,-0.006683,-0.048541,0.009894,6.885296,MOVE_JOINT
2.024000,0.452752,-0.137484,-0.143970,-0.007485,-0.048370,0.009123,6.880845,MOVE_JOINT
2.025000,0.452744,-0.137530,-0.143962,-0.007048,-0.047041,0.008739,6.877751,MOVE_JOINT
2.026000,0.452733,-0.137584,-0.143952,-0.007942,-0.049215,0.009159,6.875962,MOVE_JOINT
2.027000,0.452725,-0.137635,-0.143944,-0.008220,-0.049692,0.009017,6.875361,MOVE_JOINT
2.028000,0.452715,-0.137684,-0.143937,-0.009121,-0.049908,0.008249,6.875789,MOVE_JOINT
2.029000,0.452707,-0.137734,-0.143929,-0.009035,-0.049796,0.008057,6.877031,MOVE_JOINT
2.030000,0.452699,-0.137786,-0.143920,-0.009172,-0.049911,0.008021,6.878799,MOVE_JOINT
2.031000,0.452696,-0.137835,-0.143909,-0.007209,-0.050155,0.008953,6.880750,MOVE_JOINT
2.032000,0.452681,-0.137882,-0.143905,-0.008913,-0.049656,0.007813,6.882564,MOVE_JOINT
2.033000,0.452675,-0.137930,-0.143895,-0.007742,-0.048985,0.008398,6.883982,MOVE_JOINT
2.034000,0.452667,-0.137976,-0.143887,-0.007855,-0.048276,0.008277,6.884813,MOVE_JOINT
2.035000,0.452660,-0.138026,-0.143878,-0.007862,-0.048858,0.008309,6.884946,MOVE_JOINT
2.036000,0.452652,-0.138070,-0.143872,-0.008067,-0.047618,0.007745,6.884342,MOVE_JOINT
2.037000,0.452645,-0.138120,-0.143864,-0.008231,-0.048570,0.007655,6.883008,MOVE_JOINT
2.038000,0.452638,-0.138165,-0.143855,-0.007690,-0.047501,0.007889,6.880944,MOVE_JOINT
2.039000,0.452632,-0.138215,-0.143846,-0.006708,-0.048385,0.008422,6.878151,MOVE_JOINT
2.040000,0.452620,-0.138261,-0.143841,-0.008281,-0.047439,0.007484,6.874662,MOVE_JOINT
2.041000,0.452616,-0.138312,-0.143831,-0.006740,-0.048249,0.008561,6.870557,MOVE_JOINT
2.042000,0.452606,-0.138360,-0.143824,-0.007362,-0.048492,0.008226,6.865952,MOVE_JOINT
2.043000,0.452594,-0.138408,-0.143819,-0.008941,-0.048225,0.007197,6.860999,MOVE_JOINT
2.044000,0.452588,-0.138456,-0.143811,-0.007894,-0.048256,0.007658,6.855835,MOVE_JOINT
2.045000,0.452581,-0.138508,-0.143801,-0.007539,-0.048949,0.008093,6.850552,MOVE_JOINT
2.046000,0.452577,-0.138557,-0.143791,-0.006487,-0.049005,0.008801,6.845215,MOVE_JOINT
2.047000,0.452564,-0.138605,-0.143785,-0.007943,-0.048365,0.008022,6.839928,MOVE_JOINT
2.048000,0.452555,-0.138653,-0.143777,-0.008580,-0.048781,0.007972,6.834848,MOVE_JOINT
2.049000,0.452548,-0.138703,-0.143768,-0.008248,-0.048857,0.008254,6.830153,MOVE_JOINT
2.050000,0.452541,-0.138749,-0.143761,-0.008508,-0.048447,0.007870,6.826012,MOVE_JOINT
2.051000,0.452532,-0.138796,-0.143754,-0.008073,-0.047767,0.007702,6.822566,MOVE_JOINT
2.052000,0.452520,-0.138844,-0.143747,-0.008885,-0.047868,0.007679,6.819907,MOVE_JOINT
2.053000,0.452512,-0.138889,-0.143740,-0.009296,-0.046983,0.007205,6.818066,MOVE_JOINT
2.054000,0.452507,-0.138938,-0.143730,-0.007514,-0.047312,0.008291,6.817042,MOVE_JOINT
2.055000,0.452499,-0.138984,-0.143721,-0.007350,-0.046856,0.008556,6.816839,MOVE_JOINT
2.056000,0.452487,-0.139033,-0.143714,-0.008605,-0.047570,0.008113,6.817511,MOVE_JOINT
2.057000,0.452479,-0.139081,-0.143706,-0.008733,-0.047083,0.007884,6.819166,MOVE_JOINT
2.058000,0.452469,-0.139130,-0.143698,-0.009257,-0.047801,0.007611,6.821895,MOVE_JOINT
2.059000,0.452465,-0.139180,-0.143687,-0.007822,-0.048632,0.008632,6.825724,MOVE_JOINT
2.060000,0.452457,-0.139231,-0.143679,-0.007344,-0.048997,0.008748,6.830604,MOVE_JOINT
2.061000,0.452449,-0.139280,-0.143669,-0.007746,-0.049381,0.008896,6.836461,MOVE_JOINT
2.062000,0.452441,-0.139330,-0.143660,-0.007559,-0.049999,0.009079,6.843222,MOVE_JOINT
2.063000,0.452429,-0.139379,-0.143654,-0.008973,-0.049550,0.008108,6.850812,MOVE_JOINT
2.064000,0.452422,-0.139425,-0.143645,-0.008092,-0.048420,0.008491,6.859130,MOVE_JOINT
2.065000,0.452412,-0.139473,-0.143638,-0.007925,-0.048562,0.008391,6.868027,MOVE_JOINT
2.066000,0.452406,-0.139523,-0.143629,-0.008144,-0.048909,0.008272,6.877321,MOVE_JOINT
2.067000,0.452398,-0.139571,-0.143618,-0.006611,-0.048557,0.009555,6.886825,MOVE_JOINT
2.068000,0.452390,-0.139618,-0.143610,-0.007171,-0.048440,0.009047,6.896391,MOVE_JOINT
2.069000,0.452380,-0.139666,-0.143602,-0.007469,-0.048251,0.009044,6.905951,MOVE_JOINT
2.070000,0.452376,-0.139715,-0.143591,-0.006611,-0.048304,0.009542,6.915514,MOVE_JOINT
2.071000,0.452367,-0.139763,-0.143582,-0.006473,-0.047860,0.009455,6.925124,MOVE_JOINT
2.072000,0.452356,-0.139811,-0.143575,-0.008155,-0.047904,0.008842,6.934848,MOVE_JOINT
2.073000,0.452347,-0.139858,-0.143566,-0.007529,-0.047826,0.009222,6.944743,MOVE_JOINT
2.074000,0.452340,-0.139908,-0.143555,-0.007211,-0.048869,0.010003,6.954844,MOVE_JOINT
2.075000,0.452332,-0.139959,-0.143545,-0.006986,-0.049695,0.010342,6.965192,MOVE_JOINT
2.076000,0.452324,-0.140007,-0.143537,-0.007163,-0.049343,0.009604,6.975858,MOVE_JOINT
2.077000,0.452312,-0.140052,-0.143531,-0.008545,-0.048221,0.008443,6.986887,MOVE_JOINT
2.078000,0.452304,-0.140106,-0.143520,-0.007818,-0.049463,0.009307,6.998209,MOVE_JOINT
2.079000,0.452293,-0.140154,-0.143511,-0.008322,-0.049655,0.009453,7.009621,MOVE_JOINT
2.080000,0.452282,-0.140201,-0.143504,-0.008881,-0.049147,0.008859,7.020874,MOVE_JOINT
2.081000,0.452274,-0.140253,-0.143495,-0.008661,-0.049765,0.008889,7.031728,MOVE_JOINT
2.082000,0.452266,-0.140298,-0.143486,-0.008300,-0.048724,0.009064,7.041945,MOVE_JOINT
2.083000,0.452252,-0.140351,-0.143479,-0.009843,-0.049544,0.008261,7.051280,MOVE_JOINT
2.084000,0.452241,-0.140396,-0.143471,-0.011151,-0.048208,0.007923,7.059488,MOVE_JOINT
2.085000,0.452235,-0.140444,-0.143461,-0.009641,-0.048029,0.008752,7.066339,MOVE_JOINT
2.086000,0.452223,-0.140491,-0.143454,-0.010421,-0.048126,0.008243,7.071652,MOVE_JOINT
2.087000,0.452209,-0.140542,-0.143446,-0.011646,-0.049348,0.007848,7.075321,MOVE_JOINT
2.088000,0.452203,-0.140585,-0.143438,-0.009806,-0.047486,0.007942,7.077268,MOVE_JOINT
2.089000,0.452192,-0.140641,-0.143428,-0.009987,-0.050755,0.008673,7.077410,MOVE_JOINT
2.090000,0.452153,-0.140701,-0.143429,-0.019857,-0.053420,0.005267,7.075663,MOVE_JOINT
2.091000,0.452127,-0.140753,-0.143425,-0.022129,-0.053507,0.005016,7.071889,MOVE_JOINT
2.092000,0.452105,-0.140794,-0.143426,-0.022824,-0.049407,0.002506,7.065822,MOVE_JOINT
2.093000,0.452098,-0.140827,-0.143424,-0.017226,-0.043145,0.002565,7.057038,MOVE_JOINT
2.094000,0.452091,-0.140867,-0.143419,-0.013129,-0.041824,0.003558,7.045013,MOVE_JOINT
2.095000,0.452089,-0.140918,-0.143406,-0.009227,-0.044422,0.006779,7.029274,MOVE_JOINT
2.096000,0.452070,-0.140974,-0.143397,-0.012506,-0.049283,0.007601,7.009631,MOVE_JOINT
2.097000,0.452042,-0.141035,-0.143391,-0.017443,-0.053669,0.007397,6.986316,MOVE_JOINT
2.098000,0.452020,-0.141099,-0.143383,-0.020027,-0.057427,0.007223,6.959924,MOVE_JOINT
2.099000,0.451988,-0.141159,-0.143383,-0.023859,-0.058580,0.005175,6.931200,MOVE_JOINT
2.100000,0.451968,-0.141220,-0.143377,-0.022701,-0.058798,0.004957,6.900790,MOVE_JOINT
2.101000,0.451942,-0.141283,-0.143375,-0.023188,-0.059562,0.003990,6.869077,MOVE_JOINT
2.102000,0.451919,-0.141343,-0.143369,-0.022840,-0.060255,0.004961,6.836148,MOVE_JOINT
2.103000,0.451885,-0.141414,-0.143359,-0.025992,-0.062956,0.006457,6.801903,MOVE_JOINT
2.104000,0.451852,-0.141477,-0.143351,-0.027938,-0.063161,0.007130,6.766287,MOVE_JOINT
2.105000,0.451810,-0.141544,-0.143345,-0.032552,-0.064101,0.006594,6.729514,MOVE_JOINT
2.106000,0.451777,-0.141611,-0.143339,-0.033143,-0.064702,0.006432,6.692135,MOVE_JOINT
2.107000,0.451753,-0.141676,-0.143332,-0.030545,-0.064441,0.006461,6.654943,MOVE_JOINT
2.108000,0.451722,-0.141743,-0.143328,-0.030485,-0.064889,0.005336,6.618798,MOVE_JOINT
2.109000,0.451696,-0.141804,-0.143324,-0.029463,-0.063670,0.004818,6.584423,MOVE_JOINT
2.110000,0.451660,-0.141870,-0.143323,-0.030800,-0.064044,0.003730,6.552248,MOVE_JOINT
2.111000,0.451621,-0.141937,-0.143320,-0.033350,-0.065216,0.003728,6.522349,MOVE_JOINT
2.112000,0.451580,-0.142005,-0.143317,-0.036172,-0.066548,0.003535,6.494505,MOVE_JOINT
2.113000,0.451544,-0.142070,-0.143317,-0.036323,-0.065938,0.002616,6.468347,MOVE_JOINT
2.114000,0.451514,-0.142129,-0.143314,-0.034994,-0.063740,0.002316,6.443446,MOVE_JOINT
2.115000,0.451486,-0.142184,-0.143313,-0.032607,-0.060943,0.002013,6.419335,MOVE_JOINT
2.116000,0.451454,-0.142236,-0.143315,-0.031777,-0.057852,0.001119,6.395517,MOVE_JOINT
2.117000,0.451421,-0.142293,-0.143316,-0.032681,-0.057546,0.000111,6.371491,MOVE_JOINT
2.118000,0.451393,-0.142348,-0.143316,-0.031237,-0.057004,0.000214,6.346756,MOVE_JOINT
2.119000,0.451362,-0.142407,-0.143317,-0.031008,-0.057660,0.000022,6.320805,MOVE_JOINT
2.120000,0.451332,-0.142468,-0.143316,-0.030235,-0.059629,0.000494,6.293142,MOVE_JOINT
2.121000,0.451306,-0.142526,-0.143315,-0.028805,-0.059536,0.001328,6.263316,MOVE_JOINT
2.122000,0.451279,-0.142584,-0.143314,-0.028462,-0.059161,0.001134,6.230978,MOVE_JOINT
2.123000,0.451245,-0.142645,-0.143315,-0.029952,-0.060011,0.000627,6.195932,MOVE_JOINT
2.124000,0.451211,-0.142707,-0.143318,-0.031743,-0.060794,-0.000445,6.158108,MOVE_JOINT
2.125000,0.451186,-0.142767,-0.143316,-0.029518,-0.060925,0.000548,6.117499,MOVE_JOINT
2.126000,0.451158,-0.142825,-0.143319,-0.029161,-0.059973,-0.000576,6.074122,MOVE_JOINT
2.127000,0.451138,-0.142884,-0.143316,-0.025632,-0.059135,0.000535,6.028015,MOVE_JOINT
2.128000,0.451112,-0.142940,-0.143316,-0.026212,-0.058093,0.000255,5.979251,MOVE_JOINT
2.129000,0.451087,-0.142999,-0.143315,-0.025718,-0.058525,0.000444,5.927986,MOVE_JOINT
2.130000,0.451063,-0.143060,-0.143311,-0.025706,-0.059333,0.001454,5.874501,MOVE_JOINT
2.131000,0.451034,-0.143125,-0.143310,-0.026521,-0.061102,0.001346,5.819232,MOVE_JOINT
2.132000,0.451005,-0.143185,-0.143310,-0.027011,-0.060982,0.001006,5.762750,MOVE_JOINT
2.133000,0.450979,-0.143247,-0.143309,-0.027444,-0.061546,0.000911,5.705703,MOVE_JOINT
2.134000,0.450953,-0.143304,-0.143310,-0.027830,-0.060517,0.000036,5.648731,MOVE_JOINT
2.135000,0.450922,-0.143364,-0.143314,-0.028330,-0.060088,-0.000966,5.592410,MOVE_JOINT
2.136000,0.450901,-0.143422,-0.143311,-0.026441,-0.059459,0.000298,5.537195,MOVE_JOINT
2.137000,0.450869,-0.143489,-0.143309,-0.027636,-0.061235,0.000651,5.483447,MOVE_JOINT
2.138000,0.450836,-0.143551,-0.143310,-0.029263,-0.061698,0.000313,5.431519,MOVE_JOINT
2.139000,0.450807,-0.143613,-0.143309,-0.029377,-0.061343,0.000567,5.381816,MOVE_JOINT
2.140000,0.450775,-0.143672,-0.143310,-0.029608,-0.060432,0.000335,5.334780,MOVE_JOINT
2.141000,0.450746,-0.143731,-0.143310,-0.029101,-0.059493,0.000176,5.290869,MOVE_JOINT
2.142000,0.450715,-0.143791,-0.143313,-0.029211,-0.060042,-0.000633,5.250506,MOVE_JOINT
2.143000,0.450685,-0.143852,-0.143314,-0.029479,-0.060077,-0.000713,5.213994,MOVE_JOINT
2.144000,0.450656,-0.143913,-0.143313,-0.030026,-0.060336,-0.000743,5.181446,MOVE_JOINT
2.145000,0.450625,-0.143975,-0.143313,-0.030741,-0.060675,-0.000809,5.152786,MOVE_JOINT
2.146000,0.450597,-0.144041,-0.143310,-0.029751,-0.062555,0.000571,5.127829,MOVE_JOINT
2.147000,0.450565,-0.144099,-0.143311,-0.030252,-0.061375,0.000171,5.106361,MOVE_JOINT
2.148000,0.450537,-0.144162,-0.143310,-0.030384,-0.061999,0.000162,5.088206,MOVE_JOINT
2.149000,0.450510,-0.144227,-0.143307,-0.028720,-0.062793,0.001187,5.073222,MOVE_JOINT
2.150000,0.450484,-0.144292,-0.143305,-0.027677,-0.063213,0.001612,5.061287,MOVE_JOINT
2.151000,0.450452,-0.144352,-0.143306,-0.029380,-0.062438,0.000388,5.052284,MOVE_JOINT
2.152000,0.450426,-0.144412,-0.143304,-0.028790,-0.061689,0.000789,5.046063,MOVE_JOINT
2.153000,0.450398,-0.144476,-0.143303,-0.028900,-0.062499,0.000658,5.042401,MOVE_JOINT
2.154000,0.450372,-0.144536,-0.143300,-0.027403,-0.061612,0.001258,5.041013,MOVE_JOINT
2.155000,0.450342,-0.144601,-0.143299,-0.028600,-0.063101,0.001082,5.041583,MOVE_JOINT
2.156000,0.450313,-0.144664,-0.143300,-0.029168,-0.063497,0.000387,5.043778,MOVE_JOINT
2.157000,0.450285,-0.144729,-0.143297,-0.028733,-0.063730,0.001014,5.047228,MOVE_JOINT
2.158000,0.450255,-0.144793,-0.143296,-0.028718,-0.063822,0.001163,5.051519,MOVE_JOINT
2.159000,0.450221,-0.144859,-0.143298,-0.030174,-0.064292,0.000399,5.056242,MOVE_JOINT
2.160000,0.450191,-0.144918,-0.143298,-0.029945,-0.062619,0.000214,5.061028,MOVE_JOINT
2.161000,0.450160,-0.144983,-0.143298,-0.029478,-0.063826,0.000300,5.065540,MOVE_JOINT
2.162000,0.450122,-0.145045,-0.143302,-0.032150,-0.063368,-0.001100,5.069450,MOVE_JOINT
2.163000,0.450091,-0.145114,-0.143302,-0.032123,-0.064182,-0.000747,5.072416,MOVE_JOINT
2.164000,0.450062,-0.145178,-0.143300,-0.030847,-0.064421,0.000287,5.074089,MOVE_JOINT
2.165000,0.450023,-0.145245,-0.143302,-0.032767,-0.064560,-0.000306,5.074187,MOVE_JOINT
2.166000,0.449993,-0.145308,-0.143302,-0.032614,-0.064464,-0.000326,5.072561,MOVE_JOINT
2.167000,0.449958,-0.145371,-0.143304,-0.033153,-0.064233,-0.000745,5.069182,MOVE_JOINT
2.168000,0.449923,-0.145434,-0.143306,-0.033276,-0.063781,-0.000733,5.064088,MOVE_JOINT
2.169000,0.449893,-0.145498,-0.143307,-0.032449,-0.063902,-0.000763,5.057352,MOVE_JOINT
2.170000,0.449861,-0.145563,-0.143307,-0.032544,-0.064154,-0.000657,5.049071,MOVE_JOINT
2.171000,0.449827,-0.145627,-0.143309,-0.032591,-0.064199,-0.000972,5.039349,MOVE_JOINT
2.172000,0.449794,-0.145695,-0.143308,-0.032226,-0.064495,-0.000098,5.028293,MOVE_JOINT
2.173000,0.449759,-0.145762,-0.143308,-0.032645,-0.065251,0.000127,5.016031,MOVE_JOINT
2.174000,0.449726,-0.145829,-0.143309,-0.033235,-0.066052,-0.000196,5.002759,MOVE_JOINT
2.175000,0.449696,-0.145896,-0.143309,-0.032901,-0.066027,-0.000294,4.988724,MOVE_JOINT
2.176000,0.449663,-0.145964,-0.143309,-0.032460,-0.066359,-0.000304,4.974164,MOVE_JOINT
2.177000,0.449634,-0.146029,-0.143307,-0.031113,-0.065896,0.000664,4.959274,MOVE_JOINT
2.178000,0.449605,-0.146093,-0.143305,-0.031519,-0.065853,0.000412,4.944231,MOVE_JOINT
2.179000,0.449575,-0.146154,-0.143306,-0.031736,-0.064663,-0.000151,4.929242,MOVE_JOINT
2.180000,0.449544,-0.146217,-0.143306,-0.031532,-0.064222,-0.000316,4.914526,MOVE_JOINT
2.181000,0.449509,-0.146284,-0.143307,-0.031569,-0.065065,-0.000159,4.900258,MOVE_JOINT
2.182000,0.449482,-0.146350,-0.143303,-0.030438,-0.065460,0.000937,4.886559,MOVE_JOINT
2.183000,0.449445,-0.146415,-0.143306,-0.032355,-0.065277,-0.000404,4.873530,MOVE_JOINT
2.184000,0.449416,-0.146482,-0.143305,-0.031670,-0.066104,0.000060,4.861278,MOVE_JOINT
2.185000,0.449383,-0.146546,-0.143306,-0.032580,-0.065109,-0.000540,4.849872,MOVE_JOINT
2.186000,0.449350,-0.146609,-0.143308,-0.033470,-0.064549,-0.001506,4.839304,MOVE_JOINT
2.187000,0.449323,-0.146672,-0.143305,-0.030612,-0.064215,0.000102,4.829484,MOVE_JOINT
2.188000,0.449287,-0.146740,-0.143307,-0.032850,-0.065607,-0.000865,4.820280,MOVE_JOINT
2.189000,0.449256,-0.146805,-0.143307,-0.031702,-0.065155,-0.000468,4.811567,MOVE_JOINT
2.190000,0.449224,-0.146871,-0.143306,-0.032226,-0.065296,-0.000347,4.803247,MOVE_JOINT
2.191000,0.449192,-0.146937,-0.143307,-0.032410,-0.065284,-0.000680,4.795248,MOVE_JOINT
2.192000,0.449157,-0.147005,-0.143307,-0.032300,-0.066240,-0.000282,4.787523,MOVE_JOINT
2.193000,0.449129,-0.147067,-0.143305,-0.030852,-0.064975,0.000492,4.780044,MOVE_JOINT
2.194000,0.449095,-0.147136,-0.143305,-0.031935,-0.065396,-0.000119,4.772821,MOVE_JOINT
2.195000,0.449066,-0.147201,-0.143303,-0.030937,-0.065324,0.000795,4.765923,MOVE_JOINT
2.196000,0.449031,-0.147265,-0.143305,-0.031507,-0.065240,0.000439,4.759451,MOVE_JOINT
2.197000,0.448999,-0.147328,-0.143305,-0.031402,-0.064600,0.000313,4.753521,MOVE_JOINT
2.198000,0.448972,-0.147396,-0.143302,-0.030210,-0.066299,0.001447,4.748222,MOVE_JOINT
2.199000,0.448940,-0.147463,-0.143301,-0.031265,-0.066043,0.000884,4.743608,MOVE_JOINT
2.200000,0.448905,-0.147531,-0.143301,-0.031893,-0.066849,0.000838,4.739699,MOVE_JOINT
2.201000,0.448874,-0.147603,-0.143300,-0.031838,-0.068610,0.001099,4.736463,MOVE_JOINT
2.202000,0.448843,-0.147670,-0.143298,-0.031966,-0.068428,0.001070,4.733795,MOVE_JOINT
2.203000,0.448809,-0.147735,-0.143300,-0.033731,-0.067683,-0.000065,4.731523,MOVE_JOINT
2.204000,0.448776,-0.147801,-0.143298,-0.033513,-0.067413,0.000417,4.729424,MOVE_JOINT
2.205000,0.448747,-0.147873,-0.143297,-0.033582,-0.068632,0.000039,4.727241,MOVE_JOINT
2.206000,0.448713,-0.147934,-0.143299,-0.033684,-0.066360,-0.000578,4.724706,MOVE_JOINT
2.207000,0.448684,-0.148004,-0.143297,-0.032378,-0.067178,0.000149,4.721533,MOVE_JOINT
2.208000,0.448651,-0.148071,-0.143297,-0.032476,-0.067145,0.000185,4.717446,MOVE_JOINT
2.209000,0.448621,-0.148138,-0.143295,-0.032151,-0.066976,0.000241,4.712233,MOVE_JOINT
2.210000,0.448589,-0.148208,-0.143295,-0.033007,-0.068518,-0.000110,4.705785,MOVE_JOINT
2.211000,0.448561,-0.148274,-0.143292,-0.031774,-0.067974,0.000691,4.698081,MOVE_JOINT
2.212000,0.448526,-0.148343,-0.143293,-0.032500,-0.067894,0.000147,4.689171,MOVE_JOINT
2.213000,0.448498,-0.148412,-0.143291,-0.030948,-0.068351,0.000943,4.679187,MOVE_JOINT
2.214000,0.448466,-0.148479,-0.143290,-0.030420,-0.067635,0.001124,4.668339,MOVE_JOINT
2.215000,0.448434,-0.148544,-0.143291,-0.031103,-0.066853,0.000566,4.656904,MOVE_JOINT
2.216000,0.448406,-0.148612,-0.143287,-0.029795,-0.066660,0.001595,4.645212,MOVE_JOINT
2.217000,0.448376,-0.148682,-0.143284,-0.028880,-0.067047,0.002247,4.633634,MOVE_JOINT
2.218000,0.448345,-0.148746,-0.143282,-0.029445,-0.066061,0.002010,4.622601,MOVE_JOINT
2.219000,0.448311,-0.148811,-0.143284,-0.030448,-0.065843,0.001406,4.612593,MOVE_JOINT
2.220000,0.448283,-0.148876,-0.143280,-0.030155,-0.065416,0.001892,4.604068,MOVE_JOINT
2.221000,0.448253,-0.148944,-0.143278,-0.030849,-0.066445,0.001800,4.597404,MOVE_JOINT
2.222000,0.448225,-0.149008,-0.143276,-0.029897,-0.065529,0.002016,4.592874,MOVE_JOINT
2.223000,0.448195,-0.149076,-0.143273,-0.031154,-0.066505,0.001722,4.590637,MOVE_JOINT
2.224000,0.448165,-0.149145,-0.143271,-0.029851,-0.066997,0.002159,4.590727,MOVE_JOINT
2.225000,0.448135,-0.149214,-0.143269,-0.029908,-0.067749,0.002234,4.593050,MOVE_JOINT
2.226000,0.448109,-0.149285,-0.143263,-0.028865,-0.068538,0.003363,4.597414,MOVE_JOINT
2.227000,0.448077,-0.149353,-0.143263,-0.028925,-0.067827,0.002370,4.603580,MOVE_JOINT
2.228000,0.448044,-0.149416,-0.143262,-0.030545,-0.066302,0.001689,4.611279,MOVE_JOINT
2.229000,0.448017,-0.149483,-0.143259,-0.029919,-0.066481,0.002102,4.620197,MOVE_JOINT
2.230000,0.447987,-0.149550,-0.143257,-0.030012,-0.066818,0.002082,4.629978,MOVE_JOINT
2.231000,0.447962,-0.149616,-0.143253,-0.028547,-0.066464,0.002722,4.640286,MOVE_JOINT
2.232000,0.447934,-0.149685,-0.143248,-0.028444,-0.067195,0.003043,4.650847,MOVE_JOINT
2.233000,0.447902,-0.149752,-0.143247,-0.029284,-0.066853,0.002420,4.661467,MOVE_JOINT
2.234000,0.447868,-0.149823,-0.143246,-0.030973,-0.068409,0.002206,4.671998,MOVE_JOINT
2.235000,0.447840,-0.149894,-0.143242,-0.030020,-0.069150,0.002724,4.682283,MOVE_JOINT
2.236000,0.447810,-0.149964,-0.143240,-0.030653,-0.069697,0.002151,4.692134,MOVE_JOINT
2.237000,0.447777,-0.150036,-0.143237,-0.031265,-0.069112,0.002231,4.701337,MOVE_JOINT
2.238000,0.447747,-0.150102,-0.143236,-0.030911,-0.068028,0.001687,4.709663,MOVE_JOINT
2.239000,0.447717,-0.150172,-0.143234,-0.030121,-0.068257,0.002058,4.716894,MOVE_JOINT
2.240000,0.447688,-0.150235,-0.143231,-0.030406,-0.066502,0.001804,4.722829,MOVE_JOINT
2.241000,0.447659,-0.150303,-0.143229,-0.030942,-0.066960,0.001268,4.727305,MOVE_JOINT
2.242000,0.447636,-0.150368,-0.143225,-0.028622,-0.066484,0.001869,4.730194,MOVE_JOINT
2.243000,0.447608,-0.150432,-0.143223,-0.028396,-0.065473,0.001914,4.731392,MOVE_JOINT
2.244000,0.447582,-0.150498,-0.143218,-0.027366,-0.065774,0.002890,4.730841,MOVE_JOINT
2.245000,0.447555,-0.150568,-0.143214,-0.027611,-0.067437,0.003193,4.728604,MOVE_JOINT
2.246000,0.447525,-0.150635,-0.143213,-0.028803,-0.067628,0.002470,4.724885,MOVE_JOINT
2.247000,0.447501,-0.150700,-0.143209,-0.027801,-0.066259,0.002823,4.719971,MOVE_JOINT
2.248000,0.447470,-0.150771,-0.143208,-0.029217,-0.067558,0.001862,4.714137,MOVE_JOINT
2.249000,0.447438,-0.150841,-0.143207,-0.029559,-0.068087,0.001471,4.707573,MOVE_JOINT
2.250000,0.447412,-0.150906,-0.143203,-0.029414,-0.067414,0.001719,4.700324,MOVE_JOINT
2.251000,0.447387,-0.150976,-0.143198,-0.026669,-0.068428,0.003633,4.692319,MOVE_JOINT
2.252000,0.447354,-0.151039,-0.143198,-0.028452,-0.066598,0.002361,4.683503,MOVE_JOINT
2.253000,0.447327,-0.151106,-0.143195,-0.027907,-0.066502,0.002572,4.673922,MOVE_JOINT
2.254000,0.447301,-0.151174,-0.143190,-0.027221,-0.066995,0.003442,4.663720,MOVE_JOINT
2.255000,0.447272,-0.151241,-0.143188,-0.028016,-0.066684,0.002791,4.653099,MOVE_JOINT
2.256000,0.447240,-0.151308,-0.143186,-0.029723,-0.067220,0.002440,4.642298,MOVE_JOINT
2.257000,0.447214,-0.151377,-0.143181,-0.028715,-0.067502,0.002987,4.631545,MOVE_JOINT
2.258000,0.447179,-0.151446,-0.143182,-0.030866,-0.068069,0.002164,4.621022,MOVE_JOINT
2.259000,0.447152,-0.151513,-0.143178,-0.029998,-0.067936,0.002481,4.610857,MOVE_JOINT
2.260000,0.447120,-0.151584,-0.143175,-0.030429,-0.069014,0.002558,4.601115,MOVE_JOINT
2.261000,0.447090,-0.151652,-0.143173,-0.029723,-0.068073,0.002658,4.591808,MOVE_JOINT
2.262000,0.447060,-0.151722,-0.143170,-0.030264,-0.068871,0.002664,4.582920,MOVE_JOINT
2.263000,0.447029,-0.151788,-0.143168,-0.030729,-0.067560,0.002098,4.574433,MOVE_JOINT
2.264000,0.447000,-0.151856,-0.143165,-0.030875,-0.067607,0.001828,4.566313,MOVE_JOINT
2.265000,0.446971,-0.151919,-0.143165,-0.030631,-0.066007,0.001351,4.558490,MOVE_JOINT
2.266000,0.446943,-0.151985,-0.143160,-0.029548,-0.065999,0.002319,4.550839,MOVE_JOINT
2.267000,0.446920,-0.152051,-0.143154,-0.027745,-0.066554,0.003523,4.543232,MOVE_JOINT
2.268000,0.446889,-0.152115,-0.143154,-0.028330,-0.066087,0.002940,4.535639,MOVE_JOINT
2.269000,0.446859,-0.152182,-0.143151,-0.029764,-0.066211,0.001997,4.528154,MOVE_JOINT
2.270000,0.446832,-0.152248,-0.143148,-0.029115,-0.065993,0.002306,4.520915,MOVE_JOINT
2.271000,0.446807,-0.152314,-0.143145,-0.028009,-0.065581,0.002641,4.514019,MOVE_JOINT
2.272000,0.446777,-0.152377,-0.143144,-0.029426,-0.065707,0.002082,4.507524,MOVE_JOINT
2.273000,0.446753,-0.152440,-0.143139,-0.028203,-0.064830,0.002581,4.501477,MOVE_JOINT
2.274000,0.446727,-0.152506,-0.143137,-0.028701,-0.065407,0.002017,4.495914,MOVE_JOINT
2.275000,0.446703,-0.152574,-0.143132,-0.027317,-0.066604,0.002955,4.490852,MOVE_JOINT
2.276000,0.446674,-0.152638,-0.143129,-0.027554,-0.065467,0.003252,4.486296,MOVE_JOINT
2.277000,0.446649,-0.152703,-0.143125,-0.026730,-0.065862,0.003601,4.482280,MOVE_JOINT
2.278000,0.446622,-0.152766,-0.143122,-0.026447,-0.064908,0.003401,4.478922,MOVE_JOINT
2.279000,0.446592,-0.152831,-0.143121,-0.027549,-0.064538,0.002561,4.476390,MOVE_JOINT
2.280000,0.446564,-0.152896,-0.143119,-0.027597,-0.064915,0.002566,4.474823,MOVE_JOINT
2.281000,0.446539,-0.152965,-0.143113,-0.026306,-0.065125,0.003383,4.474266,MOVE_JOINT
2.282000,0.446517,-0.153027,-0.143109,-0.025981,-0.064471,0.003258,4.474697,MOVE_JOINT
2.283000,0.446492,-0.153091,-0.143105,-0.025522,-0.063762,0.003283,4.476072,MOVE_JOINT
2.284000,0.446463,-0.153160,-0.143103,-0.026522,-0.065104,0.003164,4.478350,MOVE_JOINT
2.285000,0.446433,-0.153224,-0.143099,-0.027221,-0.065133,0.003369,4.481482,MOVE_JOINT
2.286000,0.446408,-0.153289,-0.143095,-0.026133,-0.065372,0.003839,4.485425,MOVE_JOINT
2.287000,0.446381,-0.153353,-0.143091,-0.026671,-0.064536,0.003388,4.490159,MOVE_JOINT
2.288000,0.446353,-0.153421,-0.143088,-0.026221,-0.065526,0.003746,4.495687,MOVE_JOINT
2.289000,0.446323,-0.153491,-0.143084,-0.028221,-0.066776,0.003429,4.501999,MOVE_JOINT
2.290000,0.446295,-0.153555,-0.143081,-0.027876,-0.065848,0.003303,4.509059,MOVE_JOINT
2.291000,0.446271,-0.153622,-0.143076,-0.026804,-0.065776,0.003703,4.516805,MOVE_JOINT
2.292000,0.446241,-0.153689,-0.143074,-0.028607,-0.066134,0.003005,4.525150,MOVE_JOINT
2.293000,0.446216,-0.153751,-0.143070,-0.027937,-0.064796,0.003098,4.533982,MOVE_JOINT
2.294000,0.446185,-0.153817,-0.143068,-0.028770,-0.064943,0.002573,4.543154,MOVE_JOINT
2.295000,0.446158,-0.153884,-0.143064,-0.028801,-0.065974,0.002856,4.552489,MOVE_JOINT
2.296000,0.446134,-0.153948,-0.143059,-0.028263,-0.065015,0.002970,4.561785,MOVE_JOINT
2.297000,0.446110,-0.154016,-0.143054,-0.027258,-0.065661,0.003664,4.570852,MOVE_JOINT
2.298000,0.446079,-0.154079,-0.143053,-0.028674,-0.065137,0.002710,4.579556,MOVE_JOINT
2.299000,0.446055,-0.154151,-0.143046,-0.027198,-0.067042,0.003811,4.587825,MOVE_JOINT
2.300000,0.446028,-0.154217,-0.143042,-0.026934,-0.066523,0.004096,4.595623,MOVE_JOINT
2.301000,0.446001,-0.154288,-0.143038,-0.027413,-0.067737,0.003964,4.602958,MOVE_JOINT
2.302000,0.445973,-0.154354,-0.143035,-0.027085,-0.066947,0.003686,4.609873,MOVE_JOINT
2.303000,0.445952,-0.154419,-0.143028,-0.025544,-0.066638,0.004763,4.616418,MOVE_JOINT
2.304000,0.445921,-0.154484,-0.143026,-0.027127,-0.065917,0.003707,4.622634,MOVE_JOINT
2.305000,0.445895,-0.154549,-0.143024,-0.026537,-0.065422,0.003325,4.628560,MOVE_JOINT
2.306000,0.445874,-0.154612,-0.143017,-0.025328,-0.065116,0.004108,4.634187,MOVE_JOINT
2.307000,0.445847,-0.154674,-0.143016,-0.026052,-0.064183,0.003320,4.639431,MOVE_JOINT
2.308000,0.445827,-0.154734,-0.143009,-0.023788,-0.063637,0.004656,4.644172,MOVE_JOINT
2.309000,0.445801,-0.154798,-0.143006,-0.024573,-0.063403,0.004111,4.648323,MOVE_JOINT
2.310000,0.445773,-0.154862,-0.143003,-0.025727,-0.063610,0.003766,4.651869,MOVE_JOINT
2.311000,0.445750,-0.154926,-0.142998,-0.025250,-0.063524,0.003873,4.654848,MOVE_JOINT
2.312000,0.445727,-0.154993,-0.142993,-0.024285,-0.064318,0.004446,4.657298,MOVE_JOINT
2.313000,0.445699,-0.155058,-0.142990,-0.025555,-0.064556,0.003852,4.659242,MOVE_JOINT
2.314000,0.445682,-0.155124,-0.142980,-0.022793,-0.065614,0.006033,4.660702,MOVE_JOINT
2.315000,0.445652,-0.155188,-0.142979,-0.024724,-0.064600,0.004689,4.661738,MOVE_JOINT
2.316000,0.445630,-0.155252,-0.142973,-0.024557,-0.064482,0.004819,4.662466,MOVE_JOINT
2.317000,0.445608,-0.155319,-0.142966,-0.023619,-0.064846,0.005569,4.663027,MOVE_JOINT
2.318000,0.445581,-0.155380,-0.142963,-0.024015,-0.063494,0.005092,4.663548,MOVE_JOINT
2.319000,0.445559,-0.155442,-0.142958,-0.023074,-0.063775,0.005636,4.664145,MOVE_JOINT
2.320000,0.445532,-0.155504,-0.142954,-0.023969,-0.062907,0.005202,4.664928,MOVE_JOINT
2.321000,0.445511,-0.155563,-0.142949,-0.023574,-0.061860,0.004840,4.665982,MOVE_JOINT
2.322000,0.445491,-0.155632,-0.142941,-0.022467,-0.064429,0.006201,4.667354,MOVE_JOINT
2.323000,0.445465,-0.155696,-0.142938,-0.023377,-0.063972,0.005128,4.669042,MOVE_JOINT
2.324000,0.445437,-0.155756,-0.142934,-0.024013,-0.063157,0.005235,4.670990,MOVE_JOINT
2.325000,0.445413,-0.155821,-0.142929,-0.024249,-0.063565,0.005230,4.673086,MOVE_JOINT
2.326000,0.445389,-0.155884,-0.142924,-0.024492,-0.063777,0.004915,4.675166,MOVE_JOINT
2.327000,0.445359,-0.155947,-0.142921,-0.026503,-0.063627,0.004279,4.677029,MOVE_JOINT
2.328000,0.445335,-0.156012,-0.142917,-0.026347,-0.063715,0.004007,4.678427,MOVE_JOINT
2.329000,0.445315,-0.156070,-0.142912,-0.025002,-0.062166,0.004111,4.679073,MOVE_JOINT
2.330000,0.445291,-0.156131,-0.142909,-0.024709,-0.061823,0.003764,4.678654,MOVE_JOINT
2.331000,0.445269,-0.156194,-0.142903,-0.024110,-0.061737,0.003947,4.676850,MOVE_JOINT
2.332000,0.445240,-0.156252,-0.142902,-0.024945,-0.060648,0.003314,4.673355,MOVE_JOINT
2.333000,0.445219,-0.156318,-0.142895,-0.022926,-0.061784,0.004561,4.667901,MOVE_JOINT
2.334000,0.445192,-0.156378,-0.142892,-0.023927,-0.062022,0.004194,4.660309,MOVE_JOINT
2.335000,0.445166,-0.156437,-0.142889,-0.024421,-0.061249,0.003813,4.650508,MOVE_JOINT
2.336000,0.445141,-0.156500,-0.142885,-0.024849,-0.061658,0.004089,4.638530,MOVE_JOINT
2.337000,0.445118,-0.156561,-0.142881,-0.024346,-0.061928,0.004405,4.624490,MOVE_JOINT
2.338000,0.445094,-0.156623,-0.142875,-0.024257,-0.062284,0.004691,4.608592,MOVE_JOINT
2.339000,0.445069,-0.156683,-0.142873,-0.024783,-0.061768,0.004021,4.591132,MOVE_JOINT
2.340000,0.445049,-0.156744,-0.142866,-0.023241,-0.062233,0.005225,4.572456,MOVE_JOINT
2.341000,0.445024,-0.156808,-0.142861,-0.023381,-0.062545,0.005065,4.552934,MOVE_JOINT
2.342000,0.444997,-0.156868,-0.142857,-0.023730,-0.062001,0.005110,4.532959,MOVE_JOINT
2.343000,0.444973,-0.156931,-0.142853,-0.023813,-0.062161,0.005106,4.512935,MOVE_JOINT
2.344000,0.444949,-0.156993,-0.142847,-0.023261,-0.062486,0.005695,4.493257,MOVE_JOINT
2.345000,0.444924,-0.157055,-0.142841,-0.023977,-0.062314,0.005600,4.474312,MOVE_JOINT
2.346000,0.444902,-0.157117,-0.142836,-0.023078,-0.062435,0.005929,4.456476,MOVE_JOINT
2.347000,0.444883,-0.157174,-0.142830,-0.022362,-0.060299,0.005330,4.440104,MOVE_JOINT
2.348000,0.444855,-0.157238,-0.142826,-0.023551,-0.061183,0.005064,4.425482,MOVE_JOINT
2.349000,0.444830,-0.157297,-0.142821,-0.023488,-0.060199,0.005185,4.412772,MOVE_JOINT
2.350000,0.444812,-0.157358,-0.142814,-0.022339,-0.060742,0.005662,4.402022,MOVE_JOINT
2.351000,0.444789,-0.157416,-0.142808,-0.022394,-0.059851,0.005293,4.393210,MOVE_JOINT
2.352000,0.444760,-0.157475,-0.142806,-0.024462,-0.059280,0.004204,4.386261,MOVE_JOINT
2.353000,0.444740,-0.157536,-0.142799,-0.023274,-0.059350,0.005149,4.381038,MOVE_JOINT
2.354000,0.444717,-0.157596,-0.142795,-0.023528,-0.059634,0.004556,4.377347,MOVE_JOINT
2.355000,0.444697,-0.157656,-0.142789,-0.022694,-0.059974,0.004995,4.374971,MOVE_JOINT
2.356000,0.444675,-0.157715,-0.142783,-0.023034,-0.059591,0.004912,4.373685,MOVE_JOINT
2.357000,0.444650,-0.157780,-0.142778,-0.023405,-0.061310,0.004949,4.373266,MOVE_JOINT
2.358000,0.444628,-0.157840,-0.142772,-0.022755,-0.061097,0.005278,4.373511,MOVE_JOINT
2.359000,0.444611,-0.157902,-0.142763,-0.021166,-0.061105,0.006478,4.374252,MOVE_JOINT
2.360000,0.444588,-0.157958,-0.142758,-0.022254,-0.059764,0.005805,4.375404,MOVE_JOINT
2.361000,0.444567,-0.158017,-0.142753,-0.022219,-0.059427,0.005289,4.376989,MOVE_JOINT
2.362000,0.444548,-0.158073,-0.142745,-0.021152,-0.058812,0.006103,4.379080,MOVE_JOINT
2.363000,0.444529,-0.158130,-0.142738,-0.020534,-0.058121,0.006173,4.381746,MOVE_JOINT
2.364000,0.444509,-0.158188,-0.142732,-0.020447,-0.058255,0.006044,4.385053,MOVE_JOINT
2.365000,0.444486,-0.158245,-0.142727,-0.021733,-0.058118,0.005760,4.389062,MOVE_JOINT
2.366000,0.444466,-0.158300,-0.142721,-0.021490,-0.057201,0.005475,4.393794,MOVE_JOINT
2.367000,0.444448,-0.158359,-0.142714,-0.020142,-0.057476,0.006083,4.399221,MOVE_JOINT
2.368000,0.444430,-0.158421,-0.142704,-0.019502,-0.059279,0.007084,4.405276,MOVE_JOINT
2.369000,0.444410,-0.158480,-0.142698,-0.019481,-0.058991,0.006822,4.411893,MOVE_JOINT
2.370000,0.444386,-0.158540,-0.142694,-0.020432,-0.059407,0.006541,4.419019,MOVE_JOINT
2.371000,0.444365,-0.158602,-0.142687,-0.020242,-0.060036,0.006883,4.426598,MOVE_JOINT
2.372000,0.444341,-0.158657,-0.142684,-0.021170,-0.058061,0.005568,4.434536,MOVE_JOINT
2.373000,0.444316,-0.158719,-0.142677,-0.022127,-0.059051,0.005947,4.442679,MOVE_JOINT
2.374000,0.444295,-0.158778,-0.142672,-0.021990,-0.059343,0.005832,4.450813,MOVE_JOINT
2.375000,0.444278,-0.158836,-0.142663,-0.020508,-0.058833,0.006713,4.458701,MOVE_JOINT
2.376000,0.444259,-0.158894,-0.142656,-0.020695,-0.058588,0.006659,4.466152,MOVE_JOINT
2.377000,0.444238,-0.158953,-0.142648,-0.020045,-0.058591,0.007170,4.473079,MOVE_JOINT
2.378000,0.444216,-0.159007,-0.142644,-0.020755,-0.057393,0.006421,4.479499,MOVE_JOINT
2.379000,0.444196,-0.159065,-0.142635,-0.020256,-0.057414,0.007280,4.485510,MOVE_JOINT
2.380000,0.444173,-0.159126,-0.142630,-0.021105,-0.058485,0.006448,4.491247,MOVE_JOINT
2.381000,0.444154,-0.159181,-0.142623,-0.020167,-0.057640,0.007149,4.496853,MOVE_JOINT
2.382000,0.444127,-0.159241,-0.142619,-0.022308,-0.058740,0.006203,4.502432,MOVE_JOINT
2.383000,0.444106,-0.159302,-0.142612,-0.021743,-0.059269,0.006804,4.508032,MOVE_JOINT
2.384000,0.444084,-0.159359,-0.142604,-0.021787,-0.058620,0.006918,4.513650,MOVE_JOINT
2.385000,0.444059,-0.159420,-0.142599,-0.022917,-0.059019,0.006395,4.519267,MOVE_JOINT
2.386000,0.444040,-0.159476,-0.142592,-0.022583,-0.058004,0.006148,4.524863,MOVE_JOINT
2.387000,0.444015,-0.159537,-0.142587,-0.023014,-0.058743,0.005814,4.530388,MOVE_JOINT
2.388000,0.443998,-0.159595,-0.142579,-0.021671,-0.058455,0.006533,4.535732,MOVE_JOINT
2.389000,0.443974,-0.159655,-0.142571,-0.021603,-0.058730,0.006982,4.540747,MOVE_JOINT
2.390000,0.443955,-0.159711,-0.142565,-0.020873,-0.058388,0.006712,4.545320,MOVE_JOINT
2.391000,0.443932,-0.159768,-0.142561,-0.021305,-0.058131,0.006460,4.549394,MOVE_JOINT
2.392000,0.443909,-0.159823,-0.142556,-0.021534,-0.057451,0.006523,4.552933,MOVE_JOINT
2.393000,0.443889,-0.159877,-0.142549,-0.021190,-0.057008,0.006457,4.555896,MOVE_JOINT
2.394000,0.443868,-0.159937,-0.142542,-0.021502,-0.058015,0.006551,4.558249,MOVE_JOINT
2.395000,0.443848,-0.160000,-0.142533,-0.021177,-0.058705,0.007064,4.559979,MOVE_JOINT
2.396000,0.443830,-0.160053,-0.142527,-0.020681,-0.057655,0.006482,4.561091,MOVE_JOINT
2.397000,0.443810,-0.160114,-0.142518,-0.020829,-0.058383,0.007084,4.561597,MOVE_JOINT
2.398000,0.443786,-0.160176,-0.142512,-0.021077,-0.058953,0.007103,4.561514,MOVE_JOINT
2.399000,0.443768,-0.160235,-0.142503,-0.020443,-0.059123,0.007646,4.560885,MOVE_JOINT
2.400000,0.443747,-0.160297,-0.142495,-0.020243,-0.060402,0.008008,4.559811,MOVE_JOINT
2.401000,0.443726,-0.160351,-0.142490,-0.020004,-0.058532,0.007547,4.558441,MOVE_JOINT
2.402000,0.443707,-0.160408,-0.142482,-0.020276,-0.058338,0.007531,4.556940,MOVE_JOINT
2.403000,0.443690,-0.160468,-0.142473,-0.018141,-0.058792,0.008527,4.555459,MOVE_JOINT
2.404000,0.443669,-0.160524,-0.142466,-0.019686,-0.057824,0.007718,4.554140,MOVE_JOINT
2.405000,0.443647,-0.160580,-0.142460,-0.020336,-0.057428,0.007443,4.553120,MOVE_JOINT
2.406000,0.443626,-0.160642,-0.142451,-0.021187,-0.058726,0.007288,4.552507,MOVE_JOINT
2.407000,0.443609,-0.160699,-0.142443,-0.020476,-0.058691,0.007386,4.552348,MOVE_JOINT
2.408000,0.443588,-0.160757,-0.142436,-0.021494,-0.058583,0.006998,4.552612,MOVE_JOINT
2.409000,0.443568,-0.160816,-0.142428,-0.020753,-0.059185,0.007413,4.553193,MOVE_JOINT
2.410000,0.443549,-0.160874,-0.142419,-0.020395,-0.058569,0.007757,4.553944,MOVE_JOINT
2.411000,0.443525,-0.160934,-0.142413,-0.021865,-0.059003,0.007174,4.554732,MOVE_JOINT
2.412000,0.443506,-0.160994,-0.142404,-0.020982,-0.059237,0.007674,4.555459,MOVE_JOINT
2.413000,0.443487,-0.161054,-0.142394,-0.020415,-0.059238,0.008219,4.556061,MOVE_JOINT
2.414000,0.443466,-0.161111,-0.142387,-0.020404,-0.058753,0.007935,4.556522,MOVE_JOINT
2.415000,0.443448,-0.161174,-0.142376,-0.019761,-0.060030,0.008737,4.556874,MOVE_JOINT
2.416000,0.443424,-0.161233,-0.142371,-0.020938,-0.059614,0.007936,4.557194,MOVE_JOINT
2.417000,0.443408,-0.161294,-0.142359,-0.019118,-0.059733,0.009092,4.557568,MOVE_JOINT
2.418000,0.443386,-0.161349,-0.142353,-0.020130,-0.058689,0.008391,4.558083,MOVE_JOINT
2.419000,0.443364,-0.161410,-0.142345,-0.020690,-0.059672,0.008433,4.558827,MOVE_JOINT
2.420000,0.443345,-0.161467,-0.142336,-0.020207,-0.059212,0.008640,4.559869,MOVE_JOINT
2.421000,0.443320,-0.161526,-0.142329,-0.021837,-0.059048,0.007974,4.561245,MOVE_JOINT
2.422000,0.443301,-0.161586,-0.142319,-0.020838,-0.059547,0.008648,4.562947,MOVE_JOINT
2.423000,0.443278,-0.161644,-0.142313,-0.021153,-0.058692,0.007877,4.564920,MOVE_JOINT
2.424000,0.443258,-0.161702,-0.142306,-0.021403,-0.058665,0.007655,4.567050,MOVE_JOINT
2.425000,0.443240,-0.161763,-0.142294,-0.020201,-0.059516,0.008910,4.569157,MOVE_JOINT
2.426000,0.443219,-0.161821,-0.142288,-0.021668,-0.059032,0.007810,4.571023,MOVE_JOINT
2.427000,0.443201,-0.161883,-0.142278,-0.020956,-0.060327,0.008378,4.572446,MOVE_JOINT
2.428000,0.443177,-0.161942,-0.142272,-0.021609,-0.059819,0.007741,4.573235,MOVE_JOINT
2.429000,0.443162,-0.162001,-0.142260,-0.019406,-0.059401,0.008887,4.573202,MOVE_JOINT
2.430000,0.443142,-0.162058,-0.142252,-0.019161,-0.058601,0.008768,4.572195,MOVE_JOINT
2.431000,0.443118,-0.162114,-0.142248,-0.020092,-0.057847,0.007853,4.570143,MOVE_JOINT
2.432000,0.443103,-0.162170,-0.142237,-0.018734,-0.057604,0.008649,4.567043,MOVE_JOINT
2.433000,0.443087,-0.162228,-0.142227,-0.018120,-0.057173,0.008805,4.562935,MOVE_JOINT
2.434000,0.443067,-0.162287,-0.142217,-0.017896,-0.057227,0.009104,4.557914,MOVE_JOINT
2.435000,0.443046,-0.162344,-0.142209,-0.019104,-0.057070,0.008705,4.552143,MOVE_JOINT
2.436000,0.443023,-0.162402,-0.142202,-0.019861,-0.057246,0.008227,4.545831,MOVE_JOINT
2.437000,0.443005,-0.162464,-0.142191,-0.019862,-0.058998,0.009035,4.539182,MOVE_JOINT
2.438000,0.442982,-0.162520,-0.142184,-0.020397,-0.057661,0.008274,4.532362,MOVE_JOINT
2.439000,0.442961,-0.162580,-0.142176,-0.020618,-0.058388,0.008172,4.525491,MOVE_JOINT
2.440000,0.442940,-0.162639,-0.142168,-0.020056,-0.058571,0.008512,4.518629,MOVE_JOINT
2.441000,0.442919,-0.162696,-0.142160,-0.020972,-0.057928,0.007919,4.511760,MOVE_JOINT
2.442000,0.442901,-0.162758,-0.142149,-0.020048,-0.059234,0.008916,4.504822,MOVE_JOINT
2.443000,0.442879,-0.162813,-0.142142,-0.020515,-0.057779,0.008355,4.497754,MOVE_JOINT
2.444000,0.442861,-0.162872,-0.142131,-0.020758,-0.058209,0.008827,4.490538,MOVE_JOINT
2.445000,0.442836,-0.162933,-0.142125,-0.022248,-0.059002,0.008008,4.483215,MOVE_JOINT
2.446000,0.442815,-0.162989,-0.142118,-0.021931,-0.057889,0.007711,4.475842,MOVE_JOINT
2.447000,0.442796,-0.163048,-0.142108,-0.021679,-0.058624,0.008133,4.468426,MOVE_JOINT
2.448000,0.442774,-0.163106,-0.142099,-0.021884,-0.058880,0.008157,4.460905,MOVE_JOINT
2.449000,0.442749,-0.163164,-0.142092,-0.022902,-0.058619,0.007810,4.453190,MOVE_JOINT
2.450000,0.442730,-0.163225,-0.142082,-0.021119,-0.059919,0.008893,4.445201,MOVE_JOINT
2.451000,0.442705,-0.163284,-0.142075,-0.022380,-0.059494,0.008399,4.436899,MOVE_JOINT
2.452000,0.442681,-0.163342,-0.142069,-0.022860,-0.058984,0.008060,4.428291,MOVE_JOINT
2.453000,0.442658,-0.163402,-0.142061,-0.022645,-0.059811,0.008259,4.419415,MOVE_JOINT
2.454000,0.442635,-0.163461,-0.142053,-0.022935,-0.059842,0.007958,4.410310,MOVE_JOINT
2.455000,0.442617,-0.163521,-0.142041,-0.020731,-0.059711,0.009340,4.401008,MOVE_JOINT
2.456000,0.442592,-0.163581,-0.142035,-0.021623,-0.059708,0.008607,4.391568,MOVE_JOINT
2.457000,0.442569,-0.163640,-0.142027,-0.021335,-0.059196,0.008744,4.382108,MOVE_JOINT
2.458000,0.442548,-0.163694,-0.142020,-0.021452,-0.058382,0.008663,4.372790,MOVE_JOINT
2.459000,0.442527,-0.163753,-0.142011,-0.021380,-0.058342,0.008598,4.363794,MOVE_JOINT
2.460000,0.442508,-0.163811,-0.142002,-0.020891,-0.058188,0.008664,4.355297,MOVE_JOINT
2.461000,0.442490,-0.163866,-0.141994,-0.020485,-0.057152,0.008431,4.347457,MOVE_JOINT
2.462000,0.442470,-0.163925,-0.141984,-0.020327,-0.057859,0.008890,4.340395,MOVE_JOINT
2.463000,0.442453,-0.163981,-0.141975,-0.019273,-0.057021,0.008885,4.334208,MOVE_JOINT
2.464000,0.442436,-0.164041,-0.141965,-0.018934,-0.058315,0.009220,4.328995,MOVE_JOINT
2.465000,0.442417,-0.164101,-0.141956,-0.018786,-0.059009,0.009458,4.324858,MOVE_JOINT
2.466000,0.442398,-0.164159,-0.141947,-0.018145,-0.058877,0.009766,4.321893,MOVE_JOINT
2.467000,0.442386,-0.164217,-0.141934,-0.017034,-0.058858,0.010316,4.320206,MOVE_JOINT
2.468000,0.442366,-0.164276,-0.141926,-0.017808,-0.058891,0.009885,4.319923,MOVE_JOINT
2.469000,0.442346,-0.164333,-0.141918,-0.018404,-0.058358,0.009092,4.321171,MOVE_JOINT
2.470000,0.442324,-0.164390,-0.141912,-0.019270,-0.057980,0.008658,4.324007,MOVE_JOINT
2.471000,0.442309,-0.164448,-0.141901,-0.018199,-0.058107,0.009310,4.328374,MOVE_JOINT
2.472000,0.442288,-0.164504,-0.141894,-0.018424,-0.057808,0.009185,4.334124,MOVE_JOINT
2.473000,0.442271,-0.164560,-0.141885,-0.018163,-0.057011,0.008946,4.341090,MOVE_JOINT
2.474000,0.442257,-0.164619,-0.141873,-0.016408,-0.057622,0.010158,4.349125,MOVE_JOINT
2.475000,0.442239,-0.164670,-0.141865,-0.016851,-0.055512,0.009503,4.358138,MOVE_JOINT
2.476000,0.442220,-0.164725,-0.141856,-0.017403,-0.055180,0.009097,4.368117,MOVE_JOINT
2.477000,0.442200,-0.164781,-0.141850,-0.018809,-0.055179,0.008015,4.379078,MOVE_JOINT
2.478000,0.442182,-0.164833,-0.141840,-0.018616,-0.054142,0.008466,4.390986,MOVE_JOINT
2.479000,0.442166,-0.164889,-0.141830,-0.017427,-0.054562,0.009069,4.403733,MOVE_JOINT
2.480000,0.442146,-0.164945,-0.141824,-0.018336,-0.055348,0.008351,4.417197,MOVE_JOINT
2.481000,0.442126,-0.164996,-0.141817,-0.018911,-0.053779,0.007605,4.431261,MOVE_JOINT
2.482000,0.442106,-0.165052,-0.141810,-0.018961,-0.054315,0.007734,4.445763,MOVE_JOINT
2.483000,0.442084,-0.165107,-0.141802,-0.019161,-0.054229,0.007709,4.460472,MOVE_JOINT
2.484000,0.442065,-0.165162,-0.141794,-0.019911,-0.054338,0.007536,4.475138,MOVE_JOINT
2.485000,0.442047,-0.165217,-0.141787,-0.019869,-0.054344,0.007126,4.489535,MOVE_JOINT
2.486000,0.442029,-0.165273,-0.141778,-0.019298,-0.054920,0.007413,4.503460,MOVE_JOINT
2.487000,0.442007,-0.165325,-0.141773,-0.020576,-0.053878,0.006736,4.516719,MOVE_JOINT
2.488000,0.441988,-0.165375,-0.141766,-0.019521,-0.052990,0.007159,4.529121,MOVE_JOINT
2.489000,0.441968,-0.165429,-0.141758,-0.019825,-0.052940,0.007269,4.540525,MOVE_JOINT
2.490000,0.441948,-0.165479,-0.141753,-0.019678,-0.052440,0.007298,4.550889,MOVE_JOINT
2.491000,0.441929,-0.165533,-0.141744,-0.019561,-0.053299,0.007802,4.560295,MOVE_JOINT
2.492000,0.441908,-0.165585,-0.141738,-0.020236,-0.052865,0.007188,4.568930,MOVE_JOINT
2.493000,0.441883,-0.165644,-0.141731,-0.021799,-0.054646,0.006959,4.577036,MOVE_JOINT
2.494000,0.441862,-0.165696,-0.141725,-0.022021,-0.054603,0.006856,4.584837,MOVE_JOINT
2.495000,0.441845,-0.165749,-0.141715,-0.020292,-0.053770,0.007633,4.592508,MOVE_JOINT
2.496000,0.441820,-0.165805,-0.141710,-0.021203,-0.054522,0.006908,4.600185,MOVE_JOINT
2.497000,0.441800,-0.165861,-0.141702,-0.021305,-0.054602,0.007264,4.607987,MOVE_JOINT
2.498000,0.441780,-0.165917,-0.141693,-0.020875,-0.055680,0.007991,4.616009,MOVE_JOINT
2.499000,0.441757,-0.165971,-0.141687,-0.021838,-0.055251,0.007258,4.624352,MOVE_JOINT
2.500000,0.441734,-0.166025,-0.141680,-0.022461,-0.055012,0.007090,4.633126,MOVE_JOINT
2.501000,0.441714,-0.166083,-0.141671,-0.022470,-0.055697,0.007387,4.642424,MOVE_JOINT
2.502000,0.441691,-0.166135,-0.141665,-0.022093,-0.055235,0.007346,4.652307,MOVE_JOINT
2.503000,0.441667,-0.166184,-0.141661,-0.022676,-0.053034,0.006291,4.662803,MOVE_JOINT
2.504000,0.441654,-0.166240,-0.141648,-0.019755,-0.054313,0.008260,4.673906,MOVE_JOINT
2.505000,0.441634,-0.166291,-0.141641,-0.019866,-0.053598,0.007938,4.685590,MOVE_JOINT
2.506000,0.441612,-0.166348,-0.141634,-0.020372,-0.054946,0.008005,4.697861,MOVE_JOINT
2.507000,0.441594,-0.166398,-0.141627,-0.020197,-0.053715,0.007808,4.710757,MOVE_JOINT
2.508000,0.441570,-0.166451,-0.141622,-0.021267,-0.053622,0.007010,4.724299,MOVE_JOINT
2.509000,0.441551,-0.166506,-0.141613,-0.020687,-0.053759,0.007506,4.738451,MOVE_JOINT
2.510000,0.441536,-0.166556,-0.141604,-0.019077,-0.052819,0.007949,4.753109,MOVE_JOINT
2.511000,0.441515,-0.166607,-0.141598,-0.019788,-0.051862,0.007135,4.768138,MOVE_JOINT
2.512000,0.441494,-0.166661,-0.141591,-0.020656,-0.052730,0.007069,4.783386,MOVE_JOINT
2.513000,0.441473,-0.166715,-0.141583,-0.021050,-0.053355,0.007173,4.798673,MOVE_JOINT
2.514000,0.441454,-0.166766,-0.141576,-0.020728,-0.052651,0.006958,4.813775,MOVE_JOINT
2.515000,0.441431,-0.166818,-0.141571,-0.021808,-0.052839,0.006467,4.828437,MOVE_JOINT
2.516000,0.441406,-0.166874,-0.141566,-0.022198,-0.053817,0.006386,4.842376,MOVE_JOINT
2.517000,0.441384,-0.166927,-0.141559,-0.022467,-0.053338,0.006135,4.855275,MOVE_JOINT
2.518000,0.441365,-0.166977,-0.141552,-0.021417,-0.052369,0.006317,4.866806,MOVE_JOINT
2.519000,0.441341,-0.167027,-0.141547,-0.021861,-0.051775,0.006269,4.876664,MOVE_JOINT
2.520000,0.441320,-0.167079,-0.141541,-0.021321,-0.052005,0.006385,4.884624,MOVE_JOINT
2.521000,0.441294,-0.167127,-0.141538,-0.023201,-0.050993,0.005114,4.890556,MOVE_JOINT
2.522000,0.441269,-0.167180,-0.141534,-0.023993,-0.051621,0.004828,4.894374,MOVE_JOINT
2.523000,0.441248,-0.167231,-0.141527,-0.023273,-0.051775,0.005243,4.895980,MOVE_JOINT
2.524000,0.441225,-0.167281,-0.141523,-0.022546,-0.051121,0.005247,4.895271,MOVE_JOINT
2.525000,0.441197,-0.167333,-0.141520,-0.024702,-0.051033,0.004143,4.892178,MOVE_JOINT
2.526000,0.441179,-0.167385,-0.141512,-0.023305,-0.051210,0.004751,4.886681,MOVE_JOINT
2.527000,0.441159,-0.167436,-0.141506,-0.021858,-0.050876,0.005247,4.878797,MOVE_JOINT
2.528000,0.441130,-0.167490,-0.141504,-0.023765,-0.051917,0.004360,4.868596,MOVE_JOINT
2.529000,0.441110,-0.167545,-0.141495,-0.023399,-0.052537,0.005046,4.856202,MOVE_JOINT
2.530000,0.441083,-0.167596,-0.141492,-0.024380,-0.052739,0.004875,4.841787,MOVE_JOINT
2.531000,0.441059,-0.167647,-0.141488,-0.024832,-0.052176,0.004121,4.825585,MOVE_JOINT
2.532000,0.441037,-0.167698,-0.141483,-0.024420,-0.051850,0.004364,4.807874,MOVE_JOINT
2.533000,0.441019,-0.167750,-0.141475,-0.022614,-0.052022,0.005336,4.788948,MOVE_JOINT
2.534000,0.440993,-0.167797,-0.141472,-0.023985,-0.050794,0.004286,4.769115,MOVE_JOINT
2.535000,0.440972,-0.167848,-0.141467,-0.023422,-0.050979,0.004775,4.748713,MOVE_JOINT
2.536000,0.440952,-0.167898,-0.141460,-0.022450,-0.051200,0.005197,4.728100,MOVE_JOINT
2.537000,0.440928,-0.167946,-0.141457,-0.022569,-0.050480,0.004934,4.707646,MOVE_JOINT
2.538000,0.440907,-0.167995,-0.141451,-0.022124,-0.050149,0.005258,4.687729,MOVE_JOINT
2.539000,0.440880,-0.168050,-0.141448,-0.023384,-0.051834,0.004847,4.668712,MOVE_JOINT
2.540000,0.440859,-0.168100,-0.141442,-0.023357,-0.051275,0.004843,4.650916,MOVE_JOINT
2.541000,0.440833,-0.168153,-0.141440,-0.023947,-0.051880,0.004295,4.634576,MOVE_JOINT
2.542000,0.440812,-0.168202,-0.141434,-0.022791,-0.050739,0.004741,4.619820,MOVE_JOINT
2.543000,0.440789,-0.168255,-0.141428,-0.021949,-0.052034,0.005505,4.606690,MOVE_JOINT
2.544000,0.440762,-0.168305,-0.141427,-0.023108,-0.051723,0.004427,4.595188,MOVE_JOINT
2.545000,0.440739,-0.168355,-0.141422,-0.022780,-0.050558,0.004647,4.585301,MOVE_JOINT
2.546000,0.440719,-0.168407,-0.141415,-0.021302,-0.050797,0.005386,4.576987,MOVE_JOINT
2.547000,0.440694,-0.168458,-0.141411,-0.021722,-0.050585,0.005453,4.570218,MOVE_JOINT
2.548000,0.440671,-0.168508,-0.141407,-0.021472,-0.050488,0.005421,4.565018,MOVE_JOINT
2.549000,0.440652,-0.168556,-0.141400,-0.020344,-0.049532,0.005755,4.561471,MOVE_JOINT
2.550000,0.440632,-0.168609,-0.141393,-0.020120,-0.050042,0.006002,4.559688,MOVE_JOINT
2.551000,0.440610,-0.168654,-0.141389,-0.020600,-0.048436,0.005558,4.559786,MOVE_JOINT
2.552000,0.440582,-0.168701,-0.141387,-0.022485,-0.048517,0.004548,4.561861,MOVE_JOINT
2.553000,0.440562,-0.168751,-0.141381,-0.021936,-0.049313,0.004812,4.565938,MOVE_JOINT
2.554000,0.440542,-0.168799,-0.141377,-0.020957,-0.048985,0.005040,4.571933,MOVE_JOINT
2.555000,0.440518,-0.168849,-0.141372,-0.021978,-0.049627,0.004960,4.579660,MOVE_JOINT
2.556000,0.440499,-0.168896,-0.141366,-0.021353,-0.049269,0.005286,4.588880,MOVE_JOINT
2.557000,0.440471,-0.168946,-0.141366,-0.023190,-0.049447,0.003783,4.599340,MOVE_JOINT
2.558000,0.440451,-0.168995,-0.141360,-0.022573,-0.049197,0.004279,4.610750,MOVE_JOINT
2.559000,0.440428,-0.169043,-0.141356,-0.023421,-0.048685,0.003833,4.622764,MOVE_JOINT
2.560000,0.440405,-0.169092,-0.141352,-0.023272,-0.049188,0.004041,4.635013,MOVE_JOINT
2.561000,0.440386,-0.169137,-0.141348,-0.021867,-0.048244,0.004359,4.647159,MOVE_JOINT
2.562000,0.440366,-0.169188,-0.141342,-0.021842,-0.049117,0.004584,4.658940,MOVE_JOINT
2.563000,0.440344,-0.169235,-0.141340,-0.021908,-0.048356,0.004073,4.670171,MOVE_JOINT
2.564000,0.440322,-0.169283,-0.141336,-0.022058,-0.048669,0.003936,4.680721,MOVE_JOINT
2.565000,0.440297,-0.169330,-0.141334,-0.023249,-0.048185,0.003189,4.690461,MOVE_JOINT
2.566000,0.440277,-0.169377,-0.141331,-0.022231,-0.047637,0.003382,4.699232,MOVE_JOINT
2.567000,0.440256,-0.169424,-0.141327,-0.022257,-0.048024,0.003290,4.706847,MOVE_JOINT
2.568000,0.440235,-0.169473,-0.141322,-0.022556,-0.048308,0.003493,4.713112,MOVE_JOINT
2.569000,0.440215,-0.169520,-0.141318,-0.021784,-0.048043,0.003735,4.717871,MOVE_JOINT
2.570000,0.440195,-0.169564,-0.141315,-0.021843,-0.046955,0.003538,4.721042,MOVE_JOINT
2.571000,0.440171,-0.169613,-0.141313,-0.022485,-0.047060,0.002766,4.722623,MOVE_JOINT
2.572000,0.440150,-0.169659,-0.141308,-0.021699,-0.046878,0.003436,4.722661,MOVE_JOINT
2.573000,0.440125,-0.169706,-0.141308,-0.022467,-0.046286,0.002396,4.721218,MOVE_JOINT
2.574000,0.440106,-0.169753,-0.141303,-0.021082,-0.046640,0.003199,4.718358,MOVE_JOINT
2.575000,0.440082,-0.169799,-0.141301,-0.022424,-0.046474,0.002476,4.714143,MOVE_JOINT
2.576000,0.440061,-0.169847,-0.141297,-0.022210,-0.046900,0.002763,4.708636,MOVE_JOINT
2.577000,0.440036,-0.169896,-0.141295,-0.023376,-0.047460,0.002155,4.701906,MOVE_JOINT
2.578000,0.440012,-0.169945,-0.141293,-0.023121,-0.048153,0.002682,4.694015,MOVE_JOINT
2.579000,0.439993,-0.169991,-0.141288,-0.021719,-0.047281,0.003434,4.685034,MOVE_JOINT
2.580000,0.439965,-0.170039,-0.141287,-0.023968,-0.047488,0.002530,4.675089,MOVE_JOINT
2.581000,0.439943,-0.170085,-0.141284,-0.022324,-0.046956,0.003152,4.664397,MOVE_JOINT
2.582000,0.439923,-0.170132,-0.141279,-0.021897,-0.046885,0.003613,4.653248,MOVE_JOINT
2.583000,0.439896,-0.170181,-0.141278,-0.023058,-0.047693,0.002955,4.641982,MOVE_JOINT
2.584000,0.439876,-0.170231,-0.141272,-0.022033,-0.048855,0.003846,4.630952,MOVE_JOINT
2.585000,0.439850,-0.170277,-0.141271,-0.023276,-0.047774,0.002854,4.620475,MOVE_JOINT
2.586000,0.439827,-0.170327,-0.141268,-0.023244,-0.048607,0.003110,4.610796,MOVE_JOINT
2.587000,0.439806,-0.170375,-0.141262,-0.022421,-0.047813,0.003715,4.602082,MOVE_JOINT
2.588000,0.439784,-0.170420,-0.141260,-0.022405,-0.046795,0.003004,4.594454,MOVE_JOINT
2.589000,0.439757,-0.170466,-0.141258,-0.023707,-0.046278,0.002373,4.587999,MOVE_JOINT
2.590000,0.439734,-0.170514,-0.141253,-0.023964,-0.046909,0.002850,4.582748,MOVE_JOINT
2.591000,0.439711,-0.170562,-0.141251,-0.024144,-0.047165,0.002468,4.578664,MOVE_JOINT
2.592000,0.439689,-0.170610,-0.141246,-0.023624,-0.047648,0.003401,4.575673,MOVE_JOINT
2.593000,0.439668,-0.170653,-0.141243,-0.023256,-0.046197,0.002938,4.573701,MOVE_JOINT
2.594000,0.439643,-0.170703,-0.141239,-0.024104,-0.047057,0.003034,4.572704,MOVE_JOINT
2.595000,0.439621,-0.170749,-0.141235,-0.024176,-0.047260,0.003199,4.572669,MOVE_JOINT
2.596000,0.439594,-0.170794,-0.141234,-0.024846,-0.046753,0.002487,4.573597,MOVE_JOINT
2.597000,0.439570,-0.170837,-0.141234,-0.025151,-0.044893,0.001748,4.575473,MOVE_JOINT
2.598000,0.439541,-0.170887,-0.141233,-0.026056,-0.046611,0.001538,4.578210,MOVE_JOINT
2.599000,0.439522,-0.170937,-0.141227,-0.023771,-0.047433,0.003059,4.581628,MOVE_JOINT
2.600000,0.439498,-0.170983,-0.141225,-0.024975,-0.047207,0.002068,4.585498,MOVE_JOINT
2.601000,0.439474,-0.171033,-0.141221,-0.023805,-0.047736,0.003172,4.589604,MOVE_JOINT
2.602000,0.439451,-0.171082,-0.141218,-0.023490,-0.048613,0.003363,4.593783,MOVE_JOINT
2.603000,0.439426,-0.171129,-0.141216,-0.023513,-0.048275,0.003173,4.597957,MOVE_JOINT
2.604000,0.439401,-0.171175,-0.141214,-0.023803,-0.047873,0.002770,4.602115,MOVE_JOINT
2.605000,0.439375,-0.171221,-0.141212,-0.024219,-0.046777,0.002437,4.606263,MOVE_JOINT
2.606000,0.439347,-0.171270,-0.141210,-0.024999,-0.047731,0.002491,4.610378,MOVE_JOINT
2.607000,0.439333,-0.171313,-0.141205,-0.022059,-0.045998,0.003107,4.614416,MOVE_JOINT
2.608000,0.439305,-0.171357,-0.141204,-0.024087,-0.045733,0.002358,4.618336,MOVE_JOINT
2.609000,0.439285,-0.171403,-0.141200,-0.023647,-0.046039,0.002715,4.622117,MOVE_JOINT
2.610000,0.439255,-0.171450,-0.141201,-0.025954,-0.046400,0.001615,4.625751,MOVE_JOINT
2.611000,0.439234,-0.171497,-0.141196,-0.024404,-0.046600,0.002643,4.629213,MOVE_JOINT
2.612000,0.439209,-0.171538,-0.141196,-0.025189,-0.044759,0.001560,4.632449,MOVE_JOINT
2.613000,0.439184,-0.171587,-0.141194,-0.024477,-0.045592,0.001972,4.635382,MOVE_JOINT
2.614000,0.439160,-0.171633,-0.141191,-0.024462,-0.045700,0.002260,4.637918,MOVE_JOINT
2.615000,0.439136,-0.171681,-0.141189,-0.024591,-0.046336,0.002037,4.639957,MOVE_JOINT
2.616000,0.439112,-0.171730,-0.141186,-0.024073,-0.046729,0.002359,4.641405,MOVE_JOINT
2.617000,0.439086,-0.171780,-0.141183,-0.025272,-0.047257,0.002328,4.642181,MOVE_JOINT
2.618000,0.439064,-0.171828,-0.141179,-0.023980,-0.047304,0.002751,4.642236,MOVE_JOINT
2.619000,0.439042,-0.171877,-0.141176,-0.023147,-0.047376,0.003263,4.641586,MOVE_JOINT
2.620000,0.439025,-0.171926,-0.141170,-0.021512,-0.047534,0.003659,4.640328,MOVE_JOINT
2.621000,0.438997,-0.171972,-0.141170,-0.023838,-0.046962,0.002208,4.638611,MOVE_JOINT
2.622000,0.438973,-0.172017,-0.141168,-0.022868,-0.045943,0.002422,4.636575,MOVE_JOINT
2.623000,0.438956,-0.172065,-0.141162,-0.020958,-0.046806,0.003939,4.634297,MOVE_JOINT
2.624000,0.438931,-0.172111,-0.141161,-0.022441,-0.046215,0.002718,4.631839,MOVE_JOINT
2.625000,0.438910,-0.172159,-0.141156,-0.021691,-0.046408,0.003477,4.629296,MOVE_JOINT
2.626000,0.438886,-0.172203,-0.141154,-0.022183,-0.045645,0.002988,4.626787,MOVE_JOINT
2.627000,0.438865,-0.172251,-0.141150,-0.022028,-0.045666,0.002857,4.624434,MOVE_JOINT
2.628000,0.438842,-0.172297,-0.141148,-0.023311,-0.045834,0.002343,4.622326,MOVE_JOINT
2.629000,0.438822,-0.172349,-0.141141,-0.022109,-0.047342,0.003807,4.620510,MOVE_JOINT
2.630000,0.438799,-0.172394,-0.141138,-0.022350,-0.046618,0.003096,4.619016,MOVE_JOINT
2.631000,0.438775,-0.172443,-0.141135,-0.023431,-0.047492,0.002734,4.617891,MOVE_JOINT
2.632000,0.438754,-0.172489,-0.141131,-0.022614,-0.046700,0.003083,4.617171,MOVE_JOINT
2.633000,0.438731,-0.172539,-0.141127,-0.022198,-0.047683,0.003419,4.616856,MOVE_JOINT
2.634000,0.438712,-0.172585,-0.141123,-0.021199,-0.047314,0.003738,4.616934,MOVE_JOINT
2.635000,0.438686,-0.172633,-0.141120,-0.022919,-0.047305,0.003316,4.617409,MOVE_JOINT
2.636000,0.438668,-0.172684,-0.141113,-0.020778,-0.048216,0.004425,4.618309,MOVE_JOINT
2.637000,0.438644,-0.172730,-0.141110,-0.022414,-0.047364,0.003505,4.619695,MOVE_JOINT
2.638000,0.438623,-0.172779,-0.141105,-0.021217,-0.047591,0.004206,4.621647,MOVE_JOINT
2.639000,0.438600,-0.172825,-0.141102,-0.022195,-0.047271,0.003779,4.624239,MOVE_JOINT
2.640000,0.438579,-0.172873,-0.141097,-0.020846,-0.047082,0.004713,4.627543,MOVE_JOINT
2.641000,0.438558,-0.172918,-0.141094,-0.020997,-0.046637,0.004217,4.631634,MOVE_JOINT
2.642000,0.438529,-0.172964,-0.141094,-0.023317,-0.046391,0.003002,4.636590,MOVE_JOINT
2.643000,0.438509,-0.173010,-0.141089,-0.021856,-0.046152,0.003696,4.642412,MOVE_JOINT
2.644000,0.438487,-0.173055,-0.141085,-0.022287,-0.046029,0.003355,4.648993,MOVE_JOINT
2.645000,0.438462,-0.173101,-0.141083,-0.022960,-0.045976,0.003140,4.656127,MOVE_JOINT
2.646000,0.438443,-0.173147,-0.141078,-0.021257,-0.045991,0.004090,4.663569,MOVE_JOINT
2.647000,0.438418,-0.173195,-0.141077,-0.022373,-0.046253,0.003103,4.671077,MOVE_JOINT
2.648000,0.438392,-0.173244,-0.141073,-0.024435,-0.046663,0.002518,4.678421,MOVE_JOINT
2.649000,0.438372,-0.173292,-0.141068,-0.023768,-0.047231,0.003181,4.685357,MOVE_JOINT
2.650000,0.438347,-0.173338,-0.141065,-0.024410,-0.047043,0.002763,4.691622,MOVE_JOINT
2.651000,0.438324,-0.173387,-0.141062,-0.024607,-0.047556,0.002514,4.696970,MOVE_JOINT
2.652000,0.438297,-0.173433,-0.141061,-0.025859,-0.046976,0.001664,4.701174,MOVE_JOINT
2.653000,0.438276,-0.173482,-0.141056,-0.024583,-0.047955,0.002850,4.704002,MOVE_JOINT
2.654000,0.438255,-0.173527,-0.141051,-0.023366,-0.046688,0.003442,4.705257,MOVE_JOINT
2.655000,0.438227,-0.173574,-0.141051,-0.024887,-0.046468,0.002390,4.704857,MOVE_JOINT
2.656000,0.438207,-0.173619,-0.141047,-0.023544,-0.045991,0.002803,4.702863,MOVE_JOINT
2.657000,0.438184,-0.173668,-0.141043,-0.023462,-0.047104,0.003075,4.699421,MOVE_JOINT
2.658000,0.438161,-0.173715,-0.141039,-0.022570,-0.047264,0.003812,4.694715,MOVE_JOINT
2.659000,0.438134,-0.173758,-0.141040,-0.024547,-0.045787,0.002071,4.688964,MOVE_JOINT
2.660000,0.438117,-0.173805,-0.141033,-0.022967,-0.046680,0.003124,4.682387,MOVE_JOINT
2.661000,0.438093,-0.173849,-0.141031,-0.022729,-0.046064,0.002930,4.675159,MOVE_JOINT
2.662000,0.438068,-0.173894,-0.141030,-0.024298,-0.046060,0.001991,4.667402,MOVE_JOINT
2.663000,0.438043,-0.173939,-0.141029,-0.025025,-0.045427,0.001480,4.659168,MOVE_JOINT
2.664000,0.438025,-0.173988,-0.141021,-0.022184,-0.046231,0.003756,4.650423,MOVE_JOINT
2.665000,0.437996,-0.174036,-0.141021,-0.024526,-0.046533,0.002389,4.641119,MOVE_JOINT
2.666000,0.437978,-0.174081,-0.141017,-0.022798,-0.046387,0.003075,4.631279,MOVE_JOINT
2.667000,0.437955,-0.174129,-0.141013,-0.022949,-0.046664,0.003367,4.620996,MOVE_JOINT
2.668000,0.437939,-0.174177,-0.141005,-0.021079,-0.047376,0.004642,4.610424,MOVE_JOINT
2.669000,0.437910,-0.174218,-0.141007,-0.023040,-0.045433,0.002651,4.599794,MOVE_JOINT
2.670000,0.437891,-0.174263,-0.141002,-0.022729,-0.045617,0.003104,4.589366,MOVE_JOINT
2.671000,0.437866,-0.174311,-0.140999,-0.024057,-0.045953,0.002661,4.579341,MOVE_JOINT
2.672000,0.437845,-0.174357,-0.140996,-0.023478,-0.045930,0.002681,4.569815,MOVE_JOINT
2.673000,0.437822,-0.174407,-0.140992,-0.023982,-0.047178,0.002772,4.560801,MOVE_JOINT
2.674000,0.437801,-0.174454,-0.140988,-0.023074,-0.047414,0.003267,4.552255,MOVE_JOINT
2.675000,0.437779,-0.174496,-0.140986,-0.023590,-0.045888,0.002753,4.544114,MOVE_JOINT
2.676000,0.437760,-0.174544,-0.140981,-0.022621,-0.046735,0.003186,4.536335,MOVE_JOINT
2.677000,0.437736,-0.174589,-0.140978,-0.022996,-0.045891,0.003055,4.528899,MOVE_JOINT
2.678000,0.437716,-0.174637,-0.140975,-0.022015,-0.046392,0.003220,4.521810,MOVE_JOINT
2.679000,0.437690,-0.174683,-0.140974,-0.023266,-0.045966,0.002622,4.515076,MOVE_JOINT
2.680000,0.437673,-0.174729,-0.140967,-0.021414,-0.046416,0.004199,4.508703,MOVE_JOINT
2.681000,0.437648,-0.174774,-0.140964,-0.021879,-0.046371,0.004003,4.502726,MOVE_JOINT
2.682000,0.437628,-0.174817,-0.140960,-0.021868,-0.045298,0.003552,4.497264,MOVE_JOINT
2.683000,0.437606,-0.174863,-0.140955,-0.022243,-0.045344,0.003857,4.492497,MOVE_JOINT
2.684000,0.437580,-0.174909,-0.140955,-0.023781,-0.046062,0.002927,4.488589,MOVE_JOINT
2.685000,0.437560,-0.174953,-0.140950,-0.022090,-0.045716,0.003771,4.485644,MOVE_JOINT
2.686000,0.437540,-0.175001,-0.140944,-0.021850,-0.046397,0.004175,4.483692,MOVE_JOINT
2.687000,0.437514,-0.175048,-0.140942,-0.023596,-0.046299,0.003155,4.482721,MOVE_JOINT
2.688000,0.437496,-0.175093,-0.140936,-0.021780,-0.046499,0.004140,4.482698,MOVE_JOINT
2.689000,0.437472,-0.175139,-0.140934,-0.022279,-0.046035,0.003559,4.483563,MOVE_JOINT
2.690000,0.437450,-0.175189,-0.140929,-0.021591,-0.047362,0.004023,4.485226,MOVE_JOINT
2.691000,0.437426,-0.175234,-0.140927,-0.021765,-0.046796,0.003659,4.487568,MOVE_JOINT
2.692000,0.437404,-0.175280,-0.140923,-0.021425,-0.045955,0.003818,4.490439,MOVE_JOINT
2.693000,0.437386,-0.175325,-0.140919,-0.020410,-0.045698,0.004183,4.493672,MOVE_JOINT
2.694000,0.437360,-0.175372,-0.140917,-0.022382,-0.046024,0.003268,4.497118,MOVE_JOINT
2.695000,0.437343,-0.175418,-0.140911,-0.021049,-0.045784,0.003892,4.500653,MOVE_JOINT
2.696000,0.437322,-0.175464,-0.140906,-0.020902,-0.045601,0.004244,4.504162,MOVE_JOINT
2.697000,0.437296,-0.175511,-0.140906,-0.022437,-0.046008,0.002933,4.507559,MOVE_JOINT
2.698000,0.437277,-0.175558,-0.140901,-0.020604,-0.046241,0.004025,4.510767,MOVE_JOINT
2.699000,0.437251,-0.175603,-0.140900,-0.021762,-0.045798,0.003249,4.513680,MOVE_JOINT
2.700000,0.437229,-0.175648,-0.140895,-0.021678,-0.045433,0.003719,4.516178,MOVE_JOINT
2.701000,0.437208,-0.175692,-0.140892,-0.021457,-0.044503,0.003347,4.518167,MOVE_JOINT
2.702000,0.437188,-0.175738,-0.140887,-0.020912,-0.044882,0.003992,4.519612,MOVE_JOINT
2.703000,0.437162,-0.175786,-0.140884,-0.022928,-0.045866,0.003138,4.520537,MOVE_JOINT
2.704000,0.437141,-0.175833,-0.140880,-0.022601,-0.046070,0.003399,4.521006,MOVE_JOINT
2.705000,0.437125,-0.175882,-0.140872,-0.020574,-0.046968,0.004788,4.521095,MOVE_JOINT
2.706000,0.437098,-0.175927,-0.140871,-0.022555,-0.046530,0.003849,4.520908,MOVE_JOINT
2.707000,0.437072,-0.175973,-0.140868,-0.023598,-0.046078,0.003497,4.520595,MOVE_JOINT
2.708000,0.437051,-0.176025,-0.140862,-0.022796,-0.047203,0.004361,4.520332,MOVE_JOINT
2.709000,0.437028,-0.176073,-0.140858,-0.023775,-0.047469,0.003998,4.520299,MOVE_JOINT
2.710000,0.437003,-0.176123,-0.140853,-0.023915,-0.048374,0.004154,4.520677,MOVE_JOINT
2.711000,0.436975,-0.176172,-0.140852,-0.025261,-0.048733,0.003407,4.521617,MOVE_JOINT
2.712000,0.436954,-0.176225,-0.140843,-0.024031,-0.050534,0.004797,4.523201,MOVE_JOINT
2.713000,0.436928,-0.176269,-0.140841,-0.024568,-0.047853,0.003823,4.525446,MOVE_JOINT
2.714000,0.436905,-0.176315,-0.140837,-0.023724,-0.048159,0.004375,4.528351,MOVE_JOINT
2.715000,0.436884,-0.176364,-0.140831,-0.022888,-0.048454,0.004860,4.531931,MOVE_JOINT
2.716000,0.436863,-0.176414,-0.140826,-0.022269,-0.048563,0.004798,4.536237,MOVE_JOINT
2.717000,0.436837,-0.176458,-0.140825,-0.023244,-0.047445,0.003955,4.541341,MOVE_JOINT
2.718000,0.436816,-0.176505,-0.140819,-0.022281,-0.047102,0.004338,4.547287,MOVE_JOINT
2.719000,0.436794,-0.176554,-0.140815,-0.022608,-0.047579,0.004165,4.554055,MOVE_JOINT
2.720000,0.436772,-0.176600,-0.140811,-0.022943,-0.046368,0.003390,4.561566,MOVE_JOINT
2.721000,0.436747,-0.176649,-0.140807,-0.023963,-0.046905,0.003232,4.569672,MOVE_JOINT
2.722000,0.436724,-0.176696,-0.140805,-0.023888,-0.046817,0.002941,4.578152,MOVE_JOINT
2.723000,0.436701,-0.176744,-0.140799,-0.023921,-0.047464,0.003427,4.586728,MOVE_JOINT
2.724000,0.436679,-0.176794,-0.140794,-0.023390,-0.048578,0.004114,4.595116,MOVE_JOINT
2.725000,0.436655,-0.176839,-0.140792,-0.023955,-0.047620,0.003456,4.603097,MOVE_JOINT
2.726000,0.436633,-0.176891,-0.140785,-0.023600,-0.048601,0.004083,4.610545,MOVE_JOINT
2.727000,0.436605,-0.176943,-0.140782,-0.025025,-0.049686,0.003513,4.617415,MOVE_JOINT
2.728000,0.436587,-0.176989,-0.140775,-0.023376,-0.048882,0.004359,4.623706,MOVE_JOINT
2.729000,0.436560,-0.177037,-0.140774,-0.024329,-0.048775,0.003745,4.629456,MOVE_JOINT
2.730000,0.436539,-0.177085,-0.140768,-0.023132,-0.048468,0.004322,4.634742,MOVE_JOINT
2.731000,0.436516,-0.177129,-0.140766,-0.022978,-0.047284,0.003783,4.639674,MOVE_JOINT
2.732000,0.436492,-0.177177,-0.140763,-0.023178,-0.047475,0.003793,4.644369,MOVE_JOINT
2.733000,0.436471,-0.177221,-0.140759,-0.021861,-0.046654,0.003839,4.648926,MOVE_JOINT
2.734000,0.436449,-0.177264,-0.140756,-0.021826,-0.045289,0.003491,4.653400,MOVE_JOINT
2.735000,0.436430,-0.177305,-0.140753,-0.020942,-0.043685,0.003390,4.657807,MOVE_JOINT
2.736000,0.436406,-0.177354,-0.140749,-0.022385,-0.045313,0.003288,4.662136,MOVE_JOINT
2.737000,0.436388,-0.177398,-0.140744,-0.021328,-0.044800,0.003409,4.666357,MOVE_JOINT
2.738000,0.436361,-0.177444,-0.140743,-0.022934,-0.044906,0.002907,4.670418,MOVE_JOINT
2.739000,0.436337,-0.177490,-0.140741,-0.023574,-0.045247,0.002378,4.674238,MOVE_JOINT
2.740000,0.436318,-0.177536,-0.140736,-0.022306,-0.045536,0.003217,4.677709,MOVE_JOINT
2.741000,0.436296,-0.177583,-0.140731,-0.021429,-0.045514,0.003786,4.680715,MOVE_JOINT
2.742000,0.436269,-0.177631,-0.140729,-0.023085,-0.046908,0.003280,4.683191,MOVE_JOINT
2.743000,0.436246,-0.177678,-0.140726,-0.022642,-0.046966,0.003535,4.685150,MOVE_JOINT
2.744000,0.436219,-0.177724,-0.140724,-0.024341,-0.046170,0.002621,4.686653,MOVE_JOINT
2.745000,0.436200,-0.177772,-0.140719,-0.022674,-0.046391,0.003213,4.687766,MOVE_JOINT
2.746000,0.436179,-0.177819,-0.140716,-0.022249,-0.046495,0.003243,4.688549,MOVE_JOINT
2.747000,0.436155,-0.177863,-0.140714,-0.022064,-0.045472,0.002922,4.689043,MOVE_JOINT
2.748000,0.436137,-0.177911,-0.140708,-0.021120,-0.046673,0.004008,4.689283,MOVE_JOINT
2.749000,0.436111,-0.177957,-0.140707,-0.022806,-0.046697,0.003069,4.689318,MOVE_JOINT
2.750000,0.436089,-0.177999,-0.140703,-0.022300,-0.045523,0.003069,4.689223,MOVE_JOINT
2.751000,0.436067,-0.178047,-0.140699,-0.021703,-0.046040,0.003558,4.689084,MOVE_JOINT
2.752000,0.436048,-0.178090,-0.140695,-0.021377,-0.045187,0.003411,4.688988,MOVE_JOINT
2.753000,0.436025,-0.178134,-0.140691,-0.021742,-0.044477,0.003375,4.689039,MOVE_JOINT
2.754000,0.436005,-0.178179,-0.140687,-0.021508,-0.044404,0.003462,4.689356,MOVE_JOINT
2.755000,0.435980,-0.178225,-0.140684,-0.022477,-0.045115,0.003215,4.690066,MOVE_JOINT
2.756000,0.435960,-0.178270,-0.140679,-0.022566,-0.045054,0.003455,4.691280,MOVE_JOINT
2.757000,0.435937,-0.178318,-0.140677,-0.022528,-0.045883,0.003066,4.693067,MOVE_JOINT
2.758000,0.435917,-0.178362,-0.140671,-0.022097,-0.045403,0.003652,4.695436,MOVE_JOINT
2.759000,0.435895,-0.178409,-0.140667,-0.021758,-0.045851,0.004152,4.698344,MOVE_JOINT
2.760000,0.435871,-0.178453,-0.140665,-0.022919,-0.045303,0.003542,4.701744,MOVE_JOINT
2.761000,0.435847,-0.178498,-0.140661,-0.022428,-0.044860,0.003885,4.705613,MOVE_JOINT
2.762000,0.435823,-0.178544,-0.140659,-0.023100,-0.045502,0.003414,4.709944,MOVE_JOINT
2.763000,0.435804,-0.178592,-0.140653,-0.021920,-0.046596,0.004305,4.714715,MOVE_JOINT
2.764000,0.435777,-0.178631,-0.140653,-0.023978,-0.044661,0.002669,4.719857,MOVE_JOINT
2.765000,0.435751,-0.178681,-0.140650,-0.025202,-0.046095,0.002443,4.725236,MOVE_JOINT
2.766000,0.435731,-0.178725,-0.140644,-0.023686,-0.045264,0.003364,4.730633,MOVE_JOINT
2.767000,0.435705,-0.178771,-0.140642,-0.024563,-0.045285,0.003016,4.735793,MOVE_JOINT
2.768000,0.435680,-0.178818,-0.140639,-0.025585,-0.045718,0.002436,4.740497,MOVE_JOINT
2.769000,0.435659,-0.178861,-0.140634,-0.024102,-0.044556,0.002994,4.744582,MOVE_JOINT
2.770000,0.435634,-0.178905,-0.140631,-0.024261,-0.044288,0.002925,4.747920,MOVE_JOINT
2.771000,0.435613,-0.178953,-0.140627,-0.023386,-0.045161,0.003273,4.750435,MOVE_JOINT
2.772000,0.435589,-0.179000,-0.140623,-0.023281,-0.045222,0.003129,4.752107,MOVE_JOINT
2.773000,0.435563,-0.179046,-0.140621,-0.024436,-0.045890,0.002665,4.752936,MOVE_JOINT
2.774000,0.435539,-0.179088,-0.140619,-0.024471,-0.044519,0.002408,4.752897,MOVE_JOINT
2.775000,0.435518,-0.179134,-0.140614,-0.022755,-0.044950,0.003372,4.751925,MOVE_JOINT
2.776000,0.435493,-0.179174,-0.140612,-0.023468,-0.043968,0.002934,4.749954,MOVE_JOINT
2.777000,0.435467,-0.179221,-0.140609,-0.023630,-0.044990,0.003470,4.746966,MOVE_JOINT
2.778000,0.435442,-0.179266,-0.140606,-0.024103,-0.045160,0.003487,4.743009,MOVE_JOINT
2.779000,0.435419,-0.179308,-0.140603,-0.023581,-0.044256,0.003751,4.738209,MOVE_JOINT
2.780000,0.435395,-0.179354,-0.140599,-0.023295,-0.045098,0.003921,4.732755,MOVE_JOINT
2.781000,0.435374,-0.179400,-0.140594,-0.022518,-0.045371,0.004408,4.726883,MOVE_JOINT
2.782000,0.435344,-0.179442,-0.140593,-0.024771,-0.044422,0.003153,4.720833,MOVE_JOINT
2.783000,0.435324,-0.179489,-0.140587,-0.023446,-0.045404,0.004238,4.714806,MOVE_JOINT
2.784000,0.435299,-0.179530,-0.140586,-0.023638,-0.044435,0.003359,4.708929,MOVE_JOINT
2.785000,0.435270,-0.179577,-0.140584,-0.025066,-0.044803,0.003032,4.703239,MOVE_JOINT
2.786000,0.435252,-0.179625,-0.140576,-0.022862,-0.045678,0.004228,4.697685,MOVE_JOINT
2.787000,0.435221,-0.179673,-0.140577,-0.024849,-0.045837,0.002859,4.692153,MOVE_JOINT
2.788000,0.435202,-0.179716,-0.140570,-0.023084,-0.044722,0.004040,4.686500,MOVE_JOINT
2.789000,0.435170,-0.179761,-0.140571,-0.025837,-0.044258,0.002316,4.680573,MOVE_JOINT
2.790000,0.435153,-0.179810,-0.140563,-0.023539,-0.045700,0.003946,4.674217,MOVE_JOINT
2.791000,0.435125,-0.179852,-0.140562,-0.025058,-0.044440,0.002922,4.667297,MOVE_JOINT
2.792000,0.435100,-0.179897,-0.140558,-0.025169,-0.044632,0.003136,4.659717,MOVE_JOINT
2.793000,0.435081,-0.179939,-0.140553,-0.023074,-0.043789,0.003857,4.651437,MOVE_JOINT
2.794000,0.435057,-0.179980,-0.140550,-0.023512,-0.042761,0.003354,4.642500,MOVE_JOINT
2.795000,0.435036,-0.180027,-0.140544,-0.022077,-0.043850,0.004448,4.633040,MOVE_JOINT
2.796000,0.435013,-0.180070,-0.140540,-0.022531,-0.043525,0.004153,4.623278,MOVE_JOINT
2.797000,0.434994,-0.180111,-0.140534,-0.020352,-0.042550,0.004793,4.613499,MOVE_JOINT
2.798000,0.434968,-0.180156,-0.140531,-0.022090,-0.043622,0.004398,4.604018,MOVE_JOINT
2.799000,0.434943,-0.180199,-0.140529,-0.022892,-0.043469,0.003496,4.595127,MOVE_JOINT
2.800000,0.434923,-0.180241,-0.140523,-0.021678,-0.043465,0.004473,4.587025,MOVE_JOINT
2.801000,0.434905,-0.180289,-0.140515,-0.020836,-0.045033,0.005610,4.579814,MOVE_JOINT
2.802000,0.434873,-0.180333,-0.140516,-0.023787,-0.044650,0.004049,4.573569,MOVE_JOINT
2.803000,0.434849,-0.180381,-0.140511,-0.023686,-0.045374,0.004525,4.568366,MOVE_JOINT
2.804000,0.434826,-0.180425,-0.140506,-0.024034,-0.044960,0.004315,4.564242,MOVE_JOINT
2.805000,0.434799,-0.180471,-0.140503,-0.025096,-0.045476,0.004050,4.561169,MOVE_JOINT
2.806000,0.434776,-0.180517,-0.140497,-0.024063,-0.045619,0.004568,4.559063,MOVE_JOINT
2.807000,0.434751,-0.180564,-0.140493,-0.025404,-0.045939,0.004025,4.557807,MOVE_JOINT
2.808000,0.434729,-0.180608,-0.140486,-0.024916,-0.045480,0.004539,4.557272,MOVE_JOINT
2.809000,0.434705,-0.180655,-0.140481,-0.025276,-0.046656,0.004676,4.557331,MOVE_JOINT
2.810000,0.434682,-0.180700,-0.140476,-0.024687,-0.045992,0.004659,4.557894,MOVE_JOINT
2.811000,0.434656,-0.180742,-0.140474,-0.025259,-0.044423,0.003683,4.558899,MOVE_JOINT
2.812000,0.434641,-0.180786,-0.140465,-0.022066,-0.043803,0.005116,4.560277,MOVE_JOINT
2.813000,0.434613,-0.180832,-0.140462,-0.024085,-0.044637,0.004380,4.561945,MOVE_JOINT
2.814000,0.434588,-0.180876,-0.140459,-0.025472,-0.044591,0.003631,4.563817,MOVE_JOINT
2.815000,0.434567,-0.180918,-0.140453,-0.023687,-0.043878,0.004691,4.565799,MOVE_JOINT
2.816000,0.434545,-0.180962,-0.140449,-0.022320,-0.044064,0.005124,4.567799,MOVE_JOINT
2.817000,0.434518,-0.181007,-0.140445,-0.023729,-0.044282,0.004708,4.569778,MOVE_JOINT
2.818000,0.434497,-0.181049,-0.140440,-0.023209,-0.043458,0.004735,4.571771,MOVE_JOINT
2.819000,0.434471,-0.181096,-0.140436,-0.024413,-0.044405,0.004265,4.573838,MOVE_JOINT
2.820000,0.434452,-0.181142,-0.140428,-0.022524,-0.044584,0.005460,4.576030,MOVE_JOINT
2.821000,0.434427,-0.181182,-0.140425,-0.023026,-0.043125,0.004913,4.578383,MOVE_JOINT
2.822000,0.434403,-0.181230,-0.140420,-0.022958,-0.044894,0.005245,4.580950,MOVE_JOINT
2.823000,0.434380,-0.181272,-0.140415,-0.023026,-0.043384,0.004646,4.583799,MOVE_JOINT
2.824000,0.434360,-0.181319,-0.140408,-0.022534,-0.044603,0.005303,4.586975,MOVE_JOINT
2.825000,0.434342,-0.181363,-0.140399,-0.021132,-0.044499,0.006432,4.590498,MOVE_JOINT
2.826000,0.434318,-0.181408,-0.140395,-0.022229,-0.044758,0.005912,4.594428,MOVE_JOINT
2.827000,0.434291,-0.181451,-0.140392,-0.023469,-0.044527,0.005063,4.598893,MOVE_JOINT
2.828000,0.434269,-0.181496,-0.140387,-0.022707,-0.044916,0.005335,4.604024,MOVE_JOINT
2.829000,0.434250,-0.181538,-0.140382,-0.022674,-0.044000,0.004995,4.609869,MOVE_JOINT
2.830000,0.434229,-0.181585,-0.140374,-0.021843,-0.044875,0.005907,4.616389,MOVE_JOINT
2.831000,0.434208,-0.181628,-0.140368,-0.021640,-0.043734,0.005544,4.623506,MOVE_JOINT
2.832000,0.434188,-0.181672,-0.140361,-0.021183,-0.044087,0.006132,4.631156,MOVE_JOINT
2.833000,0.434167,-0.181716,-0.140356,-0.020554,-0.043664,0.005897,4.639309,MOVE_JOINT
2.834000,0.434147,-0.181762,-0.140350,-0.020066,-0.044403,0.006408,4.647962,MOVE_JOINT
2.835000,0.434126,-0.181804,-0.140344,-0.020157,-0.043688,0.006328,4.657117,MOVE_JOINT
2.836000,0.434106,-0.181849,-0.140337,-0.019596,-0.043534,0.006495,4.666778,MOVE_JOINT
2.837000,0.434085,-0.181892,-0.140331,-0.020103,-0.043804,0.006406,4.676956,MOVE_JOINT
2.838000,0.434066,-0.181932,-0.140327,-0.019199,-0.042740,0.006019,4.687643,MOVE_JOINT
2.839000,0.434047,-0.181978,-0.140319,-0.018774,-0.043154,0.006827,4.698785,MOVE_JOINT
2.840000,0.434022,-0.182023,-0.140314,-0.020798,-0.043373,0.005998,4.710286,MOVE_JOINT
2.841000,0.434002,-0.182064,-0.140309,-0.020303,-0.042898,0.006219,4.722028,MOVE_JOINT
2.842000,0.433979,-0.182111,-0.140303,-0.022127,-0.044258,0.005703,4.733876,MOVE_JOINT
2.843000,0.433960,-0.182155,-0.140295,-0.021327,-0.044134,0.006269,4.745667,MOVE_JOINT
2.844000,0.433935,-0.182196,-0.140292,-0.021966,-0.043408,0.005399,4.757208,MOVE_JOINT
2.845000,0.433911,-0.182241,-0.140287,-0.022343,-0.043761,0.005370,4.768282,MOVE_JOINT
2.846000,0.433892,-0.182285,-0.140280,-0.021675,-0.043720,0.005650,4.778643,MOVE_JOINT
2.847000,0.433871,-0.182329,-0.140273,-0.020973,-0.043932,0.006176,4.788041,MOVE_JOINT
2.848000,0.433849,-0.182373,-0.140268,-0.021795,-0.043805,0.005738,4.796276,MOVE_JOINT
2.849000,0.433823,-0.182416,-0.140264,-0.022142,-0.043317,0.005170,4.803214,MOVE_JOINT
2.850000,0.433802,-0.182465,-0.140257,-0.022026,-0.045232,0.005821,4.808768,MOVE_JOINT
2.851000,0.433777,-0.182508,-0.140252,-0.022376,-0.044562,0.005761,4.812868,MOVE_JOINT
2.852000,0.433754,-0.182550,-0.140249,-0.023420,-0.044403,0.005031,4.815467,MOVE_JOINT
2.853000,0.433734,-0.182595,-0.140241,-0.022183,-0.044454,0.006007,4.816557,MOVE_JOINT
2.854000,0.433709,-0.182640,-0.140237,-0.022790,-0.044519,0.005358,4.816159,MOVE_JOINT
2.855000,0.433688,-0.182682,-0.140230,-0.022100,-0.043505,0.005831,4.814329,MOVE_JOINT
2.856000,0.433666,-0.182724,-0.140225,-0.022024,-0.042766,0.005412,4.811156,MOVE_JOINT
2.857000,0.433645,-0.182766,-0.140220,-0.021714,-0.042660,0.005556,4.806759,MOVE_JOINT
2.858000,0.433626,-0.182805,-0.140213,-0.020369,-0.041941,0.006225,4.801277,MOVE_JOINT
2.859000,0.433604,-0.182851,-0.140206,-0.019869,-0.043256,0.006843,4.794882,MOVE_JOINT
2.860000,0.433581,-0.182894,-0.140200,-0.020645,-0.042764,0.006661,4.787813,MOVE_JOINT
2.861000,0.433556,-0.182936,-0.140196,-0.021583,-0.042480,0.005970,4.780370,MOVE_JOINT
2.862000,0.433541,-0.182979,-0.140187,-0.020721,-0.042788,0.006534,4.772858,MOVE_JOINT
2.863000,0.433519,-0.183022,-0.140180,-0.020570,-0.043328,0.006835,4.765530,MOVE_JOINT
2.864000,0.433490,-0.183061,-0.140179,-0.023413,-0.041610,0.004747,4.758571,MOVE_JOINT
2.865000,0.433473,-0.183107,-0.140169,-0.022265,-0.043052,0.005924,4.752064,MOVE_JOINT
2.866000,0.433451,-0.183153,-0.140161,-0.021849,-0.043899,0.006520,4.745986,MOVE_JOINT
2.867000,0.433433,-0.183196,-0.140154,-0.019778,-0.043954,0.007399,4.740276,MOVE_JOINT
2.868000,0.433407,-0.183244,-0.140148,-0.022620,-0.045335,0.006485,4.734918,MOVE_JOINT
2.869000,0.433386,-0.183285,-0.140143,-0.022706,-0.044284,0.006069,4.729939,MOVE_JOINT
2.870000,0.433367,-0.183330,-0.140134,-0.021579,-0.044448,0.006870,4.725338,MOVE_JOINT
2.871000,0.433344,-0.183374,-0.140128,-0.021658,-0.043824,0.006439,4.721078,MOVE_JOINT
2.872000,0.433323,-0.183417,-0.140123,-0.021144,-0.043559,0.006367,4.717099,MOVE_JOINT
2.873000,0.433303,-0.183461,-0.140115,-0.019938,-0.043106,0.007154,4.713335,MOVE_JOINT
2.874000,0.433287,-0.183504,-0.140107,-0.018085,-0.043250,0.007676,4.709720,MOVE_JOINT
2.875000,0.433266,-0.183546,-0.140100,-0.018028,-0.043167,0.007825,4.706226,MOVE_JOINT
2.876000,0.433240,-0.183589,-0.140095,-0.020396,-0.043007,0.006741,4.702874,MOVE_JOINT
2.877000,0.433225,-0.183632,-0.140086,-0.018562,-0.042938,0.007735,4.699693,MOVE_JOINT
2.878000,0.433208,-0.183674,-0.140077,-0.017709,-0.042902,0.008453,4.696712,MOVE_JOINT
2.879000,0.433184,-0.183713,-0.140075,-0.019764,-0.041806,0.006409,4.693980,MOVE_JOINT
2.880000,0.433168,-0.183760,-0.140064,-0.018677,-0.043144,0.007845,4.691538,MOVE_JOINT
2.881000,0.433149,-0.183799,-0.140056,-0.017819,-0.042081,0.007942,4.689380,MOVE_JOINT
2.882000,0.433132,-0.183841,-0.140049,-0.018080,-0.042560,0.007593,4.687467,MOVE_JOINT
2.883000,0.433108,-0.183887,-0.140042,-0.020009,-0.043260,0.007418,4.685758,MOVE_JOINT
2.884000,0.433089,-0.183929,-0.140034,-0.021187,-0.043511,0.007065,4.684192,MOVE_JOINT
2.885000,0.433069,-0.183973,-0.140027,-0.020335,-0.043029,0.007104,4.682674,MOVE_JOINT
2.886000,0.433049,-0.184015,-0.140020,-0.021105,-0.043001,0.006890,4.681088,MOVE_JOINT
2.887000,0.433029,-0.184063,-0.140011,-0.020488,-0.044266,0.007761,4.679306,MOVE_JOINT
2.888000,0.433008,-0.184105,-0.140004,-0.020240,-0.043582,0.007610,4.677231,MOVE_JOINT
2.889000,0.432990,-0.184146,-0.139997,-0.019046,-0.042956,0.007822,4.674824,MOVE_JOINT
2.890000,0.432967,-0.184190,-0.139990,-0.019547,-0.043677,0.007853,4.672102,MOVE_JOINT
2.891000,0.432946,-0.184229,-0.139984,-0.019865,-0.042535,0.007510,4.669110,MOVE_JOINT
2.892000,0.432927,-0.184275,-0.139976,-0.019671,-0.043249,0.007769,4.665901,MOVE_JOINT
2.893000,0.432909,-0.184319,-0.139966,-0.019034,-0.042967,0.008224,4.662540,MOVE_JOINT
2.894000,0.432890,-0.184361,-0.139958,-0.019675,-0.043086,0.007988,4.659107,MOVE_JOINT
2.895000,0.432869,-0.184402,-0.139952,-0.019918,-0.042335,0.007672,4.655712,MOVE_JOINT
2.896000,0.432853,-0.184444,-0.139943,-0.019049,-0.042381,0.007790,4.652463,MOVE_JOINT
2.897000,0.432836,-0.184488,-0.139934,-0.018933,-0.043223,0.008310,4.649431,MOVE_JOINT
2.898000,0.432820,-0.184529,-0.139924,-0.017459,-0.043043,0.009271,4.646666,MOVE_JOINT
2.899000,0.432797,-0.184572,-0.139919,-0.018723,-0.042997,0.008201,4.644238,MOVE_JOINT
2.900000,0.432780,-0.184611,-0.139910,-0.018747,-0.041957,0.008005,4.642241,MOVE_JOINT
2.901000,0.432760,-0.184652,-0.139902,-0.019422,-0.041903,0.007711,4.640736,MOVE_JOINT
2.902000,0.432743,-0.184693,-0.139894,-0.019503,-0.042195,0.007735,4.639702,MOVE_JOINT
2.903000,0.432728,-0.184738,-0.139884,-0.018241,-0.042413,0.008085,4.639050,MOVE_JOINT
2.904000,0.432713,-0.184779,-0.139875,-0.017782,-0.041804,0.008211,4.638654,MOVE_JOINT
2.905000,0.432695,-0.184818,-0.139867,-0.017346,-0.040743,0.008156,4.638397,MOVE_JOINT
2.906000,0.432679,-0.184859,-0.139858,-0.017206,-0.040952,0.008195,4.638200,MOVE_JOINT
2.907000,0.432666,-0.184899,-0.139848,-0.016047,-0.040541,0.008845,4.638038,MOVE_JOINT
2.908000,0.432647,-0.184944,-0.139840,-0.017204,-0.041986,0.008350,4.637937,MOVE_JOINT
2.909000,0.432634,-0.184982,-0.139831,-0.015939,-0.040384,0.008430,4.637956,MOVE_JOINT
2.910000,0.432618,-0.185024,-0.139821,-0.015618,-0.041365,0.008990,4.638152,MOVE_JOINT
2.911000,0.432603,-0.185062,-0.139812,-0.015620,-0.040478,0.008928,4.638579,MOVE_JOINT
2.912000,0.432585,-0.185102,-0.139805,-0.015931,-0.040063,0.008386,4.639307,MOVE_JOINT
2.913000,0.432569,-0.185144,-0.139796,-0.014790,-0.040808,0.009080,4.640415,MOVE_JOINT
2.914000,0.432551,-0.185187,-0.139788,-0.015612,-0.041526,0.008762,4.641953,MOVE_JOINT
2.915000,0.432532,-0.185229,-0.139780,-0.016869,-0.041686,0.008534,4.643932,MOVE_JOINT
2.916000,0.432517,-0.185270,-0.139770,-0.016472,-0.041822,0.009007,4.646322,MOVE_JOINT
2.917000,0.432504,-0.185311,-0.139761,-0.015542,-0.041922,0.008869,4.649068,MOVE_JOINT
2.918000,0.432492,-0.185348,-0.139751,-0.013858,-0.040524,0.009523,4.652119,MOVE_JOINT
2.919000,0.432474,-0.185391,-0.139742,-0.015072,-0.041331,0.009387,4.655443,MOVE_JOINT
2.920000,0.432459,-0.185429,-0.139735,-0.014692,-0.041161,0.009145,4.659039,MOVE_JOINT
2.921000,0.432442,-0.185467,-0.139727,-0.015218,-0.039870,0.008596,4.662922,MOVE_JOINT
2.922000,0.432430,-0.185506,-0.139717,-0.014804,-0.039572,0.008704,4.667085,MOVE_JOINT
2.923000,0.432418,-0.185548,-0.139706,-0.014191,-0.040625,0.009452,4.671491,MOVE_JOINT
2.924000,0.432404,-0.185588,-0.139697,-0.014199,-0.040605,0.009277,4.676102,MOVE_JOINT
2.925000,0.432387,-0.185626,-0.139691,-0.014367,-0.039769,0.008617,4.680905,MOVE_JOINT
2.926000,0.432372,-0.185663,-0.139683,-0.014524,-0.039220,0.008218,4.685867,MOVE_JOINT
2.927000,0.432362,-0.185700,-0.139673,-0.013610,-0.038469,0.008656,4.690894,MOVE_JOINT
2.928000,0.432346,-0.185738,-0.139666,-0.014309,-0.038688,0.008157,4.695831,MOVE_JOINT
2.929000,0.432334,-0.185777,-0.139657,-0.013653,-0.039055,0.008542,4.700504,MOVE_JOINT
2.930000,0.432321,-0.185814,-0.139648,-0.013659,-0.037763,0.008431,4.704758,MOVE_JOINT
2.931000,0.432310,-0.185851,-0.139638,-0.013030,-0.037824,0.008799,4.708487,MOVE_JOINT
2.932000,0.432299,-0.185890,-0.139629,-0.012194,-0.038059,0.009082,4.711670,MOVE_JOINT
2.933000,0.432284,-0.185925,-0.139622,-0.012169,-0.037453,0.009049,4.714389,MOVE_JOINT
2.934000,0.432272,-0.185965,-0.139613,-0.012216,-0.037739,0.008613,4.716795,MOVE_JOINT
2.935000,0.432256,-0.186004,-0.139606,-0.012795,-0.038592,0.008460,4.719045,MOVE_JOINT
2.936000,0.432245,-0.186041,-0.139597,-0.012485,-0.038180,0.008566,4.721236,MOVE_JOINT
2.937000,0.432230,-0.186079,-0.139591,-0.013570,-0.037935,0.007592,4.723370,MOVE_JOINT
2.938000,0.432218,-0.186115,-0.139583,-0.012970,-0.037464,0.007940,4.725366,MOVE_JOINT
2.939000,0.432203,-0.186157,-0.139575,-0.014034,-0.038688,0.007689,4.727079,MOVE_JOINT
2.940000,0.432185,-0.186195,-0.139570,-0.014478,-0.038490,0.007253,4.728338,MOVE_JOINT
2.941000,0.432171,-0.186233,-0.139562,-0.013975,-0.038509,0.007785,4.728970,MOVE_JOINT
2.942000,0.432160,-0.186270,-0.139553,-0.012976,-0.037711,0.008026,4.728836,MOVE_JOINT
2.943000,0.432146,-0.186307,-0.139546,-0.013857,-0.037926,0.007650,4.727871,MOVE_JOINT
2.944000,0.432129,-0.186344,-0.139539,-0.014792,-0.037554,0.007243,4.726100,MOVE_JOINT
2.945000,0.432118,-0.186385,-0.139529,-0.013418,-0.038974,0.008356,4.723613,MOVE_JOINT
2.946000,0.432105,-0.186421,-0.139521,-0.012779,-0.037638,0.007989,4.720558,MOVE_JOINT
2.947000,0.432092,-0.186456,-0.139513,-0.012639,-0.036858,0.008254,4.717146,MOVE_JOINT
2.948000,0.432078,-0.186493,-0.139504,-0.013344,-0.037122,0.008255,4.713645,MOVE_JOINT
2.949000,0.432062,-0.186529,-0.139498,-0.014109,-0.036676,0.007734,4.710359,MOVE_JOINT
2.950000,0.432044,-0.186567,-0.139491,-0.015358,-0.037391,0.007172,4.707593,MOVE_JOINT
2.951000,0.432035,-0.186603,-0.139481,-0.013986,-0.036971,0.007933,4.705597,MOVE_JOINT
2.952000,0.432018,-0.186641,-0.139474,-0.014977,-0.037321,0.007919,4.704547,MOVE_JOINT
2.953000,0.432001,-0.186677,-0.139467,-0.015509,-0.036814,0.007480,4.704595,MOVE_JOINT
2.954000,0.431988,-0.186715,-0.139459,-0.014724,-0.037515,0.007671,4.705891,MOVE_JOINT
2.955000,0.431974,-0.186748,-0.139452,-0.014403,-0.036396,0.007759,4.708549,MOVE_JOINT
2.956000,0.431957,-0.186789,-0.139444,-0.015978,-0.038049,0.007480,4.712624,MOVE_JOINT
2.957000,0.431945,-0.186821,-0.139437,-0.015437,-0.036187,0.007158,4.718101,MOVE_JOINT
2.958000,0.431930,-0.186858,-0.139429,-0.015623,-0.036539,0.007304,4.724903,MOVE_JOINT
2.959000,0.431913,-0.186897,-0.139421,-0.016308,-0.037134,0.007221,4.732898,MOVE_JOINT
2.960000,0.431899,-0.186934,-0.139413,-0.016050,-0.037418,0.007423,4.741934,MOVE_JOINT
2.961000,0.431878,-0.186971,-0.139408,-0.017882,-0.037431,0.006487,4.751848,MOVE_JOINT
2.962000,0.431870,-0.187009,-0.139398,-0.015373,-0.037312,0.007587,4.762462,MOVE_JOINT
2.963000,0.431853,-0.187045,-0.139390,-0.015369,-0.036859,0.007691,4.773584,MOVE_JOINT
2.964000,0.431841,-0.187081,-0.139382,-0.014319,-0.036927,0.007961,4.785052,MOVE_JOINT
2.965000,0.431823,-0.187116,-0.139375,-0.014724,-0.036108,0.007922,4.796773,MOVE_JOINT
2.966000,0.431806,-0.187151,-0.139370,-0.015220,-0.035675,0.007079,4.808711,MOVE_JOINT
2.967000,0.431793,-0.187190,-0.139362,-0.014271,-0.036306,0.007499,4.820833,MOVE_JOINT
2.968000,0.431779,-0.187226,-0.139354,-0.013694,-0.035688,0.007559,4.833051,MOVE_JOINT
2.969000,0.431767,-0.187260,-0.139346,-0.013328,-0.034694,0.007634,4.845216,MOVE_JOINT
2.970000,0.431752,-0.187297,-0.139339,-0.013706,-0.035425,0.007430,4.857159,MOVE_JOINT
2.971000,0.431734,-0.187330,-0.139334,-0.014789,-0.034185,0.006740,4.868707,MOVE_JOINT
2.972000,0.431724,-0.187369,-0.139325,-0.013294,-0.035734,0.007643,4.879679,MOVE_JOINT
2.973000,0.431707,-0.187401,-0.139320,-0.014879,-0.034438,0.006517,4.889886,MOVE_JOINT
2.974000,0.431699,-0.187435,-0.139310,-0.012408,-0.034275,0.007608,4.899143,MOVE_JOINT
2.975000,0.431679,-0.187471,-0.139306,-0.014313,-0.034596,0.006639,4.907284,MOVE_JOINT
2.976000,0.431666,-0.187507,-0.139299,-0.014195,-0.035154,0.006761,4.914174,MOVE_JOINT
2.977000,0.431655,-0.187543,-0.139290,-0.012574,-0.034759,0.007420,4.919702,MOVE_JOINT
2.978000,0.431642,-0.187575,-0.139284,-0.013335,-0.034058,0.006580,4.923785,MOVE_JOINT
2.979000,0.431626,-0.187608,-0.139280,-0.015143,-0.033225,0.005416,4.926363,MOVE_JOINT
2.980000,0.431614,-0.187643,-0.139272,-0.014377,-0.034159,0.006163,4.927363,MOVE_JOINT
2.981000,0.431596,-0.187677,-0.139267,-0.015202,-0.033822,0.005928,4.926685,MOVE_JOINT
2.982000,0.431588,-0.187715,-0.139256,-0.013631,-0.034809,0.007222,4.924262,MOVE_JOINT
2.983000,0.431572,-0.187752,-0.139250,-0.013995,-0.034544,0.006573,4.920136,MOVE_JOINT
2.984000,0.431558,-0.187784,-0.139244,-0.013814,-0.033734,0.006466,4.914470,MOVE_JOINT
2.985000,0.431542,-0.187821,-0.139236,-0.015429,-0.034944,0.006425,4.907493,MOVE_JOINT
2.986000,0.431527,-0.187859,-0.139229,-0.014751,-0.035883,0.006951,4.899453,MOVE_JOINT
2.987000,0.431512,-0.187890,-0.139224,-0.014902,-0.034535,0.006581,4.890617,MOVE_JOINT
2.988000,0.431494,-0.187929,-0.139218,-0.015795,-0.035601,0.006219,4.881264,MOVE_JOINT
2.989000,0.431479,-0.187961,-0.139211,-0.015520,-0.034885,0.006489,4.871646,MOVE_JOINT
2.990000,0.431464,-0.187997,-0.139205,-0.015244,-0.034389,0.006250,4.861963,MOVE_JOINT
2.991000,0.431450,-0.188028,-0.139200,-0.015417,-0.033285,0.005897,4.852372,MOVE_JOINT
2.992000,0.431432,-0.188062,-0.139195,-0.015960,-0.033814,0.005741,4.842977,MOVE_JOINT
2.993000,0.431416,-0.188097,-0.139188,-0.016217,-0.033768,0.005707,4.833825,MOVE_JOINT
2.994000,0.431406,-0.188130,-0.139178,-0.013762,-0.033807,0.007398,4.824931,MOVE_JOINT
2.995000,0.431384,-0.188159,-0.139177,-0.016122,-0.032706,0.005694,4.816348,MOVE_JOINT
2.996000,0.431372,-0.188189,-0.139171,-0.014797,-0.032506,0.005891,4.808189,MOVE_JOINT
2.997000,0.431358,-0.188226,-0.139163,-0.015060,-0.033781,0.006463,4.800564,MOVE_JOINT
2.998000,0.431341,-0.188257,-0.139159,-0.016023,-0.032919,0.005341,4.793530,MOVE_JOINT
2.999000,0.431326,-0.188293,-0.139152,-0.015731,-0.034009,0.005716,4.787075,MOVE_JOINT
3.000000,0.431315,-0.188326,-0.139143,-0.013483,-0.033418,0.007010,4.781130,MOVE_JOINT
3.001000,0.431294,-0.188356,-0.139142,-0.015874,-0.032408,0.005209,4.775611,MOVE_JOINT
3.002000,0.431282,-0.188388,-0.139134,-0.014509,-0.032534,0.006121,4.770464,MOVE_JOINT
3.003000,0.431267,-0.188420,-0.139129,-0.015312,-0.032391,0.005566,4.765647,MOVE_JOINT
3.004000,0.431253,-0.188454,-0.139122,-0.014818,-0.032743,0.005783,4.761117,MOVE_JOINT
3.005000,0.431242,-0.188486,-0.139114,-0.013529,-0.032918,0.006780,4.756835,MOVE_JOINT
3.006000,0.431226,-0.188522,-0.139108,-0.013902,-0.033596,0.006700,4.752805,MOVE_JOINT
3.007000,0.431217,-0.188552,-0.139100,-0.012265,-0.032432,0.007016,4.749101,MOVE_JOINT
3.008000,0.431197,-0.188584,-0.139098,-0.015319,-0.033548,0.005458,4.745838,MOVE_JOINT
3.009000,0.431188,-0.188617,-0.139089,-0.013070,-0.033042,0.006817,4.743096,MOVE_JOINT
3.010000,0.431172,-0.188650,-0.139083,-0.014159,-0.033352,0.006438,4.740893,MOVE_JOINT
3.011000,0.431152,-0.188682,-0.139082,-0.016330,-0.032916,0.004812,4.739209,MOVE_JOINT
3.012000,0.431143,-0.188714,-0.139073,-0.014470,-0.032737,0.005696,4.737978,MOVE_JOINT
3.013000,0.431122,-0.188747,-0.139072,-0.016145,-0.032541,0.004550,4.737053,MOVE_JOINT
3.014000,0.431116,-0.188776,-0.139062,-0.013519,-0.031960,0.006109,4.736225,MOVE_JOINT
3.015000,0.431104,-0.188811,-0.139056,-0.012787,-0.032092,0.006060,4.735305,MOVE_JOINT
3.016000,0.431093,-0.188839,-0.139049,-0.011753,-0.030735,0.006331,4.734202,MOVE_JOINT
3.017000,0.431080,-0.188869,-0.139044,-0.012027,-0.030251,0.005982,4.732939,MOVE_JOINT
3.018000,0.431069,-0.188899,-0.139037,-0.011021,-0.030396,0.006633,4.731628,MOVE_JOINT
3.019000,0.431052,-0.188932,-0.139033,-0.012633,-0.030747,0.005834,4.730428,MOVE_JOINT
3.020000,0.431042,-0.188963,-0.139025,-0.012431,-0.030933,0.006345,4.729509,MOVE_JOINT
3.021000,0.431025,-0.188992,-0.139023,-0.014052,-0.030130,0.005102,4.729015,MOVE_JOINT
3.022000,0.431019,-0.189024,-0.139013,-0.011733,-0.030951,0.006626,4.729049,MOVE_JOINT
3.023000,0.431004,-0.189051,-0.139010,-0.012276,-0.029745,0.005841,4.729678,MOVE_JOINT
3.024000,0.430988,-0.189084,-0.139006,-0.013470,-0.030999,0.005350,4.730945,MOVE_JOINT
3.025000,0.430977,-0.189115,-0.138999,-0.012368,-0.030591,0.005755,4.732845,MOVE_JOINT
3.026000,0.430959,-0.189146,-0.138996,-0.013603,-0.030296,0.004982,4.735304,MOVE_JOINT
3.027000,0.430949,-0.189175,-0.138989,-0.012784,-0.030356,0.005481,4.738182,MOVE_JOINT
3.028000,0.430940,-0.189209,-0.138981,-0.011405,-0.031265,0.006317,4.741316,MOVE_JOINT
3.029000,0.430923,-0.189239,-0.138977,-0.013477,-0.030574,0.005371,4.744569,MOVE_JOINT
3.030000,0.430911,-0.189268,-0.138972,-0.013405,-0.030179,0.005172,4.747857,MOVE_JOINT
3.031000,0.430902,-0.189297,-0.138964,-0.012514,-0.029608,0.005851,4.751129,MOVE_JOINT
3.032000,0.430884,-0.189330,-0.138961,-0.014051,-0.030634,0.004812,4.754359,MOVE_JOINT
3.033000,0.430874,-0.189361,-0.138954,-0.012818,-0.030866,0.005538,4.757529,MOVE_JOINT
3.034000,0.430859,-0.189391,-0.138950,-0.014026,-0.030611,0.005040,4.760613,MOVE_JOINT
3.035000,0.430848,-0.189419,-0.138944,-0.013070,-0.030034,0.005104,4.763565,MOVE_JOINT
3.036000,0.430837,-0.189451,-0.138938,-0.012906,-0.030891,0.005371,4.766338,MOVE_JOINT
3.037000,0.430824,-0.189481,-0.138932,-0.012745,-0.030275,0.005429,4.768891,MOVE_JOINT
3.038000,0.430810,-0.189512,-0.138928,-0.012766,-0.030049,0.005210,4.771206,MOVE_JOINT
3.039000,0.430797,-0.189541,-0.138922,-0.012491,-0.029768,0.005284,4.773304,MOVE_JOINT
3.040000,0.430783,-0.189574,-0.138917,-0.012864,-0.031109,0.005322,4.775230,MOVE_JOINT
3.041000,0.430770,-0.189605,-0.138912,-0.012294,-0.030202,0.005143,4.777029,MOVE_JOINT
3.042000,0.430759,-0.189631,-0.138907,-0.012078,-0.029426,0.005082,4.778733,MOVE_JOINT
3.043000,0.430744,-0.189660,-0.138903,-0.013195,-0.028841,0.004603,4.780352,MOVE_JOINT
3.044000,0.430731,-0.189691,-0.138898,-0.012548,-0.029972,0.005077,4.781890,MOVE_JOINT
3.045000,0.430719,-0.189718,-0.138893,-0.012628,-0.028696,0.004750,4.783357,MOVE_JOINT
3.046000,0.430712,-0.189745,-0.138885,-0.010771,-0.028522,0.005858,4.784784,MOVE_JOINT
3.047000,0.430692,-0.189777,-0.138884,-0.013371,-0.029907,0.004743,4.786251,MOVE_JOINT
3.048000,0.430683,-0.189806,-0.138878,-0.012393,-0.029407,0.004938,4.787873,MOVE_JOINT
3.049000,0.430673,-0.189832,-0.138870,-0.011624,-0.028239,0.005651,4.789760,MOVE_JOINT
3.050000,0.430659,-0.189860,-0.138867,-0.012404,-0.028500,0.005116,4.792015,MOVE_JOINT
3.051000,0.430648,-0.189890,-0.138862,-0.011938,-0.028742,0.005267,4.794767,MOVE_JOINT
3.052000,0.430642,-0.189919,-0.138853,-0.010295,-0.028864,0.006049,4.798149,MOVE_JOINT
3.053000,0.430625,-0.189948,-0.138850,-0.012302,-0.029077,0.005027,4.802266,MOVE_JOINT
3.054000,0.430614,-0.189976,-0.138844,-0.011752,-0.029033,0.005390,4.807179,MOVE_JOINT
3.055000,0.430604,-0.190002,-0.138839,-0.010722,-0.027984,0.005292,4.812896,MOVE_JOINT
3.056000,0.430593,-0.190034,-0.138831,-0.011644,-0.029543,0.005732,4.819378,MOVE_JOINT
3.057000,0.430586,-0.190062,-0.138823,-0.010356,-0.028617,0.006142,4.826574,MOVE_JOINT
3.058000,0.430572,-0.190089,-0.138820,-0.010892,-0.027988,0.005345,4.834455,MOVE_JOINT
3.059000,0.430563,-0.190118,-0.138813,-0.010358,-0.028235,0.005897,4.843006,MOVE_JOINT
3.060000,0.430550,-0.190149,-0.138809,-0.010785,-0.029148,0.005746,4.852189,MOVE_JOINT
3.061000,0.430537,-0.190175,-0.138805,-0.011630,-0.028171,0.004946,4.861923,MOVE_JOINT
3.062000,0.430526,-0.190204,-0.138800,-0.012252,-0.027752,0.004457,4.872057,MOVE_JOINT
3.063000,0.430517,-0.190234,-0.138791,-0.011224,-0.028593,0.005670,4.882362,MOVE_JOINT
3.064000,0.430502,-0.190262,-0.138789,-0.013174,-0.028072,0.004095,4.892561,MOVE_JOINT
3.065000,0.430490,-0.190294,-0.138784,-0.013376,-0.029162,0.004145,4.902370,MOVE_JOINT
3.066000,0.430480,-0.190319,-0.138779,-0.012767,-0.028242,0.004331,4.911475,MOVE_JOINT
3.067000,0.430468,-0.190348,-0.138773,-0.012316,-0.028314,0.005021,4.919543,MOVE_JOINT
3.068000,0.430452,-0.190378,-0.138771,-0.013251,-0.028347,0.004118,4.926310,MOVE_JOINT
3.069000,0.430443,-0.190404,-0.138763,-0.012331,-0.027281,0.004942,4.931626,MOVE_JOINT
3.070000,0.430434,-0.190432,-0.138756,-0.011408,-0.027563,0.005335,4.935461,MOVE_JOINT
3.071000,0.430421,-0.190460,-0.138752,-0.012363,-0.027144,0.004614,4.937904,MOVE_JOINT
3.072000,0.430411,-0.190488,-0.138745,-0.010893,-0.027680,0.005391,4.939140,MOVE_JOINT
3.073000,0.430398,-0.190514,-0.138741,-0.011218,-0.027011,0.005085,4.939390,MOVE_JOINT
3.074000,0.430387,-0.190542,-0.138735,-0.011110,-0.027645,0.005479,4.938885,MOVE_JOINT
3.075000,0.430375,-0.190570,-0.138730,-0.012065,-0.027239,0.004796,4.937846,MOVE_JOINT
3.076000,0.430359,-0.190599,-0.138726,-0.013253,-0.027911,0.004539,4.936465,MOVE_JOINT
3.077000,0.430352,-0.190628,-0.138717,-0.011441,-0.028378,0.005934,4.934875,MOVE_JOINT
3.078000,0.430342,-0.190656,-0.138711,-0.010977,-0.028561,0.006243,4.933195,MOVE_JOINT
3.079000,0.430327,-0.190685,-0.138707,-0.012026,-0.028811,0.005906,4.931592,MOVE_JOINT
3.080000,0.430316,-0.190710,-0.138700,-0.011514,-0.027498,0.006150,4.930292,MOVE_JOINT
3.081000,0.430305,-0.190741,-0.138693,-0.011726,-0.028597,0.006431,4.929547,MOVE_JOINT
3.082000,0.430289,-0.190767,-0.138689,-0.013560,-0.028285,0.005400,4.929601,MOVE_JOINT
3.083000,0.430279,-0.190796,-0.138683,-0.011904,-0.028467,0.005974,4.930640,MOVE_JOINT
3.084000,0.430267,-0.190825,-0.138676,-0.011740,-0.028619,0.006265,4.932748,MOVE_JOINT
3.085000,0.430254,-0.190852,-0.138669,-0.012054,-0.028150,0.006347,4.935915,MOVE_JOINT
3.086000,0.430241,-0.190881,-0.138665,-0.011864,-0.028644,0.006127,4.940103,MOVE_JOINT
3.087000,0.430227,-0.190910,-0.138659,-0.012506,-0.028599,0.005905,4.945258,MOVE_JOINT
3.088000,0.430214,-0.190938,-0.138653,-0.012066,-0.028756,0.006428,4.951297,MOVE_JOINT
3.089000,0.430199,-0.190963,-0.138651,-0.013403,-0.027237,0.004963,4.958093,MOVE_JOINT
3.090000,0.430187,-0.190992,-0.138645,-0.012983,-0.027920,0.005413,4.965476,MOVE_JOINT
3.091000,0.430173,-0.191021,-0.138640,-0.013896,-0.028006,0.004915,4.973204,MOVE_JOINT
3.092000,0.430160,-0.191047,-0.138635,-0.013701,-0.027345,0.004971,4.980972,MOVE_JOINT
3.093000,0.430155,-0.191075,-0.138627,-0.011219,-0.027401,0.005958,4.988458,MOVE_JOINT
3.094000,0.430147,-0.191103,-0.138620,-0.010588,-0.027253,0.006274,4.995399,MOVE_JOINT
3.095000,0.430130,-0.191130,-0.138617,-0.012117,-0.027011,0.005292,5.001639,MOVE_JOINT
3.096000,0.430122,-0.191157,-0.138609,-0.010968,-0.026897,0.006200,5.007119,MOVE_JOINT
3.097000,0.430110,-0.191183,-0.138606,-0.011093,-0.026675,0.005483,5.011849,MOVE_JOINT
3.098000,0.430101,-0.191209,-0.138599,-0.009866,-0.026559,0.006194,5.015879,MOVE_JOINT
3.099000,0.430087,-0.191234,-0.138596,-0.011768,-0.025725,0.004577,5.019265,MOVE_JOINT
3.100000,0.430081,-0.191264,-0.138587,-0.010456,-0.026916,0.005709,5.022023,MOVE_JOINT
3.101000,0.430075,-0.191288,-0.138580,-0.009185,-0.026109,0.006029,5.024113,MOVE_JOINT
3.102000,0.430065,-0.191315,-0.138574,-0.010087,-0.026577,0.005730,5.025492,MOVE_JOINT
3.103000,0.430057,-0.191339,-0.138570,-0.009281,-0.025925,0.005442,5.026151,MOVE_JOINT
3.104000,0.430047,-0.191367,-0.138564,-0.008944,-0.026616,0.005971,5.026096,MOVE_JOINT
3.105000,0.430041,-0.191394,-0.138556,-0.007762,-0.026522,0.006434,5.025339,MOVE_JOINT
3.106000,0.430036,-0.191417,-0.138549,-0.006304,-0.025731,0.006929,5.023921,MOVE_JOINT
3.107000,0.430025,-0.191441,-0.138547,-0.007708,-0.024968,0.005358,5.021938,MOVE_JOINT
3.108000,0.430016,-0.191468,-0.138540,-0.007552,-0.025359,0.005845,5.019493,MOVE_JOINT
3.109000,0.430009,-0.191493,-0.138534,-0.007512,-0.025053,0.005640,5.016637,MOVE_JOINT
3.110000,0.430003,-0.191515,-0.138528,-0.007059,-0.023958,0.005827,5.013375,MOVE_JOINT
3.111000,0.429994,-0.191544,-0.138521,-0.008173,-0.025619,0.005935,5.009718,MOVE_JOINT
3.112000,0.429984,-0.191568,-0.138518,-0.008352,-0.024781,0.005215,5.005720,MOVE_JOINT
3.113000,0.429981,-0.191596,-0.138508,-0.006807,-0.025268,0.006275,5.001452,MOVE_JOINT
3.114000,0.429971,-0.191619,-0.138504,-0.007960,-0.024444,0.005339,4.996985,MOVE_JOINT
3.115000,0.429967,-0.191645,-0.138496,-0.006738,-0.025283,0.006359,4.992393,MOVE_JOINT
3.116000,0.429956,-0.191671,-0.138493,-0.008483,-0.024668,0.004967,4.987756,MOVE_JOINT
3.117000,0.429949,-0.191697,-0.138486,-0.007426,-0.025285,0.005936,4.983148,MOVE_JOINT
3.118000,0.429943,-0.191720,-0.138480,-0.007802,-0.024687,0.005916,4.978628,MOVE_JOINT
3.119000,0.429933,-0.191743,-0.138477,-0.008565,-0.024425,0.005198,4.974272,MOVE_JOINT
3.120000,0.429928,-0.191772,-0.138467,-0.006685,-0.025615,0.006561,4.970180,MOVE_JOINT
3.121000,0.429922,-0.191794,-0.138461,-0.006976,-0.025058,0.006295,4.966472,MOVE_JOINT
3.122000,0.429912,-0.191819,-0.138456,-0.008251,-0.024977,0.005740,4.963291,MOVE_JOINT
3.123000,0.429908,-0.191842,-0.138449,-0.006975,-0.024617,0.006301,4.960792,MOVE_JOINT
3.124000,0.429896,-0.191866,-0.138446,-0.008604,-0.024479,0.005366,4.959105,MOVE_JOINT
3.125000,0.429888,-0.191891,-0.138440,-0.008353,-0.024814,0.005634,4.958310,MOVE_JOINT
3.126000,0.429879,-0.191916,-0.138435,-0.008228,-0.025621,0.005671,4.958420,MOVE_JOINT
3.127000,0.429872,-0.191938,-0.138430,-0.008232,-0.024281,0.005383,4.959369,MOVE_JOINT
3.128000,0.429868,-0.191961,-0.138422,-0.007390,-0.024100,0.005716,4.961035,MOVE_JOINT
3.129000,0.429859,-0.191986,-0.138417,-0.007601,-0.024166,0.005576,4.963268,MOVE_JOINT
3.130000,0.429851,-0.192010,-0.138410,-0.008103,-0.024068,0.005648,4.965924,MOVE_JOINT
3.131000,0.429840,-0.192031,-0.138407,-0.009190,-0.022697,0.004433,4.968870,MOVE_JOINT
3.132000,0.429832,-0.192054,-0.138402,-0.008466,-0.023169,0.004989,4.971971,MOVE_JOINT
3.133000,0.429821,-0.192080,-0.138396,-0.009687,-0.024169,0.005077,4.975073,MOVE_JOINT
3.134000,0.429814,-0.192100,-0.138391,-0.009065,-0.022764,0.004799,4.978024,MOVE_JOINT
3.135000,0.429803,-0.192126,-0.138387,-0.009358,-0.023552,0.004658,4.980699,MOVE_JOINT
3.136000,0.429791,-0.192152,-0.138384,-0.010017,-0.024577,0.004536,4.982978,MOVE_JOINT
3.137000,0.429781,-0.192173,-0.138379,-0.009654,-0.023323,0.004652,4.984723,MOVE_JOINT
3.138000,0.429773,-0.192196,-0.138374,-0.009556,-0.023464,0.004673,4.985794,MOVE_JOINT
3.139000,0.429762,-0.192220,-0.138370,-0.009135,-0.023631,0.004731,4.986092,MOVE_JOINT
3.140000,0.429755,-0.192240,-0.138365,-0.008397,-0.022657,0.005090,4.985575,MOVE_JOINT
3.141000,0.429743,-0.192265,-0.138360,-0.009192,-0.023071,0.004971,4.984268,MOVE_JOINT
3.142000,0.429731,-0.192288,-0.138357,-0.009555,-0.023210,0.004740,4.982264,MOVE_JOINT
3.143000,0.429723,-0.192312,-0.138351,-0.008871,-0.022827,0.004964,4.979707,MOVE_JOINT
3.144000,0.429710,-0.192335,-0.138347,-0.009968,-0.023586,0.004857,4.976760,MOVE_JOINT
3.145000,0.429699,-0.192356,-0.138344,-0.010997,-0.022883,0.004146,4.973594,MOVE_JOINT
3.146000,0.429688,-0.192377,-0.138342,-0.011410,-0.022178,0.003197,4.970352,MOVE_JOINT
3.147000,0.429681,-0.192400,-0.138336,-0.009960,-0.022144,0.003878,4.967100,MOVE_JOINT
3.148000,0.429671,-0.192423,-0.138332,-0.009868,-0.022241,0.004225,4.963820,MOVE_JOINT
3.149000,0.429663,-0.192447,-0.138326,-0.009375,-0.022544,0.004438,4.960475,MOVE_JOINT
3.150000,0.429653,-0.192469,-0.138322,-0.010085,-0.021988,0.003952,4.957087,MOVE_JOINT
3.151000,0.429645,-0.192494,-0.138316,-0.008740,-0.023095,0.004937,4.953736,MOVE_JOINT
3.152000,0.429636,-0.192514,-0.138312,-0.008673,-0.022254,0.004712,4.950549,MOVE_JOINT
3.153000,0.429627,-0.192536,-0.138308,-0.008716,-0.022636,0.004592,4.947691,MOVE_JOINT
3.154000,0.429615,-0.192558,-0.138305,-0.008814,-0.022637,0.004668,4.945344,MOVE_JOINT
3.155000,0.429604,-0.192577,-0.138301,-0.008906,-0.022069,0.004759,4.943675,MOVE_JOINT
3.156000,0.429595,-0.192601,-0.138298,-0.009375,-0.022366,0.004180,4.942832,MOVE_JOINT
3.157000,0.429589,-0.192623,-0.138292,-0.008746,-0.021886,0.004375,4.942924,MOVE_JOINT
3.158000,0.429579,-0.192642,-0.138288,-0.008980,-0.021418,0.004389,4.944002,MOVE_JOINT
3.159000,0.429570,-0.192661,-0.138285,-0.008856,-0.020544,0.004058,4.946072,MOVE_JOINT
3.160000,0.429563,-0.192682,-0.138280,-0.008295,-0.020430,0.004115,4.949111,MOVE_JOINT
3.161000,0.429560,-0.192707,-0.138272,-0.006790,-0.021758,0.005226,4.953085,MOVE_JOINT
3.162000,0.429549,-0.192724,-0.138271,-0.007638,-0.020114,0.004058,4.957959,MOVE_JOINT
3.163000,0.429537,-0.192747,-0.138267,-0.008821,-0.020526,0.003908,4.963694,MOVE_JOINT
3.164000,0.429533,-0.192767,-0.138261,-0.007470,-0.020265,0.004668,4.970232,MOVE_JOINT
3.165000,0.429521,-0.192788,-0.138258,-0.008497,-0.020607,0.004079,4.977501,MOVE_JOINT
3.166000,0.429515,-0.192811,-0.138253,-0.007472,-0.021306,0.004476,4.985445,MOVE_JOINT
3.167000,0.429509,-0.192831,-0.138246,-0.007114,-0.020571,0.004750,4.994015,MOVE_JOINT
3.168000,0.429499,-0.192849,-0.138244,-0.006721,-0.018717,0.004126,5.003169,MOVE_JOINT
3.169000,0.429487,-0.192875,-0.138240,-0.008141,-0.020753,0.004191,5.012875,MOVE_JOINT
3.170000,0.429482,-0.192894,-0.138236,-0.006663,-0.020193,0.004809,5.023094,MOVE_JOINT
3.171000,0.429472,-0.192916,-0.138233,-0.007600,-0.020360,0.004154,5.033781,MOVE_JOINT
3.172000,0.429462,-0.192937,-0.138229,-0.008193,-0.020656,0.004134,5.044876,MOVE_JOINT
3.173000,0.429454,-0.192960,-0.138224,-0.007595,-0.021285,0.004723,5.056299,MOVE_JOINT
3.174000,0.429446,-0.192980,-0.138221,-0.007848,-0.021182,0.004417,5.067950,MOVE_JOINT
3.175000,0.429435,-0.192999,-0.138219,-0.008979,-0.020218,0.003570,5.079729,MOVE_JOINT
3.176000,0.429429,-0.193019,-0.138214,-0.008168,-0.020364,0.004001,5.091520,MOVE_JOINT
3.177000,0.429422,-0.193039,-0.138209,-0.007830,-0.020159,0.004118,5.103188,MOVE_JOINT
3.178000,0.429407,-0.193059,-0.138209,-0.009760,-0.019824,0.003083,5.114591,MOVE_JOINT
3.179000,0.429402,-0.193078,-0.138204,-0.008388,-0.019961,0.003845,5.125593,MOVE_JOINT
3.180000,0.429397,-0.193103,-0.138197,-0.007326,-0.021347,0.005090,5.136074,MOVE_JOINT
3.181000,0.429389,-0.193120,-0.138195,-0.008652,-0.020275,0.003547,5.145978,MOVE_JOINT
3.182000,0.429380,-0.193142,-0.138191,-0.008269,-0.020992,0.004261,5.155320,MOVE_JOINT
3.183000,0.429370,-0.193157,-0.138190,-0.009031,-0.018604,0.002881,5.164130,MOVE_JOINT
3.184000,0.429363,-0.193182,-0.138186,-0.008781,-0.020469,0.003047,5.172398,MOVE_JOINT
3.185000,0.429358,-0.193203,-0.138179,-0.006558,-0.019985,0.004299,5.180046,MOVE_JOINT
3.186000,0.429347,-0.193222,-0.138178,-0.008341,-0.020187,0.003349,5.186969,MOVE_JOINT
3.187000,0.429341,-0.193244,-0.138173,-0.007550,-0.020334,0.004112,5.193100,MOVE_JOINT
3.188000,0.429331,-0.193263,-0.138172,-0.008942,-0.020151,0.002718,5.198422,MOVE_JOINT
3.189000,0.429325,-0.193282,-0.138167,-0.007600,-0.020004,0.003705,5.202939,MOVE_JOINT
3.190000,0.429317,-0.193303,-0.138165,-0.008181,-0.020424,0.003166,5.206643,MOVE_JOINT
3.191000,0.429310,-0.193320,-0.138163,-0.007812,-0.019631,0.002859,5.209524,MOVE_JOINT
3.192000,0.429303,-0.193340,-0.138159,-0.007316,-0.019807,0.003196,5.211559,MOVE_JOINT
3.193000,0.429293,-0.193359,-0.138158,-0.008876,-0.019209,0.002349,5.212720,MOVE_JOINT
3.194000,0.429289,-0.193379,-0.138153,-0.007967,-0.019268,0.003126,5.212981,MOVE_JOINT
3.195000,0.429278,-0.193396,-0.138153,-0.009015,-0.018804,0.001874,5.212342,MOVE_JOINT
3.196000,0.429272,-0.193418,-0.138148,-0.008049,-0.019751,0.002847,5.210823,MOVE_JOINT
3.197000,0.429268,-0.193432,-0.138144,-0.006414,-0.018195,0.003381,5.208455,MOVE_JOINT
3.198000,0.429258,-0.193454,-0.138142,-0.007565,-0.019698,0.002801,5.205321,MOVE_JOINT
3.199000,0.429252,-0.193471,-0.138140,-0.008709,-0.019226,0.002197,5.201557,MOVE_JOINT
3.200000,0.429244,-0.193487,-0.138139,-0.007492,-0.017966,0.002240,5.197301,MOVE_JOINT
3.201000,0.429235,-0.193508,-0.138137,-0.007768,-0.019019,0.002273,5.192642,MOVE_JOINT
3.202000,0.429227,-0.193524,-0.138136,-0.008098,-0.018209,0.001847,5.187620,MOVE_JOINT
3.203000,0.429220,-0.193541,-0.138135,-0.008024,-0.017556,0.001298,5.182237,MOVE_JOINT
3.204000,0.429214,-0.193560,-0.138132,-0.007686,-0.018032,0.001658,5.176443,MOVE_JOINT
3.205000,0.429204,-0.193577,-0.138131,-0.008069,-0.018133,0.001489,5.170152,MOVE_JOINT
3.206000,0.429200,-0.193596,-0.138126,-0.006938,-0.018757,0.002619,5.163291,MOVE_JOINT
3.207000,0.429194,-0.193611,-0.138125,-0.006452,-0.017975,0.002470,5.155870,MOVE_JOINT
3.208000,0.429184,-0.193630,-0.138125,-0.007022,-0.018076,0.001993,5.148023,MOVE_JOINT
3.209000,0.429171,-0.193648,-0.138125,-0.008911,-0.018217,0.001077,5.139955,MOVE_JOINT
3.210000,0.429164,-0.193666,-0.138123,-0.008375,-0.018286,0.001487,5.131847,MOVE_JOINT
3.211000,0.429151,-0.193682,-0.138125,-0.009930,-0.017645,0.000667,5.123809,MOVE_JOINT
3.212000,0.429146,-0.193700,-0.138121,-0.009215,-0.018051,0.000972,5.115887,MOVE_JOINT
3.213000,0.429141,-0.193719,-0.138118,-0.007822,-0.018496,0.001701,5.108096,MOVE_JOINT
3.214000,0.429131,-0.193736,-0.138117,-0.008727,-0.018049,0.001319,5.100460,MOVE_JOINT
3.215000,0.429122,-0.193753,-0.138117,-0.008459,-0.018070,0.000990,5.093026,MOVE_JOINT
3.216000,0.429113,-0.193770,-0.138116,-0.008276,-0.017881,0.001405,5.085861,MOVE_JOINT
3.217000,0.429108,-0.193789,-0.138113,-0.008103,-0.017938,0.001354,5.079025,MOVE_JOINT
3.218000,0.429096,-0.193806,-0.138112,-0.009666,-0.017707,0.000891,5.072589,MOVE_JOINT
3.219000,0.429088,-0.193822,-0.138112,-0.008983,-0.017091,0.000993,5.066645,MOVE_JOINT
3.220000,0.429079,-0.193838,-0.138111,-0.009719,-0.016486,0.000509,5.061287,MOVE_JOINT
3.221000,0.429072,-0.193857,-0.138109,-0.008684,-0.017413,0.000751,5.056592,MOVE_JOINT
3.222000,0.429060,-0.193872,-0.138109,-0.008848,-0.016653,0.001074,5.052595,MOVE_JOINT
3.223000,0.429050,-0.193890,-0.138109,-0.008743,-0.016859,0.001130,5.049302,MOVE_JOINT
3.224000,0.429044,-0.193909,-0.138106,-0.007906,-0.017421,0.001709,5.046734,MOVE_JOINT
3.225000,0.429034,-0.193926,-0.138105,-0.009199,-0.017342,0.001444,5.044951,MOVE_JOINT
3.226000,0.429023,-0.193944,-0.138105,-0.009241,-0.017367,0.001282,5.044051,MOVE_JOINT
3.227000,0.429017,-0.193962,-0.138101,-0.008561,-0.017617,0.001799,5.044141,MOVE_JOINT
3.228000,0.429006,-0.193980,-0.138101,-0.009710,-0.018127,0.001303,5.045320,MOVE_JOINT
3.229000,0.428994,-0.194000,-0.138100,-0.010132,-0.018722,0.001486,5.047660,MOVE_JOINT
3.230000,0.428985,-0.194015,-0.138101,-0.009579,-0.017626,0.000899,5.051182,MOVE_JOINT
3.231000,0.428978,-0.194033,-0.138099,-0.009298,-0.017536,0.001055,5.055829,MOVE_JOINT
3.232000,0.428969,-0.194051,-0.138097,-0.009218,-0.018191,0.001367,5.061458,MOVE_JOINT
3.233000,0.428959,-0.194068,-0.138098,-0.009586,-0.017811,0.000790,5.067869,MOVE_JOINT
3.234000,0.428950,-0.194087,-0.138096,-0.009394,-0.018346,0.001274,5.074846,MOVE_JOINT
3.235000,0.428942,-0.194107,-0.138095,-0.008085,-0.018215,0.001672,5.082184,MOVE_JOINT
3.236000,0.428929,-0.194126,-0.138096,-0.009411,-0.018796,0.001017,5.089707,MOVE_JOINT
3.237000,0.428917,-0.194141,-0.138097,-0.009969,-0.017809,0.000322,5.097258,MOVE_JOINT
3.238000,0.428916,-0.194160,-0.138092,-0.007676,-0.018273,0.001636,5.104662,MOVE_JOINT
3.239000,0.428901,-0.194176,-0.138095,-0.010250,-0.017614,0.000304,5.111728,MOVE_JOINT
3.240000,0.428896,-0.194191,-0.138094,-0.009221,-0.017251,0.000317,5.118286,MOVE_JOINT
3.241000,0.428884,-0.194210,-0.138094,-0.009524,-0.017739,0.000194,5.124176,MOVE_JOINT
3.242000,0.428875,-0.194228,-0.138092,-0.009303,-0.017201,0.000376,5.129233,MOVE_JOINT
3.243000,0.428864,-0.194245,-0.138094,-0.009638,-0.017497,0.000059,5.133310,MOVE_JOINT
3.244000,0.428856,-0.194265,-0.138092,-0.009068,-0.018603,0.000640,5.136304,MOVE_JOINT
3.245000,0.428848,-0.194281,-0.138091,-0.009312,-0.017929,0.000391,5.138172,MOVE_JOINT
3.246000,0.428836,-0.194295,-0.138093,-0.010145,-0.016386,-0.000512,5.138924,MOVE_JOINT
3.247000,0.428831,-0.194314,-0.138089,-0.008832,-0.017405,0.000484,5.138614,MOVE_JOINT
3.248000,0.428819,-0.194330,-0.138091,-0.009140,-0.016927,0.000347,5.137333,MOVE_JOINT
3.249000,0.428814,-0.194349,-0.138087,-0.008000,-0.017052,0.001166,5.135235,MOVE_JOINT
3.250000,0.428799,-0.194363,-0.138091,-0.010442,-0.015975,-0.000427,5.132550,MOVE_JOINT
3.251000,0.428786,-0.194385,-0.138091,-0.011198,-0.017354,-0.000533,5.129538,MOVE_JOINT
3.252000,0.428779,-0.194399,-0.138089,-0.010451,-0.016677,-0.000169,5.126406,MOVE_JOINT
3.253000,0.428772,-0.194417,-0.138087,-0.009191,-0.017013,0.000744,5.123284,MOVE_JOINT
3.254000,0.428762,-0.194434,-0.138088,-0.010206,-0.017031,-0.000067,5.120283,MOVE_JOINT
3.255000,0.428751,-0.194451,-0.138088,-0.010632,-0.016580,-0.000344,5.117525,MOVE_JOINT
3.256000,0.428745,-0.194472,-0.138084,-0.008950,-0.017865,0.001084,5.115116,MOVE_JOINT
3.257000,0.428728,-0.194486,-0.138087,-0.011682,-0.016855,-0.000204,5.113145,MOVE_JOINT
3.258000,0.428722,-0.194503,-0.138085,-0.010007,-0.016629,0.000506,5.111715,MOVE_JOINT
3.259000,0.428713,-0.194521,-0.138086,-0.008902,-0.016725,0.000487,5.110948,MOVE_JOINT
3.260000,0.428705,-0.194539,-0.138083,-0.008158,-0.017393,0.001495,5.110968,MOVE_JOINT
3.261000,0.428695,-0.194556,-0.138083,-0.008755,-0.017568,0.001153,5.111902,MOVE_JOINT
3.262000,0.428682,-0.194573,-0.138084,-0.010171,-0.017300,0.000384,5.113877,MOVE_JOINT
3.263000,0.428673,-0.194590,-0.138084,-0.009124,-0.017387,0.000705,5.116977,MOVE_JOINT
3.264000,0.428666,-0.194609,-0.138081,-0.007746,-0.017498,0.001506,5.121205,MOVE_JOINT
3.265000,0.428653,-0.194625,-0.138081,-0.009186,-0.016952,0.000854,5.126509,MOVE_JOINT
3.266000,0.428643,-0.194645,-0.138081,-0.009545,-0.018122,0.000953,5.132813,MOVE_JOINT
3.267000,0.428634,-0.194661,-0.138080,-0.009723,-0.017547,0.000833,5.140016,MOVE_JOINT
3.268000,0.428626,-0.194681,-0.138078,-0.009511,-0.018611,0.001225,5.147982,MOVE_JOINT
3.269000,0.428615,-0.194695,-0.138079,-0.010092,-0.017518,0.000633,5.156552,MOVE_JOINT
3.270000,0.428605,-0.194712,-0.138077,-0.009895,-0.017110,0.000822,5.165558,MOVE_JOINT
3.271000,0.428595,-0.194730,-0.138076,-0.009135,-0.017995,0.001398,5.174831,MOVE_JOINT
3.272000,0.428581,-0.194750,-0.138078,-0.011202,-0.018586,0.000385,5.184212,MOVE_JOINT
3.273000,0.428574,-0.194765,-0.138076,-0.010956,-0.017481,0.000352,5.193545,MOVE_JOINT
3.274000,0.428567,-0.194782,-0.138073,-0.009870,-0.017668,0.001494,5.202658,MOVE_JOINT
3.275000,0.428553,-0.194800,-0.138075,-0.010894,-0.017959,0.000725,5.211410,MOVE_JOINT
3.276000,0.428546,-0.194818,-0.138073,-0.009769,-0.018245,0.000911,5.219731,MOVE_JOINT
3.277000,0.428532,-0.194839,-0.138074,-0.011060,-0.019020,0.000623,5.227572,MOVE_JOINT
3.278000,0.428526,-0.194854,-0.138071,-0.009262,-0.018054,0.001670,5.234865,MOVE_JOINT
3.279000,0.428517,-0.194871,-0.138070,-0.009672,-0.017670,0.001051,5.241549,MOVE_JOINT
3.280000,0.428505,-0.194887,-0.138071,-0.009843,-0.016949,0.000559,5.247615,MOVE_JOINT
3.281000,0.428490,-0.194904,-0.138072,-0.010853,-0.017066,0.000366,5.253069,MOVE_JOINT
3.282000,0.428483,-0.194922,-0.138070,-0.010249,-0.017915,0.001065,5.257894,MOVE_JOINT
3.283000,0.428468,-0.194940,-0.138071,-0.011719,-0.018130,0.000212,5.262062,MOVE_JOINT
3.284000,0.428463,-0.194956,-0.138068,-0.009022,-0.017995,0.001594,5.265558,MOVE_JOINT
3.285000,0.428449,-0.194972,-0.138071,-0.010297,-0.017580,0.000662,5.268397,MOVE_JOINT
3.286000,0.428443,-0.194988,-0.138067,-0.008841,-0.016921,0.001559,5.270636,MOVE_JOINT
3.287000,0.428430,-0.195004,-0.138070,-0.010301,-0.016738,0.000252,5.272374,MOVE_JOINT
3.288000,0.428422,-0.195022,-0.138067,-0.009122,-0.017213,0.001035,5.273725,MOVE_JOINT
3.289000,0.428410,-0.195037,-0.138068,-0.009664,-0.016435,0.000540,5.274766,MOVE_JOINT
3.290000,0.428399,-0.195049,-0.138070,-0.010112,-0.015098,-0.000315,5.275519,MOVE_JOINT
3.291000,0.428390,-0.195072,-0.138067,-0.009393,-0.016816,0.000792,5.275947,MOVE_JOINT
3.292000,0.428381,-0.195085,-0.138068,-0.008986,-0.015791,0.000367,5.275976,MOVE_JOINT
3.293000,0.428370,-0.195100,-0.138069,-0.009731,-0.015210,0.000050,5.275531,MOVE_JOINT
3.294000,0.428356,-0.195117,-0.138070,-0.011444,-0.015766,-0.000632,5.274540,MOVE_JOINT
3.295000,0.428347,-0.195132,-0.138070,-0.011155,-0.015619,-0.000428,5.272918,MOVE_JOINT
3.296000,0.428337,-0.195148,-0.138069,-0.010481,-0.016487,0.000424,5.270568,MOVE_JOINT
3.297000,0.428329,-0.195163,-0.138068,-0.009806,-0.016044,0.000457,5.267431,MOVE_JOINT
3.298000,0.428320,-0.195182,-0.138067,-0.009033,-0.016626,0.000942,5.263538,MOVE_JOINT
3.299000,0.428307,-0.195196,-0.138069,-0.010413,-0.015950,-0.000025,5.259002,MOVE_JOINT
3.300000,0.428298,-0.195214,-0.138067,-0.009580,-0.016734,0.000762,5.253979,MOVE_JOINT
3.301000,0.428289,-0.195228,-0.138067,-0.009646,-0.015767,0.000383,5.248626,MOVE_JOINT
3.302000,0.428278,-0.195242,-0.138068,-0.010110,-0.015449,-0.000213,5.243088,MOVE_JOINT
3.303000,0.428267,-0.195255,-0.138069,-0.010710,-0.014314,-0.000676,5.237466,MOVE_JOINT
3.304000,0.428258,-0.195272,-0.138067,-0.010828,-0.015667,-0.000006,5.231788,MOVE_JOINT
3.305000,0.428246,-0.195284,-0.138069,-0.012088,-0.014322,-0.000976,5.226039,MOVE_JOINT
3.306000,0.428239,-0.195303,-0.138067,-0.011290,-0.015587,-0.000683,5.220194,MOVE_JOINT
3.307000,0.428238,-0.195317,-0.138063,-0.008848,-0.015500,0.000618,5.214229,MOVE_JOINT
3.308000,0.428223,-0.195330,-0.138065,-0.009735,-0.014425,0.000182,5.208141,MOVE_JOINT
3.309000,0.428214,-0.195347,-0.138064,-0.009241,-0.015009,0.000345,5.202001,MOVE_JOINT
3.310000,0.428210,-0.195362,-0.138061,-0.007520,-0.014902,0.001238,5.195955,MOVE_JOINT
3.311000,0.428201,-0.195377,-0.138061,-0.008250,-0.014868,0.000755,5.190195,MOVE_JOINT
3.312000,0.428191,-0.195390,-0.138060,-0.008833,-0.014208,0.000553,5.184923,MOVE_JOINT
3.313000,0.428179,-0.195408,-0.138061,-0.009692,-0.015018,-0.000011,5.180310,MOVE_JOINT
3.314000,0.428171,-0.195422,-0.138060,-0.008471,-0.014756,0.000644,5.176452,MOVE_JOINT
3.315000,0.428170,-0.195438,-0.138055,-0.006254,-0.014839,0.001896,5.173369,MOVE_JOINT
3.316000,0.428154,-0.195455,-0.138059,-0.009009,-0.015424,0.000262,5.171067,MOVE_JOINT
3.317000,0.428147,-0.195469,-0.138056,-0.008442,-0.015044,0.000993,5.169552,MOVE_JOINT
3.318000,0.428143,-0.195486,-0.138052,-0.006912,-0.015799,0.001928,5.168804,MOVE_JOINT
3.319000,0.428136,-0.195500,-0.138052,-0.006844,-0.015169,0.001380,5.168807,MOVE_JOINT
3.320000,0.428127,-0.195512,-0.138051,-0.007530,-0.013870,0.000905,5.169565,MOVE_JOINT
3.321000,0.428121,-0.195530,-0.138048,-0.006350,-0.014920,0.001735,5.171074,MOVE_JOINT
3.322000,0.428114,-0.195542,-0.138048,-0.006362,-0.014299,0.001399,5.173300,MOVE_JOINT
3.323000,0.428106,-0.195559,-0.138046,-0.006256,-0.015283,0.001686,5.176189,MOVE_JOINT
3.324000,0.428097,-0.195574,-0.138046,-0.007752,-0.015297,0.001185,5.179669,MOVE_JOINT
3.325000,0.428091,-0.195592,-0.138043,-0.007418,-0.016102,0.001616,5.183638,MOVE_JOINT
3.326000,0.428080,-0.195602,-0.138045,-0.009025,-0.014797,0.000303,5.187957,MOVE_JOINT
3.327000,0.428071,-0.195620,-0.138043,-0.009249,-0.015934,0.000821,5.192444,MOVE_JOINT
3.328000,0.428061,-0.195632,-0.138045,-0.009744,-0.014655,-0.000093,5.196865,MOVE_JOINT
3.329000,0.428052,-0.195649,-0.138044,-0.008234,-0.015960,0.000865,5.200950,MOVE_JOINT
3.330000,0.428046,-0.195662,-0.138042,-0.008087,-0.015209,0.000989,5.204429,MOVE_JOINT
3.331000,0.428034,-0.195676,-0.138043,-0.009424,-0.015319,0.000168,5.207077,MOVE_JOINT
3.332000,0.428026,-0.195694,-0.138041,-0.009567,-0.015908,0.000375,5.208734,MOVE_JOINT
3.333000,0.428025,-0.195706,-0.138037,-0.007476,-0.015076,0.001434,5.209294,MOVE_JOINT
3.334000,0.428011,-0.195722,-0.138039,-0.009892,-0.015178,0.000288,5.208724,MOVE_JOINT
3.335000,0.428006,-0.195736,-0.138036,-0.008408,-0.014733,0.000851,5.207075,MOVE_JOINT
3.336000,0.427997,-0.195750,-0.138037,-0.008398,-0.014317,0.000754,5.204454,MOVE_JOINT
3.337000,0.427981,-0.195764,-0.138040,-0.010684,-0.014284,-0.000488,5.200986,MOVE_JOINT
3.338000,0.427975,-0.195779,-0.138037,-0.009511,-0.014449,0.000426,5.196785,MOVE_JOINT
3.339000,0.427968,-0.195795,-0.138035,-0.008729,-0.015305,0.001345,5.191946,MOVE_JOINT
3.340000,0.427959,-0.195803,-0.138037,-0.009026,-0.013296,-0.000044,5.186604,MOVE_JOINT
3.341000,0.427946,-0.195820,-0.138038,-0.009745,-0.014086,-0.000116,5.180935,MOVE_JOINT
3.342000,0.427940,-0.195833,-0.138035,-0.008414,-0.013921,0.001009,5.175094,MOVE_JOINT
3.343000,0.427932,-0.195848,-0.138034,-0.008525,-0.014458,0.001205,5.169219,MOVE_JOINT
3.344000,0.427923,-0.195860,-0.138034,-0.008562,-0.013707,0.000947,5.163492,MOVE_JOINT
3.345000,0.427912,-0.195873,-0.138035,-0.009684,-0.014127,0.000322,5.158141,MOVE_JOINT
3.346000,0.427905,-0.195885,-0.138035,-0.009210,-0.013813,0.000251,5.153366,MOVE_JOINT
3.347000,0.427896,-0.195900,-0.138034,-0.009382,-0.014710,0.000886,5.149275,MOVE_JOINT
3.348000,0.427886,-0.195912,-0.138035,-0.009980,-0.013568,0.000037,5.145897,MOVE_JOINT
3.349000,0.427875,-0.195925,-0.138037,-0.010503,-0.013465,-0.000577,5.143209,MOVE_JOINT
3.350000,0.427868,-0.195937,-0.138035,-0.009339,-0.013341,0.000304,5.141130,MOVE_JOINT
3.351000,0.427862,-0.195951,-0.138033,-0.008496,-0.013462,0.000719,5.139535,MOVE_JOINT
3.352000,0.427851,-0.195965,-0.138034,-0.009580,-0.013940,0.000195,5.138325,MOVE_JOINT
3.353000,0.427840,-0.195975,-0.138034,-0.010157,-0.013249,-0.000193,5.137444,MOVE_JOINT
3.354000,0.427837,-0.195989,-0.138031,-0.008474,-0.013251,0.000611,5.136845,MOVE_JOINT
3.355000,0.427827,-0.196003,-0.138030,-0.008884,-0.013833,0.000877,5.136491,MOVE_JOINT
3.356000,0.427818,-0.196015,-0.138029,-0.008902,-0.013711,0.001055,5.136397,MOVE_JOINT
3.357000,0.427813,-0.196028,-0.138028,-0.006954,-0.013778,0.001665,5.136669,MOVE_JOINT
3.358000,0.427809,-0.196040,-0.138024,-0.006448,-0.013697,0.002203,5.137494,MOVE_JOINT
3.359000,0.427804,-0.196050,-0.138023,-0.006397,-0.012468,0.001629,5.139111,MOVE_JOINT
3.360000,0.427795,-0.196063,-0.138022,-0.007740,-0.012635,0.001493,5.141768,MOVE_JOINT
3.361000,0.427789,-0.196077,-0.138020,-0.007288,-0.012630,0.001277,5.145664,MOVE_JOINT
3.362000,0.427782,-0.196090,-0.138018,-0.007219,-0.013057,0.001507,5.150905,MOVE_JOINT
3.363000,0.427776,-0.196102,-0.138017,-0.006772,-0.012877,0.001657,5.157492,MOVE_JOINT
3.364000,0.427771,-0.196112,-0.138016,-0.006268,-0.012061,0.001433,5.165347,MOVE_JOINT
3.365000,0.427762,-0.196124,-0.138015,-0.007219,-0.011496,0.001086,5.174334,MOVE_JOINT
3.366000,0.427753,-0.196136,-0.138015,-0.007721,-0.012002,0.000741,5.184261,MOVE_JOINT
3.367000,0.427750,-0.196150,-0.138010,-0.006506,-0.013076,0.001956,5.194886,MOVE_JOINT
3.368000,0.427741,-0.196158,-0.138012,-0.006566,-0.011672,0.001218,5.205957,MOVE_JOINT
3.369000,0.427735,-0.196171,-0.138010,-0.006471,-0.012075,0.001536,5.217247,MOVE_JOINT
3.370000,0.427730,-0.196184,-0.138008,-0.005802,-0.012560,0.001738,5.228561,MOVE_JOINT
3.371000,0.427723,-0.196199,-0.138006,-0.005868,-0.012796,0.001910,5.239734,MOVE_JOINT
3.372000,0.427718,-0.196211,-0.138004,-0.005148,-0.013075,0.002301,5.250639,MOVE_JOINT
3.373000,0.427709,-0.196222,-0.138004,-0.006476,-0.012123,0.001517,5.261192,MOVE_JOINT
3.374000,0.427700,-0.196236,-0.138004,-0.007018,-0.012854,0.001171,5.271339,MOVE_JOINT
3.375000,0.427697,-0.196245,-0.138001,-0.005703,-0.011436,0.001503,5.281011,MOVE_JOINT
3.376000,0.427687,-0.196259,-0.138002,-0.006589,-0.011855,0.000886,5.290098,MOVE_JOINT
3.377000,0.427677,-0.196270,-0.138002,-0.006793,-0.011911,0.000963,5.298459,MOVE_JOINT
3.378000,0.427674,-0.196284,-0.137998,-0.005556,-0.012410,0.001744,5.305940,MOVE_JOINT
3.379000,0.427664,-0.196295,-0.137999,-0.006622,-0.011769,0.001016,5.312411,MOVE_JOINT
3.380000,0.427659,-0.196308,-0.137996,-0.006705,-0.012398,0.001508,5.317795,MOVE_JOINT
3.381000,0.427650,-0.196322,-0.137996,-0.007566,-0.012871,0.000986,5.322062,MOVE_JOINT
3.382000,0.427643,-0.196333,-0.137995,-0.007583,-0.012335,0.000754,5.325214,MOVE_JOINT
3.383000,0.427637,-0.196346,-0.137993,-0.006664,-0.012695,0.001397,5.327257,MOVE_JOINT
3.384000,0.427630,-0.196355,-0.137994,-0.006918,-0.011629,0.000711,5.328197,MOVE_JOINT
3.385000,0.427623,-0.196368,-0.137992,-0.006544,-0.011584,0.000959,5.328047,MOVE_JOINT
3.386000,0.427610,-0.196379,-0.137994,-0.008053,-0.011605,0.000377,5.326822,MOVE_JOINT
3.387000,0.427604,-0.196392,-0.137991,-0.007479,-0.011992,0.001196,5.324543,MOVE_JOINT
3.388000,0.427599,-0.196402,-0.137990,-0.007047,-0.011316,0.001009,5.321263,MOVE_JOINT
3.389000,0.427590,-0.196413,-0.137990,-0.008048,-0.011179,0.000568,5.317090,MOVE_JOINT
3.390000,0.427584,-0.196427,-0.137987,-0.007527,-0.012418,0.001410,5.312182,MOVE_JOINT
3.391000,0.427572,-0.196435,-0.137989,-0.008646,-0.010876,0.000439,5.306720,MOVE_JOINT
3.392000,0.427569,-0.196448,-0.137986,-0.007807,-0.011434,0.000979,5.300904,MOVE_JOINT
3.393000,0.427559,-0.196459,-0.137987,-0.009203,-0.011382,0.000268,5.294929,MOVE_JOINT
3.394000,0.427555,-0.196471,-0.137985,-0.007505,-0.011437,0.000665,5.288960,MOVE_JOINT
3.395000,0.427548,-0.196483,-0.137983,-0.006932,-0.010949,0.000722,5.283104,MOVE_JOINT
3.396000,0.427542,-0.196494,-0.137982,-0.006839,-0.010900,0.000834,5.277413,MOVE_JOINT
3.397000,0.427534,-0.196505,-0.137981,-0.007181,-0.011151,0.000886,5.271915,MOVE_JOINT
3.398000,0.427526,-0.196515,-0.137981,-0.007021,-0.010834,0.000753,5.266641,MOVE_JOINT
3.399000,0.427519,-0.196527,-0.137980,-0.006932,-0.010882,0.000789,5.261624,MOVE_JOINT
3.400000,0.427510,-0.196535,-0.137981,-0.007758,-0.009726,0.000021,5.256892,MOVE_JOINT
3.401000,0.427502,-0.196545,-0.137981,-0.008266,-0.009549,-0.000355,5.252434,MOVE_JOINT
3.402000,0.427496,-0.196557,-0.137980,-0.007721,-0.010094,0.000041,5.248187,MOVE_JOINT
3.403000,0.427495,-0.196571,-0.137975,-0.005393,-0.010932,0.001269,5.244055,MOVE_JOINT
3.404000,0.427486,-0.196579,-0.137975,-0.006462,-0.010038,0.000857,5.239974,MOVE_JOINT
3.405000,0.427477,-0.196590,-0.137975,-0.007509,-0.010560,0.000535,5.235970,MOVE_JOINT
3.406000,0.427471,-0.196601,-0.137974,-0.007091,-0.009970,0.000535,5.232138,MOVE_JOINT
3.407000,0.427468,-0.196613,-0.137972,-0.005418,-0.010459,0.001489,5.228608,MOVE_JOINT
3.408000,0.427464,-0.196624,-0.137969,-0.004674,-0.011077,0.002014,5.225526,MOVE_JOINT
3.409000,0.427452,-0.196636,-0.137969,-0.006634,-0.010966,0.001406,5.223082,MOVE_JOINT
3.410000,0.427445,-0.196645,-0.137969,-0.006503,-0.010450,0.001092,5.221484,MOVE_JOINT
3.411000,0.427442,-0.196657,-0.137965,-0.005070,-0.010754,0.001921,5.220913,MOVE_JOINT
3.412000,0.427433,-0.196666,-0.137964,-0.005548,-0.010542,0.002071,5.221499,MOVE_JOINT
3.413000,0.427425,-0.196679,-0.137965,-0.006569,-0.011156,0.001144,5.223339,MOVE_JOINT
3.414000,0.427422,-0.196689,-0.137961,-0.004879,-0.010718,0.002288,5.226487,MOVE_JOINT
3.415000,0.427415,-0.196700,-0.137961,-0.005024,-0.010709,0.001911,5.230949,MOVE_JOINT
3.416000,0.427406,-0.196711,-0.137961,-0.006172,-0.011154,0.001430,5.236678,MOVE_JOINT
3.417000,0.427399,-0.196724,-0.137961,-0.006232,-0.011616,0.001132,5.243558,MOVE_JOINT
3.418000,0.427392,-0.196733,-0.137959,-0.005690,-0.010415,0.001407,5.251366,MOVE_JOINT
3.419000,0.427384,-0.196743,-0.137959,-0.006252,-0.010273,0.001075,5.259786,MOVE_JOINT
3.420000,0.427374,-0.196752,-0.137961,-0.007331,-0.009658,0.000286,5.268470,MOVE_JOINT
3.421000,0.427370,-0.196763,-0.137959,-0.006608,-0.009822,0.000502,5.277065,MOVE_JOINT
3.422000,0.427362,-0.196775,-0.137957,-0.006741,-0.010201,0.000960,5.285219,MOVE_JOINT
3.423000,0.427356,-0.196781,-0.137958,-0.006799,-0.008955,0.000381,5.292617,MOVE_JOINT
3.424000,0.427355,-0.196794,-0.137955,-0.005510,-0.010260,0.001311,5.299018,MOVE_JOINT
3.425000,0.427349,-0.196805,-0.137952,-0.005782,-0.010458,0.001634,5.304272,MOVE_JOINT
3.426000,0.427337,-0.196815,-0.137955,-0.007967,-0.010137,-0.000035,5.308323,MOVE_JOINT
3.427000,0.427332,-0.196825,-0.137955,-0.006393,-0.010375,0.000676,5.311172,MOVE_JOINT
3.428000,0.427325,-0.196834,-0.137955,-0.007152,-0.009892,0.000306,5.312801,MOVE_JOINT
3.429000,0.427321,-0.196846,-0.137953,-0.006062,-0.010297,0.000720,5.313169,MOVE_JOINT
3.430000,0.427310,-0.196859,-0.137953,-0.007166,-0.011312,0.000534,5.312247,MOVE_JOINT
3.431000,0.427306,-0.196866,-0.137953,-0.005679,-0.009922,0.000579,5.310036,MOVE_JOINT
3.432000,0.427301,-0.196875,-0.137952,-0.006319,-0.009836,0.000585,5.306570,MOVE_JOINT
3.433000,0.427293,-0.196887,-0.137952,-0.007114,-0.010337,0.000174,5.301915,MOVE_JOINT
3.434000,0.427287,-0.196893,-0.137953,-0.006629,-0.009561,-0.000082,5.296158,MOVE_JOINT
3.435000,0.427285,-0.196906,-0.137949,-0.005151,-0.010912,0.001317,5.289395,MOVE_JOINT
3.436000,0.427279,-0.196913,-0.137949,-0.005208,-0.009616,0.000941,5.281745,MOVE_JOINT
3.437000,0.427273,-0.196923,-0.137948,-0.005328,-0.009296,0.001034,5.273393,MOVE_JOINT
3.438000,0.427266,-0.196932,-0.137948,-0.005541,-0.009311,0.000918,5.264600,MOVE_JOINT
3.439000,0.427260,-0.196944,-0.137948,-0.005037,-0.010215,0.001204,5.255673,MOVE_JOINT
3.440000,0.427254,-0.196950,-0.137948,-0.005148,-0.009341,0.001082,5.246917,MOVE_JOINT
3.441000,0.427247,-0.196961,-0.137949,-0.005719,-0.010065,0.000518,5.238606,MOVE_JOINT
3.442000,0.427244,-0.196969,-0.137947,-0.005732,-0.009519,0.000515,5.230930,MOVE_JOINT
3.443000,0.427240,-0.196978,-0.137945,-0.004784,-0.009004,0.000777,5.223973,MOVE_JOINT
3.444000,0.427233,-0.196987,-0.137945,-0.005425,-0.008927,0.000318,5.217746,MOVE_JOINT
3.445000,0.427229,-0.197000,-0.137943,-0.004930,-0.010175,0.001026,5.212228,MOVE_JOINT
3.446000,0.427220,-0.197005,-0.137946,-0.006664,-0.007962,-0.000751,5.207383,MOVE_JOINT
3.447000,0.427222,-0.197017,-0.137941,-0.003673,-0.009185,0.001356,5.203154,MOVE_JOINT
3.448000,0.427216,-0.197025,-0.137940,-0.004072,-0.009596,0.001582,5.199489,MOVE_JOINT
3.449000,0.427210,-0.197035,-0.137940,-0.004232,-0.009691,0.001456,5.196421,MOVE_JOINT
3.450000,0.427206,-0.197041,-0.137940,-0.005155,-0.008254,0.000535,5.194085,MOVE_JOINT
3.451000,0.427202,-0.197055,-0.137936,-0.004124,-0.010402,0.001995,5.192650,MOVE_JOINT
3.452000,0.427198,-0.197060,-0.137936,-0.004503,-0.008608,0.001164,5.192271,MOVE_JOINT
3.453000,0.427190,-0.197072,-0.137935,-0.006237,-0.009448,0.000725,5.193071,MOVE_JOINT
3.454000,0.427191,-0.197081,-0.137932,-0.004126,-0.009847,0.001575,5.195118,MOVE_JOINT
3.455000,0.427182,-0.197088,-0.137934,-0.005757,-0.008259,0.000152,5.198394,MOVE_JOINT
3.456000,0.427177,-0.197096,-0.137935,-0.006790,-0.008168,-0.000651,5.202780,MOVE_JOINT
3.457000,0.427171,-0.197104,-0.137933,-0.006612,-0.008173,-0.000229,5.208023,MOVE_JOINT
3.458000,0.427172,-0.197116,-0.137929,-0.004881,-0.009072,0.000968,5.213760,MOVE_JOINT
3.459000,0.427165,-0.197124,-0.137930,-0.006315,-0.008459,-0.000422,5.219625,MOVE_JOINT
3.460000,0.427160,-0.197134,-0.137929,-0.005765,-0.008881,0.000157,5.225304,MOVE_JOINT
3.461000,0.427155,-0.197143,-0.137929,-0.005581,-0.008642,-0.000020,5.230522,MOVE_JOINT
3.462000,0.427153,-0.197153,-0.137926,-0.004660,-0.009323,0.000935,5.235037,MOVE_JOINT
3.463000,0.427152,-0.197161,-0.137923,-0.004612,-0.009020,0.001484,5.238700,MOVE_JOINT
3.464000,0.427149,-0.197167,-0.137923,-0.004067,-0.007711,0.000800,5.241510,MOVE_JOINT
3.465000,0.427143,-0.197180,-0.137922,-0.003836,-0.009063,0.001013,5.243610,MOVE_JOINT
3.466000,0.427133,-0.197189,-0.137923,-0.005482,-0.009384,0.000343,5.245188,MOVE_JOINT
3.467000,0.427130,-0.197197,-0.137922,-0.004684,-0.008797,0.000740,5.246388,MOVE_JOINT
3.468000,0.427125,-0.197206,-0.137922,-0.005009,-0.009230,0.000694,5.247291,MOVE_JOINT
3.469000,0.427122,-0.197216,-0.137920,-0.004817,-0.009310,0.000622,5.247944,MOVE_JOINT
3.470000,0.427119,-0.197225,-0.137917,-0.003951,-0.009611,0.001414,5.248389,MOVE_JOINT
3.471000,0.427112,-0.197229,-0.137920,-0.004544,-0.007738,0.000579,5.248680,MOVE_JOINT
3.472000,0.427108,-0.197241,-0.137919,-0.005443,-0.008394,-0.000194,5.248892,MOVE_JOINT
3.473000,0.427104,-0.197252,-0.137916,-0.004818,-0.008805,0.000633,5.249075,MOVE_JOINT
3.474000,0.427101,-0.197261,-0.137914,-0.004590,-0.008668,0.000549,5.249227,MOVE_JOINT
3.475000,0.427098,-0.197271,-0.137913,-0.004052,-0.008865,0.000927,5.249339,MOVE_JOINT
3.476000,0.427091,-0.197278,-0.137914,-0.004975,-0.008058,0.000117,5.249423,MOVE_JOINT
3.477000,0.427088,-0.197288,-0.137912,-0.004222,-0.008720,0.000817,5.249506,MOVE_JOINT
3.478000,0.427083,-0.197296,-0.137912,-0.004153,-0.008018,0.000650,5.249613,MOVE_JOINT
3.479000,0.427079,-0.197307,-0.137911,-0.004425,-0.009259,0.000438,5.249765,MOVE_JOINT
3.480000,0.427075,-0.197314,-0.137909,-0.005100,-0.008379,0.000344,5.249964,MOVE_JOINT
3.481000,0.427072,-0.197323,-0.137908,-0.004678,-0.008790,0.000652,5.250187,MOVE_JOINT
3.482000,0.427067,-0.197330,-0.137908,-0.005046,-0.008177,0.000125,5.250398,MOVE_JOINT
3.483000,0.427062,-0.197337,-0.137908,-0.004363,-0.007251,0.000199,5.250575,MOVE_JOINT
3.484000,0.427058,-0.197345,-0.137907,-0.004599,-0.007196,0.000051,5.250698,MOVE_JOINT
3.485000,0.427055,-0.197353,-0.137906,-0.004282,-0.007055,0.000280,5.250753,MOVE_JOINT
3.486000,0.427053,-0.197359,-0.137904,-0.003973,-0.007028,0.000764,5.250746,MOVE_JOINT
3.487000,0.427044,-0.197371,-0.137905,-0.005150,-0.008378,0.000400,5.250732,MOVE_JOINT
3.488000,0.427042,-0.197379,-0.137903,-0.003863,-0.008181,0.000804,5.250810,MOVE_JOINT
3.489000,0.427037,-0.197388,-0.137903,-0.005145,-0.008092,0.000267,5.251090,MOVE_JOINT
3.490000,0.427034,-0.197397,-0.137901,-0.004561,-0.008705,0.000839,5.251652,MOVE_JOINT
3.491000,0.427026,-0.197401,-0.137904,-0.005822,-0.007733,-0.000277,5.252543,MOVE_JOINT
3.492000,0.427026,-0.197411,-0.137899,-0.003967,-0.008825,0.001290,5.253765,MOVE_JOINT
3.493000,0.427024,-0.197418,-0.137898,-0.003719,-0.008203,0.000951,5.255306,MOVE_JOINT
3.494000,0.427019,-0.197429,-0.137898,-0.004518,-0.009094,0.000715,5.257167,MOVE_JOINT
3.495000,0.427009,-0.197435,-0.137901,-0.006218,-0.008390,-0.000437,5.259348,MOVE_JOINT
3.496000,0.427005,-0.197443,-0.137900,-0.005956,-0.008321,-0.000422,5.261771,MOVE_JOINT
3.497000,0.427002,-0.197452,-0.137899,-0.005971,-0.008100,-0.000445,5.264246,MOVE_JOINT
3.498000,0.426997,-0.197461,-0.137898,-0.005576,-0.008342,-0.000043,5.266510,MOVE_JOINT
3.499000,0.426994,-0.197470,-0.137898,-0.005536,-0.008854,-0.000140,5.268307,MOVE_JOINT
3.500000,0.426994,-0.197476,-0.137895,-0.004525,-0.008089,0.000423,5.269443,MOVE_JOINT
3.501000,0.426988,-0.197485,-0.137896,-0.004953,-0.008647,0.000010,5.269811,MOVE_JOINT
3.502000,0.426981,-0.197493,-0.137897,-0.005836,-0.008361,-0.000544,5.269373,MOVE_JOINT
3.503000,0.426978,-0.197497,-0.137896,-0.004500,-0.007483,0.000247,5.268127,MOVE_JOINT
3.504000,0.426972,-0.197507,-0.137897,-0.004716,-0.008387,0.000249,5.266093,MOVE_JOINT
3.505000,0.426972,-0.197515,-0.137893,-0.003270,-0.007944,0.001066,5.263354,MOVE_JOINT
3.506000,0.426968,-0.197523,-0.137894,-0.003741,-0.008215,0.000585,5.260081,MOVE_JOINT
3.507000,0.426961,-0.197530,-0.137894,-0.004979,-0.008329,0.000287,5.256501,MOVE_JOINT
3.508000,0.426958,-0.197540,-0.137893,-0.004953,-0.008588,0.000236,5.252834,MOVE_JOINT
3.509000,0.426954,-0.197546,-0.137892,-0.004214,-0.007862,0.000677,5.249250,MOVE_JOINT
3.510000,0.426950,-0.197554,-0.137892,-0.004157,-0.008264,0.000699,5.245883,MOVE_JOINT
3.511000,0.426946,-0.197563,-0.137892,-0.003982,-0.008372,0.000558,5.242868,MOVE_JOINT
3.512000,0.426946,-0.197570,-0.137889,-0.002815,-0.007861,0.001123,5.240334,MOVE_JOINT
3.513000,0.426941,-0.197579,-0.137889,-0.003519,-0.008593,0.001066,5.238384,MOVE_JOINT
3.514000,0.426933,-0.197585,-0.137892,-0.004581,-0.007925,0.000203,5.237101,MOVE_JOINT
3.515000,0.426933,-0.197594,-0.137888,-0.003575,-0.008216,0.001232,5.236533,MOVE_JOINT
3.516000,0.426928,-0.197602,-0.137889,-0.004615,-0.007953,0.000271,5.236696,MOVE_JOINT
3.517000,0.426925,-0.197607,-0.137889,-0.004145,-0.007126,0.000016,5.237566,MOVE_JOINT
3.518000,0.426920,-0.197614,-0.137889,-0.004655,-0.007682,0.000105,5.239062,MOVE_JOINT
3.519000,0.426916,-0.197622,-0.137889,-0.004451,-0.007763,0.000237,5.241027,MOVE_JOINT
3.520000,0.426913,-0.197628,-0.137889,-0.004888,-0.007349,-0.000113,5.243267,MOVE_JOINT
3.521000,0.426911,-0.197632,-0.137889,-0.003898,-0.006697,0.000066,5.245587,MOVE_JOINT
3.522000,0.426905,-0.197641,-0.137888,-0.004470,-0.007007,0.000210,5.247816,MOVE_JOINT
3.523000,0.426901,-0.197649,-0.137888,-0.003875,-0.007094,0.000249,5.249837,MOVE_JOINT
3.524000,0.426897,-0.197656,-0.137887,-0.004136,-0.007061,0.000503,5.251598,MOVE_JOINT
3.525000,0.426893,-0.197664,-0.137888,-0.005299,-0.007824,-0.000312,5.253111,MOVE_JOINT
3.526000,0.426890,-0.197670,-0.137888,-0.004645,-0.007428,-0.000094,5.254399,MOVE_JOINT
3.527000,0.426886,-0.197677,-0.137888,-0.004566,-0.007001,-0.000339,5.255459,MOVE_JOINT
3.528000,0.426883,-0.197687,-0.137886,-0.004319,-0.008178,0.000224,5.256250,MOVE_JOINT
3.529000,0.426880,-0.197691,-0.137887,-0.004173,-0.007067,0.000084,5.256725,MOVE_JOINT
3.530000,0.426878,-0.197699,-0.137885,-0.003541,-0.007565,0.000517,5.256873,MOVE_JOINT
3.531000,0.426874,-0.197703,-0.137886,-0.003421,-0.006189,-0.000083,5.256726,MOVE_JOINT
3.532000,0.426868,-0.197710,-0.137887,-0.004013,-0.006088,-0.000292,5.256345,MOVE_JOINT
3.533000,0.426865,-0.197715,-0.137887,-0.002910,-0.005698,0.000016,5.255778,MOVE_JOINT
3.534000,0.426860,-0.197722,-0.137887,-0.003480,-0.006558,0.000240,5.255055,MOVE_JOINT
3.535000,0.426855,-0.197729,-0.137887,-0.003342,-0.006338,0.000239,5.254213,MOVE_JOINT
3.536000,0.426855,-0.197738,-0.137886,-0.002484,-0.007086,0.000550,5.253309,MOVE_JOINT
3.537000,0.426844,-0.197741,-0.137889,-0.005804,-0.005854,-0.001193,5.252404,MOVE_JOINT
3.538000,0.426847,-0.197748,-0.137885,-0.003196,-0.006286,0.000426,5.251528,MOVE_JOINT
3.539000,0.426843,-0.197752,-0.137887,-0.003409,-0.005659,-0.000126,5.250672,MOVE_JOINT
3.540000,0.426835,-0.197761,-0.137887,-0.004989,-0.006484,-0.000532,5.249825,MOVE_JOINT
3.541000,0.426834,-0.197764,-0.137887,-0.003974,-0.005113,-0.000380,5.248972,MOVE_JOINT
3.542000,0.426828,-0.197771,-0.137888,-0.004615,-0.005745,-0.000650,5.248087,MOVE_JOINT
3.543000,0.426824,-0.197777,-0.137888,-0.004318,-0.006365,-0.000434,5.247131,MOVE_JOINT
3.544000,0.426824,-0.197783,-0.137886,-0.003027,-0.006224,0.000552,5.246067,MOVE_JOINT
3.545000,0.426817,-0.197789,-0.137888,-0.003807,-0.006390,0.000024,5.244894,MOVE_JOINT
3.546000,0.426811,-0.197792,-0.137890,-0.004615,-0.005602,-0.000570,5.243662,MOVE_JOINT
3.547000,0.426808,-0.197797,-0.137890,-0.004295,-0.005811,-0.000302,5.242442,MOVE_JOINT
3.548000,0.426809,-0.197803,-0.137887,-0.003209,-0.005828,0.000406,5.241289,MOVE_JOINT
3.549000,0.426801,-0.197808,-0.137888,-0.004977,-0.005366,-0.000278,5.240261,MOVE_JOINT
3.550000,0.426800,-0.197814,-0.137887,-0.002904,-0.006064,0.000550,5.239441,MOVE_JOINT
3.551000,0.426799,-0.197819,-0.137887,-0.002157,-0.006007,0.000815,5.238935,MOVE_JOINT
3.552000,0.426792,-0.197826,-0.137888,-0.003755,-0.005949,0.000051,5.238848,MOVE_JOINT
3.553000,0.426789,-0.197829,-0.137888,-0.002942,-0.005582,0.000578,5.239266,MOVE_JOINT
3.554000,0.426783,-0.197836,-0.137890,-0.003333,-0.005843,0.000080,5.240243,MOVE_JOINT
3.555000,0.426779,-0.197840,-0.137890,-0.003817,-0.005498,-0.000128,5.241788,MOVE_JOINT
3.556000,0.426778,-0.197848,-0.137887,-0.002543,-0.006279,0.000993,5.243867,MOVE_JOINT
3.557000,0.426769,-0.197851,-0.137891,-0.004749,-0.004970,-0.000824,5.246419,MOVE_JOINT
3.558000,0.426769,-0.197857,-0.137890,-0.002975,-0.005242,-0.000010,5.249371,MOVE_JOINT
3.559000,0.426765,-0.197863,-0.137891,-0.002913,-0.005287,0.000152,5.252603,MOVE_JOINT
3.560000,0.426768,-0.197864,-0.137888,-0.001669,-0.004139,0.000678,5.255973,MOVE_JOINT
3.561000,0.426757,-0.197871,-0.137890,-0.004634,-0.004410,-0.000671,5.259378,MOVE_JOINT
3.562000,0.426758,-0.197875,-0.137890,-0.003449,-0.004527,-0.000386,5.262759,MOVE_JOINT
3.563000,0.426754,-0.197881,-0.137890,-0.004026,-0.005133,-0.000560,5.266054,MOVE_JOINT
3.564000,0.426751,-0.197884,-0.137891,-0.003360,-0.004456,-0.000535,5.269158,MOVE_JOINT
3.565000,0.426744,-0.197891,-0.137892,-0.004650,-0.005091,-0.000924,5.271933,MOVE_JOINT
3.566000,0.426742,-0.197895,-0.137890,-0.004145,-0.004983,-0.000162,5.274233,MOVE_JOINT
3.567000,0.426738,-0.197901,-0.137891,-0.004436,-0.005454,-0.000599,5.275949,MOVE_JOINT
3.568000,0.426737,-0.197904,-0.137891,-0.003807,-0.004807,-0.000206,5.277041,MOVE_JOINT
3.569000,0.426729,-0.197910,-0.137894,-0.005072,-0.004975,-0.001152,5.277517,MOVE_JOINT
3.570000,0.426727,-0.197913,-0.137894,-0.003780,-0.004235,-0.000521,5.277400,MOVE_JOINT
3.571000,0.426730,-0.197920,-0.137890,-0.001751,-0.005191,0.000977,5.276721,MOVE_JOINT
3.572000,0.426722,-0.197925,-0.137893,-0.003412,-0.005023,-0.000322,5.275566,MOVE_JOINT
3.573000,0.426720,-0.197930,-0.137890,-0.003342,-0.005066,0.000339,5.274094,MOVE_JOINT
3.574000,0.426716,-0.197933,-0.137892,-0.003804,-0.004851,0.000027,5.272494,MOVE_JOINT
3.575000,0.426713,-0.197942,-0.137891,-0.003478,-0.006548,0.000532,5.270953,MOVE_JOINT
3.576000,0.426708,-0.197943,-0.137893,-0.003747,-0.005255,0.000109,5.269638,MOVE_JOINT
3.577000,0.426704,-0.197950,-0.137893,-0.003995,-0.005325,-0.000144,5.268680,MOVE_JOINT
3.578000,0.426701,-0.197955,-0.137893,-0.004210,-0.005477,-0.000210,5.268144,MOVE_JOINT
3.579000,0.426699,-0.197957,-0.137894,-0.003584,-0.004447,-0.000468,5.268018,MOVE_JOINT
3.580000,0.426699,-0.197964,-0.137891,-0.003301,-0.005517,0.000383,5.268227,MOVE_JOINT
3.581000,0.426693,-0.197970,-0.137892,-0.004187,-0.005837,-0.000238,5.268665,MOVE_JOINT
3.582000,0.426692,-0.197974,-0.137891,-0.003028,-0.005530,0.000327,5.269245,MOVE_JOINT
3.583000,0.426686,-0.197975,-0.137894,-0.004902,-0.004462,-0.000929,5.269903,MOVE_JOINT
3.584000,0.426685,-0.197981,-0.137892,-0.003173,-0.005156,-0.000228,5.270571,MOVE_JOINT
3.585000,0.426680,-0.197983,-0.137894,-0.003386,-0.003995,-0.000544,5.271158,MOVE_JOINT
3.586000,0.426680,-0.197989,-0.137892,-0.002509,-0.004385,-0.000159,5.271559,MOVE_JOINT
3.587000,0.426676,-0.197990,-0.137894,-0.002764,-0.003208,-0.000385,5.271684,MOVE_JOINT
3.588000,0.426674,-0.197999,-0.137892,-0.002824,-0.004916,0.000081,5.271487,MOVE_JOINT
3.589000,0.426669,-0.198000,-0.137893,-0.003358,-0.003797,-0.000341,5.270971,MOVE_JOINT
3.590000,0.426670,-0.198003,-0.137892,-0.001845,-0.003790,0.000500,5.270188,MOVE_JOINT
3.591000,0.426665,-0.198010,-0.137891,-0.002012,-0.005152,0.001238,5.269250,MOVE_JOINT
3.592000,0.426658,-0.198014,-0.137894,-0.003417,-0.005025,0.000092,5.268344,MOVE_JOINT
3.593000,0.426658,-0.198015,-0.137893,-0.002962,-0.003704,0.000190,5.267697,MOVE_JOINT
3.594000,0.426657,-0.198020,-0.137892,-0.002389,-0.004113,0.000524,5.267492,MOVE_JOINT
3.595000,0.426654,-0.198022,-0.137893,-0.002056,-0.003185,0.000079,5.267834,MOVE_JOINT
3.596000,0.426651,-0.198025,-0.137893,-0.002348,-0.003346,0.000075,5.268760,MOVE_JOINT
3.597000,0.426649,-0.198027,-0.137894,-0.001811,-0.002870,-0.000024,5.270229,MOVE_JOINT
3.598000,0.426645,-0.198032,-0.137894,-0.002144,-0.003398,0.000146,5.272132,MOVE_JOINT
3.599000,0.426647,-0.198036,-0.137892,-0.001187,-0.003181,0.000364,5.274313,MOVE_JOINT
3.600000,0.426646,-0.198036,-0.137891,-0.001346,-0.002348,0.000452,5.276614,MOVE_JOINT
3.601000,0.426646,-0.198042,-0.137890,-0.001440,-0.003330,0.000301,5.278907,MOVE_JOINT
3.602000,0.426639,-0.198044,-0.137893,-0.002919,-0.002738,-0.000314,5.281104,MOVE_JOINT
3.603000,0.426639,-0.198049,-0.137892,-0.002055,-0.003288,0.000086,5.283120,MOVE_JOINT
3.604000,0.426634,-0.198055,-0.137892,-0.002150,-0.004156,0.000284,5.284865,MOVE_JOINT
3.605000,0.426636,-0.198054,-0.137891,-0.000763,-0.002512,0.000592,5.286262,MOVE_JOINT
3.606000,0.426629,-0.198056,-0.137894,-0.002546,-0.002807,-0.000155,5.287274,MOVE_JOINT
3.607000,0.426630,-0.198060,-0.137892,-0.001745,-0.003287,0.000257,5.287911,MOVE_JOINT
3.608000,0.426629,-0.198065,-0.137891,-0.001969,-0.003572,0.000340,5.288198,MOVE_JOINT
3.609000,0.426624,-0.198066,-0.137893,-0.002781,-0.002546,-0.000328,5.288160,MOVE_JOINT
3.610000,0.426624,-0.198071,-0.137892,-0.001877,-0.003156,0.000008,5.287818,MOVE_JOINT
3.611000,0.426623,-0.198073,-0.137890,-0.002143,-0.002915,0.000357,5.287176,MOVE_JOINT
3.612000,0.426617,-0.198077,-0.137893,-0.003362,-0.003793,-0.000314,5.286241,MOVE_JOINT
3.613000,0.426618,-0.198080,-0.137891,-0.002213,-0.003363,0.000293,5.285036,MOVE_JOINT
3.614000,0.426618,-0.198084,-0.137890,-0.001571,-0.003781,0.000579,5.283596,MOVE_JOINT
3.615000,0.426616,-0.198083,-0.137891,-0.002595,-0.002271,-0.000394,5.281974,MOVE_JOINT
3.616000,0.426612,-0.198084,-0.137892,-0.002748,-0.002142,-0.000344,5.280227,MOVE_JOINT
3.617000,0.426608,-0.198091,-0.137892,-0.003378,-0.003580,-0.000458,5.278380,MOVE_JOINT
3.618000,0.426609,-0.198095,-0.137890,-0.002032,-0.003718,0.000352,5.276418,MOVE_JOINT
3.619000,0.426605,-0.198096,-0.137892,-0.003394,-0.002907,-0.000550,5.274310,MOVE_JOINT
3.620000,0.426610,-0.198098,-0.137889,-0.000007,-0.002390,0.000843,5.272035,MOVE_JOINT
3.621000,0.426602,-0.198102,-0.137892,-0.002012,-0.003053,-0.000204,5.269600,MOVE_JOINT
3.622000,0.426601,-0.198106,-0.137891,-0.001761,-0.002709,-0.000032,5.267034,MOVE_JOINT
3.623000,0.426597,-0.198106,-0.137893,-0.001779,-0.002286,-0.000063,5.264360,MOVE_JOINT
3.624000,0.426593,-0.198110,-0.137893,-0.003396,-0.003098,-0.000346,5.261588,MOVE_JOINT
3.625000,0.426593,-0.198114,-0.137892,-0.002589,-0.003350,-0.000038,5.258725,MOVE_JOINT
3.626000,0.426592,-0.198115,-0.137892,-0.002566,-0.002444,-0.000060,5.255792,MOVE_JOINT
3.627000,0.426588,-0.198118,-0.137893,-0.003001,-0.002966,-0.000279,5.252821,MOVE_JOINT
3.628000,0.426587,-0.198122,-0.137893,-0.002574,-0.003090,-0.000371,5.249852,MOVE_JOINT
3.629000,0.426583,-0.198126,-0.137894,-0.002864,-0.003607,-0.000303,5.246906,MOVE_JOINT
3.630000,0.426585,-0.198127,-0.137891,-0.001189,-0.003126,0.000733,5.243978,MOVE_JOINT
3.631000,0.426583,-0.198126,-0.137893,-0.001878,-0.002012,-0.000151,5.241071,MOVE_JOINT
3.632000,0.426580,-0.198130,-0.137893,-0.001284,-0.002418,0.000238,5.238236,MOVE_JOINT
3.633000,0.426580,-0.198133,-0.137892,-0.000766,-0.002405,0.000722,5.235552,MOVE_JOINT
3.634000,0.426576,-0.198134,-0.137894,-0.001950,-0.002268,-0.000165,5.233112,MOVE_JOINT
3.635000,0.426575,-0.198134,-0.137894,-0.001642,-0.001329,-0.000234,5.231005,MOVE_JOINT
3.636000,0.426573,-0.198140,-0.137894,-0.001601,-0.002460,-0.000008,5.229275,MOVE_JOINT
3.637000,0.426574,-0.198142,-0.137893,0.000213,-0.001729,0.000657,5.227921,MOVE_JOINT
3.638000,0.426568,-0.198144,-0.137896,-0.001555,-0.002015,-0.000531,5.226919,MOVE_JOINT
3.639000,0.426562,-0.198145,-0.137897,-0.002280,-0.001331,-0.000624,5.226231,MOVE_JOINT
3.640000,0.426563,-0.198151,-0.137895,-0.001229,-0.002862,0.000258,5.225771,MOVE_JOINT
3.641000,0.426557,-0.198151,-0.137898,-0.002831,-0.002116,-0.000716,5.225431,MOVE_JOINT
3.642000,0.426559,-0.198154,-0.137895,-0.001616,-0.002277,0.000287,5.225111,MOVE_JOINT
3.643000,0.426560,-0.198153,-0.137895,-0.001576,-0.001196,-0.000068,5.224749,MOVE_JOINT
3.644000,0.426556,-0.198157,-0.137896,-0.002588,-0.001809,-0.000304,5.224338,MOVE_JOINT
3.645000,0.426557,-0.198159,-0.137895,-0.001421,-0.001489,-0.000072,5.223914,MOVE_JOINT
3.646000,0.426551,-0.198161,-0.137897,-0.002448,-0.001333,-0.000481,5.223521,MOVE_JOINT
3.647000,0.426550,-0.198163,-0.137895,-0.001677,-0.001653,0.000054,5.223184,MOVE_JOINT
3.648000,0.426545,-0.198164,-0.137899,-0.003134,-0.001483,-0.001223,5.222904,MOVE_JOINT
3.649000,0.426544,-0.198166,-0.137899,-0.002174,-0.001416,-0.000619,5.222637,MOVE_JOINT
3.650000,0.426542,-0.198169,-0.137899,-0.002978,-0.002174,-0.000453,5.222284,MOVE_JOINT
3.651000,0.426542,-0.198172,-0.137897,-0.002779,-0.002388,-0.000309,5.221738,MOVE_JOINT
3.652000,0.426542,-0.198175,-0.137896,-0.002282,-0.002998,0.000066,5.220943,MOVE_JOINT
3.653000,0.426540,-0.198175,-0.137897,-0.002125,-0.002584,0.000044,5.219907,MOVE_JOINT
3.654000,0.426538,-0.198179,-0.137897,-0.002167,-0.003165,0.000304,5.218696,MOVE_JOINT
3.655000,0.426537,-0.198180,-0.137897,-0.001993,-0.002288,-0.000206,5.217409,MOVE_JOINT
3.656000,0.426534,-0.198183,-0.137897,-0.001370,-0.002873,0.000354,5.216150,MOVE_JOINT
3.657000,0.426530,-0.198186,-0.137898,-0.002127,-0.002249,-0.000153,5.215007,MOVE_JOINT
3.658000,0.426532,-0.198188,-0.137897,-0.001749,-0.002215,0.000211,5.214036,MOVE_JOINT
3.659000,0.426527,-0.198188,-0.137899,-0.002590,-0.001384,-0.000665,5.213265,MOVE_JOINT
3.660000,0.426526,-0.198193,-0.137897,-0.002283,-0.002840,-0.000064,5.212692,MOVE_JOINT
3.661000,0.426525,-0.198195,-0.137897,-0.002251,-0.002620,-0.000277,5.212280,MOVE_JOINT
3.662000,0.426518,-0.198197,-0.137901,-0.003435,-0.002238,-0.001350,5.211958,MOVE_JOINT
3.663000,0.426520,-0.198197,-0.137899,-0.001883,-0.002408,-0.000254,5.211600,MOVE_JOINT
3.664000,0.426519,-0.198200,-0.137899,-0.001332,-0.002527,0.000261,5.211049,MOVE_JOINT
3.665000,0.426517,-0.198202,-0.137899,-0.001751,-0.002421,0.000356,5.210199,MOVE_JOINT
3.666000,0.426511,-0.198203,-0.137901,-0.002735,-0.001990,-0.000475,5.209063,MOVE_JOINT
3.667000,0.426510,-0.198205,-0.137901,-0.001081,-0.002210,0.000417,5.207749,MOVE_JOINT
3.668000,0.426510,-0.198208,-0.137901,-0.001242,-0.002214,-0.000048,5.206401,MOVE_JOINT
3.669000,0.426505,-0.198211,-0.137902,-0.002638,-0.002257,-0.000722,5.205145,MOVE_JOINT
3.670000,0.426507,-0.198210,-0.137900,-0.000723,-0.001289,0.000413,5.204059,MOVE_JOINT
3.671000,0.426504,-0.198213,-0.137901,-0.001951,-0.001176,-0.000310,5.203174,MOVE_JOINT
3.672000,0.426502,-0.198217,-0.137900,-0.002384,-0.002304,-0.000218,5.202521,MOVE_JOINT
3.673000,0.426500,-0.198218,-0.137901,-0.002867,-0.002023,-0.000787,5.202123,MOVE_JOINT
3.674000,0.426498,-0.198220,-0.137901,-0.002603,-0.001813,-0.000671,5.201954,MOVE_JOINT
3.675000,0.426498,-0.198221,-0.137900,-0.001562,-0.001732,-0.000119,5.201929,MOVE_JOINT
3.676000,0.426496,-0.198222,-0.137900,-0.002323,-0.001324,-0.000511,5.201943,MOVE_JOINT
3.677000,0.426493,-0.198226,-0.137901,-0.002825,-0.002195,-0.000610,5.201919,MOVE_JOINT
3.678000,0.426494,-0.198227,-0.137900,-0.001744,-0.001921,-0.000253,5.201807,MOVE_JOINT
3.679000,0.426491,-0.198230,-0.137900,-0.002855,-0.002174,-0.000401,5.201582,MOVE_JOINT
3.680000,0.426487,-0.198231,-0.137902,-0.003297,-0.002084,-0.000943,5.201238,MOVE_JOINT
3.681000,0.426489,-0.198232,-0.137900,-0.001590,-0.002007,0.000050,5.200785,MOVE_JOINT
3.682000,0.426486,-0.198233,-0.137901,-0.001891,-0.001848,-0.000087,5.200251,MOVE_JOINT
3.683000,0.426483,-0.198234,-0.137901,-0.002256,-0.001851,0.000159,5.199710,MOVE_JOINT
3.684000,0.426483,-0.198235,-0.137901,-0.001468,-0.001750,0.000058,5.199299,MOVE_JOINT
3.685000,0.426481,-0.198232,-0.137904,-0.002013,0.000070,-0.001143,5.199185,MOVE_JOINT
3.686000,0.426481,-0.198239,-0.137902,-0.002146,-0.001416,-0.000621,5.199485,MOVE_JOINT
3.687000,0.426483,-0.198244,-0.137897,-0.001087,-0.002273,0.000494,5.200222,MOVE_JOINT
3.688000,0.426479,-0.198241,-0.137900,-0.002275,-0.000193,-0.000645,5.201382,MOVE_JOINT
3.689000,0.426482,-0.198243,-0.137899,-0.000708,-0.000509,0.000050,5.202971,MOVE_JOINT
3.690000,0.426477,-0.198247,-0.137899,-0.001866,-0.001712,-0.000071,5.205019,MOVE_JOINT
3.691000,0.426480,-0.198244,-0.137898,-0.000223,-0.000107,0.000304,5.207559,MOVE_JOINT
3.692000,0.426479,-0.198247,-0.137898,-0.000469,-0.000512,0.000173,5.210632,MOVE_JOINT
3.693000,0.426472,-0.198248,-0.137901,-0.002672,-0.000754,-0.001006,5.214270,MOVE_JOINT
3.694000,0.426476,-0.198250,-0.137898,-0.000735,-0.001734,0.000678,5.218462,MOVE_JOINT
3.695000,0.426471,-0.198250,-0.137900,-0.001298,-0.000675,-0.000161,5.223145,MOVE_JOINT
3.696000,0.426468,-0.198254,-0.137900,-0.002214,-0.001816,-0.000147,5.228245,MOVE_JOINT
3.697000,0.426468,-0.198255,-0.137900,-0.001118,-0.001414,0.000226,5.233685,MOVE_JOINT
3.698000,0.426469,-0.198256,-0.137900,-0.000320,-0.001832,0.000511,5.239386,MOVE_JOINT
3.699000,0.426466,-0.198256,-0.137900,-0.000874,-0.001200,0.000439,5.245279,MOVE_JOINT
3.700000,0.426465,-0.198256,-0.137901,-0.001194,-0.001438,0.000308,5.251332,MOVE_JOINT
3.701000,0.426466,-0.198261,-0.137899,-0.000369,-0.002097,0.000678,5.257543,MOVE_JOINT
3.702000,0.426464,-0.198262,-0.137900,-0.001480,-0.001825,0.000178,5.263925,MOVE_JOINT
3.703000,0.426461,-0.198262,-0.137901,-0.001986,-0.001550,-0.000128,5.270469,MOVE_JOINT
3.704000,0.426459,-0.198263,-0.137901,-0.001608,-0.001058,-0.000273,5.277119,MOVE_JOINT
3.705000,0.426452,-0.198264,-0.137903,-0.002769,-0.001136,-0.000580,5.283772,MOVE_JOINT
3.706000,0.426457,-0.198262,-0.137901,-0.000526,-0.000461,0.000347,5.290293,MOVE_JOINT
3.707000,0.426457,-0.198265,-0.137901,-0.000436,-0.001599,0.000213,5.296562,MOVE_JOINT
3.708000,0.426453,-0.198267,-0.137902,-0.001150,-0.001259,-0.000099,5.302500,MOVE_JOINT
3.709000,0.426450,-0.198269,-0.137904,-0.001630,-0.001422,-0.000583,5.308038,MOVE_JOINT
3.710000,0.426451,-0.198272,-0.137902,0.000073,-0.001923,0.000745,5.313093,MOVE_JOINT
3.711000,0.426445,-0.198270,-0.137905,-0.002007,-0.000461,-0.000865,5.317576,MOVE_JOINT
3.712000,0.426451,-0.198271,-0.137902,0.000693,-0.001105,0.000731,5.321430,MOVE_JOINT
3.713000,0.426444,-0.198273,-0.137905,-0.000948,-0.001636,-0.000028,5.324634,MOVE_JOINT
3.714000,0.426446,-0.198275,-0.137903,-0.000423,-0.001285,0.000584,5.327213,MOVE_JOINT
3.715000,0.426445,-0.198276,-0.137903,0.000303,-0.000843,0.000553,5.329238,MOVE_JOINT
3.716000,0.426443,-0.198275,-0.137904,-0.000708,-0.000357,-0.000221,5.330821,MOVE_JOINT
3.717000,0.426441,-0.198278,-0.137904,-0.001043,-0.001403,-0.000101,5.332070,MOVE_JOINT
3.718000,0.426436,-0.198281,-0.137906,-0.002837,-0.002110,-0.000744,5.333030,MOVE_JOINT
3.719000,0.426434,-0.198282,-0.137906,-0.002131,-0.001411,-0.000274,5.333660,MOVE_JOINT
3.720000,0.426433,-0.198281,-0.137906,-0.002055,-0.000916,-0.000253,5.333875,MOVE_JOINT
3.721000,0.426437,-0.198284,-0.137902,-0.000443,-0.001444,0.000609,5.333616,MOVE_JOINT
3.722000,0.426432,-0.198281,-0.137907,-0.001231,-0.000294,-0.000482,5.332897,MOVE_JOINT
3.723000,0.426432,-0.198283,-0.137906,-0.000248,-0.000879,0.000167,5.331788,MOVE_JOINT
3.724000,0.426429,-0.198285,-0.137907,-0.000970,-0.001250,-0.000294,5.330364,MOVE_JOINT
3.725000,0.426430,-0.198286,-0.137905,-0.000043,-0.001412,0.000791,5.328682,MOVE_JOINT
3.726000,0.426426,-0.198282,-0.137909,-0.001117,0.000308,-0.000380,5.326811,MOVE_JOINT
3.727000,0.426424,-0.198286,-0.137908,-0.000477,-0.001275,0.000557,5.324852,MOVE_JOINT
3.728000,0.426424,-0.198288,-0.137908,-0.000870,-0.000768,-0.000309,5.322934,MOVE_JOINT
3.729000,0.426422,-0.198286,-0.137909,-0.001131,-0.000053,-0.000425,5.321157,MOVE_JOINT
3.730000,0.426420,-0.198289,-0.137909,-0.002202,-0.000665,-0.000653,5.319549,MOVE_JOINT
3.731000,0.426419,-0.198287,-0.137911,-0.001871,-0.000243,-0.000828,5.318061,MOVE_JOINT
3.732000,0.426419,-0.198289,-0.137909,-0.000593,-0.000721,0.000234,5.316595,MOVE_JOINT
3.733000,0.426416,-0.198288,-0.137911,-0.001632,-0.000304,-0.000524,5.315058,MOVE_JOINT
3.734000,0.426416,-0.198292,-0.137909,-0.001249,-0.001504,0.000328,5.313402,MOVE_JOINT
3.735000,0.426412,-0.198290,-0.137912,-0.002271,-0.000420,-0.000974,5.311623,MOVE_JOINT
3.736000,0.426411,-0.198293,-0.137913,-0.001252,-0.001366,-0.000261,5.309721,MOVE_JOINT
3.737000,0.426411,-0.198294,-0.137912,-0.000454,-0.001365,0.000096,5.307665,MOVE_JOINT
3.738000,0.426410,-0.198293,-0.137912,-0.000352,-0.000337,-0.000008,5.305408,MOVE_JOINT
3.739000,0.426409,-0.198295,-0.137912,-0.000935,-0.001351,0.000185,5.302932,MOVE_JOINT
3.740000,0.426407,-0.198297,-0.137912,-0.001113,-0.001851,-0.000004,5.300268,MOVE_JOINT
3.741000,0.426408,-0.198296,-0.137912,-0.000929,-0.000657,-0.000138,5.297463,MOVE_JOINT
3.742000,0.426405,-0.198296,-0.137914,-0.001899,-0.000261,-0.000733,5.294554,MOVE_JOINT
3.743000,0.426403,-0.198297,-0.137915,-0.001954,-0.000839,-0.000755,5.291537,MOVE_JOINT
3.744000,0.426405,-0.198298,-0.137913,-0.000542,-0.000921,0.000186,5.288378,MOVE_JOINT
3.745000,0.426399,-0.198298,-0.137916,-0.002158,-0.001084,-0.000625,5.285037,MOVE_JOINT
3.746000,0.426401,-0.198301,-0.137913,-0.000775,-0.001669,0.000431,5.281511,MOVE_JOINT
3.747000,0.426395,-0.198301,-0.137916,-0.002992,-0.001158,-0.000964,5.277832,MOVE_JOINT
3.748000,0.426393,-0.198301,-0.137916,-0.002504,-0.000706,-0.000787,5.274043,MOVE_JOINT
3.749000,0.426388,-0.198302,-0.137918,-0.004093,-0.000614,-0.001640,5.270154,MOVE_JOINT
3.750000,0.426391,-0.198305,-0.137916,-0.001993,-0.001308,-0.000428,5.266121,MOVE_JOINT
3.751000,0.426392,-0.198301,-0.137917,-0.001836,0.000091,-0.000751,5.261872,MOVE_JOINT
3.752000,0.426390,-0.198302,-0.137917,-0.002216,0.000030,-0.000453,5.257365,MOVE_JOINT
3.753000,0.426392,-0.198306,-0.137915,-0.000678,-0.000959,0.000433,5.252635,MOVE_JOINT
3.754000,0.426389,-0.198308,-0.137916,-0.001779,-0.001259,-0.000168,5.247813,MOVE_JOINT
3.755000,0.426384,-0.198307,-0.137919,-0.002252,-0.000942,-0.000715,5.243090,MOVE_JOINT
3.756000,0.426389,-0.198308,-0.137916,-0.000255,-0.000682,0.000381,5.238638,MOVE_JOINT
3.757000,0.426382,-0.198308,-0.137919,-0.002554,-0.000679,-0.000699,5.234570,MOVE_JOINT
3.758000,0.426384,-0.198309,-0.137917,-0.000999,-0.001093,0.000036,5.230961,MOVE_JOINT
3.759000,0.426381,-0.198312,-0.137917,-0.001387,-0.001439,0.000312,5.227859,MOVE_JOINT
3.760000,0.426380,-0.198311,-0.137918,-0.000807,-0.001081,0.000299,5.225302,MOVE_JOINT
3.761000,0.426380,-0.198312,-0.137918,-0.000879,-0.001381,0.000224,5.223350,MOVE_JOINT
3.762000,0.426377,-0.198309,-0.137920,-0.001702,-0.000154,-0.000454,5.222056,MOVE_JOINT
3.763000,0.426379,-0.198311,-0.137919,-0.000031,-0.000493,0.000410,5.221444,MOVE_JOINT
3.764000,0.426373,-0.198314,-0.137921,-0.001995,-0.000765,-0.000551,5.221490,MOVE_JOINT
3.765000,0.426373,-0.198312,-0.137921,-0.001907,-0.000047,-0.000589,5.222130,MOVE_JOINT
3.766000,0.426372,-0.198318,-0.137920,-0.002017,-0.001681,-0.000161,5.223253,MOVE_JOINT
3.767000,0.426378,-0.198315,-0.137917,-0.000215,0.000099,0.000127,5.224726,MOVE_JOINT
3.768000,0.426371,-0.198316,-0.137921,-0.002521,-0.000031,-0.001123,5.226429,MOVE_JOINT
3.769000,0.426371,-0.198319,-0.137919,-0.001778,-0.001147,-0.000197,5.228254,MOVE_JOINT
3.770000,0.426370,-0.198317,-0.137920,-0.001285,0.000110,-0.000428,5.230091,MOVE_JOINT
3.771000,0.426369,-0.198318,-0.137920,-0.001460,-0.000498,-0.000254,5.231850,MOVE_JOINT
3.772000,0.426366,-0.198317,-0.137922,-0.001802,-0.000188,-0.000832,5.233479,MOVE_JOINT
3.773000,0.426371,-0.198319,-0.137918,0.000159,-0.000726,0.000610,5.234951,MOVE_JOINT
3.774000,0.426372,-0.198317,-0.137919,0.000759,0.000414,0.000166,5.236273,MOVE_JOINT
3.775000,0.426372,-0.198320,-0.137919,0.000748,-0.000836,0.000560,5.237503,MOVE_JOINT
3.776000,0.426369,-0.198322,-0.137919,0.000449,-0.001382,0.000710,5.238740,MOVE_JOINT
3.777000,0.426370,-0.198321,-0.137919,0.001406,-0.001210,0.001131,5.240098,TARE
3.778000,0.426366,-0.198322,-0.137920,0.000428,-0.001268,0.000622,5.241690,TARE
3.779000,0.426363,-0.198322,-0.137921,-0.000420,-0.000684,0.000053,5.243611,TARE
3.780000,0.426364,-0.198325,-0.137920,0.000595,-0.001747,0.000753,5.245899,TARE
3.781000,0.426362,-0.198324,-0.137921,-0.000764,-0.000955,0.000112,5.248529,TARE
3.782000,0.426363,-0.198326,-0.137920,0.000267,-0.001296,0.000527,5.251434,TARE
3.783000,0.426361,-0.198326,-0.137920,-0.000410,-0.001303,0.000151,5.254529,TARE
3.784000,0.426362,-0.198327,-0.137919,-0.000147,-0.000944,0.000286,5.257721,TARE
3.785000,0.426360,-0.198329,-0.137920,-0.000640,-0.001064,0.000110,5.260910,TARE
3.786000,0.426359,-0.198328,-0.137921,-0.001496,-0.000953,-0.000360,5.263991,TARE
3.787000,0.426360,-0.198332,-0.137918,-0.000497,-0.001624,0.000674,5.266854,TARE
3.788000,0.426362,-0.198332,-0.137919,0.000199,-0.001073,0.000330,5.269407,TARE
3.789000,0.426359,-0.198333,-0.137920,-0.001084,-0.001116,-0.000374,5.271599,TARE
3.790000,0.426359,-0.198331,-0.137919,-0.000703,-0.000108,0.000062,5.273397,TARE
3.791000,0.426354,-0.198331,-0.137921,-0.001758,-0.000222,-0.000565,5.274768,TARE
3.792000,0.426354,-0.198334,-0.137920,-0.000588,-0.001158,0.000330,5.275700,TARE
3.793000,0.426355,-0.198337,-0.137919,-0.000255,-0.001667,0.000389,5.276212,TARE
3.794000,0.426354,-0.198337,-0.137920,-0.000580,-0.000878,0.000150,5.276358,TARE
3.795000,0.426353,-0.198337,-0.137920,-0.000334,-0.000536,0.000162,5.276219,TARE
3.796000,0.426353,-0.198339,-0.137918,-0.000242,-0.001012,0.000816,5.275891,TARE
3.797000,0.426350,-0.198338,-0.137921,-0.001320,-0.000849,-0.000163,5.275499,TARE
3.798000,0.426351,-0.198340,-0.137919,-0.000264,-0.001029,0.000421,5.275169,TARE
3.799000,0.426350,-0.198340,-0.137920,-0.000089,-0.000522,0.000281,5.275001,TARE
3.800000,0.426346,-0.198339,-0.137922,-0.001103,0.000029,-0.000530,5.275039,TARE
3.801000,0.426352,-0.198341,-0.137918,0.000768,-0.000260,0.000565,5.275279,TARE
3.802000,0.426346,-0.198341,-0.137920,-0.001083,-0.000013,-0.000527,5.275682,TARE
3.803000,0.426349,-0.198345,-0.137917,0.000372,-0.000710,0.000258,5.276186,TARE
3.804000,0.426350,-0.198345,-0.137917,0.000561,-0.001061,0.000374,5.276719,TARE
3.805000,0.426347,-0.198345,-0.137918,-0.000509,-0.000327,-0.000315,5.277203,TARE
3.806000,0.426345,-0.198345,-0.137920,-0.000752,-0.000565,-0.000635,5.277552,TARE
3.807000,0.426344,-0.198346,-0.137920,-0.000613,-0.000600,-0.000625,5.277652,TARE
3.808000,0.426346,-0.198347,-0.137918,-0.000484,-0.000883,-0.000081,5.277350,TARE
3.809000,0.426346,-0.198348,-0.137917,-0.000114,-0.001287,0.000340,5.276502,TARE
3.810000,0.426349,-0.198349,-0.137915,0.000769,-0.001243,0.000906,5.275057,TARE
3.811000,0.426346,-0.198352,-0.137916,-0.000784,-0.001622,0.000107,5.273089,TARE
3.812000,0.426347,-0.198350,-0.137916,-0.000759,-0.000768,-0.000057,5.270760,TARE
3.813000,0.426347,-0.198351,-0.137915,0.000129,-0.001103,0.000567,5.268246,TARE
3.814000,0.426349,-0.198356,-0.137912,0.001742,-0.002403,0.001930,5.265723,TARE
3.815000,0.426347,-0.198352,-0.137915,0.000719,-0.000504,0.000564,5.263398,TARE
3.816000,0.426347,-0.198354,-0.137914,0.000551,-0.001394,0.000862,5.261506,TARE
3.817000,0.426347,-0.198352,-0.137914,0.001446,-0.000324,0.001113,5.260243,TARE
3.818000,0.426345,-0.198354,-0.137915,-0.000228,-0.000971,0.000034,5.259736,TARE
3.819000,0.426344,-0.198353,-0.137915,-0.000446,0.000127,0.000042,5.260019,TARE
3.820000,0.426344,-0.198352,-0.137915,0.000252,0.000464,0.000160,5.261035,TARE
3.821000,0.426344,-0.198356,-0.137915,0.001178,-0.000718,0.000461,5.262659,TARE
3.822000,0.426343,-0.198356,-0.137915,0.000745,-0.000152,0.000323,5.264741,TARE
3.823000,0.426344,-0.198356,-0.137915,0.000347,0.000192,-0.000169,5.267115,TARE
3.824000,0.426342,-0.198359,-0.137914,0.000066,-0.000742,0.000249,5.269600,TARE
3.825000,0.426343,-0.198358,-0.137915,0.000921,0.000181,0.000151,5.272019,TARE
3.826000,0.426344,-0.198360,-0.137913,0.001679,-0.000710,0.001022,5.274225,TARE
3.827000,0.426338,-0.198360,-0.137916,0.000116,-0.000090,0.000120,5.276133,TARE
3.828000,0.426341,-0.198361,-0.137914,0.001420,-0.000269,0.000869,5.277730,TARE
3.829000,0.426336,-0.198363,-0.137915,-0.000368,-0.001149,0.000271,5.279048,TARE
3.830000,0.426337,-0.198360,-0.137917,-0.000343,0.000532,-0.000472,5.280139,TARE
3.831000,0.426339,-0.198364,-0.137913,0.000919,-0.000619,0.000821,5.281027,TARE
3.832000,0.426336,-0.198365,-0.137914,-0.000827,-0.001237,0.000337,5.281715,TARE
3.833000,0.426339,-0.198365,-0.137912,0.000206,-0.001024,0.000706,5.282222,TARE
3.834000,0.426339,-0.198366,-0.137913,-0.000347,-0.001256,0.000033,5.282600,TARE
3.835000,0.426336,-0.198365,-0.137914,-0.000999,-0.000584,-0.000290,5.282885,TARE
3.836000,0.426331,-0.198366,-0.137917,-0.002172,-0.000584,-0.001053,5.283050,TARE
3.837000,0.426336,-0.198369,-0.137912,-0.000660,-0.001166,0.000144,5.282983,TARE
3.838000,0.426335,-0.198369,-0.137912,-0.000520,-0.000849,0.000229,5.282545,TARE
3.839000,0.426334,-0.198370,-0.137913,-0.000287,-0.000340,-0.000262,5.281647,TARE
3.840000,0.426334,-0.198369,-0.137913,0.000002,-0.000258,0.000227,5.280267,TARE
3.841000,0.426333,-0.198372,-0.137913,0.000080,-0.001797,0.000748,5.278432,TARE
3.842000,0.426334,-0.198371,-0.137913,0.001563,-0.000904,0.001028,5.276220,TARE
3.843000,0.426333,-0.198369,-0.137913,0.000013,-0.000291,0.000381,5.273776,TARE
3.844000,0.426332,-0.198371,-0.137912,-0.000049,-0.001070,0.000489,5.271285,TARE
3.845000,0.426333,-0.198371,-0.137913,0.000156,-0.000432,0.000204,5.268923,TARE
3.846000,0.426336,-0.198371,-0.137910,0.001869,-0.000491,0.001460,5.266829,TARE
3.847000,0.426330,-0.198373,-0.137913,-0.000813,-0.000705,-0.000189,5.265115,TARE
3.848000,0.426331,-0.198374,-0.137911,-0.000364,-0.000488,0.000267,5.263868,TARE
3.849000,0.426333,-0.198374,-0.137911,0.000792,-0.000400,0.000460,5.263126,TARE
3.850000,0.426335,-0.198375,-0.137910,0.001576,-0.000452,0.000663,5.262874,TARE
3.851000,0.426332,-0.198373,-0.137912,0.000270,0.000117,-0.000190,5.263074,TARE
3.852000,0.426331,-0.198377,-0.137911,0.000504,-0.000745,0.000257,5.263656,TARE
3.853000,0.426329,-0.198375,-0.137912,0.000051,0.000045,-0.000098,5.264516,TARE
3.854000,0.426331,-0.198375,-0.137911,0.000300,-0.000030,0.000141,5.265535,TARE
3.855000,0.426330,-0.198378,-0.137911,-0.000586,-0.000737,0.000018,5.266605,TARE
3.856000,0.426331,-0.198376,-0.137911,0.000521,0.000378,0.000088,5.267656,TARE
3.857000,0.426331,-0.198377,-0.137911,0.000896,0.000036,0.000504,5.268654,TARE
3.858000,0.426330,-0.198379,-0.137910,0.000981,-0.000544,0.000697,5.269607,TARE
3.859000,0.426332,-0.198376,-0.137909,0.001820,0.000608,0.000925,5.270568,TARE
3.860000,0.426329,-0.198378,-0.137910,0.000576,-0.000614,0.000685,5.271635,TARE
3.861000,0.426331,-0.198378,-0.137910,0.001332,-0.000283,0.000655,5.272923,TARE
3.862000,0.426331,-0.198378,-0.137909,0.001908,-0.000052,0.001007,5.274535,TARE
3.863000,0.426326,-0.198380,-0.137912,-0.000389,-0.000286,-0.000111,5.276527,TARE
3.864000,0.426330,-0.198378,-0.137911,0.001199,0.000823,0.000233,5.278896,TARE
3.865000,0.426326,-0.198382,-0.137911,0.000436,-0.000703,0.000300,5.281571,TARE
3.866000,0.426326,-0.198383,-0.137911,0.000859,-0.000960,0.000703,5.284433,TARE
3.867000,0.426321,-0.198384,-0.137912,-0.001225,-0.000945,-0.000086,5.287359,TARE
3.868000,0.426325,-0.198380,-0.137911,0.000482,0.000738,-0.000003,5.290237,TARE
3.869000,0.426321,-0.198384,-0.137912,-0.001616,-0.000993,-0.000550,5.292962,TARE
3.870000,0.426326,-0.198386,-0.137909,0.000138,-0.001366,0.000537,5.295419,TARE
3.871000,0.426324,-0.198383,-0.137911,0.000310,0.000322,0.000057,5.297505,TARE
3.872000,0.426323,-0.198387,-0.137910,0.000126,-0.001511,0.000285,5.299160,TARE
3.873000,0.426325,-0.198386,-0.137909,0.001087,-0.000376,0.000848,5.300383,TARE
3.874000,0.426320,-0.198384,-0.137912,-0.000861,0.000144,-0.000323,5.301220,TARE
3.875000,0.426320,-0.198387,-0.137911,-0.000113,-0.000554,0.000241,5.301747,TARE
3.876000,0.426322,-0.198387,-0.137910,-0.000094,-0.000282,0.000168,5.302041,TARE
3.877000,0.426315,-0.198386,-0.137913,-0.002580,0.000197,-0.001132,5.302153,TARE
3.878000,0.426319,-0.198388,-0.137912,-0.000922,-0.000267,-0.000356,5.302088,TARE
3.879000,0.426318,-0.198390,-0.137910,-0.000977,-0.000258,-0.000290,5.301798,TARE
3.880000,0.426318,-0.198385,-0.137912,-0.000726,0.000728,-0.000521,5.301213,TARE
3.881000,0.426319,-0.198389,-0.137910,-0.000298,-0.000647,0.000049,5.300279,TARE
3.882000,0.426319,-0.198390,-0.137909,-0.000120,-0.000527,0.000267,5.298984,TARE
3.883000,0.426319,-0.198392,-0.137908,-0.000267,-0.001208,0.000393,5.297376,TARE
3.884000,0.426320,-0.198392,-0.137908,-0.000331,-0.000874,-0.000079,5.295557,TARE
3.885000,0.426321,-0.198391,-0.137908,0.000459,-0.000497,0.000207,5.293644,TARE
3.886000,0.426316,-0.198391,-0.137910,-0.001084,-0.000388,-0.000418,5.291720,TARE
3.887000,0.426321,-0.198390,-0.137908,0.000727,-0.000109,0.000301,5.289827,TARE
3.888000,0.426326,-0.198393,-0.137905,0.002034,-0.000784,0.001346,5.287999,TARE
3.889000,0.426318,-0.198392,-0.137909,-0.000383,-0.000578,-0.000277,5.286308,TARE
3.890000,0.426316,-0.198391,-0.137910,-0.000753,-0.000166,-0.000271,5.284852,TARE
3.891000,0.426321,-0.198393,-0.137906,0.000546,-0.000527,0.000710,5.283697,TARE
3.892000,0.426319,-0.198392,-0.137908,0.000050,-0.000151,0.000008,5.282883,TARE
3.893000,0.426320,-0.198393,-0.137907,0.001056,-0.000185,0.000714,5.282458,TARE
3.894000,0.426318,-0.198393,-0.137908,0.000275,0.000151,-0.000323,5.282480,TARE
3.895000,0.426316,-0.198393,-0.137909,-0.000694,0.000235,-0.000714,5.282980,TARE
3.896000,0.426319,-0.198392,-0.137908,-0.000429,0.000852,-0.000483,5.283907,TARE
3.897000,0.426320,-0.198391,-0.137907,0.000399,0.000995,-0.000219,5.285145,TARE
3.898000,0.426318,-0.198394,-0.137906,-0.000173,0.000104,0.000103,5.286577,TARE
3.899000,0.426319,-0.198395,-0.137906,0.000009,-0.000559,0.000235,5.288137,TARE
3.900000,0.426317,-0.198393,-0.137907,-0.000648,0.000868,-0.000390,5.289815,TARE
3.901000,0.426315,-0.198392,-0.137909,-0.001691,0.001022,-0.000914,5.291621,TARE
3.902000,0.426319,-0.198396,-0.137905,-0.000750,-0.000550,0.000149,5.293547,TARE
3.903000,0.426317,-0.198398,-0.137906,-0.001493,-0.000853,-0.000325,5.295560,TARE
3.904000,0.426317,-0.198396,-0.137907,-0.001040,-0.000147,-0.000167,5.297628,TARE
3.905000,0.426321,-0.198397,-0.137903,0.000783,0.000116,0.000992,5.299737,TARE
3.906000,0.426318,-0.198399,-0.137905,-0.000615,-0.000151,-0.000103,5.301915,TARE
3.907000,0.426318,-0.198396,-0.137905,-0.000371,0.000398,-0.000269,5.304228,TARE
3.908000,0.426322,-0.198401,-0.137902,0.000983,-0.001508,0.000996,5.306717,TARE
3.909000,0.426316,-0.198398,-0.137906,-0.000828,-0.000769,-0.000140,5.309377,TARE
3.910000,0.426316,-0.198402,-0.137904,-0.000127,-0.001815,0.000531,5.312176,TARE
3.911000,0.426314,-0.198401,-0.137905,-0.000402,-0.001251,0.000450,5.315071,TARE
3.912000,0.426314,-0.198400,-0.137905,-0.000774,-0.000977,0.000328,5.318029,TARE
3.913000,0.426318,-0.198401,-0.137903,0.000560,-0.001141,0.000910,5.321048,TARE
3.914000,0.426316,-0.198400,-0.137905,0.000222,-0.000474,0.000112,5.324158,TARE
3.915000,0.426316,-0.198400,-0.137905,0.000133,-0.000495,0.000280,5.327386,TARE
3.916000,0.426313,-0.198402,-0.137906,-0.001324,-0.001021,-0.000248,5.330715,TARE
3.917000,0.426315,-0.198400,-0.137905,0.000044,-0.000443,0.000380,5.334080,TARE
3.918000,0.426312,-0.198401,-0.137906,-0.000251,-0.000489,0.000139,5.337397,TARE
3.919000,0.426311,-0.198403,-0.137907,-0.000913,-0.001071,-0.000109,5.340588,TARE
3.920000,0.426315,-0.198402,-0.137904,0.000729,-0.000552,0.000799,5.343590,TARE
3.921000,0.426320,-0.198403,-0.137902,0.002449,-0.001134,0.001710,5.346365,TARE
3.922000,0.426314,-0.198404,-0.137906,-0.000574,-0.000818,-0.000212,5.348942,TARE
3.923000,0.426313,-0.198403,-0.137905,-0.000255,-0.000813,0.000471,5.351384,TARE
3.924000,0.426316,-0.198403,-0.137903,0.001305,-0.000543,0.000848,5.353725,TARE
3.925000,0.426312,-0.198402,-0.137905,-0.000079,0.000256,0.000133,5.355971,TARE
3.926000,0.426312,-0.198405,-0.137906,-0.000450,-0.000770,-0.000231,5.358126,TARE
3.927000,0.426316,-0.198406,-0.137902,0.001360,-0.000745,0.001041,5.360160,TARE
3.928000,0.426313,-0.198405,-0.137905,-0.000461,-0.000437,-0.000277,5.362011,TARE
3.929000,0.426315,-0.198403,-0.137903,0.000814,0.000073,0.000521,5.363613,TARE
3.930000,0.426313,-0.198403,-0.137904,0.000775,-0.000305,0.000411,5.364909,TARE
3.931000,0.426313,-0.198402,-0.137905,0.000618,0.000665,-0.000078,5.365867,TARE
3.932000,0.426315,-0.198407,-0.137902,0.001011,-0.000860,0.000788,5.366477,TARE
3.933000,0.426313,-0.198408,-0.137902,0.000588,-0.000702,0.000652,5.366750,TARE
3.934000,0.426313,-0.198406,-0.137902,-0.000100,0.000044,0.000133,5.366732,TARE
3.935000,0.426313,-0.198403,-0.137905,-0.000292,0.001030,-0.000610,5.366487,TARE
3.936000,0.426315,-0.198406,-0.137903,0.000692,-0.000276,0.000311,5.366048,TARE
3.937000,0.426312,-0.198405,-0.137904,-0.000414,0.000023,-0.000177,5.365394,TARE
3.938000,0.426315,-0.198404,-0.137903,0.000163,0.000121,0.000163,5.364478,TARE
3.939000,0.426315,-0.198405,-0.137903,0.000866,-0.000698,0.000534,5.363269,TARE
3.940000,0.426316,-0.198403,-0.137902,0.001512,0.000337,0.000934,5.361780,TARE
3.941000,0.426313,-0.198402,-0.137905,0.000430,0.000753,0.000078,5.360089,TARE
3.942000,0.426311,-0.198406,-0.137904,-0.000506,-0.000738,0.000161,5.358319,TARE
3.943000,0.426314,-0.198404,-0.137904,0.000347,-0.000164,0.000225,5.356586,TARE
3.944000,0.426312,-0.198406,-0.137904,-0.000931,-0.000833,-0.000068,5.354962,TARE
3.945000,0.426315,-0.198403,-0.137903,0.000154,0.000460,0.000305,5.353477,TARE
3.946000,0.426316,-0.198405,-0.137902,0.000194,0.000178,0.000122,5.352140,TARE
3.947000,0.426314,-0.198405,-0.137903,0.000101,0.000640,-0.000250,5.350958,TARE
3.948000,0.426314,-0.198408,-0.137902,0.000294,-0.000235,0.000418,5.349927,TARE
3.949000,0.426311,-0.198403,-0.137905,0.000048,0.001041,-0.000298,5.349024,TARE
3.950000,0.426312,-0.198406,-0.137902,0.001054,0.000151,0.000746,5.348226,TARE
3.951000,0.426310,-0.198405,-0.137904,0.000258,0.000535,-0.000024,5.347531,TARE
3.952000,0.426311,-0.198404,-0.137905,0.000887,0.000713,0.000126,5.346953,TARE
3.953000,0.426309,-0.198405,-0.137904,0.000300,0.000121,0.000124,5.346490,TARE
3.954000,0.426313,-0.198407,-0.137901,0.001391,-0.000601,0.001143,5.346120,TARE
3.955000,0.426313,-0.198407,-0.137902,0.000905,-0.000771,0.000619,5.345839,TARE
3.956000,0.426307,-0.198407,-0.137906,-0.000659,-0.000691,-0.000374,5.345671,TARE
3.957000,0.426311,-0.198409,-0.137902,0.001352,-0.001314,0.001087,5.345618,TARE
3.958000,0.426309,-0.198407,-0.137903,0.000419,-0.000041,0.000259,5.345645,TARE
3.959000,0.426310,-0.198405,-0.137903,0.000974,0.000639,0.000302,5.345723,TARE
3.960000,0.426308,-0.198408,-0.137904,0.000187,-0.000668,0.000174,5.345842,TARE
3.961000,0.426307,-0.198408,-0.137904,-0.000336,-0.000526,-0.000020,5.345986,TARE
3.962000,0.426308,-0.198409,-0.137904,-0.000547,-0.000987,-0.000218,5.346110,TARE
3.963000,0.426309,-0.198409,-0.137903,0.000147,-0.000561,0.000352,5.346136,TARE
3.964000,0.426309,-0.198408,-0.137903,0.000207,-0.000134,0.000180,5.345984,TARE
3.965000,0.426311,-0.198410,-0.137901,0.000926,-0.000778,0.000838,5.345612,TARE
3.966000,0.426311,-0.198408,-0.137902,0.000810,0.000016,0.000610,5.345044,TARE
3.967000,0.426311,-0.198409,-0.137902,0.000100,-0.000584,0.000276,5.344365,TARE
3.968000,0.426312,-0.198410,-0.137901,0.000392,-0.000587,0.000518,5.343684,TARE
3.969000,0.426312,-0.198410,-0.137900,0.000432,-0.000642,0.000707,5.343101,TARE
3.970000,0.426316,-0.198410,-0.137899,0.001962,0.000057,0.001069,5.342707,TARE
3.971000,0.426310,-0.198410,-0.137902,-0.000387,0.000467,-0.000542,5.342589,TARE
3.972000,0.426309,-0.198409,-0.137902,-0.000251,0.000365,0.000048,5.342792,TARE
3.973000,0.426311,-0.198411,-0.137901,0.000681,0.000472,0.000468,5.343283,TARE
3.974000,0.426310,-0.198411,-0.137901,0.000569,0.000495,0.000478,5.344005,TARE
3.975000,0.426310,-0.198411,-0.137901,-0.000346,-0.000246,0.000282,5.344926,TARE
3.976000,0.426311,-0.198410,-0.137901,0.000719,0.000190,0.000492,5.346032,TARE
3.977000,0.426311,-0.198410,-0.137901,0.000190,0.000305,0.000114,5.347311,TARE
3.978000,0.426312,-0.198410,-0.137900,0.001043,-0.000109,0.000883,5.348735,TARE
3.979000,0.426310,-0.198409,-0.137902,0.000524,0.000236,0.000151,5.350274,TARE
3.980000,0.426310,-0.198412,-0.137901,0.000049,-0.000464,0.000293,5.351898,TARE
3.981000,0.426314,-0.198409,-0.137900,0.001973,0.000297,0.000956,5.353570,TARE
3.982000,0.426313,-0.198411,-0.137899,0.001419,-0.000475,0.001215,5.355258,TARE
3.983000,0.426312,-0.198410,-0.137900,0.000184,-0.000132,0.000228,5.356968,TARE
3.984000,0.426311,-0.198413,-0.137899,-0.000127,-0.000788,0.000237,5.358719,TARE
3.985000,0.426309,-0.198412,-0.137901,-0.000854,-0.000055,-0.000373,5.360487,TARE
3.986000,0.426311,-0.198409,-0.137901,0.000695,0.000744,-0.000068,5.362173,TARE
3.987000,0.426309,-0.198413,-0.137900,-0.000131,-0.000547,0.000195,5.363637,TARE
3.988000,0.426304,-0.198414,-0.137903,-0.001352,-0.000588,-0.000596,5.364730,TARE
3.989000,0.426305,-0.198411,-0.137902,-0.000158,0.000049,0.000077,5.365320,TARE
3.990000,0.426309,-0.198412,-0.137900,0.001081,-0.000577,0.000730,5.365304,TARE
3.991000,0.426312,-0.198413,-0.137899,0.001299,-0.000647,0.000535,5.364648,TARE
3.992000,0.426307,-0.198412,-0.137901,-0.000983,-0.000079,-0.000325,5.363384,TARE
3.993000,0.426311,-0.198411,-0.137900,0.000661,0.000246,0.000312,5.361573,TARE
3.994000,0.426309,-0.198414,-0.137899,-0.000012,-0.000463,0.000040,5.359287,TARE
3.995000,0.426307,-0.198412,-0.137900,-0.000568,0.000508,-0.000421,5.356602,TARE
3.996000,0.426307,-0.198413,-0.137901,0.000320,0.000056,0.000009,5.353592,TARE
3.997000,0.426311,-0.198414,-0.137898,0.001928,-0.000202,0.000856,5.350325,TARE
3.998000,0.426307,-0.198412,-0.137901,0.000211,0.000560,-0.000205,5.346880,TARE
3.999000,0.426310,-0.198415,-0.137898,0.001634,-0.000671,0.001123,5.343361,TARE
4.000000,0.426310,-0.198414,-0.137898,0.001902,-0.000045,0.001140,5.339900,TARE
4.001000,0.426307,-0.198415,-0.137899,0.001080,-0.000107,0.000818,5.336671,TARE
4.002000,0.426305,-0.198413,-0.137901,0.000767,0.000834,0.000016,5.333880,TARE
4.003000,0.426306,-0.198416,-0.137900,0.000973,-0.000294,0.000520,5.331693,TARE
4.004000,0.426304,-0.198415,-0.137901,-0.000322,0.000235,-0.000121,5.330174,TARE
4.005000,0.426304,-0.198414,-0.137900,-0.001658,0.000405,-0.000771,5.329283,TARE
4.006000,0.426304,-0.198417,-0.137900,-0.001627,-0.000102,-0.000810,5.328881,TARE
4.007000,0.426309,-0.198418,-0.137897,0.000628,-0.000538,0.000535,5.328768,TARE
4.008000,0.426309,-0.198417,-0.137898,0.000530,-0.000565,0.000350,5.328738,TARE
4.009000,0.426307,-0.198416,-0.137899,-0.000174,-0.000207,-0.000096,5.328648,TARE
4.010000,0.426305,-0.198415,-0.137901,-0.000739,0.000387,-0.000757,5.328414,TARE
4.011000,0.426305,-0.198416,-0.137900,-0.000803,0.000080,-0.000310,5.327958,TARE
4.012000,0.426305,-0.198418,-0.137898,-0.000851,-0.001002,0.000225,5.327206,TARE
4.013000,0.426305,-0.198420,-0.137898,-0.000229,-0.000977,0.000377,5.326132,TARE
4.014000,0.426305,-0.198420,-0.137897,-0.000255,-0.000635,0.000380,5.324792,TARE
4.015000,0.426306,-0.198418,-0.137898,0.000167,0.000067,-0.000164,5.323306,TARE
4.016000,0.426307,-0.198418,-0.137897,-0.000075,0.000100,-0.000039,5.321793,TARE
4.017000,0.426306,-0.198419,-0.137898,-0.000018,-0.000160,0.000296,5.320335,TARE
4.018000,0.426309,-0.198424,-0.137894,0.001579,-0.001756,0.001627,5.319005,TARE
4.019000,0.426312,-0.198421,-0.137893,0.002528,0.000043,0.001574,5.317929,TARE
4.020000,0.426310,-0.198421,-0.137895,0.002217,0.000212,0.001000,5.317319,TARE
4.021000,0.426304,-0.198423,-0.137898,-0.000380,-0.000317,-0.000339,5.317408,TARE
4.022000,0.426304,-0.198421,-0.137897,-0.001084,0.000681,-0.000685,5.318316,TARE
4.023000,0.426305,-0.198421,-0.137897,-0.000511,0.000853,-0.000698,5.319979,TARE
4.024000,0.426303,-0.198423,-0.137897,-0.000211,0.000248,-0.000136,5.322188,TARE
4.025000,0.426309,-0.198421,-0.137895,0.001537,0.000531,0.000657,5.324685,TARE
4.026000,0.426307,-0.198423,-0.137895,0.000874,-0.000066,0.000431,5.327265,TARE
4.027000,0.426306,-0.198423,-0.137896,-0.000240,-0.000084,-0.000328,5.329807,TARE
4.028000,0.426305,-0.198423,-0.137897,0.000175,0.000190,-0.000324,5.332225,TARE
4.029000,0.426307,-0.198424,-0.137894,0.000753,-0.000360,0.000432,5.334408,TARE
4.030000,0.426304,-0.198424,-0.137897,-0.000736,-0.000294,-0.000705,5.336234,TARE
4.031000,0.426305,-0.198423,-0.137896,0.000036,-0.000029,-0.000328,5.337589,TARE
4.032000,0.426308,-0.198425,-0.137893,0.000716,-0.001111,0.000767,5.338375,TARE
4.033000,0.426308,-0.198424,-0.137893,0.000708,-0.000257,0.000347,5.338547,TARE
4.034000,0.426306,-0.198426,-0.137894,-0.000572,-0.001057,0.000018,5.338159,TARE
4.035000,0.426305,-0.198426,-0.137894,-0.000596,-0.000937,0.000023,5.337329,TARE
4.036000,0.426306,-0.198424,-0.137894,-0.000115,-0.000215,-0.000002,5.336189,TARE
4.037000,0.426305,-0.198424,-0.137895,0.000092,-0.000551,-0.000152,5.334845,TARE
4.038000,0.426305,-0.198425,-0.137894,-0.000625,-0.000619,0.000196,5.333370,TARE
4.039000,0.426304,-0.198427,-0.137894,-0.000442,-0.001028,0.000198,5.331821,TARE
4.040000,0.426303,-0.198427,-0.137895,0.000339,-0.000444,0.000190,5.330264,TARE
4.041000,0.426304,-0.198427,-0.137894,0.000353,-0.000409,0.000341,5.328778,TARE
4.042000,0.426304,-0.198428,-0.137893,0.000996,-0.000275,0.000642,5.327440,TARE
4.043000,0.426303,-0.198428,-0.137894,0.001148,-0.000119,0.000388,5.326330,TARE
4.044000,0.426305,-0.198426,-0.137894,0.000938,0.000644,0.000392,5.325523,TARE
4.045000,0.426304,-0.198427,-0.137893,0.000876,-0.000151,0.000506,5.325079,TARE
4.046000,0.426304,-0.198430,-0.137892,0.001067,-0.000854,0.000990,5.325036,TARE
4.047000,0.426305,-0.198430,-0.137891,0.001083,-0.000055,0.000777,5.325429,TARE
4.048000,0.426305,-0.198429,-0.137891,0.000739,0.000027,0.000651,5.326292,TARE
4.049000,0.426306,-0.198432,-0.137890,0.000703,-0.000962,0.000738,5.327648,TARE
4.050000,0.426309,-0.198433,-0.137887,0.001002,-0.000916,0.000810,5.329496,TARE
4.051000,0.426303,-0.198433,-0.137890,-0.001521,-0.000379,-0.000430,5.331785,TARE
4.052000,0.426306,-0.198432,-0.137889,-0.000015,-0.000188,0.000085,5.334401,TARE
4.053000,0.426307,-0.198436,-0.137888,0.000237,-0.001537,0.000583,5.337172,TARE
4.054000,0.426306,-0.198434,-0.137889,0.000397,0.000121,0.000124,5.339908,TARE
4.055000,0.426305,-0.198434,-0.137890,-0.000330,0.000487,-0.000631,5.342436,TARE
4.056000,0.426310,-0.198436,-0.137886,0.001656,-0.000549,0.000942,5.344602,TARE
4.057000,0.426310,-0.198434,-0.137886,0.001274,-0.000160,0.000749,5.346290,TARE
4.058000,0.426306,-0.198435,-0.137888,-0.000288,-0.000133,-0.000109,5.347463,TARE
4.059000,0.426306,-0.198435,-0.137888,-0.000161,-0.000189,0.000045,5.348155,TARE
4.060000,0.426309,-0.198434,-0.137887,0.000380,0.000005,0.000174,5.348412,TARE
4.061000,0.426309,-0.198434,-0.137886,0.000718,0.000121,0.000618,5.348268,TARE
4.062000,0.426304,-0.198438,-0.137888,-0.001054,-0.001237,-0.000071,5.347768,TARE
4.063000,0.426309,-0.198436,-0.137886,0.000955,-0.000121,0.000615,5.346975,TARE
4.064000,0.426307,-0.198437,-0.137886,0.000008,-0.000182,0.000041,5.345953,TARE
4.065000,0.426305,-0.198436,-0.137887,-0.000511,0.000095,-0.000203,5.344740,TARE
4.066000,0.426307,-0.198437,-0.137885,0.000122,-0.000683,0.000602,5.343341,TARE
4.067000,0.426306,-0.198438,-0.137886,-0.000365,-0.000800,0.000222,5.341750,TARE
4.068000,0.426305,-0.198437,-0.137887,-0.000678,-0.000118,-0.000227,5.339970,TARE
4.069000,0.426306,-0.198439,-0.137885,-0.001065,-0.000983,-0.000107,5.338005,TARE
4.070000,0.426304,-0.198439,-0.137887,-0.001678,-0.000517,-0.000864,5.335823,TARE
4.071000,0.426306,-0.198438,-0.137886,-0.000544,0.000021,-0.000163,5.333341,TARE
4.072000,0.426306,-0.198439,-0.137885,-0.000695,-0.000025,-0.000060,5.330456,TARE
4.073000,0.426307,-0.198438,-0.137885,-0.001186,-0.000288,-0.000266,5.327105,TARE
4.074000,0.426310,-0.198438,-0.137884,0.000351,0.000001,0.000299,5.323300,TARE
4.075000,0.426307,-0.198439,-0.137884,-0.000364,-0.000238,0.000129,5.319119,TARE
4.076000,0.426307,-0.198441,-0.137884,-0.000454,-0.001123,0.000214,5.314684,TARE
4.077000,0.426307,-0.198439,-0.137885,-0.000544,-0.000077,-0.000365,5.310132,TARE
4.078000,0.426308,-0.198441,-0.137883,-0.000211,-0.000607,-0.000058,5.305563,TARE
4.079000,0.426305,-0.198440,-0.137884,-0.001620,-0.000437,-0.000462,5.301023,TARE
4.080000,0.426305,-0.198442,-0.137884,-0.001028,-0.000852,-0.000048,5.296513,TARE
4.081000,0.426309,-0.198440,-0.137881,-0.000395,-0.000044,0.000259,5.292031,TARE
4.082000,0.426309,-0.198441,-0.137881,-0.000043,-0.000473,0.000475,5.287617,TARE
4.083000,0.426306,-0.198442,-0.137882,-0.000545,-0.001135,0.000390,5.283365,TARE
4.084000,0.426308,-0.198441,-0.137882,0.000110,-0.000527,0.000758,5.279408,TARE
4.085000,0.426305,-0.198441,-0.137883,-0.001500,-0.000686,-0.000199,5.275889,TARE
4.086000,0.426307,-0.198441,-0.137883,-0.000326,-0.000168,-0.000158,5.272913,TARE
4.087000,0.426310,-0.198441,-0.137880,0.000190,0.000119,0.000543,5.270510,TARE
4.088000,0.426309,-0.198443,-0.137881,-0.000371,-0.000381,0.000094,5.268647,TARE
4.089000,0.426310,-0.198442,-0.137879,-0.000047,-0.000272,0.000437,5.267289,TARE
4.090000,0.426309,-0.198440,-0.137881,-0.000564,0.000405,-0.000324,5.266406,TARE
4.091000,0.426312,-0.198441,-0.137880,0.000252,-0.000421,0.000053,5.265958,TARE
4.092000,0.426309,-0.198441,-0.137880,-0.000097,-0.000669,0.000250,5.265865,TARE
4.093000,0.426311,-0.198439,-0.137880,0.000739,0.000171,0.000208,5.266026,TARE
4.094000,0.426312,-0.198441,-0.137879,0.000391,-0.000146,0.000340,5.266349,TARE
4.095000,0.426311,-0.198445,-0.137878,0.000377,-0.001053,0.000358,5.266772,TARE
4.096000,0.426314,-0.198440,-0.137878,0.001286,0.000871,0.000352,5.267258,TARE
4.097000,0.426311,-0.198441,-0.137879,0.000680,0.000399,0.000356,5.267790,TARE
4.098000,0.426308,-0.198443,-0.137881,-0.000625,-0.000282,-0.000116,5.268368,TARE
4.099000,0.426314,-0.198445,-0.137877,0.001266,-0.000951,0.000841,5.269006,TARE
4.100000,0.426313,-0.198442,-0.137877,0.001053,0.000575,0.000536,5.269717,TARE
4.101000,0.426315,-0.198442,-0.137876,0.001083,0.000180,0.000649,5.270531,TARE
4.102000,0.426314,-0.198445,-0.137876,0.001143,-0.000420,0.000633,5.271499,TARE
4.103000,0.426312,-0.198443,-0.137878,-0.000318,0.000248,-0.000479,5.272667,TARE
4.104000,0.426313,-0.198445,-0.137876,0.000073,-0.000375,0.000061,5.274021,TARE
4.105000,0.426312,-0.198444,-0.137877,-0.000474,-0.000161,-0.000410,5.275463,TARE
4.106000,0.426313,-0.198445,-0.137876,0.000080,-0.000507,0.000135,5.276842,TARE
4.107000,0.426308,-0.198443,-0.137879,-0.001628,0.000194,-0.001054,5.278001,TARE
4.108000,0.426313,-0.198445,-0.137876,0.001171,-0.000290,0.000539,5.278793,TARE
4.109000,0.426314,-0.198445,-0.137875,0.000531,-0.000495,0.000563,5.279119,TARE
4.110000,0.426312,-0.198443,-0.137877,0.000093,0.000081,-0.000042,5.278962,TARE
4.111000,0.426312,-0.198446,-0.137876,0.000335,-0.000289,0.000118,5.278382,TARE
4.112000,0.426311,-0.198446,-0.137876,0.000009,-0.000770,0.000322,5.277467,TARE
4.113000,0.426315,-0.198448,-0.137874,0.002009,-0.001220,0.001359,5.276310,TARE
4.114000,0.426310,-0.198446,-0.137876,-0.000075,-0.000242,0.000143,5.275028,TARE
4.115000,0.426311,-0.198448,-0.137875,-0.000038,-0.000773,0.000387,5.273756,TARE
4.116000,0.426318,-0.198447,-0.137871,0.002090,0.000063,0.001603,5.272612,TARE
4.117000,0.426313,-0.198449,-0.137874,0.000338,-0.000780,0.000551,5.271718,TARE
4.118000,0.426310,-0.198446,-0.137875,-0.000828,-0.000133,-0.000130,5.271205,TARE
4.119000,0.426311,-0.198449,-0.137874,0.000338,-0.000706,0.000511,5.271152,TARE
4.120000,0.426311,-0.198449,-0.137873,0.000180,-0.000840,0.000625,5.271551,TARE
4.121000,0.426312,-0.198449,-0.137873,-0.000424,-0.000942,0.000576,5.272350,TARE
4.122000,0.426313,-0.198445,-0.137874,0.001073,0.000460,0.000340,5.273496,TARE
4.123000,0.426314,-0.198448,-0.137873,0.000680,-0.000381,0.000376,5.274939,TARE
4.124000,0.426315,-0.198449,-0.137872,0.000744,-0.000527,0.000564,5.276611,TARE
4.125000,0.426315,-0.198449,-0.137872,0.000733,0.000843,-0.000021,5.278422,TARE
4.126000,0.426315,-0.198450,-0.137871,0.000313,0.000076,0.000426,5.280273,TARE
4.127000,0.426315,-0.198447,-0.137871,0.000608,0.001168,0.000317,5.282071,TARE
4.128000,0.426314,-0.198450,-0.137871,0.000572,-0.000419,0.000627,5.283762,TARE
4.129000,0.426313,-0.198450,-0.137870,0.000160,-0.000257,0.000666,5.285346,TARE
4.130000,0.426318,-0.198450,-0.137868,0.001076,-0.000327,0.001135,5.286864,TARE
4.131000,0.426318,-0.198451,-0.137868,0.001132,-0.000382,0.001177,5.288407,TARE
4.132000,0.426318,-0.198451,-0.137868,0.001349,0.000080,0.000931,5.290102,TARE
4.133000,0.426316,-0.198453,-0.137868,0.000454,-0.000233,0.000663,5.292071,TARE
4.134000,0.426318,-0.198452,-0.137867,0.001010,-0.000441,0.001031,5.294391,TARE
4.135000,0.426319,-0.198450,-0.137868,0.001041,-0.000160,0.000718,5.297076,TARE
4.136000,0.426319,-0.198449,-0.137868,0.000130,0.000355,0.000202,5.300086,TARE
4.137000,0.426320,-0.198451,-0.137866,0.001022,-0.000433,0.001000,5.303332,TARE
4.138000,0.426318,-0.198450,-0.137867,0.000058,0.000537,0.000236,5.306692,TARE
4.139000,0.426323,-0.198452,-0.137864,0.001364,-0.000330,0.001037,5.310056,TARE
4.140000,0.426322,-0.198454,-0.137865,0.000191,-0.001273,0.000607,5.313332,TARE
4.141000,0.426320,-0.198452,-0.137866,0.000824,-0.000193,0.000683,5.316445,TARE
4.142000,0.426321,-0.198451,-0.137866,0.000189,-0.000232,0.000283,5.319327,TARE
4.143000,0.426319,-0.198453,-0.137865,-0.000183,-0.000613,0.000471,5.321909,TARE
4.144000,0.426319,-0.198452,-0.137865,0.000903,-0.000506,0.000832,5.324132,TARE
4.145000,0.426323,-0.198456,-0.137862,0.001817,-0.001616,0.001455,5.325969,TARE
4.146000,0.426325,-0.198455,-0.137862,0.001809,-0.000256,0.001066,5.327444,TARE
4.147000,0.426322,-0.198457,-0.137861,0.001503,-0.000665,0.001331,5.328627,TARE
4.148000,0.426324,-0.198453,-0.137862,0.001431,0.000628,0.000949,5.329623,TARE
4.149000,0.426323,-0.198453,-0.137863,0.000468,0.001077,0.000058,5.330545,TARE
4.150000,0.426323,-0.198456,-0.137861,0.001120,-0.000294,0.000698,5.331475,TARE
4.151000,0.426322,-0.198451,-0.137863,0.000023,0.001358,-0.000515,5.332407,TARE
4.152000,0.426319,-0.198456,-0.137863,-0.000952,-0.000728,-0.000101,5.333240,TARE
4.153000,0.426321,-0.198455,-0.137861,0.000116,-0.000008,0.000401,5.333805,TARE
4.154000,0.426326,-0.198456,-0.137859,0.000862,-0.000363,0.000721,5.333935,TARE
4.155000,0.426322,-0.198454,-0.137862,-0.000813,0.000060,-0.000425,5.333524,TARE
4.156000,0.426322,-0.198457,-0.137860,-0.000613,-0.000828,0.000273,5.332518,TARE
4.157000,0.426324,-0.198457,-0.137859,-0.000061,-0.000612,0.000637,5.330885,TARE
4.158000,0.426324,-0.198458,-0.137858,-0.000819,-0.000849,0.000346,5.328638,TARE
4.159000,0.426323,-0.198456,-0.137860,-0.000973,-0.000200,-0.000102,5.325853,TARE
4.160000,0.426322,-0.198458,-0.137859,-0.000736,-0.000911,0.000378,5.322633,TARE
4.161000,0.426328,-0.198458,-0.137856,0.000758,-0.000518,0.001032,5.319088,TARE
4.162000,0.426325,-0.198457,-0.137857,-0.000187,0.000009,0.000364,5.315347,TARE
4.163000,0.426323,-0.198459,-0.137858,-0.001298,-0.000278,-0.000406,5.311559,TARE
4.164000,0.426326,-0.198457,-0.137857,0.000119,0.000153,0.000331,5.307832,TARE
4.165000,0.426330,-0.198459,-0.137854,0.001103,-0.000840,0.001283,5.304215,TARE
4.166000,0.426329,-0.198457,-0.137856,0.000056,0.000121,0.000011,5.300755,TARE
4.167000,0.426329,-0.198457,-0.137855,0.001090,0.000023,0.000362,5.297512,TARE
4.168000,0.426329,-0.198458,-0.137855,0.000606,-0.000304,0.000310,5.294523,TARE
4.169000,0.426331,-0.198458,-0.137853,0.000714,-0.000081,0.000570,5.291775,TARE
4.170000,0.426327,-0.198456,-0.137855,0.000219,0.000481,0.000137,5.289245,TARE
4.171000,0.426330,-0.198457,-0.137854,0.001216,-0.000210,0.000628,5.286917,TARE
4.172000,0.426331,-0.198457,-0.137853,0.001278,0.000270,0.000499,5.284787,TARE
4.173000,0.426335,-0.198461,-0.137851,0.002056,-0.001025,0.001258,5.282860,TARE
4.174000,0.426334,-0.198459,-0.137850,0.001661,-0.000256,0.001183,5.281162,TARE
4.175000,0.426331,-0.198459,-0.137852,0.000488,-0.000022,0.000278,5.279751,TARE
4.176000,0.426334,-0.198461,-0.137849,0.000488,-0.000439,0.000761,5.278697,TARE
4.177000,0.426333,-0.198459,-0.137850,0.000175,0.000230,0.000333,5.278042,TARE
4.178000,0.426334,-0.198463,-0.137848,0.000713,-0.000762,0.000991,5.277799,TARE
4.179000,0.426336,-0.198459,-0.137848,0.001155,0.000385,0.000737,5.277975,TARE
4.180000,0.426337,-0.198461,-0.137847,0.001530,-0.000552,0.001505,5.278582,TARE
4.181000,0.426334,-0.198464,-0.137847,0.000183,-0.001232,0.000950,5.279661,TARE
4.182000,0.426329,-0.198463,-0.137850,-0.001838,-0.000953,-0.000034,5.281263,TARE
4.183000,0.426333,-0.198462,-0.137849,-0.000351,-0.000804,0.000380,5.283392,TARE
4.184000,0.426333,-0.198463,-0.137849,-0.000237,-0.000724,0.000409,5.285965,TARE
4.185000,0.426334,-0.198463,-0.137848,0.000782,-0.000606,0.000695,5.288837,TARE
4.186000,0.426332,-0.198461,-0.137849,-0.000986,0.000400,-0.000037,5.291852,TARE
4.187000,0.426336,-0.198463,-0.137847,-0.000385,-0.000404,0.000276,5.294877,TARE
4.188000,0.426337,-0.198462,-0.137846,0.000019,-0.000275,0.000340,5.297797,TARE
4.189000,0.426332,-0.198462,-0.137847,-0.001136,-0.000476,0.000096,5.300516,TARE
4.190000,0.426334,-0.198461,-0.137847,-0.000243,-0.000017,0.000220,5.302961,TARE
4.191000,0.426335,-0.198461,-0.137847,0.000694,0.000010,0.000401,5.305087,TARE
4.192000,0.426336,-0.198462,-0.137846,0.000755,-0.000638,0.000630,5.306872,TARE
4.193000,0.426332,-0.198462,-0.137849,-0.000503,-0.000240,-0.000295,5.308298,TARE
4.194000,0.426337,-0.198462,-0.137846,0.002158,0.000129,0.000888,5.309334,TARE
4.195000,0.426332,-0.198464,-0.137848,0.000207,-0.000423,0.000231,5.309943,TARE
4.196000,0.426334,-0.198464,-0.137846,0.001514,-0.000019,0.000816,5.310118,TARE
4.197000,0.426335,-0.198465,-0.137845,0.001420,0.000257,0.000574,5.309897,TARE
4.198000,0.426330,-0.198462,-0.137848,-0.000413,0.001160,-0.000570,5.309359,TARE
4.199000,0.426333,-0.198466,-0.137845,0.000505,-0.000387,0.000530,5.308581,TARE
4.200000,0.426335,-0.198463,-0.137846,0.001410,0.000517,0.000249,5.307616,TARE
4.201000,0.426335,-0.198463,-0.137846,0.001158,0.000443,0.000147,5.306504,TARE
4.202000,0.426333,-0.198466,-0.137846,0.000597,-0.000465,0.000546,5.305269,TARE
4.203000,0.426335,-0.198462,-0.137845,0.001330,0.001313,0.000431,5.303937,TARE
4.204000,0.426335,-0.198464,-0.137845,0.000839,0.000127,0.000383,5.302559,TARE
4.205000,0.426336,-0.198465,-0.137843,0.001946,0.000107,0.001504,5.301224,TARE
4.206000,0.426337,-0.198462,-0.137844,0.001743,0.000962,0.000667,5.300069,TARE
4.207000,0.426332,-0.198463,-0.137846,-0.000303,0.001126,-0.000174,5.299257,TARE
4.208000,0.426332,-0.198463,-0.137846,-0.000053,0.000743,-0.000028,5.298910,TARE
4.209000,0.426333,-0.198463,-0.137846,0.000989,0.000269,0.000190,5.299044,TARE
4.210000,0.426336,-0.198466,-0.137843,0.001211,-0.000633,0.000775,5.299579,TARE
4.211000,0.426336,-0.198465,-0.137844,0.000303,-0.000382,0.000218,5.300387,TARE
4.212000,0.426337,-0.198465,-0.137843,0.000814,-0.000320,0.000620,5.301338,TARE
4.213000,0.426331,-0.198464,-0.137846,-0.001068,0.000164,-0.000382,5.302313,TARE
4.214000,0.426336,-0.198466,-0.137843,0.000519,-0.000432,0.000738,5.303216,TARE
4.215000,0.426336,-0.198465,-0.137843,0.000224,-0.000189,0.000548,5.303982,TARE
4.216000,0.426341,-0.198465,-0.137840,0.001215,-0.000148,0.001108,5.304604,TARE
4.217000,0.426339,-0.198467,-0.137841,0.000269,-0.000414,0.000686,5.305143,TARE
4.218000,0.426337,-0.198465,-0.137843,-0.000099,0.000589,-0.000304,5.305699,TARE
4.219000,0.426336,-0.198466,-0.137843,-0.000270,0.000251,-0.000382,5.306330,TARE
4.220000,0.426341,-0.198465,-0.137841,0.000817,0.000576,0.000245,5.307004,TARE
4.221000,0.426338,-0.198465,-0.137842,0.000199,0.000571,-0.000043,5.307617,TARE
4.222000,0.426338,-0.198468,-0.137841,-0.000035,-0.000440,0.000022,5.308058,TARE
4.223000,0.426339,-0.198466,-0.137840,0.000668,0.000564,0.000361,5.308241,TARE
4.224000,0.426338,-0.198466,-0.137842,0.000050,0.000947,-0.000514,5.308109,TARE
4.225000,0.426337,-0.198467,-0.137842,0.000051,0.000374,-0.000414,5.307616,TARE
4.226000,0.426336,-0.198466,-0.137842,-0.000409,0.000708,-0.000312,5.306695,TARE
4.227000,0.426339,-0.198467,-0.137840,0.000390,-0.000112,0.000233,5.305269,TARE
4.228000,0.426338,-0.198467,-0.137840,-0.000898,0.000192,-0.000632,5.303296,TARE
4.229000,0.426342,-0.198470,-0.137837,0.000279,-0.000360,0.000411,5.300780,TARE
4.230000,0.426340,-0.198469,-0.137839,-0.000763,0.000311,-0.000626,5.297760,TARE
4.231000,0.426337,-0.198468,-0.137839,-0.001064,0.000262,-0.000665,5.294295,TARE
4.232000,0.426337,-0.198468,-0.137841,-0.000937,0.000041,-0.001003,5.290424,TARE
4.233000,0.426340,-0.198469,-0.137838,0.000378,-0.000079,0.000077,5.286150,TARE
4.234000,0.426339,-0.198469,-0.137839,0.000509,-0.000095,0.000208,5.281473,TARE
4.235000,0.426339,-0.198469,-0.137839,0.000641,-0.000100,0.000230,5.276459,TARE
4.236000,0.426332,-0.198471,-0.137842,-0.001070,-0.000316,-0.000559,5.271250,TARE
4.237000,0.426337,-0.198470,-0.137839,0.000175,0.000021,0.000155,5.266017,TARE
4.238000,0.426337,-0.198471,-0.137839,0.000371,-0.000125,0.000267,5.260914,TARE
4.239000,0.426338,-0.198471,-0.137838,0.000665,-0.000537,0.000507,5.256093,TARE
4.240000,0.426334,-0.198472,-0.137840,-0.000596,-0.000497,-0.000124,5.251707,TARE
4.241000,0.426337,-0.198470,-0.137839,0.000231,0.000178,-0.000126,5.247888,TARE
4.242000,0.426337,-0.198470,-0.137839,0.000250,0.000223,-0.000011,5.244707,TARE
4.243000,0.426334,-0.198470,-0.137841,-0.000516,0.000181,-0.000472,5.242169,TARE
4.244000,0.426337,-0.198472,-0.137838,0.000710,-0.000231,0.000410,5.240229,TARE
4.245000,0.426334,-0.198471,-0.137840,-0.000700,0.000405,-0.000431,5.238825,TARE
4.246000,0.426335,-0.198469,-0.137840,-0.000197,0.000559,-0.000332,5.237890,TARE
4.247000,0.426338,-0.198472,-0.137837,0.001020,-0.000650,0.000868,5.237356,TARE
4.248000,0.426336,-0.198469,-0.137839,-0.000305,0.000498,-0.000120,5.237171,TARE
4.249000,0.426333,-0.198471,-0.137840,-0.001581,0.000170,-0.000752,5.237310,TARE
4.250000,0.426336,-0.198474,-0.137837,0.000802,-0.000442,0.000796,5.237750,TARE
4.251000,0.426332,-0.198471,-0.137840,0.000112,0.000420,0.000172,5.238459,TARE
4.252000,0.426337,-0.198474,-0.137836,0.000829,-0.000431,0.000684,5.239432,TARE
4.253000,0.426339,-0.198475,-0.137835,0.001347,-0.000415,0.001103,5.240707,TARE
4.254000,0.426333,-0.198473,-0.137839,-0.001244,-0.000347,-0.000332,5.242341,TARE
4.255000,0.426339,-0.198473,-0.137836,0.000153,-0.000206,0.000460,5.244370,TARE
4.256000,0.426336,-0.198469,-0.137838,-0.000768,0.000907,-0.000521,5.246776,TARE
4.257000,0.426341,-0.198472,-0.137835,0.001018,0.000385,0.000633,5.249492,TARE
4.258000,0.426341,-0.198471,-0.137835,0.000348,0.000743,0.000114,5.252434,TARE
4.259000,0.426341,-0.198471,-0.137835,-0.000029,0.000065,-0.000006,5.255534,TARE
4.260000,0.426338,-0.198473,-0.137836,-0.000557,-0.000281,-0.000066,5.258724,TARE
4.261000,0.426339,-0.198469,-0.137837,-0.000061,0.001683,-0.000470,5.261919,TARE
4.262000,0.426340,-0.198471,-0.137837,-0.000039,0.000197,-0.000269,5.265008,TARE
4.263000,0.426341,-0.198471,-0.137836,0.001103,0.000489,0.000240,5.267862,TARE
4.264000,0.426341,-0.198471,-0.137835,0.001200,0.000759,0.000358,5.270371,TARE
4.265000,0.426342,-0.198471,-0.137834,0.001448,0.000548,0.000609,5.272476,TARE
4.266000,0.426340,-0.198473,-0.137834,-0.000045,-0.000571,0.000331,5.274191,TARE
4.267000,0.426341,-0.198472,-0.137835,0.000761,0.000230,0.000123,5.275580,TARE
4.268000,0.426339,-0.198470,-0.137835,-0.000080,0.000990,-0.000193,5.276704,TARE
4.269000,0.426340,-0.198470,-0.137834,-0.000721,0.000756,-0.000154,5.277598,TARE
4.270000,0.426339,-0.198475,-0.137835,-0.000460,-0.000882,-0.000156,5.278278,TARE
4.271000,0.426340,-0.198474,-0.137835,-0.000563,-0.000105,-0.000538,5.278739,TARE
4.272000,0.426340,-0.198476,-0.137833,-0.000943,-0.000584,-0.000053,5.278937,TARE
4.273000,0.426343,-0.198474,-0.137832,0.000041,0.000328,0.000059,5.278814,TARE
4.274000,0.426343,-0.198471,-0.137834,-0.000150,0.000731,-0.000314,5.278342,TARE
4.275000,0.426345,-0.198475,-0.137832,0.000817,-0.000372,0.000438,5.277540,TARE
4.276000,0.426341,-0.198474,-0.137833,0.000128,-0.000057,0.000425,5.276461,TARE
4.277000,0.426342,-0.198475,-0.137832,0.000858,-0.000168,0.000669,5.275198,TARE
4.278000,0.426341,-0.198472,-0.137834,0.000448,0.000148,0.000056,5.273880,TARE
4.279000,0.426340,-0.198474,-0.137833,-0.000009,-0.000044,0.000028,5.272628,TARE
4.280000,0.426339,-0.198473,-0.137835,-0.000515,-0.000217,-0.000330,5.271496,TARE
4.281000,0.426338,-0.198475,-0.137835,-0.000437,-0.000499,-0.000324,5.270460,TARE
4.282000,0.426338,-0.198473,-0.137835,-0.000775,0.000513,-0.000478,5.269421,TARE
4.283000,0.426338,-0.198474,-0.137834,0.000319,0.000196,0.000208,5.268256,TARE
4.284000,0.426342,-0.198473,-0.137832,0.001919,0.000520,0.000925,5.266880,TARE
4.285000,0.426341,-0.198476,-0.137832,0.000883,-0.000732,0.000774,5.265314,TARE
4.286000,0.426340,-0.198474,-0.137832,0.000734,0.000051,0.000574,5.263679,TARE
4.287000,0.426337,-0.198475,-0.137835,-0.000635,-0.000389,-0.000254,5.262136,TARE
4.288000,0.426339,-0.198474,-0.137835,-0.000196,-0.000109,-0.000191,5.260804,TARE
4.289000,0.426339,-0.198473,-0.137834,0.000490,0.000077,0.000284,5.259713,TARE
4.290000,0.426337,-0.198476,-0.137834,0.000200,-0.000890,0.000692,5.258830,TARE
4.291000,0.426342,-0.198474,-0.137833,0.001344,0.000204,0.000673,5.258134,TARE
4.292000,0.426335,-0.198472,-0.137837,-0.001049,0.000724,-0.000851,5.257638,TARE
4.293000,0.426339,-0.198474,-0.137833,0.000736,-0.000000,0.000893,5.257351,TARE
4.294000,0.426337,-0.198474,-0.137834,0.000016,0.000120,0.000187,5.257262,TARE
4.295000,0.426337,-0.198476,-0.137834,-0.000634,-0.000663,0.000092,5.257368,TARE
4.296000,0.426335,-0.198472,-0.137836,-0.001589,0.000955,-0.000644,5.257673,TARE
4.297000,0.426338,-0.198472,-0.137834,0.000202,0.000582,0.000275,5.258148,TARE
4.298000,0.426338,-0.198477,-0.137833,0.000907,-0.000738,0.000550,5.258745,TARE
4.299000,0.426339,-0.198474,-0.137833,0.000586,-0.000077,0.000616,5.259435,TARE
4.300000,0.426342,-0.198475,-0.137832,0.001077,0.000086,0.000554,5.260218,TARE
4.301000,0.426339,-0.198474,-0.137833,-0.000800,0.000389,-0.000516,5.261113,TARE
4.302000,0.426339,-0.198473,-0.137834,-0.001229,0.000660,-0.000622,5.262114,TARE
4.303000,0.426335,-0.198474,-0.137834,-0.001600,0.000294,-0.000554,5.263149,TARE
4.304000,0.426341,-0.198477,-0.137832,0.000746,-0.000757,0.000396,5.264106,TARE
4.305000,0.426343,-0.198474,-0.137830,0.000924,0.000283,0.000575,5.264887,TARE
4.306000,0.426340,-0.198474,-0.137833,0.000194,-0.000082,-0.000071,5.265454,TARE
4.307000,0.426339,-0.198474,-0.137833,0.000330,-0.000209,0.000349,5.265819,TARE
4.308000,0.426340,-0.198473,-0.137833,-0.000274,-0.000195,-0.000147,5.266010,TARE
4.309000,0.426339,-0.198473,-0.137834,-0.000011,0.000050,-0.000072,5.266050,TARE
4.310000,0.426340,-0.198473,-0.137832,0.000271,-0.000248,0.000259,5.265944,TARE
4.311000,0.426339,-0.198475,-0.137833,0.000540,-0.000413,0.000288,5.265693,TARE
4.312000,0.426337,-0.198473,-0.137834,-0.000697,0.000624,-0.000272,5.265310,TARE
4.313000,0.426342,-0.198474,-0.137831,0.001204,0.000173,0.000631,5.264821,TARE
4.314000,0.426336,-0.198477,-0.137834,-0.001168,-0.000554,-0.000387,5.264262,TARE
4.315000,0.426342,-0.198476,-0.137831,0.001253,-0.000482,0.001071,5.263676,TARE
4.316000,0.426338,-0.198473,-0.137833,0.000209,0.000051,0.000363,5.263122,TARE
4.317000,0.426337,-0.198477,-0.137832,-0.000354,-0.001035,0.000307,5.262688,TARE
4.318000,0.426342,-0.198475,-0.137830,0.001955,0.000015,0.001028,5.262474,TARE
4.319000,0.426342,-0.198474,-0.137831,0.001173,0.000078,0.000351,5.262560,TARE
4.320000,0.426340,-0.198478,-0.137830,0.000575,-0.000712,0.000675,5.262998,TARE
4.321000,0.426340,-0.198476,-0.137831,0.000538,-0.000170,0.000429,5.263806,TARE
4.322000,0.426339,-0.198475,-0.137831,0.000566,0.000257,0.000430,5.264982,TARE
4.323000,0.426343,-0.198476,-0.137829,0.001733,-0.000140,0.001045,5.266517,TARE
4.324000,0.426341,-0.198476,-0.137829,0.001263,0.000427,0.000826,5.268413,TARE
4.325000,0.426337,-0.198480,-0.137831,-0.000786,-0.000566,-0.000228,5.270684,TARE
4.326000,0.426337,-0.198479,-0.137831,-0.000247,-0.000423,0.000047,5.273309,TARE
4.327000,0.426340,-0.198476,-0.137830,0.000568,0.000288,0.000215,5.276189,TARE
4.328000,0.426339,-0.198478,-0.137830,-0.000199,-0.000548,-0.000004,5.279156,TARE
4.329000,0.426337,-0.198476,-0.137833,-0.001104,0.000008,-0.000756,5.282013,TARE
4.330000,0.426338,-0.198476,-0.137831,-0.001245,0.000130,-0.000432,5.284538,TARE
4.331000,0.426338,-0.198478,-0.137831,-0.000553,-0.000101,-0.000422,5.286506,TARE
4.332000,0.426337,-0.198480,-0.137832,-0.000566,-0.000195,-0.000260,5.287724,TARE
4.333000,0.426335,-0.198478,-0.137832,-0.000864,0.000831,-0.000469,5.288060,TARE
4.334000,0.426337,-0.198478,-0.137831,-0.000587,0.000439,-0.000361,5.287461,TARE
4.335000,0.426336,-0.198480,-0.137831,-0.000258,-0.000306,0.000035,5.285953,TARE
4.336000,0.426337,-0.198479,-0.137831,0.000091,0.000310,0.000010,5.283640,TARE
4.337000,0.426340,-0.198480,-0.137829,0.001208,-0.000081,0.000744,5.280686,TARE
4.338000,0.426336,-0.198478,-0.137830,-0.000589,0.000530,0.000121,5.277316,TARE
4.339000,0.426339,-0.198478,-0.137829,0.000690,0.000512,0.000459,5.273805,TARE
4.340000,0.426337,-0.198481,-0.137830,-0.000266,-0.000944,0.000094,5.270438,TARE
4.341000,0.426338,-0.198476,-0.137831,0.000272,0.000938,-0.000096,5.267444,TARE
4.342000,0.426337,-0.198479,-0.137830,-0.000359,-0.000259,-0.000289,5.264946,TARE
4.343000,0.426338,-0.198480,-0.137829,-0.000225,-0.000402,-0.000151,5.262954,TARE
4.344000,0.426343,-0.198478,-0.137826,0.002133,0.000421,0.001225,5.261406,TARE
4.345000,0.426340,-0.198480,-0.137828,0.000872,-0.000260,0.000281,5.260246,TARE
4.346000,0.426341,-0.198480,-0.137827,0.000072,-0.000077,0.000122,5.259464,TARE
4.347000,0.426341,-0.198479,-0.137828,-0.000010,-0.000033,0.000008,5.259061,TARE
4.348000,0.426341,-0.198475,-0.137829,0.000415,0.000959,0.000259,5.259012,TARE
4.349000,0.426338,-0.198476,-0.137830,-0.000277,0.000536,-0.000415,5.259280,TARE
4.350000,0.426340,-0.198478,-0.137829,0.000123,-0.000253,0.000061,5.259820,TARE
4.351000,0.426345,-0.198479,-0.137826,0.001854,-0.000055,0.001074,5.260571,TARE
4.352000,0.426344,-0.198478,-0.137826,0.000374,0.000314,0.000271,5.261487,TARE
4.353000,0.426344,-0.198479,-0.137826,0.000988,-0.000293,0.000797,5.262583,TARE
4.354000,0.426339,-0.198477,-0.137830,-0.000276,0.000593,-0.000565,5.263908,TARE
4.355000,0.426342,-0.198480,-0.137827,0.000705,-0.000629,0.000435,5.265485,TARE
4.356000,0.426341,-0.198477,-0.137827,0.000409,0.000493,0.000274,5.267275,TARE
4.357000,0.426340,-0.198482,-0.137827,-0.000279,-0.000911,0.000152,5.269207,TARE
4.358000,0.426341,-0.198477,-0.137828,-0.000570,0.000862,-0.000619,5.271212,TARE
4.359000,0.426346,-0.198482,-0.137824,0.000894,-0.000544,0.000347,5.273202,TARE
4.360000,0.426343,-0.198480,-0.137826,0.000030,0.000474,-0.000252,5.275066,TARE
4.361000,0.426342,-0.198478,-0.137827,0.000413,0.001011,-0.000245,5.276698,TARE
4.362000,0.426342,-0.198478,-0.137827,0.000510,0.000644,-0.000076,5.278010,TARE
4.363000,0.426342,-0.198479,-0.137826,0.000965,-0.000144,0.000662,5.278954,TARE
4.364000,0.426344,-0.198483,-0.137825,0.001237,-0.001104,0.000772,5.279546,TARE
4.365000,0.426343,-0.198481,-0.137826,0.001846,-0.000657,0.000851,5.279879,TARE
4.366000,0.426342,-0.198481,-0.137826,0.001208,-0.000359,0.000395,5.280088,TARE
4.367000,0.426341,-0.198480,-0.137826,0.000169,-0.000152,0.000119,5.280293,TARE
4.368000,0.426340,-0.198477,-0.137828,-0.000079,0.000927,-0.000286,5.280564,TARE
4.369000,0.426340,-0.198480,-0.137826,-0.000651,-0.000182,-0.000088,5.280912,TARE
4.370000,0.426340,-0.198481,-0.137825,-0.000386,-0.000393,0.000037,5.281306,TARE
4.371000,0.426344,-0.198482,-0.137823,0.000987,-0.000698,0.000886,5.281704,TARE
4.372000,0.426343,-0.198480,-0.137825,0.000803,0.000415,0.000389,5.282093,TARE
4.373000,0.426338,-0.198478,-0.137828,-0.001288,0.000898,-0.000840,5.282496,TARE
4.374000,0.426340,-0.198481,-0.137826,0.000351,-0.000111,0.000172,5.282937,TARE
4.375000,0.426344,-0.198481,-0.137824,0.001220,-0.000107,0.000719,5.283400,TARE
4.376000,0.426342,-0.198479,-0.137826,0.001432,0.001032,0.000202,5.283862,TARE
4.377000,0.426342,-0.198482,-0.137824,0.000822,0.000300,0.000382,5.284319,TARE
4.378000,0.426341,-0.198480,-0.137827,0.000382,0.000431,-0.000397,5.284764,TARE
4.379000,0.426344,-0.198480,-0.137823,0.001171,0.000241,0.000913,5.285162,TARE
4.380000,0.426340,-0.198482,-0.137826,-0.000853,-0.000586,-0.000391,5.285469,TARE
4.381000,0.426337,-0.198480,-0.137827,-0.000959,0.000181,-0.000400,5.285652,TARE
4.382000,0.426341,-0.198480,-0.137825,0.000518,-0.000096,0.000227,5.285663,TARE
4.383000,0.426342,-0.198482,-0.137823,0.001074,-0.001003,0.001213,5.285453,TARE
4.384000,0.426341,-0.198481,-0.137824,0.000122,-0.000621,0.000258,5.285024,TARE
4.385000,0.426346,-0.198483,-0.137821,0.001980,-0.000985,0.001161,5.284449,TARE
4.386000,0.426345,-0.198480,-0.137823,0.001408,0.000309,0.000379,5.283826,TARE
4.387000,0.426341,-0.198480,-0.137824,-0.000140,0.000567,-0.000138,5.283236,TARE
4.388000,0.426341,-0.198481,-0.137824,-0.000352,-0.000263,-0.000018,5.282715,TARE
4.389000,0.426345,-0.198481,-0.137822,0.000847,0.000142,0.000531,5.282261,TARE
4.390000,0.426343,-0.198482,-0.137823,-0.000347,-0.000078,-0.000169,5.281859,TARE
4.391000,0.426344,-0.198481,-0.137822,0.000137,0.000386,0.000138,5.281496,TARE
4.392000,0.426346,-0.198481,-0.137821,0.000840,0.000185,0.000424,5.281159,TARE
4.393000,0.426344,-0.198482,-0.137823,-0.000202,-0.000461,-0.000179,5.280835,TARE
4.394000,0.426346,-0.198481,-0.137822,0.000390,-0.000125,0.000404,5.280503,TARE
4.395000,0.426345,-0.198481,-0.137822,0.000305,-0.000140,0.000447,5.280135,TARE
4.396000,0.426346,-0.198481,-0.137821,0.000815,-0.000299,0.000606,5.279724,TARE
4.397000,0.426347,-0.198479,-0.137821,0.000818,0.000897,0.000427,5.279305,TARE
4.398000,0.426346,-0.198480,-0.137822,0.000049,0.000276,0.000095,5.278936,TARE
4.399000,0.426347,-0.198481,-0.137820,0.000398,-0.000480,0.000515,5.278669,TARE
4.400000,0.426347,-0.198482,-0.137820,-0.000571,-0.000667,0.000173,5.278528,TARE
4.401000,0.426346,-0.198482,-0.137821,-0.000412,-0.000370,0.000062,5.278509,TARE
4.402000,0.426349,-0.198482,-0.137819,0.000058,-0.000213,0.000490,5.278587,TARE
4.403000,0.426345,-0.198484,-0.137822,-0.001099,-0.000895,-0.000622,5.278721,TARE
4.404000,0.426343,-0.198482,-0.137823,-0.001882,0.000156,-0.001056,5.278834,TARE
4.405000,0.426346,-0.198481,-0.137821,-0.000161,-0.000048,0.000029,5.278785,TARE
4.406000,0.426347,-0.198485,-0.137819,0.000037,-0.001447,0.000595,5.278418,TARE
4.407000,0.426343,-0.198483,-0.137822,-0.001504,0.000091,-0.000873,5.277651,TARE
4.408000,0.426349,-0.198483,-0.137818,0.000825,-0.000305,0.000929,5.276479,TARE
4.409000,0.426344,-0.198481,-0.137822,-0.000803,0.000342,-0.000660,5.274955,TARE
4.410000,0.426345,-0.198482,-0.137820,0.000175,-0.000260,0.000557,5.273164,TARE
4.411000,0.426347,-0.198481,-0.137821,0.000239,0.000378,-0.000066,5.271205,TARE
4.412000,0.426342,-0.198485,-0.137822,-0.001436,-0.000780,-0.000570,5.269171,TARE
4.413000,0.426345,-0.198482,-0.137821,0.000090,0.000263,0.000131,5.267115,TARE
4.414000,0.426346,-0.198485,-0.137820,0.000590,-0.000384,0.000367,5.265051,TARE
4.415000,0.426344,-0.198483,-0.137821,0.000154,0.000419,-0.000029,5.262993,TARE
4.416000,0.426346,-0.198486,-0.137818,0.001048,-0.001276,0.001275,5.260983,TARE
4.417000,0.426350,-0.198483,-0.137818,0.001782,-0.000316,0.000960,5.259114,TARE
4.418000,0.426346,-0.198484,-0.137819,0.000566,-0.000802,0.000743,5.257525,TARE
4.419000,0.426341,-0.198482,-0.137823,-0.001234,0.000148,-0.000785,5.256362,TARE
4.420000,0.426344,-0.198482,-0.137821,0.000670,0.000645,0.000156,5.255691,TARE
4.421000,0.426347,-0.198484,-0.137818,0.001539,-0.000299,0.001098,5.255482,TARE
4.422000,0.426345,-0.198484,-0.137819,0.000178,-0.000571,0.000305,5.255678,TARE
4.423000,0.426344,-0.198485,-0.137820,-0.000401,-0.000527,0.000133,5.256242,TARE
4.424000,0.426344,-0.198485,-0.137820,-0.000252,-0.000840,0.000281,5.257137,TARE
4.425000,0.426343,-0.198486,-0.137820,-0.000676,-0.001066,0.000135,5.258290,TARE
4.426000,0.426344,-0.198483,-0.137821,-0.000922,-0.000208,-0.000488,5.259602,TARE
4.427000,0.426347,-0.198485,-0.137819,0.000717,-0.000819,0.000599,5.260944,TARE
4.428000,0.426347,-0.198483,-0.137819,0.000828,-0.000008,0.000327,5.262187,TARE
4.429000,0.426343,-0.198483,-0.137821,-0.000464,0.000269,-0.000475,5.263232,TARE
4.430000,0.426342,-0.198483,-0.137821,-0.000901,0.000156,-0.000607,5.264007,TARE
4.431000,0.426344,-0.198482,-0.137820,-0.000251,0.000541,-0.000404,5.264420,TARE
4.432000,0.426345,-0.198483,-0.137819,0.000669,-0.000108,0.000600,5.264382,TARE
4.433000,0.426343,-0.198486,-0.137819,-0.000531,-0.000918,0.000119,5.263859,TARE
4.434000,0.426348,-0.198486,-0.137817,0.001273,-0.000597,0.000789,5.262909,TARE
4.435000,0.426342,-0.198485,-0.137820,-0.001189,0.000153,-0.000506,5.261651,TARE
4.436000,0.426348,-0.198483,-0.137818,0.001131,0.000219,0.000416,5.260216,TARE
4.437000,0.426347,-0.198486,-0.137817,0.001209,-0.000704,0.000607,5.258716,TARE
4.438000,0.426346,-0.198485,-0.137817,0.000772,-0.000190,0.000623,5.257253,TARE
4.439000,0.426344,-0.198486,-0.137818,-0.000675,-0.000342,-0.000189,5.255924,TARE
4.440000,0.426342,-0.198482,-0.137821,-0.000268,0.000761,-0.000549,5.254806,TARE
4.441000,0.426343,-0.198483,-0.137820,0.000443,0.000543,0.000033,5.253917,TARE
4.442000,0.426348,-0.198482,-0.137818,0.001139,0.000598,0.000312,5.253224,TARE
4.443000,0.426348,-0.198484,-0.137816,0.000883,-0.000099,0.000678,5.252696,TARE
4.444000,0.426347,-0.198486,-0.137816,0.001339,-0.000213,0.000907,5.252357,TARE
4.445000,0.426348,-0.198485,-0.137817,0.000940,-0.000589,0.000444,5.252285,TARE
4.446000,0.426346,-0.198485,-0.137817,-0.000245,-0.000185,0.000200,5.252576,TARE
4.447000,0.426345,-0.198486,-0.137818,-0.000559,-0.000116,-0.000231,5.253284,TARE
4.448000,0.426344,-0.198482,-0.137819,-0.000579,0.001311,-0.000638,5.254396,TARE
4.449000,0.426347,-0.198486,-0.137816,0.001033,-0.000443,0.000699,5.255833,TARE
4.450000,0.426344,-0.198484,-0.137819,-0.000307,0.000735,-0.000486,5.257482,TARE
4.451000,0.426348,-0.198486,-0.137816,0.001517,0.000425,0.000876,5.259238,TARE
4.452000,0.426344,-0.198487,-0.137817,-0.001199,0.000154,-0.000590,5.261025,TARE
4.453000,0.426346,-0.198484,-0.137818,-0.000489,0.001002,-0.000900,5.262781,TARE
4.454000,0.426351,-0.198487,-0.137813,0.002162,-0.000582,0.001169,5.264425,TARE
4.455000,0.426342,-0.198484,-0.137819,-0.001123,0.000566,-0.000915,5.265862,TARE
4.456000,0.426346,-0.198487,-0.137816,0.001208,0.000080,0.000535,5.267028,TARE
4.457000,0.426345,-0.198486,-0.137817,0.000531,0.000281,0.000046,5.267896,TARE
4.458000,0.426347,-0.198487,-0.137816,0.000735,-0.000228,0.000308,5.268482,TARE
4.459000,0.426347,-0.198487,-0.137816,0.000669,-0.000577,0.000243,5.268833,TARE
4.460000,0.426348,-0.198485,-0.137815,0.000802,0.000616,0.000327,5.269008,TARE
4.461000,0.426346,-0.198486,-0.137816,0.000099,0.000177,-0.000080,5.269076,TARE
4.462000,0.426349,-0.198484,-0.137815,0.000430,0.000488,-0.000030,5.269102,TARE
4.463000,0.426349,-0.198488,-0.137814,0.000265,-0.000586,0.000353,5.269138,TARE
4.464000,0.426350,-0.198485,-0.137816,-0.000020,0.000079,-0.000349,5.269213,TARE
4.465000,0.426350,-0.198485,-0.137814,-0.000221,-0.000009,0.000055,5.269337,TARE
4.466000,0.426346,-0.198488,-0.137816,-0.000660,-0.001044,-0.000421,5.269492,TARE
4.467000,0.426347,-0.198486,-0.137815,0.000084,-0.000132,0.000194,5.269638,TARE
4.468000,0.426347,-0.198488,-0.137816,-0.000739,-0.000514,-0.000554,5.269716,TARE
4.469000,0.426346,-0.198488,-0.137816,-0.001299,-0.000754,-0.000348,5.269657,TARE
4.470000,0.426350,-0.198488,-0.137813,0.000769,-0.000546,0.000827,5.269399,TARE
4.471000,0.426347,-0.198486,-0.137815,-0.000554,-0.000355,0.000341,5.268934,TARE
4.472000,0.426350,-0.198487,-0.137813,0.000822,-0.000044,0.000730,5.268351,TARE
4.473000,0.426342,-0.198488,-0.137817,-0.002327,-0.000637,-0.000943,5.267805,TARE
4.474000,0.426345,-0.198486,-0.137815,-0.000973,-0.000570,0.000225,5.267419,TARE
4.475000,0.426347,-0.198486,-0.137816,-0.001448,-0.000443,-0.000522,5.267229,TARE
4.476000,0.426345,-0.198486,-0.137817,-0.001381,-0.000298,-0.000596,5.267202,TARE
4.477000,0.426347,-0.198487,-0.137815,-0.000335,-0.000287,0.000190,5.267258,TARE
4.478000,0.426348,-0.198486,-0.137815,0.000182,-0.000066,0.000195,5.267307,TARE
4.479000,0.426345,-0.198487,-0.137816,-0.001803,-0.000084,-0.000483,5.267299,TARE
4.480000,0.426350,-0.198487,-0.137814,0.000249,0.000032,0.000081,5.267222,TARE
4.481000,0.426347,-0.198489,-0.137814,-0.000409,-0.000706,0.000096,5.267076,TARE
4.482000,0.426345,-0.198484,-0.137817,-0.000874,0.000878,-0.000847,5.266860,TARE
4.483000,0.426346,-0.198484,-0.137816,-0.000225,0.000838,-0.000468,5.266553,TARE
4.484000,0.426349,-0.198487,-0.137814,0.000940,-0.000077,0.000415,5.266114,TARE
4.485000,0.426346,-0.198486,-0.137816,-0.000006,0.001125,-0.000381,5.265516,TARE
4.486000,0.426345,-0.198486,-0.137816,-0.000351,0.001164,-0.000562,5.264775,TARE
4.487000,0.426346,-0.198488,-0.137815,0.000213,0.000207,0.000115,5.263922,TARE
4.488000,0.426346,-0.198485,-0.137815,0.000266,0.001118,-0.000040,5.262992,TARE
4.489000,0.426343,-0.198487,-0.137816,-0.000701,0.000329,-0.000399,5.262033,TARE
4.490000,0.426344,-0.198488,-0.137816,0.000500,-0.000324,0.000256,5.261101,TARE
4.491000,0.426347,-0.198489,-0.137813,0.001549,-0.000172,0.001032,5.260255,TARE
4.492000,0.426349,-0.198488,-0.137814,0.001627,-0.000273,0.000660,5.259580,TARE
4.493000,0.426344,-0.198489,-0.137814,-0.000325,-0.000950,0.000437,5.259198,TARE
4.494000,0.426348,-0.198486,-0.137815,0.000925,0.000394,0.000148,5.259219,TARE
4.495000,0.426345,-0.198488,-0.137815,-0.000439,-0.000577,-0.000178,5.259703,TARE
4.496000,0.426347,-0.198490,-0.137813,0.000900,-0.001020,0.000566,5.260633,TARE
4.497000,0.426350,-0.198489,-0.137812,0.000785,-0.000502,0.000576,5.261939,TARE
4.498000,0.426345,-0.198490,-0.137815,-0.000716,-0.000470,-0.000592,5.263536,TARE
4.499000,0.426345,-0.198487,-0.137815,-0.000434,0.000581,-0.000279,5.265313,TARE
4.500000,0.426348,-0.198490,-0.137812,0.001480,-0.000367,0.000696,5.267133,TARE
4.501000,0.426350,-0.198487,-0.137813,0.001225,0.000105,0.000419,5.268873,TARE
4.502000,0.426347,-0.198488,-0.137813,0.000613,0.000150,0.000308,5.270486,TARE
4.503000,0.426350,-0.198490,-0.137811,0.001525,-0.000467,0.000722,5.271993,TARE
4.504000,0.426345,-0.198486,-0.137815,-0.001006,-0.000086,-0.000295,5.273450,TARE
4.505000,0.426350,-0.198490,-0.137812,0.000387,-0.001289,0.000688,5.274916,TARE
4.506000,0.426347,-0.198488,-0.137813,-0.000243,-0.000565,0.000366,5.276429,TARE
4.507000,0.426345,-0.198488,-0.137815,-0.000863,-0.000131,-0.000364,5.278011,TARE
4.508000,0.426347,-0.198489,-0.137813,0.000332,-0.000355,0.000497,5.279668,TARE
4.509000,0.426345,-0.198487,-0.137815,-0.000752,0.000324,-0.000366,5.281381,TARE
4.510000,0.426346,-0.198490,-0.137814,-0.000153,-0.000768,0.000383,5.283112,TARE
4.511000,0.426345,-0.198487,-0.137815,-0.001367,0.000252,-0.000293,5.284816,TARE
4.512000,0.426342,-0.198489,-0.137815,-0.002421,-0.001224,-0.000461,5.286441,TARE
4.513000,0.426345,-0.198486,-0.137814,-0.001233,0.000045,-0.000115,5.287923,TARE
4.514000,0.426345,-0.198489,-0.137815,-0.001042,-0.001262,-0.000169,5.289187,TARE
4.515000,0.426345,-0.198488,-0.137815,-0.000609,-0.001015,-0.000248,5.290151,TARE
4.516000,0.426348,-0.198486,-0.137814,0.000175,-0.000114,0.000121,5.290725,TARE
4.517000,0.426348,-0.198487,-0.137813,0.000745,-0.000128,0.000585,5.290833,TARE
4.518000,0.426348,-0.198486,-0.137814,0.000288,-0.000083,0.000022,5.290467,TARE
4.519000,0.426348,-0.198487,-0.137813,0.001353,0.000328,0.000367,5.289688,TARE
4.520000,0.426347,-0.198489,-0.137813,0.001370,-0.000010,0.000492,5.288593,TARE
4.521000,0.426345,-0.198491,-0.137813,0.000446,-0.000485,0.000281,5.287284,TARE
4.522000,0.426343,-0.198489,-0.137815,-0.000650,0.000289,-0.000589,5.285863,TARE
4.523000,0.426343,-0.198490,-0.137814,-0.000139,-0.000416,0.000225,5.284395,TARE
4.524000,0.426347,-0.198488,-0.137812,0.001482,0.000449,0.001041,5.282924,TARE
4.525000,0.426347,-0.198492,-0.137812,0.001144,-0.000626,0.000899,5.281536,TARE
4.526000,0.426344,-0.198491,-0.137814,-0.000159,-0.000186,0.000059,5.280381,TARE
4.527000,0.426347,-0.198490,-0.137813,0.000115,0.000442,-0.000287,5.279607,TARE
4.528000,0.426348,-0.198488,-0.137812,0.000585,0.000751,-0.000003,5.279268,TARE
4.529000,0.426345,-0.198490,-0.137814,0.000050,0.000219,-0.000406,5.279315,TARE
4.530000,0.426346,-0.198490,-0.137813,0.000498,0.000039,0.000037,5.279631,TARE
4.531000,0.426346,-0.198489,-0.137813,0.000645,0.000300,0.000244,5.280073,TARE
4.532000,0.426346,-0.198489,-0.137813,0.000744,0.000245,0.000259,5.280525,TARE
4.533000,0.426347,-0.198489,-0.137813,0.000867,-0.000054,0.000467,5.280937,TARE
4.534000,0.426346,-0.198488,-0.137814,0.000448,0.000075,0.000163,5.281323,TARE
4.535000,0.426349,-0.198490,-0.137811,0.001644,-0.000556,0.000872,5.281728,TARE
4.536000,0.426346,-0.198490,-0.137812,0.000462,-0.000711,0.000604,5.282208,TARE
4.537000,0.426347,-0.198490,-0.137811,0.000436,-0.000516,0.000545,5.282830,TARE
4.538000,0.426346,-0.198489,-0.137813,-0.000639,-0.000009,-0.000405,5.283650,TARE
4.539000,0.426345,-0.198490,-0.137813,-0.000475,-0.000501,-0.000067,5.284681,TARE
4.540000,0.426349,-0.198490,-0.137811,0.000796,-0.000768,0.000469,5.285861,TARE
4.541000,0.426348,-0.198490,-0.137811,0.000019,-0.000513,0.000259,5.287090,TARE
4.542000,0.426344,-0.198490,-0.137814,-0.001253,-0.000857,-0.000453,5.288270,TARE
4.543000,0.426347,-0.198486,-0.137814,0.000050,0.000961,-0.000191,5.289313,TARE
4.544000,0.426348,-0.198489,-0.137812,0.000159,0.000130,0.000030,5.290134,TARE
4.545000,0.426348,-0.198490,-0.137812,0.000384,-0.000387,0.000440,5.290677,TARE
4.546000,0.426351,-0.198490,-0.137810,0.000579,-0.000241,0.000288,5.290934,TARE
4.547000,0.426348,-0.198492,-0.137811,-0.000306,-0.000736,-0.000047,5.290945,TARE
4.548000,0.426347,-0.198491,-0.137812,-0.000340,-0.000692,-0.000123,5.290750,TARE
4.549000,0.426348,-0.198491,-0.137811,0.000188,-0.000701,0.000266,5.290362,TARE
4.550000,0.426344,-0.198488,-0.137813,-0.000977,0.000440,-0.000491,5.289767,TARE
4.551000,0.426344,-0.198491,-0.137813,-0.001259,-0.001008,-0.000490,5.288943,TARE
4.552000,0.426345,-0.198489,-0.137814,-0.000917,0.000016,-0.000869,5.287846,TARE
4.553000,0.426345,-0.198489,-0.137813,-0.000468,0.000429,-0.000558,5.286393,TARE
4.554000,0.426347,-0.198491,-0.137812,-0.000189,-0.000187,-0.000206,5.284483,TARE
4.555000,0.426344,-0.198491,-0.137813,-0.000302,0.000015,-0.000218,5.282042,TARE
4.556000,0.426347,-0.198490,-0.137811,0.000515,0.000310,0.000429,5.279074,TARE
4.557000,0.426341,-0.198491,-0.137815,-0.002388,0.000159,-0.001409,5.275656,TARE
4.558000,0.426344,-0.198490,-0.137812,-0.000850,0.000520,-0.000206,5.271894,TARE
4.559000,0.426345,-0.198491,-0.137813,0.000118,-0.000153,-0.000024,5.267878,TARE
4.560000,0.426342,-0.198488,-0.137815,-0.000677,0.000902,-0.000844,5.263690,TARE
4.561000,0.426342,-0.198489,-0.137814,-0.000697,0.000219,-0.000506,5.259404,TARE
4.562000,0.426346,-0.198490,-0.137812,-0.000053,-0.000110,0.000271,5.255075,TARE
4.563000,0.426346,-0.198491,-0.137811,0.000063,-0.000452,0.000362,5.250774,TARE
4.564000,0.426344,-0.198488,-0.137813,-0.000107,0.000075,-0.000029,5.246633,TARE
4.565000,0.426350,-0.198489,-0.137810,0.001960,-0.000398,0.001233,5.242827,TARE
4.566000,0.426347,-0.198492,-0.137811,0.000971,-0.001362,0.000936,5.239549,TARE
4.567000,0.426343,-0.198490,-0.137814,-0.000282,-0.000149,-0.000283,5.236981,TARE
4.568000,0.426343,-0.198489,-0.137814,0.000350,0.000092,0.000274,5.235243,TARE
4.569000,0.426343,-0.198490,-0.137814,-0.000267,-0.000240,-0.000110,5.234352,TARE
4.570000,0.426342,-0.198490,-0.137813,0.000320,-0.000359,0.000281,5.234240,TARE
4.571000,0.426346,-0.198490,-0.137812,0.002052,-0.000104,0.000842,5.234808,TARE
4.572000,0.426345,-0.198489,-0.137812,0.001509,0.000156,0.000870,5.235963,TARE
4.573000,0.426347,-0.198485,-0.137813,0.001546,0.001570,0.000296,5.237657,TARE
4.574000,0.426349,-0.198489,-0.137809,0.001391,0.000128,0.001198,5.239886,TARE
4.575000,0.426346,-0.198490,-0.137812,0.000425,-0.000454,0.000349,5.242681,TARE
4.576000,0.426346,-0.198488,-0.137812,0.000883,0.000214,0.000126,5.246063,TARE
4.577000,0.426345,-0.198489,-0.137812,0.000614,-0.000223,0.000376,5.249988,TARE
4.578000,0.426345,-0.198490,-0.137812,-0.000549,-0.000443,0.000043,5.254335,TARE
4.579000,0.426344,-0.198493,-0.137812,-0.001155,-0.001873,-0.000045,5.258931,TARE
4.580000,0.426346,-0.198495,-0.137809,0.000603,-0.002170,0.001209,5.263591,TARE
4.581000,0.426349,-0.198492,-0.137809,0.000944,-0.000879,0.000992,5.268160,TARE
4.582000,0.426345,-0.198491,-0.137811,-0.000465,-0.000211,-0.000102,5.272551,TARE
4.583000,0.426342,-0.198490,-0.137813,-0.001859,0.000671,-0.001220,5.276711,TARE
4.584000,0.426346,-0.198488,-0.137812,0.000145,0.001131,-0.000505,5.280521,TARE
4.585000,0.426346,-0.198488,-0.137812,-0.000813,0.000991,-0.000881,5.283779,TARE
4.586000,0.426344,-0.198491,-0.137812,-0.000931,0.000046,-0.000618,5.286258,TARE
4.587000,0.426346,-0.198492,-0.137811,0.000256,-0.000682,0.000480,5.287781,TARE
4.588000,0.426346,-0.198494,-0.137810,0.000046,-0.001223,0.000527,5.288283,TARE
4.589000,0.426349,-0.198491,-0.137810,0.002032,0.000196,0.000786,5.287834,TARE
4.590000,0.426347,-0.198490,-0.137811,0.000677,0.000308,0.000384,5.286625,TARE
4.591000,0.426348,-0.198491,-0.137811,0.001730,-0.000206,0.000746,5.284906,TARE
4.592000,0.426345,-0.198490,-0.137812,0.000675,-0.000035,0.000534,5.282934,TARE
4.593000,0.426343,-0.198490,-0.137813,0.000816,-0.000189,0.000395,5.280942,TARE
4.594000,0.426344,-0.198492,-0.137811,0.000368,-0.000893,0.001024,5.279116,TARE
4.595000,0.426348,-0.198491,-0.137809,0.001955,-0.000206,0.001301,5.277618,TARE
4.596000,0.426344,-0.198492,-0.137812,0.000620,-0.000535,0.000345,5.276602,TARE
4.597000,0.426346,-0.198489,-0.137811,0.000558,0.000335,0.000576,5.276197,TARE
4.598000,0.426345,-0.198492,-0.137811,-0.000243,-0.000305,-0.000053,5.276461,TARE
4.599000,0.426343,-0.198495,-0.137810,-0.000972,-0.001325,0.000259,5.277362,TARE
4.600000,0.426344,-0.198491,-0.137812,-0.000260,0.000034,-0.000063,5.278801,TARE
4.601000,0.426342,-0.198492,-0.137812,-0.000837,-0.000160,-0.000122,5.280639,TARE
4.602000,0.426344,-0.198492,-0.137811,0.000689,-0.000315,0.000375,5.282722,TARE
4.603000,0.426345,-0.198489,-0.137811,0.001239,0.001036,0.000277,5.284903,TARE
4.604000,0.426343,-0.198491,-0.137812,-0.000092,0.000314,-0.000349,5.287060,TARE
4.605000,0.426344,-0.198492,-0.137811,0.000108,0.000185,0.000041,5.289081,TARE
4.606000,0.426345,-0.198486,-0.137812,-0.000160,0.001413,-0.000314,5.290856,TARE
4.607000,0.426345,-0.198490,-0.137810,0.000882,-0.000135,0.000733,5.292295,TARE
4.608000,0.426340,-0.198490,-0.137814,-0.000736,0.000218,-0.000293,5.293359,TARE
4.609000,0.426342,-0.198493,-0.137813,0.000250,-0.000801,0.000110,5.294048,TARE
4.610000,0.426344,-0.198492,-0.137811,0.000990,-0.000064,0.000627,5.294358,TARE
4.611000,0.426343,-0.198492,-0.137812,-0.000508,0.000259,-0.000243,5.294279,TARE
4.612000,0.426341,-0.198493,-0.137813,-0.001137,-0.000390,-0.000459,5.293812,TARE
4.613000,0.426349,-0.198492,-0.137809,0.000863,0.000194,0.000459,5.292962,TARE
4.614000,0.426342,-0.198492,-0.137812,-0.000690,0.000402,-0.000556,5.291733,TARE
4.615000,0.426342,-0.198491,-0.137813,-0.000064,0.000256,-0.000441,5.290130,TARE
4.616000,0.426340,-0.198489,-0.137813,-0.000970,0.000634,-0.000527,5.288141,TARE
4.617000,0.426342,-0.198492,-0.137812,-0.000644,-0.000349,-0.000056,5.285741,TARE
4.618000,0.426345,-0.198492,-0.137810,-0.000118,0.000043,0.000123,5.282931,TARE
4.619000,0.426342,-0.198490,-0.137813,-0.000804,0.000036,-0.000375,5.279767,TARE
4.620000,0.426347,-0.198490,-0.137810,0.000661,0.000355,0.000318,5.276344,TARE
4.621000,0.426341,-0.198495,-0.137810,-0.001070,-0.001186,0.000206,5.272773,TARE
4.622000,0.426343,-0.198491,-0.137812,-0.000672,0.000313,-0.000624,5.269169,TARE
4.623000,0.426348,-0.198492,-0.137809,0.001282,-0.000444,0.000936,5.265635,TARE
4.624000,0.426345,-0.198489,-0.137810,0.000193,0.000570,0.000368,5.262254,TARE
4.625000,0.426345,-0.198492,-0.137811,0.000610,-0.000317,0.000414,5.259129,TARE
4.626000,0.426345,-0.198492,-0.137810,0.000662,-0.000130,0.000645,5.256381,TARE
4.627000,0.426342,-0.198491,-0.137812,-0.000762,-0.000282,-0.000055,5.254120,TARE
4.628000,0.426341,-0.198491,-0.137812,-0.001525,-0.000128,-0.000316,5.252408,TARE
4.629000,0.426341,-0.198491,-0.137813,-0.001300,-0.000384,-0.000472,5.251236,TARE
4.630000,0.426346,-0.198493,-0.137809,0.001026,-0.000621,0.000922,5.250524,TARE
4.631000,0.426346,-0.198492,-0.137810,0.000407,-0.000462,0.000562,5.250170,TARE
4.632000,0.426345,-0.198493,-0.137811,-0.000176,-0.000203,-0.000004,5.250104,TARE
4.633000,0.426347,-0.198492,-0.137809,0.000624,-0.000081,0.000402,5.250293,TARE
4.634000,0.426344,-0.198492,-0.137811,-0.000895,-0.000097,-0.000410,5.250693,TARE
4.635000,0.426343,-0.198491,-0.137810,-0.000849,0.000600,-0.000222,5.251236,TARE
4.636000,0.426344,-0.198494,-0.137809,-0.000460,-0.000569,0.000142,5.251842,TARE
4.637000,0.426348,-0.198492,-0.137808,0.000824,0.000060,0.000673,5.252451,TARE
4.638000,0.426348,-0.198495,-0.137808,0.000636,-0.000747,0.000479,5.253057,TARE
4.639000,0.426344,-0.198493,-0.137811,-0.000436,0.000356,-0.000380,5.253690,TARE
4.640000,0.426345,-0.198492,-0.137811,0.000356,0.000749,-0.000168,5.254360,TARE
4.641000,0.426341,-0.198493,-0.137812,-0.001242,0.000456,-0.000804,5.255019,TARE
4.642000,0.426344,-0.198492,-0.137811,0.000424,0.000499,0.000056,5.255565,TARE
4.643000,0.426345,-0.198493,-0.137810,0.000850,0.000167,0.000753,5.255892,TARE
4.644000,0.426341,-0.198492,-0.137812,-0.000145,0.000805,-0.000143,5.255962,TARE
4.645000,0.426343,-0.198490,-0.137811,0.000309,0.001159,-0.000085,5.255818,TARE
4.646000,0.426345,-0.198493,-0.137811,0.001196,0.000468,0.000266,5.255530,TARE
4.647000,0.426342,-0.198493,-0.137811,0.000300,0.000258,0.000240,5.255152,TARE
4.648000,0.426340,-0.198493,-0.137812,-0.000437,0.000263,-0.000245,5.254715,TARE
4.649000,0.426343,-0.198493,-0.137811,0.001389,0.000695,0.000421,5.254239,TARE
4.650000,0.426342,-0.198492,-0.137811,0.000888,0.000359,0.000507,5.253743,TARE
4.651000,0.426344,-0.198494,-0.137810,0.002379,0.000010,0.001200,5.253273,TARE
4.652000,0.426342,-0.198495,-0.137811,0.001385,0.000023,0.000835,5.252927,TARE
4.653000,0.426340,-0.198493,-0.137812,0.000874,0.000837,0.000167,5.252837,TARE
4.654000,0.426342,-0.198495,-0.137810,0.001325,-0.000883,0.001034,5.253118,TARE
4.655000,0.426343,-0.198496,-0.137810,0.001344,-0.000832,0.000979,5.253840,TARE
4.656000,0.426341,-0.198494,-0.137811,0.000323,0.000239,-0.000054,5.255030,TARE
4.657000,0.426344,-0.198493,-0.137810,0.001153,0.000621,0.000398,5.256668,TARE
4.658000,0.426343,-0.198494,-0.137810,0.001172,0.000283,0.000363,5.258674,TARE
4.659000,0.426342,-0.198494,-0.137811,0.001166,0.000567,0.000254,5.260937,TARE
4.660000,0.426340,-0.198494,-0.137811,0.000267,0.000382,0.000277,5.263343,TARE
4.661000,0.426340,-0.198491,-0.137813,-0.000285,0.001165,-0.000771,5.265780,TARE
4.662000,0.426336,-0.198494,-0.137814,-0.001950,-0.000626,-0.001173,5.268111,TARE
4.663000,0.426338,-0.198491,-0.137813,-0.000105,0.000082,0.000078,5.270134,TARE
4.664000,0.426340,-0.198492,-0.137812,0.000689,0.000034,0.000157,5.271631,TARE
4.665000,0.426344,-0.198493,-0.137810,0.001788,-0.000028,0.000568,5.272466,TARE
4.666000,0.426343,-0.198492,-0.137810,0.001062,0.000678,-0.000009,5.272621,TARE
4.667000,0.426342,-0.198494,-0.137810,0.000482,-0.000750,0.000179,5.272153,TARE
4.668000,0.426347,-0.198493,-0.137808,0.001501,-0.000148,0.000684,5.271151,TARE
4.669000,0.426345,-0.198493,-0.137809,0.000359,-0.000250,0.000039,5.269722,TARE
4.670000,0.426343,-0.198492,-0.137810,-0.000493,-0.000267,-0.000205,5.267986,TARE
4.671000,0.426340,-0.198493,-0.137812,-0.001459,-0.000369,-0.000688,5.266040,TARE
4.672000,0.426342,-0.198491,-0.137812,-0.000213,0.000468,-0.000410,5.263930,TARE
4.673000,0.426342,-0.198492,-0.137812,-0.000569,-0.000338,-0.000457,5.261647,TARE
4.674000,0.426344,-0.198495,-0.137809,0.000748,-0.001270,0.000690,5.259161,TARE
4.675000,0.426345,-0.198494,-0.137809,0.000820,-0.001343,0.000707,5.256475,TARE
4.676000,0.426345,-0.198493,-0.137809,0.001460,-0.000831,0.000950,5.253669,TARE
4.677000,0.426342,-0.198495,-0.137810,0.000780,-0.001362,0.000792,5.250901,TARE
4.678000,0.426343,-0.198492,-0.137811,0.000573,-0.000515,0.000199,5.248368,TARE
4.679000,0.426344,-0.198494,-0.137808,0.000658,-0.000957,0.001121,5.246250,TARE
4.680000,0.426342,-0.198495,-0.137810,-0.000375,-0.000936,0.000220,5.244689,TARE
4.681000,0.426342,-0.198494,-0.137811,-0.000200,-0.000262,-0.000019,5.243785,TARE
4.682000,0.426338,-0.198493,-0.137813,-0.001595,0.000098,-0.001012,5.243565,TARE
4.683000,0.426341,-0.198496,-0.137810,-0.000628,-0.000650,-0.000117,5.243938,TARE
4.684000,0.426342,-0.198495,-0.137809,-0.000647,0.000097,0.000074,5.244725,TARE
4.685000,0.426346,-0.198493,-0.137808,0.000588,0.000373,0.000595,5.245763,TARE
4.686000,0.426342,-0.198494,-0.137810,-0.000084,0.000435,-0.000111,5.246977,TARE
4.687000,0.426337,-0.198496,-0.137813,-0.001632,0.000079,-0.000824,5.248356,TARE
4.688000,0.426340,-0.198493,-0.137811,-0.000450,0.001012,-0.000217,5.249876,TARE
4.689000,0.426341,-0.198495,-0.137810,-0.000102,0.000064,-0.000064,5.251462,TARE
4.690000,0.426339,-0.198496,-0.137811,-0.000071,-0.000508,0.000208,5.253030,TARE
4.691000,0.426340,-0.198496,-0.137811,-0.000517,-0.000384,-0.000147,5.254522,TARE
4.692000,0.426338,-0.198493,-0.137813,-0.000748,0.001010,-0.000641,5.255889,TARE
4.693000,0.426340,-0.198498,-0.137810,-0.000739,-0.001019,0.000084,5.257081,TARE
4.694000,0.426337,-0.198494,-0.137812,-0.001284,0.000473,-0.000432,5.258050,TARE
4.695000,0.426339,-0.198498,-0.137810,-0.000352,-0.000930,0.000172,5.258773,TARE
4.696000,0.426337,-0.198494,-0.137811,-0.001645,0.000482,-0.000391,5.259264,TARE
4.697000,0.426337,-0.198496,-0.137813,-0.001811,-0.000252,-0.000984,5.259557,TARE
4.698000,0.426333,-0.198496,-0.137814,-0.002491,-0.000408,-0.000868,5.259661,TARE
4.699000,0.426337,-0.198495,-0.137812,-0.000797,0.000519,-0.000148,5.259533,TARE
4.700000,0.426340,-0.198498,-0.137810,-0.000419,-0.000815,0.000336,5.259124,TARE
4.701000,0.426339,-0.198499,-0.137810,-0.001375,-0.001054,-0.000132,5.258447,TARE
4.702000,0.426336,-0.198496,-0.137813,-0.001729,0.000348,-0.000990,5.257561,TARE
4.703000,0.426338,-0.198495,-0.137812,-0.001299,0.000431,-0.000473,5.256513,TARE
4.704000,0.426341,-0.198494,-0.137811,0.000700,0.000753,0.000169,5.255303,TARE
4.705000,0.426338,-0.198493,-0.137813,-0.000956,0.001344,-0.000939,5.253936,TARE
4.706000,0.426341,-0.198494,-0.137810,0.000117,0.000291,0.000165,5.252436,TARE
4.707000,0.426342,-0.198495,-0.137809,0.000839,-0.000178,0.000691,5.250845,TARE
4.708000,0.426338,-0.198491,-0.137812,-0.000476,0.000958,-0.000285,5.249250,TARE
4.709000,0.426336,-0.198495,-0.137812,-0.001098,-0.000927,-0.000094,5.247778,TARE
4.710000,0.426338,-0.198491,-0.137812,-0.000578,0.000499,-0.000211,5.246541,TARE
4.711000,0.426339,-0.198492,-0.137812,-0.000821,-0.000068,-0.000317,5.245596,TARE
4.712000,0.426339,-0.198495,-0.137811,-0.000838,-0.000769,-0.000015,5.244951,TARE
4.713000,0.426342,-0.198494,-0.137809,0.000429,-0.000035,0.000435,5.244584,TARE
4.714000,0.426339,-0.198494,-0.137811,-0.000446,0.000276,-0.000243,5.244487,TARE
4.715000,0.426338,-0.198495,-0.137811,-0.000816,-0.000453,-0.000284,5.244669,TARE
4.716000,0.426344,-0.198495,-0.137808,0.000703,-0.000442,0.000788,5.245127,TARE
4.717000,0.426343,-0.198494,-0.137809,0.000235,0.000339,0.000206,5.245858,TARE
4.718000,0.426346,-0.198494,-0.137807,0.001159,0.000163,0.001007,5.246900,TARE
4.719000,0.426341,-0.198494,-0.137810,-0.000857,-0.000043,-0.000053,5.248340,TARE
4.720000,0.426342,-0.198493,-0.137809,0.000296,0.000509,0.000544,5.250281,TARE
4.721000,0.426339,-0.198496,-0.137811,-0.000484,-0.000389,0.000003,5.252800,TARE
4.722000,0.426337,-0.198496,-0.137811,-0.001149,-0.000643,0.000218,5.255918,TARE
4.723000,0.426341,-0.198495,-0.137809,-0.000093,-0.000455,0.000626,5.259609,TARE
4.724000,0.426340,-0.198494,-0.137810,-0.000350,0.000016,0.000194,5.263821,TARE
4.725000,0.426340,-0.198496,-0.137810,-0.000642,-0.000405,-0.000015,5.268494,TARE
4.726000,0.426343,-0.198493,-0.137810,-0.000252,0.001171,-0.000200,5.273539,TARE
4.727000,0.426342,-0.198497,-0.137808,-0.000767,-0.000225,0.000124,5.278819,TARE
4.728000,0.426343,-0.198494,-0.137810,0.000169,-0.000107,-0.000007,5.284181,TARE
4.729000,0.426338,-0.198494,-0.137812,-0.001267,0.000158,-0.000657,5.289465,TARE
4.730000,0.426341,-0.198495,-0.137810,-0.000007,-0.000021,0.000129,5.294501,TARE
4.731000,0.426341,-0.198498,-0.137809,0.000847,-0.001151,0.000673,5.299121,TARE
4.732000,0.426347,-0.198494,-0.137807,0.002369,0.000589,0.001260,5.303223,TARE
4.733000,0.426342,-0.198495,-0.137808,0.001352,-0.000208,0.001139,5.306821,TARE
4.734000,0.426341,-0.198495,-0.137809,0.001150,0.000004,0.000880,5.310053,TARE
4.735000,0.426338,-0.198494,-0.137811,0.000059,0.000153,0.000282,5.313123,TARE
4.736000,0.426339,-0.198494,-0.137811,0.000983,-0.000164,0.000490,5.316207,TARE
4.737000,0.426339,-0.198497,-0.137810,0.000206,-0.000979,0.000337,5.319402,TARE
4.738000,0.426342,-0.198497,-0.137809,0.001049,-0.000450,0.000873,5.322707,TARE
4.739000,0.426341,-0.198496,-0.137810,0.000139,-0.000459,0.000357,5.326064,TARE
4.740000,0.426338,-0.198497,-0.137810,0.000417,-0.000809,0.000900,5.329405,TARE
4.741000,0.426339,-0.198496,-0.137810,-0.000052,-0.000062,0.000209,5.332681,TARE
4.742000,0.426341,-0.198494,-0.137810,0.000569,0.000346,0.000327,5.335853,TARE
4.743000,0.426340,-0.198495,-0.137811,0.000542,-0.000041,0.000224,5.338868,TARE
4.744000,0.426339,-0.198496,-0.137811,0.000116,-0.000538,0.000189,5.341641,TARE
4.745000,0.426337,-0.198495,-0.137811,-0.000729,0.000318,-0.000152,5.344058,TARE
4.746000,0.426336,-0.198496,-0.137812,-0.000570,-0.000552,-0.000217,5.345994,TARE
4.747000,0.426333,-0.198497,-0.137814,-0.001789,-0.000696,-0.000786,5.347323,TARE
4.748000,0.426338,-0.198495,-0.137812,0.000233,0.000005,-0.000008,5.347906,TARE
4.749000,0.426336,-0.198497,-0.137811,-0.000663,-0.000660,0.000057,5.347608,TARE
4.750000,0.426339,-0.198497,-0.137811,0.000879,-0.000861,0.000657,5.346355,TARE
4.751000,0.426340,-0.198495,-0.137811,0.000431,0.000154,0.000025,5.344166,TARE
4.752000,0.426338,-0.198495,-0.137811,-0.000758,0.000221,-0.000248,5.341128,TARE
4.753000,0.426340,-0.198495,-0.137810,-0.000306,0.000187,-0.000286,5.337354,TARE
4.754000,0.426337,-0.198497,-0.137811,-0.000954,-0.000445,-0.000192,5.332948,TARE
4.755000,0.426338,-0.198496,-0.137811,-0.000524,0.000194,-0.000246,5.328001,TARE
4.756000,0.426339,-0.198498,-0.137810,0.000168,-0.000502,0.000252,5.322593,TARE
4.757000,0.426341,-0.198497,-0.137809,0.000421,0.000245,0.000145,5.316815,TARE
4.758000,0.426340,-0.198495,-0.137810,-0.000134,0.000288,-0.000151,5.310778,TARE
4.759000,0.426343,-0.198497,-0.137808,0.001401,-0.000767,0.000986,5.304606,TARE
4.760000,0.426341,-0.198495,-0.137810,0.000662,-0.000136,0.000188,5.298432,TARE
4.761000,0.426340,-0.198497,-0.137810,0.000058,-0.000446,-0.000201,5.292386,TARE
4.762000,0.426342,-0.198494,-0.137809,0.000625,0.000834,-0.000030,5.286551,TARE
4.763000,0.426340,-0.198494,-0.137811,0.000167,0.000768,-0.000241,5.280945,TARE
4.764000,0.426340,-0.198495,-0.137810,0.000599,0.000382,0.000215,5.275557,TARE
4.765000,0.426338,-0.198494,-0.137812,-0.000176,0.000393,-0.000273,5.270381,TARE
4.766000,0.426341,-0.198495,-0.137810,0.001127,-0.000189,0.000476,5.265425,TARE
4.767000,0.426340,-0.198496,-0.137810,0.000148,-0.000502,0.000276,5.260706,TARE
4.768000,0.426337,-0.198496,-0.137812,-0.001032,0.000039,-0.000841,5.256246,TARE
4.769000,0.426338,-0.198495,-0.137811,-0.000430,0.000221,-0.000150,5.252045,TARE
4.770000,0.426340,-0.198495,-0.137811,0.000180,0.000218,-0.000069,5.248068,TARE
4.771000,0.426338,-0.198498,-0.137810,-0.000762,-0.000216,-0.000116,5.244277,TARE
4.772000,0.426343,-0.198495,-0.137809,0.000398,0.000568,0.000394,5.240664,TARE
4.773000,0.426341,-0.198495,-0.137810,0.000286,0.000160,0.000270,5.237268,TARE
4.774000,0.426341,-0.198495,-0.137809,0.000507,-0.000345,0.000683,5.234172,TARE
4.775000,0.426338,-0.198496,-0.137812,-0.000509,0.000005,-0.000319,5.231472,TARE
4.776000,0.426340,-0.198498,-0.137808,0.000785,-0.000585,0.000872,5.229240,TARE
4.777000,0.426337,-0.198497,-0.137811,-0.000285,0.000031,-0.000226,5.227505,TARE
4.778000,0.426341,-0.198495,-0.137809,0.001248,0.000366,0.000734,5.226262,TARE
4.779000,0.426338,-0.198494,-0.137811,0.000190,0.000374,0.000091,5.225488,TARE
4.780000,0.426336,-0.198498,-0.137811,-0.000263,-0.001137,0.000167,5.225157,TARE
4.781000,0.426336,-0.198496,-0.137811,0.000590,-0.000064,0.000438,5.225232,TARE
4.782000,0.426335,-0.198498,-0.137812,-0.000283,-0.000824,0.000187,5.225663,TARE
4.783000,0.426334,-0.198496,-0.137813,-0.000791,0.000049,-0.000662,5.226383,TARE
4.784000,0.426337,-0.198498,-0.137810,0.000242,-0.000476,0.000119,5.227292,TARE
4.785000,0.426339,-0.198497,-0.137809,0.000678,-0.000057,0.000484,5.228253,TARE
4.786000,0.426337,-0.198495,-0.137812,0.000084,0.000596,-0.000343,5.229149,TARE
4.787000,0.426336,-0.198497,-0.137811,0.000137,0.000012,0.000017,5.229908,TARE
4.788000,0.426338,-0.198496,-0.137809,0.000737,0.000063,0.000563,5.230489,TARE
4.789000,0.426336,-0.198496,-0.137812,-0.000294,0.000332,-0.000436,5.230881,TARE
4.790000,0.426335,-0.198496,-0.137812,0.000049,-0.000038,-0.000104,5.231101,TARE
4.791000,0.426338,-0.198497,-0.137810,0.000703,0.000480,0.000100,5.231156,TARE
4.792000,0.426337,-0.198494,-0.137812,0.000009,0.001367,-0.000501,5.231043,TARE
4.793000,0.426334,-0.198495,-0.137812,-0.000502,0.000762,-0.000266,5.230760,TARE
4.794000,0.426341,-0.198494,-0.137810,0.001907,0.001305,0.000461,5.230317,TARE
4.795000,0.426336,-0.198497,-0.137811,0.000081,-0.000041,0.000042,5.229749,TARE
4.796000,0.426338,-0.198494,-0.137810,0.000106,0.000739,0.000087,5.229115,TARE
4.797000,0.426338,-0.198493,-0.137812,0.000044,0.001580,-0.000731,5.228480,TARE
4.798000,0.426340,-0.198497,-0.137808,0.000100,-0.000392,0.000450,5.227882,TARE
4.799000,0.426341,-0.198494,-0.137810,0.000703,0.000924,-0.000109,5.227329,TARE
4.800000,0.426337,-0.198495,-0.137811,-0.000287,0.000822,-0.000274,5.226825,TARE
4.801000,0.426339,-0.198494,-0.137811,0.000365,0.000909,-0.000284,5.226370,TARE
4.802000,0.426339,-0.198497,-0.137809,0.000961,-0.000068,0.000671,5.225957,TARE
4.803000,0.426340,-0.198497,-0.137809,-0.000014,-0.000164,0.000186,5.225598,TARE
4.804000,0.426339,-0.198495,-0.137810,0.000444,0.000935,0.000066,5.225348,TARE
4.805000,0.426341,-0.198495,-0.137809,0.000743,0.000313,0.000091,5.225288,TARE
4.806000,0.426336,-0.198495,-0.137812,-0.000857,-0.000023,-0.000741,5.225467,TARE
4.807000,0.426336,-0.198497,-0.137811,-0.000912,-0.000907,-0.000169,5.225862,TARE
4.808000,0.426338,-0.198499,-0.137809,-0.000292,-0.001711,0.000688,5.226379,TARE
4.809000,0.426340,-0.198497,-0.137809,-0.000614,-0.000580,0.000100,5.226935,TARE
4.810000,0.426337,-0.198494,-0.137812,-0.001040,0.000220,-0.000704,5.227505,TARE
4.811000,0.426337,-0.198494,-0.137811,-0.001263,0.000443,-0.000554,5.228082,TARE
4.812000,0.426337,-0.198495,-0.137811,-0.001898,0.000432,-0.000771,5.228633,TARE
4.813000,0.426339,-0.198495,-0.137810,-0.000368,0.000404,-0.000119,5.229097,TARE
4.814000,0.426337,-0.198498,-0.137811,-0.001495,-0.000756,-0.000569,5.229423,TARE
4.815000,0.426341,-0.198496,-0.137809,0.000333,-0.000010,0.000329,5.229576,TARE
4.816000,0.426340,-0.198493,-0.137810,0.000312,0.001062,-0.000026,5.229549,TARE
4.817000,0.426337,-0.198496,-0.137811,-0.000691,-0.000570,0.000103,5.229379,TARE
4.818000,0.426337,-0.198494,-0.137811,-0.000827,0.000160,-0.000120,5.229140,TARE
4.819000,0.426337,-0.198496,-0.137810,-0.000416,-0.000653,0.000427,5.228916,TARE
4.820000,0.426334,-0.198497,-0.137812,-0.001056,-0.000439,-0.000325,5.228794,TARE
4.821000,0.426335,-0.198498,-0.137811,-0.000768,-0.000855,-0.000110,5.228835,TARE
4.822000,0.426334,-0.198494,-0.137813,-0.000608,0.000313,-0.000365,5.229050,TARE
4.823000,0.426335,-0.198494,-0.137812,0.000632,-0.000227,0.000497,5.229405,TARE
4.824000,0.426335,-0.198494,-0.137812,0.000251,0.000126,-0.000007,5.229862,TARE
4.825000,0.426334,-0.198496,-0.137813,-0.000481,-0.000731,-0.000384,5.230402,TARE
4.826000,0.426341,-0.198497,-0.137809,0.000769,-0.001108,0.000675,5.230984,TARE
4.827000,0.426341,-0.198497,-0.137809,-0.000135,-0.000635,0.000234,5.231547,TARE
4.828000,0.426338,-0.198495,-0.137810,-0.000642,0.000099,-0.000350,5.232044,TARE
4.829000,0.426339,-0.198496,-0.137810,-0.000561,-0.000287,-0.000144,5.232459,TARE
4.830000,0.426337,-0.198495,-0.137811,-0.001243,0.000068,-0.000716,5.232767,TARE
4.831000,0.426334,-0.198498,-0.137811,-0.002088,-0.000733,-0.000765,5.232915,TARE
4.832000,0.426337,-0.198497,-0.137811,-0.000659,-0.000127,-0.000678,5.232812,TARE
4.833000,0.426337,-0.198497,-0.137811,-0.001036,-0.000582,-0.000481,5.232346,TARE
4.834000,0.426339,-0.198498,-0.137810,-0.000275,-0.000422,-0.000212,5.231411,TARE
4.835000,0.426335,-0.198495,-0.137812,-0.001139,-0.000112,-0.000487,5.229948,TARE
4.836000,0.426336,-0.198498,-0.137810,-0.000774,-0.001231,0.000135,5.227964,TARE
4.837000,0.426338,-0.198495,-0.137810,0.000159,0.000338,0.000015,5.225535,TARE
4.838000,0.426338,-0.198497,-0.137810,0.000073,-0.000703,0.000024,5.222795,TARE
4.839000,0.426337,-0.198496,-0.137811,-0.000750,-0.000278,-0.000546,5.219896,TARE
4.840000,0.426339,-0.198496,-0.137809,0.000499,0.000134,0.000231,5.216963,TARE
4.841000,0.426341,-0.198498,-0.137808,0.001939,-0.000369,0.000919,5.214094,TARE
4.842000,0.426339,-0.198494,-0.137810,0.000818,0.000955,0.000030,5.211400,TARE
4.843000,0.426336,-0.198496,-0.137811,0.000188,0.000171,-0.000096,5.209009,TARE
4.844000,0.426332,-0.198495,-0.137813,-0.001708,0.000450,-0.000891,5.207014,TARE
4.845000,0.426340,-0.198494,-0.137809,0.000515,0.000491,0.000395,5.205436,TARE
4.846000,0.426338,-0.198495,-0.137809,0.000505,0.000110,0.000292,5.204265,TARE
4.847000,0.426335,-0.198494,-0.137812,-0.001345,0.000194,-0.000747,5.203502,TARE
4.848000,0.426339,-0.198496,-0.137809,-0.000630,-0.000239,-0.000160,5.203145,TARE
4.849000,0.426338,-0.198495,-0.137810,0.000330,0.000136,0.000217,5.203151,TARE
4.850000,0.426333,-0.198498,-0.137812,-0.001909,-0.000608,-0.000621,5.203456,TARE
4.851000,0.426334,-0.198495,-0.137813,-0.000678,0.000141,-0.000127,5.203999,TARE
4.852000,0.426332,-0.198495,-0.137813,-0.000825,-0.000072,-0.000140,5.204724,TARE
4.853000,0.426334,-0.198498,-0.137812,-0.000366,-0.001088,0.000394,5.205589,TARE
4.854000,0.426341,-0.198495,-0.137809,0.001617,-0.000108,0.000780,5.206590,TARE
4.855000,0.426338,-0.198496,-0.137809,0.000601,0.000166,0.000503,5.207765,TARE
4.856000,0.426337,-0.198496,-0.137810,0.000136,0.000125,0.000437,5.209194,TARE
4.857000,0.426336,-0.198496,-0.137810,0.000199,-0.000101,0.000405,5.210970,TARE
4.858000,0.426337,-0.198495,-0.137810,0.000157,0.000430,0.000041,5.213173,TARE
4.859000,0.426336,-0.198498,-0.137809,-0.000098,-0.000856,0.000582,5.215838,TARE
4.860000,0.426333,-0.198497,-0.137812,-0.001127,0.000349,-0.000568,5.218952,TARE
4.861000,0.426335,-0.198497,-0.137810,0.000290,0.000489,0.000298,5.222452,TARE
4.862000,0.426333,-0.198498,-0.137812,-0.000374,0.000217,-0.000157,5.226245,TARE
4.863000,0.426337,-0.198498,-0.137809,0.001254,0.000289,0.000598,5.230223,TARE
4.864000,0.426340,-0.198499,-0.137809,0.001098,0.000144,0.000104,5.234291,TARE
4.865000,0.426335,-0.198499,-0.137810,-0.000155,0.000078,-0.000282,5.238353,TARE
4.866000,0.426333,-0.198498,-0.137811,-0.000732,0.000343,-0.000497,5.242289,TARE
4.867000,0.426336,-0.198500,-0.137810,0.000017,-0.000137,-0.000078,5.245953,TARE
4.868000,0.426334,-0.198496,-0.137813,-0.001117,0.000908,-0.001171,5.249190,TARE
4.869000,0.426336,-0.198498,-0.137811,0.000081,0.000095,-0.000489,5.251842,TARE
4.870000,0.426335,-0.198498,-0.137810,0.000050,-0.000267,-0.000179,5.253749,TARE
4.871000,0.426336,-0.198497,-0.137810,-0.000178,0.000292,-0.000247,5.254788,TARE
4.872000,0.426334,-0.198496,-0.137811,-0.001096,0.000836,-0.000567,5.254924,TARE
4.873000,0.426337,-0.198496,-0.137810,-0.000162,0.000765,-0.000291,5.254215,TARE
4.874000,0.426335,-0.198498,-0.137812,-0.000637,0.000147,-0.000888,5.252786,TARE
4.875000,0.426341,-0.198496,-0.137807,0.001531,0.000480,0.000762,5.250772,TARE
4.876000,0.426338,-0.198496,-0.137810,-0.000044,0.000947,-0.000335,5.248318,TARE
4.877000,0.426333,-0.198496,-0.137813,-0.001297,0.000628,-0.001165,5.245593,TARE
4.878000,0.426337,-0.198496,-0.137810,-0.000150,0.000524,-0.000202,5.242741,TARE
4.879000,0.426337,-0.198495,-0.137811,0.000686,0.000695,-0.000094,5.239853,TARE
4.880000,0.426339,-0.198496,-0.137809,0.001357,0.000314,0.000749,5.237000,TARE
4.881000,0.426335,-0.198497,-0.137811,0.000134,0.000192,0.000247,5.234298,TARE
4.882000,0.426333,-0.198496,-0.137813,-0.001184,0.000115,-0.000655,5.231900,TARE
4.883000,0.426340,-0.198496,-0.137809,0.000628,-0.000281,0.000520,5.229936,TARE
4.884000,0.426336,-0.198497,-0.137810,-0.000954,-0.000387,-0.000107,5.228473,TARE
4.885000,0.426340,-0.198497,-0.137808,-0.000023,-0.000808,0.000363,5.227529,TARE
4.886000,0.426341,-0.198496,-0.137809,0.001048,-0.000346,0.000495,5.227104,TARE
4.887000,0.426338,-0.198495,-0.137811,0.000117,-0.000178,0.000037,5.227186,TARE
4.888000,0.426337,-0.198499,-0.137809,0.000673,-0.001332,0.000709,5.227752,TARE
4.889000,0.426338,-0.198496,-0.137810,0.001210,-0.000020,0.000589,5.228771,TARE
4.890000,0.426336,-0.198497,-0.137811,0.000575,-0.000264,0.000222,5.230218,TARE
4.891000,0.426340,-0.198497,-0.137809,0.001878,-0.000335,0.000950,5.232075,TARE
4.892000,0.426337,-0.198499,-0.137809,0.001027,-0.000623,0.000675,5.234328,TARE
4.893000,0.426332,-0.198496,-0.137813,-0.000882,0.000526,-0.000769,5.236954,TARE
4.894000,0.426337,-0.198497,-0.137810,0.001060,0.000084,0.000505,5.239894,TARE
4.895000,0.426335,-0.198496,-0.137811,-0.000015,0.000741,-0.000217,5.243040,TARE
4.896000,0.426336,-0.198498,-0.137810,0.000153,0.000304,-0.000023,5.246259,TARE
4.897000,0.426334,-0.198499,-0.137810,-0.000366,-0.000184,-0.000004,5.249432,TARE
4.898000,0.426336,-0.198499,-0.137809,0.000574,-0.000336,0.000388,5.252456,TARE
4.899000,0.426337,-0.198497,-0.137810,0.000377,0.000381,-0.000179,5.255257,TARE
4.900000,0.426338,-0.198495,-0.137809,0.001207,0.000573,0.000587,5.257784,TARE
4.901000,0.426336,-0.198498,-0.137810,-0.000125,-0.000062,-0.000107,5.260009,TARE
4.902000,0.426338,-0.198498,-0.137809,0.000941,-0.000337,0.000651,5.261927,TARE
4.903000,0.426335,-0.198500,-0.137809,-0.000311,-0.000917,0.000366,5.263555,TARE
4.904000,0.426338,-0.198500,-0.137808,0.000504,-0.000660,0.000766,5.264932,TARE
4.905000,0.426338,-0.198500,-0.137808,0.000770,-0.000380,0.000620,5.266135,TARE
4.906000,0.426339,-0.198498,-0.137809,0.000649,0.000272,0.000401,5.267267,TARE
4.907000,0.426337,-0.198501,-0.137809,0.000090,-0.000607,0.000290,5.268423,TARE
4.908000,0.426337,-0.198499,-0.137809,0.000092,-0.000522,0.000007,5.269654,TARE
4.909000,0.426335,-0.198499,-0.137809,0.000101,-0.000495,0.000377,5.270949,TARE
4.910000,0.426336,-0.198499,-0.137809,0.000093,-0.000565,0.000182,5.272252,TARE
4.911000,0.426335,-0.198500,-0.137809,0.000018,-0.000516,0.000182,5.273492,TARE
4.912000,0.426337,-0.198499,-0.137808,0.001152,-0.000311,0.000810,5.274610,TARE
4.913000,0.426335,-0.198500,-0.137810,-0.000000,-0.000778,0.000356,5.275577,TARE
4.914000,0.426337,-0.198500,-0.137809,0.000759,-0.000175,0.000368,5.276408,TARE
4.915000,0.426336,-0.198499,-0.137810,0.000014,0.000227,-0.000056,5.277133,TARE
4.916000,0.426336,-0.198498,-0.137811,0.000634,0.000461,-0.000031,5.277764,TARE
4.917000,0.426337,-0.198499,-0.137810,-0.000027,-0.000067,0.000030,5.278275,TARE
4.918000,0.426339,-0.198499,-0.137808,0.000838,-0.000421,0.000865,5.278618,TARE
4.919000,0.426339,-0.198499,-0.137809,-0.000060,-0.000294,0.000031,5.278769,TARE
4.920000,0.426337,-0.198497,-0.137809,-0.000556,0.000007,-0.000275,5.278737,TARE
4.921000,0.426339,-0.198496,-0.137810,0.000157,0.000445,-0.000447,5.278519,TARE
4.922000,0.426337,-0.198496,-0.137810,-0.000044,0.000022,-0.000138,5.278063,TARE
4.923000,0.426337,-0.198498,-0.137809,-0.000127,0.000118,-0.000112,5.277289,TARE
4.924000,0.426336,-0.198498,-0.137810,-0.000367,-0.000088,-0.000325,5.276130,TARE
4.925000,0.426340,-0.198498,-0.137808,0.001054,-0.000352,0.000611,5.274554,TARE
4.926000,0.426341,-0.198498,-0.137807,0.000487,-0.000048,0.000444,5.272582,TARE
4.927000,0.426339,-0.198497,-0.137810,-0.000550,0.000760,-0.000804,5.270290,TARE
4.928000,0.426336,-0.198497,-0.137810,-0.000605,-0.000062,-0.000324,5.267764,TARE
4.929000,0.426336,-0.198497,-0.137811,-0.000701,0.000060,-0.000656,5.265044,TARE
4.930000,0.426337,-0.198498,-0.137810,-0.000526,-0.000357,-0.000095,5.262117,TARE
4.931000,0.426339,-0.198497,-0.137809,0.000182,0.000193,-0.000071,5.258967,TARE
4.932000,0.426335,-0.198498,-0.137811,-0.001497,-0.000070,-0.001074,5.255600,TARE
4.933000,0.426333,-0.198496,-0.137812,-0.001685,0.000206,-0.000847,5.252023,TARE
4.934000,0.426338,-0.198497,-0.137808,0.000196,-0.000404,0.000438,5.248223,TARE
4.935000,0.426335,-0.198498,-0.137810,-0.000854,-0.000527,-0.000176,5.244216,TARE
4.936000,0.426336,-0.198496,-0.137810,0.000072,-0.000168,0.000363,5.240096,TARE
4.937000,0.426338,-0.198497,-0.137809,0.000309,-0.000520,0.000334,5.236018,TARE
4.938000,0.426333,-0.198499,-0.137812,-0.001158,-0.000651,-0.000550,5.232150,TARE
4.939000,0.426338,-0.198499,-0.137808,0.001191,-0.000803,0.000897,5.228620,TARE
4.940000,0.426333,-0.198496,-0.137812,-0.000435,0.000334,-0.000361,5.225497,TARE
4.941000,0.426335,-0.198496,-0.137810,-0.000407,0.000041,0.000015,5.222817,TARE
4.942000,0.426340,-0.198495,-0.137808,0.001412,0.000281,0.000709,5.220604,TARE
4.943000,0.426336,-0.198499,-0.137810,0.000644,-0.000780,0.000361,5.218882,TARE
4.944000,0.426333,-0.198499,-0.137812,-0.000664,-0.000742,-0.000392,5.217677,TARE
4.945000,0.426336,-0.198497,-0.137810,0.000514,-0.000053,0.000214,5.216968,TARE
4.946000,0.426335,-0.198500,-0.137810,-0.000187,-0.001184,0.000191,5.216678,TARE
4.947000,0.426336,-0.198498,-0.137810,0.000414,-0.000643,0.000455,5.216715,TARE
4.948000,0.426336,-0.198499,-0.137809,0.000341,-0.000267,0.000429,5.217021,TARE
4.949000,0.426332,-0.198499,-0.137811,-0.000585,-0.000580,-0.000004,5.217580,TARE
4.950000,0.426337,-0.198495,-0.137810,0.001281,0.000778,0.000566,5.218410,TARE
4.951000,0.426338,-0.198499,-0.137809,0.001735,-0.000429,0.001000,5.219540,TARE
4.952000,0.426338,-0.198499,-0.137808,0.001425,-0.000360,0.001054,5.221017,TARE
4.953000,0.426335,-0.198497,-0.137811,-0.000325,0.000588,-0.000356,5.222902,TARE
4.954000,0.426335,-0.198499,-0.137810,0.000185,-0.000351,0.000265,5.225213,TARE
4.955000,0.426337,-0.198498,-0.137809,0.000748,-0.000474,0.000583,5.227896,TARE
4.956000,0.426339,-0.198497,-0.137808,0.001156,-0.000084,0.000635,5.230854,TARE
4.957000,0.426337,-0.198498,-0.137810,0.000490,-0.000184,-0.000202,5.233987,TARE
4.958000,0.426335,-0.198498,-0.137810,0.000113,0.000158,0.000036,5.237187,TARE
4.959000,0.426337,-0.198500,-0.137809,-0.000029,-0.000551,0.000011,5.240311,TARE
4.960000,0.426336,-0.198498,-0.137810,0.000501,-0.000000,0.000187,5.243204,TARE
4.961000,0.426338,-0.198498,-0.137809,0.000591,0.000135,0.000310,5.245736,TARE
4.962000,0.426338,-0.198498,-0.137809,0.001020,0.000324,0.000434,5.247834,TARE
4.963000,0.426340,-0.198498,-0.137808,0.001286,0.000319,0.000531,5.249490,TARE
4.964000,0.426338,-0.198498,-0.137809,0.000532,0.000262,-0.000141,5.250745,TARE
4.965000,0.426338,-0.198499,-0.137809,0.000162,-0.000119,-0.000287,5.251640,TARE
4.966000,0.426339,-0.198497,-0.137809,0.000595,0.000363,-0.000093,5.252160,TARE
4.967000,0.426334,-0.198498,-0.137811,-0.001028,0.000475,-0.000914,5.252239,TARE
4.968000,0.426336,-0.198499,-0.137809,-0.000861,0.000112,-0.000494,5.251778,TARE
4.969000,0.426336,-0.198499,-0.137809,-0.001752,-0.000153,-0.000701,5.250682,TARE
4.970000,0.426333,-0.198499,-0.137811,-0.002159,-0.000007,-0.001040,5.248881,TARE
4.971000,0.426333,-0.198497,-0.137812,-0.002096,0.000428,-0.001162,5.246337,TARE
4.972000,0.426333,-0.198499,-0.137811,-0.001360,-0.000303,-0.000544,5.243025,TARE
4.973000,0.426341,-0.198498,-0.137806,0.001741,0.000200,0.001081,5.238968,TARE
4.974000,0.426336,-0.198499,-0.137809,-0.000653,-0.000395,-0.000203,5.234289,TARE
4.975000,0.426337,-0.198499,-0.137808,0.000494,-0.000646,0.000478,5.229220,TARE
4.976000,0.426337,-0.198499,-0.137809,0.000842,-0.000792,0.000657,5.224033,TARE
4.977000,0.426335,-0.198497,-0.137810,0.000352,-0.000207,0.000251,5.218992,TARE
4.978000,0.426338,-0.198497,-0.137809,0.001108,-0.000331,0.000543,5.214328,TARE
4.979000,0.426334,-0.198496,-0.137811,-0.000042,-0.000021,0.000038,5.210228,TARE
4.980000,0.426336,-0.198500,-0.137809,0.000467,-0.000849,0.000636,5.206818,TARE
4.981000,0.426333,-0.198497,-0.137812,-0.000726,-0.000207,-0.000400,5.204173,TARE
4.982000,0.426337,-0.198498,-0.137809,0.000453,-0.000469,0.000513,5.202310,TARE
4.983000,0.426335,-0.198498,-0.137810,-0.000793,-0.000382,-0.000051,5.201190,TARE
4.984000,0.426338,-0.198497,-0.137809,0.000789,-0.000194,0.000481,5.200750,TARE
4.985000,0.426339,-0.198498,-0.137808,0.001133,-0.000226,0.000701,5.200930,TARE
4.986000,0.426337,-0.198496,-0.137810,0.000669,0.000126,0.000145,5.201692,TARE
4.987000,0.426337,-0.198498,-0.137809,0.001229,-0.000326,0.000763,5.202999,TARE
4.988000,0.426337,-0.198498,-0.137809,0.000355,-0.000354,0.000312,5.204813,TARE
4.989000,0.426335,-0.198496,-0.137811,0.000136,0.000204,-0.000052,5.207082,TARE
4.990000,0.426335,-0.198497,-0.137811,0.000840,-0.000604,0.000283,5.209736,TARE
4.991000,0.426336,-0.198495,-0.137810,0.000781,0.000365,0.000489,5.212674,TARE
4.992000,0.426338,-0.198498,-0.137808,0.001530,-0.000396,0.000938,5.215805,TARE
4.993000,0.426340,-0.198497,-0.137808,0.001470,-0.000142,0.000560,5.219085,TARE
4.994000,0.426339,-0.198499,-0.137807,0.000701,-0.001081,0.000673,5.222511,TARE
4.995000,0.426340,-0.198500,-0.137807,0.000456,-0.000943,0.000461,5.226080,TARE
4.996000,0.426336,-0.198498,-0.137810,-0.000176,-0.000427,0.000183,5.229770,TARE
4.997000,0.426336,-0.198497,-0.137809,0.000171,-0.000065,0.000335,5.233539,TARE
4.998000,0.426340,-0.198498,-0.137807,0.001765,-0.000434,0.000979,5.237348,TARE
4.999000,0.426337,-0.198497,-0.137809,0.000122,-0.000138,0.000019,5.241174,TARE
5.000000,0.426341,-0.198498,-0.137806,0.001647,-0.000548,0.001202,5.245006,TARE
5.001000,0.426338,-0.198500,-0.137807,0.000149,-0.000991,0.000546,5.248838,TARE
5.002000,0.426340,-0.198500,-0.137807,0.000447,-0.000990,0.000487,5.252676,TARE
5.003000,0.426335,-0.198497,-0.137810,-0.000666,-0.000144,0.000057,5.256517,TARE
5.004000,0.426339,-0.198499,-0.137807,0.001514,-0.000457,0.001119,5.260330,TARE
5.005000,0.426335,-0.198500,-0.137810,0.000558,-0.000961,0.000481,5.264075,TARE
5.006000,0.426335,-0.198499,-0.137810,0.000538,-0.000634,0.000573,5.267720,TARE
5.007000,0.426338,-0.198499,-0.137808,0.000758,-0.000185,0.000694,5.271230,TARE
5.008000,0.426336,-0.198498,-0.137810,0.000199,-0.000398,0.000277,5.274562,TARE
5.009000,0.426334,-0.198499,-0.137810,0.000512,-0.000638,0.000478,5.277676,TARE
5.010000,0.426335,-0.198497,-0.137810,0.001448,0.000183,0.000597,5.280528,TARE
5.011000,0.426337,-0.198496,-0.137810,0.001514,0.000597,0.000438,5.283082,TARE
5.012000,0.426333,-0.198499,-0.137810,0.000801,0.000040,0.000312,5.285315,TARE
5.013000,0.426333,-0.198498,-0.137811,-0.000126,0.000472,-0.000040,5.287208,TARE
5.014000,0.426338,-0.198496,-0.137808,0.001116,0.000831,0.000804,5.288744,TARE
5.015000,0.426336,-0.198498,-0.137810,0.000157,0.000144,-0.000032,5.289935,TARE
5.016000,0.426337,-0.198499,-0.137808,0.000838,-0.000093,0.000717,5.290828,TARE
5.017000,0.426336,-0.198498,-0.137810,0.000274,0.000086,-0.000016,5.291472,TARE
5.018000,0.426335,-0.198499,-0.137809,-0.000022,-0.000389,0.000289,5.291891,TARE
5.019000,0.426338,-0.198499,-0.137807,0.000795,-0.000571,0.000645,5.292091,TARE
5.020000,0.426337,-0.198497,-0.137810,-0.000017,0.000300,-0.000272,5.292067,TARE
5.021000,0.426339,-0.198496,-0.137808,-0.000381,0.000572,-0.000200,5.291801,TARE
5.022000,0.426337,-0.198499,-0.137808,-0.000823,-0.000419,0.000017,5.291249,TARE
5.023000,0.426334,-0.198496,-0.137810,-0.001104,0.000605,-0.000533,5.290355,TARE
5.024000,0.426334,-0.198499,-0.137810,-0.001249,-0.000427,-0.000555,5.289071,TARE
5.025000,0.426335,-0.198497,-0.137809,-0.001535,0.000221,-0.000548,5.287340,TARE
5.026000,0.426338,-0.198497,-0.137809,-0.000094,0.000135,-0.000399,5.285097,TARE
5.027000,0.426336,-0.198496,-0.137810,-0.000568,0.000185,-0.000436,5.282285,TARE
5.028000,0.426335,-0.198496,-0.137811,-0.000772,0.000195,-0.000596,5.278874,TARE
5.029000,0.426336,-0.198498,-0.137810,-0.000349,-0.000250,-0.000221,5.274861,TARE
5.030000,0.426335,-0.198497,-0.137810,0.000295,-0.000026,0.000154,5.270287,TARE
5.031000,0.426335,-0.198496,-0.137811,0.000229,0.000343,-0.000021,5.265257,TARE
5.032000,0.426339,-0.198501,-0.137807,0.001637,-0.001342,0.001400,5.259946,TARE
5.033000,0.426337,-0.198500,-0.137808,0.000842,-0.001067,0.000748,5.254605,TARE
5.034000,0.426338,-0.198497,-0.137808,0.001446,0.000414,0.000675,5.249535,TARE
5.035000,0.426339,-0.198497,-0.137808,0.001099,0.000361,0.000384,5.245027,TARE
5.036000,0.426337,-0.198498,-0.137809,0.000646,-0.000256,0.000241,5.241297,TARE
5.037000,0.426335,-0.198496,-0.137810,0.000913,0.000390,0.000155,5.238449,TARE
5.038000,0.426333,-0.198497,-0.137810,0.000234,-0.000247,0.000163,5.236482,TARE
5.039000,0.426339,-0.198497,-0.137808,0.001029,-0.000400,0.000597,5.235317,TARE
5.040000,0.426338,-0.198498,-0.137808,0.000396,-0.000216,0.000238,5.234846,TARE
5.041000,0.426338,-0.198498,-0.137808,0.000190,-0.000327,0.000493,5.234959,TARE
5.042000,0.426336,-0.198495,-0.137810,-0.000093,0.000905,-0.000622,5.235551,TARE
5.043000,0.426336,-0.198500,-0.137809,0.000020,-0.000808,0.000079,5.236506,TARE
5.044000,0.426337,-0.198498,-0.137809,0.000492,0.000067,0.000221,5.237673,TARE
5.045000,0.426339,-0.198498,-0.137808,0.001687,-0.000043,0.000656,5.238906,TARE
5.046000,0.426335,-0.198501,-0.137808,0.000220,-0.000803,0.000561,5.240113,TARE
5.047000,0.426333,-0.198497,-0.137811,0.000185,0.000579,-0.000165,5.241270,TARE
5.048000,0.426333,-0.198496,-0.137811,0.000323,0.000508,-0.000200,5.242380,TARE
5.049000,0.426338,-0.198499,-0.137808,0.001582,-0.000578,0.000663,5.243428,TARE
5.050000,0.426335,-0.198499,-0.137810,-0.000428,-0.000366,-0.000330,5.244375,TARE
5.051000,0.426334,-0.198497,-0.137810,0.000036,-0.000086,-0.000151,5.245171,TARE
5.052000,0.426334,-0.198498,-0.137809,0.000546,-0.000161,0.000430,5.245762,TARE
5.053000,0.426334,-0.198497,-0.137812,-0.000423,-0.000025,-0.000465,5.246113,TARE
5.054000,0.426334,-0.198498,-0.137810,0.000087,-0.000149,0.000021,5.246214,TARE
5.055000,0.426330,-0.198499,-0.137811,-0.001385,-0.000549,-0.000185,5.246062,TARE
5.056000,0.426334,-0.198498,-0.137809,0.000181,-0.000140,0.000327,5.245664,TARE
5.057000,0.426331,-0.198499,-0.137811,-0.000599,-0.000140,-0.000237,5.245058,TARE
5.058000,0.426331,-0.198500,-0.137810,0.000050,-0.000214,0.000117,5.244305,TARE
5.059000,0.426333,-0.198498,-0.137810,0.000850,0.000273,0.000435,5.243465,TARE
5.060000,0.426330,-0.198499,-0.137812,-0.000138,0.000285,-0.000256,5.242602,TARE
5.061000,0.426336,-0.198499,-0.137809,0.001076,-0.000222,0.000215,5.241777,TARE
5.062000,0.426333,-0.198498,-0.137810,0.000129,0.000063,0.000185,5.241029,TARE
5.063000,0.426330,-0.198494,-0.137814,-0.001108,0.001336,-0.001271,5.240361,TARE
5.064000,0.426335,-0.198500,-0.137809,0.001020,-0.000819,0.000856,5.239747,TARE
5.065000,0.426333,-0.198501,-0.137809,0.000384,-0.001086,0.000435,5.239161,TARE
5.066000,0.426334,-0.198495,-0.137811,0.000372,0.001184,-0.000439,5.238618,TARE
5.067000,0.426337,-0.198497,-0.137809,0.000982,0.000238,0.000430,5.238164,TARE
5.068000,0.426334,-0.198498,-0.137810,0.000076,-0.000067,-0.000281,5.237836,TARE
5.069000,0.426336,-0.198498,-0.137808,0.000669,0.000190,0.000265,5.237647,TARE
5.070000,0.426337,-0.198500,-0.137807,0.000900,-0.000791,0.000519,5.237605,TARE
5.071000,0.426334,-0.198498,-0.137811,0.000148,-0.000137,-0.000351,5.237708,TARE
5.072000,0.426336,-0.198495,-0.137810,0.000169,0.000750,0.000052,5.237936,TARE
5.073000,0.426339,-0.198496,-0.137808,0.001280,0.000110,0.000799,5.238253,TARE
5.074000,0.426336,-0.198497,-0.137809,-0.000156,-0.000102,0.000088,5.238649,TARE
5.075000,0.426337,-0.198496,-0.137808,0.000328,0.000013,0.000552,5.239172,TARE
5.076000,0.426336,-0.198498,-0.137809,-0.001022,-0.000533,-0.000306,5.239887,TARE
5.077000,0.426333,-0.198498,-0.137811,-0.002161,0.000131,-0.001147,5.240824,TARE
5.078000,0.426337,-0.198497,-0.137809,-0.000332,-0.000168,-0.000075,5.241931,TARE
5.079000,0.426338,-0.198499,-0.137807,0.001239,-0.000677,0.001070,5.243088,TARE
5.080000,0.426334,-0.198500,-0.137809,-0.000554,-0.001238,0.000034,5.244197,TARE
5.081000,0.426336,-0.198498,-0.137809,0.000276,0.000219,0.000188,5.245230,TARE
5.082000,0.426334,-0.198498,-0.137810,-0.000250,0.000340,-0.000068,5.246198,TARE
5.083000,0.426338,-0.198499,-0.137807,0.000818,-0.000592,0.000890,5.247129,TARE
5.084000,0.426335,-0.198496,-0.137810,0.000319,0.000450,0.000181,5.248084,TARE
5.085000,0.426339,-0.198499,-0.137807,0.001076,-0.000816,0.001059,5.249159,TARE
5.086000,0.426334,-0.198497,-0.137810,-0.000391,0.000327,-0.000149,5.250466,TARE
5.087000,0.426333,-0.198497,-0.137812,-0.000342,0.000261,-0.000670,5.252079,TARE
5.088000,0.426340,-0.198495,-0.137808,0.001651,0.000839,0.000515,5.253984,TARE
5.089000,0.426337,-0.198497,-0.137808,0.000950,0.000087,0.000675,5.256094,TARE
5.090000,0.426334,-0.198496,-0.137811,-0.000131,0.000500,-0.000414,5.258334,TARE
5.091000,0.426332,-0.198500,-0.137810,-0.000896,-0.001027,0.000191,5.260658,TARE
5.092000,0.426334,-0.198499,-0.137809,-0.000332,-0.000392,0.000259,5.263021,TARE
5.093000,0.426329,-0.198498,-0.137811,-0.002151,0.000134,-0.000858,5.265379,TARE
5.094000,0.426333,-0.198499,-0.137810,-0.000576,-0.000266,-0.000102,5.267688,TARE
5.095000,0.426335,-0.198500,-0.137807,-0.000236,-0.000495,0.000562,5.269887,TARE
5.096000,0.426333,-0.198497,-0.137812,-0.001034,0.000401,-0.000882,5.271929,TARE
5.097000,0.426332,-0.198497,-0.137811,-0.000855,0.000289,-0.000596,5.273780,TARE
5.098000,0.426328,-0.198498,-0.137813,-0.002221,0.000057,-0.001215,5.275370,TARE
5.099000,0.426333,-0.198498,-0.137811,-0.000584,0.000019,-0.000507,5.276574,TARE
5.100000,0.426332,-0.198498,-0.137811,-0.000446,0.000354,-0.000286,5.277249,TARE
5.101000,0.426333,-0.198501,-0.137810,0.000348,-0.000852,0.000218,5.277299,TARE
5.102000,0.426329,-0.198501,-0.137811,-0.001324,-0.000324,-0.000747,5.276712,TARE
5.103000,0.426332,-0.198496,-0.137811,-0.000121,0.001048,-0.000239,5.275532,TARE
5.104000,0.426331,-0.198498,-0.137812,0.000357,0.000332,0.000037,5.273832,TARE
5.105000,0.426328,-0.198498,-0.137812,-0.000493,0.000375,-0.000238,5.271716,TARE
5.106000,0.426331,-0.198496,-0.137811,0.000602,0.000524,0.000480,5.269326,TARE
5.107000,0.426332,-0.198499,-0.137810,-0.000508,-0.000369,0.000307,5.266841,TARE
5.108000,0.426330,-0.198499,-0.137811,-0.000550,-0.000046,-0.000009,5.264471,TARE
5.109000,0.426328,-0.198498,-0.137813,-0.001242,0.000205,-0.000707,5.262412,TARE
5.110000,0.426332,-0.198497,-0.137810,0.000318,0.000450,0.000193,5.260784,TARE
5.111000,0.426330,-0.198497,-0.137811,-0.000447,0.000131,0.000027,5.259620,TARE
5.112000,0.426333,-0.198498,-0.137810,0.000491,-0.000044,0.000259,5.258920,TARE
5.113000,0.426332,-0.198499,-0.137811,0.000862,-0.000165,0.000493,5.258681,TARE
5.114000,0.426331,-0.198498,-0.137812,-0.000323,0.000218,-0.000306,5.258901,TARE
5.115000,0.426334,-0.198496,-0.137810,0.001003,0.000509,0.000491,5.259551,TARE
5.116000,0.426332,-0.198498,-0.137811,0.000248,-0.000031,0.000120,5.260585,TARE
5.117000,0.426334,-0.198497,-0.137810,0.000725,-0.000173,0.000543,5.261947,TARE
5.118000,0.426338,-0.198497,-0.137808,0.001852,0.000133,0.000954,5.263604,TARE
5.119000,0.426334,-0.198499,-0.137809,-0.000084,-0.000702,0.000374,5.265554,TARE
5.120000,0.426335,-0.198497,-0.137809,0.000544,-0.000412,0.000240,5.267816,TARE
5.121000,0.426336,-0.198497,-0.137808,0.001360,-0.000473,0.000629,5.270390,TARE
5.122000,0.426336,-0.198499,-0.137807,0.001007,-0.000708,0.000798,5.273238,TARE
5.123000,0.426339,-0.198500,-0.137806,0.001935,-0.000852,0.001370,5.276322,TARE
5.124000,0.426333,-0.198498,-0.137809,-0.000596,-0.000191,-0.000128,5.279637,TARE
5.125000,0.426335,-0.198498,-0.137809,0.000177,-0.000545,0.000189,5.283184,TARE
5.126000,0.426335,-0.198497,-0.137810,-0.000227,0.000130,-0.000317,5.286914,TARE
5.127000,0.426334,-0.198500,-0.137809,-0.000374,-0.000755,-0.000049,5.290699,TARE
5.128000,0.426334,-0.198496,-0.137810,-0.000681,0.000666,-0.000482,5.294364,TARE
5.129000,0.426335,-0.198498,-0.137809,-0.000457,0.000192,-0.000571,5.297715,TARE
5.130000,0.426334,-0.198498,-0.137810,-0.000309,0.000284,-0.000580,5.300563,TARE
5.131000,0.426334,-0.198498,-0.137810,-0.000885,0.000361,-0.000713,5.302718,TARE
5.132000,0.426335,-0.198497,-0.137809,-0.000862,0.000500,-0.000521,5.304009,TARE
5.133000,0.426333,-0.198500,-0.137809,-0.000578,-0.000670,-0.000141,5.304323,TARE
5.134000,0.426337,-0.198502,-0.137807,0.000350,-0.000604,0.000291,5.303631,TARE
5.135000,0.426333,-0.198498,-0.137810,-0.000496,0.001256,-0.000704,5.301999,TARE
5.136000,0.426336,-0.198499,-0.137807,0.000949,0.000889,0.000149,5.299557,TARE
5.137000,0.426335,-0.198499,-0.137808,0.000181,0.000721,-0.000397,5.296469,TARE
5.138000,0.426333,-0.198499,-0.137810,-0.000549,0.000250,-0.000578,5.292904,TARE
5.139000,0.426334,-0.198499,-0.137808,0.000054,0.000118,-0.000062,5.289007,TARE
5.140000,0.426329,-0.198500,-0.137811,-0.002404,-0.000002,-0.001568,5.284884,TARE
5.141000,0.426330,-0.198498,-0.137811,-0.000762,0.000142,-0.000868,5.280585,TARE
5.142000,0.426334,-0.198498,-0.137809,0.000342,-0.000367,0.000157,5.276095,TARE
5.143000,0.426333,-0.198500,-0.137809,-0.000145,-0.000993,0.000186,5.271396,TARE
5.144000,0.426331,-0.198502,-0.137810,-0.001253,-0.001605,-0.000054,5.266538,TARE
5.145000,0.426330,-0.198499,-0.137812,-0.001522,-0.000604,-0.000879,5.261638,TARE
5.146000,0.426329,-0.198499,-0.137812,-0.001846,-0.000265,-0.000522,5.256804,TARE
5.147000,0.426332,-0.198496,-0.137810,-0.001267,0.000610,-0.000538,5.252108,TARE
5.148000,0.426331,-0.198498,-0.137811,-0.001418,-0.000060,-0.000483,5.247609,TARE
5.149000,0.426329,-0.198497,-0.137813,-0.001679,0.000018,-0.000945,5.243374,TARE
5.150000,0.426334,-0.198500,-0.137808,0.000308,-0.000625,0.000425,5.239451,TARE
5.151000,0.426331,-0.198501,-0.137809,-0.000531,-0.000680,0.000100,5.235877,TARE
5.152000,0.426330,-0.198498,-0.137811,-0.000783,0.000012,-0.000501,5.232715,TARE
5.153000,0.426329,-0.198497,-0.137811,-0.000596,0.000456,-0.000161,5.230042,TARE
5.154000,0.426333,-0.198499,-0.137809,0.001366,-0.000290,0.000708,5.227926,TARE
5.155000,0.426332,-0.198498,-0.137809,0.000244,0.000116,0.000325,5.226441,TARE
5.156000,0.426334,-0.198498,-0.137809,0.001260,-0.000117,0.000644,5.225686,TARE
5.157000,0.426334,-0.198500,-0.137808,0.000727,-0.000518,0.000607,5.225757,TARE
5.158000,0.426335,-0.198499,-0.137808,0.000915,-0.000447,0.000735,5.226728,TARE
5.159000,0.426335,-0.198497,-0.137809,0.000980,0.000135,0.000558,5.228635,TARE
5.160000,0.426339,-0.198500,-0.137806,0.002136,-0.001189,0.001495,5.231487,TARE
5.161000,0.426335,-0.198499,-0.137809,0.000287,-0.000886,0.000198,5.235257,TARE
5.162000,0.426337,-0.198499,-0.137807,0.000805,-0.000760,0.000829,5.239874,TARE
5.163000,0.426336,-0.198498,-0.137809,0.000294,-0.000535,0.000218,5.245204,TARE
5.164000,0.426333,-0.198498,-0.137809,-0.000603,0.000062,-0.000085,5.251070,TARE
5.165000,0.426335,-0.198500,-0.137807,0.000216,-0.000346,0.000332,5.257272,TARE
5.166000,0.426338,-0.198499,-0.137807,0.001079,-0.000231,0.000416,5.263614,TARE
5.167000,0.426335,-0.198499,-0.137808,0.000070,-0.000033,-0.000105,5.269919,TARE
5.168000,0.426332,-0.198500,-0.137810,-0.001304,-0.000152,-0.000812,5.276017,TARE
5.169000,0.426331,-0.198498,-0.137812,-0.000527,0.000668,-0.000889,5.281714,TARE
5.170000,0.426332,-0.198497,-0.137811,-0.000494,0.000729,-0.000469,5.286779,TARE
5.171000,0.426336,-0.198498,-0.137808,0.000833,0.000356,0.000419,5.290987,TARE
5.172000,0.426334,-0.198501,-0.137809,-0.000137,-0.000788,0.000056,5.294213,TARE
5.173000,0.426336,-0.198499,-0.137808,0.000760,-0.000095,0.000363,5.296453,TARE
5.174000,0.426334,-0.198499,-0.137809,-0.000064,-0.000298,-0.000142,5.297782,TARE
5.175000,0.426333,-0.198500,-0.137809,-0.000840,-0.000581,-0.000244,5.298297,TARE
5.176000,0.426332,-0.198498,-0.137811,-0.001428,-0.000081,-0.000630,5.298078,TARE
5.177000,0.426336,-0.198499,-0.137807,0.000217,-0.000169,0.000466,5.297191,TARE
5.178000,0.426334,-0.198502,-0.137808,-0.000957,-0.000949,-0.000057,5.295714,TARE
5.179000,0.426333,-0.198501,-0.137809,-0.000423,-0.000291,-0.000141,5.293764,TARE
5.180000,0.426330,-0.198501,-0.137810,-0.001185,0.000111,-0.000596,5.291469,TARE
5.181000,0.426332,-0.198500,-0.137810,-0.000585,0.000290,-0.000298,5.288924,TARE
5.182000,0.426328,-0.198502,-0.137811,-0.001574,-0.000439,-0.000670,5.286179,TARE
5.183000,0.426331,-0.198502,-0.137809,-0.000196,-0.000537,0.000249,5.283260,TARE
5.184000,0.426334,-0.198499,-0.137808,0.000410,0.000491,0.000447,5.280197,TARE
5.185000,0.426332,-0.198499,-0.137810,-0.000792,0.000346,-0.000606,5.277076,TARE
5.186000,0.426327,-0.198497,-0.137814,-0.002271,0.001054,-0.001672,5.273992,TARE
5.187000,0.426331,-0.198500,-0.137810,-0.000618,-0.000273,-0.000161,5.270971,TARE
5.188000,0.426327,-0.198499,-0.137813,-0.002102,0.000243,-0.001139,5.267950,TARE
5.189000,0.426333,-0.198500,-0.137809,0.000478,0.000362,0.000273,5.264846,TARE
5.190000,0.426329,-0.198499,-0.137810,-0.000608,0.000497,-0.000165,5.261626,TARE
5.191000,0.426328,-0.198501,-0.137812,-0.000667,-0.000011,-0.000642,5.258324,TARE
5.192000,0.426333,-0.198500,-0.137809,0.001106,-0.000123,0.000429,5.255013,TARE
5.193000,0.426331,-0.198496,-0.137811,0.000085,0.000922,-0.000307,5.251755,TARE
5.194000,0.426333,-0.198499,-0.137809,0.001061,-0.000637,0.000750,5.248616,TARE
5.195000,0.426329,-0.198500,-0.137810,-0.000479,-0.000825,-0.000059,5.245684,TARE
5.196000,0.426330,-0.198496,-0.137810,-0.000174,0.000206,0.000164,5.243060,TARE
5.197000,0.426328,-0.198499,-0.137810,-0.000677,-0.000532,-0.000137,5.240843,TARE
5.198000,0.426330,-0.198498,-0.137810,0.000247,-0.000097,-0.000083,5.239107,TARE
5.199000,0.426333,-0.198499,-0.137809,0.000899,-0.000216,0.000366,5.237885,TARE
5.200000,0.426331,-0.198498,-0.137810,-0.000034,0.000200,-0.000211,5.237169,TARE
5.201000,0.426331,-0.198499,-0.137809,0.000219,-0.000534,0.000316,5.236921,TARE
5.202000,0.426332,-0.198499,-0.137809,0.001066,-0.000586,0.000498,5.237101,TARE
5.203000,0.426331,-0.198498,-0.137810,0.000838,-0.000020,0.000318,5.237677,TARE
5.204000,0.426335,-0.198496,-0.137809,0.001973,0.000150,0.000817,5.238638,TARE
5.205000,0.426335,-0.198496,-0.137809,0.001222,0.000433,0.000305,5.239984,TARE
5.206000,0.426333,-0.198498,-0.137809,0.000691,-0.000318,0.000238,5.241721,TARE
5.207000,0.426332,-0.198496,-0.137810,0.000207,0.000479,-0.000028,5.243826,TARE
5.208000,0.426336,-0.198496,-0.137808,0.001436,0.000509,0.000613,5.246250,TARE
5.209000,0.426331,-0.198497,-0.137811,-0.000847,0.000167,-0.000637,5.248927,TARE
5.210000,0.426334,-0.198497,-0.137809,0.000400,-0.000109,0.000174,5.251782,TARE
5.211000,0.426333,-0.198496,-0.137810,-0.000224,0.000568,-0.000230,5.254719,TARE
5.212000,0.426333,-0.198498,-0.137810,-0.000360,0.000299,-0.000290,5.257626,TARE
5.213000,0.426332,-0.198496,-0.137811,0.000243,0.000613,-0.000174,5.260402,TARE
5.214000,0.426335,-0.198499,-0.137809,0.000785,-0.000685,0.000290,5.262956,TARE
5.215000,0.426332,-0.198497,-0.137810,-0.000381,-0.000093,-0.000089,5.265210,TARE
5.216000,0.426333,-0.198497,-0.137809,0.000683,-0.000313,0.000646,5.267117,TARE
5.217000,0.426329,-0.198498,-0.137811,-0.001498,-0.000243,-0.000870,5.268668,TARE
5.218000,0.426329,-0.198496,-0.137812,-0.000590,-0.000070,-0.000422,5.269864,TARE
5.219000,0.426331,-0.198499,-0.137810,0.000219,-0.000947,0.000398,5.270673,TARE
5.220000,0.426330,-0.198499,-0.137811,-0.000295,-0.000306,-0.000269,5.271053,TARE
5.221000,0.426330,-0.198497,-0.137810,0.000195,0.000378,0.000168,5.270991,TARE
5.222000,0.426333,-0.198500,-0.137809,0.001271,-0.000465,0.000590,5.270520,TARE
5.223000,0.426333,-0.198499,-0.137810,0.000920,0.000015,0.000224,5.269715,TARE
5.224000,0.426326,-0.198499,-0.137813,-0.001904,0.000383,-0.001049,5.268669,TARE
5.225000,0.426330,-0.198501,-0.137810,-0.000138,-0.000492,0.000207,5.267445,TARE
5.226000,0.426331,-0.198500,-0.137810,-0.000378,0.000454,-0.000391,5.266054,TARE
5.227000,0.426329,-0.198498,-0.137811,-0.000656,0.000908,-0.000591,5.264491,TARE
5.228000,0.426332,-0.198495,-0.137811,0.000396,0.001188,-0.000198,5.262750,TARE
5.229000,0.426331,-0.198500,-0.137810,-0.000069,-0.000519,0.000041,5.260823,TARE
5.230000,0.426332,-0.198501,-0.137809,0.000208,-0.000401,0.000336,5.258730,TARE
5.231000,0.426327,-0.198501,-0.137811,-0.001602,0.000002,-0.001024,5.256512,TARE
5.232000,0.426328,-0.198499,-0.137812,-0.000727,0.000561,-0.000628,5.254201,TARE
5.233000,0.426329,-0.198501,-0.137811,-0.001402,-0.000448,-0.000882,5.251777,TARE
5.234000,0.426329,-0.198500,-0.137810,-0.000533,0.000248,-0.000196,5.249173,TARE
5.235000,0.426329,-0.198502,-0.137810,-0.000344,-0.000704,-0.000148,5.246325,TARE
5.236000,0.426330,-0.198500,-0.137810,-0.000474,-0.000258,-0.000177,5.243221,TARE
5.237000,0.426332,-0.198498,-0.137809,-0.000210,0.000610,-0.000252,5.239902,TARE
5.238000,0.426332,-0.198499,-0.137810,-0.000636,-0.000095,-0.000403,5.236444,TARE
5.239000,0.426333,-0.198497,-0.137809,-0.000247,0.000404,-0.000169,5.232931,TARE
5.240000,0.426330,-0.198498,-0.137810,-0.001876,0.000420,-0.000960,5.229444,TARE
5.241000,0.426333,-0.198499,-0.137808,-0.000538,-0.000539,0.000155,5.226053,TARE
5.242000,0.426331,-0.198498,-0.137810,-0.001416,-0.000032,-0.000709,5.222822,TARE
5.243000,0.426332,-0.198500,-0.137809,-0.000990,-0.000164,-0.000194,5.219808,TARE
5.244000,0.426329,-0.198503,-0.137811,-0.002095,-0.000525,-0.001055,5.217048,TARE
5.245000,0.426332,-0.198500,-0.137809,-0.000869,0.000293,-0.000703,5.214538,TARE
5.246000,0.426334,-0.198499,-0.137808,-0.000249,0.000407,-0.000201,5.212228,TARE
5.247000,0.426333,-0.198499,-0.137809,-0.001202,0.000456,-0.000816,5.210056,TARE
5.248000,0.426334,-0.198499,-0.137809,-0.000216,0.000683,-0.000358,5.207984,TARE
5.249000,0.426329,-0.198500,-0.137810,-0.002138,0.000372,-0.001091,5.206002,TARE
5.250000,0.426332,-0.198497,-0.137810,-0.000212,0.001831,-0.000572,5.204107,TARE
5.251000,0.426332,-0.198499,-0.137809,-0.000433,0.000445,-0.000341,5.202302,TARE
5.252000,0.426333,-0.198498,-0.137809,-0.000139,0.000915,-0.000126,5.200613,TARE
5.253000,0.426334,-0.198500,-0.137808,0.000099,0.000547,-0.000010,5.199104,TARE
5.254000,0.426331,-0.198498,-0.137810,-0.000634,0.001001,-0.000819,5.197865,TARE
5.255000,0.426333,-0.198501,-0.137808,0.000029,0.000140,0.000212,5.196967,TARE
5.256000,0.426333,-0.198499,-0.137809,0.000444,0.000483,0.000133,5.196450,TARE
5.257000,0.426334,-0.198500,-0.137808,0.001546,-0.000169,0.000934,5.196356,TARE
5.258000,0.426336,-0.198498,-0.137808,0.002507,0.000433,0.000986,5.196760,TARE
5.259000,0.426334,-0.198501,-0.137808,0.001433,-0.000903,0.000819,5.197769,TARE
5.260000,0.426333,-0.198501,-0.137808,0.001078,-0.000560,0.000513,5.199482,TARE
5.261000,0.426330,-0.198499,-0.137810,0.000070,-0.000084,-0.000043,5.201936,TARE
5.262000,0.426330,-0.198501,-0.137810,-0.000385,-0.000673,0.000024,5.205082,TARE
5.263000,0.426332,-0.198499,-0.137810,-0.000362,0.000047,-0.000370,5.208785,TARE
5.264000,0.426331,-0.198498,-0.137810,-0.000252,0.000944,-0.000454,5.212852,TARE
5.265000,0.426333,-0.198500,-0.137808,-0.000068,0.000275,-0.000218,5.217064,TARE
5.266000,0.426333,-0.198502,-0.137808,0.000227,-0.000047,0.000096,5.221221,TARE
5.267000,0.426333,-0.198499,-0.137809,0.001021,0.000250,0.000384,5.225174,TARE
5.268000,0.426332,-0.198501,-0.137809,0.000734,-0.000693,0.000365,5.228847,TARE
5.269000,0.426333,-0.198499,-0.137808,0.001244,0.000021,0.000527,5.232225,TARE
5.270000,0.426333,-0.198498,-0.137809,0.000711,0.000625,0.000018,5.235327,TARE
5.271000,0.426331,-0.198500,-0.137808,0.000524,0.000213,0.000538,5.238188,TARE
5.272000,0.426330,-0.198497,-0.137812,0.000368,0.001030,-0.000761,5.240843,TARE
5.273000,0.426333,-0.198501,-0.137809,0.000708,-0.000230,0.000146,5.243301,TARE
5.274000,0.426330,-0.198497,-0.137811,0.000110,0.000634,-0.000502,5.245504,TARE
5.275000,0.426331,-0.198501,-0.137809,0.001185,-0.000365,0.000480,5.247347,TARE
5.276000,0.426328,-0.198499,-0.137811,0.000449,0.000252,-0.000039,5.248744,TARE
5.277000,0.426328,-0.198499,-0.137812,0.001048,0.000459,0.000229,5.249662,TARE
5.278000,0.426337,-0.198501,-0.137806,0.002377,-0.000195,0.001533,5.250144,TARE
5.279000,0.426333,-0.198501,-0.137808,0.000207,-0.000177,0.000110,5.250324,TARE
5.280000,0.426333,-0.198501,-0.137809,0.000425,0.000203,0.000053,5.250395,TARE
5.281000,0.426333,-0.198497,-0.137809,0.000874,0.000801,0.000015,5.250516,TARE
5.282000,0.426334,-0.198500,-0.137807,0.001073,-0.000595,0.000652,5.250765,TARE
5.283000,0.426331,-0.198499,-0.137810,-0.000463,0.000628,-0.000552,5.251159,TARE
5.284000,0.426330,-0.198501,-0.137810,-0.000535,0.000030,-0.000562,5.251676,TARE
5.285000,0.426328,-0.198499,-0.137811,-0.000953,0.000263,-0.000588,5.252237,TARE
5.286000,0.426331,-0.198498,-0.137810,0.000140,0.000328,0.000216,5.252717,TARE
5.287000,0.426332,-0.198496,-0.137810,-0.000390,0.000457,-0.000021,5.253016,TARE
5.288000,0.426336,-0.198499,-0.137808,0.001015,-0.000001,0.000524,5.253110,TARE
5.289000,0.426333,-0.198499,-0.137809,0.000516,0.000251,0.000231,5.253052,TARE
5.290000,0.426333,-0.198501,-0.137808,0.000573,-0.000800,0.000377,5.252924,TARE
5.291000,0.426334,-0.198500,-0.137807,0.000980,-0.000413,0.000742,5.252810,TARE
5.292000,0.426332,-0.198499,-0.137809,0.000211,0.000608,-0.000028,5.252782,TARE
5.293000,0.426333,-0.198500,-0.137809,-0.000223,0.000442,-0.000298,5.252897,TARE
5.294000,0.426331,-0.198501,-0.137808,-0.000803,0.000048,-0.000161,5.253180,TARE
5.295000,0.426330,-0.198499,-0.137810,-0.001440,0.000619,-0.000925,5.253604,TARE
5.296000,0.426333,-0.198499,-0.137808,-0.000298,0.000703,-0.000232,5.254099,TARE
5.297000,0.426330,-0.198498,-0.137810,-0.000855,0.000806,-0.000599,5.254563,TARE
5.298000,0.426333,-0.198500,-0.137808,0.000288,-0.000071,-0.000027,5.254895,TARE
5.299000,0.426332,-0.198499,-0.137810,-0.000487,0.000322,-0.000518,5.255012,TARE
5.300000,0.426334,-0.198499,-0.137808,0.001103,0.000479,0.000341,5.254848,TARE
5.301000,0.426335,-0.198500,-0.137807,0.000983,0.000206,0.000501,5.254387,TARE
5.302000,0.426335,-0.198502,-0.137806,0.000718,-0.000019,0.000321,5.253689,TARE
5.303000,0.426333,-0.198500,-0.137808,0.000213,0.001031,-0.000210,5.252883,TARE
5.304000,0.426333,-0.198501,-0.137809,0.000016,0.000466,-0.000325,5.252111,TARE
5.305000,0.426333,-0.198500,-0.137809,0.000157,0.000587,-0.000374,5.251457,TARE
5.306000,0.426329,-0.198498,-0.137811,-0.000618,0.001306,-0.000531,5.250932,TARE
5.307000,0.426331,-0.198502,-0.137808,-0.000102,-0.000150,0.000050,5.250502,TARE
5.308000,0.426333,-0.198502,-0.137809,0.000367,-0.000496,-0.000377,5.250126,TARE
5.309000,0.426328,-0.198501,-0.137810,-0.001424,0.000432,-0.000868,5.249752,TARE
5.310000,0.426332,-0.198503,-0.137808,-0.000678,-0.000231,-0.000561,5.249289,TARE
5.311000,0.426331,-0.198499,-0.137809,-0.000347,0.000895,-0.000279,5.248618,TARE
5.312000,0.426330,-0.198498,-0.137810,-0.000605,0.000737,-0.000531,5.247643,TARE
5.313000,0.426329,-0.198502,-0.137810,-0.001031,-0.000260,-0.000514,5.246336,TARE
5.314000,0.426332,-0.198499,-0.137808,0.001034,0.000852,0.000208,5.244724,TARE
5.315000,0.426332,-0.198501,-0.137808,0.001385,-0.000306,0.000720,5.242893,TARE
5.316000,0.426333,-0.198497,-0.137809,0.001445,0.000696,0.000342,5.240997,TARE
5.317000,0.426332,-0.198499,-0.137810,0.000059,-0.000031,-0.000356,5.239232,TARE
5.318000,0.426334,-0.198500,-0.137808,0.000867,-0.000545,0.000486,5.237768,TARE
5.319000,0.426334,-0.198502,-0.137808,0.000597,-0.000904,0.000495,5.236716,TARE
5.320000,0.426332,-0.198501,-0.137808,0.000133,-0.000525,0.000488,5.236149,TARE
5.321000,0.426334,-0.198499,-0.137807,0.000432,0.000611,0.000377,5.236142,TARE
5.322000,0.426333,-0.198498,-0.137808,-0.000111,0.000474,0.000150,5.236768,TARE
5.323000,0.426335,-0.198501,-0.137807,0.000462,-0.000703,0.000598,5.238093,TARE
5.324000,0.426335,-0.198500,-0.137807,-0.000046,0.000198,-0.000110,5.240144,TARE
5.325000,0.426334,-0.198501,-0.137808,-0.000314,-0.000249,-0.000019,5.242882,TARE
5.326000,0.426335,-0.198501,-0.137806,0.001030,0.000194,0.000649,5.246202,TARE
5.327000,0.426330,-0.198501,-0.137809,-0.001222,0.000366,-0.000401,5.249967,TARE
5.328000,0.426333,-0.198499,-0.137808,0.000116,0.000453,0.000234,5.254051,TARE
5.329000,0.426333,-0.198500,-0.137808,0.000232,-0.000067,0.000402,5.258348,TARE
5.330000,0.426332,-0.198498,-0.137809,-0.000830,0.000270,-0.000499,5.262774,TARE
5.331000,0.426337,-0.198500,-0.137806,0.000970,-0.000130,0.000648,5.267250,TARE
5.332000,0.426332,-0.198500,-0.137809,-0.000482,0.000198,-0.000276,5.271694,TARE
5.333000,0.426333,-0.198501,-0.137808,-0.000337,-0.000260,-0.000099,5.276021,TARE
5.334000,0.426336,-0.198500,-0.137807,0.001069,-0.000015,0.000299,5.280147,TARE
5.335000,0.426331,-0.198502,-0.137809,-0.001128,-0.000928,-0.000716,5.283978,TARE
5.336000,0.426329,-0.198500,-0.137810,-0.001646,0.000102,-0.001078,5.287387,TARE
5.337000,0.426330,-0.198500,-0.137809,-0.001030,-0.000511,-0.000396,5.290204,TARE
5.338000,0.426329,-0.198500,-0.137810,-0.001481,-0.000248,-0.000863,5.292252,TARE
5.339000,0.426330,-0.198499,-0.137810,-0.000414,0.000226,-0.000738,5.293395,TARE
5.340000,0.426327,-0.198503,-0.137810,-0.001707,-0.000442,-0.000938,5.293545,TARE
5.341000,0.426330,-0.198500,-0.137810,-0.001224,0.000662,-0.000833,5.292646,TARE
5.342000,0.426332,-0.198501,-0.137808,-0.000266,-0.000047,-0.000141,5.290698,TARE
5.343000,0.426331,-0.198503,-0.137809,-0.000674,-0.000355,-0.000417,5.287777,TARE
5.344000,0.426329,-0.198503,-0.137809,-0.001363,-0.000418,-0.000561,5.284032,TARE
5.345000,0.426332,-0.198500,-0.137809,-0.000490,0.000482,-0.000726,5.279645,TARE
5.346000,0.426332,-0.198502,-0.137809,-0.000295,0.000069,-0.000520,5.274785,TARE
5.347000,0.426331,-0.198503,-0.137809,0.000117,-0.000064,-0.000410,5.269589,TARE
5.348000,0.426331,-0.198502,-0.137809,-0.000290,0.000732,-0.000764,5.264164,TARE
5.349000,0.426329,-0.198504,-0.137810,-0.000782,-0.000433,-0.000807,5.258594,TARE
5.350000,0.426325,-0.198501,-0.137813,-0.002224,0.000562,-0.001606,5.252936,TARE
5.351000,0.426330,-0.198501,-0.137810,0.000380,0.000095,-0.000153,5.247207,TARE
5.352000,0.426333,-0.198506,-0.137806,0.000581,-0.001200,0.000458,5.241434,TARE
5.353000,0.426334,-0.198501,-0.137807,0.000887,0.000561,0.000061,5.235720,TARE
5.354000,0.426332,-0.198502,-0.137809,-0.000428,0.000328,-0.000787,5.230246,TARE
5.355000,0.426331,-0.198502,-0.137809,0.000075,-0.000105,0.000031,5.225197,TARE
5.356000,0.426328,-0.198501,-0.137811,-0.000906,0.000054,-0.000625,5.220703,TARE
5.357000,0.426330,-0.198502,-0.137808,-0.000333,-0.000363,0.000095,5.216843,TARE
5.358000,0.426328,-0.198503,-0.137810,-0.001133,-0.000880,-0.000363,5.213674,TARE
5.359000,0.426332,-0.198503,-0.137808,0.000093,-0.000635,0.000143,5.211233,TARE
5.360000,0.426333,-0.198499,-0.137809,-0.000259,0.000905,-0.000763,5.209536,TARE
5.361000,0.426328,-0.198501,-0.137810,-0.001036,0.000303,-0.000766,5.208547,TARE
5.362000,0.426332,-0.198501,-0.137809,0.000998,0.000324,0.000064,5.208172,TARE
5.363000,0.426332,-0.198501,-0.137809,0.000649,0.000276,-0.000181,5.208292,TARE
5.364000,0.426333,-0.198501,-0.137807,0.000438,0.000002,0.000491,5.208818,TARE
5.365000,0.426332,-0.198499,-0.137810,-0.000658,0.001096,-0.001080,5.209714,TARE
5.366000,0.426333,-0.198501,-0.137808,-0.000024,0.000665,-0.000085,5.210968,TARE
5.367000,0.426335,-0.198502,-0.137806,0.000194,-0.000029,0.000248,5.212561,TARE
5.368000,0.426334,-0.198498,-0.137808,-0.000226,0.001466,-0.000516,5.214477,TARE
5.369000,0.426333,-0.198500,-0.137809,-0.000274,0.000689,-0.000539,5.216720,TARE
5.370000,0.426333,-0.198501,-0.137807,0.000630,-0.000143,0.000656,5.219291,TARE
5.371000,0.426335,-0.198500,-0.137806,0.000602,0.000291,0.000327,5.222193,TARE
5.372000,0.426327,-0.198501,-0.137810,-0.002985,0.000273,-0.001459,5.225450,TARE
5.373000,0.426333,-0.198500,-0.137808,-0.000200,0.000422,-0.000240,5.229054,TARE
5.374000,0.426332,-0.198498,-0.137809,-0.000447,0.001745,-0.000759,5.232924,TARE
5.375000,0.426332,-0.198502,-0.137808,-0.000381,0.000269,-0.000289,5.236927,TARE
5.376000,0.426329,-0.198501,-0.137809,-0.001511,0.000010,-0.000551,5.240932,TARE
5.377000,0.426329,-0.198500,-0.137809,-0.002082,0.000304,-0.000566,5.244819,TARE
5.378000,0.426331,-0.198499,-0.137809,-0.001680,0.000725,-0.000888,5.248499,TARE
5.379000,0.426330,-0.198500,-0.137809,-0.001356,0.000393,-0.000576,5.251900,TARE
5.380000,0.426331,-0.198498,-0.137810,-0.000155,0.000930,-0.000553,5.254958,TARE
5.381000,0.426327,-0.198500,-0.137811,-0.002085,0.000181,-0.001030,5.257608,TARE
5.382000,0.426331,-0.198500,-0.137809,-0.000855,0.000449,-0.000555,5.259782,TARE
5.383000,0.426329,-0.198501,-0.137809,-0.000916,-0.000621,-0.000093,5.261430,TARE
5.384000,0.426328,-0.198501,-0.137811,-0.000952,-0.000129,-0.000418,5.262546,TARE
5.385000,0.426333,-0.198499,-0.137808,0.001119,0.000335,0.000812,5.263195,TARE
5.386000,0.426332,-0.198501,-0.137808,0.000117,0.000146,0.000043,5.263512,TARE
5.387000,0.426331,-0.198503,-0.137809,-0.000318,-0.000358,-0.000395,5.263676,TARE
5.388000,0.426333,-0.198502,-0.137807,0.000042,0.000035,0.000144,5.263835,TARE
5.389000,0.426330,-0.198503,-0.137808,-0.000948,-0.000341,-0.000206,5.264063,TARE
5.390000,0.426331,-0.198501,-0.137808,-0.000035,0.000050,0.000231,5.264389,TARE
5.391000,0.426331,-0.198501,-0.137809,-0.000002,0.000213,-0.000154,5.264829,TARE
5.392000,0.426334,-0.198502,-0.137807,-0.000017,-0.000834,0.000361,5.265393,TARE
5.393000,0.426332,-0.198499,-0.137808,-0.000380,0.000811,-0.000212,5.266074,TARE
5.394000,0.426330,-0.198499,-0.137810,-0.001277,0.000088,-0.000577,5.266852,TARE
5.395000,0.426334,-0.198500,-0.137807,0.000262,-0.000080,0.000195,5.267691,TARE
5.396000,0.426333,-0.198502,-0.137806,-0.000407,-0.000368,-0.000036,5.268544,TARE
5.397000,0.426330,-0.198500,-0.137809,-0.001280,0.000214,-0.000714,5.269362,TARE
5.398000,0.426334,-0.198501,-0.137807,0.000132,0.000028,0.000047,5.270096,TARE
5.399000,0.426335,-0.198501,-0.137807,0.000792,0.000017,0.000413,5.270691,TARE
5.400000,0.426336,-0.198502,-0.137806,0.000999,-0.000402,0.000666,5.271121,TARE
5.401000,0.426337,-0.198503,-0.137805,0.001416,-0.000324,0.000866,5.271428,TARE
5.402000,0.426336,-0.198502,-0.137807,0.001269,-0.000507,0.000296,5.271714,TARE
5.403000,0.426334,-0.198504,-0.137807,-0.000017,-0.000670,0.000097,5.272086,TARE
5.404000,0.426331,-0.198500,-0.137808,-0.000840,0.000288,-0.000484,5.272598,TARE
5.405000,0.426332,-0.198500,-0.137809,-0.000526,-0.000082,-0.000485,5.273224,TARE
5.406000,0.426336,-0.198500,-0.137806,0.000561,0.000165,0.000462,5.273879,TARE
5.407000,0.426334,-0.198501,-0.137807,-0.000310,-0.000195,-0.000044,5.274465,TARE
5.408000,0.426332,-0.198500,-0.137809,-0.001042,0.000152,-0.000725,5.274918,TARE
5.409000,0.426334,-0.198501,-0.137807,0.000130,-0.000069,0.000075,5.275186,TARE
5.410000,0.426333,-0.198503,-0.137807,0.000068,-0.000197,0.000044,5.275215,TARE
5.411000,0.426333,-0.198502,-0.137807,-0.000121,0.000090,-0.000065,5.274974,TARE
5.412000,0.426331,-0.198504,-0.137807,-0.000548,-0.000994,-0.000021,5.274472,TARE
5.413000,0.426333,-0.198502,-0.137806,-0.000702,0.000195,-0.000198,5.273745,TARE
5.414000,0.426332,-0.198500,-0.137808,-0.000726,0.000839,-0.000579,5.272839,TARE
5.415000,0.426329,-0.198501,-0.137810,-0.002100,-0.000175,-0.001073,5.271788,TARE
5.416000,0.426331,-0.198503,-0.137808,-0.001177,-0.000611,-0.000414,5.270590,TARE
5.417000,0.426326,-0.198503,-0.137809,-0.003070,-0.001209,-0.000965,5.269206,TARE
5.418000,0.426326,-0.198501,-0.137811,-0.003487,0.000085,-0.001754,5.267574,TARE
5.419000,0.426331,-0.198502,-0.137808,-0.001054,-0.000267,-0.000261,5.265619,TARE
5.420000,0.426328,-0.198501,-0.137809,-0.001577,-0.000105,-0.000289,5.263281,TARE
5.421000,0.426331,-0.198504,-0.137807,-0.000720,-0.001197,0.000126,5.260574,TARE
5.422000,0.426331,-0.198503,-0.137808,-0.000190,-0.000754,0.000106,5.257607,TARE
5.423000,0.426329,-0.198502,-0.137809,-0.001475,0.000021,-0.000689,5.254540,TARE
5.424000,0.426328,-0.198502,-0.137810,-0.000925,0.000194,-0.000527,5.251515,TARE
5.425000,0.426330,-0.198502,-0.137809,-0.000293,0.000353,-0.000116,5.248632,TARE
5.426000,0.426325,-0.198503,-0.137811,-0.002166,-0.000085,-0.001352,5.245953,TARE
5.427000,0.426327,-0.198502,-0.137810,-0.000722,0.000065,-0.000780,5.243493,TARE
5.428000,0.426328,-0.198503,-0.137809,-0.000240,-0.000200,0.000059,5.241206,TARE
5.429000,0.426330,-0.198502,-0.137808,0.000162,0.000010,0.000267,5.239044,TARE
5.430000,0.426329,-0.198502,-0.137809,0.000071,0.000498,-0.000193,5.237035,TARE
5.431000,0.426329,-0.198500,-0.137811,-0.000152,0.001089,-0.000876,5.235281,TARE
5.432000,0.426330,-0.198501,-0.137809,0.000130,0.000431,-0.000059,5.233873,TARE
5.433000,0.426329,-0.198499,-0.137810,0.000138,0.001092,-0.000322,5.232850,TARE
5.434000,0.426330,-0.198503,-0.137808,0.000603,-0.000586,0.000363,5.232238,TARE
