t,x,y,z,vx,vy,vz,Fz,phase
0.000000,0.498069,-0.101274,-0.014485,0.000234,0.000449,0.000294,-1.580704,MOVE_JOINT
0.001000,0.498067,-0.101275,-0.014487,-0.000681,-0.000351,-0.000074,-1.580691,MOVE_JOINT
0.002000,0.498068,-0.101272,-0.014487,-0.000573,0.000341,-0.000297,-1.580628,MOVE_JOINT
0.003000,0.498068,-0.101274,-0.014485,-0.000828,-0.000681,0.000089,-1.580481,MOVE_JOINT
0.004000,0.498067,-0.101272,-0.014487,-0.001296,-0.000255,-0.000381,-1.580233,MOVE_JOINT
0.005000,0.498063,-0.101272,-0.014490,-0.002235,-0.000023,-0.001552,-1.579869,MOVE_JOINT
0.006000,0.498063,-0.101275,-0.014490,-0.002018,-0.001030,-0.001049,-1.579398,MOVE_JOINT
0.007000,0.498062,-0.101276,-0.014491,-0.001033,-0.000736,-0.000757,-1.578870,MOVE_JOINT
0.008000,0.498061,-0.101276,-0.014491,-0.000967,-0.000170,-0.000840,-1.578355,MOVE_JOINT
0.009000,0.498063,-0.101277,-0.014490,-0.000331,-0.000073,-0.000479,-1.577905,MOVE_JOINT
0.010000,0.498065,-0.101276,-0.014489,-0.000072,-0.000226,0.000069,-1.577525,MOVE_JOINT
0.011000,0.498063,-0.101278,-0.014487,-0.000397,-0.000511,0.000682,-1.577159,MOVE_JOINT
0.012000,0.498063,-0.101278,-0.014489,-0.000634,0.000350,-0.000535,-1.576673,MOVE_JOINT
0.013000,0.498063,-0.101284,-0.014486,-0.000407,-0.001645,0.000726,-1.575892,MOVE_JOINT
0.014000,0.498063,-0.101285,-0.014485,-0.000676,-0.001125,0.000313,-1.574659,MOVE_JOINT
0.015000,0.498064,-0.101284,-0.014485,0.000172,-0.000224,0.000138,-1.572872,MOVE_JOINT
0.016000,0.498064,-0.101288,-0.014483,0.000244,-0.001160,0.000667,-1.570506,MOVE_JOINT
0.017000,0.498063,-0.101292,-0.014483,-0.000622,-0.002127,0.000453,-1.567608,MOVE_JOINT
0.018000,0.498062,-0.101292,-0.014482,-0.000373,-0.001263,0.000597,-1.564286,MOVE_JOINT
0.019000,0.498064,-0.101295,-0.014479,0.000531,-0.001948,0.001479,-1.560676,MOVE_JOINT
0.020000,0.498065,-0.101295,-0.014480,0.000974,-0.001161,0.000954,-1.556912,MOVE_JOINT
0.021000,0.498068,-0.101297,-0.014476,0.001808,-0.001009,0.001986,-1.553112,MOVE_JOINT
0.022000,0.498067,-0.101300,-0.014476,0.001328,-0.001422,0.001564,-1.549370,MOVE_JOINT
0.023000,0.498069,-0.101300,-0.014475,0.001597,-0.001464,0.001634,-1.545761,MOVE_JOINT
0.024000,0.498071,-0.101301,-0.014472,0.001744,-0.001174,0.002233,-1.542362,MOVE_JOINT
0.025000,0.498074,-0.101305,-0.014470,0.002682,-0.001809,0.002125,-1.539256,MOVE_JOINT
0.026000,0.498075,-0.101307,-0.014467,0.002214,-0.001705,0.002412,-1.536521,MOVE_JOINT
0.027000,0.498075,-0.101307,-0.014469,0.001770,-0.001350,0.001468,-1.534235,MOVE_JOINT
0.028000,0.498075,-0.101314,-0.014466,0.001217,-0.002502,0.001570,-1.532492,MOVE_JOINT
0.029000,0.498078,-0.101314,-0.014464,0.001187,-0.001633,0.001329,-1.531428,MOVE_JOINT
0.030000,0.498086,-0.101316,-0.014458,0.003105,-0.001565,0.002845,-1.531211,MOVE_JOINT
0.031000,0.498089,-0.101320,-0.014455,0.002777,-0.002625,0.002740,-1.531987,MOVE_JOINT
0.032000,0.498089,-0.101319,-0.014453,0.001474,-0.002331,0.002429,-1.533830,MOVE_JOINT
0.033000,0.498092,-0.101325,-0.014449,0.002090,-0.003419,0.003044,-1.536748,MOVE_JOINT
0.034000,0.498094,-0.101326,-0.014448,0.001822,-0.002531,0.002862,-1.540697,MOVE_JOINT
0.035000,0.498096,-0.101325,-0.014448,0.001090,-0.002112,0.001733,-1.545601,MOVE_JOINT
0.036000,0.498104,-0.101330,-0.014441,0.003118,-0.002929,0.003325,-1.551389,MOVE_JOINT
0.037000,0.498106,-0.101331,-0.014439,0.002659,-0.002794,0.003232,-1.558003,MOVE_JOINT
0.038000,0.498111,-0.101336,-0.014435,0.002928,-0.003921,0.003339,-1.565373,MOVE_JOINT
0.039000,0.498114,-0.101333,-0.014433,0.002641,-0.001933,0.002765,-1.573414,MOVE_JOINT
0.040000,0.498119,-0.101337,-0.014428,0.003124,-0.002098,0.002848,-1.582046,MOVE_JOINT
0.041000,0.498125,-0.101340,-0.014424,0.004131,-0.001996,0.003601,-1.591203,MOVE_JOINT
0.042000,0.498127,-0.101342,-0.014423,0.003642,-0.002073,0.002868,-1.600807,MOVE_JOINT
0.043000,0.498132,-0.101346,-0.014418,0.003704,-0.003022,0.003612,-1.610753,MOVE_JOINT
0.044000,0.498134,-0.101349,-0.014415,0.003365,-0.002083,0.003034,-1.620922,MOVE_JOINT
0.045000,0.498137,-0.101347,-0.014413,0.003484,-0.001225,0.002789,-1.631195,MOVE_JOINT
0.046000,0.498137,-0.101351,-0.014412,0.002948,-0.001647,0.002676,-1.641465,MOVE_JOINT
0.047000,0.498143,-0.101353,-0.014407,0.003736,-0.002517,0.003568,-1.651649,MOVE_JOINT
0.048000,0.498141,-0.101355,-0.014409,0.001897,-0.002330,0.002053,-1.661681,MOVE_JOINT
0.049000,0.498144,-0.101354,-0.014406,0.002160,-0.001071,0.002031,-1.671530,MOVE_JOINT
0.050000,0.498147,-0.101363,-0.014401,0.002044,-0.003637,0.002828,-1.681217,MOVE_JOINT
0.051000,0.498146,-0.101359,-0.014402,0.001599,-0.001027,0.001815,-1.690793,MOVE_JOINT
0.052000,0.498147,-0.101358,-0.014400,0.001440,-0.000757,0.001711,-1.700310,MOVE_JOINT
0.053000,0.498148,-0.101361,-0.014400,0.000983,-0.001104,0.000852,-1.709822,MOVE_JOINT
0.054000,0.498151,-0.101363,-0.014396,0.002266,-0.001402,0.001898,-1.719406,MOVE_JOINT
0.055000,0.498150,-0.101362,-0.014395,0.001362,-0.000816,0.001510,-1.729160,MOVE_JOINT
0.056000,0.498149,-0.101368,-0.014394,0.000591,-0.002918,0.001742,-1.739165,MOVE_JOINT
0.057000,0.498151,-0.101373,-0.014391,0.001241,-0.003775,0.001985,-1.749461,MOVE_JOINT
0.058000,0.498151,-0.101371,-0.014392,0.000763,-0.002174,0.001182,-1.760063,MOVE_JOINT
0.059000,0.498154,-0.101371,-0.014388,0.001105,-0.001641,0.001740,-1.770972,MOVE_JOINT
0.060000,0.498150,-0.101377,-0.014388,-0.000584,-0.002548,0.001016,-1.782187,MOVE_JOINT
0.061000,0.498154,-0.101379,-0.014384,0.000704,-0.001986,0.001793,-1.793683,MOVE_JOINT
0.062000,0.498155,-0.101377,-0.014384,0.000495,-0.001285,0.001494,-1.805402,MOVE_JOINT
0.063000,0.498157,-0.101378,-0.014382,0.001102,-0.001572,0.001853,-1.817248,MOVE_JOINT
0.064000,0.498154,-0.101381,-0.014382,0.000727,-0.001727,0.001744,-1.829095,MOVE_JOINT
0.065000,0.498159,-0.101384,-0.014378,0.001546,-0.002202,0.002639,-1.840798,MOVE_JOINT
0.066000,0.498160,-0.101383,-0.014377,0.001123,-0.001381,0.001907,-1.852191,MOVE_JOINT
0.067000,0.498160,-0.101387,-0.014374,0.000584,-0.002402,0.002213,-1.863100,MOVE_JOINT
0.068000,0.498162,-0.101386,-0.014373,0.001278,-0.002183,0.002539,-1.873374,MOVE_JOINT
0.069000,0.498165,-0.101386,-0.014371,0.001941,-0.001666,0.002264,-1.882897,MOVE_JOINT
0.070000,0.498163,-0.101392,-0.014370,0.001236,-0.002796,0.002123,-1.891590,MOVE_JOINT
0.071000,0.498165,-0.101391,-0.014369,0.001468,-0.001861,0.001904,-1.899436,MOVE_JOINT
0.072000,0.498167,-0.101392,-0.014365,0.002096,-0.001296,0.002761,-1.906483,MOVE_JOINT
0.073000,0.498164,-0.101394,-0.014368,-0.000164,-0.001679,0.000880,-1.912812,MOVE_JOINT
0.074000,0.498168,-0.101396,-0.014364,0.001174,-0.001032,0.001817,-1.918524,MOVE_JOINT
0.075000,0.498169,-0.101397,-0.014364,0.000684,-0.000648,0.001302,-1.923752,MOVE_JOINT
0.076000,0.498170,-0.101398,-0.014362,0.000646,-0.000745,0.001020,-1.928652,MOVE_JOINT
0.077000,0.498175,-0.101399,-0.014357,0.001900,-0.001354,0.002364,-1.933383,MOVE_JOINT
0.078000,0.498174,-0.101399,-0.014359,0.001233,-0.000678,0.001134,-1.938080,MOVE_JOINT
0.079000,0.498176,-0.101399,-0.014356,0.001403,-0.000499,0.001543,-1.942841,MOVE_JOINT
0.080000,0.498176,-0.101401,-0.014357,0.000362,-0.000182,0.000391,-1.947745,MOVE_JOINT
0.081000,0.498179,-0.101404,-0.014351,0.001624,-0.000534,0.001896,-1.952866,MOVE_JOINT
0.082000,0.498177,-0.101405,-0.014352,0.000552,-0.000650,0.001158,-1.958256,MOVE_JOINT
0.083000,0.498181,-0.101406,-0.014351,0.000862,-0.000461,0.000870,-1.963924,MOVE_JOINT
0.084000,0.498183,-0.101406,-0.014347,0.001622,-0.000160,0.001665,-1.969850,MOVE_JOINT
0.085000,0.498179,-0.101409,-0.014349,0.000212,-0.001157,0.000941,-1.976008,MOVE_JOINT
0.086000,0.498183,-0.101409,-0.014345,0.000199,-0.001008,0.001012,-1.982372,MOVE_JOINT
0.087000,0.498183,-0.101409,-0.014345,0.000593,-0.000533,0.000730,-1.988925,MOVE_JOINT
0.088000,0.498184,-0.101412,-0.014344,0.000634,-0.001436,0.000622,-1.995669,MOVE_JOINT
0.089000,0.498184,-0.101414,-0.014344,0.000671,-0.001434,0.000719,-2.002638,MOVE_JOINT
0.090000,0.498183,-0.101414,-0.014342,0.000616,-0.000927,0.000957,-2.009892,MOVE_JOINT
0.091000,0.498186,-0.101414,-0.014340,0.001209,-0.000995,0.001234,-2.017488,MOVE_JOINT
0.092000,0.498186,-0.101415,-0.014339,0.000422,-0.001114,0.001233,-2.025452,MOVE_JOINT
0.093000,0.498186,-0.101417,-0.014339,0.000224,-0.000970,0.000951,-2.033756,MOVE_JOINT
0.094000,0.498190,-0.101415,-0.014335,0.001133,-0.000460,0.001499,-2.042333,MOVE_JOINT
0.095000,0.498189,-0.101417,-0.014336,0.000299,-0.000851,0.000626,-2.051084,MOVE_JOINT
0.096000,0.498187,-0.101418,-0.014336,0.000183,-0.000313,0.000442,-2.059911,MOVE_JOINT
0.097000,0.498183,-0.101422,-0.014338,-0.001123,-0.001434,-0.000174,-2.068756,MOVE_JOINT
0.098000,0.498186,-0.101428,-0.014333,-0.000354,-0.002582,0.001056,-2.077628,MOVE_JOINT
0.099000,0.498188,-0.101423,-0.014332,0.000429,-0.000885,0.001088,-2.086569,MOVE_JOINT
0.100000,0.498184,-0.101425,-0.014334,0.000159,-0.001152,0.000545,-2.095597,MOVE_JOINT
0.101000,0.498188,-0.101425,-0.014332,0.000799,-0.000954,0.001134,-2.104684,MOVE_JOINT
0.102000,0.498188,-0.101425,-0.014332,0.000194,-0.000826,0.000579,-2.113779,MOVE_JOINT
0.103000,0.498188,-0.101428,-0.014329,0.000051,-0.001967,0.001410,-2.122822,MOVE_JOINT
0.104000,0.498188,-0.101427,-0.014329,0.000228,-0.001035,0.000990,-2.131744,MOVE_JOINT
0.105000,0.498191,-0.101427,-0.014328,0.000719,-0.000670,0.000978,-2.140471,MOVE_JOINT
0.106000,0.498188,-0.101427,-0.014329,-0.000074,-0.000197,0.000380,-2.148928,MOVE_JOINT
0.107000,0.498190,-0.101428,-0.014328,0.000134,-0.000310,0.000523,-2.157067,MOVE_JOINT
0.108000,0.498191,-0.101424,-0.014328,0.000517,0.001449,0.000297,-2.164876,MOVE_JOINT
0.109000,0.498193,-0.101427,-0.014325,0.000755,-0.000091,0.000884,-2.172360,MOVE_JOINT
0.110000,0.498194,-0.101425,-0.014325,0.000830,0.000627,0.000574,-2.179523,MOVE_JOINT
0.111000,0.498190,-0.101429,-0.014326,-0.000031,-0.000783,0.000108,-2.186358,MOVE_JOINT
0.112000,0.498191,-0.101427,-0.014326,-0.000374,-0.000584,-0.000088,-2.192888,MOVE_JOINT
0.113000,0.498192,-0.101429,-0.014324,0.000089,-0.000873,0.000562,-2.199180,MOVE_JOINT
0.114000,0.498194,-0.101429,-0.014322,0.000679,-0.000634,0.000897,-2.205322,MOVE_JOINT
0.115000,0.498192,-0.101426,-0.014325,-0.000053,-0.000014,-0.000180,-2.211381,MOVE_JOINT
0.116000,0.498194,-0.101426,-0.014325,0.000437,-0.000504,-0.000118,-2.217398,MOVE_JOINT
0.117000,0.498196,-0.101428,-0.014324,0.000698,-0.000736,0.000061,-2.223432,MOVE_JOINT
0.118000,0.498196,-0.101428,-0.014321,0.001048,-0.000423,0.000920,-2.229559,MOVE_JOINT
0.119000,0.498198,-0.101426,-0.014321,0.001123,0.000399,0.000842,-2.235823,MOVE_JOINT
0.120000,0.498199,-0.101426,-0.014321,0.001589,-0.000140,0.001114,-2.242188,MOVE_JOINT
0.121000,0.498198,-0.101426,-0.014321,0.000326,-0.000552,0.000558,-2.248549,MOVE_JOINT
0.122000,0.498198,-0.101425,-0.014322,0.000538,0.000040,0.000322,-2.254785,MOVE_JOINT
0.123000,0.498199,-0.101428,-0.014320,0.001226,-0.000527,0.000987,-2.260800,MOVE_JOINT
0.124000,0.498196,-0.101431,-0.014320,0.000440,-0.001534,0.001159,-2.266528,MOVE_JOINT
0.125000,0.498200,-0.101424,-0.014321,0.001123,0.000668,0.000752,-2.271905,MOVE_JOINT
0.126000,0.498201,-0.101425,-0.014320,0.001105,0.000249,0.000681,-2.276862,MOVE_JOINT
0.127000,0.498203,-0.101424,-0.014319,0.001414,0.000566,0.000776,-2.281335,MOVE_JOINT
0.128000,0.498202,-0.101425,-0.014319,0.000221,0.000079,0.000127,-2.285287,MOVE_JOINT
0.129000,0.498198,-0.101429,-0.014321,-0.000976,-0.000896,-0.000517,-2.288732,MOVE_JOINT
0.130000,0.498200,-0.101430,-0.014319,-0.000492,-0.001041,0.000170,-2.291767,MOVE_JOINT
0.131000,0.498198,-0.101434,-0.014319,-0.000760,-0.001987,0.000327,-2.294551,MOVE_JOINT
0.132000,0.498200,-0.101431,-0.014318,0.000479,-0.001049,0.000932,-2.297245,MOVE_JOINT
0.133000,0.498202,-0.101431,-0.014318,0.000683,-0.001334,0.000712,-2.299955,MOVE_JOINT
0.134000,0.498202,-0.101431,-0.014317,0.000720,-0.001510,0.001186,-2.302717,MOVE_JOINT
0.135000,0.498201,-0.101431,-0.014317,0.000324,-0.000932,0.000780,-2.305514,MOVE_JOINT
0.136000,0.498202,-0.101432,-0.014317,0.000469,-0.001224,0.000749,-2.308302,MOVE_JOINT
0.137000,0.498198,-0.101434,-0.014317,-0.000916,-0.001316,0.000288,-2.311045,MOVE_JOINT
0.138000,0.498198,-0.101436,-0.014319,-0.001393,-0.002371,-0.000011,-2.313734,MOVE_JOINT
0.139000,0.498200,-0.101436,-0.014317,-0.000233,-0.001737,0.000766,-2.316404,MOVE_JOINT
0.140000,0.498202,-0.101434,-0.014316,0.000309,-0.000640,0.000297,-2.319112,MOVE_JOINT
0.141000,0.498201,-0.101432,-0.014317,-0.000342,0.000462,-0.000129,-2.321906,MOVE_JOINT
0.142000,0.498200,-0.101434,-0.014317,-0.000250,-0.000403,-0.000110,-2.324811,MOVE_JOINT
0.143000,0.498200,-0.101435,-0.014317,0.000512,-0.001040,0.000700,-2.327848,MOVE_JOINT
0.144000,0.498201,-0.101437,-0.014314,0.000611,-0.001179,0.001173,-2.331026,MOVE_JOINT
0.145000,0.498200,-0.101438,-0.014315,0.000002,-0.001011,0.000520,-2.334300,MOVE_JOINT
0.146000,0.498202,-0.101435,-0.014315,0.000659,0.000211,0.000553,-2.337574,MOVE_JOINT
0.147000,0.498200,-0.101436,-0.014316,0.000002,-0.000087,0.000340,-2.340735,MOVE_JOINT
0.148000,0.498201,-0.101435,-0.014316,0.000510,0.000129,0.000427,-2.343685,MOVE_JOINT
0.149000,0.498201,-0.101438,-0.014315,0.001333,-0.000208,0.001276,-2.346348,MOVE_JOINT
0.150000,0.498198,-0.101439,-0.014316,-0.000307,0.000099,0.000019,-2.348652,MOVE_JOINT
0.151000,0.498197,-0.101438,-0.014318,-0.000180,0.000728,-0.000368,-2.350541,MOVE_JOINT
0.152000,0.498201,-0.101441,-0.014314,0.000773,-0.000038,0.000856,-2.352005,MOVE_JOINT
0.153000,0.498200,-0.101438,-0.014316,0.000248,0.000384,0.000031,-2.353082,MOVE_JOINT
0.154000,0.498200,-0.101438,-0.014315,-0.000387,-0.000101,0.000391,-2.353823,MOVE_JOINT
0.155000,0.498201,-0.101438,-0.014315,0.000188,0.000145,0.000401,-2.354274,MOVE_JOINT
0.156000,0.498200,-0.101440,-0.014315,-0.000376,-0.000522,0.000177,-2.354484,MOVE_JOINT
0.157000,0.498200,-0.101438,-0.014315,-0.000083,-0.000193,0.000317,-2.354517,MOVE_JOINT
0.158000,0.498199,-0.101439,-0.014315,-0.000688,-0.000839,0.000162,-2.354466,MOVE_JOINT
0.159000,0.498200,-0.101438,-0.014316,-0.000926,-0.001062,-0.000058,-2.354443,MOVE_JOINT
0.160000,0.498201,-0.101437,-0.014315,-0.000022,0.000068,0.000381,-2.354562,MOVE_JOINT
0.161000,0.498202,-0.101438,-0.014314,-0.000133,-0.000381,0.000300,-2.354920,MOVE_JOINT
0.162000,0.498200,-0.101438,-0.014316,-0.001062,-0.000139,-0.000594,-2.355577,MOVE_JOINT
0.163000,0.498200,-0.101437,-0.014316,-0.000473,0.000270,-0.000473,-2.356578,MOVE_JOINT
0.164000,0.498203,-0.101438,-0.014313,0.001168,0.000348,0.000856,-2.357970,MOVE_JOINT
0.165000,0.498200,-0.101439,-0.014315,-0.000435,0.000178,-0.000360,-2.359781,MOVE_JOINT
0.166000,0.498201,-0.101437,-0.014316,-0.000311,0.000278,-0.000408,-2.361999,MOVE_JOINT
0.167000,0.498201,-0.101439,-0.014315,-0.000240,-0.000569,0.000236,-2.364608,MOVE_JOINT
0.168000,0.498202,-0.101438,-0.014313,-0.000120,0.000128,0.000364,-2.367597,MOVE_JOINT
0.169000,0.498205,-0.101436,-0.014313,0.000796,0.000922,0.000759,-2.370912,MOVE_JOINT
0.170000,0.498206,-0.101437,-0.014313,0.001167,0.000122,0.000808,-2.374432,MOVE_JOINT
0.171000,0.498199,-0.101441,-0.014316,-0.001678,-0.001750,-0.000521,-2.377992,MOVE_JOINT
0.172000,0.498202,-0.101441,-0.014313,-0.000662,-0.001139,0.000255,-2.381461,MOVE_JOINT
0.173000,0.498204,-0.101444,-0.014311,-0.000774,-0.001974,0.000361,-2.384787,MOVE_JOINT
0.174000,0.498202,-0.101442,-0.014313,-0.000510,-0.001016,0.000288,-2.387970,MOVE_JOINT
0.175000,0.498203,-0.101444,-0.014312,-0.000233,-0.001762,0.000757,-2.391028,MOVE_JOINT
0.176000,0.498205,-0.101445,-0.014311,0.001254,-0.000960,0.001220,-2.393969,MOVE_JOINT
0.177000,0.498203,-0.101445,-0.014312,0.000367,-0.000998,0.000508,-2.396770,MOVE_JOINT
0.178000,0.498204,-0.101447,-0.014310,0.000466,-0.001498,0.000900,-2.399385,MOVE_JOINT
0.179000,0.498204,-0.101446,-0.014309,0.000747,-0.001050,0.001071,-2.401766,MOVE_JOINT
0.180000,0.498205,-0.101447,-0.014307,0.000522,-0.000978,0.001438,-2.403859,MOVE_JOINT
0.181000,0.498200,-0.101450,-0.014310,-0.001155,-0.001498,0.000017,-2.405588,MOVE_JOINT
0.182000,0.498205,-0.101449,-0.014308,0.000241,-0.000862,0.000729,-2.406886,MOVE_JOINT
0.183000,0.498205,-0.101449,-0.014309,-0.000224,-0.000924,0.000146,-2.407739,MOVE_JOINT
0.184000,0.498207,-0.101449,-0.014307,0.000461,-0.000911,0.000728,-2.408194,MOVE_JOINT
0.185000,0.498207,-0.101452,-0.014306,0.000250,-0.001637,0.000891,-2.408326,MOVE_JOINT
0.186000,0.498205,-0.101449,-0.014307,0.000345,0.000345,0.000406,-2.408199,MOVE_JOINT
0.187000,0.498204,-0.101450,-0.014308,-0.000380,-0.000485,0.000159,-2.407848,MOVE_JOINT
0.188000,0.498205,-0.101451,-0.014306,0.000123,-0.000713,0.000622,-2.407304,MOVE_JOINT
0.189000,0.498206,-0.101449,-0.014307,-0.000415,-0.000376,0.000108,-2.406604,MOVE_JOINT
0.190000,0.498208,-0.101451,-0.014304,-0.000011,-0.001095,0.000795,-2.405797,MOVE_JOINT
0.191000,0.498206,-0.101452,-0.014306,-0.001053,-0.000954,-0.000251,-2.404936,MOVE_JOINT
0.192000,0.498209,-0.101451,-0.014303,-0.000195,-0.000731,0.000676,-2.404073,MOVE_JOINT
0.193000,0.498206,-0.101452,-0.014304,-0.000771,-0.000791,0.000302,-2.403256,MOVE_JOINT
0.194000,0.498207,-0.101451,-0.014304,-0.000369,-0.000348,0.000134,-2.402517,MOVE_JOINT
0.195000,0.498209,-0.101451,-0.014304,-0.000175,-0.000323,-0.000056,-2.401877,MOVE_JOINT
0.196000,0.498205,-0.101452,-0.014306,-0.000932,0.000124,-0.000758,-2.401376,MOVE_JOINT
0.197000,0.498207,-0.101451,-0.014303,-0.000151,0.001000,0.000067,-2.401089,MOVE_JOINT
0.198000,0.498203,-0.101454,-0.014307,-0.001808,-0.000580,-0.001129,-2.401098,MOVE_JOINT
0.199000,0.498208,-0.101454,-0.014303,-0.000087,-0.000245,0.000369,-2.401472,MOVE_JOINT
0.200000,0.498205,-0.101454,-0.014304,-0.001220,-0.000436,-0.000086,-2.402259,MOVE_JOINT
0.201000,0.498208,-0.101453,-0.014303,0.000009,0.000393,0.000233,-2.403464,MOVE_JOINT
0.202000,0.498208,-0.101452,-0.014304,-0.000740,0.000439,-0.000538,-2.405034,MOVE_JOINT
0.203000,0.498205,-0.101452,-0.014306,-0.001161,-0.000026,-0.000776,-2.406909,MOVE_JOINT
0.204000,0.498207,-0.101453,-0.014303,-0.000455,-0.000491,0.000224,-2.409060,MOVE_JOINT
0.205000,0.498207,-0.101456,-0.014302,-0.000742,-0.001465,0.000182,-2.411498,MOVE_JOINT
0.206000,0.498209,-0.101457,-0.014301,-0.000009,-0.001108,0.000665,-2.414220,MOVE_JOINT
0.207000,0.498207,-0.101457,-0.014303,-0.000808,-0.000980,-0.000233,-2.417187,MOVE_JOINT
0.208000,0.498208,-0.101458,-0.014301,-0.000152,-0.001544,0.000426,-2.420331,MOVE_JOINT
0.209000,0.498209,-0.101462,-0.014299,0.000656,-0.001577,0.000918,-2.423571,MOVE_JOINT
0.210000,0.498207,-0.101461,-0.014301,-0.000061,-0.000986,0.000316,-2.426818,MOVE_JOINT
0.211000,0.498206,-0.101463,-0.014301,-0.000442,-0.001272,0.000254,-2.429973,MOVE_JOINT
0.212000,0.498207,-0.101463,-0.014301,-0.000624,-0.001193,-0.000096,-2.432957,MOVE_JOINT
0.213000,0.498208,-0.101463,-0.014300,-0.000383,-0.000601,-0.000239,-2.435733,MOVE_JOINT
0.214000,0.498209,-0.101466,-0.014299,0.000309,-0.001056,0.000442,-2.438307,MOVE_JOINT
0.215000,0.498208,-0.101464,-0.014298,0.000242,-0.000001,0.000527,-2.440695,MOVE_JOINT
0.216000,0.498209,-0.101471,-0.014296,0.000133,-0.002919,0.000927,-2.442889,MOVE_JOINT
0.217000,0.498210,-0.101472,-0.014295,0.000106,-0.002143,0.000697,-2.444848,MOVE_JOINT
0.218000,0.498208,-0.101474,-0.014296,-0.000609,-0.002027,0.000499,-2.446524,MOVE_JOINT
0.219000,0.498209,-0.101476,-0.014295,0.000081,-0.002100,0.000579,-2.447877,MOVE_JOINT
0.220000,0.498206,-0.101474,-0.014298,-0.000282,-0.000678,-0.000584,-2.448895,MOVE_JOINT
0.221000,0.498211,-0.101478,-0.014293,0.000547,-0.001581,0.000794,-2.449605,MOVE_JOINT
0.222000,0.498206,-0.101481,-0.014295,-0.000868,-0.001508,-0.000139,-2.450070,MOVE_JOINT
0.223000,0.498210,-0.101481,-0.014293,0.000428,-0.000565,0.000085,-2.450346,MOVE_JOINT
0.224000,0.498208,-0.101483,-0.014293,-0.000727,-0.001208,-0.000291,-2.450481,MOVE_JOINT
0.225000,0.498211,-0.101483,-0.014290,0.000552,-0.000903,0.000826,-2.450512,MOVE_JOINT
0.226000,0.498212,-0.101487,-0.014288,0.001249,-0.002084,0.001658,-2.450452,MOVE_JOINT
0.227000,0.498214,-0.101488,-0.014287,0.001884,-0.001383,0.001710,-2.450242,MOVE_JOINT
0.228000,0.498212,-0.101489,-0.014288,0.000994,-0.001026,0.001170,-2.449754,MOVE_JOINT
0.229000,0.498218,-0.101487,-0.014284,0.002803,0.000313,0.002283,-2.448824,MOVE_JOINT
0.230000,0.498217,-0.101488,-0.014284,0.002074,0.000157,0.001599,-2.447277,MOVE_JOINT
0.231000,0.498212,-0.101493,-0.014285,-0.000413,-0.001528,0.000837,-2.444945,MOVE_JOINT
0.232000,0.498213,-0.101495,-0.014285,-0.000296,-0.001055,0.000364,-2.441720,MOVE_JOINT
0.233000,0.498215,-0.101496,-0.014282,0.000130,-0.000810,0.000994,-2.437629,MOVE_JOINT
0.234000,0.498214,-0.101499,-0.014282,-0.000035,-0.000766,0.000770,-2.432815,MOVE_JOINT
0.235000,0.498214,-0.101504,-0.014280,-0.000129,-0.002027,0.000896,-2.427472,MOVE_JOINT
0.236000,0.498218,-0.101502,-0.014278,0.000187,-0.001437,0.001020,-2.421805,MOVE_JOINT
0.237000,0.498217,-0.101502,-0.014279,0.000472,-0.001128,0.000962,-2.416015,MOVE_JOINT
0.238000,0.498220,-0.101503,-0.014276,0.001931,-0.000621,0.001788,-2.410282,MOVE_JOINT
0.239000,0.498223,-0.101506,-0.014273,0.002665,-0.001139,0.002378,-2.404733,MOVE_JOINT
0.240000,0.498222,-0.101507,-0.014273,0.002185,-0.000864,0.001963,-2.399403,MOVE_JOINT
0.241000,0.498222,-0.101511,-0.014271,0.001432,-0.002371,0.002026,-2.394248,MOVE_JOINT
0.242000,0.498218,-0.101511,-0.014273,0.000163,-0.001666,0.000953,-2.389205,MOVE_JOINT
0.243000,0.498221,-0.101510,-0.014271,0.000295,-0.000995,0.001147,-2.384250,MOVE_JOINT
0.244000,0.498221,-0.101516,-0.014271,0.000147,-0.002057,0.001027,-2.379424,MOVE_JOINT
0.245000,0.498224,-0.101514,-0.014269,0.000507,-0.001028,0.000850,-2.374824,MOVE_JOINT
0.246000,0.498224,-0.101516,-0.014265,0.000648,-0.001126,0.001496,-2.370568,MOVE_JOINT
0.247000,0.498222,-0.101521,-0.014264,-0.000160,-0.002425,0.001419,-2.366759,MOVE_JOINT
0.248000,0.498222,-0.101521,-0.014264,-0.000691,-0.001462,0.001273,-2.363460,MOVE_JOINT
0.249000,0.498229,-0.101522,-0.014259,0.001237,-0.001904,0.002522,-2.360687,MOVE_JOINT
0.250000,0.498224,-0.101526,-0.014262,-0.000404,-0.002282,0.000856,-2.358409,MOVE_JOINT
0.251000,0.498223,-0.101529,-0.014260,-0.000671,-0.002484,0.000931,-2.356581,MOVE_JOINT
0.252000,0.498224,-0.101531,-0.014258,-0.000639,-0.003083,0.001437,-2.355201,MOVE_JOINT
0.253000,0.498229,-0.101534,-0.014253,0.000684,-0.002728,0.002235,-2.354310,MOVE_JOINT
0.254000,0.498229,-0.101534,-0.014253,0.000484,-0.001793,0.001256,-2.353937,MOVE_JOINT
0.255000,0.498228,-0.101538,-0.014253,-0.000076,-0.002304,0.001137,-2.354078,MOVE_JOINT
0.256000,0.498230,-0.101540,-0.014250,0.000408,-0.001735,0.001520,-2.354721,MOVE_JOINT
0.257000,0.498230,-0.101543,-0.014248,0.000120,-0.002412,0.001336,-2.355851,MOVE_JOINT
0.258000,0.498232,-0.101544,-0.014245,0.001212,-0.001705,0.001976,-2.357439,MOVE_JOINT
0.259000,0.498233,-0.101546,-0.014243,0.001500,-0.001953,0.002156,-2.359437,MOVE_JOINT
0.260000,0.498231,-0.101553,-0.014241,0.000807,-0.003248,0.002298,-2.361774,MOVE_JOINT
0.261000,0.498231,-0.101556,-0.014241,0.001028,-0.003340,0.001850,-2.364357,MOVE_JOINT
0.262000,0.498232,-0.101558,-0.014240,0.000837,-0.002846,0.001412,-2.367116,MOVE_JOINT
0.263000,0.498233,-0.101559,-0.014237,0.001420,-0.002320,0.001976,-2.370032,MOVE_JOINT
0.264000,0.498235,-0.101556,-0.014236,0.001928,-0.000534,0.001822,-2.373133,MOVE_JOINT
0.265000,0.498235,-0.101564,-0.014233,0.001061,-0.003007,0.001889,-2.376452,MOVE_JOINT
0.266000,0.498234,-0.101566,-0.014232,0.000642,-0.002630,0.001959,-2.380012,MOVE_JOINT
0.267000,0.498238,-0.101565,-0.014230,0.001719,-0.001095,0.001949,-2.383832,MOVE_JOINT
0.268000,0.498239,-0.101570,-0.014226,0.001278,-0.002620,0.002758,-2.387926,MOVE_JOINT
0.269000,0.498242,-0.101568,-0.014225,0.002779,-0.001561,0.003297,-2.392273,MOVE_JOINT
0.270000,0.498236,-0.101573,-0.014226,0.000552,-0.002381,0.001650,-2.396795,MOVE_JOINT
0.271000,0.498242,-0.101578,-0.014221,0.002384,-0.002866,0.003312,-2.401401,MOVE_JOINT
0.272000,0.498243,-0.101576,-0.014219,0.002205,-0.001506,0.002894,-2.406022,MOVE_JOINT
0.273000,0.498243,-0.101577,-0.014217,0.001460,-0.001948,0.002740,-2.410594,MOVE_JOINT
0.274000,0.498248,-0.101580,-0.014214,0.002350,-0.002349,0.003076,-2.415032,MOVE_JOINT
0.275000,0.498246,-0.101581,-0.014215,0.000868,-0.001720,0.001571,-2.419261,MOVE_JOINT
0.276000,0.498247,-0.101583,-0.014214,0.000757,-0.001707,0.001541,-2.423262,MOVE_JOINT
0.277000,0.498246,-0.101587,-0.014213,0.000691,-0.002539,0.001470,-2.427111,MOVE_JOINT
0.278000,0.498251,-0.101586,-0.014209,0.001757,-0.001124,0.002115,-2.430961,MOVE_JOINT
0.279000,0.498250,-0.101590,-0.014209,0.000947,-0.002258,0.001280,-2.434982,MOVE_JOINT
0.280000,0.498253,-0.101590,-0.014206,0.001919,-0.001946,0.002057,-2.439319,MOVE_JOINT
0.281000,0.498251,-0.101591,-0.014206,0.000677,-0.001912,0.001196,-2.444084,MOVE_JOINT
0.282000,0.498251,-0.101594,-0.014205,0.000575,-0.001952,0.001208,-2.449362,MOVE_JOINT
0.283000,0.498255,-0.101596,-0.014201,0.001552,-0.001949,0.001638,-2.455205,MOVE_JOINT
0.284000,0.498259,-0.101598,-0.014197,0.002232,-0.001881,0.002292,-2.461632,MOVE_JOINT
0.285000,0.498257,-0.101602,-0.014197,0.001315,-0.002845,0.001906,-2.468591,MOVE_JOINT
0.286000,0.498257,-0.101604,-0.014196,-0.000040,-0.003348,0.001742,-2.475967,MOVE_JOINT
0.287000,0.498258,-0.101605,-0.014194,-0.000311,-0.002745,0.001728,-2.483612,MOVE_JOINT
0.288000,0.498262,-0.101607,-0.014191,0.001204,-0.002244,0.002340,-2.491367,MOVE_JOINT
0.289000,0.498257,-0.101609,-0.014193,-0.001359,-0.002588,0.000772,-2.499057,MOVE_JOINT
0.290000,0.498259,-0.101611,-0.014191,-0.000311,-0.002147,0.001320,-2.506518,MOVE_JOINT
0.291000,0.498263,-0.101613,-0.014187,0.001252,-0.001781,0.002158,-2.513631,MOVE_JOINT
0.292000,0.498263,-0.101616,-0.014185,0.001393,-0.001950,0.002510,-2.520301,MOVE_JOINT
0.293000,0.498258,-0.101621,-0.014185,0.000140,-0.003080,0.002050,-2.526412,MOVE_JOINT
0.294000,0.498261,-0.101624,-0.014183,0.001409,-0.002801,0.002204,-2.531837,MOVE_JOINT
0.295000,0.498262,-0.101625,-0.014181,0.001158,-0.002208,0.001990,-2.536479,MOVE_JOINT
0.296000,0.498262,-0.101627,-0.014179,0.000009,-0.002787,0.001726,-2.540299,MOVE_JOINT
0.297000,0.498262,-0.101632,-0.014178,-0.000330,-0.003007,0.001391,-2.543325,MOVE_JOINT
0.298000,0.498265,-0.101633,-0.014175,0.000059,-0.002874,0.001718,-2.545644,MOVE_JOINT
0.299000,0.498265,-0.101639,-0.014173,0.000000,-0.003687,0.001952,-2.547382,MOVE_JOINT
0.300000,0.498268,-0.101639,-0.014168,0.001122,-0.003111,0.002727,-2.548670,MOVE_JOINT
0.301000,0.498268,-0.101644,-0.014167,0.000655,-0.003105,0.002404,-2.549601,MOVE_JOINT
0.302000,0.498267,-0.101642,-0.014167,0.000287,-0.001844,0.001471,-2.550216,MOVE_JOINT
0.303000,0.498269,-0.101648,-0.014164,0.000904,-0.002945,0.002029,-2.550538,MOVE_JOINT
0.304000,0.498269,-0.101653,-0.014161,0.000677,-0.003141,0.002490,-2.550605,MOVE_JOINT
0.305000,0.498272,-0.101657,-0.014157,0.001677,-0.003624,0.003056,-2.550453,MOVE_JOINT
0.306000,0.498270,-0.101660,-0.014157,0.000140,-0.003337,0.002318,-2.550083,MOVE_JOINT
0.307000,0.498275,-0.101662,-0.014153,0.001588,-0.002544,0.002512,-2.549477,MOVE_JOINT
0.308000,0.498273,-0.101668,-0.014151,0.000603,-0.003603,0.002366,-2.548626,MOVE_JOINT
0.309000,0.498275,-0.101672,-0.014146,0.001186,-0.002967,0.002893,-2.547545,MOVE_JOINT
0.310000,0.498276,-0.101676,-0.014144,0.000642,-0.003634,0.002516,-2.546248,MOVE_JOINT
0.311000,0.498278,-0.101677,-0.014140,0.001609,-0.002589,0.002963,-2.544741,MOVE_JOINT
0.312000,0.498277,-0.101680,-0.014140,0.000494,-0.002829,0.002244,-2.543026,MOVE_JOINT
0.313000,0.498285,-0.101683,-0.014132,0.002335,-0.002572,0.003814,-2.541109,MOVE_JOINT
0.314000,0.498282,-0.101690,-0.014132,0.001199,-0.003666,0.002840,-2.538992,MOVE_JOINT
0.315000,0.498283,-0.101688,-0.014130,0.001152,-0.002062,0.002723,-2.536677,MOVE_JOINT
0.316000,0.498284,-0.101692,-0.014126,0.001047,-0.002777,0.002949,-2.534189,MOVE_JOINT
0.317000,0.498285,-0.101695,-0.014124,0.000334,-0.002368,0.002060,-2.531578,MOVE_JOINT
0.318000,0.498287,-0.101700,-0.014121,0.000805,-0.002279,0.002509,-2.528917,MOVE_JOINT
0.319000,0.498289,-0.101703,-0.014117,0.001123,-0.002292,0.002897,-2.526302,MOVE_JOINT
0.320000,0.498291,-0.101706,-0.014114,0.001258,-0.002251,0.002538,-2.523815,MOVE_JOINT
0.321000,0.498292,-0.101712,-0.014109,0.001474,-0.003272,0.003079,-2.521513,MOVE_JOINT
0.322000,0.498295,-0.101715,-0.014106,0.001123,-0.003185,0.002778,-2.519431,MOVE_JOINT
0.323000,0.498296,-0.101716,-0.014104,0.000644,-0.002810,0.002493,-2.517604,MOVE_JOINT
0.324000,0.498299,-0.101719,-0.014100,0.001458,-0.002557,0.002754,-2.516074,MOVE_JOINT
0.325000,0.498303,-0.101720,-0.014096,0.002111,-0.002210,0.003309,-2.514889,MOVE_JOINT
0.326000,0.498301,-0.101727,-0.014093,0.001025,-0.003425,0.002990,-2.514076,MOVE_JOINT
0.327000,0.498302,-0.101731,-0.014090,0.001427,-0.003570,0.003610,-2.513623,MOVE_JOINT
0.328000,0.498308,-0.101735,-0.014084,0.001574,-0.004234,0.003876,-2.513480,MOVE_JOINT
0.329000,0.498307,-0.101740,-0.014082,0.000358,-0.004938,0.003321,-2.513569,MOVE_JOINT
0.330000,0.498309,-0.101743,-0.014079,0.000329,-0.004479,0.003061,-2.513810,MOVE_JOINT
0.331000,0.498311,-0.101747,-0.014076,0.000519,-0.003994,0.003234,-2.514158,MOVE_JOINT
0.332000,0.498314,-0.101749,-0.014072,0.000747,-0.003305,0.002948,-2.514623,MOVE_JOINT
0.333000,0.498313,-0.101757,-0.014068,0.000074,-0.005220,0.002984,-2.515252,MOVE_JOINT
0.334000,0.498314,-0.101761,-0.014067,0.000737,-0.005108,0.002887,-2.516125,MOVE_JOINT
0.335000,0.498315,-0.101768,-0.014062,0.001035,-0.006165,0.003636,-2.517350,MOVE_JOINT
0.336000,0.498314,-0.101769,-0.014063,-0.000393,-0.005597,0.002316,-2.519046,MOVE_JOINT
0.337000,0.498318,-0.101774,-0.014058,0.000213,-0.005891,0.002937,-2.521340,MOVE_JOINT
0.338000,0.498317,-0.101779,-0.014055,-0.000667,-0.005700,0.002367,-2.524367,MOVE_JOINT
0.339000,0.498320,-0.101783,-0.014050,0.000426,-0.005547,0.003178,-2.528243,MOVE_JOINT
0.340000,0.498327,-0.101787,-0.014044,0.002533,-0.004880,0.004358,-2.533011,MOVE_JOINT
0.341000,0.498326,-0.101794,-0.014041,0.000998,-0.006009,0.003848,-2.538583,MOVE_JOINT
0.342000,0.498324,-0.101800,-0.014039,-0.000122,-0.006178,0.003310,-2.544751,MOVE_JOINT
0.343000,0.498328,-0.101802,-0.014035,0.000980,-0.005604,0.003655,-2.551262,MOVE_JOINT
0.344000,0.498327,-0.101807,-0.014033,0.000463,-0.005176,0.003070,-2.557897,MOVE_JOINT
0.345000,0.498331,-0.101815,-0.014025,0.001406,-0.006893,0.004688,-2.564480,MOVE_JOINT
0.346000,0.498332,-0.101816,-0.014026,0.000868,-0.004979,0.002910,-2.570861,MOVE_JOINT
0.347000,0.498332,-0.101822,-0.014022,0.000816,-0.005326,0.003442,-2.576912,MOVE_JOINT
0.348000,0.498336,-0.101829,-0.014016,0.001620,-0.006512,0.004469,-2.582541,MOVE_JOINT
0.349000,0.498340,-0.101830,-0.014011,0.001878,-0.005238,0.004372,-2.587673,MOVE_JOINT
0.350000,0.498343,-0.101838,-0.014006,0.002122,-0.005790,0.004722,-2.592209,MOVE_JOINT
0.351000,0.498342,-0.101842,-0.014006,0.000517,-0.005200,0.003376,-2.596031,MOVE_JOINT
0.352000,0.498343,-0.101847,-0.014001,0.000146,-0.005512,0.003481,-2.599058,MOVE_JOINT
0.353000,0.498345,-0.101854,-0.013997,0.001079,-0.005847,0.003527,-2.601283,MOVE_JOINT
0.354000,0.498348,-0.101856,-0.013993,0.001978,-0.004466,0.004061,-2.602760,MOVE_JOINT
0.355000,0.498350,-0.101861,-0.013988,0.001386,-0.004445,0.003795,-2.603561,MOVE_JOINT
0.356000,0.498351,-0.101869,-0.013985,0.000864,-0.005946,0.003564,-2.603740,MOVE_JOINT
0.357000,0.498354,-0.101870,-0.013982,0.000949,-0.004585,0.003030,-2.603362,MOVE_JOINT
0.358000,0.498359,-0.101876,-0.013974,0.001735,-0.004928,0.004095,-2.602531,MOVE_JOINT
0.359000,0.498358,-0.101883,-0.013973,0.000587,-0.005329,0.003321,-2.601378,MOVE_JOINT
0.360000,0.498362,-0.101887,-0.013968,0.001824,-0.004674,0.003749,-2.600028,MOVE_JOINT
0.361000,0.498365,-0.101890,-0.013965,0.001610,-0.004260,0.003475,-2.598585,MOVE_JOINT
0.362000,0.498366,-0.101896,-0.013959,0.001091,-0.004733,0.003609,-2.597130,MOVE_JOINT
0.363000,0.498368,-0.101900,-0.013956,0.000982,-0.004968,0.003438,-2.595714,MOVE_JOINT
0.364000,0.498368,-0.101907,-0.013955,0.000318,-0.005816,0.002791,-2.594371,MOVE_JOINT
0.365000,0.498369,-0.101910,-0.013952,-0.000080,-0.004787,0.002626,-2.593153,MOVE_JOINT
0.366000,0.498369,-0.101919,-0.013947,0.000289,-0.005939,0.003352,-2.592141,MOVE_JOINT
0.367000,0.498374,-0.101923,-0.013941,0.001202,-0.005179,0.003775,-2.591409,MOVE_JOINT
0.368000,0.498379,-0.101926,-0.013936,0.002754,-0.004416,0.004367,-2.590978,MOVE_JOINT
0.369000,0.498379,-0.101935,-0.013933,0.002048,-0.006290,0.004469,-2.590781,MOVE_JOINT
0.370000,0.498381,-0.101941,-0.013928,0.002830,-0.006103,0.005154,-2.590678,MOVE_JOINT
0.371000,0.498382,-0.101945,-0.013925,0.001930,-0.005502,0.004467,-2.590483,MOVE_JOINT
0.372000,0.498383,-0.101950,-0.013920,0.001806,-0.004732,0.004530,-2.590002,MOVE_JOINT
0.373000,0.498382,-0.101959,-0.013918,0.000602,-0.006613,0.003912,-2.589077,MOVE_JOINT
0.374000,0.498386,-0.101962,-0.013914,0.001454,-0.005771,0.003982,-2.587629,MOVE_JOINT
0.375000,0.498390,-0.101969,-0.013908,0.002219,-0.006114,0.004985,-2.585675,MOVE_JOINT
0.376000,0.498392,-0.101973,-0.013904,0.002068,-0.005321,0.004467,-2.583282,MOVE_JOINT
0.377000,0.498390,-0.101985,-0.013900,0.000635,-0.007206,0.003920,-2.580521,MOVE_JOINT
0.378000,0.498395,-0.101984,-0.013895,0.002239,-0.004912,0.004676,-2.577469,MOVE_JOINT
0.379000,0.498393,-0.101994,-0.013893,0.001349,-0.006881,0.004012,-2.574231,MOVE_JOINT
0.380000,0.498395,-0.102003,-0.013890,0.000641,-0.007929,0.003270,-2.570948,MOVE_JOINT
0.381000,0.498400,-0.102006,-0.013882,0.002217,-0.006312,0.004718,-2.567806,MOVE_JOINT
0.382000,0.498400,-0.102010,-0.013881,0.000745,-0.006082,0.003274,-2.565016,MOVE_JOINT
0.383000,0.498403,-0.102019,-0.013874,0.001315,-0.006555,0.004143,-2.562756,MOVE_JOINT
0.384000,0.498404,-0.102024,-0.013872,0.001360,-0.005695,0.003433,-2.561154,MOVE_JOINT
0.385000,0.498405,-0.102032,-0.013869,0.001697,-0.005842,0.003699,-2.560288,MOVE_JOINT
0.386000,0.498404,-0.102037,-0.013865,0.000800,-0.005437,0.003343,-2.560200,MOVE_JOINT
0.387000,0.498409,-0.102042,-0.013858,0.002476,-0.005198,0.004543,-2.560897,MOVE_JOINT
0.388000,0.498410,-0.102053,-0.013854,0.000988,-0.006508,0.004012,-2.562340,MOVE_JOINT
0.389000,0.498411,-0.102056,-0.013851,0.001858,-0.005780,0.004213,-2.564438,MOVE_JOINT
0.390000,0.498410,-0.102066,-0.013846,0.000210,-0.007309,0.004068,-2.567072,MOVE_JOINT
0.391000,0.498412,-0.102073,-0.013843,0.000920,-0.007339,0.003734,-2.570133,MOVE_JOINT
0.392000,0.498417,-0.102076,-0.013837,0.002055,-0.005634,0.004628,-2.573535,MOVE_JOINT
0.393000,0.498418,-0.102082,-0.013833,0.002346,-0.005869,0.004505,-2.577213,MOVE_JOINT
0.394000,0.498421,-0.102092,-0.013828,0.002392,-0.006508,0.004660,-2.581077,MOVE_JOINT
0.395000,0.498423,-0.102095,-0.013824,0.002591,-0.005353,0.004442,-2.585007,MOVE_JOINT
0.396000,0.498421,-0.102102,-0.013822,0.001834,-0.005696,0.004190,-2.588878,MOVE_JOINT
0.397000,0.498424,-0.102109,-0.013815,0.002292,-0.005843,0.004991,-2.592575,MOVE_JOINT
0.398000,0.498429,-0.102113,-0.013810,0.003112,-0.005182,0.005106,-2.595989,MOVE_JOINT
0.399000,0.498426,-0.102123,-0.013806,0.001673,-0.006601,0.004444,-2.599004,MOVE_JOINT
0.400000,0.498429,-0.102126,-0.013803,0.001894,-0.005692,0.004456,-2.601521,MOVE_JOINT
0.401000,0.498432,-0.102136,-0.013796,0.001716,-0.006745,0.004968,-2.603500,MOVE_JOINT
0.402000,0.498436,-0.102141,-0.013792,0.001875,-0.006342,0.004602,-2.604961,MOVE_JOINT
0.403000,0.498436,-0.102147,-0.013788,0.002020,-0.005690,0.004127,-2.605965,MOVE_JOINT
0.404000,0.498438,-0.102155,-0.013781,0.002049,-0.006764,0.005068,-2.606605,MOVE_JOINT
0.405000,0.498437,-0.102161,-0.013780,0.001129,-0.006831,0.003606,-2.607003,MOVE_JOINT
0.406000,0.498444,-0.102167,-0.013771,0.002627,-0.006473,0.005249,-2.607297,MOVE_JOINT
0.407000,0.498442,-0.102176,-0.013768,0.001544,-0.006892,0.004717,-2.607619,MOVE_JOINT
0.408000,0.498448,-0.102181,-0.013761,0.002600,-0.006831,0.005470,-2.608060,MOVE_JOINT
0.409000,0.498451,-0.102190,-0.013755,0.003152,-0.007504,0.005665,-2.608641,MOVE_JOINT
0.410000,0.498453,-0.102195,-0.013750,0.002950,-0.005943,0.005036,-2.609331,MOVE_JOINT
0.411000,0.498453,-0.102206,-0.013745,0.002466,-0.008226,0.005782,-2.610073,MOVE_JOINT
0.412000,0.498454,-0.102213,-0.013740,0.001728,-0.008341,0.005613,-2.610818,MOVE_JOINT
0.413000,0.498461,-0.102222,-0.013733,0.004442,-0.007985,0.006699,-2.611516,MOVE_JOINT
0.414000,0.498461,-0.102228,-0.013728,0.003465,-0.007297,0.006660,-2.612095,MOVE_JOINT
0.415000,0.498463,-0.102236,-0.013723,0.003094,-0.007886,0.006092,-2.612442,MOVE_JOINT
0.416000,0.498467,-0.102241,-0.013716,0.003835,-0.006851,0.006238,-2.612442,MOVE_JOINT
0.417000,0.498469,-0.102251,-0.013711,0.003531,-0.007872,0.006144,-2.612020,MOVE_JOINT
0.418000,0.498468,-0.102259,-0.013706,0.002446,-0.008199,0.005814,-2.611167,MOVE_JOINT
0.419000,0.498467,-0.102267,-0.013704,0.001171,-0.007972,0.004572,-2.609944,MOVE_JOINT
0.420000,0.498473,-0.102274,-0.013697,0.002326,-0.006900,0.005372,-2.608500,MOVE_JOINT
0.421000,0.498474,-0.102283,-0.013692,0.002000,-0.007100,0.005184,-2.607062,MOVE_JOINT
0.422000,0.498479,-0.102290,-0.013685,0.002758,-0.007764,0.005942,-2.605871,MOVE_JOINT
0.423000,0.498478,-0.102297,-0.013682,0.001358,-0.007238,0.005231,-2.605123,MOVE_JOINT
0.424000,0.498480,-0.102306,-0.013677,0.001983,-0.007264,0.004903,-2.604952,MOVE_JOINT
0.425000,0.498484,-0.102315,-0.013671,0.002742,-0.007478,0.005394,-2.605460,MOVE_JOINT
0.426000,0.498484,-0.102325,-0.013666,0.002261,-0.007682,0.005166,-2.606730,MOVE_JOINT
0.427000,0.498484,-0.102335,-0.013662,0.002090,-0.008422,0.004989,-2.608824,MOVE_JOINT
0.428000,0.498492,-0.102340,-0.013654,0.003386,-0.007444,0.006042,-2.611775,MOVE_JOINT
0.429000,0.498492,-0.102348,-0.013649,0.003470,-0.007627,0.006430,-2.615564,MOVE_JOINT
0.430000,0.498494,-0.102356,-0.013644,0.002676,-0.007183,0.005750,-2.620093,MOVE_JOINT
0.431000,0.498498,-0.102367,-0.013636,0.003228,-0.007973,0.006456,-2.625176,MOVE_JOINT
0.432000,0.498497,-0.102379,-0.013633,0.001693,-0.009460,0.005211,-2.630602,MOVE_JOINT
0.433000,0.498500,-0.102386,-0.013626,0.002501,-0.008090,0.005541,-2.636202,MOVE_JOINT
0.434000,0.498499,-0.102396,-0.013622,0.000949,-0.008573,0.004753,-2.641889,MOVE_JOINT
0.435000,0.498506,-0.102400,-0.013613,0.002830,-0.006735,0.005775,-2.647648,MOVE_JOINT
0.436000,0.498503,-0.102410,-0.013612,0.001435,-0.007847,0.005013,-2.653491,MOVE_JOINT
0.437000,0.498506,-0.102424,-0.013603,0.001513,-0.009862,0.006088,-2.659426,MOVE_JOINT
0.438000,0.498511,-0.102433,-0.013596,0.001942,-0.009814,0.005913,-2.665451,MOVE_JOINT
0.439000,0.498515,-0.102441,-0.013590,0.002249,-0.008691,0.005602,-2.671557,MOVE_JOINT
0.440000,0.498515,-0.102450,-0.013585,0.002148,-0.008967,0.005569,-2.677735,MOVE_JOINT
0.441000,0.498521,-0.102460,-0.013576,0.004323,-0.009443,0.006836,-2.683975,MOVE_JOINT
0.442000,0.498523,-0.102468,-0.013570,0.004037,-0.008410,0.006597,-2.690253,MOVE_JOINT
0.443000,0.498527,-0.102479,-0.013560,0.004270,-0.008721,0.007381,-2.696502,MOVE_JOINT
0.444000,0.498526,-0.102491,-0.013555,0.002857,-0.010045,0.006876,-2.702603,MOVE_JOINT
0.445000,0.498532,-0.102500,-0.013548,0.003274,-0.010153,0.006916,-2.708410,MOVE_JOINT
0.446000,0.498534,-0.102510,-0.013540,0.003104,-0.010242,0.007193,-2.713794,MOVE_JOINT
0.447000,0.498536,-0.102520,-0.013534,0.002779,-0.010443,0.006878,-2.718675,MOVE_JOINT
0.448000,0.498537,-0.102531,-0.013528,0.002374,-0.010650,0.006799,-2.723016,MOVE_JOINT
0.449000,0.498539,-0.102540,-0.013521,0.002382,-0.009838,0.006354,-2.726820,MOVE_JOINT
0.450000,0.498546,-0.102551,-0.013512,0.003511,-0.009590,0.006894,-2.730123,MOVE_JOINT
0.451000,0.498546,-0.102562,-0.013507,0.002534,-0.010180,0.006463,-2.732989,MOVE_JOINT
0.452000,0.498552,-0.102570,-0.013498,0.003982,-0.009155,0.007466,-2.735493,MOVE_JOINT
0.453000,0.498558,-0.102582,-0.013488,0.005011,-0.010527,0.008456,-2.737690,MOVE_JOINT
0.454000,0.498560,-0.102594,-0.013479,0.003849,-0.010601,0.008147,-2.739578,MOVE_JOINT
0.455000,0.498560,-0.102603,-0.013473,0.003287,-0.010057,0.007813,-2.741081,MOVE_JOINT
0.456000,0.498563,-0.102615,-0.013466,0.002441,-0.010649,0.007155,-2.742104,MOVE_JOINT
0.457000,0.498570,-0.102624,-0.013456,0.004078,-0.009605,0.007917,-2.742587,MOVE_JOINT
0.458000,0.498572,-0.102634,-0.013450,0.003593,-0.008965,0.007330,-2.742528,MOVE_JOINT
0.459000,0.498573,-0.102651,-0.013442,0.003736,-0.011783,0.007672,-2.741972,MOVE_JOINT
0.460000,0.498580,-0.102660,-0.013431,0.004606,-0.011019,0.008862,-2.741004,MOVE_JOINT
0.461000,0.498581,-0.102672,-0.013425,0.003740,-0.011447,0.008188,-2.739722,MOVE_JOINT
0.462000,0.498585,-0.102683,-0.013418,0.003883,-0.011038,0.007999,-2.738216,MOVE_JOINT
0.463000,0.498586,-0.102694,-0.013412,0.002933,-0.011600,0.007723,-2.736587,MOVE_JOINT
0.464000,0.498592,-0.102706,-0.013401,0.003593,-0.011437,0.008377,-2.734977,MOVE_JOINT
0.465000,0.498591,-0.102718,-0.013395,0.002280,-0.011513,0.007715,-2.733554,MOVE_JOINT
0.466000,0.498598,-0.102726,-0.013387,0.004041,-0.010675,0.008432,-2.732469,MOVE_JOINT
0.467000,0.498603,-0.102740,-0.013376,0.004531,-0.011576,0.009031,-2.731828,MOVE_JOINT
0.468000,0.498608,-0.102750,-0.013367,0.004741,-0.011228,0.009305,-2.731667,MOVE_JOINT
0.469000,0.498612,-0.102764,-0.013358,0.004923,-0.011670,0.009200,-2.731955,MOVE_JOINT
0.470000,0.498613,-0.102781,-0.013349,0.004203,-0.013185,0.009409,-2.732609,MOVE_JOINT
0.471000,0.498616,-0.102789,-0.013341,0.004417,-0.011598,0.009268,-2.733534,MOVE_JOINT
0.472000,0.498619,-0.102801,-0.013334,0.004223,-0.012065,0.009154,-2.734650,MOVE_JOINT
0.473000,0.498624,-0.102816,-0.013323,0.004684,-0.012972,0.009520,-2.735905,MOVE_JOINT
0.474000,0.498626,-0.102825,-0.013318,0.003668,-0.012381,0.008317,-2.737277,MOVE_JOINT
0.475000,0.498632,-0.102838,-0.013307,0.004368,-0.012630,0.008794,-2.738808,MOVE_JOINT
0.476000,0.498634,-0.102850,-0.013299,0.003978,-0.011933,0.008238,-2.740602,MOVE_JOINT
0.477000,0.498634,-0.102860,-0.013293,0.002653,-0.012071,0.007644,-2.742822,MOVE_JOINT
0.478000,0.498640,-0.102874,-0.013282,0.003091,-0.012937,0.008285,-2.745660,MOVE_JOINT
0.479000,0.498644,-0.102888,-0.013272,0.003542,-0.013222,0.008813,-2.749313,MOVE_JOINT
0.480000,0.498649,-0.102900,-0.013262,0.003572,-0.013094,0.008951,-2.753926,MOVE_JOINT
0.481000,0.498652,-0.102910,-0.013254,0.003318,-0.012465,0.008562,-2.759555,MOVE_JOINT
0.482000,0.498652,-0.102926,-0.013247,0.002594,-0.013361,0.008539,-2.766171,MOVE_JOINT
0.483000,0.498659,-0.102939,-0.013236,0.003769,-0.012973,0.009206,-2.773691,MOVE_JOINT
0.484000,0.498660,-0.102949,-0.013229,0.003218,-0.012593,0.008547,-2.782001,MOVE_JOINT
0.485000,0.498667,-0.102962,-0.013218,0.004142,-0.012330,0.008946,-2.790970,MOVE_JOINT
0.486000,0.498670,-0.102974,-0.013211,0.003851,-0.013037,0.008662,-2.800463,MOVE_JOINT
0.487000,0.498669,-0.102987,-0.013204,0.002071,-0.013342,0.008010,-2.810361,MOVE_JOINT
0.488000,0.498677,-0.102997,-0.013193,0.004322,-0.012736,0.009533,-2.820577,MOVE_JOINT
0.489000,0.498678,-0.103010,-0.013187,0.003522,-0.012446,0.008452,-2.831042,MOVE_JOINT
0.490000,0.498683,-0.103022,-0.013177,0.003723,-0.012097,0.008587,-2.841680,MOVE_JOINT
0.491000,0.498690,-0.103038,-0.013164,0.004707,-0.013189,0.009934,-2.852409,MOVE_JOINT
0.492000,0.498692,-0.103051,-0.013157,0.002869,-0.013214,0.008666,-2.863135,MOVE_JOINT
0.493000,0.498695,-0.103066,-0.013148,0.003436,-0.013388,0.008964,-2.873748,MOVE_JOINT
0.494000,0.498698,-0.103078,-0.013140,0.003732,-0.012695,0.009008,-2.884150,MOVE_JOINT
0.495000,0.498701,-0.103090,-0.013131,0.003860,-0.012311,0.008719,-2.894281,MOVE_JOINT
0.496000,0.498707,-0.103108,-0.013120,0.004708,-0.014308,0.009788,-2.904100,MOVE_JOINT
0.497000,0.498709,-0.103121,-0.013112,0.004183,-0.013763,0.009196,-2.913586,MOVE_JOINT
0.498000,0.498709,-0.103136,-0.013105,0.002466,-0.014843,0.008383,-2.922736,MOVE_JOINT
0.499000,0.498716,-0.103147,-0.013094,0.003991,-0.013268,0.009175,-2.931585,MOVE_JOINT
0.500000,0.498722,-0.103163,-0.013083,0.004708,-0.014294,0.009857,-2.940196,MOVE_JOINT
0.501000,0.498726,-0.103178,-0.013073,0.004635,-0.014905,0.010051,-2.948605,MOVE_JOINT
0.502000,0.498731,-0.103191,-0.013061,0.004348,-0.013906,0.010356,-2.956772,MOVE_JOINT
0.503000,0.498733,-0.103204,-0.013054,0.005202,-0.013312,0.009932,-2.964575,MOVE_JOINT
0.504000,0.498739,-0.103218,-0.013043,0.005707,-0.013547,0.010815,-2.971841,MOVE_JOINT
0.505000,0.498740,-0.103235,-0.013033,0.003959,-0.014716,0.010517,-2.978380,MOVE_JOINT
0.506000,0.498750,-0.103247,-0.013020,0.006193,-0.014031,0.011374,-2.984012,MOVE_JOINT
0.507000,0.498752,-0.103264,-0.013010,0.005135,-0.014148,0.010838,-2.988582,MOVE_JOINT
0.508000,0.498757,-0.103281,-0.012998,0.005260,-0.014973,0.011585,-2.991974,MOVE_JOINT
0.509000,0.498759,-0.103296,-0.012990,0.004668,-0.015182,0.010663,-2.994124,MOVE_JOINT
0.510000,0.498764,-0.103308,-0.012979,0.005146,-0.014076,0.010816,-2.995036,MOVE_JOINT
0.511000,0.498766,-0.103323,-0.012969,0.004057,-0.014466,0.010198,-2.994799,MOVE_JOINT
0.512000,0.498773,-0.103337,-0.012958,0.005062,-0.013985,0.010545,-2.993582,MOVE_JOINT
0.513000,0.498779,-0.103355,-0.012945,0.005294,-0.014769,0.010908,-2.991604,MOVE_JOINT
0.514000,0.498785,-0.103374,-0.012933,0.005334,-0.015879,0.011214,-2.989090,MOVE_JOINT
0.515000,0.498788,-0.103389,-0.012923,0.005106,-0.015302,0.011146,-2.986241,MOVE_JOINT
0.516000,0.498793,-0.103405,-0.012911,0.004994,-0.015330,0.011236,-2.983222,MOVE_JOINT
0.517000,0.498798,-0.103420,-0.012899,0.005081,-0.015429,0.011370,-2.980179,MOVE_JOINT
0.518000,0.498805,-0.103433,-0.012887,0.005646,-0.014741,0.011598,-2.977225,MOVE_JOINT
0.519000,0.498806,-0.103454,-0.012878,0.004300,-0.016845,0.011023,-2.974441,MOVE_JOINT
0.520000,0.498813,-0.103468,-0.012865,0.005096,-0.016397,0.011650,-2.971881,MOVE_JOINT
0.521000,0.498817,-0.103488,-0.012853,0.005027,-0.017335,0.011588,-2.969595,MOVE_JOINT
0.522000,0.498825,-0.103504,-0.012839,0.005791,-0.017344,0.012378,-2.967621,MOVE_JOINT
0.523000,0.498821,-0.103521,-0.012834,0.002941,-0.017301,0.010226,-2.965980,MOVE_JOINT
0.524000,0.498829,-0.103536,-0.012821,0.004150,-0.017070,0.011111,-2.964702,MOVE_JOINT
0.525000,0.498838,-0.103553,-0.012807,0.005145,-0.016526,0.011462,-2.963849,MOVE_JOINT
0.526000,0.498841,-0.103570,-0.012795,0.004555,-0.016160,0.011484,-2.963478,MOVE_JOINT
0.527000,0.498847,-0.103587,-0.012782,0.005504,-0.016345,0.012070,-2.963594,MOVE_JOINT
0.528000,0.498850,-0.103611,-0.012770,0.005021,-0.018944,0.012292,-2.964120,MOVE_JOINT
0.529000,0.498857,-0.103623,-0.012760,0.005617,-0.017360,0.011858,-2.964928,MOVE_JOINT
0.530000,0.498857,-0.103641,-0.012749,0.003948,-0.017532,0.011661,-2.965880,MOVE_JOINT
0.531000,0.498865,-0.103656,-0.012736,0.004995,-0.017198,0.011915,-2.966862,MOVE_JOINT
0.532000,0.498871,-0.103673,-0.012725,0.005590,-0.017724,0.012001,-2.967795,MOVE_JOINT
0.533000,0.498873,-0.103693,-0.012714,0.004994,-0.017956,0.011796,-2.968621,MOVE_JOINT
0.534000,0.498874,-0.103711,-0.012704,0.003751,-0.018305,0.011267,-2.969320,MOVE_JOINT
0.535000,0.498881,-0.103725,-0.012691,0.004841,-0.017041,0.012052,-2.969912,MOVE_JOINT
0.536000,0.498885,-0.103744,-0.012680,0.004676,-0.017501,0.011785,-2.970430,MOVE_JOINT
0.537000,0.498892,-0.103760,-0.012666,0.005371,-0.017164,0.012046,-2.970892,MOVE_JOINT
0.538000,0.498895,-0.103775,-0.012658,0.004736,-0.016448,0.011287,-2.971298,MOVE_JOINT
0.539000,0.498898,-0.103795,-0.012646,0.004194,-0.017210,0.011396,-2.971650,MOVE_JOINT
0.540000,0.498904,-0.103813,-0.012634,0.004649,-0.017544,0.011523,-2.971976,MOVE_JOINT
0.541000,0.498907,-0.103830,-0.012623,0.003795,-0.017718,0.010898,-2.972332,MOVE_JOINT
0.542000,0.498911,-0.103846,-0.012613,0.003588,-0.016672,0.010667,-2.972804,MOVE_JOINT
0.543000,0.498914,-0.103867,-0.012602,0.003701,-0.018078,0.010953,-2.973506,MOVE_JOINT
0.544000,0.498917,-0.103883,-0.012593,0.003637,-0.017291,0.010576,-2.974574,MOVE_JOINT
0.545000,0.498925,-0.103902,-0.012578,0.004910,-0.017633,0.011560,-2.976144,MOVE_JOINT
0.546000,0.498930,-0.103920,-0.012567,0.004458,-0.017760,0.011579,-2.978312,MOVE_JOINT
0.547000,0.498932,-0.103935,-0.012558,0.003385,-0.015983,0.010397,-2.981103,MOVE_JOINT
0.548000,0.498935,-0.103956,-0.012547,0.003801,-0.017114,0.010808,-2.984480,MOVE_JOINT
0.549000,0.498939,-0.103977,-0.012535,0.003951,-0.018037,0.011123,-2.988387,MOVE_JOINT
0.550000,0.498944,-0.103994,-0.012524,0.004212,-0.018434,0.011350,-2.992763,MOVE_JOINT
0.551000,0.498950,-0.104011,-0.012510,0.004558,-0.017390,0.011708,-2.997527,MOVE_JOINT
0.552000,0.498954,-0.104028,-0.012500,0.004743,-0.017380,0.011576,-3.002563,MOVE_JOINT
0.553000,0.498958,-0.104050,-0.012488,0.004700,-0.018521,0.011648,-3.007721,MOVE_JOINT
0.554000,0.498965,-0.104066,-0.012476,0.004787,-0.017318,0.011506,-3.012842,MOVE_JOINT
0.555000,0.498969,-0.104083,-0.012464,0.004334,-0.017218,0.011668,-3.017783,MOVE_JOINT
0.556000,0.498973,-0.104106,-0.012452,0.003821,-0.018747,0.011252,-3.022416,MOVE_JOINT
0.557000,0.498976,-0.104125,-0.012442,0.003264,-0.018367,0.010755,-3.026650,MOVE_JOINT
0.558000,0.498982,-0.104142,-0.012428,0.003466,-0.018813,0.011224,-3.030449,MOVE_JOINT
0.559000,0.498987,-0.104158,-0.012417,0.004112,-0.018089,0.011223,-3.033843,MOVE_JOINT
0.560000,0.498992,-0.104172,-0.012407,0.004432,-0.017050,0.011064,-3.036895,MOVE_JOINT
0.561000,0.498997,-0.104191,-0.012396,0.004911,-0.017770,0.011134,-3.039668,MOVE_JOINT
0.562000,0.499001,-0.104210,-0.012383,0.005130,-0.017589,0.011913,-3.042211,MOVE_JOINT
0.563000,0.499008,-0.104231,-0.012370,0.005840,-0.019039,0.012647,-3.044534,MOVE_JOINT
0.564000,0.499012,-0.104251,-0.012358,0.005887,-0.018846,0.012616,-3.046591,MOVE_JOINT
0.565000,0.499017,-0.104270,-0.012346,0.005816,-0.019002,0.012390,-3.048273,MOVE_JOINT
0.566000,0.499023,-0.104285,-0.012333,0.005626,-0.017790,0.012269,-3.049457,MOVE_JOINT
0.567000,0.499026,-0.104310,-0.012321,0.005041,-0.019418,0.011919,-3.050044,MOVE_JOINT
0.568000,0.499030,-0.104326,-0.012309,0.004778,-0.018573,0.011877,-3.049983,MOVE_JOINT
0.569000,0.499036,-0.104346,-0.012296,0.004985,-0.019452,0.012311,-3.049285,MOVE_JOINT
0.570000,0.499042,-0.104368,-0.012281,0.005069,-0.020154,0.012885,-3.048001,MOVE_JOINT
0.571000,0.499045,-0.104384,-0.012271,0.004546,-0.018790,0.012458,-3.046184,MOVE_JOINT
0.572000,0.499053,-0.104405,-0.012255,0.005035,-0.019972,0.012987,-3.043861,MOVE_JOINT
0.573000,0.499055,-0.104428,-0.012244,0.004611,-0.021168,0.013004,-3.041041,MOVE_JOINT
0.574000,0.499059,-0.104447,-0.012232,0.004914,-0.019982,0.012924,-3.037732,MOVE_JOINT
0.575000,0.499066,-0.104468,-0.012216,0.005652,-0.020571,0.013922,-3.033955,MOVE_JOINT
0.576000,0.499072,-0.104484,-0.012204,0.005833,-0.019091,0.013691,-3.029730,MOVE_JOINT
0.577000,0.499077,-0.104505,-0.012191,0.005532,-0.019603,0.013571,-3.025054,MOVE_JOINT
0.578000,0.499084,-0.104524,-0.012177,0.006060,-0.019407,0.013581,-3.019924,MOVE_JOINT
0.579000,0.499088,-0.104542,-0.012166,0.005475,-0.018917,0.013031,-3.014367,MOVE_JOINT
0.580000,0.499093,-0.104569,-0.012151,0.005432,-0.021902,0.013591,-3.008472,MOVE_JOINT
0.581000,0.499098,-0.104586,-0.012140,0.004963,-0.020603,0.012761,-3.002396,MOVE_JOINT
0.582000,0.499103,-0.104607,-0.012125,0.004731,-0.020352,0.013051,-2.996359,MOVE_JOINT
0.583000,0.499109,-0.104630,-0.012112,0.005569,-0.020253,0.013104,-2.990618,MOVE_JOINT
0.584000,0.499117,-0.104653,-0.012095,0.006845,-0.021036,0.014211,-2.985414,MOVE_JOINT
0.585000,0.499119,-0.104673,-0.012084,0.005339,-0.020724,0.013462,-2.980941,MOVE_JOINT
0.586000,0.499125,-0.104699,-0.012069,0.005646,-0.022557,0.013720,-2.977324,MOVE_JOINT
0.587000,0.499132,-0.104717,-0.012054,0.006325,-0.021408,0.014545,-2.974646,MOVE_JOINT
0.588000,0.499136,-0.104739,-0.012040,0.005740,-0.021512,0.013919,-2.972948,MOVE_JOINT
0.589000,0.499142,-0.104763,-0.012026,0.005890,-0.022004,0.014061,-2.972233,MOVE_JOINT
0.590000,0.499151,-0.104780,-0.012011,0.007037,-0.019864,0.014555,-2.972473,MOVE_JOINT
0.591000,0.499158,-0.104808,-0.011993,0.006962,-0.022183,0.015381,-2.973618,MOVE_JOINT
0.592000,0.499158,-0.104829,-0.011984,0.004777,-0.021549,0.013320,-2.975575,MOVE_JOINT
0.593000,0.499167,-0.104852,-0.011966,0.006360,-0.021968,0.014825,-2.978249,MOVE_JOINT
0.594000,0.499171,-0.104875,-0.011953,0.006094,-0.021469,0.014337,-2.981581,MOVE_JOINT
0.595000,0.499176,-0.104900,-0.011939,0.005574,-0.022176,0.013764,-2.985536,MOVE_JOINT
0.596000,0.499182,-0.104920,-0.011923,0.005899,-0.021343,0.014343,-2.990090,MOVE_JOINT
0.597000,0.499188,-0.104940,-0.011910,0.005203,-0.021218,0.013708,-2.995243,MOVE_JOINT
0.598000,0.499197,-0.104962,-0.011895,0.005367,-0.021729,0.014115,-3.001009,MOVE_JOINT
0.599000,0.499205,-0.104985,-0.011877,0.006316,-0.022248,0.015221,-3.007404,MOVE_JOINT
0.600000,0.499209,-0.105008,-0.011865,0.005729,-0.022864,0.014552,-3.014411,MOVE_JOINT
0.601000,0.499219,-0.105028,-0.011848,0.007292,-0.021887,0.015653,-3.021961,MOVE_JOINT
0.602000,0.499227,-0.105049,-0.011833,0.007825,-0.021857,0.015665,-3.029942,MOVE_JOINT
0.603000,0.499235,-0.105073,-0.011816,0.008844,-0.022401,0.016560,-3.038198,MOVE_JOINT
0.604000,0.499240,-0.105093,-0.011805,0.006844,-0.022279,0.014653,-3.046552,MOVE_JOINT
0.605000,0.499247,-0.105115,-0.011789,0.007529,-0.022310,0.015298,-3.054864,MOVE_JOINT
0.606000,0.499250,-0.105137,-0.011777,0.006358,-0.022286,0.014503,-3.063082,MOVE_JOINT
0.607000,0.499258,-0.105156,-0.011763,0.006607,-0.021218,0.014230,-3.071249,MOVE_JOINT
0.608000,0.499264,-0.105181,-0.011749,0.006282,-0.022004,0.013918,-3.079485,MOVE_JOINT
0.609000,0.499273,-0.105203,-0.011733,0.007164,-0.021923,0.014541,-3.087973,MOVE_JOINT
0.610000,0.499280,-0.105227,-0.011716,0.007220,-0.022760,0.015327,-3.096908,MOVE_JOINT
0.611000,0.499289,-0.105247,-0.011701,0.007817,-0.022749,0.015602,-3.106438,MOVE_JOINT
0.612000,0.499299,-0.105271,-0.011683,0.008655,-0.022859,0.016409,-3.116612,MOVE_JOINT
0.613000,0.499306,-0.105294,-0.011669,0.008620,-0.023552,0.016199,-3.127370,MOVE_JOINT
0.614000,0.499314,-0.105314,-0.011654,0.008586,-0.022311,0.015757,-3.138585,MOVE_JOINT
0.615000,0.499322,-0.105334,-0.011638,0.008450,-0.021855,0.016071,-3.150110,MOVE_JOINT
0.616000,0.499334,-0.105355,-0.011620,0.009101,-0.021226,0.016473,-3.161807,MOVE_JOINT
0.617000,0.499342,-0.105377,-0.011606,0.009317,-0.020918,0.016124,-3.173530,MOVE_JOINT
0.618000,0.499354,-0.105401,-0.011587,0.010507,-0.021719,0.017247,-3.185118,MOVE_JOINT
0.619000,0.499360,-0.105422,-0.011574,0.009825,-0.021477,0.016239,-3.196407,MOVE_JOINT
0.620000,0.499370,-0.105443,-0.011556,0.009919,-0.020993,0.016947,-3.207259,MOVE_JOINT
0.621000,0.499380,-0.105463,-0.011542,0.010190,-0.020851,0.016526,-3.217574,MOVE_JOINT
0.622000,0.499386,-0.105486,-0.011525,0.008731,-0.021449,0.016342,-3.227300,MOVE_JOINT
0.623000,0.499396,-0.105509,-0.011509,0.008885,-0.021786,0.016238,-3.236424,MOVE_JOINT
0.624000,0.499406,-0.105535,-0.011492,0.008535,-0.023074,0.016282,-3.244977,MOVE_JOINT
0.625000,0.499417,-0.105555,-0.011474,0.009424,-0.022185,0.016531,-3.253037,MOVE_JOINT
0.626000,0.499427,-0.105577,-0.011456,0.009506,-0.022297,0.016694,-3.260703,MOVE_JOINT
0.627000,0.499439,-0.105605,-0.011435,0.009169,-0.024135,0.017777,-3.268058,MOVE_JOINT
0.628000,0.499447,-0.105627,-0.011419,0.009020,-0.023955,0.017644,-3.275126,MOVE_JOINT
0.629000,0.499459,-0.105650,-0.011400,0.009947,-0.023824,0.018347,-3.281843,MOVE_JOINT
0.630000,0.499463,-0.105673,-0.011386,0.008253,-0.023720,0.016969,-3.288081,MOVE_JOINT
0.631000,0.499477,-0.105696,-0.011364,0.010670,-0.023056,0.018866,-3.293686,MOVE_JOINT
0.632000,0.499493,-0.105716,-0.011343,0.011823,-0.021564,0.019000,-3.298487,MOVE_JOINT
0.633000,0.499497,-0.105744,-0.011328,0.009505,-0.023569,0.017799,-3.302282,MOVE_JOINT
0.634000,0.499508,-0.105770,-0.011308,0.009908,-0.024363,0.018065,-3.304891,MOVE_JOINT
0.635000,0.499517,-0.105794,-0.011289,0.009723,-0.024246,0.018173,-3.306230,MOVE_JOINT
0.636000,0.499528,-0.105817,-0.011269,0.010378,-0.024001,0.018677,-3.306332,MOVE_JOINT
0.637000,0.499540,-0.105841,-0.011249,0.010732,-0.023756,0.019054,-3.305287,MOVE_JOINT
0.638000,0.499550,-0.105867,-0.011230,0.010530,-0.024761,0.019221,-3.303181,MOVE_JOINT
0.639000,0.499560,-0.105894,-0.011209,0.010772,-0.024994,0.019690,-3.300080,MOVE_JOINT
0.640000,0.499570,-0.105917,-0.011190,0.010335,-0.024559,0.019526,-3.296036,MOVE_JOINT
0.641000,0.499582,-0.105941,-0.011168,0.011293,-0.025210,0.020577,-3.291086,MOVE_JOINT
0.642000,0.499595,-0.105969,-0.011146,0.010945,-0.026374,0.020701,-3.285245,MOVE_JOINT
0.643000,0.499603,-0.105995,-0.011126,0.010281,-0.026418,0.020543,-3.278499,MOVE_JOINT
0.644000,0.499614,-0.106022,-0.011103,0.010562,-0.027098,0.021645,-3.270840,MOVE_JOINT
0.645000,0.499629,-0.106043,-0.011082,0.011675,-0.025199,0.021600,-3.262275,MOVE_JOINT
0.646000,0.499642,-0.106069,-0.011059,0.012155,-0.025981,0.022460,-3.252805,MOVE_JOINT
0.647000,0.499653,-0.106095,-0.011038,0.012091,-0.025780,0.022185,-3.242410,MOVE_JOINT
0.648000,0.499662,-0.106122,-0.011017,0.011715,-0.026322,0.021988,-3.231072,MOVE_JOINT
0.649000,0.499675,-0.106151,-0.010995,0.011988,-0.026894,0.022021,-3.218819,MOVE_JOINT
0.650000,0.499687,-0.106176,-0.010973,0.011296,-0.026824,0.021763,-3.205772,MOVE_JOINT
0.651000,0.499700,-0.106202,-0.010950,0.012096,-0.026707,0.022434,-3.192156,MOVE_JOINT
0.652000,0.499708,-0.106228,-0.010931,0.010292,-0.026894,0.021313,-3.178268,MOVE_JOINT
0.653000,0.499720,-0.106254,-0.010909,0.010819,-0.026367,0.021393,-3.164453,MOVE_JOINT
0.654000,0.499734,-0.106279,-0.010887,0.011748,-0.026173,0.021803,-3.151079,MOVE_JOINT
0.655000,0.499746,-0.106309,-0.010862,0.011974,-0.027301,0.022511,-3.138501,MOVE_JOINT
0.656000,0.499759,-0.106338,-0.010839,0.012147,-0.027555,0.022742,-3.127009,MOVE_JOINT
0.657000,0.499768,-0.106366,-0.010818,0.011092,-0.027870,0.022448,-3.116803,MOVE_JOINT
0.658000,0.499782,-0.106389,-0.010796,0.011600,-0.026995,0.022686,-3.108004,MOVE_JOINT
0.659000,0.499796,-0.106416,-0.010773,0.012239,-0.026580,0.022666,-3.100682,MOVE_JOINT
0.660000,0.499808,-0.106443,-0.010751,0.011922,-0.026590,0.022444,-3.094856,MOVE_JOINT
0.661000,0.499820,-0.106469,-0.010727,0.011882,-0.025624,0.022633,-3.090507,MOVE_JOINT
0.662000,0.499832,-0.106498,-0.010704,0.011827,-0.026553,0.022719,-3.087581,MOVE_JOINT
0.663000,0.499843,-0.106522,-0.010684,0.011118,-0.026116,0.021414,-3.086005,MOVE_JOINT
0.664000,0.499858,-0.106550,-0.010658,0.012466,-0.026296,0.022639,-3.085720,MOVE_JOINT
0.665000,0.499870,-0.106578,-0.010635,0.012719,-0.026977,0.022926,-3.086705,MOVE_JOINT
0.666000,0.499881,-0.106602,-0.010614,0.012548,-0.025871,0.022506,-3.088934,MOVE_JOINT
0.667000,0.499893,-0.106631,-0.010591,0.012116,-0.026761,0.022143,-3.092350,MOVE_JOINT
0.668000,0.499910,-0.106658,-0.010565,0.013243,-0.026500,0.023193,-3.096885,MOVE_JOINT
0.669000,0.499921,-0.106687,-0.010543,0.012063,-0.027188,0.022583,-3.102475,MOVE_JOINT
0.670000,0.499934,-0.106713,-0.010519,0.012073,-0.026480,0.022719,-3.109045,MOVE_JOINT
0.671000,0.499948,-0.106743,-0.010494,0.012275,-0.027740,0.023035,-3.116507,MOVE_JOINT
0.672000,0.499959,-0.106770,-0.010472,0.011520,-0.027758,0.022618,-3.124769,MOVE_JOINT
0.673000,0.499973,-0.106794,-0.010448,0.012100,-0.026634,0.022820,-3.133749,MOVE_JOINT
0.674000,0.499988,-0.106819,-0.010425,0.012555,-0.027186,0.023087,-3.143375,MOVE_JOINT
0.675000,0.499999,-0.106846,-0.010404,0.011905,-0.027174,0.022585,-3.153584,MOVE_JOINT
0.676000,0.500011,-0.106874,-0.010381,0.012755,-0.026431,0.022960,-3.164314,MOVE_JOINT
0.677000,0.500021,-0.106901,-0.010360,0.011411,-0.027045,0.022098,-3.175511,MOVE_JOINT
0.678000,0.500037,-0.106929,-0.010334,0.012545,-0.027334,0.023514,-3.187134,MOVE_JOINT
0.679000,0.500052,-0.106956,-0.010310,0.012800,-0.027681,0.023649,-3.199132,MOVE_JOINT
0.680000,0.500063,-0.106981,-0.010287,0.012053,-0.026928,0.023205,-3.211405,MOVE_JOINT
0.681000,0.500079,-0.107007,-0.010263,0.013791,-0.026690,0.023856,-3.223796,MOVE_JOINT
0.682000,0.500088,-0.107039,-0.010241,0.012631,-0.028590,0.023452,-3.236124,MOVE_JOINT
0.683000,0.500105,-0.107065,-0.010215,0.013145,-0.027867,0.024047,-3.248210,MOVE_JOINT
0.684000,0.500120,-0.107090,-0.010191,0.013519,-0.026410,0.023474,-3.259898,MOVE_JOINT
0.685000,0.500130,-0.107121,-0.010167,0.013325,-0.027020,0.023870,-3.271043,MOVE_JOINT
0.686000,0.500143,-0.107151,-0.010143,0.012985,-0.028647,0.023884,-3.281520,MOVE_JOINT
0.687000,0.500156,-0.107181,-0.010118,0.012818,-0.028963,0.024027,-3.291226,MOVE_JOINT
0.688000,0.500168,-0.107209,-0.010096,0.012086,-0.028360,0.022921,-3.300097,MOVE_JOINT
0.689000,0.500184,-0.107236,-0.010070,0.013349,-0.028322,0.023862,-3.308128,MOVE_JOINT
0.690000,0.500195,-0.107261,-0.010050,0.012332,-0.027327,0.022606,-3.315372,MOVE_JOINT
0.691000,0.500210,-0.107291,-0.010025,0.013054,-0.028551,0.023522,-3.321925,MOVE_JOINT
0.692000,0.500219,-0.107321,-0.010004,0.011906,-0.029149,0.022691,-3.327898,MOVE_JOINT
0.693000,0.500233,-0.107348,-0.009981,0.012605,-0.028508,0.022911,-3.333421,MOVE_JOINT
0.694000,0.500240,-0.107381,-0.009961,0.011149,-0.029742,0.022165,-3.338651,MOVE_JOINT
0.695000,0.500257,-0.107408,-0.009936,0.012724,-0.028857,0.022815,-3.343772,MOVE_JOINT
0.696000,0.500267,-0.107439,-0.009913,0.011813,-0.029571,0.022572,-3.348981,MOVE_JOINT
0.697000,0.500280,-0.107467,-0.009892,0.012669,-0.029388,0.022693,-3.354437,MOVE_JOINT
0.698000,0.500296,-0.107494,-0.009867,0.013498,-0.028849,0.023119,-3.360227,MOVE_JOINT
0.699000,0.500308,-0.107521,-0.009843,0.013549,-0.028161,0.023807,-3.366345,MOVE_JOINT
0.700000,0.500321,-0.107552,-0.009818,0.013164,-0.029328,0.024361,-3.372669,MOVE_JOINT
0.701000,0.500332,-0.107583,-0.009796,0.012649,-0.029813,0.023586,-3.378963,MOVE_JOINT
0.702000,0.500347,-0.107614,-0.009770,0.013527,-0.030167,0.024708,-3.384940,MOVE_JOINT
0.703000,0.500360,-0.107644,-0.009744,0.013666,-0.030295,0.024976,-3.390306,MOVE_JOINT
0.704000,0.500374,-0.107675,-0.009718,0.013467,-0.030119,0.024993,-3.394776,MOVE_JOINT
0.705000,0.500384,-0.107711,-0.009693,0.013040,-0.032231,0.025555,-3.398079,MOVE_JOINT
0.706000,0.500400,-0.107740,-0.009667,0.013693,-0.031116,0.025639,-3.399995,MOVE_JOINT
0.707000,0.500412,-0.107767,-0.009643,0.013778,-0.029672,0.025246,-3.400371,MOVE_JOINT
0.708000,0.500423,-0.107799,-0.009618,0.013678,-0.030491,0.025674,-3.399120,MOVE_JOINT
0.709000,0.500440,-0.107828,-0.009591,0.014177,-0.029922,0.026006,-3.396207,MOVE_JOINT
0.710000,0.500447,-0.107858,-0.009569,0.012563,-0.029844,0.024716,-3.391653,MOVE_JOINT
0.711000,0.500468,-0.107891,-0.009538,0.015460,-0.030058,0.026498,-3.385538,MOVE_JOINT
0.712000,0.500477,-0.107925,-0.009514,0.013442,-0.031124,0.025684,-3.378007,MOVE_JOINT
0.713000,0.500493,-0.107954,-0.009488,0.013586,-0.031128,0.025568,-3.369253,MOVE_JOINT
0.714000,0.500504,-0.107985,-0.009464,0.013332,-0.030825,0.025560,-3.359523,MOVE_JOINT
0.715000,0.500517,-0.108016,-0.009439,0.012667,-0.030607,0.025378,-3.349115,MOVE_JOINT
0.716000,0.500529,-0.108052,-0.009413,0.012936,-0.032421,0.025820,-3.338343,MOVE_JOINT
0.717000,0.500543,-0.108086,-0.009384,0.012588,-0.033670,0.026387,-3.327501,MOVE_JOINT
0.718000,0.500557,-0.108112,-0.009360,0.012617,-0.031524,0.025363,-3.316829,MOVE_JOINT
0.719000,0.500568,-0.108152,-0.009335,0.011768,-0.034021,0.025494,-3.306525,MOVE_JOINT
0.720000,0.500587,-0.108180,-0.009305,0.014045,-0.032041,0.026710,-3.296764,MOVE_JOINT
0.721000,0.500598,-0.108212,-0.009281,0.013705,-0.031617,0.026174,-3.287684,MOVE_JOINT
0.722000,0.500611,-0.108244,-0.009254,0.013207,-0.032071,0.026101,-3.279357,MOVE_JOINT
0.723000,0.500627,-0.108277,-0.009227,0.013824,-0.032308,0.026520,-3.271792,MOVE_JOINT
0.724000,0.500639,-0.108309,-0.009203,0.012879,-0.032192,0.025450,-3.264970,MOVE_JOINT
0.725000,0.500654,-0.108342,-0.009174,0.013093,-0.032523,0.025989,-3.258857,MOVE_JOINT
0.726000,0.500666,-0.108375,-0.009149,0.012455,-0.032231,0.025133,-3.253435,MOVE_JOINT
0.727000,0.500683,-0.108408,-0.009119,0.014113,-0.032134,0.026707,-3.248714,MOVE_JOINT
0.728000,0.500693,-0.108439,-0.009096,0.013132,-0.031841,0.025834,-3.244700,MOVE_JOINT
0.729000,0.500709,-0.108473,-0.009069,0.014330,-0.032462,0.026476,-3.241369,MOVE_JOINT
0.730000,0.500723,-0.108509,-0.009041,0.014292,-0.032763,0.026745,-3.238650,MOVE_JOINT
0.731000,0.500738,-0.108537,-0.009015,0.014113,-0.031159,0.026398,-3.236443,MOVE_JOINT
0.732000,0.500748,-0.108571,-0.008992,0.012616,-0.032206,0.025423,-3.234634,MOVE_JOINT
0.733000,0.500763,-0.108606,-0.008963,0.013523,-0.032692,0.026561,-3.233134,MOVE_JOINT
0.734000,0.500776,-0.108638,-0.008936,0.013520,-0.032451,0.026520,-3.231891,MOVE_JOINT
0.735000,0.500788,-0.108668,-0.008914,0.012812,-0.031451,0.025236,-3.230876,MOVE_JOINT
0.736000,0.500803,-0.108701,-0.008886,0.014647,-0.031282,0.026697,-3.230080,MOVE_JOINT
0.737000,0.500817,-0.108734,-0.008859,0.014966,-0.031170,0.026596,-3.229521,MOVE_JOINT
0.738000,0.500831,-0.108768,-0.008831,0.014416,-0.031793,0.026535,-3.229212,MOVE_JOINT
0.739000,0.500843,-0.108800,-0.008807,0.013744,-0.031757,0.025647,-3.229163,MOVE_JOINT
0.740000,0.500858,-0.108831,-0.008778,0.014446,-0.031772,0.026669,-3.229411,MOVE_JOINT
0.741000,0.500872,-0.108865,-0.008752,0.014141,-0.032695,0.026837,-3.230030,MOVE_JOINT
0.742000,0.500884,-0.108895,-0.008727,0.013112,-0.031915,0.025973,-3.231088,MOVE_JOINT
0.743000,0.500899,-0.108932,-0.008698,0.013547,-0.033723,0.026776,-3.232626,MOVE_JOINT
0.744000,0.500911,-0.108961,-0.008674,0.012399,-0.032909,0.025866,-3.234679,MOVE_JOINT
0.745000,0.500926,-0.108994,-0.008647,0.013396,-0.032839,0.026502,-3.237307,MOVE_JOINT
0.746000,0.500940,-0.109025,-0.008620,0.013523,-0.032322,0.026848,-3.240582,MOVE_JOINT
0.747000,0.500951,-0.109057,-0.008596,0.012515,-0.031800,0.025466,-3.244562,MOVE_JOINT
0.748000,0.500969,-0.109089,-0.008565,0.013717,-0.032191,0.027047,-3.249280,MOVE_JOINT
0.749000,0.500981,-0.109125,-0.008540,0.012942,-0.033009,0.026412,-3.254741,MOVE_JOINT
0.750000,0.500994,-0.109157,-0.008514,0.013430,-0.032598,0.026752,-3.260910,MOVE_JOINT
0.751000,0.501008,-0.109190,-0.008487,0.013462,-0.033074,0.026795,-3.267721,MOVE_JOINT
0.752000,0.501021,-0.109224,-0.008459,0.013241,-0.033591,0.026844,-3.275089,MOVE_JOINT
0.753000,0.501039,-0.109255,-0.008432,0.014385,-0.032842,0.026762,-3.282933,MOVE_JOINT
0.754000,0.501053,-0.109290,-0.008404,0.014335,-0.033289,0.027119,-3.291174,MOVE_JOINT
0.755000,0.501067,-0.109325,-0.008376,0.014438,-0.033545,0.027461,-3.299732,MOVE_JOINT
0.756000,0.501078,-0.109362,-0.008349,0.013946,-0.034341,0.027432,-3.308512,MOVE_JOINT
0.757000,0.501095,-0.109397,-0.008320,0.014950,-0.034328,0.027869,-3.317397,MOVE_JOINT
0.758000,0.501107,-0.109435,-0.008291,0.014555,-0.035470,0.028362,-3.326265,MOVE_JOINT
0.759000,0.501125,-0.109466,-0.008261,0.015457,-0.034495,0.028952,-3.334970,MOVE_JOINT
0.760000,0.501135,-0.109501,-0.008236,0.013994,-0.034916,0.027946,-3.343342,MOVE_JOINT
0.761000,0.501150,-0.109533,-0.008209,0.014102,-0.033446,0.027238,-3.351204,MOVE_JOINT
0.762000,0.501165,-0.109572,-0.008179,0.014450,-0.035109,0.028124,-3.358439,MOVE_JOINT
0.763000,0.501181,-0.109603,-0.008152,0.014858,-0.033718,0.027993,-3.365007,MOVE_JOINT
0.764000,0.501195,-0.109637,-0.008124,0.015142,-0.033298,0.028362,-3.370911,MOVE_JOINT
0.765000,0.501207,-0.109676,-0.008097,0.013760,-0.035647,0.027852,-3.376162,MOVE_JOINT
0.766000,0.501224,-0.109707,-0.008068,0.014615,-0.034045,0.028008,-3.380788,MOVE_JOINT
0.767000,0.501236,-0.109743,-0.008041,0.014237,-0.034887,0.028193,-3.384855,MOVE_JOINT
0.768000,0.501250,-0.109779,-0.008014,0.013675,-0.035485,0.027735,-3.388456,MOVE_JOINT
0.769000,0.501264,-0.109812,-0.007987,0.013911,-0.035268,0.027324,-3.391700,MOVE_JOINT
0.770000,0.501281,-0.109843,-0.007957,0.015534,-0.033597,0.028317,-3.394703,MOVE_JOINT
0.771000,0.501293,-0.109880,-0.007930,0.014652,-0.034530,0.028257,-3.397565,MOVE_JOINT
0.772000,0.501309,-0.109914,-0.007901,0.015458,-0.034501,0.028711,-3.400316,MOVE_JOINT
0.773000,0.501324,-0.109947,-0.007873,0.015258,-0.034261,0.028423,-3.402916,MOVE_JOINT
0.774000,0.501339,-0.109980,-0.007846,0.014973,-0.033900,0.027870,-3.405281,MOVE_JOINT
0.775000,0.501351,-0.110014,-0.007820,0.014299,-0.033174,0.027180,-3.407349,MOVE_JOINT
0.776000,0.501365,-0.110045,-0.007792,0.014787,-0.032749,0.027666,-3.409115,MOVE_JOINT
0.777000,0.501377,-0.110080,-0.007768,0.013121,-0.033299,0.026222,-3.410635,MOVE_JOINT
0.778000,0.501390,-0.110115,-0.007741,0.013651,-0.033953,0.026766,-3.412015,MOVE_JOINT
0.779000,0.501405,-0.110147,-0.007715,0.013673,-0.033743,0.026417,-3.413426,MOVE_JOINT
0.780000,0.501421,-0.110180,-0.007688,0.015066,-0.032826,0.026777,-3.415079,MOVE_JOINT
0.781000,0.501434,-0.110211,-0.007664,0.014413,-0.032969,0.026153,-3.417188,MOVE_JOINT
0.782000,0.501444,-0.110246,-0.007640,0.013429,-0.034244,0.025584,-3.419948,MOVE_JOINT
0.783000,0.501460,-0.110274,-0.007615,0.013964,-0.032450,0.025557,-3.423548,MOVE_JOINT
0.784000,0.501468,-0.110310,-0.007592,0.012942,-0.033402,0.025582,-3.428179,MOVE_JOINT
0.785000,0.501479,-0.110341,-0.007569,0.012589,-0.032603,0.025059,-3.433990,MOVE_JOINT
0.786000,0.501494,-0.110374,-0.007541,0.013176,-0.032753,0.025736,-3.441052,MOVE_JOINT
0.787000,0.501506,-0.110404,-0.007517,0.012398,-0.031506,0.024962,-3.449345,MOVE_JOINT
0.788000,0.501517,-0.110436,-0.007491,0.012178,-0.031160,0.025178,-3.458746,MOVE_JOINT
0.789000,0.501528,-0.110463,-0.007466,0.011676,-0.030041,0.024886,-3.469044,MOVE_JOINT
0.790000,0.501537,-0.110495,-0.007444,0.010799,-0.030555,0.024374,-3.479958,MOVE_JOINT
0.791000,0.501548,-0.110523,-0.007420,0.011274,-0.029690,0.024576,-3.491170,MOVE_JOINT
0.792000,0.501561,-0.110553,-0.007393,0.011618,-0.029573,0.024878,-3.502367,MOVE_JOINT
0.793000,0.501574,-0.110584,-0.007367,0.012240,-0.030075,0.025765,-3.513243,MOVE_JOINT
0.794000,0.501581,-0.110616,-0.007343,0.011149,-0.031266,0.025491,-3.523482,MOVE_JOINT
0.795000,0.501594,-0.110647,-0.007317,0.011761,-0.031435,0.025963,-3.532781,MOVE_JOINT
0.796000,0.501608,-0.110682,-0.007290,0.012502,-0.032368,0.026573,-3.540879,MOVE_JOINT
0.797000,0.501624,-0.110715,-0.007261,0.013502,-0.032398,0.027000,-3.547577,MOVE_JOINT
0.798000,0.501637,-0.110749,-0.007234,0.013734,-0.033494,0.027262,-3.552737,MOVE_JOINT
0.799000,0.501652,-0.110783,-0.007206,0.014200,-0.033460,0.027514,-3.556288,MOVE_JOINT
0.800000,0.501671,-0.110819,-0.007173,0.015882,-0.034319,0.029130,-3.558227,MOVE_JOINT
0.801000,0.501686,-0.110852,-0.007146,0.015997,-0.033903,0.029013,-3.558584,MOVE_JOINT
0.802000,0.501702,-0.110886,-0.007116,0.015976,-0.033801,0.029241,-3.557393,MOVE_JOINT
0.803000,0.501721,-0.110920,-0.007085,0.017472,-0.034080,0.030294,-3.554676,MOVE_JOINT
0.804000,0.501734,-0.110958,-0.007057,0.016347,-0.034601,0.029594,-3.550449,MOVE_JOINT
0.805000,0.501748,-0.110991,-0.007029,0.016261,-0.034095,0.029418,-3.544737,MOVE_JOINT
0.806000,0.501765,-0.111023,-0.007002,0.017009,-0.032915,0.028679,-3.537625,MOVE_JOINT
0.807000,0.501779,-0.111059,-0.006974,0.015973,-0.033062,0.028219,-3.529305,MOVE_JOINT
0.808000,0.501797,-0.111097,-0.006943,0.017082,-0.034442,0.029651,-3.520097,MOVE_JOINT
0.809000,0.501811,-0.111129,-0.006917,0.016283,-0.033488,0.028542,-3.510386,MOVE_JOINT
0.810000,0.501827,-0.111163,-0.006887,0.016243,-0.033491,0.028550,-3.500559,MOVE_JOINT
0.811000,0.501840,-0.111199,-0.006862,0.015357,-0.034306,0.027814,-3.490995,MOVE_JOINT
0.812000,0.501860,-0.111232,-0.006832,0.016501,-0.033010,0.028083,-3.482078,MOVE_JOINT
0.813000,0.501871,-0.111268,-0.006807,0.014941,-0.033941,0.027099,-3.474202,MOVE_JOINT
0.814000,0.501886,-0.111301,-0.006780,0.015100,-0.033229,0.026978,-3.467754,MOVE_JOINT
0.815000,0.501899,-0.111338,-0.006754,0.014129,-0.034074,0.026430,-3.463104,MOVE_JOINT
0.816000,0.501909,-0.111374,-0.006730,0.012785,-0.034605,0.025873,-3.460595,MOVE_JOINT
0.817000,0.501924,-0.111410,-0.006702,0.013684,-0.035079,0.026741,-3.460531,MOVE_JOINT
0.818000,0.501939,-0.111446,-0.006674,0.013966,-0.034484,0.026689,-3.463149,MOVE_JOINT
0.819000,0.501953,-0.111480,-0.006646,0.014670,-0.034434,0.027662,-3.468554,MOVE_JOINT
0.820000,0.501965,-0.111515,-0.006621,0.013571,-0.034772,0.026913,-3.476689,MOVE_JOINT
0.821000,0.501977,-0.111552,-0.006597,0.012618,-0.035389,0.026309,-3.487356,MOVE_JOINT
0.822000,0.501991,-0.111585,-0.006569,0.013217,-0.035396,0.026801,-3.500289,MOVE_JOINT
0.823000,0.502004,-0.111621,-0.006543,0.012614,-0.035697,0.026535,-3.515205,MOVE_JOINT
0.824000,0.502014,-0.111657,-0.006520,0.011802,-0.035908,0.025647,-3.531828,MOVE_JOINT
0.825000,0.502027,-0.111696,-0.006491,0.012884,-0.036266,0.026575,-3.549902,MOVE_JOINT
0.826000,0.502044,-0.111730,-0.006461,0.014036,-0.035665,0.027543,-3.569195,MOVE_JOINT
0.827000,0.502054,-0.111769,-0.006437,0.012050,-0.036780,0.026447,-3.589449,MOVE_JOINT
0.828000,0.502069,-0.111807,-0.006407,0.013297,-0.037021,0.027727,-3.610356,MOVE_JOINT
0.829000,0.502081,-0.111845,-0.006380,0.012785,-0.037605,0.027598,-3.631572,MOVE_JOINT
0.830000,0.502095,-0.111883,-0.006352,0.013072,-0.038084,0.027384,-3.652736,MOVE_JOINT
0.831000,0.502107,-0.111919,-0.006325,0.012996,-0.036901,0.027297,-3.673502,MOVE_JOINT
0.832000,0.502119,-0.111952,-0.006300,0.012469,-0.036382,0.026622,-3.693582,MOVE_JOINT
0.833000,0.502129,-0.111992,-0.006272,0.012055,-0.036996,0.026922,-3.712768,MOVE_JOINT
0.834000,0.502148,-0.112025,-0.006243,0.013581,-0.035809,0.027314,-3.730920,MOVE_JOINT
0.835000,0.502161,-0.112066,-0.006214,0.013546,-0.037357,0.028144,-3.747928,MOVE_JOINT
0.836000,0.502170,-0.112103,-0.006189,0.012157,-0.037670,0.027443,-3.763682,MOVE_JOINT
0.837000,0.502185,-0.112141,-0.006158,0.013335,-0.038030,0.028468,-3.778066,MOVE_JOINT
0.838000,0.502198,-0.112182,-0.006128,0.013601,-0.038809,0.029128,-3.790972,MOVE_JOINT
0.839000,0.502211,-0.112220,-0.006100,0.013189,-0.038643,0.028787,-3.802299,MOVE_JOINT
0.840000,0.502227,-0.112257,-0.006068,0.014348,-0.038355,0.029623,-3.811938,MOVE_JOINT
0.841000,0.502238,-0.112300,-0.006039,0.012964,-0.040088,0.029529,-3.819791,MOVE_JOINT
0.842000,0.502253,-0.112338,-0.006010,0.012895,-0.040262,0.029230,-3.825792,MOVE_JOINT
0.843000,0.502267,-0.112376,-0.005982,0.013589,-0.039320,0.028899,-3.829952,MOVE_JOINT
0.844000,0.502275,-0.112416,-0.005956,0.012466,-0.039232,0.028445,-3.832381,MOVE_JOINT
0.845000,0.502292,-0.112456,-0.005924,0.014741,-0.038955,0.029742,-3.833278,MOVE_JOINT
0.846000,0.502303,-0.112496,-0.005896,0.013754,-0.039068,0.029207,-3.832875,MOVE_JOINT
0.847000,0.502314,-0.112533,-0.005870,0.013128,-0.038280,0.028173,-3.831409,MOVE_JOINT
0.848000,0.502329,-0.112574,-0.005840,0.013023,-0.038943,0.028483,-3.829144,MOVE_JOINT
0.849000,0.502343,-0.112614,-0.005810,0.013231,-0.038846,0.028512,-3.826400,MOVE_JOINT
0.850000,0.502356,-0.112657,-0.005783,0.012974,-0.040201,0.028434,-3.823523,MOVE_JOINT
0.851000,0.502371,-0.112696,-0.005750,0.013170,-0.040476,0.029625,-3.820840,MOVE_JOINT
0.852000,0.502382,-0.112737,-0.005724,0.011958,-0.040621,0.028265,-3.818628,MOVE_JOINT
0.853000,0.502394,-0.112780,-0.005694,0.011813,-0.040779,0.028531,-3.817105,MOVE_JOINT
0.854000,0.502409,-0.112821,-0.005663,0.012067,-0.041532,0.028926,-3.816446,MOVE_JOINT
0.855000,0.502425,-0.112859,-0.005632,0.013557,-0.040693,0.029594,-3.816789,MOVE_JOINT
0.856000,0.502439,-0.112897,-0.005604,0.013846,-0.039482,0.029079,-3.818204,MOVE_JOINT
0.857000,0.502452,-0.112942,-0.005575,0.014017,-0.041299,0.029541,-3.820687,MOVE_JOINT
0.858000,0.502463,-0.112983,-0.005547,0.013312,-0.041338,0.029024,-3.824193,MOVE_JOINT
0.859000,0.502477,-0.113022,-0.005520,0.013469,-0.039675,0.028220,-3.828676,MOVE_JOINT
0.860000,0.502492,-0.113063,-0.005490,0.014151,-0.039890,0.028509,-3.834121,MOVE_JOINT
0.861000,0.502504,-0.113104,-0.005462,0.013697,-0.039915,0.028465,-3.840563,MOVE_JOINT
0.862000,0.502518,-0.113145,-0.005433,0.014033,-0.040367,0.028702,-3.848072,MOVE_JOINT
0.863000,0.502531,-0.113184,-0.005404,0.013608,-0.040227,0.028960,-3.856716,MOVE_JOINT
0.864000,0.502544,-0.113221,-0.005378,0.013328,-0.039390,0.027939,-3.866532,MOVE_JOINT
0.865000,0.502557,-0.113257,-0.005352,0.013862,-0.037502,0.027896,-3.877527,MOVE_JOINT
0.866000,0.502570,-0.113301,-0.005323,0.013429,-0.039618,0.028059,-3.889690,MOVE_JOINT
0.867000,0.502582,-0.113341,-0.005296,0.012966,-0.039370,0.027552,-3.903001,MOVE_JOINT
0.868000,0.502595,-0.113377,-0.005269,0.012808,-0.038965,0.028091,-3.917422,MOVE_JOINT
0.869000,0.502608,-0.113420,-0.005241,0.012991,-0.040162,0.027931,-3.932889,MOVE_JOINT
0.870000,0.502620,-0.113462,-0.005215,0.012125,-0.040462,0.027190,-3.949304,MOVE_JOINT
0.871000,0.502637,-0.113499,-0.005185,0.013210,-0.040095,0.027578,-3.966561,MOVE_JOINT
0.872000,0.502651,-0.113538,-0.005160,0.013015,-0.039949,0.026668,-3.984579,MOVE_JOINT
0.873000,0.502664,-0.113577,-0.005131,0.013226,-0.039768,0.027561,-4.003304,MOVE_JOINT
0.874000,0.502675,-0.113620,-0.005103,0.012509,-0.040814,0.027746,-4.022669,MOVE_JOINT
0.875000,0.502691,-0.113657,-0.005075,0.013451,-0.039761,0.027952,-4.042540,MOVE_JOINT
0.876000,0.502704,-0.113698,-0.005047,0.013453,-0.039543,0.027951,-4.062693,MOVE_JOINT
0.877000,0.502716,-0.113739,-0.005020,0.013225,-0.039691,0.027735,-4.082840,MOVE_JOINT
0.878000,0.502733,-0.113779,-0.004990,0.014237,-0.040159,0.028364,-4.102671,MOVE_JOINT
0.879000,0.502744,-0.113819,-0.004962,0.013427,-0.040105,0.028061,-4.121891,MOVE_JOINT
0.880000,0.502757,-0.113863,-0.004933,0.013198,-0.041860,0.028709,-4.140232,MOVE_JOINT
0.881000,0.502770,-0.113902,-0.004904,0.012686,-0.040973,0.028521,-4.157454,MOVE_JOINT
0.882000,0.502788,-0.113941,-0.004872,0.013804,-0.040476,0.029275,-4.173342,MOVE_JOINT
0.883000,0.502803,-0.113980,-0.004843,0.013822,-0.039903,0.028992,-4.187693,MOVE_JOINT
0.884000,0.502820,-0.114023,-0.004810,0.014917,-0.040587,0.030356,-4.200306,MOVE_JOINT
0.885000,0.502837,-0.114064,-0.004777,0.015287,-0.040798,0.031007,-4.210975,MOVE_JOINT
0.886000,0.502851,-0.114105,-0.004747,0.014731,-0.040835,0.030965,-4.219470,MOVE_JOINT
0.887000,0.502864,-0.114146,-0.004716,0.014771,-0.041351,0.031240,-4.225551,MOVE_JOINT
0.888000,0.502882,-0.114183,-0.004683,0.016103,-0.039514,0.031766,-4.229007,MOVE_JOINT
0.889000,0.502899,-0.114220,-0.004651,0.016300,-0.039150,0.031834,-4.229680,MOVE_JOINT
0.890000,0.502916,-0.114263,-0.004616,0.015793,-0.040537,0.032380,-4.227453,MOVE_JOINT
0.891000,0.502931,-0.114306,-0.004582,0.015852,-0.040851,0.032980,-4.222260,MOVE_JOINT
0.892000,0.502949,-0.114346,-0.004549,0.016465,-0.040493,0.033054,-4.214080,MOVE_JOINT
0.893000,0.502961,-0.114384,-0.004519,0.015384,-0.040080,0.032345,-4.202956,MOVE_JOINT
0.894000,0.502978,-0.114426,-0.004487,0.015897,-0.041058,0.032524,-4.189039,MOVE_JOINT
0.895000,0.502994,-0.114466,-0.004455,0.016069,-0.040882,0.032597,-4.172622,MOVE_JOINT
0.896000,0.503006,-0.114506,-0.004426,0.014849,-0.040855,0.031634,-4.154147,MOVE_JOINT
0.897000,0.503025,-0.114547,-0.004392,0.015593,-0.041400,0.032468,-4.134172,MOVE_JOINT
0.898000,0.503037,-0.114590,-0.004361,0.014833,-0.041900,0.031815,-4.113319,MOVE_JOINT
0.899000,0.503054,-0.114633,-0.004328,0.015076,-0.042538,0.032174,-4.092221,MOVE_JOINT
0.900000,0.503072,-0.114671,-0.004295,0.015960,-0.041503,0.032651,-4.071477,MOVE_JOINT
0.901000,0.503090,-0.114718,-0.004260,0.017136,-0.043179,0.033625,-4.051600,MOVE_JOINT
0.902000,0.503100,-0.114760,-0.004231,0.015053,-0.042834,0.032253,-4.032978,MOVE_JOINT
0.903000,0.503118,-0.114804,-0.004197,0.015857,-0.043686,0.032794,-4.015884,MOVE_JOINT
0.904000,0.503135,-0.114845,-0.004164,0.015992,-0.042824,0.032625,-4.000537,MOVE_JOINT
0.905000,0.503149,-0.114894,-0.004131,0.015221,-0.044823,0.032706,-3.987125,MOVE_JOINT
0.906000,0.503164,-0.114933,-0.004100,0.015252,-0.042912,0.032401,-3.975801,MOVE_JOINT
0.907000,0.503176,-0.114981,-0.004070,0.014073,-0.044226,0.031566,-3.966681,MOVE_JOINT
0.908000,0.503196,-0.115020,-0.004034,0.015629,-0.042547,0.032802,-3.959857,MOVE_JOINT
0.909000,0.503210,-0.115064,-0.004002,0.015032,-0.043306,0.032607,-3.955382,MOVE_JOINT
0.910000,0.503226,-0.115106,-0.003969,0.015460,-0.043217,0.032921,-3.953230,MOVE_JOINT
0.911000,0.503241,-0.115145,-0.003938,0.015173,-0.042066,0.032504,-3.953286,MOVE_JOINT
0.912000,0.503258,-0.115186,-0.003904,0.016028,-0.041878,0.033250,-3.955363,MOVE_JOINT
0.913000,0.503271,-0.115233,-0.003871,0.014749,-0.043397,0.033045,-3.959222,MOVE_JOINT
0.914000,0.503285,-0.115274,-0.003838,0.014288,-0.043175,0.032862,-3.964584,MOVE_JOINT
0.915000,0.503307,-0.115314,-0.003800,0.016121,-0.042137,0.034066,-3.971152,MOVE_JOINT
0.916000,0.503321,-0.115358,-0.003768,0.015592,-0.042689,0.033801,-3.978618,MOVE_JOINT
0.917000,0.503333,-0.115402,-0.003735,0.014900,-0.042738,0.033581,-3.986656,MOVE_JOINT
0.918000,0.503350,-0.115448,-0.003699,0.015343,-0.043251,0.034216,-3.994940,MOVE_JOINT
0.919000,0.503367,-0.115492,-0.003662,0.015888,-0.043164,0.034920,-4.003180,MOVE_JOINT
0.920000,0.503384,-0.115536,-0.003626,0.016184,-0.043806,0.035477,-4.011113,MOVE_JOINT
0.921000,0.503403,-0.115581,-0.003591,0.016752,-0.044303,0.035326,-4.018498,MOVE_JOINT
0.922000,0.503417,-0.115624,-0.003556,0.016846,-0.043547,0.035573,-4.025124,MOVE_JOINT
0.923000,0.503430,-0.115672,-0.003522,0.015403,-0.044924,0.034837,-4.030835,MOVE_JOINT
0.924000,0.503450,-0.115714,-0.003485,0.017012,-0.044016,0.035700,-4.035556,MOVE_JOINT
0.925000,0.503465,-0.115764,-0.003448,0.016713,-0.045630,0.036076,-4.039282,MOVE_JOINT
0.926000,0.503481,-0.115810,-0.003412,0.015734,-0.045408,0.035403,-4.042060,MOVE_JOINT
0.927000,0.503498,-0.115860,-0.003374,0.016193,-0.046487,0.036171,-4.043962,MOVE_JOINT
0.928000,0.503511,-0.115906,-0.003340,0.015375,-0.046327,0.035359,-4.045091,MOVE_JOINT
0.929000,0.503531,-0.115953,-0.003302,0.016635,-0.046469,0.036327,-4.045590,MOVE_JOINT
0.930000,0.503547,-0.115996,-0.003266,0.016029,-0.046101,0.036010,-4.045625,MOVE_JOINT
0.931000,0.503561,-0.116042,-0.003232,0.015188,-0.045567,0.034913,-4.045376,MOVE_JOINT
0.932000,0.503580,-0.116090,-0.003192,0.016581,-0.046763,0.036605,-4.045034,MOVE_JOINT
0.933000,0.503597,-0.116133,-0.003155,0.016351,-0.045818,0.036552,-4.044789,MOVE_JOINT
0.934000,0.503615,-0.116178,-0.003118,0.016940,-0.044767,0.036524,-4.044781,MOVE_JOINT
0.935000,0.503631,-0.116222,-0.003083,0.016554,-0.045179,0.036367,-4.045080,MOVE_JOINT
0.936000,0.503645,-0.116270,-0.003051,0.015872,-0.045967,0.035374,-4.045713,MOVE_JOINT
0.937000,0.503662,-0.116313,-0.003013,0.016942,-0.044076,0.036054,-4.046723,MOVE_JOINT
0.938000,0.503679,-0.116356,-0.002977,0.016219,-0.043678,0.035468,-4.048178,MOVE_JOINT
0.939000,0.503697,-0.116400,-0.002941,0.016698,-0.043758,0.035284,-4.050151,MOVE_JOINT
0.940000,0.503708,-0.116446,-0.002909,0.015926,-0.044458,0.034580,-4.052713,MOVE_JOINT
0.941000,0.503726,-0.116493,-0.002870,0.016717,-0.044808,0.035643,-4.055957,MOVE_JOINT
0.942000,0.503740,-0.116536,-0.002839,0.015777,-0.044076,0.034012,-4.060000,MOVE_JOINT
0.943000,0.503759,-0.116587,-0.002801,0.016679,-0.045968,0.035142,-4.064969,MOVE_JOINT
0.944000,0.503775,-0.116633,-0.002767,0.016296,-0.045545,0.034825,-4.070990,MOVE_JOINT
0.945000,0.503789,-0.116679,-0.002733,0.015675,-0.046233,0.034739,-4.078168,MOVE_JOINT
0.946000,0.503807,-0.116722,-0.002697,0.016669,-0.045116,0.034890,-4.086561,MOVE_JOINT
0.947000,0.503819,-0.116773,-0.002665,0.014878,-0.046441,0.034160,-4.096184,MOVE_JOINT
0.948000,0.503835,-0.116815,-0.002630,0.015815,-0.045114,0.034688,-4.107012,MOVE_JOINT
0.949000,0.503850,-0.116861,-0.002598,0.015351,-0.045007,0.033676,-4.118989,MOVE_JOINT
0.950000,0.503867,-0.116906,-0.002565,0.015916,-0.045215,0.033735,-4.132043,MOVE_JOINT
0.951000,0.503882,-0.116954,-0.002529,0.015537,-0.045678,0.033714,-4.146098,MOVE_JOINT
0.952000,0.503898,-0.116998,-0.002494,0.015822,-0.045327,0.034462,-4.161084,MOVE_JOINT
0.953000,0.503913,-0.117044,-0.002460,0.015306,-0.046087,0.034159,-4.176900,MOVE_JOINT
0.954000,0.503933,-0.117086,-0.002422,0.016603,-0.044343,0.035071,-4.193381,MOVE_JOINT
0.955000,0.503951,-0.117133,-0.002386,0.016981,-0.045190,0.035682,-4.210268,MOVE_JOINT
0.956000,0.503965,-0.117180,-0.002350,0.016621,-0.045890,0.035862,-4.227205,MOVE_JOINT
0.957000,0.503981,-0.117225,-0.002317,0.015850,-0.045565,0.034739,-4.243770,MOVE_JOINT
0.958000,0.503996,-0.117270,-0.002280,0.016261,-0.045466,0.035906,-4.259556,MOVE_JOINT
0.959000,0.504011,-0.117319,-0.002246,0.015651,-0.046876,0.035391,-4.274238,MOVE_JOINT
0.960000,0.504023,-0.117366,-0.002213,0.014546,-0.047001,0.035124,-4.287583,MOVE_JOINT
0.961000,0.504043,-0.117412,-0.002176,0.016422,-0.046873,0.036229,-4.299458,MOVE_JOINT
0.962000,0.504057,-0.117458,-0.002140,0.016007,-0.046488,0.036316,-4.309812,MOVE_JOINT
0.963000,0.504072,-0.117508,-0.002104,0.016091,-0.047579,0.036389,-4.318619,MOVE_JOINT
0.964000,0.504088,-0.117560,-0.002065,0.016036,-0.048874,0.036897,-4.325854,MOVE_JOINT
0.965000,0.504101,-0.117607,-0.002031,0.015561,-0.048019,0.036048,-4.331501,MOVE_JOINT
0.966000,0.504117,-0.117656,-0.001995,0.014933,-0.048999,0.036062,-4.335578,MOVE_JOINT
0.967000,0.504135,-0.117701,-0.001959,0.016341,-0.047897,0.036433,-4.338157,MOVE_JOINT
0.968000,0.504150,-0.117752,-0.001921,0.015425,-0.048459,0.036571,-4.339365,MOVE_JOINT
0.969000,0.504162,-0.117802,-0.001888,0.014736,-0.049285,0.036053,-4.339334,MOVE_JOINT
0.970000,0.504178,-0.117848,-0.001849,0.016124,-0.047840,0.037352,-4.338176,MOVE_JOINT
0.971000,0.504192,-0.117902,-0.001812,0.015651,-0.048926,0.037056,-4.335952,MOVE_JOINT
0.972000,0.504206,-0.117951,-0.001777,0.014609,-0.049189,0.036219,-4.332664,MOVE_JOINT
0.973000,0.504221,-0.118000,-0.001742,0.014899,-0.049216,0.036289,-4.328315,MOVE_JOINT
0.974000,0.504231,-0.118049,-0.001709,0.013699,-0.049305,0.035497,-4.322985,MOVE_JOINT
0.975000,0.504250,-0.118095,-0.001670,0.015798,-0.048213,0.036773,-4.316847,MOVE_JOINT
0.976000,0.504268,-0.118143,-0.001631,0.015835,-0.048101,0.037204,-4.310103,MOVE_JOINT
0.977000,0.504284,-0.118194,-0.001594,0.016245,-0.049086,0.037307,-4.302901,MOVE_JOINT
0.978000,0.504296,-0.118240,-0.001559,0.014766,-0.048270,0.036194,-4.295305,MOVE_JOINT
0.979000,0.504313,-0.118289,-0.001520,0.015980,-0.049267,0.037280,-4.287347,MOVE_JOINT
0.980000,0.504325,-0.118338,-0.001485,0.014567,-0.049125,0.036599,-4.279071,MOVE_JOINT
0.981000,0.504344,-0.118387,-0.001445,0.015579,-0.049030,0.037634,-4.270535,MOVE_JOINT
0.982000,0.504358,-0.118434,-0.001410,0.015337,-0.048165,0.036548,-4.261786,MOVE_JOINT
0.983000,0.504372,-0.118485,-0.001372,0.014887,-0.048465,0.036826,-4.252854,MOVE_JOINT
0.984000,0.504387,-0.118530,-0.001338,0.014700,-0.047875,0.036034,-4.243788,MOVE_JOINT
0.985000,0.504404,-0.118582,-0.001297,0.016207,-0.048555,0.037426,-4.234678,MOVE_JOINT
0.986000,0.504420,-0.118627,-0.001260,0.016067,-0.047316,0.037205,-4.225647,MOVE_JOINT
0.987000,0.504435,-0.118678,-0.001223,0.015218,-0.048883,0.036936,-4.216815,MOVE_JOINT
0.988000,0.504453,-0.118723,-0.001182,0.016021,-0.047580,0.037492,-4.208286,MOVE_JOINT
0.989000,0.504469,-0.118777,-0.001142,0.015816,-0.049249,0.038150,-4.200150,MOVE_JOINT
0.990000,0.504485,-0.118826,-0.001104,0.015681,-0.049476,0.037848,-4.192466,MOVE_JOINT
0.991000,0.504497,-0.118873,-0.001070,0.014112,-0.049489,0.036957,-4.185262,MOVE_JOINT
0.992000,0.504515,-0.118917,-0.001032,0.015075,-0.047653,0.037265,-4.178581,MOVE_JOINT
0.993000,0.504534,-0.118967,-0.000991,0.015975,-0.048485,0.038204,-4.172495,MOVE_JOINT
0.994000,0.504547,-0.119016,-0.000956,0.014991,-0.048843,0.037225,-4.167077,MOVE_JOINT
0.995000,0.504566,-0.119068,-0.000913,0.016822,-0.049159,0.039033,-4.162376,MOVE_JOINT
0.996000,0.504573,-0.119118,-0.000883,0.013648,-0.049614,0.036113,-4.158429,MOVE_JOINT
0.997000,0.504592,-0.119167,-0.000842,0.015601,-0.048998,0.037446,-4.155295,MOVE_JOINT
0.998000,0.504605,-0.119215,-0.000808,0.014834,-0.048516,0.036695,-4.153094,MOVE_JOINT
0.999000,0.504622,-0.119262,-0.000771,0.015530,-0.048115,0.036892,-4.151996,MOVE_JOINT
1.000000,0.504641,-0.119310,-0.000730,0.016554,-0.048050,0.038167,-4.152163,MOVE_JOINT
1.001000,0.504655,-0.119360,-0.000693,0.015776,-0.047977,0.037483,-4.153686,MOVE_JOINT
1.002000,0.504669,-0.119405,-0.000659,0.015590,-0.047015,0.036336,-4.156561,MOVE_JOINT
1.003000,0.504685,-0.119453,-0.000622,0.015905,-0.047330,0.036843,-4.160739,MOVE_JOINT
1.004000,0.504699,-0.119498,-0.000587,0.015384,-0.046822,0.036353,-4.166185,MOVE_JOINT
1.005000,0.504716,-0.119545,-0.000548,0.016171,-0.047275,0.037325,-4.172869,MOVE_JOINT
1.006000,0.504729,-0.119593,-0.000514,0.015265,-0.046882,0.036135,-4.180726,MOVE_JOINT
1.007000,0.504746,-0.119639,-0.000479,0.015787,-0.045687,0.035828,-4.189653,MOVE_JOINT
1.008000,0.504759,-0.119688,-0.000444,0.014739,-0.046803,0.035116,-4.199556,MOVE_JOINT
1.009000,0.504772,-0.119735,-0.000411,0.014072,-0.046468,0.034192,-4.210392,MOVE_JOINT
1.010000,0.504788,-0.119785,-0.000374,0.015294,-0.047363,0.035478,-4.222184,MOVE_JOINT
1.011000,0.504799,-0.119831,-0.000341,0.013580,-0.046454,0.034113,-4.234992,MOVE_JOINT
1.012000,0.504813,-0.119879,-0.000307,0.013971,-0.047431,0.034477,-4.248852,MOVE_JOINT
1.013000,0.504826,-0.119929,-0.000270,0.013702,-0.047885,0.034942,-4.263753,MOVE_JOINT
1.014000,0.504840,-0.119978,-0.000235,0.013488,-0.048530,0.035260,-4.279616,MOVE_JOINT
1.015000,0.504856,-0.120022,-0.000201,0.013203,-0.047515,0.034469,-4.296274,MOVE_JOINT
1.016000,0.504868,-0.120068,-0.000168,0.012889,-0.046499,0.033618,-4.313485,MOVE_JOINT
1.017000,0.504880,-0.120115,-0.000132,0.012722,-0.047292,0.034519,-4.330980,MOVE_JOINT
1.018000,0.504896,-0.120161,-0.000097,0.013352,-0.046944,0.034482,-4.348500,MOVE_JOINT
1.019000,0.504913,-0.120210,-0.000058,0.014582,-0.047058,0.035895,-4.365768,MOVE_JOINT
1.020000,0.504922,-0.120254,-0.000027,0.013339,-0.046641,0.034747,-4.382468,MOVE_JOINT
1.021000,0.504935,-0.120306,0.000010,0.013304,-0.048460,0.035411,-4.398262,MOVE_JOINT
1.022000,0.504948,-0.120349,0.000044,0.012844,-0.047264,0.034803,-4.412843,MOVE_JOINT
1.023000,0.504965,-0.120392,0.000080,0.013795,-0.046188,0.034875,-4.425971,MOVE_JOINT
1.024000,0.504976,-0.120441,0.000114,0.012493,-0.046810,0.034249,-4.437483,MOVE_JOINT
1.025000,0.504989,-0.120489,0.000151,0.012880,-0.047201,0.035153,-4.447280,MOVE_JOINT
1.026000,0.505000,-0.120535,0.000186,0.012531,-0.046698,0.034896,-4.455325,MOVE_JOINT
1.027000,0.505016,-0.120589,0.000225,0.012848,-0.048712,0.035683,-4.461600,MOVE_JOINT
1.028000,0.505030,-0.120631,0.000257,0.013602,-0.046886,0.034967,-4.466090,MOVE_JOINT
1.029000,0.505043,-0.120681,0.000294,0.013878,-0.047897,0.036041,-4.468789,MOVE_JOINT
1.030000,0.505055,-0.120729,0.000328,0.013629,-0.048060,0.035613,-4.469714,MOVE_JOINT
1.031000,0.505069,-0.120780,0.000364,0.013503,-0.048862,0.035423,-4.468906,MOVE_JOINT
1.032000,0.505081,-0.120829,0.000398,0.013051,-0.047847,0.034583,-4.466452,MOVE_JOINT
1.033000,0.505091,-0.120878,0.000429,0.012249,-0.048404,0.033531,-4.462525,MOVE_JOINT
1.034000,0.505101,-0.120926,0.000461,0.012393,-0.047764,0.033300,-4.457417,MOVE_JOINT
1.035000,0.505115,-0.120973,0.000494,0.012724,-0.047402,0.032924,-4.451540,MOVE_JOINT
1.036000,0.505129,-0.121023,0.000530,0.013649,-0.048304,0.034493,-4.445374,MOVE_JOINT
1.037000,0.505142,-0.121067,0.000564,0.013467,-0.046904,0.034179,-4.439362,MOVE_JOINT
1.038000,0.505151,-0.121115,0.000596,0.012264,-0.047201,0.033512,-4.433811,MOVE_JOINT
1.039000,0.505164,-0.121165,0.000632,0.012543,-0.046942,0.033803,-4.428876,MOVE_JOINT
1.040000,0.505176,-0.121209,0.000664,0.012888,-0.046252,0.033375,-4.424602,MOVE_JOINT
1.041000,0.505186,-0.121255,0.000696,0.012648,-0.045891,0.033559,-4.420972,MOVE_JOINT
1.042000,0.505201,-0.121302,0.000731,0.013174,-0.046124,0.033859,-4.417926,MOVE_JOINT
1.043000,0.505212,-0.121355,0.000765,0.012634,-0.048150,0.033506,-4.415373,MOVE_JOINT
1.044000,0.505228,-0.121401,0.000801,0.013663,-0.046980,0.034349,-4.413209,MOVE_JOINT
1.045000,0.505240,-0.121451,0.000836,0.012810,-0.048101,0.034368,-4.411328,MOVE_JOINT
1.046000,0.505255,-0.121498,0.000871,0.013846,-0.047963,0.034955,-4.409602,MOVE_JOINT
1.047000,0.505262,-0.121548,0.000900,0.011520,-0.048928,0.033103,-4.407884,MOVE_JOINT
1.048000,0.505272,-0.121595,0.000933,0.010860,-0.048572,0.033026,-4.406073,MOVE_JOINT
1.049000,0.505285,-0.121644,0.000968,0.011151,-0.048948,0.033636,-4.404172,MOVE_JOINT
1.050000,0.505301,-0.121691,0.001005,0.013133,-0.048414,0.035037,-4.402248,MOVE_JOINT
1.051000,0.505313,-0.121743,0.001040,0.012471,-0.049879,0.034847,-4.400326,MOVE_JOINT
1.052000,0.505323,-0.121794,0.001075,0.011325,-0.050043,0.034551,-4.398331,MOVE_JOINT
1.053000,0.505334,-0.121844,0.001108,0.010267,-0.050503,0.034103,-4.396139,MOVE_JOINT
1.054000,0.505347,-0.121893,0.001143,0.010630,-0.049820,0.033938,-4.393646,MOVE_JOINT
1.055000,0.505360,-0.121943,0.001179,0.011640,-0.049291,0.034790,-4.390793,MOVE_JOINT
1.056000,0.505371,-0.121993,0.001213,0.011327,-0.049621,0.034224,-4.387548,MOVE_JOINT
1.057000,0.505385,-0.122038,0.001247,0.012043,-0.048815,0.034300,-4.383890,MOVE_JOINT
1.058000,0.505393,-0.122088,0.001279,0.011280,-0.048966,0.033760,-4.379832,MOVE_JOINT
1.059000,0.505403,-0.122139,0.001310,0.010720,-0.049436,0.032750,-4.375450,MOVE_JOINT
1.060000,0.505412,-0.122187,0.001343,0.011126,-0.048678,0.032964,-4.370919,MOVE_JOINT
1.061000,0.505420,-0.122241,0.001375,0.010044,-0.050514,0.032731,-4.366511,MOVE_JOINT
1.062000,0.505433,-0.122290,0.001410,0.010454,-0.050399,0.033384,-4.362554,MOVE_JOINT
1.063000,0.505439,-0.122342,0.001439,0.009222,-0.050751,0.032021,-4.359366,MOVE_JOINT
1.064000,0.505449,-0.122391,0.001472,0.009773,-0.050553,0.032640,-4.357229,MOVE_JOINT
1.065000,0.505455,-0.122443,0.001504,0.008576,-0.050986,0.032312,-4.356379,MOVE_JOINT
1.066000,0.505464,-0.122493,0.001536,0.008813,-0.050437,0.032366,-4.356986,MOVE_JOINT
1.067000,0.505474,-0.122544,0.001568,0.009234,-0.050542,0.032539,-4.359133,MOVE_JOINT
1.068000,0.505478,-0.122596,0.001598,0.007656,-0.051020,0.031643,-4.362815,MOVE_JOINT
1.069000,0.505487,-0.122652,0.001632,0.008290,-0.052411,0.032385,-4.367967,MOVE_JOINT
1.070000,0.505493,-0.122702,0.001662,0.007077,-0.052177,0.031549,-4.374500,MOVE_JOINT
1.071000,0.505503,-0.122752,0.001693,0.008106,-0.051252,0.031570,-4.382330,MOVE_JOINT
1.072000,0.505503,-0.122806,0.001718,0.005491,-0.052111,0.029438,-4.391392,MOVE_JOINT
1.073000,0.505509,-0.122859,0.001749,0.005821,-0.051772,0.029574,-4.401678,MOVE_JOINT
1.074000,0.505518,-0.122906,0.001779,0.006570,-0.051142,0.030078,-4.413253,MOVE_JOINT
1.075000,0.505521,-0.122959,0.001808,0.005391,-0.051119,0.029403,-4.426195,MOVE_JOINT
1.076000,0.505526,-0.123010,0.001837,0.005713,-0.051478,0.029755,-4.440523,MOVE_JOINT
1.077000,0.505527,-0.123061,0.001864,0.004476,-0.051404,0.029035,-4.456176,MOVE_JOINT
1.078000,0.505533,-0.123112,0.001893,0.004179,-0.051371,0.028541,-4.473026,MOVE_JOINT
1.079000,0.505537,-0.123158,0.001920,0.004102,-0.049451,0.028243,-4.490923,MOVE_JOINT
1.080000,0.505540,-0.123207,0.001947,0.003667,-0.049916,0.027842,-4.509707,MOVE_JOINT
1.081000,0.505548,-0.123259,0.001978,0.005081,-0.050722,0.029171,-4.529208,MOVE_JOINT
1.082000,0.505552,-0.123307,0.002004,0.004265,-0.050022,0.027698,-4.549221,MOVE_JOINT
1.083000,0.505553,-0.123359,0.002030,0.002950,-0.050363,0.027180,-4.569525,MOVE_JOINT
1.084000,0.505555,-0.123410,0.002057,0.002788,-0.050960,0.026865,-4.589933,MOVE_JOINT
1.085000,0.505559,-0.123460,0.002083,0.003438,-0.050749,0.026883,-4.610326,MOVE_JOINT
1.086000,0.505560,-0.123514,0.002108,0.002061,-0.051703,0.026026,-4.630660,MOVE_JOINT
1.087000,0.505563,-0.123561,0.002133,0.002903,-0.050412,0.026083,-4.650947,MOVE_JOINT
1.088000,0.505566,-0.123614,0.002160,0.003490,-0.051061,0.026598,-4.671238,MOVE_JOINT
1.089000,0.505569,-0.123672,0.002190,0.003052,-0.053071,0.027435,-4.691585,MOVE_JOINT
1.090000,0.505570,-0.123726,0.002217,0.002413,-0.052994,0.027068,-4.711991,MOVE_JOINT
1.091000,0.505574,-0.123781,0.002246,0.003091,-0.053877,0.027597,-4.732388,MOVE_JOINT
1.092000,0.505576,-0.123836,0.002272,0.002401,-0.053962,0.027042,-4.752643,MOVE_JOINT
1.093000,0.505578,-0.123888,0.002300,0.002825,-0.053446,0.027148,-4.772598,MOVE_JOINT
1.094000,0.505581,-0.123943,0.002329,0.003352,-0.053463,0.027725,-4.792103,MOVE_JOINT
1.095000,0.505580,-0.123997,0.002355,0.001818,-0.053716,0.027104,-4.811009,MOVE_JOINT
1.096000,0.505582,-0.124048,0.002382,0.002093,-0.052484,0.027095,-4.829170,MOVE_JOINT
1.097000,0.505579,-0.124102,0.002407,0.000355,-0.053166,0.026513,-4.846453,MOVE_JOINT
1.098000,0.505581,-0.124158,0.002436,0.000844,-0.054826,0.027289,-4.862765,MOVE_JOINT
1.099000,0.505579,-0.124215,0.002463,-0.000346,-0.055907,0.027189,-4.878061,MOVE_JOINT
1.100000,0.505582,-0.124266,0.002488,0.000355,-0.054671,0.026648,-4.892343,MOVE_JOINT
1.101000,0.505582,-0.124323,0.002515,0.000227,-0.055600,0.027084,-4.905658,MOVE_JOINT
1.102000,0.505580,-0.124378,0.002541,0.000166,-0.055312,0.027451,-4.918079,MOVE_JOINT
1.103000,0.505580,-0.124434,0.002566,0.000009,-0.055539,0.026559,-4.929670,MOVE_JOINT
1.104000,0.505578,-0.124489,0.002592,-0.000232,-0.055176,0.026368,-4.940485,MOVE_JOINT
1.105000,0.505579,-0.124543,0.002619,-0.000127,-0.055259,0.026756,-4.950594,MOVE_JOINT
1.106000,0.505580,-0.124598,0.002648,0.000191,-0.055679,0.027437,-4.960090,MOVE_JOINT
1.107000,0.505574,-0.124657,0.002672,-0.001958,-0.056824,0.026172,-4.969048,MOVE_JOINT
1.108000,0.505576,-0.124712,0.002699,-0.000072,-0.056130,0.027270,-4.977522,MOVE_JOINT
1.109000,0.505576,-0.124769,0.002727,-0.000207,-0.055861,0.027274,-4.985548,MOVE_JOINT
1.110000,0.505574,-0.124825,0.002754,-0.000403,-0.056156,0.027733,-4.993121,MOVE_JOINT
1.111000,0.505568,-0.124887,0.002777,-0.002759,-0.058428,0.026446,-5.000166,MOVE_JOINT
1.112000,0.505569,-0.124944,0.002806,-0.001592,-0.058092,0.027122,-5.006584,MOVE_JOINT
1.113000,0.505567,-0.124996,0.002829,-0.001037,-0.056419,0.026429,-5.012308,MOVE_JOINT
1.114000,0.505564,-0.125051,0.002855,-0.001468,-0.055745,0.026164,-5.017332,MOVE_JOINT
1.115000,0.505562,-0.125112,0.002883,-0.001432,-0.058015,0.027357,-5.021673,MOVE_JOINT
1.116000,0.505561,-0.125162,0.002908,-0.001292,-0.055629,0.026912,-5.025335,MOVE_JOINT
1.117000,0.505558,-0.125223,0.002937,-0.001798,-0.057342,0.027791,-5.028273,MOVE_JOINT
1.118000,0.505560,-0.125278,0.002966,-0.000652,-0.055834,0.027927,-5.030374,MOVE_JOINT
1.119000,0.505558,-0.125338,0.002994,-0.001514,-0.057129,0.027843,-5.031466,MOVE_JOINT
1.120000,0.505558,-0.125395,0.003024,-0.000972,-0.057418,0.028460,-5.031348,MOVE_JOINT
1.121000,0.505556,-0.125452,0.003052,-0.001331,-0.057576,0.028692,-5.029820,MOVE_JOINT
1.122000,0.505555,-0.125511,0.003080,-0.001467,-0.058249,0.028255,-5.026711,MOVE_JOINT
1.123000,0.505552,-0.125572,0.003108,-0.001637,-0.059386,0.028327,-5.021904,MOVE_JOINT
1.124000,0.505552,-0.125630,0.003138,-0.000977,-0.059007,0.028606,-5.015379,MOVE_JOINT
1.125000,0.505547,-0.125686,0.003164,-0.001810,-0.058216,0.027704,-5.007227,MOVE_JOINT
1.126000,0.505545,-0.125744,0.003190,-0.001425,-0.057567,0.027250,-4.997639,MOVE_JOINT
1.127000,0.505543,-0.125803,0.003219,-0.001857,-0.057762,0.027778,-4.986899,MOVE_JOINT
1.128000,0.505539,-0.125864,0.003245,-0.002443,-0.058557,0.027319,-4.975357,MOVE_JOINT
1.129000,0.505538,-0.125920,0.003273,-0.001676,-0.057522,0.027586,-4.963389,MOVE_JOINT
1.130000,0.505536,-0.125978,0.003300,-0.001618,-0.058030,0.027323,-4.951372,MOVE_JOINT
1.131000,0.505535,-0.126033,0.003328,-0.001176,-0.056505,0.027327,-4.939663,MOVE_JOINT
1.132000,0.505531,-0.126093,0.003356,-0.002265,-0.057658,0.027363,-4.928589,MOVE_JOINT
1.133000,0.505533,-0.126149,0.003385,-0.000187,-0.057680,0.028656,-4.918427,MOVE_JOINT
1.134000,0.505530,-0.126208,0.003412,-0.000502,-0.058061,0.028345,-4.909380,MOVE_JOINT
1.135000,0.505529,-0.126263,0.003440,-0.000454,-0.057093,0.028221,-4.901565,MOVE_JOINT
1.136000,0.505524,-0.126320,0.003465,-0.001721,-0.057563,0.027523,-4.895056,MOVE_JOINT
1.137000,0.505527,-0.126377,0.003497,0.000384,-0.057077,0.029162,-4.889912,MOVE_JOINT
1.138000,0.505522,-0.126434,0.003521,-0.001106,-0.057482,0.027945,-4.886173,MOVE_JOINT
1.139000,0.505516,-0.126495,0.003549,-0.002559,-0.058565,0.027977,-4.883857,MOVE_JOINT
1.140000,0.505521,-0.126550,0.003579,-0.000520,-0.058543,0.029051,-4.882973,MOVE_JOINT
1.141000,0.505517,-0.126605,0.003604,-0.001613,-0.057984,0.027826,-4.883515,MOVE_JOINT
1.142000,0.505516,-0.126665,0.003633,-0.002282,-0.058753,0.028107,-4.885449,MOVE_JOINT
1.143000,0.505516,-0.126721,0.003662,-0.001910,-0.058648,0.028417,-4.888707,MOVE_JOINT
1.144000,0.505515,-0.126777,0.003690,-0.001791,-0.057840,0.028305,-4.893188,MOVE_JOINT
1.145000,0.505515,-0.126835,0.003719,-0.001632,-0.057985,0.028206,-4.898749,MOVE_JOINT
1.146000,0.505511,-0.126895,0.003746,-0.001593,-0.058695,0.028242,-4.905220,MOVE_JOINT
1.147000,0.505512,-0.126957,0.003774,-0.000875,-0.059907,0.028425,-4.912433,MOVE_JOINT
1.148000,0.505509,-0.127014,0.003801,-0.001798,-0.058950,0.027556,-4.920249,MOVE_JOINT
1.149000,0.505509,-0.127070,0.003830,-0.001255,-0.058425,0.027897,-4.928565,MOVE_JOINT
1.150000,0.505511,-0.127123,0.003859,-0.000655,-0.056612,0.027521,-4.937308,MOVE_JOINT
1.151000,0.505510,-0.127179,0.003884,-0.001160,-0.056341,0.027116,-4.946405,MOVE_JOINT
1.152000,0.505511,-0.127233,0.003913,-0.000413,-0.055723,0.027278,-4.955783,MOVE_JOINT
1.153000,0.505512,-0.127288,0.003940,0.000158,-0.054876,0.027028,-4.965365,MOVE_JOINT
1.154000,0.505508,-0.127345,0.003965,-0.000621,-0.055147,0.026552,-4.975077,MOVE_JOINT
1.155000,0.505509,-0.127402,0.003994,0.000207,-0.055322,0.027436,-4.984842,MOVE_JOINT
1.156000,0.505507,-0.127460,0.004021,-0.000224,-0.056760,0.027199,-4.994573,MOVE_JOINT
1.157000,0.505509,-0.127519,0.004051,0.000839,-0.058011,0.028340,-5.004153,MOVE_JOINT
1.158000,0.505505,-0.127584,0.004080,0.000288,-0.059310,0.028748,-5.013421,MOVE_JOINT
1.159000,0.505508,-0.127643,0.004110,0.001919,-0.059226,0.030038,-5.022165,MOVE_JOINT
1.160000,0.505504,-0.127704,0.004139,-0.000100,-0.060003,0.029364,-5.030103,MOVE_JOINT
1.161000,0.505505,-0.127761,0.004168,0.000374,-0.058864,0.029503,-5.036909,MOVE_JOINT
1.162000,0.505504,-0.127821,0.004198,0.000310,-0.058678,0.029697,-5.042257,MOVE_JOINT
1.163000,0.505502,-0.127879,0.004227,-0.000368,-0.058258,0.029301,-5.045867,MOVE_JOINT
1.164000,0.505503,-0.127937,0.004256,-0.000712,-0.058468,0.028758,-5.047544,MOVE_JOINT
1.165000,0.505506,-0.127997,0.004287,0.001079,-0.059173,0.029872,-5.047208,MOVE_JOINT
1.166000,0.505503,-0.128053,0.004316,-0.000065,-0.058093,0.029254,-5.044894,MOVE_JOINT
1.167000,0.505506,-0.128113,0.004349,0.000800,-0.058929,0.030696,-5.040710,MOVE_JOINT
1.168000,0.505507,-0.128178,0.004384,0.000944,-0.060425,0.032093,-5.034763,MOVE_JOINT
1.169000,0.505509,-0.128239,0.004417,0.001005,-0.061008,0.032254,-5.027106,MOVE_JOINT
1.170000,0.505509,-0.128301,0.004447,-0.000187,-0.061826,0.031545,-5.017734,MOVE_JOINT
1.171000,0.505511,-0.128362,0.004478,0.000005,-0.061399,0.031401,-5.006663,MOVE_JOINT
1.172000,0.505513,-0.128431,0.004514,0.000288,-0.064288,0.032733,-4.994017,MOVE_JOINT
1.173000,0.505515,-0.128493,0.004546,0.001198,-0.063419,0.032938,-4.980019,MOVE_JOINT
1.174000,0.505519,-0.128559,0.004580,0.001259,-0.064564,0.032819,-4.964928,MOVE_JOINT
1.175000,0.505521,-0.128624,0.004613,0.001773,-0.064657,0.033116,-4.949003,MOVE_JOINT
1.176000,0.505527,-0.128685,0.004648,0.002266,-0.063498,0.033308,-4.932494,MOVE_JOINT
1.177000,0.505526,-0.128750,0.004681,0.001806,-0.063400,0.033421,-4.915632,MOVE_JOINT
1.178000,0.505527,-0.128813,0.004712,0.001005,-0.063210,0.032736,-4.898608,MOVE_JOINT
1.179000,0.505532,-0.128874,0.004745,0.001952,-0.061941,0.032446,-4.881581,MOVE_JOINT
1.180000,0.505528,-0.128941,0.004775,0.000243,-0.062984,0.031577,-4.864724,MOVE_JOINT
1.181000,0.505535,-0.129002,0.004813,0.002114,-0.062492,0.033161,-4.848244,MOVE_JOINT
1.182000,0.505533,-0.129071,0.004846,0.001194,-0.063619,0.032591,-4.832355,MOVE_JOINT
1.183000,0.505536,-0.129136,0.004879,0.002308,-0.063716,0.033013,-4.817232,MOVE_JOINT
1.184000,0.505538,-0.129200,0.004915,0.001823,-0.063540,0.033440,-4.802981,MOVE_JOINT
1.185000,0.505538,-0.129265,0.004947,0.001252,-0.063906,0.032787,-4.789634,MOVE_JOINT
1.186000,0.505542,-0.129331,0.004982,0.002428,-0.064375,0.033580,-4.777152,MOVE_JOINT
1.187000,0.505538,-0.129396,0.005014,0.000788,-0.064730,0.033201,-4.765460,MOVE_JOINT
1.188000,0.505536,-0.129459,0.005044,-0.000069,-0.063958,0.032187,-4.754486,MOVE_JOINT
1.189000,0.505536,-0.129524,0.005076,-0.000469,-0.064455,0.031932,-4.744196,MOVE_JOINT
1.190000,0.505538,-0.129584,0.005110,-0.000041,-0.063398,0.032482,-4.734623,MOVE_JOINT
1.191000,0.505534,-0.129652,0.005142,-0.001588,-0.064912,0.032174,-4.725857,MOVE_JOINT
1.192000,0.505535,-0.129713,0.005179,-0.001543,-0.063720,0.032796,-4.717989,MOVE_JOINT
1.193000,0.505535,-0.129775,0.005211,-0.001000,-0.063896,0.033016,-4.711084,MOVE_JOINT
1.194000,0.505530,-0.129841,0.005244,-0.002304,-0.064336,0.032953,-4.705148,MOVE_JOINT
1.195000,0.505528,-0.129905,0.005276,-0.002303,-0.064493,0.033076,-4.700146,MOVE_JOINT
1.196000,0.505529,-0.129964,0.005309,-0.001804,-0.063504,0.033078,-4.696021,MOVE_JOINT
1.197000,0.505524,-0.130030,0.005343,-0.002400,-0.063836,0.033692,-4.692707,MOVE_JOINT
1.198000,0.505524,-0.130092,0.005377,-0.002150,-0.063361,0.033437,-4.690117,MOVE_JOINT
1.199000,0.505516,-0.130157,0.005407,-0.004154,-0.064536,0.032371,-4.688144,MOVE_JOINT
1.200000,0.505515,-0.130218,0.005439,-0.002577,-0.063804,0.032970,-4.686723,MOVE_JOINT
1.201000,0.505514,-0.130284,0.005473,-0.001542,-0.064235,0.033470,-4.685869,MOVE_JOINT
1.202000,0.505510,-0.130344,0.005505,-0.002786,-0.062587,0.032543,-4.685648,MOVE_JOINT
1.203000,0.505506,-0.130409,0.005536,-0.003602,-0.063327,0.031932,-4.686140,MOVE_JOINT
1.204000,0.505502,-0.130475,0.005570,-0.003386,-0.064210,0.032757,-4.687443,MOVE_JOINT
1.205000,0.505497,-0.130542,0.005601,-0.003832,-0.064463,0.032075,-4.689671,MOVE_JOINT
1.206000,0.505491,-0.130606,0.005630,-0.004236,-0.064088,0.031612,-4.692948,MOVE_JOINT
1.207000,0.505490,-0.130673,0.005665,-0.003639,-0.064244,0.032188,-4.697399,MOVE_JOINT
1.208000,0.505490,-0.130735,0.005696,-0.002855,-0.063718,0.031937,-4.703137,MOVE_JOINT
1.209000,0.505493,-0.130794,0.005732,-0.000437,-0.062226,0.033508,-4.710219,MOVE_JOINT
1.210000,0.505488,-0.130855,0.005761,-0.002020,-0.061650,0.032073,-4.718587,MOVE_JOINT
1.211000,0.505482,-0.130917,0.005789,-0.003453,-0.061970,0.030788,-4.728080,MOVE_JOINT
1.212000,0.505482,-0.130978,0.005821,-0.002739,-0.061705,0.030799,-4.738521,MOVE_JOINT
1.213000,0.505478,-0.131041,0.005849,-0.002714,-0.062476,0.030582,-4.749818,MOVE_JOINT
1.214000,0.505477,-0.131100,0.005882,-0.002590,-0.061293,0.030846,-4.761958,MOVE_JOINT
1.215000,0.505478,-0.131162,0.005914,-0.001469,-0.061189,0.031064,-4.774944,MOVE_JOINT
1.216000,0.505473,-0.131225,0.005944,-0.002179,-0.061869,0.030840,-4.788720,MOVE_JOINT
1.217000,0.505471,-0.131287,0.005976,-0.002386,-0.062078,0.030723,-4.803158,MOVE_JOINT
1.218000,0.505468,-0.131349,0.006004,-0.002315,-0.061792,0.030409,-4.818076,MOVE_JOINT
1.219000,0.505468,-0.131413,0.006037,-0.001912,-0.062717,0.030925,-4.833282,MOVE_JOINT
1.220000,0.505470,-0.131473,0.006070,-0.000549,-0.061946,0.031517,-4.848576,MOVE_JOINT
1.221000,0.505464,-0.131536,0.006100,-0.002062,-0.061852,0.030454,-4.863745,MOVE_JOINT
1.222000,0.505464,-0.131595,0.006133,-0.001180,-0.060841,0.031471,-4.878557,MOVE_JOINT
1.223000,0.505467,-0.131654,0.006167,0.000046,-0.059750,0.031709,-4.892766,MOVE_JOINT
1.224000,0.505467,-0.131717,0.006200,-0.000162,-0.060505,0.032017,-4.906084,MOVE_JOINT
1.225000,0.505466,-0.131778,0.006234,0.000075,-0.060130,0.032461,-4.918188,MOVE_JOINT
1.226000,0.505465,-0.131840,0.006266,-0.000436,-0.060044,0.032401,-4.928740,MOVE_JOINT
1.227000,0.505463,-0.131901,0.006299,-0.000806,-0.060691,0.032498,-4.937423,MOVE_JOINT
1.228000,0.505462,-0.131966,0.006332,-0.000880,-0.061432,0.032133,-4.943977,MOVE_JOINT
1.229000,0.505463,-0.132030,0.006367,-0.000582,-0.061969,0.032970,-4.948240,MOVE_JOINT
1.230000,0.505464,-0.132097,0.006400,0.000339,-0.063430,0.033488,-4.950157,MOVE_JOINT
1.231000,0.505465,-0.132160,0.006436,0.000500,-0.063741,0.034169,-4.949754,MOVE_JOINT
1.232000,0.505464,-0.132226,0.006469,0.000144,-0.064545,0.033834,-4.947107,MOVE_JOINT
1.233000,0.505466,-0.132292,0.006505,0.000393,-0.065130,0.034049,-4.942339,MOVE_JOINT
1.234000,0.505462,-0.132358,0.006534,-0.000359,-0.065077,0.033160,-4.935642,MOVE_JOINT
1.235000,0.505463,-0.132419,0.006566,0.000030,-0.063666,0.032487,-4.927309,MOVE_JOINT
1.236000,0.505466,-0.132484,0.006601,0.000896,-0.063877,0.033429,-4.917739,MOVE_JOINT
1.237000,0.505469,-0.132548,0.006635,0.001296,-0.064028,0.033728,-4.907394,MOVE_JOINT
1.238000,0.505471,-0.132614,0.006670,0.001621,-0.064928,0.034108,-4.896708,MOVE_JOINT
1.239000,0.505475,-0.132682,0.006707,0.002531,-0.064727,0.034616,-4.886021,MOVE_JOINT
1.240000,0.505473,-0.132746,0.006740,0.001189,-0.064468,0.034184,-4.875568,MOVE_JOINT
1.241000,0.505471,-0.132816,0.006771,-0.000241,-0.065481,0.033011,-4.865494,MOVE_JOINT
1.242000,0.505472,-0.132882,0.006806,0.000463,-0.065606,0.033657,-4.855915,MOVE_JOINT
1.243000,0.505474,-0.132946,0.006841,0.001159,-0.064407,0.034202,-4.846945,MOVE_JOINT
1.244000,0.505474,-0.133013,0.006874,0.000645,-0.065251,0.034072,-4.838668,MOVE_JOINT
1.245000,0.505472,-0.133076,0.006905,-0.000831,-0.065124,0.033212,-4.831095,MOVE_JOINT
1.246000,0.505471,-0.133146,0.006941,-0.000987,-0.067301,0.034168,-4.824194,MOVE_JOINT
1.247000,0.505467,-0.133211,0.006970,-0.001840,-0.066891,0.032791,-4.817926,MOVE_JOINT
1.248000,0.505467,-0.133277,0.007005,-0.001009,-0.066141,0.033361,-4.812271,MOVE_JOINT
1.249000,0.505464,-0.133342,0.007036,-0.002038,-0.066491,0.032573,-4.807236,MOVE_JOINT
1.250000,0.505465,-0.133411,0.007071,-0.001339,-0.066683,0.032974,-4.802846,MOVE_JOINT
1.251000,0.505466,-0.133477,0.007107,-0.000032,-0.066507,0.034379,-4.799116,MOVE_JOINT
1.252000,0.505461,-0.133544,0.007137,-0.000912,-0.066314,0.033453,-4.796001,MOVE_JOINT
1.253000,0.505464,-0.133606,0.007173,0.000522,-0.065021,0.034179,-4.793371,MOVE_JOINT
1.254000,0.505462,-0.133668,0.007206,0.000150,-0.063632,0.033790,-4.791038,MOVE_JOINT
1.255000,0.505461,-0.133736,0.007239,0.000273,-0.065062,0.033788,-4.788803,MOVE_JOINT
1.256000,0.505459,-0.133799,0.007272,-0.000036,-0.064131,0.033402,-4.786505,MOVE_JOINT
1.257000,0.505460,-0.133868,0.007307,0.000008,-0.065645,0.033848,-4.784064,MOVE_JOINT
1.258000,0.505455,-0.133934,0.007338,-0.001466,-0.065988,0.033039,-4.781491,MOVE_JOINT
1.259000,0.505452,-0.134002,0.007372,-0.002108,-0.066585,0.033308,-4.778883,MOVE_JOINT
1.260000,0.505457,-0.134066,0.007407,-0.000975,-0.066333,0.033723,-4.776402,MOVE_JOINT
1.261000,0.505453,-0.134138,0.007440,-0.001835,-0.068250,0.033479,-4.774254,MOVE_JOINT
1.262000,0.505453,-0.134208,0.007475,-0.001061,-0.068265,0.033906,-4.772650,MOVE_JOINT
1.263000,0.505451,-0.134283,0.007511,-0.000966,-0.070054,0.034781,-4.771792,MOVE_JOINT
1.264000,0.505447,-0.134349,0.007543,-0.001171,-0.068265,0.033737,-4.771836,MOVE_JOINT
1.265000,0.505446,-0.134417,0.007577,-0.000836,-0.068137,0.034308,-4.772888,MOVE_JOINT
1.266000,0.505444,-0.134486,0.007611,-0.001151,-0.068195,0.034113,-4.775007,MOVE_JOINT
1.267000,0.505442,-0.134553,0.007645,-0.001252,-0.068192,0.034304,-4.778212,MOVE_JOINT
1.268000,0.505440,-0.134621,0.007678,-0.001436,-0.068580,0.034449,-4.782482,MOVE_JOINT
1.269000,0.505439,-0.134687,0.007711,-0.001324,-0.067945,0.033966,-4.787765,MOVE_JOINT
1.270000,0.505435,-0.134756,0.007742,-0.002121,-0.068462,0.033189,-4.794017,MOVE_JOINT
1.271000,0.505429,-0.134821,0.007771,-0.002726,-0.067518,0.032226,-4.801240,MOVE_JOINT
1.272000,0.505422,-0.134893,0.007802,-0.004201,-0.069530,0.031988,-4.809529,MOVE_JOINT
1.273000,0.505425,-0.134962,0.007838,-0.002189,-0.068863,0.033017,-4.819052,MOVE_JOINT
1.274000,0.505422,-0.135032,0.007868,-0.002632,-0.069179,0.031963,-4.829999,MOVE_JOINT
1.275000,0.505417,-0.135103,0.007899,-0.003209,-0.069980,0.031825,-4.842523,MOVE_JOINT
1.276000,0.505410,-0.135167,0.007927,-0.004397,-0.067728,0.030068,-4.856744,MOVE_JOINT
1.277000,0.505407,-0.135240,0.007959,-0.004096,-0.068665,0.030724,-4.872771,MOVE_JOINT
1.278000,0.505403,-0.135307,0.007989,-0.003190,-0.067881,0.030953,-4.890696,MOVE_JOINT
1.279000,0.505403,-0.135372,0.008023,-0.001760,-0.067444,0.032335,-4.910529,MOVE_JOINT
1.280000,0.505397,-0.135439,0.008052,-0.002949,-0.067738,0.031410,-4.932128,MOVE_JOINT
1.281000,0.505395,-0.135502,0.008084,-0.003059,-0.066038,0.031125,-4.955185,MOVE_JOINT
1.282000,0.505389,-0.135569,0.008112,-0.004724,-0.066270,0.029928,-4.979302,MOVE_JOINT
1.283000,0.505387,-0.135633,0.008144,-0.003573,-0.065788,0.030560,-5.004075,MOVE_JOINT
1.284000,0.505380,-0.135699,0.008173,-0.004430,-0.065543,0.030022,-5.029139,MOVE_JOINT
1.285000,0.505380,-0.135766,0.008206,-0.003294,-0.066029,0.030847,-5.054163,MOVE_JOINT
1.286000,0.505375,-0.135833,0.008237,-0.003003,-0.066750,0.031408,-5.078817,MOVE_JOINT
1.287000,0.505370,-0.135902,0.008270,-0.003783,-0.067321,0.031865,-5.102752,MOVE_JOINT
1.288000,0.505371,-0.135967,0.008304,-0.002238,-0.066397,0.032481,-5.125581,MOVE_JOINT
1.289000,0.505364,-0.136032,0.008333,-0.003667,-0.066496,0.031644,-5.146892,MOVE_JOINT
1.290000,0.505359,-0.136100,0.008366,-0.003842,-0.066899,0.032252,-5.166279,MOVE_JOINT
1.291000,0.505360,-0.136166,0.008404,-0.002623,-0.066763,0.033988,-5.183376,MOVE_JOINT
1.292000,0.505359,-0.136227,0.008438,-0.001367,-0.065081,0.034106,-5.197837,MOVE_JOINT
1.293000,0.505354,-0.136295,0.008471,-0.002206,-0.066041,0.034045,-5.209308,MOVE_JOINT
1.294000,0.505346,-0.136364,0.008504,-0.003619,-0.067434,0.033936,-5.217470,MOVE_JOINT
1.295000,0.505343,-0.136427,0.008537,-0.004748,-0.066438,0.033354,-5.222122,MOVE_JOINT
1.296000,0.505341,-0.136494,0.008571,-0.003806,-0.067312,0.033689,-5.223232,MOVE_JOINT
1.297000,0.505339,-0.136559,0.008605,-0.003659,-0.066598,0.033764,-5.220931,MOVE_JOINT
1.298000,0.505333,-0.136632,0.008641,-0.004400,-0.069063,0.034299,-5.215483,MOVE_JOINT
1.299000,0.505330,-0.136700,0.008676,-0.004197,-0.067929,0.034019,-5.207233,MOVE_JOINT
1.300000,0.505324,-0.136766,0.008707,-0.005199,-0.067995,0.032817,-5.196594,MOVE_JOINT
1.301000,0.505322,-0.136836,0.008743,-0.004029,-0.068821,0.034317,-5.184055,MOVE_JOINT
1.302000,0.505314,-0.136906,0.008776,-0.005154,-0.069316,0.033825,-5.170160,MOVE_JOINT
1.303000,0.505310,-0.136974,0.008808,-0.004515,-0.068924,0.033570,-5.155452,MOVE_JOINT
1.304000,0.505303,-0.137037,0.008840,-0.005457,-0.067266,0.032820,-5.140429,MOVE_JOINT
1.305000,0.505296,-0.137108,0.008872,-0.005907,-0.067165,0.032212,-5.125561,MOVE_JOINT
1.306000,0.505295,-0.137172,0.008907,-0.005003,-0.066397,0.033133,-5.111284,MOVE_JOINT
1.307000,0.505285,-0.137237,0.008936,-0.006741,-0.066624,0.031820,-5.097975,MOVE_JOINT
1.308000,0.505282,-0.137300,0.008972,-0.005279,-0.065391,0.033231,-5.085927,MOVE_JOINT
1.309000,0.505276,-0.137368,0.009006,-0.004590,-0.066039,0.034264,-5.075314,MOVE_JOINT
1.310000,0.505273,-0.137435,0.009042,-0.003985,-0.066364,0.035016,-5.066159,MOVE_JOINT
1.311000,0.505267,-0.137503,0.009077,-0.004017,-0.066463,0.035391,-5.058297,MOVE_JOINT
1.312000,0.505263,-0.137566,0.009113,-0.003214,-0.065653,0.036083,-5.051398,MOVE_JOINT
1.313000,0.505261,-0.137636,0.009152,-0.002802,-0.066872,0.037006,-5.045009,MOVE_JOINT
1.314000,0.505250,-0.137708,0.009185,-0.004820,-0.068100,0.035871,-5.038621,MOVE_JOINT
1.315000,0.505242,-0.137773,0.009221,-0.005420,-0.067387,0.035920,-5.031752,MOVE_JOINT
1.316000,0.505236,-0.137842,0.009257,-0.005928,-0.067934,0.036065,-5.024032,MOVE_JOINT
1.317000,0.505230,-0.137908,0.009292,-0.006286,-0.067954,0.035596,-5.015243,MOVE_JOINT
1.318000,0.505224,-0.137970,0.009328,-0.005400,-0.066156,0.036472,-5.005309,MOVE_JOINT
1.319000,0.505218,-0.138033,0.009362,-0.006157,-0.065128,0.035139,-4.994265,MOVE_JOINT
1.320000,0.505208,-0.138100,0.009397,-0.007204,-0.065999,0.035069,-4.982220,MOVE_JOINT
1.321000,0.505202,-0.138166,0.009433,-0.006676,-0.065730,0.035456,-4.969368,MOVE_JOINT
1.322000,0.505199,-0.138231,0.009470,-0.004917,-0.065305,0.036032,-4.955978,MOVE_JOINT
1.323000,0.505191,-0.138297,0.009505,-0.005466,-0.065635,0.035949,-4.942360,MOVE_JOINT
1.324000,0.505184,-0.138364,0.009541,-0.006024,-0.066498,0.036003,-4.928832,MOVE_JOINT
1.325000,0.505173,-0.138433,0.009572,-0.007943,-0.066964,0.033931,-4.915734,MOVE_JOINT
1.326000,0.505169,-0.138496,0.009609,-0.007083,-0.066234,0.034361,-4.903467,MOVE_JOINT
1.327000,0.505162,-0.138557,0.009640,-0.007372,-0.065063,0.033693,-4.892511,MOVE_JOINT
1.328000,0.505159,-0.138624,0.009678,-0.006601,-0.065326,0.034459,-4.883370,MOVE_JOINT
1.329000,0.505150,-0.138690,0.009710,-0.007263,-0.065903,0.034079,-4.876482,MOVE_JOINT
1.330000,0.505148,-0.138754,0.009745,-0.005835,-0.064870,0.033900,-4.872170,MOVE_JOINT
1.331000,0.505144,-0.138815,0.009779,-0.005483,-0.063731,0.033925,-4.870643,MOVE_JOINT
1.332000,0.505136,-0.138878,0.009810,-0.006105,-0.063849,0.033239,-4.872008,MOVE_JOINT
1.333000,0.505128,-0.138942,0.009839,-0.006639,-0.064065,0.032423,-4.876293,MOVE_JOINT
1.334000,0.505125,-0.139000,0.009871,-0.005708,-0.062317,0.032229,-4.883486,MOVE_JOINT
1.335000,0.505118,-0.139064,0.009902,-0.006414,-0.063305,0.031690,-4.893578,MOVE_JOINT
1.336000,0.505114,-0.139123,0.009933,-0.004764,-0.061891,0.032055,-4.906558,MOVE_JOINT
1.337000,0.505106,-0.139187,0.009964,-0.005640,-0.062985,0.031611,-4.922390,MOVE_JOINT
1.338000,0.505105,-0.139248,0.009996,-0.004321,-0.062544,0.031957,-4.940986,MOVE_JOINT
1.339000,0.505100,-0.139308,0.010028,-0.004218,-0.061893,0.032301,-4.962192,MOVE_JOINT
1.340000,0.505092,-0.139375,0.010058,-0.005871,-0.063674,0.031329,-4.985765,MOVE_JOINT
1.341000,0.505088,-0.139438,0.010092,-0.005669,-0.064208,0.031914,-5.011398,MOVE_JOINT
1.342000,0.505081,-0.139502,0.010122,-0.005980,-0.063925,0.031401,-5.038753,MOVE_JOINT
1.343000,0.505079,-0.139569,0.010157,-0.004933,-0.064639,0.032227,-5.067497,MOVE_JOINT
1.344000,0.505073,-0.139635,0.010190,-0.005272,-0.065968,0.032943,-5.097282,MOVE_JOINT
1.345000,0.505067,-0.139696,0.010221,-0.005402,-0.064189,0.032143,-5.127730,MOVE_JOINT
1.346000,0.505064,-0.139762,0.010256,-0.004478,-0.064705,0.033148,-5.158437,MOVE_JOINT
1.347000,0.505061,-0.139826,0.010290,-0.004415,-0.064851,0.033324,-5.188991,MOVE_JOINT
1.348000,0.505060,-0.139891,0.010326,-0.002554,-0.064073,0.034610,-5.218978,MOVE_JOINT
1.349000,0.505050,-0.139957,0.010357,-0.004631,-0.064740,0.033601,-5.247964,MOVE_JOINT
1.350000,0.505050,-0.140018,0.010393,-0.003343,-0.063563,0.033888,-5.275521,MOVE_JOINT
1.351000,0.505047,-0.140081,0.010429,-0.003152,-0.063488,0.034804,-5.301272,MOVE_JOINT
1.352000,0.505042,-0.140145,0.010463,-0.003754,-0.062959,0.033862,-5.324903,MOVE_JOINT
1.353000,0.505039,-0.140210,0.010499,-0.003302,-0.063870,0.034790,-5.346156,MOVE_JOINT
1.354000,0.505033,-0.140273,0.010534,-0.004272,-0.063696,0.034755,-5.364836,MOVE_JOINT
1.355000,0.505029,-0.140341,0.010569,-0.004286,-0.064805,0.034720,-5.380806,MOVE_JOINT
1.356000,0.505023,-0.140406,0.010604,-0.004895,-0.064894,0.034749,-5.393987,MOVE_JOINT
1.357000,0.505014,-0.140471,0.010636,-0.005967,-0.064189,0.033701,-5.404364,MOVE_JOINT
1.358000,0.505004,-0.140534,0.010666,-0.006764,-0.064057,0.032797,-5.412014,MOVE_JOINT
1.359000,0.505000,-0.140594,0.010700,-0.006109,-0.062470,0.032887,-5.417137,MOVE_JOINT
1.360000,0.504993,-0.140657,0.010732,-0.006887,-0.062418,0.032543,-5.420056,MOVE_JOINT
1.361000,0.504988,-0.140723,0.010769,-0.005911,-0.063559,0.034147,-5.421146,MOVE_JOINT
1.362000,0.504983,-0.140783,0.010805,-0.006120,-0.062847,0.034231,-5.420747,MOVE_JOINT
1.363000,0.504973,-0.140845,0.010835,-0.006791,-0.062826,0.033211,-5.419090,MOVE_JOINT
1.364000,0.504969,-0.140906,0.010871,-0.006263,-0.062680,0.034425,-5.416311,MOVE_JOINT
1.365000,0.504964,-0.140976,0.010908,-0.005748,-0.065602,0.035463,-5.412483,MOVE_JOINT
1.366000,0.504958,-0.141039,0.010943,-0.005961,-0.064901,0.035563,-5.407614,MOVE_JOINT
1.367000,0.504951,-0.141107,0.010979,-0.006122,-0.065497,0.035576,-5.401635,MOVE_JOINT
1.368000,0.504945,-0.141177,0.011015,-0.005738,-0.066675,0.036110,-5.394442,MOVE_JOINT
1.369000,0.504942,-0.141241,0.011053,-0.004462,-0.065468,0.036968,-5.385929,MOVE_JOINT
1.370000,0.504936,-0.141307,0.011088,-0.005597,-0.065478,0.036102,-5.376015,MOVE_JOINT
1.371000,0.504930,-0.141377,0.011125,-0.004829,-0.066130,0.036841,-5.364645,MOVE_JOINT
1.372000,0.504928,-0.141444,0.011165,-0.003946,-0.066485,0.037943,-5.351805,MOVE_JOINT
1.373000,0.504924,-0.141510,0.011202,-0.003421,-0.066382,0.038118,-5.337493,MOVE_JOINT
1.374000,0.504922,-0.141573,0.011241,-0.002792,-0.065139,0.038270,-5.321686,MOVE_JOINT
1.375000,0.504922,-0.141636,0.011279,-0.003092,-0.064504,0.037620,-5.304359,MOVE_JOINT
1.376000,0.504921,-0.141697,0.011318,-0.002879,-0.063515,0.037612,-5.285529,MOVE_JOINT
1.377000,0.504920,-0.141760,0.011357,-0.001582,-0.063228,0.038430,-5.265278,MOVE_JOINT
1.378000,0.504914,-0.141827,0.011394,-0.003068,-0.064939,0.037697,-5.243748,MOVE_JOINT
1.379000,0.504912,-0.141893,0.011433,-0.002902,-0.065420,0.038045,-5.221131,MOVE_JOINT
1.380000,0.504911,-0.141956,0.011471,-0.002243,-0.064789,0.038186,-5.197673,MOVE_JOINT
1.381000,0.504908,-0.142022,0.011509,-0.002600,-0.064889,0.038042,-5.173663,MOVE_JOINT
1.382000,0.504906,-0.142082,0.011546,-0.002719,-0.063839,0.037562,-5.149411,MOVE_JOINT
1.383000,0.504905,-0.142148,0.011586,-0.002221,-0.064954,0.038231,-5.125228,MOVE_JOINT
1.384000,0.504904,-0.142206,0.011623,-0.001379,-0.063184,0.038198,-5.101411,MOVE_JOINT
1.385000,0.504901,-0.142274,0.011662,-0.001814,-0.063784,0.038004,-5.078213,MOVE_JOINT
1.386000,0.504896,-0.142336,0.011697,-0.002437,-0.063023,0.037448,-5.055836,MOVE_JOINT
1.387000,0.504894,-0.142399,0.011735,-0.002471,-0.062845,0.037030,-5.034458,MOVE_JOINT
1.388000,0.504891,-0.142465,0.011772,-0.002904,-0.063661,0.036516,-5.014281,MOVE_JOINT
1.389000,0.504886,-0.142529,0.011806,-0.003244,-0.062961,0.035862,-4.995557,MOVE_JOINT
1.390000,0.504889,-0.142592,0.011846,-0.001534,-0.063644,0.037321,-4.978583,MOVE_JOINT
1.391000,0.504886,-0.142655,0.011881,-0.002012,-0.063173,0.036580,-4.963649,MOVE_JOINT
1.392000,0.504882,-0.142716,0.011917,-0.002202,-0.061826,0.036277,-4.950970,MOVE_JOINT
1.393000,0.504880,-0.142777,0.011954,-0.002094,-0.061151,0.036132,-4.940680,MOVE_JOINT
1.394000,0.504881,-0.142836,0.011991,-0.001177,-0.060317,0.036465,-4.932836,MOVE_JOINT
1.395000,0.504880,-0.142902,0.012031,-0.001994,-0.061816,0.036729,-4.927420,MOVE_JOINT
1.396000,0.504880,-0.142962,0.012067,-0.002126,-0.061107,0.035993,-4.924328,MOVE_JOINT
1.397000,0.504875,-0.143026,0.012104,-0.002689,-0.062443,0.036383,-4.923400,MOVE_JOINT
1.398000,0.504877,-0.143086,0.012141,-0.001263,-0.061213,0.036494,-4.924442,MOVE_JOINT
1.399000,0.504876,-0.143151,0.012179,-0.001225,-0.062369,0.037365,-4.927236,MOVE_JOINT
1.400000,0.504871,-0.143214,0.012214,-0.001819,-0.062625,0.036903,-4.931535,MOVE_JOINT
1.401000,0.504869,-0.143277,0.012251,-0.002417,-0.062829,0.036418,-4.937068,MOVE_JOINT
1.402000,0.504867,-0.143337,0.012288,-0.002251,-0.061617,0.036705,-4.943580,MOVE_JOINT
1.403000,0.504864,-0.143394,0.012324,-0.003165,-0.060698,0.035813,-4.950858,MOVE_JOINT
1.404000,0.504862,-0.143454,0.012361,-0.002882,-0.060341,0.036061,-4.958733,MOVE_JOINT
1.405000,0.504861,-0.143515,0.012398,-0.002384,-0.061071,0.036494,-4.967074,MOVE_JOINT
1.406000,0.504861,-0.143574,0.012436,-0.001878,-0.059581,0.036362,-4.975774,MOVE_JOINT
1.407000,0.504857,-0.143634,0.012469,-0.002024,-0.059832,0.035787,-4.984739,MOVE_JOINT
1.408000,0.504855,-0.143693,0.012504,-0.002112,-0.059685,0.035286,-4.993909,MOVE_JOINT
1.409000,0.504850,-0.143754,0.012535,-0.003309,-0.060389,0.034315,-5.003293,MOVE_JOINT
1.410000,0.504846,-0.143816,0.012569,-0.004124,-0.061390,0.033931,-5.013023,MOVE_JOINT
1.411000,0.504842,-0.143875,0.012602,-0.003794,-0.060550,0.033614,-5.023358,MOVE_JOINT
1.412000,0.504842,-0.143938,0.012638,-0.003394,-0.061434,0.034199,-5.034643,MOVE_JOINT
1.413000,0.504842,-0.143999,0.012675,-0.002566,-0.061576,0.034858,-5.047215,MOVE_JOINT
1.414000,0.504838,-0.144067,0.012709,-0.002970,-0.063649,0.035006,-5.061304,MOVE_JOINT
1.415000,0.504840,-0.144130,0.012748,-0.001082,-0.063807,0.036538,-5.076992,MOVE_JOINT
1.416000,0.504833,-0.144190,0.012779,-0.003056,-0.063034,0.034682,-5.094209,MOVE_JOINT
1.417000,0.504830,-0.144250,0.012814,-0.003493,-0.061784,0.034401,-5.112785,MOVE_JOINT
1.418000,0.504830,-0.144312,0.012848,-0.002362,-0.061891,0.034219,-5.132520,MOVE_JOINT
1.419000,0.504828,-0.144373,0.012881,-0.001979,-0.061418,0.034010,-5.153246,MOVE_JOINT
1.420000,0.504825,-0.144432,0.012914,-0.002494,-0.060958,0.033891,-5.174832,MOVE_JOINT
1.421000,0.504822,-0.144499,0.012952,-0.001967,-0.062524,0.035296,-5.197151,MOVE_JOINT
1.422000,0.504821,-0.144559,0.012986,-0.001777,-0.062193,0.035264,-5.220024,MOVE_JOINT
1.423000,0.504822,-0.144621,0.013022,-0.001078,-0.061923,0.035378,-5.243176,MOVE_JOINT
1.424000,0.504817,-0.144684,0.013058,-0.002832,-0.062417,0.034932,-5.266259,MOVE_JOINT
1.425000,0.504813,-0.144752,0.013091,-0.002965,-0.063851,0.034432,-5.288913,MOVE_JOINT
1.426000,0.504812,-0.144813,0.013127,-0.002673,-0.063125,0.034800,-5.310834,MOVE_JOINT
1.427000,0.504811,-0.144881,0.013164,-0.002766,-0.064706,0.035293,-5.331803,MOVE_JOINT
1.428000,0.504806,-0.144949,0.013199,-0.003543,-0.065962,0.035226,-5.351672,MOVE_JOINT
1.429000,0.504806,-0.145012,0.013235,-0.002911,-0.065097,0.035365,-5.370328,MOVE_JOINT
1.430000,0.504801,-0.145076,0.013268,-0.003613,-0.064725,0.034599,-5.387690,MOVE_JOINT
1.431000,0.504801,-0.145138,0.013303,-0.003114,-0.064097,0.034808,-5.403711,MOVE_JOINT
1.432000,0.504799,-0.145199,0.013337,-0.003294,-0.063800,0.034645,-5.418385,MOVE_JOINT
1.433000,0.504795,-0.145260,0.013369,-0.002828,-0.063103,0.033949,-5.431735,MOVE_JOINT
1.434000,0.504797,-0.145324,0.013407,-0.001516,-0.063480,0.035232,-5.443815,MOVE_JOINT
1.435000,0.504793,-0.145386,0.013439,-0.001799,-0.063214,0.034865,-5.454687,MOVE_JOINT
1.436000,0.504793,-0.145448,0.013475,-0.001798,-0.063234,0.034899,-5.464392,MOVE_JOINT
1.437000,0.504792,-0.145513,0.013510,-0.001637,-0.063620,0.034749,-5.472950,MOVE_JOINT
1.438000,0.504790,-0.145582,0.013548,-0.000279,-0.064120,0.036046,-5.480366,MOVE_JOINT
1.439000,0.504787,-0.145653,0.013583,-0.001403,-0.066422,0.035910,-5.486620,MOVE_JOINT
1.440000,0.504784,-0.145718,0.013618,-0.001584,-0.066111,0.035342,-5.491667,MOVE_JOINT
1.441000,0.504780,-0.145784,0.013651,-0.002076,-0.065869,0.034835,-5.495479,MOVE_JOINT
1.442000,0.504774,-0.145849,0.013684,-0.003145,-0.065332,0.033965,-5.498097,MOVE_JOINT
1.443000,0.504771,-0.145913,0.013716,-0.003363,-0.064993,0.033382,-5.499666,MOVE_JOINT
1.444000,0.504770,-0.145978,0.013750,-0.002405,-0.064432,0.033819,-5.500427,MOVE_JOINT
1.445000,0.504769,-0.146039,0.013785,-0.001816,-0.063101,0.034130,-5.500665,MOVE_JOINT
1.446000,0.504767,-0.146104,0.013821,-0.001338,-0.063363,0.034554,-5.500622,MOVE_JOINT
1.447000,0.504762,-0.146168,0.013854,-0.002859,-0.063094,0.033691,-5.500431,MOVE_JOINT
1.448000,0.504756,-0.146236,0.013886,-0.004116,-0.065482,0.033150,-5.500141,MOVE_JOINT
1.449000,0.504755,-0.146297,0.013920,-0.003046,-0.063387,0.033169,-5.499794,MOVE_JOINT
1.450000,0.504751,-0.146363,0.013954,-0.003361,-0.064774,0.033495,-5.499462,MOVE_JOINT
1.451000,0.504749,-0.146429,0.013989,-0.002996,-0.064776,0.033626,-5.499225,MOVE_JOINT
1.452000,0.504742,-0.146493,0.014019,-0.004384,-0.064781,0.032613,-5.499139,MOVE_JOINT
1.453000,0.504735,-0.146560,0.014051,-0.005102,-0.065302,0.032428,-5.499248,MOVE_JOINT
1.454000,0.504735,-0.146621,0.014087,-0.003634,-0.064546,0.033390,-5.499602,MOVE_JOINT
1.455000,0.504730,-0.146689,0.014121,-0.004068,-0.066032,0.033770,-5.500236,MOVE_JOINT
1.456000,0.504727,-0.146751,0.014154,-0.004017,-0.065075,0.033805,-5.501118,MOVE_JOINT
1.457000,0.504723,-0.146816,0.014189,-0.004438,-0.065629,0.033822,-5.502133,MOVE_JOINT
1.458000,0.504717,-0.146883,0.014224,-0.004903,-0.066207,0.033927,-5.503093,MOVE_JOINT
1.459000,0.504715,-0.146942,0.014256,-0.004204,-0.063797,0.033606,-5.503780,MOVE_JOINT
1.460000,0.504712,-0.147008,0.014293,-0.003563,-0.064785,0.034460,-5.503966,MOVE_JOINT
1.461000,0.504711,-0.147070,0.014328,-0.002890,-0.064039,0.034908,-5.503425,MOVE_JOINT
1.462000,0.504706,-0.147133,0.014360,-0.003844,-0.064702,0.034217,-5.501939,MOVE_JOINT
1.463000,0.504703,-0.147193,0.014393,-0.003169,-0.062382,0.033530,-5.499327,MOVE_JOINT
1.464000,0.504697,-0.147256,0.014424,-0.004048,-0.061970,0.032581,-5.495503,MOVE_JOINT
1.465000,0.504695,-0.147317,0.014458,-0.003250,-0.061637,0.032993,-5.490517,MOVE_JOINT
1.466000,0.504693,-0.147376,0.014490,-0.002778,-0.060810,0.032952,-5.484539,MOVE_JOINT
1.467000,0.504694,-0.147439,0.014526,-0.000765,-0.060972,0.033991,-5.477799,MOVE_JOINT
1.468000,0.504682,-0.147500,0.014554,-0.003670,-0.060887,0.032268,-5.470538,MOVE_JOINT
1.469000,0.504679,-0.147560,0.014585,-0.002894,-0.060453,0.032586,-5.463000,MOVE_JOINT
1.470000,0.504675,-0.147624,0.014618,-0.003035,-0.061207,0.032650,-5.455443,MOVE_JOINT
1.471000,0.504671,-0.147687,0.014649,-0.002600,-0.061538,0.032882,-5.448133,MOVE_JOINT
1.472000,0.504663,-0.147748,0.014679,-0.003847,-0.061614,0.032139,-5.441314,MOVE_JOINT
1.473000,0.504658,-0.147815,0.014712,-0.003870,-0.062771,0.032263,-5.435213,MOVE_JOINT
1.474000,0.504648,-0.147874,0.014738,-0.005697,-0.061541,0.030487,-5.430062,MOVE_JOINT
1.475000,0.504647,-0.147935,0.014770,-0.004394,-0.061628,0.031183,-5.426132,MOVE_JOINT
1.476000,0.504641,-0.147995,0.014804,-0.004460,-0.061014,0.031683,-5.423704,MOVE_JOINT
1.477000,0.504637,-0.148058,0.014837,-0.004452,-0.061547,0.032188,-5.423013,MOVE_JOINT
1.478000,0.504628,-0.148121,0.014867,-0.006094,-0.062457,0.031668,-5.424174,MOVE_JOINT
1.479000,0.504625,-0.148180,0.014899,-0.004366,-0.060974,0.032457,-5.427175,MOVE_JOINT
1.480000,0.504617,-0.148244,0.014932,-0.005473,-0.062347,0.032833,-5.431887,MOVE_JOINT
1.481000,0.504616,-0.148304,0.014965,-0.003663,-0.061864,0.033139,-5.438073,MOVE_JOINT
1.482000,0.504606,-0.148368,0.014995,-0.006067,-0.062594,0.032334,-5.445410,MOVE_JOINT
1.483000,0.504599,-0.148432,0.015030,-0.006717,-0.063156,0.032582,-5.453542,MOVE_JOINT
1.484000,0.504590,-0.148495,0.015061,-0.006451,-0.063017,0.032540,-5.462133,MOVE_JOINT
1.485000,0.504589,-0.148559,0.015098,-0.004983,-0.063048,0.033908,-5.470873,MOVE_JOINT
1.486000,0.504579,-0.148624,0.015128,-0.006465,-0.063470,0.032767,-5.479465,MOVE_JOINT
1.487000,0.504573,-0.148686,0.015162,-0.005715,-0.063301,0.033296,-5.487628,MOVE_JOINT
1.488000,0.504566,-0.148748,0.015196,-0.005433,-0.062255,0.033853,-5.495110,MOVE_JOINT
1.489000,0.504558,-0.148807,0.015227,-0.006148,-0.061170,0.032863,-5.501690,MOVE_JOINT
1.490000,0.504549,-0.148870,0.015260,-0.007030,-0.061711,0.032926,-5.507165,MOVE_JOINT
1.491000,0.504542,-0.148935,0.015297,-0.006452,-0.062798,0.034377,-5.511378,MOVE_JOINT
1.492000,0.504536,-0.148992,0.015329,-0.006221,-0.061282,0.034052,-5.514211,MOVE_JOINT
1.493000,0.504531,-0.149057,0.015365,-0.005654,-0.062247,0.034800,-5.515557,MOVE_JOINT
1.494000,0.504524,-0.149120,0.015399,-0.005555,-0.062799,0.034933,-5.515315,MOVE_JOINT
1.495000,0.504518,-0.149181,0.015433,-0.005507,-0.062308,0.034928,-5.513415,MOVE_JOINT
1.496000,0.504507,-0.149245,0.015464,-0.006716,-0.062666,0.033842,-5.509841,MOVE_JOINT
1.497000,0.504499,-0.149306,0.015496,-0.006860,-0.062016,0.033396,-5.504672,MOVE_JOINT
1.498000,0.504494,-0.149369,0.015531,-0.007078,-0.062722,0.033301,-5.498109,MOVE_JOINT
1.499000,0.504484,-0.149433,0.015562,-0.007778,-0.063184,0.032970,-5.490475,MOVE_JOINT
1.500000,0.504479,-0.149497,0.015598,-0.007579,-0.064008,0.033564,-5.482175,MOVE_JOINT
1.501000,0.504471,-0.149561,0.015631,-0.007164,-0.064194,0.033758,-5.473637,MOVE_JOINT
1.502000,0.504464,-0.149623,0.015663,-0.007010,-0.063639,0.033657,-5.465252,MOVE_JOINT
1.503000,0.504457,-0.149688,0.015698,-0.006784,-0.063777,0.033722,-5.457342,MOVE_JOINT
1.504000,0.504454,-0.149757,0.015735,-0.005709,-0.065380,0.034980,-5.450145,MOVE_JOINT
1.505000,0.504446,-0.149821,0.015767,-0.006678,-0.064922,0.033888,-5.443815,MOVE_JOINT
1.506000,0.504441,-0.149885,0.015801,-0.006020,-0.064443,0.034172,-5.438436,MOVE_JOINT
1.507000,0.504434,-0.149946,0.015833,-0.006264,-0.062926,0.033308,-5.434051,MOVE_JOINT
1.508000,0.504425,-0.150010,0.015865,-0.006586,-0.063196,0.033031,-5.430694,MOVE_JOINT
1.509000,0.504417,-0.150073,0.015898,-0.007277,-0.063702,0.033045,-5.428407,MOVE_JOINT
1.510000,0.504411,-0.150136,0.015931,-0.007806,-0.063750,0.032744,-5.427252,MOVE_JOINT
1.511000,0.504406,-0.150196,0.015965,-0.006657,-0.062333,0.033045,-5.427293,MOVE_JOINT
1.512000,0.504399,-0.150259,0.015999,-0.006427,-0.062268,0.033214,-5.428552,MOVE_JOINT
1.513000,0.504391,-0.150323,0.016033,-0.007043,-0.062807,0.033349,-5.430964,MOVE_JOINT
1.514000,0.504388,-0.150385,0.016069,-0.005951,-0.062671,0.034160,-5.434356,MOVE_JOINT
1.515000,0.504380,-0.150449,0.016101,-0.006212,-0.063161,0.033661,-5.438453,MOVE_JOINT
1.516000,0.504376,-0.150513,0.016138,-0.006016,-0.063275,0.034390,-5.442913,MOVE_JOINT
1.517000,0.504372,-0.150578,0.016177,-0.005965,-0.063822,0.035344,-5.447366,MOVE_JOINT
1.518000,0.504362,-0.150642,0.016210,-0.006669,-0.062701,0.033995,-5.451427,MOVE_JOINT
1.519000,0.504361,-0.150701,0.016246,-0.005579,-0.062251,0.034527,-5.454730,MOVE_JOINT
1.520000,0.504351,-0.150760,0.016277,-0.006339,-0.060843,0.033746,-5.456979,MOVE_JOINT
1.521000,0.504351,-0.150821,0.016316,-0.004361,-0.060743,0.035673,-5.457973,MOVE_JOINT
1.522000,0.504351,-0.150879,0.016354,-0.003077,-0.060248,0.036407,-5.457551,MOVE_JOINT
1.523000,0.504346,-0.150936,0.016387,-0.003311,-0.059214,0.035487,-5.455530,MOVE_JOINT
1.524000,0.504340,-0.151001,0.016422,-0.004418,-0.061069,0.035119,-5.451718,MOVE_JOINT
1.525000,0.504340,-0.151063,0.016461,-0.003206,-0.061715,0.036755,-5.445986,MOVE_JOINT
1.526000,0.504336,-0.151125,0.016495,-0.003221,-0.061745,0.035756,-5.438318,MOVE_JOINT
1.527000,0.504330,-0.151186,0.016527,-0.003616,-0.061364,0.034663,-5.428813,MOVE_JOINT
1.528000,0.504329,-0.151248,0.016564,-0.002784,-0.060967,0.035073,-5.417706,MOVE_JOINT
1.529000,0.504321,-0.151310,0.016594,-0.005076,-0.061550,0.033226,-5.405383,MOVE_JOINT
1.530000,0.504318,-0.151369,0.016629,-0.004541,-0.060918,0.033954,-5.392356,MOVE_JOINT
1.531000,0.504318,-0.151428,0.016665,-0.002661,-0.059730,0.035063,-5.379195,MOVE_JOINT
1.532000,0.504311,-0.151489,0.016696,-0.004186,-0.060732,0.033812,-5.366412,MOVE_JOINT
1.533000,0.504305,-0.151548,0.016729,-0.003785,-0.060308,0.034410,-5.354386,MOVE_JOINT
1.534000,0.504299,-0.151604,0.016760,-0.004135,-0.058603,0.033611,-5.343371,MOVE_JOINT
1.535000,0.504296,-0.151661,0.016793,-0.004203,-0.058045,0.033298,-5.333532,MOVE_JOINT
1.536000,0.504291,-0.151716,0.016825,-0.004061,-0.056652,0.033111,-5.324974,MOVE_JOINT
1.537000,0.504288,-0.151777,0.016860,-0.004192,-0.058437,0.033535,-5.317758,MOVE_JOINT
1.538000,0.504281,-0.151833,0.016893,-0.004808,-0.057748,0.033754,-5.311907,MOVE_JOINT
1.539000,0.504273,-0.151892,0.016924,-0.006187,-0.058187,0.032841,-5.307396,MOVE_JOINT
1.540000,0.504267,-0.151953,0.016957,-0.006142,-0.058419,0.032665,-5.304167,MOVE_JOINT
1.541000,0.504259,-0.152010,0.016988,-0.007132,-0.058141,0.031999,-5.302171,MOVE_JOINT
1.542000,0.504256,-0.152068,0.017022,-0.006381,-0.057905,0.032432,-5.301390,MOVE_JOINT
1.543000,0.504256,-0.152130,0.017061,-0.004877,-0.059176,0.034380,-5.301823,MOVE_JOINT
1.544000,0.504248,-0.152193,0.017093,-0.005506,-0.060236,0.033776,-5.303417,MOVE_JOINT
1.545000,0.504247,-0.152251,0.017131,-0.003731,-0.060048,0.035170,-5.306030,MOVE_JOINT
1.546000,0.504238,-0.152313,0.017162,-0.005090,-0.060442,0.034318,-5.309449,MOVE_JOINT
1.547000,0.504237,-0.152374,0.017200,-0.004290,-0.060901,0.034950,-5.313441,MOVE_JOINT
1.548000,0.504233,-0.152437,0.017236,-0.004158,-0.062159,0.035418,-5.317782,MOVE_JOINT
1.549000,0.504229,-0.152500,0.017274,-0.004178,-0.062326,0.036064,-5.322272,MOVE_JOINT
1.550000,0.504223,-0.152560,0.017308,-0.004726,-0.060872,0.035157,-5.326709,MOVE_JOINT
1.551000,0.504220,-0.152617,0.017343,-0.004094,-0.060095,0.035592,-5.330892,MOVE_JOINT
1.552000,0.504217,-0.152681,0.017381,-0.003960,-0.061307,0.036233,-5.334633,MOVE_JOINT
1.553000,0.504211,-0.152740,0.017416,-0.004392,-0.060720,0.035935,-5.337761,MOVE_JOINT
1.554000,0.504206,-0.152798,0.017450,-0.004777,-0.060236,0.035213,-5.340125,MOVE_JOINT
1.555000,0.504203,-0.152858,0.017486,-0.004794,-0.060361,0.035233,-5.341614,MOVE_JOINT
1.556000,0.504200,-0.152919,0.017523,-0.004220,-0.060524,0.035713,-5.342194,MOVE_JOINT
1.557000,0.504197,-0.152981,0.017560,-0.003681,-0.061191,0.036302,-5.341879,MOVE_JOINT
1.558000,0.504188,-0.153040,0.017591,-0.005234,-0.061323,0.034891,-5.340709,MOVE_JOINT
1.559000,0.504181,-0.153102,0.017625,-0.006020,-0.061828,0.034663,-5.338760,MOVE_JOINT
1.560000,0.504174,-0.153164,0.017659,-0.006299,-0.062667,0.034780,-5.336178,MOVE_JOINT
1.561000,0.504167,-0.153222,0.017689,-0.007134,-0.061406,0.033165,-5.333199,MOVE_JOINT
1.562000,0.504163,-0.153284,0.017726,-0.006153,-0.061457,0.034071,-5.330130,MOVE_JOINT
1.563000,0.504155,-0.153347,0.017758,-0.006866,-0.062218,0.033490,-5.327323,MOVE_JOINT
1.564000,0.504156,-0.153408,0.017797,-0.004806,-0.062018,0.035049,-5.325111,MOVE_JOINT
1.565000,0.504149,-0.153470,0.017831,-0.005194,-0.061611,0.034237,-5.323751,MOVE_JOINT
1.566000,0.504146,-0.153532,0.017867,-0.005497,-0.061758,0.034595,-5.323385,MOVE_JOINT
1.567000,0.504143,-0.153594,0.017906,-0.004377,-0.062016,0.035809,-5.324039,MOVE_JOINT
1.568000,0.504141,-0.153656,0.017942,-0.004791,-0.062551,0.035632,-5.325626,MOVE_JOINT
1.569000,0.504139,-0.153716,0.017979,-0.004014,-0.062746,0.036288,-5.327952,MOVE_JOINT
1.570000,0.504134,-0.153780,0.018016,-0.004551,-0.062939,0.036128,-5.330752,MOVE_JOINT
1.571000,0.504133,-0.153849,0.018056,-0.003563,-0.064330,0.037245,-5.333726,MOVE_JOINT
1.572000,0.504128,-0.153913,0.018092,-0.004431,-0.064002,0.036936,-5.336560,MOVE_JOINT
1.573000,0.504128,-0.153976,0.018134,-0.003348,-0.063390,0.038155,-5.338929,MOVE_JOINT
1.574000,0.504127,-0.154043,0.018173,-0.002751,-0.064859,0.038495,-5.340486,MOVE_JOINT
1.575000,0.504125,-0.154104,0.018213,-0.002780,-0.064222,0.038846,-5.340857,MOVE_JOINT
1.576000,0.504118,-0.154171,0.018251,-0.003090,-0.064836,0.039161,-5.339666,MOVE_JOINT
1.577000,0.504117,-0.154232,0.018289,-0.002068,-0.062957,0.038689,-5.336573,MOVE_JOINT
1.578000,0.504112,-0.154295,0.018327,-0.003020,-0.062901,0.038373,-5.331318,MOVE_JOINT
1.579000,0.504106,-0.154358,0.018363,-0.003901,-0.062800,0.037290,-5.323773,MOVE_JOINT
1.580000,0.504100,-0.154424,0.018400,-0.004281,-0.063486,0.037135,-5.313983,MOVE_JOINT
1.581000,0.504098,-0.154487,0.018437,-0.003468,-0.063108,0.036938,-5.302183,MOVE_JOINT
1.582000,0.504092,-0.154551,0.018473,-0.004269,-0.063042,0.036781,-5.288770,MOVE_JOINT
1.583000,0.504091,-0.154611,0.018511,-0.003532,-0.062635,0.037169,-5.274231,MOVE_JOINT
1.584000,0.504090,-0.154667,0.018548,-0.003029,-0.060699,0.036693,-5.259061,MOVE_JOINT
1.585000,0.504086,-0.154729,0.018585,-0.003556,-0.060326,0.036241,-5.243696,MOVE_JOINT
1.586000,0.504083,-0.154792,0.018621,-0.003339,-0.061442,0.036271,-5.228512,MOVE_JOINT
1.587000,0.504079,-0.154852,0.018659,-0.003970,-0.060788,0.036442,-5.213837,MOVE_JOINT
1.588000,0.504074,-0.154913,0.018692,-0.004384,-0.060759,0.035776,-5.199966,MOVE_JOINT
1.589000,0.504069,-0.154979,0.018731,-0.004636,-0.062717,0.036776,-5.187145,MOVE_JOINT
1.590000,0.504067,-0.155043,0.018767,-0.004144,-0.063677,0.036539,-5.175571,MOVE_JOINT
1.591000,0.504061,-0.155106,0.018802,-0.004634,-0.063557,0.035814,-5.165393,MOVE_JOINT
1.592000,0.504057,-0.155174,0.018838,-0.004361,-0.064033,0.035801,-5.156736,MOVE_JOINT
1.593000,0.504056,-0.155237,0.018876,-0.002327,-0.063410,0.036890,-5.149723,MOVE_JOINT
1.594000,0.504050,-0.155303,0.018913,-0.002728,-0.063657,0.036909,-5.144448,MOVE_JOINT
1.595000,0.504047,-0.155367,0.018951,-0.002943,-0.063395,0.037136,-5.140920,MOVE_JOINT
1.596000,0.504041,-0.155429,0.018985,-0.003705,-0.062938,0.035756,-5.139061,MOVE_JOINT
1.597000,0.504040,-0.155491,0.019025,-0.003210,-0.062947,0.037073,-5.138755,MOVE_JOINT
1.598000,0.504037,-0.155555,0.019062,-0.003004,-0.063121,0.037062,-5.139882,MOVE_JOINT
1.599000,0.504034,-0.155617,0.019099,-0.003894,-0.063135,0.036783,-5.142301,MOVE_JOINT
1.600000,0.504031,-0.155677,0.019136,-0.003791,-0.062223,0.037162,-5.145828,MOVE_JOINT
1.601000,0.504026,-0.155740,0.019172,-0.004491,-0.062710,0.036686,-5.150250,MOVE_JOINT
1.602000,0.504019,-0.155802,0.019206,-0.005373,-0.062826,0.035852,-5.155354,MOVE_JOINT
1.603000,0.504016,-0.155865,0.019244,-0.004988,-0.062965,0.036572,-5.160977,MOVE_JOINT
1.604000,0.504008,-0.155931,0.019279,-0.006147,-0.064164,0.035630,-5.167021,MOVE_JOINT
1.605000,0.504005,-0.155994,0.019317,-0.005692,-0.063630,0.035722,-5.173445,MOVE_JOINT
1.606000,0.503998,-0.156059,0.019354,-0.005661,-0.064056,0.036265,-5.180247,MOVE_JOINT
1.607000,0.503992,-0.156123,0.019389,-0.005870,-0.063934,0.036135,-5.187440,MOVE_JOINT
1.608000,0.503988,-0.156183,0.019425,-0.004915,-0.063374,0.036722,-5.195002,MOVE_JOINT
1.609000,0.503988,-0.156243,0.019465,-0.003786,-0.061911,0.037376,-5.202850,MOVE_JOINT
1.610000,0.503980,-0.156303,0.019499,-0.005021,-0.061186,0.036194,-5.210813,MOVE_JOINT
1.611000,0.503968,-0.156367,0.019529,-0.007254,-0.061988,0.034604,-5.218665,MOVE_JOINT
1.612000,0.503967,-0.156422,0.019565,-0.005300,-0.060070,0.034867,-5.226234,MOVE_JOINT
1.613000,0.503959,-0.156480,0.019598,-0.005400,-0.059293,0.034519,-5.233474,MOVE_JOINT
1.614000,0.503952,-0.156543,0.019630,-0.006041,-0.060576,0.034071,-5.240450,MOVE_JOINT
1.615000,0.503948,-0.156605,0.019666,-0.005797,-0.061724,0.034643,-5.247292,MOVE_JOINT
1.616000,0.503945,-0.156668,0.019705,-0.005079,-0.062009,0.035897,-5.254148,MOVE_JOINT
1.617000,0.503940,-0.156729,0.019738,-0.004890,-0.061810,0.035141,-5.261131,MOVE_JOINT
1.618000,0.503933,-0.156793,0.019771,-0.005426,-0.062093,0.034299,-5.268272,MOVE_JOINT
1.619000,0.503928,-0.156848,0.019802,-0.005420,-0.059766,0.033491,-5.275581,MOVE_JOINT
1.620000,0.503921,-0.156910,0.019835,-0.005336,-0.060017,0.033681,-5.283103,MOVE_JOINT
1.621000,0.503912,-0.156967,0.019865,-0.006426,-0.059392,0.032510,-5.290928,MOVE_JOINT
1.622000,0.503909,-0.157022,0.019901,-0.005076,-0.057318,0.033503,-5.299162,MOVE_JOINT
1.623000,0.503900,-0.157078,0.019928,-0.006138,-0.057007,0.031785,-5.307892,MOVE_JOINT
1.624000,0.503900,-0.157135,0.019965,-0.003812,-0.056779,0.033903,-5.317151,MOVE_JOINT
1.625000,0.503892,-0.157199,0.020000,-0.004972,-0.058817,0.034320,-5.326891,MOVE_JOINT
1.626000,0.503885,-0.157253,0.020031,-0.005757,-0.057422,0.033134,-5.336944,MOVE_JOINT
1.627000,0.503880,-0.157314,0.020066,-0.005936,-0.058392,0.033225,-5.347050,MOVE_JOINT
1.628000,0.503874,-0.157369,0.020100,-0.006211,-0.057706,0.033120,-5.356939,MOVE_JOINT
1.629000,0.503868,-0.157431,0.020135,-0.006273,-0.058864,0.033595,-5.366393,MOVE_JOINT
1.630000,0.503865,-0.157489,0.020173,-0.005734,-0.058519,0.034260,-5.375249,MOVE_JOINT
1.631000,0.503858,-0.157550,0.020209,-0.005951,-0.059371,0.035135,-5.383373,MOVE_JOINT
1.632000,0.503859,-0.157608,0.020248,-0.004537,-0.059123,0.036035,-5.390620,MOVE_JOINT
1.633000,0.503854,-0.157664,0.020281,-0.005218,-0.058450,0.034719,-5.396806,MOVE_JOINT
1.634000,0.503847,-0.157732,0.020319,-0.005619,-0.062204,0.036048,-5.401753,MOVE_JOINT
1.635000,0.503842,-0.157792,0.020356,-0.004929,-0.061200,0.036251,-5.405350,MOVE_JOINT
1.636000,0.503840,-0.157855,0.020394,-0.004184,-0.062385,0.036901,-5.407572,MOVE_JOINT
1.637000,0.503837,-0.157915,0.020430,-0.003355,-0.061567,0.037018,-5.408451,MOVE_JOINT
1.638000,0.503834,-0.157979,0.020469,-0.003542,-0.062547,0.037400,-5.408060,MOVE_JOINT
1.639000,0.503829,-0.158042,0.020505,-0.003350,-0.062377,0.037630,-5.406500,MOVE_JOINT
1.640000,0.503829,-0.158106,0.020544,-0.002388,-0.063255,0.038143,-5.403897,MOVE_JOINT
1.641000,0.503827,-0.158166,0.020580,-0.002473,-0.062201,0.037499,-5.400398,MOVE_JOINT
1.642000,0.503824,-0.158231,0.020617,-0.002802,-0.062847,0.037048,-5.396185,MOVE_JOINT
1.643000,0.503820,-0.158295,0.020655,-0.002999,-0.063210,0.037937,-5.391484,MOVE_JOINT
1.644000,0.503819,-0.158353,0.020689,-0.003030,-0.062695,0.036697,-5.386561,MOVE_JOINT
1.645000,0.503813,-0.158416,0.020723,-0.003153,-0.062357,0.036461,-5.381704,MOVE_JOINT
1.646000,0.503811,-0.158480,0.020762,-0.003035,-0.063245,0.037197,-5.377230,MOVE_JOINT
1.647000,0.503807,-0.158548,0.020799,-0.003576,-0.064052,0.037220,-5.373454,MOVE_JOINT
1.648000,0.503803,-0.158612,0.020835,-0.002822,-0.063911,0.036906,-5.370632,MOVE_JOINT
1.649000,0.503797,-0.158679,0.020872,-0.004010,-0.064769,0.036594,-5.368944,MOVE_JOINT
1.650000,0.503797,-0.158743,0.020910,-0.003523,-0.065069,0.037112,-5.368527,MOVE_JOINT
1.651000,0.503795,-0.158808,0.020949,-0.003087,-0.064803,0.037450,-5.369481,MOVE_JOINT
1.652000,0.503792,-0.158873,0.020986,-0.003023,-0.064274,0.037271,-5.371852,MOVE_JOINT
1.653000,0.503792,-0.158936,0.021026,-0.002729,-0.063998,0.037826,-5.375616,MOVE_JOINT
1.654000,0.503788,-0.158999,0.021062,-0.003293,-0.063518,0.036899,-5.380678,MOVE_JOINT
1.655000,0.503787,-0.159062,0.021100,-0.002457,-0.063486,0.037316,-5.386891,MOVE_JOINT
1.656000,0.503788,-0.159126,0.021142,-0.001306,-0.063788,0.038960,-5.394083,MOVE_JOINT
1.657000,0.503784,-0.159187,0.021179,-0.001755,-0.062996,0.038986,-5.402032,MOVE_JOINT
1.658000,0.503782,-0.159251,0.021220,-0.001901,-0.063375,0.039136,-5.410431,MOVE_JOINT
1.659000,0.503782,-0.159314,0.021257,-0.001670,-0.063250,0.038801,-5.418911,MOVE_JOINT
1.660000,0.503777,-0.159381,0.021294,-0.001714,-0.063833,0.038434,-5.427118,MOVE_JOINT
1.661000,0.503774,-0.159456,0.021338,-0.001832,-0.067589,0.040146,-5.434775,MOVE_JOINT
1.662000,0.503772,-0.159520,0.021376,-0.002072,-0.067043,0.039744,-5.441699,MOVE_JOINT
1.663000,0.503770,-0.159587,0.021416,-0.001639,-0.067195,0.039953,-5.447777,MOVE_JOINT
1.664000,0.503764,-0.159653,0.021453,-0.003768,-0.066834,0.038293,-5.452961,MOVE_JOINT
1.665000,0.503765,-0.159717,0.021494,-0.002002,-0.065749,0.039545,-5.457287,MOVE_JOINT
1.666000,0.503759,-0.159780,0.021531,-0.002962,-0.064952,0.038813,-5.460870,MOVE_JOINT
1.667000,0.503758,-0.159846,0.021571,-0.003264,-0.065617,0.038982,-5.463863,MOVE_JOINT
1.668000,0.503755,-0.159909,0.021609,-0.003375,-0.065439,0.038921,-5.466432,MOVE_JOINT
1.669000,0.503755,-0.159973,0.021651,-0.002343,-0.064871,0.039861,-5.468747,MOVE_JOINT
1.670000,0.503750,-0.160034,0.021686,-0.002665,-0.063277,0.038483,-5.470947,MOVE_JOINT
1.671000,0.503745,-0.160096,0.021723,-0.003607,-0.063019,0.037697,-5.473137,MOVE_JOINT
1.672000,0.503743,-0.160162,0.021764,-0.002498,-0.063727,0.038915,-5.475420,MOVE_JOINT
1.673000,0.503735,-0.160227,0.021797,-0.004396,-0.063730,0.036939,-5.477911,MOVE_JOINT
1.674000,0.503731,-0.160296,0.021835,-0.004794,-0.065326,0.037215,-5.480748,MOVE_JOINT
1.675000,0.503730,-0.160357,0.021873,-0.003890,-0.063916,0.037229,-5.484107,MOVE_JOINT
1.676000,0.503720,-0.160424,0.021909,-0.005456,-0.065183,0.036884,-5.488184,MOVE_JOINT
1.677000,0.503714,-0.160486,0.021943,-0.005811,-0.063949,0.035754,-5.493162,MOVE_JOINT
1.678000,0.503714,-0.160552,0.021985,-0.004210,-0.064159,0.037431,-5.499186,MOVE_JOINT
1.679000,0.503710,-0.160616,0.022020,-0.004145,-0.064156,0.036886,-5.506339,MOVE_JOINT
1.680000,0.503705,-0.160675,0.022056,-0.005153,-0.063367,0.036681,-5.514606,MOVE_JOINT
1.681000,0.503702,-0.160736,0.022094,-0.004754,-0.062979,0.036612,-5.523871,MOVE_JOINT
1.682000,0.503698,-0.160801,0.022131,-0.004368,-0.063279,0.036771,-5.533952,MOVE_JOINT
1.683000,0.503700,-0.160863,0.022172,-0.002767,-0.063541,0.038168,-5.544610,MOVE_JOINT
1.684000,0.503692,-0.160927,0.022208,-0.004335,-0.063525,0.037233,-5.555544,MOVE_JOINT
1.685000,0.503694,-0.160988,0.022249,-0.002403,-0.063061,0.038264,-5.566400,MOVE_JOINT
1.686000,0.503687,-0.161052,0.022285,-0.004324,-0.063578,0.037541,-5.576796,MOVE_JOINT
1.687000,0.503683,-0.161114,0.022322,-0.004334,-0.062852,0.037182,-5.586371,MOVE_JOINT
1.688000,0.503684,-0.161174,0.022364,-0.002064,-0.061959,0.039098,-5.594821,MOVE_JOINT
1.689000,0.503683,-0.161237,0.022404,-0.002059,-0.062882,0.039425,-5.601875,MOVE_JOINT
1.690000,0.503680,-0.161300,0.022443,-0.002537,-0.062786,0.038880,-5.607257,MOVE_JOINT
1.691000,0.503684,-0.161365,0.022488,-0.000085,-0.063124,0.040875,-5.610700,MOVE_JOINT
1.692000,0.503679,-0.161431,0.022527,-0.001236,-0.064457,0.040647,-5.611974,MOVE_JOINT
1.693000,0.503675,-0.161492,0.022565,-0.001848,-0.063840,0.040111,-5.610889,MOVE_JOINT
1.694000,0.503677,-0.161552,0.022608,-0.000276,-0.062293,0.041019,-5.607328,MOVE_JOINT
1.695000,0.503671,-0.161613,0.022645,-0.002185,-0.061584,0.039297,-5.601275,MOVE_JOINT
1.696000,0.503671,-0.161673,0.022683,-0.001550,-0.060954,0.039039,-5.592839,MOVE_JOINT
1.697000,0.503669,-0.161733,0.022721,-0.001685,-0.060728,0.038866,-5.582281,MOVE_JOINT
1.698000,0.503666,-0.161794,0.022760,-0.002409,-0.061453,0.038864,-5.570016,MOVE_JOINT
1.699000,0.503663,-0.161861,0.022799,-0.001881,-0.062797,0.039156,-5.556540,MOVE_JOINT
1.700000,0.503659,-0.161926,0.022839,-0.002939,-0.063366,0.038687,-5.542367,MOVE_JOINT
1.701000,0.503658,-0.161988,0.022879,-0.002226,-0.062184,0.039071,-5.527987,MOVE_JOINT
1.702000,0.503657,-0.162050,0.022916,-0.002659,-0.062246,0.038237,-5.513833,MOVE_JOINT
1.703000,0.503655,-0.162115,0.022957,-0.001968,-0.062929,0.039189,-5.500267,MOVE_JOINT
1.704000,0.503652,-0.162178,0.022997,-0.001982,-0.062981,0.039248,-5.487562,MOVE_JOINT
1.705000,0.503650,-0.162239,0.023035,-0.002215,-0.062808,0.039079,-5.475902,MOVE_JOINT
1.706000,0.503651,-0.162302,0.023075,-0.001598,-0.063024,0.039387,-5.465380,MOVE_JOINT
1.707000,0.503650,-0.162360,0.023113,-0.001241,-0.061603,0.039323,-5.456026,MOVE_JOINT
1.708000,0.503646,-0.162424,0.023154,-0.001875,-0.062142,0.039555,-5.447822,MOVE_JOINT
1.709000,0.503646,-0.162486,0.023194,-0.001536,-0.062591,0.039721,-5.440710,MOVE_JOINT
1.710000,0.503647,-0.162548,0.023236,-0.000690,-0.062484,0.040893,-5.434592,MOVE_JOINT
1.711000,0.503645,-0.162613,0.023276,-0.001091,-0.063767,0.040510,-5.429329,MOVE_JOINT
1.712000,0.503646,-0.162674,0.023318,-0.000668,-0.063213,0.041000,-5.424751,MOVE_JOINT
1.713000,0.503640,-0.162741,0.023357,-0.002049,-0.063980,0.039811,-5.420691,MOVE_JOINT
1.714000,0.503641,-0.162802,0.023398,-0.001113,-0.062560,0.040017,-5.417032,MOVE_JOINT
1.715000,0.503642,-0.162868,0.023441,-0.000602,-0.063515,0.040651,-5.413725,MOVE_JOINT
1.716000,0.503640,-0.162932,0.023481,-0.000403,-0.063447,0.040692,-5.410772,MOVE_JOINT
1.717000,0.503636,-0.162995,0.023520,-0.001007,-0.063021,0.040638,-5.408181,MOVE_JOINT
1.718000,0.503635,-0.163064,0.023564,-0.000570,-0.064250,0.041223,-5.405950,MOVE_JOINT
1.719000,0.503638,-0.163124,0.023608,0.000729,-0.063288,0.042475,-5.404046,MOVE_JOINT
1.720000,0.503636,-0.163185,0.023646,-0.000564,-0.062873,0.041249,-5.402371,MOVE_JOINT
1.721000,0.503632,-0.163249,0.023685,-0.001724,-0.063046,0.040184,-5.400772,MOVE_JOINT
1.722000,0.503634,-0.163307,0.023727,-0.000054,-0.060813,0.040679,-5.399120,MOVE_JOINT
1.723000,0.503632,-0.163372,0.023768,-0.000714,-0.062068,0.040873,-5.397359,MOVE_JOINT
1.724000,0.503631,-0.163437,0.023808,-0.001004,-0.062800,0.040684,-5.395487,MOVE_JOINT
1.725000,0.503631,-0.163498,0.023850,-0.001721,-0.062548,0.040543,-5.393521,MOVE_JOINT
1.726000,0.503632,-0.163560,0.023890,-0.002164,-0.062871,0.040049,-5.391501,MOVE_JOINT
1.727000,0.503629,-0.163617,0.023925,-0.002676,-0.060909,0.038337,-5.389507,MOVE_JOINT
1.728000,0.503626,-0.163679,0.023963,-0.002656,-0.060934,0.038055,-5.387698,MOVE_JOINT
1.729000,0.503625,-0.163739,0.024002,-0.002245,-0.060617,0.038530,-5.386325,MOVE_JOINT
1.730000,0.503621,-0.163798,0.024040,-0.002604,-0.060104,0.038170,-5.385687,MOVE_JOINT
1.731000,0.503625,-0.163858,0.024081,-0.000417,-0.059978,0.039200,-5.386041,MOVE_JOINT
1.732000,0.503617,-0.163921,0.024116,-0.002384,-0.060682,0.038058,-5.387542,MOVE_JOINT
1.733000,0.503613,-0.163983,0.024152,-0.002617,-0.061162,0.037569,-5.390244,MOVE_JOINT
1.734000,0.503612,-0.164042,0.024188,-0.001832,-0.060529,0.037210,-5.394163,MOVE_JOINT
1.735000,0.503614,-0.164104,0.024232,-0.000529,-0.061077,0.039325,-5.399321,MOVE_JOINT
1.736000,0.503613,-0.164164,0.024269,-0.001104,-0.060096,0.038117,-5.405697,MOVE_JOINT
1.737000,0.503609,-0.164224,0.024304,-0.002159,-0.060350,0.037364,-5.413184,MOVE_JOINT
1.738000,0.503612,-0.164280,0.024344,-0.000748,-0.059143,0.038298,-5.421625,MOVE_JOINT
1.739000,0.503613,-0.164336,0.024382,-0.000429,-0.058289,0.038142,-5.430844,MOVE_JOINT
1.740000,0.503615,-0.164392,0.024422,0.000417,-0.057770,0.038718,-5.440639,MOVE_JOINT
1.741000,0.503611,-0.164451,0.024459,-0.000879,-0.058083,0.038296,-5.450762,MOVE_JOINT
1.742000,0.503614,-0.164511,0.024500,0.000347,-0.059302,0.039675,-5.460924,MOVE_JOINT
1.743000,0.503617,-0.164565,0.024539,0.000609,-0.058049,0.039414,-5.470818,MOVE_JOINT
1.744000,0.503615,-0.164629,0.024580,0.000403,-0.060271,0.040352,-5.480123,MOVE_JOINT
1.745000,0.503616,-0.164688,0.024617,0.000604,-0.059620,0.039916,-5.488528,MOVE_JOINT
1.746000,0.503614,-0.164750,0.024656,-0.000190,-0.060555,0.039936,-5.495768,MOVE_JOINT
1.747000,0.503614,-0.164808,0.024695,-0.000255,-0.060289,0.039552,-5.501661,MOVE_JOINT
1.748000,0.503612,-0.164868,0.024732,-0.000766,-0.060288,0.039022,-5.506146,MOVE_JOINT
1.749000,0.503613,-0.164926,0.024770,-0.000091,-0.059156,0.038684,-5.509285,MOVE_JOINT
1.750000,0.503611,-0.164983,0.024807,-0.000736,-0.058500,0.038492,-5.511248,MOVE_JOINT
1.751000,0.503610,-0.165039,0.024843,-0.000510,-0.058213,0.038235,-5.512272,MOVE_JOINT
1.752000,0.503608,-0.165098,0.024878,-0.000931,-0.058543,0.037440,-5.512621,MOVE_JOINT
1.753000,0.503608,-0.165152,0.024915,-0.000904,-0.057426,0.037093,-5.512577,MOVE_JOINT
1.754000,0.503611,-0.165206,0.024954,0.000002,-0.057290,0.037983,-5.512432,MOVE_JOINT
1.755000,0.503609,-0.165259,0.024989,-0.000661,-0.056060,0.036981,-5.512449,MOVE_JOINT
1.756000,0.503608,-0.165312,0.025022,-0.000991,-0.055176,0.035670,-5.512820,MOVE_JOINT
1.757000,0.503610,-0.165368,0.025060,-0.000256,-0.055235,0.036679,-5.513682,MOVE_JOINT
1.758000,0.503609,-0.165423,0.025094,-0.000367,-0.054744,0.035872,-5.515129,MOVE_JOINT
1.759000,0.503609,-0.165477,0.025129,-0.000162,-0.054789,0.035614,-5.517197,MOVE_JOINT
1.760000,0.503609,-0.165531,0.025163,-0.000184,-0.054840,0.035669,-5.519875,MOVE_JOINT
1.761000,0.503607,-0.165585,0.025198,-0.000674,-0.054124,0.035371,-5.523124,MOVE_JOINT
1.762000,0.503607,-0.165639,0.025232,-0.000647,-0.054439,0.035176,-5.526875,MOVE_JOINT
1.763000,0.503601,-0.165690,0.025262,-0.002430,-0.053396,0.033651,-5.531051,MOVE_JOINT
1.764000,0.503599,-0.165743,0.025295,-0.001845,-0.053352,0.033777,-5.535599,MOVE_JOINT
1.765000,0.503598,-0.165800,0.025332,-0.001508,-0.054317,0.034689,-5.540506,MOVE_JOINT
1.766000,0.503593,-0.165851,0.025363,-0.002236,-0.053527,0.033953,-5.545766,MOVE_JOINT
1.767000,0.503590,-0.165900,0.025397,-0.002242,-0.052113,0.034164,-5.551340,MOVE_JOINT
1.768000,0.503590,-0.165949,0.025431,-0.001754,-0.051628,0.034222,-5.557135,MOVE_JOINT
1.769000,0.503590,-0.166001,0.025466,-0.001917,-0.051806,0.034464,-5.563003,MOVE_JOINT
1.770000,0.503588,-0.166054,0.025501,-0.001253,-0.052061,0.034809,-5.568751,MOVE_JOINT
1.771000,0.503589,-0.166104,0.025537,-0.000366,-0.051680,0.035547,-5.574158,MOVE_JOINT
1.772000,0.503585,-0.166157,0.025570,-0.001115,-0.051929,0.034784,-5.578989,MOVE_JOINT
1.773000,0.503585,-0.166209,0.025604,-0.000545,-0.051987,0.035150,-5.583023,MOVE_JOINT
1.774000,0.503581,-0.166266,0.025640,-0.001882,-0.052947,0.034404,-5.586099,MOVE_JOINT
1.775000,0.503578,-0.166320,0.025674,-0.002132,-0.053296,0.034428,-5.588159,MOVE_JOINT
1.776000,0.503576,-0.166376,0.025708,-0.001997,-0.053650,0.034353,-5.589273,MOVE_JOINT
1.777000,0.503574,-0.166429,0.025743,-0.002705,-0.052989,0.033992,-5.589618,MOVE_JOINT
1.778000,0.503572,-0.166485,0.025779,-0.002104,-0.053957,0.034837,-5.589431,MOVE_JOINT
1.779000,0.503569,-0.166541,0.025814,-0.002880,-0.054728,0.034728,-5.588962,MOVE_JOINT
1.780000,0.503568,-0.166590,0.025849,-0.002489,-0.053359,0.034501,-5.588430,MOVE_JOINT
1.781000,0.503568,-0.166646,0.025885,-0.001907,-0.053629,0.035058,-5.588008,MOVE_JOINT
1.782000,0.503565,-0.166702,0.025921,-0.001935,-0.054162,0.035137,-5.587803,MOVE_JOINT
1.783000,0.503565,-0.166749,0.025956,-0.001188,-0.052191,0.035256,-5.587847,MOVE_JOINT
1.784000,0.503563,-0.166803,0.025991,-0.001251,-0.053003,0.035294,-5.588099,MOVE_JOINT
1.785000,0.503559,-0.166854,0.026024,-0.002516,-0.053026,0.034364,-5.588470,MOVE_JOINT
1.786000,0.503555,-0.166905,0.026057,-0.003215,-0.052984,0.034025,-5.588876,MOVE_JOINT
1.787000,0.503552,-0.166960,0.026089,-0.003175,-0.054029,0.033783,-5.589295,MOVE_JOINT
1.788000,0.503550,-0.167015,0.026124,-0.002585,-0.054062,0.034360,-5.589783,MOVE_JOINT
1.789000,0.503550,-0.167064,0.026158,-0.001821,-0.052132,0.034047,-5.590435,MOVE_JOINT
1.790000,0.503547,-0.167117,0.026191,-0.001963,-0.052265,0.034148,-5.591330,MOVE_JOINT
1.791000,0.503544,-0.167169,0.026225,-0.002532,-0.052133,0.033759,-5.592503,MOVE_JOINT
1.792000,0.503540,-0.167222,0.026259,-0.002645,-0.052474,0.034059,-5.593948,MOVE_JOINT
1.793000,0.503541,-0.167272,0.026293,-0.001932,-0.051135,0.033707,-5.595630,MOVE_JOINT
1.794000,0.503534,-0.167323,0.026323,-0.003862,-0.050997,0.032437,-5.597498,MOVE_JOINT
1.795000,0.503533,-0.167378,0.026358,-0.003343,-0.052235,0.032713,-5.599521,MOVE_JOINT
1.796000,0.503531,-0.167429,0.026392,-0.003294,-0.052123,0.032996,-5.601714,MOVE_JOINT
1.797000,0.503530,-0.167483,0.026428,-0.002747,-0.052511,0.033691,-5.604123,MOVE_JOINT
1.798000,0.503522,-0.167535,0.026456,-0.004996,-0.052433,0.031408,-5.606788,MOVE_JOINT
1.799000,0.503520,-0.167589,0.026491,-0.004322,-0.052690,0.032543,-5.609755,MOVE_JOINT
1.800000,0.503524,-0.167641,0.026529,-0.001604,-0.052673,0.034766,-5.613088,MOVE_JOINT
1.801000,0.503521,-0.167692,0.026562,-0.001584,-0.052350,0.034135,-5.616804,MOVE_JOINT
1.802000,0.503517,-0.167745,0.026594,-0.002461,-0.052048,0.033176,-5.620819,MOVE_JOINT
1.803000,0.503519,-0.167796,0.026632,-0.001260,-0.051640,0.034473,-5.624979,MOVE_JOINT
1.804000,0.503520,-0.167846,0.026666,-0.000602,-0.051245,0.034174,-5.629122,MOVE_JOINT
1.805000,0.503523,-0.167897,0.026704,-0.000099,-0.051387,0.034954,-5.633072,MOVE_JOINT
1.806000,0.503520,-0.167950,0.026739,-0.001137,-0.051802,0.034368,-5.636650,MOVE_JOINT
1.807000,0.503521,-0.168000,0.026771,-0.001242,-0.051247,0.033608,-5.639702,MOVE_JOINT
1.808000,0.503525,-0.168052,0.026809,0.000125,-0.051302,0.034879,-5.642146,MOVE_JOINT
1.809000,0.503525,-0.168106,0.026844,0.000957,-0.052344,0.035542,-5.643970,MOVE_JOINT
1.810000,0.503526,-0.168157,0.026880,0.000851,-0.052237,0.035419,-5.645176,MOVE_JOINT
1.811000,0.503524,-0.168212,0.026913,0.000812,-0.053134,0.035384,-5.645758,MOVE_JOINT
1.812000,0.503519,-0.168267,0.026945,-0.001170,-0.054218,0.034740,-5.645731,MOVE_JOINT
1.813000,0.503521,-0.168323,0.026983,0.000165,-0.054711,0.036065,-5.645167,MOVE_JOINT
1.814000,0.503520,-0.168379,0.027018,-0.000456,-0.055808,0.036019,-5.644189,MOVE_JOINT
1.815000,0.503520,-0.168432,0.027051,-0.000571,-0.054747,0.035114,-5.642931,MOVE_JOINT
1.816000,0.503516,-0.168488,0.027083,-0.001359,-0.054908,0.034285,-5.641540,MOVE_JOINT
1.817000,0.503516,-0.168542,0.027117,-0.001456,-0.054842,0.034187,-5.640217,MOVE_JOINT
1.818000,0.503514,-0.168600,0.027154,-0.000983,-0.055572,0.034697,-5.639225,MOVE_JOINT
1.819000,0.503515,-0.168653,0.027188,-0.000748,-0.055334,0.034601,-5.638848,MOVE_JOINT
1.820000,0.503513,-0.168707,0.027222,-0.000971,-0.054919,0.034471,-5.639334,MOVE_JOINT
1.821000,0.503515,-0.168761,0.027258,-0.000571,-0.054628,0.034780,-5.640858,MOVE_JOINT
1.822000,0.503509,-0.168818,0.027290,-0.002390,-0.055741,0.034033,-5.643519,MOVE_JOINT
1.823000,0.503510,-0.168870,0.027325,-0.001186,-0.054617,0.034373,-5.647361,MOVE_JOINT
1.824000,0.503508,-0.168926,0.027359,-0.001727,-0.055708,0.034064,-5.652399,MOVE_JOINT
1.825000,0.503508,-0.168985,0.027396,-0.000593,-0.057013,0.035612,-5.658630,MOVE_JOINT
1.826000,0.503504,-0.169041,0.027430,-0.001514,-0.057087,0.034962,-5.666016,MOVE_JOINT
1.827000,0.503500,-0.169099,0.027465,-0.001983,-0.057788,0.035034,-5.674457,MOVE_JOINT
1.828000,0.503500,-0.169156,0.027502,-0.001665,-0.057713,0.035823,-5.683801,MOVE_JOINT
1.829000,0.503501,-0.169210,0.027539,-0.001197,-0.056495,0.036007,-5.693852,MOVE_JOINT
1.830000,0.503498,-0.169271,0.027577,-0.002289,-0.058647,0.036600,-5.704354,MOVE_JOINT
1.831000,0.503492,-0.169333,0.027614,-0.003329,-0.059901,0.037058,-5.714999,MOVE_JOINT
1.832000,0.503494,-0.169389,0.027653,-0.000865,-0.058804,0.038115,-5.725437,MOVE_JOINT
1.833000,0.503489,-0.169449,0.027688,-0.002300,-0.058698,0.036982,-5.735291,MOVE_JOINT
1.834000,0.503487,-0.169506,0.027725,-0.002154,-0.058207,0.036773,-5.744195,MOVE_JOINT
1.835000,0.503489,-0.169557,0.027762,-0.000845,-0.056043,0.037346,-5.751854,MOVE_JOINT
1.836000,0.503486,-0.169617,0.027801,-0.001284,-0.057161,0.037779,-5.758064,MOVE_JOINT
1.837000,0.503482,-0.169675,0.027837,-0.002144,-0.056862,0.037222,-5.762684,MOVE_JOINT
1.838000,0.503484,-0.169730,0.027873,-0.001017,-0.056445,0.037363,-5.765629,MOVE_JOINT
1.839000,0.503477,-0.169794,0.027912,-0.002557,-0.058570,0.037599,-5.766886,MOVE_JOINT
1.840000,0.503474,-0.169848,0.027946,-0.002434,-0.057157,0.036434,-5.766528,MOVE_JOINT
1.841000,0.503472,-0.169904,0.027984,-0.001721,-0.057408,0.037339,-5.764725,MOVE_JOINT
1.842000,0.503471,-0.169960,0.028021,-0.001614,-0.057152,0.037240,-5.761731,MOVE_JOINT
1.843000,0.503467,-0.170017,0.028057,-0.001728,-0.057245,0.037287,-5.757838,MOVE_JOINT
1.844000,0.503468,-0.170077,0.028097,-0.001180,-0.058355,0.038325,-5.753339,MOVE_JOINT
1.845000,0.503466,-0.170135,0.028133,-0.001352,-0.058691,0.037489,-5.748496,MOVE_JOINT
1.846000,0.503464,-0.170192,0.028169,-0.001293,-0.057975,0.037235,-5.743544,MOVE_JOINT
1.847000,0.503461,-0.170253,0.028206,-0.001764,-0.059251,0.037323,-5.738717,MOVE_JOINT
1.848000,0.503462,-0.170310,0.028243,-0.000880,-0.058491,0.037194,-5.734260,MOVE_JOINT
1.849000,0.503461,-0.170369,0.028280,-0.000819,-0.058812,0.036940,-5.730410,MOVE_JOINT
1.850000,0.503459,-0.170429,0.028317,-0.001769,-0.059001,0.036781,-5.727397,MOVE_JOINT
1.851000,0.503461,-0.170489,0.028355,-0.000517,-0.058882,0.037128,-5.725427,MOVE_JOINT
1.852000,0.503461,-0.170546,0.028394,-0.000290,-0.057474,0.037363,-5.724654,MOVE_JOINT
1.853000,0.503460,-0.170599,0.028429,-0.000619,-0.055686,0.036602,-5.725141,MOVE_JOINT
1.854000,0.503462,-0.170656,0.028468,0.000091,-0.056248,0.037154,-5.726841,MOVE_JOINT
1.855000,0.503461,-0.170712,0.028505,-0.000030,-0.056905,0.037368,-5.729618,MOVE_JOINT
1.856000,0.503462,-0.170768,0.028544,0.000358,-0.056679,0.037937,-5.733261,MOVE_JOINT
1.857000,0.503464,-0.170820,0.028579,0.001205,-0.055610,0.037516,-5.737497,MOVE_JOINT
1.858000,0.503467,-0.170878,0.028620,0.001756,-0.056370,0.038469,-5.742006,MOVE_JOINT
1.859000,0.503466,-0.170931,0.028654,0.001053,-0.055158,0.037107,-5.746454,MOVE_JOINT
1.860000,0.503469,-0.170990,0.028694,0.000669,-0.056625,0.037347,-5.750535,MOVE_JOINT
1.861000,0.503467,-0.171045,0.028728,0.000257,-0.056043,0.036503,-5.754028,MOVE_JOINT
1.862000,0.503471,-0.171101,0.028769,0.001670,-0.056597,0.038077,-5.756821,MOVE_JOINT
1.863000,0.503473,-0.171161,0.028808,0.001485,-0.057773,0.038690,-5.758864,MOVE_JOINT
1.864000,0.503472,-0.171218,0.028845,0.000702,-0.056770,0.037529,-5.760103,MOVE_JOINT
1.865000,0.503476,-0.171275,0.028887,0.001422,-0.056930,0.038560,-5.760449,MOVE_JOINT
1.866000,0.503474,-0.171335,0.028924,0.000577,-0.056992,0.037972,-5.759812,MOVE_JOINT
1.867000,0.503476,-0.171397,0.028964,0.001189,-0.058116,0.038934,-5.758114,MOVE_JOINT
1.868000,0.503479,-0.171455,0.029007,0.001415,-0.058200,0.039571,-5.755289,MOVE_JOINT
1.869000,0.503478,-0.171513,0.029046,0.001047,-0.057550,0.039424,-5.751272,MOVE_JOINT
1.870000,0.503481,-0.171571,0.029087,0.001899,-0.057757,0.040122,-5.745978,MOVE_JOINT
1.871000,0.503479,-0.171628,0.029124,0.000475,-0.057812,0.039306,-5.739323,MOVE_JOINT
1.872000,0.503482,-0.171688,0.029167,0.000642,-0.058873,0.040349,-5.731274,MOVE_JOINT
1.873000,0.503484,-0.171746,0.029207,0.000837,-0.058759,0.040472,-5.721862,MOVE_JOINT
1.874000,0.503487,-0.171801,0.029248,0.001289,-0.057792,0.040357,-5.711173,MOVE_JOINT
1.875000,0.503487,-0.171860,0.029287,-0.000263,-0.059207,0.039440,-5.699335,MOVE_JOINT
1.876000,0.503488,-0.171925,0.029329,-0.000363,-0.061210,0.039982,-5.686545,MOVE_JOINT
1.877000,0.503489,-0.171981,0.029368,0.000583,-0.060584,0.040590,-5.673091,MOVE_JOINT
1.878000,0.503495,-0.172038,0.029409,0.001290,-0.059121,0.040622,-5.659305,MOVE_JOINT
1.879000,0.503494,-0.172098,0.029447,0.001452,-0.058943,0.040233,-5.645492,MOVE_JOINT
1.880000,0.503493,-0.172159,0.029488,0.000795,-0.059887,0.040491,-5.631900,MOVE_JOINT
1.881000,0.503493,-0.172218,0.029527,0.000549,-0.059716,0.039949,-5.618748,MOVE_JOINT
1.882000,0.503497,-0.172277,0.029568,0.001692,-0.059776,0.040474,-5.606239,MOVE_JOINT
1.883000,0.503496,-0.172339,0.029607,0.001054,-0.060633,0.040288,-5.594573,MOVE_JOINT
1.884000,0.503500,-0.172397,0.029647,0.002501,-0.059878,0.040689,-5.583919,MOVE_JOINT
1.885000,0.503501,-0.172459,0.029689,0.002194,-0.060896,0.041366,-5.574399,MOVE_JOINT
1.886000,0.503506,-0.172514,0.029730,0.002413,-0.060135,0.041474,-5.566055,MOVE_JOINT
1.887000,0.503508,-0.172578,0.029773,0.001955,-0.060633,0.041453,-5.558834,MOVE_JOINT
1.888000,0.503506,-0.172640,0.029811,0.000979,-0.060825,0.040547,-5.552611,MOVE_JOINT
1.889000,0.503506,-0.172702,0.029853,0.001418,-0.060869,0.041104,-5.547237,MOVE_JOINT
1.890000,0.503509,-0.172763,0.029897,0.001393,-0.060403,0.041610,-5.542571,MOVE_JOINT
1.891000,0.503515,-0.172822,0.029943,0.002769,-0.059691,0.042674,-5.538452,MOVE_JOINT
1.892000,0.503516,-0.172883,0.029983,0.002143,-0.060900,0.042241,-5.534658,MOVE_JOINT
1.893000,0.503518,-0.172942,0.030026,0.001902,-0.060361,0.042163,-5.530919,MOVE_JOINT
1.894000,0.503519,-0.173002,0.030069,0.001804,-0.060071,0.042126,-5.526979,MOVE_JOINT
1.895000,0.503519,-0.173066,0.030112,0.000949,-0.060996,0.042200,-5.522635,MOVE_JOINT
1.896000,0.503522,-0.173121,0.030155,0.001661,-0.058993,0.042260,-5.517747,MOVE_JOINT
1.897000,0.503526,-0.173179,0.030198,0.002863,-0.057991,0.042484,-5.512206,MOVE_JOINT
1.898000,0.503526,-0.173241,0.030240,0.001987,-0.058609,0.042573,-5.505921,MOVE_JOINT
1.899000,0.503529,-0.173303,0.030287,0.001991,-0.059643,0.043256,-5.498809,MOVE_JOINT
1.900000,0.503529,-0.173364,0.030328,0.001291,-0.059526,0.042860,-5.490811,MOVE_JOINT
1.901000,0.503529,-0.173425,0.030370,0.000694,-0.059941,0.042547,-5.481909,MOVE_JOINT
1.902000,0.503530,-0.173485,0.030413,0.000790,-0.059972,0.043071,-5.472154,MOVE_JOINT
1.903000,0.503532,-0.173546,0.030456,0.001726,-0.060334,0.043407,-5.461671,MOVE_JOINT
1.904000,0.503531,-0.173608,0.030496,0.000541,-0.059840,0.042058,-5.450636,MOVE_JOINT
1.905000,0.503535,-0.173666,0.030540,0.001852,-0.059280,0.042942,-5.439271,MOVE_JOINT
1.906000,0.503534,-0.173729,0.030580,0.000554,-0.060109,0.042132,-5.427849,MOVE_JOINT
1.907000,0.503538,-0.173788,0.030622,0.001911,-0.060071,0.042475,-5.416669,MOVE_JOINT
1.908000,0.503540,-0.173846,0.030665,0.002324,-0.059320,0.042675,-5.406035,MOVE_JOINT
1.909000,0.503539,-0.173905,0.030703,0.001475,-0.059410,0.041663,-5.396251,MOVE_JOINT
1.910000,0.503544,-0.173962,0.030745,0.002872,-0.058039,0.041985,-5.387602,MOVE_JOINT
1.911000,0.503545,-0.174021,0.030786,0.003241,-0.058414,0.042328,-5.380350,MOVE_JOINT
1.912000,0.503548,-0.174077,0.030827,0.002959,-0.057472,0.041956,-5.374704,MOVE_JOINT
1.913000,0.503548,-0.174136,0.030866,0.002135,-0.058114,0.041248,-5.370801,MOVE_JOINT
1.914000,0.503552,-0.174197,0.030908,0.002116,-0.058932,0.041245,-5.368737,MOVE_JOINT
1.915000,0.503548,-0.174258,0.030943,0.000166,-0.060320,0.039712,-5.368611,MOVE_JOINT
1.916000,0.503548,-0.174315,0.030981,0.000156,-0.059400,0.039306,-5.370562,MOVE_JOINT
1.917000,0.503554,-0.174372,0.031023,0.001494,-0.058111,0.040048,-5.374777,MOVE_JOINT
1.918000,0.503555,-0.174430,0.031062,0.001331,-0.057676,0.039350,-5.381425,MOVE_JOINT
1.919000,0.503554,-0.174490,0.031100,0.000082,-0.058934,0.039478,-5.390583,MOVE_JOINT
1.920000,0.503556,-0.174549,0.031141,0.001079,-0.058931,0.040403,-5.402200,MOVE_JOINT
1.921000,0.503559,-0.174604,0.031182,0.001714,-0.057363,0.040510,-5.416088,MOVE_JOINT
1.922000,0.503559,-0.174661,0.031220,0.000539,-0.057267,0.039704,-5.431905,MOVE_JOINT
1.923000,0.503559,-0.174719,0.031258,0.000184,-0.056796,0.038995,-5.449200,MOVE_JOINT
1.924000,0.503562,-0.174773,0.031299,0.000594,-0.055949,0.039447,-5.467489,MOVE_JOINT
1.925000,0.503570,-0.174829,0.031343,0.002479,-0.056419,0.040592,-5.486299,MOVE_JOINT
1.926000,0.503571,-0.174880,0.031382,0.002196,-0.055104,0.040212,-5.505151,MOVE_JOINT
1.927000,0.503570,-0.174940,0.031421,0.001180,-0.056197,0.039831,-5.523550,MOVE_JOINT
1.928000,0.503575,-0.174992,0.031460,0.001361,-0.055241,0.039711,-5.541018,MOVE_JOINT
1.929000,0.503579,-0.175046,0.031502,0.002598,-0.055321,0.040720,-5.557143,MOVE_JOINT
1.930000,0.503581,-0.175101,0.031542,0.001903,-0.055356,0.040190,-5.571579,MOVE_JOINT
1.931000,0.503588,-0.175155,0.031585,0.003484,-0.054541,0.040799,-5.584036,MOVE_JOINT
1.932000,0.503587,-0.175212,0.031622,0.001451,-0.055430,0.039420,-5.594292,MOVE_JOINT
1.933000,0.503594,-0.175263,0.031663,0.003239,-0.053988,0.040199,-5.602225,MOVE_JOINT
1.934000,0.503601,-0.175316,0.031705,0.003958,-0.054009,0.040755,-5.607831,MOVE_JOINT
1.935000,0.503605,-0.175373,0.031745,0.003771,-0.055066,0.039999,-5.611191,MOVE_JOINT
1.936000,0.503607,-0.175428,0.031783,0.003999,-0.055240,0.039594,-5.612450,MOVE_JOINT
1.937000,0.503610,-0.175478,0.031822,0.003720,-0.053300,0.038931,-5.611851,MOVE_JOINT
1.938000,0.503618,-0.175532,0.031863,0.004717,-0.053418,0.039779,-5.609734,MOVE_JOINT
1.939000,0.503620,-0.175589,0.031901,0.002926,-0.055021,0.038924,-5.606482,MOVE_JOINT
1.940000,0.503623,-0.175644,0.031939,0.003492,-0.055820,0.039363,-5.602471,MOVE_JOINT
1.941000,0.503626,-0.175700,0.031978,0.003180,-0.055335,0.039000,-5.598059,MOVE_JOINT
1.942000,0.503630,-0.175757,0.032019,0.003481,-0.056350,0.039845,-5.593583,MOVE_JOINT
1.943000,0.503637,-0.175808,0.032059,0.003634,-0.055152,0.039723,-5.589331,MOVE_JOINT
1.944000,0.503641,-0.175863,0.032097,0.003667,-0.055492,0.039486,-5.585509,MOVE_JOINT
1.945000,0.503644,-0.175918,0.032136,0.004044,-0.055235,0.040047,-5.582236,MOVE_JOINT
1.946000,0.503649,-0.175968,0.032175,0.005132,-0.053782,0.040056,-5.579560,MOVE_JOINT
1.947000,0.503654,-0.176022,0.032215,0.004844,-0.053336,0.039863,-5.577452,MOVE_JOINT
1.948000,0.503656,-0.176076,0.032253,0.004642,-0.053426,0.039576,-5.575810,MOVE_JOINT
1.949000,0.503658,-0.176130,0.032293,0.004101,-0.052761,0.039648,-5.574488,MOVE_JOINT
1.950000,0.503661,-0.176178,0.032327,0.003312,-0.051362,0.037804,-5.573339,MOVE_JOINT
1.951000,0.503661,-0.176237,0.032366,0.002901,-0.053735,0.039217,-5.572257,MOVE_JOINT
1.952000,0.503668,-0.176290,0.032408,0.004054,-0.053206,0.039532,-5.571194,MOVE_JOINT
1.953000,0.503671,-0.176341,0.032447,0.003964,-0.052741,0.039353,-5.570124,MOVE_JOINT
1.954000,0.503671,-0.176400,0.032486,0.002199,-0.054454,0.039263,-5.569006,MOVE_JOINT
1.955000,0.503673,-0.176451,0.032523,0.002291,-0.053966,0.038766,-5.567788,MOVE_JOINT
1.956000,0.503675,-0.176508,0.032562,0.001760,-0.055477,0.038991,-5.566440,MOVE_JOINT
1.957000,0.503678,-0.176563,0.032602,0.001971,-0.055595,0.039054,-5.564978,MOVE_JOINT
1.958000,0.503683,-0.176620,0.032644,0.002284,-0.055789,0.039829,-5.563442,MOVE_JOINT
1.959000,0.503686,-0.176673,0.032683,0.002322,-0.054901,0.039233,-5.561857,MOVE_JOINT
1.960000,0.503688,-0.176727,0.032723,0.002665,-0.054041,0.039643,-5.560200,MOVE_JOINT
1.961000,0.503692,-0.176781,0.032762,0.003646,-0.054394,0.039792,-5.558403,MOVE_JOINT
1.962000,0.503695,-0.176832,0.032800,0.003209,-0.053474,0.039208,-5.556376,MOVE_JOINT
1.963000,0.503697,-0.176888,0.032840,0.003069,-0.054323,0.039475,-5.554040,MOVE_JOINT
1.964000,0.503701,-0.176937,0.032876,0.003136,-0.052730,0.038545,-5.551363,MOVE_JOINT
1.965000,0.503700,-0.176994,0.032912,0.001668,-0.053849,0.037821,-5.548390,MOVE_JOINT
1.966000,0.503708,-0.177044,0.032953,0.003320,-0.052502,0.038937,-5.545247,MOVE_JOINT
1.967000,0.503710,-0.177100,0.032993,0.003526,-0.053149,0.039216,-5.542108,MOVE_JOINT
1.968000,0.503712,-0.177151,0.033030,0.002613,-0.052734,0.038668,-5.539125,MOVE_JOINT
1.969000,0.503714,-0.177203,0.033069,0.002791,-0.052164,0.038745,-5.536389,MOVE_JOINT
1.970000,0.503717,-0.177256,0.033109,0.003267,-0.051721,0.039702,-5.533935,MOVE_JOINT
1.971000,0.503717,-0.177312,0.033146,0.002081,-0.053312,0.038971,-5.531748,MOVE_JOINT
1.972000,0.503715,-0.177368,0.033183,0.001016,-0.053706,0.038454,-5.529774,MOVE_JOINT
1.973000,0.503718,-0.177422,0.033221,0.001577,-0.054619,0.038323,-5.527977,MOVE_JOINT
1.974000,0.503716,-0.177476,0.033256,0.000196,-0.054407,0.036902,-5.526402,MOVE_JOINT
1.975000,0.503717,-0.177531,0.033294,0.000696,-0.054892,0.037959,-5.525217,MOVE_JOINT
1.976000,0.503713,-0.177586,0.033331,-0.000720,-0.054800,0.037409,-5.524674,MOVE_JOINT
1.977000,0.503715,-0.177635,0.033368,0.000104,-0.053312,0.037449,-5.525032,MOVE_JOINT
1.978000,0.503715,-0.177688,0.033404,-0.000236,-0.053308,0.036930,-5.526488,MOVE_JOINT
1.979000,0.503715,-0.177742,0.033442,0.000130,-0.052971,0.037022,-5.529170,MOVE_JOINT
1.980000,0.503723,-0.177792,0.033483,0.001989,-0.052490,0.038447,-5.533142,MOVE_JOINT
1.981000,0.503715,-0.177845,0.033512,-0.001736,-0.052599,0.034949,-5.538400,MOVE_JOINT
1.982000,0.503722,-0.177897,0.033555,0.001943,-0.052680,0.038277,-5.544900,MOVE_JOINT
1.983000,0.503721,-0.177946,0.033586,0.001239,-0.051917,0.036152,-5.552587,MOVE_JOINT
1.984000,0.503725,-0.177998,0.033625,0.001932,-0.052339,0.036981,-5.561378,MOVE_JOINT
1.985000,0.503726,-0.178047,0.033662,0.001739,-0.050887,0.036593,-5.571165,MOVE_JOINT
1.986000,0.503726,-0.178102,0.033697,0.001451,-0.052344,0.036586,-5.581812,MOVE_JOINT
1.987000,0.503728,-0.178154,0.033732,0.001611,-0.052066,0.035896,-5.593174,MOVE_JOINT
1.988000,0.503732,-0.178201,0.033771,0.002280,-0.050655,0.036807,-5.605110,MOVE_JOINT
1.989000,0.503737,-0.178250,0.033810,0.003332,-0.050727,0.037704,-5.617477,MOVE_JOINT
1.990000,0.503734,-0.178299,0.033841,0.001343,-0.050435,0.035592,-5.630084,MOVE_JOINT
1.991000,0.503739,-0.178355,0.033882,0.002909,-0.051345,0.037164,-5.642693,MOVE_JOINT
1.992000,0.503743,-0.178405,0.033920,0.003527,-0.050623,0.037486,-5.655065,MOVE_JOINT
1.993000,0.503740,-0.178459,0.033954,0.002175,-0.052129,0.037198,-5.666969,MOVE_JOINT
1.994000,0.503746,-0.178508,0.033994,0.003265,-0.051543,0.037813,-5.678180,MOVE_JOINT
1.995000,0.503751,-0.178557,0.034033,0.003733,-0.050721,0.038477,-5.688499,MOVE_JOINT
1.996000,0.503754,-0.178610,0.034071,0.003715,-0.051395,0.038390,-5.697737,MOVE_JOINT
1.997000,0.503754,-0.178663,0.034107,0.002192,-0.051549,0.037089,-5.705731,MOVE_JOINT
1.998000,0.503759,-0.178715,0.034148,0.003298,-0.051933,0.038698,-5.712379,MOVE_JOINT
1.999000,0.503763,-0.178766,0.034186,0.003424,-0.052174,0.038643,-5.717671,MOVE_JOINT
2.000000,0.503762,-0.178817,0.034219,0.002124,-0.051667,0.037220,-5.721668,MOVE_JOINT
2.001000,0.503765,-0.178869,0.034258,0.003034,-0.051264,0.037850,-5.724497,MOVE_JOINT
2.002000,0.503769,-0.178921,0.034297,0.003057,-0.051106,0.038083,-5.726363,MOVE_JOINT
2.003000,0.503770,-0.178975,0.034336,0.002533,-0.052797,0.039029,-5.727497,MOVE_JOINT
2.004000,0.503773,-0.179025,0.034376,0.002846,-0.052068,0.039536,-5.728089,MOVE_JOINT
2.005000,0.503775,-0.179072,0.034411,0.002976,-0.050242,0.038566,-5.728239,MOVE_JOINT
2.006000,0.503774,-0.179124,0.034446,0.001616,-0.050680,0.037353,-5.727976,MOVE_JOINT
2.007000,0.503774,-0.179178,0.034484,0.000383,-0.051899,0.037450,-5.727349,MOVE_JOINT
2.008000,0.503776,-0.179229,0.034520,0.001489,-0.051633,0.037387,-5.726477,MOVE_JOINT
2.009000,0.503778,-0.179276,0.034558,0.001705,-0.050424,0.037563,-5.725548,MOVE_JOINT
2.010000,0.503781,-0.179330,0.034599,0.002007,-0.051280,0.038543,-5.724744,MOVE_JOINT
2.011000,0.503781,-0.179385,0.034636,0.001863,-0.051593,0.038146,-5.724170,MOVE_JOINT
2.012000,0.503776,-0.179442,0.034672,0.000564,-0.052971,0.037817,-5.723838,MOVE_JOINT
2.013000,0.503780,-0.179492,0.034709,0.001735,-0.051909,0.037769,-5.723706,MOVE_JOINT
2.014000,0.503779,-0.179547,0.034746,0.000798,-0.052328,0.037395,-5.723740,MOVE_JOINT
2.015000,0.503778,-0.179598,0.034786,0.000478,-0.051874,0.038168,-5.723930,MOVE_JOINT
2.016000,0.503786,-0.179651,0.034829,0.002426,-0.051291,0.038988,-5.724249,MOVE_JOINT
2.017000,0.503780,-0.179707,0.034865,0.000275,-0.051863,0.038032,-5.724608,MOVE_JOINT
2.018000,0.503783,-0.179757,0.034905,0.001291,-0.051196,0.038790,-5.724862,MOVE_JOINT
2.019000,0.503791,-0.179804,0.034947,0.003314,-0.050206,0.039871,-5.724837,MOVE_JOINT
2.020000,0.503790,-0.179857,0.034986,0.001634,-0.051298,0.039477,-5.724337,MOVE_JOINT
2.021000,0.503794,-0.179907,0.035027,0.002410,-0.050678,0.039842,-5.723137,MOVE_JOINT
2.022000,0.503795,-0.179958,0.035065,0.002031,-0.050308,0.039398,-5.721025,MOVE_JOINT
2.023000,0.503799,-0.180011,0.035109,0.002278,-0.051269,0.040156,-5.717844,MOVE_JOINT
2.024000,0.503797,-0.180062,0.035145,0.001019,-0.051025,0.038854,-5.713513,MOVE_JOINT
2.025000,0.503801,-0.180113,0.035186,0.001875,-0.050924,0.039450,-5.708047,MOVE_JOINT
2.026000,0.503805,-0.180164,0.035226,0.002617,-0.051025,0.039602,-5.701560,MOVE_JOINT
2.027000,0.503804,-0.180217,0.035264,0.001521,-0.051556,0.039154,-5.694241,MOVE_JOINT
2.028000,0.503808,-0.180267,0.035303,0.001956,-0.050855,0.038695,-5.686331,MOVE_JOINT
2.029000,0.503809,-0.180322,0.035344,0.001842,-0.052138,0.039390,-5.678118,MOVE_JOINT
2.030000,0.503813,-0.180369,0.035383,0.002609,-0.050367,0.039345,-5.669911,MOVE_JOINT
2.031000,0.503815,-0.180422,0.035425,0.002437,-0.050572,0.039777,-5.661991,MOVE_JOINT
2.032000,0.503815,-0.180474,0.035463,0.000830,-0.051096,0.038768,-5.654568,MOVE_JOINT
2.033000,0.503818,-0.180524,0.035502,0.002449,-0.050743,0.039244,-5.647799,MOVE_JOINT
2.034000,0.503825,-0.180575,0.035545,0.003314,-0.050408,0.039836,-5.641825,MOVE_JOINT
2.035000,0.503824,-0.180628,0.035583,0.002143,-0.051336,0.039405,-5.636772,MOVE_JOINT
2.036000,0.503827,-0.180676,0.035621,0.001661,-0.049984,0.038864,-5.632748,MOVE_JOINT
2.037000,0.503832,-0.180724,0.035657,0.002872,-0.049170,0.038251,-5.629858,MOVE_JOINT
2.038000,0.503833,-0.180774,0.035697,0.002732,-0.049493,0.038724,-5.628221,MOVE_JOINT
2.039000,0.503832,-0.180825,0.035732,0.001848,-0.049996,0.038020,-5.627976,MOVE_JOINT
2.040000,0.503833,-0.180874,0.035769,0.001382,-0.049504,0.037336,-5.629265,MOVE_JOINT
2.041000,0.503836,-0.180925,0.035809,0.002532,-0.049365,0.038284,-5.632226,MOVE_JOINT
2.042000,0.503842,-0.180972,0.035848,0.002663,-0.049253,0.038145,-5.636965,MOVE_JOINT
2.043000,0.503839,-0.181019,0.035880,0.001603,-0.048015,0.036677,-5.643509,MOVE_JOINT
2.044000,0.503844,-0.181068,0.035921,0.003432,-0.048553,0.038479,-5.651801,MOVE_JOINT
2.045000,0.503842,-0.181118,0.035955,0.001699,-0.048719,0.037274,-5.661706,MOVE_JOINT
2.046000,0.503841,-0.181165,0.035989,0.000743,-0.048470,0.036096,-5.673014,MOVE_JOINT
2.047000,0.503845,-0.181210,0.036026,0.001235,-0.047204,0.036133,-5.685495,MOVE_JOINT
2.048000,0.503847,-0.181255,0.036061,0.001304,-0.046642,0.036071,-5.698950,MOVE_JOINT
2.049000,0.503852,-0.181300,0.036099,0.002668,-0.045319,0.036737,-5.713187,MOVE_JOINT
2.050000,0.503851,-0.181351,0.036133,0.001786,-0.047343,0.036144,-5.727982,MOVE_JOINT
2.051000,0.503854,-0.181395,0.036172,0.002026,-0.046243,0.036702,-5.743064,MOVE_JOINT
2.052000,0.503857,-0.181440,0.036207,0.002389,-0.046211,0.036048,-5.758142,MOVE_JOINT
2.053000,0.503863,-0.181483,0.036245,0.003088,-0.045169,0.036363,-5.772920,MOVE_JOINT
2.054000,0.503865,-0.181528,0.036281,0.003249,-0.045280,0.036221,-5.787123,MOVE_JOINT
2.055000,0.503869,-0.181573,0.036319,0.003748,-0.044582,0.036687,-5.800518,MOVE_JOINT
2.056000,0.503872,-0.181620,0.036357,0.003363,-0.045650,0.036960,-5.812907,MOVE_JOINT
2.057000,0.503875,-0.181664,0.036394,0.003495,-0.045141,0.037333,-5.824116,MOVE_JOINT
2.058000,0.503880,-0.181707,0.036432,0.004487,-0.044671,0.038223,-5.833967,MOVE_JOINT
2.059000,0.503883,-0.181753,0.036469,0.004480,-0.044705,0.038278,-5.842256,MOVE_JOINT
2.060000,0.503888,-0.181800,0.036507,0.004114,-0.045420,0.037931,-5.848758,MOVE_JOINT
2.061000,0.503894,-0.181843,0.036546,0.004779,-0.044910,0.038186,-5.853271,MOVE_JOINT
2.062000,0.503896,-0.181893,0.036582,0.003965,-0.046245,0.037898,-5.855674,MOVE_JOINT
2.063000,0.503902,-0.181937,0.036621,0.004660,-0.045238,0.037992,-5.855952,MOVE_JOINT
2.064000,0.503911,-0.181983,0.036661,0.004883,-0.045999,0.038421,-5.854194,MOVE_JOINT
2.065000,0.503919,-0.182027,0.036698,0.005241,-0.045513,0.038171,-5.850573,MOVE_JOINT
2.066000,0.503924,-0.182076,0.036738,0.005362,-0.046273,0.038326,-5.845318,MOVE_JOINT
2.067000,0.503931,-0.182124,0.036776,0.005675,-0.047066,0.038075,-5.838696,MOVE_JOINT
2.068000,0.503936,-0.182169,0.036812,0.005667,-0.046480,0.037634,-5.831015,MOVE_JOINT
2.069000,0.503943,-0.182220,0.036853,0.006283,-0.047781,0.038886,-5.822616,MOVE_JOINT
2.070000,0.503949,-0.182268,0.036890,0.006972,-0.047551,0.039112,-5.813838,MOVE_JOINT
2.071000,0.503956,-0.182317,0.036930,0.007182,-0.048133,0.039427,-5.804951,MOVE_JOINT
2.072000,0.503963,-0.182364,0.036969,0.007530,-0.047545,0.039488,-5.796125,MOVE_JOINT
2.073000,0.503965,-0.182410,0.037002,0.005949,-0.046684,0.037510,-5.787447,MOVE_JOINT
2.074000,0.503972,-0.182456,0.037040,0.005458,-0.046555,0.037528,-5.778979,MOVE_JOINT
2.075000,0.503979,-0.182504,0.037081,0.006225,-0.046947,0.038404,-5.770813,MOVE_JOINT
2.076000,0.503984,-0.182555,0.037118,0.005179,-0.048041,0.037757,-5.763055,MOVE_JOINT
2.077000,0.503989,-0.182599,0.037155,0.005852,-0.046795,0.037829,-5.755783,MOVE_JOINT
2.078000,0.503992,-0.182647,0.037193,0.004768,-0.047331,0.037778,-5.749025,MOVE_JOINT
2.079000,0.504000,-0.182695,0.037232,0.005223,-0.047550,0.037901,-5.742775,MOVE_JOINT
2.080000,0.504002,-0.182743,0.037270,0.004471,-0.048019,0.038151,-5.736980,MOVE_JOINT
2.081000,0.504007,-0.182791,0.037310,0.004316,-0.048308,0.038731,-5.731542,MOVE_JOINT
2.082000,0.504012,-0.182840,0.037349,0.004670,-0.048767,0.038902,-5.726311,MOVE_JOINT
2.083000,0.504017,-0.182885,0.037390,0.005146,-0.047472,0.039626,-5.721090,MOVE_JOINT
2.084000,0.504016,-0.182937,0.037425,0.003191,-0.048279,0.037923,-5.715655,MOVE_JOINT
2.085000,0.504022,-0.182986,0.037467,0.004523,-0.048669,0.039647,-5.709798,MOVE_JOINT
2.086000,0.504026,-0.183034,0.037505,0.004338,-0.047869,0.039065,-5.703364,MOVE_JOINT
2.087000,0.504028,-0.183084,0.037543,0.002856,-0.049048,0.038168,-5.696260,MOVE_JOINT
2.088000,0.504033,-0.183135,0.037584,0.004501,-0.050054,0.040061,-5.688464,MOVE_JOINT
2.089000,0.504035,-0.183185,0.037624,0.004029,-0.049504,0.039805,-5.680024,MOVE_JOINT
2.090000,0.504039,-0.183233,0.037663,0.003483,-0.049637,0.039829,-5.671004,MOVE_JOINT
2.091000,0.504042,-0.183279,0.037701,0.003311,-0.048196,0.039237,-5.661456,MOVE_JOINT
2.092000,0.504046,-0.183328,0.037740,0.003783,-0.047969,0.039532,-5.651438,MOVE_JOINT
2.093000,0.504048,-0.183376,0.037779,0.002925,-0.048184,0.039041,-5.641027,MOVE_JOINT
2.094000,0.504053,-0.183425,0.037820,0.003504,-0.048276,0.039417,-5.630331,MOVE_JOINT
2.095000,0.504058,-0.183471,0.037860,0.003718,-0.047364,0.039186,-5.619489,MOVE_JOINT
2.096000,0.504063,-0.183521,0.037898,0.003487,-0.048216,0.038383,-5.608669,MOVE_JOINT
2.097000,0.504066,-0.183565,0.037937,0.003703,-0.047107,0.038712,-5.598086,MOVE_JOINT
2.098000,0.504072,-0.183611,0.037978,0.004195,-0.047212,0.039280,-5.587987,MOVE_JOINT
2.099000,0.504075,-0.183656,0.038014,0.003434,-0.047041,0.038804,-5.578610,MOVE_JOINT
2.100000,0.504083,-0.183705,0.038055,0.004286,-0.047960,0.039337,-5.570143,MOVE_JOINT
2.101000,0.504086,-0.183750,0.038094,0.004020,-0.047192,0.039290,-5.562718,MOVE_JOINT
2.102000,0.504089,-0.183795,0.038129,0.003398,-0.047206,0.037879,-5.556419,MOVE_JOINT
2.103000,0.504099,-0.183841,0.038170,0.005345,-0.046508,0.038791,-5.551297,MOVE_JOINT
2.104000,0.504104,-0.183886,0.038208,0.005271,-0.045746,0.038892,-5.547382,MOVE_JOINT
2.105000,0.504110,-0.183934,0.038247,0.005374,-0.046377,0.038664,-5.544668,MOVE_JOINT
2.106000,0.504113,-0.183980,0.038285,0.004764,-0.046507,0.038284,-5.543092,MOVE_JOINT
2.107000,0.504115,-0.184028,0.038322,0.004267,-0.046683,0.037813,-5.542557,MOVE_JOINT
2.108000,0.504122,-0.184073,0.038359,0.005445,-0.046011,0.037849,-5.542971,MOVE_JOINT
2.109000,0.504128,-0.184117,0.038395,0.005857,-0.044765,0.037101,-5.544272,MOVE_JOINT
2.110000,0.504134,-0.184159,0.038431,0.006176,-0.044197,0.037070,-5.546422,MOVE_JOINT
2.111000,0.504139,-0.184205,0.038467,0.005996,-0.044588,0.036674,-5.549400,MOVE_JOINT
2.112000,0.504139,-0.184247,0.038498,0.005072,-0.043777,0.035587,-5.553200,MOVE_JOINT
2.113000,0.504148,-0.184286,0.038538,0.006206,-0.042597,0.036366,-5.557833,MOVE_JOINT
2.114000,0.504152,-0.184332,0.038573,0.005548,-0.043487,0.036151,-5.563300,MOVE_JOINT
2.115000,0.504154,-0.184376,0.038608,0.005548,-0.042801,0.036209,-5.569555,MOVE_JOINT
2.116000,0.504160,-0.184415,0.038643,0.004954,-0.041526,0.035165,-5.576490,MOVE_JOINT
2.117000,0.504164,-0.184458,0.038677,0.004728,-0.042005,0.034960,-5.583958,MOVE_JOINT
2.118000,0.504164,-0.184502,0.038709,0.003659,-0.042824,0.034513,-5.591816,MOVE_JOINT
2.119000,0.504170,-0.184538,0.038743,0.004034,-0.041289,0.034432,-5.599958,MOVE_JOINT
2.120000,0.504171,-0.184579,0.038777,0.003656,-0.041012,0.034229,-5.608300,MOVE_JOINT
2.121000,0.504174,-0.184622,0.038812,0.003266,-0.041367,0.034146,-5.616752,MOVE_JOINT
2.122000,0.504178,-0.184659,0.038845,0.002935,-0.040216,0.033374,-5.625200,MOVE_JOINT
2.123000,0.504178,-0.184698,0.038875,0.001821,-0.039800,0.032279,-5.633541,MOVE_JOINT
2.124000,0.504180,-0.184741,0.038907,0.001559,-0.041087,0.032254,-5.641733,MOVE_JOINT
2.125000,0.504181,-0.184783,0.038942,0.001115,-0.041452,0.032535,-5.649826,MOVE_JOINT
2.126000,0.504186,-0.184820,0.038974,0.001792,-0.039819,0.031929,-5.657922,MOVE_JOINT
2.127000,0.504186,-0.184863,0.039005,0.000072,-0.041033,0.031299,-5.666131,MOVE_JOINT
2.128000,0.504195,-0.184904,0.039043,0.002806,-0.040853,0.033494,-5.674535,MOVE_JOINT
2.129000,0.504196,-0.184946,0.039075,0.002366,-0.041072,0.032657,-5.683167,MOVE_JOINT
2.130000,0.504197,-0.184987,0.039106,0.002387,-0.041065,0.032542,-5.691978,MOVE_JOINT
2.131000,0.504202,-0.185028,0.039140,0.002634,-0.041303,0.033040,-5.700869,MOVE_JOINT
2.132000,0.504203,-0.185070,0.039170,0.002066,-0.041209,0.031973,-5.709734,MOVE_JOINT
2.133000,0.504211,-0.185105,0.039204,0.004093,-0.039532,0.033127,-5.718489,MOVE_JOINT
2.134000,0.504212,-0.185148,0.039234,0.003118,-0.039953,0.032060,-5.727070,MOVE_JOINT
2.135000,0.504217,-0.185189,0.039267,0.003434,-0.040584,0.032225,-5.735428,MOVE_JOINT
2.136000,0.504222,-0.185227,0.039300,0.004270,-0.039915,0.032737,-5.743533,MOVE_JOINT
2.137000,0.504225,-0.185264,0.039330,0.003501,-0.039204,0.031960,-5.751366,MOVE_JOINT
2.138000,0.504229,-0.185302,0.039361,0.003035,-0.039005,0.031006,-5.758910,MOVE_JOINT
2.139000,0.504236,-0.185339,0.039395,0.003539,-0.038345,0.031451,-5.766163,MOVE_JOINT
2.140000,0.504240,-0.185377,0.039425,0.003326,-0.038382,0.031129,-5.773139,MOVE_JOINT
2.141000,0.504242,-0.185414,0.039454,0.002674,-0.038333,0.030854,-5.779846,MOVE_JOINT
2.142000,0.504247,-0.185451,0.039485,0.003331,-0.038134,0.030803,-5.786266,MOVE_JOINT
2.143000,0.504249,-0.185491,0.039513,0.002792,-0.038712,0.030192,-5.792366,MOVE_JOINT
2.144000,0.504248,-0.185533,0.039542,0.001761,-0.039363,0.029873,-5.798113,MOVE_JOINT
2.145000,0.504250,-0.185570,0.039572,0.002270,-0.038720,0.030248,-5.803486,MOVE_JOINT
2.146000,0.504258,-0.185610,0.039607,0.003977,-0.038730,0.031635,-5.808468,MOVE_JOINT
2.147000,0.504259,-0.185646,0.039637,0.002978,-0.038137,0.030834,-5.812978,MOVE_JOINT
2.148000,0.504262,-0.185686,0.039669,0.003849,-0.038339,0.031830,-5.816843,MOVE_JOINT
2.149000,0.504264,-0.185722,0.039699,0.003363,-0.037960,0.031253,-5.819822,MOVE_JOINT
2.150000,0.504270,-0.185760,0.039732,0.004352,-0.037853,0.031703,-5.821650,MOVE_JOINT
2.151000,0.504272,-0.185798,0.039761,0.003747,-0.037864,0.030764,-5.822084,MOVE_JOINT
2.152000,0.504270,-0.185839,0.039789,0.002107,-0.038936,0.029691,-5.820965,MOVE_JOINT
2.153000,0.504277,-0.185878,0.039821,0.002981,-0.038772,0.030131,-5.818276,MOVE_JOINT
2.154000,0.504279,-0.185913,0.039851,0.002139,-0.037406,0.029827,-5.814156,MOVE_JOINT
2.155000,0.504280,-0.185949,0.039878,0.002617,-0.037118,0.029542,-5.808850,MOVE_JOINT
2.156000,0.504286,-0.185989,0.039915,0.003615,-0.037618,0.030891,-5.802637,MOVE_JOINT
2.157000,0.504283,-0.186024,0.039940,0.001389,-0.036870,0.028761,-5.795787,MOVE_JOINT
2.158000,0.504286,-0.186062,0.039973,0.002380,-0.037447,0.030584,-5.788548,MOVE_JOINT
2.159000,0.504285,-0.186103,0.040002,0.001822,-0.038347,0.030294,-5.781139,MOVE_JOINT
2.160000,0.504284,-0.186141,0.040031,0.000657,-0.038259,0.029706,-5.773726,MOVE_JOINT
2.161000,0.504290,-0.186181,0.040066,0.002221,-0.039215,0.031552,-5.766421,MOVE_JOINT
2.162000,0.504287,-0.186219,0.040092,0.000467,-0.038533,0.029279,-5.759285,MOVE_JOINT
2.163000,0.504286,-0.186257,0.040120,0.000476,-0.038691,0.029027,-5.752363,MOVE_JOINT
2.164000,0.504286,-0.186298,0.040150,0.000186,-0.039120,0.028925,-5.745749,MOVE_JOINT
2.165000,0.504286,-0.186338,0.040179,-0.000156,-0.039739,0.029104,-5.739617,MOVE_JOINT
2.166000,0.504285,-0.186375,0.040205,-0.000832,-0.038572,0.027857,-5.734182,MOVE_JOINT
2.167000,0.504286,-0.186414,0.040234,-0.000076,-0.038370,0.028185,-5.729677,MOVE_JOINT
2.168000,0.504281,-0.186453,0.040260,-0.001780,-0.038724,0.027474,-5.726335,MOVE_JOINT
2.169000,0.504281,-0.186494,0.040290,-0.000525,-0.039212,0.028558,-5.724381,MOVE_JOINT
2.170000,0.504279,-0.186533,0.040314,-0.000527,-0.039058,0.027821,-5.723989,MOVE_JOINT
2.171000,0.504279,-0.186571,0.040342,-0.000384,-0.038676,0.027781,-5.725263,MOVE_JOINT
2.172000,0.504280,-0.186611,0.040372,-0.000138,-0.039498,0.028462,-5.728226,MOVE_JOINT
2.173000,0.504278,-0.186649,0.040399,-0.000640,-0.038768,0.027947,-5.732817,MOVE_JOINT
2.174000,0.504279,-0.186688,0.040428,-0.000481,-0.039247,0.028371,-5.738875,MOVE_JOINT
2.175000,0.504280,-0.186723,0.040453,-0.000979,-0.038126,0.027026,-5.746161,MOVE_JOINT
2.176000,0.504282,-0.186758,0.040480,-0.000841,-0.037295,0.026586,-5.754407,MOVE_JOINT
2.177000,0.504281,-0.186796,0.040506,-0.000888,-0.037393,0.025902,-5.763389,MOVE_JOINT
2.178000,0.504275,-0.186833,0.040529,-0.002206,-0.037250,0.024680,-5.772971,MOVE_JOINT
2.179000,0.504285,-0.186863,0.040559,0.001667,-0.035379,0.026983,-5.783102,MOVE_JOINT
2.180000,0.504282,-0.186900,0.040584,-0.000398,-0.036016,0.025955,-5.793741,MOVE_JOINT
2.181000,0.504283,-0.186932,0.040609,-0.000348,-0.035225,0.025485,-5.804780,MOVE_JOINT
2.182000,0.504285,-0.186967,0.040636,-0.000225,-0.035308,0.025913,-5.816051,MOVE_JOINT
2.183000,0.504288,-0.187000,0.040663,0.000851,-0.034811,0.026072,-5.827367,MOVE_JOINT
2.184000,0.504288,-0.187039,0.040690,0.000853,-0.035389,0.026210,-5.838533,MOVE_JOINT
2.185000,0.504284,-0.187076,0.040712,-0.000299,-0.035836,0.024808,-5.849353,MOVE_JOINT
2.186000,0.504284,-0.187110,0.040736,0.000169,-0.035684,0.025072,-5.859675,MOVE_JOINT
2.187000,0.504286,-0.187143,0.040760,0.000198,-0.034739,0.024910,-5.869424,MOVE_JOINT
2.188000,0.504287,-0.187179,0.040785,0.000378,-0.035257,0.024672,-5.878575,MOVE_JOINT
2.189000,0.504285,-0.187216,0.040807,-0.000892,-0.035913,0.023700,-5.887138,MOVE_JOINT
2.190000,0.504285,-0.187252,0.040831,0.000036,-0.035778,0.023797,-5.895165,MOVE_JOINT
2.191000,0.504287,-0.187287,0.040857,0.000779,-0.034676,0.023891,-5.902769,MOVE_JOINT
2.192000,0.504286,-0.187319,0.040879,-0.000601,-0.034535,0.023127,-5.910094,MOVE_JOINT
2.193000,0.504285,-0.187357,0.040904,-0.000717,-0.035059,0.023884,-5.917265,MOVE_JOINT
2.194000,0.504284,-0.187391,0.040926,-0.000205,-0.034695,0.023961,-5.924350,MOVE_JOINT
2.195000,0.504283,-0.187428,0.040949,-0.000450,-0.035104,0.023362,-5.931333,MOVE_JOINT
2.196000,0.504285,-0.187462,0.040974,0.000270,-0.034228,0.024097,-5.938125,MOVE_JOINT
2.197000,0.504284,-0.187495,0.040996,0.000392,-0.034200,0.023682,-5.944596,MOVE_JOINT
2.198000,0.504282,-0.187532,0.041019,0.000414,-0.034950,0.024026,-5.950596,MOVE_JOINT
2.199000,0.504285,-0.187568,0.041044,0.000645,-0.035213,0.024282,-5.955962,MOVE_JOINT
2.200000,0.504284,-0.187597,0.041065,0.000342,-0.033659,0.023293,-5.960532,MOVE_JOINT
2.201000,0.504282,-0.187633,0.041088,-0.000485,-0.034431,0.023157,-5.964165,MOVE_JOINT
2.202000,0.504283,-0.187668,0.041115,0.000793,-0.034495,0.024447,-5.966762,MOVE_JOINT
2.203000,0.504283,-0.187701,0.041137,0.000299,-0.033770,0.023931,-5.968251,MOVE_JOINT
2.204000,0.504282,-0.187738,0.041160,0.000154,-0.034636,0.023890,-5.968561,MOVE_JOINT
2.205000,0.504280,-0.187774,0.041184,-0.000647,-0.034972,0.023604,-5.967622,MOVE_JOINT
2.206000,0.504280,-0.187812,0.041211,-0.000723,-0.036738,0.024717,-5.965397,MOVE_JOINT
2.207000,0.504282,-0.187849,0.041237,0.000290,-0.036548,0.025588,-5.961871,MOVE_JOINT
2.208000,0.504280,-0.187885,0.041261,-0.000465,-0.036781,0.025260,-5.957012,MOVE_JOINT
2.209000,0.504283,-0.187920,0.041288,0.000194,-0.036192,0.026005,-5.950754,MOVE_JOINT
2.210000,0.504279,-0.187957,0.041311,-0.001128,-0.036973,0.025620,-5.943012,MOVE_JOINT
2.211000,0.504280,-0.187994,0.041341,-0.000666,-0.037333,0.026722,-5.933705,MOVE_JOINT
2.212000,0.504280,-0.188027,0.041364,-0.000452,-0.036195,0.025954,-5.922757,MOVE_JOINT
2.213000,0.504278,-0.188066,0.041390,-0.000903,-0.036694,0.025692,-5.910114,MOVE_JOINT
2.214000,0.504277,-0.188105,0.041416,-0.000528,-0.037305,0.025978,-5.895780,MOVE_JOINT
2.215000,0.504276,-0.188141,0.041442,-0.000469,-0.036318,0.025582,-5.879851,MOVE_JOINT
2.216000,0.504276,-0.188178,0.041468,-0.001296,-0.036810,0.025504,-5.862498,MOVE_JOINT
2.217000,0.504276,-0.188218,0.041496,-0.000436,-0.036764,0.026086,-5.843948,MOVE_JOINT
2.218000,0.504270,-0.188257,0.041519,-0.002204,-0.037270,0.025069,-5.824457,MOVE_JOINT
2.219000,0.504271,-0.188294,0.041544,-0.001738,-0.037537,0.025032,-5.804309,MOVE_JOINT
2.220000,0.504269,-0.188331,0.041571,-0.001730,-0.037394,0.025559,-5.783832,MOVE_JOINT
2.221000,0.504265,-0.188369,0.041594,-0.002480,-0.037485,0.024715,-5.763372,MOVE_JOINT
2.222000,0.504263,-0.188405,0.041618,-0.002635,-0.037192,0.024682,-5.743270,MOVE_JOINT
2.223000,0.504262,-0.188442,0.041644,-0.002332,-0.037579,0.025158,-5.723846,MOVE_JOINT
2.224000,0.504257,-0.188481,0.041668,-0.002994,-0.037671,0.024664,-5.705385,MOVE_JOINT
2.225000,0.504252,-0.188518,0.041689,-0.004074,-0.037707,0.023512,-5.688134,MOVE_JOINT
2.226000,0.504250,-0.188552,0.041713,-0.002346,-0.036366,0.024175,-5.672321,MOVE_JOINT
2.227000,0.504243,-0.188593,0.041735,-0.004544,-0.037577,0.022985,-5.658164,MOVE_JOINT
2.228000,0.504241,-0.188629,0.041758,-0.004309,-0.036956,0.022714,-5.645871,MOVE_JOINT
2.229000,0.504236,-0.188665,0.041782,-0.005023,-0.036443,0.022294,-5.635632,MOVE_JOINT
2.230000,0.504234,-0.188701,0.041805,-0.004826,-0.036375,0.022205,-5.627622,MOVE_JOINT
2.231000,0.504232,-0.188738,0.041830,-0.003582,-0.036201,0.022931,-5.621975,MOVE_JOINT
2.232000,0.504230,-0.188775,0.041853,-0.003024,-0.037002,0.022976,-5.618744,MOVE_JOINT
2.233000,0.504225,-0.188811,0.041875,-0.003599,-0.036505,0.022405,-5.617888,MOVE_JOINT
2.234000,0.504224,-0.188848,0.041900,-0.003149,-0.036551,0.023031,-5.619282,MOVE_JOINT
2.235000,0.504221,-0.188883,0.041922,-0.003375,-0.036447,0.022918,-5.622740,MOVE_JOINT
2.236000,0.504216,-0.188921,0.041945,-0.004034,-0.037488,0.022667,-5.628027,MOVE_JOINT
2.237000,0.504217,-0.188954,0.041969,-0.002297,-0.036554,0.023397,-5.634881,MOVE_JOINT
2.238000,0.504210,-0.188990,0.041987,-0.003302,-0.036047,0.021877,-5.643029,MOVE_JOINT
2.239000,0.504206,-0.189027,0.042009,-0.003910,-0.036692,0.022072,-5.652227,MOVE_JOINT
2.240000,0.504205,-0.189060,0.042030,-0.003319,-0.035546,0.021631,-5.662288,MOVE_JOINT
2.241000,0.504201,-0.189095,0.042051,-0.003282,-0.035749,0.021670,-5.673094,MOVE_JOINT
2.242000,0.504199,-0.189126,0.042075,-0.002705,-0.034530,0.022357,-5.684553,MOVE_JOINT
2.243000,0.504194,-0.189161,0.042094,-0.003150,-0.034402,0.021625,-5.696563,MOVE_JOINT
2.244000,0.504192,-0.189194,0.042116,-0.002682,-0.033895,0.021489,-5.708990,MOVE_JOINT
2.245000,0.504186,-0.189236,0.042140,-0.004017,-0.036427,0.022310,-5.721695,MOVE_JOINT
2.246000,0.504185,-0.189269,0.042161,-0.003498,-0.035338,0.021767,-5.734552,MOVE_JOINT
2.247000,0.504179,-0.189306,0.042183,-0.004523,-0.036141,0.021978,-5.747450,MOVE_JOINT
2.248000,0.504175,-0.189342,0.042204,-0.004543,-0.036401,0.022077,-5.760297,MOVE_JOINT
2.249000,0.504169,-0.189377,0.042224,-0.004934,-0.036514,0.021582,-5.773022,MOVE_JOINT
2.250000,0.504164,-0.189413,0.042247,-0.005231,-0.036535,0.021582,-5.785570,MOVE_JOINT
2.251000,0.504161,-0.189450,0.042268,-0.004658,-0.036735,0.021395,-5.797920,MOVE_JOINT
2.252000,0.504155,-0.189486,0.042290,-0.004723,-0.036508,0.021725,-5.810083,MOVE_JOINT
2.253000,0.504158,-0.189521,0.042318,-0.002485,-0.035620,0.023514,-5.822072,MOVE_JOINT
2.254000,0.504154,-0.189553,0.042339,-0.002777,-0.034450,0.023054,-5.833840,MOVE_JOINT
2.255000,0.504150,-0.189585,0.042362,-0.003050,-0.033752,0.022743,-5.845236,MOVE_JOINT
2.256000,0.504149,-0.189620,0.042384,-0.002527,-0.034348,0.022817,-5.856038,MOVE_JOINT
2.257000,0.504147,-0.189655,0.042407,-0.002069,-0.034098,0.023251,-5.866022,MOVE_JOINT
2.258000,0.504142,-0.189689,0.042429,-0.002680,-0.034018,0.022442,-5.875001,MOVE_JOINT
2.259000,0.504137,-0.189722,0.042450,-0.002550,-0.033322,0.022691,-5.882836,MOVE_JOINT
2.260000,0.504134,-0.189756,0.042473,-0.003165,-0.033604,0.022752,-5.889456,MOVE_JOINT
2.261000,0.504131,-0.189791,0.042493,-0.003304,-0.034171,0.022006,-5.894849,MOVE_JOINT
2.262000,0.504128,-0.189825,0.042517,-0.002753,-0.034166,0.022708,-5.899073,MOVE_JOINT
2.263000,0.504126,-0.189861,0.042540,-0.003304,-0.035451,0.022576,-5.902241,MOVE_JOINT
2.264000,0.504128,-0.189897,0.042567,-0.002049,-0.035409,0.023596,-5.904494,MOVE_JOINT
2.265000,0.504123,-0.189931,0.042589,-0.002104,-0.034857,0.023605,-5.905948,MOVE_JOINT
2.266000,0.504120,-0.189964,0.042610,-0.001940,-0.034199,0.022508,-5.906666,MOVE_JOINT
2.267000,0.504117,-0.190002,0.042635,-0.001856,-0.035236,0.023711,-5.906677,MOVE_JOINT
2.268000,0.504114,-0.190038,0.042660,-0.001753,-0.034957,0.024025,-5.906007,MOVE_JOINT
2.269000,0.504111,-0.190076,0.042683,-0.002156,-0.036364,0.023844,-5.904664,MOVE_JOINT
2.270000,0.504105,-0.190114,0.042706,-0.003614,-0.037150,0.023629,-5.902632,MOVE_JOINT
2.271000,0.504099,-0.190148,0.042726,-0.004298,-0.035974,0.022541,-5.899917,MOVE_JOINT
2.272000,0.504097,-0.190189,0.042753,-0.003323,-0.037101,0.024025,-5.896579,MOVE_JOINT
2.273000,0.504093,-0.190225,0.042775,-0.004007,-0.037261,0.023328,-5.892727,MOVE_JOINT
2.274000,0.504090,-0.190264,0.042798,-0.003865,-0.037568,0.022860,-5.888487,MOVE_JOINT
2.275000,0.504086,-0.190299,0.042819,-0.003916,-0.036491,0.022289,-5.884013,MOVE_JOINT
2.276000,0.504083,-0.190335,0.042844,-0.003528,-0.036157,0.022894,-5.879505,MOVE_JOINT
2.277000,0.504077,-0.190374,0.042865,-0.004742,-0.036700,0.022147,-5.875192,MOVE_JOINT
2.278000,0.504074,-0.190411,0.042888,-0.004314,-0.037099,0.022475,-5.871296,MOVE_JOINT
2.279000,0.504066,-0.190448,0.042907,-0.005566,-0.037563,0.021634,-5.868024,MOVE_JOINT
2.280000,0.504067,-0.190483,0.042932,-0.003733,-0.036447,0.022483,-5.865558,MOVE_JOINT
2.281000,0.504062,-0.190520,0.042956,-0.004360,-0.036759,0.022669,-5.864037,MOVE_JOINT
2.282000,0.504062,-0.190557,0.042979,-0.003582,-0.037206,0.022890,-5.863517,MOVE_JOINT
2.283000,0.504055,-0.190595,0.043000,-0.004241,-0.037495,0.022812,-5.863959,MOVE_JOINT
2.284000,0.504054,-0.190630,0.043023,-0.003825,-0.037073,0.022918,-5.865254,MOVE_JOINT
2.285000,0.504049,-0.190662,0.043045,-0.003993,-0.035945,0.022866,-5.867249,MOVE_JOINT
2.286000,0.504048,-0.190698,0.043070,-0.003281,-0.035864,0.023311,-5.869754,MOVE_JOINT
2.287000,0.504043,-0.190735,0.043091,-0.003925,-0.036044,0.022836,-5.872547,MOVE_JOINT
2.288000,0.504042,-0.190765,0.043111,-0.003398,-0.034447,0.022027,-5.875387,MOVE_JOINT
2.289000,0.504041,-0.190803,0.043137,-0.002306,-0.035650,0.023469,-5.878060,MOVE_JOINT
2.290000,0.504038,-0.190840,0.043159,-0.002481,-0.035586,0.023059,-5.880373,MOVE_JOINT
2.291000,0.504033,-0.190874,0.043179,-0.002455,-0.034660,0.022418,-5.882144,MOVE_JOINT
2.292000,0.504034,-0.190909,0.043205,-0.001344,-0.034627,0.023358,-5.883207,MOVE_JOINT
2.293000,0.504030,-0.190945,0.043224,-0.002688,-0.034868,0.021596,-5.883442,MOVE_JOINT
2.294000,0.504024,-0.190982,0.043246,-0.003643,-0.035300,0.021805,-5.882793,MOVE_JOINT
2.295000,0.504024,-0.191015,0.043269,-0.002534,-0.035127,0.022266,-5.881282,MOVE_JOINT
2.296000,0.504023,-0.191048,0.043291,-0.001925,-0.034378,0.021919,-5.878981,MOVE_JOINT
2.297000,0.504021,-0.191085,0.043316,-0.001835,-0.034875,0.022854,-5.875960,MOVE_JOINT
2.298000,0.504021,-0.191114,0.043337,-0.001412,-0.033590,0.022773,-5.872257,MOVE_JOINT
2.299000,0.504019,-0.191151,0.043361,-0.001205,-0.034757,0.023333,-5.867857,MOVE_JOINT
2.300000,0.504017,-0.191182,0.043384,-0.000495,-0.033433,0.023536,-5.862688,MOVE_JOINT
2.301000,0.504015,-0.191217,0.043406,-0.001394,-0.034164,0.022727,-5.856637,MOVE_JOINT
2.302000,0.504012,-0.191249,0.043427,-0.001464,-0.032964,0.022530,-5.849588,MOVE_JOINT
2.303000,0.504012,-0.191280,0.043451,-0.000398,-0.032636,0.023172,-5.841462,MOVE_JOINT
2.304000,0.504009,-0.191319,0.043476,-0.001767,-0.034769,0.023664,-5.832213,MOVE_JOINT
2.305000,0.504009,-0.191351,0.043499,-0.001495,-0.034140,0.023189,-5.821821,MOVE_JOINT
2.306000,0.504011,-0.191380,0.043524,-0.000289,-0.032681,0.023737,-5.810292,MOVE_JOINT
2.307000,0.504005,-0.191412,0.043544,-0.001702,-0.032181,0.022712,-5.797665,MOVE_JOINT
2.308000,0.504003,-0.191446,0.043567,-0.001534,-0.032560,0.022616,-5.784022,MOVE_JOINT
2.309000,0.504000,-0.191476,0.043589,-0.002024,-0.031571,0.022427,-5.769506,MOVE_JOINT
2.310000,0.504000,-0.191510,0.043614,-0.001386,-0.032142,0.023157,-5.754323,MOVE_JOINT
2.311000,0.504004,-0.191542,0.043640,0.000276,-0.032023,0.023852,-5.738701,MOVE_JOINT
2.312000,0.504000,-0.191575,0.043661,-0.000520,-0.031811,0.023376,-5.722838,MOVE_JOINT
2.313000,0.503999,-0.191605,0.043682,-0.000989,-0.031650,0.022630,-5.706906,MOVE_JOINT
2.314000,0.503998,-0.191640,0.043707,-0.001035,-0.032790,0.022730,-5.691088,MOVE_JOINT
2.315000,0.503991,-0.191671,0.043724,-0.003378,-0.032544,0.020937,-5.675633,MOVE_JOINT
2.316000,0.503990,-0.191704,0.043748,-0.002921,-0.033050,0.021520,-5.660877,MOVE_JOINT
2.317000,0.503986,-0.191739,0.043768,-0.003085,-0.033329,0.021331,-5.647227,MOVE_JOINT
2.318000,0.503985,-0.191770,0.043791,-0.002726,-0.032395,0.021734,-5.635105,MOVE_JOINT
2.319000,0.503985,-0.191800,0.043813,-0.002095,-0.031823,0.021733,-5.624861,MOVE_JOINT
2.320000,0.503979,-0.191834,0.043833,-0.002987,-0.032180,0.021389,-5.616725,MOVE_JOINT
2.321000,0.503977,-0.191868,0.043855,-0.002607,-0.032341,0.021693,-5.610795,MOVE_JOINT
2.322000,0.503975,-0.191899,0.043876,-0.002369,-0.032258,0.021287,-5.607069,MOVE_JOINT
2.323000,0.503970,-0.191932,0.043895,-0.003234,-0.032493,0.020653,-5.605481,MOVE_JOINT
2.324000,0.503966,-0.191962,0.043914,-0.003501,-0.031493,0.019637,-5.605957,MOVE_JOINT
2.325000,0.503964,-0.191998,0.043938,-0.003459,-0.032867,0.020818,-5.608445,MOVE_JOINT
2.326000,0.503960,-0.192027,0.043956,-0.003372,-0.031931,0.020504,-5.612901,MOVE_JOINT
2.327000,0.503958,-0.192060,0.043980,-0.002787,-0.032495,0.021512,-5.619249,MOVE_JOINT
2.328000,0.503956,-0.192090,0.044000,-0.002815,-0.031437,0.020905,-5.627331,MOVE_JOINT
2.329000,0.503952,-0.192122,0.044018,-0.003448,-0.031747,0.020341,-5.636906,MOVE_JOINT
2.330000,0.503951,-0.192154,0.044042,-0.002632,-0.031223,0.021175,-5.647679,MOVE_JOINT
2.331000,0.503945,-0.192185,0.044059,-0.003456,-0.031373,0.020412,-5.659341,MOVE_JOINT
2.332000,0.503943,-0.192217,0.044079,-0.002918,-0.031823,0.020790,-5.671585,MOVE_JOINT
2.333000,0.503941,-0.192248,0.044100,-0.002142,-0.031512,0.020879,-5.684126,MOVE_JOINT
2.334000,0.503935,-0.192281,0.044119,-0.004054,-0.031738,0.019514,-5.696721,MOVE_JOINT
2.335000,0.503935,-0.192311,0.044140,-0.002264,-0.031164,0.020543,-5.709185,MOVE_JOINT
2.336000,0.503931,-0.192342,0.044160,-0.002180,-0.031129,0.021014,-5.721393,MOVE_JOINT
2.337000,0.503929,-0.192373,0.044180,-0.001585,-0.031115,0.021218,-5.733225,MOVE_JOINT
2.338000,0.503921,-0.192406,0.044196,-0.003339,-0.031777,0.019712,-5.744540,MOVE_JOINT
2.339000,0.503920,-0.192437,0.044217,-0.003154,-0.031679,0.019832,-5.755202,MOVE_JOINT
2.340000,0.503920,-0.192468,0.044239,-0.002621,-0.031981,0.020483,-5.765137,MOVE_JOINT
2.341000,0.503912,-0.192497,0.044256,-0.003657,-0.030624,0.019221,-5.774322,MOVE_JOINT
2.342000,0.503909,-0.192527,0.044277,-0.002992,-0.030371,0.019782,-5.782755,MOVE_JOINT
2.343000,0.503910,-0.192556,0.044300,-0.002318,-0.029361,0.020140,-5.790426,MOVE_JOINT
2.344000,0.503905,-0.192589,0.044318,-0.003244,-0.029951,0.019299,-5.797300,MOVE_JOINT
2.345000,0.503902,-0.192621,0.044338,-0.003075,-0.030306,0.019316,-5.803322,MOVE_JOINT
2.346000,0.503900,-0.192649,0.044359,-0.003075,-0.029505,0.019064,-5.808450,MOVE_JOINT
2.347000,0.503899,-0.192679,0.044382,-0.003263,-0.030060,0.020187,-5.812668,MOVE_JOINT
2.348000,0.503897,-0.192708,0.044402,-0.003385,-0.029623,0.019732,-5.815967,MOVE_JOINT
2.349000,0.503898,-0.192741,0.044426,-0.002439,-0.030596,0.021035,-5.818308,MOVE_JOINT
2.350000,0.503890,-0.192769,0.044443,-0.003970,-0.030055,0.019867,-5.819629,MOVE_JOINT
2.351000,0.503890,-0.192797,0.044465,-0.003229,-0.029102,0.020334,-5.819860,MOVE_JOINT
2.352000,0.503889,-0.192830,0.044490,-0.003298,-0.030415,0.021261,-5.818944,MOVE_JOINT
2.353000,0.503886,-0.192860,0.044510,-0.002988,-0.030072,0.021164,-5.816823,MOVE_JOINT
2.354000,0.503883,-0.192889,0.044529,-0.002912,-0.029672,0.020599,-5.813433,MOVE_JOINT
2.355000,0.503879,-0.192924,0.044551,-0.003836,-0.031676,0.020760,-5.808726,MOVE_JOINT
2.356000,0.503878,-0.192951,0.044571,-0.003666,-0.030571,0.020661,-5.802725,MOVE_JOINT
2.357000,0.503875,-0.192979,0.044591,-0.003854,-0.030164,0.020298,-5.795536,MOVE_JOINT
2.358000,0.503874,-0.193010,0.044613,-0.003077,-0.030431,0.020766,-5.787332,MOVE_JOINT
2.359000,0.503874,-0.193038,0.044635,-0.002579,-0.029522,0.020943,-5.778318,MOVE_JOINT
2.360000,0.503869,-0.193070,0.044654,-0.003203,-0.029987,0.020560,-5.768696,MOVE_JOINT
2.361000,0.503869,-0.193101,0.044678,-0.002158,-0.030904,0.021690,-5.758644,MOVE_JOINT
2.362000,0.503864,-0.193132,0.044697,-0.003052,-0.030470,0.020708,-5.748301,MOVE_JOINT
2.363000,0.503863,-0.193161,0.044718,-0.002544,-0.029892,0.020715,-5.737766,MOVE_JOINT
2.364000,0.503861,-0.193191,0.044737,-0.002062,-0.029811,0.020395,-5.727120,MOVE_JOINT
2.365000,0.503858,-0.193221,0.044758,-0.002541,-0.029587,0.020421,-5.716455,MOVE_JOINT
2.366000,0.503854,-0.193247,0.044774,-0.003272,-0.028767,0.019442,-5.705892,MOVE_JOINT
2.367000,0.503853,-0.193279,0.044795,-0.002631,-0.029919,0.020301,-5.695579,MOVE_JOINT
2.368000,0.503850,-0.193305,0.044813,-0.002092,-0.028243,0.019729,-5.685686,MOVE_JOINT
2.369000,0.503846,-0.193332,0.044831,-0.002683,-0.028209,0.019275,-5.676376,MOVE_JOINT
2.370000,0.503842,-0.193362,0.044849,-0.002723,-0.029226,0.019483,-5.667799,MOVE_JOINT
2.371000,0.503837,-0.193392,0.044867,-0.003568,-0.029869,0.018761,-5.660095,MOVE_JOINT
2.372000,0.503831,-0.193418,0.044882,-0.004922,-0.028904,0.017505,-5.653406,MOVE_JOINT
2.373000,0.503829,-0.193444,0.044900,-0.004220,-0.028210,0.017788,-5.647894,MOVE_JOINT
2.374000,0.503821,-0.193473,0.044915,-0.004876,-0.028977,0.017375,-5.643744,MOVE_JOINT
2.375000,0.503820,-0.193498,0.044934,-0.004112,-0.027431,0.017839,-5.641128,MOVE_JOINT
2.376000,0.503817,-0.193524,0.044951,-0.003949,-0.026881,0.017663,-5.640166,MOVE_JOINT
2.377000,0.503809,-0.193546,0.044961,-0.005756,-0.025739,0.015081,-5.640905,MOVE_JOINT
2.378000,0.503808,-0.193570,0.044978,-0.004830,-0.025639,0.015661,-5.643357,MOVE_JOINT
2.379000,0.503805,-0.193596,0.044995,-0.004620,-0.026108,0.016423,-5.647557,MOVE_JOINT
2.380000,0.503799,-0.193617,0.045008,-0.004492,-0.024103,0.015410,-5.653537,MOVE_JOINT
2.381000,0.503795,-0.193646,0.045025,-0.004061,-0.025402,0.016080,-5.661275,MOVE_JOINT
2.382000,0.503792,-0.193668,0.045040,-0.004305,-0.024738,0.015582,-5.670674,MOVE_JOINT
2.383000,0.503781,-0.193689,0.045050,-0.005558,-0.023142,0.013987,-5.681584,MOVE_JOINT
2.384000,0.503782,-0.193713,0.045068,-0.004064,-0.023360,0.014753,-5.693837,MOVE_JOINT
2.385000,0.503782,-0.193736,0.045088,-0.001906,-0.023204,0.016466,-5.707271,MOVE_JOINT
2.386000,0.503774,-0.193761,0.045101,-0.003603,-0.023095,0.015086,-5.721685,MOVE_JOINT
2.387000,0.503771,-0.193784,0.045118,-0.002918,-0.022882,0.015657,-5.736803,MOVE_JOINT
2.388000,0.503763,-0.193814,0.045130,-0.004484,-0.025293,0.014649,-5.752318,MOVE_JOINT
2.389000,0.503758,-0.193837,0.045146,-0.004253,-0.024868,0.015079,-5.767965,MOVE_JOINT
2.390000,0.503755,-0.193862,0.045163,-0.003639,-0.025262,0.015862,-5.783554,MOVE_JOINT
2.391000,0.503751,-0.193887,0.045178,-0.003518,-0.025913,0.016032,-5.798940,MOVE_JOINT
2.392000,0.503750,-0.193910,0.045195,-0.002788,-0.024753,0.016442,-5.813969,MOVE_JOINT
2.393000,0.503743,-0.193933,0.045210,-0.003935,-0.024858,0.015933,-5.828446,MOVE_JOINT
2.394000,0.503737,-0.193956,0.045223,-0.004689,-0.024269,0.015584,-5.842144,MOVE_JOINT
2.395000,0.503733,-0.193978,0.045239,-0.004564,-0.024317,0.015839,-5.854829,MOVE_JOINT
2.396000,0.503731,-0.193998,0.045253,-0.004058,-0.022484,0.014915,-5.866296,MOVE_JOINT
2.397000,0.503724,-0.194023,0.045267,-0.004901,-0.023105,0.014481,-5.876388,MOVE_JOINT
2.398000,0.503721,-0.194044,0.045281,-0.004389,-0.022295,0.014391,-5.885023,MOVE_JOINT
2.399000,0.503718,-0.194066,0.045297,-0.003581,-0.022363,0.015046,-5.892184,MOVE_JOINT
2.400000,0.503714,-0.194089,0.045313,-0.004137,-0.022370,0.014805,-5.897890,MOVE_JOINT
2.401000,0.503710,-0.194113,0.045327,-0.003566,-0.022482,0.014773,-5.902156,MOVE_JOINT
2.402000,0.503708,-0.194135,0.045344,-0.003031,-0.022610,0.015359,-5.905001,MOVE_JOINT
2.403000,0.503700,-0.194156,0.045354,-0.004003,-0.021637,0.014178,-5.906451,MOVE_JOINT
2.404000,0.503699,-0.194181,0.045371,-0.003138,-0.022079,0.014813,-5.906556,MOVE_JOINT
2.405000,0.503694,-0.194204,0.045386,-0.003719,-0.022370,0.014700,-5.905388,MOVE_JOINT
2.406000,0.503690,-0.194225,0.045398,-0.004174,-0.021617,0.013830,-5.903033,MOVE_JOINT
2.407000,0.503686,-0.194249,0.045413,-0.003971,-0.022895,0.014251,-5.899595,MOVE_JOINT
2.408000,0.503681,-0.194271,0.045426,-0.004974,-0.022935,0.013736,-5.895199,MOVE_JOINT
2.409000,0.503680,-0.194293,0.045443,-0.003463,-0.023095,0.014617,-5.889991,MOVE_JOINT
2.410000,0.503680,-0.194313,0.045458,-0.003086,-0.022655,0.014816,-5.884110,MOVE_JOINT
2.411000,0.503671,-0.194342,0.045472,-0.004431,-0.024815,0.014656,-5.877662,MOVE_JOINT
2.412000,0.503668,-0.194359,0.045484,-0.003877,-0.022901,0.014226,-5.870716,MOVE_JOINT
2.413000,0.503663,-0.194381,0.045498,-0.004251,-0.023321,0.014473,-5.863329,MOVE_JOINT
2.414000,0.503662,-0.194404,0.045514,-0.002841,-0.023330,0.015261,-5.855546,MOVE_JOINT
2.415000,0.503660,-0.194424,0.045529,-0.002892,-0.022312,0.014760,-5.847390,MOVE_JOINT
2.416000,0.503653,-0.194447,0.045540,-0.004230,-0.022996,0.013780,-5.838869,MOVE_JOINT
2.417000,0.503647,-0.194472,0.045554,-0.004535,-0.023583,0.014257,-5.830014,MOVE_JOINT
2.418000,0.503647,-0.194496,0.045571,-0.002835,-0.023971,0.015236,-5.820909,MOVE_JOINT
2.419000,0.503642,-0.194516,0.045585,-0.003863,-0.023204,0.014830,-5.811653,MOVE_JOINT
2.420000,0.503637,-0.194539,0.045598,-0.003976,-0.023500,0.014525,-5.802321,MOVE_JOINT
2.421000,0.503638,-0.194562,0.045615,-0.002571,-0.023176,0.015370,-5.792968,MOVE_JOINT
2.422000,0.503635,-0.194584,0.045630,-0.003162,-0.022728,0.014904,-5.783639,MOVE_JOINT
2.423000,0.503631,-0.194604,0.045644,-0.002802,-0.021829,0.014806,-5.774367,MOVE_JOINT
2.424000,0.503624,-0.194627,0.045656,-0.004957,-0.021996,0.013210,-5.765178,MOVE_JOINT
2.425000,0.503624,-0.194650,0.045673,-0.004016,-0.021856,0.014014,-5.756126,MOVE_JOINT
2.426000,0.503620,-0.194669,0.045686,-0.004034,-0.021278,0.013941,-5.747306,MOVE_JOINT
2.427000,0.503614,-0.194695,0.045702,-0.004274,-0.022729,0.014569,-5.738825,MOVE_JOINT
2.428000,0.503615,-0.194715,0.045715,-0.002284,-0.020925,0.014147,-5.730757,MOVE_JOINT
2.429000,0.503607,-0.194734,0.045724,-0.004460,-0.020698,0.012512,-5.723148,MOVE_JOINT
2.430000,0.503605,-0.194759,0.045741,-0.003779,-0.021916,0.013880,-5.716057,MOVE_JOINT
2.431000,0.503600,-0.194781,0.045753,-0.004543,-0.021792,0.013144,-5.709575,MOVE_JOINT
2.432000,0.503598,-0.194799,0.045765,-0.003835,-0.021294,0.012809,-5.703811,MOVE_JOINT
2.433000,0.503595,-0.194823,0.045782,-0.003824,-0.022203,0.014031,-5.698869,MOVE_JOINT
2.434000,0.503592,-0.194842,0.045796,-0.003986,-0.021235,0.014076,-5.694827,MOVE_JOINT
2.435000,0.503585,-0.194866,0.045808,-0.004550,-0.022181,0.013386,-5.691692,MOVE_JOINT
2.436000,0.503582,-0.194888,0.045822,-0.004139,-0.021812,0.013614,-5.689404,MOVE_JOINT
2.437000,0.503576,-0.194910,0.045834,-0.005069,-0.021989,0.012851,-5.687884,MOVE_JOINT
2.438000,0.503576,-0.194928,0.045850,-0.003303,-0.020565,0.013961,-5.687067,MOVE_JOINT
2.439000,0.503567,-0.194953,0.045860,-0.004892,-0.021572,0.012735,-5.686894,MOVE_JOINT
2.440000,0.503566,-0.194974,0.045875,-0.003571,-0.021017,0.013623,-5.687307,MOVE_JOINT
2.441000,0.503562,-0.194997,0.045888,-0.003225,-0.021288,0.013637,-5.688246,MOVE_JOINT
2.442000,0.503559,-0.195017,0.045902,-0.002381,-0.020337,0.014105,-5.689633,MOVE_JOINT
2.443000,0.503550,-0.195041,0.045912,-0.004612,-0.022036,0.012887,-5.691367,MOVE_JOINT
2.444000,0.503548,-0.195061,0.045926,-0.003801,-0.021038,0.013225,-5.693341,MOVE_JOINT
2.445000,0.503542,-0.195085,0.045938,-0.005022,-0.022065,0.012352,-5.695488,MOVE_JOINT
2.446000,0.503539,-0.195106,0.045949,-0.004467,-0.022096,0.012433,-5.697802,MOVE_JOINT
2.447000,0.503537,-0.195128,0.045965,-0.003896,-0.022417,0.013557,-5.700335,MOVE_JOINT
2.448000,0.503535,-0.195148,0.045978,-0.003165,-0.021838,0.014068,-5.703144,MOVE_JOINT
2.449000,0.503529,-0.195170,0.045989,-0.003760,-0.022310,0.013348,-5.706238,MOVE_JOINT
2.450000,0.503526,-0.195188,0.046000,-0.004021,-0.020893,0.012603,-5.709567,MOVE_JOINT
2.451000,0.503522,-0.195207,0.046014,-0.003553,-0.020578,0.012982,-5.713071,MOVE_JOINT
2.452000,0.503517,-0.195229,0.046024,-0.003839,-0.020949,0.012376,-5.716707,MOVE_JOINT
2.453000,0.503517,-0.195245,0.046036,-0.002904,-0.019610,0.012493,-5.720441,MOVE_JOINT
2.454000,0.503512,-0.195269,0.046049,-0.004139,-0.021294,0.012479,-5.724246,MOVE_JOINT
2.455000,0.503509,-0.195284,0.046059,-0.004599,-0.018899,0.011029,-5.728103,MOVE_JOINT
2.456000,0.503505,-0.195303,0.046069,-0.004882,-0.019333,0.010854,-5.732026,MOVE_JOINT
2.457000,0.503505,-0.195319,0.046081,-0.003213,-0.018352,0.011547,-5.736073,MOVE_JOINT
2.458000,0.503501,-0.195336,0.046090,-0.004046,-0.018149,0.010839,-5.740324,MOVE_JOINT
2.459000,0.503492,-0.195355,0.046096,-0.006565,-0.018534,0.008764,-5.744861,MOVE_JOINT
2.460000,0.503494,-0.195373,0.046110,-0.004124,-0.018153,0.009943,-5.749790,MOVE_JOINT
2.461000,0.503492,-0.195390,0.046120,-0.003864,-0.018148,0.009661,-5.755258,MOVE_JOINT
2.462000,0.503488,-0.195407,0.046131,-0.004041,-0.017559,0.009709,-5.761410,MOVE_JOINT
2.463000,0.503485,-0.195427,0.046141,-0.003915,-0.018308,0.009664,-5.768333,MOVE_JOINT
2.464000,0.503479,-0.195445,0.046149,-0.004920,-0.017846,0.008637,-5.776057,MOVE_JOINT
2.465000,0.503480,-0.195461,0.046162,-0.004550,-0.017618,0.009528,-5.784573,MOVE_JOINT
2.466000,0.503477,-0.195477,0.046172,-0.004666,-0.016993,0.009055,-5.793844,MOVE_JOINT
2.467000,0.503476,-0.195494,0.046183,-0.003681,-0.017000,0.009688,-5.803780,MOVE_JOINT
2.468000,0.503472,-0.195514,0.046193,-0.003240,-0.017818,0.010279,-5.814222,MOVE_JOINT
2.469000,0.503470,-0.195530,0.046203,-0.003008,-0.017919,0.010278,-5.824943,MOVE_JOINT
2.470000,0.503466,-0.195548,0.046212,-0.003291,-0.018156,0.009965,-5.835670,MOVE_JOINT
2.471000,0.503462,-0.195568,0.046222,-0.003193,-0.018490,0.010178,-5.846116,MOVE_JOINT
2.472000,0.503462,-0.195582,0.046233,-0.002492,-0.016961,0.010296,-5.856016,MOVE_JOINT
2.473000,0.503457,-0.195599,0.046241,-0.002728,-0.016570,0.009966,-5.865126,MOVE_JOINT
2.474000,0.503449,-0.195622,0.046250,-0.003807,-0.018319,0.009933,-5.873225,MOVE_JOINT
2.475000,0.503447,-0.195641,0.046262,-0.003099,-0.018541,0.010928,-5.880131,MOVE_JOINT
2.476000,0.503448,-0.195655,0.046275,-0.002515,-0.017211,0.011361,-5.885690,MOVE_JOINT
2.477000,0.503439,-0.195681,0.046284,-0.004140,-0.019957,0.011079,-5.889763,MOVE_JOINT
2.478000,0.503438,-0.195695,0.046294,-0.002931,-0.017928,0.010665,-5.892223,MOVE_JOINT
2.479000,0.503436,-0.195716,0.046308,-0.003300,-0.019222,0.011396,-5.892997,MOVE_JOINT
2.480000,0.503431,-0.195737,0.046318,-0.003359,-0.019107,0.011230,-5.892081,MOVE_JOINT
2.481000,0.503427,-0.195756,0.046329,-0.004174,-0.019863,0.011226,-5.889512,MOVE_JOINT
2.482000,0.503423,-0.195770,0.046338,-0.004155,-0.017550,0.010211,-5.885366,MOVE_JOINT
2.483000,0.503420,-0.195791,0.046351,-0.003672,-0.018470,0.011120,-5.879754,MOVE_JOINT
2.484000,0.503416,-0.195812,0.046360,-0.004143,-0.019209,0.010495,-5.872825,MOVE_JOINT
2.485000,0.503413,-0.195835,0.046374,-0.004039,-0.020803,0.011603,-5.864751,MOVE_JOINT
2.486000,0.503409,-0.195853,0.046381,-0.003856,-0.020478,0.010965,-5.855721,MOVE_JOINT
2.487000,0.503408,-0.195865,0.046392,-0.002237,-0.018279,0.011066,-5.845933,MOVE_JOINT
2.488000,0.503403,-0.195892,0.046407,-0.003313,-0.020889,0.012405,-5.835588,MOVE_JOINT
2.489000,0.503401,-0.195910,0.046417,-0.002890,-0.019755,0.012065,-5.824850,MOVE_JOINT
2.490000,0.503397,-0.195930,0.046427,-0.003461,-0.019618,0.011153,-5.813820,MOVE_JOINT
2.491000,0.503394,-0.195953,0.046439,-0.003674,-0.020365,0.011397,-5.802566,MOVE_JOINT
2.492000,0.503391,-0.195970,0.046450,-0.003962,-0.019349,0.010990,-5.791178,MOVE_JOINT
2.493000,0.503387,-0.195987,0.046459,-0.004239,-0.018779,0.010319,-5.779790,MOVE_JOINT
2.494000,0.503388,-0.196005,0.046474,-0.003055,-0.018358,0.011550,-5.768563,MOVE_JOINT
2.495000,0.503382,-0.196025,0.046482,-0.004005,-0.018898,0.010611,-5.757651,MOVE_JOINT
2.496000,0.503376,-0.196041,0.046489,-0.004651,-0.017343,0.009230,-5.747182,MOVE_JOINT
2.497000,0.503376,-0.196062,0.046501,-0.003742,-0.018813,0.010161,-5.737280,MOVE_JOINT
2.498000,0.503371,-0.196077,0.046511,-0.003900,-0.017815,0.010186,-5.728089,MOVE_JOINT
2.499000,0.503366,-0.196096,0.046519,-0.004465,-0.018213,0.009397,-5.719749,MOVE_JOINT
2.500000,0.503364,-0.196113,0.046530,-0.003977,-0.017391,0.009439,-5.712374,MOVE_JOINT
2.501000,0.503358,-0.196132,0.046537,-0.004355,-0.017893,0.009076,-5.706067,MOVE_JOINT
2.502000,0.503351,-0.196152,0.046546,-0.004937,-0.018041,0.009017,-5.700931,MOVE_JOINT
2.503000,0.503349,-0.196171,0.046557,-0.004212,-0.018559,0.009593,-5.697066,MOVE_JOINT
2.504000,0.503346,-0.196187,0.046568,-0.003293,-0.017608,0.010291,-5.694536,MOVE_JOINT
2.505000,0.503343,-0.196207,0.046579,-0.002836,-0.018415,0.011045,-5.693324,MOVE_JOINT
2.506000,0.503335,-0.196224,0.046585,-0.004018,-0.017545,0.009610,-5.693315,MOVE_JOINT
2.507000,0.503332,-0.196242,0.046595,-0.003633,-0.017704,0.009820,-5.694333,MOVE_JOINT
2.508000,0.503331,-0.196261,0.046607,-0.002398,-0.018041,0.011060,-5.696207,MOVE_JOINT
2.509000,0.503327,-0.196276,0.046615,-0.002210,-0.017102,0.010608,-5.698780,MOVE_JOINT
2.510000,0.503321,-0.196293,0.046624,-0.003896,-0.017357,0.009760,-5.701890,MOVE_JOINT
2.511000,0.503319,-0.196315,0.046636,-0.003567,-0.018933,0.010395,-5.705385,MOVE_JOINT
2.512000,0.503315,-0.196330,0.046644,-0.003806,-0.017519,0.009392,-5.709161,MOVE_JOINT
2.513000,0.503309,-0.196349,0.046653,-0.004242,-0.017481,0.009353,-5.713175,MOVE_JOINT
2.514000,0.503308,-0.196367,0.046665,-0.003165,-0.017932,0.010433,-5.717429,MOVE_JOINT
2.515000,0.503303,-0.196384,0.046673,-0.004190,-0.017737,0.009191,-5.721943,MOVE_JOINT
2.516000,0.503297,-0.196404,0.046683,-0.004740,-0.018545,0.009480,-5.726742,MOVE_JOINT
2.517000,0.503293,-0.196423,0.046694,-0.004318,-0.018810,0.010156,-5.731865,MOVE_JOINT
2.518000,0.503290,-0.196440,0.046704,-0.004172,-0.018179,0.009769,-5.737347,MOVE_JOINT
2.519000,0.503285,-0.196458,0.046712,-0.004458,-0.017953,0.009546,-5.743194,MOVE_JOINT
2.520000,0.503285,-0.196477,0.046725,-0.003170,-0.018466,0.010436,-5.749381,MOVE_JOINT
2.521000,0.503281,-0.196499,0.046736,-0.003397,-0.019575,0.010780,-5.755855,MOVE_JOINT
2.522000,0.503275,-0.196517,0.046745,-0.004533,-0.019466,0.010120,-5.762532,MOVE_JOINT
2.523000,0.503273,-0.196536,0.046757,-0.003194,-0.019151,0.010750,-5.769313,MOVE_JOINT
2.524000,0.503268,-0.196552,0.046764,-0.003919,-0.019008,0.009878,-5.776102,MOVE_JOINT
2.525000,0.503259,-0.196572,0.046771,-0.005173,-0.019572,0.009346,-5.782825,MOVE_JOINT
2.526000,0.503258,-0.196589,0.046783,-0.003932,-0.019136,0.010099,-5.789444,MOVE_JOINT
2.527000,0.503250,-0.196609,0.046790,-0.005500,-0.019791,0.009090,-5.795952,MOVE_JOINT
2.528000,0.503248,-0.196625,0.046803,-0.003692,-0.018227,0.010356,-5.802352,MOVE_JOINT
2.529000,0.503242,-0.196643,0.046811,-0.004610,-0.018692,0.009704,-5.808625,MOVE_JOINT
2.530000,0.503238,-0.196661,0.046821,-0.004918,-0.018653,0.009758,-5.814707,MOVE_JOINT
2.531000,0.503233,-0.196680,0.046830,-0.004762,-0.018555,0.009651,-5.820507,MOVE_JOINT
2.532000,0.503229,-0.196695,0.046840,-0.003837,-0.017642,0.010045,-5.825933,MOVE_JOINT
2.533000,0.503220,-0.196713,0.046847,-0.005664,-0.017746,0.008876,-5.830903,MOVE_JOINT
2.534000,0.503217,-0.196731,0.046857,-0.004926,-0.017474,0.009329,-5.835351,MOVE_JOINT
2.535000,0.503207,-0.196751,0.046863,-0.006487,-0.018191,0.008263,-5.839254,MOVE_JOINT
2.536000,0.503204,-0.196767,0.046872,-0.005481,-0.017206,0.008497,-5.842657,MOVE_JOINT
2.537000,0.503200,-0.196788,0.046884,-0.005074,-0.017915,0.009467,-5.845666,MOVE_JOINT
2.538000,0.503191,-0.196805,0.046892,-0.006214,-0.017595,0.008605,-5.848396,MOVE_JOINT
2.539000,0.503185,-0.196826,0.046900,-0.006405,-0.019102,0.008645,-5.850940,MOVE_JOINT
2.540000,0.503181,-0.196841,0.046909,-0.005582,-0.017530,0.008493,-5.853378,MOVE_JOINT
2.541000,0.503174,-0.196860,0.046916,-0.005626,-0.018059,0.008726,-5.855796,MOVE_JOINT
2.542000,0.503169,-0.196880,0.046926,-0.005637,-0.018814,0.008511,-5.858279,MOVE_JOINT
2.543000,0.503161,-0.196894,0.046930,-0.006328,-0.017509,0.007625,-5.860895,MOVE_JOINT
2.544000,0.503157,-0.196916,0.046942,-0.005798,-0.018973,0.008796,-5.863714,MOVE_JOINT
2.545000,0.503151,-0.196933,0.046950,-0.005296,-0.018655,0.009220,-5.866791,MOVE_JOINT
2.546000,0.503144,-0.196951,0.046958,-0.006631,-0.018675,0.008304,-5.870136,MOVE_JOINT
2.547000,0.503142,-0.196970,0.046970,-0.004593,-0.018809,0.009698,-5.873704,MOVE_JOINT
2.548000,0.503137,-0.196987,0.046979,-0.004702,-0.018351,0.009504,-5.877407,MOVE_JOINT
2.549000,0.503135,-0.197003,0.046989,-0.005107,-0.017787,0.009248,-5.881113,MOVE_JOINT
2.550000,0.503131,-0.197021,0.046998,-0.005015,-0.017832,0.009026,-5.884656,MOVE_JOINT
2.551000,0.503127,-0.197038,0.047011,-0.003813,-0.017709,0.010594,-5.887872,MOVE_JOINT
2.552000,0.503122,-0.197054,0.047020,-0.004412,-0.016984,0.010040,-5.890588,MOVE_JOINT
2.553000,0.503118,-0.197073,0.047030,-0.003704,-0.017366,0.010383,-5.892599,MOVE_JOINT
2.554000,0.503110,-0.197090,0.047036,-0.004949,-0.017360,0.008937,-5.893686,MOVE_JOINT
2.555000,0.503107,-0.197105,0.047045,-0.004764,-0.016624,0.008591,-5.893689,MOVE_JOINT
2.556000,0.503103,-0.197119,0.047054,-0.004692,-0.015820,0.008385,-5.892575,MOVE_JOINT
2.557000,0.503097,-0.197139,0.047064,-0.004953,-0.017186,0.008810,-5.890442,MOVE_JOINT
2.558000,0.503093,-0.197155,0.047073,-0.004120,-0.017000,0.009125,-5.887463,MOVE_JOINT
2.559000,0.503090,-0.197173,0.047085,-0.003614,-0.017077,0.010023,-5.883823,MOVE_JOINT
2.560000,0.503085,-0.197189,0.047093,-0.004539,-0.016773,0.009402,-5.879657,MOVE_JOINT
2.561000,0.503081,-0.197208,0.047102,-0.004972,-0.017801,0.009293,-5.875040,MOVE_JOINT
2.562000,0.503075,-0.197223,0.047110,-0.004937,-0.017350,0.008666,-5.870020,MOVE_JOINT
2.563000,0.503072,-0.197241,0.047121,-0.004776,-0.017391,0.009039,-5.864671,MOVE_JOINT
2.564000,0.503072,-0.197254,0.047129,-0.003767,-0.015804,0.008490,-5.859107,MOVE_JOINT
2.565000,0.503064,-0.197273,0.047137,-0.004397,-0.017174,0.008796,-5.853470,MOVE_JOINT
2.566000,0.503060,-0.197289,0.047146,-0.004367,-0.016371,0.008589,-5.847899,MOVE_JOINT
2.567000,0.503057,-0.197303,0.047155,-0.003788,-0.015385,0.008316,-5.842516,MOVE_JOINT
2.568000,0.503056,-0.197318,0.047165,-0.002659,-0.015310,0.009218,-5.837415,MOVE_JOINT
2.569000,0.503049,-0.197335,0.047172,-0.003585,-0.015597,0.008708,-5.832636,MOVE_JOINT
2.570000,0.503045,-0.197353,0.047184,-0.002940,-0.016055,0.009531,-5.828155,MOVE_JOINT
2.571000,0.503044,-0.197368,0.047193,-0.002656,-0.015465,0.008908,-5.823890,MOVE_JOINT
2.572000,0.503032,-0.197383,0.047195,-0.005179,-0.015452,0.006882,-5.819747,MOVE_JOINT
2.573000,0.503033,-0.197397,0.047207,-0.003919,-0.015089,0.008302,-5.815695,MOVE_JOINT
2.574000,0.503029,-0.197413,0.047212,-0.003863,-0.015156,0.007508,-5.811793,MOVE_JOINT
2.575000,0.503028,-0.197427,0.047224,-0.003099,-0.014581,0.008581,-5.808146,MOVE_JOINT
2.576000,0.503021,-0.197449,0.047233,-0.003680,-0.016554,0.008692,-5.804838,MOVE_JOINT
2.577000,0.503021,-0.197460,0.047241,-0.002775,-0.015483,0.008932,-5.801896,MOVE_JOINT
2.578000,0.503015,-0.197478,0.047249,-0.004560,-0.016136,0.007985,-5.799296,MOVE_JOINT
2.579000,0.503012,-0.197493,0.047257,-0.003836,-0.015752,0.008376,-5.797002,MOVE_JOINT
2.580000,0.503010,-0.197509,0.047267,-0.003026,-0.016087,0.009055,-5.794992,MOVE_JOINT
2.581000,0.503007,-0.197524,0.047273,-0.002931,-0.015519,0.008422,-5.793244,MOVE_JOINT
2.582000,0.503005,-0.197539,0.047281,-0.003116,-0.015632,0.008297,-5.791720,MOVE_JOINT
2.583000,0.503001,-0.197552,0.047288,-0.003278,-0.014685,0.007892,-5.790383,MOVE_JOINT
2.584000,0.502997,-0.197567,0.047295,-0.003398,-0.014388,0.007468,-5.789215,MOVE_JOINT
2.585000,0.502993,-0.197585,0.047301,-0.003806,-0.015292,0.006754,-5.788229,MOVE_JOINT
2.586000,0.502994,-0.197597,0.047312,-0.002289,-0.014210,0.007968,-5.787490,MOVE_JOINT
2.587000,0.502990,-0.197612,0.047318,-0.003261,-0.014439,0.007428,-5.787085,MOVE_JOINT
2.588000,0.502987,-0.197622,0.047326,-0.003509,-0.013453,0.007109,-5.787085,MOVE_JOINT
2.589000,0.502982,-0.197634,0.047331,-0.003779,-0.012800,0.006550,-5.787534,MOVE_JOINT
2.590000,0.502981,-0.197646,0.047337,-0.003380,-0.012532,0.006444,-5.788468,MOVE_JOINT
2.591000,0.502983,-0.197658,0.047348,-0.001541,-0.012356,0.007836,-5.789920,MOVE_JOINT
2.592000,0.502981,-0.197668,0.047355,-0.001503,-0.011089,0.007545,-5.791882,MOVE_JOINT
2.593000,0.502974,-0.197686,0.047360,-0.002945,-0.012948,0.006676,-5.794258,MOVE_JOINT
2.594000,0.502970,-0.197701,0.047367,-0.002713,-0.013698,0.006925,-5.796901,MOVE_JOINT
2.595000,0.502968,-0.197712,0.047373,-0.002764,-0.013488,0.006696,-5.799681,MOVE_JOINT
2.596000,0.502964,-0.197724,0.047379,-0.003481,-0.013294,0.006333,-5.802521,MOVE_JOINT
2.597000,0.502963,-0.197733,0.047385,-0.001869,-0.011958,0.006896,-5.805383,MOVE_JOINT
2.598000,0.502958,-0.197748,0.047389,-0.003011,-0.012352,0.005679,-5.808246,MOVE_JOINT
2.599000,0.502959,-0.197759,0.047398,-0.001341,-0.012365,0.007094,-5.811095,MOVE_JOINT
2.600000,0.502955,-0.197771,0.047402,-0.002335,-0.011676,0.005581,-5.813922,MOVE_JOINT
2.601000,0.502953,-0.197782,0.047408,-0.002280,-0.011543,0.005924,-5.816729,MOVE_JOINT
2.602000,0.502950,-0.197796,0.047414,-0.002201,-0.012424,0.006103,-5.819535,MOVE_JOINT
2.603000,0.502948,-0.197806,0.047421,-0.001953,-0.011457,0.006341,-5.822360,MOVE_JOINT
2.604000,0.502947,-0.197820,0.047428,-0.001856,-0.012328,0.006717,-5.825188,MOVE_JOINT
2.605000,0.502946,-0.197833,0.047435,-0.001121,-0.011963,0.006785,-5.827955,MOVE_JOINT
2.606000,0.502944,-0.197841,0.047441,-0.000445,-0.010418,0.006474,-5.830552,MOVE_JOINT
2.607000,0.502940,-0.197858,0.047447,-0.002206,-0.012313,0.005623,-5.832854,MOVE_JOINT
2.608000,0.502936,-0.197868,0.047453,-0.002075,-0.012070,0.006212,-5.834770,MOVE_JOINT
2.609000,0.502933,-0.197879,0.047459,-0.001746,-0.011568,0.006547,-5.836261,MOVE_JOINT
2.610000,0.502934,-0.197889,0.047466,-0.001210,-0.010583,0.006806,-5.837308,MOVE_JOINT
2.611000,0.502927,-0.197905,0.047470,-0.002562,-0.012140,0.006023,-5.837866,MOVE_JOINT
2.612000,0.502927,-0.197915,0.047478,-0.002346,-0.012075,0.006881,-5.837873,MOVE_JOINT
2.613000,0.502921,-0.197928,0.047482,-0.003278,-0.011769,0.005779,-5.837284,MOVE_JOINT
2.614000,0.502918,-0.197941,0.047488,-0.002955,-0.012159,0.006059,-5.836095,MOVE_JOINT
2.615000,0.502920,-0.197952,0.047499,-0.002130,-0.011765,0.006915,-5.834344,MOVE_JOINT
2.616000,0.502917,-0.197964,0.047503,-0.001923,-0.011168,0.006128,-5.832093,MOVE_JOINT
2.617000,0.502915,-0.197976,0.047511,-0.001760,-0.011413,0.006907,-5.829401,MOVE_JOINT
2.618000,0.502911,-0.197987,0.047518,-0.002340,-0.011557,0.006941,-5.826309,MOVE_JOINT
2.619000,0.502910,-0.198002,0.047527,-0.002545,-0.012860,0.007403,-5.822824,MOVE_JOINT
2.620000,0.502908,-0.198014,0.047533,-0.002770,-0.012869,0.006877,-5.818917,MOVE_JOINT
2.621000,0.502901,-0.198025,0.047536,-0.004504,-0.012346,0.005336,-5.814555,MOVE_JOINT
2.622000,0.502901,-0.198039,0.047545,-0.003379,-0.013026,0.006459,-5.809767,MOVE_JOINT
2.623000,0.502900,-0.198048,0.047553,-0.003371,-0.012435,0.006204,-5.804658,MOVE_JOINT
2.624000,0.502900,-0.198061,0.047560,-0.002706,-0.012503,0.006454,-5.799370,MOVE_JOINT
2.625000,0.502895,-0.198072,0.047566,-0.004076,-0.012142,0.005876,-5.794032,MOVE_JOINT
2.626000,0.502897,-0.198087,0.047577,-0.001767,-0.012645,0.008023,-5.788738,MOVE_JOINT
2.627000,0.502894,-0.198100,0.047584,-0.002125,-0.012559,0.007412,-5.783512,MOVE_JOINT
2.628000,0.502890,-0.198109,0.047589,-0.001824,-0.011938,0.006982,-5.778291,MOVE_JOINT
2.629000,0.502888,-0.198122,0.047596,-0.002638,-0.012278,0.006723,-5.772974,MOVE_JOINT
2.630000,0.502889,-0.198132,0.047605,-0.001869,-0.011798,0.006873,-5.767492,MOVE_JOINT
2.631000,0.502887,-0.198145,0.047613,-0.002120,-0.012575,0.007260,-5.761823,MOVE_JOINT
2.632000,0.502881,-0.198158,0.047617,-0.003132,-0.012280,0.005737,-5.755974,MOVE_JOINT
2.633000,0.502879,-0.198171,0.047626,-0.002761,-0.012823,0.006922,-5.749997,MOVE_JOINT
2.634000,0.502877,-0.198183,0.047633,-0.002623,-0.012374,0.006766,-5.743991,MOVE_JOINT
2.635000,0.502877,-0.198195,0.047641,-0.001968,-0.012768,0.007151,-5.738082,MOVE_JOINT
2.636000,0.502876,-0.198205,0.047648,-0.001234,-0.011867,0.007317,-5.732379,MOVE_JOINT
2.637000,0.502873,-0.198217,0.047653,-0.002238,-0.011337,0.006408,-5.726956,MOVE_JOINT
2.638000,0.502869,-0.198229,0.047661,-0.002364,-0.011316,0.006775,-5.721859,MOVE_JOINT
2.639000,0.502865,-0.198242,0.047667,-0.003810,-0.012384,0.006590,-5.717129,MOVE_JOINT
2.640000,0.502868,-0.198250,0.047676,-0.002783,-0.011443,0.006983,-5.712812,MOVE_JOINT
2.641000,0.502861,-0.198266,0.047683,-0.004304,-0.012578,0.006511,-5.708943,MOVE_JOINT
2.642000,0.502860,-0.198276,0.047689,-0.003756,-0.011881,0.006318,-5.705541,MOVE_JOINT
2.643000,0.502859,-0.198286,0.047697,-0.003599,-0.012041,0.006759,-5.702624,MOVE_JOINT
2.644000,0.502858,-0.198299,0.047705,-0.003085,-0.012612,0.007142,-5.700220,MOVE_JOINT
2.645000,0.502855,-0.198307,0.047710,-0.003360,-0.011174,0.006386,-5.698354,MOVE_JOINT
2.646000,0.502850,-0.198319,0.047714,-0.004535,-0.011474,0.005236,-5.697048,MOVE_JOINT
2.647000,0.502850,-0.198326,0.047723,-0.003055,-0.009845,0.005854,-5.696350,MOVE_JOINT
2.648000,0.502847,-0.198337,0.047730,-0.003103,-0.010374,0.006527,-5.696344,MOVE_JOINT
2.649000,0.502845,-0.198348,0.047735,-0.002364,-0.010844,0.006640,-5.697092,MOVE_JOINT
2.650000,0.502843,-0.198357,0.047742,-0.002300,-0.010422,0.007104,-5.698589,MOVE_JOINT
2.651000,0.502843,-0.198369,0.047749,-0.000813,-0.010612,0.007590,-5.700751,MOVE_JOINT
2.652000,0.502839,-0.198378,0.047754,-0.001712,-0.009939,0.006851,-5.703438,MOVE_JOINT
2.653000,0.502833,-0.198388,0.047757,-0.003385,-0.010506,0.005600,-5.706496,MOVE_JOINT
2.654000,0.502836,-0.198396,0.047766,-0.001921,-0.009594,0.006052,-5.709822,MOVE_JOINT
2.655000,0.502832,-0.198410,0.047772,-0.002212,-0.010549,0.005778,-5.713401,MOVE_JOINT
2.656000,0.502834,-0.198420,0.047781,-0.001189,-0.010423,0.006539,-5.717287,MOVE_JOINT
2.657000,0.502833,-0.198427,0.047787,-0.000836,-0.009013,0.006626,-5.721552,MOVE_JOINT
2.658000,0.502829,-0.198440,0.047792,-0.001325,-0.010186,0.006417,-5.726247,MOVE_JOINT
2.659000,0.502826,-0.198451,0.047797,-0.000896,-0.010433,0.006210,-5.731389,MOVE_JOINT
2.660000,0.502825,-0.198464,0.047807,-0.000863,-0.011331,0.007433,-5.736974,MOVE_JOINT
2.661000,0.502820,-0.198475,0.047811,-0.001916,-0.010928,0.006514,-5.742978,MOVE_JOINT
2.662000,0.502821,-0.198485,0.047819,-0.001773,-0.011141,0.006933,-5.749347,MOVE_JOINT
2.663000,0.502822,-0.198494,0.047828,-0.001080,-0.010715,0.007493,-5.756002,MOVE_JOINT
2.664000,0.502818,-0.198508,0.047832,-0.002338,-0.011781,0.006776,-5.762842,MOVE_JOINT
2.665000,0.502816,-0.198517,0.047838,-0.002596,-0.011132,0.006211,-5.769757,MOVE_JOINT
2.666000,0.502817,-0.198525,0.047846,-0.002001,-0.010184,0.006445,-5.776658,MOVE_JOINT
2.667000,0.502815,-0.198538,0.047852,-0.001888,-0.011123,0.006433,-5.783492,MOVE_JOINT
2.668000,0.502812,-0.198548,0.047858,-0.002759,-0.011292,0.006250,-5.790227,MOVE_JOINT
2.669000,0.502808,-0.198560,0.047864,-0.003022,-0.011745,0.006272,-5.796842,MOVE_JOINT
2.670000,0.502810,-0.198570,0.047874,-0.001654,-0.011190,0.007418,-5.803317,MOVE_JOINT
2.671000,0.502802,-0.198581,0.047876,-0.004116,-0.011126,0.005568,-5.809611,MOVE_JOINT
2.672000,0.502802,-0.198586,0.047883,-0.003258,-0.009467,0.005552,-5.815661,MOVE_JOINT
2.673000,0.502799,-0.198602,0.047890,-0.003595,-0.011700,0.006362,-5.821412,MOVE_JOINT
2.674000,0.502799,-0.198611,0.047897,-0.002378,-0.010614,0.006272,-5.826824,MOVE_JOINT
2.675000,0.502798,-0.198622,0.047905,-0.002592,-0.011002,0.006690,-5.831862,MOVE_JOINT
2.676000,0.502794,-0.198629,0.047909,-0.002662,-0.009582,0.005471,-5.836486,MOVE_JOINT
2.677000,0.502793,-0.198639,0.047916,-0.002621,-0.009581,0.005929,-5.840669,MOVE_JOINT
2.678000,0.502788,-0.198650,0.047920,-0.003425,-0.009634,0.004797,-5.844410,MOVE_JOINT
2.679000,0.502788,-0.198661,0.047931,-0.002013,-0.009746,0.006506,-5.847736,MOVE_JOINT
2.680000,0.502786,-0.198669,0.047936,-0.001415,-0.009061,0.006520,-5.850675,MOVE_JOINT
2.681000,0.502784,-0.198681,0.047944,-0.001821,-0.010060,0.006791,-5.853200,MOVE_JOINT
2.682000,0.502784,-0.198688,0.047950,-0.001498,-0.008922,0.006587,-5.855228,MOVE_JOINT
2.683000,0.502781,-0.198700,0.047956,-0.001725,-0.010194,0.007107,-5.856639,MOVE_JOINT
2.684000,0.502778,-0.198711,0.047962,-0.002452,-0.010203,0.006178,-5.857312,MOVE_JOINT
2.685000,0.502775,-0.198721,0.047968,-0.002278,-0.010631,0.006570,-5.857162,MOVE_JOINT
2.686000,0.502774,-0.198731,0.047975,-0.002071,-0.010562,0.006502,-5.856174,MOVE_JOINT
2.687000,0.502773,-0.198742,0.047982,-0.002419,-0.011064,0.006555,-5.854410,MOVE_JOINT
2.688000,0.502773,-0.198750,0.047990,-0.002357,-0.010646,0.006878,-5.851992,MOVE_JOINT
2.689000,0.502772,-0.198762,0.047998,-0.001653,-0.010873,0.007209,-5.849052,MOVE_JOINT
2.690000,0.502771,-0.198773,0.048005,-0.001559,-0.010811,0.007061,-5.845704,MOVE_JOINT
2.691000,0.502767,-0.198784,0.048010,-0.002482,-0.011261,0.006643,-5.842031,MOVE_JOINT
2.692000,0.502766,-0.198795,0.048018,-0.002269,-0.011353,0.006981,-5.838109,MOVE_JOINT
2.693000,0.502763,-0.198806,0.048025,-0.002284,-0.011201,0.006905,-5.834013,MOVE_JOINT
2.694000,0.502760,-0.198814,0.048031,-0.002047,-0.009525,0.006616,-5.829812,MOVE_JOINT
2.695000,0.502761,-0.198825,0.048038,-0.001823,-0.009929,0.006511,-5.825553,MOVE_JOINT
2.696000,0.502759,-0.198835,0.048046,-0.002140,-0.010184,0.006761,-5.821269,MOVE_JOINT
2.697000,0.502759,-0.198843,0.048053,-0.002066,-0.009485,0.006531,-5.816986,MOVE_JOINT
2.698000,0.502757,-0.198855,0.048059,-0.002517,-0.010143,0.006203,-5.812728,MOVE_JOINT
2.699000,0.502757,-0.198863,0.048066,-0.001479,-0.009399,0.006339,-5.808532,MOVE_JOINT
2.700000,0.502755,-0.198873,0.048072,-0.001722,-0.009712,0.006351,-5.804455,MOVE_JOINT
2.701000,0.502753,-0.198885,0.048079,-0.002272,-0.010837,0.006288,-5.800568,MOVE_JOINT
2.702000,0.502750,-0.198895,0.048085,-0.002481,-0.010457,0.006417,-5.796946,MOVE_JOINT
2.703000,0.502748,-0.198905,0.048091,-0.002161,-0.010304,0.006424,-5.793660,MOVE_JOINT
2.704000,0.502748,-0.198912,0.048096,-0.001860,-0.009311,0.006183,-5.790767,MOVE_JOINT
2.705000,0.502746,-0.198919,0.048101,-0.001999,-0.008567,0.005310,-5.788298,MOVE_JOINT
2.706000,0.502745,-0.198930,0.048108,-0.001533,-0.008803,0.005608,-5.786276,MOVE_JOINT
2.707000,0.502741,-0.198938,0.048111,-0.002107,-0.008619,0.005169,-5.784727,MOVE_JOINT
2.708000,0.502739,-0.198947,0.048116,-0.002060,-0.008844,0.005194,-5.783689,MOVE_JOINT
2.709000,0.502738,-0.198958,0.048125,-0.001519,-0.009287,0.006297,-5.783191,MOVE_JOINT
2.710000,0.502738,-0.198966,0.048131,-0.001715,-0.008839,0.005964,-5.783226,MOVE_JOINT
2.711000,0.502731,-0.198974,0.048131,-0.003024,-0.007706,0.003852,-5.783728,MOVE_JOINT
2.712000,0.502734,-0.198981,0.048140,-0.001681,-0.007838,0.005522,-5.784622,MOVE_JOINT
2.713000,0.502732,-0.198991,0.048145,-0.002572,-0.008101,0.005153,-5.785864,MOVE_JOINT
2.714000,0.502730,-0.199002,0.048153,-0.003238,-0.009362,0.005626,-5.787420,MOVE_JOINT
2.715000,0.502730,-0.199007,0.048158,-0.002454,-0.007895,0.005087,-5.789236,MOVE_JOINT
2.716000,0.502728,-0.199019,0.048163,-0.002719,-0.008578,0.004808,-5.791250,MOVE_JOINT
2.717000,0.502730,-0.199025,0.048171,-0.001210,-0.008290,0.005848,-5.793407,MOVE_JOINT
2.718000,0.502726,-0.199034,0.048174,-0.002260,-0.008153,0.004477,-5.795666,MOVE_JOINT
2.719000,0.502726,-0.199045,0.048183,-0.001575,-0.009038,0.005860,-5.797995,MOVE_JOINT
2.720000,0.502725,-0.199052,0.048189,-0.002350,-0.008242,0.005170,-5.800369,MOVE_JOINT
2.721000,0.502723,-0.199064,0.048195,-0.002494,-0.009594,0.005085,-5.802765,MOVE_JOINT
2.722000,0.502723,-0.199069,0.048201,-0.001768,-0.008593,0.005474,-5.805166,MOVE_JOINT
2.723000,0.502724,-0.199079,0.048209,-0.001147,-0.008581,0.006115,-5.807554,MOVE_JOINT
2.724000,0.502721,-0.199090,0.048214,-0.002136,-0.008901,0.004949,-5.809891,MOVE_JOINT
2.725000,0.502721,-0.199101,0.048222,-0.000919,-0.009380,0.006515,-5.812124,MOVE_JOINT
2.726000,0.502721,-0.199108,0.048229,-0.000989,-0.008891,0.006340,-5.814190,MOVE_JOINT
2.727000,0.502724,-0.199116,0.048239,0.000018,-0.008505,0.007489,-5.816003,MOVE_JOINT
2.728000,0.502721,-0.199126,0.048243,-0.000860,-0.009208,0.006453,-5.817432,MOVE_JOINT
2.729000,0.502720,-0.199136,0.048249,-0.000741,-0.009542,0.006836,-5.818325,MOVE_JOINT
2.730000,0.502718,-0.199145,0.048255,-0.000537,-0.008588,0.006455,-5.818551,MOVE_JOINT
2.731000,0.502718,-0.199155,0.048261,0.000105,-0.008983,0.006617,-5.818022,MOVE_JOINT
2.732000,0.502718,-0.199163,0.048268,-0.000065,-0.009110,0.006727,-5.816700,MOVE_JOINT
2.733000,0.502716,-0.199173,0.048274,-0.000615,-0.009118,0.006049,-5.814590,MOVE_JOINT
2.734000,0.502717,-0.199182,0.048280,-0.000614,-0.008973,0.005845,-5.811752,MOVE_JOINT
2.735000,0.502714,-0.199193,0.048286,-0.002260,-0.009579,0.005163,-5.808298,MOVE_JOINT
2.736000,0.502717,-0.199201,0.048295,-0.000784,-0.009071,0.006459,-5.804390,MOVE_JOINT
2.737000,0.502713,-0.199209,0.048297,-0.001488,-0.008470,0.005041,-5.800204,MOVE_JOINT
2.738000,0.502713,-0.199218,0.048303,-0.001015,-0.008784,0.005543,-5.795908,MOVE_JOINT
2.739000,0.502712,-0.199230,0.048310,-0.000560,-0.009369,0.006150,-5.791651,MOVE_JOINT
2.740000,0.502711,-0.199235,0.048315,-0.000581,-0.008268,0.005633,-5.787554,MOVE_JOINT
2.741000,0.502707,-0.199247,0.048320,-0.001780,-0.010019,0.005637,-5.783689,MOVE_JOINT
2.742000,0.502710,-0.199251,0.048327,-0.000028,-0.008599,0.006236,-5.780092,MOVE_JOINT
2.743000,0.502705,-0.199259,0.048331,-0.002011,-0.008459,0.005069,-5.776774,MOVE_JOINT
2.744000,0.502705,-0.199269,0.048338,-0.001487,-0.008829,0.005165,-5.773736,MOVE_JOINT
2.745000,0.502707,-0.199275,0.048347,-0.000411,-0.007983,0.006327,-5.770979,MOVE_JOINT
2.746000,0.502701,-0.199284,0.048348,-0.001954,-0.008478,0.005321,-5.768495,MOVE_JOINT
2.747000,0.502702,-0.199292,0.048353,-0.001641,-0.008108,0.004773,-5.766251,MOVE_JOINT
2.748000,0.502701,-0.199298,0.048359,-0.001757,-0.007275,0.004849,-5.764218,MOVE_JOINT
2.749000,0.502701,-0.199310,0.048368,-0.001742,-0.008321,0.005377,-5.762401,MOVE_JOINT
2.750000,0.502700,-0.199317,0.048372,-0.001860,-0.007492,0.004711,-5.760813,MOVE_JOINT
2.751000,0.502699,-0.199328,0.048381,-0.001503,-0.008455,0.005575,-5.759456,MOVE_JOINT
2.752000,0.502696,-0.199334,0.048383,-0.002064,-0.007430,0.004455,-5.758324,MOVE_JOINT
2.753000,0.502696,-0.199341,0.048389,-0.001357,-0.007607,0.005118,-5.757408,MOVE_JOINT
2.754000,0.502692,-0.199347,0.048393,-0.002524,-0.007058,0.004389,-5.756713,MOVE_JOINT
2.755000,0.502696,-0.199357,0.048403,-0.000860,-0.007875,0.006057,-5.756255,MOVE_JOINT
2.756000,0.502695,-0.199362,0.048408,-0.001012,-0.007490,0.005840,-5.756022,MOVE_JOINT
2.757000,0.502693,-0.199374,0.048414,-0.000797,-0.008585,0.006371,-5.755951,MOVE_JOINT
2.758000,0.502693,-0.199377,0.048416,-0.000444,-0.006891,0.005282,-5.755929,MOVE_JOINT
2.759000,0.502691,-0.199384,0.048422,-0.000965,-0.007372,0.005491,-5.755844,MOVE_JOINT
2.760000,0.502686,-0.199396,0.048425,-0.001914,-0.009234,0.005081,-5.755626,MOVE_JOINT
2.761000,0.502688,-0.199401,0.048431,-0.000708,-0.007952,0.005889,-5.755271,MOVE_JOINT
2.762000,0.502688,-0.199410,0.048438,-0.000263,-0.008771,0.006428,-5.754805,MOVE_JOINT
2.763000,0.502688,-0.199416,0.048441,-0.000457,-0.007428,0.005428,-5.754242,MOVE_JOINT
2.764000,0.502686,-0.199424,0.048448,-0.001006,-0.007764,0.005721,-5.753569,MOVE_JOINT
2.765000,0.502687,-0.199430,0.048453,-0.001148,-0.007182,0.005021,-5.752770,MOVE_JOINT
2.766000,0.502687,-0.199435,0.048457,-0.000772,-0.006409,0.004894,-5.751851,MOVE_JOINT
2.767000,0.502689,-0.199442,0.048466,0.000296,-0.006424,0.006340,-5.750839,MOVE_JOINT
2.768000,0.502686,-0.199451,0.048469,-0.000770,-0.007103,0.005436,-5.749746,MOVE_JOINT
2.769000,0.502688,-0.199457,0.048477,-0.000424,-0.006729,0.005357,-5.748550,MOVE_JOINT
2.770000,0.502684,-0.199466,0.048480,-0.001808,-0.006867,0.004000,-5.747226,MOVE_JOINT
2.771000,0.502684,-0.199474,0.048485,-0.001465,-0.007480,0.004515,-5.745801,MOVE_JOINT
2.772000,0.502683,-0.199480,0.048489,-0.000676,-0.006467,0.004280,-5.744379,MOVE_JOINT
2.773000,0.502682,-0.199488,0.048494,-0.000750,-0.007573,0.004824,-5.743115,MOVE_JOINT
2.774000,0.502683,-0.199493,0.048501,-0.000236,-0.007123,0.005460,-5.742155,MOVE_JOINT
2.775000,0.502685,-0.199500,0.048507,0.000467,-0.007280,0.005812,-5.741584,MOVE_JOINT
2.776000,0.502682,-0.199507,0.048509,-0.000787,-0.006996,0.004378,-5.741394,MOVE_JOINT
2.777000,0.502677,-0.199515,0.048511,-0.002333,-0.007055,0.003429,-5.741536,MOVE_JOINT
2.778000,0.502681,-0.199520,0.048518,-0.000728,-0.006876,0.004550,-5.741994,MOVE_JOINT
2.779000,0.502678,-0.199526,0.048522,-0.001699,-0.006720,0.004105,-5.742808,MOVE_JOINT
2.780000,0.502679,-0.199533,0.048527,-0.000775,-0.006426,0.004266,-5.744030,MOVE_JOINT
2.781000,0.502678,-0.199536,0.048531,-0.000931,-0.005260,0.003563,-5.745697,MOVE_JOINT
2.782000,0.502681,-0.199544,0.048537,-0.000208,-0.005786,0.004303,-5.747827,MOVE_JOINT
2.783000,0.502677,-0.199554,0.048542,-0.001236,-0.007144,0.003926,-5.750422,MOVE_JOINT
2.784000,0.502677,-0.199559,0.048546,-0.000316,-0.006543,0.004288,-5.753460,MOVE_JOINT
2.785000,0.502679,-0.199563,0.048552,0.001067,-0.005516,0.005086,-5.756895,MOVE_JOINT
2.786000,0.502676,-0.199572,0.048555,-0.000169,-0.006422,0.004499,-5.760645,MOVE_JOINT
2.787000,0.502674,-0.199579,0.048559,-0.000657,-0.006429,0.003982,-5.764591,MOVE_JOINT
2.788000,0.502673,-0.199585,0.048564,-0.000409,-0.006709,0.004850,-5.768610,MOVE_JOINT
2.789000,0.502674,-0.199588,0.048570,-0.000213,-0.005069,0.004506,-5.772602,MOVE_JOINT
2.790000,0.502671,-0.199598,0.048575,-0.000902,-0.006693,0.004859,-5.776473,MOVE_JOINT
2.791000,0.502672,-0.199607,0.048581,-0.000835,-0.006927,0.004538,-5.780126,MOVE_JOINT
2.792000,0.502670,-0.199613,0.048586,-0.001077,-0.006780,0.004791,-5.783479,MOVE_JOINT
2.793000,0.502672,-0.199618,0.048593,-0.001050,-0.006601,0.005319,-5.786474,MOVE_JOINT
2.794000,0.502672,-0.199622,0.048599,-0.000254,-0.005657,0.005770,-5.789054,MOVE_JOINT
2.795000,0.502668,-0.199631,0.048602,-0.000990,-0.006662,0.005411,-5.791128,MOVE_JOINT
2.796000,0.502669,-0.199637,0.048609,-0.000418,-0.006754,0.005968,-5.792571,MOVE_JOINT
2.797000,0.502667,-0.199643,0.048613,-0.000782,-0.006485,0.005712,-5.793256,MOVE_JOINT
2.798000,0.502665,-0.199646,0.048615,-0.001653,-0.005787,0.004511,-5.793097,MOVE_JOINT
2.799000,0.502663,-0.199654,0.048619,-0.001466,-0.005780,0.004514,-5.792075,MOVE_JOINT
2.800000,0.502665,-0.199658,0.048627,-0.000162,-0.005720,0.005240,-5.790263,MOVE_JOINT
2.801000,0.502662,-0.199667,0.048629,-0.001235,-0.006232,0.004218,-5.787798,MOVE_JOINT
2.802000,0.502662,-0.199672,0.048634,-0.001044,-0.006332,0.004231,-5.784859,MOVE_JOINT
2.803000,0.502665,-0.199672,0.048639,0.000140,-0.004535,0.004507,-5.781657,MOVE_JOINT
2.804000,0.502663,-0.199678,0.048641,0.000342,-0.004989,0.004656,-5.778415,MOVE_JOINT
2.805000,0.502664,-0.199684,0.048648,0.000585,-0.005583,0.005561,-5.775320,MOVE_JOINT
2.806000,0.502664,-0.199688,0.048651,0.000283,-0.005024,0.004974,-5.772501,MOVE_JOINT
2.807000,0.502660,-0.199691,0.048653,-0.000490,-0.004265,0.004064,-5.770023,MOVE_JOINT
2.808000,0.502659,-0.199697,0.048657,0.000212,-0.004560,0.004318,-5.767918,MOVE_JOINT
2.809000,0.502660,-0.199703,0.048662,0.000972,-0.004694,0.005207,-5.766212,MOVE_JOINT
2.810000,0.502657,-0.199708,0.048665,-0.000165,-0.004982,0.004719,-5.764910,MOVE_JOINT
2.811000,0.502655,-0.199711,0.048667,-0.000852,-0.004596,0.004075,-5.763987,MOVE_JOINT
2.812000,0.502659,-0.199713,0.048673,0.000681,-0.003904,0.004828,-5.763416,MOVE_JOINT
2.813000,0.502654,-0.199719,0.048675,-0.000887,-0.004443,0.003686,-5.763180,MOVE_JOINT
2.814000,0.502656,-0.199723,0.048680,-0.000446,-0.004562,0.004218,-5.763269,MOVE_JOINT
2.815000,0.502658,-0.199726,0.048685,0.000095,-0.003739,0.004189,-5.763673,MOVE_JOINT
2.816000,0.502655,-0.199733,0.048687,-0.000580,-0.004129,0.003416,-5.764373,MOVE_JOINT
2.817000,0.502655,-0.199736,0.048693,-0.000515,-0.003734,0.003927,-5.765342,MOVE_JOINT
2.818000,0.502655,-0.199739,0.048698,-0.000207,-0.003334,0.004106,-5.766553,MOVE_JOINT
2.819000,0.502653,-0.199747,0.048703,-0.000099,-0.004084,0.004485,-5.767963,MOVE_JOINT
2.820000,0.502655,-0.199747,0.048708,0.001045,-0.002785,0.005163,-5.769494,MOVE_JOINT
2.821000,0.502652,-0.199756,0.048711,-0.000692,-0.004464,0.004163,-5.771021,MOVE_JOINT
2.822000,0.502652,-0.199759,0.048716,-0.000838,-0.004308,0.004355,-5.772407,MOVE_JOINT
2.823000,0.502653,-0.199761,0.048721,-0.000819,-0.003531,0.004153,-5.773547,MOVE_JOINT
2.824000,0.502651,-0.199769,0.048725,-0.001315,-0.004894,0.004529,-5.774385,MOVE_JOINT
2.825000,0.502651,-0.199772,0.048729,-0.000927,-0.004197,0.004351,-5.774901,MOVE_JOINT
2.826000,0.502653,-0.199778,0.048735,-0.000026,-0.004657,0.004627,-5.775103,MOVE_JOINT
2.827000,0.502654,-0.199780,0.048738,-0.000010,-0.004088,0.004374,-5.775018,MOVE_JOINT
2.828000,0.502656,-0.199785,0.048746,0.000829,-0.004563,0.005724,-5.774683,MOVE_JOINT
2.829000,0.502652,-0.199791,0.048749,-0.000564,-0.005051,0.004885,-5.774116,MOVE_JOINT
2.830000,0.502656,-0.199795,0.048755,0.000525,-0.005346,0.005454,-5.773304,MOVE_JOINT
2.831000,0.502655,-0.199800,0.048758,-0.000135,-0.005519,0.004600,-5.772215,MOVE_JOINT
2.832000,0.502656,-0.199802,0.048764,0.000426,-0.004600,0.004909,-5.770837,MOVE_JOINT
2.833000,0.502658,-0.199806,0.048770,0.001141,-0.003815,0.004626,-5.769189,MOVE_JOINT
2.834000,0.502656,-0.199813,0.048774,0.000213,-0.004626,0.004407,-5.767309,MOVE_JOINT
2.835000,0.502660,-0.199818,0.048781,0.001618,-0.003986,0.005453,-5.765245,MOVE_JOINT
2.836000,0.502658,-0.199823,0.048785,0.000550,-0.005392,0.004991,-5.763032,MOVE_JOINT
2.837000,0.502658,-0.199827,0.048791,-0.000168,-0.005302,0.005042,-5.760688,MOVE_JOINT
2.838000,0.502662,-0.199831,0.048798,0.000163,-0.005930,0.005301,-5.758218,MOVE_JOINT
2.839000,0.502662,-0.199833,0.048801,0.001017,-0.004719,0.005224,-5.755626,MOVE_JOINT
2.840000,0.502660,-0.199839,0.048805,0.000039,-0.004204,0.004488,-5.752906,MOVE_JOINT
2.841000,0.502661,-0.199843,0.048811,0.000660,-0.003795,0.004600,-5.750047,MOVE_JOINT
2.842000,0.502663,-0.199845,0.048815,0.000880,-0.003593,0.004773,-5.747051,MOVE_JOINT
2.843000,0.502667,-0.199851,0.048825,0.001556,-0.004175,0.006099,-5.743918,MOVE_JOINT
2.844000,0.502667,-0.199854,0.048828,0.001209,-0.003790,0.005206,-5.740621,MOVE_JOINT
2.845000,0.502664,-0.199860,0.048831,0.000200,-0.004391,0.004623,-5.737094,MOVE_JOINT
2.846000,0.502665,-0.199860,0.048836,0.000868,-0.003201,0.005070,-5.733288,MOVE_JOINT
2.847000,0.502668,-0.199865,0.048842,0.001197,-0.004041,0.005119,-5.729200,MOVE_JOINT
2.848000,0.502669,-0.199868,0.048848,0.000717,-0.004334,0.005219,-5.724867,MOVE_JOINT
2.849000,0.502667,-0.199872,0.048850,0.000236,-0.003880,0.004431,-5.720338,MOVE_JOINT
2.850000,0.502665,-0.199875,0.048853,-0.000343,-0.003771,0.003697,-5.715691,MOVE_JOINT
2.851000,0.502668,-0.199876,0.048856,-0.000124,-0.002766,0.003009,-5.711065,MOVE_JOINT
2.852000,0.502670,-0.199880,0.048863,0.000375,-0.003126,0.004079,-5.706665,MOVE_JOINT
2.853000,0.502670,-0.199882,0.048865,0.000753,-0.003100,0.003934,-5.702726,MOVE_JOINT
2.854000,0.502669,-0.199887,0.048869,0.000144,-0.003313,0.003927,-5.699454,MOVE_JOINT
2.855000,0.502672,-0.199886,0.048871,0.000081,-0.002267,0.003234,-5.696998,MOVE_JOINT
2.856000,0.502673,-0.199889,0.048874,0.000131,-0.002754,0.002962,-5.695464,MOVE_JOINT
2.857000,0.502674,-0.199891,0.048880,0.000316,-0.002199,0.003250,-5.694929,MOVE_JOINT
2.858000,0.502672,-0.199897,0.048882,-0.000725,-0.003044,0.002725,-5.695439,MOVE_JOINT
2.859000,0.502673,-0.199895,0.048885,0.000238,-0.000887,0.002805,-5.697004,MOVE_JOINT
2.860000,0.502671,-0.199900,0.048886,-0.000382,-0.001319,0.001835,-5.699595,MOVE_JOINT
2.861000,0.502674,-0.199901,0.048891,0.000321,-0.001449,0.003145,-5.703150,MOVE_JOINT
2.862000,0.502672,-0.199905,0.048893,-0.000595,-0.002441,0.002667,-5.707582,MOVE_JOINT
2.863000,0.502673,-0.199906,0.048896,-0.000317,-0.001813,0.002690,-5.712774,MOVE_JOINT
2.864000,0.502676,-0.199908,0.048901,0.000056,-0.002090,0.003002,-5.718588,MOVE_JOINT
2.865000,0.502676,-0.199910,0.048903,0.000383,-0.002072,0.003009,-5.724869,MOVE_JOINT
2.866000,0.502674,-0.199912,0.048905,-0.000149,-0.002477,0.002959,-5.731441,MOVE_JOINT
2.867000,0.502674,-0.199914,0.048908,-0.000078,-0.001809,0.002925,-5.738119,MOVE_JOINT
2.868000,0.502672,-0.199918,0.048910,-0.000561,-0.002099,0.002405,-5.744731,MOVE_JOINT
2.869000,0.502676,-0.199918,0.048913,0.000493,-0.001406,0.002509,-5.751136,MOVE_JOINT
2.870000,0.502676,-0.199919,0.048916,0.000304,-0.001046,0.002274,-5.757237,MOVE_JOINT
2.871000,0.502676,-0.199921,0.048920,0.000220,-0.001724,0.002905,-5.762968,MOVE_JOINT
2.872000,0.502675,-0.199922,0.048922,-0.000406,-0.001161,0.002093,-5.768274,MOVE_JOINT
2.873000,0.502679,-0.199925,0.048927,0.001189,-0.001105,0.003233,-5.773109,MOVE_JOINT
2.874000,0.502677,-0.199926,0.048928,0.000214,-0.001317,0.002351,-5.777442,MOVE_JOINT
2.875000,0.502680,-0.199926,0.048932,0.000912,-0.001292,0.002840,-5.781248,MOVE_JOINT
2.876000,0.502680,-0.199926,0.048934,0.000735,-0.000579,0.002542,-5.784516,MOVE_JOINT
2.877000,0.502681,-0.199930,0.048940,0.001104,-0.001453,0.003507,-5.787237,MOVE_JOINT
2.878000,0.502679,-0.199931,0.048940,0.000216,-0.001171,0.002637,-5.789380,MOVE_JOINT
2.879000,0.502679,-0.199932,0.048944,0.000300,-0.001316,0.003047,-5.790894,MOVE_JOINT
2.880000,0.502684,-0.199932,0.048949,0.002048,-0.000831,0.004013,-5.791722,MOVE_JOINT
2.881000,0.502684,-0.199934,0.048952,0.001824,-0.001118,0.004043,-5.791796,MOVE_JOINT
2.882000,0.502685,-0.199936,0.048954,0.002019,-0.000743,0.003702,-5.791018,MOVE_JOINT
2.883000,0.502683,-0.199936,0.048956,0.001441,-0.000603,0.003378,-5.789289,MOVE_JOINT
2.884000,0.502684,-0.199938,0.048961,0.001769,-0.000759,0.003785,-5.786550,MOVE_JOINT
2.885000,0.502685,-0.199939,0.048964,0.001094,-0.000415,0.003181,-5.782801,MOVE_JOINT
2.886000,0.502685,-0.199942,0.048968,0.001042,-0.001095,0.003446,-5.778094,MOVE_JOINT
2.887000,0.502683,-0.199942,0.048966,-0.000356,-0.001256,0.001808,-5.772534,MOVE_JOINT
2.888000,0.502687,-0.199942,0.048972,0.001610,-0.000439,0.003189,-5.766294,MOVE_JOINT
2.889000,0.502687,-0.199945,0.048976,0.001198,-0.001322,0.003176,-5.759606,MOVE_JOINT
2.890000,0.502687,-0.199946,0.048979,0.001790,-0.001269,0.003542,-5.752698,MOVE_JOINT
2.891000,0.502686,-0.199944,0.048978,0.001351,-0.000203,0.002279,-5.745753,MOVE_JOINT
2.892000,0.502687,-0.199946,0.048983,0.001102,-0.000734,0.003310,-5.738928,MOVE_JOINT
2.893000,0.502688,-0.199945,0.048984,0.001080,0.000041,0.002557,-5.732364,MOVE_JOINT
2.894000,0.502688,-0.199946,0.048987,0.001507,0.000128,0.002571,-5.726184,MOVE_JOINT
2.895000,0.502685,-0.199947,0.048986,0.000274,0.000124,0.001168,-5.720496,MOVE_JOINT
2.896000,0.502689,-0.199949,0.048993,0.001482,-0.000031,0.002777,-5.715419,MOVE_JOINT
2.897000,0.502687,-0.199950,0.048992,0.000311,-0.000156,0.001596,-5.711075,MOVE_JOINT
2.898000,0.502688,-0.199948,0.048995,0.000300,-0.000187,0.001967,-5.707562,MOVE_JOINT
