t,x,y,z,vx,vy,vz,Fz,phase
0.000000,0.452012,-0.149703,-0.155511,0.000540,-0.000841,0.000626,1.087488,MOVE_JOINT
0.001000,0.452010,-0.149702,-0.155512,-0.000304,-0.000195,-0.000095,1.087506,MOVE_JOINT
0.002000,0.452016,-0.149698,-0.155509,0.001671,0.000410,0.000978,1.087595,MOVE_JOINT
0.003000,0.452017,-0.149701,-0.155508,0.002336,-0.000332,0.001421,1.087830,MOVE_JOINT
0.004000,0.452023,-0.149700,-0.155505,0.004457,0.000391,0.002659,1.088344,MOVE_JOINT
0.005000,0.452020,-0.149700,-0.155507,0.002960,0.000397,0.001531,1.089365,MOVE_JOINT
0.006000,0.452017,-0.149700,-0.155508,0.001447,0.000335,0.000857,1.091192,MOVE_JOINT
0.007000,0.452015,-0.149702,-0.155510,0.000074,-0.000141,-0.000297,1.094058,MOVE_JOINT
0.008000,0.452012,-0.149703,-0.155513,-0.001552,-0.000067,-0.001539,1.097993,MOVE_JOINT
0.009000,0.452015,-0.149704,-0.155511,0.000101,-0.000399,-0.000416,1.102762,MOVE_JOINT
0.010000,0.452015,-0.149707,-0.155509,0.000289,-0.001181,0.000487,1.107929,MOVE_JOINT
0.011000,0.452018,-0.149707,-0.155508,0.001154,-0.000744,0.000675,1.113038,MOVE_JOINT
0.012000,0.452020,-0.149710,-0.155506,0.000938,-0.000773,0.000771,1.117749,MOVE_JOINT
0.013000,0.452022,-0.149713,-0.155504,0.001396,-0.001414,0.001037,1.121863,MOVE_JOINT
0.014000,0.452027,-0.149719,-0.155498,0.002591,-0.002776,0.002885,1.125293,MOVE_JOINT
0.015000,0.452033,-0.149719,-0.155495,0.004688,-0.001144,0.003225,1.128077,MOVE_JOINT
0.016000,0.452040,-0.149723,-0.155490,0.005255,-0.001769,0.003580,1.130401,MOVE_JOINT
0.017000,0.452046,-0.149727,-0.155484,0.006085,-0.001975,0.004306,1.132554,MOVE_JOINT
0.018000,0.452053,-0.149730,-0.155479,0.007650,-0.002378,0.005414,1.134843,MOVE_JOINT
0.019000,0.452052,-0.149736,-0.155477,0.005319,-0.004023,0.004329,1.137558,MOVE_JOINT
0.020000,0.452062,-0.149743,-0.155471,0.006302,-0.005394,0.004791,1.140905,MOVE_JOINT
0.021000,0.452068,-0.149747,-0.155467,0.005891,-0.005036,0.004677,1.144922,MOVE_JOINT
0.022000,0.452078,-0.149753,-0.155460,0.007483,-0.005358,0.005586,1.149454,MOVE_JOINT
0.023000,0.452082,-0.149758,-0.155457,0.006967,-0.004981,0.004978,1.154214,MOVE_JOINT
0.024000,0.452090,-0.149767,-0.155449,0.007559,-0.006158,0.005989,1.158844,MOVE_JOINT
0.025000,0.452101,-0.149771,-0.155443,0.008759,-0.005315,0.006164,1.162973,MOVE_JOINT
0.026000,0.452103,-0.149777,-0.155441,0.006615,-0.005308,0.004849,1.166245,MOVE_JOINT
0.027000,0.452112,-0.149786,-0.155437,0.006828,-0.006428,0.004380,1.168285,MOVE_JOINT
0.028000,0.452123,-0.149792,-0.155428,0.007935,-0.006149,0.005282,1.168636,MOVE_JOINT
0.029000,0.452132,-0.149801,-0.155423,0.007792,-0.006963,0.005051,1.166762,MOVE_JOINT
0.030000,0.452142,-0.149808,-0.155416,0.008989,-0.006602,0.005809,1.162145,MOVE_JOINT
0.031000,0.452149,-0.149819,-0.155411,0.007953,-0.007525,0.005405,1.154374,MOVE_JOINT
0.032000,0.452157,-0.149827,-0.155406,0.008107,-0.007921,0.005550,1.143165,MOVE_JOINT
0.033000,0.452162,-0.149836,-0.155404,0.007450,-0.007779,0.004592,1.128350,MOVE_JOINT
0.034000,0.452169,-0.149847,-0.155398,0.007944,-0.008682,0.005120,1.109821,MOVE_JOINT
0.035000,0.452177,-0.149857,-0.155393,0.007932,-0.008994,0.005204,1.087501,MOVE_JOINT
0.036000,0.452184,-0.149868,-0.155388,0.007345,-0.009739,0.004768,1.061360,MOVE_JOINT
0.037000,0.452191,-0.149879,-0.155384,0.007340,-0.009904,0.004840,1.031428,MOVE_JOINT
0.038000,0.452201,-0.149886,-0.155378,0.008201,-0.008490,0.004880,0.997783,MOVE_JOINT
0.039000,0.452211,-0.149897,-0.155372,0.008529,-0.008887,0.005066,0.960560,MOVE_JOINT
0.040000,0.452217,-0.149904,-0.155369,0.007061,-0.008198,0.004038,0.919950,MOVE_JOINT
0.041000,0.452226,-0.149920,-0.155361,0.007430,-0.010306,0.004844,0.876183,MOVE_JOINT
0.042000,0.452230,-0.149929,-0.155358,0.005920,-0.009972,0.004018,0.829501,MOVE_JOINT
0.043000,0.452242,-0.149940,-0.155351,0.007016,-0.010622,0.004448,0.780165,MOVE_JOINT
0.044000,0.452249,-0.149953,-0.155345,0.007229,-0.011125,0.004741,0.728465,MOVE_JOINT
0.045000,0.452260,-0.149961,-0.155338,0.008323,-0.010138,0.005331,0.674739,MOVE_JOINT
0.046000,0.452266,-0.149975,-0.155333,0.007188,-0.010800,0.005076,0.619397,MOVE_JOINT
0.047000,0.452276,-0.149983,-0.155326,0.008371,-0.009547,0.005489,0.562934,MOVE_JOINT
0.048000,0.452288,-0.149997,-0.155319,0.009655,-0.011028,0.006461,0.505907,MOVE_JOINT
0.049000,0.452295,-0.150006,-0.155313,0.009090,-0.009950,0.006012,0.448922,MOVE_JOINT
0.050000,0.452303,-0.150020,-0.155305,0.008528,-0.011366,0.006471,0.392607,MOVE_JOINT
0.051000,0.452317,-0.150032,-0.155297,0.009627,-0.011832,0.006508,0.337570,MOVE_JOINT
0.052000,0.452322,-0.150044,-0.155291,0.008389,-0.012369,0.006687,0.284367,MOVE_JOINT
0.053000,0.452336,-0.150056,-0.155283,0.009322,-0.012312,0.006929,0.233465,MOVE_JOINT
0.054000,0.452346,-0.150067,-0.155275,0.009366,-0.012011,0.006843,0.185247,MOVE_JOINT
0.055000,0.452356,-0.150080,-0.155269,0.009958,-0.011970,0.006783,0.139998,MOVE_JOINT
0.056000,0.452361,-0.150092,-0.155264,0.009611,-0.011801,0.006849,0.097892,MOVE_JOINT
0.057000,0.452372,-0.150107,-0.155256,0.009814,-0.012743,0.007069,0.058993,MOVE_JOINT
0.058000,0.452383,-0.150117,-0.155248,0.009549,-0.012057,0.006965,0.023279,MOVE_JOINT
0.059000,0.452395,-0.150132,-0.155240,0.010698,-0.013181,0.007646,-0.009329,MOVE_JOINT
0.060000,0.452402,-0.150144,-0.155235,0.009679,-0.013097,0.006957,-0.038944,MOVE_JOINT
0.061000,0.452415,-0.150158,-0.155226,0.010100,-0.013323,0.007331,-0.065726,MOVE_JOINT
0.062000,0.452424,-0.150170,-0.155219,0.009905,-0.012746,0.007157,-0.089890,MOVE_JOINT
0.063000,0.452435,-0.150186,-0.155210,0.010453,-0.013653,0.007678,-0.111688,MOVE_JOINT
0.064000,0.452445,-0.150197,-0.155203,0.010348,-0.012744,0.007486,-0.131372,MOVE_JOINT
0.065000,0.452453,-0.150209,-0.155197,0.009980,-0.012769,0.007265,-0.149170,MOVE_JOINT
0.066000,0.452466,-0.150226,-0.155187,0.011052,-0.014025,0.008087,-0.165285,MOVE_JOINT
0.067000,0.452477,-0.150240,-0.155178,0.011171,-0.014417,0.008278,-0.179897,MOVE_JOINT
0.068000,0.452483,-0.150253,-0.155172,0.009980,-0.014396,0.007798,-0.193153,MOVE_JOINT
0.069000,0.452492,-0.150265,-0.155167,0.010007,-0.013862,0.007518,-0.205176,MOVE_JOINT
0.070000,0.452504,-0.150281,-0.155157,0.010553,-0.013711,0.008071,-0.216094,MOVE_JOINT
0.071000,0.452510,-0.150297,-0.155150,0.008882,-0.014153,0.007364,-0.226049,MOVE_JOINT
0.072000,0.452526,-0.150311,-0.155139,0.011361,-0.014036,0.008569,-0.235178,MOVE_JOINT
0.073000,0.452532,-0.150324,-0.155134,0.009594,-0.014378,0.007792,-0.243594,MOVE_JOINT
0.074000,0.452547,-0.150337,-0.155124,0.011276,-0.013548,0.008425,-0.251385,MOVE_JOINT
0.075000,0.452559,-0.150353,-0.155113,0.011686,-0.014407,0.008767,-0.258617,MOVE_JOINT
0.076000,0.452568,-0.150369,-0.155105,0.011570,-0.015082,0.008990,-0.265323,MOVE_JOINT
0.077000,0.452576,-0.150382,-0.155098,0.010566,-0.015132,0.008610,-0.271503,MOVE_JOINT
0.078000,0.452589,-0.150396,-0.155089,0.011349,-0.014838,0.008840,-0.277138,MOVE_JOINT
0.079000,0.452598,-0.150412,-0.155081,0.010461,-0.015087,0.008504,-0.282223,MOVE_JOINT
0.080000,0.452610,-0.150427,-0.155072,0.010831,-0.014774,0.008738,-0.286784,MOVE_JOINT
0.081000,0.452620,-0.150442,-0.155063,0.011497,-0.015163,0.009317,-0.290870,MOVE_JOINT
0.082000,0.452625,-0.150456,-0.155058,0.009443,-0.014893,0.008157,-0.294528,MOVE_JOINT
0.083000,0.452640,-0.150472,-0.155046,0.011223,-0.015308,0.009383,-0.297793,MOVE_JOINT
0.084000,0.452654,-0.150487,-0.155036,0.012046,-0.014910,0.009426,-0.300690,MOVE_JOINT
0.085000,0.452666,-0.150500,-0.155027,0.012179,-0.014415,0.009617,-0.303222,MOVE_JOINT
0.086000,0.452676,-0.150518,-0.155018,0.011238,-0.015259,0.008982,-0.305367,MOVE_JOINT
0.087000,0.452685,-0.150533,-0.155009,0.010266,-0.014803,0.008714,-0.307112,MOVE_JOINT
0.088000,0.452699,-0.150550,-0.154997,0.011378,-0.015597,0.009798,-0.308492,MOVE_JOINT
0.089000,0.452708,-0.150565,-0.154989,0.010864,-0.015348,0.009220,-0.309563,MOVE_JOINT
0.090000,0.452726,-0.150578,-0.154977,0.012825,-0.014428,0.010095,-0.310363,MOVE_JOINT
0.091000,0.452731,-0.150597,-0.154969,0.010459,-0.015824,0.009463,-0.310903,MOVE_JOINT
0.092000,0.452747,-0.150612,-0.154958,0.012124,-0.015883,0.010158,-0.311177,MOVE_JOINT
0.093000,0.452760,-0.150629,-0.154946,0.012802,-0.015245,0.010699,-0.311162,MOVE_JOINT
0.094000,0.452771,-0.150643,-0.154938,0.012611,-0.015019,0.010091,-0.310808,MOVE_JOINT
0.095000,0.452785,-0.150661,-0.154926,0.012580,-0.015972,0.010352,-0.310050,MOVE_JOINT
0.096000,0.452801,-0.150674,-0.154915,0.013878,-0.015050,0.010808,-0.308849,MOVE_JOINT
0.097000,0.452806,-0.150692,-0.154908,0.011519,-0.015918,0.009903,-0.307217,MOVE_JOINT
0.098000,0.452826,-0.150707,-0.154894,0.014076,-0.015450,0.011075,-0.305200,MOVE_JOINT
0.099000,0.452837,-0.150721,-0.154884,0.013305,-0.014967,0.010691,-0.302860,MOVE_JOINT
0.100000,0.452853,-0.150733,-0.154872,0.014506,-0.014234,0.011255,-0.300242,MOVE_JOINT
0.101000,0.452868,-0.150749,-0.154862,0.015015,-0.014385,0.010986,-0.297354,MOVE_JOINT
0.102000,0.452881,-0.150762,-0.154852,0.014173,-0.014055,0.010536,-0.294204,MOVE_JOINT
0.103000,0.452897,-0.150779,-0.154840,0.015211,-0.014983,0.011389,-0.290834,MOVE_JOINT
0.104000,0.452913,-0.150792,-0.154829,0.015640,-0.014218,0.011560,-0.287319,MOVE_JOINT
0.105000,0.452924,-0.150810,-0.154820,0.013837,-0.015694,0.010640,-0.283738,MOVE_JOINT
0.106000,0.452940,-0.150823,-0.154808,0.014845,-0.014852,0.011111,-0.280173,MOVE_JOINT
0.107000,0.452951,-0.150837,-0.154800,0.013561,-0.014618,0.010167,-0.276742,MOVE_JOINT
0.108000,0.452967,-0.150852,-0.154787,0.014708,-0.014539,0.011077,-0.273602,MOVE_JOINT
0.109000,0.452986,-0.150866,-0.154775,0.015999,-0.014582,0.011869,-0.270909,MOVE_JOINT
0.110000,0.452999,-0.150879,-0.154762,0.015684,-0.013686,0.012312,-0.268746,MOVE_JOINT
0.111000,0.453014,-0.150890,-0.154752,0.016032,-0.012965,0.011801,-0.267052,MOVE_JOINT
0.112000,0.453030,-0.150905,-0.154741,0.016368,-0.013615,0.011712,-0.265657,MOVE_JOINT
0.113000,0.453047,-0.150918,-0.154727,0.016754,-0.014130,0.012757,-0.264362,MOVE_JOINT
0.114000,0.453057,-0.150931,-0.154719,0.014611,-0.013594,0.010990,-0.262996,MOVE_JOINT
0.115000,0.453074,-0.150945,-0.154706,0.015258,-0.013406,0.011438,-0.261435,MOVE_JOINT
0.116000,0.453089,-0.150960,-0.154694,0.015365,-0.014617,0.011882,-0.259636,MOVE_JOINT
0.117000,0.453102,-0.150974,-0.154683,0.014521,-0.014267,0.011359,-0.257632,MOVE_JOINT
0.118000,0.453116,-0.150989,-0.154672,0.014098,-0.014275,0.011296,-0.255489,MOVE_JOINT
0.119000,0.453134,-0.151001,-0.154660,0.014906,-0.013498,0.011402,-0.253291,MOVE_JOINT
0.120000,0.453144,-0.151015,-0.154650,0.012545,-0.013679,0.010673,-0.251136,MOVE_JOINT
0.121000,0.453160,-0.151026,-0.154638,0.013107,-0.012777,0.010560,-0.249133,MOVE_JOINT
0.122000,0.453172,-0.151040,-0.154627,0.012496,-0.012814,0.010285,-0.247404,MOVE_JOINT
0.123000,0.453191,-0.151054,-0.154614,0.013728,-0.013199,0.011059,-0.246073,MOVE_JOINT
0.124000,0.453197,-0.151066,-0.154608,0.012376,-0.012765,0.009979,-0.245250,MOVE_JOINT
0.125000,0.453210,-0.151080,-0.154595,0.013012,-0.013249,0.011064,-0.245017,MOVE_JOINT
0.126000,0.453225,-0.151093,-0.154585,0.013693,-0.013247,0.010934,-0.245413,MOVE_JOINT
0.127000,0.453235,-0.151109,-0.154576,0.012754,-0.013839,0.010538,-0.246433,MOVE_JOINT
0.128000,0.453247,-0.151122,-0.154566,0.011866,-0.013300,0.009942,-0.248043,MOVE_JOINT
0.129000,0.453256,-0.151138,-0.154556,0.010949,-0.014138,0.009524,-0.250239,MOVE_JOINT
0.130000,0.453268,-0.151148,-0.154548,0.010886,-0.012847,0.008972,-0.253078,MOVE_JOINT
0.131000,0.453281,-0.151164,-0.154536,0.011725,-0.013999,0.009822,-0.256679,MOVE_JOINT
0.132000,0.453292,-0.151178,-0.154527,0.011222,-0.013760,0.009419,-0.261188,MOVE_JOINT
0.133000,0.453304,-0.151189,-0.154519,0.010682,-0.012952,0.009052,-0.266724,MOVE_JOINT
0.134000,0.453312,-0.151203,-0.154511,0.010202,-0.012777,0.008631,-0.273365,MOVE_JOINT
0.135000,0.453322,-0.151213,-0.154503,0.009813,-0.012029,0.008387,-0.281169,MOVE_JOINT
0.136000,0.453334,-0.151230,-0.154491,0.010383,-0.013864,0.009294,-0.290184,MOVE_JOINT
0.137000,0.453342,-0.151243,-0.154484,0.009490,-0.013136,0.008359,-0.300422,MOVE_JOINT
0.138000,0.453351,-0.151256,-0.154475,0.008744,-0.012972,0.008356,-0.311846,MOVE_JOINT
0.139000,0.453360,-0.151269,-0.154468,0.008980,-0.013047,0.008008,-0.324382,MOVE_JOINT
0.140000,0.453366,-0.151286,-0.154459,0.008346,-0.014212,0.008428,-0.337946,MOVE_JOINT
0.141000,0.453372,-0.151299,-0.154453,0.007860,-0.013829,0.007892,-0.352440,MOVE_JOINT
0.142000,0.453384,-0.151312,-0.154443,0.009020,-0.013582,0.008644,-0.367747,MOVE_JOINT
0.143000,0.453388,-0.151327,-0.154436,0.006809,-0.014143,0.007877,-0.383723,MOVE_JOINT
0.144000,0.453398,-0.151341,-0.154426,0.008077,-0.014533,0.008574,-0.400186,MOVE_JOINT
0.145000,0.453403,-0.151354,-0.154420,0.007197,-0.013915,0.007802,-0.416924,MOVE_JOINT
0.146000,0.453407,-0.151366,-0.154415,0.005693,-0.013113,0.006804,-0.433735,MOVE_JOINT
0.147000,0.453413,-0.151381,-0.154407,0.006128,-0.013546,0.007068,-0.450481,MOVE_JOINT
0.148000,0.453424,-0.151394,-0.154398,0.006833,-0.012767,0.007488,-0.467121,MOVE_JOINT
0.149000,0.453430,-0.151408,-0.154391,0.005973,-0.013223,0.006985,-0.483663,MOVE_JOINT
0.150000,0.453433,-0.151425,-0.154385,0.005468,-0.014668,0.007127,-0.500115,MOVE_JOINT
0.151000,0.453436,-0.151435,-0.154380,0.004566,-0.013624,0.006074,-0.516475,MOVE_JOINT
0.152000,0.453445,-0.151451,-0.154372,0.006067,-0.014427,0.006967,-0.532751,MOVE_JOINT
0.153000,0.453452,-0.151465,-0.154365,0.005958,-0.014615,0.006903,-0.548968,MOVE_JOINT
0.154000,0.453460,-0.151480,-0.154357,0.006447,-0.014560,0.006963,-0.565139,MOVE_JOINT
0.155000,0.453463,-0.151490,-0.154351,0.006410,-0.013510,0.007044,-0.581238,MOVE_JOINT
0.156000,0.453467,-0.151505,-0.154346,0.004905,-0.014070,0.006029,-0.597197,MOVE_JOINT
0.157000,0.453476,-0.151516,-0.154338,0.006453,-0.013226,0.006766,-0.612935,MOVE_JOINT
0.158000,0.453481,-0.151530,-0.154332,0.005412,-0.013665,0.006547,-0.628373,MOVE_JOINT
0.159000,0.453489,-0.151540,-0.154324,0.006258,-0.012556,0.006877,-0.643414,MOVE_JOINT
0.160000,0.453493,-0.151556,-0.154318,0.005305,-0.013944,0.006617,-0.657921,MOVE_JOINT
0.161000,0.453498,-0.151566,-0.154312,0.005153,-0.013108,0.006715,-0.671727,MOVE_JOINT
0.162000,0.453506,-0.151579,-0.154305,0.005857,-0.013521,0.006769,-0.684659,MOVE_JOINT
0.163000,0.453511,-0.151590,-0.154299,0.006012,-0.012971,0.006691,-0.696564,MOVE_JOINT
0.164000,0.453518,-0.151605,-0.154291,0.006165,-0.013008,0.006808,-0.707323,MOVE_JOINT
0.165000,0.453523,-0.151615,-0.154286,0.005307,-0.012279,0.005845,-0.716863,MOVE_JOINT
0.166000,0.453530,-0.151631,-0.154278,0.004974,-0.013464,0.006075,-0.725189,MOVE_JOINT
0.167000,0.453530,-0.151641,-0.154275,0.003844,-0.012757,0.005384,-0.732392,MOVE_JOINT
0.168000,0.453539,-0.151649,-0.154267,0.004909,-0.011025,0.005764,-0.738638,MOVE_JOINT
0.169000,0.453544,-0.151663,-0.154260,0.004907,-0.011724,0.006142,-0.744118,MOVE_JOINT
0.170000,0.453548,-0.151676,-0.154256,0.004737,-0.011675,0.005293,-0.748992,MOVE_JOINT
0.171000,0.453555,-0.151688,-0.154248,0.005018,-0.011561,0.005647,-0.753389,MOVE_JOINT
0.172000,0.453558,-0.151704,-0.154244,0.003911,-0.012537,0.005202,-0.757434,MOVE_JOINT
0.173000,0.453566,-0.151716,-0.154236,0.005132,-0.012645,0.005971,-0.761260,MOVE_JOINT
0.174000,0.453566,-0.151729,-0.154233,0.004053,-0.013403,0.005294,-0.764982,MOVE_JOINT
0.175000,0.453571,-0.151740,-0.154227,0.003691,-0.012890,0.005219,-0.768692,MOVE_JOINT
0.176000,0.453578,-0.151752,-0.154223,0.005228,-0.012400,0.005248,-0.772471,MOVE_JOINT
0.177000,0.453580,-0.151764,-0.154217,0.003509,-0.012678,0.005047,-0.776412,MOVE_JOINT
0.178000,0.453584,-0.151774,-0.154213,0.004189,-0.012047,0.004945,-0.780610,MOVE_JOINT
0.179000,0.453587,-0.151787,-0.154208,0.003112,-0.012049,0.004594,-0.785145,MOVE_JOINT
0.180000,0.453588,-0.151799,-0.154205,0.002684,-0.012064,0.004342,-0.790080,MOVE_JOINT
0.181000,0.453589,-0.151812,-0.154202,0.002957,-0.012336,0.004252,-0.795465,MOVE_JOINT
0.182000,0.453594,-0.151822,-0.154196,0.003557,-0.012089,0.004767,-0.801344,MOVE_JOINT
0.183000,0.453596,-0.151831,-0.154193,0.002699,-0.010854,0.003819,-0.807742,MOVE_JOINT
0.184000,0.453598,-0.151847,-0.154189,0.002983,-0.012922,0.004485,-0.814656,MOVE_JOINT
0.185000,0.453602,-0.151855,-0.154184,0.002790,-0.012146,0.004598,-0.822049,MOVE_JOINT
0.186000,0.453604,-0.151866,-0.154180,0.002416,-0.011908,0.004192,-0.829843,MOVE_JOINT
0.187000,0.453605,-0.151873,-0.154178,0.002129,-0.010124,0.003706,-0.837915,MOVE_JOINT
0.188000,0.453612,-0.151888,-0.154170,0.003857,-0.011881,0.005001,-0.846126,MOVE_JOINT
0.189000,0.453614,-0.151896,-0.154168,0.003167,-0.010771,0.003718,-0.854331,MOVE_JOINT
0.190000,0.453621,-0.151904,-0.154161,0.004456,-0.009657,0.004622,-0.862382,MOVE_JOINT
0.191000,0.453624,-0.151917,-0.154156,0.004615,-0.011022,0.005235,-0.870139,MOVE_JOINT
0.192000,0.453626,-0.151925,-0.154154,0.004289,-0.010010,0.004720,-0.877433,MOVE_JOINT
0.193000,0.453632,-0.151933,-0.154149,0.004996,-0.009519,0.004568,-0.884060,MOVE_JOINT
0.194000,0.453631,-0.151943,-0.154146,0.003425,-0.009251,0.004273,-0.889828,MOVE_JOINT
0.195000,0.453639,-0.151952,-0.154139,0.004283,-0.008907,0.004602,-0.894600,MOVE_JOINT
0.196000,0.453641,-0.151961,-0.154135,0.004034,-0.009004,0.004800,-0.898284,MOVE_JOINT
0.197000,0.453645,-0.151971,-0.154131,0.003811,-0.009661,0.004717,-0.900799,MOVE_JOINT
0.198000,0.453652,-0.151979,-0.154126,0.004394,-0.009095,0.004917,-0.902073,MOVE_JOINT
0.199000,0.453653,-0.151985,-0.154122,0.004084,-0.007963,0.004739,-0.902050,MOVE_JOINT
0.200000,0.453659,-0.151994,-0.154119,0.004722,-0.007985,0.004448,-0.900706,MOVE_JOINT
0.201000,0.453659,-0.152003,-0.154115,0.003009,-0.008219,0.004095,-0.898063,MOVE_JOINT
0.202000,0.453664,-0.152011,-0.154110,0.003627,-0.007899,0.004284,-0.894220,MOVE_JOINT
0.203000,0.453671,-0.152018,-0.154104,0.004400,-0.007613,0.004558,-0.889332,MOVE_JOINT
0.204000,0.453672,-0.152024,-0.154102,0.003037,-0.007126,0.003582,-0.883573,MOVE_JOINT
0.205000,0.453678,-0.152033,-0.154095,0.003914,-0.007946,0.004613,-0.877114,MOVE_JOINT
0.206000,0.453682,-0.152041,-0.154092,0.004356,-0.008041,0.004521,-0.870111,MOVE_JOINT
0.207000,0.453685,-0.152048,-0.154088,0.004108,-0.007627,0.004479,-0.862670,MOVE_JOINT
0.208000,0.453690,-0.152057,-0.154083,0.004092,-0.007581,0.004390,-0.854846,MOVE_JOINT
0.209000,0.453690,-0.152064,-0.154080,0.002851,-0.007914,0.003809,-0.846672,MOVE_JOINT
0.210000,0.453696,-0.152071,-0.154076,0.003838,-0.007329,0.003984,-0.838197,MOVE_JOINT
0.211000,0.453697,-0.152078,-0.154072,0.002489,-0.007036,0.003465,-0.829512,MOVE_JOINT
0.212000,0.453701,-0.152087,-0.154067,0.003148,-0.007149,0.003825,-0.820742,MOVE_JOINT
0.213000,0.453704,-0.152092,-0.154064,0.003067,-0.006406,0.003515,-0.812031,MOVE_JOINT
0.214000,0.453705,-0.152104,-0.154060,0.001931,-0.008103,0.003475,-0.803516,MOVE_JOINT
0.215000,0.453703,-0.152108,-0.154060,0.000320,-0.007412,0.002267,-0.795342,MOVE_JOINT
0.216000,0.453712,-0.152115,-0.154053,0.003313,-0.006735,0.003670,-0.787680,MOVE_JOINT
0.217000,0.453710,-0.152126,-0.154050,0.001913,-0.007929,0.003488,-0.780711,MOVE_JOINT
0.218000,0.453712,-0.152135,-0.154048,0.001324,-0.008292,0.002962,-0.774569,MOVE_JOINT
0.219000,0.453719,-0.152141,-0.154042,0.002856,-0.007522,0.003577,-0.769319,MOVE_JOINT
0.220000,0.453715,-0.152148,-0.154042,0.000356,-0.007303,0.002159,-0.764987,MOVE_JOINT
0.221000,0.453715,-0.152156,-0.154040,0.000031,-0.007113,0.001788,-0.761609,MOVE_JOINT
0.222000,0.453717,-0.152164,-0.154037,0.000591,-0.007135,0.002129,-0.759267,MOVE_JOINT
0.223000,0.453724,-0.152171,-0.154031,0.002349,-0.007475,0.003244,-0.758085,MOVE_JOINT
0.224000,0.453719,-0.152179,-0.154032,0.000357,-0.007687,0.002254,-0.758146,MOVE_JOINT
0.225000,0.453721,-0.152187,-0.154028,0.001030,-0.007934,0.002740,-0.759447,MOVE_JOINT
0.226000,0.453727,-0.152194,-0.154024,0.001925,-0.007349,0.003023,-0.761905,MOVE_JOINT
0.227000,0.453724,-0.152203,-0.154023,0.000092,-0.007788,0.002113,-0.765381,MOVE_JOINT
0.228000,0.453728,-0.152206,-0.154020,0.001682,-0.006364,0.002776,-0.769705,MOVE_JOINT
0.229000,0.453727,-0.152214,-0.154019,0.000581,-0.006919,0.002106,-0.774707,MOVE_JOINT
0.230000,0.453733,-0.152219,-0.154014,0.002582,-0.006668,0.002991,-0.780232,MOVE_JOINT
0.231000,0.453736,-0.152223,-0.154012,0.001876,-0.005748,0.002310,-0.786132,MOVE_JOINT
0.232000,0.453739,-0.152232,-0.154007,0.002453,-0.006455,0.003207,-0.792257,MOVE_JOINT
0.233000,0.453740,-0.152238,-0.154005,0.001974,-0.006484,0.002805,-0.798444,MOVE_JOINT
0.234000,0.453736,-0.152241,-0.154006,-0.000746,-0.005498,0.001384,-0.804523,MOVE_JOINT
0.235000,0.453743,-0.152246,-0.154001,0.000715,-0.005524,0.002134,-0.810358,MOVE_JOINT
0.236000,0.453746,-0.152253,-0.153998,0.001172,-0.005676,0.002131,-0.815883,MOVE_JOINT
0.237000,0.453753,-0.152257,-0.153994,0.003224,-0.004960,0.002989,-0.821075,MOVE_JOINT
0.238000,0.453755,-0.152259,-0.153993,0.003079,-0.003931,0.002471,-0.825902,MOVE_JOINT
0.239000,0.453756,-0.152264,-0.153989,0.003581,-0.004129,0.003167,-0.830299,MOVE_JOINT
0.240000,0.453758,-0.152269,-0.153988,0.003811,-0.004105,0.002593,-0.834164,MOVE_JOINT
0.241000,0.453760,-0.152276,-0.153985,0.003986,-0.004854,0.003226,-0.837391,MOVE_JOINT
0.242000,0.453762,-0.152279,-0.153983,0.002806,-0.004137,0.002273,-0.839898,MOVE_JOINT
0.243000,0.453768,-0.152283,-0.153978,0.004127,-0.003999,0.003146,-0.841650,MOVE_JOINT
0.244000,0.453767,-0.152290,-0.153978,0.001973,-0.004945,0.001958,-0.842670,MOVE_JOINT
0.245000,0.453767,-0.152292,-0.153976,0.001556,-0.004219,0.001877,-0.843043,MOVE_JOINT
0.246000,0.453776,-0.152294,-0.153971,0.003542,-0.004440,0.003334,-0.842915,MOVE_JOINT
0.247000,0.453777,-0.152302,-0.153968,0.002891,-0.005212,0.003164,-0.842420,MOVE_JOINT
0.248000,0.453776,-0.152303,-0.153969,0.001623,-0.003980,0.001885,-0.841621,MOVE_JOINT
0.249000,0.453779,-0.152304,-0.153965,0.002051,-0.003026,0.002410,-0.840534,MOVE_JOINT
0.250000,0.453784,-0.152311,-0.153962,0.002425,-0.004546,0.002531,-0.839196,MOVE_JOINT
0.251000,0.453781,-0.152316,-0.153962,0.000708,-0.004899,0.001704,-0.837664,MOVE_JOINT
0.252000,0.453782,-0.152314,-0.153960,0.001033,-0.002609,0.001765,-0.836024,MOVE_JOINT
0.253000,0.453786,-0.152318,-0.153957,0.001591,-0.002859,0.001771,-0.834384,MOVE_JOINT
0.254000,0.453786,-0.152325,-0.153955,0.000857,-0.003735,0.001568,-0.832860,MOVE_JOINT
0.255000,0.453791,-0.152328,-0.153951,0.002702,-0.003101,0.002300,-0.831551,MOVE_JOINT
0.256000,0.453786,-0.152332,-0.153952,0.000615,-0.003004,0.001516,-0.830526,MOVE_JOINT
0.257000,0.453789,-0.152335,-0.153950,0.001507,-0.002847,0.001460,-0.829823,MOVE_JOINT
0.258000,0.453787,-0.152340,-0.153948,0.000473,-0.003676,0.001407,-0.829474,MOVE_JOINT
0.259000,0.453787,-0.152342,-0.153948,-0.000142,-0.003199,0.001209,-0.829527,MOVE_JOINT
0.260000,0.453785,-0.152346,-0.153947,-0.000268,-0.003536,0.001163,-0.830036,MOVE_JOINT
0.261000,0.453791,-0.152347,-0.153943,0.001750,-0.003012,0.002102,-0.831039,MOVE_JOINT
0.262000,0.453791,-0.152350,-0.153941,0.001445,-0.002774,0.002160,-0.832524,MOVE_JOINT
0.263000,0.453787,-0.152355,-0.153943,-0.000373,-0.003458,0.000771,-0.834417,MOVE_JOINT
0.264000,0.453793,-0.152356,-0.153938,0.001799,-0.002637,0.001974,-0.836627,MOVE_JOINT
0.265000,0.453792,-0.152361,-0.153938,0.000707,-0.002853,0.001302,-0.839089,MOVE_JOINT
0.266000,0.453791,-0.152363,-0.153937,-0.000274,-0.002698,0.001069,-0.841774,MOVE_JOINT
0.267000,0.453791,-0.152369,-0.153936,0.000273,-0.003638,0.001073,-0.844676,MOVE_JOINT
0.268000,0.453795,-0.152373,-0.153933,0.001674,-0.003981,0.001950,-0.847820,MOVE_JOINT
0.269000,0.453791,-0.152375,-0.153935,-0.000652,-0.003568,0.000534,-0.851248,MOVE_JOINT
0.270000,0.453792,-0.152376,-0.153934,0.000535,-0.002341,0.000704,-0.855016,MOVE_JOINT
0.271000,0.453796,-0.152378,-0.153930,0.000708,-0.002287,0.001278,-0.859196,MOVE_JOINT
0.272000,0.453794,-0.152384,-0.153931,0.000188,-0.003617,0.000799,-0.863859,MOVE_JOINT
0.273000,0.453793,-0.152386,-0.153931,-0.000784,-0.003537,0.000212,-0.869052,MOVE_JOINT
0.274000,0.453798,-0.152389,-0.153928,0.000033,-0.003593,0.000586,-0.874826,MOVE_JOINT
0.275000,0.453791,-0.152391,-0.153930,-0.001824,-0.003256,0.000016,-0.881258,MOVE_JOINT
0.276000,0.453800,-0.152394,-0.153926,0.000949,-0.002871,0.001085,-0.888420,MOVE_JOINT
0.277000,0.453798,-0.152395,-0.153928,0.000521,-0.003177,0.000716,-0.896325,MOVE_JOINT
0.278000,0.453799,-0.152399,-0.153925,0.000296,-0.003240,0.001123,-0.904909,MOVE_JOINT
0.279000,0.453797,-0.152404,-0.153925,-0.000245,-0.003856,0.000744,-0.914041,MOVE_JOINT
0.280000,0.453798,-0.152404,-0.153924,0.000570,-0.002656,0.000916,-0.923548,MOVE_JOINT
0.281000,0.453799,-0.152406,-0.153922,0.000961,-0.002637,0.001268,-0.933239,MOVE_JOINT
0.282000,0.453801,-0.152407,-0.153922,0.001235,-0.002363,0.000900,-0.942908,MOVE_JOINT
0.283000,0.453797,-0.152409,-0.153924,-0.000233,-0.001917,0.000143,-0.952353,MOVE_JOINT
0.284000,0.453800,-0.152413,-0.153921,0.000146,-0.002318,0.000617,-0.961420,MOVE_JOINT
0.285000,0.453804,-0.152415,-0.153917,0.001671,-0.002369,0.001652,-0.970014,MOVE_JOINT
0.286000,0.453802,-0.152420,-0.153917,0.000851,-0.003097,0.001482,-0.978042,MOVE_JOINT
0.287000,0.453799,-0.152420,-0.153918,-0.000184,-0.002416,0.000601,-0.985362,MOVE_JOINT
0.288000,0.453803,-0.152427,-0.153914,0.000392,-0.003660,0.001283,-0.991823,MOVE_JOINT
0.289000,0.453801,-0.152426,-0.153916,-0.001329,-0.002742,0.000292,-0.997320,MOVE_JOINT
0.290000,0.453804,-0.152428,-0.153914,-0.000404,-0.002176,0.000493,-1.001819,MOVE_JOINT
0.291000,0.453799,-0.152430,-0.153915,-0.001784,-0.002388,-0.000001,-1.005362,MOVE_JOINT
0.292000,0.453798,-0.152430,-0.153915,-0.001219,-0.002403,0.000152,-1.008050,MOVE_JOINT
0.293000,0.453805,-0.152432,-0.153912,0.000250,-0.002662,0.001089,-1.010014,MOVE_JOINT
0.294000,0.453804,-0.152436,-0.153911,-0.000061,-0.003237,0.000949,-1.011374,MOVE_JOINT
0.295000,0.453804,-0.152439,-0.153910,0.000195,-0.002870,0.001032,-1.012199,MOVE_JOINT
0.296000,0.453804,-0.152441,-0.153910,-0.000408,-0.003037,0.000459,-1.012522,MOVE_JOINT
0.297000,0.453808,-0.152440,-0.153907,0.001880,-0.001703,0.001589,-1.012372,MOVE_JOINT
0.298000,0.453803,-0.152444,-0.153909,-0.000708,-0.002515,0.000369,-1.011781,MOVE_JOINT
0.299000,0.453807,-0.152444,-0.153907,0.000406,-0.001660,0.000893,-1.010775,MOVE_JOINT
0.300000,0.453810,-0.152448,-0.153904,0.001270,-0.002163,0.001376,-1.009380,MOVE_JOINT
0.301000,0.453809,-0.152448,-0.153904,0.000861,-0.001504,0.001328,-1.007614,MOVE_JOINT
0.302000,0.453808,-0.152451,-0.153904,0.000573,-0.002801,0.001493,-1.005465,MOVE_JOINT
0.303000,0.453811,-0.152452,-0.153902,0.001633,-0.002055,0.001615,-1.002895,MOVE_JOINT
0.304000,0.453807,-0.152453,-0.153903,-0.000938,-0.001567,0.000310,-0.999868,MOVE_JOINT
0.305000,0.453810,-0.152453,-0.153902,0.000839,-0.001414,0.001025,-0.996399,MOVE_JOINT
0.306000,0.453812,-0.152456,-0.153901,0.000996,-0.001450,0.001101,-0.992570,MOVE_JOINT
0.307000,0.453813,-0.152456,-0.153899,0.001041,-0.001324,0.001312,-0.988499,MOVE_JOINT
0.308000,0.453812,-0.152460,-0.153899,-0.000389,-0.001821,0.000379,-0.984297,MOVE_JOINT
0.309000,0.453817,-0.152460,-0.153896,0.001513,-0.001188,0.001022,-0.980072,MOVE_JOINT
0.310000,0.453815,-0.152462,-0.153897,0.000359,-0.001484,0.000313,-0.975959,MOVE_JOINT
0.311000,0.453814,-0.152461,-0.153897,0.000017,-0.000753,0.000192,-0.972131,MOVE_JOINT
0.312000,0.453815,-0.152463,-0.153895,0.000727,-0.000896,0.000655,-0.968786,MOVE_JOINT
0.313000,0.453820,-0.152463,-0.153894,0.002003,-0.000563,0.001042,-0.966099,MOVE_JOINT
0.314000,0.453819,-0.152463,-0.153894,0.001111,-0.000393,0.000545,-0.964183,MOVE_JOINT
0.315000,0.453822,-0.152468,-0.153891,0.001770,-0.001955,0.001349,-0.963081,MOVE_JOINT
0.316000,0.453824,-0.152468,-0.153890,0.001870,-0.001323,0.001384,-0.962769,MOVE_JOINT
0.317000,0.453818,-0.152469,-0.153893,-0.000361,-0.001228,0.000507,-0.963165,MOVE_JOINT
0.318000,0.453818,-0.152468,-0.153893,-0.000629,-0.000392,0.000249,-0.964151,MOVE_JOINT
0.319000,0.453820,-0.152469,-0.153890,0.000431,-0.000547,0.000963,-0.965620,MOVE_JOINT
0.320000,0.453818,-0.152469,-0.153891,-0.000643,-0.000557,0.000435,-0.967491,MOVE_JOINT
0.321000,0.453825,-0.152472,-0.153887,0.001953,-0.001141,0.001539,-0.969690,MOVE_JOINT
0.322000,0.453821,-0.152472,-0.153888,0.000590,-0.001500,0.001078,-0.972147,MOVE_JOINT
0.323000,0.453824,-0.152468,-0.153886,0.001239,0.000022,0.001508,-0.974775,MOVE_JOINT
0.324000,0.453822,-0.152472,-0.153886,0.000459,-0.000867,0.000964,-0.977465,MOVE_JOINT
0.325000,0.453823,-0.152475,-0.153885,0.000166,-0.001547,0.001199,-0.980101,MOVE_JOINT
0.326000,0.453817,-0.152479,-0.153886,-0.002532,-0.002461,0.000256,-0.982596,MOVE_JOINT
0.327000,0.453821,-0.152475,-0.153885,-0.001595,-0.001237,0.000196,-0.984927,MOVE_JOINT
0.328000,0.453821,-0.152477,-0.153884,-0.000896,-0.001418,0.000400,-0.987149,MOVE_JOINT
0.329000,0.453822,-0.152477,-0.153883,-0.000630,-0.001092,0.000392,-0.989380,MOVE_JOINT
0.330000,0.453823,-0.152478,-0.153882,-0.000045,-0.000936,0.000396,-0.991757,MOVE_JOINT
0.331000,0.453819,-0.152477,-0.153883,-0.000834,-0.000318,0.000116,-0.994414,MOVE_JOINT
0.332000,0.453820,-0.152480,-0.153882,-0.000744,-0.001394,0.000235,-0.997466,MOVE_JOINT
0.333000,0.453821,-0.152480,-0.153881,0.000636,-0.000651,0.000930,-1.001001,MOVE_JOINT
0.334000,0.453818,-0.152479,-0.153881,-0.000492,-0.000396,0.000432,-1.005053,MOVE_JOINT
0.335000,0.453817,-0.152480,-0.153881,-0.000587,-0.000687,0.000445,-1.009598,MOVE_JOINT
0.336000,0.453822,-0.152484,-0.153878,0.001447,-0.001409,0.001465,-1.014566,MOVE_JOINT
0.337000,0.453814,-0.152485,-0.153880,-0.001377,-0.001340,0.000255,-1.019849,MOVE_JOINT
0.338000,0.453819,-0.152484,-0.153877,0.000309,-0.000665,0.001238,-1.025314,MOVE_JOINT
0.339000,0.453815,-0.152486,-0.153879,-0.000535,-0.001205,0.000466,-1.030822,MOVE_JOINT
0.340000,0.453814,-0.152488,-0.153878,-0.000891,-0.001787,0.000546,-1.036255,MOVE_JOINT
0.341000,0.453813,-0.152489,-0.153877,-0.001114,-0.001312,0.000642,-1.041540,MOVE_JOINT
0.342000,0.453814,-0.152490,-0.153876,-0.000665,-0.001531,0.000744,-1.046652,MOVE_JOINT
0.343000,0.453813,-0.152489,-0.153875,-0.000398,-0.000701,0.000811,-1.051580,MOVE_JOINT
0.344000,0.453812,-0.152491,-0.153876,-0.000618,-0.000801,0.000277,-1.056316,MOVE_JOINT
0.345000,0.453814,-0.152493,-0.153873,0.000992,-0.000781,0.001309,-1.060856,MOVE_JOINT
0.346000,0.453813,-0.152494,-0.153873,0.001032,-0.000966,0.001215,-1.065196,MOVE_JOINT
0.347000,0.453814,-0.152494,-0.153872,0.000572,-0.000907,0.001116,-1.069306,MOVE_JOINT
0.348000,0.453813,-0.152496,-0.153871,0.000623,-0.001587,0.001098,-1.073134,MOVE_JOINT
0.349000,0.453813,-0.152499,-0.153871,0.001178,-0.002007,0.001484,-1.076637,MOVE_JOINT
0.350000,0.453809,-0.152496,-0.153873,-0.000439,-0.000721,0.000348,-1.079810,MOVE_JOINT
0.351000,0.453806,-0.152501,-0.153872,0.000026,-0.001840,0.001186,-1.082700,MOVE_JOINT
0.352000,0.453811,-0.152502,-0.153870,0.001338,-0.001640,0.001435,-1.085396,MOVE_JOINT
0.353000,0.453808,-0.152503,-0.153870,-0.000602,-0.001086,0.000412,-1.087994,MOVE_JOINT
0.354000,0.453813,-0.152505,-0.153866,0.001381,-0.000867,0.001580,-1.090593,MOVE_JOINT
0.355000,0.453810,-0.152506,-0.153866,-0.000583,-0.001137,0.000760,-1.093290,MOVE_JOINT
0.356000,0.453809,-0.152507,-0.153866,-0.000614,-0.001336,0.000704,-1.096169,MOVE_JOINT
0.357000,0.453807,-0.152509,-0.153867,-0.001265,-0.001622,0.000534,-1.099298,MOVE_JOINT
0.358000,0.453810,-0.152509,-0.153865,-0.000058,-0.001491,0.001209,-1.102752,MOVE_JOINT
0.359000,0.453808,-0.152509,-0.153864,-0.001698,-0.001303,0.000674,-1.106592,MOVE_JOINT
0.360000,0.453810,-0.152512,-0.153863,-0.000706,-0.001818,0.000840,-1.110843,MOVE_JOINT
0.361000,0.453809,-0.152513,-0.153862,-0.001312,-0.001422,0.000609,-1.115507,MOVE_JOINT
0.362000,0.453811,-0.152512,-0.153861,0.000151,-0.001104,0.000838,-1.120586,MOVE_JOINT
0.363000,0.453809,-0.152514,-0.153861,-0.000283,-0.001122,0.000603,-1.126099,MOVE_JOINT
0.364000,0.453810,-0.152518,-0.153858,-0.000268,-0.001609,0.000767,-1.132079,MOVE_JOINT
0.365000,0.453808,-0.152521,-0.153858,-0.000658,-0.002536,0.000931,-1.138564,MOVE_JOINT
0.366000,0.453807,-0.152518,-0.153858,-0.000897,-0.001331,0.000606,-1.145569,MOVE_JOINT
0.367000,0.453803,-0.152519,-0.153859,-0.001277,-0.001291,0.000561,-1.153078,MOVE_JOINT
0.368000,0.453804,-0.152520,-0.153857,-0.000631,-0.001300,0.001007,-1.161047,MOVE_JOINT
0.369000,0.453806,-0.152521,-0.153855,-0.000758,-0.001050,0.000942,-1.169398,MOVE_JOINT
0.370000,0.453807,-0.152521,-0.153854,-0.000138,-0.000465,0.000858,-1.178017,MOVE_JOINT
0.371000,0.453800,-0.152526,-0.153855,-0.002048,-0.001705,0.000219,-1.186785,MOVE_JOINT
0.372000,0.453799,-0.152529,-0.153854,-0.001775,-0.002276,0.000603,-1.195618,MOVE_JOINT
0.373000,0.453800,-0.152529,-0.153852,-0.000569,-0.001720,0.001443,-1.204478,MOVE_JOINT
0.374000,0.453796,-0.152530,-0.153853,-0.002203,-0.001877,0.000572,-1.213328,MOVE_JOINT
0.375000,0.453793,-0.152534,-0.153852,-0.002733,-0.002608,0.000637,-1.222109,MOVE_JOINT
0.376000,0.453787,-0.152532,-0.153854,-0.003612,-0.001410,-0.000071,-1.230767,MOVE_JOINT
0.377000,0.453788,-0.152532,-0.153852,-0.003023,-0.001385,0.000291,-1.239289,MOVE_JOINT
0.378000,0.453786,-0.152531,-0.153851,-0.001930,-0.000241,0.000685,-1.247689,MOVE_JOINT
0.379000,0.453783,-0.152538,-0.153851,-0.001803,-0.002236,0.000638,-1.255980,MOVE_JOINT
0.380000,0.453776,-0.152539,-0.153852,-0.003264,-0.002073,0.000236,-1.264157,MOVE_JOINT
0.381000,0.453777,-0.152539,-0.153850,-0.002292,-0.001013,0.000575,-1.272215,MOVE_JOINT
0.382000,0.453776,-0.152543,-0.153849,-0.001459,-0.001358,0.000777,-1.280170,MOVE_JOINT
0.383000,0.453769,-0.152543,-0.153849,-0.003472,-0.000739,0.000028,-1.288042,MOVE_JOINT
0.384000,0.453766,-0.152547,-0.153848,-0.003651,-0.001441,0.000375,-1.295855,MOVE_JOINT
0.385000,0.453765,-0.152550,-0.153846,-0.002802,-0.001531,0.000595,-1.303646,MOVE_JOINT
0.386000,0.453760,-0.152549,-0.153846,-0.004077,-0.000696,0.000233,-1.311442,MOVE_JOINT
0.387000,0.453757,-0.152555,-0.153844,-0.003609,-0.002146,0.000544,-1.319260,MOVE_JOINT
0.388000,0.453752,-0.152557,-0.153843,-0.004376,-0.001871,0.000320,-1.327113,MOVE_JOINT
0.389000,0.453748,-0.152559,-0.153842,-0.004676,-0.002112,0.000424,-1.335010,MOVE_JOINT
0.390000,0.453743,-0.152562,-0.153841,-0.004619,-0.002284,0.000365,-1.342962,MOVE_JOINT
0.391000,0.453742,-0.152563,-0.153839,-0.003241,-0.002088,0.001238,-1.350965,MOVE_JOINT
0.392000,0.453732,-0.152566,-0.153841,-0.005171,-0.002186,0.000044,-1.358995,MOVE_JOINT
0.393000,0.453726,-0.152568,-0.153840,-0.006295,-0.002149,-0.000171,-1.367024,MOVE_JOINT
0.394000,0.453722,-0.152570,-0.153839,-0.005931,-0.001738,-0.000161,-1.375066,MOVE_JOINT
0.395000,0.453721,-0.152574,-0.153837,-0.004161,-0.001920,0.000892,-1.383177,MOVE_JOINT
0.396000,0.453715,-0.152578,-0.153836,-0.004378,-0.002548,0.000762,-1.391399,MOVE_JOINT
0.397000,0.453715,-0.152580,-0.153834,-0.003226,-0.001874,0.000971,-1.399719,MOVE_JOINT
0.398000,0.453714,-0.152585,-0.153830,-0.002621,-0.002805,0.001614,-1.408066,MOVE_JOINT
0.399000,0.453710,-0.152587,-0.153829,-0.002630,-0.002278,0.001665,-1.416329,MOVE_JOINT
0.400000,0.453702,-0.152587,-0.153831,-0.003833,-0.001373,0.000633,-1.424365,MOVE_JOINT
0.401000,0.453703,-0.152590,-0.153828,-0.002194,-0.002258,0.001719,-1.432027,MOVE_JOINT
0.402000,0.453703,-0.152592,-0.153824,-0.001433,-0.002129,0.002519,-1.439189,MOVE_JOINT
0.403000,0.453703,-0.152596,-0.153822,-0.001705,-0.002725,0.002121,-1.445719,MOVE_JOINT
0.404000,0.453699,-0.152596,-0.153821,-0.002235,-0.002271,0.001941,-1.451456,MOVE_JOINT
0.405000,0.453700,-0.152598,-0.153819,-0.001025,-0.001795,0.002091,-1.456244,MOVE_JOINT
0.406000,0.453698,-0.152602,-0.153816,-0.001244,-0.002572,0.002278,-1.459980,MOVE_JOINT
0.407000,0.453695,-0.152605,-0.153815,-0.001580,-0.003030,0.002216,-1.462612,MOVE_JOINT
0.408000,0.453694,-0.152608,-0.153812,-0.001120,-0.003207,0.002491,-1.464127,MOVE_JOINT
0.409000,0.453692,-0.152611,-0.153811,-0.001561,-0.003122,0.002106,-1.464543,MOVE_JOINT
0.410000,0.453698,-0.152611,-0.153806,0.000642,-0.002010,0.003138,-1.463904,MOVE_JOINT
0.411000,0.453695,-0.152614,-0.153805,-0.000549,-0.002258,0.002289,-1.462257,MOVE_JOINT
0.412000,0.453692,-0.152617,-0.153804,-0.001152,-0.002125,0.001506,-1.459654,MOVE_JOINT
0.413000,0.453689,-0.152619,-0.153804,-0.001158,-0.002054,0.001477,-1.456206,MOVE_JOINT
0.414000,0.453687,-0.152620,-0.153802,-0.001093,-0.001676,0.001431,-1.452131,MOVE_JOINT
0.415000,0.453689,-0.152624,-0.153798,-0.000887,-0.002262,0.001681,-1.447729,MOVE_JOINT
0.416000,0.453680,-0.152626,-0.153800,-0.003548,-0.002303,0.000740,-1.443327,MOVE_JOINT
0.417000,0.453685,-0.152629,-0.153795,-0.000865,-0.002204,0.002029,-1.439230,MOVE_JOINT
0.418000,0.453684,-0.152630,-0.153793,-0.000793,-0.001742,0.001902,-1.435675,MOVE_JOINT
0.419000,0.453681,-0.152630,-0.153794,-0.002345,-0.001302,0.000585,-1.432815,MOVE_JOINT
0.420000,0.453679,-0.152634,-0.153791,-0.001839,-0.001916,0.001292,-1.430757,MOVE_JOINT
0.421000,0.453679,-0.152638,-0.153787,-0.001354,-0.002493,0.002108,-1.429597,MOVE_JOINT
0.422000,0.453677,-0.152645,-0.153785,-0.000379,-0.003575,0.002646,-1.429371,MOVE_JOINT
0.423000,0.453674,-0.152644,-0.153783,-0.000020,-0.002185,0.002498,-1.429997,MOVE_JOINT
0.424000,0.453676,-0.152648,-0.153780,0.000391,-0.002296,0.002742,-1.431290,MOVE_JOINT
0.425000,0.453674,-0.152650,-0.153777,0.000251,-0.001963,0.002981,-1.433019,MOVE_JOINT
0.426000,0.453672,-0.152652,-0.153775,-0.000406,-0.002288,0.002585,-1.434938,MOVE_JOINT
0.427000,0.453671,-0.152656,-0.153773,-0.000668,-0.002919,0.002645,-1.436816,MOVE_JOINT
0.428000,0.453667,-0.152658,-0.153772,-0.001391,-0.002482,0.002210,-1.438481,MOVE_JOINT
0.429000,0.453669,-0.152661,-0.153769,-0.000892,-0.002536,0.002520,-1.439856,MOVE_JOINT
0.430000,0.453667,-0.152667,-0.153765,-0.001382,-0.003644,0.002493,-1.440959,MOVE_JOINT
0.431000,0.453664,-0.152669,-0.153764,-0.001726,-0.003393,0.002248,-1.441878,MOVE_JOINT
0.432000,0.453669,-0.152671,-0.153758,0.000322,-0.003378,0.003238,-1.442751,MOVE_JOINT
0.433000,0.453667,-0.152673,-0.153757,-0.000818,-0.002874,0.002319,-1.443739,MOVE_JOINT
0.434000,0.453662,-0.152679,-0.153756,-0.001524,-0.003836,0.002201,-1.445019,MOVE_JOINT
0.435000,0.453662,-0.152680,-0.153752,-0.000854,-0.003193,0.002613,-1.446789,MOVE_JOINT
0.436000,0.453662,-0.152684,-0.153750,-0.000580,-0.003203,0.002409,-1.449257,MOVE_JOINT
0.437000,0.453660,-0.152688,-0.153748,-0.000036,-0.003728,0.002685,-1.452615,MOVE_JOINT
0.438000,0.453656,-0.152692,-0.153747,-0.000765,-0.003637,0.002664,-1.457024,MOVE_JOINT
0.439000,0.453655,-0.152694,-0.153745,-0.000644,-0.003244,0.002438,-1.462604,MOVE_JOINT
0.440000,0.453657,-0.152699,-0.153741,-0.000294,-0.003714,0.002651,-1.469437,MOVE_JOINT
0.441000,0.453655,-0.152700,-0.153738,-0.000475,-0.003537,0.003015,-1.477565,MOVE_JOINT
0.442000,0.453656,-0.152708,-0.153735,-0.000048,-0.004465,0.003142,-1.486968,MOVE_JOINT
0.443000,0.453653,-0.152709,-0.153734,-0.001314,-0.003638,0.002548,-1.497555,MOVE_JOINT
0.444000,0.453651,-0.152712,-0.153731,-0.001352,-0.003360,0.002847,-1.509184,MOVE_JOINT
0.445000,0.453650,-0.152719,-0.153727,-0.000791,-0.004271,0.003005,-1.521687,MOVE_JOINT
0.446000,0.453649,-0.152723,-0.153725,-0.001887,-0.004544,0.002664,-1.534877,MOVE_JOINT
0.447000,0.453649,-0.152726,-0.153721,-0.001439,-0.004159,0.003214,-1.548555,MOVE_JOINT
0.448000,0.453646,-0.152729,-0.153718,-0.002049,-0.003766,0.002934,-1.562510,MOVE_JOINT
0.449000,0.453647,-0.152734,-0.153714,-0.002024,-0.004346,0.003119,-1.576512,MOVE_JOINT
0.450000,0.453644,-0.152736,-0.153712,-0.002429,-0.004193,0.002459,-1.590322,MOVE_JOINT
0.451000,0.453643,-0.152739,-0.153708,-0.001441,-0.003418,0.002675,-1.603744,MOVE_JOINT
0.452000,0.453642,-0.152743,-0.153704,-0.001246,-0.003840,0.003005,-1.616651,MOVE_JOINT
0.453000,0.453641,-0.152748,-0.153700,-0.000856,-0.003768,0.003513,-1.628955,MOVE_JOINT
0.454000,0.453634,-0.152752,-0.153698,-0.002727,-0.003860,0.002702,-1.640561,MOVE_JOINT
0.455000,0.453636,-0.152759,-0.153691,-0.001070,-0.004616,0.004088,-1.651338,MOVE_JOINT
0.456000,0.453637,-0.152764,-0.153686,-0.001416,-0.004583,0.003876,-1.661125,MOVE_JOINT
0.457000,0.453631,-0.152770,-0.153685,-0.003166,-0.005061,0.002658,-1.669738,MOVE_JOINT
0.458000,0.453632,-0.152772,-0.153679,-0.001936,-0.004212,0.003960,-1.677025,MOVE_JOINT
0.459000,0.453633,-0.152776,-0.153674,-0.000357,-0.003853,0.004287,-1.682895,MOVE_JOINT
0.460000,0.453631,-0.152782,-0.153669,0.000266,-0.004041,0.004732,-1.687272,MOVE_JOINT
0.461000,0.453628,-0.152788,-0.153665,-0.001078,-0.004935,0.004515,-1.690064,MOVE_JOINT
0.462000,0.453623,-0.152790,-0.153663,-0.002245,-0.004411,0.003755,-1.691185,MOVE_JOINT
0.463000,0.453625,-0.152797,-0.153657,-0.001674,-0.005229,0.004155,-1.690623,MOVE_JOINT
0.464000,0.453625,-0.152802,-0.153652,-0.001268,-0.005262,0.004279,-1.688466,MOVE_JOINT
0.465000,0.453622,-0.152812,-0.153647,-0.001579,-0.006329,0.004429,-1.684899,MOVE_JOINT
0.466000,0.453622,-0.152813,-0.153644,-0.001326,-0.004914,0.003993,-1.680172,MOVE_JOINT
0.467000,0.453626,-0.152819,-0.153637,0.000338,-0.005385,0.004982,-1.674583,MOVE_JOINT
0.468000,0.453619,-0.152825,-0.153636,-0.001598,-0.005554,0.003996,-1.668448,MOVE_JOINT
0.469000,0.453612,-0.152830,-0.153634,-0.002902,-0.005498,0.003557,-1.662094,MOVE_JOINT
0.470000,0.453616,-0.152835,-0.153627,-0.000882,-0.005406,0.004421,-1.655859,MOVE_JOINT
0.471000,0.453610,-0.152842,-0.153624,-0.002669,-0.005332,0.003641,-1.650089,MOVE_JOINT
0.472000,0.453609,-0.152849,-0.153619,-0.002046,-0.005801,0.004251,-1.645107,MOVE_JOINT
0.473000,0.453604,-0.152856,-0.153614,-0.003459,-0.006321,0.004024,-1.641197,MOVE_JOINT
0.474000,0.453607,-0.152865,-0.153607,-0.002129,-0.007266,0.005011,-1.638575,MOVE_JOINT
0.475000,0.453604,-0.152867,-0.153602,-0.002045,-0.005881,0.004765,-1.637349,MOVE_JOINT
0.476000,0.453601,-0.152875,-0.153597,-0.002373,-0.006589,0.004902,-1.637524,MOVE_JOINT
0.477000,0.453596,-0.152881,-0.153593,-0.002420,-0.005967,0.004947,-1.639023,MOVE_JOINT
0.478000,0.453595,-0.152887,-0.153589,-0.002434,-0.005982,0.004429,-1.641731,MOVE_JOINT
0.479000,0.453594,-0.152897,-0.153583,-0.001474,-0.007199,0.004926,-1.645545,MOVE_JOINT
0.480000,0.453590,-0.152902,-0.153578,-0.001784,-0.006457,0.004979,-1.650404,MOVE_JOINT
0.481000,0.453585,-0.152910,-0.153576,-0.003254,-0.006857,0.003937,-1.656298,MOVE_JOINT
0.482000,0.453589,-0.152917,-0.153567,-0.001056,-0.007076,0.005738,-1.663244,MOVE_JOINT
0.483000,0.453587,-0.152921,-0.153561,-0.001385,-0.006164,0.005356,-1.671247,MOVE_JOINT
0.484000,0.453582,-0.152929,-0.153558,-0.002688,-0.006850,0.004643,-1.680249,MOVE_JOINT
0.485000,0.453581,-0.152933,-0.153552,-0.002326,-0.006214,0.004961,-1.690134,MOVE_JOINT
0.486000,0.453579,-0.152940,-0.153547,-0.001374,-0.006383,0.005329,-1.700781,MOVE_JOINT
0.487000,0.453578,-0.152944,-0.153540,-0.001774,-0.005681,0.005429,-1.712064,MOVE_JOINT
0.488000,0.453578,-0.152955,-0.153532,-0.001006,-0.007019,0.006421,-1.723817,MOVE_JOINT
0.489000,0.453579,-0.152959,-0.153524,-0.000687,-0.006289,0.006472,-1.735807,MOVE_JOINT
0.490000,0.453576,-0.152967,-0.153519,-0.001574,-0.006880,0.006207,-1.747731,MOVE_JOINT
0.491000,0.453575,-0.152973,-0.153512,-0.000764,-0.006343,0.006448,-1.759260,MOVE_JOINT
0.492000,0.453574,-0.152981,-0.153505,-0.000598,-0.006649,0.007003,-1.770087,MOVE_JOINT
0.493000,0.453575,-0.152986,-0.153498,-0.000357,-0.005881,0.006615,-1.779946,MOVE_JOINT
0.494000,0.453574,-0.152991,-0.153492,0.000544,-0.005789,0.006984,-1.788619,MOVE_JOINT
0.495000,0.453577,-0.152999,-0.153484,0.000915,-0.006462,0.007301,-1.795957,MOVE_JOINT
0.496000,0.453572,-0.153004,-0.153480,-0.000166,-0.005814,0.006337,-1.801896,MOVE_JOINT
0.497000,0.453576,-0.153010,-0.153471,0.000487,-0.005913,0.006833,-1.806481,MOVE_JOINT
0.498000,0.453579,-0.153019,-0.153462,0.001534,-0.007051,0.007709,-1.809867,MOVE_JOINT
0.499000,0.453579,-0.153022,-0.153456,0.001338,-0.005473,0.007063,-1.812266,MOVE_JOINT
0.500000,0.453580,-0.153032,-0.153448,0.001439,-0.006779,0.007487,-1.813895,MOVE_JOINT
0.501000,0.453576,-0.153038,-0.153443,0.000323,-0.005915,0.006597,-1.814969,MOVE_JOINT
0.502000,0.453578,-0.153044,-0.153435,0.000811,-0.005975,0.006827,-1.815721,MOVE_JOINT
0.503000,0.453578,-0.153050,-0.153429,0.000839,-0.005906,0.006835,-1.816410,MOVE_JOINT
0.504000,0.453579,-0.153056,-0.153422,0.000354,-0.006110,0.006902,-1.817306,MOVE_JOINT
0.505000,0.453588,-0.153061,-0.153411,0.003301,-0.005624,0.007878,-1.818642,MOVE_JOINT
0.506000,0.453586,-0.153068,-0.153406,0.001221,-0.005575,0.006744,-1.820583,MOVE_JOINT
0.507000,0.453591,-0.153076,-0.153396,0.002466,-0.006270,0.007735,-1.823220,MOVE_JOINT
0.508000,0.453585,-0.153080,-0.153394,-0.000388,-0.005613,0.005800,-1.826612,MOVE_JOINT
0.509000,0.453593,-0.153091,-0.153381,0.002629,-0.007181,0.008137,-1.830819,MOVE_JOINT
0.510000,0.453593,-0.153096,-0.153374,0.001607,-0.006520,0.007739,-1.835897,MOVE_JOINT
0.511000,0.453594,-0.153101,-0.153365,0.002040,-0.006181,0.008191,-1.841837,MOVE_JOINT
0.512000,0.453596,-0.153110,-0.153356,0.001629,-0.007149,0.008168,-1.848532,MOVE_JOINT
0.513000,0.453603,-0.153113,-0.153348,0.003299,-0.005310,0.008131,-1.855801,MOVE_JOINT
0.514000,0.453606,-0.153117,-0.153340,0.003568,-0.004410,0.008043,-1.863439,MOVE_JOINT
0.515000,0.453610,-0.153125,-0.153331,0.002938,-0.005422,0.007974,-1.871248,MOVE_JOINT
0.516000,0.453619,-0.153129,-0.153319,0.003896,-0.005276,0.008741,-1.879054,MOVE_JOINT
0.517000,0.453620,-0.153139,-0.153310,0.003483,-0.006551,0.008904,-1.886705,MOVE_JOINT
0.518000,0.453619,-0.153146,-0.153301,0.001422,-0.006794,0.008466,-1.894068,MOVE_JOINT
0.519000,0.453623,-0.153153,-0.153291,0.002924,-0.006829,0.009446,-1.901028,MOVE_JOINT
0.520000,0.453631,-0.153155,-0.153281,0.003700,-0.005886,0.009273,-1.907462,MOVE_JOINT
0.521000,0.453639,-0.153162,-0.153272,0.004690,-0.006151,0.009084,-1.913216,MOVE_JOINT
0.522000,0.453647,-0.153168,-0.153261,0.005661,-0.006259,0.009491,-1.918130,MOVE_JOINT
0.523000,0.453652,-0.153175,-0.153251,0.004906,-0.006802,0.009358,-1.922098,MOVE_JOINT
0.524000,0.453657,-0.153177,-0.153240,0.005523,-0.005565,0.010057,-1.925077,MOVE_JOINT
0.525000,0.453663,-0.153186,-0.153230,0.005855,-0.006959,0.010128,-1.927055,MOVE_JOINT
0.526000,0.453666,-0.153194,-0.153219,0.004971,-0.007568,0.010249,-1.928031,MOVE_JOINT
0.527000,0.453672,-0.153197,-0.153210,0.005366,-0.006101,0.010273,-1.928010,MOVE_JOINT
0.528000,0.453680,-0.153205,-0.153198,0.006350,-0.006688,0.010799,-1.927014,MOVE_JOINT
0.529000,0.453690,-0.153211,-0.153186,0.007364,-0.006674,0.011234,-1.925066,MOVE_JOINT
0.530000,0.453697,-0.153216,-0.153176,0.006895,-0.006361,0.010715,-1.922174,MOVE_JOINT
0.531000,0.453705,-0.153219,-0.153164,0.007433,-0.005340,0.011037,-1.918346,MOVE_JOINT
0.532000,0.453711,-0.153226,-0.153153,0.007368,-0.006424,0.011100,-1.913609,MOVE_JOINT
0.533000,0.453721,-0.153234,-0.153138,0.007765,-0.006815,0.012071,-1.908011,MOVE_JOINT
0.534000,0.453725,-0.153239,-0.153128,0.006273,-0.006178,0.011290,-1.901601,MOVE_JOINT
0.535000,0.453731,-0.153244,-0.153118,0.005500,-0.006136,0.010995,-1.894433,MOVE_JOINT
0.536000,0.453739,-0.153250,-0.153105,0.005639,-0.006272,0.011154,-1.886594,MOVE_JOINT
0.537000,0.453748,-0.153255,-0.153092,0.006301,-0.006399,0.011849,-1.878214,MOVE_JOINT
0.538000,0.453757,-0.153262,-0.153081,0.007185,-0.006623,0.011719,-1.869423,MOVE_JOINT
0.539000,0.453768,-0.153268,-0.153067,0.007313,-0.007152,0.012142,-1.860316,MOVE_JOINT
0.540000,0.453773,-0.153276,-0.153056,0.006269,-0.007726,0.011835,-1.850975,MOVE_JOINT
0.541000,0.453775,-0.153282,-0.153046,0.004850,-0.006674,0.010949,-1.841494,MOVE_JOINT
0.542000,0.453778,-0.153289,-0.153035,0.003771,-0.006977,0.010543,-1.832026,MOVE_JOINT
0.543000,0.453784,-0.153296,-0.153023,0.004187,-0.007034,0.010890,-1.822812,MOVE_JOINT
0.544000,0.453791,-0.153306,-0.153010,0.004522,-0.008070,0.011486,-1.814149,MOVE_JOINT
0.545000,0.453796,-0.153310,-0.153000,0.005433,-0.007060,0.011310,-1.806318,MOVE_JOINT
0.546000,0.453808,-0.153319,-0.152985,0.008862,-0.007727,0.013098,-1.799514,MOVE_JOINT
0.547000,0.453804,-0.153325,-0.152976,0.005406,-0.007637,0.012222,-1.793823,MOVE_JOINT
0.548000,0.453809,-0.153334,-0.152963,0.005760,-0.007929,0.012424,-1.789208,MOVE_JOINT
0.549000,0.453815,-0.153343,-0.152951,0.005709,-0.008143,0.012240,-1.785560,MOVE_JOINT
0.550000,0.453816,-0.153349,-0.152941,0.004841,-0.007484,0.011928,-1.782757,MOVE_JOINT
0.551000,0.453822,-0.153356,-0.152927,0.005051,-0.006710,0.012127,-1.780726,MOVE_JOINT
0.552000,0.453828,-0.153365,-0.152913,0.005252,-0.007585,0.012566,-1.779432,MOVE_JOINT
0.553000,0.453833,-0.153373,-0.152902,0.004805,-0.007455,0.012262,-1.778844,MOVE_JOINT
0.554000,0.453839,-0.153378,-0.152890,0.005085,-0.006860,0.012346,-1.778917,MOVE_JOINT
0.555000,0.453841,-0.153387,-0.152879,0.004017,-0.007217,0.011830,-1.779609,MOVE_JOINT
0.556000,0.453845,-0.153396,-0.152866,0.003966,-0.007867,0.012159,-1.780915,MOVE_JOINT
0.557000,0.453847,-0.153403,-0.152855,0.003380,-0.006982,0.011796,-1.782884,MOVE_JOINT
0.558000,0.453850,-0.153413,-0.152841,0.002912,-0.007409,0.012101,-1.785603,MOVE_JOINT
0.559000,0.453854,-0.153419,-0.152829,0.003093,-0.006969,0.011877,-1.789157,MOVE_JOINT
0.560000,0.453861,-0.153425,-0.152815,0.005021,-0.006747,0.012922,-1.793596,MOVE_JOINT
0.561000,0.453869,-0.153433,-0.152803,0.006213,-0.006102,0.012730,-1.798910,MOVE_JOINT
0.562000,0.453875,-0.153441,-0.152789,0.006298,-0.006372,0.013229,-1.805026,MOVE_JOINT
0.563000,0.453873,-0.153451,-0.152778,0.004568,-0.007516,0.012993,-1.811822,MOVE_JOINT
0.564000,0.453877,-0.153461,-0.152763,0.004365,-0.008456,0.013756,-1.819135,MOVE_JOINT
0.565000,0.453878,-0.153468,-0.152752,0.003143,-0.008372,0.012933,-1.826761,MOVE_JOINT
0.566000,0.453888,-0.153476,-0.152736,0.005041,-0.008658,0.013779,-1.834487,MOVE_JOINT
0.567000,0.453893,-0.153484,-0.152723,0.005247,-0.008582,0.013509,-1.842134,MOVE_JOINT
0.568000,0.453897,-0.153492,-0.152710,0.004901,-0.007953,0.013413,-1.849572,MOVE_JOINT
0.569000,0.453907,-0.153498,-0.152694,0.006954,-0.007130,0.014216,-1.856726,MOVE_JOINT
0.570000,0.453913,-0.153505,-0.152680,0.006500,-0.007397,0.014368,-1.863546,MOVE_JOINT
0.571000,0.453918,-0.153513,-0.152666,0.006011,-0.007364,0.014122,-1.869967,MOVE_JOINT
0.572000,0.453924,-0.153523,-0.152651,0.006184,-0.008175,0.014493,-1.875916,MOVE_JOINT
0.573000,0.453924,-0.153535,-0.152639,0.003965,-0.009365,0.013583,-1.881340,MOVE_JOINT
0.574000,0.453931,-0.153544,-0.152623,0.004987,-0.009491,0.014523,-1.886245,MOVE_JOINT
0.575000,0.453933,-0.153552,-0.152610,0.003214,-0.009199,0.013310,-1.890714,MOVE_JOINT
0.576000,0.453943,-0.153559,-0.152595,0.005107,-0.008874,0.013777,-1.894887,MOVE_JOINT
0.577000,0.453945,-0.153567,-0.152582,0.003619,-0.008755,0.013416,-1.898962,MOVE_JOINT
0.578000,0.453944,-0.153581,-0.152568,0.001033,-0.010875,0.013482,-1.903175,MOVE_JOINT
0.579000,0.453945,-0.153587,-0.152555,0.001589,-0.009370,0.013603,-1.907769,MOVE_JOINT
0.580000,0.453951,-0.153591,-0.152542,0.003898,-0.007357,0.013423,-1.912955,MOVE_JOINT
0.581000,0.453963,-0.153597,-0.152528,0.006929,-0.006803,0.014030,-1.918881,MOVE_JOINT
0.582000,0.453962,-0.153613,-0.152515,0.004815,-0.009683,0.013848,-1.925621,MOVE_JOINT
0.583000,0.453953,-0.153627,-0.152503,-0.000027,-0.011564,0.013104,-1.933197,MOVE_JOINT
0.584000,0.453951,-0.153639,-0.152489,-0.000852,-0.011677,0.013540,-1.941632,MOVE_JOINT
0.585000,0.453952,-0.153646,-0.152478,-0.000750,-0.010006,0.012666,-1.950989,MOVE_JOINT
0.586000,0.453962,-0.153654,-0.152462,0.003132,-0.009115,0.013692,-1.961363,MOVE_JOINT
0.587000,0.453959,-0.153666,-0.152452,0.001837,-0.009300,0.012400,-1.972859,MOVE_JOINT
0.588000,0.453959,-0.153679,-0.152440,0.001409,-0.010396,0.012317,-1.985573,MOVE_JOINT
0.589000,0.453964,-0.153693,-0.152423,0.003231,-0.011573,0.013845,-1.999597,MOVE_JOINT
0.590000,0.453966,-0.153702,-0.152410,0.002469,-0.010569,0.013559,-2.014991,MOVE_JOINT
0.591000,0.453963,-0.153711,-0.152397,0.001161,-0.010237,0.013605,-2.031730,MOVE_JOINT
0.592000,0.453960,-0.153722,-0.152386,-0.000358,-0.009974,0.012631,-2.049699,MOVE_JOINT
0.593000,0.453966,-0.153736,-0.152369,0.001091,-0.011004,0.013682,-2.068739,MOVE_JOINT
0.594000,0.453969,-0.153745,-0.152356,0.001732,-0.010722,0.013280,-2.088687,MOVE_JOINT
0.595000,0.453975,-0.153757,-0.152341,0.001660,-0.011241,0.013205,-2.109388,MOVE_JOINT
0.596000,0.453979,-0.153762,-0.152328,0.003177,-0.009065,0.013058,-2.130701,MOVE_JOINT
0.597000,0.453988,-0.153774,-0.152312,0.005339,-0.009654,0.014315,-2.152497,MOVE_JOINT
0.598000,0.453991,-0.153783,-0.152298,0.003940,-0.009975,0.013747,-2.174625,MOVE_JOINT
0.599000,0.453995,-0.153799,-0.152282,0.003872,-0.011397,0.014161,-2.196878,MOVE_JOINT
0.600000,0.454005,-0.153807,-0.152265,0.007358,-0.010351,0.015644,-2.219010,MOVE_JOINT
0.601000,0.454014,-0.153813,-0.152251,0.009539,-0.008913,0.015981,-2.240724,MOVE_JOINT
0.602000,0.454023,-0.153819,-0.152235,0.009294,-0.008082,0.015977,-2.261653,MOVE_JOINT
0.603000,0.454028,-0.153831,-0.152219,0.008102,-0.009029,0.016027,-2.281365,MOVE_JOINT
0.604000,0.454034,-0.153843,-0.152204,0.007732,-0.009956,0.016014,-2.299402,MOVE_JOINT
0.605000,0.454041,-0.153851,-0.152189,0.008315,-0.008805,0.015916,-2.315340,MOVE_JOINT
0.606000,0.454040,-0.153866,-0.152179,0.005563,-0.010742,0.013917,-2.328884,MOVE_JOINT
0.607000,0.454046,-0.153878,-0.152163,0.006329,-0.010678,0.014352,-2.339971,MOVE_JOINT
0.608000,0.454053,-0.153884,-0.152148,0.006160,-0.009285,0.014667,-2.348815,MOVE_JOINT
0.609000,0.454059,-0.153892,-0.152133,0.005973,-0.009265,0.014584,-2.355806,MOVE_JOINT
0.610000,0.454067,-0.153904,-0.152117,0.007411,-0.009766,0.015307,-2.361358,MOVE_JOINT
0.611000,0.454068,-0.153915,-0.152105,0.005985,-0.009962,0.014487,-2.365833,MOVE_JOINT
0.612000,0.454077,-0.153928,-0.152088,0.007230,-0.010654,0.015394,-2.369527,MOVE_JOINT
0.613000,0.454078,-0.153937,-0.152074,0.005529,-0.009932,0.014965,-2.372679,MOVE_JOINT
0.614000,0.454083,-0.153944,-0.152060,0.004903,-0.009726,0.014793,-2.375458,MOVE_JOINT
0.615000,0.454085,-0.153959,-0.152046,0.003898,-0.011045,0.014402,-2.377961,MOVE_JOINT
0.616000,0.454095,-0.153968,-0.152030,0.004893,-0.010884,0.014764,-2.380248,MOVE_JOINT
0.617000,0.454094,-0.153983,-0.152017,0.002305,-0.012396,0.013926,-2.382379,MOVE_JOINT
0.618000,0.454098,-0.153995,-0.152002,0.002171,-0.012594,0.014282,-2.384448,MOVE_JOINT
0.619000,0.454099,-0.154002,-0.151989,0.001661,-0.011075,0.013582,-2.386585,MOVE_JOINT
0.620000,0.454105,-0.154012,-0.151974,0.002531,-0.010267,0.013833,-2.388938,MOVE_JOINT
0.621000,0.454110,-0.154029,-0.151959,0.002977,-0.012619,0.014002,-2.391650,MOVE_JOINT
0.622000,0.454117,-0.154036,-0.151944,0.003551,-0.010595,0.014062,-2.394830,MOVE_JOINT
0.623000,0.454124,-0.154046,-0.151929,0.005057,-0.009981,0.014424,-2.398534,MOVE_JOINT
0.624000,0.454128,-0.154056,-0.151915,0.005740,-0.010196,0.014620,-2.402743,MOVE_JOINT
0.625000,0.454130,-0.154067,-0.151902,0.004806,-0.010337,0.014350,-2.407354,MOVE_JOINT
0.626000,0.454138,-0.154074,-0.151888,0.006332,-0.008851,0.014319,-2.412210,MOVE_JOINT
0.627000,0.454146,-0.154088,-0.151871,0.006768,-0.010606,0.015006,-2.417137,MOVE_JOINT
0.628000,0.454150,-0.154098,-0.151859,0.006154,-0.010532,0.014227,-2.421976,MOVE_JOINT
0.629000,0.454158,-0.154110,-0.151843,0.006090,-0.011145,0.014417,-2.426609,MOVE_JOINT
0.630000,0.454167,-0.154117,-0.151828,0.006928,-0.009773,0.014653,-2.430975,MOVE_JOINT
0.631000,0.454173,-0.154124,-0.151815,0.007075,-0.008569,0.014168,-2.435051,MOVE_JOINT
0.632000,0.454179,-0.154134,-0.151802,0.006893,-0.009085,0.013846,-2.438821,MOVE_JOINT
0.633000,0.454183,-0.154142,-0.151790,0.005123,-0.008689,0.013093,-2.442295,MOVE_JOINT
0.634000,0.454194,-0.154155,-0.151774,0.006604,-0.009730,0.013751,-2.445536,MOVE_JOINT
0.635000,0.454211,-0.154162,-0.151754,0.009617,-0.009071,0.015543,-2.448645,MOVE_JOINT
0.636000,0.454217,-0.154176,-0.151737,0.008197,-0.010492,0.015897,-2.451654,MOVE_JOINT
0.637000,0.454212,-0.154187,-0.151724,0.004325,-0.011130,0.015413,-2.454433,MOVE_JOINT
0.638000,0.454209,-0.154199,-0.151711,0.001535,-0.011664,0.014657,-2.456716,MOVE_JOINT
0.639000,0.454225,-0.154204,-0.151695,0.006070,-0.009435,0.015136,-2.458214,MOVE_JOINT
0.640000,0.454243,-0.154207,-0.151679,0.010580,-0.007014,0.015430,-2.458710,MOVE_JOINT
0.641000,0.454251,-0.154216,-0.151663,0.009656,-0.007617,0.015242,-2.458060,MOVE_JOINT
0.642000,0.454248,-0.154230,-0.151648,0.005233,-0.010093,0.015335,-2.456165,MOVE_JOINT
0.643000,0.454242,-0.154244,-0.151633,0.001381,-0.011680,0.015200,-2.452951,MOVE_JOINT
0.644000,0.454246,-0.154256,-0.151617,0.002530,-0.011956,0.015903,-2.448361,MOVE_JOINT
0.645000,0.454251,-0.154268,-0.151603,0.003267,-0.011974,0.015135,-2.442377,MOVE_JOINT
0.646000,0.454252,-0.154276,-0.151591,0.002498,-0.010491,0.013919,-2.435064,MOVE_JOINT
0.647000,0.454259,-0.154284,-0.151575,0.004465,-0.009732,0.014605,-2.426629,MOVE_JOINT
0.648000,0.454257,-0.154297,-0.151561,0.003174,-0.010609,0.014548,-2.417412,MOVE_JOINT
0.649000,0.454268,-0.154307,-0.151542,0.005557,-0.009916,0.016144,-2.407779,MOVE_JOINT
0.650000,0.454263,-0.154318,-0.151530,0.002942,-0.010644,0.015286,-2.398011,MOVE_JOINT
0.651000,0.454260,-0.154334,-0.151516,0.000927,-0.012711,0.015054,-2.388274,MOVE_JOINT
0.652000,0.454264,-0.154345,-0.151499,0.001526,-0.012148,0.015434,-2.378688,MOVE_JOINT
0.653000,0.454264,-0.154356,-0.151487,0.001226,-0.012049,0.014762,-2.369387,MOVE_JOINT
0.654000,0.454272,-0.154366,-0.151469,0.004192,-0.010588,0.015960,-2.360528,MOVE_JOINT
0.655000,0.454274,-0.154373,-0.151454,0.004219,-0.009195,0.015499,-2.352265,MOVE_JOINT
0.656000,0.454273,-0.154386,-0.151441,0.003055,-0.010169,0.014691,-2.344717,MOVE_JOINT
0.657000,0.454271,-0.154399,-0.151428,0.001219,-0.011030,0.014537,-2.337999,MOVE_JOINT
0.658000,0.454270,-0.154416,-0.151412,0.000799,-0.012689,0.014934,-2.332261,MOVE_JOINT
0.659000,0.454267,-0.154426,-0.151401,0.000476,-0.011880,0.014006,-2.327685,MOVE_JOINT
0.660000,0.454273,-0.154438,-0.151385,0.002479,-0.011516,0.014587,-2.324456,MOVE_JOINT
0.661000,0.454272,-0.154448,-0.151372,0.001992,-0.010942,0.014459,-2.322758,MOVE_JOINT
0.662000,0.454267,-0.154460,-0.151360,-0.000143,-0.010311,0.013372,-2.322755,MOVE_JOINT
0.663000,0.454268,-0.154473,-0.151347,0.000619,-0.010807,0.013732,-2.324565,MOVE_JOINT
0.664000,0.454272,-0.154487,-0.151330,0.002002,-0.012024,0.014786,-2.328268,MOVE_JOINT
0.665000,0.454272,-0.154499,-0.151318,0.001272,-0.011755,0.013831,-2.333878,MOVE_JOINT
0.666000,0.454272,-0.154509,-0.151304,0.001320,-0.011293,0.014274,-2.341336,MOVE_JOINT
0.667000,0.454268,-0.154520,-0.151292,-0.000140,-0.010612,0.013778,-2.350526,MOVE_JOINT
0.668000,0.454266,-0.154535,-0.151280,-0.001052,-0.011598,0.012787,-2.361290,MOVE_JOINT
0.669000,0.454267,-0.154542,-0.151269,-0.000628,-0.010152,0.012374,-2.373479,MOVE_JOINT
0.670000,0.454275,-0.154556,-0.151251,0.001196,-0.011208,0.013435,-2.387001,MOVE_JOINT
0.671000,0.454279,-0.154567,-0.151236,0.002707,-0.010805,0.014064,-2.401808,MOVE_JOINT
0.672000,0.454275,-0.154576,-0.151225,0.000583,-0.010430,0.013417,-2.417814,MOVE_JOINT
0.673000,0.454276,-0.154588,-0.151211,0.000738,-0.010677,0.013400,-2.434850,MOVE_JOINT
0.674000,0.454280,-0.154597,-0.151196,0.001880,-0.010067,0.013928,-2.452689,MOVE_JOINT
0.675000,0.454281,-0.154609,-0.151183,0.001232,-0.010754,0.013893,-2.471066,MOVE_JOINT
0.676000,0.454284,-0.154623,-0.151167,0.001833,-0.011922,0.014395,-2.489690,MOVE_JOINT
0.677000,0.454290,-0.154631,-0.151150,0.003191,-0.010680,0.015093,-2.508247,MOVE_JOINT
0.678000,0.454287,-0.154645,-0.151138,0.001471,-0.011275,0.014268,-2.526400,MOVE_JOINT
0.679000,0.454288,-0.154654,-0.151125,0.001108,-0.010616,0.013649,-2.543810,MOVE_JOINT
0.680000,0.454291,-0.154664,-0.151110,0.001109,-0.010591,0.013980,-2.560205,MOVE_JOINT
0.681000,0.454297,-0.154673,-0.151095,0.002363,-0.010495,0.013908,-2.575417,MOVE_JOINT
0.682000,0.454301,-0.154684,-0.151080,0.002808,-0.010064,0.014307,-2.589368,MOVE_JOINT
0.683000,0.454297,-0.154694,-0.151067,0.001156,-0.010120,0.013917,-2.602036,MOVE_JOINT
0.684000,0.454300,-0.154705,-0.151052,0.001925,-0.010180,0.014261,-2.613426,MOVE_JOINT
0.685000,0.454301,-0.154718,-0.151037,0.001978,-0.011016,0.014596,-2.623553,MOVE_JOINT
0.686000,0.454305,-0.154727,-0.151022,0.002564,-0.010269,0.014521,-2.632430,MOVE_JOINT
0.687000,0.454316,-0.154737,-0.151005,0.005794,-0.010234,0.015681,-2.640049,MOVE_JOINT
0.688000,0.454318,-0.154743,-0.150991,0.005299,-0.008284,0.015032,-2.646376,MOVE_JOINT
0.689000,0.454321,-0.154755,-0.150974,0.005540,-0.008985,0.015727,-2.651345,MOVE_JOINT
0.690000,0.454327,-0.154763,-0.150959,0.005359,-0.008476,0.015742,-2.654866,MOVE_JOINT
0.691000,0.454327,-0.154774,-0.150945,0.003671,-0.008946,0.015100,-2.656856,MOVE_JOINT
0.692000,0.454328,-0.154785,-0.150931,0.002887,-0.009445,0.014854,-2.657282,MOVE_JOINT
0.693000,0.454332,-0.154798,-0.150913,0.003125,-0.010552,0.015518,-2.656207,MOVE_JOINT
0.694000,0.454337,-0.154809,-0.150898,0.003361,-0.010576,0.015344,-2.653789,MOVE_JOINT
0.695000,0.454340,-0.154814,-0.150885,0.002890,-0.008722,0.014460,-2.650227,MOVE_JOINT
0.696000,0.454348,-0.154822,-0.150867,0.004535,-0.008636,0.015393,-2.645748,MOVE_JOINT
0.697000,0.454348,-0.154833,-0.150852,0.003099,-0.009086,0.015317,-2.640590,MOVE_JOINT
0.698000,0.454351,-0.154849,-0.150834,0.002366,-0.011114,0.015949,-2.634954,MOVE_JOINT
0.699000,0.454353,-0.154859,-0.150818,0.001422,-0.010505,0.015555,-2.628978,MOVE_JOINT
0.700000,0.454353,-0.154868,-0.150803,0.001074,-0.009764,0.015111,-2.622755,MOVE_JOINT
0.701000,0.454358,-0.154879,-0.150786,0.002246,-0.009863,0.015479,-2.616387,MOVE_JOINT
0.702000,0.454365,-0.154888,-0.150770,0.003345,-0.009431,0.015329,-2.610015,MOVE_JOINT
0.703000,0.454368,-0.154896,-0.150754,0.003831,-0.008899,0.015560,-2.603814,MOVE_JOINT
0.704000,0.454369,-0.154908,-0.150738,0.002400,-0.009564,0.015477,-2.597968,MOVE_JOINT
0.705000,0.454369,-0.154920,-0.150723,0.000781,-0.010287,0.015120,-2.592651,MOVE_JOINT
0.706000,0.454374,-0.154934,-0.150705,0.002128,-0.011247,0.016313,-2.588016,MOVE_JOINT
0.707000,0.454373,-0.154941,-0.150692,0.001390,-0.010053,0.015401,-2.584185,MOVE_JOINT
0.708000,0.454371,-0.154953,-0.150677,0.001628,-0.010151,0.015614,-2.581239,MOVE_JOINT
0.709000,0.454371,-0.154966,-0.150663,0.000608,-0.010907,0.015090,-2.579242,MOVE_JOINT
0.710000,0.454377,-0.154974,-0.150647,0.002856,-0.009892,0.015477,-2.578267,MOVE_JOINT
0.711000,0.454389,-0.154981,-0.150629,0.005548,-0.009043,0.016086,-2.578395,MOVE_JOINT
0.712000,0.454395,-0.154988,-0.150613,0.006238,-0.008294,0.016639,-2.579681,MOVE_JOINT
0.713000,0.454392,-0.155005,-0.150598,0.003505,-0.011108,0.016528,-2.582102,MOVE_JOINT
0.714000,0.454391,-0.155019,-0.150581,0.002615,-0.011783,0.016709,-2.585549,MOVE_JOINT
0.715000,0.454394,-0.155031,-0.150565,0.002637,-0.012031,0.016666,-2.589862,MOVE_JOINT
0.716000,0.454396,-0.155035,-0.150551,0.003272,-0.009433,0.016010,-2.594893,MOVE_JOINT
0.717000,0.454397,-0.155045,-0.150539,0.002816,-0.009599,0.014840,-2.600544,MOVE_JOINT
0.718000,0.454400,-0.155058,-0.150524,0.003431,-0.010735,0.015207,-2.606820,MOVE_JOINT
0.719000,0.454403,-0.155066,-0.150508,0.003189,-0.009862,0.015095,-2.613838,MOVE_JOINT
0.720000,0.454408,-0.155077,-0.150489,0.004926,-0.010662,0.016868,-2.621768,MOVE_JOINT
0.721000,0.454408,-0.155090,-0.150473,0.003289,-0.010639,0.016399,-2.630716,MOVE_JOINT
0.722000,0.454408,-0.155101,-0.150458,0.001593,-0.010572,0.015465,-2.640652,MOVE_JOINT
0.723000,0.454412,-0.155111,-0.150441,0.002353,-0.010323,0.016067,-2.651455,MOVE_JOINT
0.724000,0.454409,-0.155123,-0.150428,0.000721,-0.010869,0.015168,-2.662990,MOVE_JOINT
0.725000,0.454418,-0.155133,-0.150410,0.003132,-0.010427,0.015924,-2.675131,MOVE_JOINT
0.726000,0.454420,-0.155139,-0.150396,0.002335,-0.009636,0.014959,-2.687766,MOVE_JOINT
0.727000,0.454422,-0.155149,-0.150381,0.002407,-0.009916,0.015013,-2.700806,MOVE_JOINT
0.728000,0.454426,-0.155162,-0.150363,0.003269,-0.011163,0.016148,-2.714191,MOVE_JOINT
0.729000,0.454424,-0.155171,-0.150350,0.001720,-0.010649,0.015214,-2.727866,MOVE_JOINT
0.730000,0.454430,-0.155181,-0.150329,0.003330,-0.010921,0.017201,-2.741734,MOVE_JOINT
0.731000,0.454429,-0.155193,-0.150314,0.001714,-0.011576,0.016484,-2.755624,MOVE_JOINT
0.732000,0.454432,-0.155201,-0.150297,0.001831,-0.010431,0.016644,-2.769278,MOVE_JOINT
0.733000,0.454440,-0.155212,-0.150278,0.003665,-0.010589,0.017162,-2.782376,MOVE_JOINT
0.734000,0.454436,-0.155221,-0.150265,0.002136,-0.009913,0.016382,-2.794590,MOVE_JOINT
0.735000,0.454438,-0.155229,-0.150249,0.002421,-0.009546,0.016475,-2.805616,MOVE_JOINT
0.736000,0.454441,-0.155243,-0.150231,0.002175,-0.010990,0.016797,-2.815226,MOVE_JOINT
0.737000,0.454443,-0.155255,-0.150214,0.001666,-0.011353,0.016681,-2.823279,MOVE_JOINT
0.738000,0.454451,-0.155260,-0.150196,0.003985,-0.009387,0.017362,-2.829712,MOVE_JOINT
0.739000,0.454450,-0.155269,-0.150182,0.001927,-0.009249,0.016154,-2.834512,MOVE_JOINT
0.740000,0.454451,-0.155280,-0.150165,0.001272,-0.009883,0.015947,-2.837723,MOVE_JOINT
0.741000,0.454458,-0.155289,-0.150148,0.002501,-0.010017,0.016256,-2.839478,MOVE_JOINT
0.742000,0.454466,-0.155297,-0.150131,0.004664,-0.009692,0.016712,-2.839988,MOVE_JOINT
0.743000,0.454470,-0.155310,-0.150113,0.004429,-0.010148,0.016807,-2.839490,MOVE_JOINT
0.744000,0.454471,-0.155318,-0.150097,0.001843,-0.009522,0.016209,-2.838198,MOVE_JOINT
0.745000,0.454472,-0.155328,-0.150082,0.001869,-0.009729,0.016109,-2.836294,MOVE_JOINT
0.746000,0.454477,-0.155338,-0.150066,0.002072,-0.009818,0.015905,-2.833943,MOVE_JOINT
0.747000,0.454481,-0.155346,-0.150052,0.002832,-0.008965,0.015261,-2.831335,MOVE_JOINT
0.748000,0.454484,-0.155354,-0.150038,0.003013,-0.009536,0.015025,-2.828704,MOVE_JOINT
0.749000,0.454489,-0.155367,-0.150019,0.002749,-0.010985,0.015801,-2.826344,MOVE_JOINT
0.750000,0.454490,-0.155373,-0.150005,0.001824,-0.009551,0.015291,-2.824560,MOVE_JOINT
0.751000,0.454497,-0.155381,-0.149989,0.003702,-0.009030,0.015626,-2.823604,MOVE_JOINT
0.752000,0.454504,-0.155389,-0.149972,0.005114,-0.008714,0.016133,-2.823624,MOVE_JOINT
0.753000,0.454504,-0.155402,-0.149958,0.004066,-0.010418,0.015643,-2.824663,MOVE_JOINT
0.754000,0.454510,-0.155414,-0.149942,0.005755,-0.010969,0.016251,-2.826671,MOVE_JOINT
0.755000,0.454516,-0.155419,-0.149926,0.006227,-0.008929,0.016387,-2.829544,MOVE_JOINT
0.756000,0.454518,-0.155428,-0.149911,0.005434,-0.008991,0.016070,-2.833143,MOVE_JOINT
0.757000,0.454522,-0.155435,-0.149895,0.004317,-0.008567,0.015646,-2.837311,MOVE_JOINT
0.758000,0.454534,-0.155444,-0.149874,0.007127,-0.008703,0.017201,-2.841889,MOVE_JOINT
0.759000,0.454541,-0.155451,-0.149858,0.007249,-0.008040,0.016945,-2.846686,MOVE_JOINT
0.760000,0.454545,-0.155462,-0.149842,0.006210,-0.008637,0.016722,-2.851450,MOVE_JOINT
0.761000,0.454541,-0.155474,-0.149827,0.002849,-0.009636,0.016095,-2.855887,MOVE_JOINT
0.762000,0.454544,-0.155481,-0.149811,0.002823,-0.008575,0.015939,-2.859738,MOVE_JOINT
0.763000,0.454557,-0.155488,-0.149793,0.006509,-0.007624,0.016940,-2.862825,MOVE_JOINT
0.764000,0.454573,-0.155496,-0.149773,0.010697,-0.007684,0.018427,-2.865029,MOVE_JOINT
0.765000,0.454572,-0.155506,-0.149757,0.006836,-0.008281,0.017263,-2.866229,MOVE_JOINT
0.766000,0.454573,-0.155518,-0.149740,0.005605,-0.009275,0.017681,-2.866264,MOVE_JOINT
0.767000,0.454572,-0.155532,-0.149721,0.003488,-0.011461,0.018343,-2.864966,MOVE_JOINT
0.768000,0.454582,-0.155536,-0.149702,0.005216,-0.009320,0.018464,-2.862179,MOVE_JOINT
0.769000,0.454585,-0.155543,-0.149687,0.004045,-0.008418,0.017005,-2.857768,MOVE_JOINT
0.770000,0.454586,-0.155553,-0.149672,0.003818,-0.008557,0.016664,-2.851674,MOVE_JOINT
0.771000,0.454589,-0.155564,-0.149656,0.003486,-0.009517,0.016440,-2.843994,MOVE_JOINT
0.772000,0.454599,-0.155571,-0.149636,0.005325,-0.009044,0.017580,-2.834983,MOVE_JOINT
0.773000,0.454602,-0.155578,-0.149619,0.004940,-0.008480,0.017408,-2.824966,MOVE_JOINT
0.774000,0.454603,-0.155591,-0.149602,0.004290,-0.009481,0.017866,-2.814240,MOVE_JOINT
0.775000,0.454598,-0.155601,-0.149588,0.001310,-0.009687,0.016597,-2.803047,MOVE_JOINT
0.776000,0.454599,-0.155613,-0.149569,0.001205,-0.010850,0.017520,-2.791611,MOVE_JOINT
0.777000,0.454605,-0.155620,-0.149552,0.002301,-0.009777,0.017177,-2.780157,MOVE_JOINT
0.778000,0.454604,-0.155631,-0.149537,0.001466,-0.010064,0.016582,-2.768900,MOVE_JOINT
0.779000,0.454610,-0.155638,-0.149520,0.003535,-0.009024,0.016977,-2.758049,MOVE_JOINT
0.780000,0.454609,-0.155648,-0.149504,0.002234,-0.009689,0.016755,-2.747820,MOVE_JOINT
0.781000,0.454610,-0.155659,-0.149488,0.002373,-0.010160,0.017085,-2.738418,MOVE_JOINT
0.782000,0.454611,-0.155669,-0.149472,0.002034,-0.009860,0.017009,-2.730012,MOVE_JOINT
0.783000,0.454608,-0.155678,-0.149459,0.000947,-0.009579,0.015913,-2.722732,MOVE_JOINT
0.784000,0.454615,-0.155689,-0.149440,0.002771,-0.009884,0.016803,-2.716696,MOVE_JOINT
0.785000,0.454615,-0.155698,-0.149426,0.001995,-0.009535,0.015979,-2.712035,MOVE_JOINT
0.786000,0.454614,-0.155704,-0.149414,0.000952,-0.007823,0.014895,-2.708898,MOVE_JOINT
0.787000,0.454613,-0.155713,-0.149399,0.000662,-0.007795,0.014750,-2.707462,MOVE_JOINT
0.788000,0.454617,-0.155725,-0.149384,0.001604,-0.008776,0.014400,-2.707946,MOVE_JOINT
0.789000,0.454618,-0.155733,-0.149368,0.001642,-0.008520,0.015202,-2.710601,MOVE_JOINT
0.790000,0.454618,-0.155744,-0.149352,0.001113,-0.008744,0.015403,-2.715629,MOVE_JOINT
0.791000,0.454617,-0.155756,-0.149336,0.000461,-0.010198,0.015772,-2.723098,MOVE_JOINT
0.792000,0.454612,-0.155765,-0.149324,-0.001059,-0.010037,0.014633,-2.732902,MOVE_JOINT
0.793000,0.454616,-0.155771,-0.149310,0.000254,-0.008678,0.014477,-2.744833,MOVE_JOINT
0.794000,0.454617,-0.155780,-0.149298,0.000382,-0.008538,0.013612,-2.758680,MOVE_JOINT
0.795000,0.454617,-0.155789,-0.149282,0.000087,-0.009034,0.013981,-2.774308,MOVE_JOINT
0.796000,0.454615,-0.155799,-0.149267,0.000094,-0.009153,0.014751,-2.791643,MOVE_JOINT
0.797000,0.454614,-0.155811,-0.149251,-0.000237,-0.010340,0.015252,-2.810587,MOVE_JOINT
0.798000,0.454610,-0.155819,-0.149238,-0.001683,-0.009856,0.014068,-2.830931,MOVE_JOINT
0.799000,0.454611,-0.155832,-0.149223,-0.001246,-0.010761,0.014287,-2.852381,MOVE_JOINT
0.800000,0.454605,-0.155843,-0.149211,-0.003049,-0.010573,0.013322,-2.874647,MOVE_JOINT
0.801000,0.454609,-0.155849,-0.149195,-0.001462,-0.009636,0.013814,-2.897496,MOVE_JOINT
0.802000,0.454614,-0.155859,-0.149178,0.000657,-0.009442,0.014906,-2.920742,MOVE_JOINT
0.803000,0.454610,-0.155864,-0.149165,-0.000845,-0.008725,0.014311,-2.944175,MOVE_JOINT
0.804000,0.454610,-0.155878,-0.149150,-0.000499,-0.010605,0.015050,-2.967524,MOVE_JOINT
0.805000,0.454607,-0.155888,-0.149136,-0.001150,-0.010670,0.014804,-2.990462,MOVE_JOINT
0.806000,0.454607,-0.155895,-0.149121,-0.001332,-0.009216,0.014763,-3.012654,MOVE_JOINT
0.807000,0.454608,-0.155904,-0.149104,-0.000373,-0.008910,0.015261,-3.033784,MOVE_JOINT
0.808000,0.454602,-0.155913,-0.149092,-0.001901,-0.008530,0.014292,-3.053556,MOVE_JOINT
0.809000,0.454601,-0.155923,-0.149076,-0.001874,-0.008642,0.014292,-3.071720,MOVE_JOINT
0.810000,0.454604,-0.155932,-0.149058,-0.000663,-0.009066,0.015155,-3.088103,MOVE_JOINT
0.811000,0.454603,-0.155944,-0.149044,-0.001296,-0.010325,0.014908,-3.102612,MOVE_JOINT
0.812000,0.454602,-0.155953,-0.149027,-0.000644,-0.010664,0.015787,-3.115198,MOVE_JOINT
0.813000,0.454598,-0.155964,-0.149012,-0.001396,-0.010636,0.015906,-3.125828,MOVE_JOINT
0.814000,0.454596,-0.155972,-0.148997,-0.001583,-0.010170,0.015786,-3.134450,MOVE_JOINT
0.815000,0.454592,-0.155982,-0.148983,-0.001828,-0.010113,0.015221,-3.141006,MOVE_JOINT
0.816000,0.454588,-0.155994,-0.148969,-0.002722,-0.010910,0.014822,-3.145491,MOVE_JOINT
0.817000,0.454586,-0.156002,-0.148954,-0.003275,-0.010511,0.014583,-3.148020,MOVE_JOINT
0.818000,0.454583,-0.156014,-0.148939,-0.002833,-0.010604,0.014844,-3.148840,MOVE_JOINT
0.819000,0.454582,-0.156019,-0.148925,-0.002313,-0.008896,0.014528,-3.148287,MOVE_JOINT
0.820000,0.454583,-0.156029,-0.148908,-0.001073,-0.009217,0.015152,-3.146729,MOVE_JOINT
0.821000,0.454578,-0.156041,-0.148895,-0.001788,-0.009933,0.014871,-3.144527,MOVE_JOINT
0.822000,0.454576,-0.156048,-0.148879,-0.002339,-0.009104,0.014929,-3.142002,MOVE_JOINT
0.823000,0.454574,-0.156059,-0.148866,-0.002088,-0.009701,0.014819,-3.139421,MOVE_JOINT
0.824000,0.454576,-0.156070,-0.148849,-0.001030,-0.010611,0.015416,-3.136996,MOVE_JOINT
0.825000,0.454570,-0.156078,-0.148834,-0.002712,-0.009730,0.015264,-3.134890,MOVE_JOINT
0.826000,0.454568,-0.156090,-0.148818,-0.002628,-0.010253,0.015449,-3.133204,MOVE_JOINT
0.827000,0.454564,-0.156098,-0.148805,-0.003316,-0.009769,0.014568,-3.131980,MOVE_JOINT
0.828000,0.454564,-0.156110,-0.148789,-0.002080,-0.009917,0.015161,-3.131241,MOVE_JOINT
0.829000,0.454557,-0.156120,-0.148774,-0.003336,-0.010300,0.015143,-3.131038,MOVE_JOINT
0.830000,0.454558,-0.156128,-0.148759,-0.001841,-0.009303,0.015179,-3.131442,MOVE_JOINT
0.831000,0.454557,-0.156137,-0.148743,-0.001469,-0.008567,0.015557,-3.132506,MOVE_JOINT
0.832000,0.454550,-0.156149,-0.148730,-0.002786,-0.009140,0.015004,-3.134257,MOVE_JOINT
0.833000,0.454545,-0.156160,-0.148715,-0.003248,-0.009389,0.014866,-3.136700,MOVE_JOINT
0.834000,0.454540,-0.156167,-0.148703,-0.003586,-0.008608,0.014103,-3.139857,MOVE_JOINT
0.835000,0.454536,-0.156179,-0.148688,-0.003577,-0.009878,0.014237,-3.143799,MOVE_JOINT
0.836000,0.454531,-0.156196,-0.148672,-0.003828,-0.012091,0.014936,-3.148665,MOVE_JOINT
0.837000,0.454515,-0.156205,-0.148662,-0.007615,-0.011433,0.013264,-3.154625,MOVE_JOINT
0.838000,0.454517,-0.156211,-0.148645,-0.004942,-0.009978,0.014590,-3.161842,MOVE_JOINT
0.839000,0.454505,-0.156225,-0.148632,-0.007968,-0.010662,0.013454,-3.170455,MOVE_JOINT
0.840000,0.454504,-0.156235,-0.148615,-0.006823,-0.010824,0.014251,-3.180543,MOVE_JOINT
0.841000,0.454497,-0.156243,-0.148602,-0.007527,-0.010311,0.013663,-3.192115,MOVE_JOINT
0.842000,0.454493,-0.156253,-0.148586,-0.006927,-0.009754,0.013977,-3.205109,MOVE_JOINT
0.843000,0.454483,-0.156267,-0.148574,-0.007868,-0.010783,0.013339,-3.219413,MOVE_JOINT
0.844000,0.454478,-0.156275,-0.148561,-0.006370,-0.009963,0.013780,-3.234888,MOVE_JOINT
0.845000,0.454474,-0.156286,-0.148544,-0.005661,-0.010636,0.014642,-3.251389,MOVE_JOINT
0.846000,0.454468,-0.156300,-0.148527,-0.006297,-0.011606,0.015275,-3.268728,MOVE_JOINT
0.847000,0.454453,-0.156313,-0.148515,-0.007982,-0.011647,0.014527,-3.286627,MOVE_JOINT
0.848000,0.454451,-0.156323,-0.148499,-0.005944,-0.010848,0.015380,-3.304712,MOVE_JOINT
0.849000,0.454448,-0.156332,-0.148484,-0.005352,-0.010888,0.015230,-3.322559,MOVE_JOINT
0.850000,0.454442,-0.156338,-0.148469,-0.005128,-0.008944,0.014938,-3.339741,MOVE_JOINT
0.851000,0.454436,-0.156354,-0.148452,-0.005562,-0.010657,0.015199,-3.355870,MOVE_JOINT
0.852000,0.454432,-0.156366,-0.148436,-0.005175,-0.011559,0.015488,-3.370626,MOVE_JOINT
0.853000,0.454424,-0.156377,-0.148422,-0.006676,-0.011108,0.014731,-3.383771,MOVE_JOINT
0.854000,0.454422,-0.156385,-0.148405,-0.004512,-0.010098,0.015341,-3.395171,MOVE_JOINT
0.855000,0.454414,-0.156396,-0.148391,-0.005901,-0.010244,0.014719,-3.404802,MOVE_JOINT
0.856000,0.454412,-0.156408,-0.148374,-0.005017,-0.011088,0.015357,-3.412732,MOVE_JOINT
0.857000,0.454419,-0.156416,-0.148356,-0.000802,-0.010289,0.016159,-3.419076,MOVE_JOINT
0.858000,0.454413,-0.156427,-0.148344,-0.002580,-0.010704,0.015094,-3.423951,MOVE_JOINT
0.859000,0.454398,-0.156442,-0.148329,-0.006676,-0.012236,0.015109,-3.427480,MOVE_JOINT
0.860000,0.454379,-0.156462,-0.148315,-0.011851,-0.014678,0.014306,-3.429830,MOVE_JOINT
0.861000,0.454381,-0.156471,-0.148296,-0.006883,-0.012782,0.015838,-3.431218,MOVE_JOINT
0.862000,0.454387,-0.156470,-0.148285,-0.001834,-0.008306,0.014653,-3.431883,MOVE_JOINT
0.863000,0.454395,-0.156479,-0.148267,0.002766,-0.008177,0.016078,-3.432047,MOVE_JOINT
0.864000,0.454383,-0.156494,-0.148254,-0.001745,-0.009585,0.015149,-3.431906,MOVE_JOINT
0.865000,0.454362,-0.156510,-0.148241,-0.008208,-0.011385,0.014389,-3.431621,MOVE_JOINT
0.866000,0.454355,-0.156526,-0.148223,-0.007705,-0.013212,0.015790,-3.431331,MOVE_JOINT
0.867000,0.454348,-0.156541,-0.148210,-0.007168,-0.013935,0.015236,-3.431161,MOVE_JOINT
0.868000,0.454345,-0.156547,-0.148197,-0.005931,-0.011693,0.014138,-3.431223,MOVE_JOINT
0.869000,0.454344,-0.156560,-0.148181,-0.003795,-0.011990,0.014710,-3.431661,MOVE_JOINT
0.870000,0.454335,-0.156573,-0.148170,-0.005541,-0.012791,0.013623,-3.432678,MOVE_JOINT
0.871000,0.454336,-0.156584,-0.148150,-0.003660,-0.011814,0.015430,-3.434507,MOVE_JOINT
0.872000,0.454327,-0.156594,-0.148137,-0.005132,-0.010947,0.015036,-3.437330,MOVE_JOINT
0.873000,0.454315,-0.156608,-0.148124,-0.006964,-0.012061,0.014455,-3.441213,MOVE_JOINT
0.874000,0.454309,-0.156619,-0.148111,-0.007012,-0.012129,0.013966,-3.446118,MOVE_JOINT
0.875000,0.454303,-0.156636,-0.148096,-0.006020,-0.013704,0.014379,-3.451987,MOVE_JOINT
0.876000,0.454303,-0.156647,-0.148080,-0.005097,-0.013191,0.014531,-3.458795,MOVE_JOINT
0.877000,0.454294,-0.156657,-0.148066,-0.005268,-0.011924,0.014729,-3.466537,MOVE_JOINT
0.878000,0.454291,-0.156666,-0.148051,-0.004473,-0.010917,0.015007,-3.475171,MOVE_JOINT
0.879000,0.454280,-0.156675,-0.148039,-0.006185,-0.010249,0.014018,-3.484575,MOVE_JOINT
0.880000,0.454275,-0.156690,-0.148023,-0.006370,-0.012156,0.014569,-3.494545,MOVE_JOINT
0.881000,0.454265,-0.156711,-0.148008,-0.007942,-0.015000,0.014607,-3.504850,MOVE_JOINT
0.882000,0.454260,-0.156727,-0.147992,-0.007401,-0.015420,0.015242,-3.515272,MOVE_JOINT
0.883000,0.454256,-0.156731,-0.147977,-0.006050,-0.011994,0.015262,-3.525603,MOVE_JOINT
0.884000,0.454251,-0.156742,-0.147962,-0.006363,-0.011524,0.014887,-3.535626,MOVE_JOINT
0.885000,0.454244,-0.156750,-0.147947,-0.005944,-0.010137,0.015225,-3.545106,MOVE_JOINT
0.886000,0.454236,-0.156763,-0.147932,-0.007564,-0.010610,0.014502,-3.553813,MOVE_JOINT
0.887000,0.454233,-0.156779,-0.147915,-0.006514,-0.012463,0.015122,-3.561551,MOVE_JOINT
0.888000,0.454225,-0.156794,-0.147900,-0.006483,-0.013189,0.015566,-3.568191,MOVE_JOINT
0.889000,0.454220,-0.156805,-0.147882,-0.006255,-0.012779,0.016113,-3.573668,MOVE_JOINT
0.890000,0.454212,-0.156817,-0.147865,-0.006639,-0.012631,0.016415,-3.577922,MOVE_JOINT
0.891000,0.454207,-0.156830,-0.147848,-0.006978,-0.011966,0.016295,-3.580857,MOVE_JOINT
0.892000,0.454203,-0.156843,-0.147833,-0.005221,-0.013078,0.016143,-3.582352,MOVE_JOINT
0.893000,0.454204,-0.156858,-0.147813,-0.002625,-0.013490,0.017422,-3.582319,MOVE_JOINT
0.894000,0.454195,-0.156874,-0.147795,-0.004607,-0.014105,0.017585,-3.580752,MOVE_JOINT
0.895000,0.454180,-0.156885,-0.147780,-0.007982,-0.013363,0.016620,-3.577700,MOVE_JOINT
0.896000,0.454176,-0.156894,-0.147762,-0.007511,-0.012430,0.016766,-3.573241,MOVE_JOINT
0.897000,0.454181,-0.156906,-0.147744,-0.003900,-0.012139,0.016983,-3.567486,MOVE_JOINT
0.898000,0.454181,-0.156919,-0.147727,-0.002892,-0.012393,0.016823,-3.560596,MOVE_JOINT
0.899000,0.454173,-0.156936,-0.147709,-0.005067,-0.014452,0.016768,-3.552821,MOVE_JOINT
0.900000,0.454162,-0.156948,-0.147691,-0.006835,-0.013790,0.017016,-3.544509,MOVE_JOINT
0.901000,0.454154,-0.156963,-0.147672,-0.007116,-0.013968,0.017604,-3.536052,MOVE_JOINT
0.902000,0.454145,-0.156976,-0.147657,-0.008153,-0.013371,0.016592,-3.527800,MOVE_JOINT
0.903000,0.454147,-0.156991,-0.147637,-0.005844,-0.013420,0.017308,-3.520028,MOVE_JOINT
0.904000,0.454139,-0.157007,-0.147623,-0.005551,-0.013965,0.016361,-3.512979,MOVE_JOINT
0.905000,0.454139,-0.157022,-0.147603,-0.003641,-0.014431,0.017829,-3.506923,MOVE_JOINT
0.906000,0.454129,-0.157036,-0.147586,-0.005544,-0.014037,0.017379,-3.502153,MOVE_JOINT
0.907000,0.454126,-0.157047,-0.147566,-0.004922,-0.012783,0.018058,-3.498914,MOVE_JOINT
0.908000,0.454112,-0.157062,-0.147552,-0.007468,-0.013336,0.016874,-3.497349,MOVE_JOINT
0.909000,0.454110,-0.157081,-0.147531,-0.005741,-0.015061,0.018038,-3.497510,MOVE_JOINT
0.910000,0.454114,-0.157094,-0.147510,-0.002639,-0.014300,0.018643,-3.499390,MOVE_JOINT
0.911000,0.454105,-0.157110,-0.147492,-0.004186,-0.014867,0.018543,-3.502931,MOVE_JOINT
0.912000,0.454088,-0.157128,-0.147477,-0.008414,-0.015865,0.017465,-3.508024,MOVE_JOINT
0.913000,0.454080,-0.157142,-0.147458,-0.008361,-0.015338,0.018029,-3.514541,MOVE_JOINT
0.914000,0.454076,-0.157155,-0.147440,-0.006760,-0.014548,0.018054,-3.522371,MOVE_JOINT
0.915000,0.454080,-0.157165,-0.147418,-0.003429,-0.013301,0.019045,-3.531392,MOVE_JOINT
0.916000,0.454077,-0.157187,-0.147399,-0.003043,-0.015882,0.019411,-3.541430,MOVE_JOINT
0.917000,0.454061,-0.157205,-0.147381,-0.007360,-0.016089,0.018658,-3.552245,MOVE_JOINT
0.918000,0.454054,-0.157220,-0.147359,-0.007582,-0.015861,0.019580,-3.563564,MOVE_JOINT
0.919000,0.454047,-0.157230,-0.147341,-0.007813,-0.013826,0.018901,-3.575113,MOVE_JOINT
0.920000,0.454043,-0.157243,-0.147323,-0.006848,-0.013257,0.018526,-3.586625,MOVE_JOINT
0.921000,0.454039,-0.157261,-0.147303,-0.006180,-0.014771,0.018808,-3.597882,MOVE_JOINT
0.922000,0.454027,-0.157281,-0.147286,-0.008106,-0.016324,0.018343,-3.608767,MOVE_JOINT
0.923000,0.454026,-0.157297,-0.147262,-0.006174,-0.016169,0.019812,-3.619260,MOVE_JOINT
0.924000,0.454020,-0.157304,-0.147244,-0.005790,-0.013613,0.019425,-3.629385,MOVE_JOINT
0.925000,0.454013,-0.157321,-0.147223,-0.006817,-0.014658,0.019686,-3.639141,MOVE_JOINT
0.926000,0.454004,-0.157341,-0.147202,-0.007143,-0.016548,0.020331,-3.648482,MOVE_JOINT
0.927000,0.453998,-0.157357,-0.147182,-0.006231,-0.016578,0.020187,-3.657327,MOVE_JOINT
0.928000,0.453994,-0.157376,-0.147161,-0.005323,-0.017494,0.020467,-3.665583,MOVE_JOINT
0.929000,0.453991,-0.157385,-0.147141,-0.004791,-0.014828,0.020430,-3.673188,MOVE_JOINT
0.930000,0.453983,-0.157401,-0.147119,-0.004963,-0.015135,0.021487,-3.680113,MOVE_JOINT
0.931000,0.453976,-0.157415,-0.147099,-0.006484,-0.014570,0.020836,-3.686319,MOVE_JOINT
0.932000,0.453972,-0.157431,-0.147074,-0.005233,-0.015419,0.022248,-3.691728,MOVE_JOINT
0.933000,0.453961,-0.157448,-0.147055,-0.006492,-0.016074,0.021653,-3.696225,MOVE_JOINT
0.934000,0.453953,-0.157470,-0.147032,-0.007468,-0.017861,0.021986,-3.699700,MOVE_JOINT
0.935000,0.453939,-0.157488,-0.147011,-0.009177,-0.018146,0.021621,-3.702102,MOVE_JOINT
0.936000,0.453930,-0.157502,-0.146991,-0.009038,-0.016741,0.021128,-3.703484,MOVE_JOINT
0.937000,0.453925,-0.157514,-0.146970,-0.006939,-0.014874,0.021434,-3.704024,MOVE_JOINT
0.938000,0.453922,-0.157533,-0.146948,-0.005900,-0.015623,0.021544,-3.703992,MOVE_JOINT
0.939000,0.453918,-0.157550,-0.146926,-0.005254,-0.015827,0.021275,-3.703713,MOVE_JOINT
0.940000,0.453913,-0.157566,-0.146901,-0.004742,-0.015587,0.022566,-3.703539,MOVE_JOINT
0.941000,0.453899,-0.157588,-0.146879,-0.007056,-0.017760,0.022717,-3.703808,MOVE_JOINT
0.942000,0.453886,-0.157601,-0.146857,-0.008712,-0.015916,0.022576,-3.704756,MOVE_JOINT
0.943000,0.453883,-0.157618,-0.146834,-0.006246,-0.016323,0.022698,-3.706482,MOVE_JOINT
0.944000,0.453876,-0.157638,-0.146817,-0.006009,-0.016941,0.021256,-3.708989,MOVE_JOINT
0.945000,0.453870,-0.157654,-0.146795,-0.004938,-0.016729,0.021657,-3.712305,MOVE_JOINT
0.946000,0.453867,-0.157670,-0.146771,-0.005191,-0.017082,0.022367,-3.716561,MOVE_JOINT
0.947000,0.453858,-0.157689,-0.146746,-0.005825,-0.017837,0.023596,-3.721934,MOVE_JOINT
0.948000,0.453849,-0.157701,-0.146726,-0.006138,-0.015939,0.022740,-3.728524,MOVE_JOINT
0.949000,0.453841,-0.157715,-0.146704,-0.006709,-0.015112,0.022079,-3.736293,MOVE_JOINT
0.950000,0.453840,-0.157731,-0.146681,-0.005485,-0.015254,0.022378,-3.745121,MOVE_JOINT
0.951000,0.453829,-0.157753,-0.146660,-0.007645,-0.016985,0.021557,-3.754883,MOVE_JOINT
0.952000,0.453823,-0.157771,-0.146637,-0.007279,-0.017735,0.022236,-3.765509,MOVE_JOINT
0.953000,0.453812,-0.157785,-0.146617,-0.007834,-0.016395,0.021540,-3.776998,MOVE_JOINT
0.954000,0.453804,-0.157804,-0.146594,-0.008184,-0.017275,0.021736,-3.789390,MOVE_JOINT
0.955000,0.453789,-0.157815,-0.146576,-0.009060,-0.015139,0.020974,-3.802729,MOVE_JOINT
0.956000,0.453785,-0.157838,-0.146551,-0.008246,-0.017461,0.022006,-3.817046,MOVE_JOINT
0.957000,0.453782,-0.157857,-0.146528,-0.006672,-0.017409,0.022040,-3.832340,MOVE_JOINT
0.958000,0.453769,-0.157875,-0.146508,-0.008877,-0.017525,0.021273,-3.848566,MOVE_JOINT
0.959000,0.453765,-0.157893,-0.146483,-0.007656,-0.017372,0.022188,-3.865651,MOVE_JOINT
0.960000,0.453747,-0.157909,-0.146465,-0.009980,-0.016799,0.021178,-3.883495,MOVE_JOINT
0.961000,0.453745,-0.157924,-0.146443,-0.007253,-0.015912,0.021833,-3.901965,MOVE_JOINT
0.962000,0.453748,-0.157939,-0.146419,-0.003629,-0.015589,0.022575,-3.920886,MOVE_JOINT
0.963000,0.453739,-0.157956,-0.146400,-0.005416,-0.016069,0.021408,-3.940045,MOVE_JOINT
0.964000,0.453732,-0.157975,-0.146376,-0.006378,-0.017477,0.022073,-3.959216,MOVE_JOINT
0.965000,0.453722,-0.157991,-0.146353,-0.007750,-0.016965,0.022189,-3.978200,MOVE_JOINT
0.966000,0.453713,-0.158005,-0.146333,-0.008186,-0.016179,0.021826,-3.996807,MOVE_JOINT
0.967000,0.453707,-0.158025,-0.146311,-0.007737,-0.017290,0.021478,-4.014829,MOVE_JOINT
0.968000,0.453712,-0.158040,-0.146286,-0.003325,-0.016891,0.022976,-4.032056,MOVE_JOINT
0.969000,0.453707,-0.158059,-0.146264,-0.003612,-0.017199,0.022664,-4.048272,MOVE_JOINT
0.970000,0.453700,-0.158076,-0.146242,-0.004427,-0.017063,0.022516,-4.063249,MOVE_JOINT
0.971000,0.453697,-0.158091,-0.146216,-0.003491,-0.016246,0.023767,-4.076747,MOVE_JOINT
0.972000,0.453691,-0.158107,-0.146192,-0.004723,-0.016162,0.023619,-4.088507,MOVE_JOINT
0.973000,0.453684,-0.158123,-0.146168,-0.004680,-0.015674,0.023939,-4.098231,MOVE_JOINT
0.974000,0.453680,-0.158138,-0.146144,-0.004105,-0.016246,0.024253,-4.105590,MOVE_JOINT
0.975000,0.453676,-0.158157,-0.146120,-0.004171,-0.017190,0.024090,-4.110256,MOVE_JOINT
0.976000,0.453668,-0.158173,-0.146097,-0.006253,-0.016743,0.023172,-4.111969,MOVE_JOINT
0.977000,0.453665,-0.158190,-0.146071,-0.005929,-0.016993,0.023484,-4.110608,MOVE_JOINT
0.978000,0.453665,-0.158206,-0.146043,-0.004021,-0.016726,0.024712,-4.106204,MOVE_JOINT
0.979000,0.453663,-0.158224,-0.146020,-0.004138,-0.016671,0.023673,-4.098879,MOVE_JOINT
0.980000,0.453658,-0.158239,-0.145996,-0.004525,-0.016418,0.023732,-4.088811,MOVE_JOINT
0.981000,0.453658,-0.158259,-0.145970,-0.002928,-0.017063,0.024622,-4.076250,MOVE_JOINT
0.982000,0.453653,-0.158276,-0.145943,-0.003644,-0.017361,0.025154,-4.061519,MOVE_JOINT
0.983000,0.453649,-0.158288,-0.145919,-0.004896,-0.015001,0.024422,-4.044942,MOVE_JOINT
0.984000,0.453646,-0.158302,-0.145895,-0.004821,-0.014550,0.023813,-4.026815,MOVE_JOINT
0.985000,0.453652,-0.158323,-0.145866,-0.002080,-0.016625,0.025089,-4.007429,MOVE_JOINT
0.986000,0.453651,-0.158336,-0.145844,-0.001879,-0.015695,0.024137,-3.987103,MOVE_JOINT
0.987000,0.453654,-0.158354,-0.145818,0.000231,-0.016036,0.024770,-3.966187,MOVE_JOINT
0.988000,0.453653,-0.158368,-0.145794,-0.000234,-0.015478,0.024651,-3.945061,MOVE_JOINT
0.989000,0.453646,-0.158385,-0.145771,-0.002573,-0.015454,0.023981,-3.924130,MOVE_JOINT
0.990000,0.453645,-0.158399,-0.145745,-0.001619,-0.015159,0.024367,-3.903806,MOVE_JOINT
0.991000,0.453645,-0.158416,-0.145723,-0.001009,-0.015836,0.024302,-3.884490,MOVE_JOINT
0.992000,0.453649,-0.158433,-0.145698,0.000989,-0.016397,0.024461,-3.866559,MOVE_JOINT
0.993000,0.453651,-0.158447,-0.145675,0.001323,-0.015742,0.023998,-3.850364,MOVE_JOINT
0.994000,0.453651,-0.158461,-0.145652,0.001320,-0.015145,0.024008,-3.836244,MOVE_JOINT
0.995000,0.453646,-0.158474,-0.145631,-0.000867,-0.014151,0.022642,-3.824523,MOVE_JOINT
0.996000,0.453649,-0.158489,-0.145607,-0.000285,-0.014653,0.023005,-3.815501,MOVE_JOINT
0.997000,0.453647,-0.158502,-0.145586,-0.001084,-0.015074,0.022442,-3.809456,MOVE_JOINT
0.998000,0.453652,-0.158515,-0.145560,0.000425,-0.014754,0.023407,-3.806616,MOVE_JOINT
0.999000,0.453656,-0.158535,-0.145536,0.000984,-0.016415,0.023542,-3.807114,MOVE_JOINT
1.000000,0.453657,-0.158546,-0.145513,0.000306,-0.014824,0.023035,-3.810939,MOVE_JOINT
1.001000,0.453660,-0.158559,-0.145489,0.000582,-0.014382,0.023310,-3.817942,MOVE_JOINT
1.002000,0.453668,-0.158572,-0.145462,0.002682,-0.013877,0.024263,-3.827841,MOVE_JOINT
1.003000,0.453670,-0.158588,-0.145439,0.002084,-0.015191,0.023877,-3.840228,MOVE_JOINT
1.004000,0.453673,-0.158602,-0.145415,0.002483,-0.015159,0.023992,-3.854591,MOVE_JOINT
1.005000,0.453679,-0.158615,-0.145390,0.002978,-0.015179,0.024106,-3.870384,MOVE_JOINT
1.006000,0.453682,-0.158627,-0.145366,0.002743,-0.014058,0.023862,-3.887093,MOVE_JOINT
1.007000,0.453690,-0.158641,-0.145339,0.004410,-0.013793,0.024785,-3.904260,MOVE_JOINT
1.008000,0.453694,-0.158656,-0.145314,0.003821,-0.014279,0.024856,-3.921464,MOVE_JOINT
1.009000,0.453695,-0.158669,-0.145291,0.003022,-0.014017,0.024207,-3.938309,MOVE_JOINT
1.010000,0.453704,-0.158683,-0.145263,0.005314,-0.014486,0.025499,-3.954435,MOVE_JOINT
1.011000,0.453713,-0.158697,-0.145236,0.006773,-0.014181,0.026148,-3.969519,MOVE_JOINT
1.012000,0.453716,-0.158710,-0.145212,0.006447,-0.013340,0.025803,-3.983247,MOVE_JOINT
1.013000,0.453727,-0.158724,-0.145184,0.007826,-0.013910,0.026450,-3.995293,MOVE_JOINT
1.014000,0.453730,-0.158739,-0.145159,0.007313,-0.013962,0.026334,-4.005360,MOVE_JOINT
1.015000,0.453731,-0.158752,-0.145135,0.005910,-0.013659,0.026103,-4.013224,MOVE_JOINT
1.016000,0.453739,-0.158771,-0.145105,0.006248,-0.015387,0.027161,-4.018756,MOVE_JOINT
1.017000,0.453740,-0.158783,-0.145080,0.005504,-0.013953,0.026905,-4.021897,MOVE_JOINT
1.018000,0.453749,-0.158798,-0.145053,0.006472,-0.014656,0.027303,-4.022624,MOVE_JOINT
1.019000,0.453754,-0.158811,-0.145027,0.006100,-0.014719,0.026968,-4.020943,MOVE_JOINT
1.020000,0.453757,-0.158826,-0.145003,0.005118,-0.014963,0.026306,-4.016938,MOVE_JOINT
1.021000,0.453766,-0.158843,-0.144975,0.005772,-0.015809,0.026762,-4.010819,MOVE_JOINT
1.022000,0.453770,-0.158857,-0.144948,0.005390,-0.016145,0.026810,-4.002926,MOVE_JOINT
1.023000,0.453779,-0.158873,-0.144921,0.006241,-0.016020,0.026938,-3.993688,MOVE_JOINT
1.024000,0.453788,-0.158884,-0.144894,0.007143,-0.014620,0.027321,-3.983544,MOVE_JOINT
1.025000,0.453789,-0.158902,-0.144869,0.005970,-0.015853,0.026575,-3.972902,MOVE_JOINT
1.026000,0.453800,-0.158919,-0.144839,0.007070,-0.016215,0.027310,-3.962126,MOVE_JOINT
1.027000,0.453806,-0.158933,-0.144814,0.007045,-0.015820,0.026791,-3.951548,MOVE_JOINT
1.028000,0.453809,-0.158950,-0.144788,0.005292,-0.016396,0.026272,-3.941475,MOVE_JOINT
1.029000,0.453820,-0.158963,-0.144760,0.006463,-0.015902,0.026572,-3.932207,MOVE_JOINT
1.030000,0.453819,-0.158976,-0.144739,0.004387,-0.015315,0.025178,-3.924045,MOVE_JOINT
1.031000,0.453823,-0.158994,-0.144713,0.004001,-0.016216,0.025381,-3.917299,MOVE_JOINT
1.032000,0.453832,-0.159012,-0.144685,0.005247,-0.016492,0.026101,-3.912292,MOVE_JOINT
1.033000,0.453836,-0.159025,-0.144659,0.005258,-0.015058,0.026187,-3.909304,MOVE_JOINT
1.034000,0.453834,-0.159044,-0.144637,0.003006,-0.016297,0.024973,-3.908514,MOVE_JOINT
1.035000,0.453838,-0.159059,-0.144612,0.004009,-0.015322,0.024931,-3.910000,MOVE_JOINT
1.036000,0.453844,-0.159076,-0.144587,0.003717,-0.016174,0.024834,-3.913805,MOVE_JOINT
1.037000,0.453843,-0.159089,-0.144567,0.002254,-0.015730,0.023589,-3.919972,MOVE_JOINT
1.038000,0.453848,-0.159106,-0.144540,0.003559,-0.016060,0.024506,-3.928566,MOVE_JOINT
1.039000,0.453853,-0.159126,-0.144516,0.003571,-0.016794,0.024015,-3.939646,MOVE_JOINT
1.040000,0.453854,-0.159141,-0.144490,0.001900,-0.016436,0.024058,-3.953235,MOVE_JOINT
1.041000,0.453862,-0.159155,-0.144463,0.003941,-0.016205,0.025177,-3.969266,MOVE_JOINT
1.042000,0.453857,-0.159175,-0.144440,0.002257,-0.017270,0.025016,-3.987529,MOVE_JOINT
1.043000,0.453856,-0.159190,-0.144417,0.002377,-0.016877,0.025030,-4.007636,MOVE_JOINT
1.044000,0.453864,-0.159206,-0.144389,0.003473,-0.016427,0.025353,-4.029067,MOVE_JOINT
1.045000,0.453865,-0.159226,-0.144363,0.002668,-0.017459,0.025662,-4.051233,MOVE_JOINT
1.046000,0.453867,-0.159241,-0.144338,0.002554,-0.016683,0.025663,-4.073524,MOVE_JOINT
1.047000,0.453868,-0.159261,-0.144312,0.001613,-0.017454,0.025405,-4.095339,MOVE_JOINT
1.048000,0.453869,-0.159278,-0.144287,0.001115,-0.017552,0.025347,-4.116119,MOVE_JOINT
1.049000,0.453871,-0.159299,-0.144260,0.001153,-0.018473,0.025408,-4.135401,MOVE_JOINT
1.050000,0.453869,-0.159316,-0.144237,-0.000264,-0.017784,0.024305,-4.152851,MOVE_JOINT
1.051000,0.453872,-0.159334,-0.144211,0.000344,-0.018171,0.024950,-4.168307,MOVE_JOINT
1.052000,0.453880,-0.159348,-0.144182,0.003152,-0.017154,0.026174,-4.181754,MOVE_JOINT
1.053000,0.453885,-0.159362,-0.144155,0.003920,-0.016403,0.026469,-4.193239,MOVE_JOINT
1.054000,0.453885,-0.159384,-0.144127,0.003523,-0.018230,0.027044,-4.202770,MOVE_JOINT
1.055000,0.453884,-0.159402,-0.144102,0.003178,-0.017823,0.026937,-4.210281,MOVE_JOINT
1.056000,0.453885,-0.159423,-0.144075,0.002231,-0.019131,0.026777,-4.215667,MOVE_JOINT
1.057000,0.453886,-0.159440,-0.144048,0.001468,-0.018615,0.026618,-4.218843,MOVE_JOINT
1.058000,0.453890,-0.159462,-0.144019,0.002829,-0.019561,0.027688,-4.219798,MOVE_JOINT
1.059000,0.453890,-0.159481,-0.143993,0.001851,-0.019042,0.026947,-4.218590,MOVE_JOINT
1.060000,0.453888,-0.159499,-0.143969,0.000061,-0.018788,0.025845,-4.215338,MOVE_JOINT
1.061000,0.453886,-0.159518,-0.143943,-0.000108,-0.019032,0.025762,-4.210267,MOVE_JOINT
1.062000,0.453885,-0.159541,-0.143918,-0.000814,-0.019965,0.025425,-4.203743,MOVE_JOINT
1.063000,0.453880,-0.159560,-0.143895,-0.002059,-0.020420,0.025001,-4.196261,MOVE_JOINT
1.064000,0.453877,-0.159579,-0.143869,-0.001864,-0.020015,0.025288,-4.188390,MOVE_JOINT
1.065000,0.453874,-0.159597,-0.143845,-0.002368,-0.019439,0.025177,-4.180700,MOVE_JOINT
1.066000,0.453870,-0.159619,-0.143821,-0.002600,-0.020086,0.025154,-4.173692,MOVE_JOINT
1.067000,0.453867,-0.159640,-0.143795,-0.002868,-0.020927,0.024881,-4.167767,MOVE_JOINT
1.068000,0.453865,-0.159658,-0.143772,-0.002912,-0.019861,0.024383,-4.163250,MOVE_JOINT
1.069000,0.453864,-0.159677,-0.143747,-0.002843,-0.019647,0.024204,-4.160404,MOVE_JOINT
1.070000,0.453857,-0.159697,-0.143726,-0.004427,-0.019928,0.023108,-4.159460,MOVE_JOINT
1.071000,0.453858,-0.159718,-0.143699,-0.002496,-0.019753,0.024258,-4.160614,MOVE_JOINT
1.072000,0.453850,-0.159738,-0.143679,-0.004823,-0.020172,0.023076,-4.164024,MOVE_JOINT
1.073000,0.453847,-0.159757,-0.143654,-0.004190,-0.019900,0.023468,-4.169775,MOVE_JOINT
1.074000,0.453843,-0.159778,-0.143630,-0.003465,-0.019833,0.023520,-4.177872,MOVE_JOINT
1.075000,0.453838,-0.159800,-0.143608,-0.003541,-0.021041,0.023639,-4.188242,MOVE_JOINT
1.076000,0.453837,-0.159820,-0.143583,-0.002532,-0.020376,0.024094,-4.200723,MOVE_JOINT
1.077000,0.453829,-0.159838,-0.143561,-0.004207,-0.020075,0.023296,-4.215058,MOVE_JOINT
1.078000,0.453828,-0.159858,-0.143537,-0.002116,-0.019931,0.024068,-4.230921,MOVE_JOINT
1.079000,0.453822,-0.159879,-0.143515,-0.003260,-0.020732,0.023822,-4.247944,MOVE_JOINT
1.080000,0.453821,-0.159902,-0.143487,-0.002337,-0.021188,0.025092,-4.265735,MOVE_JOINT
1.081000,0.453815,-0.159921,-0.143464,-0.002720,-0.020643,0.024672,-4.283862,MOVE_JOINT
1.082000,0.453809,-0.159940,-0.143441,-0.003134,-0.020183,0.024355,-4.301842,MOVE_JOINT
1.083000,0.453802,-0.159963,-0.143416,-0.004524,-0.021052,0.024375,-4.319200,MOVE_JOINT
1.084000,0.453801,-0.159986,-0.143389,-0.003474,-0.021325,0.025055,-4.335516,MOVE_JOINT
1.085000,0.453791,-0.160008,-0.143366,-0.005176,-0.022032,0.024575,-4.350435,MOVE_JOINT
1.086000,0.453784,-0.160027,-0.143343,-0.005592,-0.021077,0.024376,-4.363658,MOVE_JOINT
1.087000,0.453780,-0.160049,-0.143317,-0.005119,-0.021423,0.024804,-4.374958,MOVE_JOINT
1.088000,0.453774,-0.160070,-0.143293,-0.005778,-0.021431,0.024161,-4.384187,MOVE_JOINT
1.089000,0.453775,-0.160089,-0.143266,-0.003371,-0.020632,0.025639,-4.391267,MOVE_JOINT
1.090000,0.453762,-0.160114,-0.143243,-0.006460,-0.021774,0.024321,-4.396162,MOVE_JOINT
1.091000,0.453758,-0.160136,-0.143217,-0.005219,-0.021632,0.024870,-4.398874,MOVE_JOINT
1.092000,0.453752,-0.160157,-0.143192,-0.005264,-0.021587,0.025285,-4.399450,MOVE_JOINT
1.093000,0.453751,-0.160178,-0.143164,-0.004204,-0.021668,0.025999,-4.397968,MOVE_JOINT
1.094000,0.453739,-0.160198,-0.143145,-0.006261,-0.021072,0.024255,-4.394499,MOVE_JOINT
1.095000,0.453737,-0.160221,-0.143119,-0.003766,-0.021586,0.025534,-4.389132,MOVE_JOINT
1.096000,0.453728,-0.160240,-0.143098,-0.005875,-0.020201,0.024015,-4.382023,MOVE_JOINT
1.097000,0.453722,-0.160260,-0.143074,-0.005886,-0.020192,0.023967,-4.373424,MOVE_JOINT
1.098000,0.453716,-0.160284,-0.143048,-0.006702,-0.021813,0.024127,-4.363677,MOVE_JOINT
1.099000,0.453707,-0.160307,-0.143024,-0.007628,-0.022324,0.024057,-4.353188,MOVE_JOINT
1.100000,0.453703,-0.160325,-0.142999,-0.006775,-0.020978,0.024224,-4.342370,MOVE_JOINT
1.101000,0.453689,-0.160348,-0.142979,-0.009801,-0.021479,0.022668,-4.331600,MOVE_JOINT
1.102000,0.453685,-0.160367,-0.142954,-0.007583,-0.020567,0.023216,-4.321231,MOVE_JOINT
1.103000,0.453685,-0.160392,-0.142928,-0.005545,-0.022080,0.024164,-4.311601,MOVE_JOINT
1.104000,0.453677,-0.160412,-0.142904,-0.005764,-0.021071,0.024080,-4.303001,MOVE_JOINT
1.105000,0.453673,-0.160436,-0.142880,-0.005463,-0.021731,0.024202,-4.295614,MOVE_JOINT
1.106000,0.453667,-0.160456,-0.142856,-0.006321,-0.021156,0.023675,-4.289492,MOVE_JOINT
1.107000,0.453659,-0.160478,-0.142834,-0.006579,-0.021112,0.023044,-4.284605,MOVE_JOINT
1.108000,0.453652,-0.160500,-0.142811,-0.006637,-0.021184,0.023105,-4.280911,MOVE_JOINT
1.109000,0.453647,-0.160522,-0.142788,-0.006663,-0.021784,0.022920,-4.278409,MOVE_JOINT
1.110000,0.453645,-0.160544,-0.142764,-0.005828,-0.021635,0.023328,-4.277135,MOVE_JOINT
1.111000,0.453635,-0.160564,-0.142743,-0.006480,-0.020847,0.022773,-4.277133,MOVE_JOINT
1.112000,0.453632,-0.160586,-0.142719,-0.006198,-0.021058,0.023155,-4.278411,MOVE_JOINT
1.113000,0.453625,-0.160609,-0.142697,-0.006519,-0.021492,0.022476,-4.280939,MOVE_JOINT
1.114000,0.453625,-0.160628,-0.142671,-0.004868,-0.020611,0.023400,-4.284647,MOVE_JOINT
1.115000,0.453619,-0.160652,-0.142647,-0.004999,-0.021615,0.023669,-4.289430,MOVE_JOINT
1.116000,0.453611,-0.160677,-0.142625,-0.006348,-0.023039,0.023045,-4.295121,MOVE_JOINT
1.117000,0.453604,-0.160698,-0.142603,-0.005843,-0.022112,0.023406,-4.301497,MOVE_JOINT
1.118000,0.453598,-0.160720,-0.142580,-0.006065,-0.022471,0.023293,-4.308316,MOVE_JOINT
1.119000,0.453590,-0.160738,-0.142559,-0.006865,-0.021093,0.022372,-4.315344,MOVE_JOINT
1.120000,0.453586,-0.160765,-0.142534,-0.006351,-0.023225,0.023264,-4.322386,MOVE_JOINT
1.121000,0.453584,-0.160785,-0.142510,-0.005852,-0.022813,0.023537,-4.329293,MOVE_JOINT
1.122000,0.453582,-0.160806,-0.142486,-0.005060,-0.022072,0.023526,-4.335927,MOVE_JOINT
1.123000,0.453575,-0.160831,-0.142463,-0.005200,-0.023142,0.023672,-4.342124,MOVE_JOINT
1.124000,0.453574,-0.160852,-0.142439,-0.004282,-0.022309,0.023526,-4.347704,MOVE_JOINT
1.125000,0.453568,-0.160878,-0.142414,-0.005341,-0.023017,0.023610,-4.352496,MOVE_JOINT
1.126000,0.453564,-0.160901,-0.142390,-0.005437,-0.023344,0.023556,-4.356362,MOVE_JOINT
1.127000,0.453562,-0.160923,-0.142365,-0.004621,-0.022755,0.023951,-4.359197,MOVE_JOINT
1.128000,0.453555,-0.160947,-0.142341,-0.004472,-0.023650,0.024210,-4.360916,MOVE_JOINT
1.129000,0.453552,-0.160969,-0.142317,-0.004170,-0.022800,0.024316,-4.361447,MOVE_JOINT
1.130000,0.453550,-0.160995,-0.142291,-0.003922,-0.024020,0.024617,-4.360724,MOVE_JOINT
1.131000,0.453547,-0.161019,-0.142266,-0.003980,-0.023868,0.024628,-4.358703,MOVE_JOINT
1.132000,0.453542,-0.161042,-0.142241,-0.004740,-0.023645,0.024104,-4.355383,MOVE_JOINT
1.133000,0.453536,-0.161067,-0.142217,-0.005574,-0.023753,0.023822,-4.350836,MOVE_JOINT
1.134000,0.453533,-0.161091,-0.142191,-0.004616,-0.023913,0.024357,-4.345218,MOVE_JOINT
1.135000,0.453528,-0.161114,-0.142166,-0.005258,-0.023463,0.024619,-4.338744,MOVE_JOINT
1.136000,0.453517,-0.161139,-0.142144,-0.006938,-0.023973,0.023738,-4.331644,MOVE_JOINT
1.137000,0.453512,-0.161167,-0.142118,-0.007162,-0.025295,0.024276,-4.324138,MOVE_JOINT
1.138000,0.453508,-0.161192,-0.142092,-0.007267,-0.024931,0.023952,-4.316454,MOVE_JOINT
1.139000,0.453502,-0.161216,-0.142067,-0.006932,-0.024640,0.024450,-4.308826,MOVE_JOINT
1.140000,0.453495,-0.161244,-0.142043,-0.006375,-0.025346,0.024667,-4.301472,MOVE_JOINT
1.141000,0.453488,-0.161271,-0.142018,-0.006206,-0.026013,0.024756,-4.294566,MOVE_JOINT
1.142000,0.453480,-0.161297,-0.141995,-0.006571,-0.025865,0.024403,-4.288242,MOVE_JOINT
1.143000,0.453470,-0.161322,-0.141972,-0.006864,-0.025502,0.023930,-4.282628,MOVE_JOINT
1.144000,0.453467,-0.161346,-0.141945,-0.006708,-0.025388,0.024306,-4.277881,MOVE_JOINT
1.145000,0.453460,-0.161372,-0.141921,-0.006577,-0.025594,0.024404,-4.274185,MOVE_JOINT
1.146000,0.453450,-0.161400,-0.141898,-0.008194,-0.026446,0.023443,-4.271725,MOVE_JOINT
1.147000,0.453444,-0.161423,-0.141874,-0.006803,-0.024874,0.023733,-4.270677,MOVE_JOINT
1.148000,0.453437,-0.161451,-0.141848,-0.006795,-0.025889,0.024391,-4.271220,MOVE_JOINT
1.149000,0.453430,-0.161476,-0.141823,-0.007341,-0.025679,0.024388,-4.273483,MOVE_JOINT
1.150000,0.453423,-0.161503,-0.141798,-0.007697,-0.026348,0.024213,-4.277487,MOVE_JOINT
1.151000,0.453409,-0.161530,-0.141777,-0.010552,-0.026660,0.022835,-4.283160,MOVE_JOINT
1.152000,0.453403,-0.161556,-0.141751,-0.009099,-0.025790,0.023827,-4.290410,MOVE_JOINT
1.153000,0.453392,-0.161583,-0.141728,-0.010691,-0.026052,0.023114,-4.299178,MOVE_JOINT
1.154000,0.453378,-0.161611,-0.141704,-0.011372,-0.026593,0.023343,-4.309417,MOVE_JOINT
1.155000,0.453367,-0.161638,-0.141681,-0.011124,-0.026498,0.023544,-4.321063,MOVE_JOINT
1.156000,0.453353,-0.161668,-0.141656,-0.011907,-0.027530,0.023680,-4.334010,MOVE_JOINT
1.157000,0.453342,-0.161697,-0.141630,-0.011945,-0.028226,0.024323,-4.348081,MOVE_JOINT
1.158000,0.453333,-0.161723,-0.141605,-0.011974,-0.027901,0.024508,-4.363008,MOVE_JOINT
1.159000,0.453320,-0.161749,-0.141581,-0.012824,-0.027129,0.023920,-4.378438,MOVE_JOINT
1.160000,0.453313,-0.161775,-0.141555,-0.011954,-0.026871,0.024483,-4.393974,MOVE_JOINT
1.161000,0.453303,-0.161802,-0.141528,-0.011114,-0.026897,0.025102,-4.409224,MOVE_JOINT
1.162000,0.453293,-0.161829,-0.141503,-0.010856,-0.026775,0.025175,-4.423813,MOVE_JOINT
1.163000,0.453286,-0.161858,-0.141475,-0.010204,-0.027510,0.026061,-4.437380,MOVE_JOINT
1.164000,0.453280,-0.161887,-0.141447,-0.008896,-0.027842,0.026708,-4.449566,MOVE_JOINT
1.165000,0.453271,-0.161915,-0.141420,-0.009415,-0.027934,0.026204,-4.460027,MOVE_JOINT
1.166000,0.453259,-0.161943,-0.141395,-0.009687,-0.028047,0.026356,-4.468472,MOVE_JOINT
1.167000,0.453243,-0.161971,-0.141370,-0.011424,-0.028102,0.025844,-4.474728,MOVE_JOINT
1.168000,0.453236,-0.162000,-0.141342,-0.010475,-0.028690,0.026546,-4.478767,MOVE_JOINT
1.169000,0.453224,-0.162028,-0.141315,-0.011512,-0.028425,0.026896,-4.480686,MOVE_JOINT
1.170000,0.453209,-0.162058,-0.141290,-0.012869,-0.028997,0.026321,-4.480651,MOVE_JOINT
1.171000,0.453200,-0.162089,-0.141259,-0.011254,-0.029964,0.028044,-4.478840,MOVE_JOINT
1.172000,0.453187,-0.162117,-0.141234,-0.011831,-0.029370,0.027063,-4.475415,MOVE_JOINT
1.173000,0.453174,-0.162146,-0.141207,-0.011939,-0.029195,0.027002,-4.470522,MOVE_JOINT
1.174000,0.453161,-0.162175,-0.141180,-0.011696,-0.029070,0.027516,-4.464332,MOVE_JOINT
1.175000,0.453152,-0.162204,-0.141150,-0.011729,-0.029479,0.027645,-4.457056,MOVE_JOINT
1.176000,0.453139,-0.162236,-0.141123,-0.012145,-0.029965,0.027404,-4.448919,MOVE_JOINT
1.177000,0.453126,-0.162266,-0.141096,-0.012546,-0.029960,0.026952,-4.440152,MOVE_JOINT
1.178000,0.453112,-0.162297,-0.141070,-0.012978,-0.030029,0.026925,-4.431023,MOVE_JOINT
1.179000,0.453102,-0.162327,-0.141043,-0.012029,-0.029881,0.027088,-4.421845,MOVE_JOINT
1.180000,0.453087,-0.162358,-0.141016,-0.012613,-0.029922,0.027222,-4.412945,MOVE_JOINT
1.181000,0.453077,-0.162387,-0.140987,-0.011547,-0.029441,0.027560,-4.404610,MOVE_JOINT
1.182000,0.453064,-0.162420,-0.140959,-0.011934,-0.030557,0.027920,-4.397044,MOVE_JOINT
1.183000,0.453049,-0.162448,-0.140933,-0.013012,-0.029874,0.027424,-4.390353,MOVE_JOINT
1.184000,0.453034,-0.162480,-0.140905,-0.013027,-0.030044,0.027970,-4.384557,MOVE_JOINT
1.185000,0.453017,-0.162511,-0.140880,-0.013860,-0.030041,0.027225,-4.379617,MOVE_JOINT
1.186000,0.453005,-0.162542,-0.140852,-0.013359,-0.031010,0.027656,-4.375458,MOVE_JOINT
1.187000,0.452993,-0.162570,-0.140827,-0.013192,-0.030055,0.026820,-4.372013,MOVE_JOINT
1.188000,0.452978,-0.162601,-0.140801,-0.013610,-0.029926,0.026695,-4.369264,MOVE_JOINT
1.189000,0.452964,-0.162635,-0.140774,-0.014044,-0.031055,0.026750,-4.367261,MOVE_JOINT
1.190000,0.452950,-0.162664,-0.140748,-0.014016,-0.030709,0.026484,-4.366101,MOVE_JOINT
1.191000,0.452944,-0.162694,-0.140717,-0.011666,-0.030395,0.027833,-4.365884,MOVE_JOINT
1.192000,0.452924,-0.162725,-0.140695,-0.014074,-0.030630,0.025902,-4.366672,MOVE_JOINT
1.193000,0.452913,-0.162756,-0.140666,-0.013133,-0.031084,0.026655,-4.368499,MOVE_JOINT
1.194000,0.452897,-0.162786,-0.140642,-0.014813,-0.030505,0.025281,-4.371431,MOVE_JOINT
1.195000,0.452884,-0.162816,-0.140615,-0.013943,-0.030441,0.026055,-4.375591,MOVE_JOINT
1.196000,0.452871,-0.162848,-0.140588,-0.013373,-0.030905,0.026409,-4.381114,MOVE_JOINT
1.197000,0.452854,-0.162881,-0.140561,-0.013993,-0.030808,0.026507,-4.388076,MOVE_JOINT
1.198000,0.452839,-0.162913,-0.140530,-0.013563,-0.031228,0.027878,-4.396412,MOVE_JOINT
1.199000,0.452831,-0.162942,-0.140501,-0.012572,-0.030439,0.028026,-4.405866,MOVE_JOINT
1.200000,0.452817,-0.162971,-0.140474,-0.012427,-0.030160,0.028277,-4.415968,MOVE_JOINT
1.201000,0.452806,-0.163004,-0.140444,-0.012433,-0.030890,0.028585,-4.426103,MOVE_JOINT
1.202000,0.452796,-0.163034,-0.140414,-0.011880,-0.030880,0.028954,-4.435599,MOVE_JOINT
1.203000,0.452783,-0.163065,-0.140385,-0.013104,-0.030180,0.028042,-4.443807,MOVE_JOINT
1.204000,0.452777,-0.163093,-0.140354,-0.011840,-0.029660,0.028613,-4.450166,MOVE_JOINT
1.205000,0.452768,-0.163120,-0.140324,-0.010831,-0.029194,0.029092,-4.454246,MOVE_JOINT
1.206000,0.452766,-0.163149,-0.140292,-0.009411,-0.029599,0.029597,-4.455739,MOVE_JOINT
1.207000,0.452760,-0.163178,-0.140262,-0.008399,-0.029200,0.029703,-4.454422,MOVE_JOINT
1.208000,0.452752,-0.163209,-0.140232,-0.008046,-0.030010,0.030043,-4.450152,MOVE_JOINT
1.209000,0.452742,-0.163238,-0.140205,-0.008989,-0.029752,0.029156,-4.442891,MOVE_JOINT
1.210000,0.452736,-0.163268,-0.140173,-0.007727,-0.029664,0.030024,-4.432729,MOVE_JOINT
1.211000,0.452731,-0.163296,-0.140144,-0.005914,-0.029737,0.030336,-4.419880,MOVE_JOINT
1.212000,0.452731,-0.163323,-0.140112,-0.004688,-0.028628,0.030522,-4.404636,MOVE_JOINT
1.213000,0.452720,-0.163353,-0.140083,-0.006018,-0.029212,0.030174,-4.387327,MOVE_JOINT
1.214000,0.452717,-0.163382,-0.140053,-0.005102,-0.029393,0.030116,-4.368304,MOVE_JOINT
1.215000,0.452717,-0.163413,-0.140021,-0.003287,-0.029778,0.031087,-4.347943,MOVE_JOINT
1.216000,0.452711,-0.163438,-0.139994,-0.004001,-0.028462,0.029538,-4.326641,MOVE_JOINT
1.217000,0.452709,-0.163469,-0.139964,-0.003172,-0.028609,0.029855,-4.304830,MOVE_JOINT
1.218000,0.452706,-0.163495,-0.139934,-0.002128,-0.027999,0.030270,-4.283005,MOVE_JOINT
1.219000,0.452701,-0.163525,-0.139904,-0.003075,-0.028725,0.030054,-4.261686,MOVE_JOINT
1.220000,0.452705,-0.163558,-0.139869,-0.000469,-0.030295,0.031944,-4.241343,MOVE_JOINT
1.221000,0.452698,-0.163589,-0.139841,-0.002604,-0.029961,0.030582,-4.222314,MOVE_JOINT
1.222000,0.452694,-0.163616,-0.139811,-0.003229,-0.029167,0.030097,-4.204804,MOVE_JOINT
1.223000,0.452691,-0.163648,-0.139779,-0.003781,-0.030326,0.030203,-4.188958,MOVE_JOINT
1.224000,0.452686,-0.163676,-0.139749,-0.003795,-0.029534,0.030363,-4.174922,MOVE_JOINT
1.225000,0.452683,-0.163711,-0.139717,-0.002495,-0.030808,0.031549,-4.162818,MOVE_JOINT
1.226000,0.452681,-0.163739,-0.139685,-0.002852,-0.030314,0.031593,-4.152671,MOVE_JOINT
1.227000,0.452675,-0.163771,-0.139653,-0.003665,-0.030692,0.031302,-4.144367,MOVE_JOINT
1.228000,0.452669,-0.163804,-0.139622,-0.004184,-0.030984,0.031427,-4.137687,MOVE_JOINT
1.229000,0.452659,-0.163836,-0.139592,-0.006394,-0.031421,0.030613,-4.132381,MOVE_JOINT
1.230000,0.452654,-0.163865,-0.139561,-0.006188,-0.030699,0.030678,-4.128225,MOVE_JOINT
1.231000,0.452653,-0.163897,-0.139528,-0.004893,-0.031910,0.031464,-4.125049,MOVE_JOINT
1.232000,0.452643,-0.163930,-0.139500,-0.006996,-0.032197,0.030221,-4.122724,MOVE_JOINT
1.233000,0.452645,-0.163960,-0.139464,-0.004939,-0.031805,0.031350,-4.121164,MOVE_JOINT
1.234000,0.452638,-0.163993,-0.139432,-0.005267,-0.032462,0.031675,-4.120322,MOVE_JOINT
1.235000,0.452638,-0.164024,-0.139398,-0.004396,-0.032183,0.031989,-4.120137,MOVE_JOINT
1.236000,0.452633,-0.164056,-0.139366,-0.003953,-0.032272,0.032259,-4.120488,MOVE_JOINT
1.237000,0.452630,-0.164092,-0.139332,-0.004199,-0.033123,0.032855,-4.121204,MOVE_JOINT
1.238000,0.452625,-0.164122,-0.139300,-0.003728,-0.032226,0.032691,-4.122075,MOVE_JOINT
1.239000,0.452623,-0.164156,-0.139266,-0.003571,-0.033046,0.032886,-4.122879,MOVE_JOINT
1.240000,0.452619,-0.164189,-0.139232,-0.003662,-0.032870,0.033090,-4.123412,MOVE_JOINT
1.241000,0.452617,-0.164216,-0.139200,-0.002867,-0.030485,0.032833,-4.123519,MOVE_JOINT
1.242000,0.452607,-0.164252,-0.139171,-0.004494,-0.032144,0.032145,-4.123102,MOVE_JOINT
1.243000,0.452606,-0.164286,-0.139135,-0.004096,-0.032929,0.033244,-4.122141,MOVE_JOINT
1.244000,0.452603,-0.164319,-0.139102,-0.003551,-0.032778,0.033080,-4.120680,MOVE_JOINT
1.245000,0.452596,-0.164352,-0.139069,-0.004096,-0.033181,0.033379,-4.118787,MOVE_JOINT
1.246000,0.452590,-0.164387,-0.139037,-0.003880,-0.033458,0.033493,-4.116525,MOVE_JOINT
1.247000,0.452591,-0.164416,-0.139002,-0.001584,-0.031563,0.034109,-4.113949,MOVE_JOINT
1.248000,0.452586,-0.164449,-0.138969,-0.003362,-0.031277,0.033188,-4.111087,MOVE_JOINT
1.249000,0.452581,-0.164483,-0.138936,-0.003162,-0.032358,0.033287,-4.107954,MOVE_JOINT
1.250000,0.452579,-0.164519,-0.138904,-0.002537,-0.033213,0.033336,-4.104586,MOVE_JOINT
1.251000,0.452569,-0.164552,-0.138873,-0.003900,-0.033197,0.032684,-4.101076,MOVE_JOINT
1.252000,0.452562,-0.164585,-0.138843,-0.003909,-0.032896,0.032504,-4.097588,MOVE_JOINT
1.253000,0.452556,-0.164619,-0.138810,-0.004406,-0.033088,0.032584,-4.094346,MOVE_JOINT
1.254000,0.452553,-0.164653,-0.138779,-0.004335,-0.033426,0.032162,-4.091606,MOVE_JOINT
1.255000,0.452551,-0.164687,-0.138744,-0.004061,-0.033982,0.033076,-4.089607,MOVE_JOINT
1.256000,0.452547,-0.164721,-0.138711,-0.003584,-0.033679,0.033224,-4.088526,MOVE_JOINT
1.257000,0.452541,-0.164752,-0.138679,-0.003614,-0.032552,0.033103,-4.088415,MOVE_JOINT
1.258000,0.452530,-0.164792,-0.138649,-0.005550,-0.034526,0.032035,-4.089204,MOVE_JOINT
1.259000,0.452522,-0.164827,-0.138617,-0.006188,-0.034329,0.032244,-4.090773,MOVE_JOINT
1.260000,0.452515,-0.164859,-0.138585,-0.005706,-0.033455,0.032207,-4.093017,MOVE_JOINT
1.261000,0.452510,-0.164892,-0.138552,-0.005081,-0.033164,0.032495,-4.095842,MOVE_JOINT
1.262000,0.452504,-0.164926,-0.138519,-0.005855,-0.032930,0.032096,-4.099125,MOVE_JOINT
1.263000,0.452500,-0.164961,-0.138486,-0.006593,-0.033058,0.031682,-4.102714,MOVE_JOINT
1.264000,0.452495,-0.164994,-0.138452,-0.006333,-0.032746,0.032212,-4.106452,MOVE_JOINT
1.265000,0.452497,-0.165029,-0.138413,-0.003935,-0.033287,0.034043,-4.110162,MOVE_JOINT
1.266000,0.452496,-0.165065,-0.138379,-0.002859,-0.033674,0.034243,-4.113583,MOVE_JOINT
1.267000,0.452492,-0.165100,-0.138342,-0.002425,-0.034399,0.035124,-4.116317,MOVE_JOINT
1.268000,0.452485,-0.165136,-0.138310,-0.003950,-0.034823,0.034334,-4.117875,MOVE_JOINT
1.269000,0.452482,-0.165167,-0.138277,-0.002997,-0.033298,0.034300,-4.117771,MOVE_JOINT
1.270000,0.452479,-0.165203,-0.138243,-0.003871,-0.033792,0.033484,-4.115635,MOVE_JOINT
1.271000,0.452477,-0.165238,-0.138207,-0.002750,-0.034289,0.034189,-4.111289,MOVE_JOINT
1.272000,0.452470,-0.165272,-0.138175,-0.003565,-0.034105,0.033702,-4.104761,MOVE_JOINT
1.273000,0.452473,-0.165307,-0.138139,-0.001265,-0.034531,0.034539,-4.096236,MOVE_JOINT
1.274000,0.452461,-0.165343,-0.138110,-0.004708,-0.035086,0.032695,-4.086022,MOVE_JOINT
1.275000,0.452465,-0.165379,-0.138073,-0.001626,-0.035039,0.033955,-4.074533,MOVE_JOINT
1.276000,0.452456,-0.165409,-0.138044,-0.003397,-0.033585,0.032528,-4.062290,MOVE_JOINT
1.277000,0.452457,-0.165449,-0.138009,-0.002029,-0.035847,0.033278,-4.049889,MOVE_JOINT
1.278000,0.452456,-0.165480,-0.137977,-0.002107,-0.034597,0.033029,-4.037952,MOVE_JOINT
1.279000,0.452455,-0.165515,-0.137945,-0.001929,-0.034730,0.032668,-4.027070,MOVE_JOINT
1.280000,0.452450,-0.165553,-0.137914,-0.002971,-0.035507,0.031759,-4.017771,MOVE_JOINT
1.281000,0.452452,-0.165585,-0.137879,-0.002097,-0.034615,0.032223,-4.010534,MOVE_JOINT
1.282000,0.452453,-0.165619,-0.137847,-0.001097,-0.034500,0.032298,-4.005778,MOVE_JOINT
1.283000,0.452449,-0.165653,-0.137817,-0.002084,-0.034496,0.031631,-4.003820,MOVE_JOINT
1.284000,0.452456,-0.165685,-0.137780,0.000445,-0.034170,0.033140,-4.004841,MOVE_JOINT
1.285000,0.452452,-0.165716,-0.137750,-0.000247,-0.033045,0.032271,-4.008859,MOVE_JOINT
1.286000,0.452452,-0.165749,-0.137720,-0.000847,-0.032789,0.031444,-4.015738,MOVE_JOINT
1.287000,0.452454,-0.165782,-0.137687,0.000129,-0.032667,0.031951,-4.025255,MOVE_JOINT
1.288000,0.452454,-0.165812,-0.137656,0.000409,-0.031830,0.031676,-4.037174,MOVE_JOINT
1.289000,0.452462,-0.165847,-0.137619,0.003091,-0.032460,0.033686,-4.051233,MOVE_JOINT
1.290000,0.452455,-0.165879,-0.137590,0.000248,-0.031945,0.032428,-4.067080,MOVE_JOINT
1.291000,0.452461,-0.165911,-0.137555,0.001916,-0.031816,0.033215,-4.084246,MOVE_JOINT
1.292000,0.452461,-0.165942,-0.137522,0.001347,-0.031491,0.032930,-4.102179,MOVE_JOINT
1.293000,0.452462,-0.165976,-0.137488,0.001131,-0.031893,0.033126,-4.120318,MOVE_JOINT
1.294000,0.452466,-0.166013,-0.137452,0.002080,-0.033455,0.033878,-4.138130,MOVE_JOINT
1.295000,0.452470,-0.166044,-0.137418,0.003072,-0.032724,0.034382,-4.155120,MOVE_JOINT
1.296000,0.452473,-0.166079,-0.137384,0.002945,-0.033440,0.034265,-4.170826,MOVE_JOINT
1.297000,0.452479,-0.166109,-0.137348,0.003614,-0.032555,0.034510,-4.184829,MOVE_JOINT
1.298000,0.452486,-0.166141,-0.137312,0.004538,-0.032238,0.034889,-4.196778,MOVE_JOINT
1.299000,0.452484,-0.166177,-0.137281,0.002152,-0.033281,0.033607,-4.206427,MOVE_JOINT
1.300000,0.452492,-0.166212,-0.137244,0.003671,-0.033655,0.034749,-4.213667,MOVE_JOINT
1.301000,0.452493,-0.166243,-0.137209,0.003245,-0.032731,0.034610,-4.218538,MOVE_JOINT
1.302000,0.452501,-0.166277,-0.137172,0.004360,-0.033423,0.035526,-4.221173,MOVE_JOINT
1.303000,0.452505,-0.166310,-0.137136,0.005357,-0.033321,0.035883,-4.221725,MOVE_JOINT
1.304000,0.452508,-0.166344,-0.137102,0.003955,-0.033843,0.035049,-4.220329,MOVE_JOINT
1.305000,0.452518,-0.166375,-0.137064,0.006386,-0.033020,0.036234,-4.217119,MOVE_JOINT
1.306000,0.452519,-0.166410,-0.137031,0.004603,-0.033611,0.035565,-4.212237,MOVE_JOINT
1.307000,0.452530,-0.166446,-0.136990,0.005697,-0.034565,0.036802,-4.205825,MOVE_JOINT
1.308000,0.452529,-0.166479,-0.136958,0.003410,-0.033708,0.035035,-4.198010,MOVE_JOINT
1.309000,0.452535,-0.166510,-0.136922,0.003993,-0.033492,0.035284,-4.188929,MOVE_JOINT
1.310000,0.452537,-0.166544,-0.136890,0.003159,-0.033979,0.034409,-4.178792,MOVE_JOINT
1.311000,0.452546,-0.166578,-0.136851,0.005630,-0.033702,0.036088,-4.167913,MOVE_JOINT
1.312000,0.452552,-0.166609,-0.136817,0.005230,-0.032487,0.035094,-4.156649,MOVE_JOINT
1.313000,0.452555,-0.166640,-0.136784,0.004524,-0.032537,0.034731,-4.145338,MOVE_JOINT
1.314000,0.452563,-0.166674,-0.136749,0.005927,-0.033226,0.034943,-4.134300,MOVE_JOINT
1.315000,0.452567,-0.166707,-0.136716,0.004845,-0.033224,0.033974,-4.123869,MOVE_JOINT
1.316000,0.452579,-0.166739,-0.136679,0.006900,-0.032969,0.034835,-4.114408,MOVE_JOINT
1.317000,0.452581,-0.166771,-0.136647,0.004851,-0.032542,0.033276,-4.106285,MOVE_JOINT
1.318000,0.452591,-0.166805,-0.136610,0.007016,-0.033090,0.034694,-4.099842,MOVE_JOINT
1.319000,0.452598,-0.166837,-0.136576,0.006822,-0.033227,0.034684,-4.095368,MOVE_JOINT
1.320000,0.452599,-0.166868,-0.136546,0.004805,-0.032816,0.033431,-4.093049,MOVE_JOINT
1.321000,0.452604,-0.166902,-0.136512,0.005291,-0.033106,0.033893,-4.092980,MOVE_JOINT
1.322000,0.452609,-0.166934,-0.136479,0.005308,-0.032568,0.033712,-4.095200,MOVE_JOINT
1.323000,0.452612,-0.166970,-0.136446,0.005329,-0.033190,0.033745,-4.099707,MOVE_JOINT
1.324000,0.452616,-0.166998,-0.136413,0.005213,-0.031701,0.033676,-4.106439,MOVE_JOINT
1.325000,0.452622,-0.167032,-0.136377,0.005706,-0.032271,0.034772,-4.115251,MOVE_JOINT
1.326000,0.452624,-0.167064,-0.136342,0.004608,-0.031604,0.034646,-4.125870,MOVE_JOINT
1.327000,0.452629,-0.167099,-0.136305,0.004699,-0.033004,0.035624,-4.137871,MOVE_JOINT
1.328000,0.452632,-0.167131,-0.136271,0.003654,-0.032710,0.035232,-4.150689,MOVE_JOINT
1.329000,0.452634,-0.167162,-0.136234,0.002977,-0.032378,0.035499,-4.163692,MOVE_JOINT
1.330000,0.452643,-0.167196,-0.136195,0.004329,-0.032621,0.036513,-4.176240,MOVE_JOINT
1.331000,0.452644,-0.167229,-0.136161,0.003098,-0.032201,0.035287,-4.187720,MOVE_JOINT
1.332000,0.452652,-0.167261,-0.136124,0.005335,-0.032338,0.036096,-4.197592,MOVE_JOINT
1.333000,0.452656,-0.167295,-0.136087,0.005300,-0.032644,0.036368,-4.205456,MOVE_JOINT
1.334000,0.452662,-0.167329,-0.136050,0.005790,-0.032913,0.036987,-4.211049,MOVE_JOINT
1.335000,0.452669,-0.167358,-0.136014,0.005969,-0.031818,0.036664,-4.214201,MOVE_JOINT
1.336000,0.452676,-0.167394,-0.135975,0.007048,-0.032900,0.037568,-4.214809,MOVE_JOINT
1.337000,0.452684,-0.167424,-0.135938,0.006599,-0.032543,0.036979,-4.212836,MOVE_JOINT
1.338000,0.452691,-0.167453,-0.135901,0.006707,-0.031235,0.036629,-4.208336,MOVE_JOINT
1.339000,0.452699,-0.167489,-0.135862,0.007543,-0.032794,0.037779,-4.201479,MOVE_JOINT
1.340000,0.452705,-0.167521,-0.135825,0.006338,-0.032463,0.037100,-4.192527,MOVE_JOINT
1.341000,0.452707,-0.167553,-0.135790,0.005017,-0.032106,0.036264,-4.181805,MOVE_JOINT
1.342000,0.452719,-0.167587,-0.135750,0.006859,-0.032643,0.037337,-4.169686,MOVE_JOINT
1.343000,0.452720,-0.167622,-0.135715,0.004979,-0.033599,0.036673,-4.156593,MOVE_JOINT
1.344000,0.452726,-0.167652,-0.135680,0.005188,-0.032827,0.036248,-4.142980,MOVE_JOINT
1.345000,0.452735,-0.167687,-0.135640,0.006902,-0.033683,0.037589,-4.129316,MOVE_JOINT
1.346000,0.452740,-0.167718,-0.135604,0.006996,-0.032425,0.037054,-4.116054,MOVE_JOINT
1.347000,0.452742,-0.167752,-0.135567,0.006100,-0.032587,0.037013,-4.103586,MOVE_JOINT
1.348000,0.452749,-0.167786,-0.135528,0.006077,-0.033406,0.037533,-4.092224,MOVE_JOINT
1.349000,0.452755,-0.167821,-0.135491,0.006621,-0.033883,0.037578,-4.082190,MOVE_JOINT
1.350000,0.452764,-0.167854,-0.135453,0.007484,-0.032959,0.037449,-4.073620,MOVE_JOINT
1.351000,0.452771,-0.167887,-0.135415,0.007188,-0.032491,0.037303,-4.066599,MOVE_JOINT
1.352000,0.452778,-0.167919,-0.135379,0.007576,-0.032464,0.037257,-4.061203,MOVE_JOINT
1.353000,0.452785,-0.167951,-0.135341,0.007223,-0.032848,0.037576,-4.057512,MOVE_JOINT
1.354000,0.452794,-0.167987,-0.135301,0.008053,-0.033323,0.038374,-4.055601,MOVE_JOINT
1.355000,0.452800,-0.168021,-0.135264,0.006822,-0.033479,0.037869,-4.055493,MOVE_JOINT
1.356000,0.452813,-0.168053,-0.135224,0.008868,-0.033275,0.038747,-4.057142,MOVE_JOINT
1.357000,0.452818,-0.168084,-0.135188,0.007821,-0.032504,0.037637,-4.060445,MOVE_JOINT
1.358000,0.452825,-0.168119,-0.135149,0.008770,-0.032973,0.038530,-4.065292,MOVE_JOINT
1.359000,0.452830,-0.168152,-0.135113,0.008522,-0.032943,0.038342,-4.071578,MOVE_JOINT
1.360000,0.452843,-0.168185,-0.135070,0.009791,-0.033236,0.039728,-4.079190,MOVE_JOINT
1.361000,0.452853,-0.168217,-0.135031,0.010030,-0.033151,0.039530,-4.087956,MOVE_JOINT
1.362000,0.452859,-0.168250,-0.134993,0.008374,-0.033304,0.039276,-4.097645,MOVE_JOINT
1.363000,0.452866,-0.168280,-0.134956,0.007428,-0.032528,0.038194,-4.108014,MOVE_JOINT
1.364000,0.452872,-0.168314,-0.134919,0.007038,-0.032962,0.037741,-4.118897,MOVE_JOINT
1.365000,0.452876,-0.168349,-0.134882,0.006165,-0.033729,0.037852,-4.130272,MOVE_JOINT
1.366000,0.452883,-0.168382,-0.134844,0.005469,-0.033453,0.037179,-4.142244,MOVE_JOINT
1.367000,0.452893,-0.168415,-0.134805,0.006890,-0.033042,0.037435,-4.154988,MOVE_JOINT
1.368000,0.452901,-0.168447,-0.134766,0.007176,-0.032413,0.037539,-4.168697,MOVE_JOINT
1.369000,0.452909,-0.168476,-0.134730,0.007046,-0.031873,0.036935,-4.183546,MOVE_JOINT
1.370000,0.452918,-0.168511,-0.134691,0.007636,-0.032942,0.037623,-4.199656,MOVE_JOINT
1.371000,0.452931,-0.168543,-0.134652,0.008719,-0.032414,0.037969,-4.217077,MOVE_JOINT
1.372000,0.452939,-0.168576,-0.134614,0.008268,-0.032772,0.037731,-4.235756,MOVE_JOINT
1.373000,0.452951,-0.168607,-0.134575,0.009032,-0.032393,0.037858,-4.255527,MOVE_JOINT
1.374000,0.452966,-0.168637,-0.134535,0.010440,-0.031714,0.038278,-4.276145,MOVE_JOINT
1.375000,0.452972,-0.168667,-0.134500,0.010058,-0.031069,0.037882,-4.297313,MOVE_JOINT
1.376000,0.452982,-0.168702,-0.134461,0.008925,-0.032420,0.037669,-4.318708,MOVE_JOINT
1.377000,0.452995,-0.168730,-0.134423,0.009932,-0.031121,0.037692,-4.340010,MOVE_JOINT
1.378000,0.453005,-0.168764,-0.134384,0.011462,-0.031273,0.038504,-4.360916,MOVE_JOINT
1.379000,0.453017,-0.168793,-0.134344,0.011150,-0.030744,0.038757,-4.381122,MOVE_JOINT
1.380000,0.453026,-0.168827,-0.134305,0.010553,-0.031400,0.038953,-4.400295,MOVE_JOINT
1.381000,0.453037,-0.168856,-0.134266,0.010062,-0.030395,0.038630,-4.418076,MOVE_JOINT
1.382000,0.453050,-0.168888,-0.134225,0.011103,-0.030496,0.039504,-4.434099,MOVE_JOINT
1.383000,0.453058,-0.168920,-0.134185,0.011156,-0.031239,0.039729,-4.448015,MOVE_JOINT
1.384000,0.453069,-0.168953,-0.134144,0.010988,-0.031490,0.040195,-4.459491,MOVE_JOINT
1.385000,0.453076,-0.168983,-0.134106,0.009911,-0.030855,0.039670,-4.468213,MOVE_JOINT
1.386000,0.453086,-0.169019,-0.134066,0.010165,-0.032331,0.039833,-4.473921,MOVE_JOINT
1.387000,0.453099,-0.169048,-0.134025,0.011338,-0.031140,0.040411,-4.476453,MOVE_JOINT
1.388000,0.453110,-0.169082,-0.133983,0.010889,-0.031925,0.040519,-4.475754,MOVE_JOINT
1.389000,0.453124,-0.169116,-0.133940,0.011918,-0.032542,0.041454,-4.471846,MOVE_JOINT
1.390000,0.453131,-0.169146,-0.133902,0.010418,-0.031421,0.040342,-4.464798,MOVE_JOINT
1.391000,0.453143,-0.169181,-0.133860,0.011077,-0.032720,0.040849,-4.454735,MOVE_JOINT
1.392000,0.453156,-0.169214,-0.133820,0.011456,-0.033597,0.040881,-4.441873,MOVE_JOINT
1.393000,0.453164,-0.169245,-0.133782,0.010952,-0.032570,0.040023,-4.426538,MOVE_JOINT
1.394000,0.453177,-0.169278,-0.133740,0.011692,-0.032690,0.040493,-4.409170,MOVE_JOINT
1.395000,0.453187,-0.169309,-0.133701,0.011252,-0.032193,0.039988,-4.390310,MOVE_JOINT
1.396000,0.453201,-0.169343,-0.133658,0.012298,-0.032774,0.041120,-4.370543,MOVE_JOINT
1.397000,0.453212,-0.169375,-0.133619,0.011725,-0.032661,0.040731,-4.350421,MOVE_JOINT
1.398000,0.453223,-0.169407,-0.133579,0.011184,-0.032685,0.040351,-4.330404,MOVE_JOINT
1.399000,0.453236,-0.169440,-0.133537,0.011277,-0.032509,0.040595,-4.310864,MOVE_JOINT
1.400000,0.453243,-0.169471,-0.133498,0.009722,-0.032057,0.039869,-4.292116,MOVE_JOINT
1.401000,0.453255,-0.169499,-0.133458,0.010065,-0.030290,0.039779,-4.274433,MOVE_JOINT
1.402000,0.453271,-0.169535,-0.133414,0.011723,-0.032136,0.040967,-4.258046,MOVE_JOINT
1.403000,0.453281,-0.169564,-0.133374,0.010878,-0.030986,0.040360,-4.243123,MOVE_JOINT
1.404000,0.453292,-0.169594,-0.133335,0.010547,-0.030193,0.039720,-4.229752,MOVE_JOINT
1.405000,0.453302,-0.169627,-0.133296,0.010643,-0.031059,0.039626,-4.217982,MOVE_JOINT
1.406000,0.453318,-0.169659,-0.133253,0.012675,-0.031367,0.040832,-4.207870,MOVE_JOINT
1.407000,0.453330,-0.169692,-0.133211,0.012332,-0.031811,0.041057,-4.199463,MOVE_JOINT
1.408000,0.453341,-0.169722,-0.133171,0.012940,-0.030926,0.041492,-4.192740,MOVE_JOINT
1.409000,0.453351,-0.169755,-0.133131,0.012272,-0.031587,0.041131,-4.187567,MOVE_JOINT
1.410000,0.453366,-0.169783,-0.133089,0.013282,-0.030637,0.041601,-4.183733,MOVE_JOINT
1.411000,0.453374,-0.169818,-0.133048,0.012227,-0.031738,0.041751,-4.180992,MOVE_JOINT
1.412000,0.453387,-0.169851,-0.133007,0.011522,-0.032015,0.041347,-4.179094,MOVE_JOINT
1.413000,0.453406,-0.169882,-0.132961,0.013907,-0.032220,0.042954,-4.177795,MOVE_JOINT
1.414000,0.453417,-0.169914,-0.132917,0.012560,-0.032445,0.042738,-4.176854,MOVE_JOINT
1.415000,0.453426,-0.169943,-0.132880,0.011870,-0.031202,0.041313,-4.176022,MOVE_JOINT
1.416000,0.453440,-0.169976,-0.132837,0.013333,-0.031895,0.042404,-4.175095,MOVE_JOINT
1.417000,0.453452,-0.170003,-0.132796,0.012541,-0.031050,0.041826,-4.173977,MOVE_JOINT
1.418000,0.453466,-0.170037,-0.132751,0.013054,-0.031953,0.042486,-4.172662,MOVE_JOINT
1.419000,0.453474,-0.170070,-0.132710,0.011751,-0.032340,0.042191,-4.171185,MOVE_JOINT
1.420000,0.453484,-0.170104,-0.132670,0.010348,-0.033063,0.040933,-4.169587,MOVE_JOINT
1.421000,0.453500,-0.170134,-0.132626,0.011929,-0.032437,0.042098,-4.167950,MOVE_JOINT
1.422000,0.453512,-0.170165,-0.132585,0.011484,-0.031629,0.041275,-4.166403,MOVE_JOINT
1.423000,0.453529,-0.170197,-0.132540,0.012730,-0.032216,0.042193,-4.165090,MOVE_JOINT
1.424000,0.453544,-0.170226,-0.132498,0.013243,-0.031295,0.042343,-4.164112,MOVE_JOINT
1.425000,0.453554,-0.170261,-0.132459,0.011814,-0.032083,0.041107,-4.163509,MOVE_JOINT
1.426000,0.453567,-0.170291,-0.132419,0.012786,-0.031122,0.041003,-4.163297,MOVE_JOINT
1.427000,0.453582,-0.170322,-0.132376,0.013448,-0.030817,0.041375,-4.163538,MOVE_JOINT
1.428000,0.453594,-0.170353,-0.132336,0.013206,-0.031254,0.041248,-4.164348,MOVE_JOINT
1.429000,0.453604,-0.170384,-0.132298,0.012692,-0.031033,0.040705,-4.165847,MOVE_JOINT
1.430000,0.453620,-0.170416,-0.132255,0.014191,-0.031282,0.041518,-4.168139,MOVE_JOINT
1.431000,0.453627,-0.170445,-0.132219,0.011879,-0.030653,0.039638,-4.171304,MOVE_JOINT
1.432000,0.453641,-0.170479,-0.132177,0.012922,-0.031553,0.040759,-4.175420,MOVE_JOINT
1.433000,0.453660,-0.170514,-0.132132,0.014701,-0.032784,0.041838,-4.180560,MOVE_JOINT
1.434000,0.453666,-0.170544,-0.132093,0.012792,-0.031824,0.041133,-4.186743,MOVE_JOINT
1.435000,0.453678,-0.170580,-0.132051,0.013009,-0.033102,0.041324,-4.193885,MOVE_JOINT
1.436000,0.453693,-0.170610,-0.132009,0.013052,-0.032033,0.041314,-4.201823,MOVE_JOINT
1.437000,0.453704,-0.170644,-0.131968,0.012446,-0.032232,0.041017,-4.210357,MOVE_JOINT
1.438000,0.453716,-0.170678,-0.131925,0.012610,-0.032833,0.041716,-4.219272,MOVE_JOINT
1.439000,0.453727,-0.170710,-0.131885,0.012593,-0.032747,0.041711,-4.228335,MOVE_JOINT
1.440000,0.453740,-0.170743,-0.131843,0.012712,-0.032740,0.041625,-4.237274,MOVE_JOINT
1.441000,0.453760,-0.170776,-0.131799,0.014809,-0.032723,0.042537,-4.245792,MOVE_JOINT
1.442000,0.453775,-0.170806,-0.131756,0.015108,-0.032026,0.042709,-4.253580,MOVE_JOINT
1.443000,0.453791,-0.170840,-0.131713,0.015829,-0.032783,0.043074,-4.260319,MOVE_JOINT
1.444000,0.453804,-0.170873,-0.131671,0.014311,-0.032449,0.042173,-4.265692,MOVE_JOINT
1.445000,0.453817,-0.170903,-0.131632,0.015116,-0.032011,0.041887,-4.269448,MOVE_JOINT
1.446000,0.453833,-0.170935,-0.131590,0.015502,-0.032400,0.042259,-4.271465,MOVE_JOINT
1.447000,0.453846,-0.170964,-0.131553,0.014370,-0.032104,0.040817,-4.271785,MOVE_JOINT
1.448000,0.453860,-0.170993,-0.131512,0.014831,-0.031139,0.041118,-4.270609,MOVE_JOINT
1.449000,0.453869,-0.171020,-0.131476,0.013191,-0.030389,0.039744,-4.268288,MOVE_JOINT
1.450000,0.453884,-0.171051,-0.131434,0.013265,-0.030656,0.040275,-4.265271,MOVE_JOINT
1.451000,0.453902,-0.171083,-0.131392,0.015275,-0.031166,0.040982,-4.262042,MOVE_JOINT
1.452000,0.453907,-0.171116,-0.131355,0.012035,-0.031907,0.039729,-4.259041,MOVE_JOINT
1.453000,0.453917,-0.171145,-0.131317,0.010872,-0.031314,0.038966,-4.256635,MOVE_JOINT
1.454000,0.453931,-0.171175,-0.131278,0.011413,-0.031018,0.038660,-4.255155,MOVE_JOINT
1.455000,0.453940,-0.171208,-0.131241,0.010755,-0.031645,0.038350,-4.254930,MOVE_JOINT
1.456000,0.453955,-0.171239,-0.131200,0.011964,-0.031597,0.038903,-4.256278,MOVE_JOINT
1.457000,0.453961,-0.171268,-0.131165,0.010819,-0.030551,0.038107,-4.259452,MOVE_JOINT
1.458000,0.453971,-0.171299,-0.131128,0.010907,-0.030116,0.037665,-4.264613,MOVE_JOINT
1.459000,0.453984,-0.171328,-0.131090,0.011236,-0.029756,0.037822,-4.271827,MOVE_JOINT
1.460000,0.453996,-0.171360,-0.131052,0.010999,-0.030851,0.037829,-4.281091,MOVE_JOINT
1.461000,0.454007,-0.171389,-0.131014,0.011311,-0.030463,0.038183,-4.292324,MOVE_JOINT
1.462000,0.454017,-0.171422,-0.130975,0.011398,-0.031124,0.038589,-4.305348,MOVE_JOINT
1.463000,0.454027,-0.171453,-0.130936,0.010436,-0.031362,0.038516,-4.319866,MOVE_JOINT
1.464000,0.454037,-0.171483,-0.130900,0.009863,-0.031225,0.037671,-4.335470,MOVE_JOINT
1.465000,0.454051,-0.171512,-0.130860,0.010976,-0.030509,0.038281,-4.351711,MOVE_JOINT
1.466000,0.454062,-0.171540,-0.130824,0.010659,-0.029646,0.037369,-4.368176,MOVE_JOINT
1.467000,0.454073,-0.171569,-0.130786,0.010513,-0.029295,0.037248,-4.384531,MOVE_JOINT
1.468000,0.454085,-0.171601,-0.130746,0.011478,-0.030132,0.038151,-4.400533,MOVE_JOINT
1.469000,0.454095,-0.171631,-0.130710,0.010713,-0.030154,0.037617,-4.415995,MOVE_JOINT
1.470000,0.454107,-0.171661,-0.130672,0.011349,-0.030195,0.037870,-4.430751,MOVE_JOINT
1.471000,0.454117,-0.171691,-0.130634,0.010237,-0.030119,0.037665,-4.444646,MOVE_JOINT
1.472000,0.454127,-0.171720,-0.130598,0.010360,-0.029847,0.037214,-4.457553,MOVE_JOINT
1.473000,0.454137,-0.171750,-0.130560,0.009571,-0.030020,0.037117,-4.469382,MOVE_JOINT
1.474000,0.454147,-0.171779,-0.130524,0.009286,-0.029854,0.036548,-4.480110,MOVE_JOINT
1.475000,0.454156,-0.171807,-0.130488,0.009999,-0.029465,0.036863,-4.489787,MOVE_JOINT
1.476000,0.454167,-0.171840,-0.130450,0.009961,-0.030378,0.037177,-4.498523,MOVE_JOINT
1.477000,0.454179,-0.171865,-0.130413,0.010626,-0.029238,0.037081,-4.506440,MOVE_JOINT
1.478000,0.454189,-0.171898,-0.130375,0.011060,-0.030052,0.037431,-4.513627,MOVE_JOINT
1.479000,0.454197,-0.171928,-0.130340,0.010271,-0.029806,0.036605,-4.520136,MOVE_JOINT
1.480000,0.454207,-0.171961,-0.130302,0.009485,-0.030660,0.036701,-4.526014,MOVE_JOINT
1.481000,0.454216,-0.171990,-0.130266,0.009136,-0.030576,0.036271,-4.531342,MOVE_JOINT
1.482000,0.454225,-0.172020,-0.130232,0.008438,-0.030906,0.035618,-4.536248,MOVE_JOINT
1.483000,0.454236,-0.172051,-0.130194,0.009041,-0.030603,0.036319,-4.540895,MOVE_JOINT
1.484000,0.454244,-0.172082,-0.130158,0.008967,-0.030957,0.036351,-4.545455,MOVE_JOINT
1.485000,0.454255,-0.172114,-0.130122,0.008430,-0.031193,0.035757,-4.550057,MOVE_JOINT
1.486000,0.454266,-0.172145,-0.130086,0.010093,-0.030656,0.036224,-4.554774,MOVE_JOINT
1.487000,0.454274,-0.172177,-0.130050,0.009801,-0.030660,0.036137,-4.559652,MOVE_JOINT
1.488000,0.454285,-0.172208,-0.130013,0.009852,-0.030878,0.036328,-4.564706,MOVE_JOINT
1.489000,0.454291,-0.172240,-0.129979,0.008982,-0.031007,0.035815,-4.569908,MOVE_JOINT
1.490000,0.454296,-0.172271,-0.129945,0.007753,-0.031116,0.035225,-4.575205,MOVE_JOINT
1.491000,0.454302,-0.172299,-0.129911,0.007641,-0.030066,0.034750,-4.580566,MOVE_JOINT
1.492000,0.454309,-0.172327,-0.129877,0.007518,-0.029047,0.035020,-4.586015,MOVE_JOINT
1.493000,0.454313,-0.172359,-0.129842,0.006002,-0.029969,0.034703,-4.591605,MOVE_JOINT
1.494000,0.454317,-0.172387,-0.129809,0.005662,-0.029402,0.034329,-4.597376,MOVE_JOINT
1.495000,0.454322,-0.172419,-0.129773,0.005734,-0.030461,0.034995,-4.603331,MOVE_JOINT
1.496000,0.454324,-0.172446,-0.129740,0.005402,-0.029519,0.034698,-4.609431,MOVE_JOINT
1.497000,0.454327,-0.172475,-0.129706,0.004148,-0.029812,0.034425,-4.615575,MOVE_JOINT
1.498000,0.454334,-0.172504,-0.129670,0.004385,-0.029375,0.034534,-4.621616,MOVE_JOINT
1.499000,0.454340,-0.172535,-0.129634,0.004504,-0.030439,0.034921,-4.627384,MOVE_JOINT
1.500000,0.454340,-0.172563,-0.129599,0.003531,-0.029665,0.034587,-4.632705,MOVE_JOINT
1.501000,0.454343,-0.172593,-0.129564,0.004141,-0.029530,0.034813,-4.637409,MOVE_JOINT
1.502000,0.454347,-0.172624,-0.129528,0.003285,-0.030176,0.034861,-4.641344,MOVE_JOINT
1.503000,0.454352,-0.172652,-0.129491,0.003827,-0.029196,0.035320,-4.644379,MOVE_JOINT
1.504000,0.454356,-0.172684,-0.129456,0.004108,-0.030053,0.035495,-4.646397,MOVE_JOINT
1.505000,0.454356,-0.172712,-0.129422,0.002573,-0.029541,0.034701,-4.647298,MOVE_JOINT
1.506000,0.454357,-0.172743,-0.129387,0.001959,-0.030017,0.034902,-4.647026,MOVE_JOINT
1.507000,0.454356,-0.172775,-0.129354,0.000260,-0.030223,0.033967,-4.645609,MOVE_JOINT
1.508000,0.454358,-0.172804,-0.129318,0.000765,-0.029857,0.034443,-4.643177,MOVE_JOINT
1.509000,0.454356,-0.172835,-0.129284,0.000356,-0.029786,0.034410,-4.639939,MOVE_JOINT
1.510000,0.454357,-0.172865,-0.129250,0.000488,-0.030208,0.034467,-4.636142,MOVE_JOINT
1.511000,0.454356,-0.172895,-0.129217,-0.000333,-0.030366,0.034002,-4.632034,MOVE_JOINT
1.512000,0.454357,-0.172926,-0.129183,0.000424,-0.030340,0.033959,-4.627857,MOVE_JOINT
1.513000,0.454356,-0.172957,-0.129151,-0.000053,-0.030347,0.033344,-4.623878,MOVE_JOINT
1.514000,0.454355,-0.172987,-0.129117,-0.001144,-0.030056,0.032952,-4.620403,MOVE_JOINT
1.515000,0.454351,-0.173020,-0.129084,-0.001682,-0.030348,0.032578,-4.617781,MOVE_JOINT
1.516000,0.454350,-0.173051,-0.129051,-0.002071,-0.030920,0.032697,-4.616376,MOVE_JOINT
1.517000,0.454352,-0.173080,-0.129017,-0.000146,-0.030088,0.033545,-4.616527,MOVE_JOINT
1.518000,0.454346,-0.173110,-0.128984,-0.001603,-0.030357,0.033625,-4.618467,MOVE_JOINT
1.519000,0.454342,-0.173142,-0.128952,-0.002103,-0.030943,0.033223,-4.622275,MOVE_JOINT
1.520000,0.454343,-0.173174,-0.128915,-0.001016,-0.031108,0.034456,-4.627857,MOVE_JOINT
1.521000,0.454345,-0.173205,-0.128880,0.000061,-0.030719,0.034766,-4.634982,MOVE_JOINT
1.522000,0.454336,-0.173237,-0.128848,-0.002488,-0.031003,0.034178,-4.643288,MOVE_JOINT
1.523000,0.454333,-0.173266,-0.128814,-0.002113,-0.030579,0.034110,-4.652333,MOVE_JOINT
1.524000,0.454322,-0.173303,-0.128781,-0.004222,-0.032673,0.034178,-4.661665,MOVE_JOINT
1.525000,0.454323,-0.173332,-0.128743,-0.002628,-0.031613,0.035076,-4.670877,MOVE_JOINT
1.526000,0.454317,-0.173362,-0.128711,-0.003572,-0.031321,0.034219,-4.679600,MOVE_JOINT
1.527000,0.454312,-0.173394,-0.128676,-0.002242,-0.031534,0.035610,-4.687495,MOVE_JOINT
1.528000,0.454302,-0.173425,-0.128644,-0.004704,-0.031599,0.034549,-4.694249,MOVE_JOINT
1.529000,0.454300,-0.173458,-0.128607,-0.004483,-0.032202,0.035238,-4.699577,MOVE_JOINT
1.530000,0.454294,-0.173489,-0.128574,-0.005711,-0.031972,0.034502,-4.703240,MOVE_JOINT
1.531000,0.454295,-0.173524,-0.128535,-0.004136,-0.032889,0.035337,-4.705078,MOVE_JOINT
1.532000,0.454286,-0.173555,-0.128503,-0.005942,-0.032886,0.034446,-4.705031,MOVE_JOINT
1.533000,0.454283,-0.173589,-0.128466,-0.004990,-0.032890,0.035121,-4.703139,MOVE_JOINT
1.534000,0.454280,-0.173621,-0.128431,-0.005065,-0.033081,0.034942,-4.699526,MOVE_JOINT
1.535000,0.454275,-0.173651,-0.128397,-0.004522,-0.031954,0.034828,-4.694378,MOVE_JOINT
1.536000,0.454269,-0.173684,-0.128362,-0.004737,-0.032024,0.034623,-4.687924,MOVE_JOINT
1.537000,0.454262,-0.173719,-0.128328,-0.005755,-0.032809,0.034643,-4.680445,MOVE_JOINT
1.538000,0.454259,-0.173751,-0.128291,-0.005024,-0.032077,0.034788,-4.672260,MOVE_JOINT
1.539000,0.454254,-0.173784,-0.128257,-0.005678,-0.032510,0.034578,-4.663691,MOVE_JOINT
1.540000,0.454244,-0.173816,-0.128225,-0.006472,-0.031892,0.034045,-4.655036,MOVE_JOINT
1.541000,0.454238,-0.173847,-0.128191,-0.005903,-0.031784,0.034333,-4.646574,MOVE_JOINT
1.542000,0.454233,-0.173881,-0.128157,-0.006090,-0.032525,0.033842,-4.638558,MOVE_JOINT
1.543000,0.454234,-0.173910,-0.128119,-0.003650,-0.031754,0.034919,-4.631210,MOVE_JOINT
1.544000,0.454229,-0.173941,-0.128086,-0.005068,-0.031422,0.033991,-4.624707,MOVE_JOINT
1.545000,0.454226,-0.173975,-0.128053,-0.003884,-0.032340,0.034232,-4.619168,MOVE_JOINT
1.546000,0.454225,-0.174008,-0.128017,-0.003431,-0.033021,0.034450,-4.614675,MOVE_JOINT
1.547000,0.454217,-0.174040,-0.127985,-0.004552,-0.032979,0.033704,-4.611288,MOVE_JOINT
1.548000,0.454214,-0.174073,-0.127952,-0.003869,-0.032495,0.033693,-4.609060,MOVE_JOINT
1.549000,0.454216,-0.174103,-0.127917,-0.001870,-0.031685,0.034123,-4.608036,MOVE_JOINT
1.550000,0.454210,-0.174135,-0.127886,-0.002342,-0.031737,0.033643,-4.608242,MOVE_JOINT
1.551000,0.454207,-0.174166,-0.127852,-0.002783,-0.031514,0.033607,-4.609667,MOVE_JOINT
1.552000,0.454206,-0.174197,-0.127817,-0.002412,-0.031475,0.033810,-4.612260,MOVE_JOINT
1.553000,0.454204,-0.174229,-0.127783,-0.002580,-0.032237,0.034098,-4.615921,MOVE_JOINT
1.554000,0.454206,-0.174261,-0.127745,-0.001901,-0.032994,0.034683,-4.620478,MOVE_JOINT
1.555000,0.454200,-0.174288,-0.127714,-0.002926,-0.030852,0.034095,-4.625678,MOVE_JOINT
1.556000,0.454195,-0.174319,-0.127681,-0.003854,-0.030890,0.033423,-4.631203,MOVE_JOINT
1.557000,0.454204,-0.174352,-0.127640,-0.000559,-0.031608,0.035723,-4.636705,MOVE_JOINT
1.558000,0.454199,-0.174380,-0.127608,-0.001920,-0.030262,0.034380,-4.641813,MOVE_JOINT
1.559000,0.454203,-0.174407,-0.127571,-0.001131,-0.029164,0.034659,-4.646140,MOVE_JOINT
1.560000,0.454198,-0.174436,-0.127540,-0.002314,-0.029513,0.033812,-4.649319,MOVE_JOINT
1.561000,0.454204,-0.174464,-0.127504,-0.000704,-0.029121,0.034177,-4.651072,MOVE_JOINT
1.562000,0.454211,-0.174490,-0.127466,0.002484,-0.028611,0.035579,-4.651236,MOVE_JOINT
1.563000,0.454212,-0.174518,-0.127432,0.002767,-0.028264,0.035278,-4.649719,MOVE_JOINT
1.564000,0.454213,-0.174544,-0.127397,0.002756,-0.027579,0.035058,-4.646454,MOVE_JOINT
1.565000,0.454217,-0.174573,-0.127360,0.002860,-0.027761,0.035428,-4.641400,MOVE_JOINT
1.566000,0.454222,-0.174600,-0.127325,0.004029,-0.026915,0.035302,-4.634557,MOVE_JOINT
1.567000,0.454226,-0.174630,-0.127289,0.004752,-0.027444,0.035850,-4.625970,MOVE_JOINT
1.568000,0.454226,-0.174658,-0.127255,0.003820,-0.027155,0.035194,-4.615729,MOVE_JOINT
1.569000,0.454232,-0.174687,-0.127218,0.004818,-0.027309,0.035944,-4.603969,MOVE_JOINT
1.570000,0.454234,-0.174712,-0.127185,0.004271,-0.026840,0.035492,-4.590873,MOVE_JOINT
1.571000,0.454234,-0.174739,-0.127151,0.003195,-0.027229,0.035035,-4.576670,MOVE_JOINT
1.572000,0.454236,-0.174770,-0.127115,0.002369,-0.028047,0.034935,-4.561636,MOVE_JOINT
1.573000,0.454238,-0.174799,-0.127080,0.002251,-0.028139,0.034979,-4.546102,MOVE_JOINT
1.574000,0.454238,-0.174825,-0.127047,0.002023,-0.027392,0.034272,-4.530431,MOVE_JOINT
1.575000,0.454247,-0.174851,-0.127009,0.003880,-0.026972,0.035357,-4.514995,MOVE_JOINT
1.576000,0.454246,-0.174878,-0.126976,0.003055,-0.026470,0.034579,-4.500143,MOVE_JOINT
1.577000,0.454251,-0.174905,-0.126941,0.003160,-0.025728,0.034450,-4.486166,MOVE_JOINT
1.578000,0.454251,-0.174934,-0.126907,0.002861,-0.026909,0.034624,-4.473298,MOVE_JOINT
1.579000,0.454254,-0.174960,-0.126871,0.002977,-0.026658,0.035108,-4.461713,MOVE_JOINT
1.580000,0.454256,-0.174989,-0.126835,0.002347,-0.027598,0.035298,-4.451512,MOVE_JOINT
1.581000,0.454258,-0.175016,-0.126801,0.001920,-0.027114,0.035205,-4.442699,MOVE_JOINT
1.582000,0.454257,-0.175041,-0.126768,0.001104,-0.026378,0.034427,-4.435201,MOVE_JOINT
1.583000,0.454262,-0.175071,-0.126730,0.001938,-0.027488,0.035670,-4.428908,MOVE_JOINT
1.584000,0.454261,-0.175101,-0.126696,0.001331,-0.028216,0.035290,-4.423693,MOVE_JOINT
1.585000,0.454263,-0.175126,-0.126661,0.002093,-0.027218,0.035547,-4.419395,MOVE_JOINT
1.586000,0.454263,-0.175154,-0.126625,0.001600,-0.027373,0.035707,-4.415837,MOVE_JOINT
1.587000,0.454266,-0.175182,-0.126587,0.001556,-0.027781,0.036044,-4.412835,MOVE_JOINT
1.588000,0.454264,-0.175211,-0.126552,0.000164,-0.028483,0.035705,-4.410206,MOVE_JOINT
1.589000,0.454266,-0.175241,-0.126513,0.000668,-0.029192,0.036495,-4.407759,MOVE_JOINT
1.590000,0.454262,-0.175274,-0.126479,-0.001502,-0.029937,0.035591,-4.405308,MOVE_JOINT
1.591000,0.454260,-0.175302,-0.126444,-0.002058,-0.029184,0.035164,-4.402698,MOVE_JOINT
1.592000,0.454256,-0.175331,-0.126410,-0.001947,-0.029572,0.035334,-4.399848,MOVE_JOINT
1.593000,0.454255,-0.175360,-0.126374,-0.001686,-0.029765,0.035403,-4.396772,MOVE_JOINT
1.594000,0.454253,-0.175391,-0.126339,-0.001473,-0.029737,0.035435,-4.393552,MOVE_JOINT
1.595000,0.454251,-0.175422,-0.126303,-0.001208,-0.029997,0.035742,-4.390302,MOVE_JOINT
1.596000,0.454251,-0.175453,-0.126265,-0.001288,-0.030706,0.036108,-4.387133,MOVE_JOINT
1.597000,0.454247,-0.175482,-0.126230,-0.002011,-0.030328,0.035682,-4.384122,MOVE_JOINT
1.598000,0.454244,-0.175512,-0.126195,-0.001323,-0.030477,0.035780,-4.381315,MOVE_JOINT
1.599000,0.454242,-0.175545,-0.126159,-0.001839,-0.031472,0.036042,-4.378744,MOVE_JOINT
1.600000,0.454236,-0.175574,-0.126125,-0.002602,-0.030369,0.035328,-4.376447,MOVE_JOINT
1.601000,0.454236,-0.175609,-0.126087,-0.002157,-0.031251,0.035831,-4.374455,MOVE_JOINT
1.602000,0.454223,-0.175640,-0.126058,-0.005275,-0.031330,0.033798,-4.372804,MOVE_JOINT
1.603000,0.454222,-0.175671,-0.126021,-0.003583,-0.030795,0.034990,-4.371571,MOVE_JOINT
1.604000,0.454214,-0.175703,-0.125987,-0.005260,-0.031444,0.034339,-4.370885,MOVE_JOINT
1.605000,0.454210,-0.175734,-0.125953,-0.004952,-0.031386,0.034168,-4.370888,MOVE_JOINT
1.606000,0.454205,-0.175763,-0.125919,-0.004663,-0.030794,0.034067,-4.371698,MOVE_JOINT
1.607000,0.454198,-0.175793,-0.125887,-0.005651,-0.030012,0.033108,-4.373416,MOVE_JOINT
1.608000,0.454194,-0.175823,-0.125854,-0.004905,-0.030246,0.033449,-4.376129,MOVE_JOINT
1.609000,0.454190,-0.175852,-0.125819,-0.004998,-0.029978,0.033643,-4.379902,MOVE_JOINT
1.610000,0.454191,-0.175882,-0.125783,-0.002710,-0.029656,0.034787,-4.384741,MOVE_JOINT
1.611000,0.454186,-0.175915,-0.125748,-0.003581,-0.030737,0.034689,-4.390530,MOVE_JOINT
1.612000,0.454182,-0.175942,-0.125714,-0.003426,-0.030058,0.034819,-4.397023,MOVE_JOINT
1.613000,0.454180,-0.175971,-0.125680,-0.003466,-0.029262,0.034346,-4.403876,MOVE_JOINT
1.614000,0.454178,-0.176000,-0.125643,-0.002954,-0.029392,0.034826,-4.410712,MOVE_JOINT
1.615000,0.454172,-0.176030,-0.125609,-0.004029,-0.029738,0.034682,-4.417162,MOVE_JOINT
1.616000,0.454172,-0.176060,-0.125572,-0.003222,-0.029659,0.034923,-4.422890,MOVE_JOINT
1.617000,0.454169,-0.176091,-0.125537,-0.003575,-0.030288,0.034842,-4.427599,MOVE_JOINT
1.618000,0.454164,-0.176117,-0.125502,-0.004178,-0.028994,0.034846,-4.431050,MOVE_JOINT
1.619000,0.454161,-0.176147,-0.125466,-0.003267,-0.028692,0.035168,-4.433060,MOVE_JOINT
1.620000,0.454157,-0.176178,-0.125431,-0.003368,-0.029955,0.035380,-4.433492,MOVE_JOINT
1.621000,0.454151,-0.176206,-0.125396,-0.004120,-0.029238,0.035328,-4.432248,MOVE_JOINT
1.622000,0.454146,-0.176237,-0.125363,-0.004809,-0.029677,0.034452,-4.429281,MOVE_JOINT
1.623000,0.454141,-0.176266,-0.125329,-0.005028,-0.029879,0.034464,-4.424629,MOVE_JOINT
1.624000,0.454136,-0.176296,-0.125297,-0.004645,-0.029753,0.033692,-4.418458,MOVE_JOINT
1.625000,0.454131,-0.176325,-0.125263,-0.004368,-0.029542,0.034022,-4.411077,MOVE_JOINT
1.626000,0.454128,-0.176358,-0.125228,-0.004704,-0.030577,0.033969,-4.402903,MOVE_JOINT
1.627000,0.454125,-0.176385,-0.125195,-0.004565,-0.029422,0.033524,-4.394392,MOVE_JOINT
1.628000,0.454120,-0.176415,-0.125162,-0.004100,-0.029417,0.033693,-4.385985,MOVE_JOINT
1.629000,0.454116,-0.176449,-0.125127,-0.004192,-0.030712,0.033693,-4.378091,MOVE_JOINT
1.630000,0.454116,-0.176479,-0.125093,-0.003553,-0.030429,0.033669,-4.371064,MOVE_JOINT
1.631000,0.454107,-0.176508,-0.125061,-0.005237,-0.030332,0.032930,-4.365201,MOVE_JOINT
1.632000,0.454105,-0.176539,-0.125027,-0.005015,-0.030251,0.032920,-4.360744,MOVE_JOINT
1.633000,0.454102,-0.176570,-0.124994,-0.004762,-0.030578,0.032842,-4.357884,MOVE_JOINT
1.634000,0.454096,-0.176599,-0.124962,-0.004906,-0.030142,0.032787,-4.356758,MOVE_JOINT
1.635000,0.454088,-0.176631,-0.124930,-0.006173,-0.031072,0.032578,-4.357437,MOVE_JOINT
1.636000,0.454082,-0.176659,-0.124898,-0.006594,-0.030492,0.032179,-4.359919,MOVE_JOINT
1.637000,0.454080,-0.176690,-0.124863,-0.005226,-0.030530,0.033037,-4.364134,MOVE_JOINT
1.638000,0.454077,-0.176720,-0.124830,-0.005283,-0.030320,0.032755,-4.369933,MOVE_JOINT
1.639000,0.454073,-0.176752,-0.124798,-0.004983,-0.030683,0.032595,-4.377101,MOVE_JOINT
1.640000,0.454072,-0.176779,-0.124763,-0.003841,-0.029601,0.033004,-4.385380,MOVE_JOINT
1.641000,0.454068,-0.176811,-0.124731,-0.004184,-0.030352,0.032614,-4.394493,MOVE_JOINT
1.642000,0.454065,-0.176837,-0.124697,-0.004377,-0.029501,0.032779,-4.404158,MOVE_JOINT
1.643000,0.454064,-0.176866,-0.124662,-0.003524,-0.029283,0.033348,-4.414094,MOVE_JOINT
1.644000,0.454062,-0.176895,-0.124629,-0.003528,-0.029240,0.032842,-4.424008,MOVE_JOINT
1.645000,0.454058,-0.176920,-0.124598,-0.004600,-0.028022,0.031783,-4.433614,MOVE_JOINT
1.646000,0.454053,-0.176951,-0.124566,-0.004860,-0.029556,0.032201,-4.442711,MOVE_JOINT
1.647000,0.454053,-0.176980,-0.124533,-0.003607,-0.028917,0.032306,-4.451216,MOVE_JOINT
1.648000,0.454049,-0.177010,-0.124499,-0.003005,-0.029205,0.033325,-4.459135,MOVE_JOINT
1.649000,0.454050,-0.177036,-0.124465,-0.001964,-0.028093,0.033281,-4.466471,MOVE_JOINT
1.650000,0.454047,-0.177065,-0.124431,-0.002575,-0.028384,0.032988,-4.473170,MOVE_JOINT
1.651000,0.454046,-0.177092,-0.124399,-0.002174,-0.028332,0.033055,-4.479137,MOVE_JOINT
1.652000,0.454048,-0.177122,-0.124363,-0.001688,-0.028723,0.033805,-4.484284,MOVE_JOINT
1.653000,0.454044,-0.177153,-0.124330,-0.002608,-0.030022,0.033729,-4.488536,MOVE_JOINT
1.654000,0.454046,-0.177181,-0.124294,-0.000746,-0.029057,0.034494,-4.491804,MOVE_JOINT
1.655000,0.454046,-0.177209,-0.124261,-0.000473,-0.028748,0.034282,-4.493970,MOVE_JOINT
1.656000,0.454040,-0.177239,-0.124230,-0.001877,-0.029091,0.033172,-4.494919,MOVE_JOINT
1.657000,0.454041,-0.177267,-0.124197,-0.001133,-0.028827,0.033137,-4.494615,MOVE_JOINT
1.658000,0.454039,-0.177293,-0.124164,-0.000934,-0.028016,0.033057,-4.493157,MOVE_JOINT
1.659000,0.454040,-0.177327,-0.124130,-0.000877,-0.029978,0.033490,-4.490759,MOVE_JOINT
1.660000,0.454041,-0.177356,-0.124096,0.000092,-0.029494,0.033921,-4.487668,MOVE_JOINT
1.661000,0.454040,-0.177385,-0.124064,0.001201,-0.029343,0.033906,-4.484094,MOVE_JOINT
1.662000,0.454042,-0.177414,-0.124030,0.002151,-0.028813,0.034194,-4.480186,MOVE_JOINT
1.663000,0.454042,-0.177441,-0.123997,0.001808,-0.028599,0.034084,-4.476038,MOVE_JOINT
1.664000,0.454037,-0.177470,-0.123968,-0.000008,-0.029124,0.032770,-4.471700,MOVE_JOINT
1.665000,0.454041,-0.177497,-0.123933,0.000870,-0.028397,0.033285,-4.467236,MOVE_JOINT
1.666000,0.454038,-0.177526,-0.123900,-0.000509,-0.028618,0.033157,-4.462753,MOVE_JOINT
1.667000,0.454034,-0.177554,-0.123870,-0.002162,-0.028245,0.031871,-4.458381,MOVE_JOINT
1.668000,0.454030,-0.177585,-0.123839,-0.002566,-0.028870,0.031585,-4.454266,MOVE_JOINT
1.669000,0.454028,-0.177613,-0.123806,-0.002016,-0.028745,0.032366,-4.450594,MOVE_JOINT
1.670000,0.454026,-0.177640,-0.123773,-0.002230,-0.027824,0.032711,-4.447555,MOVE_JOINT
1.671000,0.454025,-0.177665,-0.123740,-0.001827,-0.027298,0.032596,-4.445249,MOVE_JOINT
1.672000,0.454017,-0.177695,-0.123709,-0.003685,-0.028058,0.032105,-4.443636,MOVE_JOINT
1.673000,0.454018,-0.177725,-0.123673,-0.002324,-0.028415,0.033303,-4.442576,MOVE_JOINT
1.674000,0.454015,-0.177753,-0.123641,-0.001724,-0.028691,0.033424,-4.441861,MOVE_JOINT
1.675000,0.454013,-0.177777,-0.123607,-0.001625,-0.027138,0.033453,-4.441227,MOVE_JOINT
1.676000,0.454008,-0.177808,-0.123573,-0.003217,-0.028600,0.033427,-4.440364,MOVE_JOINT
1.677000,0.454006,-0.177837,-0.123539,-0.002988,-0.028845,0.033536,-4.438968,MOVE_JOINT
1.678000,0.454004,-0.177864,-0.123506,-0.003492,-0.028655,0.032935,-4.436783,MOVE_JOINT
1.679000,0.454001,-0.177891,-0.123471,-0.003086,-0.028766,0.033928,-4.433646,MOVE_JOINT
1.680000,0.453997,-0.177921,-0.123438,-0.002979,-0.028760,0.033823,-4.429497,MOVE_JOINT
1.681000,0.453995,-0.177951,-0.123402,-0.002461,-0.029322,0.034549,-4.424339,MOVE_JOINT
1.682000,0.453991,-0.177982,-0.123367,-0.002643,-0.030286,0.034915,-4.418187,MOVE_JOINT
1.683000,0.453987,-0.178008,-0.123336,-0.003781,-0.028988,0.033416,-4.411064,MOVE_JOINT
1.684000,0.453983,-0.178035,-0.123302,-0.003767,-0.028443,0.033732,-4.403050,MOVE_JOINT
1.685000,0.453979,-0.178066,-0.123268,-0.003724,-0.029058,0.033883,-4.394343,MOVE_JOINT
1.686000,0.453970,-0.178096,-0.123236,-0.004845,-0.029574,0.033447,-4.385254,MOVE_JOINT
1.687000,0.453964,-0.178121,-0.123204,-0.005052,-0.027670,0.032974,-4.376169,MOVE_JOINT
1.688000,0.453959,-0.178154,-0.123169,-0.005160,-0.029352,0.033597,-4.367523,MOVE_JOINT
1.689000,0.453953,-0.178182,-0.123137,-0.005582,-0.028935,0.032983,-4.359762,MOVE_JOINT
1.690000,0.453944,-0.178210,-0.123107,-0.006069,-0.028989,0.032804,-4.353304,MOVE_JOINT
1.691000,0.453938,-0.178243,-0.123073,-0.006353,-0.030560,0.032922,-4.348528,MOVE_JOINT
1.692000,0.453936,-0.178271,-0.123039,-0.005414,-0.029623,0.033292,-4.345756,MOVE_JOINT
1.693000,0.453927,-0.178300,-0.123007,-0.005765,-0.029366,0.033168,-4.345219,MOVE_JOINT
1.694000,0.453919,-0.178328,-0.122975,-0.006719,-0.029326,0.032777,-4.347043,MOVE_JOINT
1.695000,0.453915,-0.178358,-0.122941,-0.005893,-0.029066,0.033491,-4.351249,MOVE_JOINT
1.696000,0.453904,-0.178390,-0.122910,-0.008283,-0.030243,0.032470,-4.357772,MOVE_JOINT
1.697000,0.453902,-0.178419,-0.122874,-0.006114,-0.029997,0.033808,-4.366481,MOVE_JOINT
1.698000,0.453895,-0.178448,-0.122840,-0.006787,-0.029677,0.033447,-4.377193,MOVE_JOINT
1.699000,0.453888,-0.178479,-0.122805,-0.007360,-0.030439,0.033708,-4.389678,MOVE_JOINT
1.700000,0.453883,-0.178511,-0.122769,-0.006988,-0.030770,0.034413,-4.403653,MOVE_JOINT
1.701000,0.453872,-0.178541,-0.122737,-0.008038,-0.030401,0.033837,-4.418785,MOVE_JOINT
1.702000,0.453860,-0.178572,-0.122704,-0.009342,-0.030466,0.033353,-4.434715,MOVE_JOINT
1.703000,0.453852,-0.178604,-0.122669,-0.008697,-0.030533,0.033755,-4.451107,MOVE_JOINT
1.704000,0.453847,-0.178635,-0.122633,-0.007957,-0.031237,0.034421,-4.467685,MOVE_JOINT
1.705000,0.453839,-0.178665,-0.122598,-0.008121,-0.030996,0.034636,-4.484199,MOVE_JOINT
1.706000,0.453832,-0.178697,-0.122562,-0.007630,-0.031139,0.035184,-4.500390,MOVE_JOINT
1.707000,0.453824,-0.178726,-0.122528,-0.008424,-0.030445,0.034603,-4.515970,MOVE_JOINT
1.708000,0.453817,-0.178759,-0.122492,-0.007788,-0.030848,0.035095,-4.530658,MOVE_JOINT
1.709000,0.453806,-0.178790,-0.122459,-0.009081,-0.030659,0.034044,-4.544218,MOVE_JOINT
1.710000,0.453795,-0.178822,-0.122425,-0.009595,-0.031163,0.034033,-4.556516,MOVE_JOINT
1.711000,0.453784,-0.178853,-0.122391,-0.009610,-0.031371,0.034022,-4.567541,MOVE_JOINT
1.712000,0.453774,-0.178883,-0.122358,-0.010026,-0.030948,0.033519,-4.577402,MOVE_JOINT
1.713000,0.453763,-0.178915,-0.122323,-0.009775,-0.030745,0.034070,-4.586288,MOVE_JOINT
1.714000,0.453753,-0.178947,-0.122288,-0.009773,-0.031452,0.034678,-4.594415,MOVE_JOINT
1.715000,0.453737,-0.178981,-0.122257,-0.011649,-0.032256,0.033851,-4.601956,MOVE_JOINT
1.716000,0.453726,-0.179012,-0.122223,-0.011996,-0.032331,0.033921,-4.609024,MOVE_JOINT
1.717000,0.453716,-0.179044,-0.122188,-0.010785,-0.032071,0.034219,-4.615702,MOVE_JOINT
1.718000,0.453702,-0.179078,-0.122156,-0.011867,-0.032610,0.033450,-4.622067,MOVE_JOINT
1.719000,0.453694,-0.179107,-0.122121,-0.010128,-0.031392,0.034134,-4.628203,MOVE_JOINT
1.720000,0.453684,-0.179141,-0.122087,-0.010464,-0.032076,0.033950,-4.634193,MOVE_JOINT
1.721000,0.453669,-0.179174,-0.122056,-0.011778,-0.031970,0.032930,-4.640110,MOVE_JOINT
1.722000,0.453660,-0.179206,-0.122022,-0.011564,-0.032156,0.032904,-4.646030,MOVE_JOINT
1.723000,0.453647,-0.179239,-0.121989,-0.011507,-0.032710,0.033225,-4.652059,MOVE_JOINT
1.724000,0.453638,-0.179269,-0.121955,-0.010422,-0.032490,0.033750,-4.658308,MOVE_JOINT
1.725000,0.453633,-0.179299,-0.121919,-0.009369,-0.031781,0.034213,-4.664829,MOVE_JOINT
1.726000,0.453619,-0.179331,-0.121887,-0.011079,-0.031940,0.033411,-4.671562,MOVE_JOINT
1.727000,0.453607,-0.179364,-0.121854,-0.011695,-0.032113,0.033205,-4.678354,MOVE_JOINT
1.728000,0.453595,-0.179394,-0.121821,-0.011811,-0.031509,0.033121,-4.685024,MOVE_JOINT
1.729000,0.453584,-0.179426,-0.121787,-0.012222,-0.031763,0.033100,-4.691403,MOVE_JOINT
1.730000,0.453575,-0.179461,-0.121751,-0.011221,-0.033026,0.033722,-4.697334,MOVE_JOINT
1.731000,0.453563,-0.179493,-0.121717,-0.012412,-0.032478,0.033538,-4.702655,MOVE_JOINT
1.732000,0.453552,-0.179526,-0.121683,-0.012540,-0.032806,0.033418,-4.707188,MOVE_JOINT
1.733000,0.453541,-0.179556,-0.121650,-0.012398,-0.032207,0.033220,-4.710755,MOVE_JOINT
1.734000,0.453537,-0.179591,-0.121612,-0.009998,-0.032837,0.034630,-4.713199,MOVE_JOINT
1.735000,0.453527,-0.179619,-0.121579,-0.010610,-0.032152,0.034053,-4.714377,MOVE_JOINT
1.736000,0.453524,-0.179653,-0.121541,-0.008314,-0.032701,0.035081,-4.714131,MOVE_JOINT
1.737000,0.453514,-0.179683,-0.121509,-0.009304,-0.032127,0.034105,-4.712306,MOVE_JOINT
1.738000,0.453516,-0.179714,-0.121468,-0.005906,-0.031944,0.035969,-4.708781,MOVE_JOINT
1.739000,0.453514,-0.179745,-0.121431,-0.004711,-0.031309,0.036273,-4.703466,MOVE_JOINT
1.740000,0.453506,-0.179771,-0.121397,-0.005316,-0.029510,0.035779,-4.696259,MOVE_JOINT
1.741000,0.453503,-0.179801,-0.121362,-0.004068,-0.029592,0.036064,-4.687040,MOVE_JOINT
1.742000,0.453497,-0.179832,-0.121326,-0.005085,-0.030189,0.035772,-4.675713,MOVE_JOINT
1.743000,0.453493,-0.179862,-0.121294,-0.004446,-0.029642,0.035112,-4.662276,MOVE_JOINT
1.744000,0.453487,-0.179891,-0.121260,-0.004166,-0.029368,0.034796,-4.646863,MOVE_JOINT
1.745000,0.453487,-0.179923,-0.121223,-0.002587,-0.030052,0.035730,-4.629771,MOVE_JOINT
1.746000,0.453485,-0.179952,-0.121187,-0.002495,-0.030224,0.035649,-4.611399,MOVE_JOINT
1.747000,0.453485,-0.179980,-0.121152,-0.001499,-0.029447,0.035479,-4.592168,MOVE_JOINT
1.748000,0.453484,-0.180011,-0.121116,-0.002068,-0.029087,0.035068,-4.572475,MOVE_JOINT
1.749000,0.453481,-0.180041,-0.121082,-0.002537,-0.029855,0.034802,-4.552705,MOVE_JOINT
1.750000,0.453483,-0.180071,-0.121045,-0.001344,-0.029800,0.035299,-4.533239,MOVE_JOINT
1.751000,0.453483,-0.180099,-0.121011,-0.001829,-0.029756,0.034839,-4.514446,MOVE_JOINT
1.752000,0.453479,-0.180128,-0.120977,-0.002208,-0.029474,0.034582,-4.496658,MOVE_JOINT
1.753000,0.453475,-0.180157,-0.120945,-0.002437,-0.029619,0.034089,-4.480174,MOVE_JOINT
1.754000,0.453476,-0.180186,-0.120909,-0.001879,-0.029144,0.034447,-4.465265,MOVE_JOINT
1.755000,0.453472,-0.180214,-0.120875,-0.002807,-0.029088,0.034128,-4.452170,MOVE_JOINT
1.756000,0.453470,-0.180243,-0.120840,-0.002827,-0.029187,0.034448,-4.441063,MOVE_JOINT
1.757000,0.453469,-0.180274,-0.120805,-0.002302,-0.029621,0.034626,-4.432032,MOVE_JOINT
1.758000,0.453464,-0.180303,-0.120771,-0.003895,-0.029889,0.034194,-4.425074,MOVE_JOINT
1.759000,0.453463,-0.180332,-0.120735,-0.002629,-0.029409,0.035010,-4.420101,MOVE_JOINT
1.760000,0.453464,-0.180362,-0.120697,-0.000895,-0.029876,0.036300,-4.416946,MOVE_JOINT
1.761000,0.453455,-0.180391,-0.120667,-0.003530,-0.029361,0.034285,-4.415336,MOVE_JOINT
1.762000,0.453454,-0.180423,-0.120630,-0.003087,-0.029747,0.034796,-4.414950,MOVE_JOINT
1.763000,0.453444,-0.180451,-0.120599,-0.005027,-0.028978,0.033581,-4.415516,MOVE_JOINT
1.764000,0.453446,-0.180479,-0.120563,-0.003121,-0.029286,0.034299,-4.416881,MOVE_JOINT
1.765000,0.453449,-0.180513,-0.120524,-0.001905,-0.030475,0.035571,-4.418992,MOVE_JOINT
1.766000,0.453446,-0.180539,-0.120491,-0.002233,-0.029533,0.035125,-4.421826,MOVE_JOINT
1.767000,0.453448,-0.180570,-0.120454,-0.000415,-0.030010,0.035840,-4.425310,MOVE_JOINT
1.768000,0.453445,-0.180598,-0.120421,-0.001497,-0.029892,0.035144,-4.429310,MOVE_JOINT
1.769000,0.453444,-0.180626,-0.120387,-0.001531,-0.029727,0.034621,-4.433681,MOVE_JOINT
1.770000,0.453436,-0.180660,-0.120355,-0.002382,-0.030818,0.034510,-4.438329,MOVE_JOINT
1.771000,0.453438,-0.180686,-0.120319,-0.000966,-0.029326,0.035098,-4.443243,MOVE_JOINT
1.772000,0.453441,-0.180715,-0.120283,0.000839,-0.028870,0.035375,-4.448456,MOVE_JOINT
1.773000,0.453439,-0.180746,-0.120249,-0.000203,-0.029190,0.034817,-4.453989,MOVE_JOINT
1.774000,0.453435,-0.180776,-0.120216,-0.001083,-0.029872,0.034554,-4.459835,MOVE_JOINT
1.775000,0.453430,-0.180807,-0.120184,-0.002066,-0.030258,0.033861,-4.465989,MOVE_JOINT
1.776000,0.453430,-0.180835,-0.120149,-0.000979,-0.029578,0.034313,-4.472476,MOVE_JOINT
1.777000,0.453432,-0.180862,-0.120115,-0.000673,-0.029189,0.034159,-4.479351,MOVE_JOINT
1.778000,0.453424,-0.180893,-0.120082,-0.003329,-0.029605,0.033422,-4.486662,MOVE_JOINT
1.779000,0.453425,-0.180924,-0.120047,-0.002535,-0.030130,0.033590,-4.494439,MOVE_JOINT
1.780000,0.453423,-0.180954,-0.120012,-0.002059,-0.030023,0.034148,-4.502685,MOVE_JOINT
1.781000,0.453424,-0.180987,-0.119976,-0.000729,-0.030968,0.035148,-4.511349,MOVE_JOINT
1.782000,0.453419,-0.181018,-0.119941,-0.002331,-0.031152,0.034781,-4.520272,MOVE_JOINT
1.783000,0.453422,-0.181050,-0.119903,-0.001057,-0.031751,0.035936,-4.529167,MOVE_JOINT
1.784000,0.453419,-0.181081,-0.119869,-0.002633,-0.031659,0.034994,-4.537643,MOVE_JOINT
1.785000,0.453419,-0.181115,-0.119832,-0.001729,-0.032580,0.035436,-4.545263,MOVE_JOINT
1.786000,0.453414,-0.181144,-0.119799,-0.002822,-0.031634,0.034912,-4.551623,MOVE_JOINT
1.787000,0.453417,-0.181176,-0.119761,-0.000998,-0.031522,0.036007,-4.556397,MOVE_JOINT
1.788000,0.453416,-0.181209,-0.119725,-0.001523,-0.032126,0.035822,-4.559321,MOVE_JOINT
1.789000,0.453415,-0.181237,-0.119690,-0.001169,-0.030257,0.035410,-4.560164,MOVE_JOINT
1.790000,0.453411,-0.181271,-0.119654,-0.001948,-0.031348,0.035497,-4.558759,MOVE_JOINT
1.791000,0.453412,-0.181305,-0.119617,-0.001212,-0.032111,0.035551,-4.555038,MOVE_JOINT
1.792000,0.453409,-0.181335,-0.119582,-0.001944,-0.031610,0.035224,-4.549052,MOVE_JOINT
1.793000,0.453409,-0.181368,-0.119545,-0.001001,-0.031546,0.035567,-4.540967,MOVE_JOINT
1.794000,0.453402,-0.181401,-0.119512,-0.002375,-0.032048,0.035007,-4.531048,MOVE_JOINT
1.795000,0.453402,-0.181428,-0.119479,-0.001776,-0.031112,0.034578,-4.519635,MOVE_JOINT
1.796000,0.453398,-0.181461,-0.119445,-0.002510,-0.031451,0.034190,-4.507149,MOVE_JOINT
1.797000,0.453392,-0.181493,-0.119413,-0.004185,-0.031396,0.033196,-4.494091,MOVE_JOINT
1.798000,0.453390,-0.181524,-0.119380,-0.003803,-0.030916,0.033060,-4.481038,MOVE_JOINT
1.799000,0.453385,-0.181555,-0.119348,-0.005093,-0.030824,0.032354,-4.468606,MOVE_JOINT
1.800000,0.453380,-0.181584,-0.119316,-0.005287,-0.030432,0.032024,-4.457417,MOVE_JOINT
1.801000,0.453379,-0.181616,-0.119283,-0.004561,-0.030733,0.032204,-4.448052,MOVE_JOINT
1.802000,0.453372,-0.181645,-0.119253,-0.004949,-0.030623,0.031562,-4.441016,MOVE_JOINT
1.803000,0.453367,-0.181675,-0.119222,-0.004896,-0.030180,0.031565,-4.436713,MOVE_JOINT
1.804000,0.453367,-0.181706,-0.119187,-0.003440,-0.030826,0.032705,-4.435429,MOVE_JOINT
1.805000,0.453363,-0.181735,-0.119157,-0.003394,-0.030654,0.032077,-4.437288,MOVE_JOINT
1.806000,0.453357,-0.181764,-0.119127,-0.003579,-0.030687,0.031643,-4.442244,MOVE_JOINT
1.807000,0.453354,-0.181791,-0.119096,-0.004258,-0.029869,0.031289,-4.450129,MOVE_JOINT
1.808000,0.453348,-0.181823,-0.119065,-0.004188,-0.030652,0.031410,-4.460721,MOVE_JOINT
1.809000,0.453343,-0.181853,-0.119036,-0.003997,-0.030475,0.031187,-4.473772,MOVE_JOINT
1.810000,0.453343,-0.181880,-0.119002,-0.003254,-0.029617,0.031544,-4.489012,MOVE_JOINT
1.811000,0.453339,-0.181911,-0.118972,-0.003097,-0.030255,0.031333,-4.506140,MOVE_JOINT
1.812000,0.453336,-0.181938,-0.118941,-0.002494,-0.029011,0.031498,-4.524812,MOVE_JOINT
1.813000,0.453331,-0.181968,-0.118911,-0.003082,-0.029241,0.030841,-4.544650,MOVE_JOINT
1.814000,0.453335,-0.181997,-0.118877,-0.000667,-0.028850,0.031671,-4.565262,MOVE_JOINT
1.815000,0.453334,-0.182029,-0.118845,-0.000267,-0.029691,0.031819,-4.586270,MOVE_JOINT
1.816000,0.453336,-0.182056,-0.118814,-0.000225,-0.029392,0.031725,-4.607304,MOVE_JOINT
1.817000,0.453337,-0.182086,-0.118781,0.000649,-0.029820,0.031796,-4.628015,MOVE_JOINT
1.818000,0.453338,-0.182113,-0.118751,0.000978,-0.028618,0.031582,-4.648098,MOVE_JOINT
1.819000,0.453338,-0.182142,-0.118719,0.001129,-0.028774,0.031997,-4.667302,MOVE_JOINT
1.820000,0.453338,-0.182169,-0.118688,0.000471,-0.028276,0.031613,-4.685416,MOVE_JOINT
1.821000,0.453340,-0.182195,-0.118657,0.001145,-0.027610,0.031595,-4.702242,MOVE_JOINT
1.822000,0.453339,-0.182223,-0.118627,-0.000359,-0.027930,0.030772,-4.717610,MOVE_JOINT
1.823000,0.453346,-0.182251,-0.118593,0.001188,-0.027878,0.031427,-4.731406,MOVE_JOINT
1.824000,0.453348,-0.182280,-0.118563,0.001331,-0.027655,0.030804,-4.743586,MOVE_JOINT
1.825000,0.453349,-0.182311,-0.118531,0.000653,-0.028705,0.030700,-4.754172,MOVE_JOINT
1.826000,0.453352,-0.182340,-0.118498,0.001753,-0.028812,0.031479,-4.763251,MOVE_JOINT
1.827000,0.453353,-0.182366,-0.118468,0.001158,-0.027951,0.031236,-4.770934,MOVE_JOINT
1.828000,0.453357,-0.182397,-0.118434,0.002224,-0.029286,0.032138,-4.777309,MOVE_JOINT
1.829000,0.453361,-0.182423,-0.118402,0.002857,-0.028270,0.032267,-4.782398,MOVE_JOINT
1.830000,0.453365,-0.182456,-0.118369,0.003476,-0.029597,0.032664,-4.786147,MOVE_JOINT
1.831000,0.453360,-0.182489,-0.118342,0.001179,-0.030842,0.031002,-4.788459,MOVE_JOINT
1.832000,0.453367,-0.182517,-0.118308,0.002959,-0.030327,0.032104,-4.789280,MOVE_JOINT
1.833000,0.453369,-0.182543,-0.118279,0.002631,-0.029370,0.031245,-4.788660,MOVE_JOINT
1.834000,0.453366,-0.182574,-0.118251,0.001679,-0.029495,0.030609,-4.786748,MOVE_JOINT
1.835000,0.453372,-0.182604,-0.118219,0.002840,-0.029262,0.030651,-4.783779,MOVE_JOINT
1.836000,0.453376,-0.182637,-0.118187,0.002970,-0.030219,0.030962,-4.780066,MOVE_JOINT
1.837000,0.453378,-0.182666,-0.118158,0.003082,-0.030001,0.030770,-4.775963,MOVE_JOINT
1.838000,0.453380,-0.182694,-0.118129,0.002509,-0.029063,0.029742,-4.771820,MOVE_JOINT
1.839000,0.453385,-0.182725,-0.118097,0.003243,-0.029745,0.030366,-4.767971,MOVE_JOINT
1.840000,0.453384,-0.182754,-0.118070,0.001986,-0.029576,0.029358,-4.764742,MOVE_JOINT
1.841000,0.453390,-0.182783,-0.118038,0.002791,-0.029794,0.030186,-4.762428,MOVE_JOINT
1.842000,0.453392,-0.182811,-0.118009,0.002977,-0.029580,0.030302,-4.761254,MOVE_JOINT
1.843000,0.453396,-0.182842,-0.117979,0.002957,-0.030133,0.030193,-4.761328,MOVE_JOINT
1.844000,0.453400,-0.182871,-0.117950,0.003719,-0.029668,0.030188,-4.762636,MOVE_JOINT
1.845000,0.453399,-0.182902,-0.117922,0.002407,-0.030050,0.029309,-4.765084,MOVE_JOINT
1.846000,0.453402,-0.182931,-0.117892,0.002261,-0.030057,0.029640,-4.768559,MOVE_JOINT
1.847000,0.453404,-0.182961,-0.117861,0.002537,-0.029743,0.029866,-4.772945,MOVE_JOINT
1.848000,0.453401,-0.182989,-0.117836,0.001269,-0.028948,0.028739,-4.778107,MOVE_JOINT
1.849000,0.453402,-0.183019,-0.117805,0.000774,-0.029343,0.029072,-4.783892,MOVE_JOINT
1.850000,0.453405,-0.183049,-0.117772,0.001093,-0.029939,0.030110,-4.790146,MOVE_JOINT
1.851000,0.453402,-0.183077,-0.117745,-0.000559,-0.029398,0.029126,-4.796686,MOVE_JOINT
1.852000,0.453404,-0.183106,-0.117713,0.000922,-0.029853,0.030431,-4.803265,MOVE_JOINT
1.853000,0.453407,-0.183135,-0.117682,0.001832,-0.029364,0.030520,-4.809569,MOVE_JOINT
1.854000,0.453405,-0.183164,-0.117654,0.000994,-0.028879,0.029789,-4.815237,MOVE_JOINT
1.855000,0.453406,-0.183192,-0.117623,0.001024,-0.028405,0.029856,-4.819917,MOVE_JOINT
1.856000,0.453407,-0.183219,-0.117594,0.000788,-0.028432,0.029472,-4.823342,MOVE_JOINT
1.857000,0.453403,-0.183250,-0.117567,-0.001076,-0.029447,0.028785,-4.825370,MOVE_JOINT
1.858000,0.453405,-0.183280,-0.117537,-0.000334,-0.029699,0.029090,-4.826009,MOVE_JOINT
1.859000,0.453410,-0.183306,-0.117505,0.000729,-0.029069,0.029681,-4.825411,MOVE_JOINT
1.860000,0.453408,-0.183335,-0.117478,0.000440,-0.028773,0.029049,-4.823810,MOVE_JOINT
1.861000,0.453407,-0.183367,-0.117449,-0.000252,-0.030138,0.028898,-4.821475,MOVE_JOINT
1.862000,0.453405,-0.183398,-0.117420,-0.000655,-0.030734,0.029106,-4.818702,MOVE_JOINT
1.863000,0.453407,-0.183426,-0.117391,-0.000745,-0.029966,0.028734,-4.815803,MOVE_JOINT
1.864000,0.453408,-0.183457,-0.117361,-0.000003,-0.030575,0.029462,-4.813081,MOVE_JOINT
1.865000,0.453407,-0.183487,-0.117332,-0.000284,-0.030469,0.029444,-4.810794,MOVE_JOINT
1.866000,0.453405,-0.183521,-0.117304,0.000128,-0.031257,0.029129,-4.809126,MOVE_JOINT
1.867000,0.453404,-0.183550,-0.117276,-0.000146,-0.031259,0.028967,-4.808204,MOVE_JOINT
1.868000,0.453407,-0.183581,-0.117244,0.001544,-0.031460,0.030184,-4.808131,MOVE_JOINT
1.869000,0.453400,-0.183610,-0.117220,-0.001319,-0.031281,0.028438,-4.808978,MOVE_JOINT
1.870000,0.453400,-0.183644,-0.117189,-0.000373,-0.031863,0.029315,-4.810783,MOVE_JOINT
1.871000,0.453397,-0.183672,-0.117161,-0.000628,-0.030473,0.029007,-4.813560,MOVE_JOINT
1.872000,0.453395,-0.183703,-0.117132,-0.000735,-0.031078,0.029209,-4.817295,MOVE_JOINT
1.873000,0.453388,-0.183735,-0.117107,-0.002098,-0.031969,0.028381,-4.821942,MOVE_JOINT
1.874000,0.453387,-0.183763,-0.117079,-0.002332,-0.030452,0.027730,-4.827448,MOVE_JOINT
1.875000,0.453386,-0.183794,-0.117051,-0.001573,-0.030351,0.028148,-4.833799,MOVE_JOINT
1.876000,0.453382,-0.183828,-0.117023,-0.001743,-0.031482,0.028462,-4.841023,MOVE_JOINT
1.877000,0.453384,-0.183856,-0.116994,-0.001455,-0.030077,0.028383,-4.849133,MOVE_JOINT
1.878000,0.453382,-0.183886,-0.116965,-0.001357,-0.029700,0.028643,-4.858082,MOVE_JOINT
1.879000,0.453383,-0.183919,-0.116935,-0.000457,-0.030807,0.029390,-4.867738,MOVE_JOINT
1.880000,0.453380,-0.183951,-0.116907,-0.000472,-0.030897,0.029094,-4.877881,MOVE_JOINT
1.881000,0.453381,-0.183979,-0.116877,-0.000209,-0.030289,0.029597,-4.888220,MOVE_JOINT
1.882000,0.453382,-0.184011,-0.116846,0.000844,-0.031265,0.030541,-4.898421,MOVE_JOINT
1.883000,0.453380,-0.184040,-0.116818,0.000030,-0.030507,0.029842,-4.908116,MOVE_JOINT
1.884000,0.453381,-0.184072,-0.116784,0.000141,-0.031077,0.030898,-4.916922,MOVE_JOINT
1.885000,0.453382,-0.184103,-0.116753,0.000303,-0.030916,0.030898,-4.924467,MOVE_JOINT
1.886000,0.453383,-0.184135,-0.116721,0.000363,-0.031875,0.031376,-4.930398,MOVE_JOINT
1.887000,0.453378,-0.184164,-0.116695,-0.000714,-0.030991,0.030250,-4.934396,MOVE_JOINT
1.888000,0.453376,-0.184198,-0.116666,-0.000845,-0.031554,0.030128,-4.936247,MOVE_JOINT
1.889000,0.453373,-0.184225,-0.116636,-0.001915,-0.029556,0.029776,-4.935900,MOVE_JOINT
1.890000,0.453369,-0.184257,-0.116606,-0.002422,-0.030303,0.029551,-4.933478,MOVE_JOINT
1.891000,0.453371,-0.184287,-0.116573,-0.000712,-0.030481,0.030865,-4.929216,MOVE_JOINT
1.892000,0.453373,-0.184320,-0.116539,-0.000900,-0.031008,0.031347,-4.923383,MOVE_JOINT
1.893000,0.453368,-0.184348,-0.116511,-0.001528,-0.030268,0.030926,-4.916197,MOVE_JOINT
1.894000,0.453369,-0.184382,-0.116479,-0.000196,-0.031084,0.031559,-4.907803,MOVE_JOINT
1.895000,0.453367,-0.184411,-0.116449,-0.001097,-0.030195,0.030603,-4.898319,MOVE_JOINT
1.896000,0.453363,-0.184440,-0.116422,-0.001735,-0.029664,0.029674,-4.887895,MOVE_JOINT
1.897000,0.453365,-0.184469,-0.116390,-0.000836,-0.029545,0.029916,-4.876786,MOVE_JOINT
1.898000,0.453365,-0.184502,-0.116358,-0.000902,-0.030533,0.030230,-4.865369,MOVE_JOINT
1.899000,0.453365,-0.184531,-0.116330,-0.000825,-0.030233,0.029902,-4.854084,MOVE_JOINT
1.900000,0.453364,-0.184556,-0.116301,-0.001532,-0.028277,0.029047,-4.843370,MOVE_JOINT
1.901000,0.453366,-0.184586,-0.116270,-0.000683,-0.029012,0.029747,-4.833645,MOVE_JOINT
1.902000,0.453368,-0.184614,-0.116240,-0.000141,-0.029413,0.030083,-4.825285,MOVE_JOINT
1.903000,0.453367,-0.184644,-0.116210,-0.000088,-0.029599,0.029962,-4.818585,MOVE_JOINT
1.904000,0.453372,-0.184673,-0.116179,0.001981,-0.029581,0.030843,-4.813731,MOVE_JOINT
1.905000,0.453370,-0.184699,-0.116150,0.001202,-0.028551,0.030204,-4.810793,MOVE_JOINT
1.906000,0.453369,-0.184726,-0.116122,0.000777,-0.028217,0.029911,-4.809736,MOVE_JOINT
1.907000,0.453372,-0.184755,-0.116092,0.001196,-0.028790,0.029946,-4.810458,MOVE_JOINT
1.908000,0.453373,-0.184782,-0.116062,0.001882,-0.027856,0.030275,-4.812835,MOVE_JOINT
1.909000,0.453375,-0.184809,-0.116032,0.001823,-0.027495,0.030108,-4.816720,MOVE_JOINT
1.910000,0.453377,-0.184841,-0.116001,0.001679,-0.029088,0.030304,-4.821932,MOVE_JOINT
1.911000,0.453384,-0.184868,-0.115968,0.003120,-0.028758,0.031188,-4.828249,MOVE_JOINT
1.912000,0.453384,-0.184897,-0.115940,0.001644,-0.028785,0.030214,-4.835410,MOVE_JOINT
1.913000,0.453383,-0.184927,-0.115912,0.000606,-0.029148,0.029526,-4.843139,MOVE_JOINT
1.914000,0.453385,-0.184956,-0.115882,0.000605,-0.028793,0.029338,-4.851209,MOVE_JOINT
1.915000,0.453389,-0.184984,-0.115851,0.001544,-0.028639,0.030124,-4.859481,MOVE_JOINT
1.916000,0.453387,-0.185016,-0.115822,0.000284,-0.030123,0.029945,-4.867879,MOVE_JOINT
1.917000,0.453389,-0.185043,-0.115792,0.000404,-0.028927,0.029762,-4.876331,MOVE_JOINT
1.918000,0.453394,-0.185070,-0.115761,0.001403,-0.028948,0.029990,-4.884740,MOVE_JOINT
1.919000,0.453395,-0.185100,-0.115730,0.001723,-0.029570,0.030482,-4.892978,MOVE_JOINT
1.920000,0.453396,-0.185129,-0.115699,0.002125,-0.029189,0.031047,-4.900878,MOVE_JOINT
1.921000,0.453404,-0.185156,-0.115667,0.003835,-0.028471,0.031653,-4.908198,MOVE_JOINT
1.922000,0.453405,-0.185186,-0.115635,0.002653,-0.028737,0.031217,-4.914606,MOVE_JOINT
1.923000,0.453406,-0.185212,-0.115606,0.002253,-0.027857,0.030592,-4.919730,MOVE_JOINT
1.924000,0.453411,-0.185244,-0.115572,0.003724,-0.028501,0.031841,-4.923239,MOVE_JOINT
1.925000,0.453416,-0.185273,-0.115540,0.004331,-0.028653,0.031914,-4.924875,MOVE_JOINT
1.926000,0.453418,-0.185300,-0.115508,0.004033,-0.028622,0.032070,-4.924439,MOVE_JOINT
1.927000,0.453415,-0.185331,-0.115480,0.002626,-0.029089,0.030936,-4.921787,MOVE_JOINT
1.928000,0.453415,-0.185358,-0.115451,0.002169,-0.028459,0.030189,-4.916888,MOVE_JOINT
1.929000,0.453419,-0.185387,-0.115419,0.002901,-0.028382,0.030909,-4.909895,MOVE_JOINT
1.930000,0.453423,-0.185416,-0.115386,0.003086,-0.028614,0.031185,-4.901130,MOVE_JOINT
1.931000,0.453424,-0.185447,-0.115355,0.001368,-0.029352,0.030602,-4.890995,MOVE_JOINT
1.932000,0.453427,-0.185476,-0.115324,0.002209,-0.029277,0.030839,-4.879899,MOVE_JOINT
1.933000,0.453433,-0.185506,-0.115291,0.003050,-0.029629,0.031452,-4.868235,MOVE_JOINT
1.934000,0.453434,-0.185532,-0.115261,0.002951,-0.028403,0.030958,-4.856357,MOVE_JOINT
1.935000,0.453433,-0.185563,-0.115229,0.001743,-0.029191,0.031352,-4.844563,MOVE_JOINT
1.936000,0.453438,-0.185588,-0.115197,0.003316,-0.028196,0.032148,-4.833079,MOVE_JOINT
1.937000,0.453440,-0.185621,-0.115165,0.002713,-0.029354,0.031992,-4.822036,MOVE_JOINT
1.938000,0.453439,-0.185648,-0.115135,0.001479,-0.028605,0.031135,-4.811483,MOVE_JOINT
1.939000,0.453433,-0.185676,-0.115110,-0.000748,-0.028380,0.029427,-4.801467,MOVE_JOINT
1.940000,0.453435,-0.185705,-0.115079,0.000646,-0.028524,0.030176,-4.792132,MOVE_JOINT
1.941000,0.453439,-0.185732,-0.115047,0.001402,-0.028727,0.030831,-4.783736,MOVE_JOINT
1.942000,0.453440,-0.185759,-0.115017,0.000891,-0.028348,0.030648,-4.776566,MOVE_JOINT
1.943000,0.453440,-0.185789,-0.114987,0.000706,-0.028809,0.030565,-4.770832,MOVE_JOINT
1.944000,0.453445,-0.185813,-0.114956,0.001389,-0.027363,0.030513,-4.766640,MOVE_JOINT
1.945000,0.453449,-0.185839,-0.114925,0.002554,-0.027697,0.030931,-4.764002,MOVE_JOINT
1.946000,0.453451,-0.185869,-0.114891,0.002892,-0.027911,0.031468,-4.762852,MOVE_JOINT
1.947000,0.453452,-0.185894,-0.114862,0.002602,-0.026872,0.030883,-4.763047,MOVE_JOINT
1.948000,0.453453,-0.185925,-0.114832,0.003109,-0.027789,0.031245,-4.764370,MOVE_JOINT
1.949000,0.453457,-0.185950,-0.114801,0.002541,-0.026357,0.030607,-4.766580,MOVE_JOINT
1.950000,0.453464,-0.185979,-0.114768,0.004137,-0.027033,0.031629,-4.769436,MOVE_JOINT
1.951000,0.453464,-0.186004,-0.114739,0.002736,-0.026343,0.030711,-4.772706,MOVE_JOINT
1.952000,0.453468,-0.186032,-0.114707,0.003431,-0.027171,0.031307,-4.776165,MOVE_JOINT
1.953000,0.453471,-0.186061,-0.114676,0.003623,-0.027813,0.031363,-4.779609,MOVE_JOINT
1.954000,0.453475,-0.186084,-0.114646,0.003888,-0.026468,0.031254,-4.782865,MOVE_JOINT
1.955000,0.453480,-0.186115,-0.114612,0.003948,-0.028248,0.032146,-4.785779,MOVE_JOINT
1.956000,0.453477,-0.186141,-0.114584,0.002159,-0.027578,0.030870,-4.788212,MOVE_JOINT
1.957000,0.453481,-0.186167,-0.114553,0.002136,-0.027156,0.030649,-4.790052,MOVE_JOINT
1.958000,0.453483,-0.186196,-0.114520,0.002942,-0.027546,0.031731,-4.791252,MOVE_JOINT
1.959000,0.453488,-0.186227,-0.114486,0.003261,-0.028799,0.032226,-4.791813,MOVE_JOINT
1.960000,0.453491,-0.186255,-0.114455,0.002079,-0.029077,0.031550,-4.791736,MOVE_JOINT
1.961000,0.453494,-0.186281,-0.114423,0.002603,-0.028553,0.031865,-4.791013,MOVE_JOINT
1.962000,0.453494,-0.186309,-0.114392,0.001422,-0.028805,0.031417,-4.789660,MOVE_JOINT
1.963000,0.453498,-0.186336,-0.114360,0.002002,-0.027992,0.031625,-4.787730,MOVE_JOINT
1.964000,0.453503,-0.186365,-0.114329,0.003175,-0.027714,0.031751,-4.785300,MOVE_JOINT
1.965000,0.453506,-0.186390,-0.114297,0.002996,-0.027021,0.031812,-4.782462,MOVE_JOINT
1.966000,0.453511,-0.186416,-0.114266,0.003070,-0.027323,0.031496,-4.779316,MOVE_JOINT
1.967000,0.453516,-0.186444,-0.114233,0.003798,-0.027350,0.032061,-4.775974,MOVE_JOINT
1.968000,0.453516,-0.186472,-0.114201,0.003153,-0.027449,0.032185,-4.772554,MOVE_JOINT
1.969000,0.453521,-0.186501,-0.114170,0.003525,-0.028057,0.032010,-4.769151,MOVE_JOINT
1.970000,0.453528,-0.186527,-0.114137,0.004562,-0.027863,0.032235,-4.765831,MOVE_JOINT
1.971000,0.453525,-0.186558,-0.114108,0.001919,-0.028658,0.031007,-4.762662,MOVE_JOINT
1.972000,0.453528,-0.186584,-0.114078,0.002006,-0.027750,0.030608,-4.759767,MOVE_JOINT
1.973000,0.453535,-0.186609,-0.114047,0.003658,-0.026910,0.031010,-4.757347,MOVE_JOINT
1.974000,0.453538,-0.186633,-0.114017,0.003489,-0.026139,0.030775,-4.755652,MOVE_JOINT
1.975000,0.453546,-0.186661,-0.113983,0.004257,-0.026627,0.031146,-4.754913,MOVE_JOINT
1.976000,0.453548,-0.186689,-0.113953,0.003022,-0.027030,0.030405,-4.755297,MOVE_JOINT
1.977000,0.453551,-0.186714,-0.113924,0.003135,-0.026296,0.030163,-4.756904,MOVE_JOINT
1.978000,0.453553,-0.186740,-0.113896,0.002397,-0.026072,0.029335,-4.759806,MOVE_JOINT
1.979000,0.453557,-0.186768,-0.113864,0.002995,-0.026816,0.030054,-4.764075,MOVE_JOINT
1.980000,0.453560,-0.186795,-0.113836,0.002265,-0.026816,0.029310,-4.769776,MOVE_JOINT
1.981000,0.453561,-0.186819,-0.113808,0.002952,-0.025717,0.029268,-4.776933,MOVE_JOINT
1.982000,0.453561,-0.186845,-0.113779,0.001172,-0.025988,0.028801,-4.785527,MOVE_JOINT
1.983000,0.453568,-0.186870,-0.113748,0.002069,-0.025783,0.028840,-4.795498,MOVE_JOINT
1.984000,0.453567,-0.186897,-0.113719,0.000467,-0.026488,0.028496,-4.806736,MOVE_JOINT
1.985000,0.453573,-0.186921,-0.113689,0.001970,-0.025384,0.029067,-4.819076,MOVE_JOINT
1.986000,0.453579,-0.186947,-0.113658,0.003397,-0.025479,0.029885,-4.832266,MOVE_JOINT
1.987000,0.453581,-0.186971,-0.113628,0.003922,-0.025313,0.030098,-4.845942,MOVE_JOINT
1.988000,0.453583,-0.186997,-0.113599,0.003023,-0.025769,0.029405,-4.859625,MOVE_JOINT
1.989000,0.453588,-0.187023,-0.113568,0.003464,-0.025496,0.029907,-4.872789,MOVE_JOINT
1.990000,0.453589,-0.187051,-0.113537,0.003226,-0.026404,0.030248,-4.884932,MOVE_JOINT
1.991000,0.453595,-0.187076,-0.113504,0.004143,-0.025791,0.030817,-4.895584,MOVE_JOINT
1.992000,0.453595,-0.187103,-0.113473,0.002268,-0.026214,0.030473,-4.904299,MOVE_JOINT
1.993000,0.453599,-0.187126,-0.113443,0.002344,-0.025604,0.030385,-4.910675,MOVE_JOINT
1.994000,0.453605,-0.187149,-0.113410,0.002873,-0.024738,0.030907,-4.914379,MOVE_JOINT
1.995000,0.453608,-0.187178,-0.113378,0.002754,-0.025435,0.031021,-4.915167,MOVE_JOINT
1.996000,0.453610,-0.187204,-0.113346,0.002921,-0.025684,0.031197,-4.912874,MOVE_JOINT
1.997000,0.453612,-0.187231,-0.113314,0.002649,-0.025683,0.031650,-4.907405,MOVE_JOINT
1.998000,0.453615,-0.187259,-0.113282,0.002003,-0.025975,0.031097,-4.898738,MOVE_JOINT
1.999000,0.453615,-0.187284,-0.113251,0.001726,-0.025675,0.031178,-4.886937,MOVE_JOINT
2.000000,0.453620,-0.187309,-0.113220,0.002997,-0.026056,0.031595,-4.872171,MOVE_JOINT
2.001000,0.453618,-0.187337,-0.113190,0.001593,-0.026061,0.031140,-4.854713,MOVE_JOINT
2.002000,0.453618,-0.187364,-0.113161,0.001219,-0.026078,0.030275,-4.834929,MOVE_JOINT
2.003000,0.453622,-0.187389,-0.113130,0.002333,-0.025916,0.030631,-4.813296,MOVE_JOINT
2.004000,0.453621,-0.187419,-0.113100,0.001393,-0.026868,0.030573,-4.790408,MOVE_JOINT
2.005000,0.453620,-0.187444,-0.113072,0.000855,-0.026291,0.029715,-4.766929,MOVE_JOINT
2.006000,0.453620,-0.187469,-0.113044,0.000753,-0.025707,0.029531,-4.743546,MOVE_JOINT
2.007000,0.453621,-0.187498,-0.113014,0.001037,-0.026587,0.029562,-4.720940,MOVE_JOINT
2.008000,0.453622,-0.187523,-0.112985,0.000400,-0.025966,0.029274,-4.699754,MOVE_JOINT
2.009000,0.453625,-0.187548,-0.112956,0.000572,-0.025565,0.028822,-4.680566,MOVE_JOINT
2.010000,0.453625,-0.187575,-0.112928,0.000548,-0.025681,0.028825,-4.663869,MOVE_JOINT
2.011000,0.453628,-0.187602,-0.112898,0.000587,-0.025952,0.028547,-4.650071,MOVE_JOINT
2.012000,0.453628,-0.187631,-0.112870,0.000288,-0.026863,0.028453,-4.639490,MOVE_JOINT
2.013000,0.453632,-0.187656,-0.112840,0.002032,-0.026635,0.029265,-4.632342,MOVE_JOINT
2.014000,0.453632,-0.187686,-0.112813,0.001808,-0.027498,0.028862,-4.628725,MOVE_JOINT
2.015000,0.453631,-0.187710,-0.112785,0.001433,-0.026747,0.028528,-4.628611,MOVE_JOINT
2.016000,0.453634,-0.187737,-0.112756,0.002135,-0.026453,0.028850,-4.631866,MOVE_JOINT
2.017000,0.453636,-0.187762,-0.112727,0.001881,-0.026364,0.029089,-4.638267,MOVE_JOINT
2.018000,0.453641,-0.187792,-0.112696,0.003318,-0.027993,0.029960,-4.647482,MOVE_JOINT
2.019000,0.453641,-0.187817,-0.112668,0.002040,-0.026955,0.029201,-4.659069,MOVE_JOINT
2.020000,0.453645,-0.187844,-0.112637,0.002652,-0.027128,0.029746,-4.672504,MOVE_JOINT
2.021000,0.453644,-0.187870,-0.112608,0.001545,-0.026972,0.029328,-4.687233,MOVE_JOINT
2.022000,0.453648,-0.187893,-0.112580,0.001653,-0.025571,0.029088,-4.702710,MOVE_JOINT
2.023000,0.453652,-0.187923,-0.112548,0.001937,-0.026954,0.029531,-4.718426,MOVE_JOINT
2.024000,0.453657,-0.187949,-0.112516,0.002831,-0.026890,0.030219,-4.733932,MOVE_JOINT
2.025000,0.453660,-0.187973,-0.112485,0.002168,-0.025910,0.029829,-4.748813,MOVE_JOINT
2.026000,0.453663,-0.188003,-0.112454,0.002656,-0.026997,0.030387,-4.762678,MOVE_JOINT
2.027000,0.453669,-0.188030,-0.112421,0.003500,-0.027634,0.031284,-4.775152,MOVE_JOINT
2.028000,0.453672,-0.188056,-0.112391,0.002938,-0.027231,0.030709,-4.785889,MOVE_JOINT
2.029000,0.453675,-0.188082,-0.112361,0.003274,-0.026929,0.030813,-4.794580,MOVE_JOINT
2.030000,0.453683,-0.188110,-0.112329,0.004193,-0.027127,0.031038,-4.800979,MOVE_JOINT
2.031000,0.453686,-0.188131,-0.112300,0.003746,-0.025177,0.030073,-4.804937,MOVE_JOINT
2.032000,0.453693,-0.188161,-0.112268,0.004120,-0.026275,0.030244,-4.806431,MOVE_JOINT
2.033000,0.453692,-0.188186,-0.112241,0.002873,-0.025958,0.029281,-4.805592,MOVE_JOINT
2.034000,0.453696,-0.188214,-0.112210,0.004097,-0.026661,0.030191,-4.802715,MOVE_JOINT
2.035000,0.453699,-0.188234,-0.112183,0.003425,-0.024882,0.029371,-4.798217,MOVE_JOINT
2.036000,0.453706,-0.188261,-0.112151,0.004283,-0.025538,0.029874,-4.792573,MOVE_JOINT
2.037000,0.453711,-0.188285,-0.112121,0.004620,-0.024491,0.029429,-4.786262,MOVE_JOINT
2.038000,0.453710,-0.188310,-0.112095,0.003477,-0.024737,0.028664,-4.779756,MOVE_JOINT
2.039000,0.453717,-0.188335,-0.112066,0.004279,-0.025350,0.029077,-4.773515,MOVE_JOINT
2.040000,0.453722,-0.188359,-0.112036,0.004469,-0.024437,0.028631,-4.767993,MOVE_JOINT
2.041000,0.453717,-0.188384,-0.112013,0.001453,-0.024589,0.026799,-4.763630,MOVE_JOINT
2.042000,0.453721,-0.188409,-0.111984,0.002183,-0.024742,0.027250,-4.760876,MOVE_JOINT
2.043000,0.453721,-0.188435,-0.111957,0.001275,-0.025141,0.027159,-4.760200,MOVE_JOINT
2.044000,0.453724,-0.188457,-0.111930,0.001078,-0.024682,0.026916,-4.762031,MOVE_JOINT
2.045000,0.453725,-0.188485,-0.111904,0.000470,-0.025746,0.026758,-4.766702,MOVE_JOINT
2.046000,0.453724,-0.188508,-0.111879,0.000302,-0.024723,0.026053,-4.774437,MOVE_JOINT
2.047000,0.453724,-0.188534,-0.111851,0.000473,-0.024605,0.026315,-4.785367,MOVE_JOINT
2.048000,0.453726,-0.188559,-0.111825,0.001124,-0.025095,0.026281,-4.799541,MOVE_JOINT
2.049000,0.453721,-0.188580,-0.111802,0.000400,-0.024017,0.025787,-4.816917,MOVE_JOINT
2.050000,0.453727,-0.188605,-0.111773,0.001864,-0.024215,0.026412,-4.837360,MOVE_JOINT
2.051000,0.453728,-0.188630,-0.111749,0.001393,-0.024635,0.025740,-4.860639,MOVE_JOINT
2.052000,0.453726,-0.188655,-0.111724,0.000211,-0.025180,0.025405,-4.886446,MOVE_JOINT
2.053000,0.453729,-0.188677,-0.111698,0.001153,-0.024225,0.026192,-4.914428,MOVE_JOINT
2.054000,0.453734,-0.188703,-0.111670,0.001925,-0.025014,0.026613,-4.944177,MOVE_JOINT
2.055000,0.453731,-0.188728,-0.111645,0.000313,-0.024972,0.026055,-4.975192,MOVE_JOINT
2.056000,0.453737,-0.188753,-0.111616,0.003157,-0.024734,0.027533,-5.006882,MOVE_JOINT
2.057000,0.453738,-0.188774,-0.111591,0.002309,-0.023283,0.026598,-5.038588,MOVE_JOINT
2.058000,0.453737,-0.188801,-0.111564,0.001212,-0.024777,0.026760,-5.069629,MOVE_JOINT
2.059000,0.453740,-0.188824,-0.111537,0.001969,-0.024736,0.027364,-5.099343,MOVE_JOINT
2.060000,0.453742,-0.188849,-0.111509,0.001151,-0.024832,0.027005,-5.127121,MOVE_JOINT
2.061000,0.453746,-0.188872,-0.111481,0.002104,-0.024285,0.027624,-5.152413,MOVE_JOINT
2.062000,0.453752,-0.188899,-0.111450,0.002473,-0.024936,0.028473,-5.174723,MOVE_JOINT
2.063000,0.453756,-0.188923,-0.111423,0.002485,-0.024650,0.027942,-5.193599,MOVE_JOINT
2.064000,0.453753,-0.188950,-0.111397,0.001815,-0.025024,0.027849,-5.208638,MOVE_JOINT
2.065000,0.453754,-0.188978,-0.111367,0.001795,-0.026243,0.028418,-5.219540,MOVE_JOINT
2.066000,0.453755,-0.189001,-0.111339,0.000816,-0.025613,0.028173,-5.226135,MOVE_JOINT
2.067000,0.453755,-0.189027,-0.111310,0.000834,-0.025729,0.028693,-5.228361,MOVE_JOINT
2.068000,0.453756,-0.189051,-0.111281,0.000848,-0.025148,0.028614,-5.226232,MOVE_JOINT
2.069000,0.453757,-0.189079,-0.111251,0.001192,-0.025852,0.029466,-5.219817,MOVE_JOINT
2.070000,0.453761,-0.189108,-0.111217,0.002223,-0.027058,0.030660,-5.209210,MOVE_JOINT
2.071000,0.453764,-0.189133,-0.111189,0.002566,-0.026312,0.030170,-5.194495,MOVE_JOINT
2.072000,0.453763,-0.189158,-0.111160,0.001698,-0.025608,0.029583,-5.175758,MOVE_JOINT
2.073000,0.453761,-0.189185,-0.111131,0.000219,-0.025878,0.029224,-5.153177,MOVE_JOINT
2.074000,0.453765,-0.189214,-0.111098,0.001918,-0.027025,0.030476,-5.127071,MOVE_JOINT
2.075000,0.453760,-0.189239,-0.111072,-0.000176,-0.026410,0.029133,-5.097886,MOVE_JOINT
2.076000,0.453764,-0.189268,-0.111039,0.000679,-0.027121,0.029918,-5.066156,MOVE_JOINT
2.077000,0.453760,-0.189294,-0.111012,-0.000759,-0.027065,0.029020,-5.032497,MOVE_JOINT
2.078000,0.453758,-0.189323,-0.110984,-0.001636,-0.027450,0.028671,-4.997599,MOVE_JOINT
2.079000,0.453756,-0.189349,-0.110955,-0.001160,-0.026803,0.028988,-4.962215,MOVE_JOINT
2.080000,0.453755,-0.189376,-0.110926,-0.000598,-0.026592,0.029163,-4.927124,MOVE_JOINT
2.081000,0.453750,-0.189402,-0.110900,-0.001869,-0.026002,0.028081,-4.893069,MOVE_JOINT
2.082000,0.453752,-0.189431,-0.110870,-0.000264,-0.027277,0.028874,-4.860736,MOVE_JOINT
2.083000,0.453744,-0.189458,-0.110845,-0.002156,-0.027396,0.028192,-4.830753,MOVE_JOINT
2.084000,0.453740,-0.189485,-0.110818,-0.002533,-0.027020,0.027638,-4.803677,MOVE_JOINT
2.085000,0.453738,-0.189512,-0.110790,-0.002386,-0.026550,0.027782,-4.779985,MOVE_JOINT
2.086000,0.453729,-0.189538,-0.110766,-0.003975,-0.026246,0.026965,-4.760077,MOVE_JOINT
2.087000,0.453727,-0.189566,-0.110738,-0.003011,-0.027389,0.027698,-4.744263,MOVE_JOINT
2.088000,0.453722,-0.189589,-0.110711,-0.003450,-0.026186,0.027310,-4.732753,MOVE_JOINT
2.089000,0.453718,-0.189614,-0.110685,-0.004265,-0.025360,0.026634,-4.725642,MOVE_JOINT
2.090000,0.453713,-0.189646,-0.110656,-0.004394,-0.026130,0.026878,-4.722922,MOVE_JOINT
2.091000,0.453709,-0.189670,-0.110628,-0.004728,-0.025882,0.026976,-4.724503,MOVE_JOINT
2.092000,0.453700,-0.189697,-0.110604,-0.005965,-0.026401,0.026297,-4.730213,MOVE_JOINT
2.093000,0.453699,-0.189722,-0.110576,-0.004501,-0.025857,0.026741,-4.739803,MOVE_JOINT
2.094000,0.453689,-0.189745,-0.110553,-0.006370,-0.024975,0.025557,-4.752971,MOVE_JOINT
2.095000,0.453687,-0.189770,-0.110525,-0.004733,-0.024929,0.026392,-4.769390,MOVE_JOINT
2.096000,0.453680,-0.189794,-0.110499,-0.006848,-0.024883,0.025630,-4.788709,MOVE_JOINT
2.097000,0.453679,-0.189821,-0.110469,-0.005472,-0.025884,0.027019,-4.810552,MOVE_JOINT
2.098000,0.453673,-0.189843,-0.110443,-0.005738,-0.024857,0.026725,-4.834482,MOVE_JOINT
2.099000,0.453671,-0.189869,-0.110413,-0.004926,-0.024780,0.027540,-4.859976,MOVE_JOINT
2.100000,0.453664,-0.189894,-0.110386,-0.005380,-0.024439,0.027295,-4.886429,MOVE_JOINT
2.101000,0.453661,-0.189917,-0.110358,-0.004542,-0.024407,0.027927,-4.913183,MOVE_JOINT
2.102000,0.453664,-0.189936,-0.110327,-0.002696,-0.022871,0.028909,-4.939566,MOVE_JOINT
2.103000,0.453659,-0.189964,-0.110298,-0.002989,-0.024535,0.028918,-4.964889,MOVE_JOINT
2.104000,0.453652,-0.189989,-0.110271,-0.005127,-0.024948,0.028151,-4.988474,MOVE_JOINT
2.105000,0.453650,-0.190014,-0.110242,-0.003863,-0.024854,0.028491,-5.009730,MOVE_JOINT
2.106000,0.453646,-0.190035,-0.110214,-0.004498,-0.023668,0.028223,-5.028234,MOVE_JOINT
2.107000,0.453641,-0.190059,-0.110187,-0.004992,-0.023632,0.027506,-5.043753,MOVE_JOINT
2.108000,0.453639,-0.190083,-0.110158,-0.004272,-0.023922,0.028005,-5.056242,MOVE_JOINT
2.109000,0.453637,-0.190107,-0.110128,-0.003214,-0.023851,0.028542,-5.065819,MOVE_JOINT
2.110000,0.453635,-0.190131,-0.110100,-0.002137,-0.023741,0.028914,-5.072694,MOVE_JOINT
2.111000,0.453629,-0.190154,-0.110073,-0.003364,-0.023744,0.027991,-5.077102,MOVE_JOINT
2.112000,0.453630,-0.190178,-0.110044,-0.001908,-0.023633,0.028197,-5.079303,MOVE_JOINT
2.113000,0.453624,-0.190205,-0.110017,-0.003245,-0.024882,0.027826,-5.079609,MOVE_JOINT
2.114000,0.453621,-0.190227,-0.109991,-0.003388,-0.024077,0.027468,-5.078401,MOVE_JOINT
2.115000,0.453621,-0.190248,-0.109963,-0.001677,-0.023430,0.028299,-5.076104,MOVE_JOINT
2.116000,0.453620,-0.190274,-0.109934,-0.002068,-0.023888,0.027743,-5.073142,MOVE_JOINT
2.117000,0.453618,-0.190294,-0.109909,-0.001957,-0.022788,0.027335,-5.069902,MOVE_JOINT
2.118000,0.453615,-0.190319,-0.109882,-0.002403,-0.023533,0.027087,-5.066742,MOVE_JOINT
2.119000,0.453613,-0.190342,-0.109856,-0.002634,-0.023106,0.026587,-5.064016,MOVE_JOINT
2.120000,0.453611,-0.190365,-0.109831,-0.002253,-0.022838,0.026071,-5.062081,MOVE_JOINT
2.121000,0.453610,-0.190389,-0.109804,-0.001647,-0.022950,0.026646,-5.061307,MOVE_JOINT
2.122000,0.453607,-0.190411,-0.109779,-0.002113,-0.022367,0.025914,-5.062046,MOVE_JOINT
2.123000,0.453608,-0.190435,-0.109751,-0.001533,-0.022717,0.026291,-5.064588,MOVE_JOINT
2.124000,0.453602,-0.190456,-0.109727,-0.002840,-0.021806,0.025341,-5.069128,MOVE_JOINT
2.125000,0.453599,-0.190480,-0.109701,-0.002833,-0.022803,0.025961,-5.075775,MOVE_JOINT
2.126000,0.453597,-0.190505,-0.109674,-0.002270,-0.023505,0.026452,-5.084543,MOVE_JOINT
2.127000,0.453598,-0.190529,-0.109645,-0.001155,-0.023593,0.026984,-5.095327,MOVE_JOINT
2.128000,0.453590,-0.190554,-0.109621,-0.002617,-0.024523,0.026510,-5.107881,MOVE_JOINT
2.129000,0.453585,-0.190575,-0.109598,-0.004002,-0.024041,0.025465,-5.121861,MOVE_JOINT
2.130000,0.453584,-0.190596,-0.109571,-0.002361,-0.022789,0.026037,-5.136901,MOVE_JOINT
2.131000,0.453584,-0.190619,-0.109546,-0.001049,-0.022888,0.026149,-5.152657,MOVE_JOINT
2.132000,0.453583,-0.190641,-0.109519,-0.000695,-0.022728,0.026465,-5.168809,MOVE_JOINT
2.133000,0.453584,-0.190661,-0.109492,-0.000257,-0.021795,0.026572,-5.185025,MOVE_JOINT
2.134000,0.453581,-0.190686,-0.109467,-0.001212,-0.022849,0.026211,-5.200953,MOVE_JOINT
2.135000,0.453588,-0.190709,-0.109438,0.000089,-0.023314,0.026871,-5.216225,MOVE_JOINT
2.136000,0.453586,-0.190732,-0.109413,-0.000454,-0.023535,0.026380,-5.230482,MOVE_JOINT
2.137000,0.453586,-0.190753,-0.109388,-0.000609,-0.022965,0.025738,-5.243405,MOVE_JOINT
2.138000,0.453590,-0.190775,-0.109360,0.000615,-0.022237,0.026198,-5.254763,MOVE_JOINT
2.139000,0.453593,-0.190797,-0.109334,0.001191,-0.022393,0.026246,-5.264414,MOVE_JOINT
2.140000,0.453596,-0.190818,-0.109306,0.001435,-0.022490,0.026419,-5.272280,MOVE_JOINT
2.141000,0.453600,-0.190841,-0.109277,0.003219,-0.021877,0.027590,-5.278290,MOVE_JOINT
2.142000,0.453600,-0.190865,-0.109250,0.001826,-0.022987,0.026920,-5.282337,MOVE_JOINT
2.143000,0.453608,-0.190885,-0.109220,0.003754,-0.022403,0.027997,-5.284259,MOVE_JOINT
2.144000,0.453611,-0.190909,-0.109194,0.003295,-0.022892,0.027554,-5.283867,MOVE_JOINT
2.145000,0.453614,-0.190930,-0.109166,0.003669,-0.022262,0.027488,-5.280994,MOVE_JOINT
2.146000,0.453619,-0.190952,-0.109137,0.004439,-0.022238,0.028267,-5.275540,MOVE_JOINT
2.147000,0.453622,-0.190975,-0.109109,0.004016,-0.022335,0.027905,-5.267473,MOVE_JOINT
2.148000,0.453632,-0.191001,-0.109075,0.006140,-0.023463,0.029981,-5.256803,MOVE_JOINT
2.149000,0.453628,-0.191023,-0.109053,0.002674,-0.023222,0.027411,-5.243550,MOVE_JOINT
2.150000,0.453635,-0.191044,-0.109023,0.003847,-0.022218,0.028033,-5.227768,MOVE_JOINT
2.151000,0.453638,-0.191068,-0.108997,0.003749,-0.022834,0.027655,-5.209619,MOVE_JOINT
2.152000,0.453644,-0.191090,-0.108967,0.004698,-0.022089,0.028178,-5.189397,MOVE_JOINT
2.153000,0.453645,-0.191113,-0.108941,0.002946,-0.022014,0.026947,-5.167490,MOVE_JOINT
2.154000,0.453650,-0.191138,-0.108912,0.003658,-0.022959,0.027967,-5.144348,MOVE_JOINT
2.155000,0.453649,-0.191161,-0.108886,0.002444,-0.023186,0.027372,-5.120450,MOVE_JOINT
2.156000,0.453656,-0.191182,-0.108857,0.004301,-0.022480,0.027867,-5.096266,MOVE_JOINT
2.157000,0.453656,-0.191208,-0.108833,0.002618,-0.023304,0.026632,-5.072233,MOVE_JOINT
2.158000,0.453666,-0.191229,-0.108801,0.004984,-0.022613,0.028280,-5.048765,MOVE_JOINT
2.159000,0.453668,-0.191248,-0.108777,0.004572,-0.021959,0.027477,-5.026237,MOVE_JOINT
2.160000,0.453674,-0.191269,-0.108751,0.004967,-0.021523,0.027052,-5.004950,MOVE_JOINT
2.161000,0.453679,-0.191292,-0.108724,0.005147,-0.021862,0.026709,-4.985146,MOVE_JOINT
2.162000,0.453687,-0.191311,-0.108698,0.006050,-0.020789,0.026532,-4.967064,MOVE_JOINT
2.163000,0.453688,-0.191334,-0.108675,0.004424,-0.021594,0.025505,-4.950974,MOVE_JOINT
2.164000,0.453699,-0.191350,-0.108647,0.005814,-0.019730,0.026090,-4.937170,MOVE_JOINT
2.165000,0.453702,-0.191376,-0.108622,0.004580,-0.021269,0.025598,-4.925929,MOVE_JOINT
2.166000,0.453709,-0.191394,-0.108598,0.004847,-0.019933,0.024842,-4.917469,MOVE_JOINT
2.167000,0.453718,-0.191416,-0.108571,0.005993,-0.020458,0.025330,-4.911942,MOVE_JOINT
2.168000,0.453724,-0.191433,-0.108544,0.005683,-0.019553,0.025262,-4.909451,MOVE_JOINT
2.169000,0.453729,-0.191456,-0.108519,0.005105,-0.020872,0.025248,-4.910021,MOVE_JOINT
2.170000,0.453733,-0.191476,-0.108494,0.005055,-0.020392,0.025259,-4.913561,MOVE_JOINT
2.171000,0.453745,-0.191496,-0.108465,0.006942,-0.020202,0.026331,-4.919854,MOVE_JOINT
2.172000,0.453751,-0.191514,-0.108441,0.006546,-0.019887,0.025792,-4.928550,MOVE_JOINT
2.173000,0.453752,-0.191534,-0.108416,0.005777,-0.019452,0.025440,-4.939206,MOVE_JOINT
2.174000,0.453764,-0.191552,-0.108387,0.007311,-0.018891,0.026518,-4.951331,MOVE_JOINT
2.175000,0.453772,-0.191573,-0.108360,0.008141,-0.019566,0.027145,-4.964410,MOVE_JOINT
2.176000,0.453782,-0.191591,-0.108332,0.008088,-0.019142,0.027048,-4.977871,MOVE_JOINT
2.177000,0.453782,-0.191611,-0.108308,0.005655,-0.019427,0.026118,-4.991103,MOVE_JOINT
2.178000,0.453789,-0.191632,-0.108282,0.005688,-0.019709,0.026241,-5.003543,MOVE_JOINT
2.179000,0.453794,-0.191652,-0.108255,0.004456,-0.020093,0.025814,-5.014751,MOVE_JOINT
2.180000,0.453806,-0.191668,-0.108226,0.006333,-0.019134,0.026592,-5.024446,MOVE_JOINT
2.181000,0.453804,-0.191693,-0.108203,0.003911,-0.021001,0.025631,-5.032484,MOVE_JOINT
2.182000,0.453809,-0.191710,-0.108177,0.004416,-0.019929,0.025896,-5.038832,MOVE_JOINT
2.183000,0.453822,-0.191729,-0.108146,0.007083,-0.019781,0.027531,-5.043541,MOVE_JOINT
2.184000,0.453824,-0.191749,-0.108121,0.005651,-0.019833,0.026489,-5.046683,MOVE_JOINT
2.185000,0.453830,-0.191768,-0.108095,0.005556,-0.019169,0.026217,-5.048312,MOVE_JOINT
2.186000,0.453840,-0.191790,-0.108066,0.006808,-0.020254,0.027088,-5.048486,MOVE_JOINT
2.187000,0.453843,-0.191806,-0.108042,0.005224,-0.018674,0.025769,-5.047314,MOVE_JOINT
2.188000,0.453846,-0.191828,-0.108018,0.004227,-0.019472,0.025080,-5.044976,MOVE_JOINT
2.189000,0.453855,-0.191850,-0.107990,0.004942,-0.020014,0.025569,-5.041759,MOVE_JOINT
2.190000,0.453862,-0.191868,-0.107963,0.006131,-0.019641,0.026318,-5.038043,MOVE_JOINT
2.191000,0.453868,-0.191886,-0.107937,0.005623,-0.019107,0.025743,-5.034222,MOVE_JOINT
2.192000,0.453877,-0.191907,-0.107910,0.006155,-0.019915,0.025984,-5.030627,MOVE_JOINT
2.193000,0.453881,-0.191928,-0.107885,0.005070,-0.020072,0.025588,-5.027507,MOVE_JOINT
2.194000,0.453886,-0.191948,-0.107862,0.005106,-0.019956,0.024920,-5.025051,MOVE_JOINT
2.195000,0.453898,-0.191967,-0.107834,0.006892,-0.019668,0.025717,-5.023416,MOVE_JOINT
2.196000,0.453900,-0.191988,-0.107810,0.006347,-0.020361,0.025682,-5.022745,MOVE_JOINT
2.197000,0.453906,-0.192011,-0.107785,0.006494,-0.021055,0.025642,-5.023136,MOVE_JOINT
2.198000,0.453910,-0.192033,-0.107759,0.006269,-0.021627,0.025921,-5.024628,MOVE_JOINT
2.199000,0.453915,-0.192055,-0.107735,0.005877,-0.022061,0.025712,-5.027205,MOVE_JOINT
2.200000,0.453920,-0.192075,-0.107709,0.005237,-0.021149,0.025166,-5.030807,MOVE_JOINT
2.201000,0.453929,-0.192095,-0.107681,0.006502,-0.020421,0.025851,-5.035348,MOVE_JOINT
2.202000,0.453934,-0.192113,-0.107658,0.006325,-0.019821,0.025320,-5.040712,MOVE_JOINT
2.203000,0.453937,-0.192134,-0.107635,0.004968,-0.020158,0.024455,-5.046753,MOVE_JOINT
2.204000,0.453944,-0.192154,-0.107610,0.005148,-0.019647,0.024513,-5.053338,MOVE_JOINT
2.205000,0.453953,-0.192176,-0.107582,0.006440,-0.020322,0.025291,-5.060375,MOVE_JOINT
2.206000,0.453957,-0.192198,-0.107558,0.005829,-0.020783,0.025208,-5.067787,MOVE_JOINT
2.207000,0.453958,-0.192219,-0.107536,0.004830,-0.021087,0.024657,-5.075467,MOVE_JOINT
2.208000,0.453970,-0.192238,-0.107508,0.006669,-0.020505,0.025195,-5.083274,MOVE_JOINT
2.209000,0.453975,-0.192258,-0.107483,0.006491,-0.020667,0.025674,-5.091054,MOVE_JOINT
2.210000,0.453976,-0.192279,-0.107461,0.004243,-0.020793,0.024382,-5.098641,MOVE_JOINT
2.211000,0.453982,-0.192299,-0.107438,0.004526,-0.020845,0.024008,-5.105882,MOVE_JOINT
2.212000,0.453985,-0.192320,-0.107416,0.004491,-0.020779,0.023848,-5.112690,MOVE_JOINT
2.213000,0.453987,-0.192342,-0.107393,0.003542,-0.021507,0.023577,-5.119088,MOVE_JOINT
2.214000,0.453997,-0.192360,-0.107367,0.005896,-0.020071,0.024478,-5.125180,MOVE_JOINT
2.215000,0.453998,-0.192381,-0.107344,0.004791,-0.020582,0.024146,-5.131077,MOVE_JOINT
2.216000,0.454002,-0.192402,-0.107319,0.005606,-0.020626,0.024894,-5.136832,MOVE_JOINT
2.217000,0.454003,-0.192423,-0.107297,0.003772,-0.020700,0.023806,-5.142407,MOVE_JOINT
