t,x,y,z,vx,vy,vz,Fz,phase
0.000000,0.607316,-0.234585,0.162060,-0.000606,0.000043,-0.000829,-2.344880,WAIT_USER_CONFIRM
0.001000,0.607318,-0.234584,0.162063,-0.000017,0.000295,-0.000384,-2.344896,WAIT_USER_CONFIRM
0.002000,0.607316,-0.234586,0.162063,-0.000658,-0.000392,-0.000125,-2.344969,WAIT_USER_CONFIRM
0.003000,0.607315,-0.234584,0.162059,-0.000513,0.000219,-0.001278,-2.345141,WAIT_USER_CONFIRM
0.004000,0.607315,-0.234583,0.162061,-0.000146,0.000488,-0.000059,-2.345442,WAIT_USER_CONFIRM
0.005000,0.607313,-0.234584,0.162058,-0.000371,0.000010,-0.000422,-2.345894,WAIT_USER_CONFIRM
0.006000,0.607313,-0.234585,0.162057,-0.000724,-0.000201,-0.000729,-2.346500,WAIT_USER_CONFIRM
0.007000,0.607310,-0.234581,0.162051,-0.001157,0.000619,-0.001783,-2.347234,WAIT_USER_CONFIRM
0.008000,0.607309,-0.234581,0.162049,-0.001055,0.000571,-0.001872,-2.348060,WAIT_USER_CONFIRM
0.009000,0.607310,-0.234578,0.162049,-0.000845,0.001330,-0.001572,-2.348944,WAIT_USER_CONFIRM
0.010000,0.607306,-0.234581,0.162045,-0.002282,0.000189,-0.003360,-2.349860,WAIT_USER_CONFIRM
0.011000,0.607308,-0.234580,0.162047,-0.000976,0.000910,-0.001929,-2.350785,WAIT_USER_CONFIRM
0.012000,0.607307,-0.234580,0.162045,-0.000956,0.000915,-0.001830,-2.351698,WAIT_USER_CONFIRM
0.013000,0.607303,-0.234583,0.162042,-0.001930,-0.000739,-0.002265,-2.352567,WAIT_USER_CONFIRM
0.014000,0.607302,-0.234579,0.162037,-0.001700,0.000657,-0.002892,-2.353344,WAIT_USER_CONFIRM
0.015000,0.607305,-0.234580,0.162040,-0.000492,0.000649,-0.001588,-2.353990,WAIT_USER_CONFIRM
0.016000,0.607305,-0.234579,0.162043,-0.000378,0.000616,-0.000600,-2.354477,WAIT_USER_CONFIRM
0.017000,0.607305,-0.234577,0.162040,0.000027,0.001014,-0.000902,-2.354762,WAIT_USER_CONFIRM
0.018000,0.607304,-0.234579,0.162041,-0.000108,0.000579,-0.000194,-2.354772,WAIT_USER_CONFIRM
0.019000,0.607303,-0.234576,0.162037,-0.000263,0.000846,-0.001104,-2.354409,WAIT_USER_CONFIRM
0.020000,0.607303,-0.234576,0.162038,-0.000226,0.000597,-0.000379,-2.353583,WAIT_USER_CONFIRM
0.021000,0.607302,-0.234577,0.162036,-0.001007,0.000095,-0.001532,-2.352227,WAIT_USER_CONFIRM
0.022000,0.607302,-0.234578,0.162037,-0.000709,-0.000179,-0.000979,-2.350315,WAIT_USER_CONFIRM
0.023000,0.607305,-0.234578,0.162042,0.000172,-0.000686,0.000793,-2.347865,WAIT_USER_CONFIRM
0.024000,0.607303,-0.234577,0.162038,-0.000288,0.000062,-0.000779,-2.344906,WAIT_USER_CONFIRM
0.025000,0.607304,-0.234579,0.162039,0.000112,-0.000618,0.000006,-2.341466,WAIT_USER_CONFIRM
0.026000,0.607303,-0.234577,0.162038,-0.000164,0.000157,-0.000545,-2.337587,WAIT_USER_CONFIRM
0.027000,0.607303,-0.234578,0.162040,-0.000316,-0.000273,0.000377,-2.333331,WAIT_USER_CONFIRM
0.028000,0.607306,-0.234576,0.162041,0.000231,0.000167,0.000279,-2.328757,WAIT_USER_CONFIRM
0.029000,0.607305,-0.234579,0.162043,0.000116,-0.000904,0.001288,-2.323902,WAIT_USER_CONFIRM
0.030000,0.607305,-0.234577,0.162041,0.000061,-0.000096,0.000322,-2.318776,WAIT_USER_CONFIRM
0.031000,0.607306,-0.234575,0.162041,0.000192,0.000632,0.000322,-2.313379,WAIT_USER_CONFIRM
0.032000,0.607308,-0.234578,0.162046,0.000657,-0.000376,0.001699,-2.307720,WAIT_USER_CONFIRM
0.033000,0.607310,-0.234580,0.162050,0.001284,-0.001368,0.002675,-2.301808,WAIT_USER_CONFIRM
0.034000,0.607305,-0.234581,0.162044,0.000276,-0.001297,0.001071,-2.295636,WAIT_USER_CONFIRM
0.035000,0.607310,-0.234580,0.162051,0.002336,-0.000286,0.003630,-2.289176,WAIT_USER_CONFIRM
0.036000,0.607310,-0.234578,0.162050,0.001393,0.000004,0.002487,-2.282396,WAIT_USER_CONFIRM
0.037000,0.607309,-0.234582,0.162049,0.000391,-0.001607,0.001604,-2.275260,WAIT_USER_CONFIRM
0.038000,0.607310,-0.234584,0.162054,0.000812,-0.002345,0.003157,-2.267747,WAIT_USER_CONFIRM
0.039000,0.607311,-0.234584,0.162055,0.000831,-0.001649,0.002432,-2.259873,WAIT_USER_CONFIRM
0.040000,0.607311,-0.234582,0.162054,0.000937,-0.000720,0.001638,-2.251684,WAIT_USER_CONFIRM
0.041000,0.607312,-0.234584,0.162056,0.000946,-0.001087,0.001923,-2.243263,WAIT_USER_CONFIRM
0.042000,0.607313,-0.234585,0.162058,0.000699,-0.001193,0.001601,-2.234736,WAIT_USER_CONFIRM
0.043000,0.607312,-0.234586,0.162058,0.000165,-0.001086,0.000926,-2.226263,WAIT_USER_CONFIRM
0.044000,0.607315,-0.234587,0.162061,0.001119,-0.001094,0.001502,-2.218019,WAIT_USER_CONFIRM
0.045000,0.607317,-0.234584,0.162064,0.001346,0.000672,0.001820,-2.210180,WAIT_USER_CONFIRM
0.046000,0.607315,-0.234583,0.162059,0.000162,0.000712,-0.000468,-2.202902,WAIT_USER_CONFIRM
0.047000,0.607315,-0.234585,0.162061,0.000274,-0.000177,0.000342,-2.196318,WAIT_USER_CONFIRM
0.048000,0.607315,-0.234586,0.162061,-0.000241,-0.000117,-0.000009,-2.190554,WAIT_USER_CONFIRM
0.049000,0.607316,-0.234584,0.162062,0.000142,0.000314,-0.000074,-2.185721,WAIT_USER_CONFIRM
0.050000,0.607318,-0.234584,0.162065,0.000806,0.000714,0.001014,-2.181889,WAIT_USER_CONFIRM
0.051000,0.607318,-0.234586,0.162067,0.000794,-0.000318,0.001603,-2.179066,WAIT_USER_CONFIRM
0.052000,0.607317,-0.234588,0.162065,0.000221,-0.000703,0.000719,-2.177189,WAIT_USER_CONFIRM
0.053000,0.607321,-0.234585,0.162070,0.001127,0.000276,0.001932,-2.176127,WAIT_USER_CONFIRM
0.054000,0.607320,-0.234584,0.162067,0.000994,0.001171,0.000426,-2.175722,WAIT_USER_CONFIRM
0.055000,0.607321,-0.234585,0.162068,0.000508,0.000677,0.000024,-2.175822,WAIT_USER_CONFIRM
0.056000,0.607321,-0.234587,0.162069,0.000832,0.000062,0.000498,-2.176314,WAIT_USER_CONFIRM
0.057000,0.607321,-0.234585,0.162069,0.001194,0.000646,0.001168,-2.177139,WAIT_USER_CONFIRM
0.058000,0.607322,-0.234584,0.162069,0.000804,0.000575,0.000378,-2.178258,WAIT_USER_CONFIRM
0.059000,0.607324,-0.234581,0.162071,0.001609,0.001144,0.001346,-2.179630,WAIT_USER_CONFIRM
0.060000,0.607327,-0.234581,0.162073,0.001679,0.000842,0.001229,-2.181203,WAIT_USER_CONFIRM
0.061000,0.607328,-0.234584,0.162080,0.001699,-0.000493,0.002881,-2.182906,WAIT_USER_CONFIRM
0.062000,0.607328,-0.234581,0.162078,0.001859,0.000733,0.001991,-2.184630,WAIT_USER_CONFIRM
0.063000,0.607326,-0.234586,0.162076,0.000952,-0.000653,0.001241,-2.186234,WAIT_USER_CONFIRM
0.064000,0.607325,-0.234583,0.162074,0.000262,-0.000114,0.000211,-2.187585,WAIT_USER_CONFIRM
0.065000,0.607329,-0.234579,0.162079,0.002002,0.001362,0.002492,-2.188597,WAIT_USER_CONFIRM
0.066000,0.607328,-0.234582,0.162080,0.001111,0.000243,0.001890,-2.189217,WAIT_USER_CONFIRM
0.067000,0.607330,-0.234583,0.162082,0.001003,-0.000153,0.001356,-2.189381,WAIT_USER_CONFIRM
0.068000,0.607329,-0.234582,0.162081,0.001450,0.000740,0.001472,-2.189024,WAIT_USER_CONFIRM
0.069000,0.607330,-0.234582,0.162080,0.001006,0.000579,0.000527,-2.188118,WAIT_USER_CONFIRM
0.070000,0.607327,-0.234587,0.162078,0.000079,-0.001196,-0.000007,-2.186694,WAIT_USER_CONFIRM
0.071000,0.607330,-0.234583,0.162081,0.001225,0.000288,0.001379,-2.184850,WAIT_USER_CONFIRM
0.072000,0.607330,-0.234583,0.162080,0.000802,0.000128,0.000746,-2.182714,WAIT_USER_CONFIRM
0.073000,0.607327,-0.234584,0.162076,-0.000108,-0.000174,-0.000488,-2.180408,WAIT_USER_CONFIRM
0.074000,0.607329,-0.234585,0.162082,0.000760,-0.000147,0.001349,-2.178027,WAIT_USER_CONFIRM
0.075000,0.607327,-0.234589,0.162080,-0.000222,-0.001340,0.000131,-2.175645,WAIT_USER_CONFIRM
0.076000,0.607327,-0.234587,0.162078,0.000150,-0.000550,-0.000027,-2.173309,WAIT_USER_CONFIRM
0.077000,0.607325,-0.234588,0.162076,-0.000438,-0.001367,-0.000243,-2.171059,WAIT_USER_CONFIRM
0.078000,0.607326,-0.234585,0.162075,0.000164,0.000629,-0.000608,-2.168946,WAIT_USER_CONFIRM
0.079000,0.607326,-0.234588,0.162078,0.000005,-0.000943,0.000320,-2.167027,WAIT_USER_CONFIRM
0.080000,0.607326,-0.234588,0.162077,-0.000332,-0.000529,-0.000431,-2.165348,WAIT_USER_CONFIRM
0.081000,0.607325,-0.234589,0.162077,0.000082,-0.000176,0.000042,-2.163937,WAIT_USER_CONFIRM
0.082000,0.607325,-0.234589,0.162076,0.000057,0.000022,0.000055,-2.162798,WAIT_USER_CONFIRM
0.083000,0.607325,-0.234590,0.162076,0.000537,0.000049,0.000730,-2.161914,WAIT_USER_CONFIRM
0.084000,0.607325,-0.234589,0.162077,0.000842,0.000753,0.000660,-2.161242,WAIT_USER_CONFIRM
0.085000,0.607323,-0.234590,0.162074,0.000288,0.000235,0.000189,-2.160715,WAIT_USER_CONFIRM
0.086000,0.607323,-0.234589,0.162073,0.000211,0.000971,-0.000482,-2.160263,WAIT_USER_CONFIRM
0.087000,0.607323,-0.234590,0.162074,0.000306,0.000116,0.000181,-2.159840,WAIT_USER_CONFIRM
0.088000,0.607323,-0.234589,0.162074,-0.000050,0.000065,0.000059,-2.159437,WAIT_USER_CONFIRM
0.089000,0.607320,-0.234592,0.162071,-0.000958,-0.001218,-0.000655,-2.159063,WAIT_USER_CONFIRM
0.090000,0.607321,-0.234590,0.162072,-0.001052,-0.000733,-0.001024,-2.158743,WAIT_USER_CONFIRM
0.091000,0.607323,-0.234585,0.162070,-0.000597,0.000532,-0.001515,-2.158524,WAIT_USER_CONFIRM
0.092000,0.607322,-0.234590,0.162074,-0.001108,-0.001307,0.000119,-2.158477,WAIT_USER_CONFIRM
0.093000,0.607324,-0.234589,0.162074,-0.000555,-0.000713,-0.000475,-2.158670,WAIT_USER_CONFIRM
0.094000,0.607324,-0.234584,0.162073,0.000184,0.000891,-0.000270,-2.159127,WAIT_USER_CONFIRM
0.095000,0.607324,-0.234588,0.162074,-0.000507,-0.000667,-0.000200,-2.159835,WAIT_USER_CONFIRM
0.096000,0.607324,-0.234586,0.162072,-0.000128,0.000146,-0.000439,-2.160765,WAIT_USER_CONFIRM
0.097000,0.607323,-0.234588,0.162073,0.000087,-0.000639,0.000371,-2.161885,WAIT_USER_CONFIRM
0.098000,0.607323,-0.234587,0.162071,-0.000054,-0.000416,-0.000218,-2.163152,WAIT_USER_CONFIRM
0.099000,0.607325,-0.234587,0.162074,0.000249,-0.000234,0.000095,-2.164525,WAIT_USER_CONFIRM
0.100000,0.607326,-0.234584,0.162074,0.000273,0.000899,-0.000520,-2.165967,WAIT_USER_CONFIRM
0.101000,0.607323,-0.234585,0.162071,-0.000606,0.000317,-0.001229,-2.167463,WAIT_USER_CONFIRM
0.102000,0.607324,-0.234585,0.162072,-0.000136,0.000520,-0.000438,-2.169021,WAIT_USER_CONFIRM
0.103000,0.607326,-0.234584,0.162074,0.000107,0.000047,-0.000077,-2.170660,WAIT_USER_CONFIRM
0.104000,0.607326,-0.234585,0.162073,0.000028,-0.000058,-0.000352,-2.172382,WAIT_USER_CONFIRM
0.105000,0.607326,-0.234587,0.162075,0.000427,-0.000485,0.000309,-2.174176,WAIT_USER_CONFIRM
0.106000,0.607326,-0.234584,0.162075,0.000548,0.000335,0.000625,-2.176018,WAIT_USER_CONFIRM
0.107000,0.607324,-0.234584,0.162072,-0.000359,-0.000197,-0.000256,-2.177872,WAIT_USER_CONFIRM
0.108000,0.607325,-0.234583,0.162072,0.000274,0.000394,0.000011,-2.179684,WAIT_USER_CONFIRM
0.109000,0.607322,-0.234583,0.162068,-0.001157,0.000339,-0.002046,-2.181414,WAIT_USER_CONFIRM
0.110000,0.607326,-0.234582,0.162073,-0.000085,0.000448,-0.000463,-2.183058,WAIT_USER_CONFIRM
0.111000,0.607324,-0.234584,0.162072,-0.000848,-0.000701,-0.000574,-2.184654,WAIT_USER_CONFIRM
0.112000,0.607325,-0.234585,0.162075,-0.000914,-0.000989,0.000089,-2.186233,WAIT_USER_CONFIRM
0.113000,0.607325,-0.234583,0.162072,-0.000597,-0.000234,-0.000532,-2.187786,WAIT_USER_CONFIRM
0.114000,0.607324,-0.234585,0.162073,-0.000971,-0.001118,-0.000101,-2.189265,WAIT_USER_CONFIRM
0.115000,0.607323,-0.234586,0.162073,-0.000785,-0.001442,0.000314,-2.190606,WAIT_USER_CONFIRM
0.116000,0.607322,-0.234584,0.162069,-0.001477,-0.000363,-0.001890,-2.191749,WAIT_USER_CONFIRM
0.117000,0.607323,-0.234587,0.162072,-0.000895,-0.001296,-0.000592,-2.192666,WAIT_USER_CONFIRM
0.118000,0.607322,-0.234588,0.162072,-0.001061,-0.001271,-0.000342,-2.193376,WAIT_USER_CONFIRM
0.119000,0.607323,-0.234587,0.162071,-0.000367,-0.000680,-0.000342,-2.193930,WAIT_USER_CONFIRM
0.120000,0.607324,-0.234584,0.162072,-0.000165,0.000194,-0.000209,-2.194374,WAIT_USER_CONFIRM
0.121000,0.607325,-0.234585,0.162072,0.000130,-0.000041,0.000074,-2.194740,WAIT_USER_CONFIRM
0.122000,0.607324,-0.234588,0.162075,-0.000060,-0.000814,0.000752,-2.195048,WAIT_USER_CONFIRM
0.123000,0.607322,-0.234586,0.162070,-0.000882,-0.000208,-0.000935,-2.195297,WAIT_USER_CONFIRM
0.124000,0.607326,-0.234586,0.162075,0.000374,0.000223,0.000441,-2.195476,WAIT_USER_CONFIRM
0.125000,0.607326,-0.234586,0.162077,-0.000066,0.000030,0.000849,-2.195575,WAIT_USER_CONFIRM
0.126000,0.607326,-0.234587,0.162076,0.000179,-0.000409,0.000527,-2.195565,WAIT_USER_CONFIRM
0.127000,0.607326,-0.234587,0.162076,0.000429,-0.000235,0.001164,-2.195395,WAIT_USER_CONFIRM
0.128000,0.607328,-0.234586,0.162079,0.001529,-0.000055,0.002749,-2.194995,WAIT_USER_CONFIRM
0.129000,0.607325,-0.234587,0.162074,0.000418,-0.000056,0.000364,-2.194286,WAIT_USER_CONFIRM
0.130000,0.607326,-0.234587,0.162078,0.000532,0.000407,0.001117,-2.193197,WAIT_USER_CONFIRM
0.131000,0.607327,-0.234588,0.162079,0.000738,0.000092,0.001507,-2.191696,WAIT_USER_CONFIRM
0.132000,0.607329,-0.234582,0.162077,0.001047,0.002183,0.000277,-2.189790,WAIT_USER_CONFIRM
0.133000,0.607329,-0.234583,0.162078,0.000720,0.001443,0.000534,-2.187514,WAIT_USER_CONFIRM
0.134000,0.607329,-0.234588,0.162079,0.000887,-0.000627,0.001250,-2.184937,WAIT_USER_CONFIRM
0.135000,0.607328,-0.234585,0.162078,0.000638,0.001235,0.000413,-2.182150,WAIT_USER_CONFIRM
0.136000,0.607331,-0.234584,0.162082,0.001235,0.001319,0.001489,-2.179243,WAIT_USER_CONFIRM
0.137000,0.607329,-0.234584,0.162080,-0.000036,0.000955,-0.000582,-2.176285,WAIT_USER_CONFIRM
0.138000,0.607329,-0.234582,0.162078,-0.000069,0.001250,-0.001002,-2.173344,WAIT_USER_CONFIRM
0.139000,0.607331,-0.234582,0.162082,0.000669,0.001215,0.000174,-2.170514,WAIT_USER_CONFIRM
0.140000,0.607328,-0.234587,0.162077,-0.000326,-0.000928,-0.000671,-2.167923,WAIT_USER_CONFIRM
0.141000,0.607327,-0.234581,0.162075,-0.000412,0.001271,-0.001688,-2.165699,WAIT_USER_CONFIRM
0.142000,0.607330,-0.234584,0.162081,0.000458,-0.000262,0.000628,-2.163964,WAIT_USER_CONFIRM
0.143000,0.607332,-0.234579,0.162082,0.000887,0.001362,0.000477,-2.162800,WAIT_USER_CONFIRM
0.144000,0.607329,-0.234585,0.162081,-0.000194,-0.000992,0.000048,-2.162220,WAIT_USER_CONFIRM
0.145000,0.607327,-0.234584,0.162077,-0.000849,-0.000393,-0.000983,-2.162163,WAIT_USER_CONFIRM
0.146000,0.607327,-0.234584,0.162077,-0.000598,-0.000677,-0.000753,-2.162552,WAIT_USER_CONFIRM
0.147000,0.607328,-0.234582,0.162077,0.000095,0.000242,-0.000238,-2.163326,WAIT_USER_CONFIRM
0.148000,0.607331,-0.234581,0.162082,0.000783,0.000555,0.001006,-2.164434,WAIT_USER_CONFIRM
0.149000,0.607330,-0.234583,0.162082,0.000182,-0.000524,0.000651,-2.165804,WAIT_USER_CONFIRM
0.150000,0.607328,-0.234586,0.162080,-0.000088,-0.001460,0.000404,-2.167316,WAIT_USER_CONFIRM
0.151000,0.607327,-0.234585,0.162079,0.000033,-0.000734,0.000191,-2.168833,WAIT_USER_CONFIRM
0.152000,0.607327,-0.234585,0.162077,-0.000248,-0.000659,-0.000370,-2.170235,WAIT_USER_CONFIRM
0.153000,0.607328,-0.234584,0.162079,0.000010,-0.000520,0.000351,-2.171445,WAIT_USER_CONFIRM
0.154000,0.607325,-0.234588,0.162076,-0.001296,-0.001551,-0.000972,-2.172422,WAIT_USER_CONFIRM
0.155000,0.607326,-0.234583,0.162076,-0.000379,0.000254,-0.000064,-2.173153,WAIT_USER_CONFIRM
0.156000,0.607326,-0.234583,0.162075,-0.000322,0.000299,-0.000779,-2.173639,WAIT_USER_CONFIRM
0.157000,0.607325,-0.234586,0.162075,-0.000543,-0.001013,-0.000135,-2.173894,WAIT_USER_CONFIRM
0.158000,0.607325,-0.234588,0.162076,-0.000593,-0.001169,0.000143,-2.173937,WAIT_USER_CONFIRM
0.159000,0.607325,-0.234588,0.162077,0.000621,-0.000762,0.001461,-2.173781,WAIT_USER_CONFIRM
0.160000,0.607322,-0.234588,0.162073,-0.000883,-0.000818,-0.000938,-2.173420,WAIT_USER_CONFIRM
0.161000,0.607323,-0.234587,0.162072,-0.000351,-0.000471,-0.000479,-2.172844,WAIT_USER_CONFIRM
0.162000,0.607324,-0.234585,0.162075,0.000556,0.000553,0.001108,-2.172077,WAIT_USER_CONFIRM
0.163000,0.607324,-0.234586,0.162075,0.000049,-0.000064,0.000204,-2.171154,WAIT_USER_CONFIRM
0.164000,0.607323,-0.234589,0.162074,0.000053,-0.000717,0.000287,-2.170092,WAIT_USER_CONFIRM
0.165000,0.607324,-0.234590,0.162075,0.000115,-0.001317,0.000512,-2.168900,WAIT_USER_CONFIRM
0.166000,0.607322,-0.234590,0.162073,-0.000346,-0.000774,-0.000194,-2.167603,WAIT_USER_CONFIRM
0.167000,0.607324,-0.234588,0.162077,0.000516,-0.000058,0.001252,-2.166235,WAIT_USER_CONFIRM
0.168000,0.607322,-0.234590,0.162073,-0.000183,-0.000618,0.000087,-2.164826,WAIT_USER_CONFIRM
0.169000,0.607324,-0.234588,0.162075,0.000732,0.000401,0.000915,-2.163392,WAIT_USER_CONFIRM
0.170000,0.607322,-0.234589,0.162074,0.000391,0.000228,0.000284,-2.161942,WAIT_USER_CONFIRM
0.171000,0.607323,-0.234587,0.162073,0.000343,0.000647,0.000001,-2.160492,WAIT_USER_CONFIRM
0.172000,0.607326,-0.234590,0.162079,0.000548,-0.000466,0.001092,-2.159064,WAIT_USER_CONFIRM
0.173000,0.607324,-0.234593,0.162077,-0.000273,-0.000951,-0.000073,-2.157679,WAIT_USER_CONFIRM
0.174000,0.607324,-0.234592,0.162075,-0.000741,-0.000902,-0.000677,-2.156356,WAIT_USER_CONFIRM
0.175000,0.607325,-0.234591,0.162078,-0.000200,-0.000519,0.000162,-2.155125,WAIT_USER_CONFIRM
0.176000,0.607325,-0.234591,0.162077,-0.000123,-0.000409,-0.000342,-2.154031,WAIT_USER_CONFIRM
0.177000,0.607330,-0.234588,0.162082,0.001002,0.000396,0.001095,-2.153117,WAIT_USER_CONFIRM
0.178000,0.607329,-0.234587,0.162080,0.000876,0.000956,0.000678,-2.152406,WAIT_USER_CONFIRM
0.179000,0.607330,-0.234587,0.162082,0.000637,0.000564,0.000716,-2.151880,WAIT_USER_CONFIRM
0.180000,0.607327,-0.234589,0.162078,-0.000245,-0.000294,-0.000280,-2.151490,WAIT_USER_CONFIRM
0.181000,0.607326,-0.234589,0.162078,-0.000696,0.000079,-0.000547,-2.151191,WAIT_USER_CONFIRM
0.182000,0.607329,-0.234591,0.162082,0.000012,-0.000416,0.000397,-2.150961,WAIT_USER_CONFIRM
0.183000,0.607330,-0.234588,0.162084,0.000476,0.000566,0.000982,-2.150786,WAIT_USER_CONFIRM
0.184000,0.607329,-0.234590,0.162084,0.000481,-0.000406,0.000919,-2.150634,WAIT_USER_CONFIRM
0.185000,0.607329,-0.234588,0.162083,0.000568,0.000229,0.000852,-2.150438,WAIT_USER_CONFIRM
0.186000,0.607328,-0.234587,0.162080,0.000684,0.000840,0.000412,-2.150129,WAIT_USER_CONFIRM
0.187000,0.607328,-0.234588,0.162079,-0.000103,0.000430,-0.000789,-2.149663,WAIT_USER_CONFIRM
0.188000,0.607330,-0.234590,0.162083,0.000642,-0.000097,0.000831,-2.149043,WAIT_USER_CONFIRM
0.189000,0.607328,-0.234588,0.162081,-0.000332,-0.000130,-0.000104,-2.148302,WAIT_USER_CONFIRM
0.190000,0.607329,-0.234589,0.162081,-0.000483,0.000110,-0.000898,-2.147479,WAIT_USER_CONFIRM
0.191000,0.607329,-0.234586,0.162081,-0.000293,0.000549,-0.000314,-2.146612,WAIT_USER_CONFIRM
0.192000,0.607329,-0.234585,0.162082,-0.000087,0.000718,-0.000209,-2.145747,WAIT_USER_CONFIRM
0.193000,0.607328,-0.234587,0.162080,-0.000723,-0.000071,-0.001104,-2.144921,WAIT_USER_CONFIRM
0.194000,0.607328,-0.234584,0.162079,-0.000235,0.001040,-0.001025,-2.144170,WAIT_USER_CONFIRM
0.195000,0.607328,-0.234588,0.162080,-0.000504,-0.000675,-0.000699,-2.143532,WAIT_USER_CONFIRM
0.196000,0.607330,-0.234583,0.162080,-0.000034,0.000882,-0.000610,-2.143049,WAIT_USER_CONFIRM
0.197000,0.607329,-0.234582,0.162079,-0.000765,0.000770,-0.001112,-2.142747,WAIT_USER_CONFIRM
0.198000,0.607328,-0.234585,0.162078,-0.000981,-0.000059,-0.001488,-2.142630,WAIT_USER_CONFIRM
0.199000,0.607327,-0.234586,0.162078,-0.000947,-0.000663,-0.000929,-2.142697,WAIT_USER_CONFIRM
0.200000,0.607327,-0.234586,0.162079,-0.000462,-0.000243,-0.000179,-2.142943,WAIT_USER_CONFIRM
0.201000,0.607327,-0.234585,0.162078,-0.000064,0.000504,-0.000382,-2.143345,WAIT_USER_CONFIRM
0.202000,0.607326,-0.234583,0.162076,-0.000266,0.001281,-0.000817,-2.143855,WAIT_USER_CONFIRM
0.203000,0.607326,-0.234584,0.162075,-0.000343,0.000762,-0.000848,-2.144409,WAIT_USER_CONFIRM
0.204000,0.607324,-0.234586,0.162073,-0.000811,0.000069,-0.001449,-2.144957,WAIT_USER_CONFIRM
0.205000,0.607324,-0.234585,0.162072,-0.000848,-0.000049,-0.001601,-2.145482,WAIT_USER_CONFIRM
0.206000,0.607326,-0.234582,0.162074,-0.000440,0.000540,-0.001444,-2.146013,WAIT_USER_CONFIRM
0.207000,0.607327,-0.234582,0.162076,-0.000304,0.000259,-0.000409,-2.146608,WAIT_USER_CONFIRM
0.208000,0.607327,-0.234585,0.162075,-0.000406,-0.000679,-0.001074,-2.147327,WAIT_USER_CONFIRM
0.209000,0.607326,-0.234584,0.162075,0.000052,0.000319,0.000176,-2.148201,WAIT_USER_CONFIRM
0.210000,0.607324,-0.234584,0.162072,-0.000520,0.000127,-0.000584,-2.149220,WAIT_USER_CONFIRM
0.211000,0.607324,-0.234583,0.162070,-0.000587,-0.000004,-0.001481,-2.150341,WAIT_USER_CONFIRM
0.212000,0.607326,-0.234582,0.162072,0.000044,0.000685,-0.000822,-2.151523,WAIT_USER_CONFIRM
0.213000,0.607326,-0.234582,0.162074,0.000221,0.000767,-0.000168,-2.152757,WAIT_USER_CONFIRM
0.214000,0.607325,-0.234587,0.162075,-0.000239,-0.000821,-0.000278,-2.154052,WAIT_USER_CONFIRM
0.215000,0.607326,-0.234582,0.162074,0.000243,0.000893,-0.000345,-2.155407,WAIT_USER_CONFIRM
0.216000,0.607325,-0.234584,0.162074,-0.000152,0.000879,-0.000591,-2.156799,WAIT_USER_CONFIRM
0.217000,0.607325,-0.234585,0.162074,0.000079,0.000071,-0.000137,-2.158199,WAIT_USER_CONFIRM
0.218000,0.607328,-0.234587,0.162080,0.000709,-0.000476,0.001809,-2.159563,WAIT_USER_CONFIRM
0.219000,0.607327,-0.234586,0.162078,0.000187,0.000039,0.000519,-2.160814,WAIT_USER_CONFIRM
0.220000,0.607326,-0.234587,0.162078,-0.000074,-0.000101,0.000240,-2.161835,WAIT_USER_CONFIRM
0.221000,0.607324,-0.234582,0.162071,-0.000954,0.001276,-0.002476,-2.162518,WAIT_USER_CONFIRM
0.222000,0.607327,-0.234585,0.162078,0.000194,-0.000250,0.000770,-2.162831,WAIT_USER_CONFIRM
0.223000,0.607330,-0.234583,0.162079,0.000709,0.000566,0.000676,-2.162816,WAIT_USER_CONFIRM
0.224000,0.607328,-0.234585,0.162077,-0.000448,-0.000476,-0.000372,-2.162520,WAIT_USER_CONFIRM
0.225000,0.607327,-0.234584,0.162075,-0.000684,-0.000744,-0.001049,-2.161983,WAIT_USER_CONFIRM
0.226000,0.607327,-0.234582,0.162075,-0.000729,0.000106,-0.000648,-2.161272,WAIT_USER_CONFIRM
0.227000,0.607330,-0.234585,0.162081,-0.000118,-0.000574,0.000412,-2.160485,WAIT_USER_CONFIRM
0.228000,0.607328,-0.234586,0.162079,-0.000604,-0.001114,0.000110,-2.159704,WAIT_USER_CONFIRM
0.229000,0.607328,-0.234587,0.162079,-0.000431,-0.001653,0.000397,-2.158965,WAIT_USER_CONFIRM
0.230000,0.607329,-0.234585,0.162080,-0.000455,-0.000938,-0.000228,-2.158261,WAIT_USER_CONFIRM
0.231000,0.607329,-0.234585,0.162081,-0.000286,-0.000592,-0.000090,-2.157576,WAIT_USER_CONFIRM
0.232000,0.607330,-0.234583,0.162079,0.000237,0.000350,-0.000239,-2.156900,WAIT_USER_CONFIRM
0.233000,0.607326,-0.234587,0.162075,-0.001153,-0.000504,-0.001723,-2.156248,WAIT_USER_CONFIRM
0.234000,0.607327,-0.234589,0.162081,-0.000799,-0.000806,0.000262,-2.155660,WAIT_USER_CONFIRM
0.235000,0.607325,-0.234588,0.162077,-0.001037,-0.000194,-0.001072,-2.155183,WAIT_USER_CONFIRM
0.236000,0.607328,-0.234587,0.162079,-0.000119,0.000355,-0.000395,-2.154838,WAIT_USER_CONFIRM
0.237000,0.607328,-0.234588,0.162080,-0.000249,-0.000025,-0.000043,-2.154621,WAIT_USER_CONFIRM
0.238000,0.607328,-0.234587,0.162081,0.000295,0.000239,0.000604,-2.154511,WAIT_USER_CONFIRM
0.239000,0.607326,-0.234590,0.162076,-0.000922,-0.000423,-0.001447,-2.154473,WAIT_USER_CONFIRM
0.240000,0.607328,-0.234588,0.162078,0.000286,0.000337,-0.000121,-2.154480,WAIT_USER_CONFIRM
0.241000,0.607328,-0.234588,0.162079,0.000213,0.000236,0.000288,-2.154532,WAIT_USER_CONFIRM
0.242000,0.607327,-0.234589,0.162079,0.000167,-0.000241,0.000328,-2.154635,WAIT_USER_CONFIRM
0.243000,0.607326,-0.234590,0.162078,0.000171,-0.000151,0.000307,-2.154770,WAIT_USER_CONFIRM
0.244000,0.607326,-0.234591,0.162079,0.000046,-0.000353,0.000614,-2.154894,WAIT_USER_CONFIRM
0.245000,0.607326,-0.234587,0.162077,0.000125,0.000858,-0.000296,-2.154951,WAIT_USER_CONFIRM
0.246000,0.607323,-0.234589,0.162074,-0.000869,-0.000030,-0.001218,-2.154899,WAIT_USER_CONFIRM
0.247000,0.607325,-0.234586,0.162075,-0.000291,0.000944,-0.000944,-2.154731,WAIT_USER_CONFIRM
0.248000,0.607325,-0.234589,0.162076,-0.000398,-0.000372,-0.000252,-2.154491,WAIT_USER_CONFIRM
0.249000,0.607326,-0.234589,0.162079,0.000366,0.000452,0.000709,-2.154235,WAIT_USER_CONFIRM
0.250000,0.607325,-0.234589,0.162076,-0.000497,0.000574,-0.000660,-2.153997,WAIT_USER_CONFIRM
0.251000,0.607324,-0.234587,0.162073,-0.000406,0.001216,-0.001553,-2.153778,WAIT_USER_CONFIRM
0.252000,0.607324,-0.234588,0.162073,-0.000796,0.000466,-0.001596,-2.153593,WAIT_USER_CONFIRM
0.253000,0.607323,-0.234593,0.162075,-0.000874,-0.001409,-0.000932,-2.153501,WAIT_USER_CONFIRM
0.254000,0.607325,-0.234591,0.162078,0.000317,0.000001,0.000801,-2.153585,WAIT_USER_CONFIRM
0.255000,0.607325,-0.234590,0.162077,0.000080,0.000311,-0.000023,-2.153888,WAIT_USER_CONFIRM
0.256000,0.607327,-0.234588,0.162078,0.000492,0.000492,0.000259,-2.154386,WAIT_USER_CONFIRM
0.257000,0.607327,-0.234590,0.162078,0.000003,-0.000086,-0.000120,-2.155007,WAIT_USER_CONFIRM
0.258000,0.607327,-0.234589,0.162080,0.000313,0.000204,0.000638,-2.155676,WAIT_USER_CONFIRM
0.259000,0.607327,-0.234590,0.162079,-0.000131,-0.000766,0.000119,-2.156323,WAIT_USER_CONFIRM
0.260000,0.607327,-0.234589,0.162079,-0.000185,-0.000247,0.000257,-2.156883,WAIT_USER_CONFIRM
0.261000,0.607327,-0.234587,0.162079,0.000336,0.000346,0.000694,-2.157297,WAIT_USER_CONFIRM
0.262000,0.607328,-0.234585,0.162078,0.000459,0.000675,0.000278,-2.157512,WAIT_USER_CONFIRM
0.263000,0.607326,-0.234589,0.162077,-0.000054,-0.000715,0.000274,-2.157481,WAIT_USER_CONFIRM
0.264000,0.607328,-0.234587,0.162080,0.000485,0.000232,0.000679,-2.157175,WAIT_USER_CONFIRM
0.265000,0.607328,-0.234587,0.162080,0.000192,0.000258,0.000427,-2.156586,WAIT_USER_CONFIRM
0.266000,0.607326,-0.234589,0.162078,-0.000071,-0.000143,-0.000266,-2.155722,WAIT_USER_CONFIRM
0.267000,0.607327,-0.234589,0.162080,0.000121,0.000122,0.000282,-2.154615,WAIT_USER_CONFIRM
0.268000,0.607328,-0.234589,0.162083,0.000131,-0.000423,0.000634,-2.153316,WAIT_USER_CONFIRM
0.269000,0.607331,-0.234585,0.162081,0.000963,0.000943,0.000102,-2.151879,WAIT_USER_CONFIRM
0.270000,0.607331,-0.234583,0.162082,0.000683,0.001293,0.000398,-2.150351,WAIT_USER_CONFIRM
0.271000,0.607327,-0.234589,0.162080,-0.000244,-0.000628,0.000467,-2.148769,WAIT_USER_CONFIRM
0.272000,0.607330,-0.234583,0.162080,0.000571,0.001502,0.000453,-2.147153,WAIT_USER_CONFIRM
0.273000,0.607327,-0.234587,0.162081,-0.000547,-0.000651,0.000319,-2.145503,WAIT_USER_CONFIRM
0.274000,0.607328,-0.234586,0.162078,-0.000381,-0.000386,-0.001085,-2.143811,WAIT_USER_CONFIRM
0.275000,0.607328,-0.234586,0.162080,-0.000357,-0.000118,-0.000231,-2.142096,WAIT_USER_CONFIRM
0.276000,0.607331,-0.234586,0.162083,0.000380,-0.000638,0.000660,-2.140417,WAIT_USER_CONFIRM
0.277000,0.607331,-0.234584,0.162083,0.000240,0.000427,0.000214,-2.138837,WAIT_USER_CONFIRM
0.278000,0.607331,-0.234584,0.162083,0.000294,0.000183,0.000464,-2.137388,WAIT_USER_CONFIRM
0.279000,0.607330,-0.234586,0.162083,-0.000084,-0.000830,0.000524,-2.136070,WAIT_USER_CONFIRM
0.280000,0.607330,-0.234583,0.162080,0.000574,0.000264,0.000586,-2.134858,WAIT_USER_CONFIRM
0.281000,0.607328,-0.234585,0.162080,0.000025,-0.000240,0.000727,-2.133710,WAIT_USER_CONFIRM
0.282000,0.607330,-0.234584,0.162083,0.000957,0.000096,0.001539,-2.132574,WAIT_USER_CONFIRM
0.283000,0.607329,-0.234582,0.162079,-0.000124,0.001018,-0.000948,-2.131392,WAIT_USER_CONFIRM
0.284000,0.607328,-0.234584,0.162080,0.000072,-0.000035,-0.000029,-2.130127,WAIT_USER_CONFIRM
0.285000,0.607330,-0.234585,0.162082,0.000199,-0.000008,0.000230,-2.128798,WAIT_USER_CONFIRM
0.286000,0.607326,-0.234582,0.162075,-0.000503,0.000700,-0.001364,-2.127467,WAIT_USER_CONFIRM
0.287000,0.607326,-0.234581,0.162075,-0.000569,0.000863,-0.001115,-2.126220,WAIT_USER_CONFIRM
0.288000,0.607325,-0.234584,0.162074,-0.000588,0.000069,-0.001119,-2.125165,WAIT_USER_CONFIRM
0.289000,0.607325,-0.234587,0.162075,-0.000480,-0.000281,-0.000921,-2.124412,WAIT_USER_CONFIRM
0.290000,0.607327,-0.234585,0.162078,0.000195,0.000208,0.000210,-2.124054,WAIT_USER_CONFIRM
0.291000,0.607326,-0.234587,0.162079,-0.000116,-0.000626,0.000935,-2.124135,WAIT_USER_CONFIRM
0.292000,0.607324,-0.234582,0.162071,-0.000636,0.001156,-0.001558,-2.124629,WAIT_USER_CONFIRM
0.293000,0.607325,-0.234585,0.162075,0.000156,-0.000270,0.000615,-2.125467,WAIT_USER_CONFIRM
0.294000,0.607325,-0.234584,0.162074,0.000047,-0.000006,0.000390,-2.126574,WAIT_USER_CONFIRM
0.295000,0.607328,-0.234586,0.162079,0.001175,-0.000143,0.001703,-2.127869,WAIT_USER_CONFIRM
0.296000,0.607325,-0.234587,0.162075,-0.000505,-0.000728,-0.000559,-2.129249,WAIT_USER_CONFIRM
0.297000,0.607325,-0.234588,0.162076,-0.000751,-0.001290,-0.000158,-2.130615,WAIT_USER_CONFIRM
0.298000,0.607325,-0.234588,0.162075,-0.000647,-0.001044,-0.000459,-2.131907,WAIT_USER_CONFIRM
0.299000,0.607328,-0.234586,0.162078,-0.000138,-0.000421,-0.000165,-2.133117,WAIT_USER_CONFIRM
0.300000,0.607326,-0.234587,0.162077,-0.000141,-0.000178,-0.000258,-2.134271,WAIT_USER_CONFIRM
0.301000,0.607327,-0.234589,0.162080,0.000008,-0.000533,0.000493,-2.135402,WAIT_USER_CONFIRM
0.302000,0.607327,-0.234586,0.162078,-0.000140,0.000340,-0.000537,-2.136528,WAIT_USER_CONFIRM
0.303000,0.607328,-0.234585,0.162080,0.000250,0.000451,0.000357,-2.137655,WAIT_USER_CONFIRM
0.304000,0.607329,-0.234586,0.162080,-0.000108,-0.000903,0.000436,-2.138775,WAIT_USER_CONFIRM
0.305000,0.607325,-0.234588,0.162076,-0.001123,-0.001101,-0.001143,-2.139873,WAIT_USER_CONFIRM
0.306000,0.607327,-0.234586,0.162078,-0.000238,-0.000212,-0.000061,-2.140940,WAIT_USER_CONFIRM
0.307000,0.607328,-0.234590,0.162080,-0.000213,-0.001268,0.000578,-2.141978,WAIT_USER_CONFIRM
0.308000,0.607330,-0.234587,0.162082,0.001051,-0.000076,0.001678,-2.142976,WAIT_USER_CONFIRM
0.309000,0.607327,-0.234587,0.162078,0.000305,-0.000051,0.000147,-2.143881,WAIT_USER_CONFIRM
0.310000,0.607329,-0.234587,0.162081,0.000747,0.000133,0.000621,-2.144616,WAIT_USER_CONFIRM
0.311000,0.607329,-0.234586,0.162082,0.000554,0.000264,0.000752,-2.145119,WAIT_USER_CONFIRM
0.312000,0.607329,-0.234588,0.162083,0.000386,-0.000681,0.000920,-2.145349,WAIT_USER_CONFIRM
0.313000,0.607332,-0.234589,0.162087,0.001176,-0.000960,0.001983,-2.145264,WAIT_USER_CONFIRM
0.314000,0.607331,-0.234588,0.162085,0.000954,-0.000288,0.001648,-2.144810,WAIT_USER_CONFIRM
0.315000,0.607331,-0.234587,0.162085,0.000343,-0.000038,0.000721,-2.143927,WAIT_USER_CONFIRM
0.316000,0.607328,-0.234587,0.162080,0.000080,0.000128,-0.000158,-2.142567,WAIT_USER_CONFIRM
0.317000,0.607330,-0.234587,0.162084,0.000553,0.000354,0.000998,-2.140732,WAIT_USER_CONFIRM
0.318000,0.607328,-0.234587,0.162079,-0.000446,0.000223,-0.000951,-2.138479,WAIT_USER_CONFIRM
0.319000,0.607328,-0.234585,0.162079,-0.000533,0.000701,-0.001198,-2.135905,WAIT_USER_CONFIRM
0.320000,0.607326,-0.234590,0.162079,-0.001291,-0.001084,-0.001178,-2.133158,WAIT_USER_CONFIRM
0.321000,0.607328,-0.234588,0.162082,-0.000375,-0.000178,0.000275,-2.130413,WAIT_USER_CONFIRM
0.322000,0.607329,-0.234589,0.162082,0.000055,-0.000608,0.000491,-2.127817,WAIT_USER_CONFIRM
0.323000,0.607328,-0.234585,0.162077,0.000067,0.001298,-0.000809,-2.125451,WAIT_USER_CONFIRM
0.324000,0.607327,-0.234587,0.162077,-0.000291,0.000162,-0.000745,-2.123349,WAIT_USER_CONFIRM
0.325000,0.607328,-0.234587,0.162080,0.000649,0.000124,0.001040,-2.121542,WAIT_USER_CONFIRM
0.326000,0.607327,-0.234586,0.162077,0.000153,0.000770,-0.000537,-2.120052,WAIT_USER_CONFIRM
0.327000,0.607326,-0.234589,0.162078,0.000135,-0.000042,0.000309,-2.118882,WAIT_USER_CONFIRM
0.328000,0.607325,-0.234586,0.162075,-0.000222,0.001290,-0.001254,-2.118026,WAIT_USER_CONFIRM
0.329000,0.607326,-0.234587,0.162077,0.000360,0.000634,0.000259,-2.117484,WAIT_USER_CONFIRM
0.330000,0.607323,-0.234586,0.162072,-0.000624,0.000657,-0.001493,-2.117268,WAIT_USER_CONFIRM
0.331000,0.607325,-0.234584,0.162075,-0.000118,0.000946,-0.000429,-2.117393,WAIT_USER_CONFIRM
0.332000,0.607326,-0.234586,0.162076,0.000126,0.000102,0.000326,-2.117875,WAIT_USER_CONFIRM
0.333000,0.607324,-0.234587,0.162075,-0.001219,-0.000411,-0.001087,-2.118705,WAIT_USER_CONFIRM
0.334000,0.607325,-0.234587,0.162076,-0.000551,-0.000273,-0.000169,-2.119846,WAIT_USER_CONFIRM
0.335000,0.607326,-0.234588,0.162077,-0.000041,-0.000536,0.000127,-2.121246,WAIT_USER_CONFIRM
0.336000,0.607326,-0.234585,0.162075,0.000382,0.000841,0.000115,-2.122847,WAIT_USER_CONFIRM
0.337000,0.607326,-0.234586,0.162075,0.000294,0.000510,-0.000068,-2.124580,WAIT_USER_CONFIRM
0.338000,0.607327,-0.234588,0.162079,0.000928,-0.000390,0.001826,-2.126376,WAIT_USER_CONFIRM
0.339000,0.607326,-0.234584,0.162074,-0.000155,0.000591,-0.000427,-2.128158,WAIT_USER_CONFIRM
0.340000,0.607326,-0.234584,0.162075,-0.000163,0.000840,-0.000309,-2.129850,WAIT_USER_CONFIRM
0.341000,0.607328,-0.234586,0.162079,0.000615,-0.000229,0.001394,-2.131396,WAIT_USER_CONFIRM
0.342000,0.607326,-0.234585,0.162075,0.000561,0.000513,0.000809,-2.132759,WAIT_USER_CONFIRM
0.343000,0.607328,-0.234586,0.162080,0.001477,0.000303,0.002616,-2.133892,WAIT_USER_CONFIRM
0.344000,0.607325,-0.234585,0.162074,0.000291,0.000784,0.000058,-2.134728,WAIT_USER_CONFIRM
0.345000,0.607327,-0.234582,0.162076,0.000241,0.001269,0.000209,-2.135206,WAIT_USER_CONFIRM
0.346000,0.607328,-0.234584,0.162078,0.000269,0.000274,0.000396,-2.135311,WAIT_USER_CONFIRM
0.347000,0.607329,-0.234586,0.162080,0.000840,-0.000019,0.001264,-2.135077,WAIT_USER_CONFIRM
0.348000,0.607328,-0.234586,0.162080,0.000588,-0.000359,0.001086,-2.134559,WAIT_USER_CONFIRM
0.349000,0.607328,-0.234585,0.162079,0.000783,0.000288,0.001200,-2.133804,WAIT_USER_CONFIRM
0.350000,0.607328,-0.234584,0.162077,0.000411,0.000477,-0.000218,-2.132849,WAIT_USER_CONFIRM
0.351000,0.607328,-0.234586,0.162080,-0.000072,-0.000670,0.000691,-2.131745,WAIT_USER_CONFIRM
0.352000,0.607330,-0.234582,0.162079,0.000579,0.000867,0.000621,-2.130558,WAIT_USER_CONFIRM
0.353000,0.607332,-0.234585,0.162083,0.001160,-0.000215,0.001584,-2.129348,WAIT_USER_CONFIRM
0.354000,0.607330,-0.234586,0.162083,0.000649,-0.000394,0.001424,-2.128144,WAIT_USER_CONFIRM
0.355000,0.607329,-0.234585,0.162079,-0.000036,0.000351,-0.000627,-2.126950,WAIT_USER_CONFIRM
0.356000,0.607329,-0.234589,0.162080,-0.000145,-0.000572,-0.000341,-2.125781,WAIT_USER_CONFIRM
0.357000,0.607331,-0.234584,0.162084,0.001085,0.001563,0.001489,-2.124690,WAIT_USER_CONFIRM
0.358000,0.607331,-0.234587,0.162086,0.001053,0.000457,0.002016,-2.123736,WAIT_USER_CONFIRM
0.359000,0.607330,-0.234587,0.162083,0.000180,0.000186,0.000672,-2.122913,WAIT_USER_CONFIRM
0.360000,0.607330,-0.234585,0.162081,0.000052,0.000914,0.000044,-2.122159,WAIT_USER_CONFIRM
0.361000,0.607328,-0.234586,0.162077,-0.000094,0.000410,-0.000620,-2.121424,WAIT_USER_CONFIRM
0.362000,0.607327,-0.234585,0.162077,-0.000031,0.000288,0.000077,-2.120715,WAIT_USER_CONFIRM
0.363000,0.607325,-0.234588,0.162076,-0.001069,-0.001184,-0.000706,-2.120097,WAIT_USER_CONFIRM
0.364000,0.607330,-0.234586,0.162082,0.000853,0.000022,0.001864,-2.119645,WAIT_USER_CONFIRM
0.365000,0.607327,-0.234588,0.162078,-0.000487,-0.000740,-0.000112,-2.119397,WAIT_USER_CONFIRM
0.366000,0.607327,-0.234585,0.162077,-0.000495,-0.000072,-0.000174,-2.119345,WAIT_USER_CONFIRM
0.367000,0.607325,-0.234588,0.162077,-0.000581,-0.000924,-0.000073,-2.119463,WAIT_USER_CONFIRM
0.368000,0.607328,-0.234588,0.162079,0.000676,-0.000073,0.001258,-2.119736,WAIT_USER_CONFIRM
0.369000,0.607327,-0.234585,0.162079,0.000728,0.000841,0.001236,-2.120137,WAIT_USER_CONFIRM
0.370000,0.607325,-0.234587,0.162076,0.000086,-0.000112,0.000246,-2.120617,WAIT_USER_CONFIRM
0.371000,0.607327,-0.234586,0.162078,0.000628,0.000247,0.001061,-2.121114,WAIT_USER_CONFIRM
0.372000,0.607326,-0.234588,0.162078,0.000080,-0.000520,0.000747,-2.121579,WAIT_USER_CONFIRM
0.373000,0.607325,-0.234588,0.162077,-0.000225,-0.000750,0.000351,-2.121979,WAIT_USER_CONFIRM
0.374000,0.607327,-0.234584,0.162077,0.000647,0.000904,0.000605,-2.122300,WAIT_USER_CONFIRM
0.375000,0.607326,-0.234588,0.162078,0.000506,0.000163,0.000649,-2.122546,WAIT_USER_CONFIRM
0.376000,0.607327,-0.234589,0.162080,0.000619,-0.000034,0.000676,-2.122740,WAIT_USER_CONFIRM
0.377000,0.607325,-0.234589,0.162076,-0.000703,-0.000355,-0.001461,-2.122925,WAIT_USER_CONFIRM
0.378000,0.607327,-0.234586,0.162078,0.000303,0.001061,-0.000224,-2.123178,WAIT_USER_CONFIRM
0.379000,0.607326,-0.234586,0.162075,-0.000020,0.000735,-0.000888,-2.123616,WAIT_USER_CONFIRM
0.380000,0.607327,-0.234585,0.162078,0.000818,0.000830,0.000603,-2.124367,WAIT_USER_CONFIRM
0.381000,0.607328,-0.234585,0.162079,0.000656,0.000335,0.000727,-2.125516,WAIT_USER_CONFIRM
0.382000,0.607328,-0.234584,0.162079,0.000674,0.001123,0.000325,-2.127077,WAIT_USER_CONFIRM
0.383000,0.607331,-0.234586,0.162082,0.001386,0.000241,0.001312,-2.129000,WAIT_USER_CONFIRM
0.384000,0.607330,-0.234584,0.162082,0.001434,0.000658,0.001534,-2.131187,WAIT_USER_CONFIRM
0.385000,0.607328,-0.234585,0.162080,0.000538,-0.000102,0.000805,-2.133517,WAIT_USER_CONFIRM
0.386000,0.607329,-0.234587,0.162082,0.000642,-0.000406,0.001315,-2.135856,WAIT_USER_CONFIRM
0.387000,0.607329,-0.234585,0.162081,0.000722,0.000583,0.000632,-2.138072,WAIT_USER_CONFIRM
0.388000,0.607329,-0.234582,0.162080,0.000118,0.000842,-0.000307,-2.140064,WAIT_USER_CONFIRM
0.389000,0.607328,-0.234587,0.162078,-0.000546,-0.000781,-0.000838,-2.141779,WAIT_USER_CONFIRM
0.390000,0.607331,-0.234588,0.162086,0.000492,-0.000826,0.001962,-2.143227,WAIT_USER_CONFIRM
0.391000,0.607333,-0.234585,0.162086,0.000769,0.000031,0.001117,-2.144434,WAIT_USER_CONFIRM
0.392000,0.607330,-0.234588,0.162083,-0.000446,-0.000818,-0.000030,-2.145390,WAIT_USER_CONFIRM
0.393000,0.607330,-0.234584,0.162082,-0.000198,0.000445,-0.000478,-2.146072,WAIT_USER_CONFIRM
0.394000,0.607330,-0.234586,0.162081,-0.000237,-0.000239,-0.000362,-2.146489,WAIT_USER_CONFIRM
0.395000,0.607329,-0.234585,0.162082,-0.000357,0.000036,0.000269,-2.146690,WAIT_USER_CONFIRM
0.396000,0.607328,-0.234585,0.162079,-0.000924,-0.000045,-0.000832,-2.146731,WAIT_USER_CONFIRM
0.397000,0.607327,-0.234589,0.162082,-0.001330,-0.001214,-0.000567,-2.146652,WAIT_USER_CONFIRM
0.398000,0.607330,-0.234586,0.162083,-0.000434,-0.000081,-0.000214,-2.146487,WAIT_USER_CONFIRM
0.399000,0.607328,-0.234586,0.162081,-0.000615,0.000075,-0.000714,-2.146261,WAIT_USER_CONFIRM
0.400000,0.607328,-0.234586,0.162079,-0.000826,0.000098,-0.001786,-2.146007,WAIT_USER_CONFIRM
0.401000,0.607327,-0.234584,0.162077,-0.001199,0.000290,-0.001982,-2.145788,WAIT_USER_CONFIRM
0.402000,0.607330,-0.234583,0.162082,-0.000045,0.000939,-0.000249,-2.145697,WAIT_USER_CONFIRM
0.403000,0.607328,-0.234590,0.162084,-0.000633,-0.001695,0.000512,-2.145820,WAIT_USER_CONFIRM
0.404000,0.607327,-0.234585,0.162079,-0.000751,0.000407,-0.001288,-2.146178,WAIT_USER_CONFIRM
0.405000,0.607330,-0.234584,0.162081,0.000571,0.001107,0.000010,-2.146734,WAIT_USER_CONFIRM
0.406000,0.607327,-0.234588,0.162080,-0.000474,-0.000422,-0.000694,-2.147439,WAIT_USER_CONFIRM
0.407000,0.607331,-0.234585,0.162082,0.000929,0.000533,0.001003,-2.148247,WAIT_USER_CONFIRM
0.408000,0.607326,-0.234588,0.162078,-0.000403,-0.000621,0.000187,-2.149104,WAIT_USER_CONFIRM
0.409000,0.607327,-0.234588,0.162080,-0.000031,-0.000302,0.000364,-2.149929,WAIT_USER_CONFIRM
0.410000,0.607326,-0.234588,0.162077,0.000111,-0.000238,-0.000089,-2.150628,WAIT_USER_CONFIRM
0.411000,0.607326,-0.234586,0.162077,0.000197,0.000573,-0.000106,-2.151133,WAIT_USER_CONFIRM
0.412000,0.607328,-0.234587,0.162081,0.001224,0.000234,0.001678,-2.151405,WAIT_USER_CONFIRM
0.413000,0.607323,-0.234589,0.162075,-0.001034,-0.000695,-0.001178,-2.151424,WAIT_USER_CONFIRM
0.414000,0.607326,-0.234588,0.162078,-0.000180,-0.000283,-0.000149,-2.151182,WAIT_USER_CONFIRM
0.415000,0.607326,-0.234588,0.162079,0.000485,0.000096,0.000563,-2.150703,WAIT_USER_CONFIRM
0.416000,0.607324,-0.234589,0.162076,-0.000121,-0.000300,-0.000420,-2.150037,WAIT_USER_CONFIRM
0.417000,0.607328,-0.234589,0.162082,0.000910,-0.000295,0.001792,-2.149234,WAIT_USER_CONFIRM
0.418000,0.607327,-0.234591,0.162080,0.000481,-0.000287,0.000758,-2.148319,WAIT_USER_CONFIRM
0.419000,0.607327,-0.234587,0.162079,0.000681,0.001342,0.000097,-2.147286,WAIT_USER_CONFIRM
0.420000,0.607327,-0.234587,0.162077,0.000262,0.001450,-0.000980,-2.146123,WAIT_USER_CONFIRM
0.421000,0.607327,-0.234589,0.162077,0.000264,0.000190,-0.000534,-2.144863,WAIT_USER_CONFIRM
0.422000,0.607326,-0.234587,0.162076,0.000215,0.001049,-0.000430,-2.143597,WAIT_USER_CONFIRM
0.423000,0.607329,-0.234586,0.162081,0.001042,0.000884,0.000807,-2.142437,WAIT_USER_CONFIRM
0.424000,0.607328,-0.234586,0.162078,0.000452,0.000681,-0.000320,-2.141463,WAIT_USER_CONFIRM
0.425000,0.607327,-0.234588,0.162081,0.000059,-0.000366,0.000721,-2.140712,WAIT_USER_CONFIRM
0.426000,0.607330,-0.234588,0.162084,0.000706,0.000190,0.001106,-2.140168,WAIT_USER_CONFIRM
0.427000,0.607330,-0.234587,0.162083,0.000578,0.000317,0.001027,-2.139769,WAIT_USER_CONFIRM
0.428000,0.607329,-0.234589,0.162083,-0.000174,-0.000913,0.000270,-2.139410,WAIT_USER_CONFIRM
0.429000,0.607330,-0.234589,0.162083,0.000191,-0.000601,0.000246,-2.138987,WAIT_USER_CONFIRM
0.430000,0.607331,-0.234584,0.162082,0.000375,0.001052,-0.000512,-2.138433,WAIT_USER_CONFIRM
0.431000,0.607331,-0.234588,0.162086,0.000196,-0.000175,0.000467,-2.137747,WAIT_USER_CONFIRM
0.432000,0.607329,-0.234584,0.162081,-0.000541,0.001076,-0.001430,-2.136966,WAIT_USER_CONFIRM
0.433000,0.607332,-0.234587,0.162088,0.000656,-0.000619,0.001351,-2.136146,WAIT_USER_CONFIRM
0.434000,0.607332,-0.234583,0.162082,0.000045,0.001067,-0.001084,-2.135328,WAIT_USER_CONFIRM
0.435000,0.607329,-0.234587,0.162080,-0.000248,-0.000590,-0.000875,-2.134546,WAIT_USER_CONFIRM
0.436000,0.607329,-0.234589,0.162083,-0.000618,-0.001100,-0.000211,-2.133838,WAIT_USER_CONFIRM
0.437000,0.607329,-0.234588,0.162081,-0.000221,-0.000635,-0.000397,-2.133256,WAIT_USER_CONFIRM
0.438000,0.607328,-0.234587,0.162079,-0.000084,0.000081,-0.000824,-2.132833,WAIT_USER_CONFIRM
0.439000,0.607329,-0.234588,0.162081,0.000100,-0.000105,0.000035,-2.132579,WAIT_USER_CONFIRM
0.440000,0.607327,-0.234586,0.162078,0.000009,0.000205,-0.000145,-2.132485,WAIT_USER_CONFIRM
0.441000,0.607328,-0.234589,0.162081,0.000091,-0.000869,0.000321,-2.132519,WAIT_USER_CONFIRM
0.442000,0.607329,-0.234586,0.162080,0.000330,0.000504,-0.000413,-2.132627,WAIT_USER_CONFIRM
0.443000,0.607328,-0.234586,0.162080,0.000005,-0.000094,0.000199,-2.132745,WAIT_USER_CONFIRM
0.444000,0.607329,-0.234586,0.162080,-0.000172,-0.000075,-0.000295,-2.132819,WAIT_USER_CONFIRM
0.445000,0.607326,-0.234584,0.162075,-0.000600,0.000668,-0.001215,-2.132806,WAIT_USER_CONFIRM
0.446000,0.607326,-0.234589,0.162079,-0.000681,-0.001164,0.000144,-2.132681,WAIT_USER_CONFIRM
0.447000,0.607329,-0.234582,0.162078,0.000572,0.001216,-0.000080,-2.132437,WAIT_USER_CONFIRM
0.448000,0.607328,-0.234587,0.162078,0.000430,-0.000282,0.000487,-2.132064,WAIT_USER_CONFIRM
0.449000,0.607328,-0.234583,0.162078,0.000460,0.000293,0.000437,-2.131539,WAIT_USER_CONFIRM
0.450000,0.607325,-0.234585,0.162073,-0.000773,-0.000317,-0.000847,-2.130839,WAIT_USER_CONFIRM
0.451000,0.607328,-0.234583,0.162077,0.000924,0.000415,0.001320,-2.129950,WAIT_USER_CONFIRM
0.452000,0.607326,-0.234586,0.162075,0.000510,-0.000599,0.001045,-2.128867,WAIT_USER_CONFIRM
0.453000,0.607324,-0.234585,0.162072,-0.000172,0.000032,-0.000019,-2.127576,WAIT_USER_CONFIRM
0.454000,0.607325,-0.234584,0.162074,0.000151,0.000018,0.000402,-2.126061,WAIT_USER_CONFIRM
0.455000,0.607326,-0.234586,0.162075,-0.000008,-0.000547,0.000278,-2.124331,WAIT_USER_CONFIRM
0.456000,0.607325,-0.234585,0.162072,-0.000283,-0.000155,-0.000327,-2.122426,WAIT_USER_CONFIRM
0.457000,0.607326,-0.234585,0.162075,0.000255,-0.000041,0.000358,-2.120416,WAIT_USER_CONFIRM
0.458000,0.607326,-0.234584,0.162075,0.000160,0.000347,-0.000223,-2.118389,WAIT_USER_CONFIRM
0.459000,0.607327,-0.234586,0.162077,0.001146,-0.000228,0.001399,-2.116436,WAIT_USER_CONFIRM
0.460000,0.607327,-0.234585,0.162076,0.000725,0.000057,0.000990,-2.114628,WAIT_USER_CONFIRM
0.461000,0.607331,-0.234583,0.162081,0.001448,0.000738,0.001493,-2.112997,WAIT_USER_CONFIRM
0.462000,0.607328,-0.234586,0.162079,0.000919,-0.000170,0.001229,-2.111534,WAIT_USER_CONFIRM
0.463000,0.607327,-0.234584,0.162076,-0.000252,0.000182,-0.000406,-2.110210,WAIT_USER_CONFIRM
0.464000,0.607328,-0.234583,0.162078,0.000229,0.000403,0.000359,-2.109013,WAIT_USER_CONFIRM
0.465000,0.607327,-0.234585,0.162075,-0.000191,0.000141,-0.000526,-2.107961,WAIT_USER_CONFIRM
0.466000,0.607329,-0.234587,0.162079,0.000893,-0.000372,0.001383,-2.107099,WAIT_USER_CONFIRM
0.467000,0.607328,-0.234589,0.162081,0.000412,-0.000983,0.001360,-2.106467,WAIT_USER_CONFIRM
0.468000,0.607332,-0.234585,0.162083,0.001628,0.000682,0.001793,-2.106069,WAIT_USER_CONFIRM
0.469000,0.607328,-0.234589,0.162080,-0.000362,-0.000914,-0.000032,-2.105873,WAIT_USER_CONFIRM
0.470000,0.607329,-0.234585,0.162077,0.000601,0.000471,-0.000140,-2.105840,WAIT_USER_CONFIRM
0.471000,0.607328,-0.234588,0.162080,0.000235,0.000003,0.000587,-2.105969,WAIT_USER_CONFIRM
0.472000,0.607327,-0.234590,0.162082,0.000265,-0.000755,0.001305,-2.106287,WAIT_USER_CONFIRM
0.473000,0.607328,-0.234588,0.162081,-0.000422,-0.000082,-0.000046,-2.106798,WAIT_USER_CONFIRM
0.474000,0.607327,-0.234589,0.162079,-0.000560,-0.000495,-0.000381,-2.107471,WAIT_USER_CONFIRM
0.475000,0.607331,-0.234585,0.162084,0.000510,0.000481,0.000619,-2.108271,WAIT_USER_CONFIRM
0.476000,0.607329,-0.234588,0.162083,0.000216,-0.000188,0.000852,-2.109168,WAIT_USER_CONFIRM
0.477000,0.607328,-0.234587,0.162080,-0.000272,-0.000207,-0.000098,-2.110128,WAIT_USER_CONFIRM
0.478000,0.607328,-0.234588,0.162081,-0.000147,-0.000845,0.000233,-2.111115,WAIT_USER_CONFIRM
0.479000,0.607328,-0.234589,0.162082,0.000383,-0.001053,0.001280,-2.112102,WAIT_USER_CONFIRM
0.480000,0.607330,-0.234589,0.162084,0.000538,-0.000959,0.001485,-2.113060,WAIT_USER_CONFIRM
0.481000,0.607328,-0.234588,0.162080,-0.000077,-0.000386,-0.000342,-2.113943,WAIT_USER_CONFIRM
0.482000,0.607328,-0.234587,0.162080,0.000231,-0.000172,0.000665,-2.114711,WAIT_USER_CONFIRM
0.483000,0.607328,-0.234587,0.162078,-0.000243,0.000193,-0.000971,-2.115357,WAIT_USER_CONFIRM
0.484000,0.607329,-0.234585,0.162081,0.000662,0.000670,0.000590,-2.115922,WAIT_USER_CONFIRM
0.485000,0.607327,-0.234586,0.162079,-0.000150,0.000173,0.000086,-2.116467,WAIT_USER_CONFIRM
0.486000,0.607327,-0.234584,0.162078,0.000305,0.001231,-0.000078,-2.117048,WAIT_USER_CONFIRM
0.487000,0.607329,-0.234588,0.162081,0.000657,-0.000517,0.000907,-2.117694,WAIT_USER_CONFIRM
0.488000,0.607329,-0.234586,0.162081,0.001197,0.000468,0.001335,-2.118411,WAIT_USER_CONFIRM
0.489000,0.607328,-0.234586,0.162079,0.000810,0.000216,0.000853,-2.119178,WAIT_USER_CONFIRM
0.490000,0.607330,-0.234585,0.162082,0.001694,0.000898,0.001517,-2.119947,WAIT_USER_CONFIRM
0.491000,0.607331,-0.234584,0.162083,0.002173,0.001176,0.002059,-2.120652,WAIT_USER_CONFIRM
0.492000,0.607329,-0.234585,0.162080,0.001204,0.000406,0.000851,-2.121221,WAIT_USER_CONFIRM
0.493000,0.607329,-0.234587,0.162081,0.000641,-0.000082,0.000600,-2.121590,WAIT_USER_CONFIRM
0.494000,0.607329,-0.234585,0.162078,0.000499,0.000384,-0.000215,-2.121735,WAIT_USER_CONFIRM
0.495000,0.607329,-0.234585,0.162078,0.000391,0.000203,-0.000156,-2.121690,WAIT_USER_CONFIRM
0.496000,0.607330,-0.234584,0.162081,0.000431,0.000109,0.000266,-2.121543,WAIT_USER_CONFIRM
0.497000,0.607328,-0.234587,0.162079,0.000098,-0.000438,0.000049,-2.121400,WAIT_USER_CONFIRM
0.498000,0.607330,-0.234587,0.162082,0.000930,0.000210,0.000483,-2.121351,WAIT_USER_CONFIRM
0.499000,0.607333,-0.234583,0.162084,0.001883,0.001455,0.001322,-2.121455,WAIT_USER_CONFIRM
0.500000,0.607330,-0.234584,0.162081,0.000949,0.000731,0.000383,-2.121737,WAIT_USER_CONFIRM
0.501000,0.607328,-0.234589,0.162081,0.000116,-0.000803,0.000433,-2.122187,WAIT_USER_CONFIRM
0.502000,0.607330,-0.234584,0.162080,0.000928,0.001221,0.000254,-2.122779,WAIT_USER_CONFIRM
0.503000,0.607328,-0.234587,0.162080,0.000074,0.000471,0.000114,-2.123479,WAIT_USER_CONFIRM
0.504000,0.607331,-0.234588,0.162083,0.000927,-0.000255,0.001229,-2.124252,WAIT_USER_CONFIRM
0.505000,0.607330,-0.234585,0.162081,0.000821,0.000358,0.000783,-2.125042,WAIT_USER_CONFIRM
0.506000,0.607329,-0.234587,0.162081,0.000284,-0.000456,0.000568,-2.125776,WAIT_USER_CONFIRM
0.507000,0.607329,-0.234590,0.162084,0.000022,-0.001792,0.001125,-2.126382,WAIT_USER_CONFIRM
0.508000,0.607329,-0.234587,0.162082,0.000671,0.000174,0.001163,-2.126795,WAIT_USER_CONFIRM
0.509000,0.607328,-0.234589,0.162083,0.000139,-0.000735,0.001125,-2.126957,WAIT_USER_CONFIRM
0.510000,0.607329,-0.234589,0.162083,0.000789,-0.000762,0.001707,-2.126804,WAIT_USER_CONFIRM
0.511000,0.607330,-0.234589,0.162085,0.000900,-0.000265,0.001773,-2.126273,WAIT_USER_CONFIRM
0.512000,0.607329,-0.234586,0.162082,0.000562,0.000723,0.000496,-2.125306,WAIT_USER_CONFIRM
0.513000,0.607329,-0.234587,0.162080,0.000462,0.000844,0.000032,-2.123878,WAIT_USER_CONFIRM
0.514000,0.607330,-0.234588,0.162083,0.000205,0.000012,0.000404,-2.122025,WAIT_USER_CONFIRM
0.515000,0.607327,-0.234588,0.162079,-0.000632,-0.000442,-0.000561,-2.119840,WAIT_USER_CONFIRM
0.516000,0.607326,-0.234590,0.162078,-0.000676,-0.000558,-0.000884,-2.117452,WAIT_USER_CONFIRM
0.517000,0.607328,-0.234588,0.162081,0.000128,0.000286,0.000504,-2.115008,WAIT_USER_CONFIRM
0.518000,0.607324,-0.234592,0.162077,-0.001419,-0.000532,-0.001511,-2.112647,WAIT_USER_CONFIRM
0.519000,0.607327,-0.234587,0.162080,0.000435,0.001184,0.000242,-2.110483,WAIT_USER_CONFIRM
0.520000,0.607325,-0.234589,0.162076,-0.000932,-0.000398,-0.001401,-2.108609,WAIT_USER_CONFIRM
0.521000,0.607324,-0.234588,0.162074,-0.000452,0.000222,-0.001090,-2.107103,WAIT_USER_CONFIRM
0.522000,0.607327,-0.234586,0.162078,0.001140,0.000842,0.000868,-2.106045,WAIT_USER_CONFIRM
0.523000,0.607326,-0.234587,0.162076,0.000569,0.001057,-0.000069,-2.105493,WAIT_USER_CONFIRM
0.524000,0.607326,-0.234584,0.162076,0.000399,0.001835,-0.000369,-2.105456,WAIT_USER_CONFIRM
0.525000,0.607324,-0.234586,0.162074,-0.000693,0.000505,-0.000679,-2.105903,WAIT_USER_CONFIRM
0.526000,0.607326,-0.234586,0.162077,0.000227,0.000472,0.000342,-2.106787,WAIT_USER_CONFIRM
0.527000,0.607323,-0.234589,0.162076,-0.000796,-0.000332,-0.000424,-2.108042,WAIT_USER_CONFIRM
0.528000,0.607324,-0.234588,0.162074,-0.000402,0.000418,-0.000617,-2.109591,WAIT_USER_CONFIRM
0.529000,0.607323,-0.234587,0.162073,-0.000086,0.000321,-0.000286,-2.111364,WAIT_USER_CONFIRM
0.530000,0.607323,-0.234586,0.162071,-0.000551,0.000682,-0.000796,-2.113318,WAIT_USER_CONFIRM
0.531000,0.607325,-0.234585,0.162074,0.000005,0.000830,0.000025,-2.115425,WAIT_USER_CONFIRM
0.532000,0.607326,-0.234588,0.162077,0.000224,-0.000320,0.000485,-2.117657,WAIT_USER_CONFIRM
0.533000,0.607326,-0.234587,0.162078,0.000014,0.000240,0.000574,-2.119972,WAIT_USER_CONFIRM
0.534000,0.607328,-0.234585,0.162077,0.000513,0.000639,0.000162,-2.122312,WAIT_USER_CONFIRM
0.535000,0.607327,-0.234585,0.162078,0.000234,0.000422,-0.000043,-2.124618,WAIT_USER_CONFIRM
0.536000,0.607325,-0.234585,0.162075,-0.001069,0.000137,-0.001573,-2.126866,WAIT_USER_CONFIRM
0.537000,0.607327,-0.234585,0.162078,0.000010,0.000114,-0.000037,-2.129079,WAIT_USER_CONFIRM
0.538000,0.607328,-0.234586,0.162080,0.000370,-0.000147,0.000638,-2.131319,WAIT_USER_CONFIRM
0.539000,0.607329,-0.234583,0.162079,0.000538,0.000704,0.000147,-2.133634,WAIT_USER_CONFIRM
0.540000,0.607331,-0.234583,0.162083,0.001133,0.000247,0.001690,-2.136025,WAIT_USER_CONFIRM
0.541000,0.607333,-0.234580,0.162082,0.001959,0.001730,0.001444,-2.138441,WAIT_USER_CONFIRM
0.542000,0.607334,-0.234582,0.162087,0.002162,0.000504,0.002967,-2.140782,WAIT_USER_CONFIRM
0.543000,0.607332,-0.234581,0.162083,0.001296,0.000521,0.001739,-2.142903,WAIT_USER_CONFIRM
0.544000,0.607329,-0.234583,0.162080,0.000034,-0.000298,0.000555,-2.144645,WAIT_USER_CONFIRM
0.545000,0.607329,-0.234586,0.162082,0.000115,-0.001256,0.001109,-2.145878,WAIT_USER_CONFIRM
0.546000,0.607329,-0.234588,0.162083,0.000233,-0.001483,0.001359,-2.146534,WAIT_USER_CONFIRM
0.547000,0.607333,-0.234584,0.162086,0.001146,-0.000064,0.001842,-2.146596,WAIT_USER_CONFIRM
0.548000,0.607333,-0.234584,0.162085,0.000616,-0.000405,0.001064,-2.146068,WAIT_USER_CONFIRM
0.549000,0.607334,-0.234585,0.162088,0.000825,-0.000771,0.001897,-2.144974,WAIT_USER_CONFIRM
0.550000,0.607330,-0.234585,0.162083,-0.000598,-0.000908,0.000010,-2.143357,WAIT_USER_CONFIRM
0.551000,0.607332,-0.234588,0.162086,-0.000207,-0.001889,0.000796,-2.141284,WAIT_USER_CONFIRM
0.552000,0.607331,-0.234585,0.162082,-0.000856,-0.000569,-0.001306,-2.138859,WAIT_USER_CONFIRM
0.553000,0.607333,-0.234587,0.162089,0.000086,-0.000707,0.001154,-2.136221,WAIT_USER_CONFIRM
0.554000,0.607333,-0.234586,0.162087,-0.000062,-0.000530,0.000005,-2.133520,WAIT_USER_CONFIRM
0.555000,0.607332,-0.234588,0.162086,-0.000318,-0.000654,0.000127,-2.130876,WAIT_USER_CONFIRM
0.556000,0.607332,-0.234588,0.162086,0.000348,-0.000426,0.000469,-2.128376,WAIT_USER_CONFIRM
0.557000,0.607331,-0.234589,0.162086,0.000360,-0.000827,0.001102,-2.126080,WAIT_USER_CONFIRM
0.558000,0.607331,-0.234587,0.162083,0.000399,0.000505,0.000002,-2.124024,WAIT_USER_CONFIRM
0.559000,0.607329,-0.234586,0.162081,-0.000739,0.000486,-0.001096,-2.122219,WAIT_USER_CONFIRM
0.560000,0.607331,-0.234585,0.162083,0.000073,0.000335,-0.000035,-2.120685,WAIT_USER_CONFIRM
0.561000,0.607329,-0.234587,0.162082,-0.000034,0.000529,-0.000076,-2.119452,WAIT_USER_CONFIRM
0.562000,0.607329,-0.234586,0.162081,0.000177,0.000652,-0.000338,-2.118545,WAIT_USER_CONFIRM
0.563000,0.607326,-0.234590,0.162079,-0.000719,-0.000720,-0.000621,-2.117972,WAIT_USER_CONFIRM
0.564000,0.607328,-0.234587,0.162079,0.000080,0.000753,-0.000308,-2.117730,WAIT_USER_CONFIRM
0.565000,0.607327,-0.234589,0.162079,-0.000454,-0.000818,-0.000303,-2.117803,WAIT_USER_CONFIRM
0.566000,0.607326,-0.234589,0.162078,-0.000742,-0.000427,-0.000694,-2.118164,WAIT_USER_CONFIRM
0.567000,0.607326,-0.234586,0.162075,-0.001063,0.000565,-0.001858,-2.118782,WAIT_USER_CONFIRM
0.568000,0.607324,-0.234589,0.162074,-0.000999,0.000001,-0.001442,-2.119652,WAIT_USER_CONFIRM
0.569000,0.607326,-0.234588,0.162076,-0.000527,0.000471,-0.000721,-2.120798,WAIT_USER_CONFIRM
0.570000,0.607322,-0.234589,0.162072,-0.001499,0.000171,-0.002004,-2.122258,WAIT_USER_CONFIRM
0.571000,0.607324,-0.234590,0.162076,-0.000891,-0.000079,-0.000995,-2.124055,WAIT_USER_CONFIRM
0.572000,0.607325,-0.234588,0.162075,-0.000255,0.000689,-0.000633,-2.126192,WAIT_USER_CONFIRM
0.573000,0.607323,-0.234590,0.162075,-0.000552,-0.000675,-0.000148,-2.128638,WAIT_USER_CONFIRM
0.574000,0.607324,-0.234586,0.162074,-0.000067,0.001164,-0.000807,-2.131327,WAIT_USER_CONFIRM
0.575000,0.607325,-0.234588,0.162075,-0.000073,0.000044,0.000047,-2.134171,WAIT_USER_CONFIRM
0.576000,0.607324,-0.234588,0.162076,-0.000286,-0.000597,0.000443,-2.137073,WAIT_USER_CONFIRM
0.577000,0.607324,-0.234588,0.162073,-0.000637,-0.000417,-0.001018,-2.139932,WAIT_USER_CONFIRM
0.578000,0.607325,-0.234587,0.162076,0.000190,0.000089,0.000459,-2.142656,WAIT_USER_CONFIRM
0.579000,0.607325,-0.234585,0.162075,0.000438,0.000401,0.000479,-2.145181,WAIT_USER_CONFIRM
0.580000,0.607324,-0.234584,0.162072,-0.000170,0.000980,-0.001143,-2.147466,WAIT_USER_CONFIRM
0.581000,0.607325,-0.234587,0.162075,0.000081,-0.000205,-0.000033,-2.149496,WAIT_USER_CONFIRM
0.582000,0.607328,-0.234585,0.162077,0.001344,0.000820,0.001411,-2.151286,WAIT_USER_CONFIRM
0.583000,0.607327,-0.234584,0.162076,0.000506,0.000497,0.000369,-2.152848,WAIT_USER_CONFIRM
0.584000,0.607328,-0.234588,0.162080,0.000507,-0.000765,0.001425,-2.154164,WAIT_USER_CONFIRM
0.585000,0.607327,-0.234587,0.162078,0.000218,-0.000313,0.000901,-2.155190,WAIT_USER_CONFIRM
0.586000,0.607329,-0.234587,0.162081,0.000331,-0.000256,0.001191,-2.155869,WAIT_USER_CONFIRM
0.587000,0.607328,-0.234587,0.162079,-0.000567,-0.000363,-0.000606,-2.156140,WAIT_USER_CONFIRM
0.588000,0.607331,-0.234584,0.162083,0.000352,0.000804,0.000479,-2.155971,WAIT_USER_CONFIRM
0.589000,0.607331,-0.234587,0.162083,0.000307,-0.000904,0.000918,-2.155379,WAIT_USER_CONFIRM
0.590000,0.607329,-0.234587,0.162079,-0.000508,-0.000365,-0.000702,-2.154412,WAIT_USER_CONFIRM
0.591000,0.607328,-0.234585,0.162079,-0.000266,0.000368,-0.000389,-2.153142,WAIT_USER_CONFIRM
0.592000,0.607328,-0.234585,0.162081,-0.000115,0.000059,0.000382,-2.151657,WAIT_USER_CONFIRM
0.593000,0.607329,-0.234585,0.162081,-0.000340,0.000202,-0.000545,-2.150047,WAIT_USER_CONFIRM
0.594000,0.607330,-0.234586,0.162083,-0.000563,-0.000734,-0.000391,-2.148382,WAIT_USER_CONFIRM
0.595000,0.607330,-0.234587,0.162082,-0.000528,-0.000765,-0.000806,-2.146723,WAIT_USER_CONFIRM
0.596000,0.607331,-0.234587,0.162084,-0.000413,-0.000320,-0.000479,-2.145141,WAIT_USER_CONFIRM
0.597000,0.607329,-0.234587,0.162082,-0.000631,-0.000302,-0.000365,-2.143707,WAIT_USER_CONFIRM
0.598000,0.607331,-0.234585,0.162085,-0.000020,0.000599,0.000293,-2.142467,WAIT_USER_CONFIRM
0.599000,0.607332,-0.234585,0.162085,-0.000030,0.000405,-0.000097,-2.141422,WAIT_USER_CONFIRM
0.600000,0.607332,-0.234584,0.162084,0.000166,0.000119,-0.000276,-2.140540,WAIT_USER_CONFIRM
0.601000,0.607333,-0.234585,0.162087,0.000581,-0.000429,0.001177,-2.139773,WAIT_USER_CONFIRM
0.602000,0.607330,-0.234587,0.162081,-0.000405,-0.000854,-0.001195,-2.139076,WAIT_USER_CONFIRM
0.603000,0.607330,-0.234585,0.162082,-0.000345,0.000314,-0.000589,-2.138419,WAIT_USER_CONFIRM
0.604000,0.607330,-0.234586,0.162080,-0.000139,-0.000171,-0.000835,-2.137810,WAIT_USER_CONFIRM
0.605000,0.607328,-0.234585,0.162078,-0.000445,0.000259,-0.001220,-2.137290,WAIT_USER_CONFIRM
0.606000,0.607329,-0.234588,0.162081,-0.000115,-0.000151,-0.000028,-2.136920,WAIT_USER_CONFIRM
0.607000,0.607330,-0.234586,0.162082,-0.000157,0.000840,-0.000253,-2.136745,WAIT_USER_CONFIRM
0.608000,0.607326,-0.234587,0.162076,-0.001049,0.000081,-0.001934,-2.136774,WAIT_USER_CONFIRM
0.609000,0.607326,-0.234588,0.162078,-0.000926,-0.000106,-0.000885,-2.136994,WAIT_USER_CONFIRM
0.610000,0.607326,-0.234585,0.162076,-0.000964,0.001047,-0.001781,-2.137404,WAIT_USER_CONFIRM
0.611000,0.607326,-0.234587,0.162077,-0.000915,-0.000032,-0.000981,-2.138011,WAIT_USER_CONFIRM
0.612000,0.607328,-0.234586,0.162078,-0.000784,0.000907,-0.001651,-2.138816,WAIT_USER_CONFIRM
0.613000,0.607327,-0.234587,0.162078,-0.001220,0.000044,-0.001320,-2.139813,WAIT_USER_CONFIRM
0.614000,0.607325,-0.234590,0.162076,-0.001317,-0.000411,-0.001484,-2.140989,WAIT_USER_CONFIRM
0.615000,0.607327,-0.234585,0.162076,-0.000081,0.001043,-0.000766,-2.142325,WAIT_USER_CONFIRM
0.616000,0.607325,-0.234587,0.162077,-0.000287,0.000475,0.000008,-2.143792,WAIT_USER_CONFIRM
0.617000,0.607325,-0.234586,0.162075,-0.000550,0.000692,-0.001530,-2.145336,WAIT_USER_CONFIRM
0.618000,0.607325,-0.234587,0.162075,-0.000050,-0.000074,-0.000524,-2.146895,WAIT_USER_CONFIRM
0.619000,0.607327,-0.234588,0.162080,-0.000179,-0.000477,0.000572,-2.148416,WAIT_USER_CONFIRM
0.620000,0.607327,-0.234587,0.162080,-0.000059,0.000322,0.000167,-2.149838,WAIT_USER_CONFIRM
0.621000,0.607326,-0.234587,0.162077,-0.000245,0.000397,-0.001018,-2.151072,WAIT_USER_CONFIRM
0.622000,0.607327,-0.234588,0.162080,0.000430,0.000380,0.000634,-2.152032,WAIT_USER_CONFIRM
0.623000,0.607327,-0.234590,0.162081,-0.000252,-0.000533,-0.000129,-2.152661,WAIT_USER_CONFIRM
0.624000,0.607326,-0.234590,0.162078,-0.000724,-0.000954,-0.000924,-2.152933,WAIT_USER_CONFIRM
0.625000,0.607328,-0.234586,0.162080,-0.000039,0.000309,-0.000199,-2.152852,WAIT_USER_CONFIRM
0.626000,0.607331,-0.234584,0.162084,0.000612,0.000845,0.000466,-2.152450,WAIT_USER_CONFIRM
0.627000,0.607331,-0.234582,0.162081,0.000425,0.001270,-0.000589,-2.151766,WAIT_USER_CONFIRM
0.628000,0.607330,-0.234586,0.162082,0.000198,-0.000208,-0.000319,-2.150841,WAIT_USER_CONFIRM
0.629000,0.607333,-0.234583,0.162086,0.001209,0.001026,0.001285,-2.149728,WAIT_USER_CONFIRM
0.630000,0.607334,-0.234584,0.162088,0.001689,0.000257,0.002209,-2.148467,WAIT_USER_CONFIRM
0.631000,0.607331,-0.234586,0.162084,-0.000054,-0.000465,0.000009,-2.147037,WAIT_USER_CONFIRM
0.632000,0.607331,-0.234584,0.162083,-0.000441,0.000629,-0.000803,-2.145376,WAIT_USER_CONFIRM
0.633000,0.607332,-0.234585,0.162086,0.000857,-0.000042,0.000722,-2.143452,WAIT_USER_CONFIRM
0.634000,0.607331,-0.234586,0.162084,0.000079,-0.000193,-0.000245,-2.141283,WAIT_USER_CONFIRM
0.635000,0.607331,-0.234588,0.162083,-0.000116,-0.000307,-0.000645,-2.138928,WAIT_USER_CONFIRM
0.636000,0.607331,-0.234586,0.162085,0.000761,0.000355,0.000727,-2.136468,WAIT_USER_CONFIRM
0.637000,0.607332,-0.234585,0.162085,0.000500,0.000420,0.000092,-2.133988,WAIT_USER_CONFIRM
0.638000,0.607332,-0.234586,0.162084,0.000828,0.000206,0.000385,-2.131553,WAIT_USER_CONFIRM
0.639000,0.607332,-0.234584,0.162083,0.000490,0.000874,-0.000342,-2.129205,WAIT_USER_CONFIRM
0.640000,0.607331,-0.234584,0.162083,0.000264,0.000407,0.000135,-2.126976,WAIT_USER_CONFIRM
0.641000,0.607330,-0.234586,0.162083,-0.000375,-0.000346,-0.000213,-2.124887,WAIT_USER_CONFIRM
0.642000,0.607331,-0.234587,0.162084,0.000070,-0.000358,-0.000064,-2.122941,WAIT_USER_CONFIRM
0.643000,0.607329,-0.234586,0.162081,-0.000207,0.000159,-0.001016,-2.121127,WAIT_USER_CONFIRM
0.644000,0.607328,-0.234591,0.162083,-0.000164,-0.001607,0.000315,-2.119443,WAIT_USER_CONFIRM
0.645000,0.607331,-0.234585,0.162084,0.001204,0.000607,0.001048,-2.117891,WAIT_USER_CONFIRM
0.646000,0.607328,-0.234586,0.162080,-0.000154,-0.000409,-0.000850,-2.116458,WAIT_USER_CONFIRM
0.647000,0.607327,-0.234585,0.162078,-0.000675,-0.000092,-0.001667,-2.115128,WAIT_USER_CONFIRM
0.648000,0.607328,-0.234589,0.162082,-0.000646,-0.000699,-0.000526,-2.113919,WAIT_USER_CONFIRM
0.649000,0.607328,-0.234590,0.162082,-0.000756,-0.000971,-0.000506,-2.112885,WAIT_USER_CONFIRM
0.650000,0.607326,-0.234588,0.162078,-0.001285,-0.000303,-0.001893,-2.112068,WAIT_USER_CONFIRM
0.651000,0.607323,-0.234589,0.162076,-0.002059,-0.000956,-0.001952,-2.111490,WAIT_USER_CONFIRM
0.652000,0.607325,-0.234590,0.162077,-0.001058,-0.001143,-0.000688,-2.111178,WAIT_USER_CONFIRM
0.653000,0.607324,-0.234589,0.162076,-0.001266,0.000048,-0.001642,-2.111152,WAIT_USER_CONFIRM
0.654000,0.607327,-0.234587,0.162078,-0.000182,0.000407,-0.000286,-2.111406,WAIT_USER_CONFIRM
0.655000,0.607325,-0.234590,0.162078,-0.000558,-0.000811,-0.000292,-2.111911,WAIT_USER_CONFIRM
0.656000,0.607325,-0.234590,0.162077,-0.000267,-0.000375,-0.000489,-2.112607,WAIT_USER_CONFIRM
0.657000,0.607325,-0.234589,0.162076,-0.000263,0.000073,-0.000794,-2.113426,WAIT_USER_CONFIRM
0.658000,0.607325,-0.234589,0.162077,0.000592,0.000238,0.000495,-2.114310,WAIT_USER_CONFIRM
0.659000,0.607325,-0.234592,0.162080,0.000397,-0.000626,0.001081,-2.115209,WAIT_USER_CONFIRM
0.660000,0.607326,-0.234589,0.162077,0.000586,0.000341,-0.000076,-2.116060,WAIT_USER_CONFIRM
0.661000,0.607324,-0.234589,0.162074,-0.000549,0.000257,-0.001509,-2.116800,WAIT_USER_CONFIRM
0.662000,0.607325,-0.234591,0.162079,-0.000312,-0.000802,0.000275,-2.117411,WAIT_USER_CONFIRM
0.663000,0.607330,-0.234585,0.162080,0.000833,0.001217,0.000197,-2.117922,WAIT_USER_CONFIRM
0.664000,0.607329,-0.234586,0.162081,0.000540,0.000691,0.000493,-2.118362,WAIT_USER_CONFIRM
0.665000,0.607330,-0.234586,0.162082,0.000968,0.000511,0.001175,-2.118735,WAIT_USER_CONFIRM
0.666000,0.607326,-0.234587,0.162076,0.000340,0.000835,-0.000384,-2.119017,WAIT_USER_CONFIRM
0.667000,0.607331,-0.234586,0.162084,0.001613,0.001229,0.001953,-2.119173,WAIT_USER_CONFIRM
0.668000,0.607330,-0.234584,0.162081,0.000862,0.001241,0.000363,-2.119162,WAIT_USER_CONFIRM
0.669000,0.607328,-0.234588,0.162080,0.000170,-0.000451,-0.000007,-2.118940,WAIT_USER_CONFIRM
0.670000,0.607330,-0.234587,0.162081,0.000264,-0.000290,0.000315,-2.118489,WAIT_USER_CONFIRM
0.671000,0.607330,-0.234582,0.162081,0.000341,0.001423,0.000025,-2.117827,WAIT_USER_CONFIRM
0.672000,0.607331,-0.234585,0.162083,0.000745,0.000480,0.001169,-2.116994,WAIT_USER_CONFIRM
0.673000,0.607332,-0.234585,0.162084,0.000836,0.000152,0.001210,-2.116007,WAIT_USER_CONFIRM
0.674000,0.607333,-0.234581,0.162085,0.001088,0.000943,0.001908,-2.114840,WAIT_USER_CONFIRM
0.675000,0.607332,-0.234583,0.162084,0.000259,0.000269,0.000769,-2.113432,WAIT_USER_CONFIRM
0.676000,0.607328,-0.234583,0.162078,-0.001504,0.000110,-0.001737,-2.111717,WAIT_USER_CONFIRM
0.677000,0.607329,-0.234585,0.162082,-0.000841,-0.000099,-0.000311,-2.109681,WAIT_USER_CONFIRM
0.678000,0.607331,-0.234586,0.162084,-0.000732,-0.000127,-0.000138,-2.107388,WAIT_USER_CONFIRM
0.679000,0.607330,-0.234587,0.162081,-0.001013,-0.000409,-0.001053,-2.104934,WAIT_USER_CONFIRM
0.680000,0.607330,-0.234585,0.162081,-0.000604,-0.000113,-0.000907,-2.102425,WAIT_USER_CONFIRM
0.681000,0.607331,-0.234584,0.162082,-0.000834,0.000416,-0.000921,-2.099978,WAIT_USER_CONFIRM
0.682000,0.607330,-0.234586,0.162082,-0.001144,-0.000539,-0.001032,-2.097713,WAIT_USER_CONFIRM
0.683000,0.607329,-0.234586,0.162079,-0.001179,-0.000108,-0.001644,-2.095742,WAIT_USER_CONFIRM
0.684000,0.607329,-0.234586,0.162080,-0.000338,-0.000094,-0.000329,-2.094158,WAIT_USER_CONFIRM
0.685000,0.607330,-0.234587,0.162082,0.000205,-0.000079,0.000460,-2.093031,WAIT_USER_CONFIRM
0.686000,0.607328,-0.234585,0.162079,-0.000579,0.000222,-0.000909,-2.092381,WAIT_USER_CONFIRM
0.687000,0.607325,-0.234587,0.162074,-0.001256,-0.000763,-0.001941,-2.092187,WAIT_USER_CONFIRM
0.688000,0.607326,-0.234586,0.162077,-0.000996,-0.000583,-0.001200,-2.092437,WAIT_USER_CONFIRM
0.689000,0.607327,-0.234587,0.162078,-0.000302,-0.000200,-0.000463,-2.093148,WAIT_USER_CONFIRM
0.690000,0.607329,-0.234586,0.162079,0.000281,0.000016,-0.000056,-2.094331,WAIT_USER_CONFIRM
0.691000,0.607325,-0.234587,0.162075,-0.001079,-0.000606,-0.001328,-2.095962,WAIT_USER_CONFIRM
0.692000,0.607326,-0.234585,0.162075,-0.000246,0.000235,-0.000270,-2.097992,WAIT_USER_CONFIRM
0.693000,0.607326,-0.234590,0.162080,-0.000130,-0.001335,0.001375,-2.100352,WAIT_USER_CONFIRM
0.694000,0.607326,-0.234586,0.162076,0.000022,0.000092,-0.000039,-2.102930,WAIT_USER_CONFIRM
0.695000,0.607324,-0.234587,0.162073,-0.000422,0.000167,-0.000797,-2.105576,WAIT_USER_CONFIRM
0.696000,0.607327,-0.234589,0.162077,0.000508,-0.000364,0.000672,-2.108164,WAIT_USER_CONFIRM
0.697000,0.607322,-0.234589,0.162072,-0.001378,-0.000512,-0.001592,-2.110621,WAIT_USER_CONFIRM
0.698000,0.607324,-0.234587,0.162072,-0.000747,0.000301,-0.001365,-2.112935,WAIT_USER_CONFIRM
0.699000,0.607326,-0.234588,0.162076,-0.000244,-0.000163,0.000029,-2.115145,WAIT_USER_CONFIRM
0.700000,0.607323,-0.234587,0.162073,-0.001477,-0.000069,-0.001581,-2.117310,WAIT_USER_CONFIRM
0.701000,0.607327,-0.234588,0.162078,0.000047,-0.000486,0.000712,-2.119478,WAIT_USER_CONFIRM
0.702000,0.607326,-0.234585,0.162074,0.000007,0.000689,-0.000512,-2.121662,WAIT_USER_CONFIRM
0.703000,0.607326,-0.234586,0.162077,-0.000052,-0.000107,0.000711,-2.123846,WAIT_USER_CONFIRM
0.704000,0.607327,-0.234586,0.162078,0.000405,-0.000132,0.000938,-2.125987,WAIT_USER_CONFIRM
0.705000,0.607327,-0.234586,0.162076,-0.000033,-0.000035,-0.000325,-2.128019,WAIT_USER_CONFIRM
0.706000,0.607327,-0.234585,0.162077,-0.000054,0.000526,-0.000277,-2.129878,WAIT_USER_CONFIRM
0.707000,0.607326,-0.234585,0.162075,-0.000580,0.000674,-0.000893,-2.131545,WAIT_USER_CONFIRM
0.708000,0.607328,-0.234588,0.162082,0.000637,-0.000378,0.001397,-2.133042,WAIT_USER_CONFIRM
0.709000,0.607332,-0.234588,0.162087,0.001134,-0.000191,0.002143,-2.134396,WAIT_USER_CONFIRM
0.710000,0.607328,-0.234586,0.162078,-0.000639,-0.000048,-0.001283,-2.135589,WAIT_USER_CONFIRM
0.711000,0.607329,-0.234586,0.162079,0.000164,-0.000133,-0.000289,-2.136598,WAIT_USER_CONFIRM
0.712000,0.607330,-0.234585,0.162081,0.000506,0.000711,0.000067,-2.137448,WAIT_USER_CONFIRM
0.713000,0.607332,-0.234585,0.162085,0.001136,0.000760,0.001570,-2.138211,WAIT_USER_CONFIRM
0.714000,0.607332,-0.234586,0.162086,0.000996,-0.000014,0.001292,-2.138931,WAIT_USER_CONFIRM
0.715000,0.607333,-0.234585,0.162086,0.000559,0.000220,0.000298,-2.139593,WAIT_USER_CONFIRM
0.716000,0.607332,-0.234583,0.162083,0.000144,0.001080,-0.000816,-2.140155,WAIT_USER_CONFIRM
0.717000,0.607329,-0.234586,0.162081,-0.000426,-0.000228,-0.000548,-2.140609,WAIT_USER_CONFIRM
0.718000,0.607330,-0.234584,0.162082,0.000357,0.000579,-0.000009,-2.140989,WAIT_USER_CONFIRM
0.719000,0.607331,-0.234587,0.162084,0.000851,-0.000505,0.001334,-2.141342,WAIT_USER_CONFIRM
0.720000,0.607332,-0.234587,0.162086,0.001131,-0.000416,0.002306,-2.141673,WAIT_USER_CONFIRM
0.721000,0.607332,-0.234583,0.162082,0.000272,0.000901,-0.000239,-2.141921,WAIT_USER_CONFIRM
0.722000,0.607332,-0.234587,0.162085,0.000291,-0.000689,0.000720,-2.141994,WAIT_USER_CONFIRM
0.723000,0.607333,-0.234586,0.162086,0.000248,-0.000165,0.000384,-2.141827,WAIT_USER_CONFIRM
0.724000,0.607329,-0.234586,0.162082,-0.000889,-0.000372,-0.001292,-2.141403,WAIT_USER_CONFIRM
0.725000,0.607331,-0.234583,0.162082,0.000097,0.000702,-0.000780,-2.140766,WAIT_USER_CONFIRM
0.726000,0.607331,-0.234587,0.162084,0.000510,-0.000260,0.001070,-2.140003,WAIT_USER_CONFIRM
0.727000,0.607330,-0.234585,0.162083,0.000455,0.000434,0.000648,-2.139205,WAIT_USER_CONFIRM
0.728000,0.607328,-0.234586,0.162079,0.000205,0.000367,-0.000372,-2.138413,WAIT_USER_CONFIRM
0.729000,0.607327,-0.234585,0.162078,-0.000441,0.000428,-0.000784,-2.137633,WAIT_USER_CONFIRM
0.730000,0.607327,-0.234588,0.162078,-0.000530,-0.000805,-0.000477,-2.136883,WAIT_USER_CONFIRM
0.731000,0.607327,-0.234592,0.162081,-0.000478,-0.002142,0.000849,-2.136197,WAIT_USER_CONFIRM
0.732000,0.607328,-0.234585,0.162078,-0.000324,0.000405,-0.001107,-2.135605,WAIT_USER_CONFIRM
0.733000,0.607327,-0.234587,0.162078,-0.000328,-0.000018,-0.000716,-2.135125,WAIT_USER_CONFIRM
0.734000,0.607329,-0.234587,0.162080,0.000504,0.000552,-0.000034,-2.134783,WAIT_USER_CONFIRM
0.735000,0.607325,-0.234589,0.162077,-0.000427,-0.000131,-0.000609,-2.134618,WAIT_USER_CONFIRM
0.736000,0.607328,-0.234588,0.162080,0.000526,0.000350,0.000482,-2.134652,WAIT_USER_CONFIRM
0.737000,0.607327,-0.234588,0.162079,-0.000117,0.000064,-0.000037,-2.134876,WAIT_USER_CONFIRM
0.738000,0.607327,-0.234589,0.162081,0.000052,0.000274,0.000217,-2.135241,WAIT_USER_CONFIRM
0.739000,0.607325,-0.234589,0.162078,-0.001041,0.000183,-0.001212,-2.135683,WAIT_USER_CONFIRM
0.740000,0.607327,-0.234588,0.162080,-0.000234,0.000224,-0.000422,-2.136151,WAIT_USER_CONFIRM
0.741000,0.607328,-0.234589,0.162080,0.000067,-0.000049,-0.000160,-2.136630,WAIT_USER_CONFIRM
0.742000,0.607329,-0.234589,0.162083,-0.000023,-0.000360,0.000314,-2.137131,WAIT_USER_CONFIRM
0.743000,0.607328,-0.234588,0.162082,-0.000499,0.000043,-0.000419,-2.137664,WAIT_USER_CONFIRM
0.744000,0.607328,-0.234587,0.162081,-0.000557,-0.000216,-0.000112,-2.138227,WAIT_USER_CONFIRM
0.745000,0.607328,-0.234591,0.162081,-0.000535,-0.001414,-0.000422,-2.138811,WAIT_USER_CONFIRM
0.746000,0.607329,-0.234587,0.162081,0.000733,0.000346,0.000569,-2.139408,WAIT_USER_CONFIRM
0.747000,0.607329,-0.234588,0.162082,0.000324,-0.000211,0.000428,-2.140017,WAIT_USER_CONFIRM
0.748000,0.607329,-0.234590,0.162084,0.000159,-0.000411,0.000444,-2.140628,WAIT_USER_CONFIRM
0.749000,0.607332,-0.234586,0.162087,0.001408,0.001124,0.001856,-2.141209,WAIT_USER_CONFIRM
0.750000,0.607334,-0.234585,0.162088,0.001728,0.001412,0.001990,-2.141686,WAIT_USER_CONFIRM
0.751000,0.607332,-0.234587,0.162087,0.001138,0.000423,0.001354,-2.141941,WAIT_USER_CONFIRM
0.752000,0.607330,-0.234586,0.162083,-0.000021,0.000336,-0.000617,-2.141846,WAIT_USER_CONFIRM
0.753000,0.607331,-0.234587,0.162084,0.000673,0.000176,0.000656,-2.141330,WAIT_USER_CONFIRM
0.754000,0.607333,-0.234585,0.162086,0.001304,0.000449,0.001177,-2.140404,WAIT_USER_CONFIRM
0.755000,0.607331,-0.234586,0.162086,0.000447,0.000454,0.000696,-2.139125,WAIT_USER_CONFIRM
0.756000,0.607331,-0.234584,0.162081,0.000242,0.000852,-0.001071,-2.137556,WAIT_USER_CONFIRM
0.757000,0.607328,-0.234586,0.162079,-0.000187,0.000079,-0.000606,-2.135784,WAIT_USER_CONFIRM
0.758000,0.607330,-0.234586,0.162082,0.000502,0.000204,0.000632,-2.133935,WAIT_USER_CONFIRM
0.759000,0.607330,-0.234583,0.162081,-0.000112,0.000465,-0.000097,-2.132138,WAIT_USER_CONFIRM
0.760000,0.607330,-0.234585,0.162083,0.000259,-0.000051,0.000690,-2.130477,WAIT_USER_CONFIRM
0.761000,0.607328,-0.234584,0.162079,-0.000745,0.000276,-0.001042,-2.128976,WAIT_USER_CONFIRM
0.762000,0.607328,-0.234585,0.162079,-0.000593,0.000252,-0.001108,-2.127642,WAIT_USER_CONFIRM
0.763000,0.607329,-0.234585,0.162080,-0.000632,0.000148,-0.000939,-2.126498,WAIT_USER_CONFIRM
0.764000,0.607329,-0.234586,0.162079,-0.001189,-0.000293,-0.002236,-2.125597,WAIT_USER_CONFIRM
0.765000,0.607330,-0.234586,0.162083,-0.000078,-0.000473,0.000304,-2.125017,WAIT_USER_CONFIRM
0.766000,0.607329,-0.234585,0.162079,-0.000763,0.000105,-0.001467,-2.124827,WAIT_USER_CONFIRM
0.767000,0.607325,-0.234585,0.162072,-0.001684,0.000333,-0.003115,-2.125075,WAIT_USER_CONFIRM
0.768000,0.607325,-0.234587,0.162076,-0.001312,-0.000774,-0.000976,-2.125806,WAIT_USER_CONFIRM
0.769000,0.607326,-0.234584,0.162076,-0.000555,0.000670,-0.001170,-2.127071,WAIT_USER_CONFIRM
0.770000,0.607328,-0.234585,0.162081,0.000057,0.000159,0.000972,-2.128876,WAIT_USER_CONFIRM
0.771000,0.607327,-0.234587,0.162078,0.000561,0.000041,0.000706,-2.131139,WAIT_USER_CONFIRM
0.772000,0.607328,-0.234584,0.162078,0.000630,0.001218,0.000288,-2.133691,WAIT_USER_CONFIRM
0.773000,0.607330,-0.234585,0.162083,0.001119,0.000339,0.001966,-2.136323,WAIT_USER_CONFIRM
0.774000,0.607330,-0.234586,0.162082,0.001031,0.000340,0.001695,-2.138822,WAIT_USER_CONFIRM
0.775000,0.607328,-0.234585,0.162079,0.000596,0.001024,0.000077,-2.140982,WAIT_USER_CONFIRM
0.776000,0.607328,-0.234586,0.162078,0.000887,0.000740,0.000570,-2.142646,WAIT_USER_CONFIRM
0.777000,0.607329,-0.234585,0.162081,0.001744,0.001005,0.002015,-2.143748,WAIT_USER_CONFIRM
0.778000,0.607329,-0.234585,0.162080,0.000820,0.000467,0.001211,-2.144279,WAIT_USER_CONFIRM
0.779000,0.607328,-0.234588,0.162080,0.000738,-0.000473,0.001432,-2.144245,WAIT_USER_CONFIRM
0.780000,0.607328,-0.234587,0.162078,0.000610,0.000064,0.000565,-2.143658,WAIT_USER_CONFIRM
0.781000,0.607328,-0.234586,0.162078,0.001524,0.000916,0.001283,-2.142559,WAIT_USER_CONFIRM
0.782000,0.607328,-0.234585,0.162079,0.000834,0.000474,0.000876,-2.141024,WAIT_USER_CONFIRM
0.783000,0.607329,-0.234587,0.162083,0.000857,-0.000025,0.001667,-2.139146,WAIT_USER_CONFIRM
0.784000,0.607329,-0.234586,0.162079,0.000346,0.000226,0.000215,-2.137011,WAIT_USER_CONFIRM
0.785000,0.607329,-0.234588,0.162082,-0.000062,-0.000586,0.000489,-2.134694,WAIT_USER_CONFIRM
0.786000,0.607331,-0.234588,0.162084,0.000694,-0.000081,0.001195,-2.132273,WAIT_USER_CONFIRM
0.787000,0.607330,-0.234589,0.162083,0.000514,-0.000399,0.001125,-2.129831,WAIT_USER_CONFIRM
0.788000,0.607328,-0.234588,0.162081,-0.000526,-0.000441,-0.000245,-2.127435,WAIT_USER_CONFIRM
0.789000,0.607329,-0.234585,0.162081,-0.000539,0.000560,-0.000485,-2.125150,WAIT_USER_CONFIRM
0.790000,0.607330,-0.234587,0.162082,-0.000346,-0.000220,-0.000419,-2.123053,WAIT_USER_CONFIRM
0.791000,0.607332,-0.234584,0.162084,0.000360,0.001023,-0.000011,-2.121238,WAIT_USER_CONFIRM
0.792000,0.607329,-0.234589,0.162081,-0.000677,-0.000586,-0.001222,-2.119801,WAIT_USER_CONFIRM
0.793000,0.607331,-0.234586,0.162083,-0.000261,-0.000019,0.000023,-2.118833,WAIT_USER_CONFIRM
0.794000,0.607331,-0.234589,0.162085,0.000092,-0.000862,0.000734,-2.118406,WAIT_USER_CONFIRM
0.795000,0.607330,-0.234587,0.162081,-0.000076,-0.000091,-0.000577,-2.118542,WAIT_USER_CONFIRM
0.796000,0.607330,-0.234587,0.162083,0.000015,0.000045,0.000325,-2.119215,WAIT_USER_CONFIRM
0.797000,0.607328,-0.234587,0.162079,-0.000298,0.000537,-0.000930,-2.120375,WAIT_USER_CONFIRM
0.798000,0.607329,-0.234588,0.162082,-0.000077,-0.000265,-0.000037,-2.121970,WAIT_USER_CONFIRM
0.799000,0.607330,-0.234587,0.162082,0.000185,0.000481,-0.000247,-2.123946,WAIT_USER_CONFIRM
0.800000,0.607330,-0.234589,0.162084,0.000236,-0.000206,0.000455,-2.126250,WAIT_USER_CONFIRM
0.801000,0.607327,-0.234590,0.162079,-0.000962,-0.000254,-0.001693,-2.128819,WAIT_USER_CONFIRM
0.802000,0.607329,-0.234586,0.162081,0.000119,0.000673,-0.000258,-2.131600,WAIT_USER_CONFIRM
0.803000,0.607326,-0.234584,0.162075,-0.001134,0.001205,-0.002360,-2.134563,WAIT_USER_CONFIRM
0.804000,0.607329,-0.234588,0.162081,0.000142,-0.000583,0.000284,-2.137707,WAIT_USER_CONFIRM
0.805000,0.607327,-0.234586,0.162078,-0.000925,0.000434,-0.001560,-2.141029,WAIT_USER_CONFIRM
0.806000,0.607328,-0.234584,0.162077,-0.000483,0.001302,-0.001238,-2.144516,WAIT_USER_CONFIRM
0.807000,0.607329,-0.234585,0.162080,0.000057,0.001046,-0.000151,-2.148134,WAIT_USER_CONFIRM
0.808000,0.607324,-0.234590,0.162075,-0.001250,-0.000568,-0.001507,-2.151837,WAIT_USER_CONFIRM
0.809000,0.607328,-0.234586,0.162080,0.000211,0.000436,0.000195,-2.155562,WAIT_USER_CONFIRM
0.810000,0.607328,-0.234586,0.162078,-0.000157,0.000390,-0.000408,-2.159238,WAIT_USER_CONFIRM
0.811000,0.607330,-0.234587,0.162081,0.000248,0.000221,0.000153,-2.162790,WAIT_USER_CONFIRM
0.812000,0.607327,-0.234586,0.162076,-0.000492,0.000825,-0.001315,-2.166143,WAIT_USER_CONFIRM
0.813000,0.607326,-0.234587,0.162076,-0.000318,0.000388,-0.000930,-2.169253,WAIT_USER_CONFIRM
0.814000,0.607326,-0.234585,0.162074,-0.000343,0.001171,-0.001397,-2.172121,WAIT_USER_CONFIRM
0.815000,0.607329,-0.234587,0.162080,0.000603,-0.000054,0.000760,-2.174780,WAIT_USER_CONFIRM
0.816000,0.607329,-0.234585,0.162080,0.000891,0.000945,0.000572,-2.177254,WAIT_USER_CONFIRM
0.817000,0.607330,-0.234585,0.162081,0.000984,0.000561,0.001211,-2.179520,WAIT_USER_CONFIRM
0.818000,0.607327,-0.234587,0.162078,0.000121,0.000025,-0.000077,-2.181504,WAIT_USER_CONFIRM
0.819000,0.607328,-0.234588,0.162080,0.000698,-0.000254,0.001096,-2.183119,WAIT_USER_CONFIRM
0.820000,0.607328,-0.234585,0.162079,0.000069,0.000471,0.000240,-2.184288,WAIT_USER_CONFIRM
0.821000,0.607329,-0.234586,0.162082,0.000424,-0.000130,0.000895,-2.184957,WAIT_USER_CONFIRM
0.822000,0.607329,-0.234585,0.162081,0.000397,0.000094,0.000340,-2.185086,WAIT_USER_CONFIRM
0.823000,0.607332,-0.234584,0.162083,0.000682,0.000097,0.000881,-2.184664,WAIT_USER_CONFIRM
0.824000,0.607334,-0.234583,0.162086,0.001085,0.000705,0.000987,-2.183700,WAIT_USER_CONFIRM
0.825000,0.607331,-0.234586,0.162084,0.000205,-0.000254,0.000653,-2.182219,WAIT_USER_CONFIRM
0.826000,0.607331,-0.234588,0.162085,0.000058,-0.000813,0.000663,-2.180255,WAIT_USER_CONFIRM
0.827000,0.607332,-0.234587,0.162087,0.000311,-0.000620,0.001157,-2.177847,WAIT_USER_CONFIRM
0.828000,0.607332,-0.234586,0.162085,0.000102,-0.000116,-0.000031,-2.175033,WAIT_USER_CONFIRM
0.829000,0.607331,-0.234589,0.162084,-0.000524,-0.000818,-0.000571,-2.171866,WAIT_USER_CONFIRM
0.830000,0.607331,-0.234588,0.162084,-0.000636,-0.000806,-0.000351,-2.168427,WAIT_USER_CONFIRM
0.831000,0.607332,-0.234589,0.162087,-0.000002,-0.000928,0.000788,-2.164828,WAIT_USER_CONFIRM
0.832000,0.607331,-0.234589,0.162085,-0.000761,-0.000967,-0.000218,-2.161169,WAIT_USER_CONFIRM
0.833000,0.607332,-0.234586,0.162085,-0.000652,0.000264,-0.000866,-2.157516,WAIT_USER_CONFIRM
0.834000,0.607330,-0.234588,0.162083,-0.000787,-0.000618,-0.001209,-2.153924,WAIT_USER_CONFIRM
0.835000,0.607328,-0.234586,0.162079,-0.001431,-0.000267,-0.001878,-2.150469,WAIT_USER_CONFIRM
0.836000,0.607332,-0.234590,0.162087,-0.000218,-0.001701,0.000749,-2.147254,WAIT_USER_CONFIRM
0.837000,0.607329,-0.234585,0.162081,-0.000951,0.000013,-0.001130,-2.144361,WAIT_USER_CONFIRM
0.838000,0.607328,-0.234587,0.162081,-0.001068,-0.001264,-0.000213,-2.141818,WAIT_USER_CONFIRM
0.839000,0.607327,-0.234588,0.162080,-0.001046,-0.000731,-0.000995,-2.139611,WAIT_USER_CONFIRM
0.840000,0.607326,-0.234589,0.162079,-0.001219,-0.001217,-0.000954,-2.137709,WAIT_USER_CONFIRM
0.841000,0.607325,-0.234588,0.162076,-0.001059,-0.000492,-0.001157,-2.136094,WAIT_USER_CONFIRM
0.842000,0.607328,-0.234585,0.162079,-0.000097,0.000315,-0.000124,-2.134756,WAIT_USER_CONFIRM
0.843000,0.607328,-0.234587,0.162079,0.000211,-0.000091,0.000198,-2.133684,WAIT_USER_CONFIRM
0.844000,0.607327,-0.234588,0.162080,-0.000021,-0.000286,0.000318,-2.132847,WAIT_USER_CONFIRM
0.845000,0.607323,-0.234589,0.162072,-0.000927,-0.000145,-0.001581,-2.132191,WAIT_USER_CONFIRM
0.846000,0.607325,-0.234590,0.162077,-0.000162,-0.000540,0.000098,-2.131675,WAIT_USER_CONFIRM
0.847000,0.607323,-0.234590,0.162074,-0.001177,-0.000793,-0.000945,-2.131287,WAIT_USER_CONFIRM
0.848000,0.607323,-0.234591,0.162076,-0.000835,-0.001116,-0.000148,-2.131030,WAIT_USER_CONFIRM
0.849000,0.607321,-0.234589,0.162071,-0.001576,-0.000587,-0.002200,-2.130908,WAIT_USER_CONFIRM
0.850000,0.607325,-0.234589,0.162077,-0.000148,-0.000509,0.000326,-2.130939,WAIT_USER_CONFIRM
0.851000,0.607326,-0.234586,0.162075,-0.000133,0.000471,-0.000906,-2.131153,WAIT_USER_CONFIRM
0.852000,0.607325,-0.234589,0.162075,-0.000502,-0.000404,-0.000573,-2.131579,WAIT_USER_CONFIRM
0.853000,0.607323,-0.234588,0.162072,-0.001121,-0.000185,-0.001819,-2.132244,WAIT_USER_CONFIRM
0.854000,0.607327,-0.234587,0.162077,0.000650,-0.000201,0.001176,-2.133185,WAIT_USER_CONFIRM
0.855000,0.607325,-0.234584,0.162073,0.000203,0.000829,-0.000151,-2.134417,WAIT_USER_CONFIRM
0.856000,0.607325,-0.234585,0.162075,0.000103,-0.000072,0.000432,-2.135909,WAIT_USER_CONFIRM
0.857000,0.607323,-0.234586,0.162073,-0.000376,-0.000544,-0.000043,-2.137586,WAIT_USER_CONFIRM
0.858000,0.607324,-0.234587,0.162074,-0.000669,-0.000701,-0.000556,-2.139358,WAIT_USER_CONFIRM
0.859000,0.607326,-0.234590,0.162080,-0.000114,-0.001175,0.001249,-2.141144,WAIT_USER_CONFIRM
0.860000,0.607326,-0.234586,0.162077,0.000251,0.000454,0.000467,-2.142865,WAIT_USER_CONFIRM
0.861000,0.607327,-0.234586,0.162078,0.000632,0.000392,0.000745,-2.144432,WAIT_USER_CONFIRM
0.862000,0.607326,-0.234585,0.162077,-0.000201,0.000538,-0.000254,-2.145759,WAIT_USER_CONFIRM
0.863000,0.607327,-0.234588,0.162078,-0.000541,-0.000890,-0.000332,-2.146806,WAIT_USER_CONFIRM
0.864000,0.607331,-0.234585,0.162084,0.000463,0.000192,0.001161,-2.147577,WAIT_USER_CONFIRM
0.865000,0.607331,-0.234584,0.162083,0.000205,0.000207,0.000465,-2.148098,WAIT_USER_CONFIRM
0.866000,0.607330,-0.234585,0.162083,0.000101,0.000536,0.000407,-2.148380,WAIT_USER_CONFIRM
0.867000,0.607332,-0.234584,0.162086,0.000641,0.001043,0.000489,-2.148416,WAIT_USER_CONFIRM
0.868000,0.607332,-0.234586,0.162086,0.000779,0.000270,0.000893,-2.148207,WAIT_USER_CONFIRM
0.869000,0.607331,-0.234588,0.162085,-0.000279,-0.000996,0.000209,-2.147763,WAIT_USER_CONFIRM
0.870000,0.607332,-0.234587,0.162086,0.000132,-0.000310,0.000201,-2.147109,WAIT_USER_CONFIRM
0.871000,0.607331,-0.234585,0.162083,-0.000672,0.000381,-0.001491,-2.146294,WAIT_USER_CONFIRM
0.872000,0.607335,-0.234586,0.162088,0.000613,-0.000001,0.000661,-2.145398,WAIT_USER_CONFIRM
0.873000,0.607334,-0.234583,0.162088,0.000656,0.001196,0.000584,-2.144521,WAIT_USER_CONFIRM
0.874000,0.607334,-0.234586,0.162087,0.000226,-0.000281,0.000555,-2.143726,WAIT_USER_CONFIRM
0.875000,0.607335,-0.234585,0.162092,0.000530,0.000062,0.001748,-2.143014,WAIT_USER_CONFIRM
0.876000,0.607333,-0.234585,0.162087,-0.000636,-0.000267,-0.000840,-2.142323,WAIT_USER_CONFIRM
0.877000,0.607333,-0.234584,0.162085,-0.000991,0.000033,-0.001473,-2.141575,WAIT_USER_CONFIRM
0.878000,0.607335,-0.234587,0.162091,-0.000304,-0.001465,0.000771,-2.140735,WAIT_USER_CONFIRM
0.879000,0.607335,-0.234584,0.162089,-0.000154,0.000297,-0.000091,-2.139806,WAIT_USER_CONFIRM
0.880000,0.607334,-0.234586,0.162090,-0.000055,-0.000470,0.000790,-2.138787,WAIT_USER_CONFIRM
0.881000,0.607333,-0.234587,0.162087,-0.000803,-0.001056,-0.000295,-2.137642,WAIT_USER_CONFIRM
0.882000,0.607333,-0.234589,0.162087,-0.000681,-0.001464,-0.000099,-2.136330,WAIT_USER_CONFIRM
0.883000,0.607330,-0.234586,0.162082,-0.000711,0.000634,-0.001385,-2.134831,WAIT_USER_CONFIRM
0.884000,0.607327,-0.234587,0.162078,-0.001081,0.000096,-0.001692,-2.133173,WAIT_USER_CONFIRM
0.885000,0.607330,-0.234585,0.162083,0.000120,0.000951,0.000075,-2.131440,WAIT_USER_CONFIRM
0.886000,0.607329,-0.234588,0.162082,-0.000947,-0.000534,-0.000667,-2.129726,WAIT_USER_CONFIRM
0.887000,0.607327,-0.234590,0.162080,-0.001045,-0.000450,-0.001223,-2.128099,WAIT_USER_CONFIRM
0.888000,0.607328,-0.234588,0.162079,-0.000590,0.000395,-0.001218,-2.126604,WAIT_USER_CONFIRM
0.889000,0.607330,-0.234587,0.162082,0.000052,0.000155,-0.000179,-2.125292,WAIT_USER_CONFIRM
0.890000,0.607330,-0.234585,0.162080,0.000297,0.001024,-0.000503,-2.124208,WAIT_USER_CONFIRM
0.891000,0.607325,-0.234586,0.162076,-0.000900,0.001002,-0.001575,-2.123379,WAIT_USER_CONFIRM
0.892000,0.607326,-0.234589,0.162078,-0.000482,-0.000028,-0.000718,-2.122817,WAIT_USER_CONFIRM
0.893000,0.607326,-0.234587,0.162077,-0.000981,-0.000012,-0.001592,-2.122530,WAIT_USER_CONFIRM
0.894000,0.607326,-0.234589,0.162079,-0.000990,-0.000749,-0.000327,-2.122526,WAIT_USER_CONFIRM
0.895000,0.607326,-0.234585,0.162075,-0.000958,0.000293,-0.001541,-2.122794,WAIT_USER_CONFIRM
0.896000,0.607325,-0.234589,0.162076,-0.000941,-0.000918,-0.001155,-2.123308,WAIT_USER_CONFIRM
0.897000,0.607324,-0.234588,0.162074,-0.000901,-0.000336,-0.001280,-2.124043,WAIT_USER_CONFIRM
0.898000,0.607327,-0.234590,0.162078,-0.000069,-0.000709,-0.000098,-2.124992,WAIT_USER_CONFIRM
0.899000,0.607329,-0.234586,0.162080,0.001421,0.000855,0.001539,-2.126143,WAIT_USER_CONFIRM
0.900000,0.607324,-0.234588,0.162074,0.000277,-0.000038,0.000540,-2.127438,WAIT_USER_CONFIRM
0.901000,0.607326,-0.234588,0.162077,0.000308,0.000158,0.000860,-2.128758,WAIT_USER_CONFIRM
0.902000,0.607328,-0.234589,0.162079,0.000621,-0.000117,0.000883,-2.129951,WAIT_USER_CONFIRM
0.903000,0.607326,-0.234585,0.162076,0.000136,0.001443,-0.000170,-2.130878,WAIT_USER_CONFIRM
0.904000,0.607326,-0.234589,0.162077,-0.000174,-0.000181,-0.000441,-2.131444,WAIT_USER_CONFIRM
0.905000,0.607327,-0.234589,0.162079,-0.000105,-0.000255,-0.000284,-2.131624,WAIT_USER_CONFIRM
0.906000,0.607328,-0.234587,0.162080,0.000182,0.000325,0.000329,-2.131463,WAIT_USER_CONFIRM
0.907000,0.607327,-0.234588,0.162078,-0.000143,-0.000179,-0.000586,-2.131043,WAIT_USER_CONFIRM
0.908000,0.607329,-0.234587,0.162080,0.000856,0.000343,0.000631,-2.130453,WAIT_USER_CONFIRM
0.909000,0.607330,-0.234586,0.162081,0.000751,0.000218,0.000672,-2.129778,WAIT_USER_CONFIRM
0.910000,0.607328,-0.234583,0.162079,0.000310,0.001460,0.000110,-2.129077,WAIT_USER_CONFIRM
0.911000,0.607331,-0.234587,0.162083,0.000528,-0.000446,0.000847,-2.128376,WAIT_USER_CONFIRM
0.912000,0.607329,-0.234586,0.162081,0.000288,0.000062,0.000185,-2.127672,WAIT_USER_CONFIRM
0.913000,0.607329,-0.234586,0.162081,0.000152,0.000444,-0.000185,-2.126957,WAIT_USER_CONFIRM
0.914000,0.607330,-0.234584,0.162080,-0.000125,0.000704,-0.000764,-2.126241,WAIT_USER_CONFIRM
0.915000,0.607329,-0.234585,0.162079,0.000061,0.000542,-0.000776,-2.125564,WAIT_USER_CONFIRM
0.916000,0.607329,-0.234588,0.162083,-0.000178,-0.000414,0.000254,-2.124997,MOVE_JOINT
0.917000,0.607329,-0.234585,0.162081,-0.000325,0.000355,-0.000204,-2.124602,MOVE_JOINT
0.918000,0.607328,-0.234585,0.162078,-0.000629,0.000092,-0.000540,-2.124398,MOVE_JOINT
0.919000,0.607328,-0.234585,0.162077,-0.000863,0.000177,-0.001544,-2.124372,MOVE_JOINT
0.920000,0.607332,-0.234584,0.162084,0.000364,-0.000020,0.001012,-2.124505,MOVE_JOINT
0.921000,0.607332,-0.234585,0.162086,0.000151,-0.000695,0.001135,-2.124769,MOVE_JOINT
0.922000,0.607330,-0.234587,0.162083,-0.000705,-0.000923,-0.000250,-2.125094,MOVE_JOINT
0.923000,0.607330,-0.234584,0.162082,-0.000857,-0.000030,-0.000885,-2.125388,MOVE_JOINT
0.924000,0.607330,-0.234585,0.162082,-0.000912,-0.000675,-0.000680,-2.125589,MOVE_JOINT
0.925000,0.607330,-0.234582,0.162079,-0.000636,0.000462,-0.001341,-2.125693,MOVE_JOINT
0.926000,0.607328,-0.234584,0.162079,-0.001119,-0.000484,-0.001013,-2.125748,MOVE_JOINT
0.927000,0.607330,-0.234583,0.162081,-0.000091,0.000144,-0.000327,-2.125823,MOVE_JOINT
0.928000,0.607330,-0.234583,0.162082,-0.000205,0.000195,-0.000246,-2.125985,MOVE_JOINT
0.929000,0.607331,-0.234581,0.162082,-0.000229,0.000573,-0.000571,-2.126268,MOVE_JOINT
0.930000,0.607328,-0.234582,0.162075,-0.001337,0.000063,-0.002421,-2.126688,MOVE_JOINT
0.931000,0.607329,-0.234585,0.162080,-0.000760,-0.000682,-0.000463,-2.127270,MOVE_JOINT
0.932000,0.607330,-0.234585,0.162081,-0.000186,-0.000364,0.000556,-2.128053,MOVE_JOINT
0.933000,0.607330,-0.234586,0.162081,0.000048,-0.000916,0.000524,-2.129036,MOVE_JOINT
0.934000,0.607329,-0.234584,0.162079,-0.000297,0.000240,0.000169,-2.130152,MOVE_JOINT
0.935000,0.607325,-0.234588,0.162076,-0.001160,-0.001398,-0.000242,-2.131295,MOVE_JOINT
0.936000,0.607328,-0.234586,0.162080,-0.000173,-0.000299,0.000460,-2.132354,MOVE_JOINT
0.937000,0.607326,-0.234586,0.162077,-0.000603,-0.000185,-0.000001,-2.133234,MOVE_JOINT
0.938000,0.607327,-0.234584,0.162078,-0.000265,0.000172,0.000013,-2.133857,MOVE_JOINT
0.939000,0.607325,-0.234588,0.162075,-0.001191,-0.001054,-0.001154,-2.134178,MOVE_JOINT
0.940000,0.607325,-0.234588,0.162075,-0.000654,-0.000736,-0.000513,-2.134200,MOVE_JOINT
0.941000,0.607328,-0.234585,0.162080,0.000440,0.000362,0.000877,-2.133983,MOVE_JOINT
0.942000,0.607329,-0.234584,0.162081,0.000864,0.000488,0.001275,-2.133594,MOVE_JOINT
0.943000,0.607325,-0.234587,0.162074,-0.000291,-0.000655,-0.000523,-2.133071,MOVE_JOINT
0.944000,0.607328,-0.234589,0.162082,0.000850,-0.001097,0.002045,-2.132428,MOVE_JOINT
0.945000,0.607326,-0.234587,0.162076,-0.000414,-0.000032,-0.000898,-2.131675,MOVE_JOINT
0.946000,0.607327,-0.234585,0.162078,-0.000093,0.000542,-0.000203,-2.130832,MOVE_JOINT
0.947000,0.607329,-0.234588,0.162083,0.000993,-0.000447,0.001918,-2.129936,MOVE_JOINT
0.948000,0.607332,-0.234587,0.162084,0.001507,0.000196,0.002199,-2.129013,MOVE_JOINT
0.949000,0.607329,-0.234587,0.162082,0.001049,0.000694,0.001397,-2.128034,MOVE_JOINT
0.950000,0.607332,-0.234586,0.162083,0.001371,0.001129,0.001085,-2.126932,MOVE_JOINT
0.951000,0.607329,-0.234586,0.162080,0.000193,0.001076,-0.000234,-2.125658,MOVE_JOINT
0.952000,0.607329,-0.234590,0.162082,0.000142,-0.000736,0.000586,-2.124224,MOVE_JOINT
0.953000,0.607329,-0.234589,0.162083,0.000595,-0.000009,0.001005,-2.122693,MOVE_JOINT
0.954000,0.607331,-0.234586,0.162083,0.000845,0.001095,0.000348,-2.121142,MOVE_JOINT
0.955000,0.607330,-0.234586,0.162083,0.001093,0.001401,0.000672,-2.119636,MOVE_JOINT
0.956000,0.607330,-0.234587,0.162083,0.000538,0.000837,0.000350,-2.118233,MOVE_JOINT
0.957000,0.607331,-0.234588,0.162084,0.000824,0.000028,0.001004,-2.116973,MOVE_JOINT
0.958000,0.607331,-0.234588,0.162083,0.000515,0.000553,-0.000246,-2.115879,MOVE_JOINT
0.959000,0.607330,-0.234591,0.162086,0.000448,-0.000733,0.001088,-2.114962,MOVE_JOINT
0.960000,0.607330,-0.234586,0.162082,0.000559,0.001110,-0.000340,-2.114236,MOVE_JOINT
0.961000,0.607329,-0.234587,0.162082,0.000433,0.000480,0.000046,-2.113720,MOVE_JOINT
0.962000,0.607330,-0.234588,0.162085,0.000821,-0.000023,0.001163,-2.113438,MOVE_JOINT
0.963000,0.607330,-0.234588,0.162083,0.000356,-0.000104,0.000205,-2.113398,MOVE_JOINT
0.964000,0.607327,-0.234590,0.162080,-0.000545,-0.000941,-0.000834,-2.113588,MOVE_JOINT
0.965000,0.607327,-0.234590,0.162080,-0.000501,-0.000293,-0.000800,-2.113998,MOVE_JOINT
0.966000,0.607328,-0.234589,0.162083,-0.000370,-0.000239,-0.000043,-2.114644,MOVE_JOINT
0.967000,0.607327,-0.234590,0.162082,-0.000412,-0.000621,0.000069,-2.115542,MOVE_JOINT
0.968000,0.607327,-0.234590,0.162081,-0.000479,-0.000165,-0.000157,-2.116670,MOVE_JOINT
0.969000,0.607328,-0.234587,0.162080,-0.000181,0.000348,-0.000623,-2.117965,MOVE_JOINT
0.970000,0.607327,-0.234588,0.162077,-0.001009,-0.000163,-0.001514,-2.119366,MOVE_JOINT
0.971000,0.607325,-0.234589,0.162078,-0.001219,-0.000738,-0.000876,-2.120841,MOVE_JOINT
0.972000,0.607325,-0.234585,0.162075,-0.001038,0.000676,-0.001551,-2.122394,MOVE_JOINT
0.973000,0.607325,-0.234587,0.162076,-0.001036,-0.000165,-0.001428,-2.124045,MOVE_JOINT
0.974000,0.607328,-0.234585,0.162079,0.000084,0.000643,-0.000435,-2.125819,MOVE_JOINT
0.975000,0.607327,-0.234588,0.162080,0.000014,-0.000176,0.000227,-2.127731,MOVE_JOINT
0.976000,0.607327,-0.234585,0.162077,0.000084,0.000776,-0.000444,-2.129769,MOVE_JOINT
0.977000,0.607324,-0.234586,0.162074,-0.000654,0.000514,-0.000989,-2.131890,MOVE_JOINT
0.978000,0.607326,-0.234588,0.162079,0.000261,-0.000157,0.000951,-2.134037,MOVE_JOINT
0.979000,0.607328,-0.234585,0.162078,0.000335,0.001074,-0.000247,-2.136142,MOVE_JOINT
0.980000,0.607327,-0.234586,0.162079,0.000617,0.000756,0.000447,-2.138127,MOVE_JOINT
0.981000,0.607327,-0.234584,0.162077,0.000857,0.001379,0.000183,-2.139921,MOVE_JOINT
0.982000,0.607326,-0.234588,0.162077,0.000202,-0.000621,0.000174,-2.141472,MOVE_JOINT
0.983000,0.607326,-0.234587,0.162077,0.000241,0.000264,-0.000117,-2.142758,MOVE_JOINT
0.984000,0.607331,-0.234586,0.162083,0.001278,0.000685,0.001256,-2.143784,MOVE_JOINT
0.985000,0.607332,-0.234587,0.162087,0.001113,-0.000014,0.002230,-2.144558,MOVE_JOINT
0.986000,0.607330,-0.234586,0.162083,0.000250,0.000400,0.000311,-2.145045,MOVE_JOINT
0.987000,0.607330,-0.234585,0.162081,0.000046,0.000422,-0.000577,-2.145185,MOVE_JOINT
0.988000,0.607330,-0.234586,0.162083,0.000168,-0.000115,0.000654,-2.144944,MOVE_JOINT
0.989000,0.607333,-0.234587,0.162087,0.001111,0.000356,0.001310,-2.144339,MOVE_JOINT
0.990000,0.607334,-0.234584,0.162088,0.001327,0.001268,0.001823,-2.143395,MOVE_JOINT
0.991000,0.607334,-0.234586,0.162087,0.001151,0.000124,0.001372,-2.142109,MOVE_JOINT
0.992000,0.607333,-0.234585,0.162087,0.000886,0.000000,0.001662,-2.140451,MOVE_JOINT
0.993000,0.607333,-0.234587,0.162086,0.000618,-0.000339,0.000775,-2.138394,MOVE_JOINT
0.994000,0.607333,-0.234583,0.162085,0.000306,0.001052,-0.000171,-2.135938,MOVE_JOINT
0.995000,0.607335,-0.234584,0.162088,0.000971,0.001007,0.001014,-2.133131,MOVE_JOINT
0.996000,0.607332,-0.234588,0.162087,-0.000264,-0.000313,-0.000198,-2.130060,MOVE_JOINT
0.997000,0.607336,-0.234586,0.162091,0.000767,0.000753,0.000848,-2.126827,MOVE_JOINT
0.998000,0.607334,-0.234582,0.162086,0.000186,0.002234,-0.000968,-2.123531,MOVE_JOINT
0.999000,0.607332,-0.234586,0.162086,-0.000320,0.000556,-0.000784,-2.120278,MOVE_JOINT
1.000000,0.607333,-0.234587,0.162088,-0.000115,0.000097,0.000101,-2.117182,MOVE_JOINT
1.001000,0.607330,-0.234588,0.162085,-0.000413,-0.000218,-0.000215,-2.114345,MOVE_JOINT
1.002000,0.607334,-0.234584,0.162088,0.000496,0.000357,0.000980,-2.111830,MOVE_JOINT
1.003000,0.607332,-0.234589,0.162086,-0.000305,-0.001185,-0.000055,-2.109640,MOVE_JOINT
1.004000,0.607333,-0.234586,0.162088,-0.000169,-0.000107,0.000489,-2.107741,MOVE_JOINT
1.005000,0.607333,-0.234586,0.162086,-0.000243,-0.000473,-0.000069,-2.106078,MOVE_JOINT
1.006000,0.607330,-0.234586,0.162083,-0.000871,-0.000952,-0.000473,-2.104600,MOVE_JOINT
1.007000,0.607330,-0.234587,0.162083,-0.000707,-0.000918,-0.000423,-2.103268,MOVE_JOINT
1.008000,0.607331,-0.234585,0.162083,0.000097,0.000430,0.000064,-2.102070,MOVE_JOINT
1.009000,0.607328,-0.234587,0.162079,-0.000764,-0.000742,-0.000842,-2.101004,MOVE_JOINT
1.010000,0.607328,-0.234586,0.162080,0.000100,0.000004,0.000043,-2.100081,MOVE_JOINT
1.011000,0.607326,-0.234587,0.162077,-0.000466,-0.000262,-0.000678,-2.099319,MOVE_JOINT
1.012000,0.607329,-0.234588,0.162080,0.000159,-0.000490,0.000235,-2.098739,MOVE_JOINT
1.013000,0.607326,-0.234587,0.162076,-0.000663,-0.000179,-0.001203,-2.098364,MOVE_JOINT
1.014000,0.607327,-0.234588,0.162078,0.000052,-0.000184,-0.000035,-2.098223,MOVE_JOINT
1.015000,0.607324,-0.234590,0.162076,-0.000618,-0.000689,-0.000607,-2.098345,MOVE_JOINT
1.016000,0.607325,-0.234591,0.162078,-0.000424,-0.000781,0.000269,-2.098749,MOVE_JOINT
1.017000,0.607325,-0.234588,0.162076,-0.000203,0.000229,-0.000491,-2.099424,MOVE_JOINT
1.018000,0.607326,-0.234591,0.162079,-0.000267,-0.000915,0.000495,-2.100333,MOVE_JOINT
1.019000,0.607325,-0.234587,0.162076,-0.000100,0.000764,-0.000260,-2.101420,MOVE_JOINT
1.020000,0.607326,-0.234588,0.162076,0.000114,0.000322,-0.000059,-2.102618,MOVE_JOINT
1.021000,0.607325,-0.234588,0.162075,-0.000782,0.000219,-0.001475,-2.103873,MOVE_JOINT
1.022000,0.607324,-0.234588,0.162075,-0.000650,-0.000068,-0.001085,-2.105167,MOVE_JOINT
1.023000,0.607325,-0.234590,0.162078,-0.000608,-0.000606,-0.000263,-2.106533,MOVE_JOINT
1.024000,0.607325,-0.234588,0.162076,-0.000456,-0.000193,-0.000762,-2.108022,MOVE_JOINT
1.025000,0.607326,-0.234589,0.162078,0.000399,0.000007,0.000451,-2.109674,MOVE_JOINT
1.026000,0.607327,-0.234591,0.162081,0.000376,-0.000378,0.000751,-2.111501,MOVE_JOINT
1.027000,0.607329,-0.234583,0.162080,0.000732,0.001800,0.000407,-2.113480,MOVE_JOINT
1.028000,0.607328,-0.234589,0.162081,-0.000292,-0.000777,-0.000091,-2.115547,MOVE_JOINT
1.029000,0.607328,-0.234587,0.162080,-0.000463,-0.000194,-0.000580,-2.117634,MOVE_JOINT
1.030000,0.607329,-0.234586,0.162081,0.000107,0.000716,-0.000018,-2.119696,MOVE_JOINT
1.031000,0.607331,-0.234585,0.162083,0.000667,0.000773,0.000684,-2.121715,MOVE_JOINT
1.032000,0.607329,-0.234586,0.162081,-0.000217,-0.000095,-0.000232,-2.123673,MOVE_JOINT
1.033000,0.607329,-0.234587,0.162082,-0.000421,-0.000117,-0.000194,-2.125541,MOVE_JOINT
1.034000,0.607332,-0.234583,0.162082,-0.000042,0.000835,-0.000830,-2.127294,MOVE_JOINT
1.035000,0.607331,-0.234583,0.162082,0.000211,0.000669,0.000242,-2.128925,MOVE_JOINT
1.036000,0.607330,-0.234587,0.162083,-0.000157,-0.000969,0.000121,-2.130439,MOVE_JOINT
1.037000,0.607332,-0.234585,0.162085,0.000449,0.000135,0.000822,-2.131830,MOVE_JOINT
1.038000,0.607332,-0.234585,0.162083,0.000033,0.000477,-0.000154,-2.133070,MOVE_JOINT
1.039000,0.607331,-0.234584,0.162080,-0.000708,0.000507,-0.001399,-2.134125,MOVE_JOINT
1.040000,0.607335,-0.234584,0.162088,0.000510,0.000945,0.000486,-2.134980,MOVE_JOINT
1.041000,0.607331,-0.234587,0.162083,-0.001231,0.000011,-0.001670,-2.135654,MOVE_JOINT
1.042000,0.607331,-0.234587,0.162084,-0.000858,0.000269,-0.000698,-2.136180,MOVE_JOINT
1.043000,0.607333,-0.234589,0.162088,-0.000378,-0.000766,0.000519,-2.136592,MOVE_JOINT
1.044000,0.607330,-0.234588,0.162083,-0.001051,-0.000279,-0.001015,-2.136902,MOVE_JOINT
1.045000,0.607331,-0.234585,0.162083,-0.000008,0.000758,0.000119,-2.137090,MOVE_JOINT
1.046000,0.607329,-0.234588,0.162081,-0.001287,-0.000680,-0.001022,-2.137127,MOVE_JOINT
1.047000,0.607329,-0.234587,0.162082,-0.001221,-0.000112,-0.001144,-2.136994,MOVE_JOINT
1.048000,0.607328,-0.234587,0.162080,-0.001212,-0.000224,-0.001626,-2.136703,MOVE_JOINT
1.049000,0.607332,-0.234585,0.162083,0.000290,0.001132,-0.000341,-2.136303,MOVE_JOINT
1.050000,0.607328,-0.234589,0.162081,-0.000257,-0.000146,-0.000110,-2.135861,MOVE_JOINT
1.051000,0.607327,-0.234591,0.162081,-0.000891,-0.001245,-0.000261,-2.135423,MOVE_JOINT
1.052000,0.607324,-0.234591,0.162077,-0.001340,-0.000482,-0.001553,-2.135000,MOVE_JOINT
1.053000,0.607327,-0.234589,0.162079,-0.000634,-0.000213,-0.000559,-2.134586,MOVE_JOINT
1.054000,0.607326,-0.234591,0.162079,-0.000683,-0.000711,-0.000707,-2.134186,MOVE_JOINT
1.055000,0.607326,-0.234590,0.162078,-0.000392,-0.000316,-0.000541,-2.133808,MOVE_JOINT
1.056000,0.607325,-0.234590,0.162077,-0.000860,-0.000128,-0.000940,-2.133460,MOVE_JOINT
1.057000,0.607326,-0.234588,0.162078,-0.000461,0.000727,-0.000383,-2.133144,MOVE_JOINT
1.058000,0.607325,-0.234592,0.162077,-0.000490,-0.000785,-0.000438,-2.132852,MOVE_JOINT
1.059000,0.607326,-0.234589,0.162078,-0.000202,0.000828,-0.000777,-2.132559,MOVE_JOINT
1.060000,0.607325,-0.234589,0.162076,-0.000662,0.000181,-0.000804,-2.132251,MOVE_JOINT
1.061000,0.607325,-0.234589,0.162076,-0.000507,-0.000085,-0.000708,-2.131932,MOVE_JOINT
1.062000,0.607326,-0.234591,0.162079,-0.000094,-0.000383,0.000284,-2.131619,MOVE_JOINT
1.063000,0.607325,-0.234589,0.162076,0.000140,0.000244,-0.000120,-2.131320,MOVE_JOINT
1.064000,0.607328,-0.234586,0.162080,0.001263,0.001218,0.001488,-2.131020,MOVE_JOINT
1.065000,0.607329,-0.234590,0.162084,0.001334,-0.000223,0.002175,-2.130670,MOVE_JOINT
1.066000,0.607328,-0.234588,0.162080,0.000503,0.000414,0.000537,-2.130179,MOVE_JOINT
1.067000,0.607328,-0.234590,0.162082,0.000536,-0.000726,0.001377,-2.129440,MOVE_JOINT
1.068000,0.607327,-0.234587,0.162078,0.000063,0.000342,-0.000307,-2.128372,MOVE_JOINT
1.069000,0.607330,-0.234586,0.162084,0.001149,0.000485,0.001933,-2.126945,MOVE_JOINT
1.070000,0.607327,-0.234588,0.162079,-0.000189,-0.000383,-0.000115,-2.125165,MOVE_JOINT
1.071000,0.607328,-0.234589,0.162081,-0.000083,-0.000921,0.000347,-2.123060,MOVE_JOINT
1.072000,0.607329,-0.234590,0.162083,0.000197,-0.001125,0.000793,-2.120687,MOVE_JOINT
1.073000,0.607331,-0.234583,0.162082,0.000822,0.001183,0.000598,-2.118124,MOVE_JOINT
1.074000,0.607331,-0.234587,0.162082,0.000246,-0.000510,0.000119,-2.115453,MOVE_JOINT
1.075000,0.607330,-0.234587,0.162082,0.000256,-0.000519,0.000396,-2.112760,MOVE_JOINT
1.076000,0.607330,-0.234586,0.162082,0.000130,-0.000644,0.000692,-2.110134,MOVE_JOINT
1.077000,0.607332,-0.234585,0.162084,0.000398,-0.000006,0.000319,-2.107653,MOVE_JOINT
1.078000,0.607331,-0.234585,0.162085,0.000432,-0.000264,0.001329,-2.105365,MOVE_JOINT
1.079000,0.607332,-0.234584,0.162085,0.000318,-0.000155,0.001065,-2.103277,MOVE_JOINT
1.080000,0.607332,-0.234587,0.162087,0.000038,-0.001179,0.001427,-2.101349,MOVE_JOINT
1.081000,0.607333,-0.234583,0.162085,0.000132,0.000093,0.000729,-2.099505,MOVE_JOINT
1.082000,0.607336,-0.234583,0.162090,0.001096,0.000119,0.001831,-2.097655,MOVE_JOINT
1.083000,0.607329,-0.234583,0.162080,-0.001022,-0.000153,-0.001440,-2.095728,MOVE_JOINT
1.084000,0.607332,-0.234584,0.162084,-0.000341,-0.000878,0.000032,-2.093708,MOVE_JOINT
1.085000,0.607331,-0.234584,0.162083,-0.000406,-0.000661,-0.000101,-2.091656,MOVE_JOINT
1.086000,0.607331,-0.234581,0.162082,-0.000281,0.000132,-0.000277,-2.089667,MOVE_JOINT
1.087000,0.607331,-0.234583,0.162083,-0.000159,-0.000549,0.000525,-2.087834,MOVE_JOINT
1.088000,0.607330,-0.234585,0.162083,-0.000203,-0.001052,0.000488,-2.086214,MOVE_JOINT
1.089000,0.607327,-0.234585,0.162077,-0.000910,-0.000223,-0.001551,-2.084832,MOVE_JOINT
1.090000,0.607330,-0.234584,0.162080,-0.000421,0.000509,-0.000799,-2.083715,MOVE_JOINT
1.091000,0.607328,-0.234585,0.162078,-0.000385,-0.000244,-0.000864,-2.082926,MOVE_JOINT
1.092000,0.607329,-0.234583,0.162079,-0.000300,0.000169,-0.000903,-2.082552,MOVE_JOINT
1.093000,0.607329,-0.234584,0.162080,0.000074,-0.000421,0.000268,-2.082679,MOVE_JOINT
1.094000,0.607329,-0.234585,0.162081,0.000458,-0.000293,0.000694,-2.083349,MOVE_JOINT
1.095000,0.607331,-0.234585,0.162083,0.000825,-0.000152,0.000993,-2.084539,MOVE_JOINT
1.096000,0.607328,-0.234586,0.162078,-0.000439,-0.000686,-0.000378,-2.086166,MOVE_JOINT
1.097000,0.607329,-0.234584,0.162080,0.000039,0.000109,0.000067,-2.088125,MOVE_JOINT
1.098000,0.607326,-0.234586,0.162078,-0.000568,-0.000207,-0.000271,-2.090319,MOVE_JOINT
1.099000,0.607327,-0.234589,0.162080,0.000044,-0.001387,0.001114,-2.092658,MOVE_JOINT
1.100000,0.607326,-0.234588,0.162078,-0.000099,-0.000615,-0.000093,-2.095052,MOVE_JOINT
1.101000,0.607328,-0.234587,0.162079,0.000325,0.000038,0.000144,-2.097410,MOVE_JOINT
1.102000,0.607329,-0.234585,0.162081,0.000768,0.000169,0.001073,-2.099664,MOVE_JOINT
1.103000,0.607328,-0.234587,0.162080,0.000533,-0.000495,0.000984,-2.101763,MOVE_JOINT
1.104000,0.607327,-0.234586,0.162078,-0.000107,-0.000130,0.000258,-2.103652,MOVE_JOINT
1.105000,0.607329,-0.234588,0.162082,0.000747,-0.000616,0.001467,-2.105274,MOVE_JOINT
1.106000,0.607327,-0.234589,0.162077,-0.000037,-0.001301,-0.000133,-2.106586,MOVE_JOINT
1.107000,0.607328,-0.234587,0.162082,0.000520,-0.000486,0.001504,-2.107576,MOVE_JOINT
1.108000,0.607329,-0.234590,0.162083,0.000463,-0.001015,0.001278,-2.108256,MOVE_JOINT
1.109000,0.607328,-0.234590,0.162084,0.000179,-0.000685,0.001279,-2.108632,MOVE_JOINT
1.110000,0.607331,-0.234589,0.162085,0.000442,-0.000856,0.001401,-2.108688,MOVE_JOINT
1.111000,0.607329,-0.234587,0.162082,0.000014,0.000012,0.000054,-2.108395,MOVE_JOINT
1.112000,0.607330,-0.234588,0.162084,-0.000042,-0.000166,0.000808,-2.107739,MOVE_JOINT
1.113000,0.607332,-0.234588,0.162088,-0.000268,-0.000425,0.000970,-2.106726,MOVE_JOINT
1.114000,0.607330,-0.234588,0.162083,-0.000537,-0.000100,-0.000634,-2.105370,MOVE_JOINT
1.115000,0.607331,-0.234589,0.162085,0.000098,-0.000416,0.000583,-2.103694,MOVE_JOINT
1.116000,0.607331,-0.234589,0.162086,0.000354,-0.000204,0.000793,-2.101752,MOVE_JOINT
1.117000,0.607332,-0.234589,0.162086,0.000952,-0.000553,0.001420,-2.099616,MOVE_JOINT
1.118000,0.607330,-0.234590,0.162083,-0.000207,0.000181,-0.000537,-2.097352,MOVE_JOINT
1.119000,0.607329,-0.234591,0.162084,0.000446,-0.000196,0.001032,-2.095025,MOVE_JOINT
1.120000,0.607331,-0.234587,0.162085,0.000841,0.000684,0.001260,-2.092698,MOVE_JOINT
1.121000,0.607332,-0.234587,0.162087,0.001290,0.000647,0.002056,-2.090405,MOVE_JOINT
1.122000,0.607329,-0.234587,0.162082,0.000053,0.000712,-0.000046,-2.088128,MOVE_JOINT
1.123000,0.607331,-0.234589,0.162085,0.000908,0.000073,0.001254,-2.085826,MOVE_JOINT
1.124000,0.607329,-0.234588,0.162082,0.000520,0.000693,0.000401,-2.083472,MOVE_JOINT
1.125000,0.607329,-0.234587,0.162083,0.000496,0.000806,0.000515,-2.081068,MOVE_JOINT
1.126000,0.607326,-0.234590,0.162079,-0.000606,-0.000588,-0.000873,-2.078640,MOVE_JOINT
1.127000,0.607326,-0.234591,0.162080,-0.000596,-0.000748,-0.000190,-2.076243,MOVE_JOINT
1.128000,0.607326,-0.234590,0.162079,-0.000747,-0.000557,-0.000482,-2.073967,MOVE_JOINT
1.129000,0.607329,-0.234590,0.162082,-0.000283,-0.000856,-0.000005,-2.071906,MOVE_JOINT
1.130000,0.607328,-0.234592,0.162083,-0.000110,-0.000871,0.000564,-2.070134,MOVE_JOINT
1.131000,0.607328,-0.234587,0.162080,0.000189,0.000826,-0.000285,-2.068686,MOVE_JOINT
1.132000,0.607325,-0.234590,0.162078,-0.000415,0.000205,-0.000889,-2.067568,MOVE_JOINT
1.133000,0.607326,-0.234591,0.162077,-0.000541,-0.000095,-0.001472,-2.066789,MOVE_JOINT
1.134000,0.607327,-0.234589,0.162080,0.000066,0.000518,0.000116,-2.066383,MOVE_JOINT
1.135000,0.607326,-0.234590,0.162077,-0.000635,-0.000039,-0.001003,-2.066390,MOVE_JOINT
1.136000,0.607328,-0.234589,0.162080,0.000282,0.000568,-0.000003,-2.066819,MOVE_JOINT
1.137000,0.607327,-0.234587,0.162077,-0.000662,0.000476,-0.001553,-2.067645,MOVE_JOINT
1.138000,0.607327,-0.234588,0.162076,-0.001084,0.000240,-0.002080,-2.068839,MOVE_JOINT
1.139000,0.607329,-0.234588,0.162080,-0.000662,-0.000585,-0.000782,-2.070400,MOVE_JOINT
1.140000,0.607329,-0.234587,0.162079,-0.000165,0.000248,-0.001048,-2.072345,MOVE_JOINT
1.141000,0.607327,-0.234586,0.162079,-0.000091,0.000723,-0.000319,-2.074683,MOVE_JOINT
1.142000,0.607329,-0.234585,0.162080,0.000441,0.001014,-0.000054,-2.077387,MOVE_JOINT
1.143000,0.607328,-0.234588,0.162080,0.000108,0.000154,0.000219,-2.080378,MOVE_JOINT
1.144000,0.607330,-0.234585,0.162080,0.000302,0.000961,-0.000399,-2.083535,MOVE_JOINT
1.145000,0.607328,-0.234586,0.162076,-0.000367,0.000380,-0.001560,-2.086724,MOVE_JOINT
1.146000,0.607330,-0.234587,0.162082,0.001115,0.000634,0.001339,-2.089839,MOVE_JOINT
1.147000,0.607331,-0.234587,0.162081,0.000735,-0.000282,0.000597,-2.092793,MOVE_JOINT
1.148000,0.607331,-0.234586,0.162081,0.000743,-0.000003,0.001033,-2.095480,MOVE_JOINT
1.149000,0.607329,-0.234585,0.162079,0.000232,0.000625,0.000079,-2.097769,MOVE_JOINT
1.150000,0.607331,-0.234585,0.162081,0.000669,0.000153,0.000558,-2.099536,MOVE_JOINT
1.151000,0.607328,-0.234584,0.162078,-0.000160,0.000545,-0.000079,-2.100690,MOVE_JOINT
1.152000,0.607331,-0.234586,0.162081,0.000882,-0.000274,0.001204,-2.101179,MOVE_JOINT
1.153000,0.607328,-0.234584,0.162075,-0.000169,0.000835,-0.000714,-2.100982,MOVE_JOINT
1.154000,0.607327,-0.234585,0.162074,-0.000410,0.000619,-0.001472,-2.100117,MOVE_JOINT
1.155000,0.607328,-0.234587,0.162078,-0.000377,-0.000330,-0.000281,-2.098670,MOVE_JOINT
1.156000,0.607328,-0.234583,0.162078,-0.000164,0.000826,-0.000322,-2.096781,MOVE_JOINT
1.157000,0.607327,-0.234586,0.162076,-0.000751,-0.000550,-0.000871,-2.094595,MOVE_JOINT
1.158000,0.607329,-0.234586,0.162079,-0.000155,-0.000064,-0.000057,-2.092233,MOVE_JOINT
1.159000,0.607330,-0.234583,0.162079,-0.000033,0.000472,0.000041,-2.089787,MOVE_JOINT
1.160000,0.607330,-0.234584,0.162082,0.000556,0.000470,0.001546,-2.087307,MOVE_JOINT
1.161000,0.607328,-0.234585,0.162076,-0.001041,-0.000049,-0.001720,-2.084788,MOVE_JOINT
1.162000,0.607327,-0.234587,0.162077,-0.000939,-0.000656,-0.000919,-2.082203,MOVE_JOINT
1.163000,0.607327,-0.234584,0.162074,-0.000944,0.000697,-0.002093,-2.079575,MOVE_JOINT
1.164000,0.607328,-0.234586,0.162077,0.000122,0.000092,-0.000059,-2.076988,MOVE_JOINT
1.165000,0.607328,-0.234585,0.162075,-0.000378,0.000460,-0.001061,-2.074556,MOVE_JOINT
1.166000,0.607324,-0.234584,0.162068,-0.001906,0.000305,-0.003577,-2.072386,MOVE_JOINT
1.167000,0.607326,-0.234584,0.162070,-0.000821,0.000161,-0.002434,-2.070599,MOVE_JOINT
1.168000,0.607326,-0.234585,0.162071,-0.001005,-0.000110,-0.001365,-2.069349,MOVE_JOINT
1.169000,0.607326,-0.234581,0.162069,-0.000825,0.000780,-0.001469,-2.068775,MOVE_JOINT
1.170000,0.607326,-0.234585,0.162071,-0.000357,-0.000123,-0.000527,-2.068935,MOVE_JOINT
1.171000,0.607324,-0.234587,0.162069,-0.000926,-0.000617,-0.001363,-2.069790,MOVE_JOINT
1.172000,0.607327,-0.234583,0.162069,0.000026,0.000530,-0.000775,-2.071238,MOVE_JOINT
1.173000,0.607324,-0.234587,0.162067,-0.000712,-0.000917,-0.000790,-2.073151,MOVE_JOINT
1.174000,0.607327,-0.234585,0.162071,0.000807,0.000478,0.001186,-2.075388,MOVE_JOINT
1.175000,0.607326,-0.234585,0.162070,0.000616,0.000406,0.000542,-2.077780,MOVE_JOINT
1.176000,0.607325,-0.234586,0.162065,-0.000012,-0.000143,-0.000620,-2.080128,MOVE_JOINT
1.177000,0.607323,-0.234587,0.162063,-0.000630,-0.000755,-0.000871,-2.082255,MOVE_JOINT
1.178000,0.607326,-0.234586,0.162067,0.000260,0.000266,0.000335,-2.084049,MOVE_JOINT
1.179000,0.607322,-0.234587,0.162060,-0.000669,-0.000591,-0.001535,-2.085466,MOVE_JOINT
1.180000,0.607324,-0.234586,0.162063,-0.000078,0.000079,-0.000557,-2.086506,MOVE_JOINT
1.181000,0.607324,-0.234587,0.162064,0.000044,-0.000682,0.000147,-2.087207,MOVE_JOINT
1.182000,0.607324,-0.234588,0.162063,-0.000329,-0.000663,-0.000726,-2.087618,MOVE_JOINT
1.183000,0.607328,-0.234584,0.162066,0.001406,0.000688,0.001438,-2.087773,MOVE_JOINT
1.184000,0.607323,-0.234587,0.162061,0.000086,-0.000545,-0.000022,-2.087672,MOVE_JOINT
1.185000,0.607324,-0.234587,0.162060,0.000247,-0.000323,-0.000216,-2.087284,MOVE_JOINT
1.186000,0.607327,-0.234589,0.162066,0.000536,-0.001159,0.001101,-2.086573,MOVE_JOINT
1.187000,0.607325,-0.234587,0.162061,0.000034,-0.000635,0.000062,-2.085511,MOVE_JOINT
1.188000,0.607326,-0.234584,0.162060,0.000586,0.000695,0.000474,-2.084070,MOVE_JOINT
1.189000,0.607327,-0.234586,0.162060,0.000574,-0.000081,0.000126,-2.082221,MOVE_JOINT
1.190000,0.607328,-0.234584,0.162059,0.000840,0.000820,0.000052,-2.079946,MOVE_JOINT
1.191000,0.607326,-0.234588,0.162059,0.000815,-0.000386,0.000795,-2.077249,MOVE_JOINT
1.192000,0.607326,-0.234586,0.162056,0.000695,0.000541,-0.000798,-2.074157,MOVE_JOINT
1.193000,0.607325,-0.234585,0.162051,-0.000056,0.000558,-0.002289,-2.070728,MOVE_JOINT
1.194000,0.607326,-0.234587,0.162052,0.000316,0.000445,-0.001213,-2.067088,MOVE_JOINT
1.195000,0.607328,-0.234587,0.162054,0.001109,0.001200,-0.000440,-2.063411,MOVE_JOINT
1.196000,0.607326,-0.234589,0.162048,0.000043,0.000363,-0.001738,-2.059856,MOVE_JOINT
1.197000,0.607326,-0.234585,0.162040,0.000272,0.001483,-0.003078,-2.056528,MOVE_JOINT
1.198000,0.607322,-0.234585,0.162035,-0.000359,0.001138,-0.003404,-2.053522,MOVE_JOINT
1.199000,0.607320,-0.234588,0.162033,-0.000476,0.000025,-0.002557,-2.050946,MOVE_JOINT
1.200000,0.607322,-0.234585,0.162029,0.000124,0.000542,-0.002518,-2.048902,MOVE_JOINT
1.201000,0.607321,-0.234583,0.162026,0.000087,0.001409,-0.002849,-2.047440,MOVE_JOINT
1.202000,0.607319,-0.234587,0.162021,-0.000809,0.000285,-0.004303,-2.046557,MOVE_JOINT
1.203000,0.607320,-0.234585,0.162021,-0.000435,0.000671,-0.002974,-2.046224,MOVE_JOINT
1.204000,0.607316,-0.234586,0.162013,-0.001120,0.000757,-0.004379,-2.046395,MOVE_JOINT
1.205000,0.607315,-0.234585,0.162008,-0.001228,0.001151,-0.004538,-2.047005,MOVE_JOINT
1.206000,0.607314,-0.234585,0.162006,-0.000796,0.000773,-0.003592,-2.047970,MOVE_JOINT
1.207000,0.607308,-0.234588,0.161998,-0.002379,0.000075,-0.004804,-2.049188,MOVE_JOINT
1.208000,0.607309,-0.234585,0.161996,-0.001760,0.000337,-0.004260,-2.050530,MOVE_JOINT
1.209000,0.607309,-0.234583,0.161991,-0.001884,0.000525,-0.004690,-2.051851,MOVE_JOINT
1.210000,0.607306,-0.234584,0.161986,-0.002047,-0.000134,-0.004983,-2.053013,MOVE_JOINT
1.211000,0.607305,-0.234586,0.161984,-0.001980,-0.001092,-0.004295,-2.053899,MOVE_JOINT
1.212000,0.607302,-0.234586,0.161977,-0.002809,-0.001405,-0.005281,-2.054431,MOVE_JOINT
1.213000,0.607304,-0.234583,0.161977,-0.001418,-0.000495,-0.003559,-2.054561,MOVE_JOINT
1.214000,0.607302,-0.234581,0.161971,-0.002107,-0.000034,-0.005155,-2.054256,MOVE_JOINT
1.215000,0.607299,-0.234582,0.161965,-0.002294,-0.000100,-0.005488,-2.053494,MOVE_JOINT
1.216000,0.607296,-0.234580,0.161957,-0.001930,0.000676,-0.005655,-2.052291,MOVE_JOINT
1.217000,0.607297,-0.234580,0.161955,-0.001569,0.000397,-0.005315,-2.050708,MOVE_JOINT
1.218000,0.607294,-0.234585,0.161950,-0.002423,-0.001489,-0.005607,-2.048847,MOVE_JOINT
1.219000,0.607295,-0.234581,0.161948,-0.001506,0.000723,-0.004901,-2.046816,MOVE_JOINT
1.220000,0.607291,-0.234583,0.161940,-0.001852,0.000040,-0.005432,-2.044712,MOVE_JOINT
1.221000,0.607290,-0.234582,0.161933,-0.001687,0.000347,-0.005568,-2.042598,MOVE_JOINT
1.222000,0.607286,-0.234584,0.161926,-0.002148,-0.001194,-0.005407,-2.040518,MOVE_JOINT
1.223000,0.607285,-0.234582,0.161919,-0.001983,-0.000246,-0.005974,-2.038510,MOVE_JOINT
1.224000,0.607283,-0.234582,0.161915,-0.001778,-0.000138,-0.005314,-2.036619,MOVE_JOINT
1.225000,0.607282,-0.234583,0.161908,-0.002252,-0.000134,-0.006522,-2.034888,MOVE_JOINT
1.226000,0.607280,-0.234582,0.161902,-0.002440,0.000530,-0.006897,-2.033364,MOVE_JOINT
1.227000,0.607280,-0.234581,0.161897,-0.001742,0.001267,-0.007063,-2.032115,MOVE_JOINT
1.228000,0.607279,-0.234580,0.161892,-0.001198,0.000820,-0.006261,-2.031235,MOVE_JOINT
1.229000,0.607279,-0.234581,0.161893,-0.001139,-0.000052,-0.004537,-2.030815,MOVE_JOINT
1.230000,0.607274,-0.234582,0.161882,-0.002231,-0.000588,-0.005950,-2.030893,MOVE_JOINT
1.231000,0.607275,-0.234582,0.161881,-0.001462,-0.000530,-0.004845,-2.031420,MOVE_JOINT
1.232000,0.607276,-0.234581,0.161877,-0.001089,-0.000594,-0.004532,-2.032279,MOVE_JOINT
1.233000,0.607273,-0.234579,0.161868,-0.001772,-0.000186,-0.005892,-2.033325,MOVE_JOINT
1.234000,0.607271,-0.234580,0.161860,-0.001642,-0.000286,-0.006206,-2.034418,MOVE_JOINT
1.235000,0.607269,-0.234581,0.161854,-0.001689,-0.000032,-0.006607,-2.035475,MOVE_JOINT
1.236000,0.607268,-0.234581,0.161851,-0.001258,0.000060,-0.005390,-2.036481,MOVE_JOINT
1.237000,0.607267,-0.234575,0.161841,-0.000954,0.001719,-0.006400,-2.037452,MOVE_JOINT
1.238000,0.607267,-0.234578,0.161837,-0.001207,0.000614,-0.005986,-2.038404,MOVE_JOINT
1.239000,0.607264,-0.234578,0.161829,-0.002088,-0.000279,-0.007262,-2.039345,MOVE_JOINT
1.240000,0.607262,-0.234577,0.161822,-0.002043,0.000268,-0.007139,-2.040296,MOVE_JOINT
1.241000,0.607259,-0.234576,0.161811,-0.002289,0.000217,-0.007788,-2.041300,MOVE_JOINT
1.242000,0.607260,-0.234574,0.161804,-0.001323,0.001090,-0.007426,-2.042421,MOVE_JOINT
1.243000,0.607258,-0.234573,0.161798,-0.001517,0.001021,-0.007360,-2.043730,MOVE_JOINT
1.244000,0.607256,-0.234569,0.161788,-0.001679,0.001940,-0.008276,-2.045289,MOVE_JOINT
1.245000,0.607257,-0.234572,0.161784,-0.000996,0.000214,-0.007056,-2.047140,MOVE_JOINT
1.246000,0.607253,-0.234572,0.161775,-0.001975,0.000760,-0.008234,-2.049301,MOVE_JOINT
1.247000,0.607252,-0.234574,0.161770,-0.001638,0.000305,-0.007557,-2.051768,MOVE_JOINT
1.248000,0.607251,-0.234567,0.161759,-0.001515,0.002207,-0.008333,-2.054516,MOVE_JOINT
1.249000,0.607247,-0.234572,0.161753,-0.002403,0.000003,-0.008059,-2.057500,MOVE_JOINT
1.250000,0.607247,-0.234566,0.161744,-0.001666,0.001565,-0.008108,-2.060662,MOVE_JOINT
1.251000,0.607243,-0.234568,0.161736,-0.002015,0.000329,-0.007549,-2.063928,MOVE_JOINT
1.252000,0.607239,-0.234568,0.161727,-0.002568,0.000199,-0.007945,-2.067203,MOVE_JOINT
1.253000,0.607239,-0.234564,0.161718,-0.001872,0.000660,-0.007752,-2.070362,MOVE_JOINT
1.254000,0.607236,-0.234565,0.161709,-0.001599,0.000284,-0.007450,-2.073269,MOVE_JOINT
1.255000,0.607234,-0.234564,0.161699,-0.001643,0.000281,-0.008085,-2.075799,MOVE_JOINT
1.256000,0.607232,-0.234565,0.161691,-0.001681,-0.000008,-0.007678,-2.077857,MOVE_JOINT
1.257000,0.607228,-0.234564,0.161679,-0.002722,0.000613,-0.009588,-2.079392,MOVE_JOINT
1.258000,0.607226,-0.234563,0.161668,-0.002758,0.000183,-0.010047,-2.080407,MOVE_JOINT
1.259000,0.607226,-0.234562,0.161663,-0.001892,0.000778,-0.008372,-2.080972,MOVE_JOINT
1.260000,0.607217,-0.234562,0.161644,-0.003735,0.000462,-0.011340,-2.081201,MOVE_JOINT
1.261000,0.607219,-0.234562,0.161640,-0.002107,0.000536,-0.008837,-2.081222,MOVE_JOINT
1.262000,0.607217,-0.234560,0.161628,-0.002318,0.001070,-0.010074,-2.081158,MOVE_JOINT
1.263000,0.607211,-0.234563,0.161614,-0.003197,0.000090,-0.011445,-2.081114,MOVE_JOINT
1.264000,0.607206,-0.234562,0.161601,-0.003765,0.000495,-0.012062,-2.081200,MOVE_JOINT
1.265000,0.607204,-0.234561,0.161589,-0.003296,0.000341,-0.012131,-2.081554,MOVE_JOINT
1.266000,0.607200,-0.234559,0.161575,-0.003344,0.000813,-0.012739,-2.082345,MOVE_JOINT
1.267000,0.607196,-0.234562,0.161564,-0.003634,-0.000243,-0.012177,-2.083752,MOVE_JOINT
1.268000,0.607196,-0.234560,0.161555,-0.002695,0.000625,-0.011299,-2.085922,MOVE_JOINT
1.269000,0.607193,-0.234558,0.161544,-0.002822,0.000734,-0.011319,-2.088932,MOVE_JOINT
1.270000,0.607190,-0.234561,0.161535,-0.002342,-0.000398,-0.009809,-2.092745,MOVE_JOINT
1.271000,0.607187,-0.234556,0.161521,-0.003006,0.001184,-0.011865,-2.097212,MOVE_JOINT
1.272000,0.607184,-0.234555,0.161507,-0.002910,0.001037,-0.012347,-2.102121,MOVE_JOINT
1.273000,0.607180,-0.234556,0.161495,-0.003315,0.000964,-0.012366,-2.107271,MOVE_JOINT
1.274000,0.607175,-0.234557,0.161483,-0.003422,0.001123,-0.012190,-2.112513,MOVE_JOINT
1.275000,0.607173,-0.234555,0.161471,-0.002954,0.001437,-0.011862,-2.117729,MOVE_JOINT
1.276000,0.607171,-0.234556,0.161460,-0.003187,0.001242,-0.012487,-2.122799,MOVE_JOINT
1.277000,0.607166,-0.234555,0.161444,-0.003643,0.001739,-0.014236,-2.127610,MOVE_JOINT
1.278000,0.607163,-0.234553,0.161431,-0.003401,0.001717,-0.013748,-2.132099,MOVE_JOINT
1.279000,0.607158,-0.234555,0.161415,-0.004082,0.000992,-0.014382,-2.136279,MOVE_JOINT
1.280000,0.607155,-0.234555,0.161402,-0.003528,0.000718,-0.013841,-2.140218,MOVE_JOINT
1.281000,0.607152,-0.234552,0.161387,-0.003739,0.001457,-0.014618,-2.143999,MOVE_JOINT
1.282000,0.607145,-0.234552,0.161367,-0.004864,0.000662,-0.016416,-2.147710,MOVE_JOINT
1.283000,0.607145,-0.234552,0.161357,-0.003333,0.000097,-0.014096,-2.151451,MOVE_JOINT
1.284000,0.607140,-0.234551,0.161339,-0.003864,0.000732,-0.015168,-2.155329,MOVE_JOINT
1.285000,0.607133,-0.234550,0.161315,-0.004875,0.000976,-0.018094,-2.159437,MOVE_JOINT
1.286000,0.607129,-0.234552,0.161302,-0.004495,-0.000109,-0.016421,-2.163868,MOVE_JOINT
1.287000,0.607126,-0.234552,0.161285,-0.003972,0.000033,-0.016401,-2.168735,MOVE_JOINT
1.288000,0.607120,-0.234551,0.161267,-0.004027,0.000582,-0.016843,-2.174136,MOVE_JOINT
1.289000,0.607116,-0.234549,0.161248,-0.004137,0.000762,-0.017253,-2.180117,MOVE_JOINT
1.290000,0.607110,-0.234551,0.161229,-0.003908,0.000560,-0.016944,-2.186682,MOVE_JOINT
1.291000,0.607107,-0.234548,0.161212,-0.003770,0.000846,-0.016831,-2.193793,MOVE_JOINT
1.292000,0.607100,-0.234548,0.161191,-0.004139,0.000344,-0.017271,-2.201363,MOVE_JOINT
1.293000,0.607094,-0.234546,0.161169,-0.004833,0.000981,-0.018563,-2.209266,MOVE_JOINT
1.294000,0.607089,-0.234544,0.161147,-0.004909,0.001493,-0.019836,-2.217368,MOVE_JOINT
1.295000,0.607084,-0.234545,0.161128,-0.004580,0.001085,-0.019518,-2.225576,MOVE_JOINT
1.296000,0.607082,-0.234542,0.161112,-0.004366,0.001535,-0.019284,-2.233856,MOVE_JOINT
1.297000,0.607070,-0.234539,0.161081,-0.006367,0.002569,-0.023073,-2.242211,MOVE_JOINT
1.298000,0.607066,-0.234542,0.161064,-0.006051,0.000891,-0.021225,-2.250671,MOVE_JOINT
1.299000,0.607060,-0.234540,0.161044,-0.006094,0.000958,-0.020940,-2.259289,MOVE_JOINT
1.300000,0.607055,-0.234537,0.161021,-0.006073,0.001164,-0.021235,-2.268093,MOVE_JOINT
1.301000,0.607050,-0.234538,0.161004,-0.006592,-0.000012,-0.020987,-2.277041,MOVE_JOINT
1.302000,0.607044,-0.234534,0.160980,-0.006008,0.001814,-0.021786,-2.286028,MOVE_JOINT
1.303000,0.607039,-0.234536,0.160963,-0.005888,0.000549,-0.020287,-2.294911,MOVE_JOINT
1.304000,0.607033,-0.234532,0.160940,-0.005821,0.001440,-0.021029,-2.303516,MOVE_JOINT
1.305000,0.607028,-0.234534,0.160923,-0.005529,0.000730,-0.019720,-2.311646,MOVE_JOINT
1.306000,0.607020,-0.234531,0.160896,-0.006721,0.001623,-0.022057,-2.319086,MOVE_JOINT
1.307000,0.607019,-0.234530,0.160883,-0.004964,0.001511,-0.019411,-2.325626,MOVE_JOINT
1.308000,0.607011,-0.234528,0.160858,-0.005572,0.001415,-0.020434,-2.331079,MOVE_JOINT
1.309000,0.607006,-0.234530,0.160840,-0.005509,0.000375,-0.019913,-2.335286,MOVE_JOINT
1.310000,0.607000,-0.234527,0.160815,-0.005417,0.001642,-0.021066,-2.338118,MOVE_JOINT
1.311000,0.606996,-0.234522,0.160796,-0.005122,0.002708,-0.020765,-2.339512,MOVE_JOINT
1.312000,0.606991,-0.234523,0.160776,-0.005051,0.001863,-0.020730,-2.339478,MOVE_JOINT
1.313000,0.606983,-0.234520,0.160752,-0.005623,0.002348,-0.021504,-2.338089,MOVE_JOINT
1.314000,0.606981,-0.234517,0.160734,-0.004514,0.002087,-0.020320,-2.335463,MOVE_JOINT
1.315000,0.606973,-0.234517,0.160709,-0.005202,0.001755,-0.021210,-2.331746,MOVE_JOINT
1.316000,0.606969,-0.234516,0.160689,-0.005229,0.001466,-0.020969,-2.327096,MOVE_JOINT
1.317000,0.606959,-0.234513,0.160659,-0.006256,0.002569,-0.023722,-2.321683,MOVE_JOINT
1.318000,0.606952,-0.234512,0.160637,-0.006252,0.001315,-0.022800,-2.315722,MOVE_JOINT
1.319000,0.606947,-0.234508,0.160614,-0.005868,0.001970,-0.022730,-2.309482,MOVE_JOINT
1.320000,0.606942,-0.234509,0.160593,-0.005834,0.000918,-0.022161,-2.303249,MOVE_JOINT
1.321000,0.606935,-0.234508,0.160569,-0.006285,0.000722,-0.022560,-2.297266,MOVE_JOINT
1.322000,0.606928,-0.234507,0.160544,-0.006095,0.001344,-0.022816,-2.291713,MOVE_JOINT
1.323000,0.606919,-0.234508,0.160517,-0.007175,0.000340,-0.023948,-2.286711,MOVE_JOINT
1.324000,0.606915,-0.234505,0.160496,-0.005644,0.001309,-0.022491,-2.282356,MOVE_JOINT
1.325000,0.606906,-0.234502,0.160466,-0.006732,0.001856,-0.025262,-2.278735,MOVE_JOINT
1.326000,0.606898,-0.234500,0.160441,-0.007157,0.002009,-0.025264,-2.275948,MOVE_JOINT
1.327000,0.606892,-0.234501,0.160419,-0.007018,0.000830,-0.024329,-2.274118,MOVE_JOINT
1.328000,0.606886,-0.234497,0.160391,-0.007068,0.001237,-0.025027,-2.273365,MOVE_JOINT
1.329000,0.606878,-0.234499,0.160367,-0.006770,0.000643,-0.024492,-2.273771,MOVE_JOINT
1.330000,0.606871,-0.234498,0.160341,-0.006338,0.001338,-0.024688,-2.275366,MOVE_JOINT
1.331000,0.606861,-0.234498,0.160312,-0.006853,0.000856,-0.025306,-2.278137,MOVE_JOINT
1.332000,0.606855,-0.234496,0.160285,-0.006915,0.001120,-0.025811,-2.282052,MOVE_JOINT
1.333000,0.606845,-0.234494,0.160253,-0.007431,0.001067,-0.026940,-2.287083,MOVE_JOINT
1.334000,0.606837,-0.234495,0.160224,-0.007862,-0.000281,-0.027465,-2.293230,MOVE_JOINT
1.335000,0.606830,-0.234494,0.160197,-0.007635,-0.000112,-0.027151,-2.300533,MOVE_JOINT
1.336000,0.606824,-0.234490,0.160171,-0.006836,0.000786,-0.026464,-2.309041,MOVE_JOINT
1.337000,0.606815,-0.234490,0.160141,-0.006651,0.000934,-0.026282,-2.318770,MOVE_JOINT
1.338000,0.606806,-0.234487,0.160109,-0.007646,0.001166,-0.028075,-2.329662,MOVE_JOINT
1.339000,0.606800,-0.234487,0.160086,-0.006716,0.001002,-0.026281,-2.341596,MOVE_JOINT
1.340000,0.606792,-0.234487,0.160057,-0.006949,0.001051,-0.026833,-2.354409,MOVE_JOINT
1.341000,0.606781,-0.234485,0.160022,-0.008295,0.001636,-0.029600,-2.367906,MOVE_JOINT
1.342000,0.606774,-0.234486,0.159996,-0.007909,0.000704,-0.028538,-2.381901,MOVE_JOINT
1.343000,0.606763,-0.234481,0.159959,-0.008630,0.002134,-0.030806,-2.396267,MOVE_JOINT
1.344000,0.606757,-0.234482,0.159935,-0.008108,0.001275,-0.029116,-2.410934,MOVE_JOINT
1.345000,0.606748,-0.234480,0.159907,-0.008582,0.000939,-0.029174,-2.425857,MOVE_JOINT
1.346000,0.606740,-0.234477,0.159874,-0.008168,0.001884,-0.029913,-2.440963,MOVE_JOINT
1.347000,0.606732,-0.234477,0.159844,-0.008571,0.000761,-0.030217,-2.456138,MOVE_JOINT
1.348000,0.606722,-0.234480,0.159815,-0.009212,-0.000884,-0.029996,-2.471255,MOVE_JOINT
1.349000,0.606714,-0.234474,0.159784,-0.008839,0.001770,-0.030485,-2.486191,MOVE_JOINT
1.350000,0.606708,-0.234470,0.159754,-0.008280,0.002393,-0.030717,-2.500813,MOVE_JOINT
1.351000,0.606699,-0.234472,0.159724,-0.008681,0.000838,-0.030925,-2.514983,MOVE_JOINT
1.352000,0.606691,-0.234471,0.159695,-0.008688,0.000530,-0.030699,-2.528571,MOVE_JOINT
1.353000,0.606682,-0.234467,0.159662,-0.008823,0.001468,-0.031259,-2.541461,MOVE_JOINT
1.354000,0.606674,-0.234468,0.159631,-0.008242,0.001488,-0.030749,-2.553549,MOVE_JOINT
1.355000,0.606666,-0.234462,0.159596,-0.008477,0.002617,-0.032280,-2.564737,MOVE_JOINT
1.356000,0.606656,-0.234461,0.159565,-0.008832,0.002007,-0.031858,-2.574947,MOVE_JOINT
1.357000,0.606645,-0.234459,0.159529,-0.009024,0.002575,-0.033191,-2.584136,MOVE_JOINT
1.358000,0.606636,-0.234460,0.159497,-0.009364,0.001310,-0.032939,-2.592296,MOVE_JOINT
1.359000,0.606626,-0.234462,0.159465,-0.009584,0.000452,-0.032758,-2.599448,MOVE_JOINT
1.360000,0.606618,-0.234455,0.159431,-0.008680,0.002661,-0.032756,-2.605628,MOVE_JOINT
1.361000,0.606606,-0.234458,0.159398,-0.010012,0.001348,-0.033302,-2.610857,MOVE_JOINT
1.362000,0.606598,-0.234458,0.159368,-0.009211,0.001359,-0.032308,-2.615124,MOVE_JOINT
1.363000,0.606587,-0.234457,0.159333,-0.009451,0.001732,-0.033131,-2.618376,MOVE_JOINT
1.364000,0.606573,-0.234457,0.159292,-0.010587,0.001085,-0.035133,-2.620536,MOVE_JOINT
1.365000,0.606560,-0.234454,0.159253,-0.011487,0.001089,-0.036492,-2.621570,MOVE_JOINT
1.366000,0.606548,-0.234455,0.159216,-0.011528,0.000798,-0.036659,-2.621545,MOVE_JOINT
1.367000,0.606537,-0.234457,0.159183,-0.011479,-0.000040,-0.035539,-2.620635,MOVE_JOINT
1.368000,0.606524,-0.234456,0.159144,-0.011299,0.000515,-0.035818,-2.619043,MOVE_JOINT
1.369000,0.606509,-0.234457,0.159105,-0.011981,0.000603,-0.036460,-2.616934,MOVE_JOINT
1.370000,0.606493,-0.234459,0.159065,-0.013158,-0.000141,-0.037976,-2.614420,MOVE_JOINT
1.371000,0.606477,-0.234459,0.159025,-0.014077,-0.000055,-0.038832,-2.611590,MOVE_JOINT
1.372000,0.606463,-0.234457,0.158983,-0.014712,0.000949,-0.040576,-2.608553,MOVE_JOINT
1.373000,0.606448,-0.234455,0.158941,-0.014866,0.001470,-0.041047,-2.605458,MOVE_JOINT
1.374000,0.606431,-0.234460,0.158901,-0.015276,-0.000624,-0.040481,-2.602498,MOVE_JOINT
1.375000,0.606415,-0.234463,0.158863,-0.015543,-0.001268,-0.039372,-2.599856,MOVE_JOINT
1.376000,0.606400,-0.234462,0.158824,-0.015153,-0.000493,-0.038766,-2.597638,MOVE_JOINT
1.377000,0.606385,-0.234462,0.158781,-0.014954,-0.000138,-0.039856,-2.595817,MOVE_JOINT
1.378000,0.606370,-0.234461,0.158742,-0.014945,0.000081,-0.039415,-2.594270,MOVE_JOINT
1.379000,0.606356,-0.234461,0.158703,-0.014789,0.000248,-0.039797,-2.592847,MOVE_JOINT
1.380000,0.606341,-0.234461,0.158664,-0.014272,0.000285,-0.039383,-2.591409,MOVE_JOINT
1.381000,0.606321,-0.234460,0.158615,-0.016065,0.000659,-0.042044,-2.589859,MOVE_JOINT
1.382000,0.606305,-0.234462,0.158574,-0.016082,-0.000622,-0.041811,-2.588173,MOVE_JOINT
1.383000,0.606290,-0.234463,0.158533,-0.015396,-0.000759,-0.040500,-2.586410,MOVE_JOINT
1.384000,0.606276,-0.234460,0.158494,-0.015529,0.000347,-0.041250,-2.584682,MOVE_JOINT
1.385000,0.606262,-0.234457,0.158450,-0.015194,0.001394,-0.041912,-2.583096,MOVE_JOINT
1.386000,0.606247,-0.234460,0.158408,-0.015238,0.000444,-0.042154,-2.581747,MOVE_JOINT
1.387000,0.606229,-0.234456,0.158360,-0.015802,0.001806,-0.044268,-2.580756,MOVE_JOINT
1.388000,0.606214,-0.234459,0.158317,-0.015204,0.000753,-0.043745,-2.580297,MOVE_JOINT
1.389000,0.606201,-0.234459,0.158278,-0.015263,-0.000118,-0.042672,-2.580594,MOVE_JOINT
1.390000,0.606185,-0.234459,0.158232,-0.014831,0.000655,-0.043233,-2.581864,MOVE_JOINT
1.391000,0.606172,-0.234459,0.158190,-0.014281,-0.000178,-0.042053,-2.584256,MOVE_JOINT
1.392000,0.606158,-0.234457,0.158147,-0.013943,0.000686,-0.042097,-2.587824,MOVE_JOINT
1.393000,0.606141,-0.234454,0.158097,-0.014655,0.001025,-0.044248,-2.592536,MOVE_JOINT
1.394000,0.606129,-0.234453,0.158056,-0.013909,0.001346,-0.043536,-2.598315,MOVE_JOINT
1.395000,0.606110,-0.234453,0.158005,-0.015364,0.000776,-0.045269,-2.605090,MOVE_JOINT
1.396000,0.606096,-0.234453,0.157961,-0.015386,0.000593,-0.045217,-2.612812,MOVE_JOINT
1.397000,0.606079,-0.234448,0.157913,-0.016132,0.001380,-0.046300,-2.621449,MOVE_JOINT
1.398000,0.606065,-0.234447,0.157868,-0.015637,0.000697,-0.045787,-2.630968,MOVE_JOINT
1.399000,0.606048,-0.234447,0.157822,-0.015824,0.000557,-0.045217,-2.641314,MOVE_JOINT
1.400000,0.606034,-0.234445,0.157780,-0.015395,0.001191,-0.044562,-2.652365,MOVE_JOINT
1.401000,0.606015,-0.234447,0.157732,-0.017070,0.000188,-0.046446,-2.663916,MOVE_JOINT
1.402000,0.606000,-0.234443,0.157690,-0.015606,0.001332,-0.044371,-2.675689,MOVE_JOINT
1.403000,0.605985,-0.234441,0.157648,-0.015477,0.001539,-0.043426,-2.687360,MOVE_JOINT
1.404000,0.605966,-0.234441,0.157600,-0.016809,0.000694,-0.044913,-2.698547,MOVE_JOINT
1.405000,0.605950,-0.234437,0.157555,-0.017255,0.001717,-0.045887,-2.708845,MOVE_JOINT
1.406000,0.605934,-0.234438,0.157516,-0.016639,0.000632,-0.043733,-2.717887,MOVE_JOINT
1.407000,0.605915,-0.234437,0.157468,-0.017047,0.000658,-0.044313,-2.725371,MOVE_JOINT
1.408000,0.605899,-0.234431,0.157422,-0.016766,0.001796,-0.044727,-2.731049,MOVE_JOINT
1.409000,0.605881,-0.234432,0.157378,-0.017463,0.001318,-0.044947,-2.734736,MOVE_JOINT
1.410000,0.605863,-0.234432,0.157335,-0.017745,0.001084,-0.045016,-2.736342,MOVE_JOINT
1.411000,0.605845,-0.234428,0.157287,-0.018001,0.002054,-0.046289,-2.735875,MOVE_JOINT
1.412000,0.605825,-0.234428,0.157239,-0.018926,0.001359,-0.047504,-2.733449,MOVE_JOINT
1.413000,0.605807,-0.234429,0.157193,-0.019031,0.000738,-0.047403,-2.729304,MOVE_JOINT
1.414000,0.605792,-0.234426,0.157151,-0.018149,0.001078,-0.046192,-2.723792,MOVE_JOINT
1.415000,0.605772,-0.234421,0.157099,-0.018440,0.002518,-0.047547,-2.717316,MOVE_JOINT
1.416000,0.605754,-0.234417,0.157051,-0.017850,0.002483,-0.046948,-2.710269,MOVE_JOINT
1.417000,0.605734,-0.234415,0.157002,-0.018460,0.002380,-0.047588,-2.703029,MOVE_JOINT
1.418000,0.605718,-0.234409,0.156956,-0.017965,0.003521,-0.047671,-2.695945,MOVE_JOINT
1.419000,0.605700,-0.234408,0.156906,-0.018455,0.002205,-0.048750,-2.689349,MOVE_JOINT
1.420000,0.605685,-0.234405,0.156860,-0.016801,0.002692,-0.046832,-2.683556,MOVE_JOINT
1.421000,0.605668,-0.234399,0.156810,-0.017174,0.003710,-0.048299,-2.678867,MOVE_JOINT
1.422000,0.605650,-0.234396,0.156760,-0.017068,0.004121,-0.048243,-2.675551,MOVE_JOINT
1.423000,0.605633,-0.234389,0.156709,-0.017548,0.005041,-0.050189,-2.673843,MOVE_JOINT
1.424000,0.605614,-0.234387,0.156657,-0.017809,0.004215,-0.050508,-2.673964,MOVE_JOINT
1.425000,0.605598,-0.234381,0.156608,-0.017489,0.004959,-0.050373,-2.676147,MOVE_JOINT
1.426000,0.605580,-0.234378,0.156557,-0.016963,0.004442,-0.049924,-2.680609,MOVE_JOINT
1.427000,0.605562,-0.234374,0.156502,-0.017551,0.004772,-0.051314,-2.687506,MOVE_JOINT
1.428000,0.605544,-0.234369,0.156453,-0.017338,0.005222,-0.050501,-2.696916,MOVE_JOINT
1.429000,0.605528,-0.234365,0.156405,-0.016819,0.005543,-0.050380,-2.708823,MOVE_JOINT
1.430000,0.605509,-0.234362,0.156352,-0.017128,0.004732,-0.050761,-2.723106,MOVE_JOINT
1.431000,0.605493,-0.234355,0.156302,-0.016693,0.005108,-0.050393,-2.739542,MOVE_JOINT
1.432000,0.605478,-0.234351,0.156254,-0.016130,0.004909,-0.049620,-2.757832,MOVE_JOINT
1.433000,0.605459,-0.234347,0.156201,-0.017073,0.004569,-0.050391,-2.777604,MOVE_JOINT
1.434000,0.605443,-0.234339,0.156151,-0.016319,0.005964,-0.050026,-2.798433,MOVE_JOINT
1.435000,0.605427,-0.234333,0.156101,-0.016471,0.005374,-0.050198,-2.819867,MOVE_JOINT
1.436000,0.605409,-0.234329,0.156049,-0.016947,0.005164,-0.050700,-2.841457,MOVE_JOINT
1.437000,0.605395,-0.234321,0.156001,-0.016287,0.006209,-0.050063,-2.862773,MOVE_JOINT
1.438000,0.605377,-0.234318,0.155951,-0.016760,0.005360,-0.050218,-2.883416,MOVE_JOINT
1.439000,0.605364,-0.234313,0.155908,-0.015279,0.005209,-0.047490,-2.903003,MOVE_JOINT
1.440000,0.605348,-0.234307,0.155859,-0.015060,0.005339,-0.047351,-2.921129,MOVE_JOINT
1.441000,0.605331,-0.234303,0.155813,-0.015527,0.004910,-0.047042,-2.937350,MOVE_JOINT
1.442000,0.605312,-0.234294,0.155758,-0.016278,0.006305,-0.048850,-2.951207,MOVE_JOINT
1.443000,0.605296,-0.234291,0.155714,-0.016143,0.006058,-0.047954,-2.962295,MOVE_JOINT
1.444000,0.605278,-0.234283,0.155662,-0.016437,0.006066,-0.048404,-2.970316,MOVE_JOINT
1.445000,0.605259,-0.234280,0.155612,-0.016986,0.004902,-0.048271,-2.975087,MOVE_JOINT
1.446000,0.605241,-0.234277,0.155562,-0.017779,0.004184,-0.049272,-2.976537,MOVE_JOINT
1.447000,0.605224,-0.234271,0.155513,-0.017187,0.004898,-0.048797,-2.974707,MOVE_JOINT
1.448000,0.605206,-0.234268,0.155464,-0.017573,0.004416,-0.048687,-2.969749,MOVE_JOINT
1.449000,0.605186,-0.234263,0.155411,-0.017704,0.005062,-0.049460,-2.961896,MOVE_JOINT
1.450000,0.605169,-0.234259,0.155363,-0.017831,0.004537,-0.049160,-2.951444,MOVE_JOINT
1.451000,0.605151,-0.234255,0.155316,-0.018254,0.004702,-0.049623,-2.938731,MOVE_JOINT
1.452000,0.605132,-0.234251,0.155264,-0.018560,0.004509,-0.050766,-2.924134,MOVE_JOINT
1.453000,0.605115,-0.234246,0.155213,-0.018428,0.004981,-0.051059,-2.908075,MOVE_JOINT
1.454000,0.605097,-0.234242,0.155164,-0.018139,0.004971,-0.050709,-2.891025,MOVE_JOINT
1.455000,0.605080,-0.234239,0.155114,-0.017913,0.003994,-0.050269,-2.873485,MOVE_JOINT
1.456000,0.605063,-0.234234,0.155061,-0.017839,0.004492,-0.051487,-2.855945,MOVE_JOINT
1.457000,0.605045,-0.234229,0.155010,-0.017483,0.004554,-0.050725,-2.838865,MOVE_JOINT
1.458000,0.605027,-0.234222,0.154953,-0.017732,0.005149,-0.052444,-2.822682,MOVE_JOINT
1.459000,0.605008,-0.234219,0.154902,-0.018351,0.004240,-0.052365,-2.807804,MOVE_JOINT
1.460000,0.604991,-0.234214,0.154850,-0.018164,0.004634,-0.052561,-2.794605,MOVE_JOINT
1.461000,0.604973,-0.234207,0.154795,-0.018483,0.005184,-0.053219,-2.783397,MOVE_JOINT
1.462000,0.604957,-0.234201,0.154746,-0.018363,0.005044,-0.052351,-2.774413,MOVE_JOINT
1.463000,0.604937,-0.234201,0.154693,-0.018928,0.003427,-0.052767,-2.767775,MOVE_JOINT
1.464000,0.604920,-0.234193,0.154641,-0.018050,0.004600,-0.052070,-2.763489,MOVE_JOINT
1.465000,0.604907,-0.234182,0.154591,-0.016954,0.006225,-0.052049,-2.761458,MOVE_JOINT
1.466000,0.604886,-0.234178,0.154534,-0.017466,0.006370,-0.052928,-2.761512,MOVE_JOINT
1.467000,0.604865,-0.234172,0.154475,-0.018278,0.005955,-0.053794,-2.763446,MOVE_JOINT
1.468000,0.604849,-0.234163,0.154423,-0.017541,0.006890,-0.053396,-2.767073,MOVE_JOINT
1.469000,0.604831,-0.234158,0.154373,-0.017831,0.006447,-0.053022,-2.772226,MOVE_JOINT
1.470000,0.604813,-0.234153,0.154324,-0.018136,0.006221,-0.051915,-2.778727,MOVE_JOINT
1.471000,0.604797,-0.234144,0.154269,-0.017561,0.007108,-0.052763,-2.786337,MOVE_JOINT
1.472000,0.604776,-0.234135,0.154214,-0.017860,0.007699,-0.052808,-2.794749,MOVE_JOINT
1.473000,0.604758,-0.234131,0.154162,-0.017960,0.007242,-0.052895,-2.803631,MOVE_JOINT
1.474000,0.604741,-0.234123,0.154112,-0.017411,0.007980,-0.052424,-2.812674,MOVE_JOINT
1.475000,0.604724,-0.234117,0.154061,-0.017325,0.007169,-0.052045,-2.821598,MOVE_JOINT
1.476000,0.604703,-0.234110,0.154002,-0.018155,0.007322,-0.053982,-2.830153,MOVE_JOINT
1.477000,0.604684,-0.234106,0.153952,-0.018438,0.006525,-0.053075,-2.838147,MOVE_JOINT
1.478000,0.604667,-0.234097,0.153897,-0.018044,0.007188,-0.053536,-2.845465,MOVE_JOINT
1.479000,0.604648,-0.234092,0.153843,-0.017973,0.006373,-0.053214,-2.852062,MOVE_JOINT
1.480000,0.604627,-0.234085,0.153787,-0.018829,0.006937,-0.054095,-2.857941,MOVE_JOINT
1.481000,0.604609,-0.234078,0.153732,-0.018576,0.007079,-0.054372,-2.863146,MOVE_JOINT
1.482000,0.604590,-0.234074,0.153680,-0.018439,0.005541,-0.053004,-2.867752,MOVE_JOINT
1.483000,0.604570,-0.234064,0.153619,-0.018910,0.006738,-0.055260,-2.871842,MOVE_JOINT
1.484000,0.604549,-0.234058,0.153561,-0.019805,0.006653,-0.056040,-2.875514,MOVE_JOINT
1.485000,0.604531,-0.234053,0.153508,-0.019021,0.006225,-0.055259,-2.878898,MOVE_JOINT
1.486000,0.604510,-0.234046,0.153449,-0.019780,0.006524,-0.056501,-2.882168,MOVE_JOINT
1.487000,0.604490,-0.234041,0.153390,-0.020033,0.005940,-0.057398,-2.885517,MOVE_JOINT
1.488000,0.604470,-0.234033,0.153331,-0.020033,0.006488,-0.057539,-2.889154,MOVE_JOINT
1.489000,0.604445,-0.234028,0.153266,-0.020961,0.006258,-0.059190,-2.893308,MOVE_JOINT
1.490000,0.604426,-0.234023,0.153208,-0.020686,0.005702,-0.059188,-2.898215,MOVE_JOINT
1.491000,0.604405,-0.234014,0.153145,-0.020867,0.006938,-0.060631,-2.904114,MOVE_JOINT
1.492000,0.604385,-0.234007,0.153086,-0.020335,0.007369,-0.059989,-2.911233,MOVE_JOINT
1.493000,0.604363,-0.234001,0.153025,-0.020361,0.007319,-0.059815,-2.919763,MOVE_JOINT
1.494000,0.604342,-0.233996,0.152967,-0.021176,0.006380,-0.060074,-2.929805,MOVE_JOINT
1.495000,0.604322,-0.233984,0.152905,-0.020756,0.008324,-0.060314,-2.941334,MOVE_JOINT
1.496000,0.604302,-0.233979,0.152848,-0.020835,0.007459,-0.059943,-2.954206,MOVE_JOINT
1.497000,0.604280,-0.233972,0.152783,-0.021025,0.007002,-0.060410,-2.968179,MOVE_JOINT
1.498000,0.604260,-0.233964,0.152724,-0.019657,0.007409,-0.058857,-2.982939,MOVE_JOINT
1.499000,0.604237,-0.233954,0.152658,-0.021359,0.008322,-0.061770,-2.998133,MOVE_JOINT
1.500000,0.604214,-0.233949,0.152595,-0.021729,0.007996,-0.062853,-3.013426,MOVE_JOINT
1.501000,0.604197,-0.233942,0.152540,-0.020587,0.007583,-0.060471,-3.028561,MOVE_JOINT
1.502000,0.604176,-0.233931,0.152478,-0.020595,0.008775,-0.060864,-3.043349,MOVE_JOINT
1.503000,0.604155,-0.233924,0.152419,-0.020206,0.008406,-0.059317,-3.057599,MOVE_JOINT
1.504000,0.604134,-0.233916,0.152360,-0.020332,0.008678,-0.059671,-3.071057,MOVE_JOINT
1.505000,0.604110,-0.233910,0.152295,-0.021626,0.007983,-0.061821,-3.083419,MOVE_JOINT
1.506000,0.604091,-0.233904,0.152240,-0.020572,0.007018,-0.059770,-3.094392,MOVE_JOINT
1.507000,0.604068,-0.233896,0.152177,-0.021358,0.006973,-0.060321,-3.103755,MOVE_JOINT
1.508000,0.604048,-0.233887,0.152117,-0.020269,0.007844,-0.059490,-3.111342,MOVE_JOINT
1.509000,0.604026,-0.233879,0.152052,-0.020423,0.008017,-0.060729,-3.117023,MOVE_JOINT
1.510000,0.604004,-0.233871,0.151988,-0.021143,0.007594,-0.061822,-3.120726,MOVE_JOINT
1.511000,0.603978,-0.233863,0.151919,-0.021985,0.007438,-0.063142,-3.122482,MOVE_JOINT
1.512000,0.603955,-0.233855,0.151854,-0.021884,0.007689,-0.063059,-3.122453,MOVE_JOINT
1.513000,0.603935,-0.233845,0.151793,-0.021115,0.009017,-0.062718,-3.120907,MOVE_JOINT
1.514000,0.603909,-0.233842,0.151726,-0.022422,0.006754,-0.063640,-3.118153,MOVE_JOINT
1.515000,0.603890,-0.233831,0.151665,-0.021773,0.008011,-0.063562,-3.114498,MOVE_JOINT
1.516000,0.603862,-0.233827,0.151594,-0.022717,0.006979,-0.064854,-3.110238,MOVE_JOINT
1.517000,0.603840,-0.233820,0.151527,-0.022743,0.007024,-0.065357,-3.105661,MOVE_JOINT
1.518000,0.603818,-0.233809,0.151464,-0.023294,0.007668,-0.065820,-3.101061,MOVE_JOINT
1.519000,0.603792,-0.233798,0.151391,-0.023949,0.008474,-0.067590,-3.096735,MOVE_JOINT
1.520000,0.603769,-0.233792,0.151326,-0.023413,0.007787,-0.066214,-3.092963,MOVE_JOINT
1.521000,0.603745,-0.233784,0.151258,-0.024163,0.008315,-0.067536,-3.089985,MOVE_JOINT
1.522000,0.603719,-0.233777,0.151191,-0.024635,0.008066,-0.067381,-3.087971,MOVE_JOINT
1.523000,0.603695,-0.233768,0.151128,-0.024680,0.008263,-0.066389,-3.086997,MOVE_JOINT
1.524000,0.603670,-0.233759,0.151060,-0.024561,0.008381,-0.066592,-3.087030,MOVE_JOINT
1.525000,0.603644,-0.233754,0.150992,-0.024552,0.007277,-0.066576,-3.087923,MOVE_JOINT
1.526000,0.603620,-0.233743,0.150924,-0.024347,0.009305,-0.067638,-3.089466,MOVE_JOINT
1.527000,0.603590,-0.233733,0.150849,-0.025999,0.009929,-0.070541,-3.091468,MOVE_JOINT
1.528000,0.603566,-0.233729,0.150783,-0.025321,0.007895,-0.068555,-3.093830,MOVE_JOINT
1.529000,0.603537,-0.233722,0.150710,-0.026562,0.007647,-0.070179,-3.096558,MOVE_JOINT
1.530000,0.603513,-0.233714,0.150644,-0.025990,0.008068,-0.069085,-3.099718,MOVE_JOINT
1.531000,0.603482,-0.233709,0.150569,-0.027265,0.007042,-0.070591,-3.103382,MOVE_JOINT
1.532000,0.603457,-0.233700,0.150499,-0.026735,0.007451,-0.070408,-3.107608,MOVE_JOINT
1.533000,0.603429,-0.233694,0.150425,-0.027253,0.006852,-0.071044,-3.112454,MOVE_JOINT
1.534000,0.603402,-0.233685,0.150356,-0.027394,0.006997,-0.070896,-3.117979,MOVE_JOINT
1.535000,0.603373,-0.233682,0.150283,-0.028011,0.005894,-0.071174,-3.124241,MOVE_JOINT
1.536000,0.603344,-0.233673,0.150208,-0.028181,0.006381,-0.072087,-3.131269,MOVE_JOINT
1.537000,0.603316,-0.233665,0.150133,-0.027550,0.007585,-0.072662,-3.139079,MOVE_JOINT
1.538000,0.603286,-0.233658,0.150056,-0.027652,0.008084,-0.073438,-3.147692,MOVE_JOINT
1.539000,0.603256,-0.233652,0.149981,-0.028052,0.007348,-0.073291,-3.157158,MOVE_JOINT
1.540000,0.603227,-0.233642,0.149900,-0.028363,0.008501,-0.075865,-3.167546,MOVE_JOINT
1.541000,0.603197,-0.233639,0.149828,-0.029007,0.007413,-0.075528,-3.178949,MOVE_JOINT
1.542000,0.603166,-0.233632,0.149748,-0.029528,0.007106,-0.076579,-3.191489,MOVE_JOINT
1.543000,0.603138,-0.233625,0.149672,-0.029026,0.006552,-0.075561,-3.205292,MOVE_JOINT
1.544000,0.603108,-0.233615,0.149592,-0.029646,0.007537,-0.077533,-3.220448,MOVE_JOINT
1.545000,0.603081,-0.233609,0.149517,-0.028872,0.007419,-0.076539,-3.236990,MOVE_JOINT
1.546000,0.603049,-0.233600,0.149437,-0.029155,0.007964,-0.076865,-3.254894,MOVE_JOINT
1.547000,0.603020,-0.233593,0.149361,-0.029140,0.007419,-0.076679,-3.274072,MOVE_JOINT
1.548000,0.602992,-0.233583,0.149287,-0.028538,0.008484,-0.075771,-3.294349,MOVE_JOINT
1.549000,0.602961,-0.233576,0.149209,-0.029632,0.007907,-0.076806,-3.315457,MOVE_JOINT
1.550000,0.602928,-0.233570,0.149131,-0.029850,0.008227,-0.076767,-3.337040,MOVE_JOINT
1.551000,0.602899,-0.233561,0.149053,-0.029883,0.008467,-0.077278,-3.358698,MOVE_JOINT
1.552000,0.602869,-0.233556,0.148979,-0.030055,0.007805,-0.076969,-3.380030,MOVE_JOINT
1.553000,0.602841,-0.233545,0.148902,-0.029491,0.008660,-0.076688,-3.400659,MOVE_JOINT
1.554000,0.602809,-0.233538,0.148826,-0.030250,0.008344,-0.076793,-3.420238,MOVE_JOINT
1.555000,0.602781,-0.233530,0.148754,-0.029741,0.007781,-0.075546,-3.438437,MOVE_JOINT
1.556000,0.602750,-0.233525,0.148676,-0.030189,0.006517,-0.075679,-3.454931,MOVE_JOINT
1.557000,0.602722,-0.233515,0.148597,-0.030139,0.007266,-0.077287,-3.469417,MOVE_JOINT
1.558000,0.602693,-0.233507,0.148521,-0.029776,0.007660,-0.076814,-3.481666,MOVE_JOINT
1.559000,0.602662,-0.233500,0.148443,-0.030104,0.007226,-0.076749,-3.491577,MOVE_JOINT
1.560000,0.602632,-0.233490,0.148367,-0.030114,0.008394,-0.077264,-3.499161,MOVE_JOINT
1.561000,0.602599,-0.233485,0.148283,-0.030881,0.007084,-0.078565,-3.504505,MOVE_JOINT
1.562000,0.602568,-0.233478,0.148208,-0.030653,0.007315,-0.077248,-3.507767,MOVE_JOINT
1.563000,0.602539,-0.233474,0.148134,-0.030693,0.005917,-0.076756,-3.509152,MOVE_JOINT
1.564000,0.602508,-0.233462,0.148054,-0.030030,0.008477,-0.077205,-3.508865,MOVE_JOINT
1.565000,0.602475,-0.233458,0.147978,-0.030958,0.006982,-0.077208,-3.507081,MOVE_JOINT
1.566000,0.602444,-0.233451,0.147901,-0.030271,0.007702,-0.076600,-3.503948,MOVE_JOINT
1.567000,0.602409,-0.233446,0.147819,-0.031861,0.006876,-0.078532,-3.499593,MOVE_JOINT
1.568000,0.602377,-0.233439,0.147741,-0.031554,0.006932,-0.077941,-3.494149,MOVE_JOINT
1.569000,0.602342,-0.233434,0.147660,-0.032374,0.006048,-0.078309,-3.487781,MOVE_JOINT
1.570000,0.602308,-0.233425,0.147578,-0.033165,0.006887,-0.080104,-3.480683,MOVE_JOINT
1.571000,0.602275,-0.233419,0.147500,-0.032469,0.006561,-0.078433,-3.473076,MOVE_JOINT
1.572000,0.602240,-0.233412,0.147420,-0.033366,0.006361,-0.078790,-3.465191,MOVE_JOINT
1.573000,0.602204,-0.233407,0.147335,-0.034629,0.005842,-0.081134,-3.457234,MOVE_JOINT
1.574000,0.602170,-0.233401,0.147253,-0.034613,0.005551,-0.080849,-3.449397,MOVE_JOINT
1.575000,0.602135,-0.233397,0.147175,-0.034912,0.004657,-0.080211,-3.441895,MOVE_JOINT
1.576000,0.602100,-0.233389,0.147089,-0.035019,0.005727,-0.082072,-3.434958,MOVE_JOINT
1.577000,0.602063,-0.233384,0.147005,-0.035511,0.005094,-0.081990,-3.428813,MOVE_JOINT
1.578000,0.602027,-0.233378,0.146921,-0.035325,0.004914,-0.082180,-3.423688,MOVE_JOINT
1.579000,0.601990,-0.233373,0.146837,-0.035946,0.005507,-0.083009,-3.419810,MOVE_JOINT
1.580000,0.601951,-0.233368,0.146748,-0.036630,0.006037,-0.084976,-3.417395,MOVE_JOINT
1.581000,0.601911,-0.233366,0.146661,-0.037456,0.005077,-0.085879,-3.416662,MOVE_JOINT
1.582000,0.601874,-0.233359,0.146574,-0.037333,0.006182,-0.086366,-3.417848,MOVE_JOINT
1.583000,0.601838,-0.233354,0.146486,-0.037214,0.005792,-0.087110,-3.421198,MOVE_JOINT
1.584000,0.601799,-0.233351,0.146400,-0.038005,0.004865,-0.087008,-3.426930,MOVE_JOINT
1.585000,0.601759,-0.233348,0.146310,-0.038412,0.005024,-0.087883,-3.435202,MOVE_JOINT
1.586000,0.601719,-0.233345,0.146221,-0.039041,0.004664,-0.088423,-3.446082,MOVE_JOINT
1.587000,0.601684,-0.233334,0.146135,-0.037737,0.006824,-0.087714,-3.459540,MOVE_JOINT
1.588000,0.601641,-0.233332,0.146044,-0.039767,0.005264,-0.089476,-3.475448,MOVE_JOINT
1.589000,0.601606,-0.233328,0.145960,-0.038677,0.004687,-0.087585,-3.493584,MOVE_JOINT
1.590000,0.601566,-0.233323,0.145871,-0.038800,0.004937,-0.087879,-3.513635,MOVE_JOINT
1.591000,0.601526,-0.233316,0.145783,-0.038993,0.005295,-0.087658,-3.535193,MOVE_JOINT
1.592000,0.601489,-0.233309,0.145697,-0.038274,0.005703,-0.086697,-3.557765,MOVE_JOINT
1.593000,0.601449,-0.233310,0.145613,-0.039058,0.003822,-0.086369,-3.580781,MOVE_JOINT
1.594000,0.601409,-0.233303,0.145526,-0.039054,0.004803,-0.086099,-3.603621,MOVE_JOINT
1.595000,0.601368,-0.233299,0.145435,-0.040138,0.004386,-0.087417,-3.625640,MOVE_JOINT
1.596000,0.601332,-0.233293,0.145352,-0.038808,0.004738,-0.085549,-3.646223,MOVE_JOINT
1.597000,0.601291,-0.233289,0.145264,-0.039576,0.004513,-0.086151,-3.664826,MOVE_JOINT
1.598000,0.601255,-0.233283,0.145182,-0.038513,0.005000,-0.084949,-3.680982,MOVE_JOINT
1.599000,0.601214,-0.233278,0.145091,-0.038965,0.005279,-0.086683,-3.694303,MOVE_JOINT
1.600000,0.601176,-0.233272,0.145004,-0.039054,0.005017,-0.086797,-3.704520,MOVE_JOINT
1.601000,0.601136,-0.233268,0.144919,-0.039187,0.004855,-0.086743,-3.711521,MOVE_JOINT
1.602000,0.601099,-0.233261,0.144833,-0.038334,0.005454,-0.085839,-3.715346,MOVE_JOINT
1.603000,0.601059,-0.233258,0.144744,-0.038972,0.004629,-0.086827,-3.716139,MOVE_JOINT
1.604000,0.601020,-0.233252,0.144659,-0.038323,0.005300,-0.085492,-3.714103,MOVE_JOINT
1.605000,0.600983,-0.233247,0.144572,-0.037488,0.006102,-0.085563,-3.709473,MOVE_JOINT
1.606000,0.600942,-0.233242,0.144484,-0.038043,0.006007,-0.086292,-3.702497,MOVE_JOINT
1.607000,0.600902,-0.233238,0.144398,-0.038753,0.005286,-0.086086,-3.693436,MOVE_JOINT
1.608000,0.600864,-0.233229,0.144312,-0.039088,0.006002,-0.086498,-3.682576,MOVE_JOINT
1.609000,0.600825,-0.233226,0.144226,-0.039106,0.005108,-0.086829,-3.670219,MOVE_JOINT
1.610000,0.600789,-0.233217,0.144140,-0.038217,0.006644,-0.086200,-3.656677,MOVE_JOINT
1.611000,0.600751,-0.233214,0.144056,-0.038713,0.005563,-0.086097,-3.642271,MOVE_JOINT
1.612000,0.600710,-0.233212,0.143969,-0.039373,0.005397,-0.086954,-3.627311,MOVE_JOINT
1.613000,0.600669,-0.233207,0.143877,-0.040173,0.004866,-0.088584,-3.612103,MOVE_JOINT
1.614000,0.600629,-0.233203,0.143787,-0.040595,0.005073,-0.089828,-3.596978,MOVE_JOINT
1.615000,0.600589,-0.233203,0.143699,-0.040124,0.003526,-0.088739,-3.582326,MOVE_JOINT
1.616000,0.600546,-0.233205,0.143608,-0.041289,0.002143,-0.089892,-3.568578,MOVE_JOINT
1.617000,0.600505,-0.233202,0.143515,-0.040740,0.002813,-0.090477,-3.556149,MOVE_JOINT
1.618000,0.600463,-0.233205,0.143422,-0.040776,0.001811,-0.091048,-3.545425,MOVE_JOINT
1.619000,0.600421,-0.233204,0.143330,-0.041031,0.001719,-0.091291,-3.536762,MOVE_JOINT
1.620000,0.600379,-0.233206,0.143237,-0.041252,0.000601,-0.091806,-3.530484,MOVE_JOINT
1.621000,0.600335,-0.233208,0.143140,-0.041574,0.000127,-0.092032,-3.526859,MOVE_JOINT
1.622000,0.600297,-0.233202,0.143050,-0.040711,0.001891,-0.091744,-3.526073,MOVE_JOINT
1.623000,0.600257,-0.233197,0.142955,-0.040334,0.002573,-0.092580,-3.528217,MOVE_JOINT
1.624000,0.600221,-0.233191,0.142864,-0.039116,0.003808,-0.092388,-3.533286,MOVE_JOINT
1.625000,0.600181,-0.233188,0.142769,-0.039368,0.002953,-0.092469,-3.541210,MOVE_JOINT
1.626000,0.600142,-0.233184,0.142674,-0.038899,0.003322,-0.092642,-3.551870,MOVE_JOINT
1.627000,0.600104,-0.233177,0.142580,-0.038137,0.004527,-0.092618,-3.565108,MOVE_JOINT
1.628000,0.600070,-0.233173,0.142494,-0.037178,0.003775,-0.090491,-3.580715,MOVE_JOINT
1.629000,0.600032,-0.233165,0.142398,-0.037940,0.005018,-0.092496,-3.598415,MOVE_JOINT
1.630000,0.599993,-0.233163,0.142307,-0.037962,0.003839,-0.091787,-3.617854,MOVE_JOINT
1.631000,0.599954,-0.233158,0.142213,-0.037922,0.004280,-0.091932,-3.638635,MOVE_JOINT
1.632000,0.599915,-0.233151,0.142120,-0.038749,0.005010,-0.092934,-3.660343,MOVE_JOINT
1.633000,0.599878,-0.233142,0.142026,-0.038061,0.005947,-0.092824,-3.682562,MOVE_JOINT
1.634000,0.599838,-0.233137,0.141930,-0.038184,0.006049,-0.093296,-3.704896,MOVE_JOINT
1.635000,0.599801,-0.233127,0.141837,-0.038153,0.006951,-0.093255,-3.726986,MOVE_JOINT
1.636000,0.599765,-0.233119,0.141745,-0.037704,0.007187,-0.093298,-3.748511,MOVE_JOINT
1.637000,0.599728,-0.233109,0.141648,-0.037773,0.007789,-0.094487,-3.769191,MOVE_JOINT
1.638000,0.599688,-0.233104,0.141553,-0.038527,0.006332,-0.094095,-3.788801,MOVE_JOINT
1.639000,0.599645,-0.233100,0.141453,-0.040005,0.005338,-0.096238,-3.807187,MOVE_JOINT
1.640000,0.599606,-0.233094,0.141360,-0.039767,0.005016,-0.095229,-3.824267,MOVE_JOINT
1.641000,0.599563,-0.233093,0.141263,-0.040757,0.003637,-0.095346,-3.840011,MOVE_JOINT
1.642000,0.599522,-0.233084,0.141166,-0.040438,0.005835,-0.095741,-3.854393,MOVE_JOINT
1.643000,0.599479,-0.233083,0.141070,-0.041897,0.004369,-0.096496,-3.867355,MOVE_JOINT
1.644000,0.599433,-0.233079,0.140967,-0.043604,0.004642,-0.099092,-3.878820,MOVE_JOINT
1.645000,0.599393,-0.233076,0.140876,-0.042480,0.004126,-0.096676,-3.888742,MOVE_JOINT
1.646000,0.599350,-0.233073,0.140781,-0.043252,0.003854,-0.096832,-3.897108,MOVE_JOINT
1.647000,0.599304,-0.233073,0.140682,-0.043998,0.003133,-0.097663,-3.903891,MOVE_JOINT
1.648000,0.599260,-0.233071,0.140586,-0.043743,0.003158,-0.097058,-3.909030,MOVE_JOINT
1.649000,0.599217,-0.233073,0.140492,-0.043642,0.001398,-0.096013,-3.912445,MOVE_JOINT
1.650000,0.599169,-0.233072,0.140389,-0.044963,0.001691,-0.098499,-3.914053,MOVE_JOINT
1.651000,0.599123,-0.233069,0.140291,-0.044760,0.001891,-0.097946,-3.913801,MOVE_JOINT
1.652000,0.599078,-0.233070,0.140190,-0.045209,0.001088,-0.098897,-3.911714,MOVE_JOINT
1.653000,0.599030,-0.233072,0.140090,-0.045962,-0.000059,-0.099451,-3.907912,MOVE_JOINT
1.654000,0.598985,-0.233070,0.139991,-0.045332,0.000498,-0.098527,-3.902608,MOVE_JOINT
1.655000,0.598942,-0.233068,0.139894,-0.044858,0.000588,-0.097616,-3.896061,MOVE_JOINT
1.656000,0.598894,-0.233069,0.139791,-0.045616,0.000354,-0.099425,-3.888513,MOVE_JOINT
1.657000,0.598849,-0.233067,0.139690,-0.044949,0.000859,-0.099372,-3.880179,MOVE_JOINT
1.658000,0.598801,-0.233067,0.139585,-0.046134,0.000428,-0.100871,-3.871285,MOVE_JOINT
1.659000,0.598754,-0.233067,0.139482,-0.046606,0.000163,-0.101574,-3.862110,MOVE_JOINT
1.660000,0.598707,-0.233070,0.139379,-0.046768,-0.000303,-0.102122,-3.852984,MOVE_JOINT
1.661000,0.598661,-0.233068,0.139278,-0.046339,0.000165,-0.101273,-3.844266,MOVE_JOINT
1.662000,0.598613,-0.233071,0.139177,-0.046563,-0.000866,-0.100691,-3.836281,MOVE_JOINT
1.663000,0.598566,-0.233070,0.139071,-0.046934,0.000088,-0.102868,-3.829261,MOVE_JOINT
1.664000,0.598521,-0.233069,0.138972,-0.046652,0.000398,-0.101983,-3.823339,MOVE_JOINT
1.665000,0.598473,-0.233068,0.138869,-0.047118,0.000120,-0.102478,-3.818585,MOVE_JOINT
1.666000,0.598424,-0.233070,0.138763,-0.047942,-0.000719,-0.103151,-3.815023,MOVE_JOINT
1.667000,0.598376,-0.233066,0.138660,-0.047550,0.000959,-0.102752,-3.812629,MOVE_JOINT
1.668000,0.598327,-0.233068,0.138554,-0.048272,-0.000305,-0.103692,-3.811340,MOVE_JOINT
1.669000,0.598283,-0.233064,0.138453,-0.047706,0.000976,-0.103937,-3.811067,MOVE_JOINT
1.670000,0.598236,-0.233062,0.138347,-0.047530,0.001196,-0.104518,-3.811713,MOVE_JOINT
1.671000,0.598190,-0.233063,0.138246,-0.047409,0.000925,-0.104382,-3.813205,MOVE_JOINT
1.672000,0.598142,-0.233062,0.138140,-0.047346,0.000697,-0.105030,-3.815504,MOVE_JOINT
1.673000,0.598096,-0.233063,0.138036,-0.047165,0.000418,-0.104543,-3.818600,MOVE_JOINT
1.674000,0.598046,-0.233060,0.137929,-0.047968,0.001267,-0.105338,-3.822494,MOVE_JOINT
1.675000,0.597997,-0.233062,0.137823,-0.048236,0.000402,-0.105363,-3.827177,MOVE_JOINT
1.676000,0.597950,-0.233058,0.137719,-0.048304,0.001435,-0.105854,-3.832609,MOVE_JOINT
1.677000,0.597902,-0.233060,0.137616,-0.048646,0.000697,-0.105504,-3.838726,MOVE_JOINT
1.678000,0.597851,-0.233057,0.137508,-0.049553,0.001108,-0.106815,-3.845437,MOVE_JOINT
1.679000,0.597802,-0.233058,0.137405,-0.049654,0.000332,-0.105746,-3.852639,MOVE_JOINT
1.680000,0.597753,-0.233060,0.137302,-0.049366,-0.000143,-0.104968,-3.860209,MOVE_JOINT
1.681000,0.597701,-0.233061,0.137194,-0.050219,0.000113,-0.105938,-3.867989,MOVE_JOINT
1.682000,0.597654,-0.233062,0.137093,-0.049367,-0.000199,-0.104561,-3.875786,MOVE_JOINT
1.683000,0.597604,-0.233062,0.136989,-0.049360,-0.000628,-0.103644,-3.883380,MOVE_JOINT
1.684000,0.597552,-0.233064,0.136879,-0.050012,-0.000908,-0.105291,-3.890536,MOVE_JOINT
1.685000,0.597504,-0.233063,0.136775,-0.049345,-0.001061,-0.104496,-3.897027,MOVE_JOINT
1.686000,0.597449,-0.233063,0.136662,-0.050706,-0.000331,-0.106989,-3.902699,MOVE_JOINT
1.687000,0.597401,-0.233064,0.136560,-0.049920,-0.000984,-0.105514,-3.907514,MOVE_JOINT
1.688000,0.597352,-0.233063,0.136453,-0.049556,-0.000107,-0.105568,-3.911538,MOVE_JOINT
1.689000,0.597299,-0.233065,0.136344,-0.050640,-0.000854,-0.106665,-3.914898,MOVE_JOINT
1.690000,0.597246,-0.233064,0.136230,-0.051055,-0.000519,-0.108406,-3.917746,MOVE_JOINT
1.691000,0.597195,-0.233064,0.136123,-0.051382,-0.000346,-0.108906,-3.920293,MOVE_JOINT
1.692000,0.597145,-0.233067,0.136017,-0.051079,-0.001395,-0.107591,-3.922814,MOVE_JOINT
1.693000,0.597094,-0.233068,0.135908,-0.051347,-0.001175,-0.108467,-3.925600,MOVE_JOINT
1.694000,0.597041,-0.233068,0.135798,-0.051508,-0.000950,-0.108874,-3.928889,MOVE_JOINT
1.695000,0.596989,-0.233071,0.135690,-0.051969,-0.000947,-0.108912,-3.932850,MOVE_JOINT
1.696000,0.596939,-0.233067,0.135581,-0.051217,0.000740,-0.108887,-3.937574,MOVE_JOINT
1.697000,0.596886,-0.233067,0.135469,-0.052299,0.000285,-0.109831,-3.943083,MOVE_JOINT
1.698000,0.596831,-0.233068,0.135357,-0.053681,-0.000615,-0.110791,-3.949332,MOVE_JOINT
1.699000,0.596780,-0.233068,0.135248,-0.053565,-0.000402,-0.111231,-3.956248,MOVE_JOINT
1.700000,0.596729,-0.233070,0.135142,-0.053100,-0.001225,-0.110060,-3.963755,MOVE_JOINT
1.701000,0.596678,-0.233067,0.135032,-0.052281,0.000122,-0.109715,-3.971760,MOVE_JOINT
1.702000,0.596626,-0.233067,0.134924,-0.051838,-0.000221,-0.108884,-3.980126,MOVE_JOINT
1.703000,0.596574,-0.233065,0.134810,-0.051655,0.000929,-0.109974,-3.988650,MOVE_JOINT
1.704000,0.596524,-0.233063,0.134703,-0.050905,0.001718,-0.109329,-3.997095,MOVE_JOINT
1.705000,0.596471,-0.233063,0.134592,-0.051376,0.000852,-0.109647,-4.005237,MOVE_JOINT
1.706000,0.596419,-0.233060,0.134480,-0.051727,0.001885,-0.110468,-4.012887,MOVE_JOINT
1.707000,0.596368,-0.233060,0.134372,-0.051685,0.001521,-0.110148,-4.019900,MOVE_JOINT
1.708000,0.596316,-0.233054,0.134257,-0.052314,0.002800,-0.112197,-4.026180,MOVE_JOINT
1.709000,0.596265,-0.233051,0.134147,-0.052561,0.002960,-0.112552,-4.031696,MOVE_JOINT
1.710000,0.596216,-0.233051,0.134045,-0.051809,0.002415,-0.110112,-4.036491,MOVE_JOINT
1.711000,0.596168,-0.233047,0.133936,-0.051390,0.002618,-0.109883,-4.040626,MOVE_JOINT
1.712000,0.596115,-0.233042,0.133825,-0.051843,0.004110,-0.111178,-4.044101,MOVE_JOINT
1.713000,0.596064,-0.233039,0.133714,-0.051292,0.003805,-0.110871,-4.046865,MOVE_JOINT
1.714000,0.596016,-0.233035,0.133609,-0.050793,0.003609,-0.109471,-4.048860,MOVE_JOINT
1.715000,0.595961,-0.233037,0.133498,-0.051685,0.002253,-0.109979,-4.050038,MOVE_JOINT
1.716000,0.595912,-0.233033,0.133391,-0.050647,0.002370,-0.108559,-4.050332,MOVE_JOINT
1.717000,0.595861,-0.233036,0.133283,-0.051476,0.001048,-0.109183,-4.049650,MOVE_JOINT
1.718000,0.595809,-0.233032,0.133171,-0.051877,0.001535,-0.110176,-4.047901,MOVE_JOINT
1.719000,0.595758,-0.233034,0.133061,-0.051750,0.001178,-0.110387,-4.045038,MOVE_JOINT
1.720000,0.595704,-0.233032,0.132947,-0.052196,0.001597,-0.111615,-4.041107,MOVE_JOINT
1.721000,0.595650,-0.233029,0.132832,-0.052633,0.002108,-0.112097,-4.036265,MOVE_JOINT
1.722000,0.595598,-0.233027,0.132721,-0.053133,0.001526,-0.112789,-4.030767,MOVE_JOINT
1.723000,0.595545,-0.233027,0.132607,-0.053365,0.001562,-0.113416,-4.024931,MOVE_JOINT
1.724000,0.595489,-0.233027,0.132490,-0.053842,0.001498,-0.114072,-4.019105,MOVE_JOINT
1.725000,0.595434,-0.233028,0.132376,-0.054503,0.000343,-0.114454,-4.013636,MOVE_JOINT
1.726000,0.595379,-0.233026,0.132258,-0.054783,0.000548,-0.115153,-4.008845,MOVE_JOINT
1.727000,0.595325,-0.233030,0.132147,-0.054423,-0.000619,-0.113598,-4.005004,MOVE_JOINT
1.728000,0.595270,-0.233026,0.132030,-0.054718,0.000666,-0.114763,-4.002297,MOVE_JOINT
1.729000,0.595215,-0.233027,0.131915,-0.055247,0.000189,-0.115043,-4.000799,MOVE_JOINT
1.730000,0.595160,-0.233027,0.131801,-0.055558,-0.000445,-0.115111,-4.000493,MOVE_JOINT
1.731000,0.595104,-0.233025,0.131681,-0.055963,0.000389,-0.116457,-4.001309,MOVE_JOINT
1.732000,0.595045,-0.233022,0.131561,-0.055722,0.001337,-0.116362,-4.003154,MOVE_JOINT
1.733000,0.594988,-0.233020,0.131443,-0.056393,0.001517,-0.117412,-4.005937,MOVE_JOINT
1.734000,0.594929,-0.233021,0.131324,-0.057146,0.000959,-0.117576,-4.009575,MOVE_JOINT
1.735000,0.594873,-0.233021,0.131207,-0.057110,0.000380,-0.117654,-4.013980,MOVE_JOINT
1.736000,0.594814,-0.233017,0.131084,-0.057458,0.001326,-0.119381,-4.019059,MOVE_JOINT
1.737000,0.594757,-0.233017,0.130967,-0.057761,0.000582,-0.118694,-4.024734,MOVE_JOINT
1.738000,0.594703,-0.233010,0.130852,-0.056926,0.002383,-0.117935,-4.030950,MOVE_JOINT
1.739000,0.594645,-0.233005,0.130729,-0.057033,0.003279,-0.119101,-4.037637,MOVE_JOINT
1.740000,0.594593,-0.232997,0.130615,-0.056394,0.004541,-0.118403,-4.044682,MOVE_JOINT
1.741000,0.594536,-0.232992,0.130497,-0.056231,0.004966,-0.118420,-4.051946,MOVE_JOINT
1.742000,0.594478,-0.232989,0.130376,-0.056719,0.004454,-0.118699,-4.059272,MOVE_JOINT
1.743000,0.594422,-0.232984,0.130259,-0.056623,0.004895,-0.117987,-4.066488,MOVE_JOINT
1.744000,0.594369,-0.232976,0.130145,-0.055339,0.005737,-0.116557,-4.073403,MOVE_JOINT
1.745000,0.594308,-0.232971,0.130022,-0.056709,0.006032,-0.118493,-4.079784,MOVE_JOINT
1.746000,0.594252,-0.232962,0.129901,-0.055979,0.006701,-0.118751,-4.085384,MOVE_JOINT
1.747000,0.594196,-0.232957,0.129781,-0.056601,0.006032,-0.119706,-4.090017,MOVE_JOINT
1.748000,0.594141,-0.232950,0.129663,-0.056163,0.006595,-0.120135,-4.093622,MOVE_JOINT
1.749000,0.594087,-0.232942,0.129547,-0.055317,0.007060,-0.118381,-4.096273,MOVE_JOINT
1.750000,0.594029,-0.232935,0.129423,-0.056071,0.007008,-0.120231,-4.098117,MOVE_JOINT
1.751000,0.593971,-0.232932,0.129302,-0.056440,0.006238,-0.120912,-4.099318,MOVE_JOINT
1.752000,0.593915,-0.232919,0.129175,-0.056764,0.008003,-0.122629,-4.100074,MOVE_JOINT
1.753000,0.593859,-0.232915,0.129054,-0.055824,0.007200,-0.121779,-4.100651,MOVE_JOINT
1.754000,0.593801,-0.232903,0.128928,-0.056263,0.008476,-0.123030,-4.101375,MOVE_JOINT
1.755000,0.593737,-0.232901,0.128799,-0.058351,0.006977,-0.124499,-4.102590,MOVE_JOINT
1.756000,0.593680,-0.232897,0.128677,-0.058341,0.005743,-0.123914,-4.104623,MOVE_JOINT
1.757000,0.593622,-0.232887,0.128551,-0.057753,0.007141,-0.124215,-4.107756,MOVE_JOINT
1.758000,0.593561,-0.232885,0.128427,-0.058404,0.005907,-0.124544,-4.112188,MOVE_JOINT
1.759000,0.593501,-0.232878,0.128299,-0.058621,0.006287,-0.124950,-4.118030,MOVE_JOINT
1.760000,0.593441,-0.232874,0.128173,-0.059048,0.006065,-0.125003,-4.125308,MOVE_JOINT
1.761000,0.593381,-0.232869,0.128046,-0.058819,0.006053,-0.125007,-4.133972,MOVE_JOINT
1.762000,0.593319,-0.232863,0.127916,-0.059703,0.005534,-0.126190,-4.143911,MOVE_JOINT
1.763000,0.593258,-0.232858,0.127787,-0.059959,0.006102,-0.126746,-4.154985,MOVE_JOINT
1.764000,0.593197,-0.232852,0.127658,-0.059983,0.005892,-0.127053,-4.167069,MOVE_JOINT
1.765000,0.593141,-0.232844,0.127534,-0.059287,0.006792,-0.126001,-4.180057,MOVE_JOINT
1.766000,0.593077,-0.232841,0.127406,-0.060795,0.005923,-0.127579,-4.193842,MOVE_JOINT
1.767000,0.593017,-0.232834,0.127280,-0.060667,0.006418,-0.127017,-4.208290,MOVE_JOINT
1.768000,0.592953,-0.232832,0.127151,-0.061074,0.005520,-0.127226,-4.223245,MOVE_JOINT
1.769000,0.592892,-0.232828,0.127026,-0.061270,0.005506,-0.126929,-4.238532,MOVE_JOINT
1.770000,0.592833,-0.232821,0.126903,-0.060401,0.005889,-0.125087,-4.253943,MOVE_JOINT
1.771000,0.592764,-0.232822,0.126774,-0.062922,0.004195,-0.126507,-4.269220,MOVE_JOINT
1.772000,0.592705,-0.232813,0.126648,-0.061837,0.005595,-0.126652,-4.284055,MOVE_JOINT
1.773000,0.592641,-0.232807,0.126520,-0.062344,0.006623,-0.127151,-4.298144,MOVE_JOINT
1.774000,0.592576,-0.232806,0.126393,-0.063019,0.005024,-0.127217,-4.311247,MOVE_JOINT
1.775000,0.592517,-0.232802,0.126270,-0.061726,0.004872,-0.125276,-4.323200,MOVE_JOINT
1.776000,0.592454,-0.232801,0.126146,-0.062754,0.003744,-0.125754,-4.333886,MOVE_JOINT
1.777000,0.592393,-0.232793,0.126019,-0.061602,0.004963,-0.125457,-4.343207,MOVE_JOINT
1.778000,0.592331,-0.232793,0.125894,-0.061660,0.003440,-0.124930,-4.351086,MOVE_JOINT
1.779000,0.592268,-0.232788,0.125766,-0.062052,0.003944,-0.126079,-4.357497,MOVE_JOINT
1.780000,0.592202,-0.232783,0.125632,-0.063165,0.004423,-0.128423,-4.362496,MOVE_JOINT
1.781000,0.592140,-0.232780,0.125507,-0.062281,0.003976,-0.126648,-4.366254,MOVE_JOINT
1.782000,0.592073,-0.232777,0.125374,-0.063500,0.003392,-0.128187,-4.369052,MOVE_JOINT
1.783000,0.592012,-0.232769,0.125247,-0.063136,0.004611,-0.127632,-4.371217,MOVE_JOINT
1.784000,0.591945,-0.232766,0.125115,-0.064536,0.004016,-0.129745,-4.373068,MOVE_JOINT
1.785000,0.591881,-0.232760,0.124984,-0.064337,0.004496,-0.129875,-4.374905,MOVE_JOINT
1.786000,0.591815,-0.232755,0.124852,-0.065330,0.004241,-0.130745,-4.377019,MOVE_JOINT
1.787000,0.591756,-0.232752,0.124729,-0.063884,0.003964,-0.129320,-4.379688,MOVE_JOINT
1.788000,0.591689,-0.232749,0.124598,-0.064440,0.003492,-0.129336,-4.383135,MOVE_JOINT
1.789000,0.591625,-0.232743,0.124465,-0.064288,0.004974,-0.130937,-4.387498,MOVE_JOINT
1.790000,0.591563,-0.232738,0.124337,-0.064016,0.004823,-0.130480,-4.392843,MOVE_JOINT
1.791000,0.591498,-0.232735,0.124206,-0.064324,0.003848,-0.130150,-4.399204,MOVE_JOINT
1.792000,0.591433,-0.232735,0.124077,-0.064496,0.002884,-0.129843,-4.406582,MOVE_JOINT
1.793000,0.591370,-0.232732,0.123946,-0.064382,0.002412,-0.129913,-4.414925,MOVE_JOINT
1.794000,0.591303,-0.232728,0.123811,-0.065374,0.003121,-0.131768,-4.424132,MOVE_JOINT
1.795000,0.591241,-0.232723,0.123686,-0.064134,0.003552,-0.129802,-4.434084,MOVE_JOINT
1.796000,0.591176,-0.232714,0.123554,-0.064460,0.004887,-0.129879,-4.444651,MOVE_JOINT
1.797000,0.591111,-0.232712,0.123424,-0.065326,0.004447,-0.131265,-4.455661,MOVE_JOINT
1.798000,0.591046,-0.232710,0.123298,-0.065315,0.003300,-0.129562,-4.466891,MOVE_JOINT
1.799000,0.590984,-0.232707,0.123173,-0.064528,0.003220,-0.128513,-4.478080,MOVE_JOINT
1.800000,0.590922,-0.232702,0.123049,-0.064079,0.003804,-0.127743,-4.488922,MOVE_JOINT
1.801000,0.590855,-0.232698,0.122918,-0.065630,0.003849,-0.128622,-4.499045,MOVE_JOINT
1.802000,0.590792,-0.232692,0.122793,-0.065359,0.004657,-0.128429,-4.508035,MOVE_JOINT
1.803000,0.590726,-0.232691,0.122666,-0.065610,0.003423,-0.128442,-4.515488,MOVE_JOINT
1.804000,0.590659,-0.232688,0.122534,-0.065942,0.003388,-0.128966,-4.521057,MOVE_JOINT
1.805000,0.590598,-0.232680,0.122408,-0.065111,0.004637,-0.128995,-4.524499,MOVE_JOINT
1.806000,0.590534,-0.232677,0.122281,-0.064440,0.004411,-0.127790,-4.525689,MOVE_JOINT
1.807000,0.590470,-0.232674,0.122154,-0.064349,0.003858,-0.127711,-4.524595,MOVE_JOINT
1.808000,0.590401,-0.232668,0.122019,-0.065099,0.004893,-0.129629,-4.521246,MOVE_JOINT
1.809000,0.590339,-0.232663,0.121890,-0.063878,0.004867,-0.128644,-4.515743,MOVE_JOINT
1.810000,0.590275,-0.232656,0.121760,-0.064120,0.005286,-0.129660,-4.508281,MOVE_JOINT
1.811000,0.590212,-0.232650,0.121633,-0.063824,0.005878,-0.129101,-4.499145,MOVE_JOINT
1.812000,0.590145,-0.232649,0.121502,-0.064900,0.004374,-0.129782,-4.488669,MOVE_JOINT
1.813000,0.590078,-0.232646,0.121371,-0.065279,0.004197,-0.130518,-4.477196,MOVE_JOINT
1.814000,0.590013,-0.232643,0.121241,-0.065580,0.003700,-0.130647,-4.465060,MOVE_JOINT
1.815000,0.589947,-0.232635,0.121107,-0.066115,0.005027,-0.132555,-4.452598,MOVE_JOINT
1.816000,0.589882,-0.232636,0.120980,-0.065862,0.003175,-0.130742,-4.440148,MOVE_JOINT
1.817000,0.589814,-0.232630,0.120841,-0.066591,0.004299,-0.132876,-4.428037,MOVE_JOINT
1.818000,0.589755,-0.232621,0.120714,-0.064486,0.005846,-0.131733,-4.416550,MOVE_JOINT
1.819000,0.589688,-0.232614,0.120578,-0.066046,0.005863,-0.133600,-4.405938,MOVE_JOINT
1.820000,0.589621,-0.232610,0.120445,-0.066844,0.005362,-0.134069,-4.396429,MOVE_JOINT
1.821000,0.589555,-0.232605,0.120313,-0.066730,0.004804,-0.133204,-4.388235,MOVE_JOINT
1.822000,0.589491,-0.232599,0.120180,-0.066481,0.004959,-0.133496,-4.381521,MOVE_JOINT
1.823000,0.589426,-0.232594,0.120051,-0.066387,0.004765,-0.132647,-4.376374,MOVE_JOINT
1.824000,0.589360,-0.232588,0.119918,-0.066100,0.005343,-0.132451,-4.372782,MOVE_JOINT
1.825000,0.589292,-0.232580,0.119781,-0.066468,0.006263,-0.133694,-4.370639,MOVE_JOINT
1.826000,0.589224,-0.232572,0.119646,-0.066642,0.006428,-0.133257,-4.369777,MOVE_JOINT
1.827000,0.589155,-0.232567,0.119514,-0.067204,0.005744,-0.132840,-4.370001,MOVE_JOINT
1.828000,0.589087,-0.232564,0.119380,-0.067396,0.004992,-0.132910,-4.371094,MOVE_JOINT
1.829000,0.589019,-0.232558,0.119246,-0.067720,0.005445,-0.133262,-4.372806,MOVE_JOINT
1.830000,0.588949,-0.232551,0.119108,-0.068534,0.005460,-0.134878,-4.374886,MOVE_JOINT
1.831000,0.588884,-0.232544,0.118976,-0.067250,0.006317,-0.133658,-4.377136,MOVE_JOINT
1.832000,0.588819,-0.232537,0.118844,-0.066517,0.006559,-0.133259,-4.379427,MOVE_JOINT
1.833000,0.588750,-0.232528,0.118704,-0.067284,0.007364,-0.135370,-4.381692,MOVE_JOINT
1.834000,0.588683,-0.232521,0.118566,-0.066965,0.006720,-0.135634,-4.383928,MOVE_JOINT
1.835000,0.588616,-0.232514,0.118430,-0.067254,0.006921,-0.135928,-4.386237,MOVE_JOINT
1.836000,0.588547,-0.232506,0.118290,-0.067550,0.007450,-0.136818,-4.388824,MOVE_JOINT
1.837000,0.588481,-0.232499,0.118154,-0.067403,0.007056,-0.136690,-4.391949,MOVE_JOINT
1.838000,0.588411,-0.232494,0.118017,-0.068298,0.006953,-0.137272,-4.395874,MOVE_JOINT
1.839000,0.588339,-0.232487,0.117876,-0.069032,0.006815,-0.137887,-4.400822,MOVE_JOINT
1.840000,0.588268,-0.232482,0.117736,-0.069264,0.006213,-0.137527,-4.406947,MOVE_JOINT
1.841000,0.588195,-0.232478,0.117598,-0.070395,0.005659,-0.137904,-4.414309,MOVE_JOINT
1.842000,0.588130,-0.232471,0.117464,-0.068665,0.006967,-0.136757,-4.422861,MOVE_JOINT
1.843000,0.588059,-0.232459,0.117321,-0.069548,0.008314,-0.138667,-4.432448,MOVE_JOINT
1.844000,0.587989,-0.232452,0.117183,-0.069113,0.008176,-0.137789,-4.442846,MOVE_JOINT
1.845000,0.587918,-0.232442,0.117040,-0.069782,0.008854,-0.139078,-4.453812,MOVE_JOINT
1.846000,0.587849,-0.232435,0.116904,-0.069402,0.008290,-0.138228,-4.465107,MOVE_JOINT
1.847000,0.587778,-0.232428,0.116764,-0.070352,0.008374,-0.139453,-4.476508,MOVE_JOINT
1.848000,0.587706,-0.232420,0.116623,-0.071051,0.007960,-0.140103,-4.487817,MOVE_JOINT
1.849000,0.587637,-0.232412,0.116486,-0.071437,0.007612,-0.139871,-4.498873,MOVE_JOINT
1.850000,0.587566,-0.232401,0.116349,-0.071605,0.008527,-0.139296,-4.509549,MOVE_JOINT
1.851000,0.587497,-0.232398,0.116217,-0.071007,0.007343,-0.137767,-4.519697,MOVE_JOINT
1.852000,0.587427,-0.232386,0.116079,-0.070995,0.008543,-0.137911,-4.529097,MOVE_JOINT
1.853000,0.587355,-0.232381,0.115942,-0.071948,0.007373,-0.138105,-4.537458,MOVE_JOINT
1.854000,0.587283,-0.232369,0.115803,-0.072634,0.008996,-0.139548,-4.544464,MOVE_JOINT
1.855000,0.587215,-0.232365,0.115673,-0.071528,0.007608,-0.136174,-4.549838,MOVE_JOINT
1.856000,0.587143,-0.232355,0.115532,-0.072105,0.007982,-0.137503,-4.553336,MOVE_JOINT
1.857000,0.587067,-0.232348,0.115391,-0.073087,0.007493,-0.138696,-4.554740,MOVE_JOINT
1.858000,0.586996,-0.232343,0.115254,-0.072518,0.006752,-0.138062,-4.553896,MOVE_JOINT
1.859000,0.586924,-0.232337,0.115116,-0.072756,0.006018,-0.138065,-4.550779,MOVE_JOINT
1.860000,0.586850,-0.232332,0.114975,-0.073331,0.005474,-0.138933,-4.545495,MOVE_JOINT
1.861000,0.586780,-0.232324,0.114838,-0.072384,0.006178,-0.138402,-4.538264,MOVE_JOINT
1.862000,0.586707,-0.232317,0.114699,-0.072387,0.006169,-0.139059,-4.529401,MOVE_JOINT
1.863000,0.586636,-0.232309,0.114562,-0.071740,0.006566,-0.138095,-4.519287,MOVE_JOINT
1.864000,0.586561,-0.232305,0.114421,-0.072575,0.006415,-0.139167,-4.508331,MOVE_JOINT
1.865000,0.586491,-0.232294,0.114285,-0.071851,0.007882,-0.138025,-4.496931,MOVE_JOINT
1.866000,0.586416,-0.232290,0.114145,-0.072977,0.007041,-0.138471,-4.485422,MOVE_JOINT
1.867000,0.586344,-0.232279,0.114003,-0.072805,0.008643,-0.139973,-4.474061,MOVE_JOINT
1.868000,0.586273,-0.232272,0.113866,-0.072002,0.008150,-0.138661,-4.463042,MOVE_JOINT
1.869000,0.586201,-0.232265,0.113727,-0.072042,0.007780,-0.138685,-4.452543,MOVE_JOINT
1.870000,0.586126,-0.232256,0.113584,-0.072856,0.007749,-0.140007,-4.442720,MOVE_JOINT
1.871000,0.586057,-0.232245,0.113446,-0.071632,0.008902,-0.139237,-4.433711,MOVE_JOINT
1.872000,0.585988,-0.232237,0.113310,-0.070363,0.008902,-0.137693,-4.425634,MOVE_JOINT
1.873000,0.585918,-0.232225,0.113170,-0.070767,0.009590,-0.138975,-4.418569,MOVE_JOINT
1.874000,0.585849,-0.232220,0.113036,-0.070112,0.008629,-0.137009,-4.412529,MOVE_JOINT
1.875000,0.585778,-0.232210,0.112896,-0.070855,0.008484,-0.138288,-4.407463,MOVE_JOINT
1.876000,0.585706,-0.232201,0.112759,-0.071221,0.008883,-0.138440,-4.403267,MOVE_JOINT
1.877000,0.585635,-0.232196,0.112624,-0.070998,0.007801,-0.137388,-4.399817,MOVE_JOINT
1.878000,0.585566,-0.232189,0.112489,-0.070534,0.007940,-0.136777,-4.396970,MOVE_JOINT
1.879000,0.585498,-0.232183,0.112358,-0.069800,0.007318,-0.134731,-4.394543,MOVE_JOINT
1.880000,0.585428,-0.232174,0.112224,-0.069933,0.007785,-0.134658,-4.392270,MOVE_JOINT
1.881000,0.585355,-0.232169,0.112084,-0.071270,0.006851,-0.136562,-4.389807,MOVE_JOINT
1.882000,0.585286,-0.232163,0.111951,-0.070719,0.007069,-0.136225,-4.386812,MOVE_JOINT
1.883000,0.585217,-0.232154,0.111816,-0.070013,0.007528,-0.135318,-4.383034,MOVE_JOINT
1.884000,0.585146,-0.232146,0.111678,-0.070315,0.007484,-0.135853,-4.378338,MOVE_JOINT
1.885000,0.585076,-0.232142,0.111542,-0.070201,0.006546,-0.136130,-4.372674,MOVE_JOINT
1.886000,0.585008,-0.232132,0.111407,-0.069499,0.007870,-0.135650,-4.366072,MOVE_JOINT
1.887000,0.584937,-0.232128,0.111271,-0.070684,0.006230,-0.136446,-4.358643,MOVE_JOINT
1.888000,0.584866,-0.232118,0.111130,-0.070824,0.007155,-0.137827,-4.350561,MOVE_JOINT
1.889000,0.584798,-0.232109,0.110997,-0.070397,0.007269,-0.136510,-4.342064,MOVE_JOINT
1.890000,0.584726,-0.232104,0.110861,-0.070627,0.006818,-0.136417,-4.333423,MOVE_JOINT
1.891000,0.584658,-0.232095,0.110724,-0.069147,0.007846,-0.135717,-4.324869,MOVE_JOINT
1.892000,0.584589,-0.232085,0.110587,-0.068912,0.009114,-0.136181,-4.316558,MOVE_JOINT
1.893000,0.584519,-0.232076,0.110449,-0.069505,0.008918,-0.136972,-4.308580,MOVE_JOINT
1.894000,0.584450,-0.232065,0.110312,-0.069520,0.009602,-0.137167,-4.300997,MOVE_JOINT
1.895000,0.584380,-0.232057,0.110173,-0.070019,0.009037,-0.138113,-4.293873,MOVE_JOINT
1.896000,0.584309,-0.232044,0.110030,-0.070211,0.009990,-0.138941,-4.287288,MOVE_JOINT
1.897000,0.584238,-0.232034,0.109889,-0.070676,0.009962,-0.139719,-4.281356,MOVE_JOINT
1.898000,0.584166,-0.232023,0.109746,-0.071419,0.010300,-0.141018,-4.276240,MOVE_JOINT
1.899000,0.584089,-0.232016,0.109600,-0.073549,0.009203,-0.143081,-4.272153,MOVE_JOINT
1.900000,0.584018,-0.232011,0.109464,-0.073036,0.007721,-0.141110,-4.269357,MOVE_JOINT
1.901000,0.583948,-0.232001,0.109324,-0.071879,0.007962,-0.140276,-4.268110,MOVE_JOINT
1.902000,0.583874,-0.231994,0.109180,-0.072454,0.007420,-0.140808,-4.268585,MOVE_JOINT
1.903000,0.583799,-0.231987,0.109037,-0.073119,0.007727,-0.141488,-4.270833,MOVE_JOINT
1.904000,0.583723,-0.231979,0.108892,-0.073974,0.007509,-0.142141,-4.274824,MOVE_JOINT
1.905000,0.583645,-0.231973,0.108745,-0.075090,0.007402,-0.143068,-4.280489,MOVE_JOINT
1.906000,0.583569,-0.231965,0.108603,-0.074515,0.007532,-0.142624,-4.287750,MOVE_JOINT
1.907000,0.583495,-0.231957,0.108461,-0.074520,0.007865,-0.142038,-4.296513,MOVE_JOINT
1.908000,0.583416,-0.231948,0.108312,-0.075601,0.008355,-0.144194,-4.306661,MOVE_JOINT
1.909000,0.583343,-0.231938,0.108167,-0.074979,0.008332,-0.143955,-4.318061,MOVE_JOINT
1.910000,0.583263,-0.231930,0.108015,-0.075564,0.008342,-0.145091,-4.330627,MOVE_JOINT
1.911000,0.583186,-0.231926,0.107870,-0.076405,0.007187,-0.145364,-4.344346,MOVE_JOINT
1.912000,0.583109,-0.231915,0.107720,-0.076801,0.008730,-0.147015,-4.359282,MOVE_JOINT
1.913000,0.583032,-0.231908,0.107573,-0.077039,0.008242,-0.147606,-4.375555,MOVE_JOINT
1.914000,0.582955,-0.231896,0.107425,-0.076813,0.009530,-0.147414,-4.393334,MOVE_JOINT
1.915000,0.582881,-0.231885,0.107277,-0.076053,0.010010,-0.147451,-4.412799,MOVE_JOINT
1.916000,0.582801,-0.231877,0.107128,-0.076893,0.009334,-0.147603,-4.434083,MOVE_JOINT
1.917000,0.582726,-0.231868,0.106983,-0.076749,0.008416,-0.146736,-4.457235,MOVE_JOINT
1.918000,0.582646,-0.231868,0.106837,-0.077964,0.005925,-0.146661,-4.482189,MOVE_JOINT
1.919000,0.582569,-0.231859,0.106687,-0.077776,0.006619,-0.147352,-4.508750,MOVE_JOINT
1.920000,0.582489,-0.231849,0.106536,-0.077989,0.007572,-0.147617,-4.536634,MOVE_JOINT
1.921000,0.582410,-0.231842,0.106387,-0.078376,0.007593,-0.148655,-4.565519,MOVE_JOINT
1.922000,0.582329,-0.231836,0.106238,-0.079751,0.006589,-0.148547,-4.595094,MOVE_JOINT
1.923000,0.582251,-0.231829,0.106090,-0.079270,0.006593,-0.148568,-4.625058,MOVE_JOINT
1.924000,0.582173,-0.231820,0.105946,-0.079106,0.007074,-0.147275,-4.655108,MOVE_JOINT
1.925000,0.582090,-0.231814,0.105794,-0.080776,0.006621,-0.148972,-4.684906,MOVE_JOINT
1.926000,0.582013,-0.231807,0.105652,-0.080097,0.006674,-0.147945,-4.714077,MOVE_JOINT
1.927000,0.581929,-0.231801,0.105503,-0.080980,0.006321,-0.148017,-4.742236,MOVE_JOINT
1.928000,0.581845,-0.231794,0.105349,-0.081467,0.006901,-0.149402,-4.769015,MOVE_JOINT
1.929000,0.581767,-0.231785,0.105206,-0.080820,0.007099,-0.147502,-4.794086,MOVE_JOINT
1.930000,0.581689,-0.231779,0.105060,-0.080329,0.007076,-0.147595,-4.817171,MOVE_JOINT
1.931000,0.581608,-0.231773,0.104914,-0.080459,0.006797,-0.147375,-4.838024,MOVE_JOINT
1.932000,0.581524,-0.231766,0.104761,-0.081223,0.006965,-0.148303,-4.856440,MOVE_JOINT
1.933000,0.581441,-0.231760,0.104610,-0.080933,0.006753,-0.148202,-4.872288,MOVE_JOINT
1.934000,0.581358,-0.231755,0.104461,-0.081630,0.006546,-0.148640,-4.885540,MOVE_JOINT
1.935000,0.581279,-0.231747,0.104314,-0.080787,0.006684,-0.147457,-4.896262,MOVE_JOINT
1.936000,0.581193,-0.231740,0.104159,-0.082007,0.006876,-0.149518,-4.904586,MOVE_JOINT
1.937000,0.581110,-0.231731,0.104008,-0.082260,0.007781,-0.150430,-4.910699,MOVE_JOINT
1.938000,0.581024,-0.231728,0.103855,-0.083231,0.006897,-0.150953,-4.914875,MOVE_JOINT
1.939000,0.580944,-0.231721,0.103710,-0.082302,0.007495,-0.149434,-4.917464,MOVE_JOINT
1.940000,0.580858,-0.231713,0.103555,-0.083936,0.006942,-0.151317,-4.918828,MOVE_JOINT
1.941000,0.580771,-0.231707,0.103401,-0.085142,0.007144,-0.152490,-4.919289,MOVE_JOINT
1.942000,0.580688,-0.231703,0.103252,-0.084866,0.006082,-0.151306,-4.919130,MOVE_JOINT
1.943000,0.580604,-0.231696,0.103102,-0.085009,0.006475,-0.151665,-4.918599,MOVE_JOINT
1.944000,0.580516,-0.231691,0.102948,-0.085972,0.005977,-0.152132,-4.917882,MOVE_JOINT
1.945000,0.580428,-0.231685,0.102793,-0.086129,0.006675,-0.152840,-4.917098,MOVE_JOINT
1.946000,0.580342,-0.231680,0.102640,-0.085880,0.005787,-0.152250,-4.916326,MOVE_JOINT
1.947000,0.580256,-0.231674,0.102489,-0.086066,0.005933,-0.152358,-4.915623,MOVE_JOINT
1.948000,0.580172,-0.231668,0.102339,-0.086281,0.005790,-0.152231,-4.915027,MOVE_JOINT
1.949000,0.580089,-0.231661,0.102191,-0.085327,0.006569,-0.151400,-4.914551,MOVE_JOINT
1.950000,0.580001,-0.231656,0.102038,-0.085340,0.006525,-0.150882,-4.914169,MOVE_JOINT
1.951000,0.579919,-0.231649,0.101894,-0.084461,0.006385,-0.148667,-4.913796,MOVE_JOINT
1.952000,0.579836,-0.231640,0.101746,-0.084844,0.007285,-0.149494,-4.913260,MOVE_JOINT
1.953000,0.579749,-0.231632,0.101594,-0.085264,0.007075,-0.149679,-4.912306,MOVE_JOINT
1.954000,0.579666,-0.231627,0.101445,-0.085146,0.006784,-0.150117,-4.910664,MOVE_JOINT
1.955000,0.579583,-0.231615,0.101296,-0.084635,0.008399,-0.149748,-4.908138,MOVE_JOINT
1.956000,0.579496,-0.231609,0.101143,-0.085349,0.007279,-0.150708,-4.904638,MOVE_JOINT
1.957000,0.579411,-0.231601,0.100991,-0.085528,0.007209,-0.150731,-4.900190,MOVE_JOINT
1.958000,0.579321,-0.231589,0.100833,-0.086278,0.008688,-0.152336,-4.894926,MOVE_JOINT
1.959000,0.579231,-0.231582,0.100677,-0.086476,0.008703,-0.152293,-4.889073,MOVE_JOINT
1.960000,0.579145,-0.231572,0.100525,-0.086142,0.009388,-0.152316,-4.882927,MOVE_JOINT
1.961000,0.579060,-0.231560,0.100372,-0.085485,0.009974,-0.151839,-4.876790,MOVE_JOINT
1.962000,0.578970,-0.231551,0.100214,-0.087201,0.010073,-0.154727,-4.870935,MOVE_JOINT
1.963000,0.578883,-0.231541,0.100059,-0.087120,0.009442,-0.154294,-4.865608,MOVE_JOINT
1.964000,0.578795,-0.231524,0.099898,-0.087329,0.011708,-0.155816,-4.861064,MOVE_JOINT
1.965000,0.578708,-0.231514,0.099744,-0.087857,0.010950,-0.156211,-4.857564,MOVE_JOINT
1.966000,0.578617,-0.231506,0.099583,-0.089205,0.010170,-0.158079,-4.855356,MOVE_JOINT
1.967000,0.578533,-0.231496,0.099431,-0.087539,0.010135,-0.156260,-4.854658,MOVE_JOINT
1.968000,0.578446,-0.231486,0.099274,-0.087249,0.010433,-0.156277,-4.855629,MOVE_JOINT
1.969000,0.578358,-0.231471,0.099115,-0.087493,0.011554,-0.157147,-4.858329,MOVE_JOINT
1.970000,0.578274,-0.231463,0.098964,-0.087501,0.010349,-0.156624,-4.862695,MOVE_JOINT
1.971000,0.578185,-0.231449,0.098803,-0.088300,0.011298,-0.157637,-4.868567,MOVE_JOINT
1.972000,0.578095,-0.231436,0.098643,-0.088388,0.011455,-0.157843,-4.875711,MOVE_JOINT
1.973000,0.578011,-0.231423,0.098491,-0.087729,0.012057,-0.156849,-4.883845,MOVE_JOINT
1.974000,0.577922,-0.231416,0.098335,-0.088017,0.011006,-0.156370,-4.892639,MOVE_JOINT
1.975000,0.577832,-0.231402,0.098176,-0.088394,0.012011,-0.157487,-4.901714,MOVE_JOINT
1.976000,0.577751,-0.231388,0.098026,-0.085987,0.012302,-0.154594,-4.910660,MOVE_JOINT
1.977000,0.577666,-0.231374,0.097870,-0.085904,0.012686,-0.155170,-4.919061,MOVE_JOINT
1.978000,0.577577,-0.231364,0.097712,-0.086440,0.012521,-0.155891,-4.926513,MOVE_JOINT
1.979000,0.577498,-0.231352,0.097562,-0.084046,0.012415,-0.153717,-4.932660,MOVE_JOINT
1.980000,0.577413,-0.231338,0.097408,-0.084122,0.013035,-0.154151,-4.937232,MOVE_JOINT
1.981000,0.577326,-0.231324,0.097247,-0.084681,0.013021,-0.155669,-4.940045,MOVE_JOINT
1.982000,0.577245,-0.231308,0.097092,-0.083143,0.014430,-0.154612,-4.941024,MOVE_JOINT
1.983000,0.577161,-0.231297,0.096938,-0.083413,0.012729,-0.154641,-4.940222,MOVE_JOINT
1.984000,0.577082,-0.231281,0.096788,-0.082250,0.013327,-0.152568,-4.937776,MOVE_JOINT
1.985000,0.576998,-0.231264,0.096633,-0.082534,0.014413,-0.153332,-4.933831,MOVE_JOINT
1.986000,0.576913,-0.231251,0.096476,-0.083548,0.014138,-0.155119,-4.928486,MOVE_JOINT
1.987000,0.576826,-0.231239,0.096320,-0.084482,0.013341,-0.155048,-4.921828,MOVE_JOINT
1.988000,0.576741,-0.231224,0.096163,-0.084757,0.013763,-0.155710,-4.913993,MOVE_JOINT
1.989000,0.576656,-0.231213,0.096009,-0.084782,0.012390,-0.154443,-4.905160,MOVE_JOINT
1.990000,0.576566,-0.231198,0.095850,-0.085927,0.013277,-0.155699,-4.895508,MOVE_JOINT
1.991000,0.576483,-0.231184,0.095696,-0.085592,0.013193,-0.155329,-4.885180,MOVE_JOINT
1.992000,0.576397,-0.231170,0.095538,-0.085634,0.013474,-0.155929,-4.874282,MOVE_JOINT
1.993000,0.576309,-0.231153,0.095380,-0.086379,0.015220,-0.157038,-4.862915,MOVE_JOINT
1.994000,0.576221,-0.231138,0.095222,-0.086949,0.015202,-0.157339,-4.851208,MOVE_JOINT
1.995000,0.576134,-0.231123,0.095067,-0.086631,0.015096,-0.156432,-4.839325,MOVE_JOINT
1.996000,0.576050,-0.231108,0.094914,-0.086532,0.015458,-0.156185,-4.827425,MOVE_JOINT
1.997000,0.575962,-0.231095,0.094759,-0.086775,0.014788,-0.155257,-4.815612,MOVE_JOINT
1.998000,0.575875,-0.231079,0.094605,-0.086465,0.015159,-0.154690,-4.803901,MOVE_JOINT
1.999000,0.575786,-0.231060,0.094446,-0.087231,0.016258,-0.155750,-4.792207,MOVE_JOINT
2.000000,0.575699,-0.231045,0.094289,-0.087255,0.016195,-0.156093,-4.780399,MOVE_JOINT
2.001000,0.575613,-0.231030,0.094135,-0.087610,0.015897,-0.156368,-4.768371,MOVE_JOINT
2.002000,0.575527,-0.231013,0.093979,-0.087168,0.016203,-0.155915,-4.756094,MOVE_JOINT
2.003000,0.575438,-0.231000,0.093822,-0.087866,0.015436,-0.156288,-4.743612,MOVE_JOINT
2.004000,0.575350,-0.230984,0.093665,-0.088459,0.015247,-0.157141,-4.731023,MOVE_JOINT
2.005000,0.575261,-0.230969,0.093508,-0.088686,0.015111,-0.156971,-4.718470,MOVE_JOINT
2.006000,0.575169,-0.230954,0.093346,-0.089770,0.015428,-0.158837,-4.706143,MOVE_JOINT
2.007000,0.575079,-0.230936,0.093188,-0.089915,0.015471,-0.158810,-4.694285,MOVE_JOINT
2.008000,0.574989,-0.230921,0.093030,-0.090094,0.015452,-0.158569,-4.683173,MOVE_JOINT
2.009000,0.574901,-0.230906,0.092875,-0.089039,0.015322,-0.156868,-4.673069,MOVE_JOINT
2.010000,0.574812,-0.230890,0.092718,-0.089477,0.015169,-0.157319,-4.664136,MOVE_JOINT
2.011000,0.574722,-0.230877,0.092562,-0.089227,0.014533,-0.157213,-4.656392,MOVE_JOINT
2.012000,0.574635,-0.230862,0.092407,-0.088140,0.014978,-0.156122,-4.649731,MOVE_JOINT
2.013000,0.574539,-0.230850,0.092241,-0.090197,0.013995,-0.158651,-4.643979,MOVE_JOINT
2.014000,0.574454,-0.230836,0.092091,-0.088260,0.014301,-0.156001,-4.638950,MOVE_JOINT
2.015000,0.574364,-0.230820,0.091931,-0.089404,0.014482,-0.157290,-4.634471,MOVE_JOINT
2.016000,0.574271,-0.230808,0.091772,-0.090732,0.013919,-0.157982,-4.630376,MOVE_JOINT
2.017000,0.574183,-0.230791,0.091619,-0.089895,0.014996,-0.156394,-4.626497,MOVE_JOINT
2.018000,0.574090,-0.230775,0.091459,-0.090854,0.015146,-0.157247,-4.622658,MOVE_JOINT
2.019000,0.574001,-0.230757,0.091305,-0.090520,0.016238,-0.156655,-4.618643,MOVE_JOINT
2.020000,0.573910,-0.230742,0.091150,-0.090651,0.015987,-0.155940,-4.614202,MOVE_JOINT
2.021000,0.573816,-0.230730,0.090991,-0.092031,0.014963,-0.157187,-4.609062,MOVE_JOINT
2.022000,0.573725,-0.230712,0.090836,-0.091745,0.015889,-0.156722,-4.602962,MOVE_JOINT
2.023000,0.573631,-0.230699,0.090678,-0.092826,0.015185,-0.157112,-4.595700,MOVE_JOINT
2.024000,0.573541,-0.230683,0.090523,-0.091818,0.015836,-0.156669,-4.587147,MOVE_JOINT
2.025000,0.573446,-0.230667,0.090359,-0.092465,0.015720,-0.158448,-4.577257,MOVE_JOINT
2.026000,0.573355,-0.230652,0.090201,-0.091718,0.015839,-0.157707,-4.566093,MOVE_JOINT
2.027000,0.573261,-0.230636,0.090041,-0.092250,0.015834,-0.158082,-4.553849,MOVE_JOINT
2.028000,0.573165,-0.230624,0.089877,-0.094185,0.014658,-0.160497,-4.540820,MOVE_JOINT
2.029000,0.573071,-0.230611,0.089716,-0.094081,0.014266,-0.160053,-4.527383,MOVE_JOINT
2.030000,0.572978,-0.230599,0.089561,-0.093646,0.013976,-0.158898,-4.513976,MOVE_JOINT
2.031000,0.572883,-0.230589,0.089400,-0.093973,0.013247,-0.159051,-4.501030,MOVE_JOINT
2.032000,0.572785,-0.230575,0.089235,-0.094688,0.013546,-0.160581,-4.488890,MOVE_JOINT
2.033000,0.572691,-0.230559,0.089073,-0.094395,0.013328,-0.160411,-4.477812,MOVE_JOINT
2.034000,0.572592,-0.230548,0.088907,-0.095459,0.012220,-0.160989,-4.468003,MOVE_JOINT
2.035000,0.572495,-0.230535,0.088741,-0.096120,0.012648,-0.162831,-4.459641,MOVE_JOINT
2.036000,0.572395,-0.230524,0.088575,-0.096948,0.012217,-0.163933,-4.452906,MOVE_JOINT
2.037000,0.572300,-0.230516,0.088416,-0.096604,0.011151,-0.163081,-4.447999,MOVE_JOINT
2.038000,0.572204,-0.230501,0.088250,-0.096280,0.012033,-0.163344,-4.445135,MOVE_JOINT
2.039000,0.572107,-0.230489,0.088086,-0.096609,0.011653,-0.163073,-4.444483,MOVE_JOINT
2.040000,0.572013,-0.230474,0.087924,-0.095620,0.012802,-0.162710,-4.446109,MOVE_JOINT
2.041000,0.571915,-0.230460,0.087758,-0.096469,0.013281,-0.163712,-4.449964,MOVE_JOINT
2.042000,0.571821,-0.230445,0.087597,-0.095511,0.014067,-0.163146,-4.455905,MOVE_JOINT
2.043000,0.571721,-0.230431,0.087428,-0.096875,0.013938,-0.164569,-4.463727,MOVE_JOINT
2.044000,0.571624,-0.230418,0.087264,-0.096700,0.013673,-0.164151,-4.473207,MOVE_JOINT
2.045000,0.571527,-0.230405,0.087097,-0.097548,0.013402,-0.166099,-4.484133,MOVE_JOINT
2.046000,0.571435,-0.230390,0.086937,-0.095672,0.013879,-0.163607,-4.496339,MOVE_JOINT
2.047000,0.571332,-0.230382,0.086767,-0.097229,0.012108,-0.164571,-4.509694,MOVE_JOINT
2.048000,0.571234,-0.230368,0.086601,-0.097557,0.012712,-0.165054,-4.524058,MOVE_JOINT
2.049000,0.571132,-0.230357,0.086430,-0.098141,0.012629,-0.166139,-4.539276,MOVE_JOINT
2.050000,0.571033,-0.230344,0.086264,-0.098466,0.012735,-0.166188,-4.555214,MOVE_JOINT
2.051000,0.570934,-0.230332,0.086098,-0.098468,0.012975,-0.165892,-4.571774,MOVE_JOINT
2.052000,0.570835,-0.230321,0.085932,-0.098049,0.012541,-0.165733,-4.588868,MOVE_JOINT
2.053000,0.570737,-0.230311,0.085769,-0.098526,0.012127,-0.165750,-4.606379,MOVE_JOINT
2.054000,0.570635,-0.230302,0.085599,-0.098898,0.011518,-0.166224,-4.624159,MOVE_JOINT
2.055000,0.570537,-0.230291,0.085435,-0.098568,0.011592,-0.165488,-4.642033,MOVE_JOINT
2.056000,0.570437,-0.230280,0.085267,-0.099021,0.011300,-0.166081,-4.659806,MOVE_JOINT
2.057000,0.570340,-0.230266,0.085102,-0.098677,0.011435,-0.165160,-4.677274,MOVE_JOINT
2.058000,0.570239,-0.230255,0.084934,-0.099610,0.011821,-0.166481,-4.694227,MOVE_JOINT
2.059000,0.570142,-0.230243,0.084774,-0.098663,0.012053,-0.164314,-4.710454,MOVE_JOINT
2.060000,0.570040,-0.230231,0.084606,-0.099879,0.012435,-0.166248,-4.725736,MOVE_JOINT
2.061000,0.569945,-0.230218,0.084445,-0.098532,0.012680,-0.164900,-4.739852,MOVE_JOINT
2.062000,0.569848,-0.230203,0.084279,-0.098278,0.013551,-0.164973,-4.752607,MOVE_JOINT
2.063000,0.569752,-0.230187,0.084119,-0.097770,0.014386,-0.163660,-4.763851,MOVE_JOINT
2.064000,0.569651,-0.230172,0.083949,-0.098613,0.014437,-0.165342,-4.773460,MOVE_JOINT
2.065000,0.569547,-0.230160,0.083778,-0.101154,0.013183,-0.167738,-4.781363,MOVE_JOINT
2.066000,0.569445,-0.230147,0.083611,-0.100999,0.013520,-0.167525,-4.787615,MOVE_JOINT
2.067000,0.569346,-0.230137,0.083446,-0.100891,0.012661,-0.167046,-4.792446,MOVE_JOINT
2.068000,0.569247,-0.230121,0.083279,-0.100882,0.013709,-0.168153,-4.796211,MOVE_JOINT
2.069000,0.569148,-0.230109,0.083113,-0.100881,0.012754,-0.167756,-4.799333,MOVE_JOINT
2.070000,0.569052,-0.230093,0.082947,-0.100056,0.013493,-0.167454,-4.802258,MOVE_JOINT
2.071000,0.568953,-0.230076,0.082779,-0.099665,0.014161,-0.167559,-4.805416,MOVE_JOINT
2.072000,0.568854,-0.230060,0.082611,-0.099319,0.014789,-0.167480,-4.809179,MOVE_JOINT
2.073000,0.568756,-0.230049,0.082445,-0.099071,0.014058,-0.167421,-4.813839,MOVE_JOINT
2.074000,0.568659,-0.230031,0.082277,-0.098284,0.015343,-0.167160,-4.819612,MOVE_JOINT
2.075000,0.568562,-0.230016,0.082113,-0.097432,0.015600,-0.166215,-4.826628,MOVE_JOINT
2.076000,0.568463,-0.230000,0.081944,-0.098078,0.015209,-0.166705,-4.834918,MOVE_JOINT
2.077000,0.568365,-0.229983,0.081776,-0.098946,0.015585,-0.167556,-4.844416,MOVE_JOINT
2.078000,0.568266,-0.229968,0.081606,-0.099549,0.015084,-0.168077,-4.854981,MOVE_JOINT
2.079000,0.568166,-0.229952,0.081441,-0.099383,0.015884,-0.167794,-4.866450,MOVE_JOINT
2.080000,0.568069,-0.229937,0.081276,-0.098760,0.015405,-0.166103,-4.878634,MOVE_JOINT
2.081000,0.567968,-0.229918,0.081109,-0.099846,0.016535,-0.167179,-4.891285,MOVE_JOINT
2.082000,0.567874,-0.229900,0.080950,-0.097983,0.016871,-0.164116,-4.904053,MOVE_JOINT
2.083000,0.567777,-0.229882,0.080787,-0.097430,0.017332,-0.163608,-4.916465,MOVE_JOINT
2.084000,0.567681,-0.229866,0.080626,-0.096939,0.017323,-0.162392,-4.927915,MOVE_JOINT
2.085000,0.567587,-0.229847,0.080464,-0.096423,0.017614,-0.162744,-4.937713,MOVE_JOINT
2.086000,0.567491,-0.229830,0.080304,-0.095997,0.017712,-0.161838,-4.945172,MOVE_JOINT
2.087000,0.567396,-0.229813,0.080143,-0.095390,0.017591,-0.161271,-4.949695,MOVE_JOINT
2.088000,0.567299,-0.229800,0.079980,-0.095106,0.015926,-0.160591,-4.950818,MOVE_JOINT
2.089000,0.567205,-0.229777,0.079816,-0.095090,0.017698,-0.161693,-4.948225,MOVE_JOINT
2.090000,0.567107,-0.229759,0.079651,-0.095858,0.017864,-0.162617,-4.941779,MOVE_JOINT
2.091000,0.567011,-0.229745,0.079490,-0.095949,0.017196,-0.162959,-4.931557,MOVE_JOINT
2.092000,0.566914,-0.229725,0.079323,-0.096693,0.017767,-0.163955,-4.917856,MOVE_JOINT
2.093000,0.566817,-0.229707,0.079158,-0.096917,0.017509,-0.164095,-4.901157,MOVE_JOINT
2.094000,0.566716,-0.229692,0.078993,-0.097873,0.016897,-0.164239,-4.882067,MOVE_JOINT
2.095000,0.566613,-0.229676,0.078821,-0.099573,0.016687,-0.166529,-4.861247,MOVE_JOINT
2.096000,0.566513,-0.229657,0.078652,-0.099247,0.017874,-0.166705,-4.839375,MOVE_JOINT
2.097000,0.566409,-0.229639,0.078482,-0.100101,0.018010,-0.167437,-4.817139,MOVE_JOINT
2.098000,0.566309,-0.229623,0.078315,-0.100846,0.017222,-0.167667,-4.795214,MOVE_JOINT
2.099000,0.566211,-0.229606,0.078151,-0.100216,0.017021,-0.166873,-4.774205,MOVE_JOINT
2.100000,0.566110,-0.229586,0.077981,-0.100338,0.017909,-0.167944,-4.754604,MOVE_JOINT
2.101000,0.566006,-0.229573,0.077810,-0.101396,0.016497,-0.168466,-4.736777,MOVE_JOINT
2.102000,0.565901,-0.229556,0.077638,-0.102499,0.017164,-0.169697,-4.721003,MOVE_JOINT
2.103000,0.565799,-0.229541,0.077469,-0.102168,0.016775,-0.169380,-4.707506,MOVE_JOINT
2.104000,0.565696,-0.229523,0.077302,-0.102437,0.017138,-0.169034,-4.696459,MOVE_JOINT
2.105000,0.565597,-0.229503,0.077133,-0.100998,0.017646,-0.168035,-4.687949,MOVE_JOINT
2.106000,0.565495,-0.229489,0.076969,-0.100831,0.017392,-0.166456,-4.681935,MOVE_JOINT
2.107000,0.565391,-0.229474,0.076799,-0.102219,0.016921,-0.167988,-4.678211,MOVE_JOINT
2.108000,0.565286,-0.229457,0.076627,-0.103041,0.016864,-0.169038,-4.676443,MOVE_JOINT
2.109000,0.565180,-0.229440,0.076454,-0.103489,0.016689,-0.169214,-4.676258,MOVE_JOINT
2.110000,0.565074,-0.229423,0.076281,-0.104363,0.016901,-0.170596,-4.677349,MOVE_JOINT
2.111000,0.564969,-0.229406,0.076109,-0.104549,0.016672,-0.170811,-4.679504,MOVE_JOINT
2.112000,0.564865,-0.229390,0.075940,-0.104155,0.015864,-0.169684,-4.682612,MOVE_JOINT
2.113000,0.564761,-0.229369,0.075766,-0.103981,0.017247,-0.170423,-4.686617,MOVE_JOINT
2.114000,0.564655,-0.229348,0.075594,-0.104375,0.018791,-0.170935,-4.691465,MOVE_JOINT
2.115000,0.564549,-0.229330,0.075422,-0.105081,0.018949,-0.171663,-4.697090,MOVE_JOINT
2.116000,0.564440,-0.229312,0.075246,-0.106021,0.018696,-0.172384,-4.703417,MOVE_JOINT
2.117000,0.564336,-0.229293,0.075077,-0.106101,0.018455,-0.171936,-4.710370,MOVE_JOINT
2.118000,0.564224,-0.229277,0.074901,-0.107287,0.017573,-0.172874,-4.717861,MOVE_JOINT
2.119000,0.564114,-0.229265,0.074729,-0.108248,0.015824,-0.172285,-4.725785,MOVE_JOINT
2.120000,0.564005,-0.229249,0.074558,-0.108685,0.015811,-0.171803,-4.733998,MOVE_JOINT
2.121000,0.563895,-0.229233,0.074388,-0.109605,0.015232,-0.171555,-4.742280,MOVE_JOINT
2.122000,0.563782,-0.229222,0.074216,-0.110687,0.014528,-0.172075,-4.750312,MOVE_JOINT
2.123000,0.563674,-0.229207,0.074048,-0.110378,0.014375,-0.171311,-4.757699,MOVE_JOINT
2.124000,0.563564,-0.229190,0.073877,-0.110020,0.015567,-0.170819,-4.764014,MOVE_JOINT
2.125000,0.563455,-0.229171,0.073706,-0.109957,0.017278,-0.171730,-4.768839,MOVE_JOINT
2.126000,0.563345,-0.229162,0.073539,-0.109460,0.014638,-0.169581,-4.771799,MOVE_JOINT
2.127000,0.563232,-0.229144,0.073364,-0.110417,0.015892,-0.171331,-4.772590,MOVE_JOINT
2.128000,0.563122,-0.229129,0.073195,-0.110023,0.015426,-0.170141,-4.771000,MOVE_JOINT
2.129000,0.563011,-0.229112,0.073025,-0.110391,0.015620,-0.169826,-4.766914,MOVE_JOINT
2.130000,0.562902,-0.229094,0.072855,-0.110407,0.016350,-0.170347,-4.760300,MOVE_JOINT
2.131000,0.562790,-0.229072,0.072680,-0.110872,0.018125,-0.171805,-4.751200,MOVE_JOINT
2.132000,0.562673,-0.229058,0.072504,-0.112601,0.017370,-0.172835,-4.739773,MOVE_JOINT
2.133000,0.562560,-0.229038,0.072331,-0.112893,0.017604,-0.172978,-4.726326,MOVE_JOINT
2.134000,0.562449,-0.229023,0.072163,-0.112119,0.016858,-0.171129,-4.711284,MOVE_JOINT
2.135000,0.562336,-0.229008,0.071990,-0.112762,0.015819,-0.171785,-4.695097,MOVE_JOINT
2.136000,0.562225,-0.228991,0.071821,-0.111834,0.016264,-0.170026,-4.678156,MOVE_JOINT
2.137000,0.562116,-0.228976,0.071651,-0.111382,0.015534,-0.169921,-4.660750,MOVE_JOINT
2.138000,0.562005,-0.228958,0.071482,-0.110098,0.016847,-0.169458,-4.643062,MOVE_JOINT
2.139000,0.561892,-0.228942,0.071307,-0.110432,0.016954,-0.170603,-4.625202,MOVE_JOINT
2.140000,0.561784,-0.228925,0.071138,-0.109846,0.017850,-0.170565,-4.607278,MOVE_JOINT
2.141000,0.561676,-0.228911,0.070970,-0.109325,0.016308,-0.169762,-4.589442,MOVE_JOINT
2.142000,0.561568,-0.228893,0.070801,-0.108798,0.017190,-0.169438,-4.571884,MOVE_JOINT
2.143000,0.561461,-0.228873,0.070632,-0.108425,0.018044,-0.169623,-4.554792,MOVE_JOINT
2.144000,0.561354,-0.228853,0.070462,-0.108469,0.018657,-0.169993,-4.538317,MOVE_JOINT
2.145000,0.561248,-0.228835,0.070297,-0.107026,0.018926,-0.168099,-4.522574,MOVE_JOINT
2.146000,0.561141,-0.228817,0.070129,-0.107106,0.018511,-0.168027,-4.507619,MOVE_JOINT
2.147000,0.561036,-0.228794,0.069961,-0.106449,0.019417,-0.167617,-4.493415,MOVE_JOINT
2.148000,0.560939,-0.228767,0.069800,-0.104474,0.022108,-0.166724,-4.479837,MOVE_JOINT
2.149000,0.560834,-0.228746,0.069631,-0.104210,0.021890,-0.166791,-4.466698,MOVE_JOINT
2.150000,0.560732,-0.228724,0.069462,-0.103794,0.021878,-0.167267,-4.453793,MOVE_JOINT
2.151000,0.560629,-0.228699,0.069294,-0.103289,0.022808,-0.167291,-4.440964,MOVE_JOINT
2.152000,0.560531,-0.228676,0.069131,-0.102286,0.022230,-0.166328,-4.428148,MOVE_JOINT
2.153000,0.560425,-0.228654,0.068957,-0.103568,0.022779,-0.169483,-4.415387,MOVE_JOINT
2.154000,0.560324,-0.228632,0.068792,-0.103477,0.022291,-0.168421,-4.402841,MOVE_JOINT
2.155000,0.560222,-0.228608,0.068624,-0.102670,0.022480,-0.167373,-4.390788,MOVE_JOINT
2.156000,0.560117,-0.228581,0.068452,-0.103725,0.023865,-0.169515,-4.379556,MOVE_JOINT
2.157000,0.560017,-0.228557,0.068286,-0.102645,0.023599,-0.167609,-4.369438,MOVE_JOINT
2.158000,0.559913,-0.228531,0.068116,-0.103026,0.024262,-0.167946,-4.360657,MOVE_JOINT
2.159000,0.559804,-0.228510,0.067945,-0.104734,0.023242,-0.168729,-4.353323,MOVE_JOINT
2.160000,0.559699,-0.228488,0.067775,-0.105179,0.022812,-0.169541,-4.347435,MOVE_JOINT
2.161000,0.559596,-0.228462,0.067605,-0.104624,0.023628,-0.169749,-4.342933,MOVE_JOINT
2.162000,0.559488,-0.228436,0.067429,-0.106690,0.023610,-0.172426,-4.339776,MOVE_JOINT
2.163000,0.559385,-0.228413,0.067261,-0.105698,0.023409,-0.171019,-4.337993,MOVE_JOINT
2.164000,0.559277,-0.228394,0.067091,-0.106782,0.021529,-0.171233,-4.337682,MOVE_JOINT
2.165000,0.559174,-0.228366,0.066920,-0.106433,0.023822,-0.171381,-4.338942,MOVE_JOINT
2.166000,0.559067,-0.228347,0.066750,-0.107042,0.022200,-0.171310,-4.341815,MOVE_JOINT
2.167000,0.558960,-0.228319,0.066579,-0.107274,0.024102,-0.171716,-4.346257,MOVE_JOINT
2.168000,0.558855,-0.228299,0.066409,-0.106726,0.023251,-0.170895,-4.352149,MOVE_JOINT
2.169000,0.558745,-0.228274,0.066235,-0.107980,0.023789,-0.172416,-4.359308,MOVE_JOINT
2.170000,0.558638,-0.228254,0.066066,-0.107917,0.022692,-0.171722,-4.367524,MOVE_JOINT
2.171000,0.558532,-0.228225,0.065893,-0.107917,0.024574,-0.172763,-4.376593,MOVE_JOINT
2.172000,0.558423,-0.228206,0.065720,-0.108172,0.022684,-0.172847,-4.386347,MOVE_JOINT
2.173000,0.558311,-0.228182,0.065542,-0.108795,0.022841,-0.173407,-4.396683,MOVE_JOINT
2.174000,0.558199,-0.228161,0.065367,-0.110345,0.022004,-0.174127,-4.407575,MOVE_JOINT
2.175000,0.558089,-0.228133,0.065190,-0.109534,0.023715,-0.174087,-4.419063,MOVE_JOINT
2.176000,0.557981,-0.228108,0.065019,-0.108692,0.024146,-0.172325,-4.431207,MOVE_JOINT
2.177000,0.557870,-0.228082,0.064841,-0.109468,0.024316,-0.173976,-4.444025,MOVE_JOINT
2.178000,0.557758,-0.228057,0.064662,-0.110426,0.024332,-0.174949,-4.457480,MOVE_JOINT
2.179000,0.557646,-0.228033,0.064488,-0.111330,0.024425,-0.175588,-4.471535,MOVE_JOINT
2.180000,0.557536,-0.228010,0.064315,-0.110734,0.024029,-0.174837,-4.486207,MOVE_JOINT
2.181000,0.557423,-0.227993,0.064141,-0.111268,0.021922,-0.174017,-4.501543,MOVE_JOINT
2.182000,0.557314,-0.227969,0.063973,-0.110638,0.022919,-0.172956,-4.517548,MOVE_JOINT
2.183000,0.557201,-0.227950,0.063797,-0.112038,0.022111,-0.174445,-4.534130,MOVE_JOINT
2.184000,0.557085,-0.227928,0.063621,-0.113233,0.022235,-0.175318,-4.551114,MOVE_JOINT
2.185000,0.556970,-0.227908,0.063447,-0.113810,0.021229,-0.174769,-4.568312,MOVE_JOINT
2.186000,0.556853,-0.227888,0.063270,-0.114196,0.021291,-0.174897,-4.585565,MOVE_JOINT
2.187000,0.556739,-0.227866,0.063098,-0.113837,0.021961,-0.174142,-4.602714,MOVE_JOINT
2.188000,0.556623,-0.227846,0.062922,-0.114128,0.021476,-0.173875,-4.619568,MOVE_JOINT
2.189000,0.556504,-0.227826,0.062745,-0.114629,0.021323,-0.173784,-4.635890,MOVE_JOINT
2.190000,0.556390,-0.227802,0.062569,-0.114837,0.022128,-0.174825,-4.651414,MOVE_JOINT
2.191000,0.556274,-0.227778,0.062391,-0.115528,0.022926,-0.175979,-4.665904,MOVE_JOINT
2.192000,0.556158,-0.227756,0.062215,-0.115979,0.022064,-0.176080,-4.679223,MOVE_JOINT
2.193000,0.556046,-0.227732,0.062042,-0.115147,0.022087,-0.175052,-4.691367,MOVE_JOINT
2.194000,0.555932,-0.227706,0.061864,-0.114494,0.023726,-0.175328,-4.702412,MOVE_JOINT
2.195000,0.555819,-0.227684,0.061691,-0.113170,0.022827,-0.173804,-4.712455,MOVE_JOINT
2.196000,0.555708,-0.227656,0.061517,-0.113174,0.024294,-0.174342,-4.721569,MOVE_JOINT
2.197000,0.555592,-0.227635,0.061341,-0.114171,0.022816,-0.174847,-4.729795,MOVE_JOINT
2.198000,0.555479,-0.227611,0.061167,-0.113925,0.022890,-0.174136,-4.737163,MOVE_JOINT
2.199000,0.555367,-0.227586,0.060991,-0.113350,0.023330,-0.174348,-4.743704,MOVE_JOINT
2.200000,0.555253,-0.227562,0.060818,-0.113573,0.023592,-0.174396,-4.749454,MOVE_JOINT
2.201000,0.555139,-0.227540,0.060643,-0.113672,0.022734,-0.174307,-4.754460,MOVE_JOINT
2.202000,0.555032,-0.227514,0.060474,-0.111664,0.023929,-0.172574,-4.758779,MOVE_JOINT
2.203000,0.554922,-0.227488,0.060303,-0.110305,0.024307,-0.171181,-4.762442,MOVE_JOINT
2.204000,0.554816,-0.227463,0.060135,-0.108367,0.024604,-0.169023,-4.765396,MOVE_JOINT
2.205000,0.554709,-0.227440,0.059968,-0.108067,0.024216,-0.168891,-4.767456,MOVE_JOINT
2.206000,0.554602,-0.227414,0.059799,-0.107443,0.024545,-0.168401,-4.768336,MOVE_JOINT
2.207000,0.554493,-0.227387,0.059629,-0.107189,0.025327,-0.168208,-4.767717,MOVE_JOINT
2.208000,0.554387,-0.227359,0.059459,-0.107155,0.025753,-0.168791,-4.765331,MOVE_JOINT
2.209000,0.554284,-0.227337,0.059293,-0.106180,0.024757,-0.168063,-4.761007,MOVE_JOINT
2.210000,0.554180,-0.227312,0.059126,-0.105149,0.024864,-0.167634,-4.754709,MOVE_JOINT
2.211000,0.554073,-0.227287,0.058958,-0.104832,0.024518,-0.166530,-4.746521,MOVE_JOINT
2.212000,0.553968,-0.227263,0.058788,-0.104832,0.024280,-0.167383,-4.736602,MOVE_JOINT
2.213000,0.553862,-0.227239,0.058619,-0.105540,0.023860,-0.167983,-4.725163,MOVE_JOINT
2.214000,0.553756,-0.227210,0.058445,-0.105757,0.025464,-0.169656,-4.712482,MOVE_JOINT
2.215000,0.553650,-0.227188,0.058277,-0.106351,0.024178,-0.169696,-4.698952,MOVE_JOINT
2.216000,0.553540,-0.227162,0.058101,-0.107317,0.024905,-0.171564,-4.685075,MOVE_JOINT
2.217000,0.553431,-0.227135,0.057924,-0.107660,0.025125,-0.172825,-4.671439,MOVE_JOINT
2.218000,0.553327,-0.227111,0.057754,-0.107094,0.024831,-0.172351,-4.658695,MOVE_JOINT
2.219000,0.553221,-0.227082,0.057580,-0.106943,0.025851,-0.172963,-4.647508,MOVE_JOINT
2.220000,0.553115,-0.227058,0.057409,-0.107616,0.025778,-0.173344,-4.638489,MOVE_JOINT
2.221000,0.553004,-0.227029,0.057229,-0.109146,0.026571,-0.175755,-4.632142,MOVE_JOINT
2.222000,0.552901,-0.227005,0.057061,-0.107366,0.025296,-0.172824,-4.628857,MOVE_JOINT
2.223000,0.552789,-0.226979,0.056884,-0.108506,0.025827,-0.174184,-4.628891,MOVE_JOINT
2.224000,0.552681,-0.226953,0.056709,-0.108290,0.026238,-0.174198,-4.632320,MOVE_JOINT
2.225000,0.552576,-0.226928,0.056540,-0.106628,0.025994,-0.171743,-4.639039,MOVE_JOINT
2.226000,0.552462,-0.226902,0.056359,-0.109832,0.026012,-0.175514,-4.648777,MOVE_JOINT
2.227000,0.552357,-0.226877,0.056190,-0.108484,0.025947,-0.173944,-4.661150,MOVE_JOINT
2.228000,0.552241,-0.226858,0.056011,-0.111016,0.024106,-0.175688,-4.675744,MOVE_JOINT
2.229000,0.552133,-0.226835,0.055840,-0.110148,0.024261,-0.174411,-4.692168,MOVE_JOINT
2.230000,0.552026,-0.226810,0.055669,-0.109464,0.024309,-0.173156,-4.710039,MOVE_JOINT
2.231000,0.551913,-0.226782,0.055491,-0.110163,0.025455,-0.174271,-4.728946,MOVE_JOINT
2.232000,0.551803,-0.226762,0.055321,-0.109853,0.023562,-0.172262,-4.748414,MOVE_JOINT
2.233000,0.551697,-0.226731,0.055149,-0.109478,0.025989,-0.172906,-4.767917,MOVE_JOINT
2.234000,0.551587,-0.226707,0.054977,-0.109888,0.025511,-0.172818,-4.786893,MOVE_JOINT
2.235000,0.551479,-0.226679,0.054805,-0.109286,0.026284,-0.172582,-4.804788,MOVE_JOINT
2.236000,0.551371,-0.226649,0.054633,-0.109272,0.027730,-0.172676,-4.821099,MOVE_JOINT
2.237000,0.551263,-0.226621,0.054461,-0.108941,0.027749,-0.172012,-4.835393,MOVE_JOINT
2.238000,0.551156,-0.226593,0.054290,-0.108217,0.028397,-0.171182,-4.847288,MOVE_JOINT
2.239000,0.551048,-0.226567,0.054123,-0.108356,0.027530,-0.170278,-4.856432,MOVE_JOINT
2.240000,0.550942,-0.226541,0.053957,-0.107667,0.027368,-0.169043,-4.862474,MOVE_JOINT
2.241000,0.550834,-0.226514,0.053788,-0.108094,0.027330,-0.169842,-4.865058,MOVE_JOINT
2.242000,0.550725,-0.226489,0.053620,-0.108913,0.026820,-0.169970,-4.863867,MOVE_JOINT
2.243000,0.550618,-0.226463,0.053452,-0.108817,0.026828,-0.169470,-4.858697,MOVE_JOINT
2.244000,0.550508,-0.226442,0.053285,-0.109911,0.025191,-0.169768,-4.849485,MOVE_JOINT
2.245000,0.550401,-0.226415,0.053116,-0.109681,0.025405,-0.169545,-4.836306,MOVE_JOINT
2.246000,0.550290,-0.226390,0.052948,-0.109769,0.025226,-0.168876,-4.819348,MOVE_JOINT
2.247000,0.550182,-0.226367,0.052784,-0.108970,0.024651,-0.167005,-4.798870,MOVE_JOINT
2.248000,0.550067,-0.226342,0.052608,-0.110655,0.025309,-0.169501,-4.775145,MOVE_JOINT
2.249000,0.549962,-0.226319,0.052444,-0.108828,0.024877,-0.167882,-4.748451,MOVE_JOINT
2.250000,0.549855,-0.226292,0.052276,-0.108537,0.025514,-0.168125,-4.719125,MOVE_JOINT
2.251000,0.549749,-0.226263,0.052110,-0.107641,0.027246,-0.167980,-4.687580,MOVE_JOINT
2.252000,0.549637,-0.226241,0.051938,-0.109267,0.025742,-0.169533,-4.654301,MOVE_JOINT
2.253000,0.549531,-0.226213,0.051769,-0.107900,0.026698,-0.168381,-4.619846,MOVE_JOINT
2.254000,0.549426,-0.226188,0.051606,-0.106626,0.025887,-0.166555,-4.584817,MOVE_JOINT
2.255000,0.549315,-0.226159,0.051433,-0.107907,0.026670,-0.168508,-4.549792,MOVE_JOINT
2.256000,0.549206,-0.226135,0.051265,-0.108334,0.025830,-0.167959,-4.515271,MOVE_JOINT
2.257000,0.549096,-0.226109,0.051094,-0.108907,0.025469,-0.169072,-4.481693,MOVE_JOINT
2.258000,0.548990,-0.226083,0.050930,-0.107620,0.025545,-0.166649,-4.449454,MOVE_JOINT
2.259000,0.548881,-0.226059,0.050763,-0.108865,0.025391,-0.167443,-4.418874,MOVE_JOINT
2.260000,0.548767,-0.226034,0.050591,-0.109906,0.025473,-0.168339,-4.390139,MOVE_JOINT
2.261000,0.548660,-0.226009,0.050425,-0.109260,0.025550,-0.167421,-4.363312,MOVE_JOINT
2.262000,0.548549,-0.225986,0.050261,-0.109791,0.024876,-0.166533,-4.338367,MOVE_JOINT
2.263000,0.548441,-0.225961,0.050096,-0.110330,0.024809,-0.166911,-4.315185,MOVE_JOINT
2.264000,0.548331,-0.225941,0.049934,-0.110803,0.023986,-0.166575,-4.293553,MOVE_JOINT
2.265000,0.548223,-0.225916,0.049769,-0.110122,0.024012,-0.165849,-4.273194,MOVE_JOINT
2.266000,0.548115,-0.225894,0.049605,-0.109461,0.023471,-0.165135,-4.253810,MOVE_JOINT
2.267000,0.548006,-0.225868,0.049439,-0.109717,0.024182,-0.165896,-4.235104,MOVE_JOINT
2.268000,0.547897,-0.225844,0.049273,-0.109241,0.024515,-0.165570,-4.216828,MOVE_JOINT
2.269000,0.547789,-0.225824,0.049110,-0.109553,0.022892,-0.165109,-4.198806,MOVE_JOINT
2.270000,0.547680,-0.225797,0.048945,-0.109818,0.023717,-0.165491,-4.180944,MOVE_JOINT
2.271000,0.547573,-0.225773,0.048781,-0.108787,0.023656,-0.164648,-4.163203,MOVE_JOINT
2.272000,0.547463,-0.225752,0.048613,-0.109751,0.022922,-0.166668,-4.145604,MOVE_JOINT
2.273000,0.547357,-0.225729,0.048450,-0.107898,0.022884,-0.164549,-4.128257,MOVE_JOINT
2.274000,0.547245,-0.225706,0.048281,-0.109078,0.023114,-0.165312,-4.111363,MOVE_JOINT
2.275000,0.547135,-0.225682,0.048114,-0.109215,0.023318,-0.166000,-4.095161,MOVE_JOINT
2.276000,0.547029,-0.225656,0.047949,-0.108605,0.023961,-0.165457,-4.079886,MOVE_JOINT
2.277000,0.546922,-0.225634,0.047786,-0.108100,0.023520,-0.164739,-4.065749,MOVE_JOINT
2.278000,0.546807,-0.225610,0.047613,-0.110370,0.023756,-0.167584,-4.052915,MOVE_JOINT
2.279000,0.546695,-0.225584,0.047441,-0.110485,0.024440,-0.168401,-4.041530,MOVE_JOINT
2.280000,0.546586,-0.225557,0.047270,-0.110079,0.025639,-0.169299,-4.031785,MOVE_JOINT
2.281000,0.546481,-0.225535,0.047106,-0.108882,0.024776,-0.168083,-4.023959,MOVE_JOINT
2.282000,0.546368,-0.225508,0.046935,-0.110146,0.025605,-0.169230,-4.018371,MOVE_JOINT
2.283000,0.546253,-0.225482,0.046759,-0.111349,0.025609,-0.170830,-4.015317,MOVE_JOINT
2.284000,0.546139,-0.225460,0.046589,-0.111620,0.024809,-0.169898,-4.015045,MOVE_JOINT
2.285000,0.546030,-0.225435,0.046420,-0.111861,0.024426,-0.170571,-4.017737,MOVE_JOINT
2.286000,0.545914,-0.225414,0.046244,-0.113160,0.023241,-0.172002,-4.023498,MOVE_JOINT
2.287000,0.545801,-0.225391,0.046072,-0.113136,0.023580,-0.171826,-4.032375,MOVE_JOINT
2.288000,0.545684,-0.225369,0.045896,-0.115149,0.023265,-0.173899,-4.044404,MOVE_JOINT
2.289000,0.545566,-0.225349,0.045719,-0.115903,0.022041,-0.174725,-4.059630,MOVE_JOINT
2.290000,0.545453,-0.225329,0.045550,-0.115041,0.021754,-0.173105,-4.078110,MOVE_JOINT
2.291000,0.545337,-0.225308,0.045378,-0.116130,0.020967,-0.173061,-4.099878,MOVE_JOINT
2.292000,0.545215,-0.225287,0.045200,-0.117977,0.021251,-0.174653,-4.124850,MOVE_JOINT
2.293000,0.545101,-0.225265,0.045029,-0.117415,0.021341,-0.174147,-4.152805,MOVE_JOINT
2.294000,0.544984,-0.225240,0.044854,-0.117443,0.022292,-0.174080,-4.183417,MOVE_JOINT
2.295000,0.544869,-0.225222,0.044683,-0.116643,0.020911,-0.172997,-4.216287,MOVE_JOINT
2.296000,0.544749,-0.225201,0.044507,-0.117947,0.021019,-0.173816,-4.250951,MOVE_JOINT
2.297000,0.544633,-0.225179,0.044334,-0.117409,0.021128,-0.173596,-4.286892,MOVE_JOINT
2.298000,0.544519,-0.225159,0.044166,-0.116726,0.020835,-0.172085,-4.323576,MOVE_JOINT
2.299000,0.544397,-0.225139,0.043989,-0.118878,0.020486,-0.174172,-4.360471,MOVE_JOINT
2.300000,0.544281,-0.225120,0.043818,-0.118022,0.020105,-0.173057,-4.397066,MOVE_JOINT
2.301000,0.544165,-0.225101,0.043651,-0.116915,0.019803,-0.170868,-4.432906,MOVE_JOINT
2.302000,0.544044,-0.225083,0.043477,-0.117852,0.019095,-0.171473,-4.467561,MOVE_JOINT
2.303000,0.543925,-0.225067,0.043307,-0.118330,0.018177,-0.171131,-4.500588,MOVE_JOINT
2.304000,0.543810,-0.225042,0.043138,-0.117437,0.020030,-0.170535,-4.531541,MOVE_JOINT
2.305000,0.543690,-0.225030,0.042968,-0.117486,0.017341,-0.169211,-4.559999,MOVE_JOINT
2.306000,0.543568,-0.225013,0.042794,-0.119611,0.017389,-0.171382,-4.585580,MOVE_JOINT
2.307000,0.543447,-0.224998,0.042623,-0.119750,0.016701,-0.171333,-4.607983,MOVE_JOINT
2.308000,0.543327,-0.224981,0.042450,-0.119544,0.016941,-0.171749,-4.627072,MOVE_JOINT
2.309000,0.543206,-0.224966,0.042278,-0.120298,0.016145,-0.172130,-4.642909,MOVE_JOINT
2.310000,0.543087,-0.224948,0.042106,-0.119352,0.016800,-0.171128,-4.655725,MOVE_JOINT
2.311000,0.542965,-0.224931,0.041932,-0.120288,0.016820,-0.172197,-4.665855,MOVE_JOINT
2.312000,0.542846,-0.224910,0.041761,-0.119426,0.017797,-0.170932,-4.673661,MOVE_JOINT
2.313000,0.542727,-0.224889,0.041588,-0.120071,0.019400,-0.172400,-4.679476,MOVE_JOINT
2.314000,0.542606,-0.224868,0.041414,-0.120598,0.019192,-0.172916,-4.683594,MOVE_JOINT
2.315000,0.542485,-0.224845,0.041238,-0.121034,0.020274,-0.173507,-4.686302,MOVE_JOINT
2.316000,0.542362,-0.224828,0.041063,-0.122107,0.019145,-0.174481,-4.687917,MOVE_JOINT
2.317000,0.542244,-0.224803,0.040891,-0.121410,0.020963,-0.173737,-4.688783,MOVE_JOINT
2.318000,0.542120,-0.224785,0.040716,-0.121798,0.019908,-0.173500,-4.689232,MOVE_JOINT
2.319000,0.542000,-0.224765,0.040547,-0.121449,0.019589,-0.171908,-4.689506,MOVE_JOINT
2.320000,0.541878,-0.224744,0.040374,-0.122179,0.020498,-0.172654,-4.689693,MOVE_JOINT
2.321000,0.541757,-0.224723,0.040204,-0.121695,0.020704,-0.172334,-4.689717,MOVE_JOINT
2.322000,0.541628,-0.224703,0.040025,-0.123956,0.020773,-0.174333,-4.689399,MOVE_JOINT
2.323000,0.541506,-0.224684,0.039854,-0.122723,0.020386,-0.172530,-4.688555,MOVE_JOINT
2.324000,0.541384,-0.224663,0.039683,-0.123048,0.020458,-0.172757,-4.687036,MOVE_JOINT
2.325000,0.541263,-0.224643,0.039512,-0.121531,0.020166,-0.170991,-4.684707,MOVE_JOINT
2.326000,0.541139,-0.224625,0.039340,-0.122634,0.019566,-0.171439,-4.681410,MOVE_JOINT
2.327000,0.541021,-0.224606,0.039172,-0.121049,0.019157,-0.170275,-4.676949,MOVE_JOINT
2.328000,0.540898,-0.224584,0.039000,-0.121363,0.020026,-0.170778,-4.671122,MOVE_JOINT
2.329000,0.540774,-0.224567,0.038828,-0.122465,0.019208,-0.171827,-4.663764,MOVE_JOINT
2.330000,0.540654,-0.224543,0.038655,-0.121563,0.020611,-0.171658,-4.654801,MOVE_JOINT
2.331000,0.540535,-0.224522,0.038486,-0.121015,0.020630,-0.170974,-4.644274,MOVE_JOINT
2.332000,0.540407,-0.224498,0.038308,-0.122974,0.021690,-0.172999,-4.632310,MOVE_JOINT
2.333000,0.540283,-0.224475,0.038133,-0.123294,0.021762,-0.173278,-4.619094,MOVE_JOINT
2.334000,0.540162,-0.224448,0.037962,-0.123458,0.022719,-0.173191,-4.604865,MOVE_JOINT
2.335000,0.540034,-0.224419,0.037783,-0.124848,0.024058,-0.174833,-4.589895,MOVE_JOINT
2.336000,0.539903,-0.224395,0.037603,-0.126327,0.024359,-0.176066,-4.574466,MOVE_JOINT
2.337000,0.539776,-0.224373,0.037428,-0.126795,0.023617,-0.176115,-4.558883,MOVE_JOINT
2.338000,0.539648,-0.224348,0.037251,-0.127238,0.024208,-0.176292,-4.543467,MOVE_JOINT
2.339000,0.539521,-0.224319,0.037075,-0.128225,0.025272,-0.176906,-4.528519,MOVE_JOINT
2.340000,0.539393,-0.224295,0.036900,-0.128083,0.025058,-0.175890,-4.514271,MOVE_JOINT
2.341000,0.539261,-0.224272,0.036720,-0.128684,0.024440,-0.176660,-4.500845,MOVE_JOINT
2.342000,0.539133,-0.224246,0.036546,-0.128491,0.025213,-0.176399,-4.488253,MOVE_JOINT
2.343000,0.539002,-0.224221,0.036364,-0.129665,0.025091,-0.178139,-4.476456,MOVE_JOINT
2.344000,0.538873,-0.224195,0.036187,-0.129175,0.025081,-0.177643,-4.465435,MOVE_JOINT
2.345000,0.538742,-0.224169,0.036004,-0.129737,0.025428,-0.179011,-4.455248,MOVE_JOINT
2.346000,0.538614,-0.224146,0.035827,-0.129328,0.024998,-0.178376,-4.446039,MOVE_JOINT
2.347000,0.538481,-0.224122,0.035645,-0.130519,0.025155,-0.180129,-4.438032,MOVE_JOINT
2.348000,0.538354,-0.224096,0.035470,-0.129472,0.025028,-0.178135,-4.431500,MOVE_JOINT
2.349000,0.538218,-0.224074,0.035284,-0.131565,0.024133,-0.180017,-4.426707,MOVE_JOINT
2.350000,0.538090,-0.224048,0.035106,-0.131045,0.025093,-0.180332,-4.423859,MOVE_JOINT
2.351000,0.537958,-0.224024,0.034927,-0.131290,0.024587,-0.179745,-4.423112,MOVE_JOINT
2.352000,0.537834,-0.223998,0.034752,-0.129015,0.024827,-0.177726,-4.424561,MOVE_JOINT
2.353000,0.537698,-0.223973,0.034568,-0.131002,0.024765,-0.179479,-4.428185,MOVE_JOINT
2.354000,0.537570,-0.223947,0.034390,-0.129984,0.025371,-0.178427,-4.433822,MOVE_JOINT
2.355000,0.537442,-0.223923,0.034215,-0.129745,0.024870,-0.177680,-4.441199,MOVE_JOINT
2.356000,0.537310,-0.223896,0.034036,-0.130838,0.025187,-0.178432,-4.449959,MOVE_JOINT
2.357000,0.537178,-0.223873,0.033857,-0.131479,0.024258,-0.179019,-4.459688,MOVE_JOINT
2.358000,0.537049,-0.223844,0.033679,-0.130377,0.025325,-0.177840,-4.469974,MOVE_JOINT
2.359000,0.536920,-0.223818,0.033504,-0.130207,0.025230,-0.176853,-4.480432,MOVE_JOINT
2.360000,0.536788,-0.223797,0.033329,-0.130421,0.024105,-0.176111,-4.490662,MOVE_JOINT
2.361000,0.536657,-0.223772,0.033151,-0.130748,0.024417,-0.176449,-4.500204,MOVE_JOINT
2.362000,0.536529,-0.223744,0.032977,-0.129555,0.025422,-0.175322,-4.508558,MOVE_JOINT
2.363000,0.536397,-0.223723,0.032801,-0.130676,0.023900,-0.176048,-4.515237,MOVE_JOINT
2.364000,0.536271,-0.223698,0.032628,-0.129042,0.024575,-0.174950,-4.519820,MOVE_JOINT
2.365000,0.536139,-0.223673,0.032449,-0.129541,0.024935,-0.175624,-4.521997,MOVE_JOINT
2.366000,0.536016,-0.223650,0.032282,-0.128037,0.023820,-0.173324,-4.521579,MOVE_JOINT
2.367000,0.535885,-0.223623,0.032103,-0.129067,0.024857,-0.174980,-4.518474,MOVE_JOINT
2.368000,0.535758,-0.223598,0.031932,-0.128725,0.025121,-0.174134,-4.512659,MOVE_JOINT
2.369000,0.535631,-0.223575,0.031762,-0.128200,0.024572,-0.172582,-4.504164,MOVE_JOINT
2.370000,0.535507,-0.223550,0.031594,-0.127063,0.024538,-0.171543,-4.493019,MOVE_JOINT
2.371000,0.535377,-0.223527,0.031419,-0.128234,0.024314,-0.172392,-4.479202,MOVE_JOINT
2.372000,0.535249,-0.223507,0.031245,-0.127624,0.022882,-0.172191,-4.462661,MOVE_JOINT
2.373000,0.535122,-0.223479,0.031073,-0.127417,0.024696,-0.172084,-4.443399,MOVE_JOINT
2.374000,0.534985,-0.223458,0.030894,-0.130194,0.023696,-0.174411,-4.421527,MOVE_JOINT
2.375000,0.534852,-0.223434,0.030722,-0.130700,0.023884,-0.173901,-4.397296,MOVE_JOINT
2.376000,0.534721,-0.223409,0.030550,-0.130467,0.024369,-0.172977,-4.371069,MOVE_JOINT
2.377000,0.534588,-0.223385,0.030376,-0.131106,0.023645,-0.172534,-4.343234,MOVE_JOINT
2.378000,0.534459,-0.223357,0.030206,-0.131326,0.024742,-0.172462,-4.314110,MOVE_JOINT
2.379000,0.534325,-0.223333,0.030032,-0.132070,0.024442,-0.172899,-4.283899,MOVE_JOINT
2.380000,0.534191,-0.223305,0.029854,-0.132754,0.025500,-0.173969,-4.252731,MOVE_JOINT
2.381000,0.534058,-0.223282,0.029682,-0.132972,0.024640,-0.174105,-4.220737,MOVE_JOINT
2.382000,0.533922,-0.223257,0.029503,-0.134106,0.024763,-0.175315,-4.188126,MOVE_JOINT
2.383000,0.533794,-0.223230,0.029334,-0.131811,0.025390,-0.173429,-4.155212,MOVE_JOINT
2.384000,0.533655,-0.223210,0.029155,-0.133441,0.023538,-0.174063,-4.122374,MOVE_JOINT
2.385000,0.533528,-0.223184,0.028985,-0.131326,0.024726,-0.172998,-4.089997,MOVE_JOINT
2.386000,0.533390,-0.223162,0.028807,-0.133463,0.023820,-0.174747,-4.058439,MOVE_JOINT
2.387000,0.533256,-0.223137,0.028632,-0.133475,0.024466,-0.174630,-4.028038,MOVE_JOINT
2.388000,0.533119,-0.223115,0.028455,-0.134898,0.024154,-0.175689,-3.999135,MOVE_JOINT
2.389000,0.532977,-0.223094,0.028274,-0.136496,0.023184,-0.176827,-3.972078,MOVE_JOINT
2.390000,0.532839,-0.223074,0.028098,-0.136684,0.022892,-0.176538,-3.947218,MOVE_JOINT
2.391000,0.532701,-0.223050,0.027918,-0.136729,0.023378,-0.177105,-3.924896,MOVE_JOINT
2.392000,0.532565,-0.223029,0.027743,-0.137107,0.022009,-0.176763,-3.905408,MOVE_JOINT
2.393000,0.532428,-0.223004,0.027565,-0.136967,0.023662,-0.177664,-3.888983,MOVE_JOINT
2.394000,0.532287,-0.222982,0.027385,-0.137977,0.022877,-0.178211,-3.875794,MOVE_JOINT
2.395000,0.532148,-0.222957,0.027206,-0.137603,0.023480,-0.177544,-3.865967,MOVE_JOINT
2.396000,0.532006,-0.222935,0.027026,-0.139227,0.023207,-0.178784,-3.859574,MOVE_JOINT
2.397000,0.531869,-0.222908,0.026848,-0.138445,0.024385,-0.178238,-3.856606,MOVE_JOINT
2.398000,0.531728,-0.222885,0.026667,-0.138387,0.023777,-0.177877,-3.856968,MOVE_JOINT
2.399000,0.531583,-0.222859,0.026484,-0.140709,0.024380,-0.179781,-3.860488,MOVE_JOINT
2.400000,0.531442,-0.222835,0.026305,-0.140506,0.024204,-0.178709,-3.866939,MOVE_JOINT
2.401000,0.531300,-0.222808,0.026123,-0.140587,0.025641,-0.179744,-3.876057,MOVE_JOINT
2.402000,0.531150,-0.222787,0.025937,-0.142480,0.024311,-0.180714,-3.887564,MOVE_JOINT
2.403000,0.531011,-0.222761,0.025757,-0.141774,0.025148,-0.180429,-3.901202,MOVE_JOINT
2.404000,0.530865,-0.222738,0.025573,-0.143212,0.024077,-0.181401,-3.916765,MOVE_JOINT
2.405000,0.530722,-0.222713,0.025389,-0.142868,0.024278,-0.182046,-3.934101,MOVE_JOINT
2.406000,0.530585,-0.222693,0.025216,-0.141952,0.023085,-0.179706,-3.953114,MOVE_JOINT
2.407000,0.530437,-0.222668,0.025028,-0.143905,0.023613,-0.182123,-3.973725,MOVE_JOINT
2.408000,0.530293,-0.222646,0.024844,-0.143884,0.023673,-0.182550,-3.995834,MOVE_JOINT
2.409000,0.530151,-0.222620,0.024661,-0.144153,0.024000,-0.182930,-4.019350,MOVE_JOINT
2.410000,0.530003,-0.222597,0.024474,-0.145212,0.024089,-0.183639,-4.044230,MOVE_JOINT
2.411000,0.529857,-0.222575,0.024290,-0.145451,0.023170,-0.183140,-4.070458,MOVE_JOINT
2.412000,0.529712,-0.222551,0.024107,-0.145422,0.023780,-0.183602,-4.098006,MOVE_JOINT
2.413000,0.529565,-0.222525,0.023922,-0.146643,0.024204,-0.184555,-4.126808,MOVE_JOINT
2.414000,0.529421,-0.222504,0.023743,-0.145905,0.023206,-0.182907,-4.156757,MOVE_JOINT
2.415000,0.529275,-0.222477,0.023557,-0.145095,0.024563,-0.182986,-4.187687,MOVE_JOINT
2.416000,0.529131,-0.222454,0.023375,-0.145156,0.024020,-0.182739,-4.219350,MOVE_JOINT
2.417000,0.528985,-0.222425,0.023192,-0.145781,0.025654,-0.183389,-4.251427,MOVE_JOINT
2.418000,0.528838,-0.222401,0.023006,-0.144946,0.025057,-0.183015,-4.283569,MOVE_JOINT
2.419000,0.528695,-0.222373,0.022824,-0.144929,0.025902,-0.183282,-4.315446,MOVE_JOINT
2.420000,0.528552,-0.222346,0.022641,-0.144038,0.025750,-0.182624,-4.346770,MOVE_JOINT
2.421000,0.528405,-0.222323,0.022456,-0.144454,0.025149,-0.183128,-4.377317,MOVE_JOINT
2.422000,0.528262,-0.222301,0.022275,-0.144544,0.024691,-0.183423,-4.406928,MOVE_JOINT
2.423000,0.528116,-0.222276,0.022088,-0.145012,0.024840,-0.183878,-4.435535,MOVE_JOINT
2.424000,0.527978,-0.222252,0.021911,-0.142997,0.024657,-0.182083,-4.463162,MOVE_JOINT
2.425000,0.527833,-0.222231,0.021729,-0.143143,0.023513,-0.181231,-4.489875,MOVE_JOINT
2.426000,0.527691,-0.222208,0.021548,-0.143048,0.023540,-0.181309,-4.515689,MOVE_JOINT
2.427000,0.527554,-0.222181,0.021369,-0.141392,0.024806,-0.180427,-4.540533,MOVE_JOINT
2.428000,0.527415,-0.222160,0.021192,-0.140878,0.023009,-0.179227,-4.564256,MOVE_JOINT
2.429000,0.527276,-0.222133,0.021011,-0.140086,0.024565,-0.179489,-4.586650,MOVE_JOINT
2.430000,0.527139,-0.222108,0.020833,-0.139329,0.024512,-0.178850,-4.607478,MOVE_JOINT
2.431000,0.527003,-0.222082,0.020655,-0.138349,0.025036,-0.178896,-4.626518,MOVE_JOINT
2.432000,0.526871,-0.222060,0.020484,-0.137024,0.024594,-0.176888,-4.643587,MOVE_JOINT
2.433000,0.526731,-0.222034,0.020304,-0.137382,0.025414,-0.177538,-4.658525,MOVE_JOINT
2.434000,0.526596,-0.222008,0.020129,-0.136929,0.025693,-0.176718,-4.671162,MOVE_JOINT
2.435000,0.526463,-0.221984,0.019958,-0.136418,0.025071,-0.175731,-4.681316,MOVE_JOINT
2.436000,0.526325,-0.221956,0.019778,-0.136766,0.025896,-0.176789,-4.688798,MOVE_JOINT
2.437000,0.526191,-0.221927,0.019603,-0.136084,0.026426,-0.175896,-4.693454,MOVE_JOINT
2.438000,0.526057,-0.221898,0.019427,-0.135880,0.027134,-0.176024,-4.695195,MOVE_JOINT
2.439000,0.525919,-0.221872,0.019250,-0.136361,0.027014,-0.176131,-4.694013,MOVE_JOINT
2.440000,0.525785,-0.221845,0.019074,-0.135871,0.027068,-0.176300,-4.689972,MOVE_JOINT
2.441000,0.525654,-0.221820,0.018902,-0.134211,0.026538,-0.174708,-4.683213,MOVE_JOINT
2.442000,0.525522,-0.221795,0.018729,-0.133672,0.025833,-0.174759,-4.673943,MOVE_JOINT
2.443000,0.525387,-0.221771,0.018553,-0.134101,0.025483,-0.175133,-4.662426,MOVE_JOINT
2.444000,0.525255,-0.221748,0.018378,-0.133750,0.024337,-0.174787,-4.648979,MOVE_JOINT
2.445000,0.525125,-0.221722,0.018205,-0.132608,0.025503,-0.174357,-4.633980,MOVE_JOINT
2.446000,0.524987,-0.221698,0.018026,-0.134398,0.024642,-0.175674,-4.617841,MOVE_JOINT
2.447000,0.524854,-0.221673,0.017851,-0.133896,0.024820,-0.175147,-4.600986,MOVE_JOINT
2.448000,0.524719,-0.221644,0.017675,-0.134199,0.026287,-0.175506,-4.583838,MOVE_JOINT
2.449000,0.524580,-0.221618,0.017493,-0.136607,0.025500,-0.178101,-4.566797,MOVE_JOINT
2.450000,0.524445,-0.221596,0.017319,-0.136575,0.024742,-0.177344,-4.550256,MOVE_JOINT
2.451000,0.524308,-0.221569,0.017139,-0.136916,0.025007,-0.178036,-4.534624,MOVE_JOINT
2.452000,0.524165,-0.221543,0.016955,-0.139243,0.025507,-0.180057,-4.520315,MOVE_JOINT
2.453000,0.524027,-0.221515,0.016779,-0.138573,0.025793,-0.178670,-4.507719,MOVE_JOINT
2.454000,0.523886,-0.221488,0.016598,-0.139517,0.026076,-0.179405,-4.497168,MOVE_JOINT
2.455000,0.523749,-0.221461,0.016423,-0.139004,0.026201,-0.178123,-4.488864,MOVE_JOINT
2.456000,0.523602,-0.221437,0.016238,-0.142014,0.025600,-0.180720,-4.482843,MOVE_JOINT
2.457000,0.523466,-0.221408,0.016062,-0.140105,0.026504,-0.179010,-4.478997,MOVE_JOINT
2.458000,0.523323,-0.221382,0.015881,-0.141272,0.025687,-0.179578,-4.477142,MOVE_JOINT
2.459000,0.523181,-0.221354,0.015699,-0.141771,0.026001,-0.180313,-4.477049,MOVE_JOINT
2.460000,0.523040,-0.221330,0.015518,-0.141303,0.025215,-0.179970,-4.478475,MOVE_JOINT
2.461000,0.522900,-0.221304,0.015341,-0.140488,0.025260,-0.178873,-4.481196,MOVE_JOINT
2.462000,0.522760,-0.221278,0.015164,-0.140623,0.025596,-0.178443,-4.484993,MOVE_JOINT
2.463000,0.522620,-0.221256,0.014988,-0.140470,0.024519,-0.177528,-4.489601,MOVE_JOINT
2.464000,0.522477,-0.221228,0.014807,-0.141574,0.025667,-0.178568,-4.494674,MOVE_JOINT
2.465000,0.522331,-0.221202,0.014625,-0.142085,0.026010,-0.178999,-4.499818,MOVE_JOINT
2.466000,0.522188,-0.221179,0.014446,-0.142041,0.025229,-0.178727,-4.504662,MOVE_JOINT
2.467000,0.522041,-0.221153,0.014266,-0.143102,0.025226,-0.178317,-4.508906,MOVE_JOINT
2.468000,0.521893,-0.221128,0.014085,-0.145115,0.025218,-0.179649,-4.512311,MOVE_JOINT
2.469000,0.521744,-0.221107,0.013905,-0.146410,0.024382,-0.179787,-4.514683,MOVE_JOINT
2.470000,0.521595,-0.221082,0.013722,-0.147321,0.024727,-0.180582,-4.515884,MOVE_JOINT
2.471000,0.521447,-0.221059,0.013543,-0.148428,0.024323,-0.181125,-4.515860,MOVE_JOINT
2.472000,0.521298,-0.221033,0.013361,-0.148744,0.024897,-0.181063,-4.514655,MOVE_JOINT
2.473000,0.521155,-0.221012,0.013190,-0.147239,0.024085,-0.178728,-4.512383,MOVE_JOINT
2.474000,0.521007,-0.220987,0.013010,-0.146919,0.024540,-0.178572,-4.509130,MOVE_JOINT
2.475000,0.520860,-0.220962,0.012831,-0.147761,0.024843,-0.179150,-4.504890,MOVE_JOINT
2.476000,0.520718,-0.220937,0.012657,-0.147290,0.024785,-0.178618,-4.499578,MOVE_JOINT
2.477000,0.520574,-0.220912,0.012480,-0.146617,0.024516,-0.178227,-4.493099,MOVE_JOINT
2.478000,0.520425,-0.220887,0.012298,-0.147302,0.024590,-0.178820,-4.485404,MOVE_JOINT
2.479000,0.520281,-0.220863,0.012122,-0.146507,0.024434,-0.178412,-4.476521,MOVE_JOINT
2.480000,0.520140,-0.220839,0.011950,-0.145439,0.023885,-0.176217,-4.466558,MOVE_JOINT
2.481000,0.519991,-0.220819,0.011775,-0.146434,0.022049,-0.175740,-4.455639,MOVE_JOINT
2.482000,0.519842,-0.220796,0.011596,-0.147665,0.022315,-0.176614,-4.443820,MOVE_JOINT
2.483000,0.519697,-0.220773,0.011422,-0.146427,0.022767,-0.175313,-4.431068,MOVE_JOINT
2.484000,0.519551,-0.220747,0.011245,-0.146304,0.023777,-0.176319,-4.417309,MOVE_JOINT
2.485000,0.519404,-0.220724,0.011067,-0.147241,0.023971,-0.177476,-4.402490,MOVE_JOINT
2.486000,0.519260,-0.220702,0.010894,-0.146628,0.022959,-0.176103,-4.386653,MOVE_JOINT
2.487000,0.519111,-0.220677,0.010714,-0.147594,0.023523,-0.177581,-4.369958,MOVE_JOINT
2.488000,0.518961,-0.220654,0.010536,-0.148664,0.023223,-0.177435,-4.352652,MOVE_JOINT
2.489000,0.518815,-0.220634,0.010363,-0.148541,0.022537,-0.176854,-4.335032,MOVE_JOINT
2.490000,0.518670,-0.220610,0.010192,-0.147325,0.022994,-0.174838,-4.317373,MOVE_JOINT
2.491000,0.518526,-0.220588,0.010022,-0.146604,0.022325,-0.173144,-4.299818,MOVE_JOINT
2.492000,0.518382,-0.220566,0.009852,-0.145399,0.022257,-0.172058,-4.282288,MOVE_JOINT
2.493000,0.518236,-0.220542,0.009677,-0.146188,0.022378,-0.172975,-4.264479,MOVE_JOINT
2.494000,0.518090,-0.220521,0.009507,-0.145377,0.022322,-0.171753,-4.245965,MOVE_JOINT
2.495000,0.517944,-0.220498,0.009334,-0.145683,0.022277,-0.172147,-4.226331,MOVE_JOINT
2.496000,0.517796,-0.220478,0.009160,-0.146385,0.022157,-0.172924,-4.205250,MOVE_JOINT
2.497000,0.517656,-0.220454,0.008992,-0.144186,0.022699,-0.170819,-4.182537,MOVE_JOINT
2.498000,0.517513,-0.220432,0.008821,-0.144003,0.022347,-0.170967,-4.158152,MOVE_JOINT
2.499000,0.517375,-0.220410,0.008656,-0.142751,0.022227,-0.169965,-4.132157,MOVE_JOINT
2.500000,0.517233,-0.220381,0.008483,-0.142474,0.023792,-0.170596,-4.104682,MOVE_JOINT
2.501000,0.517086,-0.220356,0.008306,-0.143244,0.024190,-0.171571,-4.075936,MOVE_JOINT
2.502000,0.516946,-0.220332,0.008138,-0.142876,0.024385,-0.171025,-4.046230,MOVE_JOINT
2.503000,0.516797,-0.220309,0.007961,-0.145096,0.024013,-0.173287,-4.015981,MOVE_JOINT
2.504000,0.516655,-0.220282,0.007790,-0.144427,0.024506,-0.172420,-3.985699,MOVE_JOINT
2.505000,0.516505,-0.220257,0.007611,-0.146644,0.024875,-0.174687,-3.955969,MOVE_JOINT
2.506000,0.516358,-0.220234,0.007435,-0.146249,0.024303,-0.174641,-3.927423,MOVE_JOINT
2.507000,0.516214,-0.220209,0.007262,-0.145335,0.024505,-0.174102,-3.900724,MOVE_JOINT
2.508000,0.516071,-0.220182,0.007087,-0.144493,0.025269,-0.173758,-3.876516,MOVE_JOINT
2.509000,0.515928,-0.220157,0.006913,-0.144640,0.024869,-0.174084,-3.855352,MOVE_JOINT
2.510000,0.515785,-0.220132,0.006740,-0.143839,0.025298,-0.173988,-3.837654,MOVE_JOINT
2.511000,0.515638,-0.220107,0.006564,-0.144899,0.024729,-0.174328,-3.823714,MOVE_JOINT
2.512000,0.515495,-0.220082,0.006391,-0.144516,0.025101,-0.174387,-3.813719,MOVE_JOINT
2.513000,0.515350,-0.220057,0.006216,-0.145008,0.025374,-0.174727,-3.807761,MOVE_JOINT
2.514000,0.515206,-0.220030,0.006037,-0.145158,0.026040,-0.175855,-3.805862,MOVE_JOINT
2.515000,0.515061,-0.220007,0.005864,-0.145524,0.024885,-0.175164,-3.808008,MOVE_JOINT
2.516000,0.514920,-0.219980,0.005690,-0.144209,0.025581,-0.174815,-3.814158,MOVE_JOINT
2.517000,0.514779,-0.219955,0.005518,-0.143701,0.025612,-0.174408,-3.824220,MOVE_JOINT
2.518000,0.514637,-0.219929,0.005344,-0.143621,0.025695,-0.174286,-3.838032,MOVE_JOINT
2.519000,0.514490,-0.219906,0.005168,-0.145276,0.024746,-0.175349,-3.855359,MOVE_JOINT
2.520000,0.514346,-0.219878,0.004994,-0.145603,0.024958,-0.175246,-3.875933,MOVE_JOINT
2.521000,0.514200,-0.219852,0.004817,-0.145482,0.024898,-0.174747,-3.899477,MOVE_JOINT
2.522000,0.514056,-0.219830,0.004644,-0.145080,0.023930,-0.174401,-3.925694,MOVE_JOINT
2.523000,0.513915,-0.219802,0.004472,-0.143468,0.025158,-0.173277,-3.954240,MOVE_JOINT
2.524000,0.513769,-0.219777,0.004296,-0.144744,0.024940,-0.174082,-3.984721,MOVE_JOINT
2.525000,0.513628,-0.219753,0.004127,-0.143566,0.024844,-0.172604,-4.016700,MOVE_JOINT
2.526000,0.513480,-0.219730,0.003951,-0.144810,0.024534,-0.173542,-4.049713,MOVE_JOINT
2.527000,0.513336,-0.219704,0.003777,-0.144484,0.024840,-0.173292,-4.083285,MOVE_JOINT
2.528000,0.513190,-0.219681,0.003604,-0.144767,0.024203,-0.173061,-4.116975,MOVE_JOINT
2.529000,0.513044,-0.219658,0.003430,-0.145738,0.023721,-0.173442,-4.150400,MOVE_JOINT
2.530000,0.512901,-0.219638,0.003262,-0.145204,0.023260,-0.172138,-4.183242,MOVE_JOINT
2.531000,0.512756,-0.219611,0.003089,-0.144391,0.024421,-0.171870,-4.215213,MOVE_JOINT
2.532000,0.512604,-0.219593,0.002915,-0.146011,0.022664,-0.171822,-4.246027,MOVE_JOINT
2.533000,0.512459,-0.219573,0.002745,-0.145841,0.021866,-0.171698,-4.275403,MOVE_JOINT
2.534000,0.512314,-0.219549,0.002575,-0.145484,0.021947,-0.170962,-4.303093,MOVE_JOINT
2.535000,0.512164,-0.219529,0.002398,-0.146192,0.021994,-0.172401,-4.328917,MOVE_JOINT
2.536000,0.512017,-0.219505,0.002225,-0.146213,0.022378,-0.172435,-4.352810,MOVE_JOINT
2.537000,0.511873,-0.219484,0.002056,-0.145446,0.021646,-0.170862,-4.374845,MOVE_JOINT
2.538000,0.511730,-0.219461,0.001886,-0.144490,0.021898,-0.170382,-4.395189,MOVE_JOINT
2.539000,0.511585,-0.219437,0.001714,-0.144490,0.022691,-0.170832,-4.414019,MOVE_JOINT
2.540000,0.511438,-0.219418,0.001543,-0.144507,0.021957,-0.170206,-4.431489,MOVE_JOINT
2.541000,0.511292,-0.219394,0.001370,-0.145256,0.022714,-0.171549,-4.447760,MOVE_JOINT
2.542000,0.511146,-0.219373,0.001198,-0.144780,0.022393,-0.170585,-4.463024,MOVE_JOINT
2.543000,0.510998,-0.219354,0.001029,-0.144907,0.021996,-0.170177,-4.477499,MOVE_JOINT
2.544000,0.510851,-0.219334,0.000857,-0.145577,0.021329,-0.170330,-4.491391,MOVE_JOINT
2.545000,0.510702,-0.219314,0.000686,-0.145749,0.020733,-0.169646,-4.504855,MOVE_JOINT
2.546000,0.510552,-0.219295,0.000516,-0.146789,0.020636,-0.169703,-4.517983,MOVE_JOINT
2.547000,0.510406,-0.219278,0.000348,-0.146509,0.019437,-0.169090,-4.530801,MOVE_JOINT
2.548000,0.510258,-0.219261,0.000181,-0.147014,0.018855,-0.168630,-4.543255,MOVE_JOINT
2.549000,0.510110,-0.219241,0.000014,-0.146730,0.019014,-0.167457,-4.555215,MOVE_JOINT
2.550000,0.509960,-0.219219,-0.000158,-0.147491,0.020231,-0.168243,-4.566460,MOVE_JOINT
2.551000,0.509812,-0.219204,-0.000324,-0.147630,0.019021,-0.167867,-4.576691,MOVE_JOINT
2.552000,0.509664,-0.219185,-0.000492,-0.147145,0.018773,-0.167225,-4.585585,MOVE_JOINT
2.553000,0.509512,-0.219167,-0.000662,-0.148612,0.018445,-0.168459,-4.592855,MOVE_JOINT
2.554000,0.509363,-0.219146,-0.000831,-0.149003,0.019315,-0.168464,-4.598301,MOVE_JOINT
2.555000,0.509211,-0.219128,-0.001002,-0.149225,0.019054,-0.168170,-4.601841,MOVE_JOINT
2.556000,0.509063,-0.219107,-0.001168,-0.148715,0.019751,-0.167473,-4.603491,MOVE_JOINT
2.557000,0.508917,-0.219089,-0.001334,-0.147899,0.019212,-0.166886,-4.603306,MOVE_JOINT
2.558000,0.508770,-0.219066,-0.001504,-0.148004,0.020578,-0.167890,-4.601333,MOVE_JOINT
2.559000,0.508624,-0.219046,-0.001669,-0.146897,0.020817,-0.166843,-4.597641,MOVE_JOINT
2.560000,0.508482,-0.219024,-0.001833,-0.146149,0.021038,-0.166541,-4.592331,MOVE_JOINT
2.561000,0.508333,-0.219005,-0.001999,-0.146656,0.020404,-0.166704,-4.585533,MOVE_JOINT
2.562000,0.508181,-0.218982,-0.002172,-0.147452,0.021345,-0.167741,-4.577394,MOVE_JOINT
2.563000,0.508040,-0.218966,-0.002331,-0.145764,0.020078,-0.165127,-4.568088,MOVE_JOINT
2.564000,0.507889,-0.218947,-0.002500,-0.148146,0.019726,-0.166677,-4.557792,MOVE_JOINT
2.565000,0.507742,-0.218930,-0.002663,-0.147922,0.018291,-0.165454,-4.546640,MOVE_JOINT
2.566000,0.507593,-0.218912,-0.002826,-0.148203,0.018604,-0.165185,-4.534712,MOVE_JOINT
2.567000,0.507442,-0.218896,-0.002992,-0.148517,0.017949,-0.165311,-4.522036,MOVE_JOINT
2.568000,0.507297,-0.218877,-0.003157,-0.147511,0.018505,-0.164848,-4.508605,MOVE_JOINT
2.569000,0.507153,-0.218856,-0.003321,-0.146571,0.019145,-0.164911,-4.494407,MOVE_JOINT
2.570000,0.507008,-0.218838,-0.003485,-0.146142,0.018851,-0.164627,-4.479472,MOVE_JOINT
2.571000,0.506866,-0.218820,-0.003647,-0.144609,0.019171,-0.163508,-4.463877,MOVE_JOINT
2.572000,0.506724,-0.218796,-0.003812,-0.143888,0.020256,-0.164385,-4.447750,MOVE_JOINT
2.573000,0.506587,-0.218778,-0.003973,-0.142283,0.019836,-0.163403,-4.431256,MOVE_JOINT
2.574000,0.506446,-0.218754,-0.004136,-0.142235,0.021098,-0.163842,-4.414622,MOVE_JOINT
2.575000,0.506301,-0.218729,-0.004306,-0.143195,0.022272,-0.165398,-4.398141,MOVE_JOINT
2.576000,0.506165,-0.218706,-0.004467,-0.141540,0.022577,-0.164252,-4.382168,MOVE_JOINT
2.577000,0.506023,-0.218681,-0.004632,-0.141124,0.023703,-0.164564,-4.367103,MOVE_JOINT
2.578000,0.505884,-0.218655,-0.004795,-0.140981,0.023978,-0.164121,-4.353332,MOVE_JOINT
2.579000,0.505746,-0.218631,-0.004957,-0.140430,0.023986,-0.163832,-4.341160,MOVE_JOINT
2.580000,0.505607,-0.218610,-0.005117,-0.139713,0.022720,-0.162217,-4.330760,MOVE_JOINT
2.581000,0.505467,-0.218587,-0.005283,-0.140031,0.022648,-0.162951,-4.322149,MOVE_JOINT
2.582000,0.505328,-0.218564,-0.005443,-0.139825,0.022361,-0.161854,-4.315203,MOVE_JOINT
2.583000,0.505190,-0.218540,-0.005605,-0.139817,0.022459,-0.162183,-4.309695,MOVE_JOINT
2.584000,0.505053,-0.218521,-0.005763,-0.139528,0.021860,-0.161387,-4.305345,MOVE_JOINT
2.585000,0.504917,-0.218496,-0.005924,-0.138363,0.022681,-0.160869,-4.301857,MOVE_JOINT
2.586000,0.504772,-0.218474,-0.006088,-0.140796,0.022633,-0.162149,-4.298937,MOVE_JOINT
2.587000,0.504640,-0.218453,-0.006242,-0.138459,0.021728,-0.159894,-4.296326,MOVE_JOINT
2.588000,0.504504,-0.218429,-0.006401,-0.137781,0.022569,-0.159449,-4.293793,MOVE_JOINT
2.589000,0.504364,-0.218410,-0.006560,-0.138679,0.021766,-0.159424,-4.291112,MOVE_JOINT
2.590000,0.504227,-0.218389,-0.006718,-0.138137,0.020939,-0.158553,-4.288051,MOVE_JOINT
2.591000,0.504093,-0.218365,-0.006872,-0.136559,0.021818,-0.156881,-4.284370,MOVE_JOINT
2.592000,0.503959,-0.218339,-0.007028,-0.135727,0.023731,-0.156765,-4.279806,MOVE_JOINT
2.593000,0.503823,-0.218317,-0.007185,-0.135343,0.023022,-0.156588,-4.274061,MOVE_JOINT
2.594000,0.503691,-0.218291,-0.007340,-0.134131,0.024213,-0.155638,-4.266846,MOVE_JOINT
2.595000,0.503555,-0.218267,-0.007497,-0.134877,0.024173,-0.156416,-4.257935,MOVE_JOINT
2.596000,0.503421,-0.218243,-0.007653,-0.134409,0.023737,-0.155992,-4.247197,MOVE_JOINT
2.597000,0.503284,-0.218220,-0.007810,-0.135295,0.023550,-0.156327,-4.234627,MOVE_JOINT
2.598000,0.503153,-0.218199,-0.007960,-0.133586,0.023030,-0.154055,-4.220335,MOVE_JOINT
2.599000,0.503018,-0.218175,-0.008114,-0.133628,0.023407,-0.153643,-4.204483,MOVE_JOINT
2.600000,0.502888,-0.218157,-0.008260,-0.133341,0.021720,-0.151991,-4.187176,MOVE_JOINT
2.601000,0.502754,-0.218139,-0.008411,-0.132785,0.020548,-0.150642,-4.168396,MOVE_JOINT
2.602000,0.502618,-0.218120,-0.008561,-0.133414,0.020895,-0.150843,-4.147994,MOVE_JOINT
2.603000,0.502478,-0.218103,-0.008716,-0.135527,0.019952,-0.152024,-4.125738,MOVE_JOINT
2.604000,0.502346,-0.218083,-0.008864,-0.133536,0.020350,-0.150047,-4.101418,MOVE_JOINT
2.605000,0.502212,-0.218065,-0.009011,-0.133943,0.019444,-0.149064,-4.074896,MOVE_JOINT
2.606000,0.502076,-0.218047,-0.009162,-0.134921,0.019407,-0.149952,-4.046082,MOVE_JOINT
2.607000,0.501938,-0.218025,-0.009314,-0.134810,0.020421,-0.149905,-4.014917,MOVE_JOINT
2.608000,0.501804,-0.218005,-0.009464,-0.134964,0.019916,-0.150430,-3.981428,MOVE_JOINT
2.609000,0.501670,-0.217988,-0.009612,-0.134802,0.019605,-0.149874,-3.945790,MOVE_JOINT
2.610000,0.501534,-0.217965,-0.009764,-0.135681,0.020733,-0.151359,-3.908343,MOVE_JOINT
2.611000,0.501395,-0.217941,-0.009920,-0.136605,0.021816,-0.152941,-3.869591,MOVE_JOINT
2.612000,0.501261,-0.217922,-0.010070,-0.136380,0.021288,-0.152315,-3.830209,MOVE_JOINT
2.613000,0.501121,-0.217899,-0.010225,-0.137875,0.022031,-0.153453,-3.791015,MOVE_JOINT
2.614000,0.500986,-0.217877,-0.010376,-0.137285,0.022156,-0.152696,-3.752864,MOVE_JOINT
2.615000,0.500844,-0.217862,-0.010528,-0.139674,0.020176,-0.153351,-3.716552,MOVE_JOINT
2.616000,0.500707,-0.217839,-0.010680,-0.138682,0.020816,-0.152382,-3.682741,MOVE_JOINT
2.617000,0.500561,-0.217820,-0.010839,-0.140994,0.020472,-0.154259,-3.651924,MOVE_JOINT
2.618000,0.500420,-0.217802,-0.010991,-0.141199,0.019672,-0.154067,-3.624449,MOVE_JOINT
2.619000,0.500279,-0.217782,-0.011149,-0.141973,0.019188,-0.155132,-3.600581,MOVE_JOINT
2.620000,0.500142,-0.217762,-0.011302,-0.140260,0.019528,-0.153958,-3.580555,MOVE_JOINT
2.621000,0.499998,-0.217743,-0.011458,-0.141798,0.018929,-0.154823,-3.564581,MOVE_JOINT
2.622000,0.499863,-0.217723,-0.011607,-0.139700,0.019241,-0.153011,-3.552799,MOVE_JOINT
2.623000,0.499724,-0.217705,-0.011758,-0.140342,0.018841,-0.152976,-3.545230,MOVE_JOINT
2.624000,0.499587,-0.217685,-0.011907,-0.138670,0.019216,-0.151379,-3.541724,MOVE_JOINT
2.625000,0.499451,-0.217668,-0.012059,-0.138057,0.019055,-0.151629,-3.541947,MOVE_JOINT
2.626000,0.499312,-0.217644,-0.012214,-0.138544,0.020800,-0.152922,-3.545436,MOVE_JOINT
2.627000,0.499173,-0.217625,-0.012368,-0.138050,0.020355,-0.152184,-3.551714,MOVE_JOINT
2.628000,0.499033,-0.217605,-0.012522,-0.138262,0.020532,-0.152764,-3.560385,MOVE_JOINT
2.629000,0.498899,-0.217580,-0.012673,-0.136644,0.021579,-0.152015,-3.571152,MOVE_JOINT
2.630000,0.498760,-0.217558,-0.012830,-0.137326,0.021631,-0.152996,-3.583811,MOVE_JOINT
2.631000,0.498623,-0.217535,-0.012984,-0.137933,0.021295,-0.153426,-3.598245,MOVE_JOINT
2.632000,0.498488,-0.217513,-0.013138,-0.137417,0.021442,-0.153649,-3.614436,MOVE_JOINT
2.633000,0.498356,-0.217487,-0.013287,-0.136025,0.022885,-0.152740,-3.632451,MOVE_JOINT
2.634000,0.498218,-0.217464,-0.013443,-0.136536,0.022965,-0.153551,-3.652391,MOVE_JOINT
2.635000,0.498089,-0.217439,-0.013591,-0.133827,0.023713,-0.151614,-3.674325,MOVE_JOINT
2.636000,0.497956,-0.217417,-0.013744,-0.133989,0.023584,-0.152003,-3.698242,MOVE_JOINT
2.637000,0.497822,-0.217395,-0.013895,-0.134012,0.023454,-0.151929,-3.724030,MOVE_JOINT
2.638000,0.497692,-0.217371,-0.014045,-0.133122,0.023532,-0.151203,-3.751495,MOVE_JOINT
2.639000,0.497559,-0.217346,-0.014197,-0.133433,0.023885,-0.151672,-3.780390,MOVE_JOINT
2.640000,0.497427,-0.217323,-0.014347,-0.133193,0.023089,-0.150997,-3.810447,MOVE_JOINT
2.641000,0.497295,-0.217301,-0.014495,-0.132239,0.023407,-0.149896,-3.841382,MOVE_JOINT
2.642000,0.497164,-0.217276,-0.014646,-0.131222,0.024021,-0.149420,-3.872884,MOVE_JOINT
2.643000,0.497032,-0.217253,-0.014796,-0.132144,0.024059,-0.150058,-3.904588,MOVE_JOINT
2.644000,0.496908,-0.217225,-0.014942,-0.129566,0.025112,-0.148571,-3.936096,MOVE_JOINT
2.645000,0.496775,-0.217198,-0.015095,-0.130652,0.025491,-0.149702,-3.967018,MOVE_JOINT
2.646000,0.496648,-0.217177,-0.015240,-0.130014,0.024297,-0.148391,-3.997004,MOVE_JOINT
2.647000,0.496519,-0.217153,-0.015388,-0.129724,0.024197,-0.148333,-4.025765,MOVE_JOINT
2.648000,0.496390,-0.217125,-0.015540,-0.129273,0.025618,-0.149282,-4.053081,MOVE_JOINT
2.649000,0.496254,-0.217103,-0.015691,-0.131317,0.024142,-0.149853,-4.078841,MOVE_JOINT
2.650000,0.496128,-0.217076,-0.015839,-0.129971,0.024901,-0.148950,-4.103073,MOVE_JOINT
2.651000,0.495992,-0.217054,-0.015991,-0.131066,0.023778,-0.149260,-4.125920,MOVE_JOINT
2.652000,0.495865,-0.217029,-0.016136,-0.131032,0.024113,-0.148794,-4.147562,MOVE_JOINT
2.653000,0.495738,-0.217002,-0.016283,-0.129313,0.024930,-0.148085,-4.168154,MOVE_JOINT
2.654000,0.495612,-0.216977,-0.016429,-0.128924,0.025247,-0.148104,-4.187786,MOVE_JOINT
2.655000,0.495483,-0.216954,-0.016574,-0.128533,0.024891,-0.147149,-4.206480,MOVE_JOINT
2.656000,0.495351,-0.216929,-0.016723,-0.129570,0.024950,-0.147089,-4.224200,MOVE_JOINT
2.657000,0.495217,-0.216908,-0.016871,-0.130721,0.023940,-0.147751,-4.240849,MOVE_JOINT
2.658000,0.495087,-0.216883,-0.017017,-0.130801,0.024170,-0.146881,-4.256284,MOVE_JOINT
2.659000,0.494956,-0.216862,-0.017163,-0.130978,0.023365,-0.146699,-4.270351,MOVE_JOINT
2.660000,0.494828,-0.216843,-0.017305,-0.129666,0.021867,-0.144868,-4.282886,MOVE_JOINT
2.661000,0.494701,-0.216816,-0.017450,-0.129447,0.023197,-0.145159,-4.293695,MOVE_JOINT
2.662000,0.494576,-0.216791,-0.017591,-0.128248,0.023429,-0.143876,-4.302554,MOVE_JOINT
2.663000,0.494449,-0.216768,-0.017734,-0.128284,0.022680,-0.143776,-4.309222,MOVE_JOINT
2.664000,0.494325,-0.216748,-0.017874,-0.126604,0.022049,-0.142711,-4.313472,MOVE_JOINT
2.665000,0.494193,-0.216723,-0.018021,-0.127697,0.022905,-0.143814,-4.315130,MOVE_JOINT
2.666000,0.494066,-0.216701,-0.018163,-0.126801,0.022819,-0.142652,-4.314125,MOVE_JOINT
2.667000,0.493940,-0.216678,-0.018305,-0.126911,0.022683,-0.142562,-4.310497,MOVE_JOINT
2.668000,0.493816,-0.216656,-0.018447,-0.126498,0.022250,-0.142682,-4.304383,MOVE_JOINT
2.669000,0.493689,-0.216632,-0.018590,-0.126228,0.022494,-0.142234,-4.295996,MOVE_JOINT
2.670000,0.493562,-0.216611,-0.018733,-0.126189,0.021975,-0.142511,-4.285634,MOVE_JOINT
2.671000,0.493437,-0.216587,-0.018875,-0.125444,0.022040,-0.141439,-4.273661,MOVE_JOINT
2.672000,0.493306,-0.216560,-0.019023,-0.127159,0.023727,-0.143678,-4.260471,MOVE_JOINT
2.673000,0.493183,-0.216538,-0.019162,-0.125609,0.023079,-0.141674,-4.246468,MOVE_JOINT
2.674000,0.493059,-0.216516,-0.019304,-0.125485,0.022731,-0.141927,-4.232041,MOVE_JOINT
2.675000,0.492932,-0.216493,-0.019447,-0.125499,0.022860,-0.142020,-4.217524,MOVE_JOINT
2.676000,0.492813,-0.216468,-0.019586,-0.124043,0.023146,-0.141283,-4.203179,MOVE_JOINT
2.677000,0.492687,-0.216443,-0.019729,-0.125080,0.024207,-0.142343,-4.189208,MOVE_JOINT
2.678000,0.492566,-0.216416,-0.019870,-0.123856,0.025487,-0.142180,-4.175771,MOVE_JOINT
2.679000,0.492442,-0.216391,-0.020014,-0.124058,0.025676,-0.142753,-4.163014,MOVE_JOINT
2.680000,0.492322,-0.216371,-0.020150,-0.122975,0.023819,-0.140795,-4.151091,MOVE_JOINT
2.681000,0.492194,-0.216341,-0.020296,-0.124229,0.025222,-0.142004,-4.140129,MOVE_JOINT
2.682000,0.492071,-0.216318,-0.020437,-0.123835,0.024887,-0.141262,-4.130184,MOVE_JOINT
2.683000,0.491947,-0.216294,-0.020577,-0.124170,0.024685,-0.141309,-4.121226,MOVE_JOINT
2.684000,0.491825,-0.216269,-0.020718,-0.123275,0.025213,-0.140842,-4.113149,MOVE_JOINT
2.685000,0.491699,-0.216243,-0.020862,-0.124523,0.025108,-0.142246,-4.105807,MOVE_JOINT
2.686000,0.491576,-0.216219,-0.021002,-0.123973,0.024418,-0.141085,-4.099060,MOVE_JOINT
2.687000,0.491453,-0.216194,-0.021142,-0.123416,0.024562,-0.140772,-4.092818,MOVE_JOINT
2.688000,0.491326,-0.216170,-0.021286,-0.124884,0.024181,-0.142002,-4.087024,MOVE_JOINT
2.689000,0.491200,-0.216142,-0.021431,-0.125190,0.025405,-0.142284,-4.081659,MOVE_JOINT
2.690000,0.491079,-0.216117,-0.021567,-0.123434,0.025544,-0.140671,-4.076759,MOVE_JOINT
2.691000,0.490955,-0.216089,-0.021710,-0.124108,0.025839,-0.141514,-4.072382,MOVE_JOINT
2.692000,0.490831,-0.216062,-0.021853,-0.123350,0.026579,-0.141542,-4.068566,MOVE_JOINT
2.693000,0.490707,-0.216036,-0.021991,-0.123518,0.025987,-0.140009,-4.065322,MOVE_JOINT
2.694000,0.490586,-0.216008,-0.022131,-0.123319,0.026345,-0.140127,-4.062607,MOVE_JOINT
2.695000,0.490463,-0.215981,-0.022270,-0.123503,0.027233,-0.140236,-4.060285,MOVE_JOINT
2.696000,0.490337,-0.215957,-0.022411,-0.124308,0.026207,-0.140571,-4.058131,MOVE_JOINT
2.697000,0.490214,-0.215932,-0.022550,-0.123711,0.025957,-0.139508,-4.055903,MOVE_JOINT
2.698000,0.490092,-0.215905,-0.022687,-0.122762,0.026377,-0.138877,-4.053366,MOVE_JOINT
2.699000,0.489965,-0.215878,-0.022828,-0.124430,0.026211,-0.139525,-4.050290,MOVE_JOINT
2.700000,0.489843,-0.215857,-0.022965,-0.123179,0.025035,-0.138168,-4.046452,MOVE_JOINT
2.701000,0.489719,-0.215833,-0.023101,-0.123562,0.024817,-0.137797,-4.041651,MOVE_JOINT
2.702000,0.489592,-0.215807,-0.023242,-0.124186,0.025006,-0.138207,-4.035700,MOVE_JOINT
2.703000,0.489469,-0.215788,-0.023377,-0.124305,0.023573,-0.137537,-4.028445,MOVE_JOINT
2.704000,0.489343,-0.215759,-0.023517,-0.124330,0.025583,-0.138075,-4.019797,MOVE_JOINT
2.705000,0.489215,-0.215737,-0.023657,-0.125407,0.024389,-0.138427,-4.009757,MOVE_JOINT
2.706000,0.489094,-0.215714,-0.023791,-0.124237,0.024644,-0.137721,-3.998440,MOVE_JOINT
2.707000,0.488970,-0.215686,-0.023931,-0.124465,0.025635,-0.138408,-3.986073,MOVE_JOINT
2.708000,0.488849,-0.215663,-0.024065,-0.122763,0.024990,-0.136876,-3.972968,MOVE_JOINT
2.709000,0.488725,-0.215636,-0.024203,-0.122918,0.025309,-0.137039,-3.959470,MOVE_JOINT
2.710000,0.488603,-0.215610,-0.024340,-0.122861,0.025195,-0.136547,-3.945906,MOVE_JOINT
2.711000,0.488483,-0.215585,-0.024475,-0.123323,0.024766,-0.136997,-3.932548,MOVE_JOINT
2.712000,0.488363,-0.215561,-0.024610,-0.121791,0.024525,-0.135390,-3.919610,MOVE_JOINT
2.713000,0.488238,-0.215538,-0.024746,-0.122775,0.024349,-0.136176,-3.907244,MOVE_JOINT
2.714000,0.488117,-0.215513,-0.024881,-0.122104,0.024085,-0.135571,-3.895537,MOVE_JOINT
2.715000,0.487995,-0.215489,-0.025017,-0.121579,0.024029,-0.134871,-3.884522,MOVE_JOINT
2.716000,0.487877,-0.215464,-0.025147,-0.119591,0.024148,-0.132749,-3.874169,MOVE_JOINT
2.717000,0.487756,-0.215442,-0.025281,-0.120060,0.023301,-0.132812,-3.864330,MOVE_JOINT
2.718000,0.487632,-0.215420,-0.025414,-0.120241,0.023282,-0.132149,-3.854713,MOVE_JOINT
2.719000,0.487510,-0.215396,-0.025547,-0.121370,0.023430,-0.132970,-3.844922,MOVE_JOINT
2.720000,0.487389,-0.215374,-0.025678,-0.121266,0.022986,-0.132320,-3.834542,MOVE_JOINT
2.721000,0.487266,-0.215349,-0.025810,-0.122195,0.023665,-0.133121,-3.823202,MOVE_JOINT
2.722000,0.487146,-0.215326,-0.025942,-0.121129,0.023211,-0.131757,-3.810623,MOVE_JOINT
2.723000,0.487021,-0.215301,-0.026075,-0.121414,0.023968,-0.131913,-3.796612,MOVE_JOINT
2.724000,0.486905,-0.215279,-0.026201,-0.119780,0.023266,-0.129953,-3.781033,MOVE_JOINT
2.725000,0.486785,-0.215252,-0.026333,-0.119960,0.024602,-0.130566,-3.763755,MOVE_JOINT
2.726000,0.486666,-0.215231,-0.026461,-0.120190,0.024067,-0.130518,-3.744653,MOVE_JOINT
2.727000,0.486544,-0.215208,-0.026596,-0.120331,0.024165,-0.131623,-3.723665,MOVE_JOINT
2.728000,0.486419,-0.215186,-0.026729,-0.120952,0.023754,-0.131320,-3.700870,MOVE_JOINT
2.729000,0.486301,-0.215159,-0.026859,-0.120427,0.024551,-0.131547,-3.676523,MOVE_JOINT
2.730000,0.486180,-0.215132,-0.026992,-0.121160,0.025114,-0.132167,-3.651021,MOVE_JOINT
2.731000,0.486058,-0.215108,-0.027125,-0.121323,0.024303,-0.132021,-3.624859,MOVE_JOINT
2.732000,0.485940,-0.215084,-0.027256,-0.120860,0.024500,-0.131793,-3.598590,MOVE_JOINT
2.733000,0.485815,-0.215061,-0.027391,-0.122779,0.023729,-0.133331,-3.572781,MOVE_JOINT
2.734000,0.485692,-0.215035,-0.027523,-0.122573,0.025056,-0.133089,-3.547991,MOVE_JOINT
2.735000,0.485572,-0.215008,-0.027656,-0.121717,0.025367,-0.132758,-3.524752,MOVE_JOINT
2.736000,0.485449,-0.214986,-0.027790,-0.122246,0.024618,-0.132838,-3.503531,MOVE_JOINT
2.737000,0.485325,-0.214961,-0.027923,-0.122659,0.025045,-0.133416,-3.484698,MOVE_JOINT
2.738000,0.485201,-0.214934,-0.028061,-0.124274,0.025098,-0.135212,-3.468546,MOVE_JOINT
2.739000,0.485078,-0.214911,-0.028195,-0.123673,0.024823,-0.135015,-3.455357,MOVE_JOINT
2.740000,0.484958,-0.214885,-0.028326,-0.121953,0.024771,-0.133202,-3.445426,MOVE_JOINT
2.741000,0.484836,-0.214861,-0.028462,-0.122140,0.024580,-0.133914,-3.439001,MOVE_JOINT
2.742000,0.484713,-0.214833,-0.028596,-0.121970,0.025647,-0.133836,-3.436198,MOVE_JOINT
2.743000,0.484592,-0.214810,-0.028727,-0.121692,0.024546,-0.132715,-3.436994,MOVE_JOINT
2.744000,0.484471,-0.214787,-0.028859,-0.121240,0.024446,-0.132434,-3.441236,MOVE_JOINT
2.745000,0.484344,-0.214765,-0.028995,-0.122739,0.023655,-0.133213,-3.448644,MOVE_JOINT
2.746000,0.484220,-0.214741,-0.029129,-0.123002,0.023582,-0.133459,-3.458861,MOVE_JOINT
2.747000,0.484095,-0.214718,-0.029264,-0.123997,0.023354,-0.134027,-3.471537,MOVE_JOINT
2.748000,0.483972,-0.214695,-0.029400,-0.123455,0.023086,-0.134148,-3.486385,MOVE_JOINT
2.749000,0.483840,-0.214673,-0.029540,-0.125248,0.023143,-0.135363,-3.503203,MOVE_JOINT
2.750000,0.483715,-0.214655,-0.029673,-0.125337,0.021516,-0.134859,-3.521891,MOVE_JOINT
2.751000,0.483594,-0.214630,-0.029805,-0.123756,0.022696,-0.134022,-3.542423,MOVE_JOINT
2.752000,0.483469,-0.214608,-0.029938,-0.124239,0.022826,-0.134105,-3.564783,MOVE_JOINT
2.753000,0.483340,-0.214587,-0.030076,-0.125423,0.022187,-0.134767,-3.588902,MOVE_JOINT
2.754000,0.483218,-0.214567,-0.030206,-0.124253,0.021639,-0.133015,-3.614634,MOVE_JOINT
2.755000,0.483095,-0.214545,-0.030338,-0.123699,0.021806,-0.132485,-3.641743,MOVE_JOINT
2.756000,0.482969,-0.214519,-0.030474,-0.125002,0.023269,-0.134185,-3.669882,MOVE_JOINT
2.757000,0.482847,-0.214498,-0.030605,-0.124356,0.022714,-0.133370,-3.698630,MOVE_JOINT
2.758000,0.482722,-0.214472,-0.030739,-0.124282,0.023599,-0.133266,-3.727582,MOVE_JOINT
2.759000,0.482596,-0.214452,-0.030872,-0.125060,0.022421,-0.133218,-3.756375,MOVE_JOINT
2.760000,0.482472,-0.214431,-0.031003,-0.125063,0.022279,-0.133066,-3.784690,MOVE_JOINT
2.761000,0.482349,-0.214406,-0.031135,-0.124420,0.022789,-0.132319,-3.812248,MOVE_JOINT
2.762000,0.482227,-0.214387,-0.031263,-0.124005,0.021467,-0.131226,-3.838796,MOVE_JOINT
2.763000,0.482100,-0.214366,-0.031395,-0.124575,0.021691,-0.131233,-3.864079,MOVE_JOINT
2.764000,0.481974,-0.214345,-0.031526,-0.125584,0.021341,-0.131550,-3.887830,MOVE_JOINT
2.765000,0.481852,-0.214325,-0.031652,-0.124392,0.020814,-0.129685,-3.909786,MOVE_JOINT
2.766000,0.481718,-0.214305,-0.031790,-0.127021,0.020436,-0.131809,-3.929719,MOVE_JOINT
2.767000,0.481588,-0.214286,-0.031923,-0.127263,0.019964,-0.131225,-3.947466,MOVE_JOINT
2.768000,0.481463,-0.214267,-0.032053,-0.126744,0.019653,-0.131034,-3.962980,MOVE_JOINT
2.769000,0.481334,-0.214243,-0.032187,-0.126940,0.020717,-0.131543,-3.976344,MOVE_JOINT
2.770000,0.481207,-0.214221,-0.032319,-0.126595,0.021599,-0.131640,-3.987745,MOVE_JOINT
2.771000,0.481080,-0.214200,-0.032452,-0.126425,0.020822,-0.131313,-3.997454,MOVE_JOINT
2.772000,0.480953,-0.214180,-0.032584,-0.125410,0.021147,-0.130809,-4.005787,MOVE_JOINT
2.773000,0.480826,-0.214160,-0.032713,-0.126006,0.020683,-0.130417,-4.013053,MOVE_JOINT
2.774000,0.480702,-0.214136,-0.032846,-0.125063,0.021183,-0.130495,-4.019513,MOVE_JOINT
2.775000,0.480575,-0.214111,-0.032978,-0.125432,0.022435,-0.130983,-4.025364,MOVE_JOINT
2.776000,0.480452,-0.214090,-0.033108,-0.123688,0.022236,-0.130141,-4.030769,MOVE_JOINT
2.777000,0.480324,-0.214068,-0.033242,-0.125077,0.022287,-0.130898,-4.035886,MOVE_JOINT
2.778000,0.480202,-0.214045,-0.033371,-0.124639,0.022451,-0.130779,-4.040868,MOVE_JOINT
2.779000,0.480078,-0.214020,-0.033504,-0.124405,0.023397,-0.131240,-4.045867,MOVE_JOINT
2.780000,0.479952,-0.214001,-0.033634,-0.124943,0.022109,-0.130705,-4.051041,MOVE_JOINT
2.781000,0.479823,-0.213979,-0.033766,-0.126643,0.022337,-0.131834,-4.056545,MOVE_JOINT
2.782000,0.479701,-0.213956,-0.033894,-0.124363,0.022960,-0.129970,-4.062507,MOVE_JOINT
2.783000,0.479576,-0.213934,-0.034021,-0.124581,0.022915,-0.129211,-4.068972,MOVE_JOINT
2.784000,0.479451,-0.213916,-0.034149,-0.125204,0.021692,-0.129062,-4.075842,MOVE_JOINT
2.785000,0.479328,-0.213891,-0.034278,-0.123843,0.022683,-0.128389,-4.082855,MOVE_JOINT
2.786000,0.479202,-0.213870,-0.034409,-0.124532,0.022522,-0.129209,-4.089647,MOVE_JOINT
2.787000,0.479083,-0.213850,-0.034534,-0.123029,0.021806,-0.127506,-4.095838,MOVE_JOINT
2.788000,0.478958,-0.213828,-0.034665,-0.124412,0.022112,-0.129406,-4.101101,MOVE_JOINT
2.789000,0.478838,-0.213806,-0.034792,-0.122815,0.022328,-0.128601,-4.105201,MOVE_JOINT
2.790000,0.478718,-0.213781,-0.034921,-0.121835,0.023073,-0.128378,-4.108050,MOVE_JOINT
2.791000,0.478601,-0.213762,-0.035044,-0.119797,0.022062,-0.126376,-4.109691,MOVE_JOINT
2.792000,0.478477,-0.213740,-0.035173,-0.120918,0.022015,-0.127150,-4.110224,MOVE_JOINT
2.793000,0.478354,-0.213715,-0.035304,-0.121155,0.022853,-0.127858,-4.109744,MOVE_JOINT
2.794000,0.478240,-0.213694,-0.035427,-0.118701,0.022647,-0.126136,-4.108349,MOVE_JOINT
2.795000,0.478118,-0.213670,-0.035557,-0.119336,0.022965,-0.126482,-4.106154,MOVE_JOINT
2.796000,0.478001,-0.213649,-0.035682,-0.118472,0.022918,-0.126424,-4.103256,MOVE_JOINT
2.797000,0.477878,-0.213626,-0.035812,-0.119479,0.022506,-0.126883,-4.099732,MOVE_JOINT
2.798000,0.477757,-0.213606,-0.035941,-0.120201,0.021683,-0.127439,-4.095684,MOVE_JOINT
2.799000,0.477637,-0.213584,-0.036067,-0.119773,0.021644,-0.126709,-4.091274,MOVE_JOINT
2.800000,0.477515,-0.213560,-0.036197,-0.121005,0.021853,-0.127873,-4.086718,MOVE_JOINT
2.801000,0.477399,-0.213538,-0.036320,-0.120229,0.021751,-0.127202,-4.082254,MOVE_JOINT
2.802000,0.477277,-0.213514,-0.036450,-0.120432,0.022324,-0.127956,-4.078127,MOVE_JOINT
2.803000,0.477157,-0.213489,-0.036581,-0.120334,0.023026,-0.128272,-4.074579,MOVE_JOINT
2.804000,0.477037,-0.213468,-0.036706,-0.120874,0.022608,-0.127889,-4.071848,MOVE_JOINT
2.805000,0.476921,-0.213442,-0.036831,-0.119430,0.023661,-0.126878,-4.070137,MOVE_JOINT
2.806000,0.476798,-0.213418,-0.036960,-0.120666,0.023949,-0.127927,-4.069547,MOVE_JOINT
2.807000,0.476679,-0.213396,-0.037087,-0.119901,0.023132,-0.126952,-4.070058,MOVE_JOINT
2.808000,0.476557,-0.213371,-0.037215,-0.120847,0.023469,-0.127047,-4.071552,MOVE_JOINT
2.809000,0.476437,-0.213347,-0.037343,-0.120885,0.023519,-0.127717,-4.073849,MOVE_JOINT
2.810000,0.476312,-0.213329,-0.037473,-0.121431,0.021531,-0.127860,-4.076752,MOVE_JOINT
2.811000,0.476189,-0.213304,-0.037602,-0.121812,0.022955,-0.128469,-4.080126,MOVE_JOINT
2.812000,0.476070,-0.213280,-0.037731,-0.121392,0.023371,-0.129008,-4.083953,MOVE_JOINT
2.813000,0.475945,-0.213262,-0.037860,-0.121992,0.022081,-0.128567,-4.088335,MOVE_JOINT
2.814000,0.475823,-0.213241,-0.037989,-0.122039,0.021332,-0.128525,-4.093455,MOVE_JOINT
2.815000,0.475700,-0.213218,-0.038118,-0.122396,0.021739,-0.128415,-4.099519,MOVE_JOINT
2.816000,0.475577,-0.213201,-0.038244,-0.122371,0.020857,-0.127383,-4.106677,MOVE_JOINT
2.817000,0.475453,-0.213179,-0.038373,-0.122238,0.020799,-0.127159,-4.114965,MOVE_JOINT
2.818000,0.475325,-0.213162,-0.038503,-0.124282,0.019406,-0.127733,-4.124274,MOVE_JOINT
2.819000,0.475200,-0.213141,-0.038629,-0.124516,0.020053,-0.127541,-4.134384,MOVE_JOINT
2.820000,0.475073,-0.213125,-0.038758,-0.125059,0.018518,-0.127769,-4.145024,MOVE_JOINT
2.821000,0.474951,-0.213105,-0.038885,-0.124669,0.019201,-0.127820,-4.155916,MOVE_JOINT
2.822000,0.474826,-0.213083,-0.039012,-0.124606,0.020139,-0.127463,-4.166814,MOVE_JOINT
2.823000,0.474704,-0.213062,-0.039136,-0.123765,0.020419,-0.126334,-4.177500,MOVE_JOINT
2.824000,0.474581,-0.213042,-0.039260,-0.124626,0.020463,-0.126404,-4.187727,MOVE_JOINT
2.825000,0.474458,-0.213024,-0.039382,-0.123820,0.019445,-0.124824,-4.197176,MOVE_JOINT
2.826000,0.474335,-0.213001,-0.039507,-0.123492,0.020479,-0.124686,-4.205453,MOVE_JOINT
2.827000,0.474215,-0.212983,-0.039625,-0.122830,0.019500,-0.122619,-4.212095,MOVE_JOINT
2.828000,0.474086,-0.212967,-0.039749,-0.124183,0.018005,-0.122669,-4.216571,MOVE_JOINT
2.829000,0.473961,-0.212948,-0.039873,-0.123929,0.018418,-0.122513,-4.218302,MOVE_JOINT
2.830000,0.473833,-0.212928,-0.039999,-0.125599,0.018578,-0.123675,-4.216736,MOVE_JOINT
2.831000,0.473711,-0.212912,-0.040119,-0.124100,0.017623,-0.121819,-4.211475,MOVE_JOINT
2.832000,0.473585,-0.212895,-0.040240,-0.125185,0.018323,-0.122181,-4.202315,MOVE_JOINT
2.833000,0.473457,-0.212877,-0.040364,-0.126373,0.018335,-0.123138,-4.189216,MOVE_JOINT
2.834000,0.473330,-0.212861,-0.040488,-0.126562,0.017995,-0.123018,-4.172286,MOVE_JOINT
2.835000,0.473202,-0.212845,-0.040610,-0.127160,0.017906,-0.123270,-4.151808,MOVE_JOINT
2.836000,0.473079,-0.212827,-0.040731,-0.126108,0.017469,-0.121984,-4.128228,MOVE_JOINT
2.837000,0.472951,-0.212807,-0.040855,-0.126413,0.018566,-0.122887,-4.102091,MOVE_JOINT
2.838000,0.472824,-0.212793,-0.040976,-0.126218,0.017408,-0.122274,-4.073973,MOVE_JOINT
2.839000,0.472697,-0.212775,-0.041100,-0.127059,0.017797,-0.122965,-4.044461,MOVE_JOINT
2.840000,0.472574,-0.212755,-0.041219,-0.125412,0.018343,-0.121497,-4.014133,MOVE_JOINT
2.841000,0.472448,-0.212741,-0.041341,-0.125985,0.016900,-0.121658,-3.983520,MOVE_JOINT
2.842000,0.472325,-0.212723,-0.041461,-0.125067,0.017401,-0.121340,-3.953062,MOVE_JOINT
2.843000,0.472197,-0.212704,-0.041584,-0.125789,0.017916,-0.121445,-3.923123,MOVE_JOINT
2.844000,0.472071,-0.212685,-0.041706,-0.125036,0.017337,-0.120712,-3.894010,MOVE_JOINT
2.845000,0.471952,-0.212665,-0.041821,-0.123889,0.018184,-0.119755,-3.865957,MOVE_JOINT
2.846000,0.471826,-0.212648,-0.041943,-0.125361,0.018092,-0.120790,-3.839105,MOVE_JOINT
2.847000,0.471697,-0.212628,-0.042064,-0.126313,0.018522,-0.120609,-3.813509,MOVE_JOINT
2.848000,0.471573,-0.212609,-0.042181,-0.125641,0.018571,-0.119570,-3.789170,MOVE_JOINT
2.849000,0.471450,-0.212592,-0.042297,-0.125034,0.018114,-0.118625,-3.766025,MOVE_JOINT
2.850000,0.471322,-0.212578,-0.042416,-0.126750,0.017527,-0.119518,-3.743910,MOVE_JOINT
2.851000,0.471199,-0.212560,-0.042533,-0.125804,0.017536,-0.118680,-3.722590,MOVE_JOINT
2.852000,0.471073,-0.212544,-0.042652,-0.126012,0.017169,-0.118951,-3.701822,MOVE_JOINT
2.853000,0.470952,-0.212527,-0.042767,-0.124285,0.016879,-0.117732,-3.681402,MOVE_JOINT
2.854000,0.470824,-0.212510,-0.042888,-0.125841,0.016801,-0.118881,-3.661188,MOVE_JOINT
2.855000,0.470705,-0.212493,-0.043004,-0.123885,0.016488,-0.117858,-3.641117,MOVE_JOINT
2.856000,0.470576,-0.212476,-0.043127,-0.125559,0.016185,-0.119076,-3.621232,MOVE_JOINT
2.857000,0.470453,-0.212459,-0.043245,-0.124311,0.015679,-0.118145,-3.601691,MOVE_JOINT
2.858000,0.470330,-0.212442,-0.043362,-0.124784,0.016102,-0.118348,-3.582755,MOVE_JOINT
2.859000,0.470208,-0.212427,-0.043479,-0.124766,0.015181,-0.118227,-3.564727,MOVE_JOINT
2.860000,0.470083,-0.212409,-0.043599,-0.124729,0.016032,-0.118676,-3.547904,MOVE_JOINT
2.861000,0.469958,-0.212396,-0.043716,-0.124593,0.015301,-0.118052,-3.532559,MOVE_JOINT
2.862000,0.469833,-0.212379,-0.043835,-0.124961,0.015823,-0.118494,-3.518928,MOVE_JOINT
2.863000,0.469706,-0.212364,-0.043956,-0.125887,0.015939,-0.119319,-3.507204,MOVE_JOINT
2.864000,0.469580,-0.212348,-0.044077,-0.126311,0.015666,-0.120010,-3.497556,MOVE_JOINT
2.865000,0.469453,-0.212334,-0.044198,-0.125037,0.015508,-0.119389,-3.490169,MOVE_JOINT
2.866000,0.469332,-0.212315,-0.044316,-0.124469,0.016399,-0.119143,-3.485247,MOVE_JOINT
2.867000,0.469208,-0.212298,-0.044437,-0.124905,0.016209,-0.119871,-3.482963,MOVE_JOINT
2.868000,0.469086,-0.212281,-0.044555,-0.124466,0.016681,-0.119574,-3.483430,MOVE_JOINT
2.869000,0.468960,-0.212264,-0.044676,-0.124637,0.016827,-0.119747,-3.486699,MOVE_JOINT
2.870000,0.468835,-0.212247,-0.044797,-0.125437,0.016947,-0.120085,-3.492768,MOVE_JOINT
2.871000,0.468713,-0.212230,-0.044914,-0.124869,0.017608,-0.119531,-3.501575,MOVE_JOINT
2.872000,0.468586,-0.212213,-0.045036,-0.125171,0.017392,-0.120050,-3.512983,MOVE_JOINT
2.873000,0.468463,-0.212193,-0.045153,-0.124577,0.017970,-0.119806,-3.526786,MOVE_JOINT
2.874000,0.468340,-0.212177,-0.045273,-0.123917,0.017220,-0.119170,-3.542736,MOVE_JOINT
2.875000,0.468212,-0.212159,-0.045394,-0.124716,0.017446,-0.119497,-3.560552,MOVE_JOINT
2.876000,0.468085,-0.212142,-0.045515,-0.125750,0.017075,-0.119944,-3.579928,MOVE_JOINT
2.877000,0.467958,-0.212124,-0.045637,-0.125709,0.016853,-0.120099,-3.600558,MOVE_JOINT
2.878000,0.467829,-0.212106,-0.045761,-0.126498,0.017246,-0.120851,-3.622195,MOVE_JOINT
2.879000,0.467703,-0.212088,-0.045882,-0.127210,0.017686,-0.121632,-3.644686,MOVE_JOINT
2.880000,0.467578,-0.212071,-0.046001,-0.125846,0.017244,-0.120593,-3.667987,MOVE_JOINT
2.881000,0.467451,-0.212056,-0.046123,-0.125473,0.016725,-0.120688,-3.692121,MOVE_JOINT
2.882000,0.467324,-0.212032,-0.046249,-0.125261,0.018686,-0.121540,-3.717136,MOVE_JOINT
2.883000,0.467199,-0.212015,-0.046369,-0.125252,0.017927,-0.120830,-3.743088,MOVE_JOINT
2.884000,0.467080,-0.211993,-0.046487,-0.124028,0.019177,-0.120574,-3.770023,MOVE_JOINT
2.885000,0.466961,-0.211976,-0.046604,-0.122836,0.018039,-0.119297,-3.797928,MOVE_JOINT
2.886000,0.466833,-0.211956,-0.046727,-0.124180,0.018309,-0.120347,-3.826683,MOVE_JOINT
2.887000,0.466713,-0.211938,-0.046845,-0.121982,0.018227,-0.118909,-3.856071,MOVE_JOINT
2.888000,0.466588,-0.211918,-0.046968,-0.123291,0.018598,-0.119983,-3.885809,MOVE_JOINT
2.889000,0.466470,-0.211896,-0.047085,-0.121559,0.019554,-0.118939,-3.915575,MOVE_JOINT
2.890000,0.466346,-0.211873,-0.047208,-0.122513,0.020297,-0.120005,-3.945050,MOVE_JOINT
2.891000,0.466226,-0.211854,-0.047325,-0.122398,0.020337,-0.119910,-3.973948,MOVE_JOINT
2.892000,0.466107,-0.211836,-0.047441,-0.121540,0.019685,-0.118984,-4.002057,MOVE_JOINT
2.893000,0.465986,-0.211815,-0.047560,-0.121552,0.020116,-0.118937,-4.029232,MOVE_JOINT
2.894000,0.465864,-0.211798,-0.047676,-0.122154,0.019182,-0.118298,-4.055360,MOVE_JOINT
2.895000,0.465742,-0.211778,-0.047795,-0.122236,0.019485,-0.118580,-4.080333,MOVE_JOINT
2.896000,0.465619,-0.211759,-0.047915,-0.122280,0.019190,-0.118564,-4.104049,MOVE_JOINT
2.897000,0.465495,-0.211741,-0.048032,-0.123275,0.018974,-0.118671,-4.126441,MOVE_JOINT
2.898000,0.465373,-0.211720,-0.048151,-0.123159,0.019630,-0.118806,-4.147499,MOVE_JOINT
2.899000,0.465253,-0.211701,-0.048268,-0.122137,0.019922,-0.118275,-4.167271,MOVE_JOINT
2.900000,0.465134,-0.211685,-0.048383,-0.120356,0.018590,-0.116473,-4.185840,MOVE_JOINT
2.901000,0.465011,-0.211664,-0.048502,-0.120953,0.019142,-0.117081,-4.203273,MOVE_JOINT
2.902000,0.464892,-0.211646,-0.048617,-0.119823,0.019108,-0.116040,-4.219581,MOVE_JOINT
2.903000,0.464771,-0.211628,-0.048735,-0.120122,0.018726,-0.116573,-4.234729,MOVE_JOINT
2.904000,0.464649,-0.211612,-0.048851,-0.120311,0.017839,-0.116267,-4.248670,MOVE_JOINT
2.905000,0.464527,-0.211593,-0.048969,-0.120394,0.018103,-0.116694,-4.261391,MOVE_JOINT
2.906000,0.464406,-0.211575,-0.049085,-0.120894,0.018027,-0.116592,-4.272942,MOVE_JOINT
2.907000,0.464280,-0.211555,-0.049205,-0.122197,0.017936,-0.117558,-4.283442,MOVE_JOINT
2.908000,0.464163,-0.211537,-0.049318,-0.120540,0.017936,-0.115830,-4.293062,MOVE_JOINT
2.909000,0.464035,-0.211516,-0.049440,-0.123002,0.018586,-0.117435,-4.301979,MOVE_JOINT
2.910000,0.463914,-0.211501,-0.049553,-0.122874,0.018144,-0.117090,-4.310326,MOVE_JOINT
2.911000,0.463791,-0.211480,-0.049670,-0.122886,0.018640,-0.116746,-4.318191,MOVE_JOINT
2.912000,0.463668,-0.211466,-0.049785,-0.123316,0.017529,-0.116596,-4.325620,MOVE_JOINT
2.913000,0.463546,-0.211444,-0.049899,-0.122632,0.018557,-0.115459,-4.332598,MOVE_JOINT
2.914000,0.463415,-0.211428,-0.050020,-0.125372,0.018194,-0.116860,-4.339038,MOVE_JOINT
2.915000,0.463292,-0.211407,-0.050135,-0.124687,0.018806,-0.116847,-4.344812,MOVE_JOINT
2.916000,0.463168,-0.211388,-0.050250,-0.124067,0.018901,-0.115897,-4.349813,MOVE_JOINT
2.917000,0.463043,-0.211371,-0.050365,-0.124170,0.018422,-0.115551,-4.353982,MOVE_JOINT
2.918000,0.462927,-0.211351,-0.050472,-0.121160,0.019191,-0.113003,-4.357266,MOVE_JOINT
2.919000,0.462799,-0.211331,-0.050590,-0.122802,0.019379,-0.114316,-4.359537,MOVE_JOINT
2.920000,0.462676,-0.211314,-0.050701,-0.122741,0.018841,-0.113422,-4.360593,MOVE_JOINT
2.921000,0.462554,-0.211296,-0.050813,-0.122361,0.018623,-0.113131,-4.360219,MOVE_JOINT
2.922000,0.462430,-0.211278,-0.050928,-0.122398,0.018055,-0.113113,-4.358248,MOVE_JOINT
2.923000,0.462308,-0.211261,-0.051040,-0.122216,0.017774,-0.112815,-4.354602,MOVE_JOINT
2.924000,0.462182,-0.211245,-0.051156,-0.123255,0.017383,-0.113487,-4.349320,MOVE_JOINT
2.925000,0.462062,-0.211226,-0.051268,-0.123171,0.017616,-0.113623,-4.342579,MOVE_JOINT
2.926000,0.461937,-0.211212,-0.051383,-0.124069,0.017000,-0.114132,-4.334698,MOVE_JOINT
2.927000,0.461814,-0.211196,-0.051495,-0.123289,0.016681,-0.112903,-4.326114,MOVE_JOINT
2.928000,0.461690,-0.211177,-0.051609,-0.123024,0.017409,-0.113082,-4.317302,MOVE_JOINT
2.929000,0.461566,-0.211163,-0.051721,-0.123229,0.016129,-0.112534,-4.308687,MOVE_JOINT
2.930000,0.461439,-0.211145,-0.051837,-0.123805,0.017183,-0.113483,-4.300604,MOVE_JOINT
2.931000,0.461319,-0.211130,-0.051948,-0.122041,0.016338,-0.112061,-4.293307,MOVE_JOINT
2.932000,0.461196,-0.211117,-0.052062,-0.122645,0.015378,-0.112556,-4.286976,MOVE_JOINT
2.933000,0.461075,-0.211100,-0.052175,-0.122647,0.015827,-0.112954,-4.281724,MOVE_JOINT
2.934000,0.460953,-0.211085,-0.052289,-0.123268,0.015892,-0.113801,-4.277630,MOVE_JOINT
2.935000,0.460831,-0.211072,-0.052399,-0.122047,0.015386,-0.112381,-4.274787,MOVE_JOINT
2.936000,0.460711,-0.211055,-0.052512,-0.121381,0.016119,-0.112254,-4.273271,MOVE_JOINT
2.937000,0.460589,-0.211039,-0.052625,-0.120984,0.015670,-0.111829,-4.273076,MOVE_JOINT
2.938000,0.460464,-0.211024,-0.052739,-0.122790,0.015407,-0.113175,-4.274087,MOVE_JOINT
2.939000,0.460344,-0.211007,-0.052851,-0.122105,0.016009,-0.112737,-4.276127,MOVE_JOINT
2.940000,0.460224,-0.210990,-0.052961,-0.121911,0.016614,-0.112389,-4.279000,MOVE_JOINT
2.941000,0.460099,-0.210977,-0.053072,-0.122570,0.015979,-0.112105,-4.282481,MOVE_JOINT
2.942000,0.459974,-0.210961,-0.053185,-0.123317,0.016048,-0.111994,-4.286278,MOVE_JOINT
2.943000,0.459852,-0.210943,-0.053296,-0.123639,0.016484,-0.112175,-4.290021,MOVE_JOINT
2.944000,0.459731,-0.210925,-0.053407,-0.122393,0.017150,-0.111140,-4.293285,MOVE_JOINT
2.945000,0.459604,-0.210913,-0.053519,-0.123942,0.015406,-0.111611,-4.295623,MOVE_JOINT
2.946000,0.459480,-0.210898,-0.053631,-0.124080,0.015531,-0.111907,-4.296607,MOVE_JOINT
2.947000,0.459350,-0.210883,-0.053747,-0.126087,0.015394,-0.113300,-4.295902,MOVE_JOINT
2.948000,0.459227,-0.210866,-0.053859,-0.125186,0.016011,-0.113383,-4.293357,MOVE_JOINT
2.949000,0.459105,-0.210853,-0.053969,-0.124394,0.015115,-0.112107,-4.289037,MOVE_JOINT
2.950000,0.458985,-0.210836,-0.054079,-0.122628,0.016192,-0.111397,-4.283149,MOVE_JOINT
2.951000,0.458856,-0.210823,-0.054194,-0.124813,0.015349,-0.112461,-4.275930,MOVE_JOINT
2.952000,0.458738,-0.210809,-0.054301,-0.122422,0.014760,-0.110580,-4.267579,MOVE_JOINT
2.953000,0.458616,-0.210795,-0.054409,-0.122866,0.014279,-0.110179,-4.258246,MOVE_JOINT
2.954000,0.458493,-0.210784,-0.054517,-0.122960,0.012906,-0.109480,-4.247993,MOVE_JOINT
2.955000,0.458369,-0.210769,-0.054629,-0.123225,0.013849,-0.110164,-4.236777,MOVE_JOINT
2.956000,0.458252,-0.210757,-0.054734,-0.121651,0.013396,-0.108803,-4.224488,MOVE_JOINT
2.957000,0.458125,-0.210744,-0.054848,-0.122836,0.012831,-0.110097,-4.211019,MOVE_JOINT
2.958000,0.458005,-0.210733,-0.054955,-0.121771,0.012214,-0.108559,-4.196316,MOVE_JOINT
2.959000,0.457889,-0.210721,-0.055060,-0.120826,0.012005,-0.108108,-4.180390,MOVE_JOINT
2.960000,0.457764,-0.210711,-0.055169,-0.121532,0.011563,-0.107965,-4.163291,MOVE_JOINT
2.961000,0.457645,-0.210698,-0.055277,-0.120984,0.012330,-0.108137,-4.145086,MOVE_JOINT
2.962000,0.457526,-0.210686,-0.055381,-0.120119,0.011839,-0.106719,-4.125869,MOVE_JOINT
2.963000,0.457407,-0.210673,-0.055487,-0.120683,0.012280,-0.107048,-4.105752,MOVE_JOINT
2.964000,0.457290,-0.210661,-0.055590,-0.119434,0.012070,-0.105697,-4.084831,MOVE_JOINT
2.965000,0.457174,-0.210649,-0.055693,-0.118533,0.012248,-0.104954,-4.063142,MOVE_JOINT
2.966000,0.457056,-0.210638,-0.055797,-0.119037,0.011698,-0.104771,-4.040649,MOVE_JOINT
2.967000,0.456937,-0.210626,-0.055903,-0.118718,0.012068,-0.104947,-4.017272,MOVE_JOINT
2.968000,0.456825,-0.210612,-0.056005,-0.116843,0.012564,-0.103904,-3.992947,MOVE_JOINT
2.969000,0.456711,-0.210600,-0.056106,-0.116257,0.012286,-0.103834,-3.967677,MOVE_JOINT
2.970000,0.456591,-0.210587,-0.056214,-0.116778,0.012433,-0.104355,-3.941556,MOVE_JOINT
2.971000,0.456475,-0.210571,-0.056319,-0.117543,0.013452,-0.105208,-3.914801,MOVE_JOINT
2.972000,0.456363,-0.210561,-0.056421,-0.115674,0.012595,-0.103986,-3.887780,MOVE_JOINT
2.973000,0.456249,-0.210545,-0.056525,-0.115280,0.013404,-0.103869,-3.860978,MOVE_JOINT
2.974000,0.456132,-0.210530,-0.056631,-0.116389,0.014011,-0.105033,-3.834920,MOVE_JOINT
2.975000,0.456023,-0.210514,-0.056733,-0.113865,0.014514,-0.103764,-3.810125,MOVE_JOINT
2.976000,0.455902,-0.210499,-0.056841,-0.115883,0.014900,-0.104893,-3.787091,MOVE_JOINT
2.977000,0.455791,-0.210483,-0.056942,-0.114308,0.015530,-0.103973,-3.766263,MOVE_JOINT
2.978000,0.455683,-0.210470,-0.057042,-0.112374,0.014470,-0.102524,-3.747987,MOVE_JOINT
2.979000,0.455563,-0.210452,-0.057149,-0.115483,0.015670,-0.104653,-3.732469,MOVE_JOINT
2.980000,0.455447,-0.210438,-0.057254,-0.114699,0.015124,-0.103916,-3.719787,MOVE_JOINT
2.981000,0.455332,-0.210424,-0.057359,-0.114516,0.014897,-0.103657,-3.709937,MOVE_JOINT
2.982000,0.455218,-0.210407,-0.057462,-0.114482,0.015691,-0.103966,-3.702862,MOVE_JOINT
2.983000,0.455105,-0.210391,-0.057566,-0.114094,0.015801,-0.103689,-3.698446,MOVE_JOINT
2.984000,0.454996,-0.210376,-0.057667,-0.112472,0.015760,-0.103139,-3.696525,MOVE_JOINT
2.985000,0.454879,-0.210362,-0.057773,-0.113589,0.015326,-0.103636,-3.696901,MOVE_JOINT
2.986000,0.454771,-0.210346,-0.057873,-0.111452,0.015303,-0.101864,-3.699362,MOVE_JOINT
2.987000,0.454655,-0.210331,-0.057976,-0.112619,0.015493,-0.102246,-3.703660,MOVE_JOINT
2.988000,0.454548,-0.210314,-0.058075,-0.111102,0.015410,-0.101083,-3.709469,MOVE_JOINT
2.989000,0.454432,-0.210294,-0.058180,-0.111819,0.017012,-0.101914,-3.716372,MOVE_JOINT
2.990000,0.454324,-0.210280,-0.058277,-0.110528,0.016188,-0.100496,-3.723899,MOVE_JOINT
2.991000,0.454212,-0.210262,-0.058378,-0.110848,0.016580,-0.100250,-3.731562,MOVE_JOINT
2.992000,0.454111,-0.210246,-0.058471,-0.108646,0.016355,-0.098325,-3.738842,MOVE_JOINT
2.993000,0.453996,-0.210230,-0.058573,-0.110173,0.016180,-0.099644,-3.745185,MOVE_JOINT
2.994000,0.453884,-0.210214,-0.058674,-0.110413,0.016653,-0.099892,-3.750057,MOVE_JOINT
2.995000,0.453774,-0.210198,-0.058772,-0.110687,0.016379,-0.099461,-3.753057,MOVE_JOINT
2.996000,0.453663,-0.210183,-0.058872,-0.111072,0.015768,-0.099608,-3.753974,MOVE_JOINT
2.997000,0.453550,-0.210168,-0.058973,-0.111633,0.015469,-0.100465,-3.752788,MOVE_JOINT
2.998000,0.453437,-0.210151,-0.059076,-0.112232,0.015678,-0.101061,-3.749679,MOVE_JOINT
2.999000,0.453328,-0.210134,-0.059175,-0.111037,0.015790,-0.100227,-3.745037,MOVE_JOINT
3.000000,0.453219,-0.210121,-0.059273,-0.110505,0.015196,-0.099787,-3.739399,MOVE_JOINT
3.001000,0.453106,-0.210102,-0.059374,-0.110609,0.016150,-0.099600,-3.733318,MOVE_JOINT
3.002000,0.453003,-0.210086,-0.059468,-0.108776,0.015889,-0.097928,-3.727245,MOVE_JOINT
3.003000,0.452889,-0.210070,-0.059571,-0.110306,0.015721,-0.099301,-3.721459,MOVE_JOINT
3.004000,0.452774,-0.210054,-0.059673,-0.111299,0.015724,-0.099859,-3.716091,MOVE_JOINT
3.005000,0.452666,-0.210038,-0.059771,-0.110455,0.016024,-0.099684,-3.711219,MOVE_JOINT
3.006000,0.452557,-0.210024,-0.059870,-0.109737,0.015408,-0.098847,-3.706941,MOVE_JOINT
3.007000,0.452443,-0.210007,-0.059973,-0.110909,0.016225,-0.100121,-3.703360,MOVE_JOINT
3.008000,0.452329,-0.209992,-0.060075,-0.111700,0.016405,-0.101020,-3.700580,MOVE_JOINT
3.009000,0.452220,-0.209975,-0.060174,-0.110209,0.016801,-0.100057,-3.698738,MOVE_JOINT
3.010000,0.452113,-0.209964,-0.060271,-0.109448,0.015368,-0.099190,-3.698009,MOVE_JOINT
3.011000,0.451998,-0.209948,-0.060373,-0.111054,0.015185,-0.100001,-3.698531,MOVE_JOINT
3.012000,0.451887,-0.209933,-0.060474,-0.110714,0.015258,-0.099940,-3.700368,MOVE_JOINT
3.013000,0.451770,-0.209921,-0.060574,-0.112011,0.014913,-0.099949,-3.703531,MOVE_JOINT
3.014000,0.451660,-0.209908,-0.060673,-0.112571,0.014339,-0.100100,-3.707992,MOVE_JOINT
3.015000,0.451547,-0.209893,-0.060770,-0.112583,0.015001,-0.099493,-3.713680,MOVE_JOINT
3.016000,0.451434,-0.209880,-0.060869,-0.112799,0.014191,-0.099326,-3.720455,MOVE_JOINT
3.017000,0.451319,-0.209869,-0.060968,-0.113582,0.013291,-0.099166,-3.728107,MOVE_JOINT
3.018000,0.451204,-0.209854,-0.061069,-0.113876,0.013360,-0.099625,-3.736369,MOVE_JOINT
3.019000,0.451093,-0.209838,-0.061168,-0.113363,0.013947,-0.099436,-3.744974,MOVE_JOINT
3.020000,0.450978,-0.209827,-0.061267,-0.114025,0.013358,-0.099441,-3.753694,MOVE_JOINT
3.021000,0.450863,-0.209812,-0.061366,-0.114059,0.013783,-0.099221,-3.762356,MOVE_JOINT
3.022000,0.450747,-0.209800,-0.061467,-0.114859,0.012799,-0.099595,-3.770829,MOVE_JOINT
3.023000,0.450634,-0.209788,-0.061566,-0.114024,0.012249,-0.099148,-3.779031,MOVE_JOINT
3.024000,0.450514,-0.209775,-0.061670,-0.115609,0.012579,-0.100318,-3.786953,MOVE_JOINT
3.025000,0.450400,-0.209758,-0.061771,-0.114943,0.013452,-0.100038,-3.794680,MOVE_JOINT
3.026000,0.450285,-0.209744,-0.061872,-0.115396,0.013993,-0.100789,-3.802391,MOVE_JOINT
3.027000,0.450172,-0.209729,-0.061974,-0.114649,0.013796,-0.100867,-3.810335,MOVE_JOINT
3.028000,0.450053,-0.209714,-0.062076,-0.116410,0.014607,-0.101605,-3.818824,MOVE_JOINT
3.029000,0.449937,-0.209701,-0.062176,-0.117171,0.014125,-0.101384,-3.828208,MOVE_JOINT
3.030000,0.449820,-0.209688,-0.062277,-0.116670,0.013850,-0.100781,-3.838813,MOVE_JOINT
3.031000,0.449705,-0.209672,-0.062376,-0.116415,0.014699,-0.100581,-3.850857,MOVE_JOINT
3.032000,0.449589,-0.209662,-0.062475,-0.115715,0.013250,-0.099556,-3.864408,MOVE_JOINT
3.033000,0.449470,-0.209648,-0.062576,-0.116782,0.013526,-0.100397,-3.879390,MOVE_JOINT
3.034000,0.449352,-0.209631,-0.062679,-0.117213,0.013930,-0.100727,-3.895642,MOVE_JOINT
3.035000,0.449237,-0.209618,-0.062776,-0.116039,0.013930,-0.099354,-3.912971,MOVE_JOINT
3.036000,0.449122,-0.209604,-0.062876,-0.115545,0.014449,-0.099694,-3.931174,MOVE_JOINT
3.037000,0.449006,-0.209589,-0.062977,-0.116246,0.014448,-0.100204,-3.950022,MOVE_JOINT
3.038000,0.448887,-0.209575,-0.063078,-0.117547,0.014353,-0.100714,-3.969310,MOVE_JOINT
3.039000,0.448773,-0.209561,-0.063175,-0.116656,0.014232,-0.099792,-3.988908,MOVE_JOINT
3.040000,0.448653,-0.209548,-0.063275,-0.117915,0.013719,-0.099559,-4.008742,MOVE_JOINT
3.041000,0.448540,-0.209533,-0.063369,-0.116886,0.014174,-0.098617,-4.028722,MOVE_JOINT
3.042000,0.448418,-0.209519,-0.063470,-0.118522,0.014030,-0.099380,-4.048679,MOVE_JOINT
3.043000,0.448305,-0.209505,-0.063565,-0.116774,0.013870,-0.097640,-4.068359,MOVE_JOINT
3.044000,0.448188,-0.209490,-0.063664,-0.117012,0.014124,-0.098052,-4.087455,MOVE_JOINT
3.045000,0.448073,-0.209478,-0.063758,-0.116283,0.013550,-0.096514,-4.105640,MOVE_JOINT
3.046000,0.447953,-0.209464,-0.063857,-0.117569,0.013979,-0.097527,-4.122580,MOVE_JOINT
3.047000,0.447839,-0.209451,-0.063952,-0.116931,0.013750,-0.097185,-4.137978,MOVE_JOINT
3.048000,0.447720,-0.209438,-0.064049,-0.117931,0.013445,-0.097437,-4.151639,MOVE_JOINT
3.049000,0.447599,-0.209421,-0.064150,-0.118700,0.014331,-0.098159,-4.163525,MOVE_JOINT
3.050000,0.447490,-0.209405,-0.064243,-0.115473,0.014761,-0.096621,-4.173755,MOVE_JOINT
3.051000,0.447373,-0.209391,-0.064341,-0.115693,0.014353,-0.096927,-4.182566,MOVE_JOINT
3.052000,0.447253,-0.209374,-0.064442,-0.116848,0.015315,-0.098005,-4.190259,MOVE_JOINT
3.053000,0.447138,-0.209359,-0.064540,-0.117329,0.015192,-0.098508,-4.197196,MOVE_JOINT
3.054000,0.447024,-0.209344,-0.064635,-0.115823,0.015185,-0.097406,-4.203823,MOVE_JOINT
3.055000,0.446909,-0.209330,-0.064730,-0.114937,0.015066,-0.096318,-4.210611,MOVE_JOINT
3.056000,0.446787,-0.209318,-0.064830,-0.117403,0.014043,-0.097363,-4.217957,MOVE_JOINT
3.057000,0.446672,-0.209301,-0.064926,-0.116966,0.014895,-0.097174,-4.226106,MOVE_JOINT
3.058000,0.446559,-0.209286,-0.065021,-0.115250,0.015131,-0.096307,-4.235164,MOVE_JOINT
3.059000,0.446445,-0.209272,-0.065115,-0.115545,0.014409,-0.095901,-4.245112,MOVE_JOINT
3.060000,0.446327,-0.209259,-0.065212,-0.116206,0.014357,-0.096150,-4.255806,MOVE_JOINT
3.061000,0.446213,-0.209249,-0.065306,-0.115498,0.012880,-0.095375,-4.267010,MOVE_JOINT
3.062000,0.446099,-0.209232,-0.065401,-0.115215,0.014034,-0.095400,-4.278433,MOVE_JOINT
3.063000,0.445981,-0.209218,-0.065498,-0.115934,0.013683,-0.095562,-4.289764,MOVE_JOINT
3.064000,0.445866,-0.209206,-0.065592,-0.115701,0.013034,-0.095034,-4.300711,MOVE_JOINT
3.065000,0.445750,-0.209191,-0.065688,-0.116120,0.013330,-0.095311,-4.311013,MOVE_JOINT
3.066000,0.445635,-0.209177,-0.065781,-0.115926,0.013596,-0.094833,-4.320460,MOVE_JOINT
3.067000,0.445518,-0.209167,-0.065876,-0.116466,0.011907,-0.094960,-4.328886,MOVE_JOINT
3.068000,0.445407,-0.209153,-0.065968,-0.114427,0.012417,-0.093467,-4.336160,MOVE_JOINT
3.069000,0.445293,-0.209140,-0.066061,-0.113772,0.013085,-0.093095,-4.342142,MOVE_JOINT
3.070000,0.445183,-0.209128,-0.066150,-0.111899,0.012735,-0.091671,-4.346628,MOVE_JOINT
3.071000,0.445070,-0.209116,-0.066242,-0.112118,0.012833,-0.091721,-4.349329,MOVE_JOINT
3.072000,0.444957,-0.209102,-0.066332,-0.112802,0.013430,-0.091639,-4.349901,MOVE_JOINT
3.073000,0.444845,-0.209090,-0.066424,-0.112379,0.013106,-0.091614,-4.348010,MOVE_JOINT
3.074000,0.444739,-0.209076,-0.066513,-0.111095,0.013210,-0.090876,-4.343400,MOVE_JOINT
3.075000,0.444629,-0.209062,-0.066606,-0.111049,0.013554,-0.091860,-4.335941,MOVE_JOINT
3.076000,0.444522,-0.209050,-0.066696,-0.110201,0.013258,-0.091471,-4.325672,MOVE_JOINT
3.077000,0.444415,-0.209035,-0.066787,-0.109660,0.013830,-0.091477,-4.312827,MOVE_JOINT
3.078000,0.444306,-0.209022,-0.066878,-0.109671,0.013347,-0.091405,-4.297820,MOVE_JOINT
3.079000,0.444195,-0.209010,-0.066971,-0.109903,0.012804,-0.091576,-4.281177,MOVE_JOINT
3.080000,0.444090,-0.208995,-0.067060,-0.108629,0.013072,-0.090874,-4.263472,MOVE_JOINT
3.081000,0.443984,-0.208981,-0.067149,-0.108029,0.013699,-0.090416,-4.245267,MOVE_JOINT
3.082000,0.443877,-0.208969,-0.067237,-0.108141,0.013137,-0.090128,-4.227040,MOVE_JOINT
3.083000,0.443770,-0.208952,-0.067328,-0.107893,0.013695,-0.090045,-4.209139,MOVE_JOINT
3.084000,0.443665,-0.208941,-0.067417,-0.106715,0.013545,-0.090033,-4.191782,MOVE_JOINT
3.085000,0.443561,-0.208930,-0.067503,-0.106503,0.012719,-0.089233,-4.175090,MOVE_JOINT
3.086000,0.443452,-0.208918,-0.067596,-0.107203,0.012000,-0.089915,-4.159124,MOVE_JOINT
3.087000,0.443350,-0.208909,-0.067681,-0.105427,0.011102,-0.088123,-4.143908,MOVE_JOINT
3.088000,0.443244,-0.208896,-0.067771,-0.105464,0.011640,-0.088354,-4.129419,MOVE_JOINT
3.089000,0.443142,-0.208883,-0.067858,-0.105321,0.011940,-0.088232,-4.115562,MOVE_JOINT
3.090000,0.443037,-0.208870,-0.067947,-0.105272,0.012107,-0.088764,-4.102193,MOVE_JOINT
3.091000,0.442933,-0.208856,-0.068035,-0.104683,0.012897,-0.088655,-4.089178,MOVE_JOINT
3.092000,0.442835,-0.208846,-0.068119,-0.103038,0.012334,-0.086904,-4.076439,MOVE_JOINT
3.093000,0.442732,-0.208834,-0.068206,-0.103276,0.012611,-0.087318,-4.063922,MOVE_JOINT
3.094000,0.442626,-0.208818,-0.068295,-0.104214,0.013560,-0.087629,-4.051540,MOVE_JOINT
3.095000,0.442525,-0.208808,-0.068379,-0.104023,0.012250,-0.087171,-4.039171,MOVE_JOINT
3.096000,0.442421,-0.208797,-0.068466,-0.104226,0.012150,-0.087432,-4.026698,MOVE_JOINT
3.097000,0.442316,-0.208783,-0.068553,-0.104157,0.012709,-0.086856,-4.014035,MOVE_JOINT
3.098000,0.442215,-0.208770,-0.068636,-0.103051,0.012553,-0.085563,-4.001108,MOVE_JOINT
3.099000,0.442109,-0.208759,-0.068724,-0.104231,0.012298,-0.086444,-3.987819,MOVE_JOINT
3.100000,0.442003,-0.208748,-0.068811,-0.105300,0.011697,-0.086903,-3.974051,MOVE_JOINT
3.101000,0.441901,-0.208735,-0.068897,-0.104002,0.012065,-0.086459,-3.959752,MOVE_JOINT
3.102000,0.441799,-0.208722,-0.068982,-0.103598,0.012376,-0.086021,-3.944990,MOVE_JOINT
3.103000,0.441694,-0.208708,-0.069069,-0.103488,0.012864,-0.086297,-3.929930,MOVE_JOINT
3.104000,0.441591,-0.208693,-0.069156,-0.102867,0.013386,-0.086090,-3.914787,MOVE_JOINT
3.105000,0.441485,-0.208678,-0.069247,-0.104032,0.014206,-0.087433,-3.899822,MOVE_JOINT
3.106000,0.441384,-0.208667,-0.069330,-0.103440,0.012821,-0.086417,-3.885361,MOVE_JOINT
3.107000,0.441281,-0.208652,-0.069419,-0.103510,0.014099,-0.087258,-3.871795,MOVE_JOINT
3.108000,0.441179,-0.208638,-0.069505,-0.103107,0.013644,-0.086977,-3.859545,MOVE_JOINT
3.109000,0.441075,-0.208624,-0.069593,-0.103468,0.014235,-0.087485,-3.849036,MOVE_JOINT
3.110000,0.440973,-0.208611,-0.069680,-0.103121,0.013951,-0.087401,-3.840682,MOVE_JOINT
3.111000,0.440868,-0.208599,-0.069768,-0.103659,0.013235,-0.087423,-3.834864,MOVE_JOINT
3.112000,0.440765,-0.208583,-0.069856,-0.103387,0.014139,-0.087617,-3.831897,MOVE_JOINT
3.113000,0.440664,-0.208569,-0.069942,-0.103449,0.014737,-0.087658,-3.832010,MOVE_JOINT
3.114000,0.440566,-0.208554,-0.070026,-0.101886,0.014843,-0.086709,-3.835328,MOVE_JOINT
3.115000,0.440464,-0.208539,-0.070113,-0.102580,0.014708,-0.086900,-3.841863,MOVE_JOINT
3.116000,0.440365,-0.208522,-0.070198,-0.102381,0.015326,-0.086890,-3.851488,MOVE_JOINT
3.117000,0.440262,-0.208506,-0.070285,-0.102046,0.015273,-0.086438,-3.863955,MOVE_JOINT
3.118000,0.440158,-0.208492,-0.070373,-0.102553,0.015021,-0.086684,-3.878923,MOVE_JOINT
3.119000,0.440063,-0.208475,-0.070455,-0.100153,0.015529,-0.085344,-3.895985,MOVE_JOINT
3.120000,0.439958,-0.208462,-0.070543,-0.100985,0.015053,-0.085860,-3.914684,MOVE_JOINT
3.121000,0.439856,-0.208447,-0.070629,-0.101765,0.015055,-0.086062,-3.934530,MOVE_JOINT
3.122000,0.439752,-0.208430,-0.070715,-0.101838,0.015697,-0.085999,-3.955048,MOVE_JOINT
3.123000,0.439651,-0.208416,-0.070800,-0.100956,0.015096,-0.084905,-3.975811,MOVE_JOINT
3.124000,0.439553,-0.208399,-0.070882,-0.100229,0.015937,-0.084286,-3.996414,MOVE_JOINT
3.125000,0.439458,-0.208384,-0.070961,-0.098649,0.015930,-0.082664,-4.016405,MOVE_JOINT
3.126000,0.439361,-0.208368,-0.071042,-0.098529,0.016396,-0.082375,-4.035240,MOVE_JOINT
3.127000,0.439259,-0.208351,-0.071124,-0.099821,0.016460,-0.082367,-4.052275,MOVE_JOINT
3.128000,0.439161,-0.208338,-0.071203,-0.098968,0.015607,-0.081195,-4.066822,MOVE_JOINT
3.129000,0.439061,-0.208320,-0.071286,-0.099447,0.015978,-0.081726,-4.078218,MOVE_JOINT
3.130000,0.438964,-0.208305,-0.071366,-0.098891,0.015305,-0.080966,-4.085900,MOVE_JOINT
3.131000,0.438862,-0.208292,-0.071448,-0.099473,0.014891,-0.081222,-4.089478,MOVE_JOINT
3.132000,0.438765,-0.208278,-0.071526,-0.098092,0.014300,-0.079893,-4.088771,MOVE_JOINT
3.133000,0.438666,-0.208259,-0.071609,-0.098382,0.014797,-0.080525,-4.083780,MOVE_JOINT
3.134000,0.438567,-0.208246,-0.071690,-0.098351,0.014381,-0.080575,-4.074675,MOVE_JOINT
3.135000,0.438475,-0.208231,-0.071766,-0.096143,0.014245,-0.078879,-4.061791,MOVE_JOINT
3.136000,0.438371,-0.208215,-0.071850,-0.098109,0.014705,-0.080163,-4.045598,MOVE_JOINT
3.137000,0.438276,-0.208202,-0.071928,-0.097468,0.014425,-0.079671,-4.026653,MOVE_JOINT
3.138000,0.438178,-0.208185,-0.072008,-0.097485,0.015140,-0.079556,-4.005561,MOVE_JOINT
3.139000,0.438084,-0.208169,-0.072085,-0.096427,0.015369,-0.079122,-3.982952,MOVE_JOINT
3.140000,0.437981,-0.208156,-0.072167,-0.098605,0.014585,-0.080161,-3.959433,MOVE_JOINT
3.141000,0.437885,-0.208143,-0.072246,-0.097800,0.014160,-0.079644,-3.935594,MOVE_JOINT
3.142000,0.437788,-0.208126,-0.072326,-0.098188,0.014611,-0.080209,-3.912016,MOVE_JOINT
3.143000,0.437689,-0.208111,-0.072406,-0.098386,0.015023,-0.080179,-3.889272,MOVE_JOINT
3.144000,0.437593,-0.208098,-0.072483,-0.097152,0.014411,-0.078695,-3.867882,MOVE_JOINT
3.145000,0.437494,-0.208081,-0.072564,-0.098349,0.015324,-0.079941,-3.848249,MOVE_JOINT
3.146000,0.437404,-0.208064,-0.072642,-0.096682,0.015799,-0.079566,-3.830623,MOVE_JOINT
3.147000,0.437309,-0.208050,-0.072719,-0.096259,0.015518,-0.078938,-3.815148,MOVE_JOINT
3.148000,0.437210,-0.208034,-0.072799,-0.096866,0.015767,-0.079362,-3.801898,MOVE_JOINT
3.149000,0.437116,-0.208020,-0.072878,-0.096124,0.015449,-0.079016,-3.790879,MOVE_JOINT
3.150000,0.437023,-0.208005,-0.072956,-0.095127,0.015462,-0.078856,-3.782037,MOVE_JOINT
3.151000,0.436933,-0.207990,-0.073029,-0.092840,0.014923,-0.076821,-3.775256,MOVE_JOINT
3.152000,0.436838,-0.207979,-0.073107,-0.093462,0.013918,-0.077253,-3.770336,MOVE_JOINT
3.153000,0.436747,-0.207964,-0.073184,-0.092828,0.014194,-0.076789,-3.766974,MOVE_JOINT
3.154000,0.436649,-0.207950,-0.073264,-0.094889,0.014155,-0.077912,-3.764805,MOVE_JOINT
3.155000,0.436561,-0.207934,-0.073339,-0.093013,0.014939,-0.077460,-3.763483,MOVE_JOINT
3.156000,0.436472,-0.207924,-0.073410,-0.091376,0.013116,-0.075234,-3.762731,MOVE_JOINT
3.157000,0.436380,-0.207912,-0.073485,-0.091578,0.013085,-0.075203,-3.762301,MOVE_JOINT
3.158000,0.436291,-0.207897,-0.073558,-0.090792,0.013711,-0.074462,-3.761897,MOVE_JOINT
3.159000,0.436200,-0.207884,-0.073632,-0.090929,0.013365,-0.074247,-3.761146,MOVE_JOINT
3.160000,0.436109,-0.207870,-0.073706,-0.090696,0.013735,-0.074141,-3.759643,MOVE_JOINT
3.161000,0.436020,-0.207860,-0.073777,-0.089178,0.012835,-0.072641,-3.756995,MOVE_JOINT
3.162000,0.435934,-0.207845,-0.073847,-0.087817,0.013297,-0.071590,-3.752841,MOVE_JOINT
3.163000,0.435851,-0.207837,-0.073916,-0.086558,0.011781,-0.070511,-3.746804,MOVE_JOINT
3.164000,0.435764,-0.207821,-0.073988,-0.086429,0.012667,-0.070787,-3.738490,MOVE_JOINT
3.165000,0.435677,-0.207809,-0.074061,-0.086629,0.012105,-0.071436,-3.727548,MOVE_JOINT
3.166000,0.435592,-0.207798,-0.074131,-0.085340,0.011824,-0.070673,-3.713792,MOVE_JOINT
3.167000,0.435508,-0.207785,-0.074202,-0.084797,0.011926,-0.070262,-3.697262,MOVE_JOINT
3.168000,0.435423,-0.207773,-0.074274,-0.085224,0.011705,-0.070876,-3.678188,MOVE_JOINT
3.169000,0.435339,-0.207758,-0.074346,-0.084070,0.012623,-0.070642,-3.656943,MOVE_JOINT
3.170000,0.435258,-0.207748,-0.074417,-0.083692,0.011625,-0.070846,-3.634011,MOVE_JOINT
3.171000,0.435171,-0.207732,-0.074493,-0.084744,0.013110,-0.072479,-3.609991,MOVE_JOINT
3.172000,0.435089,-0.207718,-0.074565,-0.084518,0.013525,-0.072583,-3.585611,MOVE_JOINT
3.173000,0.435004,-0.207705,-0.074637,-0.085445,0.013159,-0.072929,-3.561725,MOVE_JOINT
3.174000,0.434922,-0.207691,-0.074709,-0.084118,0.013193,-0.072196,-3.539241,MOVE_JOINT
3.175000,0.434840,-0.207679,-0.074780,-0.084177,0.013016,-0.072315,-3.518999,MOVE_JOINT
3.176000,0.434761,-0.207664,-0.074851,-0.083303,0.013404,-0.072213,-3.501672,MOVE_JOINT
3.177000,0.434680,-0.207650,-0.074921,-0.082992,0.013437,-0.071705,-3.487735,MOVE_JOINT
3.178000,0.434598,-0.207636,-0.074995,-0.082800,0.013945,-0.072364,-3.477469,MOVE_JOINT
3.179000,0.434516,-0.207620,-0.075067,-0.081860,0.014605,-0.071894,-3.470986,MOVE_JOINT
3.180000,0.434434,-0.207605,-0.075141,-0.081551,0.015256,-0.072443,-3.468276,MOVE_JOINT
3.181000,0.434348,-0.207593,-0.075216,-0.083181,0.014008,-0.073360,-3.469267,MOVE_JOINT
3.182000,0.434271,-0.207578,-0.075287,-0.081134,0.014425,-0.072235,-3.473874,MOVE_JOINT
3.183000,0.434191,-0.207563,-0.075358,-0.081569,0.014768,-0.072662,-3.482007,MOVE_JOINT
3.184000,0.434111,-0.207546,-0.075432,-0.081171,0.015551,-0.072779,-3.493539,MOVE_JOINT
3.185000,0.434028,-0.207530,-0.075506,-0.081019,0.015821,-0.073113,-3.508296,MOVE_JOINT
3.186000,0.433946,-0.207517,-0.075578,-0.081330,0.014925,-0.072735,-3.526082,MOVE_JOINT
3.187000,0.433865,-0.207502,-0.075650,-0.080587,0.015102,-0.072359,-3.546682,MOVE_JOINT
3.188000,0.433784,-0.207489,-0.075720,-0.080413,0.014311,-0.071442,-3.569822,MOVE_JOINT
3.189000,0.433698,-0.207473,-0.075794,-0.081919,0.014575,-0.072135,-3.595129,MOVE_JOINT
3.190000,0.433617,-0.207454,-0.075865,-0.081342,0.015735,-0.071538,-3.622118,MOVE_JOINT
3.191000,0.433535,-0.207441,-0.075936,-0.081255,0.014474,-0.070800,-3.650220,MOVE_JOINT
3.192000,0.433450,-0.207423,-0.076009,-0.082406,0.015039,-0.071336,-3.678802,MOVE_JOINT
3.193000,0.433369,-0.207409,-0.076079,-0.082415,0.014387,-0.071080,-3.707200,MOVE_JOINT
3.194000,0.433290,-0.207393,-0.076148,-0.081657,0.014955,-0.070478,-3.734779,MOVE_JOINT
3.195000,0.433205,-0.207376,-0.076219,-0.082888,0.015509,-0.070909,-3.760968,MOVE_JOINT
3.196000,0.433120,-0.207363,-0.076290,-0.083578,0.014767,-0.070991,-3.785276,MOVE_JOINT
3.197000,0.433036,-0.207347,-0.076363,-0.084562,0.015197,-0.071779,-3.807324,MOVE_JOINT
3.198000,0.432956,-0.207333,-0.076431,-0.082258,0.015080,-0.070324,-3.826881,MOVE_JOINT
3.199000,0.432875,-0.207320,-0.076500,-0.082124,0.013840,-0.069635,-3.843857,MOVE_JOINT
3.200000,0.432794,-0.207304,-0.076570,-0.081182,0.014251,-0.069244,-3.858237,MOVE_JOINT
3.201000,0.432709,-0.207291,-0.076641,-0.082502,0.014339,-0.070112,-3.870023,MOVE_JOINT
3.202000,0.432626,-0.207276,-0.076713,-0.082635,0.014589,-0.070759,-3.879258,MOVE_JOINT
3.203000,0.432543,-0.207263,-0.076783,-0.082685,0.014251,-0.070743,-3.886106,MOVE_JOINT
3.204000,0.432460,-0.207247,-0.076855,-0.082936,0.014566,-0.071045,-3.890892,MOVE_JOINT
3.205000,0.432376,-0.207232,-0.076927,-0.083127,0.014513,-0.071202,-3.894073,MOVE_JOINT
3.206000,0.432292,-0.207218,-0.076999,-0.083180,0.014348,-0.070898,-3.896184,MOVE_JOINT
3.207000,0.432210,-0.207203,-0.077070,-0.082936,0.014608,-0.070888,-3.897779,MOVE_JOINT
3.208000,0.432128,-0.207189,-0.077141,-0.081710,0.014719,-0.070371,-3.899359,MOVE_JOINT
3.209000,0.432042,-0.207169,-0.077216,-0.083245,0.016105,-0.071932,-3.901349,MOVE_JOINT
3.210000,0.431961,-0.207156,-0.077286,-0.082635,0.015058,-0.071156,-3.904113,MOVE_JOINT
3.211000,0.431873,-0.207142,-0.077359,-0.084546,0.014968,-0.072241,-3.907990,MOVE_JOINT
3.212000,0.431788,-0.207125,-0.077431,-0.083869,0.015668,-0.071829,-3.913294,MOVE_JOINT
3.213000,0.431704,-0.207109,-0.077503,-0.083998,0.015779,-0.071766,-3.920293,MOVE_JOINT
3.214000,0.431624,-0.207092,-0.077572,-0.083631,0.015715,-0.071430,-3.929173,MOVE_JOINT
3.215000,0.431541,-0.207078,-0.077642,-0.083273,0.015363,-0.070807,-3.940009,MOVE_JOINT
3.216000,0.431456,-0.207061,-0.077714,-0.083578,0.015916,-0.071224,-3.952746,MOVE_JOINT
3.217000,0.431374,-0.207045,-0.077784,-0.082401,0.015992,-0.070161,-3.967214,MOVE_JOINT
3.218000,0.431291,-0.207031,-0.077855,-0.082664,0.015709,-0.070425,-3.983150,MOVE_JOINT
3.219000,0.431209,-0.207018,-0.077923,-0.081832,0.015057,-0.069520,-4.000215,MOVE_JOINT
3.220000,0.431121,-0.207003,-0.077996,-0.083283,0.014814,-0.070130,-4.018026,MOVE_JOINT
3.221000,0.431040,-0.206988,-0.078064,-0.082973,0.015078,-0.069630,-4.036188,MOVE_JOINT
3.222000,0.430959,-0.206971,-0.078131,-0.082295,0.015748,-0.069145,-4.054317,MOVE_JOINT
3.223000,0.430877,-0.206955,-0.078200,-0.082737,0.015959,-0.069142,-4.072024,MOVE_JOINT
3.224000,0.430797,-0.206940,-0.078267,-0.081206,0.015929,-0.068193,-4.088911,MOVE_JOINT
3.225000,0.430718,-0.206925,-0.078333,-0.080974,0.015694,-0.067954,-4.104577,MOVE_JOINT
3.226000,0.430637,-0.206911,-0.078399,-0.080796,0.015145,-0.067364,-4.118623,MOVE_JOINT
3.227000,0.430562,-0.206894,-0.078463,-0.079387,0.015646,-0.066436,-4.130654,MOVE_JOINT
3.228000,0.430485,-0.206877,-0.078527,-0.078939,0.015369,-0.065431,-4.140273,MOVE_JOINT
3.229000,0.430404,-0.206867,-0.078593,-0.079148,0.014001,-0.065458,-4.147081,MOVE_JOINT
3.230000,0.430330,-0.206855,-0.078653,-0.077371,0.013270,-0.063636,-4.150707,MOVE_JOINT
3.231000,0.430250,-0.206838,-0.078720,-0.078479,0.014316,-0.064815,-4.150858,MOVE_JOINT
3.232000,0.430170,-0.206828,-0.078785,-0.079312,0.013146,-0.065135,-4.147365,MOVE_JOINT
3.233000,0.430089,-0.206813,-0.078852,-0.079791,0.013764,-0.065873,-4.140258,MOVE_JOINT
3.234000,0.430014,-0.206799,-0.078916,-0.078260,0.014028,-0.065196,-4.129829,MOVE_JOINT
3.235000,0.429938,-0.206786,-0.078979,-0.077803,0.013711,-0.064578,-4.116598,MOVE_JOINT
3.236000,0.429863,-0.206773,-0.079043,-0.077575,0.013226,-0.064781,-4.101217,MOVE_JOINT
3.237000,0.429784,-0.206761,-0.079108,-0.078344,0.013031,-0.065327,-4.084370,MOVE_JOINT
3.238000,0.429701,-0.206745,-0.079176,-0.079699,0.014614,-0.066091,-4.066773,MOVE_JOINT
3.239000,0.429625,-0.206737,-0.079240,-0.078776,0.012406,-0.065081,-4.049174,MOVE_JOINT
3.240000,0.429545,-0.206722,-0.079307,-0.079102,0.013267,-0.065739,-4.032326,MOVE_JOINT
3.241000,0.429467,-0.206709,-0.079372,-0.078734,0.013229,-0.065881,-4.016936,MOVE_JOINT
3.242000,0.429392,-0.206698,-0.079433,-0.077570,0.012558,-0.064260,-4.003635,MOVE_JOINT
3.243000,0.429313,-0.206686,-0.079499,-0.078131,0.012228,-0.064761,-3.992928,MOVE_JOINT
3.244000,0.429235,-0.206672,-0.079566,-0.078975,0.012907,-0.065854,-3.985143,MOVE_JOINT
3.245000,0.429159,-0.206662,-0.079628,-0.078069,0.011819,-0.064770,-3.980460,MOVE_JOINT
3.246000,0.429084,-0.206649,-0.079693,-0.077432,0.011796,-0.064558,-3.978970,MOVE_JOINT
3.247000,0.429006,-0.206638,-0.079758,-0.077815,0.012241,-0.064876,-3.980679,MOVE_JOINT
3.248000,0.428929,-0.206625,-0.079820,-0.077582,0.012713,-0.064549,-3.985508,MOVE_JOINT
3.249000,0.428854,-0.206612,-0.079883,-0.076614,0.012649,-0.063837,-3.993296,MOVE_JOINT
3.250000,0.428784,-0.206599,-0.079943,-0.075362,0.012756,-0.063254,-4.003790,MOVE_JOINT
3.251000,0.428706,-0.206585,-0.080008,-0.075727,0.012826,-0.063721,-4.016628,MOVE_JOINT
3.252000,0.428632,-0.206573,-0.080070,-0.074319,0.012625,-0.062683,-4.031371,MOVE_JOINT
3.253000,0.428561,-0.206563,-0.080130,-0.074049,0.012112,-0.062394,-4.047535,MOVE_JOINT
3.254000,0.428487,-0.206549,-0.080192,-0.073562,0.012502,-0.062085,-4.064613,MOVE_JOINT
3.255000,0.428418,-0.206534,-0.080251,-0.072715,0.013446,-0.061237,-4.082068,MOVE_JOINT
3.256000,0.428344,-0.206524,-0.080313,-0.072074,0.011705,-0.060664,-4.099333,MOVE_JOINT
3.257000,0.428275,-0.206512,-0.080372,-0.070358,0.012215,-0.060066,-4.115815,MOVE_JOINT
3.258000,0.428201,-0.206498,-0.080434,-0.071738,0.012682,-0.060905,-4.130951,MOVE_JOINT
3.259000,0.428131,-0.206485,-0.080494,-0.071295,0.012738,-0.060470,-4.144276,MOVE_JOINT
3.260000,0.428057,-0.206471,-0.080555,-0.072223,0.012646,-0.060596,-4.155463,MOVE_JOINT
3.261000,0.427991,-0.206460,-0.080612,-0.070386,0.012386,-0.059384,-4.164306,MOVE_JOINT
3.262000,0.427920,-0.206448,-0.080670,-0.070605,0.012536,-0.059006,-4.170666,MOVE_JOINT
3.263000,0.427848,-0.206438,-0.080729,-0.071634,0.011895,-0.059242,-4.174432,MOVE_JOINT
3.264000,0.427776,-0.206428,-0.080787,-0.072066,0.011272,-0.058790,-4.175517,MOVE_JOINT
3.265000,0.427711,-0.206418,-0.080841,-0.070671,0.010250,-0.057285,-4.173874,MOVE_JOINT
3.266000,0.427636,-0.206406,-0.080900,-0.072001,0.010151,-0.057982,-4.169485,MOVE_JOINT
3.267000,0.427570,-0.206396,-0.080955,-0.070556,0.010086,-0.057104,-4.162362,MOVE_JOINT
3.268000,0.427496,-0.206385,-0.081015,-0.071702,0.010180,-0.058022,-4.152590,MOVE_JOINT
3.269000,0.427428,-0.206382,-0.081068,-0.070990,0.008324,-0.056480,-4.140369,MOVE_JOINT
3.270000,0.427357,-0.206371,-0.081125,-0.070624,0.008685,-0.056334,-4.126011,MOVE_JOINT
3.271000,0.427280,-0.206365,-0.081185,-0.071854,0.007835,-0.057167,-4.109889,MOVE_JOINT
3.272000,0.427216,-0.206354,-0.081238,-0.069657,0.008809,-0.055899,-4.092416,MOVE_JOINT
3.273000,0.427147,-0.206343,-0.081295,-0.069642,0.009316,-0.056306,-4.074042,MOVE_JOINT
3.274000,0.427077,-0.206335,-0.081351,-0.068657,0.009189,-0.055657,-4.055232,MOVE_JOINT
3.275000,0.427005,-0.206328,-0.081409,-0.069551,0.008886,-0.056641,-4.036443,MOVE_JOINT
3.276000,0.426937,-0.206321,-0.081465,-0.068862,0.009048,-0.056231,-4.018131,MOVE_JOINT
3.277000,0.426865,-0.206310,-0.081525,-0.069978,0.009962,-0.057553,-4.000777,MOVE_JOINT
3.278000,0.426792,-0.206301,-0.081584,-0.070900,0.009404,-0.057874,-3.984908,MOVE_JOINT
3.279000,0.426721,-0.206294,-0.081642,-0.071296,0.008844,-0.057983,-3.971090,MOVE_JOINT
3.280000,0.426654,-0.206285,-0.081698,-0.069881,0.008937,-0.057106,-3.959894,MOVE_JOINT
3.281000,0.426586,-0.206278,-0.081754,-0.069256,0.008638,-0.056594,-3.951801,MOVE_JOINT
3.282000,0.426516,-0.206268,-0.081812,-0.069950,0.009047,-0.057382,-3.947133,MOVE_JOINT
3.283000,0.426447,-0.206259,-0.081868,-0.069549,0.008459,-0.056497,-3.946030,MOVE_JOINT
3.284000,0.426374,-0.206248,-0.081927,-0.069918,0.009162,-0.057134,-3.948481,MOVE_JOINT
3.285000,0.426310,-0.206241,-0.081980,-0.068156,0.008275,-0.055666,-3.954334,MOVE_JOINT
3.286000,0.426240,-0.206231,-0.082036,-0.068681,0.008790,-0.055797,-3.963302,MOVE_JOINT
3.287000,0.426175,-0.206224,-0.082089,-0.067200,0.008852,-0.054615,-3.974954,MOVE_JOINT
3.288000,0.426107,-0.206213,-0.082146,-0.067165,0.009037,-0.054677,-3.988703,MOVE_JOINT
3.289000,0.426044,-0.206205,-0.082197,-0.065705,0.008572,-0.053753,-4.003833,MOVE_JOINT
3.290000,0.425973,-0.206196,-0.082253,-0.067720,0.008790,-0.054780,-4.019555,MOVE_JOINT
3.291000,0.425910,-0.206186,-0.082307,-0.065877,0.009340,-0.054101,-4.035097,MOVE_JOINT
3.292000,0.425847,-0.206176,-0.082358,-0.064685,0.009716,-0.053414,-4.049773,MOVE_JOINT
3.293000,0.425780,-0.206165,-0.082414,-0.065414,0.009989,-0.053984,-4.063003,MOVE_JOINT
3.294000,0.425714,-0.206153,-0.082469,-0.065219,0.010873,-0.054282,-4.074318,MOVE_JOINT
3.295000,0.425648,-0.206143,-0.082523,-0.065113,0.010589,-0.053618,-4.083381,MOVE_JOINT
3.296000,0.425583,-0.206135,-0.082576,-0.065322,0.009487,-0.053681,-4.089989,MOVE_JOINT
3.297000,0.425518,-0.206124,-0.082630,-0.065213,0.009920,-0.053496,-4.094046,MOVE_JOINT
3.298000,0.425456,-0.206114,-0.082683,-0.064641,0.009451,-0.053316,-4.095527,MOVE_JOINT
3.299000,0.425393,-0.206105,-0.082735,-0.064249,0.009310,-0.052863,-4.094462,MOVE_JOINT
3.300000,0.425331,-0.206093,-0.082788,-0.063134,0.010313,-0.052776,-4.090910,MOVE_JOINT
3.301000,0.425265,-0.206084,-0.082842,-0.064312,0.009407,-0.052933,-4.084943,MOVE_JOINT
3.302000,0.425207,-0.206077,-0.082891,-0.062576,0.008288,-0.051495,-4.076637,MOVE_JOINT
3.303000,0.425144,-0.206067,-0.082943,-0.062306,0.008732,-0.051400,-4.066054,MOVE_JOINT
3.304000,0.425080,-0.206058,-0.082996,-0.063191,0.009442,-0.052270,-4.053218,MOVE_JOINT
3.305000,0.425019,-0.206048,-0.083046,-0.062691,0.009803,-0.051793,-4.038145,MOVE_JOINT
3.306000,0.424953,-0.206039,-0.083100,-0.064466,0.009675,-0.052695,-4.020899,MOVE_JOINT
3.307000,0.424893,-0.206031,-0.083149,-0.062812,0.009222,-0.051668,-4.001618,MOVE_JOINT
3.308000,0.424827,-0.206023,-0.083202,-0.064798,0.008471,-0.052374,-3.980520,MOVE_JOINT
3.309000,0.424762,-0.206011,-0.083256,-0.066176,0.009600,-0.053395,-3.957897,MOVE_JOINT
3.310000,0.424698,-0.206004,-0.083308,-0.065089,0.008623,-0.052946,-3.934135,MOVE_JOINT
3.311000,0.424633,-0.205996,-0.083361,-0.065057,0.008578,-0.052916,-3.909718,MOVE_JOINT
3.312000,0.424570,-0.205986,-0.083412,-0.064525,0.008952,-0.052559,-3.885199,MOVE_JOINT
3.313000,0.424507,-0.205979,-0.083464,-0.063870,0.007985,-0.052114,-3.861140,MOVE_JOINT
3.314000,0.424441,-0.205972,-0.083517,-0.064668,0.007752,-0.052247,-3.838051,MOVE_JOINT
3.315000,0.424378,-0.205961,-0.083570,-0.063870,0.008827,-0.052539,-3.816380,MOVE_JOINT
3.316000,0.424313,-0.205954,-0.083622,-0.064666,0.008150,-0.052385,-3.796526,MOVE_JOINT
3.317000,0.424247,-0.205948,-0.083675,-0.065265,0.007540,-0.052524,-3.778852,MOVE_JOINT
3.318000,0.424178,-0.205940,-0.083729,-0.065933,0.008269,-0.053168,-3.763675,MOVE_JOINT
3.319000,0.424115,-0.205931,-0.083782,-0.065567,0.008582,-0.053382,-3.751271,MOVE_JOINT
3.320000,0.424051,-0.205924,-0.083835,-0.065558,0.008545,-0.053374,-3.741887,MOVE_JOINT
3.321000,0.423990,-0.205917,-0.083885,-0.064770,0.007879,-0.052770,-3.735740,MOVE_JOINT
3.322000,0.423925,-0.205911,-0.083938,-0.065161,0.007771,-0.053055,-3.732982,MOVE_JOINT
3.323000,0.423859,-0.205902,-0.083992,-0.065331,0.007849,-0.053212,-3.733680,MOVE_JOINT
3.324000,0.423794,-0.205895,-0.084045,-0.065266,0.007380,-0.053078,-3.737815,MOVE_JOINT
3.325000,0.423731,-0.205886,-0.084097,-0.064188,0.008308,-0.052572,-3.745299,MOVE_JOINT
3.326000,0.423671,-0.205880,-0.084147,-0.062518,0.007775,-0.051411,-3.755961,MOVE_JOINT
3.327000,0.423605,-0.205871,-0.084202,-0.063348,0.008042,-0.052210,-3.769512,MOVE_JOINT
3.328000,0.423539,-0.205862,-0.084255,-0.063599,0.008100,-0.052189,-3.785554,MOVE_JOINT
3.329000,0.423475,-0.205853,-0.084308,-0.063861,0.008249,-0.052439,-3.803632,MOVE_JOINT
3.330000,0.423413,-0.205844,-0.084360,-0.064243,0.008869,-0.052809,-3.823295,MOVE_JOINT
3.331000,0.423351,-0.205839,-0.084409,-0.063251,0.007491,-0.051642,-3.844114,MOVE_JOINT
3.332000,0.423287,-0.205833,-0.084461,-0.063878,0.007078,-0.051701,-3.865663,MOVE_JOINT
3.333000,0.423230,-0.205825,-0.084508,-0.061420,0.007821,-0.050140,-3.887481,MOVE_JOINT
3.334000,0.423162,-0.205816,-0.084561,-0.063032,0.007878,-0.051004,-3.909040,MOVE_JOINT
3.335000,0.423102,-0.205809,-0.084609,-0.062392,0.007448,-0.050125,-3.929765,MOVE_JOINT
3.336000,0.423043,-0.205803,-0.084657,-0.061596,0.007179,-0.049503,-3.949073,MOVE_JOINT
3.337000,0.422979,-0.205793,-0.084708,-0.062603,0.008100,-0.050246,-3.966404,MOVE_JOINT
3.338000,0.422922,-0.205787,-0.084754,-0.060114,0.007759,-0.048630,-3.981261,MOVE_JOINT
3.339000,0.422859,-0.205779,-0.084804,-0.061590,0.007395,-0.049319,-3.993227,MOVE_JOINT
3.340000,0.422801,-0.205772,-0.084852,-0.060938,0.007284,-0.049448,-4.001994,MOVE_JOINT
3.341000,0.422740,-0.205767,-0.084900,-0.060705,0.006750,-0.048834,-4.007392,MOVE_JOINT
3.342000,0.422684,-0.205759,-0.084948,-0.059390,0.006749,-0.048411,-4.009402,MOVE_JOINT
3.343000,0.422620,-0.205751,-0.084999,-0.060526,0.006716,-0.048972,-4.008122,MOVE_JOINT
3.344000,0.422560,-0.205745,-0.085047,-0.059706,0.006189,-0.048216,-4.003735,MOVE_JOINT
3.345000,0.422499,-0.205737,-0.085096,-0.059808,0.006618,-0.048386,-3.996499,MOVE_JOINT
3.346000,0.422441,-0.205729,-0.085144,-0.059222,0.006736,-0.048247,-3.986727,MOVE_JOINT
3.347000,0.422375,-0.205720,-0.085197,-0.060319,0.007821,-0.048913,-3.974767,MOVE_JOINT
3.348000,0.422318,-0.205716,-0.085240,-0.059209,0.006773,-0.047126,-3.960988,MOVE_JOINT
3.349000,0.422256,-0.205712,-0.085289,-0.059674,0.005815,-0.047456,-3.945716,MOVE_JOINT
3.350000,0.422196,-0.205706,-0.085336,-0.059594,0.005964,-0.047164,-3.929197,MOVE_JOINT
3.351000,0.422139,-0.205699,-0.085380,-0.058155,0.006549,-0.046178,-3.911606,MOVE_JOINT
3.352000,0.422074,-0.205689,-0.085432,-0.060102,0.007956,-0.047592,-3.893082,MOVE_JOINT
3.353000,0.422018,-0.205686,-0.085474,-0.059051,0.006707,-0.046207,-3.873755,MOVE_JOINT
3.354000,0.421956,-0.205681,-0.085521,-0.059903,0.005828,-0.046530,-3.853760,MOVE_JOINT
3.355000,0.421893,-0.205672,-0.085571,-0.061145,0.006671,-0.047593,-3.833259,MOVE_JOINT
3.356000,0.421835,-0.205665,-0.085614,-0.059891,0.006772,-0.046268,-3.812458,MOVE_JOINT
3.357000,0.421776,-0.205658,-0.085660,-0.060060,0.006623,-0.046403,-3.791610,MOVE_JOINT
3.358000,0.421716,-0.205650,-0.085704,-0.059632,0.006977,-0.045746,-3.770966,MOVE_JOINT
3.359000,0.421654,-0.205644,-0.085751,-0.060234,0.006517,-0.046113,-3.750734,MOVE_JOINT
3.360000,0.421594,-0.205636,-0.085798,-0.059888,0.007600,-0.046209,-3.731094,MOVE_JOINT
3.361000,0.421538,-0.205630,-0.085841,-0.058627,0.007262,-0.045352,-3.712230,MOVE_JOINT
3.362000,0.421475,-0.205623,-0.085889,-0.060425,0.007744,-0.046373,-3.694352,MOVE_JOINT
3.363000,0.421417,-0.205618,-0.085933,-0.059003,0.006838,-0.045336,-3.677698,MOVE_JOINT
3.364000,0.421355,-0.205610,-0.085980,-0.060599,0.007194,-0.046521,-3.662532,MOVE_JOINT
3.365000,0.421298,-0.205601,-0.086024,-0.059447,0.007531,-0.045674,-3.649139,MOVE_JOINT
3.366000,0.421236,-0.205596,-0.086071,-0.060945,0.006838,-0.046583,-3.637817,MOVE_JOINT
3.367000,0.421182,-0.205590,-0.086114,-0.058790,0.006578,-0.045144,-3.628853,MOVE_JOINT
3.368000,0.421123,-0.205581,-0.086161,-0.058677,0.007386,-0.045430,-3.622478,MOVE_JOINT
3.369000,0.421065,-0.205573,-0.086206,-0.058469,0.007562,-0.045700,-3.618825,MOVE_JOINT
3.370000,0.421007,-0.205563,-0.086252,-0.058155,0.007866,-0.045618,-3.617938,MOVE_JOINT
3.371000,0.420948,-0.205557,-0.086299,-0.057764,0.007681,-0.045545,-3.619805,MOVE_JOINT
3.372000,0.420892,-0.205551,-0.086344,-0.057055,0.007582,-0.045508,-3.624380,MOVE_JOINT
3.373000,0.420840,-0.205541,-0.086387,-0.055797,0.008228,-0.044835,-3.631591,MOVE_JOINT
3.374000,0.420783,-0.205531,-0.086433,-0.055780,0.008871,-0.045129,-3.641331,MOVE_JOINT
3.375000,0.420723,-0.205522,-0.086481,-0.056425,0.008953,-0.045468,-3.653435,MOVE_JOINT
3.376000,0.420666,-0.205516,-0.086527,-0.056416,0.007636,-0.045366,-3.667687,MOVE_JOINT
3.377000,0.420618,-0.205506,-0.086568,-0.053755,0.008550,-0.043912,-3.683840,MOVE_JOINT
3.378000,0.420560,-0.205499,-0.086615,-0.055700,0.007855,-0.044864,-3.701601,MOVE_JOINT
3.379000,0.420503,-0.205490,-0.086660,-0.056204,0.008437,-0.045122,-3.720617,MOVE_JOINT
3.380000,0.420446,-0.205483,-0.086704,-0.056248,0.007884,-0.044709,-3.740506,MOVE_JOINT
3.381000,0.420393,-0.205475,-0.086749,-0.055869,0.007806,-0.044862,-3.760893,MOVE_JOINT
3.382000,0.420343,-0.205467,-0.086789,-0.053886,0.007849,-0.043323,-3.781413,MOVE_JOINT
3.383000,0.420290,-0.205462,-0.086831,-0.053683,0.006798,-0.042702,-3.801686,MOVE_JOINT
3.384000,0.420236,-0.205453,-0.086875,-0.053169,0.006956,-0.042622,-3.821287,MOVE_JOINT
3.385000,0.420178,-0.205445,-0.086921,-0.054670,0.007136,-0.043527,-3.839758,MOVE_JOINT
3.386000,0.420126,-0.205435,-0.086964,-0.054117,0.007323,-0.043571,-3.856700,MOVE_JOINT
3.387000,0.420074,-0.205428,-0.087006,-0.053109,0.007143,-0.042619,-3.871841,MOVE_JOINT
3.388000,0.420024,-0.205420,-0.087047,-0.052558,0.007531,-0.042380,-3.885024,MOVE_JOINT
3.389000,0.419967,-0.205414,-0.087089,-0.054592,0.007125,-0.043011,-3.896150,MOVE_JOINT
3.390000,0.419916,-0.205407,-0.087131,-0.053944,0.006942,-0.042762,-3.905152,MOVE_JOINT
3.391000,0.419864,-0.205400,-0.087173,-0.053017,0.007051,-0.042229,-3.912018,MOVE_JOINT
3.392000,0.419810,-0.205392,-0.087215,-0.053341,0.007365,-0.042470,-3.916793,MOVE_JOINT
3.393000,0.419759,-0.205387,-0.087256,-0.052254,0.006635,-0.041774,-3.919570,MOVE_JOINT
3.394000,0.419699,-0.205383,-0.087302,-0.054272,0.006246,-0.042880,-3.920481,MOVE_JOINT
3.395000,0.419646,-0.205376,-0.087343,-0.053823,0.006392,-0.042522,-3.919715,MOVE_JOINT
3.396000,0.419592,-0.205367,-0.087386,-0.053953,0.007222,-0.042519,-3.917520,MOVE_JOINT
3.397000,0.419543,-0.205362,-0.087426,-0.052489,0.006557,-0.041821,-3.914176,MOVE_JOINT
3.398000,0.419493,-0.205356,-0.087464,-0.050566,0.005897,-0.039821,-3.909915,MOVE_JOINT
3.399000,0.419434,-0.205348,-0.087509,-0.052870,0.006212,-0.041447,-3.904860,MOVE_JOINT
3.400000,0.419385,-0.205341,-0.087547,-0.051819,0.006363,-0.040681,-3.899020,MOVE_JOINT
3.401000,0.419330,-0.205333,-0.087588,-0.053091,0.007367,-0.040933,-3.892356,MOVE_JOINT
3.402000,0.419278,-0.205327,-0.087628,-0.052944,0.006840,-0.040665,-3.884816,MOVE_JOINT
3.403000,0.419221,-0.205320,-0.087671,-0.054322,0.006350,-0.041162,-3.876342,MOVE_JOINT
3.404000,0.419170,-0.205311,-0.087709,-0.053259,0.006982,-0.040054,-3.866893,MOVE_JOINT
3.405000,0.419116,-0.205303,-0.087750,-0.053975,0.007084,-0.040496,-3.856442,MOVE_JOINT
3.406000,0.419062,-0.205295,-0.087790,-0.054016,0.007602,-0.040348,-3.844963,MOVE_JOINT
3.407000,0.419012,-0.205286,-0.087828,-0.052667,0.008018,-0.039525,-3.832435,MOVE_JOINT
3.408000,0.418959,-0.205275,-0.087870,-0.053180,0.008998,-0.040345,-3.818850,MOVE_JOINT
3.409000,0.418905,-0.205265,-0.087911,-0.053782,0.009397,-0.040716,-3.804234,MOVE_JOINT
3.410000,0.418854,-0.205258,-0.087950,-0.053325,0.009190,-0.040595,-3.788684,MOVE_JOINT
3.411000,0.418800,-0.205248,-0.087991,-0.053407,0.009766,-0.040847,-3.772401,MOVE_JOINT
3.412000,0.418750,-0.205239,-0.088031,-0.052334,0.009345,-0.040354,-3.755684,MOVE_JOINT
3.413000,0.418698,-0.205230,-0.088070,-0.053130,0.009366,-0.040592,-3.738902,MOVE_JOINT
3.414000,0.418647,-0.205222,-0.088109,-0.051803,0.008774,-0.039398,-3.722457,MOVE_JOINT
3.415000,0.418594,-0.205213,-0.088149,-0.051925,0.008996,-0.039465,-3.706724,MOVE_JOINT
3.416000,0.418541,-0.205208,-0.088189,-0.051790,0.007867,-0.039529,-3.692004,MOVE_JOINT
3.417000,0.418487,-0.205198,-0.088231,-0.053372,0.008105,-0.040430,-3.678532,MOVE_JOINT
3.418000,0.418440,-0.205190,-0.088268,-0.051221,0.008135,-0.039232,-3.666538,MOVE_JOINT
3.419000,0.418391,-0.205181,-0.088309,-0.051239,0.008784,-0.040010,-3.656263,MOVE_JOINT
3.420000,0.418340,-0.205175,-0.088346,-0.050340,0.008311,-0.039277,-3.647943,MOVE_JOINT
3.421000,0.418289,-0.205168,-0.088386,-0.050845,0.008118,-0.039220,-3.641785,MOVE_JOINT
3.422000,0.418243,-0.205161,-0.088422,-0.048339,0.007696,-0.037841,-3.637916,MOVE_JOINT
3.423000,0.418191,-0.205152,-0.088462,-0.049999,0.007798,-0.038839,-3.636344,MOVE_JOINT
3.424000,0.418139,-0.205147,-0.088502,-0.050595,0.007312,-0.039289,-3.636970,MOVE_JOINT
3.425000,0.418090,-0.205138,-0.088542,-0.049699,0.007941,-0.038961,-3.639667,MOVE_JOINT
3.426000,0.418040,-0.205131,-0.088582,-0.049723,0.007507,-0.039235,-3.644338,MOVE_JOINT
3.427000,0.417989,-0.205124,-0.088621,-0.049491,0.006977,-0.038766,-3.650911,MOVE_JOINT
3.428000,0.417938,-0.205116,-0.088661,-0.049315,0.007079,-0.038703,-3.659306,MOVE_JOINT
3.429000,0.417885,-0.205111,-0.088703,-0.050662,0.006683,-0.039616,-3.669398,MOVE_JOINT
3.430000,0.417840,-0.205102,-0.088739,-0.049228,0.007026,-0.038573,-3.681021,MOVE_JOINT
3.431000,0.417786,-0.205095,-0.088781,-0.050671,0.006696,-0.039423,-3.693995,MOVE_JOINT
3.432000,0.417738,-0.205088,-0.088818,-0.048929,0.006608,-0.037973,-3.708108,MOVE_JOINT
3.433000,0.417685,-0.205081,-0.088858,-0.050343,0.006477,-0.038536,-3.723094,MOVE_JOINT
3.434000,0.417633,-0.205072,-0.088897,-0.051185,0.007586,-0.038956,-3.738607,MOVE_JOINT
3.435000,0.417588,-0.205066,-0.088932,-0.049589,0.007134,-0.037821,-3.754248,MOVE_JOINT
3.436000,0.417536,-0.205057,-0.088973,-0.050996,0.008218,-0.039303,-3.769599,MOVE_JOINT
3.437000,0.417489,-0.205052,-0.089008,-0.049610,0.007127,-0.038182,-3.784256,MOVE_JOINT
3.438000,0.417441,-0.205043,-0.089045,-0.048660,0.008142,-0.037639,-3.797868,MOVE_JOINT
3.439000,0.417392,-0.205036,-0.089082,-0.049303,0.007848,-0.037540,-3.810122,MOVE_JOINT
3.440000,0.417342,-0.205030,-0.089121,-0.049522,0.007142,-0.037776,-3.820701,MOVE_JOINT
3.441000,0.417296,-0.205021,-0.089156,-0.048047,0.007718,-0.036931,-3.829296,MOVE_JOINT
3.442000,0.417245,-0.205014,-0.089194,-0.049338,0.007548,-0.037468,-3.835642,MOVE_JOINT
3.443000,0.417200,-0.205009,-0.089229,-0.048222,0.006885,-0.036867,-3.839541,MOVE_JOINT
3.444000,0.417153,-0.205001,-0.089265,-0.047663,0.007419,-0.036236,-3.840880,MOVE_JOINT
3.445000,0.417105,-0.204995,-0.089301,-0.047543,0.006786,-0.036169,-3.839609,MOVE_JOINT
3.446000,0.417058,-0.204986,-0.089337,-0.048731,0.007894,-0.037073,-3.835726,MOVE_JOINT
3.447000,0.417014,-0.204978,-0.089372,-0.047448,0.008102,-0.036406,-3.829295,MOVE_JOINT
3.448000,0.416970,-0.204971,-0.089406,-0.045818,0.007623,-0.035645,-3.820458,MOVE_JOINT
3.449000,0.416922,-0.204965,-0.089442,-0.045886,0.007098,-0.035300,-3.809414,MOVE_JOINT
3.450000,0.416875,-0.204958,-0.089478,-0.045830,0.007374,-0.035537,-3.796380,MOVE_JOINT
3.451000,0.416821,-0.204950,-0.089518,-0.048540,0.007577,-0.037303,-3.781604,MOVE_JOINT
3.452000,0.416776,-0.204943,-0.089554,-0.047678,0.007268,-0.036689,-3.765430,MOVE_JOINT
3.453000,0.416729,-0.204939,-0.089590,-0.048037,0.006269,-0.036710,-3.748335,MOVE_JOINT
3.454000,0.416682,-0.204930,-0.089628,-0.048212,0.006873,-0.037175,-3.730894,MOVE_JOINT
3.455000,0.416636,-0.204921,-0.089665,-0.046861,0.007762,-0.037049,-3.713731,MOVE_JOINT
3.456000,0.416589,-0.204914,-0.089702,-0.047186,0.007108,-0.036970,-3.697481,MOVE_JOINT
3.457000,0.416537,-0.204906,-0.089742,-0.047795,0.006962,-0.037414,-3.682751,MOVE_JOINT
3.458000,0.416488,-0.204900,-0.089779,-0.048060,0.006553,-0.037218,-3.670079,MOVE_JOINT
3.459000,0.416445,-0.204894,-0.089814,-0.047152,0.006173,-0.036652,-3.659901,MOVE_JOINT
3.460000,0.416396,-0.204882,-0.089853,-0.047355,0.007503,-0.037099,-3.652504,MOVE_JOINT
3.461000,0.416345,-0.204877,-0.089893,-0.048326,0.006860,-0.037816,-3.648031,MOVE_JOINT
3.462000,0.416295,-0.204868,-0.089932,-0.048275,0.007427,-0.037865,-3.646516,MOVE_JOINT
3.463000,0.416246,-0.204857,-0.089972,-0.048362,0.008532,-0.038275,-3.647944,MOVE_JOINT
3.464000,0.416196,-0.204853,-0.090009,-0.048809,0.007257,-0.037909,-3.652262,MOVE_JOINT
3.465000,0.416152,-0.204844,-0.090045,-0.047625,0.007785,-0.037479,-3.659345,MOVE_JOINT
3.466000,0.416103,-0.204835,-0.090083,-0.048234,0.007675,-0.037631,-3.668976,MOVE_JOINT
3.467000,0.416057,-0.204827,-0.090118,-0.047679,0.007352,-0.036569,-3.680829,MOVE_JOINT
3.468000,0.416006,-0.204817,-0.090157,-0.048269,0.007839,-0.036885,-3.694468,MOVE_JOINT
3.469000,0.415956,-0.204810,-0.090194,-0.048690,0.007425,-0.036997,-3.709355,MOVE_JOINT
3.470000,0.415907,-0.204801,-0.090231,-0.048468,0.007635,-0.036665,-3.724904,MOVE_JOINT
3.471000,0.415865,-0.204794,-0.090263,-0.046395,0.007452,-0.035159,-3.740534,MOVE_JOINT
3.472000,0.415815,-0.204789,-0.090299,-0.048130,0.006269,-0.035804,-3.755669,MOVE_JOINT
3.473000,0.415770,-0.204782,-0.090333,-0.046369,0.006412,-0.034748,-3.769733,MOVE_JOINT
3.474000,0.415718,-0.204773,-0.090371,-0.047951,0.007184,-0.035806,-3.782202,MOVE_JOINT
3.475000,0.415679,-0.204766,-0.090401,-0.045641,0.006887,-0.034080,-3.792648,MOVE_JOINT
3.476000,0.415626,-0.204757,-0.090440,-0.048633,0.007618,-0.036001,-3.800755,MOVE_JOINT
3.477000,0.415585,-0.204754,-0.090471,-0.046253,0.006114,-0.034457,-3.806328,MOVE_JOINT
3.478000,0.415537,-0.204746,-0.090507,-0.047051,0.006722,-0.035128,-3.809311,MOVE_JOINT
3.479000,0.415494,-0.204741,-0.090541,-0.045429,0.006551,-0.034412,-3.809790,MOVE_JOINT
3.480000,0.415447,-0.204735,-0.090576,-0.045927,0.006369,-0.034706,-3.807959,MOVE_JOINT
3.481000,0.415403,-0.204731,-0.090608,-0.044197,0.005928,-0.033466,-3.804098,MOVE_JOINT
3.482000,0.415359,-0.204726,-0.090642,-0.044338,0.006185,-0.033645,-3.798526,MOVE_JOINT
3.483000,0.415309,-0.204720,-0.090678,-0.046176,0.006347,-0.034742,-3.791570,MOVE_JOINT
3.484000,0.415263,-0.204716,-0.090712,-0.046622,0.005472,-0.034510,-3.783574,MOVE_JOINT
3.485000,0.415218,-0.204711,-0.090746,-0.046356,0.005851,-0.034358,-3.774926,MOVE_JOINT
3.486000,0.415173,-0.204706,-0.090779,-0.046228,0.005695,-0.034454,-3.766033,MOVE_JOINT
3.487000,0.415126,-0.204700,-0.090815,-0.046573,0.005764,-0.034475,-3.757299,MOVE_JOINT
3.488000,0.415076,-0.204695,-0.090851,-0.048174,0.005029,-0.035283,-3.749120,MOVE_JOINT
3.489000,0.415034,-0.204691,-0.090884,-0.046467,0.004859,-0.034280,-3.741894,MOVE_JOINT
3.490000,0.414986,-0.204686,-0.090918,-0.047285,0.004560,-0.034842,-3.736019,MOVE_JOINT
3.491000,0.414937,-0.204680,-0.090955,-0.047194,0.004742,-0.034841,-3.731870,MOVE_JOINT
3.492000,0.414892,-0.204672,-0.090990,-0.046428,0.005121,-0.034540,-3.729778,MOVE_JOINT
3.493000,0.414843,-0.204664,-0.091027,-0.047166,0.006464,-0.035482,-3.730008,MOVE_JOINT
3.494000,0.414796,-0.204659,-0.091062,-0.047004,0.006380,-0.035546,-3.732765,MOVE_JOINT
3.495000,0.414747,-0.204654,-0.091100,-0.048185,0.005921,-0.036382,-3.738207,MOVE_JOINT
3.496000,0.414705,-0.204646,-0.091132,-0.046057,0.006306,-0.035039,-3.746465,MOVE_JOINT
3.497000,0.414661,-0.204640,-0.091167,-0.045734,0.006190,-0.034945,-3.757606,MOVE_JOINT
3.498000,0.414611,-0.204630,-0.091203,-0.046690,0.007566,-0.035504,-3.771574,MOVE_JOINT
3.499000,0.414565,-0.204624,-0.091238,-0.046569,0.006976,-0.035235,-3.788166,MOVE_JOINT
3.500000,0.414521,-0.204614,-0.091272,-0.045243,0.008077,-0.034852,-3.807065,MOVE_JOINT
3.501000,0.414472,-0.204606,-0.091310,-0.046636,0.008201,-0.035836,-3.827873,MOVE_JOINT
3.502000,0.414428,-0.204599,-0.091343,-0.045354,0.008160,-0.035091,-3.850169,MOVE_JOINT
3.503000,0.414382,-0.204590,-0.091378,-0.045402,0.008175,-0.034859,-3.873547,MOVE_JOINT
3.504000,0.414339,-0.204583,-0.091413,-0.044794,0.008089,-0.034745,-3.897612,MOVE_JOINT
3.505000,0.414292,-0.204575,-0.091448,-0.045932,0.007651,-0.035207,-3.921964,MOVE_JOINT
3.506000,0.414243,-0.204566,-0.091484,-0.047047,0.007672,-0.035435,-3.946226,MOVE_JOINT
3.507000,0.414196,-0.204558,-0.091519,-0.047215,0.007671,-0.035323,-3.970083,MOVE_JOINT
3.508000,0.414156,-0.204552,-0.091548,-0.044873,0.007249,-0.033446,-3.993259,MOVE_JOINT
3.509000,0.414104,-0.204544,-0.091586,-0.046726,0.007526,-0.034633,-4.015462,MOVE_JOINT
3.510000,0.414061,-0.204538,-0.091618,-0.046218,0.006703,-0.033737,-4.036355,MOVE_JOINT
3.511000,0.414016,-0.204530,-0.091649,-0.045535,0.006843,-0.032675,-4.055589,MOVE_JOINT
3.512000,0.413971,-0.204524,-0.091682,-0.045312,0.006906,-0.032675,-4.072809,MOVE_JOINT
3.513000,0.413931,-0.204517,-0.091709,-0.043916,0.006496,-0.031374,-4.087629,MOVE_JOINT
3.514000,0.413881,-0.204509,-0.091744,-0.045227,0.007155,-0.032385,-4.099644,MOVE_JOINT
3.515000,0.413831,-0.204504,-0.091778,-0.046727,0.006632,-0.032988,-4.108489,MOVE_JOINT
3.516000,0.413790,-0.204496,-0.091808,-0.044361,0.006963,-0.031757,-4.113930,MOVE_JOINT
3.517000,0.413747,-0.204489,-0.091839,-0.044320,0.007049,-0.031643,-4.115904,MOVE_JOINT
3.518000,0.413702,-0.204479,-0.091872,-0.044359,0.008231,-0.031989,-4.114477,MOVE_JOINT
3.519000,0.413658,-0.204472,-0.091903,-0.044177,0.008263,-0.031564,-4.109805,MOVE_JOINT
3.520000,0.413615,-0.204462,-0.091935,-0.043904,0.008368,-0.031641,-4.102114,MOVE_JOINT
3.521000,0.413568,-0.204452,-0.091969,-0.044944,0.008962,-0.032494,-4.091702,MOVE_JOINT
3.522000,0.413527,-0.204444,-0.092000,-0.043642,0.008534,-0.031856,-4.078958,MOVE_JOINT
3.523000,0.413479,-0.204439,-0.092033,-0.044545,0.007251,-0.031590,-4.064364,MOVE_JOINT
3.524000,0.413434,-0.204430,-0.092064,-0.044911,0.007660,-0.031800,-4.048448,MOVE_JOINT
3.525000,0.413389,-0.204421,-0.092097,-0.045437,0.007868,-0.032371,-4.031731,MOVE_JOINT
3.526000,0.413343,-0.204415,-0.092129,-0.045284,0.007874,-0.032433,-4.014725,MOVE_JOINT
3.527000,0.413302,-0.204412,-0.092158,-0.044634,0.006588,-0.031752,-3.997943,MOVE_JOINT
3.528000,0.413255,-0.204404,-0.092191,-0.045175,0.007222,-0.031959,-3.981879,MOVE_JOINT
3.529000,0.413209,-0.204395,-0.092224,-0.045272,0.007595,-0.032178,-3.966961,MOVE_JOINT
3.530000,0.413167,-0.204389,-0.092255,-0.044980,0.007172,-0.032003,-3.953540,MOVE_JOINT
3.531000,0.413124,-0.204382,-0.092286,-0.044444,0.006933,-0.031654,-3.941891,MOVE_JOINT
3.532000,0.413077,-0.204377,-0.092317,-0.045347,0.006508,-0.031784,-3.932221,MOVE_JOINT
3.533000,0.413031,-0.204370,-0.092350,-0.045904,0.006507,-0.032119,-3.924668,MOVE_JOINT
3.534000,0.412992,-0.204362,-0.092379,-0.044209,0.007077,-0.031412,-3.919300,MOVE_JOINT
3.535000,0.412947,-0.204358,-0.092408,-0.044577,0.005990,-0.030556,-3.916115,MOVE_JOINT
3.536000,0.412904,-0.204349,-0.092441,-0.044471,0.006799,-0.031249,-3.915000,MOVE_JOINT
3.537000,0.412868,-0.204345,-0.092466,-0.041998,0.006308,-0.029533,-3.915716,MOVE_JOINT
3.538000,0.412824,-0.204339,-0.092496,-0.042264,0.006247,-0.029811,-3.917919,MOVE_JOINT
3.539000,0.412783,-0.204331,-0.092525,-0.041392,0.007223,-0.029424,-3.921195,MOVE_JOINT
3.540000,0.412744,-0.204324,-0.092552,-0.041060,0.007367,-0.029070,-3.925094,MOVE_JOINT
3.541000,0.412704,-0.204316,-0.092581,-0.041032,0.007195,-0.028803,-3.929154,MOVE_JOINT
3.542000,0.412663,-0.204310,-0.092608,-0.040084,0.007262,-0.027841,-3.932921,MOVE_JOINT
3.543000,0.412627,-0.204302,-0.092633,-0.038362,0.007532,-0.027276,-3.935939,MOVE_JOINT
3.544000,0.412590,-0.204295,-0.092659,-0.038483,0.007470,-0.027027,-3.937750,MOVE_JOINT
3.545000,0.412547,-0.204288,-0.092686,-0.039668,0.007414,-0.027226,-3.937920,MOVE_JOINT
3.546000,0.412509,-0.204282,-0.092711,-0.038475,0.007274,-0.026254,-3.936076,MOVE_JOINT
3.547000,0.412471,-0.204275,-0.092736,-0.038191,0.007255,-0.025863,-3.931923,MOVE_JOINT
3.548000,0.412431,-0.204268,-0.092762,-0.038634,0.007380,-0.025915,-3.925241,MOVE_JOINT
3.549000,0.412394,-0.204263,-0.092786,-0.038412,0.006430,-0.025502,-3.915885,MOVE_JOINT
3.550000,0.412356,-0.204258,-0.092810,-0.037420,0.005777,-0.024530,-3.903797,MOVE_JOINT
3.551000,0.412320,-0.204251,-0.092835,-0.037931,0.006457,-0.025245,-3.889009,MOVE_JOINT
3.552000,0.412282,-0.204243,-0.092859,-0.037873,0.006648,-0.025144,-3.871653,MOVE_JOINT
3.553000,0.412243,-0.204236,-0.092885,-0.038001,0.006804,-0.025166,-3.851986,MOVE_JOINT
3.554000,0.412207,-0.204232,-0.092908,-0.037593,0.005712,-0.024569,-3.830386,MOVE_JOINT
3.555000,0.412172,-0.204225,-0.092932,-0.036492,0.005991,-0.024322,-3.807318,MOVE_JOINT
3.556000,0.412131,-0.204216,-0.092960,-0.037227,0.006954,-0.025159,-3.783292,MOVE_JOINT
3.557000,0.412090,-0.204208,-0.092988,-0.038404,0.007084,-0.025989,-3.758869,MOVE_JOINT
3.558000,0.412053,-0.204203,-0.093010,-0.037858,0.006888,-0.025147,-3.734691,MOVE_JOINT
3.559000,0.412018,-0.204196,-0.093035,-0.037886,0.006669,-0.025342,-3.711435,MOVE_JOINT
3.560000,0.411983,-0.204191,-0.093060,-0.037915,0.006638,-0.025600,-3.689736,MOVE_JOINT
3.561000,0.411946,-0.204183,-0.093085,-0.038016,0.006986,-0.025665,-3.670160,MOVE_JOINT
3.562000,0.411909,-0.204174,-0.093111,-0.038003,0.007657,-0.025908,-3.653207,MOVE_JOINT
3.563000,0.411875,-0.204169,-0.093134,-0.036557,0.007104,-0.024977,-3.639308,MOVE_JOINT
3.564000,0.411835,-0.204160,-0.093162,-0.037029,0.007928,-0.025554,-3.628798,MOVE_JOINT
3.565000,0.411798,-0.204152,-0.093187,-0.036721,0.007491,-0.025337,-3.621901,MOVE_JOINT
3.566000,0.411764,-0.204147,-0.093211,-0.036710,0.006167,-0.025091,-3.618743,MOVE_JOINT
3.567000,0.411729,-0.204136,-0.093237,-0.035880,0.007287,-0.025064,-3.619369,MOVE_JOINT
3.568000,0.411690,-0.204129,-0.093263,-0.036880,0.006955,-0.025414,-3.623763,MOVE_JOINT
3.569000,0.411661,-0.204123,-0.093283,-0.034845,0.006561,-0.024028,-3.631845,MOVE_JOINT
3.570000,0.411623,-0.204113,-0.093310,-0.035893,0.007508,-0.024789,-3.643459,MOVE_JOINT
3.571000,0.411591,-0.204105,-0.093333,-0.034014,0.007601,-0.023872,-3.658350,MOVE_JOINT
3.572000,0.411552,-0.204097,-0.093359,-0.035521,0.008001,-0.024710,-3.676180,MOVE_JOINT
3.573000,0.411516,-0.204088,-0.093383,-0.035612,0.008508,-0.024865,-3.696561,MOVE_JOINT
3.574000,0.411485,-0.204081,-0.093404,-0.035002,0.007806,-0.024229,-3.719105,MOVE_JOINT
3.575000,0.411451,-0.204075,-0.093429,-0.035621,0.007367,-0.024415,-3.743436,MOVE_JOINT
3.576000,0.411416,-0.204067,-0.093453,-0.036039,0.007358,-0.024495,-3.769202,MOVE_JOINT
3.577000,0.411382,-0.204059,-0.093476,-0.035863,0.007525,-0.024382,-3.796063,MOVE_JOINT
3.578000,0.411354,-0.204054,-0.093496,-0.032913,0.006719,-0.022801,-3.823685,MOVE_JOINT
3.579000,0.411326,-0.204046,-0.093516,-0.031157,0.006883,-0.021489,-3.851690,MOVE_JOINT
3.580000,0.411290,-0.204038,-0.093540,-0.033207,0.007045,-0.022457,-3.879609,MOVE_JOINT
3.581000,0.411261,-0.204033,-0.093560,-0.032427,0.006418,-0.021815,-3.906879,MOVE_JOINT
3.582000,0.411231,-0.204024,-0.093582,-0.032312,0.007363,-0.022226,-3.932924,MOVE_JOINT
3.583000,0.411204,-0.204019,-0.093601,-0.030038,0.006960,-0.021010,-3.957225,MOVE_JOINT
3.584000,0.411168,-0.204012,-0.093624,-0.032154,0.007106,-0.022036,-3.979362,MOVE_JOINT
3.585000,0.411142,-0.204005,-0.093643,-0.030407,0.006993,-0.020852,-3.999026,MOVE_JOINT
3.586000,0.411109,-0.203999,-0.093667,-0.031506,0.006764,-0.021930,-4.016019,MOVE_JOINT
3.587000,0.411080,-0.203993,-0.093686,-0.030159,0.006388,-0.020889,-4.030250,MOVE_JOINT
3.588000,0.411049,-0.203986,-0.093708,-0.030889,0.007102,-0.021417,-4.041737,MOVE_JOINT
3.589000,0.411022,-0.203979,-0.093727,-0.030364,0.007166,-0.020893,-4.050588,MOVE_JOINT
3.590000,0.410993,-0.203974,-0.093748,-0.030164,0.006387,-0.020808,-4.056961,MOVE_JOINT
3.591000,0.410967,-0.203969,-0.093766,-0.028696,0.005938,-0.019989,-4.061045,MOVE_JOINT
3.592000,0.410938,-0.203961,-0.093787,-0.028915,0.006946,-0.020315,-4.063031,MOVE_JOINT
3.593000,0.410910,-0.203953,-0.093806,-0.028624,0.007796,-0.020310,-4.063117,MOVE_JOINT
3.594000,0.410879,-0.203951,-0.093827,-0.029232,0.005856,-0.020409,-4.061510,MOVE_JOINT
3.595000,0.410856,-0.203945,-0.093843,-0.027627,0.006155,-0.019451,-4.058443,MOVE_JOINT
3.596000,0.410828,-0.203940,-0.093863,-0.028581,0.005803,-0.019929,-4.054159,MOVE_JOINT
3.597000,0.410806,-0.203934,-0.093879,-0.026210,0.005775,-0.018511,-4.048874,MOVE_JOINT
3.598000,0.410775,-0.203926,-0.093901,-0.027052,0.006454,-0.019189,-4.042741,MOVE_JOINT
3.599000,0.410749,-0.203922,-0.093919,-0.026802,0.005824,-0.019085,-4.035851,MOVE_JOINT
3.600000,0.410723,-0.203913,-0.093939,-0.026601,0.006390,-0.019345,-4.028278,MOVE_JOINT
3.601000,0.410703,-0.203909,-0.093953,-0.023482,0.006161,-0.017360,-4.020115,MOVE_JOINT
3.602000,0.410673,-0.203900,-0.093975,-0.025057,0.006648,-0.018270,-4.011453,MOVE_JOINT
3.603000,0.410650,-0.203894,-0.093991,-0.023689,0.006578,-0.017309,-4.002337,MOVE_JOINT
3.604000,0.410626,-0.203887,-0.094009,-0.024399,0.006511,-0.017935,-3.992761,MOVE_JOINT
3.605000,0.410602,-0.203879,-0.094027,-0.024454,0.006926,-0.017692,-3.982702,MOVE_JOINT
3.606000,0.410572,-0.203878,-0.094046,-0.026241,0.005003,-0.018249,-3.972159,MOVE_JOINT
3.607000,0.410551,-0.203869,-0.094062,-0.024375,0.005638,-0.017292,-3.961179,MOVE_JOINT
3.608000,0.410527,-0.203860,-0.094080,-0.024743,0.006994,-0.017585,-3.949842,MOVE_JOINT
3.609000,0.410504,-0.203855,-0.094095,-0.023914,0.006331,-0.016748,-3.938228,MOVE_JOINT
3.610000,0.410481,-0.203849,-0.094111,-0.024023,0.006550,-0.016900,-3.926379,MOVE_JOINT
3.611000,0.410455,-0.203843,-0.094129,-0.024194,0.006152,-0.016760,-3.914296,MOVE_JOINT
3.612000,0.410431,-0.203836,-0.094146,-0.024417,0.006427,-0.017060,-3.901962,MOVE_JOINT
3.613000,0.410410,-0.203828,-0.094160,-0.022630,0.006814,-0.016059,-3.889373,MOVE_JOINT
3.614000,0.410381,-0.203822,-0.094179,-0.024417,0.006576,-0.017233,-3.876541,MOVE_JOINT
3.615000,0.410362,-0.203814,-0.094194,-0.023148,0.006931,-0.016426,-3.863515,MOVE_JOINT
3.616000,0.410334,-0.203807,-0.094212,-0.024457,0.006697,-0.016817,-3.850390,MOVE_JOINT
3.617000,0.410316,-0.203799,-0.094227,-0.023165,0.006912,-0.016335,-3.837288,MOVE_JOINT
3.618000,0.410290,-0.203791,-0.094244,-0.023320,0.007370,-0.016469,-3.824327,MOVE_JOINT
3.619000,0.410263,-0.203785,-0.094261,-0.024268,0.006914,-0.016579,-3.811611,MOVE_JOINT
3.620000,0.410243,-0.203780,-0.094275,-0.023387,0.006064,-0.015974,-3.799232,MOVE_JOINT
3.621000,0.410219,-0.203769,-0.094291,-0.023340,0.007587,-0.016016,-3.787264,MOVE_JOINT
3.622000,0.410197,-0.203764,-0.094307,-0.023162,0.006532,-0.015672,-3.775755,MOVE_JOINT
3.623000,0.410173,-0.203756,-0.094324,-0.023409,0.006787,-0.015992,-3.764721,MOVE_JOINT
3.624000,0.410151,-0.203752,-0.094338,-0.022734,0.006328,-0.015209,-3.754162,MOVE_JOINT
3.625000,0.410125,-0.203746,-0.094354,-0.023455,0.006133,-0.015780,-3.744078,MOVE_JOINT
3.626000,0.410099,-0.203737,-0.094371,-0.024013,0.006883,-0.016164,-3.734480,MOVE_JOINT
3.627000,0.410077,-0.203732,-0.094386,-0.023949,0.006211,-0.015894,-3.725420,MOVE_JOINT
3.628000,0.410055,-0.203725,-0.094400,-0.023293,0.006878,-0.015500,-3.716988,MOVE_JOINT
3.629000,0.410034,-0.203717,-0.094414,-0.023580,0.007424,-0.015544,-3.709285,MOVE_JOINT
3.630000,0.410012,-0.203710,-0.094429,-0.023349,0.007594,-0.015332,-3.702377,MOVE_JOINT
3.631000,0.409990,-0.203705,-0.094443,-0.022892,0.006452,-0.014830,-3.696278,MOVE_JOINT
3.632000,0.409967,-0.203699,-0.094457,-0.022978,0.006375,-0.014754,-3.690960,MOVE_JOINT
3.633000,0.409941,-0.203695,-0.094472,-0.023860,0.005582,-0.014953,-3.686371,MOVE_JOINT
3.634000,0.409919,-0.203685,-0.094487,-0.023641,0.006894,-0.014954,-3.682468,MOVE_JOINT
3.635000,0.409898,-0.203680,-0.094501,-0.023941,0.006231,-0.015309,-3.679229,MOVE_JOINT
3.636000,0.409877,-0.203675,-0.094513,-0.022746,0.005785,-0.014208,-3.676663,MOVE_JOINT
3.637000,0.409856,-0.203668,-0.094528,-0.021538,0.006361,-0.013987,-3.674786,MOVE_JOINT
3.638000,0.409829,-0.203660,-0.094544,-0.022846,0.006597,-0.014745,-3.673589,MOVE_JOINT
3.639000,0.409808,-0.203653,-0.094559,-0.021717,0.006585,-0.014450,-3.673034,MOVE_JOINT
3.640000,0.409788,-0.203651,-0.094571,-0.021208,0.005540,-0.013452,-3.673078,MOVE_JOINT
3.641000,0.409768,-0.203644,-0.094584,-0.020755,0.006007,-0.013276,-3.673654,MOVE_JOINT
3.642000,0.409747,-0.203634,-0.094598,-0.021487,0.007477,-0.014234,-3.674637,MOVE_JOINT
3.643000,0.409724,-0.203629,-0.094613,-0.022075,0.006867,-0.014620,-3.675875,MOVE_JOINT
3.644000,0.409706,-0.203624,-0.094624,-0.021189,0.006713,-0.013739,-3.677260,MOVE_JOINT
3.645000,0.409682,-0.203619,-0.094639,-0.021978,0.006069,-0.014184,-3.678741,MOVE_JOINT
3.646000,0.409665,-0.203614,-0.094650,-0.020733,0.005559,-0.013012,-3.680289,MOVE_JOINT
3.647000,0.409647,-0.203606,-0.094663,-0.019745,0.006103,-0.012926,-3.681855,MOVE_JOINT
3.648000,0.409626,-0.203601,-0.094676,-0.020279,0.005818,-0.013015,-3.683350,MOVE_JOINT
3.649000,0.409607,-0.203593,-0.094689,-0.020152,0.006569,-0.013495,-3.684650,MOVE_JOINT
3.650000,0.409591,-0.203587,-0.094700,-0.018273,0.006254,-0.012100,-3.685648,MOVE_JOINT
3.651000,0.409574,-0.203581,-0.094710,-0.017391,0.006295,-0.011488,-3.686246,MOVE_JOINT
3.652000,0.409561,-0.203576,-0.094720,-0.014987,0.006444,-0.010728,-3.686310,MOVE_JOINT
3.653000,0.409539,-0.203570,-0.094734,-0.016122,0.005858,-0.010966,-3.685644,MOVE_JOINT
3.654000,0.409518,-0.203564,-0.094747,-0.017124,0.006238,-0.011592,-3.684038,MOVE_JOINT
3.655000,0.409502,-0.203559,-0.094756,-0.016683,0.006040,-0.011058,-3.681332,MOVE_JOINT
3.656000,0.409483,-0.203551,-0.094769,-0.016986,0.006538,-0.011386,-3.677450,MOVE_JOINT
3.657000,0.409468,-0.203545,-0.094780,-0.016709,0.006287,-0.011440,-3.672402,MOVE_JOINT
3.658000,0.409454,-0.203539,-0.094789,-0.015956,0.005900,-0.010599,-3.666282,MOVE_JOINT
3.659000,0.409430,-0.203534,-0.094804,-0.018598,0.005823,-0.011999,-3.659249,MOVE_JOINT
3.660000,0.409416,-0.203528,-0.094814,-0.017228,0.006007,-0.011458,-3.651513,MOVE_JOINT
3.661000,0.409396,-0.203522,-0.094827,-0.017669,0.006015,-0.011825,-3.643323,MOVE_JOINT
3.662000,0.409378,-0.203519,-0.094839,-0.017807,0.004673,-0.011628,-3.634969,MOVE_JOINT
3.663000,0.409359,-0.203512,-0.094851,-0.017908,0.005807,-0.011763,-3.626763,MOVE_JOINT
3.664000,0.409346,-0.203506,-0.094860,-0.015983,0.005066,-0.010669,-3.618999,MOVE_JOINT
3.665000,0.409328,-0.203499,-0.094871,-0.016510,0.005863,-0.010905,-3.611907,MOVE_JOINT
3.666000,0.409311,-0.203495,-0.094881,-0.016772,0.005516,-0.010815,-3.605615,MOVE_JOINT
3.667000,0.409294,-0.203490,-0.094892,-0.016695,0.005559,-0.010709,-3.600155,MOVE_JOINT
3.668000,0.409270,-0.203483,-0.094908,-0.018998,0.005742,-0.012152,-3.595503,MOVE_JOINT
3.669000,0.409256,-0.203476,-0.094917,-0.017476,0.006238,-0.011070,-3.591637,MOVE_JOINT
3.670000,0.409239,-0.203474,-0.094928,-0.017560,0.005132,-0.011126,-3.588558,MOVE_JOINT
3.671000,0.409224,-0.203467,-0.094938,-0.016710,0.005750,-0.010930,-3.586270,MOVE_JOINT
3.672000,0.409209,-0.203460,-0.094950,-0.016273,0.006079,-0.011139,-3.584753,MOVE_JOINT
3.673000,0.409192,-0.203456,-0.094960,-0.016927,0.005207,-0.011147,-3.583983,MOVE_JOINT
3.674000,0.409179,-0.203450,-0.094969,-0.015825,0.005158,-0.010612,-3.583941,MOVE_JOINT
3.675000,0.409163,-0.203445,-0.094979,-0.015484,0.005353,-0.010316,-3.584611,MOVE_JOINT
3.676000,0.409151,-0.203441,-0.094990,-0.014754,0.005061,-0.010294,-3.585945,MOVE_JOINT
3.677000,0.409134,-0.203433,-0.095002,-0.015640,0.005853,-0.011026,-3.587872,MOVE_JOINT
3.678000,0.409122,-0.203431,-0.095010,-0.014380,0.004658,-0.010096,-3.590325,MOVE_JOINT
3.679000,0.409109,-0.203428,-0.095018,-0.014054,0.004275,-0.009749,-3.593253,MOVE_JOINT
3.680000,0.409096,-0.203422,-0.095028,-0.013467,0.004553,-0.009344,-3.596591,MOVE_JOINT
3.681000,0.409082,-0.203415,-0.095041,-0.013569,0.005577,-0.010131,-3.600230,MOVE_JOINT
3.682000,0.409068,-0.203416,-0.095048,-0.013250,0.003402,-0.009140,-3.604044,MOVE_JOINT
3.683000,0.409051,-0.203409,-0.095060,-0.014131,0.004542,-0.009880,-3.607916,MOVE_JOINT
3.684000,0.409041,-0.203401,-0.095069,-0.012941,0.005588,-0.009782,-3.611754,MOVE_JOINT
3.685000,0.409028,-0.203400,-0.095079,-0.012703,0.004613,-0.009683,-3.615498,MOVE_JOINT
3.686000,0.409019,-0.203393,-0.095087,-0.011205,0.005733,-0.009342,-3.619130,MOVE_JOINT
3.687000,0.409004,-0.203390,-0.095096,-0.012325,0.004756,-0.009272,-3.622669,MOVE_JOINT
3.688000,0.408987,-0.203387,-0.095107,-0.013427,0.004189,-0.009633,-3.626144,MOVE_JOINT
3.689000,0.408973,-0.203384,-0.095117,-0.013833,0.003824,-0.009873,-3.629579,MOVE_JOINT
3.690000,0.408962,-0.203377,-0.095127,-0.013063,0.004592,-0.009587,-3.633009,MOVE_JOINT
3.691000,0.408946,-0.203374,-0.095137,-0.013898,0.004709,-0.009879,-3.636483,MOVE_JOINT
3.692000,0.408935,-0.203368,-0.095145,-0.013226,0.005050,-0.009684,-3.640053,MOVE_JOINT
3.693000,0.408921,-0.203364,-0.095156,-0.013275,0.005174,-0.009822,-3.643768,MOVE_JOINT
3.694000,0.408905,-0.203359,-0.095167,-0.013424,0.005244,-0.009933,-3.647673,MOVE_JOINT
3.695000,0.408894,-0.203355,-0.095175,-0.013017,0.005212,-0.009734,-3.651806,MOVE_JOINT
3.696000,0.408881,-0.203352,-0.095183,-0.013094,0.005282,-0.009641,-3.656191,MOVE_JOINT
3.697000,0.408868,-0.203347,-0.095192,-0.012712,0.005464,-0.009517,-3.660825,MOVE_JOINT
3.698000,0.408857,-0.203341,-0.095201,-0.011760,0.005632,-0.008764,-3.665669,MOVE_JOINT
3.699000,0.408845,-0.203336,-0.095210,-0.011780,0.005287,-0.008784,-3.670632,MOVE_JOINT
3.700000,0.408833,-0.203330,-0.095220,-0.012251,0.005785,-0.009314,-3.675582,MOVE_JOINT
3.701000,0.408818,-0.203325,-0.095230,-0.013309,0.005961,-0.009762,-3.680382,MOVE_JOINT
3.702000,0.408805,-0.203321,-0.095240,-0.012871,0.005255,-0.009460,-3.684948,MOVE_JOINT
3.703000,0.408788,-0.203314,-0.095252,-0.014818,0.005839,-0.010784,-3.689262,MOVE_JOINT
3.704000,0.408776,-0.203309,-0.095260,-0.014263,0.005683,-0.010037,-3.693385,MOVE_JOINT
3.705000,0.408761,-0.203304,-0.095271,-0.013966,0.005562,-0.010011,-3.697433,MOVE_JOINT
3.706000,0.408750,-0.203300,-0.095280,-0.013579,0.005070,-0.010002,-3.701531,MOVE_JOINT
3.707000,0.408737,-0.203296,-0.095288,-0.013127,0.005397,-0.009637,-3.705777,MOVE_JOINT
3.708000,0.408722,-0.203291,-0.095298,-0.012888,0.005550,-0.009568,-3.710237,MOVE_JOINT
3.709000,0.408711,-0.203285,-0.095306,-0.011636,0.005558,-0.008679,-3.714925,MOVE_JOINT
3.710000,0.408698,-0.203281,-0.095315,-0.012094,0.004865,-0.008870,-3.719775,MOVE_JOINT
3.711000,0.408692,-0.203277,-0.095321,-0.010193,0.004252,-0.007681,-3.724637,MOVE_JOINT
3.712000,0.408673,-0.203272,-0.095334,-0.012928,0.004259,-0.009187,-3.729305,MOVE_JOINT
3.713000,0.408661,-0.203269,-0.095342,-0.012763,0.004011,-0.008937,-3.733564,MOVE_JOINT
3.714000,0.408647,-0.203264,-0.095352,-0.013769,0.004256,-0.009562,-3.737257,MOVE_JOINT
3.715000,0.408637,-0.203257,-0.095361,-0.013808,0.004912,-0.009846,-3.740316,MOVE_JOINT
3.716000,0.408626,-0.203254,-0.095368,-0.012793,0.004502,-0.009029,-3.742764,MOVE_JOINT
3.717000,0.408616,-0.203249,-0.095374,-0.011890,0.004357,-0.008135,-3.744665,MOVE_JOINT
3.718000,0.408604,-0.203247,-0.095382,-0.011679,0.003417,-0.007923,-3.746038,MOVE_JOINT
3.719000,0.408594,-0.203242,-0.095390,-0.011149,0.003948,-0.007883,-3.746796,MOVE_JOINT
3.720000,0.408583,-0.203237,-0.095398,-0.010869,0.004199,-0.007553,-3.746779,MOVE_JOINT
3.721000,0.408569,-0.203236,-0.095406,-0.012110,0.003553,-0.007951,-3.745798,MOVE_JOINT
3.722000,0.408562,-0.203229,-0.095412,-0.010901,0.004520,-0.007518,-3.743677,MOVE_JOINT
3.723000,0.408550,-0.203225,-0.095420,-0.011527,0.004421,-0.007811,-3.740275,MOVE_JOINT
3.724000,0.408541,-0.203220,-0.095425,-0.010594,0.004443,-0.006991,-3.735499,MOVE_JOINT
3.725000,0.408527,-0.203217,-0.095434,-0.010747,0.003914,-0.007155,-3.729290,MOVE_JOINT
3.726000,0.408518,-0.203213,-0.095440,-0.010120,0.004325,-0.006685,-3.721606,MOVE_JOINT
3.727000,0.408507,-0.203210,-0.095447,-0.010683,0.003884,-0.007082,-3.712428,MOVE_JOINT
3.728000,0.408499,-0.203202,-0.095454,-0.010452,0.005028,-0.007285,-3.701782,MOVE_JOINT
3.729000,0.408483,-0.203201,-0.095462,-0.010631,0.004004,-0.007228,-3.689781,MOVE_JOINT
3.730000,0.408476,-0.203198,-0.095467,-0.010238,0.003626,-0.006514,-3.676622,MOVE_JOINT
3.731000,0.408464,-0.203193,-0.095475,-0.010366,0.003834,-0.007133,-3.662551,MOVE_JOINT
3.732000,0.408453,-0.203188,-0.095482,-0.011107,0.004174,-0.007321,-3.647843,MOVE_JOINT
3.733000,0.408445,-0.203184,-0.095487,-0.010232,0.003547,-0.006383,-3.632801,MOVE_JOINT
3.734000,0.408438,-0.203180,-0.095493,-0.009299,0.003718,-0.005941,-3.617728,MOVE_JOINT
3.735000,0.408424,-0.203177,-0.095502,-0.010497,0.003810,-0.007050,-3.602868,MOVE_JOINT
3.736000,0.408417,-0.203173,-0.095506,-0.009796,0.003581,-0.006215,-3.588410,MOVE_JOINT
3.737000,0.408406,-0.203169,-0.095513,-0.010178,0.003328,-0.006389,-3.574528,MOVE_JOINT
3.738000,0.408398,-0.203166,-0.095518,-0.009975,0.003428,-0.006088,-3.561376,MOVE_JOINT
3.739000,0.408386,-0.203159,-0.095526,-0.010360,0.004444,-0.006457,-3.549071,MOVE_JOINT
3.740000,0.408376,-0.203158,-0.095532,-0.011055,0.003435,-0.006655,-3.537694,MOVE_JOINT
3.741000,0.408367,-0.203152,-0.095538,-0.010584,0.004151,-0.006393,-3.527317,MOVE_JOINT
3.742000,0.408363,-0.203149,-0.095542,-0.009056,0.003502,-0.005791,-3.518005,MOVE_JOINT
3.743000,0.408350,-0.203147,-0.095550,-0.009876,0.003044,-0.006142,-3.509808,MOVE_JOINT
3.744000,0.408339,-0.203144,-0.095557,-0.010028,0.003306,-0.006282,-3.502754,MOVE_JOINT
3.745000,0.408330,-0.203142,-0.095562,-0.010265,0.003269,-0.006406,-3.496870,MOVE_JOINT
3.746000,0.408324,-0.203138,-0.095567,-0.008948,0.003569,-0.005913,-3.492200,MOVE_JOINT
3.747000,0.408314,-0.203133,-0.095574,-0.008781,0.003657,-0.005838,-3.488790,MOVE_JOINT
3.748000,0.408303,-0.203131,-0.095581,-0.009451,0.003686,-0.006427,-3.486668,MOVE_JOINT
3.749000,0.408292,-0.203128,-0.095588,-0.009726,0.003739,-0.006593,-3.485845,MOVE_JOINT
3.750000,0.408280,-0.203128,-0.095594,-0.010856,0.003046,-0.006615,-3.486343,MOVE_JOINT
3.751000,0.408276,-0.203125,-0.095598,-0.008802,0.002920,-0.005676,-3.488186,MOVE_JOINT
3.752000,0.408266,-0.203123,-0.095604,-0.009507,0.002234,-0.005662,-3.491353,MOVE_JOINT
3.753000,0.408258,-0.203119,-0.095610,-0.009624,0.002795,-0.006125,-3.495751,MOVE_JOINT
3.754000,0.408250,-0.203118,-0.095616,-0.009737,0.002144,-0.006073,-3.501247,MOVE_JOINT
3.755000,0.408243,-0.203115,-0.095622,-0.008247,0.002892,-0.005839,-3.507719,MOVE_JOINT
3.756000,0.408236,-0.203109,-0.095627,-0.008132,0.004046,-0.005886,-3.515082,MOVE_JOINT
3.757000,0.408229,-0.203107,-0.095631,-0.007810,0.004071,-0.005426,-3.523274,MOVE_JOINT
3.758000,0.408220,-0.203106,-0.095636,-0.008489,0.003238,-0.005445,-3.532211,MOVE_JOINT
3.759000,0.408216,-0.203106,-0.095638,-0.007128,0.002124,-0.004423,-3.541755,MOVE_JOINT
3.760000,0.408204,-0.203101,-0.095647,-0.008755,0.003028,-0.005681,-3.551711,MOVE_JOINT
3.761000,0.408200,-0.203099,-0.095649,-0.007326,0.002995,-0.005096,-3.561866,MOVE_JOINT
3.762000,0.408196,-0.203098,-0.095652,-0.006583,0.002342,-0.004548,-3.572035,MOVE_JOINT
3.763000,0.408187,-0.203095,-0.095658,-0.007467,0.002407,-0.004744,-3.582076,MOVE_JOINT
3.764000,0.408177,-0.203093,-0.095664,-0.007770,0.002023,-0.005064,-3.591865,MOVE_JOINT
3.765000,0.408168,-0.203087,-0.095671,-0.008028,0.003022,-0.005371,-3.601294,MOVE_JOINT
3.766000,0.408164,-0.203086,-0.095674,-0.005864,0.002931,-0.004384,-3.610296,MOVE_JOINT
3.767000,0.408158,-0.203082,-0.095679,-0.006069,0.003003,-0.004403,-3.618836,MOVE_JOINT
3.768000,0.408157,-0.203081,-0.095680,-0.003681,0.002200,-0.003234,-3.626878,MOVE_JOINT
3.769000,0.408147,-0.203077,-0.095686,-0.005642,0.002948,-0.004151,-3.634348,MOVE_JOINT
3.770000,0.408139,-0.203072,-0.095692,-0.006399,0.004088,-0.004862,-3.641147,MOVE_JOINT
3.771000,0.408132,-0.203075,-0.095695,-0.006599,0.002005,-0.004269,-3.647201,MOVE_JOINT
3.772000,0.408130,-0.203070,-0.095698,-0.005944,0.003018,-0.004076,-3.652487,MOVE_JOINT
3.773000,0.408122,-0.203067,-0.095702,-0.006424,0.002647,-0.004043,-3.657014,MOVE_JOINT
3.774000,0.408117,-0.203062,-0.095708,-0.006290,0.003129,-0.004646,-3.660804,MOVE_JOINT
3.775000,0.408111,-0.203059,-0.095712,-0.006189,0.003093,-0.004180,-3.663896,MOVE_JOINT
3.776000,0.408107,-0.203055,-0.095716,-0.005541,0.003067,-0.003909,-3.666366,MOVE_JOINT
3.777000,0.408097,-0.203051,-0.095722,-0.007244,0.003066,-0.004619,-3.668294,MOVE_JOINT
3.778000,0.408093,-0.203047,-0.095725,-0.005241,0.003149,-0.003731,-3.669748,MOVE_JOINT
3.779000,0.408081,-0.203049,-0.095732,-0.007366,0.002053,-0.004697,-3.670797,MOVE_JOINT
3.780000,0.408079,-0.203041,-0.095735,-0.006241,0.003851,-0.004380,-3.671519,MOVE_JOINT
3.781000,0.408072,-0.203042,-0.095738,-0.006464,0.002358,-0.004007,-3.672016,MOVE_JOINT
3.782000,0.408069,-0.203040,-0.095742,-0.006083,0.001819,-0.003829,-3.672391,MOVE_JOINT
3.783000,0.408060,-0.203036,-0.095747,-0.006638,0.002452,-0.004096,-3.672724,MOVE_JOINT
3.784000,0.408049,-0.203034,-0.095754,-0.007949,0.002148,-0.004813,-3.673082,MOVE_JOINT
3.785000,0.408048,-0.203032,-0.095754,-0.006311,0.002351,-0.003749,-3.673527,MOVE_JOINT
3.786000,0.408043,-0.203029,-0.095757,-0.005936,0.002737,-0.003658,-3.674111,MOVE_JOINT
3.787000,0.408037,-0.203029,-0.095761,-0.005983,0.002213,-0.003911,-3.674840,MOVE_JOINT
3.788000,0.408031,-0.203027,-0.095764,-0.005599,0.002356,-0.003413,-3.675670,MOVE_JOINT
3.789000,0.408025,-0.203026,-0.095768,-0.006117,0.001656,-0.003596,-3.676533,MOVE_JOINT
3.790000,0.408020,-0.203023,-0.095771,-0.005939,0.002513,-0.003633,-3.677343,MOVE_JOINT
3.791000,0.408017,-0.203020,-0.095773,-0.005140,0.002476,-0.003223,-3.678019,MOVE_JOINT
3.792000,0.408009,-0.203020,-0.095778,-0.006168,0.002047,-0.003768,-3.678489,MOVE_JOINT
3.793000,0.408005,-0.203016,-0.095780,-0.005496,0.002408,-0.003558,-3.678700,MOVE_JOINT
3.794000,0.408002,-0.203015,-0.095782,-0.004956,0.002204,-0.003103,-3.678626,MOVE_JOINT
3.795000,0.407996,-0.203011,-0.095786,-0.005544,0.002657,-0.003420,-3.678261,MOVE_JOINT
3.796000,0.407989,-0.203013,-0.095789,-0.005778,0.001651,-0.003287,-3.677593,MOVE_JOINT
3.797000,0.407983,-0.203010,-0.095793,-0.005182,0.001664,-0.003405,-3.676604,MOVE_JOINT
3.798000,0.407981,-0.203006,-0.095794,-0.004469,0.002009,-0.002548,-3.675287,MOVE_JOINT
3.799000,0.407973,-0.203005,-0.095798,-0.005318,0.001814,-0.002764,-3.673639,MOVE_JOINT
3.800000,0.407971,-0.203004,-0.095799,-0.003998,0.001100,-0.001702,-3.671625,MOVE_JOINT
3.801000,0.407963,-0.203001,-0.095804,-0.005318,0.001835,-0.002947,-3.669155,MOVE_JOINT
3.802000,0.407960,-0.202999,-0.095805,-0.004671,0.001640,-0.002309,-3.666118,MOVE_JOINT
3.803000,0.407959,-0.202995,-0.095806,-0.003607,0.002469,-0.001885,-3.662433,MOVE_JOINT
3.804000,0.407949,-0.202995,-0.095810,-0.006028,0.001543,-0.003035,-3.658056,MOVE_JOINT
3.805000,0.407947,-0.202995,-0.095810,-0.004811,0.001108,-0.002106,-3.652990,MOVE_JOINT
3.806000,0.407942,-0.202992,-0.095814,-0.004575,0.001525,-0.002285,-3.647282,MOVE_JOINT
3.807000,0.407935,-0.202989,-0.095818,-0.005104,0.001482,-0.002723,-3.641021,MOVE_JOINT
3.808000,0.407933,-0.202987,-0.095819,-0.004318,0.001636,-0.002186,-3.634326,MOVE_JOINT
3.809000,0.407926,-0.202986,-0.095822,-0.004525,0.001748,-0.002430,-3.627349,MOVE_JOINT
3.810000,0.407921,-0.202985,-0.095824,-0.004830,0.001646,-0.002366,-3.620248,MOVE_JOINT
3.811000,0.407922,-0.202983,-0.095825,-0.002737,0.002148,-0.001669,-3.613160,MOVE_JOINT
3.812000,0.407915,-0.202982,-0.095828,-0.004187,0.001610,-0.002209,-3.606188,MOVE_JOINT
3.813000,0.407910,-0.202980,-0.095831,-0.003734,0.001800,-0.002279,-3.599394,MOVE_JOINT
3.814000,0.407908,-0.202977,-0.095831,-0.003056,0.002296,-0.001685,-3.592822,MOVE_JOINT
3.815000,0.407906,-0.202976,-0.095833,-0.002744,0.001789,-0.001657,-3.586492,MOVE_JOINT
3.816000,0.407897,-0.202973,-0.095838,-0.004676,0.002211,-0.002495,-3.580400,MOVE_JOINT
3.817000,0.407897,-0.202972,-0.095838,-0.003812,0.001885,-0.001869,-3.574537,MOVE_JOINT
3.818000,0.407889,-0.202970,-0.095842,-0.004673,0.001824,-0.002472,-3.568918,MOVE_JOINT
3.819000,0.407889,-0.202969,-0.095841,-0.003309,0.001682,-0.001375,-3.563578,MOVE_JOINT
3.820000,0.407883,-0.202966,-0.095845,-0.003955,0.002015,-0.001802,-3.558546,MOVE_JOINT
3.821000,0.407879,-0.202965,-0.095847,-0.004381,0.001565,-0.002157,-3.553818,MOVE_JOINT
3.822000,0.407876,-0.202964,-0.095847,-0.003425,0.001155,-0.001339,-3.549382,MOVE_JOINT
3.823000,0.407872,-0.202962,-0.095851,-0.003733,0.001718,-0.001844,-3.545232,MOVE_JOINT
3.824000,0.407866,-0.202962,-0.095853,-0.004189,0.000973,-0.001973,-3.541374,MOVE_JOINT
3.825000,0.407867,-0.202960,-0.095853,-0.003702,0.001251,-0.002005,-3.537825,MOVE_JOINT
3.826000,0.407859,-0.202958,-0.095857,-0.004947,0.001799,-0.002553,-3.534639,MOVE_JOINT
3.827000,0.407859,-0.202956,-0.095857,-0.004046,0.001698,-0.001961,-3.531908,MOVE_JOINT
3.828000,0.407855,-0.202954,-0.095859,-0.003642,0.001553,-0.001775,-3.529734,MOVE_JOINT
3.829000,0.407854,-0.202951,-0.095860,-0.003850,0.001736,-0.001755,-3.528182,MOVE_JOINT
3.830000,0.407853,-0.202952,-0.095860,-0.002183,0.000958,-0.000828,-3.527256,MOVE_JOINT
3.831000,0.407847,-0.202949,-0.095864,-0.003856,0.001506,-0.001996,-3.526897,MOVE_JOINT
3.832000,0.407842,-0.202946,-0.095867,-0.003748,0.001970,-0.002045,-3.527019,MOVE_JOINT
3.833000,0.407838,-0.202946,-0.095868,-0.003736,0.001665,-0.001819,-3.527542,MOVE_JOINT
3.834000,0.407833,-0.202943,-0.095872,-0.004787,0.001967,-0.002548,-3.528404,MOVE_JOINT
3.835000,0.407833,-0.202941,-0.095872,-0.003949,0.001705,-0.002166,-3.529559,MOVE_JOINT
3.836000,0.407825,-0.202942,-0.095875,-0.004595,0.000914,-0.002355,-3.530989,MOVE_JOINT
3.837000,0.407827,-0.202941,-0.095874,-0.002546,0.000399,-0.000972,-3.532704,MOVE_JOINT
3.838000,0.407819,-0.202937,-0.095879,-0.004172,0.001761,-0.002048,-3.534704,MOVE_JOINT
3.839000,0.407817,-0.202935,-0.095881,-0.003671,0.001479,-0.001861,-3.536952,MOVE_JOINT
3.840000,0.407814,-0.202933,-0.095881,-0.003692,0.001191,-0.001647,-3.539383,MOVE_JOINT
3.841000,0.407809,-0.202933,-0.095884,-0.004574,0.001065,-0.002179,-3.541933,MOVE_JOINT
3.842000,0.407808,-0.202931,-0.095885,-0.003089,0.001709,-0.001672,-3.544552,MOVE_JOINT
3.843000,0.407806,-0.202927,-0.095886,-0.002271,0.002006,-0.001360,-3.547199,MOVE_JOINT
3.844000,0.407800,-0.202928,-0.095889,-0.003638,0.001200,-0.001707,-3.549832,MOVE_JOINT
3.845000,0.407795,-0.202928,-0.095891,-0.004030,0.001389,-0.002021,-3.552398,MOVE_JOINT
3.846000,0.407796,-0.202927,-0.095891,-0.002143,0.001368,-0.001171,-3.554856,MOVE_JOINT
3.847000,0.407794,-0.202925,-0.095893,-0.001832,0.001796,-0.001058,-3.557172,MOVE_JOINT
3.848000,0.407788,-0.202925,-0.095895,-0.003448,0.001191,-0.001408,-3.559304,MOVE_JOINT
3.849000,0.407785,-0.202924,-0.095896,-0.002530,0.000669,-0.001125,-3.561193,MOVE_JOINT
3.850000,0.407780,-0.202924,-0.095899,-0.003095,0.000202,-0.001395,-3.562775,MOVE_JOINT
3.851000,0.407783,-0.202922,-0.095897,-0.001528,0.000807,-0.000614,-3.564017,MOVE_JOINT
3.852000,0.407777,-0.202920,-0.095901,-0.002830,0.001188,-0.001451,-3.564920,MOVE_JOINT
3.853000,0.407775,-0.202918,-0.095902,-0.002968,0.001356,-0.001497,-3.565511,MOVE_JOINT
3.854000,0.407771,-0.202919,-0.095905,-0.003322,0.000253,-0.001687,-3.565848,MOVE_JOINT
3.855000,0.407767,-0.202915,-0.095906,-0.002905,0.001541,-0.001274,-3.566017,MOVE_JOINT
3.856000,0.407765,-0.202917,-0.095907,-0.003051,0.000456,-0.001236,-3.566118,MOVE_JOINT
3.857000,0.407766,-0.202913,-0.095907,-0.002098,0.001335,-0.000987,-3.566223,MOVE_JOINT
3.858000,0.407758,-0.202913,-0.095911,-0.003933,0.000810,-0.001877,-3.566366,MOVE_JOINT
3.859000,0.407759,-0.202913,-0.095910,-0.002720,0.000964,-0.001487,-3.566569,MOVE_JOINT
3.860000,0.407756,-0.202912,-0.095912,-0.003562,0.001050,-0.001741,-3.566863,MOVE_JOINT
3.861000,0.407754,-0.202911,-0.095913,-0.002767,0.001116,-0.001642,-3.567294,MOVE_JOINT
3.862000,0.407749,-0.202909,-0.095916,-0.003723,0.001177,-0.001938,-3.567907,MOVE_JOINT
3.863000,0.407748,-0.202908,-0.095916,-0.003390,0.001396,-0.001601,-3.568747,MOVE_JOINT
3.864000,0.407744,-0.202906,-0.095919,-0.003885,0.001723,-0.002352,-3.569844,MOVE_JOINT
3.865000,0.407744,-0.202905,-0.095919,-0.002603,0.001627,-0.001762,-3.571223,MOVE_JOINT
3.866000,0.407742,-0.202906,-0.095920,-0.001936,0.001749,-0.001499,-3.572906,MOVE_JOINT
3.867000,0.407741,-0.202907,-0.095919,-0.001293,0.000773,-0.000461,-3.574895,MOVE_JOINT
3.868000,0.407737,-0.202905,-0.095921,-0.002286,0.000876,-0.001344,-3.577132,MOVE_JOINT
3.869000,0.407735,-0.202903,-0.095923,-0.002000,0.001386,-0.001169,-3.579501,MOVE_JOINT
3.870000,0.407733,-0.202902,-0.095925,-0.001968,0.001448,-0.001369,-3.581879,MOVE_JOINT
3.871000,0.407730,-0.202903,-0.095925,-0.002954,0.000650,-0.001257,-3.584174,MOVE_JOINT
3.872000,0.407728,-0.202900,-0.095928,-0.002112,0.001109,-0.001218,-3.586331,MOVE_JOINT
3.873000,0.407725,-0.202900,-0.095929,-0.002923,0.000650,-0.001304,-3.588320,MOVE_JOINT
3.874000,0.407723,-0.202901,-0.095929,-0.003218,0.000452,-0.001376,-3.590129,MOVE_JOINT
3.875000,0.407722,-0.202900,-0.095930,-0.002835,0.000055,-0.001280,-3.591759,MOVE_JOINT
3.876000,0.407719,-0.202898,-0.095932,-0.003350,0.000697,-0.001653,-3.593225,MOVE_JOINT
3.877000,0.407721,-0.202898,-0.095931,-0.001580,0.000569,-0.000793,-3.594559,MOVE_JOINT
3.878000,0.407724,-0.202895,-0.095929,0.000122,0.001714,-0.000060,-3.595780,MOVE_JOINT
3.879000,0.407719,-0.202894,-0.095932,-0.001080,0.001492,-0.000861,-3.596861,MOVE_JOINT
3.880000,0.407719,-0.202894,-0.095932,-0.000229,0.000794,-0.000232,-3.597722,MOVE_JOINT
3.881000,0.407717,-0.202892,-0.095935,-0.000394,0.001442,-0.000841,-3.598272,MOVE_JOINT
3.882000,0.407713,-0.202890,-0.095936,-0.000832,0.001250,-0.000834,-3.598452,MOVE_JOINT
3.883000,0.407716,-0.202890,-0.095934,0.000768,0.000623,0.000225,-3.598245,MOVE_JOINT
3.884000,0.407713,-0.202890,-0.095936,-0.001233,0.000101,-0.000795,-3.597666,MOVE_JOINT
3.885000,0.407712,-0.202886,-0.095938,-0.000718,0.001358,-0.000842,-3.596747,MOVE_JOINT
3.886000,0.407709,-0.202888,-0.095938,-0.001346,0.000408,-0.000585,-3.595550,MOVE_JOINT
3.887000,0.407711,-0.202886,-0.095938,-0.000331,0.001135,-0.000286,-3.594157,MOVE_JOINT
3.888000,0.407706,-0.202888,-0.095940,-0.001556,0.000019,-0.000847,-3.592637,MOVE_JOINT
3.889000,0.407705,-0.202885,-0.095942,-0.001271,0.001200,-0.001237,-3.591049,MOVE_JOINT
3.890000,0.407705,-0.202885,-0.095941,-0.000658,0.001148,-0.000626,-3.589469,MOVE_JOINT
3.891000,0.407702,-0.202884,-0.095943,-0.001898,0.001044,-0.001362,-3.587998,MOVE_JOINT
3.892000,0.407700,-0.202882,-0.095944,-0.001807,0.001282,-0.001098,-3.586753,MOVE_JOINT
3.893000,0.407700,-0.202881,-0.095945,-0.001150,0.001446,-0.000890,-3.585847,MOVE_JOINT
3.894000,0.407698,-0.202881,-0.095946,-0.001553,0.000872,-0.000803,-3.585363,MOVE_JOINT
3.895000,0.407696,-0.202879,-0.095947,-0.000981,0.001284,-0.000942,-3.585342,MOVE_JOINT
3.896000,0.407693,-0.202879,-0.095949,-0.002042,0.000760,-0.001303,-3.585800,MOVE_JOINT
3.897000,0.407693,-0.202875,-0.095950,-0.001740,0.001415,-0.001174,-3.586770,MOVE_JOINT
3.898000,0.407689,-0.202878,-0.095951,-0.002282,0.000483,-0.001245,-3.588305,MOVE_JOINT
3.899000,0.407692,-0.202876,-0.095950,-0.001448,0.000907,-0.000876,-3.590458,MOVE_JOINT
3.900000,0.407689,-0.202874,-0.095952,-0.001946,0.001451,-0.001323,-3.593253,MOVE_JOINT
3.901000,0.407683,-0.202875,-0.095954,-0.002649,0.000331,-0.001248,-3.596687,MOVE_JOINT
3.902000,0.407684,-0.202873,-0.095954,-0.001868,0.001257,-0.001079,-3.600740,MOVE_JOINT
3.903000,0.407686,-0.202872,-0.095953,-0.000842,0.001105,-0.000493,-3.605371,MOVE_JOINT
3.904000,0.407679,-0.202872,-0.095957,-0.002410,0.001089,-0.001358,-3.610507,MOVE_JOINT
3.905000,0.407680,-0.202872,-0.095956,-0.001254,0.000400,-0.000614,-3.616046,MOVE_JOINT
3.906000,0.407678,-0.202870,-0.095957,-0.000957,0.000699,-0.000701,-3.621876,MOVE_JOINT
3.907000,0.407679,-0.202871,-0.095956,-0.000299,0.000127,-0.000108,-3.627885,MOVE_JOINT
3.908000,0.407679,-0.202871,-0.095956,-0.000282,0.000352,-0.000065,-3.633938,MOVE_JOINT
3.909000,0.407674,-0.202871,-0.095958,-0.001088,-0.000078,-0.000299,-3.639880,MOVE_JOINT
3.910000,0.407671,-0.202866,-0.095961,-0.002216,0.001218,-0.001416,-3.645558,MOVE_JOINT
3.911000,0.407674,-0.202869,-0.095958,-0.000052,-0.000159,0.000159,-3.650876,MOVE_JOINT
3.912000,0.407667,-0.202867,-0.095963,-0.001834,0.000510,-0.001041,-3.655803,MOVE_JOINT
3.913000,0.407674,-0.202864,-0.095959,0.001145,0.001069,0.000588,-3.660348,MOVE_JOINT
3.914000,0.407670,-0.202866,-0.095960,-0.000955,0.000565,-0.000395,-3.664514,MOVE_JOINT
3.915000,0.407672,-0.202865,-0.095959,-0.000408,0.000647,-0.000424,-3.668274,MOVE_JOINT
3.916000,0.407668,-0.202866,-0.095961,-0.001537,-0.000307,-0.000801,-3.671599,MOVE_JOINT
3.917000,0.407668,-0.202864,-0.095962,-0.001116,0.000744,-0.000855,-3.674501,TARE
3.918000,0.407667,-0.202865,-0.095961,-0.000994,0.000487,-0.000690,-3.677048,TARE
3.919000,0.407668,-0.202866,-0.095960,-0.000746,0.000254,-0.000355,-3.679339,TARE
3.920000,0.407661,-0.202867,-0.095964,-0.002594,-0.000284,-0.001170,-3.681460,TARE
3.921000,0.407662,-0.202864,-0.095963,-0.002872,0.001598,-0.001392,-3.683481,TARE
3.922000,0.407661,-0.202865,-0.095965,-0.002753,0.000899,-0.001678,-3.685477,TARE
3.923000,0.407661,-0.202865,-0.095963,-0.001542,0.000349,-0.000451,-3.687539,TARE
3.924000,0.407665,-0.202865,-0.095961,-0.000363,0.000143,0.000272,-3.689737,TARE
3.925000,0.407658,-0.202864,-0.095965,-0.001947,0.000488,-0.001015,-3.692068,TARE
3.926000,0.407660,-0.202863,-0.095964,-0.000394,0.000598,-0.000121,-3.694455,TARE
3.927000,0.407658,-0.202864,-0.095965,-0.000721,-0.000114,-0.000104,-3.696801,TARE
3.928000,0.407655,-0.202864,-0.095966,-0.002022,-0.000127,-0.000706,-3.699016,TARE
3.929000,0.407659,-0.202862,-0.095965,-0.000019,0.000604,0.000091,-3.701025,TARE
3.930000,0.407651,-0.202863,-0.095968,-0.002424,0.000223,-0.000890,-3.702779,TARE
3.931000,0.407650,-0.202862,-0.095969,-0.002910,0.000202,-0.000913,-3.704253,TARE
3.932000,0.407657,-0.202863,-0.095966,-0.001110,-0.000344,-0.000126,-3.705440,TARE
3.933000,0.407654,-0.202861,-0.095967,-0.001245,0.000308,-0.000292,-3.706348,TARE
3.934000,0.407652,-0.202862,-0.095968,-0.001589,0.000148,-0.000704,-3.706987,TARE
3.935000,0.407647,-0.202862,-0.095971,-0.002880,0.000255,-0.001481,-3.707384,TARE
3.936000,0.407653,-0.202863,-0.095968,-0.000313,-0.000207,-0.000245,-3.707609,TARE
3.937000,0.407651,-0.202861,-0.095968,-0.000187,-0.000083,-0.000143,-3.707772,TARE
3.938000,0.407654,-0.202861,-0.095967,0.000535,0.000042,0.000351,-3.707970,TARE
3.939000,0.407648,-0.202861,-0.095970,-0.001213,-0.000399,-0.000543,-3.708243,TARE
3.940000,0.407649,-0.202860,-0.095970,-0.000971,-0.000255,-0.000471,-3.708581,TARE
3.941000,0.407646,-0.202861,-0.095971,-0.001077,-0.000202,-0.000650,-3.708971,TARE
3.942000,0.407650,-0.202861,-0.095968,0.000568,-0.000112,0.000480,-3.709418,TARE
3.943000,0.407649,-0.202858,-0.095969,0.000104,0.000578,0.000085,-3.709913,TARE
3.944000,0.407646,-0.202856,-0.095971,-0.001058,0.000967,-0.000622,-3.710408,TARE
3.945000,0.407650,-0.202857,-0.095969,0.000191,0.001132,-0.000310,-3.710837,TARE
3.946000,0.407647,-0.202858,-0.095971,-0.001919,0.000746,-0.001339,-3.711164,TARE
3.947000,0.407646,-0.202858,-0.095971,-0.000522,0.000270,-0.000474,-3.711407,TARE
3.948000,0.407646,-0.202856,-0.095971,-0.000261,0.000701,-0.000310,-3.711627,TARE
3.949000,0.407650,-0.202857,-0.095968,0.000763,0.000079,0.000388,-3.711877,TARE
3.950000,0.407649,-0.202856,-0.095970,-0.000050,0.000719,-0.000267,-3.712154,TARE
3.951000,0.407646,-0.202853,-0.095972,-0.000933,0.001108,-0.000873,-3.712415,TARE
3.952000,0.407647,-0.202855,-0.095970,-0.000412,0.000395,-0.000322,-3.712623,TARE
3.953000,0.407648,-0.202855,-0.095970,0.000752,0.000284,0.000427,-3.712770,TARE
3.954000,0.407647,-0.202853,-0.095971,-0.000045,0.000528,-0.000120,-3.712838,TARE
3.955000,0.407648,-0.202854,-0.095970,0.000459,0.000011,0.000340,-3.712776,TARE
3.956000,0.407648,-0.202852,-0.095971,0.001259,0.000474,0.000538,-3.712511,TARE
3.957000,0.407645,-0.202851,-0.095972,0.000766,0.001053,0.000177,-3.711962,TARE
3.958000,0.407641,-0.202853,-0.095973,-0.001138,-0.000212,-0.000004,-3.711043,TARE
3.959000,0.407638,-0.202852,-0.095975,-0.001668,-0.000045,-0.000561,-3.709686,TARE
3.960000,0.407642,-0.202851,-0.095973,-0.000169,-0.000375,0.000333,-3.707857,TARE
3.961000,0.407642,-0.202850,-0.095973,0.000405,-0.000098,0.000412,-3.705565,TARE
3.962000,0.407641,-0.202849,-0.095974,-0.000169,0.000391,0.000035,-3.702845,TARE
3.963000,0.407645,-0.202850,-0.095972,0.001224,-0.000041,0.000733,-3.699743,TARE
3.964000,0.407640,-0.202852,-0.095973,-0.000831,-0.000932,0.000236,-3.696316,TARE
3.965000,0.407639,-0.202850,-0.095975,-0.000857,0.000138,-0.000224,-3.692625,TARE
3.966000,0.407638,-0.202848,-0.095976,-0.000399,0.001058,-0.000270,-3.688740,TARE
3.967000,0.407639,-0.202850,-0.095975,-0.000585,0.000199,-0.000207,-3.684755,TARE
3.968000,0.407637,-0.202847,-0.095976,-0.000547,0.001022,-0.000507,-3.680791,TARE
3.969000,0.407630,-0.202847,-0.095980,-0.003007,0.000839,-0.001689,-3.677002,TARE
3.970000,0.407634,-0.202848,-0.095977,-0.001010,0.000370,-0.000188,-3.673566,TARE
3.971000,0.407632,-0.202844,-0.095979,-0.000927,0.001114,-0.000501,-3.670658,TARE
3.972000,0.407631,-0.202847,-0.095978,-0.001075,0.000226,-0.000332,-3.668381,TARE
3.973000,0.407635,-0.202847,-0.095976,0.000711,0.000250,0.000466,-3.666746,TARE
3.974000,0.407633,-0.202847,-0.095977,-0.000098,0.000146,-0.000075,-3.665693,TARE
3.975000,0.407629,-0.202846,-0.095980,-0.002039,0.000453,-0.001121,-3.665127,TARE
3.976000,0.407631,-0.202845,-0.095979,-0.000767,0.000489,-0.000459,-3.664979,TARE
3.977000,0.407627,-0.202844,-0.095981,-0.001580,0.000581,-0.000815,-3.665234,TARE
3.978000,0.407627,-0.202847,-0.095981,-0.001491,-0.000579,-0.000621,-3.665907,TARE
3.979000,0.407628,-0.202844,-0.095980,-0.001163,0.000261,-0.000689,-3.667016,TARE
3.980000,0.407627,-0.202845,-0.095981,-0.000939,-0.000235,-0.000546,-3.668573,TARE
3.981000,0.407625,-0.202843,-0.095982,-0.001017,0.000516,-0.000686,-3.670581,TARE
3.982000,0.407629,-0.202843,-0.095980,0.000632,0.000453,-0.000019,-3.673027,TARE
3.983000,0.407625,-0.202843,-0.095981,-0.000824,-0.000011,-0.000397,-3.675867,TARE
3.984000,0.407626,-0.202846,-0.095980,0.000128,-0.000526,0.000170,-3.679016,TARE
3.985000,0.407620,-0.202844,-0.095984,-0.001313,0.000124,-0.000961,-3.682365,TARE
3.986000,0.407624,-0.202846,-0.095980,0.000749,-0.000924,0.000986,-3.685804,TARE
3.987000,0.407622,-0.202843,-0.095983,0.000316,0.000299,-0.000059,-3.689222,TARE
3.988000,0.407623,-0.202845,-0.095981,0.000467,-0.000454,0.000836,-3.692487,TARE
3.989000,0.407624,-0.202844,-0.095980,0.000013,0.000112,0.000510,-3.695443,TARE
3.990000,0.407621,-0.202842,-0.095983,-0.001085,0.000302,-0.000268,-3.697933,TARE
3.991000,0.407621,-0.202843,-0.095983,-0.000443,-0.000301,-0.000223,-3.699840,TARE
3.992000,0.407620,-0.202843,-0.095982,-0.000300,-0.000221,0.000260,-3.701138,TARE
3.993000,0.407617,-0.202843,-0.095985,-0.001613,-0.000435,-0.000757,-3.701891,TARE
3.994000,0.407618,-0.202843,-0.095984,-0.001029,-0.000117,-0.000559,-3.702232,TARE
3.995000,0.407618,-0.202844,-0.095983,-0.001369,-0.000463,-0.000286,-3.702338,TARE
3.996000,0.407616,-0.202844,-0.095985,-0.001774,-0.000678,-0.000495,-3.702393,TARE
3.997000,0.407621,-0.202843,-0.095983,-0.000804,-0.000127,-0.000117,-3.702554,TARE
3.998000,0.407621,-0.202844,-0.095983,-0.000655,-0.000687,-0.000063,-3.702929,TARE
3.999000,0.407618,-0.202843,-0.095984,-0.000822,-0.000177,-0.000474,-3.703572,TARE
4.000000,0.407620,-0.202842,-0.095983,0.000250,0.000057,0.000331,-3.704493,TARE
4.001000,0.407619,-0.202838,-0.095984,-0.000416,0.001280,-0.000648,-3.705667,TARE
4.002000,0.407613,-0.202842,-0.095986,-0.002127,-0.000255,-0.000947,-3.707044,TARE
4.003000,0.407613,-0.202841,-0.095986,-0.001167,0.000239,-0.000521,-3.708579,TARE
4.004000,0.407612,-0.202841,-0.095986,-0.000623,0.000374,-0.000325,-3.710246,TARE
4.005000,0.407613,-0.202841,-0.095986,-0.000317,0.000447,-0.000199,-3.712025,TARE
4.006000,0.407612,-0.202844,-0.095986,-0.001031,-0.000709,-0.000228,-3.713888,TARE
4.007000,0.407612,-0.202842,-0.095986,-0.000885,0.000317,-0.000500,-3.715811,TARE
4.008000,0.407610,-0.202840,-0.095988,-0.001610,0.000871,-0.000754,-3.717785,TARE
4.009000,0.407611,-0.202842,-0.095986,0.000164,0.000155,0.000536,-3.719801,TARE
4.010000,0.407612,-0.202841,-0.095986,0.000870,0.000753,0.000330,-3.721811,TARE
4.011000,0.407606,-0.202840,-0.095990,-0.000885,0.000662,-0.000577,-3.723718,TARE
4.012000,0.407603,-0.202841,-0.095989,-0.000821,0.000140,0.000047,-3.725420,TARE
4.013000,0.407610,-0.202839,-0.095986,0.001609,0.000586,0.001264,-3.726839,TARE
4.014000,0.407609,-0.202839,-0.095989,0.000317,0.000446,0.000169,-3.727885,TARE
4.015000,0.407606,-0.202840,-0.095988,-0.000175,-0.000290,0.000557,-3.728440,TARE
4.016000,0.407605,-0.202840,-0.095989,-0.000193,-0.000198,0.000233,-3.728411,TARE
4.017000,0.407604,-0.202842,-0.095989,-0.000371,-0.001148,0.000327,-3.727767,TARE
4.018000,0.407604,-0.202840,-0.095989,0.000918,0.000151,0.000613,-3.726531,TARE
4.019000,0.407601,-0.202841,-0.095991,-0.000293,-0.000455,0.000046,-3.724758,TARE
4.020000,0.407603,-0.202839,-0.095990,0.000009,0.000275,0.000050,-3.722525,TARE
4.021000,0.407605,-0.202837,-0.095989,0.000847,0.000488,0.000613,-3.719928,TARE
4.022000,0.407608,-0.202838,-0.095988,0.001056,0.000128,0.000513,-3.717080,TARE
4.023000,0.407600,-0.202837,-0.095992,-0.000431,0.000519,-0.000497,-3.714087,TARE
4.024000,0.407599,-0.202838,-0.095992,-0.000991,-0.000214,-0.000144,-3.711072,TARE
4.025000,0.407603,-0.202838,-0.095989,0.000618,-0.000211,0.000919,-3.708170,TARE
4.026000,0.407601,-0.202837,-0.095991,-0.000588,0.000081,-0.000178,-3.705471,TARE
4.027000,0.407600,-0.202836,-0.095991,-0.000378,0.000716,-0.000036,-3.703005,TARE
4.028000,0.407598,-0.202834,-0.095993,-0.000776,0.001104,-0.000280,-3.700772,TARE
4.029000,0.407599,-0.202835,-0.095993,-0.000240,0.000386,-0.000050,-3.698781,TARE
4.030000,0.407600,-0.202835,-0.095991,0.000184,0.000370,0.000048,-3.697049,TARE
4.031000,0.407597,-0.202836,-0.095994,-0.000724,-0.000216,-0.000663,-3.695605,TARE
4.032000,0.407601,-0.202835,-0.095990,0.000301,0.000373,0.000200,-3.694501,TARE
4.033000,0.407601,-0.202835,-0.095990,0.000669,0.000081,0.000282,-3.693802,TARE
4.034000,0.407601,-0.202834,-0.095991,0.000209,0.000355,0.000119,-3.693533,TARE
4.035000,0.407601,-0.202831,-0.095992,-0.000393,0.001285,-0.000576,-3.693670,TARE
4.036000,0.407598,-0.202832,-0.095994,-0.001168,0.000589,-0.000998,-3.694171,TARE
4.037000,0.407601,-0.202830,-0.095991,0.000480,0.000953,0.000057,-3.695014,TARE
4.038000,0.407603,-0.202831,-0.095990,0.000795,0.000750,0.000219,-3.696182,TARE
4.039000,0.407598,-0.202831,-0.095993,-0.001466,0.000692,-0.000866,-3.697613,TARE
4.040000,0.407599,-0.202831,-0.095992,0.000116,0.000399,0.000039,-3.699209,TARE
4.041000,0.407596,-0.202830,-0.095994,-0.000848,0.000663,-0.000534,-3.700877,TARE
4.042000,0.407600,-0.202830,-0.095992,-0.000068,0.000648,-0.000322,-3.702551,TARE
4.043000,0.407595,-0.202827,-0.095995,-0.000850,0.001165,-0.000853,-3.704195,TARE
4.044000,0.407595,-0.202830,-0.095994,-0.000584,-0.000029,-0.000241,-3.705802,TARE
4.045000,0.407593,-0.202830,-0.095996,-0.001575,0.000400,-0.001220,-3.707391,TARE
4.046000,0.407593,-0.202830,-0.095995,-0.000977,0.000829,-0.000729,-3.709006,TARE
4.047000,0.407597,-0.202828,-0.095994,0.000593,0.001304,0.000030,-3.710705,TARE
4.048000,0.407594,-0.202828,-0.095995,-0.000701,0.000734,-0.000281,-3.712522,TARE
4.049000,0.407594,-0.202828,-0.095994,-0.000214,-0.000252,0.000263,-3.714423,TARE
4.050000,0.407594,-0.202828,-0.095994,-0.000122,-0.000006,0.000114,-3.716307,TARE
4.051000,0.407593,-0.202827,-0.095996,-0.000391,0.000055,-0.000314,-3.718043,TARE
4.052000,0.407593,-0.202825,-0.095996,-0.000376,0.000926,-0.000307,-3.719516,TARE
4.053000,0.407590,-0.202828,-0.095997,-0.001160,-0.000097,-0.000422,-3.720656,TARE
4.054000,0.407591,-0.202826,-0.095995,-0.000888,0.000378,-0.000067,-3.721433,TARE
4.055000,0.407587,-0.202826,-0.095998,-0.001632,0.000752,-0.000838,-3.721824,TARE
4.056000,0.407590,-0.202828,-0.095995,0.000063,-0.000170,0.000105,-3.721811,TARE
4.057000,0.407593,-0.202828,-0.095994,0.000459,0.000033,0.000273,-3.721388,TARE
4.058000,0.407590,-0.202827,-0.095996,-0.000663,0.000064,-0.000294,-3.720559,TARE
4.059000,0.407588,-0.202828,-0.095997,-0.000885,-0.000337,-0.000495,-3.719340,TARE
4.060000,0.407589,-0.202828,-0.095996,0.000015,-0.000762,0.000311,-3.717772,TARE
4.061000,0.407587,-0.202827,-0.095997,-0.000597,-0.000224,-0.000299,-3.715919,TARE
4.062000,0.407591,-0.202827,-0.095995,0.000187,-0.000178,0.000491,-3.713846,TARE
4.063000,0.407590,-0.202829,-0.095996,-0.000046,-0.000963,0.000131,-3.711593,TARE
4.064000,0.407587,-0.202830,-0.095997,-0.001177,-0.000914,-0.000315,-3.709183,TARE
4.065000,0.407588,-0.202828,-0.095997,-0.000508,-0.000400,-0.000150,-3.706646,TARE
4.066000,0.407584,-0.202828,-0.095999,-0.002008,-0.000569,-0.000900,-3.704040,TARE
4.067000,0.407591,-0.202828,-0.095994,0.001267,-0.000633,0.001117,-3.701447,TARE
4.068000,0.407586,-0.202830,-0.095997,-0.000769,-0.000877,0.000006,-3.698926,TARE
4.069000,0.407590,-0.202829,-0.095995,0.001023,-0.000105,0.000628,-3.696477,TARE
4.070000,0.407583,-0.202830,-0.095998,-0.000972,-0.000501,-0.000432,-3.694055,TARE
4.071000,0.407584,-0.202827,-0.095998,-0.000308,0.000413,-0.000192,-3.691620,TARE
4.072000,0.407582,-0.202828,-0.095999,-0.000936,-0.000003,-0.000359,-3.689172,TARE
4.073000,0.407581,-0.202827,-0.096000,-0.000934,0.000578,-0.000700,-3.686758,TARE
4.074000,0.407584,-0.202828,-0.095998,0.000282,0.000110,0.000357,-3.684449,TARE
4.075000,0.407583,-0.202827,-0.095998,0.000200,0.000304,0.000225,-3.682304,TARE
4.076000,0.407582,-0.202828,-0.095999,-0.000137,0.000664,-0.000287,-3.680324,TARE
4.077000,0.407584,-0.202827,-0.095998,0.000250,0.001287,-0.000214,-3.678476,TARE
4.078000,0.407581,-0.202828,-0.095999,-0.000612,0.000995,-0.000822,-3.676736,TARE
4.079000,0.407583,-0.202827,-0.095998,0.000210,0.001037,-0.000099,-3.675130,TARE
4.080000,0.407583,-0.202829,-0.095998,0.000271,0.000347,0.000018,-3.673705,TARE
4.081000,0.407582,-0.202828,-0.095998,0.000778,0.000545,0.000302,-3.672496,TARE
4.082000,0.407580,-0.202828,-0.095999,-0.000607,0.000389,-0.000317,-3.671491,TARE
4.083000,0.407580,-0.202827,-0.096000,-0.000666,0.000347,-0.000333,-3.670650,TARE
4.084000,0.407574,-0.202828,-0.096003,-0.002627,-0.000165,-0.001494,-3.669940,TARE
4.085000,0.407574,-0.202827,-0.096002,-0.001323,0.000410,-0.000612,-3.669371,TARE
4.086000,0.407574,-0.202827,-0.096003,-0.001263,0.000363,-0.000909,-3.669002,TARE
4.087000,0.407577,-0.202827,-0.096001,0.000294,-0.000187,0.000127,-3.668900,TARE
4.088000,0.407574,-0.202826,-0.096002,-0.000235,0.000100,0.000045,-3.669084,TARE
4.089000,0.407578,-0.202827,-0.096000,0.000787,-0.000224,0.000378,-3.669498,TARE
4.090000,0.407575,-0.202827,-0.096001,-0.000637,0.000072,-0.000297,-3.670026,TARE
4.091000,0.407572,-0.202825,-0.096004,-0.001461,0.000143,-0.000891,-3.670545,TARE
4.092000,0.407575,-0.202827,-0.096001,-0.000064,-0.000106,0.000288,-3.670972,TARE
4.093000,0.407572,-0.202827,-0.096003,-0.000879,-0.000474,-0.000474,-3.671259,TARE
4.094000,0.407572,-0.202825,-0.096004,-0.000626,0.000411,-0.000251,-3.671377,TARE
4.095000,0.407572,-0.202823,-0.096003,0.000560,0.000901,0.000206,-3.671308,TARE
4.096000,0.407574,-0.202825,-0.096003,0.001021,0.000272,0.000251,-3.671038,TARE
4.097000,0.407572,-0.202824,-0.096003,0.001082,0.000894,0.000288,-3.670544,TARE
4.098000,0.407572,-0.202826,-0.096004,0.000392,-0.000268,0.000126,-3.669796,TARE
4.099000,0.407569,-0.202824,-0.096005,-0.000248,0.000583,-0.000188,-3.668778,TARE
4.100000,0.407572,-0.202824,-0.096003,0.000634,0.000084,0.000672,-3.667487,TARE
4.101000,0.407572,-0.202825,-0.096003,0.000987,-0.000028,0.000813,-3.665914,TARE
4.102000,0.407567,-0.202824,-0.096007,-0.001372,0.000517,-0.001035,-3.664032,TARE
4.103000,0.407571,-0.202825,-0.096003,0.000206,-0.000052,0.000235,-3.661842,TARE
4.104000,0.407570,-0.202824,-0.096004,0.000700,0.000453,0.000466,-3.659411,TARE
4.105000,0.407575,-0.202823,-0.096001,0.002334,0.000939,0.001241,-3.656820,TARE
4.106000,0.407572,-0.202823,-0.096004,0.000170,0.000521,-0.000248,-3.654100,TARE
4.107000,0.407566,-0.202822,-0.096007,-0.001913,0.000804,-0.001226,-3.651254,TARE
4.108000,0.407569,-0.202821,-0.096005,-0.000828,0.000888,-0.000456,-3.648337,TARE
4.109000,0.407567,-0.202821,-0.096007,-0.001045,0.000940,-0.000848,-3.645494,TARE
4.110000,0.407567,-0.202820,-0.096007,-0.000898,0.000645,-0.000747,-3.642908,TARE
4.111000,0.407567,-0.202822,-0.096006,-0.000608,0.000159,-0.000362,-3.640760,TARE
4.112000,0.407570,-0.202818,-0.096005,0.000514,0.001042,-0.000054,-3.639188,TARE
4.113000,0.407567,-0.202821,-0.096006,-0.000668,-0.000042,-0.000267,-3.638252,TARE
4.114000,0.407566,-0.202821,-0.096006,-0.000383,-0.000101,-0.000303,-3.637927,TARE
4.115000,0.407567,-0.202822,-0.096006,0.000723,-0.000008,0.000140,-3.638145,TARE
4.116000,0.407565,-0.202822,-0.096007,-0.000244,0.000333,-0.000397,-3.638835,TARE
4.117000,0.407567,-0.202821,-0.096006,0.001054,0.000337,0.000572,-3.639932,TARE
4.118000,0.407566,-0.202818,-0.096006,0.000485,0.001108,0.000321,-3.641349,TARE
4.119000,0.407569,-0.202820,-0.096004,0.001356,0.000240,0.000863,-3.642948,TARE
4.120000,0.407569,-0.202819,-0.096005,0.001811,0.000279,0.000898,-3.644527,TARE
4.121000,0.407566,-0.202819,-0.096006,0.000617,0.000036,0.000304,-3.645868,TARE
4.122000,0.407571,-0.202818,-0.096003,0.002744,0.000249,0.001777,-3.646768,TARE
4.123000,0.407565,-0.202819,-0.096007,-0.000013,-0.000643,0.000472,-3.647052,TARE
4.124000,0.407565,-0.202819,-0.096006,0.000869,-0.000066,0.000805,-3.646577,TARE
4.125000,0.407565,-0.202821,-0.096006,0.001242,-0.000659,0.001023,-3.645272,TARE
4.126000,0.407565,-0.202821,-0.096006,0.001333,-0.000623,0.000991,-3.643144,TARE
4.127000,0.407566,-0.202819,-0.096006,0.001683,-0.000291,0.000980,-3.640264,TARE
4.128000,0.407566,-0.202817,-0.096006,0.001176,0.000674,0.000681,-3.636741,TARE
4.129000,0.407564,-0.202818,-0.096007,-0.000242,0.000204,-0.000116,-3.632711,TARE
4.130000,0.407567,-0.202820,-0.096005,0.000592,-0.000498,0.000432,-3.628340,TARE
4.131000,0.407569,-0.202818,-0.096005,0.001111,0.000135,0.000143,-3.623832,TARE
4.132000,0.407566,-0.202818,-0.096005,0.000052,-0.000199,0.000525,-3.619408,TARE
4.133000,0.407563,-0.202816,-0.096008,-0.000834,0.000095,-0.000400,-3.615270,TARE
4.134000,0.407566,-0.202818,-0.096006,0.000332,-0.000849,0.000473,-3.611571,TARE
4.135000,0.407565,-0.202818,-0.096006,-0.000386,-0.000564,0.000304,-3.608416,TARE
4.136000,0.407565,-0.202817,-0.096007,-0.000851,-0.000442,-0.000227,-3.605870,TARE
4.137000,0.407567,-0.202815,-0.096006,-0.000092,0.000540,0.000007,-3.603957,TARE
4.138000,0.407566,-0.202817,-0.096006,-0.000742,0.000200,-0.000359,-3.602684,TARE
4.139000,0.407568,-0.202818,-0.096004,0.000640,0.000135,0.000618,-3.602040,TARE
4.140000,0.407564,-0.202816,-0.096007,-0.000639,0.000675,-0.000297,-3.601991,TARE
4.141000,0.407563,-0.202818,-0.096007,-0.000192,-0.000546,0.000143,-3.602472,TARE
4.142000,0.407564,-0.202816,-0.096007,-0.000688,0.000238,-0.000267,-3.603410,TARE
4.143000,0.407564,-0.202815,-0.096007,-0.000106,0.000523,0.000161,-3.604733,TARE
4.144000,0.407562,-0.202815,-0.096008,-0.000963,0.000372,-0.000395,-3.606381,TARE
4.145000,0.407560,-0.202817,-0.096008,-0.002091,-0.000331,-0.000528,-3.608299,TARE
4.146000,0.407563,-0.202817,-0.096006,-0.000780,-0.000534,0.000478,-3.610442,TARE
4.147000,0.407565,-0.202817,-0.096006,-0.000350,-0.000487,0.000358,-3.612752,TARE
4.148000,0.407563,-0.202817,-0.096007,-0.001090,-0.001022,-0.000056,-3.615136,TARE
4.149000,0.407561,-0.202815,-0.096009,-0.001855,-0.000282,-0.000548,-3.617491,TARE
4.150000,0.407561,-0.202815,-0.096009,-0.000453,-0.000275,0.000163,-3.619748,TARE
4.151000,0.407564,-0.202816,-0.096007,0.000217,-0.000710,0.000779,-3.621865,TARE
4.152000,0.407562,-0.202814,-0.096009,-0.000526,-0.000213,-0.000125,-3.623782,TARE
4.153000,0.407561,-0.202815,-0.096008,-0.000603,-0.000173,0.000059,-3.625428,TARE
4.154000,0.407561,-0.202814,-0.096009,-0.000302,0.000420,-0.000138,-3.626758,TARE
4.155000,0.407554,-0.202815,-0.096011,-0.002932,0.000225,-0.001309,-3.627769,TARE
4.156000,0.407559,-0.202815,-0.096010,-0.000370,0.000293,-0.000127,-3.628513,TARE
4.157000,0.407555,-0.202817,-0.096011,-0.001200,-0.000778,-0.000258,-3.629077,TARE
4.158000,0.407558,-0.202816,-0.096010,-0.000694,-0.000273,0.000073,-3.629550,TARE
4.159000,0.407557,-0.202815,-0.096010,-0.001104,0.000228,-0.000282,-3.629983,TARE
4.160000,0.407556,-0.202816,-0.096010,-0.001284,0.000120,-0.000248,-3.630391,TARE
4.161000,0.407557,-0.202814,-0.096010,-0.000469,0.000725,-0.000310,-3.630765,TARE
4.162000,0.407555,-0.202817,-0.096011,-0.000794,-0.000209,-0.000345,-3.631093,TARE
4.163000,0.407556,-0.202815,-0.096010,-0.000335,0.000545,-0.000383,-3.631367,TARE
4.164000,0.407557,-0.202817,-0.096009,-0.000165,-0.000308,0.000122,-3.631601,TARE
4.165000,0.407554,-0.202818,-0.096011,-0.001220,-0.000763,-0.000385,-3.631816,TARE
4.166000,0.407555,-0.202815,-0.096011,-0.000729,0.000344,-0.000251,-3.632025,TARE
4.167000,0.407554,-0.202817,-0.096012,-0.000523,-0.000213,-0.000134,-3.632236,TARE
4.168000,0.407555,-0.202816,-0.096010,-0.000187,-0.000171,0.000356,-3.632451,TARE
4.169000,0.407552,-0.202816,-0.096014,-0.000892,-0.000288,-0.000341,-3.632654,TARE
4.170000,0.407554,-0.202815,-0.096012,-0.000041,-0.000239,0.000110,-3.632822,TARE
4.171000,0.407554,-0.202813,-0.096013,0.000437,0.000673,0.000116,-3.632944,TARE
4.172000,0.407552,-0.202816,-0.096013,-0.000717,-0.000321,-0.000388,-3.633037,TARE
4.173000,0.407552,-0.202814,-0.096013,-0.000385,0.000665,-0.000278,-3.633141,TARE
4.174000,0.407555,-0.202813,-0.096012,0.001053,0.000704,0.000370,-3.633307,TARE
4.175000,0.407551,-0.202817,-0.096012,-0.000274,-0.000408,-0.000033,-3.633567,TARE
4.176000,0.407556,-0.202814,-0.096011,0.000937,0.000536,0.000236,-3.633917,TARE
4.177000,0.407552,-0.202814,-0.096013,0.000361,0.000684,-0.000112,-3.634328,TARE
4.178000,0.407551,-0.202816,-0.096013,0.000328,0.000090,0.000037,-3.634767,TARE
4.179000,0.407550,-0.202814,-0.096013,0.000448,0.000459,0.000082,-3.635208,TARE
4.180000,0.407547,-0.202816,-0.096014,-0.000545,-0.000479,-0.000205,-3.635635,TARE
4.181000,0.407551,-0.202813,-0.096013,0.001072,0.000606,0.000288,-3.636043,TARE
4.182000,0.407553,-0.202813,-0.096013,0.001025,0.000570,0.000031,-3.636429,TARE
4.183000,0.407551,-0.202813,-0.096013,0.000061,0.000364,-0.000183,-3.636795,TARE
4.184000,0.407555,-0.202814,-0.096011,0.001283,-0.000231,0.000649,-3.637148,TARE
4.185000,0.407553,-0.202814,-0.096011,0.000473,0.000180,0.000443,-3.637487,TARE
4.186000,0.407552,-0.202814,-0.096011,0.000166,-0.000099,0.000317,-3.637785,TARE
4.187000,0.407551,-0.202813,-0.096013,-0.000511,0.000040,-0.000234,-3.637984,TARE
4.188000,0.407550,-0.202813,-0.096013,-0.000514,0.000224,-0.000440,-3.638044,TARE
4.189000,0.407551,-0.202813,-0.096013,-0.000105,0.000127,-0.000166,-3.637972,TARE
4.190000,0.407551,-0.202813,-0.096012,0.000159,-0.000234,0.000096,-3.637817,TARE
4.191000,0.407549,-0.202813,-0.096013,-0.001136,-0.000114,-0.000416,-3.637638,TARE
4.192000,0.407552,-0.202812,-0.096012,-0.000061,0.000404,-0.000135,-3.637484,TARE
4.193000,0.407553,-0.202814,-0.096011,0.000762,-0.000370,0.000705,-3.637397,TARE
4.194000,0.407551,-0.202810,-0.096013,-0.000311,0.001159,-0.000413,-3.637386,TARE
4.195000,0.407553,-0.202812,-0.096011,0.000176,-0.000277,0.000361,-3.637423,TARE
4.196000,0.407550,-0.202812,-0.096012,0.000098,0.000069,0.000427,-3.637447,TARE
4.197000,0.407553,-0.202811,-0.096012,0.000760,0.000289,0.000469,-3.637376,TARE
4.198000,0.407550,-0.202812,-0.096013,-0.000934,0.000048,-0.000399,-3.637119,TARE
4.199000,0.407550,-0.202813,-0.096012,-0.000728,-0.000475,0.000082,-3.636612,TARE
4.200000,0.407552,-0.202811,-0.096012,-0.000204,0.000539,-0.000024,-3.635839,TARE
4.201000,0.407556,-0.202811,-0.096010,0.001071,0.000301,0.000519,-3.634809,TARE
4.202000,0.407554,-0.202809,-0.096012,0.000422,0.000708,0.000069,-3.633528,TARE
4.203000,0.407550,-0.202810,-0.096014,-0.001176,0.000136,-0.000809,-3.632005,TARE
4.204000,0.407548,-0.202811,-0.096014,-0.000990,-0.000170,-0.000250,-3.630291,TARE
4.205000,0.407551,-0.202813,-0.096011,0.000608,-0.000509,0.000675,-3.628474,TARE
4.206000,0.407551,-0.202812,-0.096012,-0.000243,-0.000074,0.000057,-3.626627,TARE
4.207000,0.407550,-0.202812,-0.096013,-0.000273,-0.000176,-0.000141,-3.624774,TARE
4.208000,0.407548,-0.202808,-0.096015,-0.001484,0.001207,-0.001172,-3.622923,TARE
4.209000,0.407550,-0.202811,-0.096013,-0.000179,-0.000129,0.000068,-3.621120,TARE
4.210000,0.407548,-0.202811,-0.096014,-0.001331,0.000252,-0.000794,-3.619446,TARE
4.211000,0.407550,-0.202811,-0.096012,0.000407,0.000242,0.000249,-3.617970,TARE
4.212000,0.407551,-0.202811,-0.096012,0.000602,-0.000149,0.000455,-3.616712,TARE
4.213000,0.407551,-0.202809,-0.096012,-0.000024,0.000625,0.000140,-3.615631,TARE
4.214000,0.407549,-0.202811,-0.096013,-0.000846,-0.000108,-0.000312,-3.614639,TARE
4.215000,0.407547,-0.202812,-0.096014,-0.001245,0.000397,-0.000819,-3.613648,TARE
4.216000,0.407548,-0.202812,-0.096013,-0.000545,-0.000259,-0.000153,-3.612624,TARE
4.217000,0.407551,-0.202811,-0.096012,0.000272,-0.000070,0.000136,-3.611587,TARE
4.218000,0.407545,-0.202809,-0.096016,-0.002139,0.000572,-0.001404,-3.610580,TARE
4.219000,0.407550,-0.202810,-0.096013,0.000054,0.000049,-0.000183,-3.609664,TARE
4.220000,0.407548,-0.202808,-0.096015,-0.000133,0.000456,-0.000471,-3.608920,TARE
4.221000,0.407549,-0.202806,-0.096015,0.000323,0.000633,-0.000472,-3.608425,TARE
4.222000,0.407548,-0.202809,-0.096014,0.000372,-0.000242,-0.000014,-3.608227,TARE
4.223000,0.407552,-0.202807,-0.096013,0.002087,0.000473,0.000767,-3.608332,TARE
4.224000,0.407549,-0.202806,-0.096014,0.000751,0.000660,0.000229,-3.608681,TARE
4.225000,0.407550,-0.202807,-0.096013,0.000676,0.000419,0.000397,-3.609148,TARE
4.226000,0.407550,-0.202810,-0.096013,0.000405,-0.000551,0.000285,-3.609568,TARE
4.227000,0.407547,-0.202805,-0.096016,-0.000634,0.001518,-0.000930,-3.609791,TARE
4.228000,0.407551,-0.202808,-0.096012,0.001356,0.000359,0.000750,-3.609734,TARE
4.229000,0.407549,-0.202807,-0.096014,0.000527,0.000947,-0.000019,-3.609367,TARE
4.230000,0.407553,-0.202808,-0.096011,0.001727,0.000462,0.001018,-3.608658,TARE
4.231000,0.407551,-0.202806,-0.096013,0.001081,0.000666,0.000162,-3.607549,TARE
4.232000,0.407548,-0.202806,-0.096015,-0.000391,0.000384,-0.000512,-3.605980,TARE
4.233000,0.407550,-0.202806,-0.096014,0.000569,0.000245,0.000032,-3.603946,TARE
4.234000,0.407549,-0.202805,-0.096015,0.000296,0.000604,-0.000206,-3.601523,TARE
4.235000,0.407547,-0.202805,-0.096015,-0.000404,0.000706,-0.000286,-3.598838,TARE
4.236000,0.407548,-0.202807,-0.096015,0.000396,0.000008,0.000119,-3.596026,TARE
4.237000,0.407549,-0.202804,-0.096015,0.000972,0.000751,0.000167,-3.593196,TARE
4.238000,0.407547,-0.202807,-0.096016,0.000651,-0.000464,0.000092,-3.590419,TARE
4.239000,0.407545,-0.202808,-0.096016,-0.000499,-0.000609,-0.000272,-3.587751,TARE
4.240000,0.407546,-0.202807,-0.096015,0.000067,0.000150,0.000145,-3.585250,TARE
4.241000,0.407548,-0.202805,-0.096015,-0.000234,0.000012,-0.000133,-3.582973,TARE
4.242000,0.407546,-0.202805,-0.096016,-0.000402,0.000011,-0.000238,-3.580959,TARE
4.243000,0.407544,-0.202805,-0.096017,-0.001414,-0.000056,-0.000839,-3.579236,TARE
4.244000,0.407546,-0.202805,-0.096015,-0.000299,0.000031,0.000123,-3.577846,TARE
4.245000,0.407546,-0.202807,-0.096015,-0.000497,-0.001030,0.000124,-3.576827,TARE
4.246000,0.407544,-0.202804,-0.096016,-0.000599,0.000391,-0.000001,-3.576185,TARE
4.247000,0.407541,-0.202805,-0.096018,-0.001150,-0.000007,-0.000433,-3.575879,TARE
4.248000,0.407545,-0.202807,-0.096015,0.000391,-0.000510,0.000678,-3.575840,TARE
4.249000,0.407542,-0.202807,-0.096016,-0.001089,-0.000663,-0.000079,-3.575989,TARE
4.250000,0.407541,-0.202804,-0.096018,-0.000542,0.000610,-0.000419,-3.576231,TARE
4.251000,0.407540,-0.202805,-0.096018,-0.001067,0.000453,-0.000614,-3.576495,TARE
4.252000,0.407540,-0.202808,-0.096017,-0.000656,-0.000286,-0.000024,-3.576753,TARE
4.253000,0.407542,-0.202807,-0.096017,-0.000224,-0.000028,-0.000135,-3.577012,TARE
4.254000,0.407540,-0.202806,-0.096020,-0.001201,0.000299,-0.000888,-3.577290,TARE
4.255000,0.407539,-0.202807,-0.096019,-0.001288,-0.000246,-0.000536,-3.577628,TARE
4.256000,0.407538,-0.202804,-0.096019,-0.000878,0.000900,-0.000585,-3.578086,TARE
4.257000,0.407539,-0.202804,-0.096019,-0.000394,0.000884,-0.000301,-3.578724,TARE
4.258000,0.407537,-0.202807,-0.096019,-0.000736,0.000249,-0.000643,-3.579579,TARE
4.259000,0.407539,-0.202806,-0.096018,0.000274,0.000001,0.000171,-3.580658,TARE
4.260000,0.407535,-0.202804,-0.096022,-0.000934,0.001061,-0.001094,-3.581950,TARE
4.261000,0.407540,-0.202806,-0.096017,0.001273,-0.000584,0.001053,-3.583437,TARE
4.262000,0.407543,-0.202804,-0.096016,0.002074,0.000172,0.001206,-3.585058,TARE
4.263000,0.407538,-0.202805,-0.096019,-0.000593,-0.000323,-0.000263,-3.586681,TARE
4.264000,0.407539,-0.202802,-0.096019,0.000223,0.000956,-0.000229,-3.588128,TARE
4.265000,0.407540,-0.202806,-0.096018,0.001034,-0.000519,0.000636,-3.589273,TARE
4.266000,0.407541,-0.202806,-0.096017,0.001152,-0.000126,0.000849,-3.590042,TARE
4.267000,0.407543,-0.202805,-0.096016,0.001156,0.000460,0.000364,-3.590371,TARE
4.268000,0.407540,-0.202806,-0.096018,-0.000341,0.000014,-0.000397,-3.590198,TARE
4.269000,0.407539,-0.202806,-0.096018,-0.000090,-0.000043,-0.000073,-3.589513,TARE
4.270000,0.407541,-0.202804,-0.096017,0.000491,0.000257,0.000343,-3.588377,TARE
4.271000,0.407542,-0.202806,-0.096017,-0.000162,-0.000320,0.000241,-3.586887,TARE
4.272000,0.407543,-0.202803,-0.096017,0.000680,0.000852,0.000203,-3.585127,TARE
4.273000,0.407539,-0.202806,-0.096018,-0.000456,-0.000416,0.000240,-3.583163,TARE
4.274000,0.407543,-0.202802,-0.096017,0.000675,0.000767,0.000498,-3.581046,TARE
4.275000,0.407538,-0.202805,-0.096019,-0.000352,-0.000053,-0.000385,-3.578807,TARE
4.276000,0.407539,-0.202805,-0.096019,0.000275,0.000010,-0.000279,-3.576481,TARE
4.277000,0.407538,-0.202805,-0.096018,0.000444,-0.000120,0.000327,-3.574144,TARE
4.278000,0.407541,-0.202804,-0.096017,0.000765,0.000332,0.000467,-3.571893,TARE
4.279000,0.407543,-0.202805,-0.096015,0.001262,-0.000505,0.001026,-3.569782,TARE
4.280000,0.407544,-0.202805,-0.096016,0.001079,-0.000095,0.000466,-3.567788,TARE
4.281000,0.407543,-0.202806,-0.096015,0.000810,-0.000278,0.000450,-3.565842,TARE
4.282000,0.407537,-0.202806,-0.096019,-0.000473,-0.000383,-0.000193,-3.563880,TARE
4.283000,0.407536,-0.202806,-0.096018,-0.000299,0.000011,-0.000064,-3.561885,TARE
4.284000,0.407539,-0.202805,-0.096017,0.000416,0.000191,0.000318,-3.559883,TARE
4.285000,0.407537,-0.202804,-0.096019,-0.000032,0.000835,-0.000251,-3.557922,TARE
4.286000,0.407539,-0.202804,-0.096019,0.000245,0.000603,-0.000466,-3.556059,TARE
4.287000,0.407539,-0.202804,-0.096018,-0.000156,0.000300,0.000163,-3.554376,TARE
4.288000,0.407539,-0.202805,-0.096017,0.000549,-0.000127,0.000458,-3.552959,TARE
4.289000,0.407538,-0.202805,-0.096018,0.000661,0.000351,0.000581,-3.551837,TARE
4.290000,0.407535,-0.202805,-0.096019,-0.000232,-0.000371,0.000627,-3.550961,TARE
4.291000,0.407535,-0.202808,-0.096019,-0.000068,-0.000770,0.000617,-3.550218,TARE
4.292000,0.407537,-0.202804,-0.096018,0.000720,0.000293,0.000882,-3.549469,TARE
4.293000,0.407534,-0.202806,-0.096020,-0.000285,-0.000451,0.000112,-3.548578,TARE
4.294000,0.407533,-0.202805,-0.096021,-0.000470,-0.000063,-0.000257,-3.547450,TARE
4.295000,0.407535,-0.202806,-0.096019,-0.000176,-0.000358,0.000024,-3.546071,TARE
4.296000,0.407533,-0.202806,-0.096020,-0.000683,-0.000180,-0.000280,-3.544514,TARE
4.297000,0.407539,-0.202803,-0.096018,0.001286,0.000568,0.000425,-3.542897,TARE
4.298000,0.407532,-0.202807,-0.096021,-0.000424,-0.000812,-0.000126,-3.541341,TARE
4.299000,0.407535,-0.202805,-0.096019,0.000506,-0.000055,0.000322,-3.539941,TARE
4.300000,0.407537,-0.202804,-0.096019,0.000459,0.000044,0.000094,-3.538754,TARE
4.301000,0.407532,-0.202803,-0.096022,-0.000661,0.000472,-0.000333,-3.537816,TARE
4.302000,0.407530,-0.202802,-0.096023,-0.000858,0.000238,-0.000514,-3.537153,TARE
4.303000,0.407534,-0.202803,-0.096020,0.000185,0.000115,-0.000051,-3.536795,TARE
4.304000,0.407530,-0.202805,-0.096022,-0.000792,-0.000409,-0.000268,-3.536773,TARE
4.305000,0.407535,-0.202802,-0.096021,0.001087,0.000654,0.000206,-3.537105,TARE
4.306000,0.407535,-0.202803,-0.096020,0.000957,0.000525,0.000529,-3.537775,TARE
4.307000,0.407533,-0.202801,-0.096021,0.000464,0.001286,-0.000128,-3.538722,TARE
4.308000,0.407534,-0.202802,-0.096020,0.000682,0.000877,0.000360,-3.539841,TARE
4.309000,0.407535,-0.202803,-0.096020,-0.000899,0.000096,-0.000605,-3.541020,TARE
4.310000,0.407534,-0.202800,-0.096020,-0.000655,0.001004,-0.000263,-3.542183,TARE
4.311000,0.407537,-0.202801,-0.096019,0.000701,-0.000285,0.000718,-3.543296,TARE
4.312000,0.407538,-0.202800,-0.096020,0.000921,0.000521,0.000282,-3.544334,TARE
4.313000,0.407538,-0.202800,-0.096019,-0.000104,0.000313,0.000095,-3.545247,TARE
4.314000,0.407536,-0.202798,-0.096021,-0.001199,0.000866,-0.000572,-3.545975,TARE
4.315000,0.407541,-0.202800,-0.096017,0.000941,0.000083,0.000636,-3.546482,TARE
4.316000,0.407536,-0.202799,-0.096021,-0.000612,0.000278,-0.000629,-3.546760,TARE
4.317000,0.407536,-0.202797,-0.096021,-0.000753,0.001200,-0.000616,-3.546835,TARE
4.318000,0.407535,-0.202800,-0.096020,-0.001189,-0.000033,-0.000455,-3.546780,TARE
4.319000,0.407538,-0.202797,-0.096019,-0.000316,0.000854,-0.000195,-3.546696,TARE
4.320000,0.407539,-0.202794,-0.096020,-0.000734,0.001214,-0.000611,-3.546675,TARE
4.321000,0.407538,-0.202796,-0.096020,-0.000916,0.000084,-0.000329,-3.546774,TARE
4.322000,0.407541,-0.202797,-0.096018,-0.000240,-0.000275,0.000231,-3.547018,TARE
4.323000,0.407539,-0.202799,-0.096018,-0.000349,-0.000748,0.000182,-3.547393,TARE
4.324000,0.407535,-0.202796,-0.096022,-0.001128,0.000631,-0.000964,-3.547852,TARE
4.325000,0.407534,-0.202797,-0.096022,-0.000602,-0.000093,-0.000582,-3.548355,TARE
4.326000,0.407539,-0.202797,-0.096019,0.001187,-0.000274,0.000493,-3.548910,TARE
4.327000,0.407534,-0.202798,-0.096021,-0.000108,-0.000455,-0.000100,-3.549546,TARE
4.328000,0.407539,-0.202795,-0.096020,0.001585,0.000389,0.000626,-3.550264,TARE
4.329000,0.407536,-0.202795,-0.096022,0.000195,0.000498,-0.000187,-3.551024,TARE
4.330000,0.407537,-0.202797,-0.096021,0.000977,0.000108,0.000344,-3.551768,TARE
4.331000,0.407534,-0.202795,-0.096023,0.000458,0.000632,-0.000072,-3.552434,TARE
4.332000,0.407535,-0.202796,-0.096022,0.001035,0.000239,0.000161,-3.552977,TARE
4.333000,0.407536,-0.202793,-0.096022,0.000732,0.001272,-0.000236,-3.553369,TARE
4.334000,0.407532,-0.202798,-0.096023,-0.000605,-0.000479,-0.000656,-3.553609,TARE
4.335000,0.407535,-0.202797,-0.096022,-0.000081,0.000331,-0.000402,-3.553742,TARE
4.336000,0.407535,-0.202796,-0.096023,0.000388,0.000118,-0.000415,-3.553859,TARE
4.337000,0.407532,-0.202795,-0.096023,0.000156,0.000528,-0.000165,-3.554078,TARE
4.338000,0.407533,-0.202796,-0.096022,0.000467,0.000503,0.000003,-3.554502,TARE
4.339000,0.407532,-0.202795,-0.096024,-0.000033,0.000543,-0.000653,-3.555190,TARE
4.340000,0.407530,-0.202796,-0.096025,-0.000214,0.000073,-0.000558,-3.556168,TARE
4.341000,0.407529,-0.202794,-0.096025,-0.000015,0.000913,-0.000477,-3.557467,TARE
4.342000,0.407529,-0.202796,-0.096024,0.000132,-0.000312,-0.000025,-3.559117,TARE
4.343000,0.407529,-0.202795,-0.096025,0.000312,0.000097,-0.000005,-3.561113,TARE
4.344000,0.407526,-0.202795,-0.096026,-0.001217,0.000333,-0.000794,-3.563400,TARE
4.345000,0.407531,-0.202798,-0.096023,0.000714,-0.001422,0.000750,-3.565899,TARE
4.346000,0.407528,-0.202797,-0.096025,-0.001101,-0.000748,-0.000523,-3.568517,TARE
4.347000,0.407525,-0.202796,-0.096026,-0.000984,-0.000136,-0.000461,-3.571164,TARE
4.348000,0.407528,-0.202796,-0.096024,0.000465,0.000146,0.000336,-3.573762,TARE
4.349000,0.407524,-0.202793,-0.096028,-0.000731,0.000934,-0.000904,-3.576249,TARE
4.350000,0.407528,-0.202795,-0.096024,0.000580,-0.000674,0.000690,-3.578575,TARE
4.351000,0.407525,-0.202795,-0.096027,-0.001255,-0.000459,-0.000707,-3.580706,TARE
4.352000,0.407528,-0.202795,-0.096025,-0.000084,-0.000747,0.000086,-3.582622,TARE
4.353000,0.407523,-0.202794,-0.096027,-0.001343,-0.000337,-0.000236,-3.584320,TARE
4.354000,0.407528,-0.202795,-0.096025,0.000117,-0.000215,0.000074,-3.585810,TARE
4.355000,0.407529,-0.202794,-0.096025,0.000290,0.000093,0.000035,-3.587098,TARE
4.356000,0.407527,-0.202796,-0.096025,-0.000824,-0.000600,0.000075,-3.588190,TARE
4.357000,0.407530,-0.202794,-0.096024,0.000421,-0.000325,0.000618,-3.589093,TARE
4.358000,0.407528,-0.202794,-0.096025,-0.000012,0.000198,0.000131,-3.589801,TARE
4.359000,0.407527,-0.202794,-0.096025,-0.000807,0.000224,-0.000123,-3.590283,TARE
4.360000,0.407526,-0.202795,-0.096026,-0.001454,0.000087,-0.000494,-3.590518,TARE
4.361000,0.407524,-0.202795,-0.096027,-0.001354,-0.000114,-0.000793,-3.590526,TARE
4.362000,0.407530,-0.202796,-0.096023,0.000455,-0.000330,0.000579,-3.590372,TARE
4.363000,0.407532,-0.202792,-0.096023,0.001515,0.001005,0.000667,-3.590129,TARE
4.364000,0.407528,-0.202795,-0.096025,-0.000033,-0.000557,0.000032,-3.589817,TARE
4.365000,0.407522,-0.202795,-0.096028,-0.002774,-0.000497,-0.001506,-3.589424,TARE
4.366000,0.407527,-0.202796,-0.096023,-0.001097,-0.000276,-0.000009,-3.588980,TARE
4.367000,0.407528,-0.202795,-0.096024,-0.001528,0.000182,-0.000747,-3.588581,TARE
4.368000,0.407529,-0.202795,-0.096024,-0.000362,0.000068,-0.000151,-3.588330,TARE
4.369000,0.407531,-0.202793,-0.096024,0.000033,0.000817,-0.000177,-3.588296,TARE
4.370000,0.407528,-0.202791,-0.096026,-0.001038,0.001278,-0.001010,-3.588512,TARE
4.371000,0.407525,-0.202793,-0.096027,-0.001631,0.000185,-0.001148,-3.588999,TARE
4.372000,0.407528,-0.202793,-0.096025,-0.000283,0.000068,-0.000137,-3.589804,TARE
4.373000,0.407530,-0.202793,-0.096024,0.000404,0.000146,0.000214,-3.590978,TARE
4.374000,0.407530,-0.202790,-0.096025,0.000417,0.000974,-0.000255,-3.592520,TARE
4.375000,0.407526,-0.202793,-0.096026,-0.000724,-0.000079,-0.000750,-3.594371,TARE
4.376000,0.407525,-0.202792,-0.096026,-0.000674,0.000045,-0.000478,-3.596465,TARE
4.377000,0.407526,-0.202790,-0.096027,-0.000266,0.000883,-0.000691,-3.598774,TARE
4.378000,0.407526,-0.202792,-0.096027,0.000139,-0.000434,-0.000115,-3.601293,TARE
4.379000,0.407528,-0.202789,-0.096026,0.000421,0.000884,0.000045,-3.604011,TARE
4.380000,0.407522,-0.202793,-0.096027,-0.001294,-0.000785,-0.000407,-3.606879,TARE
4.381000,0.407524,-0.202789,-0.096028,-0.001433,0.000257,-0.000933,-3.609819,TARE
4.382000,0.407527,-0.202791,-0.096025,0.000131,-0.000139,0.000332,-3.612760,TARE
4.383000,0.407524,-0.202791,-0.096027,-0.000512,0.000084,-0.000267,-3.615638,TARE
4.384000,0.407526,-0.202793,-0.096026,-0.000104,-0.000893,0.000335,-3.618379,TARE
4.385000,0.407527,-0.202791,-0.096025,0.000968,-0.000167,0.000971,-3.620888,TARE
4.386000,0.407530,-0.202790,-0.096024,0.000988,-0.000096,0.000976,-3.623039,TARE
4.387000,0.407523,-0.202790,-0.096028,-0.001574,-0.000340,-0.000662,-3.624678,TARE
4.388000,0.407526,-0.202789,-0.096026,-0.000020,-0.000293,0.000142,-3.625682,TARE
4.389000,0.407526,-0.202788,-0.096027,-0.000024,0.000430,-0.000034,-3.626017,TARE
4.390000,0.407524,-0.202788,-0.096027,-0.000628,0.000396,-0.000127,-3.625725,TARE
4.391000,0.407522,-0.202790,-0.096028,-0.001100,-0.000244,-0.000498,-3.624885,TARE
4.392000,0.407525,-0.202788,-0.096027,-0.000174,0.000472,-0.000108,-3.623598,TARE
4.393000,0.407524,-0.202790,-0.096026,-0.000396,-0.000162,0.000275,-3.621984,TARE
4.394000,0.407519,-0.202787,-0.096030,-0.002302,0.000708,-0.001212,-3.620150,TARE
4.395000,0.407524,-0.202788,-0.096027,-0.000188,0.000369,-0.000034,-3.618183,TARE
4.396000,0.407525,-0.202789,-0.096026,-0.000040,0.000007,0.000030,-3.616171,TARE
4.397000,0.407525,-0.202789,-0.096026,0.000164,-0.000361,0.000583,-3.614181,TARE
4.398000,0.407525,-0.202788,-0.096027,0.000559,0.000180,0.000247,-3.612222,TARE
4.399000,0.407522,-0.202788,-0.096028,-0.000817,0.000263,-0.000213,-3.610251,TARE
4.400000,0.407524,-0.202789,-0.096027,-0.000329,-0.000176,-0.000189,-3.608221,TARE
4.401000,0.407524,-0.202787,-0.096027,-0.000545,0.000333,-0.000052,-3.606121,TARE
4.402000,0.407523,-0.202787,-0.096029,-0.000827,0.000043,-0.000797,-3.603982,TARE
4.403000,0.407527,-0.202788,-0.096025,0.000257,-0.000472,0.000407,-3.601868,TARE
4.404000,0.407525,-0.202786,-0.096028,-0.000012,0.000742,-0.000265,-3.599852,TARE
4.405000,0.407526,-0.202785,-0.096027,0.000675,0.000510,0.000359,-3.597991,TARE
4.406000,0.407523,-0.202785,-0.096029,-0.001125,0.000542,-0.000801,-3.596316,TARE
4.407000,0.407522,-0.202785,-0.096029,-0.001174,0.000125,-0.000581,-3.594852,TARE
4.408000,0.407524,-0.202786,-0.096028,-0.000338,0.000159,-0.000001,-3.593640,TARE
4.409000,0.407525,-0.202786,-0.096028,-0.000644,0.000051,-0.000330,-3.592713,TARE
4.410000,0.407524,-0.202787,-0.096027,-0.000419,-0.000238,0.000207,-3.592071,TARE
4.411000,0.407525,-0.202788,-0.096027,-0.000764,-0.000281,-0.000326,-3.591677,TARE
4.412000,0.407522,-0.202785,-0.096029,-0.002265,0.000834,-0.001232,-3.591476,TARE
4.413000,0.407526,-0.202785,-0.096027,-0.000189,-0.000043,0.000006,-3.591442,TARE
4.414000,0.407525,-0.202786,-0.096027,-0.000062,-0.000574,0.000164,-3.591575,TARE
4.415000,0.407522,-0.202788,-0.096029,-0.001352,-0.000628,-0.000549,-3.591868,TARE
4.416000,0.407523,-0.202784,-0.096028,-0.000625,0.000562,-0.000226,-3.592295,TARE
4.417000,0.407519,-0.202786,-0.096030,-0.001849,-0.000332,-0.000918,-3.592831,TARE
4.418000,0.407521,-0.202786,-0.096030,-0.000906,-0.000184,-0.000572,-3.593469,TARE
4.419000,0.407522,-0.202785,-0.096029,-0.001008,0.000660,-0.000744,-3.594232,TARE
4.420000,0.407523,-0.202786,-0.096028,-0.000295,0.000230,0.000012,-3.595167,TARE
4.421000,0.407518,-0.202784,-0.096031,-0.001736,0.000348,-0.000943,-3.596298,TARE
4.422000,0.407523,-0.202785,-0.096028,0.000090,0.000225,0.000211,-3.597617,TARE
4.423000,0.407524,-0.202784,-0.096029,0.000306,0.000033,0.000072,-3.599079,TARE
4.424000,0.407520,-0.202785,-0.096029,-0.000113,-0.000106,0.000201,-3.600613,TARE
4.425000,0.407522,-0.202785,-0.096028,0.000876,-0.000431,0.000974,-3.602116,TARE
4.426000,0.407521,-0.202786,-0.096029,0.000802,-0.000873,0.000759,-3.603448,TARE
4.427000,0.407521,-0.202785,-0.096029,0.001040,-0.000280,0.000567,-3.604434,TARE
4.428000,0.407519,-0.202785,-0.096031,0.000844,-0.000126,0.000358,-3.604925,TARE
4.429000,0.407516,-0.202785,-0.096032,-0.000209,0.000079,-0.000308,-3.604840,TARE
4.430000,0.407522,-0.202784,-0.096029,0.001337,0.000181,0.000708,-3.604186,TARE
4.431000,0.407521,-0.202785,-0.096029,0.000609,-0.000527,0.000558,-3.603019,TARE
4.432000,0.407520,-0.202786,-0.096030,0.000588,-0.000090,0.000241,-3.601395,TARE
4.433000,0.407516,-0.202788,-0.096031,-0.000527,-0.000457,-0.000172,-3.599359,TARE
4.434000,0.407524,-0.202784,-0.096028,0.002573,0.000746,0.001003,-3.596980,TARE
4.435000,0.407519,-0.202786,-0.096030,0.000503,-0.000442,0.000286,-3.594344,TARE
4.436000,0.407518,-0.202784,-0.096032,0.000332,0.000743,-0.000520,-3.591545,TARE
4.437000,0.407520,-0.202785,-0.096030,0.001100,0.000483,0.000256,-3.588701,TARE
4.438000,0.407522,-0.202785,-0.096029,0.001140,0.000306,0.000148,-3.585959,TARE
4.439000,0.407521,-0.202784,-0.096030,0.000370,0.000689,-0.000230,-3.583459,TARE
4.440000,0.407520,-0.202783,-0.096031,0.000145,0.001061,-0.000821,-3.581315,TARE
4.441000,0.407516,-0.202781,-0.096033,-0.000611,0.001299,-0.000816,-3.579635,TARE
4.442000,0.407518,-0.202782,-0.096031,-0.000402,0.000909,-0.000408,-3.578542,TARE
4.443000,0.407520,-0.202786,-0.096029,0.000024,-0.000576,0.000105,-3.578136,TARE
4.444000,0.407520,-0.202784,-0.096030,0.000161,0.000006,-0.000026,-3.578452,TARE
4.445000,0.407517,-0.202785,-0.096031,-0.000151,-0.000495,-0.000033,-3.579449,TARE
4.446000,0.407520,-0.202784,-0.096030,0.000761,0.000029,0.000233,-3.581029,TARE
4.447000,0.407519,-0.202784,-0.096030,0.000807,-0.000202,0.000525,-3.583067,TARE
4.448000,0.407520,-0.202786,-0.096029,0.001299,-0.000343,0.000751,-3.585413,TARE
4.449000,0.407520,-0.202783,-0.096031,0.000498,0.000422,-0.000029,-3.587898,TARE
4.450000,0.407517,-0.202785,-0.096031,-0.000419,-0.000266,-0.000235,-3.590367,TARE
4.451000,0.407520,-0.202783,-0.096030,0.000178,0.000555,-0.000003,-3.592714,TARE
4.452000,0.407519,-0.202783,-0.096030,-0.000688,0.000324,-0.000473,-3.594887,TARE
4.453000,0.407518,-0.202783,-0.096032,-0.001296,0.000359,-0.000890,-3.596883,TARE
4.454000,0.407520,-0.202782,-0.096031,-0.000922,0.000426,-0.000646,-3.598759,TARE
4.455000,0.407526,-0.202783,-0.096028,0.001222,-0.000102,0.000599,-3.600619,TARE
4.456000,0.407520,-0.202783,-0.096030,-0.000349,-0.000047,-0.000129,-3.602551,TARE
4.457000,0.407518,-0.202785,-0.096031,-0.000642,-0.000980,-0.000021,-3.604575,TARE
4.458000,0.407522,-0.202784,-0.096029,0.000951,-0.000422,0.000590,-3.606656,TARE
4.459000,0.407523,-0.202782,-0.096029,0.000735,0.000104,0.000339,-3.608724,TARE
4.460000,0.407520,-0.202783,-0.096029,0.000531,-0.000306,0.000596,-3.610688,TARE
4.461000,0.407519,-0.202784,-0.096030,0.000346,-0.000584,0.000502,-3.612441,TARE
4.462000,0.407522,-0.202783,-0.096029,0.000992,-0.000034,0.000696,-3.613871,TARE
4.463000,0.407521,-0.202783,-0.096029,-0.000139,-0.000256,0.000281,-3.614875,TARE
4.464000,0.407518,-0.202783,-0.096031,-0.000327,-0.000478,-0.000104,-3.615380,TARE
4.465000,0.407517,-0.202781,-0.096032,-0.000006,0.000371,0.000203,-3.615362,TARE
4.466000,0.407520,-0.202781,-0.096030,0.000831,0.000104,0.000407,-3.614854,TARE
4.467000,0.407521,-0.202778,-0.096031,0.000659,0.001055,0.000171,-3.613917,TARE
4.468000,0.407515,-0.202781,-0.096034,-0.001465,-0.000061,-0.000988,-3.612635,TARE
4.469000,0.407521,-0.202782,-0.096029,0.000921,0.000015,0.000897,-3.611122,TARE
4.470000,0.407519,-0.202782,-0.096031,0.000148,-0.000487,0.000346,-3.609498,TARE
4.471000,0.407518,-0.202780,-0.096033,-0.000905,0.000120,-0.000592,-3.607847,TARE
4.472000,0.407518,-0.202780,-0.096032,-0.000853,0.000337,-0.000301,-3.606232,TARE
4.473000,0.407516,-0.202779,-0.096033,-0.000856,0.000696,-0.000515,-3.604731,TARE
4.474000,0.407517,-0.202781,-0.096032,-0.000469,-0.000081,0.000056,-3.603442,TARE
4.475000,0.407515,-0.202780,-0.096033,-0.000375,0.000196,-0.000117,-3.602438,TARE
4.476000,0.407517,-0.202780,-0.096032,0.000320,0.000531,0.000425,-3.601748,TARE
4.477000,0.407513,-0.202778,-0.096035,-0.000955,0.001409,-0.000771,-3.601357,TARE
4.478000,0.407514,-0.202778,-0.096035,-0.001216,0.001391,-0.001004,-3.601242,TARE
4.479000,0.407515,-0.202780,-0.096033,-0.000427,0.000456,-0.000173,-3.601426,TARE
4.480000,0.407518,-0.202779,-0.096032,0.000311,0.000410,0.000252,-3.601966,TARE
4.481000,0.407516,-0.202779,-0.096033,-0.000408,0.000597,-0.000317,-3.602898,TARE
4.482000,0.407516,-0.202779,-0.096033,0.000026,0.000279,-0.000033,-3.604210,TARE
4.483000,0.407517,-0.202777,-0.096033,0.000305,0.001124,-0.000071,-3.605856,TARE
4.484000,0.407518,-0.202779,-0.096031,0.000544,0.000136,0.000470,-3.607772,TARE
4.485000,0.407518,-0.202776,-0.096034,-0.000135,0.001622,-0.000820,-3.609880,TARE
4.486000,0.407516,-0.202777,-0.096033,-0.000408,0.000791,-0.000504,-3.612111,TARE
4.487000,0.407515,-0.202778,-0.096034,-0.000979,0.000148,-0.000517,-3.614442,TARE
4.488000,0.407516,-0.202779,-0.096033,-0.000238,-0.000030,-0.000119,-3.616880,TARE
4.489000,0.407514,-0.202778,-0.096035,-0.001608,0.000319,-0.001205,-3.619447,TARE
4.490000,0.407513,-0.202777,-0.096034,-0.001510,-0.000045,-0.000578,-3.622186,TARE
4.491000,0.407516,-0.202777,-0.096034,0.000015,0.000602,-0.000168,-3.625152,TARE
4.492000,0.407517,-0.202776,-0.096034,-0.000449,0.000712,-0.000488,-3.628373,TARE
4.493000,0.407517,-0.202778,-0.096033,-0.000822,0.000007,-0.000457,-3.631830,TARE
4.494000,0.407514,-0.202778,-0.096035,-0.001700,0.000097,-0.000986,-3.635481,TARE
4.495000,0.407518,-0.202779,-0.096032,-0.000693,-0.000719,-0.000268,-3.639287,TARE
4.496000,0.407515,-0.202778,-0.096034,-0.001708,-0.000137,-0.000980,-3.643223,TARE
4.497000,0.407516,-0.202778,-0.096033,-0.001198,-0.000808,-0.000377,-3.647280,TARE
4.498000,0.407513,-0.202776,-0.096035,-0.001884,0.000309,-0.001145,-3.651445,TARE
4.499000,0.407517,-0.202777,-0.096032,0.000208,-0.000207,0.000139,-3.655694,TARE
4.500000,0.407515,-0.202777,-0.096034,-0.000697,-0.000000,-0.000653,-3.659974,TARE
4.501000,0.407515,-0.202777,-0.096034,-0.000489,0.000107,-0.000313,-3.664214,TARE
4.502000,0.407514,-0.202777,-0.096034,-0.001433,0.000886,-0.000934,-3.668333,TARE
4.503000,0.407518,-0.202779,-0.096031,-0.000184,0.000078,-0.000084,-3.672262,TARE
4.504000,0.407514,-0.202777,-0.096034,-0.002152,0.000472,-0.001077,-3.675944,TARE
4.505000,0.407515,-0.202779,-0.096032,-0.001537,-0.000518,-0.000403,-3.679341,TARE
4.506000,0.407514,-0.202777,-0.096034,-0.001262,0.000367,-0.000676,-3.682430,TARE
4.507000,0.407515,-0.202778,-0.096033,-0.000867,-0.000334,0.000153,-3.685197,TARE
4.508000,0.407516,-0.202777,-0.096033,-0.000519,0.000610,-0.000453,-3.687609,TARE
4.509000,0.407516,-0.202776,-0.096034,-0.000336,0.000719,-0.000426,-3.689628,TARE
4.510000,0.407515,-0.202777,-0.096034,-0.000281,0.000581,-0.000333,-3.691234,TARE
4.511000,0.407513,-0.202779,-0.096034,-0.000121,-0.000427,0.000072,-3.692434,TARE
4.512000,0.407514,-0.202778,-0.096033,0.000649,-0.000260,0.000734,-3.693239,TARE
4.513000,0.407512,-0.202778,-0.096034,-0.000205,-0.000119,0.000031,-3.693621,TARE
4.514000,0.407516,-0.202779,-0.096032,0.000444,-0.000655,0.000604,-3.693515,TARE
4.515000,0.407514,-0.202778,-0.096034,-0.000263,-0.000244,-0.000107,-3.692849,TARE
4.516000,0.407512,-0.202780,-0.096034,-0.000453,-0.000817,-0.000105,-3.691588,TARE
4.517000,0.407516,-0.202779,-0.096032,0.000405,-0.000566,0.000067,-3.689759,TARE
4.518000,0.407517,-0.202776,-0.096033,0.000759,0.000790,0.000049,-3.687450,TARE
4.519000,0.407514,-0.202778,-0.096034,0.000162,-0.000088,-0.000106,-3.684783,TARE
4.520000,0.407514,-0.202776,-0.096034,-0.000468,0.000435,-0.000473,-3.681890,TARE
4.521000,0.407517,-0.202778,-0.096032,0.001032,-0.000330,0.000544,-3.678890,TARE
4.522000,0.407519,-0.202776,-0.096031,0.001994,0.000553,0.001073,-3.675867,TARE
4.523000,0.407511,-0.202778,-0.096034,-0.000890,-0.000116,-0.000289,-3.672839,TARE
4.524000,0.407518,-0.202777,-0.096032,0.001639,0.000117,0.000545,-3.669774,TARE
4.525000,0.407518,-0.202779,-0.096031,0.001199,-0.000537,0.000853,-3.666632,TARE
4.526000,0.407515,-0.202777,-0.096032,-0.000158,0.000315,-0.000046,-3.663375,TARE
4.527000,0.407515,-0.202778,-0.096032,0.000009,-0.000125,0.000060,-3.659971,TARE
4.528000,0.407513,-0.202777,-0.096034,-0.001460,0.000359,-0.000579,-3.656421,TARE
4.529000,0.407514,-0.202777,-0.096034,-0.000798,0.000454,-0.000587,-3.652770,TARE
4.530000,0.407515,-0.202776,-0.096034,-0.000385,0.000585,-0.000308,-3.649104,TARE
4.531000,0.407512,-0.202777,-0.096034,-0.000739,0.000052,-0.000106,-3.645521,TARE
4.532000,0.407514,-0.202776,-0.096034,0.000370,0.000677,-0.000230,-3.642102,TARE
4.533000,0.407511,-0.202776,-0.096036,-0.000926,0.000528,-0.000950,-3.638904,TARE
4.534000,0.407515,-0.202778,-0.096033,0.000461,-0.000282,0.000295,-3.635986,TARE
4.535000,0.407512,-0.202778,-0.096033,-0.000251,-0.000173,0.000170,-3.633406,TARE
4.536000,0.407514,-0.202773,-0.096035,0.000135,0.001191,-0.000214,-3.631176,TARE
4.537000,0.407513,-0.202776,-0.096035,0.000339,-0.000038,0.000065,-3.629261,TARE
4.538000,0.407509,-0.202776,-0.096036,-0.001472,-0.000054,-0.001009,-3.627618,TARE
4.539000,0.407509,-0.202777,-0.096037,-0.001692,-0.000330,-0.000874,-3.626251,TARE
4.540000,0.407511,-0.202776,-0.096036,-0.001130,0.000166,-0.000495,-3.625224,TARE
4.541000,0.407510,-0.202775,-0.096036,-0.000684,0.000334,-0.000135,-3.624624,TARE
4.542000,0.407509,-0.202774,-0.096037,-0.000834,0.000999,-0.000595,-3.624488,TARE
4.543000,0.407510,-0.202774,-0.096036,0.000113,0.000450,-0.000076,-3.624780,TARE
4.544000,0.407505,-0.202775,-0.096039,-0.001610,0.000418,-0.000765,-3.625427,TARE
4.545000,0.407511,-0.202776,-0.096034,0.001350,-0.000333,0.001113,-3.626338,TARE
4.546000,0.407513,-0.202776,-0.096033,0.002295,-0.000167,0.001531,-3.627371,TARE
4.547000,0.407509,-0.202774,-0.096038,0.000063,0.000450,-0.000511,-3.628321,TARE
4.548000,0.407507,-0.202774,-0.096038,-0.000632,0.000329,-0.000403,-3.628983,TARE
4.549000,0.407506,-0.202772,-0.096039,-0.000868,0.000923,-0.000724,-3.629265,TARE
4.550000,0.407507,-0.202775,-0.096037,0.000219,-0.000606,0.000510,-3.629195,TARE
4.551000,0.407508,-0.202774,-0.096038,-0.000078,-0.000076,-0.000131,-3.628846,TARE
4.552000,0.407508,-0.202775,-0.096038,-0.000117,-0.000546,-0.000023,-3.628287,TARE
4.553000,0.407505,-0.202774,-0.096039,-0.001886,0.000100,-0.000996,-3.627589,TARE
4.554000,0.407510,-0.202775,-0.096035,-0.000940,-0.000827,-0.000056,-3.626846,TARE
4.555000,0.407509,-0.202774,-0.096037,-0.001610,-0.000230,-0.001021,-3.626168,TARE
4.556000,0.407510,-0.202772,-0.096036,-0.001271,0.000578,-0.000755,-3.625670,TARE
4.557000,0.407510,-0.202773,-0.096036,-0.000294,0.000206,-0.000325,-3.625469,TARE
4.558000,0.407510,-0.202775,-0.096035,-0.000212,-0.000767,0.000197,-3.625646,TARE
4.559000,0.407513,-0.202775,-0.096035,0.000404,-0.000304,0.000030,-3.626210,TARE
4.560000,0.407510,-0.202775,-0.096036,-0.000592,-0.000546,-0.000237,-3.627102,TARE
4.561000,0.407512,-0.202774,-0.096036,0.000614,0.000318,0.000012,-3.628231,TARE
4.562000,0.407512,-0.202774,-0.096036,0.001071,0.000171,0.000289,-3.629500,TARE
4.563000,0.407510,-0.202775,-0.096036,0.000502,0.000096,0.000161,-3.630806,TARE
4.564000,0.407507,-0.202775,-0.096038,-0.000382,-0.000225,-0.000407,-3.632041,TARE
4.565000,0.407510,-0.202775,-0.096035,0.000831,0.000161,0.000442,-3.633115,TARE
4.566000,0.407511,-0.202773,-0.096037,0.000603,0.000573,0.000102,-3.633976,TARE
4.567000,0.407510,-0.202772,-0.096037,0.000505,0.000624,0.000325,-3.634582,TARE
4.568000,0.407512,-0.202774,-0.096035,0.000419,0.000113,0.000539,-3.634889,TARE
4.569000,0.407510,-0.202772,-0.096037,-0.000075,0.000525,-0.000240,-3.634845,TARE
4.570000,0.407505,-0.202769,-0.096041,-0.001350,0.001432,-0.001254,-3.634425,TARE
4.571000,0.407507,-0.202773,-0.096038,-0.000706,0.000068,-0.000248,-3.633690,TARE
4.572000,0.407512,-0.202775,-0.096035,0.001462,-0.000512,0.001196,-3.632766,TARE
4.573000,0.407507,-0.202773,-0.096038,-0.000901,0.000048,-0.000298,-3.631752,TARE
4.574000,0.407513,-0.202773,-0.096035,0.001145,-0.000172,0.000932,-3.630668,TARE
4.575000,0.407507,-0.202772,-0.096039,-0.000586,-0.000122,-0.000328,-3.629492,TARE
4.576000,0.407506,-0.202772,-0.096039,-0.000987,0.000116,-0.000513,-3.628214,TARE
4.577000,0.407508,-0.202773,-0.096038,-0.000109,-0.000264,-0.000040,-3.626876,TARE
4.578000,0.407507,-0.202773,-0.096038,-0.000200,-0.000153,-0.000144,-3.625568,TARE
4.579000,0.407508,-0.202773,-0.096038,0.000180,-0.000142,0.000179,-3.624390,TARE
4.580000,0.407509,-0.202771,-0.096038,0.000513,0.000889,0.000106,-3.623411,TARE
4.581000,0.407509,-0.202774,-0.096037,0.001171,0.000134,0.000845,-3.622643,TARE
4.582000,0.407505,-0.202772,-0.096039,-0.000945,0.000748,-0.000805,-3.622039,TARE
4.583000,0.407507,-0.202772,-0.096039,0.000127,0.000635,-0.000128,-3.621540,TARE
4.584000,0.407505,-0.202774,-0.096039,-0.000803,-0.000564,-0.000322,-3.621135,TARE
4.585000,0.407505,-0.202774,-0.096039,-0.000957,-0.000293,-0.000597,-3.620860,TARE
4.586000,0.407508,-0.202772,-0.096038,0.000319,0.000047,0.000156,-3.620781,TARE
4.587000,0.407510,-0.202773,-0.096035,0.000781,-0.000349,0.000857,-3.620957,TARE
4.588000,0.407508,-0.202772,-0.096037,0.000089,0.000227,0.000045,-3.621389,TARE
4.589000,0.407510,-0.202771,-0.096037,0.000749,0.000586,0.000391,-3.622010,TARE
4.590000,0.407509,-0.202772,-0.096038,0.000932,0.000207,0.000222,-3.622729,TARE
4.591000,0.407506,-0.202772,-0.096039,0.000074,0.000184,0.000072,-3.623469,TARE
4.592000,0.407509,-0.202773,-0.096037,0.001054,-0.000386,0.000840,-3.624182,TARE
4.593000,0.407511,-0.202770,-0.096037,0.002189,0.001075,0.000858,-3.624822,TARE
4.594000,0.407508,-0.202773,-0.096037,0.000700,-0.000263,0.000526,-3.625321,TARE
4.595000,0.407508,-0.202773,-0.096037,0.000346,0.000143,0.000019,-3.625609,TARE
4.596000,0.407508,-0.202773,-0.096037,0.000683,0.000355,0.000345,-3.625648,TARE
4.597000,0.407510,-0.202772,-0.096036,0.001137,0.000377,0.000711,-3.625447,TARE
4.598000,0.407509,-0.202772,-0.096037,0.000857,0.000085,0.000506,-3.625032,TARE
4.599000,0.407509,-0.202772,-0.096037,-0.000009,0.000069,0.000097,-3.624425,TARE
4.600000,0.407506,-0.202771,-0.096038,-0.000660,0.000575,-0.000332,-3.623652,TARE
4.601000,0.407506,-0.202773,-0.096037,-0.000327,-0.000577,-0.000001,-3.622765,TARE
4.602000,0.407508,-0.202772,-0.096037,-0.000088,-0.000545,0.000108,-3.621844,TARE
4.603000,0.407508,-0.202773,-0.096037,-0.000395,-0.000569,-0.000042,-3.620983,TARE
4.604000,0.407510,-0.202772,-0.096036,0.000652,-0.000359,0.000421,-3.620268,TARE
4.605000,0.407507,-0.202771,-0.096038,-0.000890,0.000109,-0.000444,-3.619762,TARE
4.606000,0.407510,-0.202775,-0.096036,0.000006,-0.000998,0.000275,-3.619495,TARE
4.607000,0.407513,-0.202771,-0.096035,0.001331,0.000522,0.000841,-3.619469,TARE
4.608000,0.407509,-0.202772,-0.096038,-0.000008,0.000288,-0.000481,-3.619652,TARE
4.609000,0.407513,-0.202772,-0.096034,0.000613,0.000001,0.000717,-3.619994,TARE
4.610000,0.407507,-0.202772,-0.096037,-0.000711,-0.000083,-0.000049,-3.620436,TARE
4.611000,0.407510,-0.202772,-0.096037,0.000575,-0.000059,0.000068,-3.620923,TARE
4.612000,0.407509,-0.202771,-0.096037,0.000069,-0.000194,0.000104,-3.621415,TARE
4.613000,0.407509,-0.202773,-0.096037,-0.000001,-0.001002,0.000002,-3.621908,TARE
4.614000,0.407507,-0.202771,-0.096038,-0.001416,-0.000376,-0.000717,-3.622435,TARE
4.615000,0.407511,-0.202771,-0.096036,0.000189,-0.000257,0.000084,-3.623056,TARE
4.616000,0.407508,-0.202771,-0.096037,-0.000511,-0.000105,-0.000353,-3.623845,TARE
4.617000,0.407508,-0.202773,-0.096037,0.000544,-0.000551,0.000011,-3.624861,TARE
4.618000,0.407506,-0.202773,-0.096037,-0.000549,-0.000500,-0.000244,-3.626143,TARE
4.619000,0.407507,-0.202773,-0.096036,-0.000007,-0.000110,0.000437,-3.627702,TARE
4.620000,0.407506,-0.202774,-0.096037,-0.000265,-0.000168,-0.000171,-3.629497,TARE
4.621000,0.407510,-0.202772,-0.096035,0.000764,0.000721,0.000596,-3.631427,TARE
4.622000,0.407504,-0.202771,-0.096039,-0.001583,0.000533,-0.000773,-3.633367,TARE
4.623000,0.407506,-0.202773,-0.096037,-0.001399,-0.000625,-0.000039,-3.635203,TARE
4.624000,0.407505,-0.202774,-0.096037,-0.001211,-0.000768,0.000092,-3.636856,TARE
4.625000,0.407508,-0.202772,-0.096036,0.000001,0.000046,0.000501,-3.638263,TARE
4.626000,0.407506,-0.202773,-0.096036,-0.001099,-0.000453,0.000200,-3.639345,TARE
4.627000,0.407506,-0.202772,-0.096038,-0.000993,0.000040,-0.000531,-3.640020,TARE
4.628000,0.407504,-0.202771,-0.096039,-0.001617,0.000014,-0.000642,-3.640252,TARE
4.629000,0.407505,-0.202774,-0.096038,-0.001009,-0.001045,0.000025,-3.640083,TARE
4.630000,0.407509,-0.202772,-0.096036,0.000033,-0.000307,0.000504,-3.639595,TARE
4.631000,0.407502,-0.202774,-0.096039,-0.001554,-0.000545,-0.000408,-3.638852,TARE
4.632000,0.407503,-0.202772,-0.096039,-0.001047,0.000089,-0.000266,-3.637892,TARE
4.633000,0.407504,-0.202772,-0.096038,-0.000738,-0.000218,-0.000160,-3.636754,TARE
4.634000,0.407511,-0.202772,-0.096035,0.001766,-0.000615,0.001041,-3.635489,TARE
4.635000,0.407507,-0.202771,-0.096038,0.000078,-0.000018,-0.000050,-3.634131,TARE
4.636000,0.407504,-0.202773,-0.096038,-0.000962,-0.000708,-0.000264,-3.632690,TARE
4.637000,0.407509,-0.202770,-0.096037,0.001069,0.000460,0.000327,-3.631168,TARE
4.638000,0.407507,-0.202772,-0.096038,0.000345,-0.000271,0.000152,-3.629576,TARE
4.639000,0.407507,-0.202773,-0.096036,0.000424,-0.000399,0.000652,-3.627921,TARE
4.640000,0.407506,-0.202769,-0.096038,-0.000024,0.000546,0.000126,-3.626180,TARE
4.641000,0.407508,-0.202769,-0.096037,0.000927,0.000150,0.000796,-3.624303,TARE
4.642000,0.407506,-0.202769,-0.096038,-0.000724,0.000377,-0.000301,-3.622224,TARE
4.643000,0.407509,-0.202769,-0.096037,-0.000258,-0.000081,-0.000041,-3.619909,TARE
4.644000,0.407508,-0.202771,-0.096038,-0.000468,-0.000215,-0.000417,-3.617379,TARE
4.645000,0.407508,-0.202770,-0.096038,-0.000233,-0.000307,-0.000345,-3.614733,TARE
4.646000,0.407508,-0.202771,-0.096037,-0.000420,-0.000610,0.000049,-3.612119,TARE
4.647000,0.407509,-0.202769,-0.096036,0.000033,-0.000003,0.000172,-3.609696,TARE
4.648000,0.407507,-0.202771,-0.096037,0.000425,-0.000681,0.000313,-3.607571,TARE
4.649000,0.407506,-0.202770,-0.096038,0.000405,-0.000307,0.000181,-3.605771,TARE
4.650000,0.407510,-0.202769,-0.096036,0.000677,-0.000247,0.000031,-3.604264,TARE
4.651000,0.407507,-0.202772,-0.096037,-0.000440,-0.000571,-0.000309,-3.603004,TARE
4.652000,0.407509,-0.202769,-0.096036,0.000188,0.000244,-0.000115,-3.601963,TARE
4.653000,0.407506,-0.202770,-0.096038,-0.000451,-0.000083,-0.000438,-3.601139,TARE
4.654000,0.407509,-0.202768,-0.096037,0.000259,0.000953,0.000086,-3.600540,TARE
4.655000,0.407505,-0.202769,-0.096039,-0.000932,-0.000245,-0.000525,-3.600159,TARE
4.656000,0.407507,-0.202771,-0.096037,-0.000404,-0.000426,-0.000057,-3.599979,TARE
4.657000,0.407504,-0.202769,-0.096040,-0.001454,0.000251,-0.000755,-3.599981,TARE
4.658000,0.407507,-0.202772,-0.096037,-0.000098,-0.001234,0.000250,-3.600160,TARE
4.659000,0.407504,-0.202770,-0.096039,-0.001097,-0.000215,-0.000499,-3.600514,TARE
4.660000,0.407502,-0.202768,-0.096042,-0.001673,0.000070,-0.001328,-3.601049,TARE
4.661000,0.407504,-0.202770,-0.096040,-0.000210,-0.000715,-0.000242,-3.601804,TARE
4.662000,0.407502,-0.202768,-0.096041,-0.000214,0.000122,-0.000115,-3.602845,TARE
4.663000,0.407501,-0.202768,-0.096041,-0.000970,0.000356,-0.000286,-3.604209,TARE
4.664000,0.407503,-0.202771,-0.096039,-0.000241,-0.000846,0.000154,-3.605854,TARE
4.665000,0.407504,-0.202768,-0.096039,-0.000254,0.000075,0.000059,-3.607676,TARE
4.666000,0.407502,-0.202768,-0.096041,-0.000154,-0.000018,-0.000188,-3.609541,TARE
4.667000,0.407502,-0.202770,-0.096041,-0.000545,-0.000397,-0.000278,-3.611326,TARE
4.668000,0.407504,-0.202767,-0.096039,0.000428,0.000494,0.000259,-3.612939,TARE
4.669000,0.407500,-0.202768,-0.096041,-0.001100,0.000254,-0.000789,-3.614315,TARE
4.670000,0.407505,-0.202766,-0.096040,0.000386,0.000959,-0.000089,-3.615414,TARE
4.671000,0.407502,-0.202766,-0.096041,-0.000202,0.000838,-0.000188,-3.616241,TARE
4.672000,0.407506,-0.202768,-0.096038,0.000618,0.000128,0.000322,-3.616821,TARE
4.673000,0.407503,-0.202769,-0.096040,-0.000673,-0.000068,-0.000551,-3.617174,TARE
4.674000,0.407504,-0.202770,-0.096039,0.000573,-0.000290,0.000358,-3.617313,TARE
4.675000,0.407502,-0.202770,-0.096040,0.000228,-0.000396,0.000385,-3.617258,TARE
4.676000,0.407503,-0.202769,-0.096039,0.001522,-0.000234,0.001094,-3.617002,TARE
4.677000,0.407497,-0.202770,-0.096042,-0.000234,-0.000273,0.000054,-3.616491,TARE
4.678000,0.407504,-0.202768,-0.096038,0.001311,0.000250,0.001192,-3.615631,TARE
4.679000,0.407501,-0.202769,-0.096041,0.000092,0.000036,0.000276,-3.614312,TARE
4.680000,0.407502,-0.202768,-0.096041,0.000927,0.000597,0.000227,-3.612435,TARE
4.681000,0.407499,-0.202768,-0.096043,-0.000127,0.000376,-0.000470,-3.609960,TARE
4.682000,0.407503,-0.202769,-0.096040,0.001208,-0.000082,0.000404,-3.606957,TARE
4.683000,0.407503,-0.202768,-0.096040,0.000532,0.000216,0.000090,-3.603585,TARE
4.684000,0.407503,-0.202767,-0.096040,-0.000091,0.000064,-0.000086,-3.600028,TARE
4.685000,0.407504,-0.202767,-0.096040,0.000236,-0.000014,0.000059,-3.596450,TARE
4.686000,0.407507,-0.202769,-0.096037,0.001023,-0.000609,0.000882,-3.592981,TARE
4.687000,0.407507,-0.202769,-0.096038,0.000810,-0.000429,0.000403,-3.589697,TARE
4.688000,0.407505,-0.202769,-0.096038,0.000034,-0.000748,0.000432,-3.586613,TARE
4.689000,0.407504,-0.202771,-0.096039,-0.000146,-0.000810,-0.000048,-3.583714,TARE
4.690000,0.407504,-0.202770,-0.096038,-0.000317,-0.000268,-0.000059,-3.580993,TARE
4.691000,0.407500,-0.202768,-0.096041,-0.000931,0.000302,-0.000414,-3.578470,TARE
4.692000,0.407504,-0.202769,-0.096039,0.000179,-0.000103,-0.000005,-3.576184,TARE
4.693000,0.407506,-0.202769,-0.096038,0.000924,-0.000024,0.000489,-3.574178,TARE
4.694000,0.407505,-0.202766,-0.096040,0.000653,0.000803,0.000098,-3.572477,TARE
4.695000,0.407503,-0.202771,-0.096039,0.000234,-0.000940,0.000090,-3.571085,TARE
4.696000,0.407501,-0.202770,-0.096041,-0.000499,-0.000641,-0.000358,-3.569996,TARE
4.697000,0.407504,-0.202767,-0.096040,0.000337,0.000470,-0.000187,-3.569220,TARE
4.698000,0.407502,-0.202766,-0.096041,-0.000029,0.000620,-0.000189,-3.568790,TARE
4.699000,0.407502,-0.202766,-0.096041,0.000743,0.001021,0.000161,-3.568730,TARE
4.700000,0.407499,-0.202769,-0.096042,-0.000689,-0.000570,-0.000411,-3.569040,TARE
4.701000,0.407502,-0.202771,-0.096039,0.000687,-0.000714,0.000180,-3.569697,TARE
4.702000,0.407500,-0.202769,-0.096042,-0.000118,-0.000111,-0.000496,-3.570687,TARE
4.703000,0.407498,-0.202767,-0.096043,-0.000833,0.000921,-0.001181,-3.572025,TARE
4.704000,0.407500,-0.202770,-0.096041,-0.000251,0.000188,-0.000627,-3.573768,TARE
4.705000,0.407502,-0.202769,-0.096040,0.000214,0.000575,-0.000412,-3.575991,TARE
4.706000,0.407501,-0.202769,-0.096041,0.000471,-0.000091,-0.000252,-3.578746,TARE
4.707000,0.407498,-0.202768,-0.096042,-0.000857,0.000223,-0.000673,-3.582027,TARE
4.708000,0.407496,-0.202770,-0.096042,-0.001421,-0.000017,-0.000582,-3.585773,TARE
4.709000,0.407500,-0.202769,-0.096040,0.000658,0.000264,0.000157,-3.589881,TARE
4.710000,0.407499,-0.202767,-0.096041,0.000173,0.000589,-0.000136,-3.594215,TARE
4.711000,0.407498,-0.202768,-0.096043,-0.000406,0.000062,-0.000566,-3.598616,TARE
4.712000,0.407497,-0.202768,-0.096044,-0.000675,0.000571,-0.000826,-3.602955,TARE
4.713000,0.407501,-0.202769,-0.096040,0.000514,-0.000257,0.000423,-3.607158,TARE
4.714000,0.407502,-0.202769,-0.096040,0.000445,-0.000697,0.000446,-3.611163,TARE
4.715000,0.407502,-0.202770,-0.096040,0.000982,-0.000410,0.000306,-3.614872,TARE
4.716000,0.407500,-0.202769,-0.096041,0.000259,-0.000174,0.000017,-3.618158,TARE
4.717000,0.407498,-0.202768,-0.096042,0.000312,0.000141,-0.000031,-3.620915,TARE
4.718000,0.407497,-0.202768,-0.096042,0.000733,0.000121,0.000187,-3.623079,TARE
4.719000,0.407496,-0.202768,-0.096043,-0.000589,0.000125,-0.000374,-3.624630,TARE
4.720000,0.407503,-0.202767,-0.096040,0.001731,0.000706,0.000638,-3.625580,TARE
4.721000,0.407500,-0.202768,-0.096040,0.000692,0.000214,0.000328,-3.625951,TARE
4.722000,0.407502,-0.202768,-0.096040,0.000886,0.000084,0.000331,-3.625745,TARE
4.723000,0.407500,-0.202769,-0.096041,-0.000192,-0.000393,0.000017,-3.624957,TARE
4.724000,0.407499,-0.202767,-0.096041,-0.000584,0.000297,-0.000444,-3.623605,TARE
4.725000,0.407498,-0.202766,-0.096043,-0.000556,0.000168,-0.000337,-3.621755,TARE
4.726000,0.407500,-0.202766,-0.096041,-0.000155,-0.000224,0.000336,-3.619520,TARE
4.727000,0.407501,-0.202766,-0.096042,-0.000366,-0.000080,-0.000219,-3.617011,TARE
4.728000,0.407500,-0.202766,-0.096041,-0.000548,-0.000193,-0.000053,-3.614311,TARE
4.729000,0.407502,-0.202767,-0.096041,-0.000649,-0.000241,-0.000331,-3.611481,TARE
4.730000,0.407504,-0.202766,-0.096039,-0.000267,-0.000033,-0.000166,-3.608584,TARE
4.731000,0.407504,-0.202765,-0.096040,-0.000402,0.000537,-0.000597,-3.605705,TARE
4.732000,0.407506,-0.202767,-0.096037,0.000873,0.000303,0.000461,-3.602944,TARE
4.733000,0.407502,-0.202768,-0.096040,-0.000226,-0.000695,-0.000150,-3.600391,TARE
4.734000,0.407499,-0.202768,-0.096041,-0.000955,-0.000406,-0.000448,-3.598100,TARE
4.735000,0.407501,-0.202769,-0.096040,-0.000495,-0.000321,-0.000154,-3.596106,TARE
4.736000,0.407502,-0.202766,-0.096041,0.000128,0.000809,-0.000477,-3.594431,TARE
4.737000,0.407504,-0.202766,-0.096039,0.001236,0.000324,0.000499,-3.593085,TARE
4.738000,0.407501,-0.202768,-0.096040,0.000599,-0.000062,0.000318,-3.592040,TARE
4.739000,0.407498,-0.202766,-0.096043,-0.000777,0.000395,-0.000577,-3.591235,TARE
4.740000,0.407503,-0.202766,-0.096040,0.000358,0.000500,0.000139,-3.590594,TARE
4.741000,0.407500,-0.202766,-0.096041,-0.000571,0.000167,-0.000139,-3.590051,TARE
4.742000,0.407497,-0.202766,-0.096043,-0.001588,0.000102,-0.000586,-3.589552,TARE
4.743000,0.407497,-0.202766,-0.096043,-0.001203,0.000644,-0.000586,-3.589055,TARE
4.744000,0.407503,-0.202767,-0.096040,0.000552,0.000325,0.000348,-3.588549,TARE
4.745000,0.407500,-0.202766,-0.096042,-0.000413,0.000342,-0.000338,-3.588026,TARE
4.746000,0.407493,-0.202766,-0.096044,-0.002416,0.000377,-0.001281,-3.587471,TARE
4.747000,0.407495,-0.202766,-0.096044,-0.001270,0.000314,-0.000829,-3.586901,TARE
4.748000,0.407502,-0.202766,-0.096040,0.001103,0.000097,0.000587,-3.586378,TARE
4.749000,0.407501,-0.202766,-0.096041,0.000669,0.000203,-0.000008,-3.585951,TARE
4.750000,0.407497,-0.202767,-0.096042,-0.001032,0.000382,-0.000885,-3.585614,TARE
4.751000,0.407499,-0.202765,-0.096041,-0.000455,0.000573,-0.000301,-3.585340,TARE
4.752000,0.407496,-0.202764,-0.096044,-0.001373,0.000687,-0.001132,-3.585126,TARE
4.753000,0.407498,-0.202767,-0.096042,-0.000489,-0.000205,-0.000169,-3.584991,TARE
4.754000,0.407502,-0.202766,-0.096040,0.001194,0.000250,0.000466,-3.584962,TARE
4.755000,0.407495,-0.202765,-0.096044,-0.001362,0.000339,-0.001231,-3.585044,TARE
4.756000,0.407499,-0.202767,-0.096041,0.000130,-0.000425,0.000188,-3.585236,TARE
4.757000,0.407499,-0.202766,-0.096042,0.000546,-0.000116,0.000017,-3.585541,TARE
4.758000,0.407497,-0.202766,-0.096043,-0.000621,0.000503,-0.000797,-3.585952,TARE
4.759000,0.407498,-0.202767,-0.096042,0.000702,0.000347,-0.000027,-3.586452,TARE
4.760000,0.407499,-0.202764,-0.096041,0.000632,0.001102,0.000020,-3.587020,TARE
4.761000,0.407502,-0.202767,-0.096041,0.000923,0.000083,0.000187,-3.587619,TARE
4.762000,0.407498,-0.202766,-0.096043,0.000203,0.000081,-0.000180,-3.588186,TARE
4.763000,0.407500,-0.202768,-0.096040,0.000742,-0.000753,0.000513,-3.588653,TARE
4.764000,0.407500,-0.202768,-0.096040,0.000527,-0.000693,0.000435,-3.588960,TARE
4.765000,0.407502,-0.202766,-0.096040,0.001020,-0.000359,0.000283,-3.589040,TARE
4.766000,0.407501,-0.202767,-0.096040,0.000593,-0.000478,0.000368,-3.588822,TARE
4.767000,0.407503,-0.202765,-0.096039,0.001607,0.000551,0.000729,-3.588249,TARE
4.768000,0.407499,-0.202768,-0.096042,0.000062,-0.000528,-0.000219,-3.587272,TARE
4.769000,0.407501,-0.202763,-0.096040,0.000740,0.000869,0.000263,-3.585864,TARE
4.770000,0.407501,-0.202766,-0.096041,0.000161,0.000100,-0.000181,-3.584029,TARE
4.771000,0.407501,-0.202768,-0.096040,-0.000090,-0.000169,-0.000213,-3.581815,TARE
4.772000,0.407503,-0.202766,-0.096040,0.000378,0.000230,-0.000204,-3.579307,TARE
4.773000,0.407499,-0.202767,-0.096042,-0.000689,0.000204,-0.000672,-3.576637,TARE
4.774000,0.407502,-0.202768,-0.096039,0.000635,-0.000249,0.000429,-3.573961,TARE
4.775000,0.407502,-0.202767,-0.096039,0.000474,0.000501,-0.000018,-3.571407,TARE
4.776000,0.407499,-0.202766,-0.096041,-0.000219,0.000350,-0.000077,-3.569035,TARE
4.777000,0.407502,-0.202765,-0.096041,0.000124,0.000584,-0.000032,-3.566846,TARE
4.778000,0.407499,-0.202767,-0.096041,-0.000600,-0.000459,-0.000153,-3.564811,TARE
4.779000,0.407495,-0.202768,-0.096044,-0.001617,-0.000246,-0.000814,-3.562912,TARE
4.780000,0.407498,-0.202765,-0.096042,-0.000194,0.000940,-0.000216,-3.561159,TARE
4.781000,0.407497,-0.202768,-0.096042,0.000302,-0.000221,0.000318,-3.559588,TARE
4.782000,0.407496,-0.202768,-0.096042,-0.000303,-0.000495,0.000089,-3.558223,TARE
4.783000,0.407495,-0.202768,-0.096043,-0.000511,-0.000464,0.000037,-3.557048,TARE
4.784000,0.407495,-0.202766,-0.096043,0.000161,0.000066,0.000370,-3.556013,TARE
4.785000,0.407493,-0.202767,-0.096044,-0.000549,-0.000071,-0.000248,-3.555052,TARE
4.786000,0.407493,-0.202769,-0.096043,-0.000536,-0.001094,-0.000040,-3.554108,TARE
4.787000,0.407501,-0.202769,-0.096039,0.002013,-0.000784,0.001462,-3.553149,TARE
4.788000,0.407498,-0.202767,-0.096041,0.000326,-0.000050,0.000379,-3.552146,TARE
4.789000,0.407496,-0.202767,-0.096043,-0.000115,-0.000441,0.000185,-3.551041,TARE
4.790000,0.407497,-0.202766,-0.096042,0.000823,-0.000196,0.000450,-3.549768,TARE
4.791000,0.407493,-0.202767,-0.096045,-0.000691,-0.000165,-0.000582,-3.548306,TARE
4.792000,0.407494,-0.202767,-0.096045,-0.000169,0.000105,-0.000523,-3.546705,TARE
4.793000,0.407494,-0.202766,-0.096043,-0.000038,0.000425,-0.000121,-3.545094,TARE
4.794000,0.407495,-0.202767,-0.096043,0.000179,0.000487,-0.000141,-3.543641,TARE
4.795000,0.407496,-0.202768,-0.096042,0.000109,-0.000054,0.000178,-3.542488,TARE
4.796000,0.407495,-0.202766,-0.096044,-0.000130,0.000634,-0.000498,-3.541717,TARE
4.797000,0.407495,-0.202766,-0.096042,-0.000307,0.000285,-0.000060,-3.541370,TARE
4.798000,0.407495,-0.202766,-0.096043,-0.000445,0.000481,-0.000482,-3.541460,TARE
4.799000,0.407498,-0.202765,-0.096042,0.001033,0.000703,0.000126,-3.541987,TARE
4.800000,0.407501,-0.202766,-0.096040,0.001323,0.000751,0.000501,-3.542931,TARE
4.801000,0.407495,-0.202766,-0.096044,-0.000831,0.000332,-0.000867,-3.544250,TARE
4.802000,0.407495,-0.202765,-0.096044,-0.000911,0.001013,-0.000917,-3.545896,TARE
4.803000,0.407499,-0.202768,-0.096041,0.000607,-0.000528,0.000364,-3.547855,TARE
4.804000,0.407500,-0.202764,-0.096041,0.001046,0.000922,0.000392,-3.550118,TARE
4.805000,0.407502,-0.202767,-0.096039,0.001160,-0.000293,0.000654,-3.552610,TARE
4.806000,0.407499,-0.202765,-0.096042,0.000486,0.000922,-0.000084,-3.555190,TARE
4.807000,0.407497,-0.202764,-0.096042,0.000003,0.000602,-0.000126,-3.557706,TARE
4.808000,0.407499,-0.202764,-0.096041,0.000390,0.000594,0.000167,-3.560044,TARE
4.809000,0.407499,-0.202765,-0.096041,0.000079,0.000453,0.000025,-3.562123,TARE
4.810000,0.407497,-0.202766,-0.096042,-0.000607,0.000316,-0.000649,-3.563878,TARE
4.811000,0.407498,-0.202767,-0.096042,-0.000028,-0.000442,0.000018,-3.565284,TARE
4.812000,0.407499,-0.202766,-0.096041,0.000097,0.000212,0.000025,-3.566362,TARE
4.813000,0.407502,-0.202764,-0.096040,0.001854,0.000446,0.000802,-3.567137,TARE
4.814000,0.407499,-0.202764,-0.096040,0.000640,0.000016,0.000616,-3.567599,TARE
4.815000,0.407496,-0.202765,-0.096043,-0.000861,0.000073,-0.000603,-3.567704,TARE
4.816000,0.407497,-0.202764,-0.096043,-0.000093,0.000317,-0.000187,-3.567423,TARE
4.817000,0.407497,-0.202763,-0.096043,-0.000470,0.000422,-0.000529,-3.566787,TARE
4.818000,0.407499,-0.202765,-0.096041,0.000179,-0.000056,0.000100,-3.565884,TARE
4.819000,0.407499,-0.202765,-0.096041,0.000305,-0.000777,0.000489,-3.564803,TARE
4.820000,0.407493,-0.202763,-0.096045,-0.001537,0.000035,-0.001001,-3.563598,TARE
4.821000,0.407494,-0.202765,-0.096044,-0.001169,-0.000129,-0.000744,-3.562300,TARE
4.822000,0.407495,-0.202765,-0.096044,-0.000307,0.000505,-0.000515,-3.560965,TARE
4.823000,0.407496,-0.202765,-0.096044,0.000230,0.000528,-0.000391,-3.559684,TARE
4.824000,0.407497,-0.202766,-0.096042,0.000564,-0.000418,0.000523,-3.558538,TARE
4.825000,0.407491,-0.202763,-0.096046,-0.001644,0.000872,-0.001118,-3.557568,TARE
4.826000,0.407494,-0.202765,-0.096044,-0.000487,-0.000089,-0.000185,-3.556779,TARE
4.827000,0.407492,-0.202765,-0.096045,-0.000577,0.000008,-0.000495,-3.556175,TARE
4.828000,0.407492,-0.202764,-0.096044,-0.000387,-0.000156,-0.000363,-3.555765,TARE
4.829000,0.407490,-0.202765,-0.096046,-0.000922,-0.000373,-0.000548,-3.555571,TARE
4.830000,0.407490,-0.202765,-0.096045,-0.001200,-0.000365,-0.000481,-3.555627,TARE
4.831000,0.407494,-0.202765,-0.096043,-0.000122,0.000215,0.000181,-3.555968,TARE
4.832000,0.407493,-0.202765,-0.096043,0.000594,-0.000121,0.000361,-3.556586,TARE
4.833000,0.407492,-0.202765,-0.096044,0.001082,-0.000093,0.000427,-3.557398,TARE
4.834000,0.407489,-0.202767,-0.096045,0.000262,-0.000813,0.000125,-3.558277,TARE
4.835000,0.407495,-0.202765,-0.096043,0.001736,-0.000179,0.000600,-3.559100,TARE
4.836000,0.407489,-0.202764,-0.096046,-0.000217,0.000432,-0.000649,-3.559786,TARE
4.837000,0.407493,-0.202763,-0.096044,0.001746,0.000603,0.000517,-3.560301,TARE
4.838000,0.407493,-0.202764,-0.096044,0.001912,0.000001,0.001069,-3.560638,TARE
4.839000,0.407492,-0.202765,-0.096044,0.001456,0.000220,0.000882,-3.560760,TARE
4.840000,0.407496,-0.202764,-0.096042,0.002507,0.000124,0.001419,-3.560560,TARE
4.841000,0.407495,-0.202765,-0.096043,0.001634,-0.000382,0.000906,-3.559883,TARE
4.842000,0.407497,-0.202765,-0.096041,0.001464,-0.000042,0.000795,-3.558589,TARE
4.843000,0.407496,-0.202767,-0.096042,0.000583,-0.001238,0.000560,-3.556597,TARE
4.844000,0.407494,-0.202766,-0.096043,-0.000306,-0.000817,0.000086,-3.553919,TARE
4.845000,0.407500,-0.202767,-0.096040,0.001475,-0.001084,0.000995,-3.550647,TARE
4.846000,0.407493,-0.202765,-0.096044,-0.000802,0.000122,-0.000497,-3.546919,TARE
4.847000,0.407495,-0.202763,-0.096042,-0.000021,0.000320,0.000176,-3.542884,TARE
4.848000,0.407496,-0.202766,-0.096042,0.000026,-0.000480,0.000071,-3.538696,TARE
4.849000,0.407498,-0.202766,-0.096041,0.000202,-0.000154,0.000289,-3.534499,TARE
4.850000,0.407496,-0.202765,-0.096043,-0.000302,0.000247,-0.000401,-3.530410,TARE
4.851000,0.407494,-0.202764,-0.096043,-0.001210,0.000255,-0.000910,-3.526532,TARE
4.852000,0.407493,-0.202764,-0.096044,-0.001250,0.000086,-0.000911,-3.522991,TARE
4.853000,0.407494,-0.202764,-0.096043,-0.000400,-0.000487,-0.000198,-3.519944,TARE
4.854000,0.407493,-0.202765,-0.096043,-0.001086,-0.001154,-0.000201,-3.517533,TARE
4.855000,0.407495,-0.202765,-0.096042,0.000812,-0.000544,0.000704,-3.515833,TARE
4.856000,0.407495,-0.202766,-0.096041,0.000407,-0.000953,0.000779,-3.514813,TARE
4.857000,0.407490,-0.202761,-0.096046,-0.001796,0.000830,-0.001201,-3.514348,TARE
4.858000,0.407494,-0.202766,-0.096043,-0.000496,-0.000891,-0.000049,-3.514291,TARE
4.859000,0.407495,-0.202764,-0.096043,-0.000950,-0.000257,-0.000264,-3.514541,TARE
4.860000,0.407494,-0.202763,-0.096044,-0.001279,-0.000173,-0.000540,-3.515049,TARE
4.861000,0.407496,-0.202764,-0.096042,-0.000889,-0.000408,-0.000159,-3.515787,TARE
4.862000,0.407494,-0.202763,-0.096043,-0.000915,0.000080,-0.000435,-3.516727,TARE
4.863000,0.407492,-0.202764,-0.096044,-0.002326,-0.000438,-0.000828,-3.517838,TARE
4.864000,0.407490,-0.202761,-0.096047,-0.001967,0.000932,-0.001613,-3.519105,TARE
4.865000,0.407495,-0.202763,-0.096043,-0.000041,0.000543,-0.000297,-3.520553,TARE
4.866000,0.407494,-0.202766,-0.096043,-0.000175,-0.000770,-0.000085,-3.522241,TARE
4.867000,0.407493,-0.202764,-0.096043,-0.000782,0.000311,-0.000324,-3.524209,TARE
4.868000,0.407493,-0.202764,-0.096043,-0.000189,0.000828,-0.000307,-3.526434,TARE
4.869000,0.407489,-0.202766,-0.096046,-0.001706,0.000422,-0.001346,-3.528848,TARE
4.870000,0.407491,-0.202765,-0.096045,-0.000592,0.000936,-0.000476,-3.531381,TARE
4.871000,0.407491,-0.202764,-0.096045,0.000411,0.000485,-0.000092,-3.533980,TARE
4.872000,0.407492,-0.202767,-0.096043,0.001102,-0.000689,0.001058,-3.536571,TARE
4.873000,0.407492,-0.202765,-0.096044,0.001026,0.000029,0.000521,-3.539017,TARE
4.874000,0.407495,-0.202764,-0.096043,0.001623,0.000588,0.000731,-3.541113,TARE
4.875000,0.407493,-0.202767,-0.096042,0.001234,-0.000314,0.000864,-3.542636,TARE
4.876000,0.407490,-0.202766,-0.096045,-0.000055,0.000101,0.000032,-3.543401,TARE
4.877000,0.407489,-0.202765,-0.096046,-0.000421,0.000419,-0.000327,-3.543302,TARE
4.878000,0.407490,-0.202764,-0.096046,-0.001319,0.000734,-0.000948,-3.542347,TARE
4.879000,0.407494,-0.202765,-0.096043,0.000905,-0.000060,0.000443,-3.540661,TARE
4.880000,0.407492,-0.202767,-0.096044,0.000213,-0.000612,0.000270,-3.538435,TARE
4.881000,0.407490,-0.202765,-0.096046,-0.000256,0.000401,-0.000225,-3.535857,TARE
4.882000,0.407492,-0.202766,-0.096043,0.000899,0.000065,0.000861,-3.533075,TARE
4.883000,0.407495,-0.202765,-0.096043,0.001005,0.000422,0.000424,-3.530180,TARE
4.884000,0.407491,-0.202764,-0.096046,-0.000629,0.000509,-0.000820,-3.527212,TARE
4.885000,0.407495,-0.202765,-0.096043,0.000646,0.000094,0.000516,-3.524222,TARE
4.886000,0.407493,-0.202763,-0.096044,0.000489,0.000283,0.000273,-3.521296,TARE
4.887000,0.407496,-0.202763,-0.096043,0.001612,0.000501,0.000827,-3.518507,TARE
4.888000,0.407494,-0.202763,-0.096044,0.000901,0.000434,0.000398,-3.515881,TARE
4.889000,0.407494,-0.202764,-0.096044,-0.000344,-0.000042,-0.000178,-3.513404,TARE
4.890000,0.407495,-0.202766,-0.096043,0.000862,-0.000919,0.000532,-3.511065,TARE
4.891000,0.407497,-0.202765,-0.096042,0.000724,-0.000136,0.000307,-3.508877,TARE
4.892000,0.407495,-0.202764,-0.096043,-0.000465,0.000389,-0.000444,-3.506867,TARE
4.893000,0.407495,-0.202763,-0.096042,0.000078,0.000540,0.000103,-3.505068,TARE
4.894000,0.407494,-0.202763,-0.096044,0.000313,0.000527,-0.000220,-3.503519,TARE
4.895000,0.407494,-0.202762,-0.096044,-0.000069,0.000545,-0.000417,-3.502247,TARE
4.896000,0.407493,-0.202764,-0.096044,0.000328,-0.000276,-0.000126,-3.501276,TARE
4.897000,0.407495,-0.202762,-0.096044,0.000865,0.000475,0.000120,-3.500630,TARE
4.898000,0.407497,-0.202763,-0.096042,0.000742,-0.000092,0.000303,-3.500314,TARE
4.899000,0.407493,-0.202763,-0.096044,-0.000183,0.000145,-0.000402,-3.500305,TARE
4.900000,0.407493,-0.202764,-0.096044,-0.000958,-0.000097,-0.000297,-3.500560,TARE
4.901000,0.407495,-0.202765,-0.096042,0.000209,-0.000315,0.000208,-3.501049,TARE
4.902000,0.407490,-0.202764,-0.096045,-0.001851,0.000377,-0.000930,-3.501740,TARE
4.903000,0.407493,-0.202764,-0.096044,-0.000314,0.000081,-0.000388,-3.502599,TARE
4.904000,0.407493,-0.202762,-0.096044,-0.000399,0.000667,-0.000288,-3.503607,TARE
4.905000,0.407493,-0.202763,-0.096044,-0.000370,0.000116,-0.000498,-3.504761,TARE
4.906000,0.407490,-0.202761,-0.096046,-0.000918,0.000489,-0.000625,-3.506060,TARE
4.907000,0.407491,-0.202763,-0.096045,0.000558,0.000058,0.000236,-3.507509,TARE
4.908000,0.407490,-0.202762,-0.096048,-0.000042,0.000346,-0.000468,-3.509106,TARE
4.909000,0.407490,-0.202762,-0.096046,-0.000288,0.000178,-0.000237,-3.510833,TARE
4.910000,0.407491,-0.202762,-0.096046,-0.000288,0.000284,-0.000291,-3.512663,TARE
4.911000,0.407487,-0.202763,-0.096048,-0.000981,-0.000445,-0.000741,-3.514579,TARE
4.912000,0.407490,-0.202763,-0.096046,-0.000321,0.000045,-0.000313,-3.516586,TARE
4.913000,0.407491,-0.202765,-0.096045,-0.000405,-0.000712,-0.000243,-3.518712,TARE
4.914000,0.407491,-0.202765,-0.096045,-0.000389,-0.000477,0.000096,-3.520980,TARE
4.915000,0.407494,-0.202763,-0.096045,0.001057,-0.000077,0.000518,-3.523373,TARE
4.916000,0.407494,-0.202764,-0.096044,0.001009,-0.000395,0.000778,-3.525814,TARE
4.917000,0.407491,-0.202764,-0.096046,-0.000185,-0.000344,0.000113,-3.528175,TARE
4.918000,0.407488,-0.202763,-0.096047,-0.001017,0.000355,-0.000510,-3.530316,TARE
4.919000,0.407495,-0.202764,-0.096043,0.001212,0.000040,0.000962,-3.532137,TARE
4.920000,0.407487,-0.202766,-0.096047,-0.001454,-0.000613,-0.000647,-3.533580,TARE
4.921000,0.407492,-0.202765,-0.096045,0.000650,-0.000055,0.000441,-3.534613,TARE
4.922000,0.407495,-0.202765,-0.096044,0.001275,-0.000046,0.000773,-3.535235,TARE
4.923000,0.407491,-0.202764,-0.096045,0.000059,0.000420,0.000103,-3.535453,TARE
4.924000,0.407488,-0.202765,-0.096047,-0.001726,-0.000202,-0.000703,-3.535286,TARE
4.925000,0.407492,-0.202764,-0.096045,-0.000369,0.000164,-0.000236,-3.534800,TARE
4.926000,0.407492,-0.202765,-0.096044,-0.000284,-0.000375,0.000148,-3.534120,TARE
4.927000,0.407491,-0.202765,-0.096045,-0.000295,-0.000849,0.000177,-3.533381,TARE
4.928000,0.407492,-0.202764,-0.096045,-0.000065,-0.000238,0.000167,-3.532683,TARE
4.929000,0.407493,-0.202763,-0.096044,0.000228,0.000161,0.000515,-3.532082,TARE
4.930000,0.407495,-0.202764,-0.096043,0.001204,-0.000201,0.000908,-3.531590,TARE
4.931000,0.407496,-0.202761,-0.096045,0.000940,0.001073,0.000215,-3.531174,TARE
4.932000,0.407492,-0.202765,-0.096045,-0.000387,-0.000325,0.000274,-3.530769,TARE
4.933000,0.407490,-0.202764,-0.096045,-0.000798,0.000459,-0.000215,-3.530317,TARE
4.934000,0.407489,-0.202763,-0.096047,-0.001087,0.000241,-0.000504,-3.529789,TARE
4.935000,0.407493,-0.202764,-0.096044,0.000384,0.000278,0.000191,-3.529207,TARE
4.936000,0.407495,-0.202761,-0.096044,0.000453,0.001110,0.000005,-3.528641,TARE
4.937000,0.407493,-0.202764,-0.096043,-0.000084,-0.000220,0.000133,-3.528165,TARE
4.938000,0.407489,-0.202763,-0.096047,-0.002025,0.000274,-0.001343,-3.527835,TARE
4.939000,0.407493,-0.202764,-0.096044,-0.000620,0.000093,-0.000184,-3.527714,TARE
4.940000,0.407490,-0.202765,-0.096046,-0.000984,-0.000238,-0.000601,-3.527900,TARE
4.941000,0.407490,-0.202763,-0.096046,-0.000707,0.000443,-0.000648,-3.528494,TARE
4.942000,0.407490,-0.202763,-0.096046,-0.000649,0.000462,-0.000215,-3.529578,TARE
4.943000,0.407494,-0.202762,-0.096045,0.000186,0.000467,-0.000140,-3.531187,TARE
4.944000,0.407493,-0.202763,-0.096045,0.000432,-0.000113,0.000096,-3.533294,TARE
4.945000,0.407490,-0.202764,-0.096046,-0.000127,0.000031,-0.000217,-3.535820,TARE
4.946000,0.407485,-0.202763,-0.096049,-0.001237,0.000155,-0.000860,-3.538676,TARE
4.947000,0.407490,-0.202765,-0.096045,0.000282,-0.000515,0.000382,-3.541793,TARE
4.948000,0.407490,-0.202763,-0.096046,-0.000148,0.000529,-0.000166,-3.545120,TARE
4.949000,0.407490,-0.202764,-0.096046,-0.001115,0.000374,-0.000401,-3.548587,TARE
4.950000,0.407490,-0.202763,-0.096047,-0.000560,0.000707,-0.000681,-3.552112,TARE
4.951000,0.407493,-0.202763,-0.096045,-0.000267,0.000516,-0.000471,-3.555644,TARE
4.952000,0.407488,-0.202762,-0.096047,-0.002404,0.001187,-0.001587,-3.559189,TARE
4.953000,0.407492,-0.202762,-0.096045,-0.001109,0.000717,-0.000874,-3.562812,TARE
4.954000,0.407491,-0.202764,-0.096046,-0.001155,-0.000303,-0.000861,-3.566606,TARE
4.955000,0.407491,-0.202763,-0.096045,0.000131,-0.000098,-0.000154,-3.570660,TARE
4.956000,0.407491,-0.202763,-0.096045,0.000608,0.000181,0.000330,-3.575008,TARE
4.957000,0.407491,-0.202764,-0.096045,0.000827,-0.000248,0.000561,-3.579587,TARE
4.958000,0.407490,-0.202765,-0.096045,0.000122,-0.000818,0.000495,-3.584223,TARE
4.959000,0.407491,-0.202766,-0.096045,-0.000389,-0.001121,0.000005,-3.588669,TARE
4.960000,0.407491,-0.202765,-0.096045,-0.000498,-0.001123,0.000141,-3.592683,TARE
4.961000,0.407492,-0.202764,-0.096045,0.000387,-0.000592,0.000423,-3.596068,TARE
4.962000,0.407490,-0.202764,-0.096046,-0.000863,-0.000209,-0.000427,-3.598695,TARE
4.963000,0.407495,-0.202765,-0.096043,0.000895,-0.000926,0.000701,-3.600492,TARE
4.964000,0.407490,-0.202764,-0.096045,-0.001160,-0.000182,-0.000461,-3.601447,TARE
4.965000,0.407493,-0.202763,-0.096044,-0.000299,0.000282,-0.000144,-3.601597,TARE
4.966000,0.407494,-0.202763,-0.096043,0.000170,0.000383,0.000031,-3.601012,TARE
4.967000,0.407493,-0.202763,-0.096045,-0.000691,0.000383,-0.000766,-3.599799,TARE
4.968000,0.407493,-0.202762,-0.096045,-0.000006,0.000772,-0.000374,-3.598101,TARE
4.969000,0.407496,-0.202765,-0.096043,0.001066,-0.000348,0.000416,-3.596097,TARE
4.970000,0.407495,-0.202765,-0.096043,0.001042,-0.000161,0.000548,-3.593952,TARE
4.971000,0.407491,-0.202761,-0.096046,-0.000377,0.000603,-0.000517,-3.591775,TARE
4.972000,0.407492,-0.202764,-0.096045,0.000421,-0.000212,0.000303,-3.589622,TARE
4.973000,0.407488,-0.202762,-0.096048,-0.000944,0.000649,-0.000935,-3.587528,TARE
4.974000,0.407491,-0.202765,-0.096045,0.000534,-0.000235,0.000648,-3.585521,TARE
4.975000,0.407491,-0.202763,-0.096045,0.000525,0.000191,0.000323,-3.583613,TARE
4.976000,0.407494,-0.202763,-0.096044,0.000689,0.000090,0.000214,-3.581777,TARE
4.977000,0.407492,-0.202761,-0.096046,-0.000424,0.000939,-0.000449,-3.579963,TARE
4.978000,0.407490,-0.202762,-0.096046,-0.000332,0.000154,-0.000307,-3.578144,TARE
4.979000,0.407490,-0.202764,-0.096045,-0.000605,-0.000005,-0.000340,-3.576336,TARE
4.980000,0.407493,-0.202762,-0.096045,-0.000148,0.000193,-0.000432,-3.574594,TARE
4.981000,0.407491,-0.202761,-0.096046,-0.000749,0.000338,-0.000387,-3.572995,TARE
4.982000,0.407492,-0.202762,-0.096045,-0.000383,-0.000076,0.000067,-3.571601,TARE
4.983000,0.407493,-0.202761,-0.096044,0.000873,0.000288,0.000546,-3.570430,TARE
4.984000,0.407490,-0.202763,-0.096046,-0.000295,-0.000263,-0.000068,-3.569433,TARE
4.985000,0.407488,-0.202762,-0.096047,-0.000817,-0.000009,-0.000187,-3.568529,TARE
4.986000,0.407487,-0.202761,-0.096049,-0.001217,0.000516,-0.000615,-3.567646,TARE
4.987000,0.407491,-0.202763,-0.096045,0.001092,-0.000162,0.000792,-3.566746,TARE
4.988000,0.407493,-0.202762,-0.096044,0.001600,0.000099,0.001056,-3.565791,TARE
4.989000,0.407493,-0.202761,-0.096044,0.001624,0.000425,0.000888,-3.564704,TARE
4.990000,0.407492,-0.202760,-0.096046,0.001689,0.000746,0.000614,-3.563367,TARE
4.991000,0.407488,-0.202764,-0.096047,0.000073,-0.000557,-0.000108,-3.561674,TARE
4.992000,0.407486,-0.202760,-0.096048,-0.000508,0.000618,-0.000466,-3.559598,TARE
4.993000,0.407487,-0.202764,-0.096046,0.000530,-0.000561,0.000554,-3.557218,TARE
4.994000,0.407490,-0.202763,-0.096045,0.001489,-0.000232,0.000826,-3.554657,TARE
4.995000,0.407489,-0.202762,-0.096046,-0.000282,-0.000087,0.000163,-3.552011,TARE
4.996000,0.407491,-0.202762,-0.096045,0.000434,0.000138,0.000319,-3.549329,TARE
4.997000,0.407492,-0.202764,-0.096044,0.000093,-0.000293,0.000120,-3.546647,TARE
4.998000,0.407491,-0.202763,-0.096045,-0.000432,-0.000079,-0.000277,-3.544016,TARE
4.999000,0.407485,-0.202764,-0.096047,-0.002364,-0.000138,-0.001027,-3.541519,TARE
5.000000,0.407490,-0.202765,-0.096044,0.000052,-0.000706,0.000518,-3.539277,TARE
5.001000,0.407490,-0.202764,-0.096045,-0.000593,-0.000383,0.000017,-3.537410,TARE
5.002000,0.407489,-0.202765,-0.096045,-0.000099,-0.000359,0.000241,-3.535993,TARE
5.003000,0.407482,-0.202762,-0.096050,-0.002461,0.000621,-0.001264,-3.535048,TARE
5.004000,0.407484,-0.202761,-0.096048,-0.001612,0.000498,-0.000616,-3.534589,TARE
5.005000,0.407491,-0.202763,-0.096046,0.000046,-0.000147,-0.000084,-3.534644,TARE
5.006000,0.407491,-0.202763,-0.096044,0.000751,-0.000088,0.000751,-3.535231,TARE
5.007000,0.407489,-0.202764,-0.096045,0.000494,-0.000364,0.000496,-3.536307,TARE
5.008000,0.407489,-0.202764,-0.096045,0.000135,-0.000595,0.000541,-3.537746,TARE
5.009000,0.407490,-0.202764,-0.096045,-0.000453,-0.000556,-0.000136,-3.539368,TARE
5.010000,0.407489,-0.202764,-0.096047,-0.000655,0.000120,-0.000498,-3.541021,TARE
5.011000,0.407490,-0.202761,-0.096045,-0.000445,0.000716,-0.000077,-3.542638,TARE
5.012000,0.407488,-0.202763,-0.096047,-0.001071,0.000312,-0.000737,-3.544229,TARE
5.013000,0.407491,-0.202766,-0.096043,0.000045,-0.000329,0.000227,-3.545835,TARE
5.014000,0.407483,-0.202764,-0.096048,-0.002421,0.000132,-0.001218,-3.547498,TARE
5.015000,0.407491,-0.202765,-0.096044,0.000370,-0.000826,0.000557,-3.549254,TARE
5.016000,0.407489,-0.202762,-0.096046,-0.000865,0.000377,-0.000594,-3.551118,TARE
5.017000,0.407487,-0.202765,-0.096047,-0.000706,-0.000238,-0.000460,-3.553081,TARE
5.018000,0.407489,-0.202762,-0.096046,0.000565,0.001143,-0.000039,-3.555120,TARE
5.019000,0.407489,-0.202762,-0.096046,0.000073,0.000993,-0.000403,-3.557216,TARE
5.020000,0.407488,-0.202764,-0.096046,-0.000218,0.000123,-0.000014,-3.559336,TARE
5.021000,0.407487,-0.202765,-0.096045,-0.000614,-0.000510,0.000248,-3.561433,TARE
5.022000,0.407484,-0.202764,-0.096047,-0.001046,-0.000075,-0.000330,-3.563432,TARE
5.023000,0.407489,-0.202764,-0.096044,0.000501,-0.000295,0.000741,-3.565233,TARE
5.024000,0.407483,-0.202764,-0.096049,-0.002125,-0.000055,-0.000959,-3.566736,TARE
5.025000,0.407488,-0.202763,-0.096047,-0.000127,0.000162,0.000035,-3.567875,TARE
5.026000,0.407485,-0.202764,-0.096048,-0.000866,0.000144,-0.000444,-3.568643,TARE
5.027000,0.407486,-0.202765,-0.096047,-0.000473,-0.000017,-0.000006,-3.569080,TARE
5.028000,0.407488,-0.202762,-0.096048,0.000121,0.001216,-0.000594,-3.569237,TARE
5.029000,0.407489,-0.202763,-0.096046,0.001309,0.000726,0.000599,-3.569152,TARE
5.030000,0.407483,-0.202764,-0.096049,-0.000030,0.000510,-0.000138,-3.568847,TARE
5.031000,0.407489,-0.202763,-0.096046,0.001970,0.001231,0.000674,-3.568318,TARE
5.032000,0.407483,-0.202764,-0.096049,0.000026,0.000513,-0.000019,-3.567536,TARE
5.033000,0.407484,-0.202763,-0.096049,0.000141,0.000699,-0.000050,-3.566474,TARE
5.034000,0.407485,-0.202765,-0.096048,-0.000191,-0.000171,0.000139,-3.565121,TARE
5.035000,0.407484,-0.202763,-0.096049,-0.000484,0.000398,-0.000343,-3.563506,TARE
5.036000,0.407489,-0.202764,-0.096045,0.001502,-0.000186,0.001144,-3.561677,TARE
5.037000,0.407489,-0.202761,-0.096047,0.001060,0.000773,0.000163,-3.559673,TARE
5.038000,0.407483,-0.202763,-0.096050,-0.000606,-0.000044,-0.000429,-3.557521,TARE
5.039000,0.407489,-0.202762,-0.096046,0.000836,0.000190,0.000488,-3.555269,TARE
5.040000,0.407486,-0.202764,-0.096047,-0.000593,-0.000826,0.000023,-3.553004,TARE
5.041000,0.407491,-0.202763,-0.096045,0.001012,-0.000430,0.000715,-3.550813,TARE
5.042000,0.407487,-0.202763,-0.096046,-0.000211,-0.000442,0.000208,-3.548757,TARE
5.043000,0.407488,-0.202762,-0.096046,0.000167,-0.000011,0.000274,-3.546871,TARE
5.044000,0.407494,-0.202763,-0.096043,0.001812,-0.000385,0.001518,-3.545159,TARE
5.045000,0.407490,-0.202762,-0.096045,0.000023,0.000101,0.000325,-3.543580,TARE
5.046000,0.407489,-0.202760,-0.096047,-0.000382,0.000466,-0.000391,-3.542057,TARE
5.047000,0.407487,-0.202765,-0.096047,-0.001294,-0.001160,-0.000384,-3.540542,TARE
5.048000,0.407489,-0.202761,-0.096046,-0.000145,0.000279,-0.000111,-3.539065,TARE
5.049000,0.407490,-0.202762,-0.096045,0.000003,-0.000002,0.000476,-3.537712,TARE
5.050000,0.407488,-0.202761,-0.096046,-0.001059,0.000091,-0.000023,-3.536558,TARE
5.051000,0.407491,-0.202762,-0.096045,-0.000007,-0.000034,0.000186,-3.535620,TARE
5.052000,0.407486,-0.202762,-0.096048,-0.001377,-0.000074,-0.000523,-3.534886,TARE
5.053000,0.407490,-0.202760,-0.096045,-0.000113,0.000805,0.000004,-3.534352,TARE
5.054000,0.407487,-0.202763,-0.096047,-0.001684,-0.000543,-0.000631,-3.534042,TARE
5.055000,0.407489,-0.202764,-0.096045,-0.000185,-0.000444,0.000196,-3.533989,TARE
5.056000,0.407486,-0.202763,-0.096048,-0.001513,-0.000616,-0.000814,-3.534224,TARE
5.057000,0.407491,-0.202761,-0.096045,0.000091,0.000277,0.000023,-3.534781,TARE
5.058000,0.407488,-0.202761,-0.096047,-0.000554,-0.000012,-0.000329,-3.535695,TARE
5.059000,0.407489,-0.202760,-0.096047,-0.000508,0.000378,-0.000436,-3.536994,TARE
5.060000,0.407489,-0.202760,-0.096046,-0.000280,0.000133,-0.000022,-3.538691,TARE
5.061000,0.407489,-0.202759,-0.096047,0.000321,0.001035,-0.000253,-3.540774,TARE
5.062000,0.407487,-0.202762,-0.096047,-0.000563,-0.000397,-0.000418,-3.543206,TARE
5.063000,0.407488,-0.202760,-0.096047,-0.000287,0.000323,-0.000496,-3.545946,TARE
5.064000,0.407489,-0.202764,-0.096045,0.000106,-0.000789,-0.000020,-3.548969,TARE
5.065000,0.407487,-0.202762,-0.096047,-0.001061,-0.000241,-0.000715,-3.552264,TARE
5.066000,0.407482,-0.202762,-0.096050,-0.002251,-0.000399,-0.001102,-3.555824,TARE
5.067000,0.407487,-0.202763,-0.096047,-0.000028,-0.000765,0.000158,-3.559639,TARE
5.068000,0.407487,-0.202762,-0.096048,0.000086,-0.000303,0.000044,-3.563676,TARE
5.069000,0.407489,-0.202762,-0.096046,0.000565,-0.000071,0.000466,-3.567843,TARE
5.070000,0.407487,-0.202762,-0.096046,0.000240,-0.000373,0.000464,-3.571976,TARE
5.071000,0.407486,-0.202764,-0.096047,-0.000067,-0.000586,0.000151,-3.575871,TARE
5.072000,0.407488,-0.202763,-0.096046,0.000396,-0.000068,0.000080,-3.579327,TARE
5.073000,0.407490,-0.202765,-0.096045,0.001139,-0.001056,0.001049,-3.582195,TARE
5.074000,0.407488,-0.202762,-0.096046,0.000746,-0.000182,0.000760,-3.584382,TARE
5.075000,0.407487,-0.202762,-0.096047,0.000547,-0.000029,0.000246,-3.585811,TARE
5.076000,0.407485,-0.202762,-0.096047,-0.000294,-0.000269,0.000124,-3.586432,TARE
5.077000,0.407488,-0.202763,-0.096045,0.000173,0.000011,0.000225,-3.586238,TARE
5.078000,0.407485,-0.202764,-0.096048,-0.000604,-0.000543,-0.000377,-3.585283,TARE
5.079000,0.407489,-0.202763,-0.096046,0.000646,-0.000011,0.000073,-3.583672,TARE
5.080000,0.407487,-0.202760,-0.096048,0.000377,0.001120,-0.000214,-3.581556,TARE
5.081000,0.407493,-0.202761,-0.096044,0.002330,0.000790,0.000975,-3.579096,TARE
5.082000,0.407492,-0.202764,-0.096043,0.002066,-0.000402,0.001276,-3.576394,TARE
5.083000,0.407491,-0.202763,-0.096045,0.001827,0.000154,0.000889,-3.573455,TARE
5.084000,0.407491,-0.202765,-0.096044,0.001225,-0.000818,0.000971,-3.570207,TARE
5.085000,0.407490,-0.202762,-0.096045,0.000806,0.000461,0.000374,-3.566564,TARE
5.086000,0.407490,-0.202763,-0.096045,0.000835,0.000013,0.000333,-3.562477,TARE
5.087000,0.407489,-0.202763,-0.096045,0.000267,-0.000168,0.000198,-3.557968,TARE
5.088000,0.407493,-0.202762,-0.096044,0.002361,-0.000032,0.001290,-3.553121,TARE
5.089000,0.407490,-0.202761,-0.096046,-0.000012,0.000292,-0.000045,-3.548046,TARE
5.090000,0.407487,-0.202763,-0.096047,-0.000836,-0.000712,-0.000352,-3.542855,TARE
5.091000,0.407491,-0.202761,-0.096044,0.000232,0.000067,0.000310,-3.537677,TARE
5.092000,0.407490,-0.202760,-0.096046,-0.000409,0.000197,-0.000346,-3.532659,TARE
5.093000,0.407491,-0.202762,-0.096045,-0.000096,0.000152,-0.000181,-3.527940,TARE
5.094000,0.407492,-0.202762,-0.096043,0.000689,0.000039,0.000759,-3.523636,TARE
5.095000,0.407495,-0.202764,-0.096043,0.001339,-0.000504,0.000750,-3.519816,TARE
5.096000,0.407489,-0.202761,-0.096046,0.000167,0.000563,-0.000045,-3.516470,TARE
5.097000,0.407488,-0.202762,-0.096045,0.000107,0.000688,0.000180,-3.513543,TARE
5.098000,0.407488,-0.202763,-0.096046,0.000082,-0.000212,0.000057,-3.510978,TARE
5.099000,0.407489,-0.202762,-0.096045,0.000882,0.000331,0.000523,-3.508732,TARE
5.100000,0.407487,-0.202762,-0.096048,0.000734,0.000037,-0.000183,-3.506775,TARE
5.101000,0.407488,-0.202762,-0.096046,0.001409,0.000273,0.000792,-3.505093,TARE
5.102000,0.407484,-0.202764,-0.096048,-0.000825,-0.000476,-0.000272,-3.503677,TARE
5.103000,0.407482,-0.202761,-0.096050,-0.001262,0.000538,-0.000936,-3.502528,TARE
5.104000,0.407484,-0.202761,-0.096048,-0.000788,0.000117,-0.000490,-3.501673,TARE
5.105000,0.407482,-0.202759,-0.096050,-0.001655,0.000953,-0.001272,-3.501194,TARE
5.106000,0.407486,-0.202760,-0.096048,-0.000213,0.000204,-0.000163,-3.501213,TARE
5.107000,0.407484,-0.202761,-0.096049,-0.000979,0.000047,-0.000699,-3.501843,TARE
5.108000,0.407479,-0.202761,-0.096051,-0.002420,0.000166,-0.001428,-3.503171,TARE
5.109000,0.407479,-0.202760,-0.096052,-0.001652,0.000214,-0.001158,-3.505261,TARE
5.110000,0.407484,-0.202761,-0.096048,0.000091,0.000067,0.000135,-3.508173,TARE
5.111000,0.407481,-0.202762,-0.096050,-0.000613,0.000134,-0.000379,-3.511922,TARE
5.112000,0.407479,-0.202760,-0.096051,-0.000709,0.000922,-0.000428,-3.516436,TARE
5.113000,0.407482,-0.202760,-0.096049,-0.000048,0.000535,-0.000352,-3.521572,TARE
5.114000,0.407482,-0.202766,-0.096048,-0.001302,-0.001245,-0.000528,-3.527166,TARE
5.115000,0.407482,-0.202763,-0.096050,-0.000679,-0.000181,-0.000469,-3.533076,TARE
5.116000,0.407481,-0.202761,-0.096050,-0.001280,0.000321,-0.000652,-3.539202,TARE
5.117000,0.407482,-0.202760,-0.096050,-0.000991,0.000491,-0.000780,-3.545460,TARE
5.118000,0.407480,-0.202761,-0.096050,-0.000977,-0.000353,-0.000385,-3.551768,TARE
5.119000,0.407480,-0.202763,-0.096050,0.000132,-0.000841,0.000227,-3.558041,TARE
5.120000,0.407478,-0.202761,-0.096051,-0.000648,-0.000092,-0.000182,-3.564178,TARE
5.121000,0.407483,-0.202762,-0.096049,0.000303,-0.000219,0.000023,-3.570058,TARE
5.122000,0.407484,-0.202763,-0.096049,0.001016,-0.000546,0.000388,-3.575568,TARE
5.123000,0.407483,-0.202764,-0.096049,0.000741,-0.000661,0.000349,-3.580618,TARE
5.124000,0.407483,-0.202760,-0.096050,-0.000285,0.000672,-0.000465,-3.585143,TARE
5.125000,0.407483,-0.202763,-0.096047,0.000280,-0.000194,0.000598,-3.589103,TARE
5.126000,0.407486,-0.202761,-0.096047,0.000932,0.000432,0.000496,-3.592463,TARE
5.127000,0.407481,-0.202759,-0.096050,-0.001289,0.000854,-0.000494,-3.595165,TARE
5.128000,0.407487,-0.202762,-0.096048,0.000656,0.000068,0.000308,-3.597147,TARE
5.129000,0.407486,-0.202760,-0.096049,0.000261,0.000767,-0.000012,-3.598380,TARE
5.130000,0.407484,-0.202761,-0.096049,0.000033,0.000348,0.000043,-3.598883,TARE
5.131000,0.407488,-0.202761,-0.096046,0.002420,0.000422,0.001272,-3.598695,TARE
5.132000,0.407483,-0.202759,-0.096049,0.000358,0.000759,0.000007,-3.597845,TARE
5.133000,0.407486,-0.202757,-0.096048,0.000636,0.001084,0.000271,-3.596353,TARE
5.134000,0.407487,-0.202761,-0.096046,0.001676,-0.000228,0.001090,-3.594251,TARE
5.135000,0.407486,-0.202759,-0.096047,0.000741,0.001138,0.000077,-3.591584,TARE
5.136000,0.407485,-0.202761,-0.096047,0.000089,0.000699,-0.000194,-3.588415,TARE
5.137000,0.407486,-0.202760,-0.096047,0.000589,0.001095,-0.000179,-3.584839,TARE
5.138000,0.407488,-0.202760,-0.096046,0.001038,0.001110,0.000149,-3.580992,TARE
5.139000,0.407490,-0.202760,-0.096046,0.001643,0.000639,0.000438,-3.577019,TARE
5.140000,0.407482,-0.202761,-0.096049,-0.000958,0.000529,-0.000688,-3.573040,TARE
5.141000,0.407484,-0.202760,-0.096049,0.000192,0.000489,-0.000168,-3.569162,TARE
5.142000,0.407483,-0.202761,-0.096048,0.000618,-0.000209,0.000529,-3.565495,TARE
5.143000,0.407483,-0.202763,-0.096048,0.000643,-0.000846,0.000621,-3.562126,TARE
5.144000,0.407486,-0.202760,-0.096048,0.001026,0.000018,0.000544,-3.559076,TARE
5.145000,0.407485,-0.202761,-0.096048,0.000178,-0.000573,0.000245,-3.556311,TARE
5.146000,0.407483,-0.202760,-0.096049,-0.000049,-0.000424,-0.000156,-3.553786,TARE
5.147000,0.407484,-0.202761,-0.096049,0.000298,-0.000722,-0.000038,-3.551486,TARE
5.148000,0.407480,-0.202760,-0.096051,-0.001278,-0.000725,-0.000612,-3.549445,TARE
5.149000,0.407480,-0.202760,-0.096051,-0.000372,-0.000345,-0.000064,-3.547734,TARE
5.150000,0.407477,-0.202763,-0.096051,-0.000946,-0.000836,-0.000144,-3.546419,TARE
5.151000,0.407482,-0.202762,-0.096048,0.000516,-0.000356,0.000539,-3.545531,TARE
5.152000,0.407478,-0.202762,-0.096051,-0.000490,-0.000011,-0.000222,-3.545048,TARE
5.153000,0.407482,-0.202757,-0.096051,0.000372,0.001259,-0.000155,-3.544907,TARE
5.154000,0.407479,-0.202758,-0.096052,-0.000925,0.000850,-0.000754,-3.545043,TARE
5.155000,0.407482,-0.202760,-0.096049,0.000116,0.000446,0.000177,-3.545413,TARE
5.156000,0.407480,-0.202759,-0.096050,-0.000826,0.000579,-0.000241,-3.545995,TARE
5.157000,0.407482,-0.202758,-0.096050,-0.000155,0.000687,0.000190,-3.546750,TARE
5.158000,0.407479,-0.202760,-0.096050,-0.001296,0.000130,-0.000146,-3.547606,TARE
5.159000,0.407484,-0.202762,-0.096048,0.000267,-0.000402,0.000476,-3.548458,TARE
5.160000,0.407482,-0.202760,-0.096049,0.000067,0.000328,0.000008,-3.549178,TARE
5.161000,0.407484,-0.202759,-0.096049,0.000394,0.000583,0.000149,-3.549648,TARE
5.162000,0.407482,-0.202761,-0.096049,0.000096,0.000238,0.000136,-3.549787,TARE
5.163000,0.407479,-0.202760,-0.096050,-0.000330,0.000474,-0.000160,-3.549566,TARE
5.164000,0.407484,-0.202761,-0.096048,0.000715,-0.000159,0.000733,-3.548993,TARE
5.165000,0.407486,-0.202760,-0.096047,0.000812,0.000592,0.000306,-3.548086,TARE
5.166000,0.407486,-0.202758,-0.096047,0.000885,0.000783,0.000244,-3.546849,TARE
5.167000,0.407486,-0.202760,-0.096047,0.001089,0.000268,0.000320,-3.545283,TARE
5.168000,0.407486,-0.202760,-0.096048,0.000281,0.000286,-0.000090,-3.543403,TARE
5.169000,0.407488,-0.202759,-0.096046,0.001131,0.001300,0.000335,-3.541245,TARE
5.170000,0.407482,-0.202759,-0.096049,-0.000219,0.000504,-0.000487,-3.538863,TARE
5.171000,0.407491,-0.202759,-0.096044,0.002521,0.000385,0.001310,-3.536314,TARE
5.172000,0.407488,-0.202756,-0.096047,0.001136,0.001182,0.000218,-3.533646,TARE
5.173000,0.407489,-0.202763,-0.096044,0.001397,-0.001435,0.001257,-3.530876,TARE
5.174000,0.407484,-0.202758,-0.096049,-0.000321,0.000535,-0.000766,-3.528002,TARE
5.175000,0.407488,-0.202761,-0.096046,0.000601,-0.000474,0.000372,-3.525060,TARE
5.176000,0.407485,-0.202761,-0.096048,-0.000532,0.000073,-0.000574,-3.522139,TARE
5.177000,0.407487,-0.202760,-0.096047,-0.000133,0.000377,-0.000308,-3.519369,TARE
5.178000,0.407486,-0.202762,-0.096046,-0.000159,-0.000591,-0.000029,-3.516893,TARE
5.179000,0.407489,-0.202761,-0.096045,0.000233,-0.000275,0.000382,-3.514839,TARE
5.180000,0.407478,-0.202761,-0.096052,-0.003110,-0.000077,-0.001797,-3.513289,TARE
5.181000,0.407485,-0.202762,-0.096047,-0.000199,-0.000683,0.000253,-3.512298,TARE
5.182000,0.407484,-0.202761,-0.096049,-0.000583,0.000068,-0.000568,-3.511917,TARE
5.183000,0.407482,-0.202763,-0.096048,-0.001265,-0.000536,-0.000377,-3.512175,TARE
5.184000,0.407480,-0.202763,-0.096050,-0.001988,-0.000582,-0.000747,-3.513071,TARE
5.185000,0.407480,-0.202765,-0.096049,-0.001156,-0.000765,-0.000128,-3.514586,TARE
5.186000,0.407486,-0.202762,-0.096047,0.000593,0.000392,0.000296,-3.516672,TARE
5.187000,0.407480,-0.202763,-0.096051,-0.000233,-0.000200,-0.000373,-3.519231,TARE
5.188000,0.407481,-0.202762,-0.096049,0.000724,-0.000244,0.000617,-3.522129,TARE
5.189000,0.407482,-0.202763,-0.096049,0.000944,-0.000839,0.001039,-3.525208,TARE
5.190000,0.407479,-0.202764,-0.096050,-0.000546,-0.001260,0.000177,-3.528270,TARE
5.191000,0.407475,-0.202762,-0.096051,-0.002040,-0.000312,-0.000233,-3.531105,TARE
5.192000,0.407482,-0.202764,-0.096049,0.000450,-0.000905,0.000606,-3.533550,TARE
5.193000,0.407475,-0.202764,-0.096052,-0.001480,-0.001134,-0.000140,-3.535517,TARE
5.194000,0.407476,-0.202765,-0.096051,-0.000820,-0.001656,0.000322,-3.536983,TARE
5.195000,0.407477,-0.202763,-0.096051,-0.001075,-0.000787,0.000022,-3.537972,TARE
5.196000,0.407480,-0.202762,-0.096051,0.000219,-0.000236,0.000276,-3.538528,TARE
5.197000,0.407482,-0.202762,-0.096048,0.001040,-0.000355,0.001044,-3.538694,TARE
5.198000,0.407479,-0.202763,-0.096050,-0.000338,-0.000240,0.000214,-3.538487,TARE
5.199000,0.407478,-0.202761,-0.096051,-0.000955,0.000312,-0.000646,-3.537907,TARE
5.200000,0.407479,-0.202764,-0.096050,-0.000297,-0.000543,0.000179,-3.536986,TARE
5.201000,0.407478,-0.202762,-0.096051,-0.000589,0.000563,-0.000174,-3.535804,TARE
5.202000,0.407474,-0.202763,-0.096053,-0.001724,-0.000381,-0.000837,-3.534467,TARE
5.203000,0.407481,-0.202763,-0.096048,0.001112,-0.000399,0.000994,-3.533087,TARE
5.204000,0.407479,-0.202764,-0.096050,0.000370,-0.000780,0.000083,-3.531756,TARE
5.205000,0.407483,-0.202762,-0.096047,0.001556,0.000555,0.000864,-3.530519,TARE
5.206000,0.407481,-0.202762,-0.096050,0.000055,0.000012,-0.000239,-3.529375,TARE
5.207000,0.407485,-0.202762,-0.096047,0.001510,-0.000517,0.001033,-3.528313,TARE
5.208000,0.407480,-0.202761,-0.096050,-0.000193,-0.000531,-0.000018,-3.527323,TARE
5.209000,0.407483,-0.202762,-0.096047,0.000907,-0.000452,0.000556,-3.526388,TARE
5.210000,0.407478,-0.202761,-0.096051,-0.000847,0.000095,-0.000353,-3.525492,TARE
5.211000,0.407485,-0.202760,-0.096047,0.001271,0.000296,0.000591,-3.524627,TARE
5.212000,0.407481,-0.202761,-0.096050,-0.000952,-0.000106,-0.000815,-3.523802,TARE
5.213000,0.407485,-0.202761,-0.096047,0.000492,0.000529,-0.000045,-3.523063,TARE
5.214000,0.407483,-0.202760,-0.096049,-0.000758,0.000431,-0.000754,-3.522506,TARE
5.215000,0.407483,-0.202761,-0.096049,-0.001129,0.000537,-0.000845,-3.522255,TARE
5.216000,0.407487,-0.202760,-0.096047,0.000534,0.000602,-0.000020,-3.522431,TARE
5.217000,0.407481,-0.202762,-0.096051,-0.001202,-0.000419,-0.001010,-3.523128,TARE
5.218000,0.407484,-0.202758,-0.096049,0.000105,0.000813,-0.000251,-3.524398,TARE
5.219000,0.407483,-0.202758,-0.096050,-0.000649,0.000471,-0.000494,-3.526258,TARE
5.220000,0.407479,-0.202759,-0.096052,-0.000901,0.000620,-0.001062,-3.528683,TARE
5.221000,0.407482,-0.202759,-0.096050,-0.000144,0.000338,-0.000165,-3.531618,TARE
5.222000,0.407483,-0.202760,-0.096049,0.000863,0.000044,0.000475,-3.534990,TARE
5.223000,0.407480,-0.202760,-0.096049,-0.000559,-0.000395,0.000120,-3.538669,TARE
5.224000,0.407482,-0.202761,-0.096048,0.000123,-0.000115,0.000361,-3.542468,TARE
5.225000,0.407480,-0.202760,-0.096050,-0.000499,-0.000164,-0.000089,-3.546179,TARE
5.226000,0.407482,-0.202762,-0.096048,0.000504,-0.000983,0.000866,-3.549612,TARE
5.227000,0.407479,-0.202757,-0.096052,-0.000483,0.000654,-0.000371,-3.552614,TARE
5.228000,0.407481,-0.202760,-0.096050,0.000110,-0.000209,0.000033,-3.555089,TARE
5.229000,0.407481,-0.202759,-0.096050,0.000333,-0.000007,0.000525,-3.557010,TARE
5.230000,0.407482,-0.202762,-0.096048,0.000507,-0.001034,0.000826,-3.558391,TARE
5.231000,0.407477,-0.202762,-0.096051,-0.000785,-0.000163,-0.000141,-3.559245,TARE
5.232000,0.407481,-0.202762,-0.096048,0.000688,0.000109,0.000719,-3.559567,TARE
5.233000,0.407479,-0.202762,-0.096051,0.000635,-0.000412,0.000267,-3.559358,TARE
5.234000,0.407481,-0.202759,-0.096050,0.000792,0.000779,0.000447,-3.558633,TARE
5.235000,0.407482,-0.202761,-0.096049,0.001311,-0.000081,0.000454,-3.557423,TARE
5.236000,0.407481,-0.202761,-0.096050,0.000381,0.000015,0.000045,-3.555781,TARE
5.237000,0.407478,-0.202760,-0.096052,0.000193,0.000098,-0.000324,-3.553790,TARE
5.238000,0.407480,-0.202761,-0.096050,0.000531,0.000036,0.000302,-3.551582,TARE
5.239000,0.407478,-0.202763,-0.096050,0.000614,-0.000771,0.000487,-3.549315,TARE
5.240000,0.407481,-0.202760,-0.096050,0.000922,0.000681,0.000335,-3.547119,TARE
5.241000,0.407479,-0.202760,-0.096051,0.000429,0.000293,0.000005,-3.545071,TARE
5.242000,0.407479,-0.202762,-0.096050,0.000512,-0.000441,0.000490,-3.543211,TARE
5.243000,0.407484,-0.202762,-0.096047,0.001647,-0.000380,0.001190,-3.541547,TARE
5.244000,0.407483,-0.202761,-0.096048,0.000824,-0.000219,0.000573,-3.540032,TARE
5.245000,0.407481,-0.202761,-0.096049,0.000011,0.000094,-0.000015,-3.538576,TARE
5.246000,0.407485,-0.202762,-0.096047,0.001433,-0.000108,0.000856,-3.537093,TARE
5.247000,0.407479,-0.202762,-0.096050,-0.000760,-0.000059,-0.000365,-3.535544,TARE
5.248000,0.407486,-0.202763,-0.096046,0.001872,-0.000439,0.001186,-3.533925,TARE
5.249000,0.407483,-0.202762,-0.096048,0.001638,-0.000178,0.000682,-3.532248,TARE
5.250000,0.407486,-0.202760,-0.096047,0.002227,0.000053,0.001273,-3.530502,TARE
5.251000,0.407484,-0.202760,-0.096048,0.000802,0.000160,0.000313,-3.528646,TARE
5.252000,0.407485,-0.202762,-0.096046,0.000690,-0.000572,0.000715,-3.526641,TARE
5.253000,0.407486,-0.202763,-0.096046,0.000489,-0.000614,0.000569,-3.524469,TARE
5.254000,0.407485,-0.202761,-0.096047,-0.000078,-0.000039,-0.000061,-3.522144,TARE
5.255000,0.407485,-0.202759,-0.096047,0.000649,0.000571,0.000505,-3.519712,TARE
5.256000,0.407485,-0.202761,-0.096047,0.001297,-0.000267,0.000976,-3.517236,TARE
5.257000,0.407486,-0.202759,-0.096047,0.000773,0.000049,0.000543,-3.514764,TARE
5.258000,0.407482,-0.202758,-0.096049,-0.000248,0.000828,-0.000231,-3.512316,TARE
5.259000,0.407485,-0.202761,-0.096046,0.000085,-0.000037,0.000243,-3.509911,TARE
5.260000,0.407482,-0.202761,-0.096049,-0.001279,-0.000179,-0.000834,-3.507599,TARE
5.261000,0.407485,-0.202760,-0.096047,-0.000009,0.000211,0.000042,-3.505478,TARE
5.262000,0.407485,-0.202760,-0.096047,-0.000068,0.000203,-0.000080,-3.503668,TARE
5.263000,0.407479,-0.202761,-0.096051,-0.001504,-0.000035,-0.000995,-3.502282,TARE
5.264000,0.407483,-0.202761,-0.096048,0.000173,0.000180,-0.000054,-3.501404,TARE
5.265000,0.407481,-0.202760,-0.096050,-0.000421,0.000234,-0.000248,-3.501092,TARE
5.266000,0.407479,-0.202759,-0.096051,-0.000475,0.000697,-0.000510,-3.501368,TARE
5.267000,0.407483,-0.202758,-0.096049,0.001006,0.000586,0.000375,-3.502206,TARE
5.268000,0.407479,-0.202759,-0.096051,-0.001222,-0.000124,-0.000788,-3.503550,TARE
5.269000,0.407482,-0.202762,-0.096049,-0.000110,-0.000764,0.000034,-3.505337,TARE
5.270000,0.407479,-0.202760,-0.096051,-0.001029,-0.000030,-0.000444,-3.507513,TARE
5.271000,0.407479,-0.202759,-0.096051,-0.000269,0.000431,-0.000154,-3.510033,TARE
5.272000,0.407477,-0.202761,-0.096051,-0.001237,-0.000390,-0.000371,-3.512839,TARE
5.273000,0.407482,-0.202762,-0.096049,0.000864,-0.000112,0.000469,-3.515866,TARE
5.274000,0.407479,-0.202761,-0.096051,-0.000989,0.000192,-0.000808,-3.519050,TARE
5.275000,0.407481,-0.202759,-0.096049,0.000741,0.000335,0.000505,-3.522343,TARE
5.276000,0.407475,-0.202760,-0.096052,-0.001205,-0.000069,-0.000483,-3.525700,TARE
5.277000,0.407479,-0.202761,-0.096049,0.000411,-0.000163,0.000462,-3.529065,TARE
5.278000,0.407480,-0.202761,-0.096049,0.000679,-0.000475,0.000475,-3.532357,TARE
5.279000,0.407479,-0.202761,-0.096050,0.000800,-0.000134,0.000261,-3.535481,TARE
5.280000,0.407480,-0.202759,-0.096050,0.001142,0.000063,0.000694,-3.538346,TARE
5.281000,0.407481,-0.202762,-0.096050,0.001450,-0.001112,0.000840,-3.540874,TARE
5.282000,0.407476,-0.202761,-0.096051,-0.000392,-0.000451,0.000185,-3.542999,TARE
5.283000,0.407476,-0.202760,-0.096052,-0.000626,-0.000119,-0.000417,-3.544672,TARE
5.284000,0.407473,-0.202759,-0.096053,-0.001587,0.000835,-0.001008,-3.545903,TARE
5.285000,0.407481,-0.202761,-0.096050,0.000559,-0.000112,0.000324,-3.546772,TARE
5.286000,0.407478,-0.202759,-0.096052,-0.000075,0.000744,-0.000255,-3.547395,TARE
5.287000,0.407480,-0.202761,-0.096050,-0.000154,-0.000243,0.000087,-3.547867,TARE
5.288000,0.407478,-0.202758,-0.096052,-0.000509,0.001090,-0.000441,-3.548248,TARE
5.289000,0.407479,-0.202764,-0.096050,-0.000756,-0.001117,-0.000047,-3.548577,TARE
5.290000,0.407479,-0.202759,-0.096051,-0.000366,0.001190,-0.000651,-3.548888,TARE
5.291000,0.407483,-0.202761,-0.096048,0.000534,0.000082,0.000236,-3.549220,TARE
5.292000,0.407479,-0.202757,-0.096052,-0.000709,0.001242,-0.001044,-3.549611,TARE
5.293000,0.407479,-0.202761,-0.096050,0.000129,-0.000304,0.000216,-3.550102,TARE
5.294000,0.407484,-0.202760,-0.096048,0.001223,-0.000249,0.000912,-3.550724,TARE
5.295000,0.407478,-0.202761,-0.096051,-0.000807,-0.000573,-0.000359,-3.551458,TARE
5.296000,0.407475,-0.202758,-0.096054,-0.001452,0.000551,-0.001020,-3.552242,TARE
5.297000,0.407481,-0.202758,-0.096049,0.000377,0.001031,0.000188,-3.553033,TARE
5.298000,0.407484,-0.202759,-0.096048,0.001367,0.001013,0.000154,-3.553819,TARE
5.299000,0.407480,-0.202762,-0.096050,0.000269,-0.000199,0.000093,-3.554574,TARE
5.300000,0.407479,-0.202762,-0.096050,-0.000319,-0.000042,-0.000375,-3.555261,TARE
5.301000,0.407478,-0.202763,-0.096050,-0.000872,-0.000461,-0.000272,-3.555855,TARE
5.302000,0.407482,-0.202758,-0.096049,0.000333,0.001568,-0.000174,-3.556350,TARE
5.303000,0.407478,-0.202757,-0.096052,-0.000830,0.001412,-0.000974,-3.556752,TARE
5.304000,0.407480,-0.202759,-0.096051,-0.000281,0.000535,-0.000534,-3.557087,TARE
5.305000,0.407477,-0.202762,-0.096051,-0.001007,-0.000181,-0.000644,-3.557414,TARE
5.306000,0.407480,-0.202758,-0.096051,0.000111,0.000794,-0.000232,-3.557813,TARE
5.307000,0.407479,-0.202759,-0.096050,-0.000288,0.000235,-0.000030,-3.558337,TARE
5.308000,0.407477,-0.202759,-0.096052,-0.000767,0.000188,-0.000637,-3.558991,TARE
5.309000,0.407477,-0.202760,-0.096051,-0.001092,-0.000271,-0.000424,-3.559745,TARE
5.310000,0.407478,-0.202760,-0.096051,-0.000689,-0.000371,-0.000234,-3.560566,TARE
5.311000,0.407478,-0.202761,-0.096050,-0.000460,-0.000694,-0.000056,-3.561424,TARE
5.312000,0.407475,-0.202762,-0.096051,-0.001356,-0.000955,-0.000280,-3.562289,TARE
5.313000,0.407478,-0.202762,-0.096050,-0.000295,-0.000430,-0.000023,-3.563122,TARE
5.314000,0.407478,-0.202759,-0.096051,-0.000437,0.000092,-0.000210,-3.563880,TARE
5.315000,0.407480,-0.202758,-0.096050,0.000991,0.000529,0.000504,-3.564520,TARE
5.316000,0.407482,-0.202760,-0.096049,0.001019,-0.000550,0.000910,-3.564991,TARE
5.317000,0.407475,-0.202759,-0.096053,-0.001466,0.000124,-0.000829,-3.565218,TARE
5.318000,0.407480,-0.202760,-0.096050,-0.000135,-0.000044,-0.000171,-3.565134,TARE
5.319000,0.407479,-0.202760,-0.096050,-0.000565,0.000098,-0.000556,-3.564735,TARE
5.320000,0.407483,-0.202759,-0.096048,0.001040,0.000229,0.000297,-3.564088,TARE
5.321000,0.407481,-0.202761,-0.096049,0.000675,-0.000748,0.000372,-3.563275,TARE
5.322000,0.407483,-0.202760,-0.096049,0.000948,0.000018,0.000371,-3.562352,TARE
5.323000,0.407482,-0.202759,-0.096049,0.000788,-0.000023,0.000350,-3.561331,TARE
5.324000,0.407480,-0.202760,-0.096050,0.000145,-0.000347,0.000171,-3.560193,TARE
5.325000,0.407481,-0.202759,-0.096049,0.000835,0.000011,0.000349,-3.558909,TARE
5.326000,0.407481,-0.202760,-0.096049,0.000454,-0.000152,0.000374,-3.557451,TARE
5.327000,0.407482,-0.202763,-0.096048,0.000683,-0.001114,0.000425,-3.555792,TARE
5.328000,0.407482,-0.202760,-0.096049,-0.000292,-0.000212,-0.000343,-3.553920,TARE
5.329000,0.407483,-0.202761,-0.096048,0.000096,-0.000732,0.000155,-3.551860,TARE
5.330000,0.407481,-0.202761,-0.096048,-0.000511,-0.000438,-0.000141,-3.549678,TARE
5.331000,0.407483,-0.202758,-0.096048,-0.000199,0.000438,-0.000240,-3.547450,TARE
5.332000,0.407483,-0.202758,-0.096047,-0.000120,0.000229,0.000109,-3.545239,TARE
5.333000,0.407480,-0.202760,-0.096049,-0.001445,-0.000232,-0.000338,-3.543086,TARE
5.334000,0.407484,-0.202760,-0.096047,-0.000621,-0.000527,0.000349,-3.541001,TARE
5.335000,0.407484,-0.202759,-0.096048,-0.000441,-0.000354,0.000190,-3.538958,TARE
5.336000,0.407484,-0.202759,-0.096048,-0.000332,-0.000038,-0.000011,-3.536903,TARE
5.337000,0.407483,-0.202760,-0.096048,0.000180,-0.000388,0.000193,-3.534773,TARE
5.338000,0.407481,-0.202760,-0.096049,-0.000971,-0.000289,-0.000427,-3.532525,TARE
5.339000,0.407483,-0.202759,-0.096048,0.000048,0.000523,-0.000028,-3.530150,TARE
5.340000,0.407483,-0.202761,-0.096048,-0.000425,-0.000348,-0.000328,-3.527676,TARE
5.341000,0.407485,-0.202758,-0.096047,0.000336,0.000806,0.000052,-3.525156,TARE
5.342000,0.407481,-0.202759,-0.096050,-0.000963,0.000206,-0.000556,-3.522650,TARE
5.343000,0.407479,-0.202759,-0.096050,-0.001001,-0.000110,-0.000558,-3.520211,TARE
5.344000,0.407481,-0.202760,-0.096050,-0.000169,-0.000392,-0.000338,-3.517891,TARE
5.345000,0.407481,-0.202761,-0.096049,0.000033,-0.000389,0.000015,-3.515744,TARE
5.346000,0.407476,-0.202760,-0.096051,-0.001722,-0.000148,-0.000999,-3.513819,TARE
5.347000,0.407478,-0.202759,-0.096051,-0.000817,0.000500,-0.000669,-3.512157,TARE
5.348000,0.407481,-0.202761,-0.096049,0.000662,-0.000370,0.000285,-3.510806,TARE
5.349000,0.407480,-0.202761,-0.096049,0.000703,-0.000329,0.000545,-3.509791,TARE
5.350000,0.407483,-0.202761,-0.096048,0.001245,-0.000172,0.000684,-3.509071,TARE
5.351000,0.407479,-0.202760,-0.096050,0.000248,0.000317,-0.000118,-3.508534,TARE
5.352000,0.407476,-0.202759,-0.096052,-0.000782,0.000592,-0.000745,-3.508050,TARE
5.353000,0.407476,-0.202758,-0.096052,-0.000546,0.000918,-0.000762,-3.507546,TARE
5.354000,0.407477,-0.202759,-0.096052,-0.000225,0.000662,-0.000422,-3.507033,TARE
5.355000,0.407475,-0.202760,-0.096053,-0.000729,0.000269,-0.000752,-3.506590,TARE
5.356000,0.407477,-0.202760,-0.096051,0.000477,0.000415,0.000070,-3.506326,TARE
5.357000,0.407479,-0.202761,-0.096050,0.000718,-0.000258,0.000424,-3.506332,TARE
5.358000,0.407476,-0.202760,-0.096052,-0.000604,0.000525,-0.000529,-3.506643,TARE
5.359000,0.407475,-0.202758,-0.096053,-0.001071,0.000887,-0.000921,-3.507253,TARE
5.360000,0.407480,-0.202760,-0.096050,0.000475,0.000237,0.000244,-3.508158,TARE
5.361000,0.407479,-0.202757,-0.096051,0.000189,0.001392,-0.000244,-3.509366,TARE
5.362000,0.407478,-0.202760,-0.096051,-0.000187,0.000037,-0.000279,-3.510862,TARE
5.363000,0.407478,-0.202758,-0.096052,0.000006,0.000812,-0.000624,-3.512603,TARE
5.364000,0.407480,-0.202758,-0.096051,0.000688,0.000238,-0.000066,-3.514549,TARE
5.365000,0.407478,-0.202760,-0.096051,-0.000273,-0.000699,-0.000136,-3.516671,TARE
5.366000,0.407479,-0.202759,-0.096051,0.000652,0.000234,-0.000011,-3.518939,TARE
5.367000,0.407481,-0.202757,-0.096050,0.000933,0.000415,0.000239,-3.521302,TARE
5.368000,0.407482,-0.202759,-0.096048,0.001235,0.000058,0.000711,-3.523688,TARE
5.369000,0.407477,-0.202758,-0.096051,-0.000367,0.000143,-0.000434,-3.525996,TARE
5.370000,0.407479,-0.202757,-0.096051,-0.000484,0.000518,-0.000430,-3.528120,TARE
5.371000,0.407478,-0.202756,-0.096052,-0.000711,0.000347,-0.000791,-3.530006,TARE
5.372000,0.407480,-0.202759,-0.096050,0.000460,-0.000209,0.000022,-3.531677,TARE
5.373000,0.407484,-0.202758,-0.096048,0.001641,0.000277,0.000697,-3.533205,TARE
5.374000,0.407484,-0.202760,-0.096048,0.001245,-0.000198,0.000646,-3.534629,TARE
5.375000,0.407482,-0.202758,-0.096049,0.000892,0.000419,0.000483,-3.535912,TARE
5.376000,0.407484,-0.202758,-0.096048,0.001039,0.000796,0.000242,-3.536959,TARE
5.377000,0.407481,-0.202758,-0.096051,0.000406,0.000741,-0.000462,-3.537671,TARE
5.378000,0.407482,-0.202761,-0.096047,0.001063,-0.000581,0.000854,-3.537993,TARE
5.379000,0.407480,-0.202760,-0.096049,0.000155,-0.000221,0.000063,-3.537928,TARE
5.380000,0.407483,-0.202759,-0.096049,0.001675,0.000157,0.000592,-3.537500,TARE
5.381000,0.407481,-0.202762,-0.096049,0.001076,-0.000860,0.000797,-3.536728,TARE
5.382000,0.407480,-0.202760,-0.096050,0.000008,-0.000040,-0.000023,-3.535629,TARE
5.383000,0.407476,-0.202761,-0.096053,-0.001170,-0.001064,-0.000955,-3.534229,TARE
5.384000,0.407480,-0.202759,-0.096050,0.000590,0.000002,0.000425,-3.532606,TARE
5.385000,0.407483,-0.202761,-0.096047,0.000358,-0.000840,0.000720,-3.530894,TARE
5.386000,0.407475,-0.202759,-0.096052,-0.002423,0.000439,-0.001153,-3.529203,TARE
5.387000,0.407479,-0.202758,-0.096051,-0.000974,-0.000121,-0.000364,-3.527605,TARE
5.388000,0.407477,-0.202760,-0.096052,-0.001506,-0.000474,-0.000533,-3.526170,TARE
5.389000,0.407481,-0.202758,-0.096050,0.000157,0.000329,0.000356,-3.524979,TARE
5.390000,0.407474,-0.202760,-0.096053,-0.002089,-0.000118,-0.000667,-3.524082,TARE
5.391000,0.407472,-0.202760,-0.096053,-0.001386,-0.000682,-0.000209,-3.523482,TARE
5.392000,0.407472,-0.202761,-0.096054,-0.001426,-0.000803,-0.000335,-3.523159,TARE
5.393000,0.407477,-0.202761,-0.096051,0.000444,-0.000812,0.000531,-3.523086,TARE
5.394000,0.407474,-0.202759,-0.096053,-0.000637,-0.000396,-0.000100,-3.523218,TARE
5.395000,0.407477,-0.202760,-0.096051,0.000729,-0.000654,0.000656,-3.523469,TARE
5.396000,0.407474,-0.202759,-0.096053,-0.000604,-0.000593,-0.000178,-3.523729,TARE
5.397000,0.407478,-0.202760,-0.096051,0.000773,-0.000783,0.000877,-3.523895,TARE
5.398000,0.407476,-0.202760,-0.096051,0.000329,-0.000425,0.000571,-3.523891,TARE
5.399000,0.407477,-0.202760,-0.096051,0.000299,-0.000539,0.000484,-3.523655,TARE
5.400000,0.407478,-0.202760,-0.096051,0.000600,-0.000523,0.000455,-3.523133,TARE
5.401000,0.407475,-0.202762,-0.096052,0.000330,-0.000963,0.000412,-3.522297,TARE
5.402000,0.407474,-0.202759,-0.096051,0.000055,0.000429,0.000298,-3.521156,TARE
5.403000,0.407478,-0.202761,-0.096049,0.000608,-0.000346,0.000839,-3.519735,TARE
5.404000,0.407475,-0.202763,-0.096051,-0.000831,-0.001312,0.000145,-3.518053,TARE
5.405000,0.407480,-0.202759,-0.096050,0.000771,0.000634,0.000522,-3.516123,TARE
5.406000,0.407480,-0.202760,-0.096049,0.001098,0.000416,0.000538,-3.513968,TARE
5.407000,0.407479,-0.202759,-0.096050,0.000547,0.001061,0.000014,-3.511618,TARE
5.408000,0.407480,-0.202760,-0.096049,0.000891,0.000208,0.000497,-3.509117,TARE
5.409000,0.407477,-0.202758,-0.096052,-0.000130,0.000882,-0.000447,-3.506536,TARE
5.410000,0.407477,-0.202761,-0.096050,-0.000358,-0.000072,0.000242,-3.503979,TARE
5.411000,0.407476,-0.202759,-0.096051,-0.000872,0.000513,-0.000105,-3.501548,TARE
5.412000,0.407478,-0.202762,-0.096050,-0.000795,-0.000377,-0.000095,-3.499317,TARE
5.413000,0.407483,-0.202760,-0.096047,0.000656,0.000050,0.000651,-3.497319,TARE
5.414000,0.407482,-0.202758,-0.096049,0.000195,0.000989,-0.000084,-3.495556,TARE
5.415000,0.407483,-0.202761,-0.096048,0.000231,-0.000305,0.000291,-3.494019,TARE
5.416000,0.407483,-0.202759,-0.096048,-0.000400,0.000234,-0.000104,-3.492698,TARE
5.417000,0.407482,-0.202757,-0.096049,-0.001025,0.000356,-0.000470,-3.491605,TARE
5.418000,0.407479,-0.202757,-0.096052,-0.001808,0.000521,-0.001293,-3.490776,TARE
5.419000,0.407482,-0.202760,-0.096049,-0.000499,-0.000461,-0.000113,-3.490293,TARE
5.420000,0.407481,-0.202759,-0.096049,-0.001197,0.000102,-0.000690,-3.490252,TARE
5.421000,0.407483,-0.202758,-0.096049,-0.000225,0.000757,-0.000500,-3.490724,TARE
5.422000,0.407479,-0.202760,-0.096049,-0.000359,-0.000117,-0.000056,-3.491738,TARE
5.423000,0.407482,-0.202760,-0.096048,0.000390,-0.000410,0.000497,-3.493273,TARE
5.424000,0.407480,-0.202757,-0.096050,-0.000281,0.000531,-0.000256,-3.495243,TARE
5.425000,0.407480,-0.202758,-0.096050,0.000437,-0.000080,0.000002,-3.497513,TARE
5.426000,0.407483,-0.202759,-0.096048,0.001141,-0.000413,0.000872,-3.499940,TARE
5.427000,0.407479,-0.202758,-0.096051,0.000032,0.000031,-0.000212,-3.502391,TARE
5.428000,0.407478,-0.202759,-0.096050,0.000211,-0.000108,0.000338,-3.504738,TARE
5.429000,0.407476,-0.202760,-0.096052,-0.001709,-0.000585,-0.000634,-3.506882,TARE
5.430000,0.407476,-0.202759,-0.096052,-0.001601,-0.000343,-0.000646,-3.508771,TARE
5.431000,0.407476,-0.202760,-0.096052,-0.001176,-0.000629,-0.000503,-3.510420,TARE
5.432000,0.407474,-0.202758,-0.096053,-0.001076,-0.000258,-0.000635,-3.511912,TARE
5.433000,0.407473,-0.202758,-0.096053,-0.000810,-0.000009,-0.000599,-3.513353,TARE
5.434000,0.407472,-0.202759,-0.096053,-0.001133,-0.000649,-0.000453,-3.514845,TARE
5.435000,0.407476,-0.202758,-0.096052,0.000786,0.000093,0.000220,-3.516450,TARE
5.436000,0.407467,-0.202759,-0.096057,-0.001754,0.000192,-0.001087,-3.518190,TARE
5.437000,0.407470,-0.202760,-0.096055,-0.000829,0.000138,-0.000275,-3.520056,TARE
5.438000,0.407469,-0.202759,-0.096055,-0.000605,0.000387,-0.000334,-3.522027,TARE
5.439000,0.407476,-0.202759,-0.096052,0.001074,-0.000079,0.000622,-3.524057,TARE
5.440000,0.407472,-0.202759,-0.096053,-0.000414,-0.000308,0.000077,-3.526059,TARE
5.441000,0.407471,-0.202759,-0.096053,-0.000902,0.000101,-0.000081,-3.527922,TARE
5.442000,0.407472,-0.202760,-0.096054,-0.001029,-0.000266,-0.000431,-3.529546,TARE
5.443000,0.407474,-0.202758,-0.096054,-0.000462,0.000212,-0.000229,-3.530879,TARE
5.444000,0.407476,-0.202758,-0.096052,0.000668,0.000445,0.000330,-3.531919,TARE
5.445000,0.407471,-0.202760,-0.096054,-0.000871,-0.000614,-0.000250,-3.532688,TARE
5.446000,0.407479,-0.202760,-0.096049,0.002073,-0.000053,0.001467,-3.533207,TARE
5.447000,0.407472,-0.202760,-0.096053,-0.001428,-0.000078,-0.000456,-3.533473,TARE
5.448000,0.407478,-0.202759,-0.096050,0.001028,0.000134,0.000992,-3.533455,TARE
5.449000,0.407478,-0.202758,-0.096051,-0.000068,-0.000028,-0.000094,-3.533116,TARE
5.450000,0.407478,-0.202758,-0.096051,0.000485,0.000382,0.000232,-3.532430,TARE
5.451000,0.407479,-0.202757,-0.096050,-0.000245,0.000439,-0.000139,-3.531402,TARE
5.452000,0.407480,-0.202760,-0.096049,-0.001044,-0.000155,-0.000498,-3.530074,TARE
5.453000,0.407476,-0.202760,-0.096053,-0.001335,-0.000143,-0.001070,-3.528534,TARE
5.454000,0.407481,-0.202758,-0.096049,0.000670,0.000200,0.000077,-3.526922,TARE
5.455000,0.407478,-0.202757,-0.096052,-0.000666,0.000407,-0.000826,-3.525413,TARE
5.456000,0.407481,-0.202757,-0.096050,-0.000100,0.000112,-0.000065,-3.524167,TARE
5.457000,0.407478,-0.202757,-0.096050,-0.000315,0.000009,-0.000173,-3.523289,TARE
5.458000,0.407477,-0.202760,-0.096051,-0.000915,-0.000884,-0.000348,-3.522812,TARE
5.459000,0.407474,-0.202761,-0.096052,-0.001322,-0.001114,-0.000339,-3.522712,TARE
5.460000,0.407477,-0.202759,-0.096051,-0.000665,-0.000533,-0.000040,-3.522949,TARE
5.461000,0.407474,-0.202760,-0.096051,-0.000796,-0.000031,0.000135,-3.523469,TARE
5.462000,0.407474,-0.202758,-0.096052,-0.001266,0.000121,-0.000425,-3.524184,TARE
5.463000,0.407474,-0.202759,-0.096053,-0.002140,0.000109,-0.000916,-3.524989,TARE
5.464000,0.407479,-0.202758,-0.096050,-0.000492,0.000115,0.000032,-3.525809,TARE
5.465000,0.407476,-0.202757,-0.096053,-0.001737,0.000682,-0.001338,-3.526599,TARE
5.466000,0.407477,-0.202761,-0.096051,-0.001131,-0.000434,-0.000365,-3.527342,TARE
5.467000,0.407479,-0.202761,-0.096049,0.000101,-0.000596,0.000424,-3.528036,TARE
5.468000,0.407479,-0.202760,-0.096050,0.000531,0.000050,0.000175,-3.528659,TARE
5.469000,0.407476,-0.202762,-0.096051,-0.000478,-0.000507,-0.000361,-3.529145,TARE
5.470000,0.407476,-0.202758,-0.096052,0.000074,0.000389,-0.000164,-3.529426,TARE
5.471000,0.407475,-0.202759,-0.096052,-0.000516,-0.000304,-0.000261,-3.529483,TARE
5.472000,0.407474,-0.202761,-0.096052,-0.000055,-0.000834,0.000086,-3.529340,TARE
5.473000,0.407469,-0.202761,-0.096055,-0.001440,-0.000627,-0.000901,-3.529035,TARE
5.474000,0.407474,-0.202760,-0.096052,0.000486,-0.000102,0.000266,-3.528615,TARE
5.475000,0.407473,-0.202759,-0.096054,-0.000927,0.000767,-0.000983,-3.528127,TARE
5.476000,0.407471,-0.202759,-0.096054,-0.000416,0.000484,-0.000331,-3.527615,TARE
5.477000,0.407471,-0.202759,-0.096054,0.000206,0.000247,0.000144,-3.527114,TARE
5.478000,0.407473,-0.202759,-0.096053,0.000939,0.000174,0.000250,-3.526634,TARE
5.479000,0.407470,-0.202761,-0.096053,-0.000678,-0.000551,-0.000022,-3.526147,TARE
5.480000,0.407473,-0.202759,-0.096053,0.000303,0.000033,0.000215,-3.525604,TARE
5.481000,0.407471,-0.202759,-0.096055,0.000026,-0.000117,-0.000134,-3.524959,TARE
5.482000,0.407476,-0.202759,-0.096051,0.001377,-0.000025,0.000866,-3.524176,TARE
5.483000,0.407472,-0.202762,-0.096052,-0.000971,-0.000977,0.000116,-3.523224,TARE
5.484000,0.407474,-0.202758,-0.096054,0.000100,0.000346,-0.000053,-3.522062,TARE
5.485000,0.407475,-0.202760,-0.096052,0.000604,-0.000677,0.000683,-3.520650,TARE
5.486000,0.407477,-0.202761,-0.096050,0.001827,-0.000827,0.001462,-3.518963,TARE
5.487000,0.407477,-0.202758,-0.096050,0.000713,0.000725,0.000431,-3.516966,TARE
5.488000,0.407472,-0.202761,-0.096053,-0.000674,-0.000749,-0.000152,-3.514611,TARE
5.489000,0.407481,-0.202761,-0.096048,0.002488,-0.000620,0.001552,-3.511889,TARE
5.490000,0.407480,-0.202761,-0.096049,0.001299,-0.000351,0.000572,-3.508831,TARE
5.491000,0.407482,-0.202759,-0.096049,0.001339,-0.000029,0.000426,-3.505491,TARE
5.492000,0.407480,-0.202761,-0.096048,0.000099,-0.001060,0.000407,-3.501953,TARE
5.493000,0.407479,-0.202761,-0.096049,-0.000012,-0.000505,0.000237,-3.498333,TARE
5.494000,0.407478,-0.202760,-0.096050,-0.000172,-0.000063,-0.000109,-3.494749,TARE
5.495000,0.407481,-0.202758,-0.096049,-0.000018,0.000160,-0.000152,-3.491320,TARE
5.496000,0.407478,-0.202759,-0.096050,-0.001508,-0.000179,-0.000559,-3.488173,TARE
5.497000,0.407479,-0.202759,-0.096051,-0.001437,-0.000157,-0.000952,-3.485454,TARE
5.498000,0.407484,-0.202758,-0.096046,0.001199,0.000265,0.000787,-3.483305,TARE
5.499000,0.407481,-0.202760,-0.096048,0.000225,-0.000771,0.000325,-3.481813,TARE
5.500000,0.407481,-0.202759,-0.096049,-0.000237,-0.000126,-0.000208,-3.480962,TARE
5.501000,0.407477,-0.202760,-0.096052,-0.001137,-0.000276,-0.000883,-3.480683,TARE
5.502000,0.407482,-0.202757,-0.096049,0.001401,0.001136,0.000392,-3.480917,TARE
5.503000,0.407480,-0.202760,-0.096049,-0.000051,0.000592,-0.000448,-3.481623,TARE
5.504000,0.407477,-0.202759,-0.096050,-0.001158,0.000528,-0.000769,-3.482756,TARE
5.505000,0.407477,-0.202760,-0.096050,-0.000832,0.000294,-0.000678,-3.484269,TARE
5.506000,0.407477,-0.202759,-0.096050,-0.001285,0.000297,-0.000888,-3.486136,TARE
5.507000,0.407476,-0.202760,-0.096051,-0.001639,0.000383,-0.001179,-3.488361,TARE
5.508000,0.407476,-0.202760,-0.096051,-0.001678,0.000071,-0.000862,-3.490971,TARE
5.509000,0.407473,-0.202757,-0.096054,-0.001892,0.000826,-0.001519,-3.494015,TARE
5.510000,0.407477,-0.202760,-0.096050,-0.000005,-0.000454,0.000143,-3.497531,TARE
5.511000,0.407471,-0.202758,-0.096054,-0.001898,0.000228,-0.000853,-3.501515,TARE
5.512000,0.407474,-0.202760,-0.096052,-0.000545,-0.000625,-0.000242,-3.505893,TARE
5.513000,0.407474,-0.202761,-0.096051,-0.000569,0.000023,-0.000175,-3.510529,TARE
5.514000,0.407471,-0.202758,-0.096054,-0.001226,0.000490,-0.000724,-3.515260,TARE
5.515000,0.407472,-0.202760,-0.096052,-0.000527,0.000032,-0.000115,-3.519920,TARE
5.516000,0.407473,-0.202758,-0.096054,-0.000829,0.000720,-0.001078,-3.524360,TARE
5.517000,0.407471,-0.202758,-0.096055,-0.000682,0.000554,-0.001037,-3.528470,TARE
5.518000,0.407472,-0.202758,-0.096054,-0.000583,0.000629,-0.000691,-3.532219,TARE
5.519000,0.407470,-0.202758,-0.096055,-0.000792,0.000326,-0.000499,-3.535646,TARE
5.520000,0.407473,-0.202756,-0.096054,0.000438,0.000661,-0.000174,-3.538800,TARE
5.521000,0.407472,-0.202757,-0.096055,0.000213,0.000021,-0.000159,-3.541703,TARE
5.522000,0.407470,-0.202758,-0.096055,-0.000587,-0.000342,-0.000113,-3.544336,TARE
5.523000,0.407470,-0.202759,-0.096055,-0.000410,-0.000124,-0.000171,-3.546659,TARE
5.524000,0.407471,-0.202758,-0.096055,0.000104,-0.000105,0.000017,-3.548616,TARE
5.525000,0.407476,-0.202758,-0.096052,0.002655,-0.000208,0.001519,-3.550148,TARE
5.526000,0.407471,-0.202757,-0.096055,-0.000112,0.000087,-0.000033,-3.551179,TARE
5.527000,0.407476,-0.202757,-0.096052,0.001412,0.000240,0.000802,-3.551614,TARE
5.528000,0.407474,-0.202757,-0.096054,0.000057,-0.000162,-0.000123,-3.551376,TARE
5.529000,0.407473,-0.202758,-0.096054,0.000161,-0.000134,0.000308,-3.550437,TARE
5.530000,0.407476,-0.202757,-0.096052,0.001023,0.000192,0.000645,-3.548823,TARE
5.531000,0.407474,-0.202758,-0.096053,-0.000221,-0.000004,-0.000035,-3.546596,TARE
5.532000,0.407472,-0.202757,-0.096054,-0.001448,0.000370,-0.000619,-3.543831,TARE
5.533000,0.407476,-0.202758,-0.096052,-0.000009,-0.000167,-0.000080,-3.540643,TARE
5.534000,0.407476,-0.202759,-0.096052,0.000131,-0.000531,0.000257,-3.537181,TARE
5.535000,0.407477,-0.202759,-0.096051,0.000730,-0.000729,0.000851,-3.533596,TARE
5.536000,0.407474,-0.202755,-0.096055,0.000101,0.001053,-0.000204,-3.529991,TARE
5.537000,0.407472,-0.202758,-0.096055,-0.000492,-0.000027,-0.000237,-3.526427,TARE
5.538000,0.407477,-0.202760,-0.096051,0.000900,-0.000372,0.000664,-3.522966,TARE
5.539000,0.407477,-0.202759,-0.096050,0.000773,-0.000141,0.000609,-3.519670,TARE
5.540000,0.407475,-0.202760,-0.096052,-0.000513,-0.000393,-0.000431,-3.516578,TARE
5.541000,0.407478,-0.202760,-0.096051,0.000888,-0.000653,0.000537,-3.513722,TARE
5.542000,0.407477,-0.202760,-0.096051,0.001154,-0.000973,0.000476,-3.511153,TARE
5.543000,0.407474,-0.202759,-0.096052,0.000126,-0.000429,0.000298,-3.508915,TARE
5.544000,0.407475,-0.202761,-0.096052,0.000481,-0.001283,0.000536,-3.507031,TARE
5.545000,0.407477,-0.202760,-0.096051,0.001279,-0.000773,0.000635,-3.505492,TARE
5.546000,0.407471,-0.202757,-0.096055,-0.000759,0.000357,-0.000509,-3.504279,TARE
5.547000,0.407472,-0.202759,-0.096053,-0.000074,-0.000097,0.000108,-3.503380,TARE
5.548000,0.407470,-0.202758,-0.096055,-0.000203,-0.000075,-0.000112,-3.502803,TARE
5.549000,0.407471,-0.202760,-0.096054,-0.000052,-0.000501,0.000087,-3.502558,TARE
5.550000,0.407470,-0.202759,-0.096055,-0.000632,-0.000236,-0.000200,-3.502648,TARE
5.551000,0.407472,-0.202761,-0.096053,0.000774,-0.000684,0.000575,-3.503068,TARE
5.552000,0.407470,-0.202760,-0.096055,-0.000590,-0.000208,-0.000084,-3.503798,TARE
5.553000,0.407471,-0.202761,-0.096055,-0.000386,-0.000894,-0.000343,-3.504793,TARE
5.554000,0.407471,-0.202762,-0.096054,0.000089,-0.000677,0.000051,-3.506014,TARE
5.555000,0.407469,-0.202762,-0.096055,0.000331,-0.000319,0.000126,-3.507449,TARE
5.556000,0.407468,-0.202761,-0.096056,-0.000092,-0.000111,-0.000168,-3.509105,TARE
5.557000,0.407467,-0.202760,-0.096056,-0.000072,0.000073,0.000033,-3.510984,TARE
5.558000,0.407468,-0.202761,-0.096056,0.000344,-0.000014,0.000326,-3.513080,TARE
5.559000,0.407468,-0.202761,-0.096055,-0.000006,-0.000115,0.000208,-3.515362,TARE
5.560000,0.407470,-0.202760,-0.096054,0.000228,0.000357,0.000136,-3.517769,TARE
5.561000,0.407468,-0.202759,-0.096056,-0.000751,0.000162,-0.000397,-3.520226,TARE
5.562000,0.407472,-0.202763,-0.096053,0.000463,-0.000906,0.000669,-3.522674,TARE
5.563000,0.407472,-0.202760,-0.096054,0.000626,0.000161,0.000123,-3.525074,TARE
5.564000,0.407468,-0.202761,-0.096054,-0.001009,-0.000438,-0.000051,-3.527400,TARE
5.565000,0.407471,-0.202760,-0.096054,-0.000472,-0.000078,-0.000061,-3.529644,TARE
5.566000,0.407473,-0.202761,-0.096052,0.000413,-0.000567,0.000615,-3.531818,TARE
5.567000,0.407470,-0.202761,-0.096053,-0.000747,-0.000244,-0.000140,-3.533920,TARE
5.568000,0.407472,-0.202760,-0.096053,0.000201,0.000471,-0.000045,-3.535933,TARE
5.569000,0.407477,-0.202761,-0.096050,0.001138,-0.000049,0.000745,-3.537833,TARE
5.570000,0.407477,-0.202761,-0.096050,0.001558,-0.000157,0.000797,-3.539593,TARE
5.571000,0.407475,-0.202759,-0.096052,0.000211,0.000569,-0.000140,-3.541170,TARE
5.572000,0.407473,-0.202759,-0.096053,-0.000270,0.000299,-0.000267,-3.542518,TARE
5.573000,0.407472,-0.202761,-0.096053,-0.000278,-0.000563,0.000047,-3.543625,TARE
5.574000,0.407473,-0.202760,-0.096053,-0.000430,-0.000454,-0.000156,-3.544522,TARE
5.575000,0.407475,-0.202758,-0.096052,0.000606,0.000295,0.000098,-3.545258,TARE
5.576000,0.407477,-0.202759,-0.096051,0.000396,-0.000330,0.000079,-3.545887,TARE
5.577000,0.407479,-0.202759,-0.096049,0.001103,0.000089,0.000668,-3.546452,TARE
5.578000,0.407476,-0.202757,-0.096052,0.000150,0.001030,-0.000290,-3.546969,TARE
5.579000,0.407480,-0.202758,-0.096049,0.001941,0.000531,0.000799,-3.547431,TARE
5.580000,0.407473,-0.202758,-0.096052,-0.000692,0.000348,-0.000280,-3.547814,TARE
5.581000,0.407478,-0.202758,-0.096050,0.001035,0.000665,0.000468,-3.548083,TARE
5.582000,0.407479,-0.202756,-0.096050,0.000813,0.001420,-0.000183,-3.548208,TARE
5.583000,0.407477,-0.202755,-0.096052,-0.000464,0.001097,-0.000741,-3.548186,TARE
5.584000,0.407478,-0.202758,-0.096051,0.000074,0.000091,-0.000071,-3.548067,TARE
5.585000,0.407473,-0.202760,-0.096053,-0.000903,-0.000399,-0.000414,-3.547943,TARE
5.586000,0.407477,-0.202756,-0.096053,0.001019,0.001264,-0.000163,-3.547912,TARE
5.587000,0.407473,-0.202758,-0.096053,0.000018,0.000300,-0.000019,-3.548051,TARE
5.588000,0.407474,-0.202757,-0.096053,0.000503,0.000599,0.000023,-3.548394,TARE
5.589000,0.407472,-0.202758,-0.096054,-0.000555,-0.000639,-0.000122,-3.548931,TARE
5.590000,0.407471,-0.202757,-0.096055,-0.001192,-0.000033,-0.000474,-3.549621,TARE
5.591000,0.407472,-0.202759,-0.096054,-0.001032,-0.000485,-0.000214,-3.550433,TARE
5.592000,0.407475,-0.202758,-0.096051,-0.000709,-0.000084,-0.000131,-3.551352,TARE
5.593000,0.407473,-0.202757,-0.096054,-0.001529,0.000602,-0.000761,-3.552376,TARE
5.594000,0.407472,-0.202755,-0.096055,-0.000837,0.000771,-0.000526,-3.553504,TARE
5.595000,0.407470,-0.202755,-0.096056,-0.001070,0.000419,-0.000805,-3.554747,TARE
5.596000,0.407470,-0.202756,-0.096056,-0.001174,-0.000229,-0.000342,-3.556135,TARE
5.597000,0.407470,-0.202760,-0.096054,-0.000692,-0.001479,0.000250,-3.557690,TARE
5.598000,0.407471,-0.202756,-0.096055,-0.000205,0.000398,-0.000148,-3.559394,TARE
5.599000,0.407470,-0.202756,-0.096055,-0.000975,0.000177,-0.000326,-3.561176,TARE
5.600000,0.407475,-0.202759,-0.096053,0.000392,-0.000878,0.000436,-3.562945,TARE
5.601000,0.407473,-0.202759,-0.096053,-0.000306,-0.000623,0.000059,-3.564605,TARE
5.602000,0.407467,-0.202759,-0.096055,-0.001283,-0.000385,-0.000349,-3.566070,TARE
5.603000,0.407474,-0.202757,-0.096053,0.000744,0.000018,0.000402,-3.567267,TARE
5.604000,0.407473,-0.202758,-0.096054,0.000623,-0.000547,0.000416,-3.568149,TARE
5.605000,0.407473,-0.202756,-0.096054,0.000649,0.000304,0.000318,-3.568683,TARE
5.606000,0.407470,-0.202758,-0.096054,-0.000470,-0.000390,0.000033,-3.568847,TARE
5.607000,0.407468,-0.202758,-0.096056,-0.001544,-0.000517,-0.000877,-3.568645,TARE
5.608000,0.407474,-0.202758,-0.096053,0.000575,-0.000178,0.000408,-3.568131,TARE
5.609000,0.407474,-0.202759,-0.096052,0.000504,-0.000356,0.000447,-3.567392,TARE
5.610000,0.407471,-0.202758,-0.096054,-0.000398,-0.000045,-0.000026,-3.566495,TARE
5.611000,0.407476,-0.202758,-0.096051,0.000692,0.000327,0.000365,-3.565468,TARE
5.612000,0.407471,-0.202758,-0.096054,-0.001389,0.000285,-0.001023,-3.564321,TARE
5.613000,0.407474,-0.202759,-0.096053,-0.000336,-0.000634,-0.000307,-3.563094,TARE
5.614000,0.407473,-0.202757,-0.096052,-0.000551,0.000022,-0.000102,-3.561877,TARE
5.615000,0.407474,-0.202757,-0.096054,-0.000467,0.000317,-0.000606,-3.560776,TARE
5.616000,0.407476,-0.202757,-0.096052,-0.000404,0.000313,-0.000262,-3.559875,TARE
5.617000,0.407479,-0.202758,-0.096050,0.000696,-0.000253,0.000770,-3.559221,TARE
5.618000,0.407474,-0.202760,-0.096051,-0.000627,-0.000728,0.000246,-3.558798,TARE
5.619000,0.407477,-0.202758,-0.096051,0.000204,0.000142,0.000431,-3.558510,TARE
5.620000,0.407476,-0.202756,-0.096053,-0.000261,0.000978,-0.000165,-3.558215,TARE
5.621000,0.407477,-0.202759,-0.096051,0.000172,0.000001,0.000302,-3.557775,TARE
5.622000,0.407475,-0.202756,-0.096053,-0.000656,0.000781,-0.000275,-3.557089,TARE
5.623000,0.407475,-0.202757,-0.096052,-0.000544,0.000349,-0.000018,-3.556092,TARE
5.624000,0.407475,-0.202757,-0.096052,-0.000512,0.000776,-0.000434,-3.554746,TARE
5.625000,0.407474,-0.202758,-0.096053,-0.000932,0.000570,-0.000850,-3.553057,TARE
5.626000,0.407474,-0.202758,-0.096053,0.000473,0.000535,-0.000054,-3.551102,TARE
5.627000,0.407473,-0.202759,-0.096054,-0.000228,0.000102,-0.000286,-3.549021,TARE
5.628000,0.407471,-0.202762,-0.096053,-0.000846,-0.001364,-0.000094,-3.546964,TARE
5.629000,0.407472,-0.202759,-0.096053,0.000356,0.000318,0.000299,-3.545050,TARE
5.630000,0.407470,-0.202757,-0.096055,-0.001245,0.000540,-0.000592,-3.543341,TARE
5.631000,0.407472,-0.202759,-0.096053,-0.000110,-0.000151,0.000025,-3.541841,TARE
5.632000,0.407470,-0.202759,-0.096055,-0.000463,-0.000031,-0.000328,-3.540524,TARE
5.633000,0.407470,-0.202759,-0.096055,0.000084,-0.000212,-0.000167,-3.539374,TARE
5.634000,0.407471,-0.202759,-0.096054,0.000778,-0.000205,0.000538,-3.538392,TARE
5.635000,0.407472,-0.202757,-0.096054,0.000685,0.000669,0.000354,-3.537572,TARE
5.636000,0.407467,-0.202759,-0.096056,-0.000791,-0.000386,-0.000369,-3.536874,TARE
5.637000,0.407465,-0.202760,-0.096057,-0.000766,-0.000656,-0.000219,-3.536246,TARE
5.638000,0.407473,-0.202760,-0.096052,0.002069,-0.000412,0.001450,-3.535648,TARE
5.639000,0.407469,-0.202756,-0.096056,-0.000167,0.000803,-0.000235,-3.535038,TARE
5.640000,0.407469,-0.202757,-0.096056,-0.000125,0.000643,-0.000494,-3.534357,TARE
5.641000,0.407465,-0.202757,-0.096059,-0.001846,0.000311,-0.001398,-3.533592,TARE
5.642000,0.407469,-0.202758,-0.096056,-0.000152,0.000174,-0.000074,-3.532834,TARE
5.643000,0.407468,-0.202759,-0.096055,-0.000317,-0.000281,0.000024,-3.532232,TARE
5.644000,0.407469,-0.202760,-0.096055,-0.000478,-0.000465,-0.000179,-3.531911,TARE
5.645000,0.407468,-0.202759,-0.096055,-0.000162,0.000429,-0.000090,-3.531924,TARE
5.646000,0.407467,-0.202760,-0.096057,-0.001320,-0.000109,-0.000928,-3.532288,TARE
5.647000,0.407472,-0.202757,-0.096054,0.000298,0.000706,0.000044,-3.533012,TARE
5.648000,0.407469,-0.202759,-0.096055,-0.001508,0.000095,-0.000551,-3.534115,TARE
5.649000,0.407472,-0.202760,-0.096054,-0.000500,-0.000087,-0.000306,-3.535600,TARE
5.650000,0.407469,-0.202760,-0.096055,-0.000922,-0.000179,-0.000534,-3.537449,TARE
5.651000,0.407473,-0.202762,-0.096052,0.000526,-0.000341,0.000295,-3.539637,TARE
5.652000,0.407470,-0.202760,-0.096054,-0.000378,0.000088,-0.000253,-3.542134,TARE
5.653000,0.407472,-0.202760,-0.096054,0.000334,-0.000089,0.000126,-3.544883,TARE
5.654000,0.407469,-0.202759,-0.096055,0.000159,0.000235,-0.000016,-3.547801,TARE
5.655000,0.407472,-0.202759,-0.096053,0.000650,-0.000013,0.000113,-3.550791,TARE
5.656000,0.407472,-0.202759,-0.096052,-0.000018,-0.000208,0.000250,-3.553753,TARE
5.657000,0.407472,-0.202758,-0.096053,-0.000845,0.000049,-0.000490,-3.556591,TARE
5.658000,0.407473,-0.202759,-0.096054,-0.000281,-0.000021,-0.000429,-3.559223,TARE
5.659000,0.407476,-0.202758,-0.096051,0.001178,0.000109,0.000663,-3.561607,TARE
5.660000,0.407472,-0.202759,-0.096054,-0.000479,-0.000673,0.000017,-3.563725,TARE
5.661000,0.407471,-0.202756,-0.096055,-0.000721,0.000531,-0.000544,-3.565554,TARE
5.662000,0.407473,-0.202758,-0.096054,0.000568,0.000410,0.000005,-3.567082,TARE
5.663000,0.407467,-0.202756,-0.096057,-0.001447,0.000878,-0.000969,-3.568333,TARE
5.664000,0.407471,-0.202760,-0.096053,-0.000483,-0.000397,-0.000011,-3.569366,TARE
5.665000,0.407472,-0.202759,-0.096054,0.000075,0.000165,-0.000165,-3.570255,TARE
5.666000,0.407473,-0.202758,-0.096053,0.000285,0.000255,0.000127,-3.571062,TARE
5.667000,0.407475,-0.202761,-0.096052,0.000302,-0.000608,-0.000022,-3.571818,TARE
5.668000,0.407474,-0.202760,-0.096052,-0.000461,-0.000661,-0.000323,-3.572527,TARE
5.669000,0.407474,-0.202757,-0.096052,0.000708,0.000542,-0.000073,-3.573188,TARE
5.670000,0.407471,-0.202758,-0.096054,-0.000108,-0.000005,-0.000351,-3.573811,TARE
5.671000,0.407473,-0.202757,-0.096053,-0.000004,-0.000364,-0.000090,-3.574415,TARE
5.672000,0.407471,-0.202756,-0.096055,0.000020,-0.000053,-0.000238,-3.575015,TARE
5.673000,0.407474,-0.202759,-0.096052,0.001333,-0.000826,0.000850,-3.575614,TARE
5.674000,0.407464,-0.202758,-0.096058,-0.001751,0.000097,-0.001136,-3.576183,TARE
5.675000,0.407472,-0.202757,-0.096053,0.001072,0.000289,0.000751,-3.576676,TARE
5.676000,0.407470,-0.202757,-0.096055,0.000156,-0.000014,0.000159,-3.577038,TARE
5.677000,0.407470,-0.202756,-0.096056,-0.000062,0.000283,-0.000366,-3.577201,TARE
5.678000,0.407470,-0.202758,-0.096054,0.000161,0.000011,0.000314,-3.577096,TARE
5.679000,0.407468,-0.202759,-0.096056,-0.000512,-0.000650,-0.000032,-3.576684,TARE
5.680000,0.407472,-0.202757,-0.096053,0.001124,0.000384,0.000827,-3.575942,TARE
5.681000,0.407470,-0.202757,-0.096055,-0.000365,-0.000086,-0.000113,-3.574844,TARE
5.682000,0.407471,-0.202758,-0.096054,0.000238,0.000236,0.000220,-3.573361,TARE
5.683000,0.407473,-0.202758,-0.096054,0.000790,0.000417,0.000258,-3.571490,TARE
5.684000,0.407469,-0.202756,-0.096056,-0.000952,0.000578,-0.000918,-3.569270,TARE
5.685000,0.407474,-0.202757,-0.096053,0.000611,-0.000032,0.000327,-3.566788,TARE
5.686000,0.407473,-0.202756,-0.096054,0.000718,0.000606,0.000272,-3.564162,TARE
5.687000,0.407471,-0.202757,-0.096054,-0.000234,-0.000157,-0.000037,-3.561501,TARE
5.688000,0.407471,-0.202757,-0.096055,0.000237,-0.000073,0.000188,-3.558879,TARE
5.689000,0.407475,-0.202759,-0.096051,0.001320,-0.000602,0.001003,-3.556348,TARE
5.690000,0.407472,-0.202758,-0.096053,0.000477,-0.000072,0.000355,-3.553919,TARE
5.691000,0.407473,-0.202758,-0.096053,0.000715,-0.000629,0.000689,-3.551573,TARE
5.692000,0.407475,-0.202758,-0.096052,0.001116,-0.000095,0.000871,-3.549276,TARE
5.693000,0.407469,-0.202757,-0.096055,-0.000638,-0.000074,-0.000152,-3.547001,TARE
5.694000,0.407475,-0.202757,-0.096053,0.001269,-0.000237,0.000868,-3.544725,TARE
5.695000,0.407473,-0.202757,-0.096053,0.000081,-0.000267,0.000338,-3.542434,TARE
5.696000,0.407478,-0.202758,-0.096050,0.001621,-0.000264,0.000998,-3.540111,TARE
5.697000,0.407474,-0.202756,-0.096053,0.000569,0.000409,0.000034,-3.537735,TARE
5.698000,0.407473,-0.202757,-0.096052,0.000921,-0.000278,0.000558,-3.535290,TARE
5.699000,0.407474,-0.202755,-0.096053,0.000635,0.000669,-0.000115,-3.532794,TARE
5.700000,0.407476,-0.202757,-0.096052,0.001602,0.000038,0.000392,-3.530298,TARE
5.701000,0.407473,-0.202757,-0.096053,0.000171,0.000334,-0.000342,-3.527880,TARE
5.702000,0.407476,-0.202758,-0.096051,0.000961,0.000046,0.000359,-3.525639,TARE
5.703000,0.407475,-0.202758,-0.096053,0.000039,0.000029,-0.000366,-3.523666,TARE
5.704000,0.407472,-0.202759,-0.096053,-0.001363,-0.000288,-0.000635,-3.522041,TARE
5.705000,0.407475,-0.202757,-0.096052,0.000737,0.000216,0.000166,-3.520845,TARE
5.706000,0.407471,-0.202756,-0.096054,0.000006,0.000497,0.000012,-3.520143,TARE
5.707000,0.407472,-0.202760,-0.096054,0.000055,-0.000891,0.000021,-3.519949,TARE
5.708000,0.407474,-0.202755,-0.096052,0.000953,0.001002,0.000631,-3.520211,TARE
5.709000,0.407470,-0.202758,-0.096054,-0.000507,-0.000314,0.000132,-3.520827,TARE
5.710000,0.407470,-0.202759,-0.096054,-0.000937,-0.000599,-0.000013,-3.521659,TARE
5.711000,0.407469,-0.202756,-0.096054,-0.001340,0.000124,-0.000076,-3.522569,TARE
5.712000,0.407473,-0.202759,-0.096053,-0.000397,-0.000476,0.000186,-3.523449,TARE
5.713000,0.407472,-0.202757,-0.096053,-0.000637,-0.000054,0.000244,-3.524230,TARE
5.714000,0.407472,-0.202757,-0.096053,-0.000759,-0.000257,-0.000058,-3.524865,TARE
5.715000,0.407471,-0.202758,-0.096055,-0.000601,-0.000616,-0.000110,-3.525337,TARE
5.716000,0.407468,-0.202757,-0.096056,-0.001427,0.000057,-0.000893,-3.525673,TARE
5.717000,0.407470,-0.202759,-0.096053,-0.000265,0.000119,0.000034,-3.525960,TARE
5.718000,0.407465,-0.202757,-0.096057,-0.002472,0.000383,-0.001336,-3.526328,TARE
5.719000,0.407470,-0.202761,-0.096053,-0.000826,-0.000919,-0.000207,-3.526909,TARE
5.720000,0.407469,-0.202761,-0.096055,-0.000869,-0.001221,-0.000471,-3.527832,TARE
5.721000,0.407471,-0.202760,-0.096054,-0.000196,-0.000741,-0.000022,-3.529210,TARE
5.722000,0.407469,-0.202760,-0.096055,-0.001326,-0.000602,-0.000720,-3.531123,TARE
5.723000,0.407471,-0.202760,-0.096054,-0.000544,-0.000816,-0.000165,-3.533609,TARE
5.724000,0.407469,-0.202759,-0.096055,-0.000910,-0.000311,-0.000424,-3.536658,TARE
5.725000,0.407467,-0.202759,-0.096057,-0.001313,-0.000302,-0.001045,-3.540214,TARE
5.726000,0.407469,-0.202759,-0.096056,-0.000221,0.000063,-0.000731,-3.544199,TARE
5.727000,0.407470,-0.202759,-0.096054,0.000341,0.000351,-0.000133,-3.548548,TARE
5.728000,0.407470,-0.202760,-0.096053,-0.000264,-0.000346,-0.000005,-3.553191,TARE
5.729000,0.407473,-0.202758,-0.096053,0.000501,0.000683,0.000093,-3.558013,TARE
5.730000,0.407475,-0.202760,-0.096051,0.001284,-0.000214,0.000800,-3.562831,TARE
5.731000,0.407472,-0.202757,-0.096054,0.000154,0.000626,-0.000327,-3.567418,TARE
5.732000,0.407473,-0.202761,-0.096052,0.000342,-0.000332,0.000287,-3.571563,TARE
5.733000,0.407471,-0.202761,-0.096053,0.000461,-0.000618,0.000405,-3.575113,TARE
5.734000,0.407469,-0.202759,-0.096055,-0.001226,0.000156,-0.000675,-3.577977,TARE
5.735000,0.407469,-0.202761,-0.096054,-0.001383,-0.000386,-0.000448,-3.580131,TARE
5.736000,0.407469,-0.202761,-0.096055,-0.001265,-0.000053,-0.000511,-3.581628,TARE
5.737000,0.407474,-0.202760,-0.096052,0.000047,0.000170,0.000244,-3.582581,TARE
5.738000,0.407473,-0.202758,-0.096054,0.000212,0.001107,-0.000279,-3.583103,TARE
5.739000,0.407474,-0.202760,-0.096051,0.000064,-0.000443,0.000553,-3.583271,TARE
5.740000,0.407470,-0.202759,-0.096054,-0.001620,0.000042,-0.000744,-3.583125,TARE
5.741000,0.407474,-0.202759,-0.096052,-0.000309,0.000326,0.000018,-3.582680,TARE
5.742000,0.407471,-0.202760,-0.096053,-0.001233,-0.000396,-0.000688,-3.581966,TARE
5.743000,0.407470,-0.202758,-0.096055,-0.001853,0.000257,-0.001346,-3.581052,TARE
5.744000,0.407473,-0.202758,-0.096053,-0.000710,0.000233,-0.000500,-3.580069,TARE
5.745000,0.407472,-0.202758,-0.096054,-0.000627,0.000111,-0.000702,-3.579193,TARE
5.746000,0.407472,-0.202757,-0.096053,-0.000612,0.000866,-0.000632,-3.578586,TARE
5.747000,0.407471,-0.202758,-0.096054,-0.000211,0.000479,-0.000447,-3.578346,TARE
5.748000,0.407468,-0.202757,-0.096056,-0.000745,0.000613,-0.000914,-3.578502,TARE
5.749000,0.407470,-0.202759,-0.096055,0.000406,-0.000615,-0.000099,-3.579041,TARE
5.750000,0.407463,-0.202756,-0.096059,-0.001385,0.000776,-0.001405,-3.579946,TARE
5.751000,0.407469,-0.202757,-0.096055,0.000979,-0.000357,0.000361,-3.581213,TARE
5.752000,0.407468,-0.202757,-0.096056,0.000888,0.000209,0.000265,-3.582829,TARE
5.753000,0.407472,-0.202756,-0.096053,0.001643,0.000564,0.000942,-3.584714,TARE
5.754000,0.407469,-0.202756,-0.096056,-0.000009,0.000129,-0.000225,-3.586698,TARE
5.755000,0.407468,-0.202755,-0.096057,0.000008,0.000516,-0.000148,-3.588576,TARE
5.756000,0.407463,-0.202757,-0.096059,-0.001300,-0.000290,-0.000872,-3.590194,TARE
5.757000,0.407465,-0.202758,-0.096058,-0.000699,-0.000783,-0.000248,-3.591490,TARE
5.758000,0.407464,-0.202757,-0.096058,-0.000154,-0.000565,-0.000171,-3.592486,TARE
5.759000,0.407466,-0.202758,-0.096058,0.000400,-0.000907,0.000421,-3.593227,TARE
5.760000,0.407465,-0.202757,-0.096057,0.000114,-0.000243,0.000388,-3.593733,TARE
5.761000,0.407469,-0.202757,-0.096056,0.000293,0.000103,0.000056,-3.593978,TARE
5.762000,0.407469,-0.202757,-0.096057,-0.000362,0.000038,-0.000443,-3.593912,TARE
5.763000,0.407468,-0.202757,-0.096056,-0.000577,-0.000092,-0.000372,-3.593524,TARE
5.764000,0.407464,-0.202758,-0.096058,-0.001084,-0.000265,-0.000617,-3.592861,TARE
5.765000,0.407471,-0.202757,-0.096054,0.001651,-0.000594,0.001042,-3.592020,TARE
5.766000,0.407468,-0.202758,-0.096056,0.000009,-0.000713,0.000053,-3.591090,TARE
5.767000,0.407467,-0.202757,-0.096056,-0.000029,-0.000593,0.000045,-3.590120,TARE
5.768000,0.407471,-0.202758,-0.096054,0.001223,-0.000640,0.000605,-3.589138,TARE
5.769000,0.407469,-0.202757,-0.096056,0.000468,0.000276,0.000260,-3.588160,TARE
5.770000,0.407471,-0.202758,-0.096054,0.001945,-0.000099,0.001421,-3.587178,TARE
5.771000,0.407472,-0.202759,-0.096054,0.002001,-0.000243,0.001135,-3.586126,TARE
5.772000,0.407471,-0.202759,-0.096054,0.001182,-0.000290,0.000757,-3.584881,TARE
5.773000,0.407472,-0.202757,-0.096054,0.001020,0.000249,0.000583,-3.583304,TARE
5.774000,0.407472,-0.202757,-0.096054,0.000925,0.000358,0.000316,-3.581300,TARE
5.775000,0.407471,-0.202758,-0.096054,0.000740,-0.000132,0.000136,-3.578848,TARE
5.776000,0.407476,-0.202758,-0.096050,0.001735,0.000206,0.000998,-3.575998,TARE
5.777000,0.407473,-0.202758,-0.096053,0.000663,0.000056,0.000196,-3.572849,TARE
5.778000,0.407474,-0.202757,-0.096054,0.001072,-0.000028,0.000266,-3.569519,TARE
5.779000,0.407475,-0.202758,-0.096051,0.002022,0.000091,0.001161,-3.566138,TARE
5.780000,0.407474,-0.202758,-0.096053,0.000839,-0.000310,0.000329,-3.562822,TARE
5.781000,0.407480,-0.202756,-0.096050,0.002573,0.000548,0.001284,-3.559640,TARE
5.782000,0.407473,-0.202758,-0.096053,-0.000125,-0.000363,0.000020,-3.556618,TARE
5.783000,0.407472,-0.202759,-0.096053,0.000083,0.000172,-0.000036,-3.553769,TARE
5.784000,0.407471,-0.202758,-0.096054,-0.000389,0.000289,-0.000273,-3.551127,TARE
5.785000,0.407473,-0.202758,-0.096053,0.001253,0.000207,0.000619,-3.548764,TARE
5.786000,0.407471,-0.202757,-0.096054,0.000793,0.000720,0.000152,-3.546757,TARE
5.787000,0.407468,-0.202759,-0.096055,-0.000703,-0.000148,-0.000221,-3.545154,TARE
5.788000,0.407469,-0.202758,-0.096055,-0.000878,0.000563,-0.000591,-3.543983,TARE
5.789000,0.407470,-0.202759,-0.096055,-0.000578,0.000352,-0.000317,-3.543273,TARE
5.790000,0.407468,-0.202758,-0.096055,-0.001685,0.000661,-0.000962,-3.543065,TARE
5.791000,0.407469,-0.202757,-0.096055,-0.000919,0.000730,-0.000504,-3.543408,TARE
5.792000,0.407470,-0.202756,-0.096055,-0.000599,0.000767,-0.000468,-3.544344,TARE
5.793000,0.407466,-0.202757,-0.096058,-0.002031,0.000137,-0.001434,-3.545901,TARE
5.794000,0.407468,-0.202757,-0.096055,-0.000573,0.000559,-0.000352,-3.548108,TARE
5.795000,0.407467,-0.202758,-0.096056,-0.000614,0.000328,-0.000613,-3.550995,TARE
5.796000,0.407465,-0.202757,-0.096057,-0.001237,0.000338,-0.000939,-3.554561,TARE
5.797000,0.407469,-0.202759,-0.096055,-0.000151,-0.000424,-0.000154,-3.558768,TARE
5.798000,0.407467,-0.202756,-0.096056,-0.000413,0.001037,-0.000338,-3.563535,TARE
5.799000,0.407473,-0.202758,-0.096053,0.001646,-0.000076,0.000876,-3.568727,TARE
5.800000,0.407468,-0.202758,-0.096056,0.000204,-0.000283,0.000258,-3.574134,TARE
5.801000,0.407465,-0.202757,-0.096057,-0.000863,0.000326,-0.000473,-3.579510,TARE
5.802000,0.407468,-0.202754,-0.096057,0.000488,0.000956,-0.000106,-3.584632,TARE
5.803000,0.407467,-0.202758,-0.096056,0.000745,-0.000486,0.000185,-3.589345,TARE
5.804000,0.407467,-0.202757,-0.096056,0.000546,0.000018,-0.000057,-3.593555,TARE
5.805000,0.407470,-0.202760,-0.096054,0.001324,-0.000840,0.000671,-3.597218,TARE
5.806000,0.407465,-0.202757,-0.096058,-0.001250,0.000234,-0.000974,-3.600326,TARE
5.807000,0.407470,-0.202759,-0.096054,0.000937,-0.000688,0.000758,-3.602908,TARE
5.808000,0.407464,-0.202757,-0.096058,-0.001227,0.000338,-0.001036,-3.605024,TARE
5.809000,0.407471,-0.202759,-0.096054,0.001671,-0.001035,0.001257,-3.606740,TARE
5.810000,0.407469,-0.202757,-0.096055,0.000774,-0.000383,0.000775,-3.608096,TARE
5.811000,0.407469,-0.202756,-0.096055,0.000581,0.000112,0.000423,-3.609069,TARE
5.812000,0.407472,-0.202757,-0.096054,0.001660,-0.000241,0.000978,-3.609574,TARE
5.813000,0.407473,-0.202757,-0.096053,0.000888,-0.000445,0.000548,-3.609511,TARE
5.814000,0.407472,-0.202757,-0.096053,0.001005,-0.000222,0.000617,-3.608803,TARE
5.815000,0.407470,-0.202757,-0.096055,-0.000003,-0.000199,0.000080,-3.607426,TARE
5.816000,0.407468,-0.202757,-0.096056,-0.000388,-0.000511,-0.000255,-3.605423,TARE
5.817000,0.407474,-0.202759,-0.096052,0.001889,-0.001132,0.001208,-3.602909,TARE
5.818000,0.407474,-0.202759,-0.096052,0.001051,-0.000807,0.000778,-3.600031,TARE
5.819000,0.407470,-0.202758,-0.096055,-0.000078,-0.000183,-0.000001,-3.596905,TARE
5.820000,0.407469,-0.202758,-0.096055,-0.000719,0.000107,-0.000387,-3.593615,TARE
5.821000,0.407469,-0.202758,-0.096055,-0.000076,-0.000144,-0.000119,-3.590258,TARE
5.822000,0.407471,-0.202759,-0.096054,0.000007,-0.000523,0.000135,-3.586960,TARE
5.823000,0.407469,-0.202758,-0.096055,-0.000943,-0.000321,-0.000319,-3.583851,TARE
5.824000,0.407467,-0.202757,-0.096056,-0.001137,-0.000181,-0.000592,-3.581039,TARE
5.825000,0.407470,-0.202758,-0.096055,-0.000264,-0.000370,-0.000159,-3.578615,TARE
5.826000,0.407467,-0.202758,-0.096056,-0.001331,-0.000712,-0.000654,-3.576664,TARE
5.827000,0.407465,-0.202758,-0.096057,-0.001957,-0.000526,-0.000742,-3.575264,TARE
5.828000,0.407465,-0.202759,-0.096057,-0.001673,-0.000472,-0.000592,-3.574481,TARE
5.829000,0.407470,-0.202758,-0.096054,0.000317,0.000185,0.000336,-3.574342,TARE
5.830000,0.407470,-0.202758,-0.096055,-0.000145,-0.000136,-0.000090,-3.574805,TARE
5.831000,0.407465,-0.202759,-0.096057,-0.001095,-0.000491,-0.000449,-3.575773,TARE
5.832000,0.407465,-0.202760,-0.096057,-0.000462,-0.000674,-0.000165,-3.577133,TARE
5.833000,0.407468,-0.202759,-0.096055,0.000569,-0.000425,0.000263,-3.578789,TARE
5.834000,0.407470,-0.202757,-0.096055,0.001386,-0.000274,0.000494,-3.580655,TARE
5.835000,0.407469,-0.202758,-0.096055,0.001118,-0.000072,0.000389,-3.582648,TARE
5.836000,0.407466,-0.202758,-0.096057,0.000421,-0.000250,0.000236,-3.584674,TARE
5.837000,0.407468,-0.202756,-0.096057,0.000452,0.000458,-0.000361,-3.586646,TARE
5.838000,0.407468,-0.202756,-0.096056,0.000706,0.000187,0.000279,-3.588504,TARE
5.839000,0.407464,-0.202760,-0.096058,-0.001102,-0.001236,-0.000754,-3.590226,TARE
5.840000,0.407468,-0.202760,-0.096056,-0.000177,-0.000708,0.000108,-3.591826,TARE
5.841000,0.407465,-0.202758,-0.096057,-0.001388,-0.000413,-0.000527,-3.593348,TARE
5.842000,0.407466,-0.202758,-0.096057,-0.000555,-0.000107,-0.000336,-3.594839,TARE
5.843000,0.407468,-0.202759,-0.096055,0.000159,-0.000557,0.000348,-3.596328,TARE
5.844000,0.407468,-0.202758,-0.096055,0.000533,-0.000413,0.000500,-3.597812,TARE
5.845000,0.407465,-0.202758,-0.096058,-0.000205,-0.000507,-0.000198,-3.599245,TARE
5.846000,0.407468,-0.202759,-0.096055,0.000881,-0.000873,0.000710,-3.600565,TARE
5.847000,0.407469,-0.202757,-0.096055,0.001193,-0.000164,0.000836,-3.601717,TARE
5.848000,0.407468,-0.202759,-0.096054,0.000962,-0.000933,0.000992,-3.602629,TARE
5.849000,0.407467,-0.202757,-0.096056,0.000075,-0.000203,0.000063,-3.603209,TARE
5.850000,0.407470,-0.202756,-0.096054,0.000073,-0.000237,0.000221,-3.603382,TARE
5.851000,0.407473,-0.202759,-0.096053,0.001128,-0.001049,0.000714,-3.603139,TARE
5.852000,0.407470,-0.202756,-0.096055,-0.000089,-0.000113,-0.000241,-3.602527,TARE
5.853000,0.407476,-0.202757,-0.096051,0.001889,-0.000544,0.001350,-3.601630,TARE
5.854000,0.407472,-0.202757,-0.096054,-0.000137,-0.000600,0.000172,-3.600529,TARE
5.855000,0.407474,-0.202755,-0.096053,0.000301,-0.000030,0.000464,-3.599266,TARE
5.856000,0.407474,-0.202756,-0.096052,0.000661,-0.000178,0.000768,-3.597849,TARE
5.857000,0.407473,-0.202756,-0.096053,0.000246,-0.000627,0.000550,-3.596263,TARE
5.858000,0.407473,-0.202756,-0.096053,0.000835,-0.000031,0.000577,-3.594478,TARE
5.859000,0.407474,-0.202757,-0.096053,0.001297,-0.000012,0.000781,-3.592464,TARE
5.860000,0.407473,-0.202758,-0.096052,0.000501,-0.000351,0.000654,-3.590212,TARE
5.861000,0.407476,-0.202757,-0.096051,0.001867,-0.000053,0.001008,-3.587721,TARE
5.862000,0.407471,-0.202757,-0.096055,-0.001158,0.000208,-0.000531,-3.584995,TARE
5.863000,0.407471,-0.202755,-0.096055,-0.000980,0.000610,-0.000424,-3.582066,TARE
5.864000,0.407469,-0.202756,-0.096055,-0.001064,0.000142,-0.000350,-3.579021,TARE
5.865000,0.407469,-0.202755,-0.096056,-0.001455,0.000253,-0.001027,-3.576002,TARE
5.866000,0.407470,-0.202757,-0.096055,-0.001094,-0.000260,-0.000266,-3.573179,TARE
5.867000,0.407471,-0.202758,-0.096054,-0.000003,-0.000304,0.000289,-3.570728,TARE
5.868000,0.407473,-0.202756,-0.096053,0.000325,0.000298,0.000369,-3.568770,TARE
5.869000,0.407466,-0.202757,-0.096057,-0.001913,-0.000339,-0.001053,-3.567342,TARE
5.870000,0.407467,-0.202758,-0.096056,-0.001068,-0.000151,-0.000327,-3.566433,TARE
5.871000,0.407470,-0.202758,-0.096054,0.000493,-0.000256,0.000511,-3.566037,TARE
5.872000,0.407465,-0.202756,-0.096057,-0.001636,0.000240,-0.000820,-3.566129,TARE
5.873000,0.407464,-0.202755,-0.096059,-0.001708,0.000423,-0.000998,-3.566660,TARE
5.874000,0.407465,-0.202758,-0.096057,-0.000317,-0.000620,0.000142,-3.567593,TARE
5.875000,0.407466,-0.202757,-0.096057,0.000251,0.000192,0.000080,-3.568909,TARE
5.876000,0.407463,-0.202756,-0.096059,-0.001194,0.000360,-0.001076,-3.570570,TARE
5.877000,0.407466,-0.202757,-0.096057,0.001246,0.000364,0.000371,-3.572522,TARE
5.878000,0.407463,-0.202756,-0.096059,0.000151,0.000579,-0.000087,-3.574724,TARE
5.879000,0.407464,-0.202756,-0.096058,0.000603,0.000315,0.000071,-3.577129,TARE
5.880000,0.407463,-0.202758,-0.096058,0.000480,-0.000689,0.000581,-3.579659,TARE
5.881000,0.407463,-0.202757,-0.096058,0.000469,0.000358,0.000096,-3.582209,TARE
5.882000,0.407458,-0.202759,-0.096060,-0.000346,-0.000651,0.000085,-3.584659,TARE
5.883000,0.407463,-0.202758,-0.096058,0.000617,-0.000411,0.000381,-3.586902,TARE
5.884000,0.407460,-0.202756,-0.096060,-0.000312,0.000285,-0.000241,-3.588865,TARE
5.885000,0.407466,-0.202758,-0.096057,0.001485,-0.000592,0.001016,-3.590518,TARE
5.886000,0.407468,-0.202756,-0.096055,0.001323,0.000339,0.001073,-3.591839,TARE
5.887000,0.407466,-0.202757,-0.096057,0.000400,0.000250,0.000063,-3.592777,TARE
5.888000,0.407469,-0.202757,-0.096055,0.001574,0.000280,0.000583,-3.593257,TARE
5.889000,0.407464,-0.202755,-0.096059,-0.000167,0.000875,-0.000462,-3.593247,TARE
5.890000,0.407469,-0.202756,-0.096055,0.001866,0.000357,0.000943,-3.592787,TARE
5.891000,0.407468,-0.202756,-0.096056,0.000633,0.000369,0.000255,-3.591963,TARE
5.892000,0.407471,-0.202756,-0.096054,0.000936,0.000137,0.000233,-3.590854,TARE
5.893000,0.407470,-0.202756,-0.096055,0.000975,0.000028,0.000433,-3.589525,TARE
5.894000,0.407469,-0.202754,-0.096057,-0.000322,0.000111,-0.000507,-3.588049,TARE
5.895000,0.407473,-0.202758,-0.096053,0.001077,-0.000939,0.000670,-3.586524,TARE
5.896000,0.407470,-0.202758,-0.096054,0.000508,-0.000525,0.000424,-3.585060,TARE
5.897000,0.407474,-0.202756,-0.096053,0.001366,0.000458,0.000578,-3.583738,TARE
5.898000,0.407471,-0.202756,-0.096054,0.000249,0.000563,-0.000116,-3.582584,TARE
5.899000,0.407474,-0.202756,-0.096052,0.001014,0.000282,0.000470,-3.581592,TARE
5.900000,0.407473,-0.202758,-0.096053,0.000756,0.000039,0.000434,-3.580751,TARE
5.901000,0.407474,-0.202757,-0.096052,0.001188,0.000348,0.000478,-3.580041,TARE
5.902000,0.407474,-0.202756,-0.096053,0.000246,0.000891,-0.000114,-3.579428,TARE
5.903000,0.407472,-0.202754,-0.096055,0.000127,0.001773,-0.000509,-3.578881,TARE
5.904000,0.407477,-0.202759,-0.096050,0.001907,-0.000267,0.001264,-3.578390,TARE
5.905000,0.407473,-0.202757,-0.096053,0.000223,0.000533,-0.000143,-3.577931,TARE
5.906000,0.407472,-0.202759,-0.096053,0.000084,-0.000263,0.000197,-3.577456,TARE
5.907000,0.407470,-0.202757,-0.096055,-0.000817,-0.000153,-0.000360,-3.576915,TARE
5.908000,0.407471,-0.202755,-0.096054,-0.000249,0.000764,-0.000000,-3.576282,TARE
5.909000,0.407472,-0.202758,-0.096053,0.000049,-0.000806,0.000104,-3.575555,TARE
5.910000,0.407470,-0.202757,-0.096054,0.000260,0.000003,0.000103,-3.574743,TARE
5.911000,0.407472,-0.202757,-0.096053,0.001013,0.000287,0.000666,-3.573851,TARE
5.912000,0.407469,-0.202757,-0.096056,0.000452,0.000068,0.000036,-3.572875,TARE
5.913000,0.407466,-0.202759,-0.096056,-0.000317,-0.000281,0.000047,-3.571808,TARE
5.914000,0.407466,-0.202760,-0.096055,0.000313,-0.000610,0.000478,-3.570657,TARE
5.915000,0.407467,-0.202757,-0.096056,0.000903,0.000615,0.000353,-3.569441,TARE
5.916000,0.407465,-0.202757,-0.096058,0.000396,0.000742,-0.000349,-3.568176,TARE
5.917000,0.407465,-0.202755,-0.096057,0.000937,0.001250,0.000251,-3.566900,TARE
5.918000,0.407467,-0.202761,-0.096055,0.001595,-0.000715,0.000954,-3.565666,TARE
5.919000,0.407460,-0.202760,-0.096058,-0.000915,0.000157,-0.000341,-3.564513,TARE
5.920000,0.407462,-0.202758,-0.096057,0.000416,0.000078,0.000313,-3.563451,TARE
5.921000,0.407460,-0.202759,-0.096060,-0.000658,-0.000345,-0.000599,-3.562494,TARE
5.922000,0.407461,-0.202758,-0.096058,0.000023,-0.000156,0.000224,-3.561681,TARE
5.923000,0.407457,-0.202758,-0.096061,-0.001108,0.000362,-0.000768,-3.561073,TARE
5.924000,0.407464,-0.202759,-0.096057,0.001888,-0.000024,0.000851,-3.560723,TARE
5.925000,0.407462,-0.202757,-0.096058,0.000669,0.000873,0.000040,-3.560661,TARE
5.926000,0.407463,-0.202756,-0.096058,0.000863,0.000934,0.000402,-3.560874,TARE
5.927000,0.407464,-0.202758,-0.096057,0.000809,-0.000088,0.000415,-3.561312,TARE
5.928000,0.407460,-0.202760,-0.096058,-0.000270,-0.000368,0.000143,-3.561895,TARE
5.929000,0.407463,-0.202758,-0.096058,0.000188,0.000528,-0.000195,-3.562540,TARE
5.930000,0.407462,-0.202757,-0.096057,-0.000038,0.000393,0.000038,-3.563192,TARE
5.931000,0.407467,-0.202757,-0.096056,0.001054,0.000117,0.000770,-3.563833,TARE
5.932000,0.407468,-0.202756,-0.096056,0.001219,0.000264,0.000608,-3.564446,TARE
5.933000,0.407465,-0.202756,-0.096057,0.000223,0.000126,0.000146,-3.564987,TARE
5.934000,0.407465,-0.202755,-0.096057,0.000106,0.000531,0.000016,-3.565411,TARE
5.935000,0.407466,-0.202755,-0.096056,0.000886,0.000682,0.000385,-3.565689,TARE
5.936000,0.407466,-0.202756,-0.096056,0.000697,0.000196,0.000510,-3.565812,TARE
5.937000,0.407467,-0.202755,-0.096057,0.001235,0.000263,0.000613,-3.565772,TARE
5.938000,0.407470,-0.202756,-0.096054,0.001684,0.000133,0.001208,-3.565553,TARE
5.939000,0.407468,-0.202754,-0.096056,0.000491,0.000593,0.000062,-3.565121,TARE
5.940000,0.407472,-0.202758,-0.096053,0.001797,-0.000815,0.001292,-3.564431,TARE
5.941000,0.407468,-0.202757,-0.096055,-0.000809,-0.000318,-0.000252,-3.563445,TARE
5.942000,0.407468,-0.202756,-0.096055,-0.000682,-0.000514,-0.000258,-3.562158,TARE
5.943000,0.407466,-0.202756,-0.096057,-0.001965,-0.000877,-0.001095,-3.560633,TARE
5.944000,0.407470,-0.202756,-0.096054,0.000183,-0.000402,0.000297,-3.559022,TARE
5.945000,0.407468,-0.202756,-0.096056,-0.000546,-0.000212,-0.000263,-3.557523,TARE
5.946000,0.407468,-0.202757,-0.096055,-0.001023,-0.000977,-0.000161,-3.556302,TARE
5.947000,0.407470,-0.202756,-0.096054,-0.000697,-0.000164,-0.000135,-3.555466,TARE
5.948000,0.407472,-0.202756,-0.096054,-0.000314,0.000053,-0.000408,-3.555064,TARE
5.949000,0.407467,-0.202755,-0.096056,-0.000567,0.000419,-0.000476,-3.555102,TARE
5.950000,0.407466,-0.202758,-0.096057,-0.000367,-0.000255,-0.000531,-3.555573,TARE
5.951000,0.407467,-0.202756,-0.096056,-0.000052,0.000330,-0.000455,-3.556475,TARE
5.952000,0.407469,-0.202757,-0.096055,0.000657,0.000393,-0.000152,-3.557813,TARE
5.953000,0.407466,-0.202754,-0.096056,0.000425,0.001132,-0.000058,-3.559581,TARE
5.954000,0.407463,-0.202758,-0.096058,-0.000745,-0.000064,-0.000725,-3.561744,TARE
5.955000,0.407466,-0.202758,-0.096056,0.000469,0.000141,0.000175,-3.564238,TARE
5.956000,0.407465,-0.202758,-0.096057,-0.000467,-0.000208,-0.000393,-3.566991,TARE
5.957000,0.407468,-0.202759,-0.096056,0.000762,-0.000393,0.000083,-3.569928,TARE
5.958000,0.407463,-0.202758,-0.096059,-0.000256,0.000635,-0.000660,-3.572981,TARE
5.959000,0.407463,-0.202755,-0.096059,0.000310,0.001701,-0.000491,-3.576110,TARE
5.960000,0.407462,-0.202760,-0.096058,0.000467,-0.000128,0.000052,-3.579287,TARE
5.961000,0.407465,-0.202758,-0.096057,0.001512,0.000297,0.000621,-3.582470,TARE
5.962000,0.407464,-0.202759,-0.096057,0.000746,0.000321,0.000308,-3.585566,TARE
5.963000,0.407461,-0.202759,-0.096058,-0.000952,-0.000536,-0.000244,-3.588445,TARE
5.964000,0.407463,-0.202760,-0.096058,0.000045,-0.000742,-0.000062,-3.590985,TARE
5.965000,0.407462,-0.202757,-0.096058,0.000059,0.000083,0.000358,-3.593121,TARE
5.966000,0.407462,-0.202756,-0.096059,-0.000213,0.000451,-0.000394,-3.594835,TARE
5.967000,0.407463,-0.202758,-0.096057,0.000701,-0.000519,0.000562,-3.596132,TARE
5.968000,0.407466,-0.202757,-0.096057,0.000966,0.000352,0.000268,-3.597030,TARE
5.969000,0.407464,-0.202756,-0.096058,0.000064,0.000459,-0.000276,-3.597557,TARE
5.970000,0.407460,-0.202758,-0.096059,-0.000669,-0.000303,-0.000196,-3.597760,TARE
5.971000,0.407466,-0.202755,-0.096056,0.001269,0.000430,0.000769,-3.597694,TARE
5.972000,0.407464,-0.202757,-0.096057,0.000993,0.000050,0.000498,-3.597392,TARE
5.973000,0.407465,-0.202758,-0.096057,0.000508,0.000075,0.000211,-3.596842,TARE
5.974000,0.407465,-0.202757,-0.096056,0.000653,0.000259,0.000450,-3.596016,TARE
5.975000,0.407467,-0.202758,-0.096056,0.000417,-0.000168,0.000342,-3.594896,TARE
5.976000,0.407466,-0.202757,-0.096057,0.000555,0.000362,0.000218,-3.593484,TARE
5.977000,0.407467,-0.202756,-0.096056,0.000582,0.000912,0.000074,-3.591797,TARE
5.978000,0.407467,-0.202756,-0.096057,0.001042,0.000127,0.000204,-3.589874,TARE
5.979000,0.407466,-0.202754,-0.096057,-0.000459,0.000666,-0.000304,-3.587785,TARE
5.980000,0.407470,-0.202755,-0.096055,0.000834,-0.000303,0.000467,-3.585628,TARE
5.981000,0.407464,-0.202755,-0.096057,-0.000382,-0.000209,-0.000059,-3.583510,TARE
5.982000,0.407471,-0.202755,-0.096054,0.001526,-0.000066,0.001039,-3.581501,TARE
5.983000,0.407470,-0.202758,-0.096054,0.000552,-0.001041,0.000372,-3.579616,TARE
5.984000,0.407468,-0.202757,-0.096056,-0.000254,-0.000769,-0.000096,-3.577824,TARE
5.985000,0.407467,-0.202755,-0.096057,-0.000772,-0.000089,-0.000650,-3.576103,TARE
5.986000,0.407470,-0.202754,-0.096055,0.000008,-0.000122,0.000036,-3.574480,TARE
5.987000,0.407469,-0.202754,-0.096056,-0.000699,0.000032,-0.000710,-3.573016,TARE
5.988000,0.407468,-0.202753,-0.096056,-0.000454,0.000424,-0.000356,-3.571776,TARE
5.989000,0.407469,-0.202756,-0.096056,-0.000060,-0.000259,-0.000272,-3.570813,TARE
5.990000,0.407463,-0.202756,-0.096058,-0.001777,-0.000352,-0.001005,-3.570162,TARE
5.991000,0.407464,-0.202756,-0.096059,-0.000511,-0.000025,-0.000607,-3.569853,TARE
5.992000,0.407466,-0.202755,-0.096056,0.000675,0.000475,0.000608,-3.569914,TARE
5.993000,0.407461,-0.202754,-0.096060,-0.001507,0.000169,-0.000832,-3.570339,TARE
5.994000,0.407463,-0.202754,-0.096058,-0.000791,0.000129,-0.000113,-3.571074,TARE
5.995000,0.407467,-0.202754,-0.096057,0.000499,0.000041,0.000600,-3.572032,TARE
5.996000,0.407462,-0.202754,-0.096059,-0.000296,0.000133,-0.000220,-3.573108,TARE
5.997000,0.407464,-0.202755,-0.096058,0.000629,-0.000053,0.000300,-3.574187,TARE
5.998000,0.407463,-0.202755,-0.096059,0.000223,0.000406,0.000028,-3.575183,TARE
5.999000,0.407460,-0.202757,-0.096060,-0.000336,-0.000028,-0.000222,-3.576052,TARE
6.000000,0.407461,-0.202754,-0.096060,-0.000306,0.000827,-0.000295,-3.576782,TARE
6.001000,0.407459,-0.202756,-0.096060,0.000012,0.000075,0.000335,-3.577395,TARE
6.002000,0.407462,-0.202757,-0.096059,-0.000382,-0.000532,0.000123,-3.577915,TARE
6.003000,0.407461,-0.202757,-0.096058,0.000675,-0.000358,0.000714,-3.578346,TARE
6.004000,0.407464,-0.202758,-0.096057,0.001645,-0.000544,0.001046,-3.578658,TARE
6.005000,0.407458,-0.202756,-0.096061,-0.001053,-0.000010,-0.000593,-3.578786,TARE
6.006000,0.407461,-0.202756,-0.096059,0.000005,-0.000369,0.000259,-3.578673,TARE
6.007000,0.407464,-0.202758,-0.096057,0.000403,-0.001163,0.000719,-3.578307,TARE
6.008000,0.407462,-0.202758,-0.096057,-0.000508,-0.000778,0.000318,-3.577701,TARE
6.009000,0.407462,-0.202756,-0.096058,0.000215,0.000248,0.000012,-3.576860,TARE
6.010000,0.407462,-0.202756,-0.096058,0.000272,0.000108,0.000331,-3.575787,TARE
6.011000,0.407461,-0.202756,-0.096059,-0.000314,-0.000213,-0.000126,-3.574501,TARE
6.012000,0.407467,-0.202756,-0.096056,0.001817,0.000238,0.000919,-3.573037,TARE
6.013000,0.407468,-0.202757,-0.096055,0.001825,-0.000292,0.001082,-3.571435,TARE
6.014000,0.407466,-0.202758,-0.096056,0.001451,-0.000984,0.001065,-3.569696,TARE
6.015000,0.407465,-0.202758,-0.096057,0.000424,-0.000771,0.000460,-3.567779,TARE
6.016000,0.407467,-0.202756,-0.096057,0.000767,0.000162,0.000189,-3.565642,TARE
6.017000,0.407463,-0.202755,-0.096058,-0.000307,0.000676,-0.000161,-3.563295,TARE
6.018000,0.407468,-0.202759,-0.096055,0.001781,-0.000364,0.001028,-3.560814,TARE
6.019000,0.407466,-0.202759,-0.096056,0.000741,-0.000626,0.000720,-3.558288,TARE
6.020000,0.407468,-0.202758,-0.096055,0.001560,0.000103,0.000685,-3.555781,TARE
6.021000,0.407470,-0.202758,-0.096054,0.001542,-0.000476,0.000708,-3.553318,TARE
6.022000,0.407469,-0.202759,-0.096054,0.001424,-0.000751,0.000902,-3.550907,TARE
6.023000,0.407469,-0.202757,-0.096054,0.001504,0.000233,0.000669,-3.548546,TARE
6.024000,0.407468,-0.202757,-0.096056,0.000865,0.000201,0.000223,-3.546224,TARE
6.025000,0.407472,-0.202756,-0.096053,0.001418,0.000832,0.000522,-3.543950,TARE
6.026000,0.407470,-0.202755,-0.096054,0.000037,0.000524,-0.000036,-3.541759,TARE
6.027000,0.407466,-0.202759,-0.096055,-0.001313,-0.000378,-0.000478,-3.539710,TARE
6.028000,0.407472,-0.202756,-0.096053,0.000533,0.000536,0.000183,-3.537888,TARE
6.029000,0.407466,-0.202758,-0.096056,-0.002105,0.000141,-0.001387,-3.536408,TARE
6.030000,0.407468,-0.202756,-0.096056,-0.001179,0.001044,-0.001153,-3.535403,TARE
6.031000,0.407469,-0.202757,-0.096055,0.000089,0.000368,-0.000135,-3.535028,TARE
6.032000,0.407469,-0.202758,-0.096055,0.000392,-0.000139,-0.000007,-3.535402,TARE
6.033000,0.407468,-0.202757,-0.096055,0.000390,0.000393,-0.000229,-3.536556,TARE
6.034000,0.407467,-0.202758,-0.096055,-0.000119,-0.000133,-0.000140,-3.538422,TARE
6.035000,0.407466,-0.202757,-0.096057,-0.000976,0.000066,-0.000623,-3.540885,TARE
6.036000,0.407463,-0.202758,-0.096057,-0.001754,-0.000131,-0.001119,-3.543826,TARE
6.037000,0.407465,-0.202758,-0.096057,-0.001148,-0.000630,-0.000685,-3.547162,TARE
6.038000,0.407463,-0.202757,-0.096058,-0.001208,-0.000255,-0.000803,-3.550847,TARE
6.039000,0.407467,-0.202759,-0.096055,0.001145,-0.000844,0.000448,-3.554844,TARE
6.040000,0.407465,-0.202755,-0.096057,0.000760,0.000401,0.000041,-3.559077,TARE
6.041000,0.407463,-0.202757,-0.096058,0.000713,-0.000075,-0.000186,-3.563419,TARE
6.042000,0.407462,-0.202756,-0.096059,-0.000207,-0.000122,-0.000464,-3.567729,TARE
6.043000,0.407466,-0.202756,-0.096056,0.001029,-0.000004,0.000419,-3.571894,TARE
6.044000,0.407464,-0.202755,-0.096058,-0.000467,0.000487,-0.000661,-3.575819,TARE
6.045000,0.407464,-0.202754,-0.096059,0.000615,0.001089,-0.000307,-3.579423,TARE
6.046000,0.407462,-0.202754,-0.096059,-0.000533,0.001019,-0.000596,-3.582655,TARE
6.047000,0.407461,-0.202755,-0.096059,-0.000710,0.000763,-0.000632,-3.585495,TARE
6.048000,0.407464,-0.202754,-0.096058,0.000519,0.000539,0.000080,-3.587951,TARE
6.049000,0.407464,-0.202759,-0.096057,0.000577,-0.000504,0.000338,-3.590031,TARE
6.050000,0.407460,-0.202758,-0.096059,-0.001120,0.000164,-0.000594,-3.591723,TARE
6.051000,0.407464,-0.202757,-0.096057,0.000552,0.000601,0.000090,-3.593000,TARE
6.052000,0.407462,-0.202755,-0.096059,-0.000372,0.000894,-0.000781,-3.593850,TARE
6.053000,0.407462,-0.202757,-0.096058,-0.000193,0.000207,0.000092,-3.594305,TARE
6.054000,0.407465,-0.202757,-0.096056,0.000737,-0.000167,0.000894,-3.594416,TARE
6.055000,0.407466,-0.202757,-0.096055,0.000952,-0.000371,0.000896,-3.594188,TARE
6.056000,0.407464,-0.202758,-0.096058,-0.000450,0.000077,-0.000401,-3.593559,TARE
6.057000,0.407465,-0.202757,-0.096056,0.000025,0.000579,0.000120,-3.592461,TARE
6.058000,0.407465,-0.202755,-0.096057,-0.000029,0.000671,-0.000156,-3.590885,TARE
6.059000,0.407466,-0.202756,-0.096056,-0.000051,-0.000017,0.000209,-3.588881,TARE
6.060000,0.407466,-0.202757,-0.096056,0.000918,-0.000271,0.000708,-3.586518,TARE
6.061000,0.407469,-0.202756,-0.096055,0.001431,-0.000106,0.001056,-3.583843,TARE
6.062000,0.407461,-0.202756,-0.096059,-0.001510,-0.000008,-0.000656,-3.580869,TARE
6.063000,0.407465,-0.202757,-0.096056,0.000071,-0.000422,0.000312,-3.577612,TARE
6.064000,0.407468,-0.202755,-0.096055,0.001118,0.000096,0.000846,-3.574124,TARE
6.065000,0.407470,-0.202754,-0.096055,0.001310,0.000720,0.000705,-3.570471,TARE
6.066000,0.407466,-0.202758,-0.096056,0.000429,-0.000923,0.000358,-3.566684,TARE
6.067000,0.407468,-0.202756,-0.096056,0.001140,-0.000122,0.000368,-3.562787,TARE
6.068000,0.407466,-0.202757,-0.096056,0.000234,-0.000811,0.000277,-3.558826,TARE
6.069000,0.407466,-0.202758,-0.096057,0.000194,-0.001360,0.000136,-3.554882,TARE
6.070000,0.407461,-0.202757,-0.096059,-0.000535,-0.000817,-0.000314,-3.551068,TARE
6.071000,0.407464,-0.202756,-0.096058,0.000439,-0.000510,0.000318,-3.547515,TARE
6.072000,0.407466,-0.202756,-0.096057,0.001060,-0.000636,0.000658,-3.544336,TARE
6.073000,0.407466,-0.202755,-0.096056,0.001166,-0.000115,0.000779,-3.541581,TARE
6.074000,0.407466,-0.202757,-0.096056,0.001001,-0.000661,0.000717,-3.539212,TARE
6.075000,0.407464,-0.202758,-0.096057,0.000179,-0.000419,0.000182,-3.537138,TARE
6.076000,0.407464,-0.202755,-0.096058,0.000036,0.000766,-0.000416,-3.535272,TARE
6.077000,0.407464,-0.202756,-0.096058,0.000070,0.000441,-0.000387,-3.533591,TARE
6.078000,0.407462,-0.202753,-0.096059,-0.000163,0.000716,-0.000441,-3.532154,TARE
6.079000,0.407464,-0.202758,-0.096057,0.000515,-0.000348,0.000351,-3.531077,TARE
6.080000,0.407462,-0.202756,-0.096058,-0.000555,0.000568,-0.000547,-3.530467,TARE
6.081000,0.407465,-0.202756,-0.096057,0.000369,0.000420,-0.000032,-3.530393,TARE
6.082000,0.407463,-0.202758,-0.096057,-0.000104,-0.000443,0.000031,-3.530878,TARE
6.083000,0.407461,-0.202758,-0.096059,-0.000642,0.000307,-0.000433,-3.531911,TARE
6.084000,0.407469,-0.202759,-0.096054,0.001434,-0.000170,0.000896,-3.533442,TARE
6.085000,0.407465,-0.202758,-0.096056,0.000778,0.000770,0.000217,-3.535377,TARE
6.086000,0.407463,-0.202758,-0.096057,0.000132,0.000217,-0.000160,-3.537586,TARE
6.087000,0.407462,-0.202760,-0.096057,-0.000518,-0.000301,-0.000305,-3.539945,TARE
6.088000,0.407464,-0.202759,-0.096056,0.000130,0.000056,0.000065,-3.542385,TARE
6.089000,0.407465,-0.202759,-0.096056,0.000809,0.000142,0.000411,-3.544875,TARE
6.090000,0.407467,-0.202759,-0.096055,0.001215,0.000230,0.000713,-3.547387,TARE
6.091000,0.407464,-0.202756,-0.096057,-0.000325,0.000810,-0.000416,-3.549865,TARE
6.092000,0.407462,-0.202758,-0.096058,-0.001416,-0.000400,-0.000530,-3.552243,TARE
6.093000,0.407468,-0.202758,-0.096055,0.000504,-0.000191,0.000393,-3.554484,TARE
6.094000,0.407464,-0.202759,-0.096057,-0.001160,-0.000581,-0.000540,-3.556582,TARE
6.095000,0.407467,-0.202757,-0.096055,-0.000067,0.000150,0.000186,-3.558546,TARE
6.096000,0.407465,-0.202758,-0.096057,-0.000910,-0.000470,-0.000415,-3.560386,TARE
6.097000,0.407465,-0.202757,-0.096057,-0.000863,-0.000014,-0.000408,-3.562115,TARE
6.098000,0.407467,-0.202757,-0.096055,0.000094,-0.000355,0.000396,-3.563751,TARE
6.099000,0.407471,-0.202757,-0.096054,0.001543,0.000128,0.000724,-3.565300,TARE
6.100000,0.407462,-0.202756,-0.096058,-0.001496,0.000404,-0.000899,-3.566727,TARE
6.101000,0.407469,-0.202755,-0.096054,0.000616,0.000464,0.000369,-3.567982,TARE
6.102000,0.407467,-0.202756,-0.096056,-0.000599,-0.000096,-0.000437,-3.569029,TARE
6.103000,0.407465,-0.202756,-0.096057,-0.001050,-0.000028,-0.000372,-3.569860,TARE
6.104000,0.407466,-0.202756,-0.096056,-0.000080,0.000128,-0.000040,-3.570489,TARE
6.105000,0.407465,-0.202757,-0.096056,-0.000344,0.000114,-0.000300,-3.570949,TARE
6.106000,0.407465,-0.202756,-0.096057,-0.000483,0.000624,-0.000517,-3.571271,TARE
6.107000,0.407467,-0.202757,-0.096056,0.000276,-0.000202,0.000218,-3.571486,TARE
6.108000,0.407463,-0.202755,-0.096058,-0.001302,0.000105,-0.000550,-3.571629,TARE
6.109000,0.407463,-0.202756,-0.096057,-0.001136,-0.000204,-0.000326,-3.571730,TARE
6.110000,0.407468,-0.202756,-0.096055,0.000359,-0.000095,0.000386,-3.571807,TARE
6.111000,0.407464,-0.202754,-0.096058,-0.000638,0.000213,-0.000495,-3.571856,TARE
6.112000,0.407462,-0.202755,-0.096058,-0.000567,-0.000004,-0.000313,-3.571855,TARE
6.113000,0.407461,-0.202756,-0.096059,-0.000156,-0.000268,-0.000161,-3.571798,TARE
6.114000,0.407461,-0.202757,-0.096058,-0.000447,-0.000441,0.000001,-3.571693,TARE
6.115000,0.407462,-0.202755,-0.096058,-0.000184,0.000188,-0.000043,-3.571546,TARE
6.116000,0.407464,-0.202755,-0.096058,0.000806,0.000168,0.000021,-3.571347,TARE
6.117000,0.407462,-0.202755,-0.096058,-0.000191,0.000690,-0.000216,-3.571078,TARE
6.118000,0.407461,-0.202753,-0.096059,-0.000283,0.001032,-0.000418,-3.570730,TARE
6.119000,0.407458,-0.202753,-0.096060,-0.000130,0.000450,-0.000127,-3.570309,TARE
6.120000,0.407460,-0.202754,-0.096060,-0.000036,0.000157,-0.000197,-3.569831,TARE
6.121000,0.407462,-0.202755,-0.096059,0.000814,0.000186,0.000142,-3.569310,TARE
6.122000,0.407460,-0.202753,-0.096060,0.000179,0.000606,-0.000110,-3.568764,TARE
6.123000,0.407462,-0.202755,-0.096059,0.000910,-0.000347,0.000603,-3.568210,TARE
6.124000,0.407464,-0.202755,-0.096058,0.001065,-0.000081,0.000437,-3.567645,TARE
6.125000,0.407457,-0.202756,-0.096061,-0.001416,-0.000899,-0.000526,-3.567048,TARE
6.126000,0.407461,-0.202754,-0.096059,0.000231,-0.000236,0.000363,-3.566413,TARE
6.127000,0.407464,-0.202758,-0.096057,0.000873,-0.001196,0.001140,-3.565755,TARE
6.128000,0.407460,-0.202756,-0.096059,-0.000812,-0.000993,-0.000017,-3.565060,TARE
6.129000,0.407466,-0.202756,-0.096056,0.001173,-0.000730,0.000716,-3.564282,TARE
6.130000,0.407463,-0.202754,-0.096059,0.001076,0.000035,0.000443,-3.563369,TARE
6.131000,0.407463,-0.202756,-0.096058,-0.000030,0.000022,0.000148,-3.562295,TARE
6.132000,0.407464,-0.202756,-0.096058,0.000295,0.000495,-0.000055,-3.561052,TARE
6.133000,0.407464,-0.202757,-0.096057,0.001511,0.000117,0.000492,-3.559650,TARE
6.134000,0.407467,-0.202755,-0.096055,0.001684,0.000042,0.000959,-3.558117,TARE
6.135000,0.407463,-0.202757,-0.096057,-0.000626,-0.000395,-0.000256,-3.556467,TARE
6.136000,0.407462,-0.202757,-0.096057,-0.001040,-0.000551,-0.000344,-3.554717,TARE
6.137000,0.407466,-0.202757,-0.096056,-0.000237,-0.000008,-0.000232,-3.552915,TARE
6.138000,0.407465,-0.202757,-0.096057,-0.000844,-0.000166,-0.000446,-3.551160,TARE
6.139000,0.407467,-0.202757,-0.096056,0.000208,-0.000362,0.000071,-3.549572,TARE
6.140000,0.407467,-0.202759,-0.096054,0.000662,-0.000560,0.000704,-3.548247,TARE
6.141000,0.407464,-0.202757,-0.096056,-0.000330,0.000268,-0.000021,-3.547223,TARE
6.142000,0.407465,-0.202758,-0.096056,-0.000059,-0.000443,0.000016,-3.546465,TARE
6.143000,0.407464,-0.202756,-0.096058,-0.000970,0.000107,-0.000662,-3.545924,TARE
6.144000,0.407463,-0.202756,-0.096057,-0.001203,-0.000453,-0.000405,-3.545586,TARE
6.145000,0.407466,-0.202756,-0.096056,-0.000286,-0.000175,0.000082,-3.545484,TARE
6.146000,0.407465,-0.202757,-0.096055,-0.000821,-0.000733,0.000093,-3.545648,TARE
6.147000,0.407464,-0.202758,-0.096056,-0.001156,-0.001260,-0.000060,-3.546068,TARE
6.148000,0.407467,-0.202757,-0.096055,0.000323,-0.001026,0.000707,-3.546698,TARE
6.149000,0.407468,-0.202754,-0.096055,0.001001,-0.000182,0.000802,-3.547459,TARE
6.150000,0.407461,-0.202758,-0.096058,-0.001852,-0.000938,-0.000777,-3.548248,TARE
6.151000,0.407461,-0.202755,-0.096059,-0.001115,0.000090,-0.000571,-3.548976,TARE
6.152000,0.407463,-0.202754,-0.096058,-0.000760,0.000475,-0.000353,-3.549620,TARE
6.153000,0.407468,-0.202756,-0.096055,0.000818,0.000037,0.000569,-3.550206,TARE
6.154000,0.407461,-0.202756,-0.096059,-0.000887,0.000128,-0.000513,-3.550745,TARE
6.155000,0.407461,-0.202757,-0.096059,-0.000528,-0.000052,-0.000393,-3.551227,TARE
6.156000,0.407462,-0.202757,-0.096057,0.000595,-0.000352,0.000386,-3.551646,TARE
6.157000,0.407463,-0.202755,-0.096059,-0.000072,0.000356,-0.000489,-3.552013,TARE
6.158000,0.407461,-0.202756,-0.096059,-0.000376,0.000372,-0.000675,-3.552352,TARE
6.159000,0.407462,-0.202758,-0.096058,-0.000131,-0.000910,-0.000009,-3.552717,TARE
6.160000,0.407461,-0.202757,-0.096059,-0.000056,-0.000348,-0.000128,-3.553182,TARE
6.161000,0.407461,-0.202759,-0.096058,0.000782,-0.000789,0.000547,-3.553794,TARE
6.162000,0.407462,-0.202756,-0.096058,0.000806,0.000282,0.000473,-3.554539,TARE
6.163000,0.407458,-0.202756,-0.096061,-0.000126,0.000688,-0.000477,-3.555348,TARE
6.164000,0.407462,-0.202754,-0.096058,0.001342,0.001174,0.000311,-3.556140,TARE
6.165000,0.407462,-0.202758,-0.096058,0.000754,-0.000087,0.000400,-3.556853,TARE
6.166000,0.407462,-0.202756,-0.096058,0.001134,0.000665,-0.000011,-3.557445,TARE
6.167000,0.407463,-0.202760,-0.096057,0.000248,-0.001072,0.000070,-3.557890,TARE
6.168000,0.407463,-0.202755,-0.096058,0.000274,0.001078,-0.000219,-3.558197,TARE
6.169000,0.407461,-0.202756,-0.096058,-0.000503,0.000319,-0.000363,-3.558404,TARE
6.170000,0.407464,-0.202756,-0.096058,0.000514,0.000762,-0.000087,-3.558563,TARE
6.171000,0.407465,-0.202759,-0.096055,-0.000161,-0.000436,0.000224,-3.558715,TARE
6.172000,0.407463,-0.202757,-0.096057,-0.000949,0.000113,-0.000443,-3.558871,TARE
6.173000,0.407462,-0.202755,-0.096058,-0.000911,0.000590,-0.000692,-3.559028,TARE
6.174000,0.407467,-0.202756,-0.096054,0.001137,-0.000042,0.000862,-3.559182,TARE
6.175000,0.407465,-0.202757,-0.096057,-0.000112,-0.000116,-0.000307,-3.559321,TARE
6.176000,0.407463,-0.202759,-0.096056,-0.000907,-0.000877,-0.000058,-3.559422,TARE
6.177000,0.407466,-0.202759,-0.096056,-0.000324,-0.000895,-0.000118,-3.559470,TARE
6.178000,0.407465,-0.202756,-0.096057,-0.000281,-0.000013,-0.000119,-3.559479,TARE
6.179000,0.407467,-0.202757,-0.096054,0.000235,-0.000201,0.000529,-3.559477,TARE
6.180000,0.407466,-0.202758,-0.096055,0.000008,-0.000406,0.000325,-3.559458,TARE
6.181000,0.407468,-0.202756,-0.096055,0.000778,0.000209,0.000334,-3.559355,TARE
6.182000,0.407467,-0.202757,-0.096055,0.000209,-0.000010,0.000184,-3.559077,TARE
6.183000,0.407464,-0.202757,-0.096057,-0.001171,0.000078,-0.000578,-3.558557,TARE
6.184000,0.407468,-0.202758,-0.096054,0.000499,-0.000067,0.000384,-3.557782,TARE
6.185000,0.407467,-0.202755,-0.096056,-0.000305,0.000987,-0.000480,-3.556790,TARE
6.186000,0.407466,-0.202757,-0.096056,-0.000528,0.000226,-0.000648,-3.555653,TARE
6.187000,0.407469,-0.202758,-0.096053,0.000430,-0.000343,0.000423,-3.554475,TARE
6.188000,0.407464,-0.202757,-0.096056,-0.000915,-0.000373,-0.000280,-3.553365,TARE
6.189000,0.407469,-0.202758,-0.096054,0.000846,-0.000789,0.000630,-3.552383,TARE
6.190000,0.407467,-0.202758,-0.096055,-0.000425,-0.000609,-0.000016,-3.551530,TARE
6.191000,0.407465,-0.202758,-0.096056,-0.000170,-0.001120,0.000198,-3.550768,TARE
6.192000,0.407467,-0.202755,-0.096056,0.000363,0.000550,0.000110,-3.550048,TARE
6.193000,0.407460,-0.202756,-0.096060,-0.001530,0.000625,-0.001334,-3.549333,TARE
6.194000,0.407463,-0.202755,-0.096059,0.000339,0.000646,-0.000209,-3.548631,TARE
6.195000,0.407462,-0.202757,-0.096058,0.000428,0.000214,0.000128,-3.548006,TARE
6.196000,0.407463,-0.202757,-0.096057,0.000432,0.000275,0.000243,-3.547518,TARE
6.197000,0.407461,-0.202758,-0.096059,-0.000443,-0.000370,-0.000239,-3.547171,TARE
6.198000,0.407462,-0.202756,-0.096058,0.000504,0.000118,0.000567,-3.546922,TARE
6.199000,0.407462,-0.202758,-0.096058,0.000464,0.000008,0.000485,-3.546710,TARE
6.200000,0.407462,-0.202758,-0.096058,0.000508,-0.000329,0.000408,-3.546448,TARE
6.201000,0.407459,-0.202757,-0.096060,0.000087,0.000792,-0.000080,-3.546043,TARE
6.202000,0.407461,-0.202757,-0.096059,0.000501,0.000395,0.000171,-3.545439,TARE
6.203000,0.407461,-0.202757,-0.096060,0.000394,0.000050,-0.000053,-3.544634,TARE
6.204000,0.407462,-0.202755,-0.096058,0.001104,0.000786,0.000561,-3.543678,TARE
6.205000,0.407462,-0.202757,-0.096058,0.000558,-0.000401,0.000528,-3.542642,TARE
6.206000,0.407464,-0.202754,-0.096058,0.001157,0.001012,0.000697,-3.541571,TARE
6.207000,0.407462,-0.202757,-0.096058,-0.000061,0.000049,0.000065,-3.540470,TARE
6.208000,0.407460,-0.202755,-0.096060,-0.000758,0.000767,-0.000482,-3.539330,TARE
6.209000,0.407463,-0.202755,-0.096058,0.000481,0.000833,0.000116,-3.538173,TARE
6.210000,0.407462,-0.202753,-0.096060,0.000002,0.001564,-0.000608,-3.537064,TARE
6.211000,0.407462,-0.202755,-0.096059,-0.000542,0.000280,-0.000147,-3.536103,TARE
6.212000,0.407464,-0.202753,-0.096058,0.000361,0.001036,0.000152,-3.535395,TARE
6.213000,0.407468,-0.202753,-0.096056,0.001557,0.000697,0.000851,-3.535006,TARE
6.214000,0.407466,-0.202755,-0.096057,0.000295,-0.000112,0.000084,-3.534926,TARE
6.215000,0.407465,-0.202754,-0.096058,-0.000086,-0.000033,0.000097,-3.535108,TARE
6.216000,0.407466,-0.202755,-0.096057,0.000485,-0.000614,0.000558,-3.535504,TARE
6.217000,0.407466,-0.202755,-0.096058,0.000143,-0.000078,-0.000127,-3.536083,TARE
6.218000,0.407466,-0.202753,-0.096057,0.000075,0.000453,0.000230,-3.536831,TARE
6.219000,0.407463,-0.202755,-0.096058,-0.000555,-0.000244,-0.000146,-3.537741,TARE
6.220000,0.407469,-0.202754,-0.096055,0.000852,0.000257,0.000439,-3.538807,TARE
6.221000,0.407468,-0.202753,-0.096056,0.000318,0.000278,0.000114,-3.540006,TARE
6.222000,0.407466,-0.202756,-0.096057,-0.000294,-0.000565,-0.000243,-3.541303,TARE
6.223000,0.407466,-0.202756,-0.096056,-0.000029,-0.000400,0.000107,-3.542675,TARE
6.224000,0.407466,-0.202753,-0.096057,-0.000657,0.000259,-0.000461,-3.544128,TARE
6.225000,0.407467,-0.202756,-0.096056,-0.000577,-0.000710,-0.000046,-3.545683,TARE
6.226000,0.407468,-0.202754,-0.096056,-0.000240,0.000381,-0.000349,-3.547358,TARE
6.227000,0.407464,-0.202752,-0.096058,-0.001295,0.000506,-0.000790,-3.549167,TARE
6.228000,0.407467,-0.202752,-0.096058,-0.000027,0.000414,-0.000402,-3.551125,TARE
6.229000,0.407462,-0.202753,-0.096059,-0.001473,0.000191,-0.000856,-3.553259,TARE
6.230000,0.407464,-0.202754,-0.096058,-0.000521,0.000234,-0.000147,-3.555601,TARE
6.231000,0.407459,-0.202754,-0.096061,-0.001796,0.000279,-0.001089,-3.558173,TARE
6.232000,0.407464,-0.202755,-0.096058,-0.000052,-0.000385,0.000317,-3.560977,TARE
6.233000,0.407458,-0.202755,-0.096061,-0.002120,-0.000391,-0.000831,-3.563998,TARE
6.234000,0.407457,-0.202755,-0.096062,-0.001961,-0.000236,-0.000937,-3.567206,TARE
6.235000,0.407459,-0.202756,-0.096060,-0.001187,-0.000264,-0.000461,-3.570575,TARE
6.236000,0.407457,-0.202758,-0.096061,-0.001206,-0.001028,-0.000465,-3.574098,TARE
6.237000,0.407462,-0.202755,-0.096059,0.000170,-0.000109,-0.000032,-3.577766,TARE
6.238000,0.407458,-0.202755,-0.096061,-0.000587,-0.000272,-0.000183,-3.581559,TARE
6.239000,0.407458,-0.202755,-0.096061,-0.000928,-0.000015,-0.000522,-3.585428,TARE
6.240000,0.407463,-0.202756,-0.096058,0.000846,-0.000393,0.000557,-3.589302,TARE
6.241000,0.407456,-0.202756,-0.096062,-0.001309,-0.000078,-0.000470,-3.593084,TARE
6.242000,0.407462,-0.202754,-0.096059,0.000861,0.000450,0.000491,-3.596662,TARE
6.243000,0.407461,-0.202758,-0.096059,0.000912,-0.000658,0.000560,-3.599907,TARE
6.244000,0.407456,-0.202757,-0.096062,-0.000491,-0.000372,-0.000480,-3.602695,TARE
6.245000,0.407456,-0.202754,-0.096061,-0.000144,0.000640,0.000156,-3.604939,TARE
6.246000,0.407460,-0.202756,-0.096059,0.001053,0.000718,0.000506,-3.606605,TARE
6.247000,0.407458,-0.202756,-0.096060,0.000578,0.000923,0.000092,-3.607679,TARE
6.248000,0.407461,-0.202754,-0.096059,0.000669,0.000905,0.000268,-3.608143,TARE
6.249000,0.407460,-0.202758,-0.096059,0.000383,-0.000525,0.000219,-3.607996,TARE
6.250000,0.407459,-0.202757,-0.096059,-0.000627,-0.000252,-0.000056,-3.607272,TARE
6.251000,0.407462,-0.202755,-0.096058,0.000760,0.000481,0.000469,-3.606043,TARE
6.252000,0.407465,-0.202758,-0.096056,0.001084,-0.000253,0.000617,-3.604396,TARE
6.253000,0.407461,-0.202756,-0.096058,-0.000386,0.000500,-0.000251,-3.602410,TARE
6.254000,0.407465,-0.202755,-0.096056,0.000806,0.000815,0.000268,-3.600162,TARE
6.255000,0.407460,-0.202757,-0.096059,-0.000799,-0.000158,-0.000395,-3.597740,TARE
6.256000,0.407464,-0.202756,-0.096057,0.000360,0.000139,0.000257,-3.595240,TARE
6.257000,0.407464,-0.202758,-0.096057,0.000827,-0.000746,0.000512,-3.592763,TARE
6.258000,0.407465,-0.202758,-0.096056,0.001161,-0.000635,0.000625,-3.590387,TARE
6.259000,0.407464,-0.202758,-0.096056,0.000624,-0.000474,0.000411,-3.588153,TARE
6.260000,0.407467,-0.202757,-0.096055,0.001670,0.000458,0.000509,-3.586065,TARE
6.261000,0.407466,-0.202758,-0.096055,0.001087,-0.000160,0.000607,-3.584107,TARE
6.262000,0.407466,-0.202758,-0.096056,0.000507,-0.000242,0.000280,-3.582246,TARE
6.263000,0.407467,-0.202756,-0.096055,0.000681,0.000245,0.000378,-3.580445,TARE
6.264000,0.407467,-0.202754,-0.096056,-0.000075,0.001210,-0.000371,-3.578675,TARE
6.265000,0.407470,-0.202758,-0.096053,0.000765,-0.000127,0.000537,-3.576916,TARE
6.266000,0.407468,-0.202756,-0.096055,-0.000113,0.000564,-0.000226,-3.575156,TARE
6.267000,0.407470,-0.202758,-0.096054,0.000483,0.000019,0.000064,-3.573385,TARE
6.268000,0.407467,-0.202755,-0.096056,-0.000003,0.000732,-0.000466,-3.571621,TARE
6.269000,0.407465,-0.202756,-0.096056,-0.000750,0.000660,-0.000348,-3.569920,TARE
6.270000,0.407462,-0.202755,-0.096058,-0.001743,0.000664,-0.001027,-3.568359,TARE
6.271000,0.407464,-0.202758,-0.096056,-0.001217,-0.000116,-0.000374,-3.567012,TARE
6.272000,0.407468,-0.202757,-0.096054,-0.000034,-0.000145,-0.000024,-3.565941,TARE
6.273000,0.407465,-0.202757,-0.096056,-0.001024,-0.000097,-0.000656,-3.565175,TARE
6.274000,0.407463,-0.202758,-0.096057,-0.001190,-0.000188,-0.000669,-3.564722,TARE
6.275000,0.407465,-0.202756,-0.096056,0.000170,0.000209,-0.000061,-3.564589,TARE
6.276000,0.407461,-0.202755,-0.096059,-0.001326,0.000317,-0.000774,-3.564781,TARE
6.277000,0.407460,-0.202755,-0.096059,-0.001343,0.000095,-0.000763,-3.565291,TARE
6.278000,0.407461,-0.202755,-0.096058,-0.001112,0.000493,-0.000471,-3.566099,TARE
6.279000,0.407461,-0.202753,-0.096059,-0.000866,0.001297,-0.000723,-3.567177,TARE
6.280000,0.407459,-0.202756,-0.096059,-0.001029,0.000463,-0.000577,-3.568476,TARE
6.281000,0.407458,-0.202753,-0.096061,-0.000827,0.000999,-0.000660,-3.569934,TARE
6.282000,0.407456,-0.202756,-0.096061,-0.001226,0.000209,-0.000543,-3.571490,TARE
6.283000,0.407456,-0.202756,-0.096062,-0.001610,0.000546,-0.000928,-3.573085,TARE
6.284000,0.407458,-0.202754,-0.096060,-0.000078,0.000967,-0.000190,-3.574663,TARE
6.285000,0.407458,-0.202753,-0.096061,0.000580,0.000756,0.000039,-3.576174,TARE
6.286000,0.407455,-0.202753,-0.096062,-0.000024,0.000267,-0.000244,-3.577564,TARE
6.287000,0.407455,-0.202755,-0.096062,0.000101,-0.000261,0.000017,-3.578776,TARE
6.288000,0.407455,-0.202755,-0.096063,0.000342,-0.000272,-0.000112,-3.579767,TARE
6.289000,0.407454,-0.202755,-0.096063,0.000172,-0.000196,-0.000178,-3.580516,TARE
6.290000,0.407453,-0.202754,-0.096064,-0.000449,0.000428,-0.000472,-3.581035,TARE
6.291000,0.407455,-0.202753,-0.096062,0.000190,0.000925,-0.000166,-3.581360,TARE
6.292000,0.407457,-0.202756,-0.096060,-0.000195,-0.000601,0.000226,-3.581528,TARE
6.293000,0.407457,-0.202754,-0.096062,-0.000357,-0.000055,-0.000409,-3.581558,TARE
6.294000,0.407460,-0.202753,-0.096060,0.000685,0.000354,0.000377,-3.581454,TARE
6.295000,0.407459,-0.202752,-0.096061,-0.000091,0.000194,-0.000244,-3.581213,TARE
6.296000,0.407458,-0.202756,-0.096060,0.000168,-0.001135,0.000366,-3.580829,TARE
6.297000,0.407462,-0.202754,-0.096058,0.001329,-0.000392,0.000879,-3.580289,TARE
6.298000,0.407462,-0.202752,-0.096059,0.000312,0.000266,0.000170,-3.579559,TARE
6.299000,0.407461,-0.202752,-0.096059,0.000243,-0.000079,0.000143,-3.578582,TARE
6.300000,0.407465,-0.202754,-0.096058,0.001497,-0.000684,0.000789,-3.577307,TARE
6.301000,0.407462,-0.202754,-0.096059,0.000063,-0.001019,0.000301,-3.575705,TARE
6.302000,0.407467,-0.202753,-0.096056,0.001353,-0.000107,0.000878,-3.573768,TARE
6.303000,0.407464,-0.202753,-0.096058,0.000382,-0.000246,0.000449,-3.571487,TARE
6.304000,0.407465,-0.202752,-0.096058,0.000857,0.000589,0.000300,-3.568854,TARE
6.305000,0.407468,-0.202753,-0.096055,0.001593,0.000317,0.001239,-3.565854,TARE
6.306000,0.407461,-0.202754,-0.096059,-0.001087,-0.000139,-0.000591,-3.562478,TARE
6.307000,0.407468,-0.202754,-0.096055,0.001462,-0.000091,0.000839,-3.558739,TARE
6.308000,0.407465,-0.202753,-0.096058,0.000089,-0.000021,-0.000063,-3.554711,TARE
6.309000,0.407465,-0.202754,-0.096057,0.000221,-0.000652,0.000529,-3.550516,TARE
6.310000,0.407464,-0.202752,-0.096058,0.000447,-0.000187,0.000520,-3.546278,TARE
6.311000,0.407464,-0.202753,-0.096058,0.000444,-0.000345,0.000205,-3.542088,TARE
6.312000,0.407469,-0.202753,-0.096055,0.001148,-0.000053,0.000751,-3.538001,TARE
6.313000,0.407466,-0.202753,-0.096057,0.000042,0.000189,-0.000267,-3.534044,TARE
6.314000,0.407461,-0.202754,-0.096058,-0.001372,0.000250,-0.000611,-3.530250,TARE
6.315000,0.407464,-0.202756,-0.096057,-0.000489,-0.000815,-0.000066,-3.526680,TARE
6.316000,0.407461,-0.202755,-0.096059,-0.001201,-0.000398,-0.000345,-3.523426,TARE
6.317000,0.407461,-0.202756,-0.096059,-0.000869,-0.000779,-0.000262,-3.520577,TARE
6.318000,0.407462,-0.202754,-0.096059,-0.000733,0.000156,-0.000409,-3.518193,TARE
6.319000,0.407462,-0.202755,-0.096058,-0.000604,-0.000073,-0.000109,-3.516311,TARE
6.320000,0.407458,-0.202756,-0.096061,-0.001667,-0.000304,-0.000876,-3.514947,TARE
6.321000,0.407462,-0.202756,-0.096058,0.000037,0.000143,0.000198,-3.514100,TARE
6.322000,0.407459,-0.202756,-0.096060,-0.001182,0.000078,-0.000478,-3.513744,TARE
6.323000,0.407460,-0.202758,-0.096058,-0.000327,-0.000381,0.000324,-3.513827,TARE
6.324000,0.407459,-0.202757,-0.096059,-0.000901,0.000108,-0.000157,-3.514257,TARE
6.325000,0.407459,-0.202755,-0.096060,-0.000698,0.000414,-0.000222,-3.514924,TARE
6.326000,0.407458,-0.202756,-0.096061,-0.001267,0.000187,-0.000640,-3.515728,TARE
6.327000,0.407458,-0.202758,-0.096060,-0.000881,-0.000593,-0.000281,-3.516622,TARE
6.328000,0.407458,-0.202756,-0.096061,-0.000947,0.000201,-0.000480,-3.517621,TARE
6.329000,0.407458,-0.202756,-0.096059,-0.000531,0.000229,-0.000054,-3.518772,TARE
6.330000,0.407457,-0.202757,-0.096061,-0.001153,-0.000203,-0.000454,-3.520123,TARE
6.331000,0.407465,-0.202756,-0.096057,0.002153,0.000323,0.001225,-3.521691,TARE
6.332000,0.407461,-0.202756,-0.096059,0.000410,0.000276,0.000316,-3.523446,TARE
6.333000,0.407462,-0.202755,-0.096059,0.000360,0.000334,0.000090,-3.525307,TARE
6.334000,0.407464,-0.202757,-0.096058,0.001220,-0.000096,0.000583,-3.527179,TARE
6.335000,0.407460,-0.202755,-0.096060,-0.000369,0.000580,-0.000351,-3.529001,TARE
6.336000,0.407462,-0.202756,-0.096058,0.000812,0.000055,0.000630,-3.530749,TARE
6.337000,0.407460,-0.202756,-0.096058,0.000056,-0.000080,0.000260,-3.532423,TARE
6.338000,0.407464,-0.202755,-0.096058,0.000530,0.000320,0.000117,-3.534015,TARE
6.339000,0.407466,-0.202757,-0.096057,0.000895,-0.000820,0.000694,-3.535509,TARE
6.340000,0.407463,-0.202755,-0.096058,0.000080,0.000289,0.000063,-3.536898,TARE
6.341000,0.407464,-0.202757,-0.096057,0.000345,-0.000507,0.000564,-3.538175,TARE
6.342000,0.407464,-0.202755,-0.096058,0.000227,0.000115,-0.000061,-3.539332,TARE
6.343000,0.407465,-0.202755,-0.096057,0.000434,-0.000483,0.000269,-3.540365,TARE
6.344000,0.407462,-0.202755,-0.096059,-0.000670,-0.000252,-0.000389,-3.541299,TARE
6.345000,0.407460,-0.202755,-0.096059,-0.000916,-0.000408,-0.000353,-3.542189,TARE
6.346000,0.407463,-0.202756,-0.096058,-0.000078,-0.000630,0.000243,-3.543119,TARE
6.347000,0.407464,-0.202756,-0.096056,-0.000167,-0.000429,0.000524,-3.544160,TARE
6.348000,0.407460,-0.202758,-0.096059,-0.001341,-0.001053,-0.000372,-3.545332,TARE
6.349000,0.407463,-0.202754,-0.096059,-0.000627,0.000347,-0.000546,-3.546613,TARE
6.350000,0.407467,-0.202755,-0.096056,0.000761,-0.000013,0.000579,-3.548000,TARE
6.351000,0.407463,-0.202756,-0.096058,-0.000339,-0.000685,-0.000192,-3.549506,TARE
6.352000,0.407461,-0.202754,-0.096060,-0.000758,0.000181,-0.000758,-3.551142,TARE
6.353000,0.407462,-0.202756,-0.096058,-0.000605,-0.000541,-0.000295,-3.552928,TARE
6.354000,0.407463,-0.202754,-0.096059,-0.000420,-0.000138,-0.000353,-3.554912,TARE
6.355000,0.407464,-0.202756,-0.096057,0.000306,-0.000650,0.000592,-3.557131,TARE
6.356000,0.407462,-0.202756,-0.096058,-0.000839,-0.000265,-0.000155,-3.559564,TARE
6.357000,0.407459,-0.202755,-0.096059,-0.001291,0.000108,-0.000441,-3.562113,TARE
6.358000,0.407459,-0.202755,-0.096060,-0.000510,-0.000152,-0.000151,-3.564649,TARE
6.359000,0.407461,-0.202755,-0.096059,0.000366,0.000195,0.000075,-3.567055,TARE
6.360000,0.407461,-0.202753,-0.096060,0.000283,0.000731,-0.000125,-3.569244,TARE
6.361000,0.407457,-0.202755,-0.096061,-0.000658,-0.000207,-0.000121,-3.571157,TARE
6.362000,0.407458,-0.202759,-0.096060,-0.000215,-0.001144,0.000075,-3.572751,TARE
6.363000,0.407460,-0.202757,-0.096059,0.000471,-0.000367,0.000500,-3.573999,TARE
6.364000,0.407460,-0.202756,-0.096059,-0.000070,-0.000052,0.000122,-3.574877,TARE
6.365000,0.407458,-0.202755,-0.096060,-0.000281,-0.000081,-0.000199,-3.575364,TARE
6.366000,0.407456,-0.202757,-0.096061,-0.000702,-0.000258,-0.000377,-3.575460,TARE
6.367000,0.407460,-0.202756,-0.096058,0.000345,-0.000324,0.000480,-3.575207,TARE
6.368000,0.407455,-0.202760,-0.096061,-0.001339,-0.001203,-0.000375,-3.574670,TARE
6.369000,0.407460,-0.202760,-0.096058,0.001073,-0.000884,0.000741,-3.573906,TARE
6.370000,0.407457,-0.202756,-0.096061,0.000060,0.000035,-0.000162,-3.572964,TARE
6.371000,0.407457,-0.202756,-0.096061,-0.000571,0.000070,-0.000378,-3.571897,TARE
6.372000,0.407460,-0.202758,-0.096058,0.000955,-0.000753,0.000676,-3.570769,TARE
6.373000,0.407460,-0.202756,-0.096059,0.000757,0.000243,0.000348,-3.569634,TARE
6.374000,0.407460,-0.202756,-0.096060,0.001087,-0.000021,0.000174,-3.568505,TARE
6.375000,0.407463,-0.202757,-0.096058,0.001608,-0.000406,0.000625,-3.567379,TARE
6.376000,0.407459,-0.202760,-0.096059,0.000195,-0.001147,0.000093,-3.566264,TARE
6.377000,0.407465,-0.202757,-0.096056,0.001435,0.000060,0.000457,-3.565193,TARE
6.378000,0.407462,-0.202755,-0.096058,0.000371,0.000189,-0.000192,-3.564212,TARE
6.379000,0.407463,-0.202757,-0.096057,0.000683,-0.000780,0.000472,-3.563358,TARE
6.380000,0.407462,-0.202754,-0.096058,0.000785,0.000092,0.000215,-3.562658,TARE
6.381000,0.407464,-0.202755,-0.096057,0.001973,0.000151,0.000884,-3.562112,TARE
6.382000,0.407462,-0.202755,-0.096058,0.000938,-0.000283,0.000408,-3.561690,TARE
6.383000,0.407463,-0.202757,-0.096057,0.001422,-0.000906,0.000887,-3.561333,TARE
6.384000,0.407461,-0.202755,-0.096060,0.000066,-0.000216,-0.000264,-3.560972,TARE
6.385000,0.407460,-0.202755,-0.096059,-0.000073,-0.000545,-0.000004,-3.560568,TARE
6.386000,0.407464,-0.202756,-0.096057,0.001248,-0.000590,0.000920,-3.560128,TARE
6.387000,0.407463,-0.202753,-0.096058,0.000305,0.000383,0.000064,-3.559657,TARE
6.388000,0.407461,-0.202757,-0.096058,-0.000331,-0.000667,0.000028,-3.559124,TARE
6.389000,0.407460,-0.202758,-0.096058,-0.000931,-0.000866,-0.000039,-3.558490,TARE
6.390000,0.407463,-0.202753,-0.096057,0.000333,0.000529,0.000152,-3.557737,TARE
6.391000,0.407463,-0.202756,-0.096057,0.000289,-0.000530,0.000199,-3.556862,TARE
6.392000,0.407463,-0.202755,-0.096057,0.000188,-0.000018,0.000031,-3.555863,TARE
6.393000,0.407463,-0.202755,-0.096058,0.000080,0.000017,-0.000055,-3.554737,TARE
6.394000,0.407462,-0.202754,-0.096058,0.000007,0.000111,0.000014,-3.553491,TARE
6.395000,0.407463,-0.202753,-0.096058,0.000486,0.001037,0.000062,-3.552146,TARE
6.396000,0.407460,-0.202755,-0.096059,-0.000816,-0.000323,-0.000318,-3.550724,TARE
6.397000,0.407463,-0.202755,-0.096058,0.000041,0.000192,-0.000020,-3.549246,TARE
6.398000,0.407461,-0.202755,-0.096059,-0.000566,0.000137,-0.000265,-3.547743,TARE
6.399000,0.407460,-0.202753,-0.096059,-0.000383,0.000679,-0.000136,-3.546250,TARE
6.400000,0.407460,-0.202754,-0.096060,-0.000364,-0.000205,-0.000170,-3.544803,TARE
6.401000,0.407459,-0.202753,-0.096060,-0.000707,0.000333,-0.000428,-3.543433,TARE
6.402000,0.407457,-0.202753,-0.096061,-0.000861,0.000128,-0.000507,-3.542175,TARE
6.403000,0.407456,-0.202754,-0.096062,-0.000519,-0.000189,-0.000443,-3.541073,TARE
6.404000,0.407459,-0.202756,-0.096060,0.001041,-0.000503,0.000694,-3.540169,TARE
6.405000,0.407458,-0.202753,-0.096061,0.000463,0.000409,-0.000162,-3.539475,TARE
6.406000,0.407458,-0.202755,-0.096060,0.000572,-0.000633,0.000359,-3.538957,TARE
6.407000,0.407456,-0.202754,-0.096061,-0.000310,-0.000070,-0.000079,-3.538565,TARE
6.408000,0.407459,-0.202755,-0.096059,0.001001,-0.000175,0.000831,-3.538247,TARE
6.409000,0.407458,-0.202755,-0.096061,0.000792,-0.000278,0.000131,-3.537943,TARE
6.410000,0.407455,-0.202753,-0.096062,-0.000802,0.000153,-0.000294,-3.537592,TARE
6.411000,0.407457,-0.202756,-0.096060,0.000118,-0.000370,0.000293,-3.537171,TARE
6.412000,0.407459,-0.202753,-0.096060,0.001221,0.000634,0.000637,-3.536687,TARE
6.413000,0.407458,-0.202755,-0.096060,0.000619,-0.000387,0.000314,-3.536143,TARE
6.414000,0.407459,-0.202755,-0.096060,0.000874,0.000093,0.000340,-3.535523,TARE
6.415000,0.407458,-0.202751,-0.096062,-0.000592,0.001128,-0.000778,-3.534819,TARE
6.416000,0.407461,-0.202756,-0.096058,0.000960,-0.000364,0.000668,-3.534067,TARE
6.417000,0.407464,-0.202756,-0.096057,0.001484,-0.000222,0.000569,-3.533319,TARE
6.418000,0.407464,-0.202754,-0.096058,0.000952,0.000500,0.000143,-3.532616,TARE
6.419000,0.407465,-0.202754,-0.096057,0.001278,0.000535,0.000531,-3.531980,TARE
6.420000,0.407466,-0.202754,-0.096056,0.001900,0.000452,0.000685,-3.531417,TARE
6.421000,0.407464,-0.202754,-0.096057,0.001010,0.000303,0.000410,-3.530915,TARE
6.422000,0.407465,-0.202753,-0.096058,0.001503,0.000532,0.000386,-3.530435,TARE
6.423000,0.407464,-0.202753,-0.096058,0.001433,0.000286,0.000658,-3.529936,TARE
6.424000,0.407462,-0.202754,-0.096059,0.001245,0.000134,0.000242,-3.529389,TARE
6.425000,0.407463,-0.202755,-0.096058,0.001209,-0.000368,0.000340,-3.528782,TARE
6.426000,0.407463,-0.202753,-0.096058,0.001095,0.000676,0.000456,-3.528134,TARE
6.427000,0.407465,-0.202755,-0.096056,0.001952,-0.000028,0.001034,-3.527469,TARE
6.428000,0.407463,-0.202754,-0.096058,-0.000036,0.000186,-0.000135,-3.526792,TARE
6.429000,0.407464,-0.202756,-0.096057,0.000340,-0.000188,-0.000258,-3.526105,TARE
6.430000,0.407463,-0.202755,-0.096058,0.000134,0.000077,-0.000198,-3.525452,TARE
6.431000,0.407462,-0.202756,-0.096058,0.000436,-0.000399,0.000227,-3.524930,TARE
6.432000,0.407462,-0.202755,-0.096057,0.000714,0.000177,0.000440,-3.524640,TARE
6.433000,0.407461,-0.202756,-0.096058,0.000078,-0.000532,-0.000073,-3.524631,TARE
6.434000,0.407459,-0.202756,-0.096059,-0.001090,-0.000323,-0.000382,-3.524896,TARE
6.435000,0.407461,-0.202755,-0.096059,-0.000196,0.000190,-0.000374,-3.525414,TARE
6.436000,0.407460,-0.202755,-0.096060,-0.000873,-0.000039,-0.000722,-3.526186,TARE
6.437000,0.407459,-0.202754,-0.096061,-0.001088,0.000500,-0.001029,-3.527251,TARE
6.438000,0.407458,-0.202754,-0.096062,-0.001382,0.000600,-0.001130,-3.528688,TARE
6.439000,0.407460,-0.202755,-0.096059,-0.000150,0.000062,-0.000214,-3.530601,TARE
6.440000,0.407459,-0.202756,-0.096061,-0.000838,-0.000410,-0.000749,-3.533073,TARE
6.441000,0.407455,-0.202756,-0.096062,-0.002038,-0.000015,-0.000944,-3.536139,TARE
6.442000,0.407455,-0.202755,-0.096063,-0.001252,0.000544,-0.000971,-3.539793,TARE
6.443000,0.407457,-0.202754,-0.096062,-0.000404,0.000885,-0.000476,-3.543995,TARE
6.444000,0.407457,-0.202756,-0.096060,0.000350,-0.000047,0.000121,-3.548657,TARE
6.445000,0.407455,-0.202758,-0.096061,-0.000909,-0.000270,-0.000276,-3.553638,TARE
6.446000,0.407459,-0.202758,-0.096060,0.000816,-0.000324,0.000410,-3.558749,TARE
6.447000,0.407454,-0.202756,-0.096063,-0.000576,0.000302,-0.000664,-3.563796,TARE
6.448000,0.407455,-0.202755,-0.096062,0.000673,0.000667,0.000055,-3.568620,TARE
6.449000,0.407452,-0.202755,-0.096062,-0.000589,0.000025,-0.000069,-3.573112,TARE
6.450000,0.407454,-0.202759,-0.096061,-0.000136,-0.001469,0.000202,-3.577185,TARE
6.451000,0.407456,-0.202757,-0.096061,0.000679,-0.000297,0.000377,-3.580767,TARE
6.452000,0.407456,-0.202757,-0.096061,0.000457,-0.000398,0.000535,-3.583801,TARE
6.453000,0.407454,-0.202759,-0.096062,-0.001137,-0.000547,-0.000209,-3.586252,TARE
6.454000,0.407457,-0.202756,-0.096061,0.000584,0.000733,0.000205,-3.588105,TARE
6.455000,0.407457,-0.202756,-0.096060,0.000770,0.000363,0.000610,-3.589364,TARE
6.456000,0.407455,-0.202756,-0.096062,-0.000698,0.000164,-0.000470,-3.590057,TARE
6.457000,0.407457,-0.202756,-0.096061,-0.000005,-0.000073,0.000009,-3.590230,TARE
6.458000,0.407458,-0.202756,-0.096061,0.000339,-0.000140,-0.000171,-3.589970,TARE
6.459000,0.407462,-0.202758,-0.096058,0.001655,-0.000962,0.001217,-3.589384,TARE
6.460000,0.407458,-0.202756,-0.096061,0.000793,0.000172,0.000190,-3.588557,TARE
6.461000,0.407460,-0.202758,-0.096059,0.000536,-0.000754,0.000454,-3.587528,TARE
6.462000,0.407462,-0.202755,-0.096058,0.001227,0.000175,0.000540,-3.586314,TARE
6.463000,0.407463,-0.202755,-0.096058,0.001213,0.000325,0.000303,-3.584935,TARE
6.464000,0.407464,-0.202756,-0.096057,0.001113,-0.000390,0.000602,-3.583406,TARE
6.465000,0.407461,-0.202756,-0.096058,-0.000283,0.000098,-0.000108,-3.581735,TARE
6.466000,0.407460,-0.202754,-0.096059,0.000443,0.000772,-0.000031,-3.579936,TARE
6.467000,0.407462,-0.202755,-0.096058,0.001176,0.000000,0.000486,-3.578039,TARE
6.468000,0.407460,-0.202756,-0.096059,0.000432,-0.000247,0.000053,-3.576091,TARE
6.469000,0.407463,-0.202755,-0.096058,0.001517,-0.000003,0.000586,-3.574134,TARE
6.470000,0.407461,-0.202754,-0.096059,0.000008,0.000295,-0.000102,-3.572206,TARE
6.471000,0.407459,-0.202758,-0.096059,-0.001151,-0.000463,-0.000756,-3.570348,TARE
6.472000,0.407462,-0.202756,-0.096058,-0.000445,0.000061,-0.000351,-3.568636,TARE
6.473000,0.407458,-0.202756,-0.096060,-0.001420,-0.000011,-0.000950,-3.567186,TARE
6.474000,0.407464,-0.202753,-0.096058,0.000725,0.000931,-0.000054,-3.566127,TARE
6.475000,0.407462,-0.202754,-0.096059,0.000041,0.000030,-0.000175,-3.565569,TARE
6.476000,0.407460,-0.202754,-0.096060,-0.000902,-0.000135,-0.000120,-3.565558,TARE
6.477000,0.407464,-0.202756,-0.096057,0.000587,-0.000163,0.000555,-3.566063,TARE
6.478000,0.407461,-0.202754,-0.096059,-0.000077,0.000500,-0.000034,-3.566975,TARE
6.479000,0.407459,-0.202755,-0.096060,-0.000536,-0.000127,-0.000009,-3.568128,TARE
6.480000,0.407461,-0.202754,-0.096060,0.000278,0.000302,0.000176,-3.569352,TARE
6.481000,0.407461,-0.202754,-0.096058,-0.000009,0.000462,0.000199,-3.570500,TARE
6.482000,0.407459,-0.202755,-0.096059,-0.000485,0.000097,-0.000161,-3.571451,TARE
6.483000,0.407459,-0.202755,-0.096060,-0.000291,-0.000495,-0.000277,-3.572122,TARE
6.484000,0.407458,-0.202753,-0.096061,-0.001202,0.000364,-0.000800,-3.572497,TARE
6.485000,0.407460,-0.202754,-0.096060,-0.000560,-0.000307,-0.000245,-3.572643,TARE
6.486000,0.407460,-0.202754,-0.096060,-0.000300,-0.000571,-0.000033,-3.572676,TARE
6.487000,0.407460,-0.202757,-0.096059,0.000316,-0.000937,0.000334,-3.572700,TARE
6.488000,0.407459,-0.202755,-0.096060,-0.000427,0.000066,-0.000236,-3.572776,TARE
6.489000,0.407458,-0.202757,-0.096059,-0.000297,-0.000789,0.000079,-3.572915,TARE
6.490000,0.407458,-0.202754,-0.096059,-0.000241,0.000203,0.000236,-3.573100,TARE
6.491000,0.407459,-0.202755,-0.096060,0.000111,-0.000089,0.000259,-3.573286,TARE
6.492000,0.407458,-0.202757,-0.096060,0.000105,-0.000492,0.000243,-3.573412,TARE
6.493000,0.407460,-0.202756,-0.096059,0.000254,0.000175,0.000232,-3.573418,TARE
6.494000,0.407461,-0.202756,-0.096057,0.000220,0.000019,0.000578,-3.573264,TARE
6.495000,0.407463,-0.202755,-0.096057,0.000493,0.000722,0.000469,-3.572907,TARE
6.496000,0.407460,-0.202754,-0.096059,-0.000194,0.000770,0.000088,-3.572288,TARE
6.497000,0.407457,-0.202754,-0.096062,-0.001443,0.000857,-0.000846,-3.571361,TARE
6.498000,0.407460,-0.202755,-0.096058,0.000151,0.000115,0.000342,-3.570136,TARE
6.499000,0.407460,-0.202756,-0.096058,0.000313,-0.000026,0.000392,-3.568677,TARE
6.500000,0.407462,-0.202753,-0.096058,0.001000,0.000961,0.000326,-3.567050,TARE
6.501000,0.407463,-0.202755,-0.096058,0.001349,-0.000167,0.000542,-3.565292,TARE
6.502000,0.407464,-0.202756,-0.096057,0.000995,-0.000008,0.000593,-3.563414,TARE
6.503000,0.407462,-0.202757,-0.096057,0.000753,-0.000314,0.000312,-3.561413,TARE
6.504000,0.407462,-0.202754,-0.096058,0.000668,0.000931,-0.000079,-3.559284,TARE
6.505000,0.407466,-0.202758,-0.096056,0.001288,-0.000913,0.000825,-3.557048,TARE
6.506000,0.407461,-0.202753,-0.096058,0.000297,0.000614,0.000188,-3.554758,TARE
6.507000,0.407460,-0.202755,-0.096059,-0.000510,-0.000474,-0.000256,-3.552479,TARE
6.508000,0.407464,-0.202753,-0.096058,0.000517,0.000433,0.000106,-3.550288,TARE
6.509000,0.407460,-0.202755,-0.096060,-0.000734,-0.000272,-0.000558,-3.548292,TARE
6.510000,0.407461,-0.202755,-0.096059,0.000212,-0.000393,-0.000038,-3.546612,TARE
6.511000,0.407465,-0.202755,-0.096056,0.001249,-0.000111,0.000750,-3.545352,TARE
6.512000,0.407460,-0.202752,-0.096060,-0.000804,0.000530,-0.000757,-3.544554,TARE
6.513000,0.407463,-0.202754,-0.096058,0.000309,-0.000474,0.000517,-3.544204,TARE
6.514000,0.407460,-0.202753,-0.096060,-0.000961,0.000070,-0.000393,-3.544258,TARE
6.515000,0.407460,-0.202756,-0.096058,-0.000570,-0.000729,0.000091,-3.544665,TARE
6.516000,0.407462,-0.202755,-0.096058,-0.000065,-0.000154,0.000114,-3.545359,TARE
6.517000,0.407457,-0.202754,-0.096061,-0.001188,0.000445,-0.000639,-3.546268,TARE
6.518000,0.407458,-0.202757,-0.096060,-0.001419,-0.000490,-0.000651,-3.547332,TARE
6.519000,0.407461,-0.202753,-0.096060,0.000054,0.000704,-0.000082,-3.548526,TARE
6.520000,0.407460,-0.202754,-0.096060,-0.000014,-0.000183,-0.000291,-3.549853,TARE
6.521000,0.407459,-0.202755,-0.096060,0.000148,-0.000364,-0.000153,-3.551327,TARE
6.522000,0.407457,-0.202753,-0.096061,-0.000586,0.000115,-0.000537,-3.552959,TARE
6.523000,0.407458,-0.202756,-0.096060,-0.000068,-0.000677,0.000037,-3.554757,TARE
6.524000,0.407457,-0.202754,-0.096061,-0.000638,-0.000063,-0.000169,-3.556712,TARE
6.525000,0.407459,-0.202755,-0.096059,-0.000118,-0.000153,0.000197,-3.558778,TARE
6.526000,0.407459,-0.202754,-0.096059,-0.000305,0.000156,0.000093,-3.560869,TARE
6.527000,0.407462,-0.202754,-0.096058,0.000677,0.000283,0.000467,-3.562876,TARE
6.528000,0.407454,-0.202755,-0.096062,-0.001898,0.000097,-0.001026,-3.564692,TARE
6.529000,0.407458,-0.202753,-0.096061,0.001077,0.000494,0.000007,-3.566249,TARE
6.530000,0.407461,-0.202752,-0.096060,0.001858,0.001027,0.000379,-3.567547,TARE
6.531000,0.407456,-0.202755,-0.096061,-0.000300,-0.000015,-0.000404,-3.568624,TARE
6.532000,0.407459,-0.202756,-0.096059,0.000345,-0.000300,0.000307,-3.569526,TARE
6.533000,0.407460,-0.202754,-0.096059,0.000567,0.000122,0.000243,-3.570291,TARE
6.534000,0.407457,-0.202756,-0.096061,-0.001183,-0.000341,-0.000699,-3.570947,TARE
6.535000,0.407462,-0.202757,-0.096058,0.001089,-0.000843,0.000693,-3.571514,TARE
6.536000,0.407457,-0.202757,-0.096060,-0.001166,-0.000238,-0.000613,-3.572011,TARE
6.537000,0.407461,-0.202757,-0.096059,-0.000398,-0.000300,-0.000183,-3.572453,TARE
6.538000,0.407461,-0.202758,-0.096058,0.000093,-0.000732,0.000213,-3.572855,TARE
6.539000,0.407464,-0.202756,-0.096058,0.001001,0.000280,0.000137,-3.573234,TARE
6.540000,0.407463,-0.202756,-0.096057,0.000623,-0.000189,0.000125,-3.573585,TARE
6.541000,0.407464,-0.202757,-0.096056,0.001261,-0.000581,0.000652,-3.573887,TARE
6.542000,0.407458,-0.202756,-0.096060,-0.001483,0.000261,-0.001014,-3.574106,TARE
6.543000,0.407460,-0.202758,-0.096057,-0.000712,-0.000334,-0.000020,-3.574223,TARE
6.544000,0.407463,-0.202756,-0.096057,-0.000295,0.000521,0.000018,-3.574248,TARE
6.545000,0.407463,-0.202753,-0.096058,0.000116,0.001212,-0.000050,-3.574201,TARE
6.546000,0.407462,-0.202757,-0.096057,-0.000270,-0.000162,-0.000068,-3.574073,TARE
6.547000,0.407462,-0.202758,-0.096057,-0.000732,-0.000449,-0.000410,-3.573841,TARE
6.548000,0.407462,-0.202758,-0.096058,0.000005,-0.000328,-0.000318,-3.573497,TARE
6.549000,0.407463,-0.202757,-0.096057,0.000280,0.000021,0.000206,-3.573066,TARE
6.550000,0.407462,-0.202756,-0.096058,0.000694,0.000698,-0.000042,-3.572585,TARE
6.551000,0.407463,-0.202755,-0.096057,-0.000140,0.000729,-0.000189,-3.572067,TARE
6.552000,0.407463,-0.202756,-0.096057,0.000007,0.000235,-0.000069,-3.571506,TARE
6.553000,0.407463,-0.202757,-0.096057,0.000176,-0.000085,0.000111,-3.570891,TARE
6.554000,0.407458,-0.202757,-0.096059,-0.001596,-0.000349,-0.000552,-3.570202,TARE
6.555000,0.407461,-0.202758,-0.096058,-0.000896,-0.000615,-0.000272,-3.569423,TARE
6.556000,0.407455,-0.202755,-0.096062,-0.002986,0.000598,-0.001806,-3.568572,TARE
6.557000,0.407457,-0.202756,-0.096061,-0.001690,0.000069,-0.001100,-3.567739,TARE
6.558000,0.407458,-0.202757,-0.096060,-0.000294,-0.000003,-0.000351,-3.567076,TARE
6.559000,0.407455,-0.202756,-0.096061,-0.000681,0.000550,-0.000605,-3.566732,TARE
6.560000,0.407456,-0.202755,-0.096062,0.000227,0.000526,-0.000463,-3.566790,TARE
6.561000,0.407456,-0.202755,-0.096061,-0.000501,0.000568,-0.000364,-3.567258,TARE
6.562000,0.407458,-0.202755,-0.096060,0.001184,0.000569,0.000351,-3.568085,TARE
6.563000,0.407455,-0.202754,-0.096061,0.000243,0.000899,0.000031,-3.569164,TARE
6.564000,0.407454,-0.202755,-0.096062,-0.001152,0.000372,-0.000771,-3.570354,TARE
6.565000,0.407457,-0.202754,-0.096062,-0.000439,0.000687,-0.000544,-3.571526,TARE
6.566000,0.407458,-0.202755,-0.096060,-0.000110,0.000063,0.000073,-3.572607,TARE
6.567000,0.407458,-0.202754,-0.096060,0.000075,0.000267,-0.000012,-3.573566,TARE
6.568000,0.407453,-0.202757,-0.096063,-0.001504,-0.000510,-0.001063,-3.574377,TARE
6.569000,0.407458,-0.202753,-0.096060,0.000821,0.000778,0.000426,-3.575039,TARE
6.570000,0.407461,-0.202754,-0.096059,0.001380,-0.000118,0.000868,-3.575570,TARE
6.571000,0.407455,-0.202755,-0.096062,0.000075,0.000130,-0.000160,-3.575952,TARE
6.572000,0.407460,-0.202754,-0.096060,0.001097,0.000285,0.000288,-3.576127,TARE
6.573000,0.407458,-0.202755,-0.096060,0.000397,-0.000190,0.000205,-3.576048,TARE
6.574000,0.407456,-0.202753,-0.096063,-0.000780,0.000276,-0.000757,-3.575704,TARE
6.575000,0.407460,-0.202755,-0.096060,0.000978,-0.000445,0.000570,-3.575121,TARE
6.576000,0.407461,-0.202754,-0.096058,0.001367,0.000284,0.000807,-3.574340,TARE
6.577000,0.407460,-0.202755,-0.096059,0.000020,-0.000020,0.000241,-3.573378,TARE
6.578000,0.407459,-0.202754,-0.096059,0.000255,0.000805,0.000135,-3.572203,TARE
6.579000,0.407463,-0.202754,-0.096058,0.000888,0.000581,0.000513,-3.570765,TARE
6.580000,0.407459,-0.202754,-0.096060,-0.000277,0.000616,-0.000159,-3.569024,TARE
6.581000,0.407460,-0.202754,-0.096060,0.000565,0.000287,0.000136,-3.566971,TARE
6.582000,0.407458,-0.202754,-0.096060,-0.000423,0.000046,-0.000289,-3.564641,TARE
6.583000,0.407462,-0.202754,-0.096057,0.001073,0.000003,0.000928,-3.562107,TARE
6.584000,0.407463,-0.202757,-0.096056,0.000965,-0.000601,0.001023,-3.559444,TARE
6.585000,0.407460,-0.202756,-0.096058,-0.000356,-0.000604,0.000245,-3.556683,TARE
6.586000,0.407459,-0.202756,-0.096060,-0.001199,-0.000561,-0.000491,-3.553826,TARE
6.587000,0.407459,-0.202756,-0.096058,-0.001409,-0.000444,-0.000219,-3.550912,TARE
6.588000,0.407461,-0.202756,-0.096058,-0.001387,0.000244,-0.000617,-3.548049,TARE
6.589000,0.407461,-0.202756,-0.096058,-0.000266,-0.000088,-0.000029,-3.545372,TARE
6.590000,0.407461,-0.202755,-0.096059,-0.000508,0.000307,-0.000452,-3.543007,TARE
6.591000,0.407462,-0.202757,-0.096057,0.000523,-0.000767,0.000802,-3.541047,TARE
6.592000,0.407463,-0.202757,-0.096056,0.000723,-0.000635,0.000668,-3.539525,TARE
6.593000,0.407457,-0.202756,-0.096060,-0.001415,-0.000138,-0.000647,-3.538403,TARE
6.594000,0.407461,-0.202755,-0.096058,0.000045,-0.000021,0.000230,-3.537605,TARE
6.595000,0.407462,-0.202756,-0.096058,0.000366,-0.000503,0.000281,-3.537072,TARE
6.596000,0.407460,-0.202758,-0.096059,-0.000167,-0.001302,0.000279,-3.536751,TARE
6.597000,0.407456,-0.202756,-0.096061,-0.000576,-0.000589,0.000052,-3.536586,TARE
6.598000,0.407459,-0.202754,-0.096060,0.000144,0.000165,-0.000033,-3.536525,TARE
6.599000,0.407460,-0.202754,-0.096059,0.000483,0.000458,-0.000001,-3.536535,TARE
6.600000,0.407459,-0.202755,-0.096060,0.000253,-0.000241,-0.000123,-3.536611,TARE
6.601000,0.407457,-0.202755,-0.096060,0.000315,0.000366,0.000116,-3.536778,TARE
6.602000,0.407454,-0.202754,-0.096062,-0.000094,0.000674,-0.000193,-3.537067,TARE
6.603000,0.407458,-0.202756,-0.096060,0.001243,-0.000428,0.000755,-3.537486,TARE
6.604000,0.407459,-0.202756,-0.096059,0.001621,-0.000272,0.001058,-3.538004,TARE
6.605000,0.407461,-0.202756,-0.096059,0.000899,0.000289,0.000249,-3.538542,TARE
6.606000,0.407456,-0.202756,-0.096061,-0.000516,-0.000299,-0.000238,-3.539004,TARE
6.607000,0.407457,-0.202756,-0.096060,0.000512,-0.000257,0.000438,-3.539326,TARE
6.608000,0.407458,-0.202755,-0.096060,0.000722,0.000181,0.000396,-3.539482,TARE
6.609000,0.407457,-0.202757,-0.096060,-0.000154,-0.000391,-0.000316,-3.539463,TARE
6.610000,0.407461,-0.202756,-0.096058,0.000779,-0.000159,0.000460,-3.539286,TARE
6.611000,0.407456,-0.202755,-0.096061,-0.000119,0.000480,-0.000436,-3.539009,TARE
6.612000,0.407459,-0.202758,-0.096058,0.000416,-0.000490,0.000716,-3.538715,TARE
6.613000,0.407459,-0.202753,-0.096059,-0.000176,0.000953,0.000045,-3.538462,TARE
6.614000,0.407460,-0.202757,-0.096059,-0.000696,-0.000641,-0.000149,-3.538264,TARE
6.615000,0.407462,-0.202757,-0.096057,0.000001,-0.000304,0.000251,-3.538112,TARE
6.616000,0.407463,-0.202755,-0.096058,0.000876,-0.000040,0.000311,-3.538010,TARE
6.617000,0.407460,-0.202755,-0.096059,-0.000725,-0.000086,-0.000280,-3.537978,TARE
6.618000,0.407465,-0.202754,-0.096056,0.001391,0.000276,0.000801,-3.538041,TARE
6.619000,0.407458,-0.202754,-0.096060,-0.001258,0.000383,-0.000789,-3.538208,TARE
6.620000,0.407463,-0.202756,-0.096057,0.000117,-0.000102,0.000253,-3.538472,TARE
6.621000,0.407462,-0.202757,-0.096058,0.000244,-0.000546,0.000112,-3.538822,TARE
6.622000,0.407461,-0.202756,-0.096058,-0.000581,-0.000474,-0.000132,-3.539251,TARE
6.623000,0.407459,-0.202755,-0.096060,-0.001056,-0.000095,-0.000728,-3.539768,TARE
6.624000,0.407460,-0.202755,-0.096060,-0.000892,-0.000508,-0.000750,-3.540426,TARE
6.625000,0.407459,-0.202756,-0.096059,-0.001141,-0.000924,-0.000546,-3.541331,TARE
6.626000,0.407461,-0.202753,-0.096059,-0.000496,0.000071,-0.000331,-3.542614,TARE
6.627000,0.407458,-0.202754,-0.096060,-0.001514,-0.000207,-0.000665,-3.544366,TARE
6.628000,0.407459,-0.202753,-0.096059,-0.001072,0.000325,-0.000386,-3.546611,TARE
6.629000,0.407461,-0.202758,-0.096057,0.000227,-0.001633,0.000858,-3.549301,TARE
6.630000,0.407461,-0.202755,-0.096058,-0.000632,-0.000064,-0.000165,-3.552316,TARE
6.631000,0.407459,-0.202756,-0.096059,-0.000977,-0.000426,0.000133,-3.555477,TARE
6.632000,0.407461,-0.202751,-0.096060,-0.000990,0.001027,-0.000492,-3.558592,TARE
6.633000,0.407458,-0.202754,-0.096060,-0.001628,0.000178,-0.000599,-3.561513,TARE
6.634000,0.407462,-0.202753,-0.096059,0.000436,0.000424,0.000036,-3.564153,TARE
6.635000,0.407466,-0.202756,-0.096056,0.001291,-0.000458,0.000659,-3.566465,TARE
6.636000,0.407458,-0.202754,-0.096060,-0.001344,0.000031,-0.000732,-3.568407,TARE
6.637000,0.407456,-0.202755,-0.096061,-0.001357,0.000046,-0.000732,-3.569950,TARE
6.638000,0.407456,-0.202753,-0.096062,-0.000424,0.000571,-0.000667,-3.571114,TARE
6.639000,0.407454,-0.202756,-0.096062,-0.001631,-0.000515,-0.000758,-3.571978,TARE
6.640000,0.407455,-0.202757,-0.096061,-0.000241,-0.000915,0.000181,-3.572648,TARE
6.641000,0.407454,-0.202753,-0.096062,-0.000377,0.000900,-0.000384,-3.573218,TARE
6.642000,0.407457,-0.202755,-0.096060,0.001208,0.000297,0.000534,-3.573731,TARE
6.643000,0.407452,-0.202755,-0.096064,-0.000788,-0.000012,-0.000464,-3.574182,TARE
6.644000,0.407454,-0.202754,-0.096063,0.000877,-0.000102,0.000123,-3.574542,TARE
6.645000,0.407455,-0.202756,-0.096061,0.000866,-0.000341,0.000615,-3.574776,TARE
6.646000,0.407456,-0.202755,-0.096062,0.001227,-0.000424,0.000541,-3.574834,TARE
6.647000,0.407457,-0.202756,-0.096060,0.001105,-0.000627,0.000791,-3.574633,TARE
6.648000,0.407455,-0.202754,-0.096061,0.000727,0.000095,0.000340,-3.574077,TARE
6.649000,0.407455,-0.202755,-0.096062,0.000213,-0.000305,-0.000258,-3.573103,TARE
6.650000,0.407455,-0.202755,-0.096062,0.000311,-0.000148,0.000052,-3.571723,TARE
6.651000,0.407457,-0.202755,-0.096060,0.001386,-0.000675,0.000881,-3.570027,TARE
6.652000,0.407457,-0.202754,-0.096061,0.000394,-0.000041,0.000260,-3.568119,TARE
6.653000,0.407460,-0.202756,-0.096058,0.001506,-0.000776,0.001161,-3.566060,TARE
6.654000,0.407458,-0.202755,-0.096060,0.000953,0.000082,0.000541,-3.563857,TARE
6.655000,0.407459,-0.202754,-0.096059,0.001493,0.000339,0.000796,-3.561475,TARE
6.656000,0.407457,-0.202754,-0.096060,0.000579,0.000626,0.000178,-3.558868,TARE
6.657000,0.407461,-0.202754,-0.096059,0.002042,0.000336,0.000859,-3.556015,TARE
6.658000,0.407457,-0.202754,-0.096062,-0.000475,0.000305,-0.000412,-3.552945,TARE
6.659000,0.407459,-0.202756,-0.096059,0.000259,-0.000594,0.000502,-3.549750,TARE
6.660000,0.407458,-0.202755,-0.096059,0.000439,-0.000338,0.000622,-3.546560,TARE
6.661000,0.407464,-0.202757,-0.096056,0.001796,-0.001130,0.001490,-3.543477,TARE
6.662000,0.407465,-0.202754,-0.096056,0.001944,-0.000075,0.001249,-3.540524,TARE
6.663000,0.407461,-0.202754,-0.096059,-0.000565,0.000010,-0.000239,-3.537653,TARE
6.664000,0.407463,-0.202756,-0.096057,0.000133,-0.000433,0.000324,-3.534818,TARE
6.665000,0.407461,-0.202755,-0.096058,-0.000841,-0.000222,-0.000083,-3.532032,TARE
6.666000,0.407461,-0.202757,-0.096058,-0.000602,-0.000629,0.000068,-3.529372,TARE
6.667000,0.407463,-0.202754,-0.096058,-0.000182,0.000400,-0.000111,-3.526940,TARE
6.668000,0.407464,-0.202755,-0.096057,0.000408,0.000138,0.000384,-3.524837,TARE
6.669000,0.407459,-0.202756,-0.096059,-0.001367,-0.000674,-0.000268,-3.523137,TARE
6.670000,0.407463,-0.202755,-0.096058,0.000433,-0.000054,0.000294,-3.521881,TARE
6.671000,0.407462,-0.202753,-0.096058,0.000120,0.000384,0.000027,-3.521087,TARE
6.672000,0.407463,-0.202753,-0.096058,0.000172,0.000412,-0.000014,-3.520755,TARE
6.673000,0.407461,-0.202753,-0.096059,-0.000912,0.000656,-0.000362,-3.520880,TARE
6.674000,0.407463,-0.202755,-0.096058,-0.000858,0.000019,-0.000352,-3.521459,TARE
6.675000,0.407463,-0.202753,-0.096058,-0.000395,0.001190,-0.000384,-3.522498,TARE
6.676000,0.407461,-0.202757,-0.096059,-0.000822,0.000002,-0.000806,-3.524006,TARE
6.677000,0.407459,-0.202753,-0.096059,-0.001398,0.000891,-0.000670,-3.526011,TARE
6.678000,0.407459,-0.202755,-0.096060,-0.001006,0.000232,-0.000547,-3.528545,TARE
6.679000,0.407460,-0.202756,-0.096058,-0.000738,0.000057,-0.000119,-3.531621,TARE
6.680000,0.407459,-0.202755,-0.096059,-0.001026,0.000055,-0.000390,-3.535207,TARE
6.681000,0.407457,-0.202754,-0.096061,-0.001462,0.000630,-0.000909,-3.539232,TARE
6.682000,0.407464,-0.202755,-0.096057,0.000990,0.000310,0.000644,-3.543608,TARE
6.683000,0.407458,-0.202756,-0.096059,-0.000807,-0.000663,0.000089,-3.548228,TARE
6.684000,0.407455,-0.202755,-0.096062,-0.002035,0.000012,-0.001257,-3.552960,TARE
6.685000,0.407453,-0.202754,-0.096062,-0.001141,0.000376,-0.000378,-3.557686,TARE
6.686000,0.407455,-0.202755,-0.096062,0.000194,0.000219,0.000084,-3.562336,TARE
6.687000,0.407455,-0.202756,-0.096061,0.000369,0.000111,0.000481,-3.566847,TARE
6.688000,0.407454,-0.202753,-0.096063,-0.000484,0.001265,-0.000443,-3.571128,TARE
6.689000,0.407457,-0.202755,-0.096061,0.000554,0.000364,0.000086,-3.575067,TARE
6.690000,0.407458,-0.202755,-0.096060,0.000880,0.000063,0.000273,-3.578578,TARE
6.691000,0.407454,-0.202755,-0.096062,-0.001081,0.000224,-0.000561,-3.581614,TARE
6.692000,0.407457,-0.202754,-0.096062,0.000556,0.000107,-0.000015,-3.584171,TARE
6.693000,0.407458,-0.202755,-0.096060,0.000617,-0.000072,0.000288,-3.586281,TARE
6.694000,0.407460,-0.202754,-0.096059,0.001415,0.000111,0.000851,-3.587986,TARE
6.695000,0.407456,-0.202754,-0.096061,0.000218,0.000159,-0.000032,-3.589296,TARE
6.696000,0.407454,-0.202754,-0.096063,-0.000462,0.000535,-0.000627,-3.590195,TARE
6.697000,0.407456,-0.202755,-0.096062,0.000006,-0.000066,-0.000084,-3.590696,TARE
6.698000,0.407457,-0.202754,-0.096061,0.000671,0.000630,0.000237,-3.590863,TARE
6.699000,0.407457,-0.202755,-0.096061,-0.000201,-0.000418,-0.000034,-3.590770,TARE
6.700000,0.407459,-0.202755,-0.096059,0.000658,-0.000235,0.000564,-3.590477,TARE
6.701000,0.407459,-0.202754,-0.096059,0.000647,0.000299,0.000346,-3.590017,TARE
6.702000,0.407460,-0.202753,-0.096059,0.001584,0.000648,0.000774,-3.589389,TARE
6.703000,0.407458,-0.202754,-0.096059,0.001235,0.000158,0.000650,-3.588558,TARE
6.704000,0.407460,-0.202756,-0.096059,0.000769,-0.000697,0.000532,-3.587478,TARE
6.705000,0.407458,-0.202755,-0.096059,-0.000092,0.000108,-0.000164,-3.586125,TARE
6.706000,0.407461,-0.202756,-0.096058,0.000076,-0.000083,-0.000085,-3.584528,TARE
6.707000,0.407460,-0.202756,-0.096059,-0.000605,0.000178,-0.000615,-3.582778,TARE
6.708000,0.407462,-0.202755,-0.096058,-0.000153,0.000536,-0.000395,-3.581019,TARE
6.709000,0.407461,-0.202758,-0.096057,-0.000560,-0.000684,-0.000077,-3.579410,TARE
6.710000,0.407463,-0.202758,-0.096056,0.000044,-0.000725,0.000249,-3.578083,TARE
6.711000,0.407456,-0.202754,-0.096061,-0.002166,0.000497,-0.001242,-3.577101,TARE
6.712000,0.407462,-0.202754,-0.096058,0.000305,0.000095,0.000138,-3.576488,TARE
6.713000,0.407460,-0.202755,-0.096058,-0.000460,0.000082,-0.000216,-3.576241,TARE
6.714000,0.407460,-0.202755,-0.096058,-0.000210,0.000446,-0.000265,-3.576323,TARE
6.715000,0.407463,-0.202757,-0.096057,0.000233,-0.000480,0.000100,-3.576665,TARE
6.716000,0.407461,-0.202753,-0.096059,-0.000480,0.000825,-0.000395,-3.577180,TARE
6.717000,0.407461,-0.202756,-0.096058,0.000104,-0.000223,-0.000018,-3.577781,TARE
6.718000,0.407463,-0.202753,-0.096057,0.000294,0.000906,0.000047,-3.578388,TARE
6.719000,0.407457,-0.202756,-0.096060,-0.001739,-0.000623,-0.000978,-3.578935,TARE
6.720000,0.407460,-0.202756,-0.096059,-0.000074,-0.000709,-0.000291,-3.579380,TARE
6.721000,0.407457,-0.202755,-0.096060,-0.000539,-0.000344,-0.000412,-3.579732,TARE
6.722000,0.407457,-0.202756,-0.096060,-0.000583,-0.000612,-0.000305,-3.580032,TARE
6.723000,0.407458,-0.202753,-0.096060,-0.000494,0.000672,-0.000479,-3.580322,TARE
6.724000,0.407457,-0.202755,-0.096061,-0.000022,0.000273,-0.000405,-3.580621,TARE
6.725000,0.407460,-0.202755,-0.096059,0.001338,-0.000031,0.000471,-3.580929,TARE
6.726000,0.407454,-0.202757,-0.096061,-0.000404,-0.000870,-0.000284,-3.581219,TARE
6.727000,0.407456,-0.202754,-0.096061,-0.000431,-0.000009,-0.000069,-3.581442,TARE
6.728000,0.407459,-0.202754,-0.096059,0.000309,0.000058,0.000096,-3.581537,TARE
6.729000,0.407455,-0.202753,-0.096061,-0.001669,0.000292,-0.000789,-3.581445,TARE
6.730000,0.407454,-0.202755,-0.096061,-0.001551,-0.000109,-0.000637,-3.581110,TARE
6.731000,0.407456,-0.202753,-0.096062,-0.000386,0.000418,-0.000590,-3.580514,TARE
6.732000,0.407453,-0.202756,-0.096062,-0.001452,-0.000341,-0.000755,-3.579689,TARE
6.733000,0.407455,-0.202754,-0.096061,0.000186,0.000527,-0.000101,-3.578714,TARE
6.734000,0.407458,-0.202758,-0.096059,0.000620,-0.000937,0.000756,-3.577670,TARE
6.735000,0.407455,-0.202754,-0.096061,-0.000703,0.000732,-0.000170,-3.576580,TARE
6.736000,0.407455,-0.202753,-0.096061,-0.001101,0.000660,-0.000635,-3.575395,TARE
6.737000,0.407453,-0.202755,-0.096063,-0.002080,-0.000240,-0.001163,-3.574059,TARE
6.738000,0.407459,-0.202754,-0.096060,0.000014,0.000255,-0.000190,-3.572576,TARE
6.739000,0.407462,-0.202753,-0.096058,0.000850,0.000462,0.000393,-3.571013,TARE
6.740000,0.407458,-0.202755,-0.096059,-0.000818,-0.000219,-0.000478,-3.569432,TARE
6.741000,0.407458,-0.202755,-0.096060,-0.000501,-0.000116,-0.000425,-3.567862,TARE
6.742000,0.407461,-0.202753,-0.096059,0.000770,0.000499,0.000222,-3.566327,TARE
6.743000,0.407460,-0.202753,-0.096059,0.000350,0.000338,0.000017,-3.564857,TARE
6.744000,0.407461,-0.202754,-0.096058,0.001483,0.000149,0.000564,-3.563462,TARE
6.745000,0.407460,-0.202753,-0.096059,0.000474,0.000371,0.000326,-3.562111,TARE
6.746000,0.407461,-0.202755,-0.096058,-0.000120,-0.000707,0.000074,-3.560741,TARE
6.747000,0.407460,-0.202752,-0.096060,-0.000273,0.000247,-0.000367,-3.559294,TARE
6.748000,0.407463,-0.202754,-0.096056,0.001167,-0.000021,0.000940,-3.557746,TARE
6.749000,0.407463,-0.202752,-0.096058,0.000979,0.000687,0.000236,-3.556098,TARE
6.750000,0.407462,-0.202754,-0.096058,-0.000001,-0.000074,-0.000011,-3.554335,TARE
6.751000,0.407459,-0.202755,-0.096059,-0.000610,-0.000284,-0.000239,-3.552444,TARE
6.752000,0.407459,-0.202756,-0.096059,-0.000192,-0.000360,0.000228,-3.550440,TARE
6.753000,0.407459,-0.202753,-0.096059,0.000015,0.000295,-0.000042,-3.548357,TARE
6.754000,0.407460,-0.202753,-0.096059,-0.000220,0.000115,0.000127,-3.546218,TARE
6.755000,0.407461,-0.202755,-0.096058,0.000225,-0.000273,0.000059,-3.544034,TARE
6.756000,0.407460,-0.202755,-0.096059,0.000521,-0.000474,0.000257,-3.541804,TARE
6.757000,0.407462,-0.202755,-0.096058,0.000846,-0.000453,0.000457,-3.539537,TARE
6.758000,0.407459,-0.202755,-0.096059,-0.000412,-0.000146,-0.000213,-3.537244,TARE
6.759000,0.407458,-0.202754,-0.096060,-0.000537,0.000068,-0.000197,-3.534951,TARE
6.760000,0.407458,-0.202755,-0.096060,-0.000994,-0.000245,-0.000448,-3.532699,TARE
6.761000,0.407460,-0.202756,-0.096059,-0.000153,-0.000868,0.000104,-3.530549,TARE
6.762000,0.407459,-0.202755,-0.096060,-0.000766,-0.000645,-0.000408,-3.528566,TARE
6.763000,0.407457,-0.202755,-0.096060,-0.000398,-0.000028,-0.000511,-3.526812,TARE
6.764000,0.407454,-0.202756,-0.096062,-0.001029,0.000158,-0.000692,-3.525354,TARE
6.765000,0.407458,-0.202757,-0.096059,0.001111,-0.000278,0.000531,-3.524263,TARE
6.766000,0.407453,-0.202754,-0.096063,-0.000715,0.000065,-0.000736,-3.523586,TARE
6.767000,0.407457,-0.202754,-0.096060,0.000609,0.000057,0.000319,-3.523327,TARE
6.768000,0.407456,-0.202755,-0.096061,0.000221,-0.000206,0.000005,-3.523464,TARE
6.769000,0.407457,-0.202755,-0.096060,0.000279,0.000190,-0.000005,-3.523950,TARE
6.770000,0.407454,-0.202754,-0.096063,-0.001169,0.000656,-0.000876,-3.524725,TARE
6.771000,0.407456,-0.202757,-0.096061,0.000163,-0.000297,0.000139,-3.525743,TARE
6.772000,0.407451,-0.202755,-0.096064,-0.001939,0.000596,-0.001404,-3.526994,TARE
6.773000,0.407456,-0.202755,-0.096061,0.000252,0.000297,0.000077,-3.528503,TARE
6.774000,0.407459,-0.202754,-0.096059,0.001467,0.000563,0.001066,-3.530299,TARE
6.775000,0.407456,-0.202754,-0.096062,0.000419,0.000605,-0.000176,-3.532346,TARE
6.776000,0.407457,-0.202756,-0.096060,0.001393,0.000132,0.000387,-3.534535,TARE
6.777000,0.407458,-0.202756,-0.096060,0.001612,0.000127,0.000831,-3.536751,TARE
6.778000,0.407458,-0.202755,-0.096060,0.001006,0.000400,0.000129,-3.538894,TARE
6.779000,0.407461,-0.202755,-0.096059,0.001523,0.000465,0.000761,-3.540877,TARE
6.780000,0.407460,-0.202755,-0.096060,0.000859,0.000174,0.000144,-3.542622,TARE
6.781000,0.407463,-0.202754,-0.096059,0.002116,0.000023,0.000935,-3.544071,TARE
6.782000,0.407458,-0.202756,-0.096060,0.000270,-0.000666,0.000312,-3.545185,TARE
6.783000,0.407458,-0.202756,-0.096060,0.000542,-0.000341,0.000251,-3.545939,TARE
6.784000,0.407462,-0.202754,-0.096057,0.001417,0.000174,0.001044,-3.546317,TARE
6.785000,0.407461,-0.202754,-0.096058,0.000389,0.000647,0.000213,-3.546304,TARE
6.786000,0.407463,-0.202754,-0.096057,0.001006,0.000635,0.000542,-3.545874,TARE
6.787000,0.407466,-0.202754,-0.096056,0.001364,0.000481,0.000510,-3.545013,TARE
6.788000,0.407463,-0.202753,-0.096059,0.000608,0.000942,-0.000051,-3.543737,TARE
6.789000,0.407460,-0.202756,-0.096058,-0.000959,-0.000104,-0.000393,-3.542117,TARE
6.790000,0.407462,-0.202753,-0.096058,0.000030,0.000749,-0.000051,-3.540289,TARE
6.791000,0.407461,-0.202755,-0.096060,-0.000531,0.000345,-0.000742,-3.538424,TARE
6.792000,0.407461,-0.202754,-0.096059,0.000371,0.000418,-0.000038,-3.536702,TARE
6.793000,0.407463,-0.202752,-0.096058,0.000223,0.001165,-0.000275,-3.535281,TARE
6.794000,0.407461,-0.202754,-0.096059,-0.000552,0.000379,-0.000691,-3.534279,TARE
6.795000,0.407462,-0.202755,-0.096058,-0.000003,-0.000018,-0.000158,-3.533770,TARE
6.796000,0.407458,-0.202754,-0.096060,-0.001137,-0.000000,-0.000668,-3.533805,TARE
6.797000,0.407460,-0.202755,-0.096058,0.000352,-0.000098,0.000483,-3.534401,TARE
6.798000,0.407459,-0.202754,-0.096060,0.000694,0.000076,0.000047,-3.535519,TARE
6.799000,0.407459,-0.202755,-0.096059,-0.000508,-0.000136,-0.000155,-3.537069,TARE
6.800000,0.407459,-0.202754,-0.096061,-0.000466,0.000622,-0.000922,-3.538957,TARE
6.801000,0.407460,-0.202756,-0.096059,-0.000324,-0.000664,-0.000242,-3.541121,TARE
6.802000,0.407460,-0.202753,-0.096060,-0.000310,0.000007,-0.000383,-3.543541,TARE
6.803000,0.407459,-0.202756,-0.096059,-0.000082,-0.000594,-0.000054,-3.546207,TARE
6.804000,0.407460,-0.202754,-0.096058,0.001172,-0.000156,0.000522,-3.549077,TARE
6.805000,0.407455,-0.202756,-0.096061,-0.000720,-0.000317,-0.000660,-3.552070,TARE
6.806000,0.407455,-0.202756,-0.096061,-0.000343,0.000018,-0.000086,-3.555091,TARE
6.807000,0.407458,-0.202756,-0.096060,0.000606,0.000133,0.000307,-3.558052,TARE
6.808000,0.407455,-0.202755,-0.096060,-0.000255,0.000284,-0.000024,-3.560864,TARE
6.809000,0.407453,-0.202755,-0.096062,-0.000552,0.000392,-0.000497,-3.563431,TARE
6.810000,0.407456,-0.202757,-0.096060,0.000756,-0.000463,0.000430,-3.565672,TARE
6.811000,0.407456,-0.202756,-0.096060,0.001078,-0.000095,0.000427,-3.567538,TARE
6.812000,0.407454,-0.202756,-0.096061,-0.000152,-0.000296,-0.000064,-3.568996,TARE
6.813000,0.407453,-0.202754,-0.096062,-0.000546,0.000010,-0.000158,-3.570022,TARE
6.814000,0.407454,-0.202754,-0.096062,0.000121,-0.000037,0.000016,-3.570611,TARE
6.815000,0.407456,-0.202754,-0.096062,0.000356,0.000100,-0.000066,-3.570787,TARE
6.816000,0.407456,-0.202751,-0.096061,0.000572,0.001041,0.000277,-3.570591,TARE
6.817000,0.407455,-0.202754,-0.096062,0.000462,0.000200,0.000080,-3.570068,TARE
6.818000,0.407454,-0.202755,-0.096062,-0.000264,-0.000088,-0.000009,-3.569252,TARE
6.819000,0.407454,-0.202754,-0.096062,-0.000553,0.000354,-0.000400,-3.568186,TARE
6.820000,0.407460,-0.202753,-0.096059,0.001681,0.000455,0.000905,-3.566924,TARE
6.821000,0.407461,-0.202754,-0.096058,0.001616,0.000240,0.000962,-3.565498,TARE
6.822000,0.407461,-0.202754,-0.096058,0.000759,0.000134,0.000523,-3.563881,TARE
6.823000,0.407462,-0.202756,-0.096058,0.001217,-0.000698,0.000808,-3.562002,TARE
6.824000,0.407458,-0.202754,-0.096060,-0.000205,-0.000202,0.000075,-3.559807,TARE
6.825000,0.407461,-0.202753,-0.096057,0.000660,0.000155,0.000609,-3.557291,TARE
6.826000,0.407462,-0.202755,-0.096057,0.001296,-0.000717,0.000931,-3.554481,TARE
6.827000,0.407462,-0.202753,-0.096057,0.001368,0.000145,0.000939,-3.551389,TARE
6.828000,0.407461,-0.202752,-0.096059,0.000690,0.000345,0.000281,-3.548002,TARE
6.829000,0.407460,-0.202754,-0.096058,0.000427,0.000177,0.000312,-3.544308,TARE
6.830000,0.407463,-0.202751,-0.096058,0.001007,0.000969,0.000288,-3.540332,TARE
6.831000,0.407461,-0.202752,-0.096059,0.000348,0.000581,-0.000084,-3.536139,TARE
6.832000,0.407464,-0.202750,-0.096057,0.001392,0.000986,0.000536,-3.531823,TARE
6.833000,0.407461,-0.202753,-0.096058,0.000222,0.000113,0.000169,-3.527491,TARE
6.834000,0.407459,-0.202750,-0.096061,-0.000370,0.000911,-0.000750,-3.523243,TARE
6.835000,0.407460,-0.202754,-0.096058,-0.000872,-0.000533,-0.000231,-3.519195,TARE
6.836000,0.407462,-0.202752,-0.096058,-0.000108,0.000648,-0.000224,-3.515487,TARE
6.837000,0.407463,-0.202754,-0.096056,0.000566,-0.000007,0.000480,-3.512248,TARE
6.838000,0.407462,-0.202752,-0.096058,0.000208,0.001049,-0.000266,-3.509546,TARE
6.839000,0.407457,-0.202754,-0.096060,-0.001781,0.000265,-0.000933,-3.507395,TARE
6.840000,0.407460,-0.202755,-0.096058,-0.000411,0.000122,-0.000391,-3.505801,TARE
6.841000,0.407461,-0.202756,-0.096057,0.000024,-0.000178,-0.000179,-3.504789,TARE
6.842000,0.407459,-0.202755,-0.096058,-0.000788,0.000272,-0.000422,-3.504382,TARE
6.843000,0.407456,-0.202755,-0.096061,-0.002118,-0.000126,-0.001031,-3.504582,TARE
6.844000,0.407454,-0.202756,-0.096062,-0.002439,-0.000699,-0.001101,-3.505379,TARE
6.845000,0.407458,-0.202756,-0.096059,-0.000901,-0.001013,-0.000144,-3.506768,TARE
6.846000,0.407461,-0.202755,-0.096058,0.000206,-0.000696,0.000314,-3.508719,TARE
6.847000,0.407456,-0.202756,-0.096060,-0.002017,-0.001111,-0.000635,-3.511147,TARE
6.848000,0.407456,-0.202756,-0.096060,-0.001721,-0.000715,-0.000802,-3.513924,TARE
6.849000,0.407457,-0.202756,-0.096060,-0.001282,-0.000692,-0.000611,-3.516940,TARE
6.850000,0.407458,-0.202755,-0.096060,-0.000546,0.000106,-0.000382,-3.520127,TARE
6.851000,0.407460,-0.202754,-0.096059,0.000275,0.000663,-0.000020,-3.523443,TARE
6.852000,0.407458,-0.202756,-0.096059,-0.000485,-0.000097,-0.000120,-3.526830,TARE
6.853000,0.407461,-0.202756,-0.096057,0.000141,-0.000257,0.000352,-3.530197,TARE
6.854000,0.407459,-0.202754,-0.096059,-0.000144,0.000741,-0.000250,-3.533416,TARE
6.855000,0.407460,-0.202756,-0.096058,0.000109,-0.000437,0.000185,-3.536351,TARE
6.856000,0.407460,-0.202754,-0.096059,-0.000210,0.000299,-0.000112,-3.538890,TARE
6.857000,0.407459,-0.202754,-0.096060,-0.000407,-0.000024,-0.000181,-3.540965,TARE
6.858000,0.407457,-0.202756,-0.096059,-0.001186,-0.000804,-0.000287,-3.542558,TARE
6.859000,0.407458,-0.202755,-0.096059,-0.001078,-0.000149,-0.000334,-3.543693,TARE
6.860000,0.407456,-0.202755,-0.096061,-0.002085,-0.000282,-0.001065,-3.544429,TARE
6.861000,0.407461,-0.202756,-0.096058,0.000332,-0.000607,0.000455,-3.544842,TARE
6.862000,0.407461,-0.202755,-0.096058,0.000208,0.000336,-0.000111,-3.545006,TARE
6.863000,0.407457,-0.202755,-0.096060,-0.000898,0.000224,-0.000673,-3.544965,TARE
6.864000,0.407456,-0.202754,-0.096061,-0.001273,0.000368,-0.000940,-3.544749,TARE
6.865000,0.407463,-0.202755,-0.096057,0.001061,-0.000022,0.000564,-3.544408,TARE
6.866000,0.407462,-0.202755,-0.096057,0.000769,0.000010,0.000426,-3.543995,TARE
6.867000,0.407458,-0.202751,-0.096060,-0.000586,0.000890,-0.000564,-3.543513,TARE
6.868000,0.407461,-0.202755,-0.096057,0.000710,-0.000550,0.000597,-3.542929,TARE
6.869000,0.407461,-0.202753,-0.096059,0.000258,0.000164,-0.000231,-3.542199,TARE
6.870000,0.407458,-0.202753,-0.096061,-0.000872,0.000144,-0.000915,-3.541298,TARE
6.871000,0.407462,-0.202754,-0.096058,0.001124,-0.000255,0.000361,-3.540244,TARE
6.872000,0.407460,-0.202756,-0.096059,0.000276,-0.000621,0.000004,-3.539102,TARE
6.873000,0.407458,-0.202753,-0.096060,-0.000879,0.000012,-0.000706,-3.537937,TARE
6.874000,0.407457,-0.202754,-0.096061,-0.000033,-0.000140,-0.000457,-3.536811,TARE
6.875000,0.407454,-0.202753,-0.096063,-0.000811,0.000359,-0.000645,-3.535799,TARE
6.876000,0.407457,-0.202752,-0.096062,-0.000721,0.000126,-0.000500,-3.534983,TARE
6.877000,0.407459,-0.202753,-0.096060,0.000572,0.000106,0.000199,-3.534416,TARE
6.878000,0.407456,-0.202756,-0.096061,-0.000741,-0.000778,-0.000330,-3.534097,TARE
6.879000,0.407455,-0.202754,-0.096062,-0.000619,0.000069,-0.000802,-3.533977,TARE
6.880000,0.407454,-0.202753,-0.096063,-0.001476,0.000637,-0.001262,-3.534018,TARE
6.881000,0.407455,-0.202754,-0.096061,-0.000842,-0.000077,-0.000531,-3.534240,TARE
6.882000,0.407454,-0.202754,-0.096062,-0.001558,-0.000055,-0.000874,-3.534695,TARE
6.883000,0.407456,-0.202754,-0.096062,-0.000294,-0.000426,-0.000487,-3.535425,TARE
6.884000,0.407454,-0.202754,-0.096062,-0.001123,-0.000379,-0.000494,-3.536449,TARE
6.885000,0.407455,-0.202756,-0.096061,-0.001066,-0.000301,-0.000629,-3.537767,TARE
6.886000,0.407454,-0.202754,-0.096062,-0.000798,0.000096,-0.000458,-3.539354,TARE
6.887000,0.407454,-0.202756,-0.096061,-0.000880,-0.000643,-0.000109,-3.541154,TARE
6.888000,0.407458,-0.202755,-0.096060,0.000914,0.000245,0.000446,-3.543068,TARE
6.889000,0.407459,-0.202755,-0.096059,0.000810,0.000068,0.000492,-3.544946,TARE
6.890000,0.407457,-0.202757,-0.096059,0.000587,-0.000951,0.000506,-3.546602,TARE
6.891000,0.407456,-0.202756,-0.096060,0.000371,-0.000584,0.000247,-3.547851,TARE
6.892000,0.407459,-0.202757,-0.096058,0.000604,-0.000931,0.000349,-3.548555,TARE
6.893000,0.407457,-0.202757,-0.096060,-0.000371,-0.000670,-0.000144,-3.548648,TARE
6.894000,0.407457,-0.202756,-0.096060,0.000007,-0.000048,-0.000091,-3.548131,TARE
6.895000,0.407459,-0.202757,-0.096059,0.000508,-0.000293,0.000423,-3.547064,TARE
6.896000,0.407458,-0.202756,-0.096060,0.000570,-0.000030,0.000213,-3.545525,TARE
6.897000,0.407457,-0.202756,-0.096060,0.001021,0.000280,0.000262,-3.543589,TARE
6.898000,0.407458,-0.202756,-0.096059,0.000573,0.000023,0.000377,-3.541315,TARE
6.899000,0.407461,-0.202759,-0.096057,0.001570,-0.000834,0.001088,-3.538754,TARE
6.900000,0.407458,-0.202755,-0.096060,-0.000256,0.000930,-0.000562,-3.535940,TARE
6.901000,0.407460,-0.202755,-0.096058,0.000381,0.000658,-0.000073,-3.532916,TARE
6.902000,0.407459,-0.202757,-0.096059,-0.000359,0.000157,-0.000304,-3.529773,TARE
6.903000,0.407458,-0.202757,-0.096059,-0.000631,0.000100,-0.000352,-3.526646,TARE
6.904000,0.407459,-0.202756,-0.096059,-0.000858,0.000280,-0.000546,-3.523670,TARE
6.905000,0.407460,-0.202755,-0.096058,-0.000486,0.000608,-0.000450,-3.520964,TARE
6.906000,0.407459,-0.202756,-0.096059,-0.000290,0.000371,-0.000531,-3.518618,TARE
6.907000,0.407459,-0.202754,-0.096060,-0.000731,0.000806,-0.000726,-3.516715,TARE
6.908000,0.407462,-0.202755,-0.096058,0.000721,0.000264,0.000420,-3.515324,TARE
6.909000,0.407462,-0.202754,-0.096058,0.000693,0.000984,0.000289,-3.514470,TARE
6.910000,0.407457,-0.202755,-0.096060,-0.001202,0.000231,-0.000450,-3.514100,TARE
6.911000,0.407457,-0.202754,-0.096060,-0.000841,0.000231,-0.000173,-3.514102,TARE
6.912000,0.407460,-0.202755,-0.096058,0.000031,-0.000482,0.000248,-3.514351,TARE
6.913000,0.407460,-0.202754,-0.096059,-0.000519,0.000600,-0.000308,-3.514732,TARE
6.914000,0.407458,-0.202756,-0.096060,-0.001700,-0.000425,-0.000617,-3.515163,TARE
6.915000,0.407463,-0.202757,-0.096056,0.000640,-0.000524,0.000648,-3.515601,TARE
6.916000,0.407460,-0.202755,-0.096059,0.000283,0.000125,0.000157,-3.516026,TARE
6.917000,0.407458,-0.202756,-0.096060,-0.000341,-0.000436,-0.000231,-3.516413,TARE
6.918000,0.407458,-0.202753,-0.096061,0.000167,0.001077,-0.000340,-3.516744,TARE
6.919000,0.407459,-0.202758,-0.096058,-0.000017,-0.000971,0.000258,-3.517028,TARE
6.920000,0.407457,-0.202753,-0.096061,-0.000779,0.000570,-0.000405,-3.517292,TARE
6.921000,0.407460,-0.202755,-0.096058,-0.000349,-0.000439,0.000289,-3.517549,TARE
6.922000,0.407458,-0.202755,-0.096060,-0.000320,-0.000363,-0.000056,-3.517789,TARE
6.923000,0.407457,-0.202754,-0.096060,-0.000579,0.000277,-0.000310,-3.517989,TARE
6.924000,0.407456,-0.202753,-0.096061,-0.001275,0.000888,-0.000774,-3.518146,TARE
6.925000,0.407458,-0.202755,-0.096060,-0.000802,0.000036,-0.000516,-3.518294,TARE
6.926000,0.407458,-0.202755,-0.096060,-0.000803,0.000021,-0.000366,-3.518499,TARE
6.927000,0.407460,-0.202756,-0.096058,0.000483,-0.000332,0.000364,-3.518833,TARE
6.928000,0.407462,-0.202753,-0.096059,0.000133,0.000110,-0.000068,-3.519336,TARE
6.929000,0.407459,-0.202755,-0.096059,-0.000775,-0.000241,-0.000467,-3.520008,TARE
6.930000,0.407456,-0.202755,-0.096060,-0.001728,-0.000130,-0.000848,-3.520839,TARE
6.931000,0.407460,-0.202753,-0.096059,-0.000008,0.000489,-0.000056,-3.521836,TARE
6.932000,0.407456,-0.202755,-0.096060,-0.000835,-0.000001,-0.000236,-3.523008,TARE
6.933000,0.407457,-0.202753,-0.096061,-0.000542,0.000610,-0.000417,-3.524340,TARE
6.934000,0.407456,-0.202752,-0.096062,-0.000171,0.000967,-0.000249,-3.525798,TARE
6.935000,0.407459,-0.202752,-0.096060,0.001248,0.000276,0.000712,-3.527338,TARE
6.936000,0.407459,-0.202753,-0.096060,0.000507,-0.000323,0.000438,-3.528897,TARE
6.937000,0.407457,-0.202753,-0.096061,-0.000059,0.000005,0.000103,-3.530378,TARE
6.938000,0.407460,-0.202754,-0.096059,0.001050,-0.000395,0.000808,-3.531673,TARE
6.939000,0.407457,-0.202752,-0.096060,0.000202,0.000747,0.000032,-3.532688,TARE
6.940000,0.407455,-0.202754,-0.096061,-0.000747,0.000138,-0.000239,-3.533358,TARE
6.941000,0.407460,-0.202752,-0.096059,0.001002,0.000709,0.000372,-3.533650,TARE
6.942000,0.407456,-0.202754,-0.096061,-0.000864,-0.000212,-0.000487,-3.533564,TARE
6.943000,0.407457,-0.202753,-0.096061,0.000006,0.000133,-0.000066,-3.533136,TARE
6.944000,0.407462,-0.202752,-0.096058,0.001265,0.000612,0.000525,-3.532442,TARE
6.945000,0.407462,-0.202754,-0.096058,0.001247,-0.000408,0.000616,-3.531564,TARE
6.946000,0.407460,-0.202752,-0.096060,0.000153,0.000278,0.000024,-3.530561,TARE
6.947000,0.407460,-0.202751,-0.096060,0.000489,0.000459,0.000257,-3.529466,TARE
6.948000,0.407460,-0.202753,-0.096059,-0.000003,0.000034,-0.000107,-3.528316,TARE
6.949000,0.407458,-0.202753,-0.096061,-0.000454,0.000495,-0.000504,-3.527158,TARE
6.950000,0.407456,-0.202752,-0.096062,-0.000984,0.000689,-0.000959,-3.526071,TARE
6.951000,0.407461,-0.202755,-0.096058,0.000394,-0.000540,0.000249,-3.525167,TARE
6.952000,0.407459,-0.202754,-0.096059,-0.000187,0.000073,-0.000162,-3.524564,TARE
6.953000,0.407462,-0.202754,-0.096058,0.000579,-0.000194,0.000161,-3.524335,TARE
6.954000,0.407461,-0.202753,-0.096059,0.000124,-0.000070,-0.000148,-3.524495,TARE
6.955000,0.407462,-0.202755,-0.096058,0.001096,-0.000817,0.000443,-3.525021,TARE
6.956000,0.407460,-0.202754,-0.096059,0.000636,-0.000497,0.000243,-3.525869,TARE
6.957000,0.407458,-0.202754,-0.096060,-0.000141,-0.000586,0.000186,-3.526979,TARE
6.958000,0.407458,-0.202754,-0.096059,-0.000272,-0.000545,0.000303,-3.528272,TARE
6.959000,0.407456,-0.202752,-0.096061,-0.000598,0.000473,-0.000268,-3.529655,TARE
6.960000,0.407456,-0.202754,-0.096061,-0.000428,0.000023,-0.000300,-3.531033,TARE
6.961000,0.407453,-0.202754,-0.096062,-0.000960,-0.000029,-0.000482,-3.532345,TARE
6.962000,0.407456,-0.202756,-0.096060,-0.000198,-0.000682,0.000309,-3.533576,TARE
6.963000,0.407454,-0.202756,-0.096060,-0.000541,-0.000270,0.000165,-3.534726,TARE
6.964000,0.407457,-0.202753,-0.096061,0.000153,0.000396,0.000133,-3.535769,TARE
6.965000,0.407453,-0.202757,-0.096061,-0.001135,-0.000505,-0.000318,-3.536666,TARE
6.966000,0.407454,-0.202755,-0.096061,-0.000367,0.000075,0.000132,-3.537387,TARE
6.967000,0.407457,-0.202756,-0.096060,0.001097,-0.000154,0.000707,-3.537920,TARE
6.968000,0.407452,-0.202758,-0.096061,-0.000351,-0.000708,0.000276,-3.538246,TARE
6.969000,0.407456,-0.202758,-0.096060,0.001007,-0.000836,0.001059,-3.538333,TARE
6.970000,0.407455,-0.202754,-0.096061,0.000229,0.000400,0.000318,-3.538141,TARE
6.971000,0.407455,-0.202754,-0.096061,0.000752,0.000480,0.000715,-3.537623,TARE
6.972000,0.407455,-0.202755,-0.096062,0.000600,0.000231,0.000407,-3.536736,TARE
6.973000,0.407456,-0.202754,-0.096061,0.001216,0.000413,0.000793,-3.535449,TARE
6.974000,0.407455,-0.202754,-0.096062,0.000942,0.000398,0.000339,-3.533755,TARE
6.975000,0.407456,-0.202755,-0.096061,0.001195,-0.000331,0.000834,-3.531673,TARE
6.976000,0.407455,-0.202756,-0.096061,0.000554,-0.000470,0.000365,-3.529253,TARE
6.977000,0.407456,-0.202756,-0.096060,0.000506,-0.000394,0.000482,-3.526571,TARE
6.978000,0.407461,-0.202753,-0.096058,0.001880,0.000396,0.001026,-3.523724,TARE
6.979000,0.407457,-0.202755,-0.096061,0.000304,0.000106,-0.000061,-3.520807,TARE
6.980000,0.407464,-0.202753,-0.096057,0.002872,0.000469,0.001362,-3.517907,TARE
6.981000,0.407459,-0.202753,-0.096060,0.001413,0.000417,0.000468,-3.515096,TARE
6.982000,0.407459,-0.202756,-0.096060,0.001115,-0.000309,0.000377,-3.512426,TARE
6.983000,0.407459,-0.202755,-0.096059,0.001102,-0.000164,0.000571,-3.509944,TARE
6.984000,0.407459,-0.202754,-0.096059,0.001396,-0.000051,0.000791,-3.507701,TARE
6.985000,0.407461,-0.202758,-0.096057,0.001366,-0.001138,0.000945,-3.505735,TARE
6.986000,0.407459,-0.202756,-0.096058,0.000875,-0.000318,0.000242,-3.504055,TARE
6.987000,0.407463,-0.202756,-0.096056,0.001769,-0.000128,0.000735,-3.502663,TARE
6.988000,0.407463,-0.202756,-0.096057,0.001761,0.000031,0.000655,-3.501564,TARE
6.989000,0.407461,-0.202755,-0.096058,0.000882,0.000465,-0.000009,-3.500760,TARE
6.990000,0.407460,-0.202758,-0.096057,0.000907,-0.000091,0.000300,-3.500262,TARE
6.991000,0.407461,-0.202754,-0.096058,-0.000186,0.001160,-0.000598,-3.500106,TARE
6.992000,0.407459,-0.202755,-0.096059,-0.000019,-0.000160,-0.000506,-3.500355,TARE
6.993000,0.407458,-0.202755,-0.096060,-0.000533,0.000227,-0.000886,-3.501103,TARE
6.994000,0.407461,-0.202754,-0.096058,0.000644,0.000577,-0.000032,-3.502459,TARE
6.995000,0.407460,-0.202754,-0.096059,-0.000338,0.000470,-0.000372,-3.504512,TARE
6.996000,0.407461,-0.202755,-0.096058,0.000328,0.000054,0.000140,-3.507282,TARE
6.997000,0.407459,-0.202754,-0.096058,-0.000277,0.000455,-0.000044,-3.510703,TARE
6.998000,0.407453,-0.202755,-0.096062,-0.002255,0.000046,-0.001166,-3.514645,TARE
6.999000,0.407459,-0.202756,-0.096058,0.000634,-0.000356,0.000465,-3.518968,TARE
7.000000,0.407456,-0.202757,-0.096061,-0.000259,-0.000621,-0.000355,-3.523542,TARE
7.001000,0.407455,-0.202755,-0.096061,-0.000712,-0.000015,-0.000457,-3.528261,TARE
7.002000,0.407455,-0.202756,-0.096061,-0.000199,-0.000302,-0.000307,-3.533046,TARE
7.003000,0.407453,-0.202755,-0.096063,-0.000340,-0.000634,-0.000442,-3.537851,TARE
7.004000,0.407453,-0.202755,-0.096064,-0.000791,-0.000042,-0.000998,-3.542664,TARE
7.005000,0.407454,-0.202755,-0.096062,-0.000762,-0.000236,-0.000582,-3.547517,TARE
7.006000,0.407453,-0.202751,-0.096064,-0.001858,0.001272,-0.001558,-3.552470,TARE
7.007000,0.407454,-0.202753,-0.096063,-0.000654,0.000607,-0.000765,-3.557584,TARE
7.008000,0.407457,-0.202753,-0.096061,0.000734,0.000468,0.000148,-3.562895,TARE
7.009000,0.407455,-0.202755,-0.096061,-0.000536,-0.000005,-0.000497,-3.568378,TARE
7.010000,0.407451,-0.202753,-0.096064,-0.001585,0.000843,-0.001099,-3.573942,TARE
7.011000,0.407453,-0.202754,-0.096062,0.000283,0.000283,0.000147,-3.579464,TARE
7.012000,0.407455,-0.202755,-0.096061,0.001135,0.000078,0.000669,-3.584805,TARE
7.013000,0.407450,-0.202752,-0.096065,-0.000848,0.001190,-0.000938,-3.589799,TARE
7.014000,0.407456,-0.202755,-0.096060,0.001228,-0.000397,0.000822,-3.594279,TARE
7.015000,0.407452,-0.202753,-0.096063,-0.000632,0.000548,-0.000399,-3.598117,TARE
7.016000,0.407456,-0.202752,-0.096061,0.000357,0.000848,0.000097,-3.601227,TARE
7.017000,0.407455,-0.202753,-0.096062,0.000045,0.000816,-0.000281,-3.603566,TARE
7.018000,0.407455,-0.202754,-0.096062,-0.000161,0.000457,-0.000198,-3.605141,TARE
7.019000,0.407451,-0.202754,-0.096064,-0.001653,0.000489,-0.001038,-3.606007,TARE
7.020000,0.407453,-0.202754,-0.096062,-0.000702,0.000450,-0.000247,-3.606261,TARE
7.021000,0.407453,-0.202752,-0.096062,-0.001421,0.000684,-0.000632,-3.606014,TARE
7.022000,0.407457,-0.202755,-0.096059,-0.000190,-0.000426,0.000185,-3.605363,TARE
7.023000,0.407456,-0.202751,-0.096061,-0.000814,0.000936,-0.000692,-3.604371,TARE
7.024000,0.407461,-0.202752,-0.096059,-0.000001,0.000405,0.000145,-3.603090,TARE
7.025000,0.407463,-0.202751,-0.096059,0.000354,0.000484,0.000090,-3.601562,TARE
7.026000,0.407464,-0.202753,-0.096057,0.000358,-0.000232,0.000222,-3.599810,TARE
7.027000,0.407463,-0.202755,-0.096057,-0.000330,-0.001043,0.000179,-3.597836,TARE
7.028000,0.407461,-0.202751,-0.096058,-0.000869,-0.000010,-0.000531,-3.595634,TARE
7.029000,0.407460,-0.202751,-0.096059,-0.001864,-0.000013,-0.001069,-3.593226,TARE
7.030000,0.407464,-0.202753,-0.096056,0.000100,-0.000910,0.000369,-3.590682,TARE
7.031000,0.407457,-0.202753,-0.096061,-0.001689,-0.000951,-0.000924,-3.588105,TARE
7.032000,0.407458,-0.202753,-0.096059,-0.000394,-0.000917,0.000259,-3.585601,TARE
7.033000,0.407457,-0.202755,-0.096060,-0.001198,-0.001819,-0.000080,-3.583251,TARE
7.034000,0.407456,-0.202754,-0.096060,-0.001550,-0.000816,-0.000314,-3.581090,TARE
7.035000,0.407460,-0.202752,-0.096060,0.000276,0.000216,-0.000223,-3.579104,TARE
7.036000,0.407458,-0.202752,-0.096060,-0.000476,0.000090,-0.000358,-3.577264,TARE
7.037000,0.407457,-0.202752,-0.096060,-0.000704,-0.000235,-0.000515,-3.575555,TARE
7.038000,0.407460,-0.202754,-0.096059,-0.000314,-0.000392,-0.000132,-3.573977,TARE
7.039000,0.407460,-0.202754,-0.096059,-0.000173,-0.000176,-0.000181,-3.572531,TARE
7.040000,0.407458,-0.202754,-0.096060,-0.000531,-0.000102,-0.000321,-3.571210,TARE
7.041000,0.407457,-0.202756,-0.096060,-0.001253,-0.000996,-0.000459,-3.569997,TARE
7.042000,0.407460,-0.202752,-0.096059,0.000054,0.000568,0.000108,-3.568864,TARE
7.043000,0.407455,-0.202752,-0.096062,-0.001345,0.000254,-0.001026,-3.567766,TARE
7.044000,0.407455,-0.202754,-0.096061,-0.000329,-0.000290,-0.000105,-3.566649,TARE
7.045000,0.407456,-0.202755,-0.096061,-0.000486,-0.000287,-0.000522,-3.565486,TARE
7.046000,0.407455,-0.202752,-0.096062,-0.000784,0.000593,-0.000479,-3.564285,TARE
7.047000,0.407454,-0.202752,-0.096062,-0.000717,0.000982,-0.000662,-3.563069,TARE
7.048000,0.407454,-0.202756,-0.096061,-0.000551,-0.000150,-0.000135,-3.561861,TARE
7.049000,0.407454,-0.202756,-0.096061,-0.000715,-0.000212,-0.000253,-3.560665,TARE
7.050000,0.407451,-0.202754,-0.096064,-0.002279,0.000467,-0.001691,-3.559472,TARE
7.051000,0.407453,-0.202753,-0.096063,-0.000309,0.000310,-0.000507,-3.558304,TARE
7.052000,0.407452,-0.202754,-0.096063,-0.000945,-0.000474,-0.000528,-3.557233,TARE
7.053000,0.407457,-0.202755,-0.096060,0.001001,-0.000946,0.000818,-3.556333,TARE
7.054000,0.407452,-0.202755,-0.096062,-0.000145,-0.001190,0.000347,-3.555610,TARE
7.055000,0.407454,-0.202754,-0.096062,0.000222,-0.000821,0.000427,-3.554981,TARE
7.056000,0.407453,-0.202755,-0.096062,0.000262,-0.000897,0.000526,-3.554306,TARE
7.057000,0.407459,-0.202756,-0.096060,0.002472,-0.000967,0.001252,-3.553439,TARE
7.058000,0.407453,-0.202755,-0.096062,-0.000137,-0.000720,0.000154,-3.552250,TARE
7.059000,0.407457,-0.202753,-0.096060,0.001796,0.000148,0.000911,-3.550654,TARE
7.060000,0.407459,-0.202754,-0.096059,0.000945,-0.000227,0.000634,-3.548611,TARE
7.061000,0.407457,-0.202755,-0.096060,-0.000418,-0.000580,-0.000096,-3.546115,TARE
7.062000,0.407460,-0.202755,-0.096058,0.000279,-0.000324,0.000193,-3.543192,TARE
7.063000,0.407455,-0.202755,-0.096062,-0.001025,0.000108,-0.000755,-3.539915,TARE
7.064000,0.407458,-0.202754,-0.096060,0.000398,0.000583,0.000099,-3.536410,TARE
7.065000,0.407459,-0.202755,-0.096059,0.000823,0.000503,0.000241,-3.532827,TARE
7.066000,0.407459,-0.202755,-0.096059,0.000414,0.000189,0.000070,-3.529289,TARE
7.067000,0.407461,-0.202755,-0.096058,0.000692,0.000534,0.000192,-3.525871,TARE
7.068000,0.407463,-0.202755,-0.096057,0.001108,0.000627,0.000379,-3.522608,TARE
7.069000,0.407461,-0.202755,-0.096057,0.000148,0.000419,0.000056,-3.519512,TARE
7.070000,0.407463,-0.202754,-0.096057,0.001151,0.000563,0.000265,-3.516578,TARE
7.071000,0.407456,-0.202755,-0.096060,-0.002079,-0.000002,-0.001265,-3.513815,TARE
7.072000,0.407458,-0.202754,-0.096060,-0.000724,0.000254,-0.000696,-3.511276,TARE
7.073000,0.407462,-0.202757,-0.096057,0.000467,-0.000392,0.000200,-3.509067,TARE
7.074000,0.407456,-0.202757,-0.096060,-0.001121,-0.000059,-0.000500,-3.507301,TARE
7.075000,0.407460,-0.202755,-0.096058,0.000530,0.000318,0.000398,-3.506031,TARE
7.076000,0.407463,-0.202753,-0.096057,0.001232,0.001283,0.000432,-3.505233,TARE
7.077000,0.407459,-0.202754,-0.096059,-0.000106,0.000575,-0.000197,-3.504817,TARE
7.078000,0.407458,-0.202756,-0.096059,-0.000250,0.000242,-0.000053,-3.504667,TARE
7.079000,0.407460,-0.202756,-0.096058,-0.000411,-0.000242,-0.000049,-3.504687,TARE
7.080000,0.407456,-0.202756,-0.096060,-0.000706,0.000072,0.000046,-3.504808,TARE
7.081000,0.407458,-0.202756,-0.096058,-0.000231,-0.000287,0.000619,-3.504967,TARE
7.082000,0.407456,-0.202756,-0.096060,-0.000431,-0.000115,0.000098,-3.505077,TARE
7.083000,0.407456,-0.202754,-0.096061,-0.000304,0.000151,-0.000091,-3.505037,TARE
7.084000,0.407453,-0.202755,-0.096062,-0.001231,-0.000144,-0.000512,-3.504780,TARE
7.085000,0.407459,-0.202755,-0.096059,0.001349,-0.000308,0.000662,-3.504310,TARE
7.086000,0.407453,-0.202753,-0.096063,-0.001150,0.000681,-0.000856,-3.503679,TARE
7.087000,0.407456,-0.202755,-0.096061,-0.000299,-0.000418,-0.000094,-3.502979,TARE
7.088000,0.407452,-0.202755,-0.096063,-0.001186,-0.000421,-0.000469,-3.502322,TARE
7.089000,0.407455,-0.202754,-0.096061,0.000065,0.000342,0.000026,-3.501830,TARE
7.090000,0.407458,-0.202753,-0.096059,0.000507,0.000480,0.000361,-3.501584,TARE
7.091000,0.407450,-0.202756,-0.096064,-0.001899,-0.000135,-0.001126,-3.501608,TARE
7.092000,0.407455,-0.202754,-0.096061,0.000021,0.000726,-0.000164,-3.501906,TARE
7.093000,0.407452,-0.202753,-0.096063,-0.000781,0.000692,-0.000474,-3.502506,TARE
7.094000,0.407453,-0.202755,-0.096062,-0.001794,0.000130,-0.000744,-3.503453,TARE
7.095000,0.407456,-0.202753,-0.096062,-0.000441,0.000558,-0.000424,-3.504783,TARE
7.096000,0.407455,-0.202752,-0.096061,-0.001169,0.000536,-0.000469,-3.506520,TARE
7.097000,0.407457,-0.202753,-0.096061,0.000212,0.000493,-0.000204,-3.508664,TARE
7.098000,0.407454,-0.202751,-0.096063,-0.000772,0.001162,-0.000720,-3.511192,TARE
7.099000,0.407457,-0.202752,-0.096061,0.000849,0.000383,0.000660,-3.514058,TARE
7.100000,0.407455,-0.202753,-0.096062,-0.000139,0.000392,0.000042,-3.517183,TARE
7.101000,0.407461,-0.202751,-0.096058,0.001773,0.000834,0.000896,-3.520435,TARE
7.102000,0.407461,-0.202753,-0.096059,0.001601,0.000265,0.000681,-3.523641,TARE
7.103000,0.407457,-0.202752,-0.096061,-0.000304,0.000364,-0.000293,-3.526623,TARE
7.104000,0.407462,-0.202751,-0.096059,0.001536,0.000700,0.000161,-3.529242,TARE
7.105000,0.407459,-0.202750,-0.096061,-0.000029,0.000637,-0.000566,-3.531447,TARE
7.106000,0.407460,-0.202752,-0.096059,0.000172,0.000030,0.000227,-3.533273,TARE
7.107000,0.407459,-0.202753,-0.096059,-0.000264,-0.000068,-0.000006,-3.534790,TARE
7.108000,0.407461,-0.202752,-0.096059,-0.000328,0.000192,-0.000069,-3.536053,TARE
7.109000,0.407458,-0.202753,-0.096059,-0.000509,0.000360,-0.000165,-3.537085,TARE
7.110000,0.407461,-0.202753,-0.096057,-0.000123,0.000293,0.000234,-3.537890,TARE
7.111000,0.407463,-0.202754,-0.096057,0.000497,-0.000241,0.000351,-3.538456,TARE
7.112000,0.407460,-0.202750,-0.096060,-0.000354,0.000719,-0.000276,-3.538764,TARE
7.113000,0.407459,-0.202751,-0.096060,-0.000205,-0.000155,-0.000013,-3.538798,TARE
7.114000,0.407459,-0.202752,-0.096060,0.000228,0.000065,0.000192,-3.538568,TARE
7.115000,0.407459,-0.202753,-0.096059,-0.000368,-0.000196,0.000221,-3.538091,TARE
7.116000,0.407463,-0.202752,-0.096057,0.001188,-0.000173,0.000799,-3.537364,TARE
7.117000,0.407459,-0.202750,-0.096061,-0.000775,0.000363,-0.000585,-3.536369,TARE
7.118000,0.407460,-0.202752,-0.096059,-0.000074,-0.000518,0.000338,-3.535105,TARE
7.119000,0.407461,-0.202752,-0.096059,0.000140,-0.000242,0.000172,-3.533608,TARE
7.120000,0.407457,-0.202752,-0.096061,-0.000950,-0.000080,-0.000413,-3.531930,TARE
7.121000,0.407455,-0.202752,-0.096062,-0.001475,-0.000065,-0.000816,-3.530133,TARE
7.122000,0.407459,-0.202753,-0.096059,0.000063,-0.000587,0.000204,-3.528309,TARE
7.123000,0.407456,-0.202754,-0.096061,-0.001167,-0.000755,-0.000480,-3.526571,TARE
7.124000,0.407457,-0.202755,-0.096060,-0.000376,-0.000920,0.000334,-3.525019,TARE
7.125000,0.407457,-0.202753,-0.096060,-0.000550,-0.000380,0.000111,-3.523724,TARE
7.126000,0.407455,-0.202752,-0.096061,-0.001906,-0.000262,-0.000359,-3.522705,TARE
7.127000,0.407457,-0.202755,-0.096059,-0.000327,-0.000949,0.000430,-3.521932,TARE
7.128000,0.407455,-0.202755,-0.096062,-0.000522,-0.000426,-0.000249,-3.521348,TARE
7.129000,0.407455,-0.202756,-0.096060,-0.000006,-0.000682,0.000474,-3.520880,TARE
7.130000,0.407457,-0.202754,-0.096061,0.000647,-0.000035,0.000201,-3.520457,TARE
7.131000,0.407456,-0.202755,-0.096060,0.000284,-0.000326,0.000299,-3.520009,TARE
7.132000,0.407454,-0.202756,-0.096061,-0.000768,-0.000801,-0.000132,-3.519482,TARE
7.133000,0.407457,-0.202755,-0.096060,0.000214,-0.000199,0.000123,-3.518854,TARE
7.134000,0.407453,-0.202754,-0.096062,-0.001068,0.000426,-0.000628,-3.518128,TARE
7.135000,0.407456,-0.202755,-0.096060,-0.000188,0.000324,-0.000183,-3.517335,TARE
7.136000,0.407456,-0.202756,-0.096061,-0.000753,0.000084,-0.000576,-3.516529,TARE
7.137000,0.407454,-0.202756,-0.096061,-0.001442,-0.000012,-0.000736,-3.515789,TARE
7.138000,0.407455,-0.202756,-0.096061,-0.001364,0.000048,-0.000758,-3.515210,TARE
7.139000,0.407455,-0.202755,-0.096060,-0.000572,0.000030,-0.000099,-3.514886,TARE
7.140000,0.407456,-0.202755,-0.096060,-0.000710,0.000101,-0.000431,-3.514872,TARE
7.141000,0.407454,-0.202755,-0.096062,-0.001417,0.000108,-0.000813,-3.515179,TARE
7.142000,0.407457,-0.202756,-0.096059,0.000428,-0.000676,0.000387,-3.515794,TARE
7.143000,0.407457,-0.202756,-0.096060,0.000347,-0.001457,0.000317,-3.516695,TARE
7.144000,0.407457,-0.202757,-0.096060,-0.000117,-0.001405,0.000154,-3.517840,TARE
7.145000,0.407457,-0.202754,-0.096061,0.000343,-0.000138,0.000086,-3.519182,TARE
7.146000,0.407453,-0.202753,-0.096062,-0.001147,0.000453,-0.000608,-3.520676,TARE
7.147000,0.407458,-0.202755,-0.096059,0.000749,-0.000444,0.000905,-3.522274,TARE
7.148000,0.407459,-0.202754,-0.096059,0.001417,-0.000101,0.000955,-3.523896,TARE
7.149000,0.407460,-0.202754,-0.096059,0.000751,-0.000160,0.000404,-3.525399,TARE
7.150000,0.407459,-0.202752,-0.096061,0.000277,0.000702,-0.000452,-3.526623,TARE
7.151000,0.407460,-0.202755,-0.096058,0.000703,-0.000833,0.000894,-3.527466,TARE
7.152000,0.407464,-0.202755,-0.096055,0.001766,-0.000634,0.001281,-3.527885,TARE
7.153000,0.407459,-0.202754,-0.096059,-0.000126,-0.000306,-0.000007,-3.527837,TARE
7.154000,0.407461,-0.202753,-0.096058,0.001067,-0.000028,0.000571,-3.527277,TARE
7.155000,0.407460,-0.202757,-0.096058,0.000330,-0.001029,0.000507,-3.526194,TARE
7.156000,0.407463,-0.202753,-0.096057,0.001902,0.000720,0.000849,-3.524618,TARE
7.157000,0.407454,-0.202753,-0.096063,-0.001345,0.000737,-0.001098,-3.522591,TARE
7.158000,0.407458,-0.202753,-0.096060,0.000442,0.001096,-0.000041,-3.520198,TARE
7.159000,0.407460,-0.202753,-0.096059,0.001019,0.000949,0.000205,-3.517579,TARE
7.160000,0.407462,-0.202753,-0.096058,0.001510,0.000876,0.000501,-3.514882,TARE
7.161000,0.407459,-0.202752,-0.096059,0.000540,0.001120,-0.000094,-3.512217,TARE
7.162000,0.407457,-0.202754,-0.096059,-0.000207,0.000339,0.000010,-3.509650,TARE
7.163000,0.407460,-0.202753,-0.096059,0.000403,0.000435,0.000252,-3.507222,TARE
7.164000,0.407458,-0.202752,-0.096060,0.000010,0.000453,-0.000108,-3.504961,TARE
7.165000,0.407457,-0.202754,-0.096061,0.000058,0.000056,-0.000073,-3.502890,TARE
7.166000,0.407453,-0.202752,-0.096063,-0.001654,0.000618,-0.000977,-3.501040,TARE
7.167000,0.407454,-0.202754,-0.096062,-0.000561,-0.000101,-0.000301,-3.499462,TARE
7.168000,0.407454,-0.202754,-0.096062,-0.000356,0.000196,-0.000463,-3.498226,TARE
7.169000,0.407456,-0.202753,-0.096061,0.000097,0.000218,-0.000183,-3.497406,TARE
7.170000,0.407451,-0.202753,-0.096064,-0.001729,0.000034,-0.001142,-3.497061,TARE
7.171000,0.407452,-0.202754,-0.096063,-0.001001,0.000083,-0.000504,-3.497243,TARE
7.172000,0.407455,-0.202752,-0.096062,-0.000266,0.000929,-0.000566,-3.497991,TARE
7.173000,0.407454,-0.202753,-0.096061,0.000256,0.000332,0.000265,-3.499313,TARE
7.174000,0.407456,-0.202753,-0.096060,0.000256,0.000099,0.000446,-3.501149,TARE
7.175000,0.407450,-0.202753,-0.096063,-0.002179,0.000473,-0.000980,-3.503372,TARE
7.176000,0.407454,-0.202756,-0.096062,0.000230,-0.000889,0.000436,-3.505831,TARE
7.177000,0.407453,-0.202754,-0.096064,-0.000166,-0.000199,-0.000136,-3.508403,TARE
7.178000,0.407455,-0.202752,-0.096061,0.001022,0.000271,0.000785,-3.511002,TARE
7.179000,0.407454,-0.202752,-0.096063,0.000006,0.000175,0.000064,-3.513544,TARE
7.180000,0.407458,-0.202755,-0.096060,0.001881,-0.000745,0.001102,-3.515926,TARE
7.181000,0.407455,-0.202754,-0.096061,0.001299,-0.000062,0.000992,-3.518029,TARE
7.182000,0.407454,-0.202754,-0.096062,0.000715,-0.000231,0.000399,-3.519725,TARE
7.183000,0.407456,-0.202755,-0.096061,0.001310,-0.000517,0.000796,-3.520897,TARE
7.184000,0.407456,-0.202753,-0.096061,0.001248,-0.000078,0.000726,-3.521469,TARE
7.185000,0.407456,-0.202755,-0.096061,0.001128,-0.000562,0.000473,-3.521415,TARE
7.186000,0.407455,-0.202754,-0.096061,0.000176,0.000255,-0.000004,-3.520761,TARE
7.187000,0.407454,-0.202754,-0.096062,-0.000459,0.000157,-0.000423,-3.519594,TARE
7.188000,0.407458,-0.202753,-0.096060,0.001003,0.000315,0.000412,-3.518055,TARE
7.189000,0.407460,-0.202752,-0.096059,0.001284,0.000775,0.000282,-3.516308,TARE
7.190000,0.407458,-0.202753,-0.096060,0.001050,0.000502,0.000417,-3.514496,TARE
7.191000,0.407463,-0.202752,-0.096057,0.001979,0.000845,0.000837,-3.512718,TARE
7.192000,0.407459,-0.202752,-0.096060,-0.000423,0.000682,-0.000429,-3.511036,TARE
7.193000,0.407458,-0.202752,-0.096059,0.000204,0.000249,0.000322,-3.509495,TARE
7.194000,0.407460,-0.202755,-0.096058,0.000917,-0.000604,0.000509,-3.508144,TARE
7.195000,0.407458,-0.202754,-0.096060,0.000948,-0.000047,0.000267,-3.507020,TARE
7.196000,0.407458,-0.202753,-0.096060,0.001516,-0.000022,0.000642,-3.506139,TARE
7.197000,0.407457,-0.202752,-0.096060,0.001330,0.001071,0.000321,-3.505498,TARE
7.198000,0.407461,-0.202755,-0.096058,0.002252,0.000209,0.000774,-3.505081,TARE
7.199000,0.407455,-0.202754,-0.096062,0.000068,-0.000027,-0.000339,-3.504866,TARE
7.200000,0.407462,-0.202753,-0.096058,0.002145,0.000641,0.000886,-3.504847,TARE
7.201000,0.407459,-0.202754,-0.096058,0.001598,0.000224,0.000748,-3.505023,TARE
7.202000,0.407464,-0.202753,-0.096057,0.002646,0.000948,0.000962,-3.505350,TARE
7.203000,0.407459,-0.202754,-0.096059,0.001187,0.000524,0.000083,-3.505741,TARE
7.204000,0.407462,-0.202753,-0.096058,0.001872,0.001330,0.000246,-3.506113,TARE
7.205000,0.407459,-0.202754,-0.096059,0.000917,0.001016,-0.000278,-3.506444,TARE
7.206000,0.407454,-0.202755,-0.096061,-0.000179,0.000742,-0.000490,-3.506770,TARE
7.207000,0.407455,-0.202754,-0.096061,0.000443,0.001341,-0.000241,-3.507167,TARE
7.208000,0.407457,-0.202755,-0.096060,0.000610,0.000596,-0.000023,-3.507710,TARE
7.209000,0.407456,-0.202754,-0.096060,0.000275,0.000789,-0.000000,-3.508452,TARE
7.210000,0.407453,-0.202754,-0.096062,-0.001052,0.000088,-0.000538,-3.509407,TARE
7.211000,0.407454,-0.202754,-0.096062,-0.001207,0.000247,-0.000421,-3.510573,TARE
7.212000,0.407452,-0.202755,-0.096063,-0.002019,-0.000424,-0.000898,-3.511951,TARE
7.213000,0.407456,-0.202756,-0.096060,-0.001356,-0.000516,-0.000707,-3.513564,TARE
7.214000,0.407458,-0.202757,-0.096058,-0.000586,-0.000719,-0.000108,-3.515451,TARE
7.215000,0.407452,-0.202755,-0.096062,-0.003029,0.000056,-0.001729,-3.517659,TARE
7.216000,0.407455,-0.202755,-0.096061,-0.000823,0.000152,-0.000753,-3.520231,TARE
7.217000,0.407451,-0.202758,-0.096062,-0.001942,-0.000706,-0.000982,-3.523215,TARE
7.218000,0.407453,-0.202757,-0.096061,-0.001680,-0.000266,-0.000921,-3.526656,TARE
7.219000,0.407458,-0.202756,-0.096059,0.000021,-0.000060,0.000139,-3.530574,TARE
7.220000,0.407456,-0.202755,-0.096061,-0.000813,0.000019,-0.000630,-3.534940,TARE
7.221000,0.407456,-0.202755,-0.096060,-0.000619,-0.000048,-0.000231,-3.539668,TARE
7.222000,0.407456,-0.202754,-0.096060,-0.000518,0.000259,-0.000252,-3.544637,TARE
7.223000,0.407458,-0.202754,-0.096060,-0.000548,-0.000214,-0.000114,-3.549707,TARE
7.224000,0.407456,-0.202754,-0.096061,-0.001623,-0.000151,-0.000611,-3.554728,TARE
7.225000,0.407459,-0.202755,-0.096058,0.000451,-0.000578,0.000792,-3.559552,TARE
7.226000,0.407460,-0.202755,-0.096058,0.000903,-0.000064,0.000751,-3.564012,TARE
7.227000,0.407455,-0.202754,-0.096061,-0.000619,0.000397,-0.000507,-3.567917,TARE
7.228000,0.407459,-0.202755,-0.096059,0.000835,-0.000001,0.000494,-3.571094,TARE
7.229000,0.407455,-0.202753,-0.096061,-0.000272,0.000372,0.000109,-3.573446,TARE
7.230000,0.407457,-0.202754,-0.096061,0.001215,-0.000049,0.000420,-3.574936,TARE
7.231000,0.407456,-0.202750,-0.096061,0.000480,0.000855,0.000335,-3.575561,TARE
7.232000,0.407461,-0.202755,-0.096058,0.002391,-0.000747,0.001618,-3.575341,TARE
7.233000,0.407455,-0.202754,-0.096061,0.000110,-0.000098,0.000090,-3.574291,TARE
7.234000,0.407458,-0.202754,-0.096059,0.000614,-0.000139,0.000333,-3.572418,TARE
7.235000,0.407453,-0.202754,-0.096062,-0.000951,-0.000272,-0.000661,-3.569766,TARE
7.236000,0.407458,-0.202753,-0.096060,0.000675,-0.000241,0.000358,-3.566455,TARE
7.237000,0.407461,-0.202751,-0.096059,0.001430,0.000590,0.000576,-3.562656,TARE
7.238000,0.407455,-0.202753,-0.096062,-0.000862,-0.000265,-0.000733,-3.558543,TARE
7.239000,0.407458,-0.202754,-0.096060,0.000058,-0.000506,-0.000155,-3.554287,TARE
7.240000,0.407459,-0.202755,-0.096059,0.000676,-0.000821,0.000225,-3.550076,TARE
7.241000,0.407459,-0.202757,-0.096058,0.000850,-0.001467,0.000599,-3.546089,TARE
7.242000,0.407455,-0.202756,-0.096061,-0.001193,-0.001123,-0.000369,-3.542459,TARE
7.243000,0.407456,-0.202755,-0.096060,-0.000663,-0.001144,0.000214,-3.539272,TARE
7.244000,0.407450,-0.202754,-0.096065,-0.002119,-0.000440,-0.001009,-3.536583,TARE
7.245000,0.407456,-0.202751,-0.096061,0.000043,0.000317,0.000479,-3.534431,TARE
7.246000,0.407453,-0.202753,-0.096062,-0.001319,-0.000130,-0.000481,-3.532822,TARE
7.247000,0.407456,-0.202754,-0.096061,-0.000249,-0.000590,0.000211,-3.531719,TARE
7.248000,0.407457,-0.202753,-0.096061,-0.000063,-0.000625,0.000274,-3.531057,TARE
7.249000,0.407456,-0.202756,-0.096060,-0.000479,-0.001144,0.000283,-3.530764,TARE
7.250000,0.407460,-0.202752,-0.096059,0.000980,0.000147,0.000661,-3.530750,TARE
7.251000,0.407458,-0.202753,-0.096060,0.000255,-0.000068,0.000131,-3.530907,TARE
7.252000,0.407456,-0.202753,-0.096061,0.000330,-0.000051,0.000030,-3.531128,TARE
7.253000,0.407459,-0.202754,-0.096059,0.001239,-0.000084,0.000636,-3.531338,TARE
7.254000,0.407456,-0.202755,-0.096060,0.000908,-0.000210,0.000514,-3.531487,TARE
7.255000,0.407454,-0.202756,-0.096061,-0.000135,-0.000589,-0.000014,-3.531535,TARE
7.256000,0.407458,-0.202755,-0.096060,0.001666,-0.000327,0.000933,-3.531454,TARE
7.257000,0.407455,-0.202756,-0.096061,0.000539,-0.000464,0.000134,-3.531239,TARE
7.258000,0.407455,-0.202754,-0.096060,0.000211,0.000493,0.000005,-3.530893,TARE
7.259000,0.407454,-0.202754,-0.096062,-0.000525,0.000373,-0.000695,-3.530441,TARE
7.260000,0.407454,-0.202753,-0.096062,-0.000143,0.000817,-0.000125,-3.529954,TARE
7.261000,0.407457,-0.202755,-0.096060,0.001316,0.000016,0.000877,-3.529531,TARE
7.262000,0.407457,-0.202755,-0.096060,0.001216,-0.000221,0.000928,-3.529231,TARE
7.263000,0.407456,-0.202754,-0.096060,-0.000030,-0.000260,0.000161,-3.529031,TARE
7.264000,0.407460,-0.202753,-0.096059,0.001078,0.000290,0.000422,-3.528850,TARE
7.265000,0.407455,-0.202754,-0.096061,0.000014,-0.000316,-0.000040,-3.528621,TARE
7.266000,0.407456,-0.202755,-0.096061,0.000095,-0.000548,0.000155,-3.528328,TARE
7.267000,0.407462,-0.202755,-0.096056,0.001827,-0.000633,0.001501,-3.527993,TARE
7.268000,0.407459,-0.202755,-0.096059,0.000737,-0.000848,0.000875,-3.527623,TARE
7.269000,0.407458,-0.202753,-0.096060,-0.000662,-0.000109,-0.000161,-3.527172,TARE
7.270000,0.407460,-0.202754,-0.096059,0.000259,-0.000477,0.000198,-3.526589,TARE
7.271000,0.407459,-0.202752,-0.096059,0.000153,0.000301,0.000126,-3.525880,TARE
7.272000,0.407456,-0.202756,-0.096060,-0.000913,-0.001516,0.000322,-3.525101,TARE
7.273000,0.407457,-0.202755,-0.096059,-0.000157,-0.000891,0.000395,-3.524313,TARE
7.274000,0.407457,-0.202754,-0.096060,-0.000727,-0.000343,0.000004,-3.523558,TARE
7.275000,0.407459,-0.202754,-0.096060,-0.000663,-0.000253,-0.000251,-3.522860,TARE
7.276000,0.407461,-0.202751,-0.096059,0.000307,0.000999,-0.000060,-3.522255,TARE
7.277000,0.407459,-0.202753,-0.096060,-0.000255,-0.000309,-0.000112,-3.521801,TARE
7.278000,0.407459,-0.202751,-0.096061,-0.000341,0.000739,-0.000353,-3.521560,TARE
7.279000,0.407456,-0.202752,-0.096061,-0.000767,-0.000225,-0.000004,-3.521587,TARE
7.280000,0.407454,-0.202753,-0.096061,-0.001445,-0.000525,0.000120,-3.521904,TARE
7.281000,0.407457,-0.202753,-0.096060,-0.000484,-0.000516,0.000084,-3.522486,TARE
7.282000,0.407454,-0.202752,-0.096062,-0.001133,-0.000288,-0.000335,-3.523269,TARE
7.283000,0.407460,-0.202753,-0.096059,0.001298,-0.000566,0.000622,-3.524191,TARE
7.284000,0.407455,-0.202754,-0.096061,-0.000282,-0.000909,0.000065,-3.525205,TARE
7.285000,0.407459,-0.202752,-0.096059,0.000102,0.000035,0.000218,-3.526274,TARE
7.286000,0.407454,-0.202754,-0.096061,-0.001585,-0.001102,-0.000070,-3.527367,TARE
7.287000,0.407454,-0.202755,-0.096061,-0.001322,-0.000696,-0.000194,-3.528459,TARE
7.288000,0.407457,-0.202752,-0.096060,-0.000124,0.000137,0.000174,-3.529532,TARE
7.289000,0.407454,-0.202752,-0.096062,-0.000637,0.000279,-0.000431,-3.530585,TARE
7.290000,0.407452,-0.202753,-0.096063,-0.001006,0.000140,-0.000517,-3.531637,TARE
7.291000,0.407455,-0.202753,-0.096061,0.000041,0.000118,0.000152,-3.532727,TARE
7.292000,0.407452,-0.202752,-0.096064,-0.001921,0.000399,-0.001461,-3.533909,TARE
7.293000,0.407457,-0.202752,-0.096060,0.000167,0.000339,0.000428,-3.535242,TARE
7.294000,0.407455,-0.202754,-0.096061,-0.001113,-0.000491,-0.000397,-3.536787,TARE
7.295000,0.407458,-0.202753,-0.096059,-0.000272,0.000082,0.000159,-3.538565,TARE
7.296000,0.407456,-0.202754,-0.096060,-0.000376,-0.000181,0.000143,-3.540535,TARE
7.297000,0.407456,-0.202754,-0.096061,-0.000401,0.000150,-0.000249,-3.542606,TARE
7.298000,0.407453,-0.202754,-0.096062,-0.001105,-0.000389,-0.000545,-3.544681,TARE
7.299000,0.407450,-0.202754,-0.096064,-0.000910,0.000064,-0.000332,-3.546705,TARE
7.300000,0.407452,-0.202754,-0.096063,-0.000354,-0.000663,0.000348,-3.548684,TARE
7.301000,0.407455,-0.202753,-0.096061,0.000243,0.000189,0.000395,-3.550624,TARE
7.302000,0.407457,-0.202756,-0.096060,0.000756,-0.000506,0.000691,-3.552485,TARE
7.303000,0.407457,-0.202755,-0.096059,0.000824,-0.000496,0.000681,-3.554176,TARE
7.304000,0.407457,-0.202753,-0.096061,0.001020,0.000274,0.000168,-3.555584,TARE
7.305000,0.407456,-0.202753,-0.096061,0.000340,-0.000032,-0.000032,-3.556614,TARE
7.306000,0.407453,-0.202754,-0.096062,-0.000465,-0.000414,-0.000020,-3.557234,TARE
7.307000,0.407457,-0.202757,-0.096058,0.000660,-0.001344,0.000990,-3.557470,TARE
7.308000,0.407458,-0.202755,-0.096060,-0.000049,-0.000150,-0.000219,-3.557360,TARE
7.309000,0.407461,-0.202754,-0.096058,0.001101,0.000516,0.000709,-3.556932,TARE
7.310000,0.407457,-0.202754,-0.096060,-0.000372,0.000098,-0.000185,-3.556213,TARE
7.311000,0.407459,-0.202753,-0.096059,0.000912,0.000406,0.000642,-3.555230,TARE
7.312000,0.407459,-0.202755,-0.096058,0.000461,-0.000209,0.000689,-3.554002,TARE
7.313000,0.407455,-0.202756,-0.096060,-0.000431,-0.000221,0.000095,-3.552529,TARE
7.314000,0.407458,-0.202755,-0.096059,0.000404,0.000436,0.000341,-3.550799,TARE
7.315000,0.407458,-0.202754,-0.096059,0.000511,0.000108,0.000633,-3.548806,TARE
7.316000,0.407457,-0.202756,-0.096059,-0.000045,-0.000331,0.000363,-3.546546,TARE
7.317000,0.407457,-0.202755,-0.096059,0.000296,0.000032,0.000451,-3.544011,TARE
7.318000,0.407457,-0.202753,-0.096060,0.000359,0.000939,-0.000081,-3.541195,TARE
7.319000,0.407460,-0.202755,-0.096057,0.001567,0.000724,0.000512,-3.538125,TARE
7.320000,0.407457,-0.202754,-0.096060,-0.000386,0.000513,-0.000688,-3.534870,TARE
7.321000,0.407454,-0.202754,-0.096061,-0.000911,0.000437,-0.000579,-3.531550,TARE
7.322000,0.407454,-0.202754,-0.096062,-0.001107,0.000104,-0.000760,-3.528343,TARE
7.323000,0.407456,-0.202754,-0.096060,-0.001101,0.000020,-0.000143,-3.525451,TARE
7.324000,0.407456,-0.202754,-0.096060,-0.001028,0.000070,-0.000423,-3.523040,TARE
7.325000,0.407454,-0.202755,-0.096061,-0.002210,-0.000257,-0.001018,-3.521207,TARE
7.326000,0.407456,-0.202754,-0.096060,-0.001117,-0.000261,-0.000518,-3.520000,TARE
7.327000,0.407457,-0.202753,-0.096060,-0.000401,0.000286,-0.000109,-3.519445,TARE
7.328000,0.407459,-0.202754,-0.096058,-0.000101,-0.000008,0.000238,-3.519529,TARE
7.329000,0.407458,-0.202755,-0.096059,-0.000720,-0.000019,-0.000317,-3.520176,TARE
7.330000,0.407456,-0.202754,-0.096060,-0.000749,0.000344,-0.000646,-3.521271,TARE
7.331000,0.407449,-0.202754,-0.096064,-0.002594,0.000200,-0.001660,-3.522723,TARE
7.332000,0.407457,-0.202755,-0.096060,0.000102,-0.000316,0.000260,-3.524506,TARE
7.333000,0.407452,-0.202753,-0.096063,-0.002208,0.000143,-0.000959,-3.526631,TARE
7.334000,0.407455,-0.202754,-0.096061,-0.000936,0.000051,-0.000543,-3.529093,TARE
7.335000,0.407455,-0.202753,-0.096061,-0.001088,0.000400,-0.000454,-3.531858,TARE
7.336000,0.407458,-0.202755,-0.096059,-0.000450,-0.000066,-0.000088,-3.534874,TARE
7.337000,0.407455,-0.202750,-0.096062,-0.001357,0.001022,-0.001145,-3.538065,TARE
7.338000,0.407455,-0.202752,-0.096062,-0.000586,0.000624,-0.000424,-3.541359,TARE
7.339000,0.407457,-0.202754,-0.096060,0.001107,-0.000603,0.000471,-3.544709,TARE
7.340000,0.407455,-0.202754,-0.096061,0.000254,-0.000218,0.000020,-3.548058,TARE
7.341000,0.407451,-0.202753,-0.096063,-0.001769,0.000342,-0.001161,-3.551330,TARE
7.342000,0.407459,-0.202752,-0.096060,0.001073,0.000655,-0.000001,-3.554463,TARE
7.343000,0.407456,-0.202752,-0.096062,0.000352,0.000493,-0.000376,-3.557432,TARE
7.344000,0.407460,-0.202753,-0.096059,0.001007,-0.000260,0.000289,-3.560234,TARE
7.345000,0.407457,-0.202751,-0.096062,-0.000181,0.000032,-0.000474,-3.562855,TARE
7.346000,0.407461,-0.202752,-0.096059,0.001437,-0.000695,0.000705,-3.565263,TARE
7.347000,0.407456,-0.202751,-0.096061,0.000136,-0.000184,-0.000210,-3.567412,TARE
7.348000,0.407459,-0.202752,-0.096060,0.001556,-0.000574,0.000649,-3.569238,TARE
7.349000,0.407460,-0.202753,-0.096059,0.001611,-0.000747,0.000796,-3.570668,TARE
7.350000,0.407461,-0.202752,-0.096058,0.001541,-0.000005,0.000610,-3.571619,TARE
7.351000,0.407459,-0.202755,-0.096058,0.000747,-0.001455,0.000446,-3.571999,TARE
7.352000,0.407458,-0.202754,-0.096059,0.000865,-0.000498,0.000350,-3.571736,TARE
7.353000,0.407458,-0.202753,-0.096060,0.000872,0.000281,0.000195,-3.570803,TARE
7.354000,0.407456,-0.202751,-0.096061,-0.000183,0.000488,-0.000400,-3.569224,TARE
7.355000,0.407456,-0.202753,-0.096061,-0.001113,0.000167,-0.000688,-3.567080,TARE
7.356000,0.407457,-0.202755,-0.096060,-0.000875,-0.000768,-0.000153,-3.564510,TARE
7.357000,0.407460,-0.202753,-0.096058,0.000722,-0.000192,0.000651,-3.561671,TARE
7.358000,0.407453,-0.202750,-0.096063,-0.002317,0.000917,-0.001002,-3.558685,TARE
7.359000,0.407456,-0.202752,-0.096060,-0.000932,-0.000117,0.000067,-3.555622,TARE
7.360000,0.407457,-0.202754,-0.096059,-0.000535,-0.000516,0.000327,-3.552519,TARE
7.361000,0.407460,-0.202752,-0.096059,0.000275,0.000199,0.000537,-3.549390,TARE
7.362000,0.407453,-0.202752,-0.096062,-0.002712,0.000451,-0.000929,-3.546227,TARE
7.363000,0.407460,-0.202754,-0.096058,-0.000486,-0.000883,0.000373,-3.543028,TARE
7.364000,0.407456,-0.202750,-0.096061,-0.002481,0.000117,-0.000955,-3.539819,TARE
7.365000,0.407457,-0.202752,-0.096060,-0.001293,-0.000385,-0.000434,-3.536656,TARE
7.366000,0.407455,-0.202754,-0.096061,-0.000639,-0.000600,-0.000249,-3.533617,TARE
7.367000,0.407452,-0.202754,-0.096062,-0.001573,-0.000048,-0.000414,-3.530785,TARE
7.368000,0.407450,-0.202752,-0.096065,-0.002623,0.000603,-0.001565,-3.528239,TARE
7.369000,0.407453,-0.202752,-0.096063,-0.000473,0.000888,-0.000513,-3.526062,TARE
7.370000,0.407454,-0.202755,-0.096061,-0.000150,-0.000581,0.000148,-3.524347,TARE
7.371000,0.407452,-0.202753,-0.096062,-0.001326,0.000412,-0.000603,-3.523159,TARE
7.372000,0.407452,-0.202753,-0.096062,-0.000992,0.000361,-0.000498,-3.522496,TARE
7.373000,0.407452,-0.202754,-0.096063,-0.001212,-0.000217,-0.000868,-3.522325,TARE
7.374000,0.407456,-0.202756,-0.096061,0.000048,-0.000754,-0.000017,-3.522622,TARE
7.375000,0.407454,-0.202756,-0.096061,-0.001238,-0.000472,-0.000668,-3.523382,TARE
7.376000,0.407456,-0.202752,-0.096061,-0.000081,0.001004,-0.000410,-3.524597,TARE
7.377000,0.407456,-0.202752,-0.096061,-0.000375,0.000865,-0.000298,-3.526238,TARE
7.378000,0.407455,-0.202753,-0.096061,-0.000629,0.000090,-0.000197,-3.528240,TARE
7.379000,0.407459,-0.202754,-0.096059,0.001421,-0.000203,0.000951,-3.530491,TARE
7.380000,0.407458,-0.202753,-0.096060,0.000768,0.000245,0.000012,-3.532813,TARE
7.381000,0.407459,-0.202753,-0.096060,0.001473,0.000538,0.000170,-3.535005,TARE
7.382000,0.407459,-0.202752,-0.096059,0.001629,0.000209,0.000765,-3.536900,TARE
7.383000,0.407459,-0.202755,-0.096059,0.000915,-0.000390,0.000552,-3.538376,TARE
7.384000,0.407460,-0.202755,-0.096058,0.001085,-0.000194,0.000462,-3.539329,TARE
7.385000,0.407461,-0.202756,-0.096058,0.001583,-0.000084,0.000478,-3.539671,TARE
7.386000,0.407460,-0.202755,-0.096058,0.001845,0.000379,0.000715,-3.539350,TARE
7.387000,0.407464,-0.202756,-0.096057,0.002642,-0.000478,0.001280,-3.538355,TARE
7.388000,0.407458,-0.202754,-0.096059,0.000343,0.000213,0.000252,-3.536702,TARE
7.389000,0.407460,-0.202753,-0.096059,0.001336,0.000436,0.000558,-3.534422,TARE
7.390000,0.407458,-0.202754,-0.096060,-0.000016,-0.000359,-0.000051,-3.531583,TARE
7.391000,0.407464,-0.202754,-0.096057,0.001793,-0.000188,0.001009,-3.528290,TARE
7.392000,0.407459,-0.202752,-0.096059,0.000326,0.000978,0.000094,-3.524660,TARE
7.393000,0.407456,-0.202755,-0.096060,-0.000624,-0.000089,-0.000084,-3.520800,TARE
7.394000,0.407459,-0.202754,-0.096059,0.000020,0.000688,-0.000119,-3.516807,TARE
7.395000,0.407461,-0.202755,-0.096056,0.000539,0.000076,0.000598,-3.512787,TARE
7.396000,0.407456,-0.202755,-0.096060,-0.001652,0.000410,-0.000928,-3.508846,TARE
7.397000,0.407460,-0.202754,-0.096058,-0.000908,0.000132,-0.000352,-3.505097,TARE
7.398000,0.407457,-0.202756,-0.096059,-0.001428,-0.000595,-0.000358,-3.501668,TARE
7.399000,0.407458,-0.202753,-0.096060,-0.000399,0.000700,-0.000502,-3.498692,TARE
7.400000,0.407456,-0.202756,-0.096060,-0.000580,-0.000853,-0.000102,-3.496279,TARE
7.401000,0.407458,-0.202754,-0.096059,0.000168,0.000069,0.000367,-3.494498,TARE
7.402000,0.407455,-0.202752,-0.096062,-0.001238,0.000674,-0.001023,-3.493357,TARE
7.403000,0.407455,-0.202756,-0.096060,-0.000512,-0.000600,-0.000020,-3.492820,TARE
7.404000,0.407457,-0.202754,-0.096059,0.000141,0.000056,0.000384,-3.492831,TARE
7.405000,0.407458,-0.202754,-0.096060,0.000260,-0.000210,0.000300,-3.493305,TARE
7.406000,0.407452,-0.202756,-0.096062,-0.001785,-0.000534,-0.000673,-3.494120,TARE
7.407000,0.407456,-0.202756,-0.096060,-0.000468,-0.000531,-0.000101,-3.495160,TARE
7.408000,0.407455,-0.202752,-0.096062,-0.000784,0.000718,-0.000466,-3.496351,TARE
7.409000,0.407454,-0.202751,-0.096062,-0.000544,0.000837,-0.000148,-3.497659,TARE
7.410000,0.407453,-0.202753,-0.096062,-0.000781,-0.000201,-0.000136,-3.499050,TARE
7.411000,0.407449,-0.202753,-0.096064,-0.001801,-0.000326,-0.000533,-3.500480,TARE
7.412000,0.407452,-0.202754,-0.096062,-0.000745,-0.000845,0.000193,-3.501902,TARE
7.413000,0.407453,-0.202751,-0.096063,-0.001241,0.000095,-0.000332,-3.503282,TARE
7.414000,0.407454,-0.202754,-0.096062,-0.000782,-0.000486,-0.000201,-3.504598,TARE
7.415000,0.407456,-0.202752,-0.096062,0.000757,0.000126,0.000313,-3.505848,TARE
7.416000,0.407453,-0.202752,-0.096063,-0.000488,0.000217,-0.000397,-3.507049,TARE
7.417000,0.407452,-0.202754,-0.096063,-0.000991,-0.000810,-0.000414,-3.508242,TARE
7.418000,0.407457,-0.202756,-0.096060,0.000468,-0.001071,0.000562,-3.509492,TARE
7.419000,0.407453,-0.202753,-0.096061,-0.000787,-0.000582,0.000009,-3.510866,TARE
7.420000,0.407455,-0.202751,-0.096062,0.000237,0.000542,0.000043,-3.512388,TARE
7.421000,0.407454,-0.202755,-0.096061,-0.000638,-0.000645,-0.000083,-3.514044,TARE
7.422000,0.407456,-0.202752,-0.096061,-0.000267,0.000357,-0.000252,-3.515806,TARE
7.423000,0.407454,-0.202753,-0.096062,-0.000842,0.000003,-0.000421,-3.517667,TARE
7.424000,0.407456,-0.202753,-0.096061,-0.000180,-0.000006,-0.000056,-3.519639,TARE
7.425000,0.407458,-0.202751,-0.096061,0.000013,0.000488,-0.000140,-3.521738,TARE
7.426000,0.407457,-0.202752,-0.096062,-0.000915,-0.000192,-0.000722,-3.523973,TARE
7.427000,0.407461,-0.202754,-0.096059,0.001580,-0.000518,0.000570,-3.526347,TARE
7.428000,0.407455,-0.202754,-0.096061,-0.000500,-0.000286,-0.000285,-3.528854,TARE
7.429000,0.407459,-0.202752,-0.096059,0.000353,0.000429,0.000033,-3.531458,TARE
7.430000,0.407456,-0.202755,-0.096060,-0.000066,-0.000976,0.000383,-3.534092,TARE
7.431000,0.407458,-0.202754,-0.096059,0.001267,-0.000518,0.001027,-3.536655,TARE
7.432000,0.407456,-0.202753,-0.096060,-0.000408,0.000014,-0.000111,-3.539012,TARE
7.433000,0.407458,-0.202753,-0.096058,0.000488,0.000056,0.000651,-3.541009,TARE
7.434000,0.407459,-0.202752,-0.096060,-0.000283,0.000715,-0.000380,-3.542506,TARE
7.435000,0.407459,-0.202752,-0.096060,0.000043,0.000681,-0.000253,-3.543415,TARE
7.436000,0.407458,-0.202755,-0.096059,-0.000737,-0.000227,-0.000191,-3.543730,TARE
7.437000,0.407457,-0.202754,-0.096060,-0.001044,0.000233,-0.000707,-3.543526,TARE
7.438000,0.407458,-0.202752,-0.096060,-0.000310,0.000406,-0.000220,-3.542923,TARE
7.439000,0.407457,-0.202754,-0.096060,-0.000837,-0.000197,-0.000512,-3.542063,TARE
7.440000,0.407457,-0.202755,-0.096059,0.000048,-0.000527,0.000081,-3.541083,TARE
7.441000,0.407456,-0.202752,-0.096060,-0.000168,0.000108,0.000090,-3.540089,TARE
7.442000,0.407458,-0.202755,-0.096059,-0.000084,-0.001112,0.000157,-3.539134,TARE
7.443000,0.407458,-0.202753,-0.096060,-0.000329,-0.000325,-0.000215,-3.538227,TARE
7.444000,0.407460,-0.202755,-0.096058,0.000964,-0.000548,0.000645,-3.537359,TARE
7.445000,0.407455,-0.202754,-0.096061,-0.000831,-0.000189,-0.000778,-3.536516,TARE
7.446000,0.407454,-0.202753,-0.096062,-0.000665,0.000536,-0.000470,-3.535699,TARE
7.447000,0.407453,-0.202754,-0.096061,-0.000367,-0.000200,-0.000193,-3.534939,TARE
7.448000,0.407456,-0.202753,-0.096060,0.000899,0.000103,0.000324,-3.534277,TARE
7.449000,0.407453,-0.202754,-0.096062,-0.000608,0.000189,-0.000581,-3.533730,TARE
7.450000,0.407455,-0.202753,-0.096062,-0.000166,0.000115,-0.000459,-3.533303,TARE
7.451000,0.407454,-0.202754,-0.096062,-0.000360,-0.000497,-0.000235,-3.533016,TARE
7.452000,0.407453,-0.202752,-0.096061,-0.000470,0.000073,0.000007,-3.532899,TARE
7.453000,0.407454,-0.202755,-0.096061,0.000542,-0.001020,0.000614,-3.532959,TARE
7.454000,0.407452,-0.202752,-0.096063,-0.000384,0.000358,-0.000327,-3.533149,TARE
7.455000,0.407452,-0.202752,-0.096063,-0.000784,-0.000037,-0.000459,-3.533396,TARE
7.456000,0.407455,-0.202754,-0.096061,0.000761,-0.000599,0.000566,-3.533645,TARE
7.457000,0.407452,-0.202754,-0.096062,-0.000243,-0.000455,-0.000158,-3.533857,TARE
7.458000,0.407451,-0.202755,-0.096062,-0.000942,-0.000311,-0.000236,-3.533987,TARE
7.459000,0.407456,-0.202756,-0.096059,0.000672,-0.000899,0.000781,-3.533998,TARE
7.460000,0.407458,-0.202752,-0.096060,0.000550,0.000570,0.000125,-3.533847,TARE
7.461000,0.407456,-0.202752,-0.096061,0.000126,-0.000129,0.000074,-3.533476,TARE
7.462000,0.407456,-0.202753,-0.096060,0.000077,-0.000532,0.000408,-3.532828,TARE
7.463000,0.407456,-0.202751,-0.096062,-0.000182,0.000291,-0.000331,-3.531868,TARE
7.464000,0.407454,-0.202753,-0.096062,-0.000737,-0.000423,-0.000482,-3.530595,TARE
7.465000,0.407460,-0.202752,-0.096059,0.000612,0.000050,0.000267,-3.529066,TARE
7.466000,0.407461,-0.202752,-0.096058,0.001147,-0.000028,0.000765,-3.527370,TARE
7.467000,0.407460,-0.202752,-0.096059,0.001024,-0.000101,0.000211,-3.525567,TARE
7.468000,0.407451,-0.202755,-0.096063,-0.002142,-0.000804,-0.001109,-3.523681,TARE
7.469000,0.407457,-0.202754,-0.096060,-0.000822,-0.000354,-0.000091,-3.521761,TARE
7.470000,0.407459,-0.202753,-0.096059,0.000567,0.000453,0.000259,-3.519895,TARE
7.471000,0.407459,-0.202752,-0.096060,-0.000035,0.000428,-0.000193,-3.518153,TARE
7.472000,0.407458,-0.202753,-0.096059,-0.000590,-0.000336,-0.000009,-3.516560,TARE
7.473000,0.407458,-0.202753,-0.096059,-0.000052,0.000038,0.000032,-3.515111,TARE
7.474000,0.407457,-0.202752,-0.096060,-0.000363,0.000408,-0.000227,-3.513794,TARE
7.475000,0.407459,-0.202752,-0.096059,-0.000344,0.000446,-0.000003,-3.512590,TARE
7.476000,0.407459,-0.202752,-0.096059,-0.000226,0.000234,-0.000038,-3.511479,TARE
7.477000,0.407458,-0.202752,-0.096059,-0.000342,0.000308,0.000134,-3.510430,TARE
7.478000,0.407459,-0.202751,-0.096059,0.000290,0.000307,0.000439,-3.509389,TARE
7.479000,0.407459,-0.202752,-0.096059,0.000446,-0.000055,0.000269,-3.508279,TARE
7.480000,0.407459,-0.202752,-0.096059,0.000839,0.000137,0.000566,-3.507010,TARE
7.481000,0.407458,-0.202752,-0.096060,0.000260,0.000145,0.000106,-3.505506,TARE
7.482000,0.407455,-0.202753,-0.096062,-0.000413,-0.000287,-0.000336,-3.503729,TARE
7.483000,0.407458,-0.202752,-0.096060,0.000323,0.000197,-0.000117,-3.501698,TARE
7.484000,0.407453,-0.202753,-0.096063,-0.000750,0.000007,-0.000612,-3.499507,TARE
7.485000,0.407455,-0.202751,-0.096062,0.000437,0.000988,-0.000096,-3.497301,TARE
7.486000,0.407452,-0.202753,-0.096063,-0.001048,0.000262,-0.000583,-3.495242,TARE
7.487000,0.407450,-0.202752,-0.096065,-0.001539,-0.000013,-0.000690,-3.493473,TARE
7.488000,0.407455,-0.202751,-0.096061,0.000903,0.000339,0.000831,-3.492104,TARE
7.489000,0.407456,-0.202753,-0.096061,0.000701,-0.000135,0.000630,-3.491172,TARE
7.490000,0.407454,-0.202752,-0.096063,-0.000042,0.000749,-0.000078,-3.490620,TARE
7.491000,0.407456,-0.202752,-0.096063,0.001324,0.000709,0.000046,-3.490335,TARE
7.492000,0.407452,-0.202753,-0.096063,0.000758,0.000333,0.000221,-3.490230,TARE
7.493000,0.407453,-0.202751,-0.096064,0.000781,0.001049,0.000001,-3.490259,TARE
7.494000,0.407455,-0.202752,-0.096062,0.001503,0.000626,0.000698,-3.490401,TARE
7.495000,0.407455,-0.202754,-0.096061,0.000862,-0.000441,0.000607,-3.490620,TARE
7.496000,0.407453,-0.202752,-0.096064,0.000181,0.000130,-0.000071,-3.490871,TARE
7.497000,0.407458,-0.202753,-0.096060,0.001541,-0.000528,0.001103,-3.491119,TARE
7.498000,0.407457,-0.202753,-0.096061,0.001202,0.000016,0.000747,-3.491347,TARE
7.499000,0.407454,-0.202753,-0.096062,0.001017,-0.000397,0.000856,-3.491529,TARE
7.500000,0.407455,-0.202754,-0.096062,0.000560,-0.000413,0.000468,-3.491620,TARE
7.501000,0.407455,-0.202752,-0.096062,0.001013,0.000545,0.000501,-3.491589,TARE
7.502000,0.407452,-0.202752,-0.096064,0.000300,0.000396,0.000175,-3.491436,TARE
7.503000,0.407458,-0.202752,-0.096060,0.001529,0.000391,0.000981,-3.491193,TARE
7.504000,0.407455,-0.202750,-0.096063,0.000752,0.001061,-0.000089,-3.490909,TARE
7.505000,0.407455,-0.202750,-0.096063,0.001134,0.001191,-0.000094,-3.490651,TARE
7.506000,0.407450,-0.202749,-0.096066,-0.000632,0.001844,-0.001137,-3.490527,TARE
7.507000,0.407448,-0.202752,-0.096065,-0.001415,0.000502,-0.000877,-3.490711,TARE
7.508000,0.407453,-0.202753,-0.096063,0.000940,0.000492,0.000468,-3.491407,TARE
7.509000,0.407456,-0.202752,-0.096062,0.000807,0.000766,0.000218,-3.492761,TARE
7.510000,0.407455,-0.202751,-0.096062,0.000902,0.000411,0.000336,-3.494810,TARE
7.511000,0.407454,-0.202750,-0.096063,0.000387,0.000851,-0.000148,-3.497502,TARE
7.512000,0.407457,-0.202751,-0.096061,0.001326,0.000149,0.000680,-3.500744,TARE
7.513000,0.407458,-0.202750,-0.096062,0.000768,0.000399,-0.000210,-3.504427,TARE
7.514000,0.407455,-0.202752,-0.096063,-0.000406,-0.000127,-0.000315,-3.508451,TARE
7.515000,0.407452,-0.202752,-0.096064,-0.000410,0.000153,-0.000387,-3.512759,TARE
7.516000,0.407455,-0.202752,-0.096062,0.001228,-0.000354,0.000932,-3.517327,TARE
7.517000,0.407457,-0.202751,-0.096062,0.001148,0.000233,0.000644,-3.522109,TARE
7.518000,0.407451,-0.202752,-0.096064,-0.001333,0.000562,-0.000920,-3.526998,TARE
7.519000,0.407454,-0.202755,-0.096062,-0.000075,-0.000300,0.000081,-3.531876,TARE
7.520000,0.407453,-0.202756,-0.096062,-0.000334,0.000037,-0.000208,-3.536669,TARE
7.521000,0.407454,-0.202756,-0.096061,-0.000632,-0.000178,-0.000175,-3.541349,TARE
7.522000,0.407453,-0.202755,-0.096062,-0.000697,-0.000068,-0.000402,-3.545898,TARE
7.523000,0.407453,-0.202754,-0.096062,-0.001237,0.000071,-0.000410,-3.550306,TARE
7.524000,0.407451,-0.202750,-0.096065,-0.001824,0.001180,-0.001177,-3.554569,TARE
7.525000,0.407453,-0.202756,-0.096062,-0.000785,-0.000712,-0.000184,-3.558703,TARE
7.526000,0.407454,-0.202753,-0.096063,-0.000703,0.000179,-0.000378,-3.562737,TARE
7.527000,0.407456,-0.202755,-0.096061,0.000586,-0.000413,0.000482,-3.566695,TARE
7.528000,0.407451,-0.202755,-0.096063,-0.000668,-0.000344,-0.000144,-3.570574,TARE
7.529000,0.407451,-0.202755,-0.096064,-0.001276,-0.000094,-0.000417,-3.574344,TARE
7.530000,0.407450,-0.202755,-0.096064,-0.001865,-0.000377,-0.000633,-3.577977,TARE
7.531000,0.407454,-0.202753,-0.096062,-0.000946,0.000088,-0.000187,-3.581468,TARE
7.532000,0.407450,-0.202756,-0.096065,-0.001643,-0.000904,-0.000811,-3.584832,TARE
7.533000,0.407451,-0.202756,-0.096063,-0.000556,-0.000633,-0.000055,-3.588094,TARE
7.534000,0.407455,-0.202757,-0.096061,-0.000137,-0.000555,0.000189,-3.591281,TARE
7.535000,0.407451,-0.202755,-0.096064,-0.001445,0.000172,-0.000734,-3.594407,TARE
7.536000,0.407452,-0.202757,-0.096062,-0.000675,-0.000154,-0.000216,-3.597471,TARE
7.537000,0.407451,-0.202754,-0.096063,-0.000851,0.000516,-0.000527,-3.600467,TARE
7.538000,0.407453,-0.202757,-0.096062,-0.000334,-0.000330,-0.000134,-3.603386,TARE
7.539000,0.407454,-0.202756,-0.096062,-0.000278,0.000169,-0.000382,-3.606206,TARE
7.540000,0.407455,-0.202756,-0.096061,-0.000174,-0.000152,-0.000198,-3.608907,TARE
7.541000,0.407454,-0.202757,-0.096062,-0.000134,-0.000511,-0.000083,-3.611464,TARE
7.542000,0.407453,-0.202758,-0.096061,-0.000125,-0.000604,0.000005,-3.613843,TARE
7.543000,0.407457,-0.202755,-0.096061,0.000706,0.000443,0.000018,-3.615992,TARE
7.544000,0.407451,-0.202754,-0.096064,-0.001128,0.000502,-0.000895,-3.617851,TARE
7.545000,0.407453,-0.202755,-0.096062,-0.000397,0.000164,-0.000314,-3.619394,TARE
7.546000,0.407453,-0.202753,-0.096063,-0.000628,0.001099,-0.000639,-3.620643,TARE
7.547000,0.407457,-0.202752,-0.096060,-0.000124,0.001570,-0.000312,-3.621653,TARE
7.548000,0.407453,-0.202755,-0.096062,-0.001559,0.000666,-0.001043,-3.622481,TARE
7.549000,0.407455,-0.202755,-0.096060,-0.000363,0.000331,-0.000037,-3.623182,TARE
7.550000,0.407458,-0.202753,-0.096060,0.000753,0.000277,0.000230,-3.623789,TARE
7.551000,0.407458,-0.202754,-0.096060,0.000797,0.000240,0.000267,-3.624294,TARE
7.552000,0.407460,-0.202754,-0.096059,0.000149,0.000257,0.000173,-3.624643,TARE
7.553000,0.407462,-0.202755,-0.096057,0.000704,-0.000238,0.000420,-3.624757,TARE
7.554000,0.407460,-0.202752,-0.096059,0.000764,0.001062,0.000122,-3.624552,TARE
7.555000,0.407460,-0.202752,-0.096059,0.000203,0.000595,-0.000053,-3.623960,TARE
7.556000,0.407456,-0.202753,-0.096061,-0.000924,0.000268,-0.000611,-3.622949,TARE
7.557000,0.407457,-0.202753,-0.096061,0.000733,0.000402,0.000167,-3.621537,TARE
7.558000,0.407457,-0.202752,-0.096061,0.000571,0.000737,0.000173,-3.619790,TARE
7.559000,0.407459,-0.202751,-0.096060,0.001333,0.000930,0.000689,-3.617776,TARE
7.560000,0.407457,-0.202750,-0.096061,0.000407,0.000878,0.000220,-3.615524,TARE
7.561000,0.407459,-0.202751,-0.096060,0.001032,0.000515,0.000617,-3.613011,TARE
7.562000,0.407456,-0.202753,-0.096062,0.000338,0.000323,-0.000041,-3.610185,TARE
7.563000,0.407457,-0.202752,-0.096061,0.000924,0.000410,0.000478,-3.607003,TARE
7.564000,0.407457,-0.202753,-0.096061,0.000299,-0.000125,0.000055,-3.603455,TARE
7.565000,0.407454,-0.202752,-0.096062,-0.000551,0.000166,-0.000182,-3.599571,TARE
7.566000,0.407455,-0.202751,-0.096062,0.000664,0.000448,0.000152,-3.595423,TARE
7.567000,0.407453,-0.202751,-0.096063,-0.001141,0.000131,-0.000579,-3.591122,TARE
7.568000,0.407456,-0.202751,-0.096061,-0.000332,-0.000129,-0.000179,-3.586798,TARE
7.569000,0.407453,-0.202749,-0.096064,-0.001079,0.000950,-0.000819,-3.582603,TARE
7.570000,0.407453,-0.202754,-0.096062,-0.000856,-0.000986,-0.000117,-3.578697,TARE
7.571000,0.407453,-0.202752,-0.096063,-0.000781,-0.000020,-0.000129,-3.575224,TARE
7.572000,0.407452,-0.202750,-0.096064,-0.000261,0.000300,-0.000109,-3.572280,TARE
7.573000,0.407450,-0.202751,-0.096065,-0.000569,0.000102,-0.000171,-3.569881,TARE
7.574000,0.407448,-0.202753,-0.096066,-0.000960,-0.000036,-0.000731,-3.567994,TARE
7.575000,0.407448,-0.202750,-0.096067,-0.001248,0.000676,-0.001071,-3.566597,TARE
7.576000,0.407448,-0.202751,-0.096066,-0.000981,0.000317,-0.000681,-3.565725,TARE
7.577000,0.407450,-0.202752,-0.096064,-0.000530,-0.000146,0.000081,-3.565443,TARE
7.578000,0.407450,-0.202752,-0.096064,-0.001046,0.000087,-0.000255,-3.565783,TARE
7.579000,0.407449,-0.202753,-0.096065,-0.001301,-0.000258,-0.000434,-3.566699,TARE
7.580000,0.407445,-0.202752,-0.096067,-0.003258,0.000080,-0.001515,-3.568111,TARE
7.581000,0.407446,-0.202753,-0.096066,-0.002527,-0.000350,-0.001025,-3.569964,TARE
7.582000,0.407452,-0.202752,-0.096064,0.000198,0.000352,0.000026,-3.572246,TARE
7.583000,0.407449,-0.202752,-0.096065,-0.000381,0.000177,-0.000139,-3.574935,TARE
7.584000,0.407452,-0.202753,-0.096063,0.000174,-0.000132,0.000416,-3.577950,TARE
7.585000,0.407447,-0.202753,-0.096066,-0.001076,-0.000597,-0.000088,-3.581146,TARE
7.586000,0.407450,-0.202752,-0.096065,-0.000016,0.000061,-0.000111,-3.584347,TARE
7.587000,0.407449,-0.202751,-0.096065,-0.000213,-0.000213,0.000483,-3.587396,TARE
7.588000,0.407447,-0.202751,-0.096066,-0.001008,0.000242,-0.000140,-3.590166,TARE
7.589000,0.407455,-0.202752,-0.096061,0.001220,0.000110,0.000902,-3.592541,TARE
7.590000,0.407457,-0.202752,-0.096060,0.001077,0.000327,0.000638,-3.594398,TARE
7.591000,0.407450,-0.202753,-0.096065,-0.001461,-0.000459,-0.000612,-3.595630,TARE
7.592000,0.407454,-0.202753,-0.096062,0.000029,-0.000260,0.000323,-3.596188,TARE
7.593000,0.407456,-0.202752,-0.096061,0.001043,0.000338,0.000822,-3.596103,TARE
7.594000,0.407454,-0.202753,-0.096062,0.000622,-0.000209,0.000430,-3.595436,TARE
7.595000,0.407458,-0.202755,-0.096059,0.001721,-0.000515,0.001428,-3.594233,TARE
7.596000,0.407454,-0.202752,-0.096062,-0.000026,0.000251,0.000260,-3.592503,TARE
7.597000,0.407457,-0.202749,-0.096062,0.000431,0.001113,0.000135,-3.590231,TARE
7.598000,0.407454,-0.202753,-0.096062,-0.000817,-0.000755,0.000158,-3.587426,TARE
7.599000,0.407456,-0.202754,-0.096060,-0.000467,-0.001123,0.000683,-3.584148,TARE
7.600000,0.407454,-0.202752,-0.096061,-0.000745,-0.000104,0.000151,-3.580483,TARE
7.601000,0.407459,-0.202752,-0.096060,0.000863,-0.000601,0.000636,-3.576518,TARE
7.602000,0.407458,-0.202754,-0.096059,0.000666,-0.001008,0.000880,-3.572342,TARE
7.603000,0.407454,-0.202754,-0.096061,-0.000556,-0.000719,0.000160,-3.568047,TARE
7.604000,0.407457,-0.202753,-0.096061,0.000120,-0.000009,0.000037,-3.563724,TARE
7.605000,0.407454,-0.202754,-0.096062,-0.000990,-0.000354,-0.000530,-3.559485,TARE
7.606000,0.407457,-0.202754,-0.096061,0.000070,-0.000291,-0.000017,-3.555479,TARE
7.607000,0.407456,-0.202754,-0.096062,-0.000342,0.000214,-0.000532,-3.551878,TARE
7.608000,0.407456,-0.202753,-0.096061,0.000445,0.000896,-0.000305,-3.548854,TARE
7.609000,0.407457,-0.202753,-0.096060,-0.000084,0.001020,-0.000318,-3.546543,TARE
7.610000,0.407456,-0.202754,-0.096061,-0.000288,0.000240,-0.000360,-3.545030,TARE
7.611000,0.407450,-0.202754,-0.096064,-0.001713,0.000391,-0.001539,-3.544352,TARE
7.612000,0.407457,-0.202755,-0.096059,0.000735,-0.000684,0.000560,-3.544526,TARE
7.613000,0.407455,-0.202755,-0.096061,0.000268,-0.000493,0.000096,-3.545546,TARE
7.614000,0.407452,-0.202755,-0.096063,-0.000543,-0.000448,-0.000531,-3.547341,TARE
7.615000,0.407452,-0.202757,-0.096062,-0.000895,-0.001459,-0.000282,-3.549788,TARE
7.616000,0.407449,-0.202757,-0.096064,-0.000770,-0.000894,-0.000643,-3.552765,TARE
7.617000,0.407446,-0.202757,-0.096066,-0.001267,-0.000685,-0.000794,-3.556181,TARE
7.618000,0.407452,-0.202755,-0.096062,0.000637,-0.000289,0.000399,-3.559977,TARE
7.619000,0.407451,-0.202756,-0.096063,-0.000260,-0.000392,0.000022,-3.564079,TARE
7.620000,0.407448,-0.202755,-0.096064,-0.001995,-0.000379,-0.000586,-3.568369,TARE
7.621000,0.407452,-0.202755,-0.096062,-0.000259,-0.000302,0.000019,-3.572688,TARE
7.622000,0.407452,-0.202755,-0.096063,0.000049,-0.000280,0.000101,-3.576883,TARE
7.623000,0.407448,-0.202754,-0.096065,-0.001431,-0.000238,-0.000596,-3.580834,TARE
7.624000,0.407449,-0.202755,-0.096064,-0.000931,-0.000394,-0.000161,-3.584469,TARE
7.625000,0.407454,-0.202755,-0.096061,0.000497,-0.000573,0.000603,-3.587755,TARE
7.626000,0.407449,-0.202754,-0.096065,-0.001463,-0.000458,-0.000567,-3.590665,TARE
7.627000,0.407452,-0.202753,-0.096063,-0.000511,-0.000024,-0.000156,-3.593168,TARE
7.628000,0.407454,-0.202753,-0.096062,0.000624,0.000506,0.000325,-3.595241,TARE
7.629000,0.407456,-0.202754,-0.096061,0.001392,-0.000034,0.000746,-3.596857,TARE
7.630000,0.407452,-0.202754,-0.096063,0.000046,0.000027,-0.000040,-3.597966,TARE
7.631000,0.407452,-0.202755,-0.096063,-0.000102,0.000162,-0.000243,-3.598525,TARE
7.632000,0.407449,-0.202754,-0.096065,-0.000842,0.000798,-0.000816,-3.598557,TARE
7.633000,0.407453,-0.202752,-0.096063,0.000547,0.001065,-0.000086,-3.598163,TARE
7.634000,0.407449,-0.202754,-0.096065,-0.001000,0.000496,-0.000869,-3.597491,TARE
7.635000,0.407455,-0.202752,-0.096063,0.000206,0.000986,-0.000383,-3.596701,TARE
7.636000,0.407450,-0.202750,-0.096066,-0.001381,0.001506,-0.001557,-3.595959,TARE
7.637000,0.407453,-0.202752,-0.096061,-0.000559,0.000310,-0.000038,-3.595432,TARE
7.638000,0.407453,-0.202751,-0.096063,-0.001197,0.000497,-0.000884,-3.595261,TARE
7.639000,0.407452,-0.202751,-0.096063,-0.000949,0.000632,-0.000562,-3.595516,TARE
7.640000,0.407455,-0.202753,-0.096061,-0.000099,0.000062,0.000095,-3.596193,TARE
7.641000,0.407454,-0.202750,-0.096063,-0.000137,0.000544,-0.000176,-3.597228,TARE
7.642000,0.407458,-0.202751,-0.096060,0.000420,-0.000088,0.000400,-3.598507,TARE
7.643000,0.407455,-0.202749,-0.096064,-0.000470,0.000617,-0.000448,-3.599884,TARE
7.644000,0.407456,-0.202748,-0.096063,0.000165,0.000591,0.000072,-3.601214,TARE
7.645000,0.407455,-0.202750,-0.096062,-0.000042,-0.000385,0.000341,-3.602367,TARE
7.646000,0.407451,-0.202751,-0.096064,-0.000746,-0.000220,-0.000292,-3.603225,TARE
7.647000,0.407450,-0.202750,-0.096065,-0.000339,0.000113,-0.000223,-3.603694,TARE
7.648000,0.407455,-0.202750,-0.096063,0.001028,0.000009,0.000677,-3.603724,TARE
7.649000,0.407456,-0.202750,-0.096063,0.001715,0.000292,0.000687,-3.603301,TARE
7.650000,0.407456,-0.202751,-0.096062,0.001132,-0.000499,0.000833,-3.602399,TARE
7.651000,0.407451,-0.202748,-0.096065,-0.001355,0.001053,-0.000858,-3.600983,TARE
7.652000,0.407455,-0.202749,-0.096063,0.000146,0.000757,0.000114,-3.599053,TARE
7.653000,0.407455,-0.202751,-0.096062,-0.000190,-0.000549,0.000379,-3.596670,TARE
7.654000,0.407455,-0.202751,-0.096062,0.001016,-0.000481,0.000700,-3.593922,TARE
7.655000,0.407453,-0.202750,-0.096063,-0.000315,-0.000283,-0.000098,-3.590889,TARE
7.656000,0.407453,-0.202750,-0.096063,-0.000335,-0.000425,0.000243,-3.587637,TARE
7.657000,0.407452,-0.202752,-0.096063,-0.001068,-0.000968,0.000043,-3.584235,TARE
7.658000,0.407456,-0.202753,-0.096061,0.000251,-0.000953,0.000690,-3.580748,TARE
7.659000,0.407455,-0.202751,-0.096062,-0.000093,-0.000462,-0.000039,-3.577227,TARE
7.660000,0.407453,-0.202752,-0.096062,-0.000605,-0.000241,-0.000156,-3.573723,TARE
7.661000,0.407453,-0.202751,-0.096063,-0.000338,-0.000043,-0.000106,-3.570310,TARE
7.662000,0.407455,-0.202754,-0.096061,0.000096,-0.000684,0.000190,-3.567083,TARE
7.663000,0.407453,-0.202753,-0.096062,-0.000777,0.000039,-0.000372,-3.564133,TARE
7.664000,0.407452,-0.202752,-0.096064,-0.000989,-0.000017,-0.000539,-3.561542,TARE
7.665000,0.407452,-0.202755,-0.096062,-0.001190,-0.000521,-0.000323,-3.559386,TARE
7.666000,0.407454,-0.202750,-0.096062,-0.000349,0.001175,-0.000417,-3.557720,TARE
7.667000,0.407452,-0.202752,-0.096063,-0.001721,-0.000273,-0.000790,-3.556577,TARE
7.668000,0.407456,-0.202754,-0.096060,0.000320,-0.000887,0.000758,-3.555960,TARE
7.669000,0.407456,-0.202753,-0.096061,-0.000088,-0.000356,0.000122,-3.555837,TARE
7.670000,0.407456,-0.202754,-0.096061,-0.000136,-0.000772,0.000002,-3.556132,TARE
7.671000,0.407459,-0.202753,-0.096059,0.001404,0.000082,0.001046,-3.556736,TARE
7.672000,0.407457,-0.202751,-0.096060,-0.000032,0.000553,0.000018,-3.557518,TARE
7.673000,0.407455,-0.202754,-0.096061,-0.000828,-0.000256,-0.000241,-3.558333,TARE
7.674000,0.407454,-0.202754,-0.096062,-0.000870,-0.000213,-0.000377,-3.559072,TARE
7.675000,0.407457,-0.202752,-0.096061,-0.000196,0.000597,-0.000161,-3.559699,TARE
7.676000,0.407454,-0.202754,-0.096062,-0.001000,-0.000128,-0.000344,-3.560241,TARE
7.677000,0.407451,-0.202752,-0.096064,-0.001846,0.000510,-0.001125,-3.560739,TARE
7.678000,0.407454,-0.202752,-0.096062,0.000142,0.000878,0.000098,-3.561249,TARE
7.679000,0.407458,-0.202753,-0.096060,0.001471,0.000149,0.000830,-3.561817,TARE
7.680000,0.407455,-0.202754,-0.096062,0.000334,0.000192,0.000018,-3.562435,TARE
7.681000,0.407457,-0.202754,-0.096061,0.000580,-0.000210,0.000340,-3.563040,TARE
7.682000,0.407455,-0.202752,-0.096062,0.000327,0.000251,0.000111,-3.563556,TARE
7.683000,0.407454,-0.202753,-0.096062,-0.000628,-0.000212,-0.000216,-3.563932,TARE
7.684000,0.407455,-0.202751,-0.096062,-0.000390,0.000464,-0.000155,-3.564155,TARE
7.685000,0.407455,-0.202753,-0.096061,-0.000750,-0.000150,-0.000269,-3.564239,TARE
7.686000,0.407452,-0.202752,-0.096064,-0.000887,0.000106,-0.000462,-3.564222,TARE
7.687000,0.407453,-0.202754,-0.096063,-0.000502,-0.000808,0.000056,-3.564160,TARE
7.688000,0.407453,-0.202754,-0.096062,0.000257,-0.000611,0.000345,-3.564114,TARE
7.689000,0.407454,-0.202753,-0.096062,0.001097,0.000050,0.000474,-3.564117,TARE
7.690000,0.407456,-0.202752,-0.096062,0.001903,0.000686,0.000729,-3.564158,TARE
7.691000,0.407453,-0.202753,-0.096063,0.000369,0.000272,0.000103,-3.564189,TARE
7.692000,0.407452,-0.202752,-0.096064,0.000401,0.000552,-0.000432,-3.564160,TARE
7.693000,0.407454,-0.202752,-0.096062,0.000236,0.000491,-0.000151,-3.564057,TARE
7.694000,0.407452,-0.202754,-0.096063,-0.000037,-0.000152,-0.000166,-3.563920,TARE
7.695000,0.407455,-0.202753,-0.096062,0.001171,-0.000261,0.000393,-3.563817,TARE
7.696000,0.407456,-0.202753,-0.096062,0.001387,-0.000246,0.000498,-3.563805,TARE
7.697000,0.407451,-0.202752,-0.096064,0.000684,0.000456,-0.000002,-3.563916,TARE
7.698000,0.407453,-0.202754,-0.096062,0.001264,-0.000091,0.000518,-3.564155,TARE
7.699000,0.407450,-0.202755,-0.096064,-0.000182,-0.000039,-0.000198,-3.564508,TARE
7.700000,0.407452,-0.202754,-0.096064,-0.000260,0.000068,-0.000338,-3.564957,TARE
7.701000,0.407452,-0.202753,-0.096063,-0.000172,0.000268,-0.000292,-3.565497,TARE
7.702000,0.407451,-0.202755,-0.096063,0.000090,-0.000178,-0.000276,-3.566147,TARE
7.703000,0.407452,-0.202750,-0.096063,0.000823,0.001212,0.000042,-3.566946,TARE
7.704000,0.407450,-0.202754,-0.096064,0.000206,-0.000397,-0.000038,-3.567930,TARE
7.705000,0.407453,-0.202753,-0.096064,0.000494,-0.000065,-0.000085,-3.569118,TARE
7.706000,0.407452,-0.202753,-0.096064,0.000279,0.000226,0.000061,-3.570515,TARE
7.707000,0.407452,-0.202754,-0.096062,0.000352,0.000076,0.000215,-3.572112,TARE
7.708000,0.407453,-0.202751,-0.096063,-0.000401,0.000788,-0.000199,-3.573868,TARE
7.709000,0.407453,-0.202754,-0.096062,-0.000786,-0.000053,-0.000226,-3.575707,TARE
7.710000,0.407456,-0.202754,-0.096062,0.000225,-0.000419,0.000088,-3.577549,TARE
7.711000,0.407457,-0.202755,-0.096060,0.000354,-0.000248,0.000541,-3.579334,TARE
7.712000,0.407457,-0.202752,-0.096061,0.000076,0.000293,-0.000100,-3.581015,TARE
7.713000,0.407457,-0.202751,-0.096061,0.000501,0.000279,0.000335,-3.582543,TARE
7.714000,0.407452,-0.202756,-0.096063,-0.001145,-0.000988,-0.000411,-3.583878,TARE
7.715000,0.407455,-0.202751,-0.096062,-0.000043,0.000056,-0.000115,-3.585017,TARE
7.716000,0.407454,-0.202751,-0.096062,-0.000538,-0.000026,-0.000155,-3.586005,TARE
7.717000,0.407453,-0.202752,-0.096063,-0.000380,-0.000632,-0.000243,-3.586923,TARE
7.718000,0.407456,-0.202752,-0.096061,0.000066,0.000233,0.000085,-3.587852,TARE
7.719000,0.407453,-0.202752,-0.096063,-0.001982,0.000022,-0.000928,-3.588863,TARE
7.720000,0.407457,-0.202752,-0.096061,-0.000280,0.000178,-0.000339,-3.590015,TARE
7.721000,0.407452,-0.202752,-0.096063,-0.001818,0.000182,-0.001059,-3.591378,TARE
7.722000,0.407453,-0.202750,-0.096063,-0.000738,0.000877,-0.000490,-3.593032,TARE
7.723000,0.407453,-0.202752,-0.096062,0.000040,0.000061,0.000106,-3.595040,TARE
7.724000,0.407453,-0.202750,-0.096064,0.000073,0.000926,-0.000285,-3.597404,TARE
7.725000,0.407454,-0.202751,-0.096064,0.000111,0.000517,-0.000552,-3.600066,TARE
7.726000,0.407454,-0.202751,-0.096063,0.000030,0.000079,-0.000074,-3.602962,TARE
7.727000,0.407458,-0.202751,-0.096061,0.001122,0.000041,0.000505,-3.606040,TARE
7.728000,0.407454,-0.202751,-0.096062,0.000348,0.000173,-0.000130,-3.609235,TARE
7.729000,0.407454,-0.202753,-0.096062,0.000291,-0.000150,-0.000032,-3.612447,TARE
7.730000,0.407452,-0.202750,-0.096064,-0.000579,0.000749,-0.000619,-3.615577,TARE
7.731000,0.407451,-0.202752,-0.096064,-0.000691,0.000072,-0.000329,-3.618551,TARE
7.732000,0.407453,-0.202751,-0.096064,-0.000024,0.000390,-0.000287,-3.621328,TARE
7.733000,0.407454,-0.202749,-0.096063,0.000523,0.001707,-0.000178,-3.623890,TARE
7.734000,0.407452,-0.202750,-0.096064,-0.000691,0.000962,-0.000730,-3.626230,TARE
7.735000,0.407455,-0.202752,-0.096061,0.000735,0.000067,0.000403,-3.628342,TARE
7.736000,0.407455,-0.202753,-0.096062,-0.000221,-0.000172,-0.000402,-3.630213,TARE
7.737000,0.407450,-0.202750,-0.096066,-0.001026,0.000627,-0.001055,-3.631829,TARE
7.738000,0.407454,-0.202749,-0.096063,0.000164,0.000767,-0.000375,-3.633198,TARE
7.739000,0.407446,-0.202749,-0.096068,-0.001573,0.000928,-0.001271,-3.634366,TARE
7.740000,0.407454,-0.202751,-0.096063,0.000903,-0.000095,0.000430,-3.635401,TARE
7.741000,0.407458,-0.202752,-0.096061,0.001950,-0.000482,0.000761,-3.636343,TARE
7.742000,0.407450,-0.202754,-0.096064,-0.001319,-0.001112,-0.000320,-3.637168,TARE
7.743000,0.407454,-0.202753,-0.096062,-0.000027,-0.000534,0.000184,-3.637801,TARE
7.744000,0.407455,-0.202752,-0.096062,0.000557,0.000096,0.000387,-3.638154,TARE
7.745000,0.407449,-0.202751,-0.096065,-0.001131,0.000367,-0.000544,-3.638142,TARE
7.746000,0.407456,-0.202752,-0.096061,0.001058,0.000022,0.000857,-3.637696,TARE
7.747000,0.407452,-0.202751,-0.096064,-0.000432,0.000366,-0.000103,-3.636759,TARE
7.748000,0.407453,-0.202751,-0.096062,0.000063,0.000132,0.000489,-3.635287,TARE
7.749000,0.407456,-0.202751,-0.096060,0.001139,0.000243,0.001120,-3.633234,TARE
7.750000,0.407457,-0.202751,-0.096061,0.001088,0.000324,0.000864,-3.630545,TARE
7.751000,0.407454,-0.202752,-0.096062,0.000005,-0.000568,0.000628,-3.627155,TARE
7.752000,0.407457,-0.202752,-0.096062,0.001211,-0.000235,0.000503,-3.623018,TARE
7.753000,0.407453,-0.202753,-0.096062,0.000133,-0.000125,0.000152,-3.618152,TARE
7.754000,0.407456,-0.202751,-0.096062,0.001326,0.000438,0.000569,-3.612651,TARE
7.755000,0.407456,-0.202754,-0.096061,0.001127,-0.000273,0.000769,-3.606657,TARE
7.756000,0.407457,-0.202752,-0.096060,0.000629,0.000623,0.000364,-3.600316,TARE
7.757000,0.407453,-0.202752,-0.096063,-0.001431,0.000338,-0.000913,-3.593771,TARE
7.758000,0.407455,-0.202753,-0.096061,-0.000371,-0.000284,-0.000028,-3.587179,TARE
7.759000,0.407452,-0.202754,-0.096063,-0.001297,-0.000502,-0.000593,-3.580738,TARE
7.760000,0.407454,-0.202754,-0.096062,-0.000101,-0.000743,0.000071,-3.574658,TARE
7.761000,0.407455,-0.202753,-0.096061,-0.000406,-0.000581,0.000265,-3.569129,TARE
7.762000,0.407453,-0.202751,-0.096062,-0.000320,0.000044,-0.000085,-3.564283,TARE
7.763000,0.407455,-0.202754,-0.096061,0.001145,-0.000842,0.001004,-3.560176,TARE
7.764000,0.407458,-0.202753,-0.096060,0.001700,-0.000679,0.001112,-3.556785,TARE
7.765000,0.407455,-0.202753,-0.096061,0.000887,-0.000525,0.000810,-3.554010,TARE
7.766000,0.407456,-0.202753,-0.096059,0.000873,-0.000530,0.001081,-3.551693,TARE
7.767000,0.407452,-0.202751,-0.096063,-0.000716,0.000140,-0.000314,-3.549659,TARE
7.768000,0.407456,-0.202752,-0.096062,0.000897,-0.000433,0.000335,-3.547774,TARE
7.769000,0.407452,-0.202749,-0.096064,-0.000039,0.000496,-0.000013,-3.545992,TARE
7.770000,0.407453,-0.202752,-0.096062,0.000288,-0.000284,0.000458,-3.544342,TARE
7.771000,0.407452,-0.202751,-0.096063,-0.000099,-0.000183,0.000094,-3.542870,TARE
7.772000,0.407454,-0.202753,-0.096062,0.000443,-0.000431,0.000323,-3.541607,TARE
7.773000,0.407454,-0.202751,-0.096062,0.000224,0.000231,0.000186,-3.540576,TARE
7.774000,0.407451,-0.202752,-0.096064,-0.000497,0.000148,-0.000343,-3.539801,TARE
7.775000,0.407450,-0.202754,-0.096064,-0.001009,-0.000549,-0.000353,-3.539320,TARE
7.776000,0.407454,-0.202753,-0.096062,0.000031,-0.000145,0.000132,-3.539196,TARE
7.777000,0.407456,-0.202753,-0.096061,0.000111,0.000104,-0.000024,-3.539494,TARE
7.778000,0.407449,-0.202755,-0.096064,-0.002078,-0.000269,-0.001078,-3.540259,TARE
7.779000,0.407455,-0.202753,-0.096061,-0.000162,0.000074,-0.000023,-3.541521,TARE
7.780000,0.407453,-0.202752,-0.096063,-0.000799,0.000253,-0.000785,-3.543305,TARE
7.781000,0.407456,-0.202754,-0.096060,0.000204,-0.000504,0.000347,-3.545630,TARE
7.782000,0.407452,-0.202751,-0.096064,-0.001287,0.000564,-0.000754,-3.548488,TARE
7.783000,0.407455,-0.202755,-0.096062,0.000161,-0.000731,0.000011,-3.551829,TARE
7.784000,0.407452,-0.202753,-0.096063,-0.000040,0.000007,0.000019,-3.555571,TARE
7.785000,0.407449,-0.202753,-0.096065,-0.001842,-0.000003,-0.001087,-3.559619,TARE
7.786000,0.407454,-0.202751,-0.096062,0.000314,0.000789,0.000124,-3.563878,TARE
7.787000,0.407455,-0.202751,-0.096062,0.000502,0.000717,0.000007,-3.568259,TARE
7.788000,0.407454,-0.202753,-0.096062,-0.000342,0.000018,0.000097,-3.572662,TARE
7.789000,0.407456,-0.202752,-0.096061,0.000340,0.000300,0.000373,-3.576963,TARE
7.790000,0.407453,-0.202751,-0.096062,-0.000868,0.000481,-0.000304,-3.581019,TARE
7.791000,0.407455,-0.202756,-0.096061,-0.000309,-0.000707,0.000088,-3.584695,TARE
7.792000,0.407454,-0.202754,-0.096062,-0.000745,-0.000077,-0.000652,-3.587900,TARE
7.793000,0.407456,-0.202753,-0.096061,0.000079,0.000146,-0.000276,-3.590629,TARE
7.794000,0.407459,-0.202752,-0.096059,0.001451,0.000295,0.000857,-3.592943,TARE
7.795000,0.407459,-0.202752,-0.096059,0.001647,-0.000099,0.000977,-3.594897,TARE
7.796000,0.407451,-0.202752,-0.096064,-0.001372,-0.000172,-0.000963,-3.596485,TARE
7.797000,0.407455,-0.202751,-0.096062,-0.000529,0.000520,-0.000535,-3.597686,TARE
7.798000,0.407460,-0.202751,-0.096059,0.000173,0.000331,-0.000029,-3.598537,TARE
7.799000,0.407460,-0.202751,-0.096060,0.000294,0.000339,-0.000113,-3.599120,TARE
7.800000,0.407454,-0.202752,-0.096062,-0.001949,0.000469,-0.000941,-3.599510,TARE
7.801000,0.407454,-0.202752,-0.096062,-0.001157,0.000038,-0.000348,-3.599773,TARE
7.802000,0.407454,-0.202751,-0.096063,-0.001313,-0.000077,-0.000748,-3.599964,TARE
7.803000,0.407454,-0.202750,-0.096063,-0.000527,0.000575,-0.000419,-3.600131,TARE
7.804000,0.407451,-0.202753,-0.096064,-0.000813,-0.000561,-0.000295,-3.600313,TARE
7.805000,0.407452,-0.202751,-0.096063,-0.000317,0.000208,-0.000007,-3.600534,TARE
7.806000,0.407453,-0.202750,-0.096063,-0.000013,-0.000166,0.000072,-3.600780,TARE
7.807000,0.407451,-0.202751,-0.096064,-0.000546,-0.000426,-0.000155,-3.600996,TARE
7.808000,0.407451,-0.202751,-0.096065,-0.000405,-0.000148,-0.000190,-3.601111,TARE
7.809000,0.407452,-0.202750,-0.096063,0.000302,0.000129,0.000437,-3.601063,TARE
7.810000,0.407450,-0.202750,-0.096064,0.000064,0.000579,-0.000035,-3.600790,TARE
7.811000,0.407451,-0.202752,-0.096064,0.000058,-0.000258,0.000143,-3.600221,TARE
7.812000,0.407452,-0.202752,-0.096064,0.000485,-0.000212,0.000311,-3.599292,TARE
7.813000,0.407452,-0.202750,-0.096064,0.000277,0.000339,0.000320,-3.597969,TARE
7.814000,0.407450,-0.202752,-0.096065,-0.000780,-0.000133,-0.000111,-3.596240,TARE
7.815000,0.407446,-0.202750,-0.096068,-0.001940,0.000155,-0.001233,-3.594127,TARE
7.816000,0.407448,-0.202750,-0.096067,-0.000377,-0.000011,-0.000066,-3.591714,TARE
7.817000,0.407455,-0.202750,-0.096063,0.001784,-0.000451,0.001025,-3.589141,TARE
7.818000,0.407450,-0.202751,-0.096065,0.000463,-0.000221,0.000344,-3.586533,TARE
7.819000,0.407452,-0.202752,-0.096064,0.000773,-0.000225,0.000610,-3.583951,TARE
7.820000,0.407451,-0.202753,-0.096064,0.000101,-0.000723,0.000179,-3.581407,TARE
7.821000,0.407451,-0.202750,-0.096066,0.000312,-0.000081,0.000094,-3.578916,TARE
7.822000,0.407450,-0.202749,-0.096066,0.000579,0.000397,0.000154,-3.576520,TARE
7.823000,0.407446,-0.202750,-0.096068,-0.000714,0.000354,-0.000723,-3.574291,TARE
7.824000,0.407448,-0.202750,-0.096066,-0.000739,0.000864,-0.000646,-3.572325,TARE
7.825000,0.407454,-0.202751,-0.096062,0.001054,0.000029,0.000721,-3.570735,TARE
7.826000,0.407453,-0.202751,-0.096063,0.000680,0.000125,0.000319,-3.569599,TARE
7.827000,0.407452,-0.202753,-0.096063,0.000478,-0.000299,0.000392,-3.568914,TARE
7.828000,0.407453,-0.202752,-0.096063,0.001297,0.000036,0.000916,-3.568601,TARE
7.829000,0.407453,-0.202752,-0.096062,0.001157,-0.000009,0.000994,-3.568524,TARE
7.830000,0.407451,-0.202755,-0.096064,0.000297,-0.000678,0.000378,-3.568514,TARE
7.831000,0.407453,-0.202753,-0.096064,0.000499,-0.000371,0.000213,-3.568410,TARE
7.832000,0.407455,-0.202753,-0.096062,0.001823,-0.000405,0.001060,-3.568120,TARE
7.833000,0.407455,-0.202758,-0.096061,0.001007,-0.001700,0.000864,-3.567616,TARE
7.834000,0.407455,-0.202751,-0.096062,0.000512,0.001026,0.000184,-3.566897,TARE
7.835000,0.407453,-0.202752,-0.096064,-0.000297,0.000533,-0.000446,-3.565989,TARE
7.836000,0.407455,-0.202754,-0.096061,0.000723,-0.000318,0.000616,-3.564971,TARE
7.837000,0.407455,-0.202753,-0.096062,0.000142,0.000412,0.000150,-3.563960,TARE
7.838000,0.407457,-0.202754,-0.096060,0.000697,-0.000312,0.000568,-3.563059,TARE
7.839000,0.407455,-0.202753,-0.096062,-0.000799,0.000204,-0.000774,-3.562331,TARE
7.840000,0.407455,-0.202752,-0.096062,-0.000789,0.000491,-0.000671,-3.561838,TARE
7.841000,0.407458,-0.202754,-0.096061,0.000630,0.000219,0.000101,-3.561684,TARE
7.842000,0.407453,-0.202757,-0.096061,-0.000930,-0.000633,-0.000080,-3.561991,TARE
7.843000,0.407455,-0.202754,-0.096061,-0.000968,0.000060,-0.000415,-3.562839,TARE
7.844000,0.407456,-0.202754,-0.096061,-0.000617,0.000068,-0.000591,-3.564252,TARE
7.845000,0.407456,-0.202754,-0.096061,-0.000680,0.000200,-0.000624,-3.566228,TARE
7.846000,0.407456,-0.202754,-0.096061,0.000096,-0.000075,0.000192,-3.568766,TARE
7.847000,0.407457,-0.202756,-0.096058,0.000490,-0.000657,0.000755,-3.571829,TARE
7.848000,0.407457,-0.202753,-0.096060,0.000838,0.000778,0.000162,-3.575301,TARE
7.849000,0.407455,-0.202755,-0.096062,-0.000556,0.000461,-0.000581,-3.579010,TARE
7.850000,0.407456,-0.202755,-0.096061,0.000077,0.000205,-0.000022,-3.582804,TARE
7.851000,0.407457,-0.202755,-0.096060,0.000700,-0.000034,0.000359,-3.586590,TARE
7.852000,0.407453,-0.202754,-0.096062,-0.000424,0.000543,-0.000166,-3.590287,TARE
7.853000,0.407455,-0.202753,-0.096062,0.000437,0.000859,-0.000037,-3.593804,TARE
7.854000,0.407453,-0.202752,-0.096063,-0.000467,0.000954,-0.000597,-3.597049,TARE
7.855000,0.407450,-0.202751,-0.096064,-0.000093,0.001139,-0.000320,-3.599968,TARE
7.856000,0.407451,-0.202752,-0.096063,0.000079,0.000760,-0.000351,-3.602547,TARE
7.857000,0.407453,-0.202755,-0.096061,0.000820,-0.000405,0.000444,-3.604793,TARE
7.858000,0.407449,-0.202753,-0.096065,-0.001026,-0.000065,-0.000819,-3.606718,TARE
7.859000,0.407450,-0.202752,-0.096065,0.000299,0.000261,-0.000488,-3.608343,TARE
7.860000,0.407450,-0.202752,-0.096066,0.000479,-0.000364,-0.000186,-3.609731,TARE
7.861000,0.407451,-0.202751,-0.096064,0.000638,0.000040,0.000423,-3.610965,TARE
7.862000,0.407454,-0.202752,-0.096061,0.001102,-0.000496,0.001043,-3.612085,TARE
7.863000,0.407452,-0.202752,-0.096063,0.001442,0.000133,0.000570,-3.613030,TARE
7.864000,0.407454,-0.202754,-0.096061,0.002158,-0.000207,0.001235,-3.613661,TARE
7.865000,0.407451,-0.202750,-0.096064,0.000410,0.001096,-0.000062,-3.613828,TARE
7.866000,0.407446,-0.202749,-0.096067,-0.001455,0.000852,-0.000940,-3.613423,TARE
7.867000,0.407450,-0.202752,-0.096065,-0.000199,-0.000205,-0.000079,-3.612435,TARE
7.868000,0.407454,-0.202751,-0.096063,0.001660,-0.000353,0.000883,-3.610945,TARE
7.869000,0.407454,-0.202749,-0.096063,0.001176,0.000554,0.000598,-3.609063,TARE
7.870000,0.407451,-0.202751,-0.096064,0.000050,-0.000324,0.000130,-3.606873,TARE
7.871000,0.407457,-0.202749,-0.096061,0.001402,0.000587,0.000738,-3.604437,TARE
7.872000,0.407457,-0.202748,-0.096062,0.001013,0.001109,0.000197,-3.601801,TARE
7.873000,0.407455,-0.202750,-0.096062,0.000280,0.000225,0.000326,-3.599009,TARE
7.874000,0.407455,-0.202753,-0.096062,0.000013,-0.001168,0.000223,-3.596108,TARE
7.875000,0.407458,-0.202749,-0.096061,0.001065,-0.000009,0.000544,-3.593156,TARE
7.876000,0.407458,-0.202750,-0.096061,0.000800,-0.000283,0.000598,-3.590216,TARE
7.877000,0.407453,-0.202749,-0.096064,-0.000559,0.000353,-0.000422,-3.587339,TARE
7.878000,0.407453,-0.202750,-0.096063,-0.000187,0.000208,0.000054,-3.584566,TARE
7.879000,0.407456,-0.202749,-0.096063,0.000869,0.000330,0.000293,-3.581945,TARE
7.880000,0.407457,-0.202750,-0.096061,0.001147,0.000117,0.000707,-3.579523,TARE
7.881000,0.407454,-0.202750,-0.096063,0.000321,0.000176,0.000114,-3.577322,TARE
7.882000,0.407453,-0.202752,-0.096063,-0.000283,-0.000489,-0.000185,-3.575343,TARE
7.883000,0.407454,-0.202751,-0.096062,0.000162,-0.000173,0.000154,-3.573598,TARE
7.884000,0.407451,-0.202752,-0.096064,-0.000851,-0.000273,-0.000657,-3.572127,TARE
7.885000,0.407455,-0.202751,-0.096062,0.000098,0.000196,-0.000139,-3.570999,TARE
7.886000,0.407457,-0.202752,-0.096060,0.000720,-0.000357,0.000501,-3.570283,TARE
7.887000,0.407451,-0.202752,-0.096064,-0.001084,-0.000469,-0.000447,-3.570018,TARE
7.888000,0.407449,-0.202751,-0.096066,-0.001153,-0.000042,-0.000819,-3.570206,TARE
7.889000,0.407450,-0.202751,-0.096065,-0.000492,-0.000154,-0.000321,-3.570852,TARE
7.890000,0.407451,-0.202750,-0.096065,0.000046,0.000030,-0.000325,-3.571991,TARE
7.891000,0.407450,-0.202753,-0.096064,-0.000501,-0.000802,0.000053,-3.573658,TARE
7.892000,0.407450,-0.202752,-0.096064,-0.000907,-0.000376,-0.000057,-3.575841,TARE
7.893000,0.407451,-0.202753,-0.096064,-0.000687,-0.000699,-0.000255,-3.578464,TARE
7.894000,0.407450,-0.202752,-0.096064,-0.001582,-0.000259,-0.000434,-3.581403,TARE
7.895000,0.407451,-0.202753,-0.096063,-0.001247,-0.000813,-0.000084,-3.584541,TARE
7.896000,0.407453,-0.202753,-0.096063,-0.000467,-0.000427,0.000088,-3.587770,TARE
7.897000,0.407451,-0.202753,-0.096064,-0.001005,-0.000208,-0.000530,-3.590984,TARE
7.898000,0.407449,-0.202752,-0.096065,-0.001439,0.000092,-0.000695,-3.594099,TARE
7.899000,0.407449,-0.202752,-0.096064,-0.001253,0.000186,-0.000425,-3.597080,TARE
7.900000,0.407454,-0.202752,-0.096061,0.000751,-0.000114,0.000514,-3.599924,TARE
7.901000,0.407447,-0.202751,-0.096066,-0.001102,0.000592,-0.000820,-3.602616,TARE
7.902000,0.407446,-0.202753,-0.096067,-0.001788,0.000149,-0.001215,-3.605136,TARE
7.903000,0.407449,-0.202755,-0.096064,-0.000799,-0.000378,-0.000269,-3.607505,TARE
7.904000,0.407449,-0.202755,-0.096064,-0.000795,-0.000471,-0.000227,-3.609786,TARE
7.905000,0.407452,-0.202752,-0.096064,-0.000258,0.000228,-0.000191,-3.612031,TARE
7.906000,0.407454,-0.202754,-0.096062,0.000978,-0.000399,0.000530,-3.614250,TARE
7.907000,0.407454,-0.202754,-0.096062,0.000394,-0.000042,0.000158,-3.616402,TARE
7.908000,0.407457,-0.202754,-0.096060,0.001690,-0.000448,0.001023,-3.618401,TARE
7.909000,0.407456,-0.202753,-0.096062,0.002214,-0.000159,0.000764,-3.620123,TARE
7.910000,0.407451,-0.202753,-0.096064,0.000672,-0.000424,0.000168,-3.621434,TARE
7.911000,0.407457,-0.202752,-0.096062,0.002334,0.000237,0.000829,-3.622229,TARE
7.912000,0.407453,-0.202754,-0.096062,0.001200,-0.000627,0.000649,-3.622454,TARE
7.913000,0.407454,-0.202754,-0.096061,0.001874,-0.000789,0.001017,-3.622085,TARE
7.914000,0.407457,-0.202752,-0.096061,0.002117,0.000725,0.000837,-3.621103,TARE
7.915000,0.407451,-0.202753,-0.096064,-0.000715,0.000118,-0.000628,-3.619505,TARE
7.916000,0.407453,-0.202752,-0.096062,-0.000034,0.000211,-0.000094,-3.617338,TARE
7.917000,0.407456,-0.202753,-0.096060,0.001027,-0.000855,0.000870,-3.614713,TARE
7.918000,0.407453,-0.202753,-0.096063,0.000427,-0.000338,-0.000080,-3.611767,TARE
7.919000,0.407456,-0.202752,-0.096061,0.000985,-0.000199,0.000363,-3.608626,TARE
7.920000,0.407453,-0.202752,-0.096062,-0.000328,0.000096,-0.000089,-3.605417,TARE
7.921000,0.407457,-0.202751,-0.096061,0.000863,0.000140,0.000224,-3.602262,TARE
7.922000,0.407455,-0.202752,-0.096062,0.001029,0.000198,0.000237,-3.599259,TARE
7.923000,0.407453,-0.202751,-0.096063,0.000452,0.000455,-0.000141,-3.596470,TARE
7.924000,0.407458,-0.202750,-0.096061,0.001685,0.000682,0.000757,-3.593932,TARE
7.925000,0.407454,-0.202753,-0.096062,0.000010,-0.000340,-0.000090,-3.591649,TARE
7.926000,0.407453,-0.202753,-0.096062,-0.000089,-0.000282,0.000042,-3.589605,TARE
7.927000,0.407451,-0.202751,-0.096064,-0.001094,0.000442,-0.000656,-3.587787,TARE
7.928000,0.407454,-0.202751,-0.096062,0.000746,0.000448,0.000174,-3.586197,TARE
7.929000,0.407455,-0.202753,-0.096061,0.000783,-0.000347,0.000471,-3.584843,TARE
7.930000,0.407456,-0.202753,-0.096061,0.000404,-0.000342,0.000090,-3.583720,TARE
7.931000,0.407454,-0.202752,-0.096062,-0.000206,-0.000092,0.000031,-3.582804,TARE
7.932000,0.407451,-0.202752,-0.096064,-0.001493,0.000289,-0.000797,-3.582077,TARE
7.933000,0.407453,-0.202755,-0.096063,-0.000517,-0.000523,-0.000319,-3.581547,TARE
7.934000,0.407449,-0.202755,-0.096064,-0.001567,-0.000440,-0.000566,-3.581263,TARE
7.935000,0.407450,-0.202753,-0.096064,-0.000306,0.000269,-0.000150,-3.581294,TARE
7.936000,0.407448,-0.202753,-0.096066,-0.001409,0.000452,-0.000992,-3.581695,TARE
7.937000,0.407450,-0.202754,-0.096064,-0.001046,-0.000053,-0.000383,-3.582503,TARE
7.938000,0.407451,-0.202754,-0.096063,0.000073,0.000025,0.000124,-3.583739,TARE
7.939000,0.407448,-0.202751,-0.096066,-0.001419,0.000947,-0.000941,-3.585395,TARE
7.940000,0.407451,-0.202753,-0.096064,-0.000372,0.000111,-0.000380,-3.587435,TARE
7.941000,0.407454,-0.202753,-0.096061,0.000247,-0.000297,0.000422,-3.589817,TARE
7.942000,0.407452,-0.202754,-0.096063,-0.000331,-0.000410,-0.000246,-3.592483,TARE
7.943000,0.407451,-0.202754,-0.096064,-0.000933,-0.000407,-0.000491,-3.595338,TARE
7.944000,0.407451,-0.202753,-0.096064,-0.000682,-0.000162,-0.000179,-3.598289,TARE
7.945000,0.407449,-0.202754,-0.096065,-0.000564,-0.000595,0.000051,-3.601257,TARE
7.946000,0.407452,-0.202754,-0.096063,0.000461,-0.000297,0.000334,-3.604151,TARE
7.947000,0.407449,-0.202753,-0.096065,0.000330,0.000525,0.000192,-3.606851,TARE
7.948000,0.407449,-0.202753,-0.096064,0.000450,0.000670,0.000270,-3.609214,TARE
7.949000,0.407452,-0.202752,-0.096063,0.001288,0.000880,0.000579,-3.611104,TARE
7.950000,0.407450,-0.202752,-0.096065,-0.000250,0.000709,-0.000158,-3.612404,TARE
7.951000,0.407450,-0.202753,-0.096064,0.000005,0.000407,-0.000068,-3.613048,TARE
7.952000,0.407450,-0.202752,-0.096064,-0.000585,0.000500,-0.000357,-3.613042,TARE
7.953000,0.407453,-0.202752,-0.096062,0.001016,0.000252,0.000898,-3.612452,TARE
7.954000,0.407457,-0.202751,-0.096062,0.001742,0.001001,0.000479,-3.611349,TARE
7.955000,0.407453,-0.202751,-0.096064,0.000079,0.000343,-0.000183,-3.609777,TARE
7.956000,0.407455,-0.202753,-0.096061,0.001082,-0.000121,0.000647,-3.607781,TARE
7.957000,0.407454,-0.202753,-0.096062,0.000410,0.000486,-0.000105,-3.605431,TARE
7.958000,0.407451,-0.202753,-0.096064,-0.000243,0.000255,-0.000244,-3.602825,TARE
7.959000,0.407454,-0.202752,-0.096061,0.000936,0.000291,0.000517,-3.600084,TARE
7.960000,0.407454,-0.202751,-0.096062,0.000988,0.000687,0.000440,-3.597327,TARE
7.961000,0.407453,-0.202751,-0.096064,-0.000631,0.000448,-0.000461,-3.594639,TARE
7.962000,0.407453,-0.202752,-0.096064,-0.000258,0.000448,-0.000554,-3.592089,TARE
7.963000,0.407451,-0.202752,-0.096064,-0.000831,0.000096,-0.000622,-3.589773,TARE
7.964000,0.407457,-0.202753,-0.096061,0.001375,-0.000190,0.000892,-3.587817,TARE
7.965000,0.407454,-0.202752,-0.096063,-0.000322,-0.000131,-0.000188,-3.586322,TARE
7.966000,0.407459,-0.202752,-0.096060,0.001074,-0.000409,0.000762,-3.585320,TARE
7.967000,0.407457,-0.202751,-0.096061,0.000321,0.000099,0.000115,-3.584778,TARE
7.968000,0.407454,-0.202751,-0.096063,-0.000720,0.000167,-0.000548,-3.584632,TARE
7.969000,0.407455,-0.202748,-0.096063,0.000133,0.001080,-0.000048,-3.584831,TARE
7.970000,0.407453,-0.202751,-0.096064,-0.000389,-0.000320,-0.000259,-3.585350,TARE
7.971000,0.407454,-0.202754,-0.096063,0.000093,-0.000722,0.000210,-3.586183,TARE
7.972000,0.407452,-0.202752,-0.096064,-0.000092,-0.000006,0.000142,-3.587316,TARE
7.973000,0.407453,-0.202750,-0.096064,0.000293,0.000588,0.000166,-3.588711,TARE
7.974000,0.407452,-0.202752,-0.096064,-0.000095,-0.000187,0.000090,-3.590310,TARE
7.975000,0.407455,-0.202751,-0.096062,0.000611,0.000370,0.000377,-3.592040,TARE
7.976000,0.407453,-0.202753,-0.096063,-0.000219,-0.000256,0.000018,-3.593828,TARE
7.977000,0.407450,-0.202752,-0.096065,-0.001595,0.000123,-0.000748,-3.595611,TARE
7.978000,0.407449,-0.202751,-0.096065,-0.001775,0.000026,-0.000927,-3.597365,TARE
7.979000,0.407452,-0.202753,-0.096064,-0.000461,-0.000464,-0.000283,-3.599128,TARE
7.980000,0.407449,-0.202751,-0.096065,-0.001430,0.000243,-0.000575,-3.600985,TARE
7.981000,0.407453,-0.202752,-0.096062,0.000107,-0.000038,0.000272,-3.603014,TARE
7.982000,0.407455,-0.202752,-0.096062,0.000810,-0.000006,0.000442,-3.605230,TARE
7.983000,0.407451,-0.202751,-0.096065,-0.000974,0.000188,-0.000790,-3.607585,TARE
7.984000,0.407454,-0.202753,-0.096062,0.000762,0.000084,0.000124,-3.610006,TARE
7.985000,0.407448,-0.202750,-0.096066,-0.002020,0.001006,-0.001560,-3.612463,TARE
7.986000,0.407455,-0.202751,-0.096062,0.000477,0.000414,0.000321,-3.614974,TARE
7.987000,0.407452,-0.202752,-0.096063,-0.000811,0.000092,-0.000401,-3.617578,TARE
7.988000,0.407453,-0.202753,-0.096062,-0.000378,-0.000126,-0.000083,-3.620269,TARE
7.989000,0.407452,-0.202752,-0.096063,-0.001302,-0.000022,-0.000570,-3.622995,TARE
7.990000,0.407453,-0.202751,-0.096063,-0.000114,0.000765,-0.000395,-3.625693,TARE
7.991000,0.407452,-0.202752,-0.096063,-0.000735,0.000379,-0.000515,-3.628315,TARE
7.992000,0.407453,-0.202753,-0.096063,-0.000286,0.000455,-0.000310,-3.630831,TARE
7.993000,0.407448,-0.202755,-0.096065,-0.002075,-0.000338,-0.000911,-3.633229,TARE
7.994000,0.407451,-0.202753,-0.096064,-0.001048,0.000550,-0.000645,-3.635506,TARE
7.995000,0.407455,-0.202756,-0.096060,0.000768,-0.000127,0.000591,-3.637666,TARE
7.996000,0.407455,-0.202754,-0.096061,0.000145,0.000316,0.000090,-3.639688,TARE
7.997000,0.407449,-0.202754,-0.096064,-0.002023,-0.000324,-0.000866,-3.641501,TARE
7.998000,0.407453,-0.202753,-0.096062,-0.000692,0.000039,-0.000031,-3.643029,TARE
7.999000,0.407452,-0.202753,-0.096064,-0.000810,-0.000325,-0.000363,-3.644222,TARE
8.000000,0.407452,-0.202754,-0.096062,-0.001082,-0.000421,-0.000103,-3.645059,TARE
8.001000,0.407454,-0.202755,-0.096062,-0.000430,-0.000826,0.000035,-3.645529,TARE
8.002000,0.407452,-0.202753,-0.096063,-0.000543,0.000063,-0.000224,-3.645621,TARE
8.003000,0.407457,-0.202753,-0.096061,0.000660,0.000089,0.000311,-3.645337,TARE
8.004000,0.407454,-0.202755,-0.096061,-0.001110,-0.000238,-0.000293,-3.644688,TARE
8.005000,0.407455,-0.202754,-0.096061,0.000069,-0.000354,0.000408,-3.643698,TARE
8.006000,0.407457,-0.202754,-0.096060,0.000213,-0.000161,0.000462,-3.642386,TARE
8.007000,0.407454,-0.202753,-0.096062,-0.000701,0.000591,-0.000364,-3.640753,TARE
8.008000,0.407457,-0.202752,-0.096060,0.000801,0.000601,0.000366,-3.638797,TARE
8.009000,0.407454,-0.202753,-0.096062,-0.000233,0.000087,0.000082,-3.636524,TARE
8.010000,0.407458,-0.202754,-0.096059,0.000890,-0.000755,0.000888,-3.633938,TARE
8.011000,0.407457,-0.202753,-0.096060,0.000517,-0.000172,0.000400,-3.631029,TARE
8.012000,0.407455,-0.202753,-0.096061,-0.000282,-0.000218,0.000074,-3.627778,TARE
8.013000,0.407453,-0.202753,-0.096062,-0.001227,0.000444,-0.000637,-3.624198,TARE
8.014000,0.407456,-0.202752,-0.096061,-0.000468,0.000920,-0.000435,-3.620363,TARE
8.015000,0.407458,-0.202752,-0.096060,0.000286,0.000486,0.000178,-3.616403,TARE
8.016000,0.407456,-0.202752,-0.096061,-0.000620,0.000631,-0.000393,-3.612465,TARE
8.017000,0.407455,-0.202755,-0.096061,-0.000823,-0.000644,-0.000022,-3.608672,TARE
8.018000,0.407454,-0.202753,-0.096063,-0.001216,0.000127,-0.001017,-3.605129,TARE
8.019000,0.407454,-0.202754,-0.096062,-0.000549,0.000468,-0.000539,-3.601948,TARE
8.020000,0.407452,-0.202755,-0.096063,-0.000348,0.000071,-0.000447,-3.599260,TARE
8.021000,0.407452,-0.202755,-0.096062,-0.000393,-0.000230,0.000054,-3.597181,TARE
8.022000,0.407453,-0.202753,-0.096062,0.000417,0.000424,-0.000186,-3.595751,TARE
8.023000,0.407449,-0.202750,-0.096066,-0.000926,0.001260,-0.001094,-3.594939,TARE
8.024000,0.407449,-0.202755,-0.096064,-0.000403,-0.000826,-0.000304,-3.594695,TARE
8.025000,0.407448,-0.202752,-0.096066,-0.001638,0.000101,-0.001225,-3.594998,TARE
8.026000,0.407450,-0.202749,-0.096065,-0.000676,0.001056,-0.000643,-3.595849,TARE
8.027000,0.407450,-0.202752,-0.096064,-0.000365,0.000076,-0.000304,-3.597245,TARE
8.028000,0.407450,-0.202752,-0.096065,-0.000006,-0.000080,-0.000218,-3.599137,TARE
8.029000,0.407451,-0.202752,-0.096064,-0.000005,0.000428,-0.000216,-3.601430,TARE
8.030000,0.407452,-0.202750,-0.096064,0.000144,0.001043,-0.000207,-3.604005,TARE
8.031000,0.407454,-0.202752,-0.096062,0.000946,-0.000247,0.000604,-3.606722,TARE
8.032000,0.407449,-0.202751,-0.096065,-0.001260,0.000420,-0.000668,-3.609422,TARE
8.033000,0.407451,-0.202751,-0.096064,-0.000397,0.000456,-0.000406,-3.611945,TARE
8.034000,0.407452,-0.202752,-0.096063,-0.000057,0.000180,-0.000334,-3.614175,TARE
8.035000,0.407448,-0.202752,-0.096066,-0.001842,-0.000001,-0.001295,-3.616069,TARE
8.036000,0.407448,-0.202749,-0.096066,-0.001961,0.000756,-0.001124,-3.617676,TARE
8.037000,0.407451,-0.202751,-0.096064,-0.001173,0.000097,-0.000623,-3.619110,TARE
8.038000,0.407450,-0.202751,-0.096065,-0.001712,0.000144,-0.000995,-3.620499,TARE
8.039000,0.407451,-0.202750,-0.096065,-0.000844,-0.000026,-0.000607,-3.621938,TARE
8.040000,0.407449,-0.202752,-0.096066,-0.002055,-0.000369,-0.001287,-3.623494,TARE
8.041000,0.407453,-0.202752,-0.096063,-0.000099,-0.000830,0.000093,-3.625226,TARE
8.042000,0.407452,-0.202751,-0.096064,-0.001071,-0.000598,-0.000506,-3.627162,TARE
8.043000,0.407455,-0.202754,-0.096062,0.000116,-0.001310,0.000168,-3.629283,TARE
8.044000,0.407455,-0.202751,-0.096062,-0.000018,-0.000047,-0.000161,-3.631519,TARE
8.045000,0.407453,-0.202752,-0.096062,0.000023,-0.000585,0.000093,-3.633770,TARE
8.046000,0.407452,-0.202751,-0.096064,-0.000466,-0.000185,-0.000686,-3.635923,TARE
8.047000,0.407452,-0.202749,-0.096064,-0.000052,0.000651,-0.000181,-3.637874,TARE
8.048000,0.407456,-0.202751,-0.096061,0.000883,0.000198,0.000713,-3.639532,TARE
8.049000,0.407452,-0.202752,-0.096064,-0.001136,-0.000397,-0.000478,-3.640789,TARE
8.050000,0.407452,-0.202751,-0.096064,-0.001181,0.000102,-0.000672,-3.641526,TARE
8.051000,0.407453,-0.202751,-0.096063,-0.000249,0.000236,-0.000190,-3.641670,TARE
8.052000,0.407453,-0.202751,-0.096063,-0.000040,0.000267,0.000232,-3.641211,TARE
8.053000,0.407456,-0.202751,-0.096061,0.000922,-0.000174,0.000951,-3.640141,TARE
8.054000,0.407452,-0.202750,-0.096064,0.000015,0.000142,0.000078,-3.638411,TARE
8.055000,0.407448,-0.202751,-0.096065,-0.000792,-0.000410,0.000041,-3.635942,TARE
8.056000,0.407453,-0.202751,-0.096063,0.001150,-0.000890,0.000858,-3.632683,TARE
8.057000,0.407451,-0.202751,-0.096064,-0.000144,-0.000812,0.000358,-3.628630,TARE
8.058000,0.407451,-0.202752,-0.096064,-0.000677,-0.001226,-0.000085,-3.623815,TARE
8.059000,0.407452,-0.202751,-0.096063,-0.000440,-0.000527,0.000034,-3.618320,TARE
8.060000,0.407453,-0.202752,-0.096062,-0.000145,-0.000371,0.000011,-3.612275,TARE
8.061000,0.407454,-0.202749,-0.096062,0.000130,0.000410,-0.000065,-3.605852,TARE
8.062000,0.407455,-0.202753,-0.096061,-0.000187,-0.000588,0.000121,-3.599234,TARE
8.063000,0.407454,-0.202755,-0.096061,0.000279,-0.000931,0.000436,-3.592600,TARE
8.064000,0.407451,-0.202753,-0.096063,-0.001119,-0.000008,-0.000506,-3.586097,TARE
8.065000,0.407451,-0.202753,-0.096064,-0.000571,-0.000088,-0.000491,-3.579860,TARE
8.066000,0.407455,-0.202754,-0.096061,0.000878,-0.000654,0.000624,-3.574028,TARE
8.067000,0.407453,-0.202752,-0.096062,-0.000614,0.000222,-0.000178,-3.568729,TARE
8.068000,0.407454,-0.202753,-0.096062,-0.000209,0.000081,0.000020,-3.564040,TARE
8.069000,0.407453,-0.202752,-0.096062,-0.001094,0.000590,-0.000569,-3.559987,TARE
8.070000,0.407454,-0.202753,-0.096061,-0.000165,0.000146,0.000050,-3.556568,TARE
8.071000,0.407454,-0.202754,-0.096062,0.000240,-0.000309,-0.000055,-3.553770,TARE
8.072000,0.407455,-0.202753,-0.096061,0.000180,0.000032,-0.000148,-3.551575,TARE
8.073000,0.407455,-0.202753,-0.096061,0.000041,0.000033,-0.000153,-3.549972,TARE
8.074000,0.407456,-0.202752,-0.096061,0.000165,0.000248,-0.000034,-3.548953,TARE
8.075000,0.407452,-0.202751,-0.096063,-0.001835,0.000531,-0.001085,-3.548505,TARE
8.076000,0.407455,-0.202753,-0.096061,0.000252,-0.000249,0.000109,-3.548614,TARE
8.077000,0.407454,-0.202752,-0.096062,-0.000544,0.000017,-0.000333,-3.549257,TARE
8.078000,0.407451,-0.202754,-0.096063,-0.001898,-0.000531,-0.000934,-3.550391,TARE
8.079000,0.407455,-0.202752,-0.096062,-0.000349,0.000337,-0.000421,-3.551968,TARE
8.080000,0.407453,-0.202754,-0.096062,-0.001205,-0.000403,-0.000648,-3.553949,TARE
8.081000,0.407459,-0.202752,-0.096060,0.000464,0.000453,-0.000074,-3.556308,TARE
8.082000,0.407456,-0.202754,-0.096061,0.000132,-0.000188,-0.000046,-3.559003,TARE
8.083000,0.407452,-0.202753,-0.096064,-0.000430,0.000198,-0.000671,-3.561961,TARE
8.084000,0.407457,-0.202753,-0.096061,0.000667,0.000326,0.000041,-3.565088,TARE
8.085000,0.407450,-0.202750,-0.096064,-0.000756,0.001005,-0.000953,-3.568294,TARE
8.086000,0.407453,-0.202753,-0.096062,0.000590,-0.000149,-0.000077,-3.571501,TARE
8.087000,0.407455,-0.202752,-0.096062,0.001322,0.000295,-0.000102,-3.574655,TARE
8.088000,0.407454,-0.202752,-0.096062,0.000552,0.000329,-0.000161,-3.577714,TARE
8.089000,0.407452,-0.202752,-0.096063,-0.000536,0.000429,-0.000672,-3.580642,TARE
8.090000,0.407453,-0.202757,-0.096062,-0.000637,-0.001178,-0.000108,-3.583400,TARE
8.091000,0.407452,-0.202751,-0.096064,-0.000880,0.000662,-0.000800,-3.585959,TARE
8.092000,0.407456,-0.202752,-0.096061,0.000697,0.000182,0.000306,-3.588302,TARE
8.093000,0.407451,-0.202752,-0.096063,-0.000564,-0.000283,-0.000183,-3.590409,TARE
8.094000,0.407455,-0.202753,-0.096061,0.000962,-0.000893,0.000760,-3.592231,TARE
8.095000,0.407452,-0.202752,-0.096063,-0.000573,-0.000352,-0.000160,-3.593691,TARE
8.096000,0.407453,-0.202750,-0.096063,-0.000573,0.000183,-0.000386,-3.594712,TARE
8.097000,0.407450,-0.202753,-0.096064,-0.000262,-0.000762,0.000173,-3.595252,TARE
8.098000,0.407449,-0.202754,-0.096065,0.000000,-0.001238,0.000390,-3.595314,TARE
8.099000,0.407449,-0.202753,-0.096065,-0.000129,-0.000287,0.000096,-3.594914,TARE
8.100000,0.407452,-0.202751,-0.096063,0.000245,0.000284,0.000171,-3.594062,TARE
8.101000,0.407457,-0.202752,-0.096061,0.001178,0.000058,0.000567,-3.592762,TARE
8.102000,0.407452,-0.202751,-0.096063,-0.000806,0.000137,-0.000417,-3.591013,TARE
8.103000,0.407450,-0.202750,-0.096065,-0.001083,0.000432,-0.000805,-3.588837,TARE
8.104000,0.407450,-0.202750,-0.096065,-0.000630,0.000517,-0.000587,-3.586317,TARE
8.105000,0.407450,-0.202751,-0.096065,-0.000382,0.000389,-0.000391,-3.583601,TARE
8.106000,0.407452,-0.202752,-0.096064,-0.000025,-0.000062,-0.000104,-3.580866,TARE
8.107000,0.407452,-0.202753,-0.096063,0.000274,-0.000523,0.000430,-3.578258,TARE
8.108000,0.407453,-0.202751,-0.096063,0.000684,0.000065,0.000419,-3.575854,TARE
8.109000,0.407451,-0.202750,-0.096065,0.000603,0.000749,0.000041,-3.573650,TARE
8.110000,0.407452,-0.202751,-0.096064,0.000514,0.000013,0.000170,-3.571603,TARE
8.111000,0.407450,-0.202753,-0.096064,-0.000317,-0.000041,-0.000279,-3.569673,TARE
8.112000,0.407448,-0.202751,-0.096067,-0.000660,0.000398,-0.000744,-3.567857,TARE
8.113000,0.407449,-0.202752,-0.096065,0.000224,0.000213,0.000125,-3.566203,TARE
8.114000,0.407452,-0.202752,-0.096063,0.000625,-0.000059,0.000508,-3.564773,TARE
8.115000,0.407453,-0.202753,-0.096062,0.001338,-0.000270,0.000902,-3.563582,TARE
8.116000,0.407453,-0.202752,-0.096063,0.000853,-0.000175,0.000536,-3.562563,TARE
8.117000,0.407453,-0.202752,-0.096062,0.001082,0.000131,0.000781,-3.561598,TARE
8.118000,0.407452,-0.202752,-0.096064,-0.000097,0.000204,-0.000354,-3.560569,TARE
8.119000,0.407454,-0.202750,-0.096063,-0.000220,0.000600,-0.000247,-3.559411,TARE
8.120000,0.407456,-0.202753,-0.096061,0.000801,-0.000397,0.000429,-3.558136,TARE
8.121000,0.407455,-0.202752,-0.096061,0.000344,-0.000241,0.000522,-3.556806,TARE
8.122000,0.407454,-0.202752,-0.096063,-0.000524,-0.000632,-0.000127,-3.555483,TARE
8.123000,0.407455,-0.202751,-0.096062,-0.000234,0.000028,-0.000262,-3.554221,TARE
8.124000,0.407453,-0.202753,-0.096063,-0.000451,-0.000477,-0.000226,-3.553084,TARE
8.125000,0.407456,-0.202752,-0.096062,0.000658,-0.000036,0.000196,-3.552155,TARE
8.126000,0.407454,-0.202751,-0.096063,0.000230,0.000658,-0.000207,-3.551513,TARE
8.127000,0.407455,-0.202752,-0.096062,0.000425,0.000306,0.000058,-3.551219,TARE
8.128000,0.407452,-0.202753,-0.096064,-0.000111,0.000445,-0.000326,-3.551305,TARE
8.129000,0.407454,-0.202751,-0.096063,0.000345,0.000679,-0.000013,-3.551781,TARE
8.130000,0.407456,-0.202752,-0.096061,0.001222,-0.000002,0.000690,-3.552635,TARE
8.131000,0.407451,-0.202751,-0.096064,0.000160,0.000437,0.000015,-3.553815,TARE
8.132000,0.407451,-0.202750,-0.096065,0.000301,0.000524,-0.000182,-3.555233,TARE
8.133000,0.407450,-0.202754,-0.096064,0.000362,-0.000835,0.000254,-3.556802,TARE
8.134000,0.407457,-0.202753,-0.096061,0.002273,-0.000425,0.001249,-3.558456,TARE
8.135000,0.407451,-0.202753,-0.096065,-0.000026,-0.000546,-0.000196,-3.560134,TARE
8.136000,0.407451,-0.202753,-0.096064,0.000310,-0.000216,0.000030,-3.561778,TARE
8.137000,0.407454,-0.202754,-0.096062,0.000832,-0.000864,0.000589,-3.563360,TARE
8.138000,0.407451,-0.202753,-0.096064,0.000696,0.000033,0.000338,-3.564869,TARE
8.139000,0.407448,-0.202754,-0.096065,0.000116,-0.000420,0.000181,-3.566280,TARE
8.140000,0.407450,-0.202751,-0.096065,-0.000377,0.000720,-0.000182,-3.567564,TARE
8.141000,0.407453,-0.202753,-0.096062,0.000809,0.000501,0.000560,-3.568706,TARE
8.142000,0.407450,-0.202753,-0.096064,-0.000537,0.000335,-0.000349,-3.569709,TARE
8.143000,0.407453,-0.202754,-0.096063,0.000231,0.000186,-0.000045,-3.570592,TARE
8.144000,0.407451,-0.202753,-0.096064,-0.000339,0.000466,-0.000490,-3.571406,TARE
8.145000,0.407450,-0.202756,-0.096065,-0.000802,-0.000626,-0.000456,-3.572245,TARE
8.146000,0.407453,-0.202752,-0.096062,0.000855,0.001007,0.000314,-3.573222,TARE
8.147000,0.407455,-0.202752,-0.096061,0.000567,0.000766,0.000295,-3.574418,TARE
8.148000,0.407455,-0.202751,-0.096062,0.000532,0.000656,0.000178,-3.575845,TARE
8.149000,0.407455,-0.202753,-0.096061,0.001579,-0.000153,0.000962,-3.577446,TARE
8.150000,0.407454,-0.202752,-0.096061,0.000502,0.000275,0.000398,-3.579121,TARE
8.151000,0.407456,-0.202754,-0.096060,0.000957,-0.000221,0.000697,-3.580737,TARE
8.152000,0.407455,-0.202752,-0.096062,-0.000073,0.000534,-0.000404,-3.582164,TARE
8.153000,0.407455,-0.202752,-0.096061,0.000564,0.000422,0.000390,-3.583314,TARE
8.154000,0.407453,-0.202752,-0.096062,-0.000211,0.000934,0.000037,-3.584161,TARE
8.155000,0.407452,-0.202753,-0.096063,-0.000533,0.000616,-0.000330,-3.584710,TARE
8.156000,0.407452,-0.202753,-0.096063,-0.000352,0.000596,-0.000279,-3.584985,TARE
8.157000,0.407450,-0.202753,-0.096064,-0.001074,0.000234,-0.000582,-3.585052,TARE
8.158000,0.407452,-0.202754,-0.096063,0.000306,-0.000345,0.000158,-3.585022,TARE
8.159000,0.407456,-0.202754,-0.096060,0.001530,-0.000175,0.001148,-3.585005,TARE
8.160000,0.407456,-0.202754,-0.096060,0.001345,-0.000428,0.001102,-3.585043,TARE
8.161000,0.407457,-0.202751,-0.096061,0.001444,0.000698,0.000617,-3.585072,TARE
8.162000,0.407453,-0.202753,-0.096063,-0.000136,0.000065,-0.000038,-3.584971,TARE
8.163000,0.407455,-0.202753,-0.096061,0.000500,0.000025,0.000488,-3.584640,TARE
8.164000,0.407454,-0.202750,-0.096063,-0.000108,0.001159,-0.000366,-3.584039,TARE
8.165000,0.407455,-0.202754,-0.096061,0.000327,-0.000375,0.000584,-3.583179,TARE
8.166000,0.407454,-0.202754,-0.096061,-0.000576,-0.000475,0.000090,-3.582105,TARE
8.167000,0.407456,-0.202751,-0.096061,-0.000058,0.001224,-0.000141,-3.580869,TARE
8.168000,0.407458,-0.202753,-0.096060,0.000462,0.000338,0.000166,-3.579523,TARE
8.169000,0.407453,-0.202751,-0.096063,-0.001251,0.000943,-0.001043,-3.578130,TARE
8.170000,0.407453,-0.202751,-0.096063,-0.001065,0.001161,-0.001111,-3.576785,TARE
8.171000,0.407452,-0.202753,-0.096063,-0.001164,0.000258,-0.000715,-3.575637,TARE
8.172000,0.407453,-0.202752,-0.096062,0.000296,0.000712,0.000092,-3.574847,TARE
8.173000,0.407452,-0.202752,-0.096064,-0.000107,0.000420,-0.000409,-3.574534,TARE
8.174000,0.407451,-0.202752,-0.096063,-0.000024,0.000356,-0.000146,-3.574737,TARE
8.175000,0.407455,-0.202751,-0.096062,0.001585,0.000725,0.000410,-3.575440,TARE
8.176000,0.407454,-0.202753,-0.096062,0.000758,0.000176,0.000004,-3.576575,TARE
8.177000,0.407453,-0.202752,-0.096062,-0.000124,0.000390,-0.000282,-3.578038,TARE
8.178000,0.407454,-0.202749,-0.096063,0.000301,0.001254,-0.000389,-3.579722,TARE
8.179000,0.407452,-0.202750,-0.096064,-0.000068,0.000595,-0.000362,-3.581553,TARE
8.180000,0.407452,-0.202752,-0.096063,-0.000265,-0.000114,-0.000164,-3.583488,TARE
8.181000,0.407458,-0.202752,-0.096060,0.001461,-0.000125,0.000982,-3.585489,TARE
8.182000,0.407453,-0.202750,-0.096063,-0.000145,0.000522,-0.000334,-3.587491,TARE
8.183000,0.407451,-0.202751,-0.096064,-0.000451,0.000123,-0.000163,-3.589400,TARE
8.184000,0.407449,-0.202751,-0.096065,-0.000916,0.000280,-0.000693,-3.591143,TARE
8.185000,0.407453,-0.202753,-0.096063,0.000490,-0.000423,0.000345,-3.592697,TARE
8.186000,0.407453,-0.202751,-0.096063,0.000037,-0.000079,0.000003,-3.594071,TARE
8.187000,0.407452,-0.202750,-0.096063,-0.000849,0.000299,-0.000415,-3.595277,TARE
8.188000,0.407454,-0.202752,-0.096062,0.000477,-0.000495,0.000391,-3.596315,TARE
8.189000,0.407455,-0.202750,-0.096062,0.001176,-0.000070,0.000581,-3.597177,TARE
8.190000,0.407450,-0.202750,-0.096065,-0.000493,-0.000112,-0.000469,-3.597848,TARE
8.191000,0.407451,-0.202750,-0.096065,-0.000416,0.000116,-0.000255,-3.598329,TARE
8.192000,0.407456,-0.202751,-0.096062,0.000748,-0.000724,0.000410,-3.598659,TARE
8.193000,0.407457,-0.202752,-0.096061,0.001189,-0.000706,0.000677,-3.598883,TARE
8.194000,0.407454,-0.202752,-0.096063,0.000103,-0.000612,-0.000064,-3.599021,TARE
8.195000,0.407453,-0.202752,-0.096063,-0.000556,-0.000217,-0.000452,-3.599070,TARE
8.196000,0.407454,-0.202750,-0.096063,0.000106,0.000034,-0.000004,-3.599050,TARE
8.197000,0.407454,-0.202752,-0.096062,0.000031,-0.000648,0.000055,-3.599008,TARE
8.198000,0.407453,-0.202753,-0.096063,-0.000185,-0.000714,-0.000291,-3.598993,TARE
8.199000,0.407453,-0.202753,-0.096062,-0.000493,-0.000815,0.000032,-3.599053,TARE
8.200000,0.407453,-0.202751,-0.096063,-0.000344,-0.000199,-0.000385,-3.599232,TARE
8.201000,0.407456,-0.202750,-0.096061,0.000313,0.000061,0.000102,-3.599554,TARE
8.202000,0.407455,-0.202753,-0.096061,-0.000097,-0.001137,0.000187,-3.600026,TARE
8.203000,0.407454,-0.202751,-0.096063,-0.000549,0.000106,-0.000612,-3.600627,TARE
8.204000,0.407451,-0.202752,-0.096064,-0.000929,-0.000355,-0.000769,-3.601339,TARE
8.205000,0.407450,-0.202752,-0.096065,-0.001443,-0.000258,-0.000963,-3.602190,TARE
8.206000,0.407452,-0.202751,-0.096063,-0.000488,-0.000267,-0.000318,-3.603254,TARE
8.207000,0.407455,-0.202752,-0.096062,0.000421,-0.000460,0.000042,-3.604604,TARE
8.208000,0.407455,-0.202753,-0.096061,0.000492,-0.000654,0.000288,-3.606261,TARE
8.209000,0.407451,-0.202753,-0.096064,-0.000834,-0.000521,-0.000490,-3.608178,TARE
8.210000,0.407452,-0.202755,-0.096063,-0.000127,-0.000782,0.000086,-3.610259,TARE
8.211000,0.407451,-0.202754,-0.096064,-0.000679,-0.000326,-0.000477,-3.612392,TARE
8.212000,0.407451,-0.202754,-0.096063,-0.000334,-0.000019,-0.000091,-3.614467,TARE
8.213000,0.407452,-0.202753,-0.096063,-0.000481,0.000349,-0.000321,-3.616393,TARE
8.214000,0.407453,-0.202754,-0.096062,0.000466,-0.000260,0.000354,-3.618093,TARE
8.215000,0.407451,-0.202754,-0.096063,-0.000264,0.000077,-0.000158,-3.619504,TARE
8.216000,0.407450,-0.202752,-0.096065,-0.000503,0.000498,-0.000417,-3.620570,TARE
8.217000,0.407452,-0.202752,-0.096063,0.000538,-0.000034,0.000141,-3.621256,TARE
8.218000,0.407449,-0.202753,-0.096065,-0.000006,-0.000250,-0.000083,-3.621553,TARE
8.219000,0.407450,-0.202752,-0.096064,0.000169,0.000415,-0.000119,-3.621472,TARE
8.220000,0.407448,-0.202751,-0.096065,-0.000818,0.000457,-0.000344,-3.621045,TARE
8.221000,0.407452,-0.202752,-0.096063,0.000335,-0.000131,0.000251,-3.620317,TARE
8.222000,0.407448,-0.202753,-0.096066,-0.000785,-0.000481,-0.000473,-3.619332,TARE
8.223000,0.407450,-0.202755,-0.096063,0.000225,-0.000797,0.000143,-3.618134,TARE
8.224000,0.407449,-0.202753,-0.096065,-0.000098,-0.000217,-0.000224,-3.616777,TARE
8.225000,0.407448,-0.202753,-0.096066,0.000015,-0.000290,-0.000058,-3.615325,TARE
8.226000,0.407449,-0.202755,-0.096063,0.000403,-0.000796,0.000725,-3.613826,TARE
8.227000,0.407452,-0.202753,-0.096063,0.000628,0.000078,0.000225,-3.612275,TARE
8.228000,0.407450,-0.202753,-0.096064,-0.000291,-0.000197,-0.000142,-3.610622,TARE
8.229000,0.407447,-0.202754,-0.096065,-0.001965,-0.000085,-0.000834,-3.608827,TARE
8.230000,0.407448,-0.202753,-0.096065,-0.001183,0.000362,-0.000833,-3.606916,TARE
8.231000,0.407454,-0.202754,-0.096062,0.000708,0.000128,0.000456,-3.604977,TARE
8.232000,0.407453,-0.202752,-0.096062,0.000168,0.001099,0.000049,-3.603103,TARE
8.233000,0.407454,-0.202753,-0.096061,0.000955,0.000039,0.000698,-3.601324,TARE
8.234000,0.407454,-0.202751,-0.096063,0.000088,0.000954,-0.000440,-3.599603,TARE
8.235000,0.407455,-0.202754,-0.096061,0.000484,-0.000012,0.000294,-3.597888,TARE
8.236000,0.407452,-0.202753,-0.096063,-0.000676,0.000182,-0.000382,-3.596154,TARE
8.237000,0.407452,-0.202754,-0.096063,-0.000435,-0.000151,-0.000003,-3.594409,TARE
8.238000,0.407454,-0.202754,-0.096061,-0.000039,-0.000148,0.000250,-3.592674,TARE
8.239000,0.407453,-0.202754,-0.096061,-0.000505,-0.000060,-0.000047,-3.590950,TARE
8.240000,0.407459,-0.202753,-0.096060,0.001759,0.000096,0.000730,-3.589205,TARE
8.241000,0.407454,-0.202752,-0.096062,-0.000586,0.000861,-0.000491,-3.587394,TARE
8.242000,0.407457,-0.202754,-0.096060,-0.000111,-0.000230,0.000170,-3.585478,TARE
8.243000,0.407455,-0.202753,-0.096062,-0.000530,0.000475,-0.000433,-3.583449,TARE
8.244000,0.407454,-0.202754,-0.096061,-0.000143,-0.000441,0.000106,-3.581332,TARE
8.245000,0.407455,-0.202752,-0.096062,-0.000234,0.000107,0.000066,-3.579171,TARE
8.246000,0.407453,-0.202751,-0.096062,-0.001160,0.000488,-0.000497,-3.577014,TARE
8.247000,0.407454,-0.202753,-0.096061,-0.000515,-0.000269,0.000107,-3.574894,TARE
8.248000,0.407453,-0.202751,-0.096063,-0.000437,0.000566,-0.000183,-3.572827,TARE
8.249000,0.407452,-0.202752,-0.096064,-0.000786,-0.000055,-0.000342,-3.570821,TARE
8.250000,0.407455,-0.202755,-0.096061,-0.000290,-0.001014,0.000333,-3.568882,TARE
8.251000,0.407457,-0.202753,-0.096060,0.001369,-0.000280,0.000965,-3.567016,TARE
8.252000,0.407452,-0.202751,-0.096063,-0.000762,0.000147,-0.000200,-3.565195,TARE
8.253000,0.407449,-0.202752,-0.096065,-0.001967,-0.000247,-0.001100,-3.563374,TARE
8.254000,0.407452,-0.202752,-0.096063,-0.000138,-0.000034,0.000008,-3.561555,TARE
8.255000,0.407452,-0.202751,-0.096063,0.000374,0.000269,0.000454,-3.559804,TARE
8.256000,0.407447,-0.202751,-0.096066,-0.001183,0.000071,-0.000776,-3.558186,TARE
8.257000,0.407450,-0.202752,-0.096064,0.000570,-0.000446,0.000487,-3.556731,TARE
8.258000,0.407450,-0.202753,-0.096064,0.000576,-0.000662,0.000488,-3.555457,TARE
8.259000,0.407450,-0.202752,-0.096064,0.000679,-0.000146,0.000311,-3.554364,TARE
8.260000,0.407448,-0.202753,-0.096065,0.000018,-0.000293,0.000078,-3.553436,TARE
8.261000,0.407449,-0.202751,-0.096064,0.000727,0.000192,0.000806,-3.552651,TARE
8.262000,0.407447,-0.202753,-0.096066,0.000128,-0.000292,0.000150,-3.551973,TARE
8.263000,0.407450,-0.202753,-0.096064,0.001350,-0.000029,0.001004,-3.551347,TARE
8.264000,0.407451,-0.202752,-0.096064,0.001073,0.000331,0.000674,-3.550704,TARE
8.265000,0.407449,-0.202752,-0.096064,0.000407,0.000263,0.000419,-3.549969,TARE
8.266000,0.407450,-0.202752,-0.096064,0.000523,0.000639,0.000058,-3.549078,TARE
8.267000,0.407448,-0.202751,-0.096066,-0.000915,0.001152,-0.000737,-3.548024,TARE
8.268000,0.407453,-0.202751,-0.096062,0.000664,0.001112,0.000299,-3.546875,TARE
8.269000,0.407453,-0.202752,-0.096064,0.000259,0.000656,-0.000189,-3.545748,TARE
8.270000,0.407454,-0.202752,-0.096062,0.000536,0.000543,0.000267,-3.544757,TARE
8.271000,0.407449,-0.202750,-0.096065,-0.000315,0.000919,-0.000521,-3.543991,TARE
8.272000,0.407452,-0.202751,-0.096064,0.000517,0.000485,0.000208,-3.543523,TARE
8.273000,0.407452,-0.202749,-0.096064,0.000427,0.000884,0.000081,-3.543415,TARE
8.274000,0.407451,-0.202751,-0.096063,-0.000051,0.000165,-0.000023,-3.543698,TARE
8.275000,0.407455,-0.202751,-0.096063,0.000724,0.000145,0.000123,-3.544372,TARE
8.276000,0.407455,-0.202751,-0.096062,0.001027,0.000196,0.000592,-3.545418,TARE
8.277000,0.407453,-0.202749,-0.096064,0.000531,0.000904,-0.000096,-3.546793,TARE
8.278000,0.407450,-0.202749,-0.096065,-0.000903,0.000850,-0.000396,-3.548440,TARE
8.279000,0.407455,-0.202751,-0.096062,0.000954,0.000165,0.000333,-3.550301,TARE
8.280000,0.407453,-0.202754,-0.096063,-0.000129,-0.000670,0.000124,-3.552330,TARE
8.281000,0.407454,-0.202752,-0.096062,-0.000097,0.000376,0.000106,-3.554487,TARE
8.282000,0.407454,-0.202752,-0.096062,0.000453,0.000084,0.000192,-3.556729,TARE
8.283000,0.407456,-0.202752,-0.096061,0.000991,-0.000181,0.000605,-3.559004,TARE
8.284000,0.407455,-0.202752,-0.096062,0.000061,-0.000163,0.000001,-3.561254,TARE
8.285000,0.407450,-0.202751,-0.096064,-0.001639,0.000183,-0.000781,-3.563435,TARE
8.286000,0.407452,-0.202749,-0.096064,-0.000928,0.000813,-0.000918,-3.565543,TARE
8.287000,0.407458,-0.202753,-0.096059,0.002016,-0.000638,0.001545,-3.567625,TARE
8.288000,0.407456,-0.202751,-0.096061,0.001659,0.000039,0.000990,-3.569696,TARE
8.289000,0.407453,-0.202753,-0.096062,0.000210,-0.000804,0.000600,-3.571671,TARE
8.290000,0.407451,-0.202751,-0.096065,-0.000310,-0.000218,-0.000221,-3.573391,TARE
8.291000,0.407448,-0.202750,-0.096066,-0.001546,-0.000035,-0.000794,-3.574736,TARE
8.292000,0.407455,-0.202752,-0.096062,0.000953,-0.000616,0.000678,-3.575687,TARE
8.293000,0.407452,-0.202753,-0.096063,-0.000082,-0.000267,-0.000025,-3.576301,TARE
8.294000,0.407453,-0.202751,-0.096063,0.000262,0.000004,0.000069,-3.576651,TARE
8.295000,0.407452,-0.202752,-0.096064,-0.000323,-0.000095,-0.000452,-3.576810,TARE
8.296000,0.407452,-0.202753,-0.096064,-0.000216,-0.000913,-0.000089,-3.576868,TARE
8.297000,0.407452,-0.202752,-0.096063,0.000565,0.000005,0.000329,-3.576928,TARE
8.298000,0.407450,-0.202752,-0.096065,-0.000173,-0.000035,-0.000343,-3.577064,TARE
8.299000,0.407452,-0.202753,-0.096062,0.000346,-0.000006,0.000592,-3.577306,TARE
8.300000,0.407456,-0.202751,-0.096061,0.001628,0.000605,0.001023,-3.577629,TARE
8.301000,0.407451,-0.202752,-0.096064,-0.000671,0.000446,-0.000610,-3.577946,TARE
8.302000,0.407451,-0.202752,-0.096064,-0.000857,0.000313,-0.000397,-3.578150,TARE
8.303000,0.407451,-0.202752,-0.096063,-0.000122,0.000315,0.000070,-3.578187,TARE
8.304000,0.407451,-0.202752,-0.096064,-0.000149,0.000112,-0.000269,-3.578063,TARE
8.305000,0.407451,-0.202752,-0.096064,0.000211,-0.000018,0.000183,-3.577807,TARE
8.306000,0.407452,-0.202754,-0.096063,-0.000035,-0.000511,0.000249,-3.577455,TARE
8.307000,0.407453,-0.202753,-0.096063,0.000893,-0.000448,0.000394,-3.577039,TARE
8.308000,0.407452,-0.202752,-0.096064,0.000367,0.000126,0.000217,-3.576582,TARE
8.309000,0.407454,-0.202754,-0.096062,0.000343,-0.000788,0.000427,-3.576106,TARE
8.310000,0.407450,-0.202752,-0.096065,-0.001155,0.000003,-0.000794,-3.575646,TARE
8.311000,0.407450,-0.202753,-0.096064,-0.000971,0.000075,-0.000411,-3.575254,TARE
8.312000,0.407452,-0.202752,-0.096063,-0.000040,0.000709,-0.000323,-3.575008,TARE
8.313000,0.407453,-0.202754,-0.096062,0.000893,-0.000456,0.000381,-3.574993,TARE
8.314000,0.407449,-0.202752,-0.096065,-0.000484,0.000473,-0.000523,-3.575270,TARE
8.315000,0.407454,-0.202752,-0.096062,0.001293,0.000777,0.000323,-3.575869,TARE
8.316000,0.407451,-0.202751,-0.096065,0.000736,0.000685,-0.000135,-3.576787,TARE
8.317000,0.407452,-0.202755,-0.096063,0.001071,-0.000494,0.000564,-3.577992,TARE
8.318000,0.407450,-0.202753,-0.096064,-0.000301,0.000781,-0.000192,-3.579425,TARE
8.319000,0.407449,-0.202755,-0.096065,-0.000642,0.000075,-0.000472,-3.581018,TARE
8.320000,0.407452,-0.202753,-0.096063,0.000540,0.000266,0.000299,-3.582706,TARE
8.321000,0.407453,-0.202752,-0.096063,0.000623,0.000947,0.000239,-3.584432,TARE
8.322000,0.407454,-0.202752,-0.096062,0.000808,0.000769,0.000206,-3.586130,TARE
8.323000,0.407453,-0.202754,-0.096062,0.000180,-0.000342,0.000049,-3.587726,TARE
8.324000,0.407452,-0.202751,-0.096064,0.000158,0.000987,-0.000211,-3.589167,TARE
8.325000,0.407451,-0.202753,-0.096064,0.000190,0.000236,-0.000010,-3.590437,TARE
8.326000,0.407450,-0.202752,-0.096064,0.000584,0.000674,0.000162,-3.591541,TARE
8.327000,0.407452,-0.202751,-0.096063,0.000777,0.000783,0.000109,-3.592477,TARE
8.328000,0.407449,-0.202752,-0.096065,-0.000664,0.000255,-0.000652,-3.593239,TARE
8.329000,0.407455,-0.202752,-0.096062,0.001268,0.000140,0.000591,-3.593840,TARE
8.330000,0.407454,-0.202751,-0.096062,0.000907,0.000313,0.000381,-3.594307,TARE
8.331000,0.407456,-0.202751,-0.096061,0.001367,0.000255,0.000623,-3.594655,TARE
8.332000,0.407451,-0.202749,-0.096065,-0.000470,0.000631,-0.000725,-3.594876,TARE
8.333000,0.407453,-0.202751,-0.096062,0.000158,-0.000263,0.000302,-3.594980,TARE
8.334000,0.407452,-0.202753,-0.096064,-0.000485,-0.000372,-0.000314,-3.595011,TARE
8.335000,0.407449,-0.202751,-0.096064,-0.001141,0.000624,-0.000555,-3.595030,TARE
8.336000,0.407450,-0.202752,-0.096065,-0.001070,-0.000424,-0.000460,-3.595095,TARE
8.337000,0.407452,-0.202752,-0.096063,-0.000094,-0.000093,0.000353,-3.595261,TARE
8.338000,0.407449,-0.202752,-0.096064,-0.000646,-0.000333,-0.000040,-3.595547,TARE
8.339000,0.407453,-0.202752,-0.096063,0.001228,-0.000521,0.000789,-3.595917,TARE
8.340000,0.407450,-0.202752,-0.096065,-0.000414,-0.000956,0.000037,-3.596289,TARE
8.341000,0.407450,-0.202752,-0.096064,-0.000652,-0.000606,0.000060,-3.596580,TARE
8.342000,0.407453,-0.202753,-0.096063,0.000090,-0.000704,0.000367,-3.596728,TARE
8.343000,0.407455,-0.202753,-0.096061,0.000791,-0.000489,0.000570,-3.596685,TARE
8.344000,0.407454,-0.202750,-0.096063,0.000291,0.000810,0.000019,-3.596408,TARE
8.345000,0.407451,-0.202751,-0.096064,0.000024,0.000191,-0.000214,-3.595874,TARE
8.346000,0.407445,-0.202752,-0.096067,-0.002135,-0.000062,-0.001352,-3.595111,TARE
8.347000,0.407452,-0.202753,-0.096063,0.001671,-0.000621,0.001203,-3.594223,TARE
8.348000,0.407446,-0.202754,-0.096066,-0.000689,-0.000860,-0.000192,-3.593329,TARE
8.349000,0.407451,-0.202753,-0.096064,0.001152,-0.000603,0.000768,-3.592494,TARE
8.350000,0.407449,-0.202751,-0.096065,0.000716,0.000161,0.000142,-3.591717,TARE
8.351000,0.407452,-0.202751,-0.096063,0.001432,0.000191,0.000994,-3.590968,TARE
8.352000,0.407452,-0.202752,-0.096063,0.000799,-0.000357,0.000507,-3.590194,TARE
8.353000,0.407449,-0.202750,-0.096066,-0.000801,0.000340,-0.000898,-3.589332,TARE
8.354000,0.407454,-0.202752,-0.096062,0.001435,-0.000303,0.000900,-3.588357,TARE
8.355000,0.407451,-0.202754,-0.096063,0.000450,-0.001076,0.000458,-3.587296,TARE
8.356000,0.407455,-0.202751,-0.096061,0.001472,0.000271,0.000707,-3.586171,TARE
8.357000,0.407452,-0.202752,-0.096063,0.000022,0.000020,-0.000171,-3.584982,TARE
8.358000,0.407453,-0.202751,-0.096063,0.000046,0.000460,-0.000182,-3.583732,TARE
8.359000,0.407454,-0.202753,-0.096062,0.000481,-0.000051,0.000233,-3.582465,TARE
8.360000,0.407454,-0.202753,-0.096062,0.000915,-0.000262,0.000207,-3.581254,TARE
8.361000,0.407454,-0.202751,-0.096062,0.001118,0.000465,0.000469,-3.580167,TARE
8.362000,0.407453,-0.202751,-0.096063,0.000974,0.000519,0.000062,-3.579244,TARE
8.363000,0.407450,-0.202753,-0.096064,-0.000523,-0.000250,-0.000307,-3.578499,TARE
8.364000,0.407452,-0.202753,-0.096063,0.000165,-0.000254,-0.000058,-3.577945,TARE
8.365000,0.407451,-0.202752,-0.096064,0.000097,-0.000227,-0.000227,-3.577607,TARE
8.366000,0.407451,-0.202751,-0.096065,0.000207,0.000560,-0.000412,-3.577535,TARE
8.367000,0.407453,-0.202752,-0.096062,0.000294,-0.000114,0.000380,-3.577784,TARE
8.368000,0.407453,-0.202753,-0.096062,0.000589,-0.000473,0.000511,-3.578372,TARE
8.369000,0.407450,-0.202751,-0.096065,-0.000209,0.000426,-0.000556,-3.579246,TARE
8.370000,0.407454,-0.202752,-0.096063,0.001459,0.000200,0.000378,-3.580317,TARE
8.371000,0.407455,-0.202753,-0.096061,0.001525,-0.000485,0.001106,-3.581518,TARE
8.372000,0.407454,-0.202754,-0.096061,0.000639,-0.000392,0.000542,-3.582785,TARE
8.373000,0.407452,-0.202752,-0.096062,0.000699,-0.000065,0.000548,-3.584013,TARE
8.374000,0.407455,-0.202754,-0.096061,0.002021,-0.000445,0.001037,-3.585067,TARE
8.375000,0.407453,-0.202752,-0.096063,0.000514,0.000131,-0.000029,-3.585818,TARE
8.376000,0.407453,-0.202751,-0.096063,0.000500,0.000408,0.000267,-3.586184,TARE
8.377000,0.407454,-0.202752,-0.096062,0.000102,-0.000067,-0.000073,-3.586152,TARE
8.378000,0.407455,-0.202753,-0.096062,0.000762,-0.000372,-0.000007,-3.585759,TARE
8.379000,0.407450,-0.202753,-0.096063,-0.001007,-0.000329,-0.000409,-3.585082,TARE
8.380000,0.407453,-0.202752,-0.096062,0.000647,-0.000243,0.000474,-3.584225,TARE
8.381000,0.407452,-0.202755,-0.096063,-0.000065,-0.000996,0.000096,-3.583288,TARE
8.382000,0.407452,-0.202752,-0.096063,0.000036,0.000229,-0.000013,-3.582329,TARE
8.383000,0.407449,-0.202749,-0.096066,-0.001354,0.000766,-0.001376,-3.581392,TARE
8.384000,0.407450,-0.202753,-0.096064,-0.000665,-0.000498,-0.000326,-3.580540,TARE
8.385000,0.407450,-0.202751,-0.096064,-0.000417,-0.000123,-0.000303,-3.579881,TARE
8.386000,0.407454,-0.202751,-0.096062,0.000646,0.000013,0.000181,-3.579513,TARE
8.387000,0.407449,-0.202751,-0.096065,-0.001594,0.000180,-0.000961,-3.579487,TARE
8.388000,0.407451,-0.202752,-0.096063,-0.000709,-0.000350,-0.000223,-3.579815,TARE
8.389000,0.407452,-0.202751,-0.096064,-0.000008,0.000495,-0.000339,-3.580489,TARE
8.390000,0.407453,-0.202752,-0.096062,0.000370,0.000095,0.000589,-3.581485,TARE
8.391000,0.407451,-0.202752,-0.096064,-0.000650,0.000100,-0.000481,-3.582734,TARE
8.392000,0.407452,-0.202752,-0.096063,-0.000017,-0.000112,0.000113,-3.584129,TARE
8.393000,0.407447,-0.202753,-0.096066,-0.001932,-0.000596,-0.001047,-3.585572,TARE
8.394000,0.407450,-0.202753,-0.096064,-0.001034,-0.000636,-0.000344,-3.587024,TARE
8.395000,0.407454,-0.202752,-0.096062,0.000917,0.000136,0.000568,-3.588503,TARE
8.396000,0.407448,-0.202751,-0.096066,-0.000530,-0.000008,-0.000439,-3.590026,TARE
8.397000,0.407452,-0.202750,-0.096064,0.001171,0.000201,0.000399,-3.591578,TARE
8.398000,0.407453,-0.202753,-0.096062,0.000570,-0.000010,0.000379,-3.593117,TARE
8.399000,0.407452,-0.202752,-0.096063,0.000076,0.000023,-0.000037,-3.594581,TARE
8.400000,0.407452,-0.202753,-0.096063,0.000294,-0.000345,0.000210,-3.595898,TARE
8.401000,0.407455,-0.202752,-0.096060,0.002017,-0.000173,0.001360,-3.596989,TARE
8.402000,0.407449,-0.202751,-0.096065,-0.000772,0.000271,-0.000510,-3.597765,TARE
8.403000,0.407454,-0.202754,-0.096062,0.001445,-0.000907,0.000683,-3.598141,TARE
8.404000,0.407452,-0.202753,-0.096063,0.001059,-0.000499,0.000498,-3.598077,TARE
8.405000,0.407453,-0.202752,-0.096062,0.001037,-0.000282,0.000887,-3.597581,TARE
8.406000,0.407455,-0.202751,-0.096062,0.001013,0.000065,0.000490,-3.596673,TARE
8.407000,0.407453,-0.202751,-0.096063,0.000083,0.000242,0.000179,-3.595368,TARE
8.408000,0.407453,-0.202750,-0.096063,0.000172,0.000711,0.000003,-3.593690,TARE
8.409000,0.407448,-0.202751,-0.096065,-0.001427,0.000474,-0.000680,-3.591692,TARE
8.410000,0.407453,-0.202752,-0.096062,0.000549,-0.000100,0.000380,-3.589466,TARE
8.411000,0.407453,-0.202752,-0.096062,0.000119,0.000008,0.000082,-3.587128,TARE
8.412000,0.407451,-0.202750,-0.096064,-0.000047,0.000858,-0.000059,-3.584785,TARE
8.413000,0.407454,-0.202751,-0.096062,0.001377,0.000354,0.000721,-3.582511,TARE
8.414000,0.407452,-0.202752,-0.096063,0.000713,-0.000554,0.000586,-3.580337,TARE
8.415000,0.407453,-0.202751,-0.096063,0.000326,0.000246,0.000293,-3.578253,TARE
8.416000,0.407455,-0.202752,-0.096061,0.001248,-0.000123,0.000909,-3.576225,TARE
8.417000,0.407452,-0.202752,-0.096063,0.000057,0.000005,-0.000008,-3.574212,TARE
8.418000,0.407451,-0.202750,-0.096064,-0.000218,0.000661,-0.000323,-3.572184,TARE
8.419000,0.407456,-0.202750,-0.096062,0.002144,0.000601,0.000880,-3.570153,TARE
8.420000,0.407450,-0.202751,-0.096065,-0.000613,-0.000041,-0.000360,-3.568158,TARE
8.421000,0.407452,-0.202751,-0.096063,0.000742,0.000038,0.000454,-3.566243,TARE
8.422000,0.407450,-0.202752,-0.096064,0.000081,-0.000332,0.000213,-3.564446,TARE
8.423000,0.407448,-0.202752,-0.096065,-0.000014,-0.000169,0.000089,-3.562795,TARE
8.424000,0.407454,-0.202751,-0.096062,0.001582,0.000438,0.001087,-3.561302,TARE
8.425000,0.407446,-0.202753,-0.096066,-0.001229,-0.000213,-0.000679,-3.559949,TARE
8.426000,0.407448,-0.202752,-0.096066,-0.000031,0.000032,-0.000152,-3.558718,TARE
8.427000,0.407450,-0.202754,-0.096064,0.000178,-0.000401,0.000035,-3.557632,TARE
8.428000,0.407452,-0.202754,-0.096063,0.000496,-0.000359,0.000314,-3.556761,TARE
8.429000,0.407448,-0.202754,-0.096064,-0.000335,-0.000438,0.000016,-3.556168,TARE
8.430000,0.407452,-0.202752,-0.096064,0.000437,-0.000095,-0.000151,-3.555891,TARE
8.431000,0.407449,-0.202750,-0.096065,-0.000722,0.000945,-0.000316,-3.555960,TARE
8.432000,0.407451,-0.202750,-0.096065,-0.000406,0.000735,-0.000350,-3.556412,TARE
8.433000,0.407452,-0.202752,-0.096064,0.000426,-0.000186,0.000175,-3.557274,TARE
8.434000,0.407447,-0.202752,-0.096066,-0.000963,-0.000351,-0.000580,-3.558550,TARE
8.435000,0.407453,-0.202752,-0.096063,0.001185,-0.000001,0.000688,-3.560229,TARE
8.436000,0.407451,-0.202753,-0.096063,-0.000278,-0.000027,-0.000120,-3.562278,TARE
8.437000,0.407452,-0.202753,-0.096062,0.000048,-0.000018,0.000010,-3.564637,TARE
8.438000,0.407453,-0.202753,-0.096062,0.000121,-0.000228,0.000139,-3.567229,TARE
8.439000,0.407452,-0.202751,-0.096063,-0.000214,0.000875,-0.000403,-3.569988,TARE
8.440000,0.407451,-0.202751,-0.096064,-0.000734,0.000438,-0.000751,-3.572867,TARE
8.441000,0.407448,-0.202753,-0.096066,-0.001681,-0.000045,-0.001043,-3.575858,TARE
8.442000,0.407453,-0.202753,-0.096063,0.000780,-0.000044,0.000384,-3.578995,TARE
8.443000,0.407451,-0.202754,-0.096063,0.000155,-0.000292,0.000137,-3.582302,TARE
8.444000,0.407454,-0.202750,-0.096062,0.000996,0.000678,0.000277,-3.585742,TARE
8.445000,0.407452,-0.202750,-0.096063,0.000436,0.000239,0.000217,-3.589220,TARE
8.446000,0.407451,-0.202752,-0.096064,0.000067,-0.000353,-0.000163,-3.592621,TARE
8.447000,0.407452,-0.202750,-0.096063,0.000669,0.000797,0.000172,-3.595846,TARE
8.448000,0.407456,-0.202753,-0.096061,0.001123,-0.000780,0.000750,-3.598818,TARE
8.449000,0.407454,-0.202753,-0.096062,0.000108,-0.000431,0.000224,-3.601471,TARE
8.450000,0.407454,-0.202751,-0.096062,-0.000439,-0.000081,-0.000283,-3.603740,TARE
8.451000,0.407456,-0.202753,-0.096060,0.000687,-0.000249,0.000524,-3.605580,TARE
8.452000,0.407453,-0.202752,-0.096063,-0.000443,-0.000158,-0.000526,-3.606979,TARE
8.453000,0.407452,-0.202752,-0.096063,-0.001146,-0.000307,-0.000650,-3.607962,TARE
8.454000,0.407457,-0.202753,-0.096061,0.000979,-0.000247,0.000381,-3.608604,TARE
8.455000,0.407454,-0.202753,-0.096062,0.000277,-0.000302,0.000096,-3.609005,TARE
8.456000,0.407452,-0.202751,-0.096064,-0.000290,0.000504,-0.000453,-3.609247,TARE
8.457000,0.407454,-0.202752,-0.096062,0.000691,-0.000291,0.000536,-3.609372,TARE
8.458000,0.407453,-0.202752,-0.096061,0.000323,-0.000288,0.000715,-3.609380,TARE
8.459000,0.407453,-0.202753,-0.096062,-0.000082,-0.000137,0.000132,-3.609210,TARE
8.460000,0.407452,-0.202754,-0.096063,-0.001110,-0.000664,-0.000538,-3.608774,TARE
8.461000,0.407456,-0.202753,-0.096060,0.000352,-0.000208,0.000602,-3.608022,TARE
8.462000,0.407453,-0.202755,-0.096062,-0.000835,-0.000556,-0.000250,-3.606952,TARE
8.463000,0.407453,-0.202752,-0.096063,-0.000889,0.000437,-0.000674,-3.605585,TARE
8.464000,0.407451,-0.202752,-0.096064,-0.001236,0.000471,-0.001100,-3.603978,TARE
8.465000,0.407453,-0.202753,-0.096062,-0.000712,0.000105,-0.000410,-3.602248,TARE
8.466000,0.407452,-0.202754,-0.096062,-0.000611,-0.000273,-0.000176,-3.600545,TARE
8.467000,0.407450,-0.202753,-0.096064,-0.000850,0.000569,-0.000747,-3.598991,TARE
8.468000,0.407453,-0.202752,-0.096062,-0.000232,0.000885,-0.000623,-3.597655,TARE
8.469000,0.407452,-0.202755,-0.096062,-0.000149,-0.000547,-0.000292,-3.596582,TARE
8.470000,0.407450,-0.202754,-0.096063,-0.000575,-0.000053,-0.000419,-3.595816,TARE
8.471000,0.407450,-0.202751,-0.096064,-0.000801,0.001541,-0.001014,-3.595388,TARE
8.472000,0.407452,-0.202752,-0.096063,0.000264,0.001194,-0.000349,-3.595310,TARE
8.473000,0.407451,-0.202752,-0.096064,-0.000254,0.001318,-0.000836,-3.595580,TARE
8.474000,0.407450,-0.202752,-0.096064,-0.000238,0.000671,-0.000323,-3.596178,TARE
8.475000,0.407450,-0.202752,-0.096064,0.000167,0.000602,0.000052,-3.597059,TARE
8.476000,0.407449,-0.202753,-0.096065,-0.000473,0.000147,-0.000288,-3.598141,TARE
8.477000,0.407449,-0.202752,-0.096065,-0.000170,0.000785,-0.000586,-3.599313,TARE
8.478000,0.407452,-0.202751,-0.096063,0.001007,0.001015,0.000296,-3.600471,TARE
8.479000,0.407451,-0.202751,-0.096064,0.000668,0.000713,-0.000003,-3.601529,TARE
8.480000,0.407451,-0.202750,-0.096064,-0.000084,0.000998,-0.000230,-3.602404,TARE
8.481000,0.407450,-0.202753,-0.096064,-0.000471,0.000541,-0.000373,-3.603023,TARE
8.482000,0.407450,-0.202754,-0.096063,-0.001101,-0.000057,-0.000443,-3.603347,TARE
8.483000,0.407450,-0.202751,-0.096065,-0.000765,0.000656,-0.000896,-3.603380,TARE
8.484000,0.407454,-0.202753,-0.096062,0.001131,-0.000165,0.000361,-3.603169,TARE
8.485000,0.407452,-0.202752,-0.096063,0.000506,0.000541,0.000292,-3.602776,TARE
8.486000,0.407455,-0.202751,-0.096062,0.001340,0.000625,0.000456,-3.602217,TARE
8.487000,0.407452,-0.202749,-0.096063,0.000019,0.001279,-0.000169,-3.601443,TARE
8.488000,0.407448,-0.202751,-0.096065,-0.001122,0.000488,-0.000363,-3.600379,TARE
8.489000,0.407454,-0.202752,-0.096063,0.000612,0.000058,0.000371,-3.598961,TARE
8.490000,0.407452,-0.202751,-0.096064,-0.000413,0.000540,-0.000340,-3.597160,TARE
8.491000,0.407450,-0.202752,-0.096065,-0.000234,0.000154,-0.000272,-3.594981,TARE
8.492000,0.407451,-0.202750,-0.096064,0.000612,0.000412,0.000080,-3.592469,TARE
8.493000,0.407455,-0.202749,-0.096063,0.001850,0.000567,0.000290,-3.589688,TARE
8.494000,0.407450,-0.202750,-0.096065,-0.000300,-0.000052,-0.000751,-3.586708,TARE
8.495000,0.407452,-0.202751,-0.096063,0.000394,-0.000184,0.000123,-3.583620,TARE
8.496000,0.407455,-0.202750,-0.096061,0.001288,0.000588,0.000522,-3.580528,TARE
8.497000,0.407456,-0.202752,-0.096061,0.001391,-0.000315,0.000816,-3.577491,TARE
8.498000,0.407452,-0.202749,-0.096064,0.000260,0.001057,-0.000306,-3.574492,TARE
8.499000,0.407454,-0.202750,-0.096062,0.000329,0.000392,0.000026,-3.571479,TARE
8.500000,0.407451,-0.202753,-0.096064,-0.000935,-0.000511,-0.000467,-3.568432,TARE
8.501000,0.407451,-0.202752,-0.096064,-0.000739,-0.000447,-0.000186,-3.565387,TARE
8.502000,0.407453,-0.202750,-0.096063,0.000166,0.000222,-0.000119,-3.562415,TARE
8.503000,0.407449,-0.202750,-0.096064,-0.001315,0.000422,-0.000478,-3.559600,TARE
8.504000,0.407450,-0.202749,-0.096064,-0.001070,0.000604,-0.000532,-3.557022,TARE
8.505000,0.407452,-0.202750,-0.096063,-0.000678,-0.000209,-0.000106,-3.554748,TARE
8.506000,0.407448,-0.202751,-0.096064,-0.001850,-0.000990,-0.000373,-3.552834,TARE
8.507000,0.407454,-0.202751,-0.096062,0.000601,-0.000509,0.000401,-3.551314,TARE
8.508000,0.407447,-0.202752,-0.096066,-0.001876,-0.000411,-0.000949,-3.550201,TARE
8.509000,0.407451,-0.202751,-0.096064,-0.000129,0.000275,-0.000170,-3.549498,TARE
8.510000,0.407452,-0.202752,-0.096063,0.000476,-0.000369,0.000258,-3.549206,TARE
8.511000,0.407448,-0.202751,-0.096066,-0.001165,0.000047,-0.000814,-3.549306,TARE
8.512000,0.407452,-0.202751,-0.096063,0.000915,-0.000058,0.000243,-3.549762,TARE
8.513000,0.407454,-0.202751,-0.096062,0.000937,-0.000272,0.000670,-3.550537,TARE
8.514000,0.407451,-0.202751,-0.096064,-0.000358,-0.000228,-0.000441,-3.551566,TARE
8.515000,0.407450,-0.202752,-0.096064,-0.000856,-0.000440,-0.000372,-3.552764,TARE
8.516000,0.407450,-0.202754,-0.096064,-0.000079,-0.000524,0.000099,-3.554058,TARE
8.517000,0.407448,-0.202751,-0.096065,-0.000854,0.000259,-0.000497,-3.555399,TARE
8.518000,0.407449,-0.202754,-0.096063,-0.000608,-0.000591,0.000309,-3.556750,TARE
8.519000,0.407447,-0.202752,-0.096065,-0.001189,0.000168,-0.000517,-3.558066,TARE
8.520000,0.407449,-0.202753,-0.096065,-0.000838,0.000245,-0.000457,-3.559304,TARE
8.521000,0.407448,-0.202753,-0.096065,-0.001467,-0.000169,-0.000711,-3.560447,TARE
8.522000,0.407449,-0.202754,-0.096064,-0.000964,-0.000293,-0.000341,-3.561532,TARE
8.523000,0.407449,-0.202753,-0.096064,-0.000783,-0.000030,-0.000127,-3.562626,TARE
8.524000,0.407450,-0.202753,-0.096064,-0.000374,-0.000060,-0.000079,-3.563778,TARE
8.525000,0.407450,-0.202754,-0.096064,-0.000615,0.000090,-0.000214,-3.564989,TARE
8.526000,0.407450,-0.202753,-0.096064,-0.000612,0.000363,-0.000538,-3.566233,TARE
8.527000,0.407450,-0.202755,-0.096064,-0.000189,-0.000239,-0.000047,-3.567488,TARE
8.528000,0.407452,-0.202754,-0.096062,0.000471,-0.000369,0.000664,-3.568737,TARE
8.529000,0.407451,-0.202752,-0.096063,-0.000023,0.000446,-0.000086,-3.569938,TARE
8.530000,0.407453,-0.202750,-0.096063,0.001066,0.001048,0.000118,-3.571008,TARE
8.531000,0.407450,-0.202754,-0.096063,-0.000316,-0.000072,0.000058,-3.571868,TARE
8.532000,0.407457,-0.202756,-0.096058,0.001289,-0.000909,0.001452,-3.572454,TARE
8.533000,0.407452,-0.202753,-0.096063,-0.000352,0.000161,-0.000112,-3.572692,TARE
8.534000,0.407453,-0.202752,-0.096062,-0.000007,-0.000210,0.000074,-3.572487,TARE
8.535000,0.407456,-0.202754,-0.096061,0.001462,-0.000724,0.000975,-3.571780,TARE
8.536000,0.407450,-0.202752,-0.096063,0.000335,-0.000008,0.000335,-3.570557,TARE
8.537000,0.407453,-0.202751,-0.096062,0.001290,0.000484,0.000759,-3.568817,TARE
8.538000,0.407454,-0.202752,-0.096061,0.001516,0.000117,0.000859,-3.566552,TARE
8.539000,0.407456,-0.202752,-0.096061,0.001923,-0.000157,0.001076,-3.563740,TARE
8.540000,0.407453,-0.202754,-0.096062,0.000758,-0.000756,0.000632,-3.560354,TARE
8.541000,0.407456,-0.202753,-0.096060,0.001525,-0.000309,0.001022,-3.556382,TARE
8.542000,0.407453,-0.202754,-0.096062,0.000613,-0.000680,0.000357,-3.551843,TARE
8.543000,0.407454,-0.202750,-0.096063,0.001283,0.000519,0.000334,-3.546807,TARE
8.544000,0.407451,-0.202752,-0.096063,-0.000931,0.000052,-0.000489,-3.541410,TARE
8.545000,0.407451,-0.202754,-0.096064,-0.001336,-0.000395,-0.000772,-3.535858,TARE
8.546000,0.407454,-0.202752,-0.096062,0.000572,0.000090,0.000413,-3.530408,TARE
8.547000,0.407453,-0.202752,-0.096063,0.000446,-0.000068,-0.000091,-3.525318,TARE
8.548000,0.407450,-0.202752,-0.096064,-0.000416,0.000027,-0.000278,-3.520798,TARE
8.549000,0.407454,-0.202751,-0.096062,0.000287,0.000600,0.000152,-3.516990,TARE
8.550000,0.407451,-0.202751,-0.096064,-0.001370,0.000536,-0.000713,-3.513981,TARE
8.551000,0.407451,-0.202752,-0.096063,-0.001353,-0.000265,-0.000275,-3.511803,TARE
8.552000,0.407456,-0.202748,-0.096062,0.000362,0.001146,0.000133,-3.510453,TARE
8.553000,0.407457,-0.202751,-0.096061,0.001110,-0.000146,0.000504,-3.509889,TARE
8.554000,0.407452,-0.202750,-0.096063,-0.000193,0.000336,-0.000106,-3.510023,TARE
8.555000,0.407451,-0.202751,-0.096064,-0.001197,-0.000165,-0.000422,-3.510748,TARE
8.556000,0.407453,-0.202750,-0.096064,-0.000253,0.000387,-0.000476,-3.511974,TARE
8.557000,0.407452,-0.202753,-0.096063,-0.000713,-0.000744,0.000054,-3.513652,TARE
8.558000,0.407453,-0.202752,-0.096063,0.000542,-0.000066,0.000087,-3.515753,TARE
8.559000,0.407450,-0.202750,-0.096065,-0.000377,0.000766,-0.000625,-3.518245,TARE
8.560000,0.407448,-0.202750,-0.096066,-0.001411,0.000437,-0.000892,-3.521095,TARE
8.561000,0.407452,-0.202751,-0.096063,0.000225,0.000186,0.000308,-3.524284,TARE
8.562000,0.407453,-0.202751,-0.096063,0.000664,0.000164,0.000301,-3.527775,TARE
8.563000,0.407450,-0.202754,-0.096065,-0.000897,-0.000827,-0.000470,-3.531477,TARE
8.564000,0.407450,-0.202750,-0.096065,-0.000655,0.000764,-0.000667,-3.535295,TARE
8.565000,0.407452,-0.202751,-0.096063,-0.000043,0.000229,0.000054,-3.539175,TARE
8.566000,0.407448,-0.202751,-0.096066,-0.001078,0.000136,-0.000617,-3.543090,TARE
8.567000,0.407451,-0.202752,-0.096063,-0.000400,-0.000394,0.000194,-3.547008,TARE
8.568000,0.407452,-0.202752,-0.096063,-0.000422,-0.000425,0.000052,-3.550885,TARE
8.569000,0.407450,-0.202752,-0.096064,-0.001296,-0.000552,-0.000162,-3.554656,TARE
8.570000,0.407453,-0.202752,-0.096063,-0.000126,-0.000190,0.000087,-3.558249,TARE
8.571000,0.407449,-0.202751,-0.096066,-0.001357,-0.000252,-0.000760,-3.561596,TARE
8.572000,0.407451,-0.202751,-0.096065,-0.000569,-0.000279,-0.000367,-3.564669,TARE
8.573000,0.407450,-0.202750,-0.096065,-0.000463,-0.000256,-0.000363,-3.567498,TARE
8.574000,0.407456,-0.202751,-0.096061,0.001568,-0.000132,0.001063,-3.570143,TARE
8.575000,0.407451,-0.202754,-0.096063,-0.001384,-0.000863,-0.000403,-3.572627,TARE
8.576000,0.407451,-0.202752,-0.096063,-0.001047,-0.000503,-0.000373,-3.574912,TARE
8.577000,0.407446,-0.202749,-0.096067,-0.001747,0.000812,-0.001152,-3.576954,TARE
8.578000,0.407451,-0.202752,-0.096063,0.000556,-0.000313,0.000441,-3.578752,TARE
8.579000,0.407451,-0.202751,-0.096064,0.000793,-0.000089,0.000376,-3.580325,TARE
8.580000,0.407451,-0.202752,-0.096064,0.000174,-0.000233,0.000030,-3.581667,TARE
8.581000,0.407453,-0.202751,-0.096063,0.000395,-0.000160,0.000215,-3.582749,TARE
8.582000,0.407453,-0.202751,-0.096063,0.000033,0.000230,0.000023,-3.583548,TARE
8.583000,0.407450,-0.202752,-0.096064,-0.000642,0.000202,-0.000460,-3.584058,TARE
8.584000,0.407453,-0.202750,-0.096063,0.000671,0.000746,0.000234,-3.584299,TARE
8.585000,0.407451,-0.202752,-0.096064,-0.000651,-0.000266,-0.000532,-3.584311,TARE
8.586000,0.407456,-0.202752,-0.096061,0.001398,0.000346,0.000776,-3.584147,TARE
8.587000,0.407452,-0.202750,-0.096064,0.000175,0.000930,-0.000229,-3.583839,TARE
8.588000,0.407454,-0.202753,-0.096062,0.001439,-0.000115,0.000660,-3.583394,TARE
8.589000,0.407456,-0.202751,-0.096062,0.001601,0.000917,0.000322,-3.582790,TARE
8.590000,0.407454,-0.202751,-0.096062,0.000512,0.000743,0.000071,-3.582002,TARE
8.591000,0.407449,-0.202752,-0.096065,-0.001365,0.000706,-0.001368,-3.581024,TARE
8.592000,0.407451,-0.202751,-0.096064,-0.000501,0.000874,-0.000557,-3.579914,TARE
8.593000,0.407452,-0.202753,-0.096063,0.000470,-0.000026,0.000149,-3.578795,TARE
8.594000,0.407454,-0.202748,-0.096063,0.000154,0.001499,-0.000346,-3.577798,TARE
8.595000,0.407456,-0.202749,-0.096062,0.001090,0.000589,0.000516,-3.577006,TARE
8.596000,0.407455,-0.202751,-0.096061,0.000432,-0.000075,0.000533,-3.576436,TARE
8.597000,0.407452,-0.202751,-0.096063,-0.001140,-0.000200,-0.000591,-3.576032,TARE
8.598000,0.407453,-0.202753,-0.096062,-0.000793,-0.000561,-0.000297,-3.575712,TARE
8.599000,0.407454,-0.202752,-0.096061,0.000225,-0.000127,0.000294,-3.575420,TARE
8.600000,0.407455,-0.202752,-0.096061,0.000746,0.000214,0.000383,-3.575126,TARE
8.601000,0.407454,-0.202750,-0.096063,0.000082,0.000487,-0.000361,-3.574799,TARE
8.602000,0.407455,-0.202751,-0.096062,-0.000044,0.000223,0.000023,-3.574413,TARE
8.603000,0.407451,-0.202750,-0.096063,-0.000263,0.000361,-0.000006,-3.573973,TARE
8.604000,0.407449,-0.202753,-0.096065,-0.001715,-0.000636,-0.000824,-3.573495,TARE
8.605000,0.407454,-0.202751,-0.096061,0.000424,0.000201,0.000724,-3.573004,TARE
8.606000,0.407451,-0.202752,-0.096064,-0.000592,0.000304,-0.000507,-3.572515,TARE
8.607000,0.407454,-0.202752,-0.096062,0.001047,0.000386,0.000520,-3.572018,TARE
8.608000,0.407450,-0.202751,-0.096064,-0.001145,0.000581,-0.000556,-3.571491,TARE
8.609000,0.407451,-0.202752,-0.096064,-0.000306,0.000048,-0.000265,-3.570919,TARE
8.610000,0.407450,-0.202751,-0.096065,-0.000696,0.000090,-0.000621,-3.570317,TARE
8.611000,0.407450,-0.202753,-0.096062,-0.000475,-0.000424,0.000445,-3.569728,TARE
8.612000,0.407450,-0.202752,-0.096064,-0.000519,0.000027,-0.000293,-3.569189,TARE
8.613000,0.407450,-0.202753,-0.096064,-0.000375,0.000005,-0.000174,-3.568708,TARE
8.614000,0.407449,-0.202751,-0.096065,-0.000707,0.000555,-0.000692,-3.568280,TARE
8.615000,0.407452,-0.202750,-0.096064,0.000431,0.000626,0.000027,-3.567917,TARE
8.616000,0.407449,-0.202753,-0.096064,-0.000974,-0.000984,-0.000289,-3.567643,TARE
8.617000,0.407451,-0.202753,-0.096063,-0.000423,-0.000781,-0.000014,-3.567471,TARE
8.618000,0.407449,-0.202752,-0.096064,-0.000472,0.000125,-0.000047,-3.567397,TARE
8.619000,0.407452,-0.202753,-0.096063,0.000749,-0.000302,0.000220,-3.567394,TARE
8.620000,0.407452,-0.202752,-0.096062,0.000559,0.000133,0.000305,-3.567415,TARE
8.621000,0.407454,-0.202754,-0.096061,0.001026,-0.000161,0.000483,-3.567394,TARE
8.622000,0.407450,-0.202754,-0.096063,0.000012,0.000305,-0.000079,-3.567253,TARE
8.623000,0.407452,-0.202752,-0.096063,0.000025,0.000847,-0.000021,-3.566928,TARE
8.624000,0.407452,-0.202752,-0.096063,-0.000072,0.000765,-0.000228,-3.566383,TARE
8.625000,0.407448,-0.202752,-0.096064,-0.001864,0.000722,-0.000982,-3.565626,TARE
8.626000,0.407454,-0.202752,-0.096062,0.000972,0.000276,0.000516,-3.564698,TARE
8.627000,0.407450,-0.202752,-0.096063,-0.000970,0.000657,-0.000422,-3.563664,TARE
8.628000,0.407453,-0.202754,-0.096062,-0.000486,0.000108,-0.000398,-3.562575,TARE
8.629000,0.407451,-0.202753,-0.096063,-0.000715,0.000069,-0.000541,-3.561478,TARE
8.630000,0.407452,-0.202752,-0.096062,0.000645,0.000319,0.000398,-3.560437,TARE
8.631000,0.407454,-0.202752,-0.096062,0.000575,0.000147,-0.000007,-3.559507,TARE
8.632000,0.407452,-0.202752,-0.096063,-0.000366,0.000032,-0.000177,-3.558712,TARE
8.633000,0.407444,-0.202752,-0.096066,-0.002978,0.000153,-0.001199,-3.558067,TARE
8.634000,0.407453,-0.202753,-0.096062,0.000241,-0.000561,0.000319,-3.557603,TARE
8.635000,0.407450,-0.202753,-0.096064,-0.000050,-0.000190,0.000136,-3.557355,TARE
8.636000,0.407448,-0.202750,-0.096066,-0.000821,0.000480,-0.000527,-3.557320,TARE
8.637000,0.407449,-0.202752,-0.096064,-0.000540,-0.000265,0.000210,-3.557458,TARE
8.638000,0.407452,-0.202752,-0.096063,0.000324,0.000029,0.000236,-3.557702,TARE
8.639000,0.407452,-0.202750,-0.096064,-0.000077,0.000749,-0.000274,-3.557968,TARE
8.640000,0.407449,-0.202751,-0.096065,-0.001153,0.000326,-0.000790,-3.558182,TARE
8.641000,0.407454,-0.202751,-0.096063,0.000948,0.000558,0.000070,-3.558313,TARE
8.642000,0.407454,-0.202751,-0.096062,0.000959,0.000595,0.000181,-3.558382,TARE
8.643000,0.407452,-0.202750,-0.096064,0.000290,0.000518,-0.000107,-3.558420,TARE
8.644000,0.407449,-0.202750,-0.096065,-0.000888,0.000579,-0.000544,-3.558448,TARE
8.645000,0.407454,-0.202752,-0.096062,0.000720,-0.000165,0.000690,-3.558487,TARE
8.646000,0.407455,-0.202749,-0.096062,0.001252,0.000343,0.000560,-3.558530,TARE
8.647000,0.407451,-0.202749,-0.096065,-0.000444,0.000552,-0.000539,-3.558537,TARE
8.648000,0.407455,-0.202751,-0.096062,0.000772,-0.000191,0.000319,-3.558461,TARE
8.649000,0.407454,-0.202749,-0.096063,0.001065,0.000288,0.000412,-3.558292,TARE
8.650000,0.407451,-0.202752,-0.096064,0.000014,-0.000337,-0.000063,-3.558046,TARE
8.651000,0.407450,-0.202752,-0.096064,0.000731,-0.000334,0.000483,-3.557736,TARE
8.652000,0.407449,-0.202750,-0.096066,0.000714,0.000839,-0.000171,-3.557375,TARE
8.653000,0.407452,-0.202752,-0.096063,0.001731,0.000015,0.001113,-3.556975,TARE
8.654000,0.407450,-0.202752,-0.096065,0.000520,-0.000683,0.000363,-3.556535,TARE
8.655000,0.407449,-0.202750,-0.096066,-0.000120,0.000356,-0.000137,-3.556036,TARE
8.656000,0.407451,-0.202751,-0.096063,0.000838,-0.000108,0.000789,-3.555459,TARE
8.657000,0.407450,-0.202750,-0.096065,0.000348,0.000216,-0.000064,-3.554802,TARE
8.658000,0.407451,-0.202753,-0.096063,0.000338,-0.000839,0.000425,-3.554075,TARE
8.659000,0.407451,-0.202752,-0.096064,-0.000622,-0.000256,-0.000228,-3.553311,TARE
8.660000,0.407452,-0.202753,-0.096063,0.000322,-0.000604,0.000363,-3.552575,TARE
8.661000,0.407453,-0.202754,-0.096062,0.000312,-0.000882,0.000672,-3.551939,TARE
8.662000,0.407453,-0.202751,-0.096063,0.000353,0.000312,0.000263,-3.551448,TARE
8.663000,0.407446,-0.202752,-0.096067,-0.002023,0.000004,-0.001407,-3.551111,TARE
8.664000,0.407455,-0.202753,-0.096061,0.001712,-0.000449,0.000971,-3.550952,TARE
8.665000,0.407451,-0.202754,-0.096064,-0.000381,-0.000682,-0.000216,-3.551029,TARE
8.666000,0.407448,-0.202753,-0.096064,-0.001808,-0.000178,-0.000841,-3.551394,TARE
8.667000,0.407451,-0.202750,-0.096065,-0.000275,0.000674,-0.000820,-3.552092,TARE
8.668000,0.407451,-0.202752,-0.096063,-0.000457,-0.000168,-0.000352,-3.553185,TARE
8.669000,0.407452,-0.202753,-0.096062,0.000104,-0.000239,0.000028,-3.554742,TARE
8.670000,0.407445,-0.202750,-0.096068,-0.002817,0.000834,-0.002072,-3.556808,TARE
8.671000,0.407451,-0.202752,-0.096064,0.000016,-0.000444,-0.000285,-3.559423,TARE
8.672000,0.407453,-0.202752,-0.096063,0.000141,0.000141,-0.000071,-3.562634,TARE
8.673000,0.407451,-0.202752,-0.096063,0.000005,0.000173,0.000048,-3.566448,TARE
8.674000,0.407453,-0.202750,-0.096064,0.000169,0.000802,-0.000411,-3.570775,TARE
8.675000,0.407453,-0.202753,-0.096062,0.000824,0.000091,0.000592,-3.575451,TARE
8.676000,0.407446,-0.202751,-0.096066,-0.001951,0.000644,-0.001107,-3.580279,TARE
8.677000,0.407454,-0.202750,-0.096063,0.001003,0.000650,0.000314,-3.585073,TARE
8.678000,0.407452,-0.202751,-0.096063,0.000368,0.000556,0.000063,-3.589677,TARE
8.679000,0.407451,-0.202751,-0.096063,0.000252,0.000748,0.000355,-3.593963,TARE
8.680000,0.407452,-0.202753,-0.096062,-0.000258,-0.000157,0.000485,-3.597808,TARE
8.681000,0.407448,-0.202753,-0.096065,-0.001619,-0.000125,-0.000762,-3.601081,TARE
8.682000,0.407452,-0.202753,-0.096062,0.000403,0.000244,0.000347,-3.603685,TARE
8.683000,0.407449,-0.202752,-0.096065,-0.000879,0.000262,-0.000480,-3.605593,TARE
8.684000,0.407452,-0.202754,-0.096062,0.000999,-0.000432,0.000802,-3.606836,TARE
8.685000,0.407450,-0.202750,-0.096065,-0.000014,0.000991,-0.000248,-3.607460,TARE
8.686000,0.407450,-0.202752,-0.096064,-0.000412,0.000253,-0.000047,-3.607508,TARE
8.687000,0.407451,-0.202753,-0.096063,0.000025,-0.000354,0.000063,-3.607033,TARE
8.688000,0.407453,-0.202751,-0.096063,0.000008,0.000598,-0.000124,-3.606101,TARE
8.689000,0.407453,-0.202750,-0.096063,-0.000447,0.000845,-0.000325,-3.604795,TARE
8.690000,0.407452,-0.202752,-0.096063,-0.000839,0.000096,-0.000170,-3.603210,TARE
8.691000,0.407452,-0.202751,-0.096063,-0.001112,0.000218,-0.000496,-3.601438,TARE
8.692000,0.407454,-0.202752,-0.096062,0.000561,-0.000035,0.000520,-3.599557,TARE
8.693000,0.407450,-0.202752,-0.096064,-0.000664,-0.000332,-0.000114,-3.597618,TARE
8.694000,0.407453,-0.202756,-0.096061,-0.000059,-0.001519,0.000549,-3.595641,TARE
8.695000,0.407450,-0.202753,-0.096063,-0.000792,-0.000564,-0.000148,-3.593628,TARE
8.696000,0.407455,-0.202755,-0.096060,0.001257,-0.001024,0.001086,-3.591573,TARE
8.697000,0.407455,-0.202750,-0.096062,0.000823,0.000849,0.000276,-3.589458,TARE
8.698000,0.407454,-0.202750,-0.096063,-0.000068,0.000659,-0.000324,-3.587251,TARE
8.699000,0.407452,-0.202755,-0.096062,-0.001509,-0.001108,-0.000273,-3.584946,TARE
8.700000,0.407449,-0.202753,-0.096065,-0.002025,-0.000333,-0.001096,-3.582593,TARE
8.701000,0.407451,-0.202752,-0.096063,-0.000511,-0.000025,-0.000277,-3.580306,TARE
8.702000,0.407453,-0.202750,-0.096063,0.000428,0.000783,-0.000228,-3.578219,TARE
8.703000,0.407452,-0.202753,-0.096063,-0.000690,-0.000358,-0.000483,-3.576447,TARE
8.704000,0.407455,-0.202752,-0.096061,0.000988,-0.000128,0.000450,-3.575067,TARE
8.705000,0.407453,-0.202754,-0.096061,0.000206,-0.001138,0.000323,-3.574108,TARE
8.706000,0.407450,-0.202751,-0.096064,-0.000982,0.000314,-0.000621,-3.573558,TARE
8.707000,0.407452,-0.202751,-0.096064,-0.000986,0.000134,-0.000747,-3.573384,TARE
8.708000,0.407450,-0.202752,-0.096063,-0.001166,-0.000258,-0.000416,-3.573575,TARE
8.709000,0.407451,-0.202751,-0.096064,-0.000645,0.000303,-0.000486,-3.574143,TARE
8.710000,0.407451,-0.202751,-0.096065,-0.000598,0.000079,-0.000763,-3.575095,TARE
8.711000,0.407448,-0.202750,-0.096065,-0.001749,0.000889,-0.001277,-3.576445,TARE
8.712000,0.407454,-0.202752,-0.096062,0.000234,-0.000321,0.000051,-3.578215,TARE
8.713000,0.407451,-0.202750,-0.096064,-0.000792,0.000612,-0.000760,-3.580413,TARE
8.714000,0.407450,-0.202751,-0.096064,-0.001006,0.000124,-0.000709,-3.583013,TARE
8.715000,0.407451,-0.202751,-0.096065,-0.000514,0.000105,-0.000767,-3.585969,TARE
8.716000,0.407452,-0.202751,-0.096064,0.000288,0.000127,-0.000334,-3.589243,TARE
8.717000,0.407452,-0.202750,-0.096064,-0.000377,0.000628,-0.000385,-3.592801,TARE
8.718000,0.407453,-0.202753,-0.096062,0.000407,-0.000361,0.000456,-3.596580,TARE
8.719000,0.407452,-0.202752,-0.096062,-0.000129,0.000116,0.000152,-3.600446,TARE
8.720000,0.407450,-0.202752,-0.096064,-0.000944,0.000476,-0.000563,-3.604205,TARE
8.721000,0.407452,-0.202751,-0.096063,-0.000165,0.000573,-0.000221,-3.607655,TARE
8.722000,0.407451,-0.202749,-0.096065,-0.000113,0.000926,-0.000499,-3.610648,TARE
8.723000,0.407452,-0.202750,-0.096064,0.000433,0.000433,0.000038,-3.613097,TARE
8.724000,0.407451,-0.202751,-0.096064,-0.000282,-0.000342,-0.000113,-3.614963,TARE
8.725000,0.407452,-0.202752,-0.096063,0.000046,-0.000600,0.000150,-3.616229,TARE
8.726000,0.407453,-0.202752,-0.096062,0.000694,-0.000702,0.000420,-3.616889,TARE
8.727000,0.407452,-0.202751,-0.096064,0.000488,-0.000246,-0.000027,-3.616944,TARE
8.728000,0.407451,-0.202751,-0.096064,0.000692,-0.000098,0.000267,-3.616411,TARE
8.729000,0.407450,-0.202753,-0.096064,-0.000508,-0.001052,-0.000157,-3.615336,TARE
8.730000,0.407451,-0.202750,-0.096064,-0.000409,0.000066,-0.000191,-3.613793,TARE
8.731000,0.407455,-0.202751,-0.096062,0.000793,-0.000734,0.000757,-3.611860,TARE
8.732000,0.407455,-0.202750,-0.096061,0.000432,0.000183,0.000233,-3.609590,TARE
8.733000,0.407453,-0.202752,-0.096063,-0.000637,-0.000419,-0.000381,-3.606999,TARE
8.734000,0.407455,-0.202753,-0.096062,-0.000098,-0.000530,-0.000075,-3.604102,TARE
8.735000,0.407455,-0.202753,-0.096062,0.000130,-0.000709,0.000090,-3.600954,TARE
8.736000,0.407450,-0.202750,-0.096065,-0.001050,0.000458,-0.000969,-3.597660,TARE
8.737000,0.407449,-0.202751,-0.096065,-0.000773,0.000126,-0.000636,-3.594362,TARE
8.738000,0.407454,-0.202751,-0.096062,0.001727,-0.000241,0.001109,-3.591218,TARE
8.739000,0.407452,-0.202753,-0.096064,0.000381,-0.000776,0.000142,-3.588333,TARE
8.740000,0.407454,-0.202751,-0.096063,0.000860,-0.000045,0.000425,-3.585712,TARE
8.741000,0.407451,-0.202751,-0.096064,0.000317,0.000110,0.000064,-3.583292,TARE
8.742000,0.407455,-0.202752,-0.096061,0.002095,0.000273,0.001358,-3.580982,TARE
8.743000,0.407449,-0.202751,-0.096065,0.000213,0.000804,-0.000206,-3.578665,TARE
8.744000,0.407451,-0.202753,-0.096064,0.000697,-0.000081,0.000504,-3.576218,TARE
8.745000,0.407451,-0.202751,-0.096063,0.000241,0.000854,0.000388,-3.573557,TARE
8.746000,0.407450,-0.202752,-0.096064,-0.000431,0.000001,-0.000194,-3.570645,TARE
8.747000,0.407455,-0.202752,-0.096062,0.001643,0.000296,0.000835,-3.567487,TARE
8.748000,0.407450,-0.202753,-0.096065,-0.000609,-0.000369,-0.000576,-3.564134,TARE
8.749000,0.407450,-0.202752,-0.096064,0.000244,0.000253,-0.000054,-3.560684,TARE
8.750000,0.407450,-0.202753,-0.096064,0.000388,-0.000060,-0.000090,-3.557289,TARE
8.751000,0.407450,-0.202753,-0.096063,-0.000447,0.000158,-0.000001,-3.554121,TARE
8.752000,0.407453,-0.202751,-0.096062,0.000384,0.000482,0.000221,-3.551327,TARE
8.753000,0.407449,-0.202750,-0.096066,-0.000804,0.000863,-0.000763,-3.548995,TARE
8.754000,0.407448,-0.202753,-0.096065,-0.000088,-0.000118,-0.000048,-3.547178,TARE
8.755000,0.407453,-0.202752,-0.096063,0.001401,0.000364,0.000968,-3.545910,TARE
8.756000,0.407451,-0.202753,-0.096063,0.000812,-0.000228,0.000687,-3.545175,TARE
8.757000,0.407453,-0.202754,-0.096063,0.000663,-0.000637,0.000434,-3.544885,TARE
8.758000,0.407451,-0.202754,-0.096063,0.000012,-0.000513,0.000296,-3.544913,TARE
8.759000,0.407449,-0.202754,-0.096064,-0.000623,-0.000212,-0.000212,-3.545162,TARE
8.760000,0.407454,-0.202754,-0.096062,0.001501,-0.000432,0.000977,-3.545584,TARE
8.761000,0.407454,-0.202752,-0.096062,0.001450,0.000042,0.000856,-3.546156,TARE
8.762000,0.407450,-0.202753,-0.096065,0.000274,-0.000114,-0.000146,-3.546843,TARE
8.763000,0.407449,-0.202753,-0.096065,-0.000087,-0.000268,0.000029,-3.547612,TARE
8.764000,0.407449,-0.202753,-0.096064,0.000032,0.000040,0.000146,-3.548465,TARE
8.765000,0.407451,-0.202753,-0.096063,0.000855,-0.000496,0.000592,-3.549423,TARE
8.766000,0.407453,-0.202752,-0.096063,0.000700,-0.000169,0.000258,-3.550493,TARE
8.767000,0.407450,-0.202754,-0.096064,0.000124,-0.000875,0.000095,-3.551660,TARE
8.768000,0.407454,-0.202752,-0.096061,0.001705,0.000158,0.000948,-3.552914,TARE
8.769000,0.407449,-0.202753,-0.096064,-0.001113,-0.000139,-0.000446,-3.554239,TARE
8.770000,0.407453,-0.202751,-0.096062,0.000358,0.000803,0.000134,-3.555609,TARE
8.771000,0.407451,-0.202753,-0.096064,-0.001069,-0.000135,-0.000700,-3.557016,TARE
8.772000,0.407452,-0.202753,-0.096062,-0.000542,-0.000292,0.000007,-3.558503,TARE
8.773000,0.407451,-0.202753,-0.096063,-0.000407,-0.000435,-0.000111,-3.560142,TARE
8.774000,0.407451,-0.202752,-0.096064,-0.000164,0.000194,0.000083,-3.561991,TARE
8.775000,0.407453,-0.202752,-0.096062,0.000512,0.000038,0.000373,-3.564058,TARE
8.776000,0.407454,-0.202752,-0.096062,0.000568,-0.000093,0.000181,-3.566284,TARE
8.777000,0.407453,-0.202752,-0.096063,0.000205,0.000085,-0.000449,-3.568575,TARE
8.778000,0.407453,-0.202751,-0.096063,-0.000347,0.000457,-0.000567,-3.570873,TARE
8.779000,0.407449,-0.202753,-0.096064,-0.001743,-0.000246,-0.000893,-3.573204,TARE
8.780000,0.407455,-0.202751,-0.096061,0.000149,0.000369,0.000136,-3.575651,TARE
8.781000,0.407452,-0.202752,-0.096063,-0.000992,-0.000262,-0.000327,-3.578291,TARE
8.782000,0.407452,-0.202751,-0.096064,-0.000804,0.000284,-0.000554,-3.581145,TARE
8.783000,0.407452,-0.202751,-0.096064,-0.000840,0.000480,-0.000828,-3.584200,TARE
8.784000,0.407452,-0.202754,-0.096063,-0.000810,-0.000785,-0.000154,-3.587447,TARE
8.785000,0.407453,-0.202752,-0.096062,0.000102,-0.000271,0.000270,-3.590872,TARE
8.786000,0.407453,-0.202754,-0.096063,-0.000426,-0.000992,-0.000524,-3.594427,TARE
8.787000,0.407449,-0.202753,-0.096065,-0.000980,-0.000448,-0.000835,-3.598045,TARE
8.788000,0.407450,-0.202751,-0.096065,-0.000839,0.000293,-0.000763,-3.601699,TARE
8.789000,0.407451,-0.202751,-0.096064,-0.000117,0.000100,-0.000191,-3.605412,TARE
8.790000,0.407447,-0.202751,-0.096066,-0.000783,-0.000152,-0.000706,-3.609196,TARE
8.791000,0.407449,-0.202753,-0.096064,-0.000690,-0.000442,0.000042,-3.613025,TARE
8.792000,0.407450,-0.202753,-0.096064,-0.000218,-0.000216,0.000059,-3.616826,TARE
8.793000,0.407451,-0.202750,-0.096064,0.000087,0.000400,0.000026,-3.620476,TARE
8.794000,0.407450,-0.202753,-0.096064,-0.001069,-0.000834,-0.000509,-3.623824,TARE
8.795000,0.407451,-0.202752,-0.096064,-0.000349,-0.000454,-0.000145,-3.626753,TARE
8.796000,0.407450,-0.202751,-0.096064,-0.000447,-0.000368,-0.000102,-3.629201,TARE
8.797000,0.407449,-0.202751,-0.096065,-0.001072,-0.000434,-0.000408,-3.631151,TARE
8.798000,0.407450,-0.202753,-0.096064,-0.000900,-0.001063,-0.000206,-3.632606,TARE
8.799000,0.407448,-0.202750,-0.096066,-0.001261,0.000118,-0.000686,-3.633591,TARE
8.800000,0.407453,-0.202752,-0.096062,0.000507,-0.000565,0.000555,-3.634141,TARE
8.801000,0.407452,-0.202752,-0.096063,-0.000106,-0.000384,0.000046,-3.634286,TARE
8.802000,0.407448,-0.202751,-0.096065,-0.001182,0.000285,-0.000541,-3.634027,TARE
8.803000,0.407455,-0.202751,-0.096062,0.001076,-0.000072,0.000670,-3.633355,TARE
8.804000,0.407451,-0.202749,-0.096064,-0.000514,0.000483,-0.000416,-3.632267,TARE
8.805000,0.407452,-0.202751,-0.096063,-0.000466,-0.000097,-0.000049,-3.630768,TARE
8.806000,0.407449,-0.202750,-0.096066,-0.001241,0.000365,-0.000768,-3.628889,TARE
8.807000,0.407451,-0.202750,-0.096065,-0.000718,0.000493,-0.000547,-3.626704,TARE
8.808000,0.407451,-0.202750,-0.096064,-0.001105,0.000590,-0.000537,-3.624336,TARE
8.809000,0.407451,-0.202752,-0.096063,-0.001670,-0.000218,-0.000440,-3.621923,TARE
8.810000,0.407453,-0.202752,-0.096061,-0.000132,0.000191,0.000208,-3.619576,TARE
8.811000,0.407449,-0.202751,-0.096065,-0.000995,0.000367,-0.000757,-3.617346,TARE
8.812000,0.407452,-0.202751,-0.096063,-0.000231,0.000117,-0.000135,-3.615244,TARE
8.813000,0.407454,-0.202753,-0.096062,-0.000064,-0.000342,0.000097,-3.613278,TARE
8.814000,0.407450,-0.202750,-0.096065,-0.001943,0.000335,-0.001489,-3.611454,TARE
8.815000,0.407451,-0.202750,-0.096064,-0.001178,0.000653,-0.000816,-3.609809,TARE
8.816000,0.407456,-0.202751,-0.096061,0.000566,-0.000169,0.000350,-3.608419,TARE
8.817000,0.407450,-0.202751,-0.096065,-0.001227,-0.000173,-0.000896,-3.607352,TARE
8.818000,0.407453,-0.202751,-0.096063,0.000127,0.000205,-0.000018,-3.606629,TARE
8.819000,0.407454,-0.202750,-0.096062,0.000447,-0.000068,0.000163,-3.606224,TARE
8.820000,0.407454,-0.202752,-0.096062,0.000943,-0.000325,0.000384,-3.606073,TARE
8.821000,0.407452,-0.202752,-0.096062,0.000308,-0.000617,0.000442,-3.606060,TARE
8.822000,0.407453,-0.202750,-0.096063,-0.000495,0.000200,-0.000060,-3.606048,TARE
8.823000,0.407452,-0.202751,-0.096063,-0.000655,-0.000085,-0.000236,-3.605895,TARE
8.824000,0.407453,-0.202750,-0.096063,-0.000526,0.000311,-0.000410,-3.605498,TARE
8.825000,0.407451,-0.202752,-0.096064,-0.000059,-0.000413,-0.000229,-3.604815,TARE
8.826000,0.407453,-0.202749,-0.096063,0.000808,0.000758,0.000161,-3.603861,TARE
8.827000,0.407456,-0.202752,-0.096061,0.001795,0.000089,0.000740,-3.602667,TARE
8.828000,0.407452,-0.202751,-0.096063,-0.000504,0.000309,-0.000361,-3.601241,TARE
8.829000,0.407454,-0.202751,-0.096063,0.000710,0.000341,0.000190,-3.599568,TARE
8.830000,0.407452,-0.202751,-0.096063,0.000061,0.000421,-0.000055,-3.597638,TARE
8.831000,0.407454,-0.202754,-0.096060,0.000774,-0.000657,0.000716,-3.595460,TARE
8.832000,0.407455,-0.202752,-0.096061,0.001011,0.000494,0.000514,-3.593034,TARE
8.833000,0.407450,-0.202753,-0.096062,-0.001176,-0.000545,-0.000056,-3.590344,TARE
8.834000,0.407453,-0.202752,-0.096062,0.000034,-0.000196,0.000041,-3.587373,TARE
8.835000,0.407449,-0.202752,-0.096064,-0.001529,-0.000243,-0.000572,-3.584141,TARE
8.836000,0.407452,-0.202754,-0.096062,-0.000542,-0.000830,0.000104,-3.580722,TARE
8.837000,0.407453,-0.202753,-0.096062,-0.000232,-0.000068,0.000076,-3.577219,TARE
8.838000,0.407452,-0.202755,-0.096062,-0.000351,-0.001064,0.000201,-3.573721,TARE
8.839000,0.407453,-0.202753,-0.096062,0.000130,-0.000276,0.000063,-3.570282,TARE
8.840000,0.407453,-0.202753,-0.096062,0.000083,-0.000414,0.000026,-3.566932,TARE
8.841000,0.407451,-0.202751,-0.096064,-0.000668,0.000208,-0.000570,-3.563703,TARE
8.842000,0.407452,-0.202752,-0.096063,-0.000610,-0.000215,0.000004,-3.560638,TARE
8.843000,0.407447,-0.202752,-0.096066,-0.002500,-0.000049,-0.001297,-3.557786,TARE
8.844000,0.407450,-0.202751,-0.096065,-0.000867,0.000526,-0.000560,-3.555203,TARE
8.845000,0.407451,-0.202751,-0.096063,-0.000904,0.000728,-0.000216,-3.552962,TARE
8.846000,0.407453,-0.202755,-0.096061,0.000260,-0.000433,0.000496,-3.551120,TARE
8.847000,0.407454,-0.202754,-0.096061,0.001199,-0.000491,0.000881,-3.549665,TARE
8.848000,0.407449,-0.202755,-0.096064,-0.001324,-0.000658,-0.000503,-3.548509,TARE
8.849000,0.407451,-0.202752,-0.096063,-0.000651,0.000108,-0.000350,-3.547559,TARE
8.850000,0.407448,-0.202752,-0.096065,-0.001285,0.000269,-0.000894,-3.546777,TARE
8.851000,0.407448,-0.202754,-0.096065,-0.001622,-0.000484,-0.000751,-3.546199,TARE
8.852000,0.407452,-0.202751,-0.096064,0.000129,0.000090,0.000076,-3.545911,TARE
8.853000,0.407456,-0.202753,-0.096061,0.001254,-0.000520,0.000996,-3.545987,TARE
8.854000,0.407452,-0.202752,-0.096063,-0.000064,-0.000011,-0.000015,-3.546425,TARE
8.855000,0.407452,-0.202753,-0.096063,0.000139,-0.000109,0.000298,-3.547138,TARE
8.856000,0.407450,-0.202753,-0.096064,0.000019,-0.000495,0.000012,-3.548004,TARE
8.857000,0.407452,-0.202750,-0.096064,0.000809,0.000388,-0.000038,-3.548908,TARE
8.858000,0.407454,-0.202751,-0.096062,0.001552,0.000195,0.000775,-3.549771,TARE
8.859000,0.407450,-0.202752,-0.096063,0.000384,0.000176,0.000339,-3.550529,TARE
8.860000,0.407449,-0.202751,-0.096064,-0.000069,0.000519,-0.000098,-3.551107,TARE
8.861000,0.407451,-0.202753,-0.096064,0.000132,-0.000335,0.000000,-3.551423,TARE
8.862000,0.407448,-0.202750,-0.096066,-0.000745,0.000417,-0.000659,-3.551439,TARE
8.863000,0.407450,-0.202751,-0.096065,0.000528,-0.000000,0.000071,-3.551183,TARE
8.864000,0.407454,-0.202751,-0.096062,0.002063,-0.000040,0.001230,-3.550719,TARE
8.865000,0.407457,-0.202751,-0.096060,0.002461,0.000165,0.001380,-3.550078,TARE
8.866000,0.407454,-0.202750,-0.096063,0.001466,0.000487,0.000426,-3.549208,TARE
8.867000,0.407454,-0.202751,-0.096062,0.000814,-0.000260,0.000353,-3.548011,TARE
8.868000,0.407457,-0.202753,-0.096061,0.001232,-0.000225,0.000557,-3.546435,TARE
8.869000,0.407450,-0.202751,-0.096065,-0.000486,0.000234,-0.000617,-3.544501,TARE
8.870000,0.407455,-0.202752,-0.096062,0.001669,-0.000248,0.000704,-3.542307,TARE
8.871000,0.407453,-0.202750,-0.096063,0.000534,0.000848,-0.000148,-3.539993,TARE
8.872000,0.407454,-0.202750,-0.096062,0.001112,0.000861,0.000273,-3.537699,TARE
8.873000,0.407453,-0.202752,-0.096063,0.000436,-0.000127,-0.000060,-3.535541,TARE
8.874000,0.407454,-0.202752,-0.096063,0.001025,0.000011,0.000324,-3.533609,TARE
8.875000,0.407453,-0.202754,-0.096063,0.000675,-0.000635,0.000380,-3.531968,TARE
8.876000,0.407447,-0.202750,-0.096066,-0.000649,0.000441,-0.000410,-3.530648,TARE
8.877000,0.407451,-0.202751,-0.096064,0.000815,0.000458,0.000476,-3.529648,TARE
8.878000,0.407451,-0.202751,-0.096064,0.001059,0.000505,0.000516,-3.528938,TARE
8.879000,0.407450,-0.202750,-0.096065,-0.000232,0.000637,-0.000322,-3.528451,TARE
8.880000,0.407451,-0.202752,-0.096064,-0.000288,-0.000152,0.000350,-3.528122,TARE
8.881000,0.407449,-0.202752,-0.096065,-0.000970,-0.000276,-0.000365,-3.527922,TARE
8.882000,0.407447,-0.202750,-0.096066,-0.000725,0.000261,-0.000223,-3.527854,TARE
8.883000,0.407453,-0.202749,-0.096063,0.000680,0.000475,0.000446,-3.527942,TARE
8.884000,0.407451,-0.202752,-0.096064,-0.000160,-0.000308,-0.000089,-3.528207,TARE
8.885000,0.407449,-0.202750,-0.096064,-0.000599,0.000333,-0.000124,-3.528658,TARE
8.886000,0.407450,-0.202751,-0.096064,-0.000179,0.000228,0.000138,-3.529297,TARE
8.887000,0.407450,-0.202752,-0.096064,0.000420,-0.000257,0.000465,-3.530115,TARE
8.888000,0.407450,-0.202753,-0.096063,0.000253,-0.000488,0.000519,-3.531083,TARE
8.889000,0.407445,-0.202753,-0.096067,-0.002527,-0.000262,-0.001197,-3.532158,TARE
8.890000,0.407447,-0.202752,-0.096066,-0.001416,-0.000153,-0.000579,-3.533340,TARE
8.891000,0.407450,-0.202753,-0.096063,-0.000665,-0.000703,0.000092,-3.534692,TARE
8.892000,0.407453,-0.202750,-0.096063,0.000364,0.000660,0.000151,-3.536293,TARE
8.893000,0.407453,-0.202751,-0.096063,0.001183,0.000506,0.000312,-3.538167,TARE
8.894000,0.407452,-0.202751,-0.096063,0.000364,-0.000056,0.000255,-3.540268,TARE
8.895000,0.407452,-0.202751,-0.096063,-0.000124,0.000029,-0.000007,-3.542517,TARE
8.896000,0.407452,-0.202751,-0.096063,-0.000103,0.000133,-0.000269,-3.544830,TARE
8.897000,0.407456,-0.202752,-0.096061,0.001650,0.000034,0.000750,-3.547141,TARE
8.898000,0.407453,-0.202750,-0.096064,0.000137,0.000732,-0.000523,-3.549397,TARE
8.899000,0.407449,-0.202752,-0.096064,-0.000852,0.000148,-0.000414,-3.551567,TARE
8.900000,0.407448,-0.202753,-0.096065,-0.001353,-0.000160,-0.000698,-3.553659,TARE
8.901000,0.407450,-0.202751,-0.096064,-0.000406,0.000364,0.000011,-3.555718,TARE
8.902000,0.407450,-0.202750,-0.096064,-0.000233,0.000313,-0.000029,-3.557795,TARE
8.903000,0.407453,-0.202750,-0.096063,-0.000468,0.000220,0.000127,-3.559907,TARE
8.904000,0.407455,-0.202752,-0.096061,0.000074,-0.000040,0.000473,-3.562018,TARE
8.905000,0.407451,-0.202754,-0.096063,-0.001150,-0.000587,-0.000222,-3.564052,TARE
8.906000,0.407456,-0.202752,-0.096061,0.000977,0.000333,0.000429,-3.565924,TARE
8.907000,0.407452,-0.202753,-0.096064,-0.000876,0.000155,-0.000494,-3.567575,TARE
8.908000,0.407453,-0.202752,-0.096062,0.000009,0.000532,0.000033,-3.568997,TARE
8.909000,0.407454,-0.202751,-0.096062,0.000216,0.000992,0.000209,-3.570214,TARE
8.910000,0.407454,-0.202752,-0.096062,0.000496,0.000370,0.000295,-3.571238,TARE
8.911000,0.407455,-0.202751,-0.096061,0.000836,0.001039,0.000305,-3.572046,TARE
8.912000,0.407453,-0.202750,-0.096063,0.000228,0.000673,-0.000221,-3.572603,TARE
8.913000,0.407455,-0.202750,-0.096062,0.001158,0.000763,0.000337,-3.572889,TARE
8.914000,0.407458,-0.202752,-0.096059,0.001550,0.000095,0.000713,-3.572915,TARE
8.915000,0.407453,-0.202751,-0.096063,-0.000274,-0.000129,-0.000649,-3.572697,TARE
8.916000,0.407451,-0.202753,-0.096062,-0.000738,-0.000141,-0.000509,-3.572275,TARE
8.917000,0.407452,-0.202753,-0.096063,-0.000586,-0.000060,-0.000485,-3.571742,WAIT_APPROACH_CONFIRM
8.918000,0.407452,-0.202751,-0.096063,-0.000332,0.000381,-0.000411,-0.005623,WAIT_APPROACH_CONFIRM
8.919000,0.407454,-0.202750,-0.096063,0.000339,0.000642,-0.000274,-0.005649,WAIT_APPROACH_CONFIRM
8.920000,0.407450,-0.202752,-0.096064,-0.001059,-0.000116,-0.000442,-0.005769,WAIT_APPROACH_CONFIRM
8.921000,0.407456,-0.202752,-0.096060,0.001339,-0.000335,0.001038,-0.006032,WAIT_APPROACH_CONFIRM
8.922000,0.407454,-0.202752,-0.096062,0.000161,-0.000359,0.000172,-0.006403,WAIT_APPROACH_CONFIRM
8.923000,0.407449,-0.202753,-0.096064,-0.001377,-0.000499,-0.000632,-0.006780,WAIT_APPROACH_CONFIRM
8.924000,0.407451,-0.202754,-0.096063,-0.000512,-0.000558,-0.000007,-0.007058,WAIT_APPROACH_CONFIRM
8.925000,0.407453,-0.202753,-0.096062,-0.000197,-0.000600,0.000263,-0.007188,WAIT_APPROACH_CONFIRM
8.926000,0.407449,-0.202754,-0.096064,-0.001689,-0.000823,-0.000572,-0.007155,WAIT_APPROACH_CONFIRM
8.927000,0.407452,-0.202751,-0.096063,-0.000307,0.000472,0.000055,-0.006952,WAIT_APPROACH_CONFIRM
8.928000,0.407446,-0.202753,-0.096065,-0.001951,-0.000332,-0.000802,-0.006575,WAIT_APPROACH_CONFIRM
8.929000,0.407449,-0.202752,-0.096064,-0.000845,-0.000123,-0.000172,-0.006034,WAIT_APPROACH_CONFIRM
8.930000,0.407453,-0.202753,-0.096062,0.000859,-0.000172,0.000549,-0.005352,WAIT_APPROACH_CONFIRM
8.931000,0.407452,-0.202754,-0.096062,0.000148,-0.000806,0.000385,-0.004544,WAIT_APPROACH_CONFIRM
8.932000,0.407451,-0.202754,-0.096063,-0.000786,-0.000614,-0.000584,-0.003596,WAIT_APPROACH_CONFIRM
8.933000,0.407452,-0.202751,-0.096063,-0.000677,0.000529,-0.000757,-0.002510,WAIT_APPROACH_CONFIRM
8.934000,0.407451,-0.202753,-0.096064,-0.001026,-0.000248,-0.000748,-0.001349,WAIT_APPROACH_CONFIRM
8.935000,0.407452,-0.202752,-0.096063,-0.000998,0.000146,-0.000656,-0.000236,WAIT_APPROACH_CONFIRM
8.936000,0.407449,-0.202754,-0.096064,-0.001598,-0.000588,-0.000656,0.000685,WAIT_APPROACH_CONFIRM
8.937000,0.407450,-0.202753,-0.096064,-0.000464,-0.000210,-0.000439,0.001297,WAIT_APPROACH_CONFIRM
8.938000,0.407451,-0.202751,-0.096063,0.000355,0.000321,0.000142,0.001531,WAIT_APPROACH_CONFIRM
8.939000,0.407450,-0.202752,-0.096063,0.000415,-0.000186,0.000378,0.001386,WAIT_APPROACH_CONFIRM
8.940000,0.407448,-0.202753,-0.096065,-0.000129,-0.000298,-0.000126,0.000933,WAIT_APPROACH_CONFIRM
8.941000,0.407451,-0.202753,-0.096063,0.000676,-0.000270,0.000270,0.000284,WAIT_APPROACH_CONFIRM
8.942000,0.407448,-0.202752,-0.096064,-0.000537,-0.000272,0.000045,-0.000451,WAIT_APPROACH_CONFIRM
8.943000,0.407450,-0.202754,-0.096063,0.000337,-0.001020,0.000492,-0.001177,WAIT_APPROACH_CONFIRM
8.944000,0.407450,-0.202752,-0.096065,-0.000450,0.000077,-0.000410,-0.001803,WAIT_APPROACH_CONFIRM
8.945000,0.407450,-0.202754,-0.096063,-0.000403,-0.000462,0.000147,-0.002261,WAIT_APPROACH_CONFIRM
8.946000,0.407446,-0.202751,-0.096066,-0.001011,0.000520,-0.000602,-0.002511,WAIT_APPROACH_CONFIRM
8.947000,0.407452,-0.202753,-0.096062,0.001605,-0.000138,0.001155,-0.002542,WAIT_APPROACH_CONFIRM
8.948000,0.407450,-0.202751,-0.096065,-0.000268,0.000590,-0.000321,-0.002345,WAIT_APPROACH_CONFIRM
8.949000,0.407452,-0.202751,-0.096063,0.000233,-0.000058,0.000406,-0.001899,WAIT_APPROACH_CONFIRM
8.950000,0.407454,-0.202750,-0.096062,0.001206,0.000510,0.000875,-0.001174,WAIT_APPROACH_CONFIRM
8.951000,0.407453,-0.202753,-0.096063,-0.000223,-0.000744,0.000182,-0.000131,WAIT_APPROACH_CONFIRM
8.952000,0.407454,-0.202751,-0.096062,0.000433,-0.000173,0.000317,0.001273,WAIT_APPROACH_CONFIRM
8.953000,0.407451,-0.202752,-0.096063,-0.000322,0.000041,-0.000182,0.003050,WAIT_APPROACH_CONFIRM
8.954000,0.407452,-0.202753,-0.096062,0.000135,-0.000368,0.000169,0.005158,WAIT_APPROACH_CONFIRM
8.955000,0.407451,-0.202752,-0.096063,-0.000591,0.000386,-0.000445,0.007510,WAIT_APPROACH_CONFIRM
8.956000,0.407453,-0.202753,-0.096062,0.000589,-0.000189,0.000216,0.009991,WAIT_APPROACH_CONFIRM
8.957000,0.407451,-0.202752,-0.096063,-0.000773,0.000284,-0.000289,0.012480,WAIT_APPROACH_CONFIRM
8.958000,0.407452,-0.202752,-0.096063,-0.000160,0.000286,-0.000170,0.014869,WAIT_APPROACH_CONFIRM
8.959000,0.407450,-0.202752,-0.096065,-0.000559,0.000101,-0.000679,0.017070,WAIT_APPROACH_CONFIRM
8.960000,0.407451,-0.202750,-0.096064,0.001228,0.000742,0.000053,0.018999,WAIT_APPROACH_CONFIRM
8.961000,0.407449,-0.202750,-0.096064,0.000812,0.000871,0.000243,0.020573,WAIT_APPROACH_CONFIRM
8.962000,0.407451,-0.202750,-0.096064,0.001632,0.001101,0.000540,0.021750,WAIT_APPROACH_CONFIRM
8.963000,0.407449,-0.202752,-0.096064,0.000177,0.000199,-0.000036,0.022557,WAIT_APPROACH_CONFIRM
8.964000,0.407447,-0.202752,-0.096065,-0.000091,0.000231,0.000017,0.023066,WAIT_APPROACH_CONFIRM
8.965000,0.407450,-0.202753,-0.096063,0.000582,-0.000281,0.000578,0.023360,WAIT_APPROACH_CONFIRM
8.966000,0.407452,-0.202752,-0.096063,0.000759,0.000227,0.000294,0.023526,WAIT_APPROACH_CONFIRM
8.967000,0.407453,-0.202751,-0.096063,0.000599,0.000208,0.000381,0.023655,WAIT_APPROACH_CONFIRM
8.968000,0.407449,-0.202753,-0.096065,-0.001336,-0.000330,-0.000504,0.023828,WAIT_APPROACH_CONFIRM
8.969000,0.407450,-0.202753,-0.096063,-0.000430,-0.000484,0.000150,0.024082,WAIT_APPROACH_CONFIRM
8.970000,0.407450,-0.202750,-0.096064,-0.000565,0.000623,-0.000338,0.024407,WAIT_APPROACH_CONFIRM
8.971000,0.407446,-0.202748,-0.096067,-0.002089,0.000934,-0.001288,0.024755,WAIT_APPROACH_CONFIRM
8.972000,0.407449,-0.202752,-0.096064,-0.000827,-0.000530,-0.000053,0.025042,WAIT_APPROACH_CONFIRM
8.973000,0.407452,-0.202751,-0.096063,-0.000230,-0.000163,0.000094,0.025173,WAIT_APPROACH_CONFIRM
8.974000,0.407451,-0.202752,-0.096064,-0.001249,-0.000295,-0.000710,0.025082,WAIT_APPROACH_CONFIRM
8.975000,0.407451,-0.202752,-0.096063,-0.001374,-0.000453,-0.000511,0.024738,WAIT_APPROACH_CONFIRM
8.976000,0.407454,-0.202752,-0.096062,0.000420,-0.000251,0.000201,0.024127,WAIT_APPROACH_CONFIRM
8.977000,0.407454,-0.202750,-0.096062,0.000185,0.000286,-0.000087,0.023241,WAIT_APPROACH_CONFIRM
8.978000,0.407451,-0.202753,-0.096063,-0.000332,-0.000268,-0.000324,0.022099,WAIT_APPROACH_CONFIRM
8.979000,0.407454,-0.202751,-0.096062,0.000797,0.000389,0.000261,0.020731,WAIT_APPROACH_CONFIRM
8.980000,0.407449,-0.202751,-0.096065,-0.000589,0.000860,-0.000776,0.019173,WAIT_APPROACH_CONFIRM
8.981000,0.407453,-0.202753,-0.096063,0.000982,-0.000043,0.000123,0.017470,WAIT_APPROACH_CONFIRM
8.982000,0.407452,-0.202753,-0.096062,0.000014,-0.000005,0.000078,0.015663,WAIT_APPROACH_CONFIRM
8.983000,0.407452,-0.202751,-0.096063,-0.000359,0.000689,-0.000543,0.013806,WAIT_APPROACH_CONFIRM
8.984000,0.407452,-0.202751,-0.096062,-0.000217,0.000273,-0.000083,0.011975,WAIT_APPROACH_CONFIRM
8.985000,0.407454,-0.202752,-0.096062,0.000176,-0.000130,0.000155,0.010240,WAIT_APPROACH_CONFIRM
8.986000,0.407449,-0.202750,-0.096065,-0.001463,0.000731,-0.000932,0.008653,WAIT_APPROACH_CONFIRM
8.987000,0.407451,-0.202753,-0.096063,-0.000302,-0.000432,0.000179,0.007240,WAIT_APPROACH_CONFIRM
8.988000,0.407451,-0.202753,-0.096063,0.000291,-0.000604,0.000443,0.006004,WAIT_APPROACH_CONFIRM
8.989000,0.407452,-0.202752,-0.096062,0.000172,-0.000467,0.000331,0.004958,WAIT_APPROACH_CONFIRM
8.990000,0.407454,-0.202752,-0.096062,0.000870,-0.000337,0.000468,0.004139,WAIT_APPROACH_CONFIRM
8.991000,0.407452,-0.202751,-0.096063,-0.000591,0.000225,-0.000373,0.003600,WAIT_APPROACH_CONFIRM
8.992000,0.407452,-0.202752,-0.096063,-0.000138,-0.000355,0.000075,0.003372,WAIT_APPROACH_CONFIRM
8.993000,0.407449,-0.202751,-0.096065,-0.001405,0.000032,-0.000872,0.003446,WAIT_APPROACH_CONFIRM
8.994000,0.407453,-0.202752,-0.096063,-0.000032,-0.000076,0.000018,0.003759,WAIT_APPROACH_CONFIRM
8.995000,0.407451,-0.202750,-0.096064,-0.001205,0.000353,-0.000881,0.004210,WAIT_APPROACH_CONFIRM
8.996000,0.407451,-0.202753,-0.096063,-0.000475,-0.000579,0.000007,0.004680,WAIT_APPROACH_CONFIRM
8.997000,0.407449,-0.202753,-0.096064,-0.001790,-0.000604,-0.000796,0.005060,WAIT_APPROACH_CONFIRM
8.998000,0.407453,-0.202753,-0.096063,0.000091,-0.000300,0.000103,0.005261,WAIT_APPROACH_CONFIRM
8.999000,0.407456,-0.202752,-0.096060,0.001187,0.000336,0.000761,0.005241,WAIT_APPROACH_CONFIRM
9.000000,0.407453,-0.202752,-0.096062,0.000474,0.000301,0.000190,0.005029,WAIT_APPROACH_CONFIRM
9.001000,0.407455,-0.202753,-0.096060,0.001837,0.000110,0.001243,0.004736,WAIT_APPROACH_CONFIRM
9.002000,0.407454,-0.202750,-0.096062,0.001128,0.000496,0.000211,0.004527,WAIT_APPROACH_CONFIRM
9.003000,0.407452,-0.202751,-0.096063,0.000031,0.000191,-0.000218,0.004564,WAIT_APPROACH_CONFIRM
9.004000,0.407450,-0.202752,-0.096064,-0.000557,0.000027,-0.000353,0.004938,WAIT_APPROACH_CONFIRM
9.005000,0.407450,-0.202754,-0.096065,-0.000472,-0.000752,-0.000470,0.005639,WAIT_APPROACH_CONFIRM
9.006000,0.407453,-0.202751,-0.096063,0.000852,0.000717,0.000041,0.006567,WAIT_APPROACH_CONFIRM
9.007000,0.407453,-0.202753,-0.096062,0.000246,-0.000263,0.000303,0.007596,WAIT_APPROACH_CONFIRM
9.008000,0.407451,-0.202752,-0.096063,-0.000058,0.000236,-0.000211,0.008631,WAIT_APPROACH_CONFIRM
9.009000,0.407455,-0.202753,-0.096061,0.001157,-0.000210,0.000592,0.009628,WAIT_APPROACH_CONFIRM
9.010000,0.407453,-0.202752,-0.096062,0.001619,0.000175,0.000702,0.010583,WAIT_APPROACH_CONFIRM
9.011000,0.407449,-0.202750,-0.096065,-0.000886,0.000345,-0.000657,0.011520,WAIT_APPROACH_CONFIRM
9.012000,0.407450,-0.202750,-0.096065,0.000028,0.000271,-0.000205,0.012457,WAIT_APPROACH_CONFIRM
9.013000,0.407451,-0.202753,-0.096063,-0.000320,-0.000261,-0.000206,0.013380,WAIT_APPROACH_CONFIRM
9.014000,0.407445,-0.202752,-0.096066,-0.002151,-0.000195,-0.001021,0.014243,WAIT_APPROACH_CONFIRM
9.015000,0.407450,-0.202751,-0.096064,-0.000083,0.000204,0.000082,0.014985,WAIT_APPROACH_CONFIRM
9.016000,0.407453,-0.202752,-0.096063,0.000883,-0.000090,0.000363,0.015552,WAIT_APPROACH_CONFIRM
9.017000,0.407454,-0.202751,-0.096063,0.001051,0.000419,0.000250,0.015929,WAIT_APPROACH_CONFIRM
9.018000,0.407454,-0.202750,-0.096063,0.000878,0.000695,0.000261,0.016147,WAIT_APPROACH_CONFIRM
9.019000,0.407455,-0.202749,-0.096062,0.001305,0.001363,0.000137,0.016268,WAIT_APPROACH_CONFIRM
9.020000,0.407450,-0.202753,-0.096063,-0.000661,-0.000249,-0.000235,0.016364,WAIT_APPROACH_CONFIRM
9.021000,0.407453,-0.202753,-0.096062,0.000243,-0.000363,0.000260,0.016492,WAIT_APPROACH_CONFIRM
9.022000,0.407453,-0.202750,-0.096063,0.000708,0.000584,0.000251,0.016682,WAIT_APPROACH_CONFIRM
9.023000,0.407450,-0.202753,-0.096064,-0.000651,-0.000565,-0.000430,0.016946,WAIT_APPROACH_CONFIRM
9.024000,0.407452,-0.202753,-0.096062,0.001176,-0.000120,0.000671,0.017270,WAIT_APPROACH_CONFIRM
9.025000,0.407453,-0.202753,-0.096062,0.001675,0.000117,0.000599,0.017629,WAIT_APPROACH_CONFIRM
9.026000,0.407453,-0.202752,-0.096062,0.001853,0.000255,0.000578,0.018014,WAIT_APPROACH_CONFIRM
9.027000,0.407453,-0.202751,-0.096063,0.001124,0.000661,0.000254,0.018446,WAIT_APPROACH_CONFIRM
9.028000,0.407454,-0.202751,-0.096063,0.001226,0.000268,0.000241,0.018955,WAIT_APPROACH_CONFIRM
9.029000,0.407453,-0.202751,-0.096063,0.000649,0.000294,0.000144,0.019556,WAIT_APPROACH_CONFIRM
9.030000,0.407456,-0.202751,-0.096060,0.001909,-0.000101,0.001007,0.020256,WAIT_APPROACH_CONFIRM
9.031000,0.407450,-0.202749,-0.096066,-0.000669,0.000605,-0.001040,0.021050,WAIT_APPROACH_CONFIRM
9.032000,0.407451,-0.202752,-0.096063,0.000354,-0.000481,0.000321,0.021906,WAIT_APPROACH_CONFIRM
9.033000,0.407454,-0.202751,-0.096062,0.000882,-0.000122,0.000456,0.022749,WAIT_APPROACH_CONFIRM
9.034000,0.407453,-0.202750,-0.096063,-0.000114,-0.000085,0.000210,0.023503,WAIT_APPROACH_CONFIRM
9.035000,0.407452,-0.202752,-0.096063,-0.000443,-0.000498,0.000249,0.024136,WAIT_APPROACH_CONFIRM
9.036000,0.407454,-0.202750,-0.096063,0.000209,0.000279,0.000193,0.024652,WAIT_APPROACH_CONFIRM
9.037000,0.407451,-0.202751,-0.096064,-0.000471,-0.000020,-0.000157,0.025073,WAIT_APPROACH_CONFIRM
9.038000,0.407450,-0.202752,-0.096064,-0.000349,-0.000306,-0.000046,0.025420,WAIT_APPROACH_CONFIRM
9.039000,0.407449,-0.202750,-0.096065,-0.000066,0.000436,-0.000164,0.025694,WAIT_APPROACH_CONFIRM
9.040000,0.407452,-0.202751,-0.096064,0.001271,0.000094,0.000501,0.025884,WAIT_APPROACH_CONFIRM
9.041000,0.407454,-0.202754,-0.096061,0.002474,-0.000821,0.001555,0.025994,WAIT_APPROACH_CONFIRM
9.042000,0.407449,-0.202751,-0.096064,0.000557,0.000172,0.000094,0.026082,WAIT_APPROACH_CONFIRM
9.043000,0.407451,-0.202749,-0.096065,0.000462,0.001204,-0.000383,0.026230,WAIT_APPROACH_CONFIRM
9.044000,0.407450,-0.202749,-0.096066,-0.000389,0.000889,-0.000817,0.026469,WAIT_APPROACH_CONFIRM
9.045000,0.407452,-0.202752,-0.096063,0.000954,-0.000411,0.000529,0.026731,WAIT_APPROACH_CONFIRM
9.046000,0.407447,-0.202752,-0.096065,-0.000874,-0.000482,-0.000625,0.026899,WAIT_APPROACH_CONFIRM
9.047000,0.407451,-0.202752,-0.096063,0.000474,-0.000259,0.000204,0.026866,WAIT_APPROACH_CONFIRM
9.048000,0.407452,-0.202750,-0.096063,0.000830,0.000149,0.000203,0.026555,WAIT_APPROACH_CONFIRM
9.049000,0.407455,-0.202753,-0.096061,0.001400,-0.000586,0.000701,0.025932,WAIT_APPROACH_CONFIRM
9.050000,0.407451,-0.202749,-0.096064,0.000674,0.000669,0.000144,0.025025,WAIT_APPROACH_CONFIRM
9.051000,0.407451,-0.202751,-0.096063,0.000563,-0.000100,0.000318,0.023911,WAIT_APPROACH_CONFIRM
9.052000,0.407452,-0.202753,-0.096062,0.001571,-0.000809,0.000926,0.022694,WAIT_APPROACH_CONFIRM
9.053000,0.407450,-0.202753,-0.096064,-0.000258,-0.000267,-0.000164,0.021477,WAIT_APPROACH_CONFIRM
9.054000,0.407450,-0.202752,-0.096064,-0.000273,0.000128,-0.000201,0.020337,WAIT_APPROACH_CONFIRM
9.055000,0.407451,-0.202752,-0.096063,0.000792,-0.000235,0.000591,0.019307,WAIT_APPROACH_CONFIRM
9.056000,0.407449,-0.202751,-0.096065,-0.000341,0.000499,-0.000436,0.018384,WAIT_APPROACH_CONFIRM
9.057000,0.407454,-0.202753,-0.096062,0.001868,-0.000285,0.001146,0.017562,WAIT_APPROACH_CONFIRM
9.058000,0.407451,-0.202755,-0.096063,0.000743,-0.000647,0.000353,0.016846,WAIT_APPROACH_CONFIRM
9.059000,0.407450,-0.202752,-0.096064,-0.000220,0.000487,-0.000212,0.016253,WAIT_APPROACH_CONFIRM
9.060000,0.407451,-0.202752,-0.096062,-0.000223,0.000198,0.000064,0.015788,WAIT_APPROACH_CONFIRM
9.061000,0.407452,-0.202753,-0.096062,0.000752,-0.000335,0.000532,0.015437,WAIT_APPROACH_CONFIRM
9.062000,0.407450,-0.202753,-0.096063,-0.000775,0.000419,-0.000427,0.015181,WAIT_APPROACH_CONFIRM
9.063000,0.407454,-0.202754,-0.096060,0.000049,0.000157,0.000558,0.015012,WAIT_APPROACH_CONFIRM
9.064000,0.407453,-0.202752,-0.096063,0.000147,0.000755,-0.000226,0.014927,WAIT_APPROACH_CONFIRM
9.065000,0.407454,-0.202751,-0.096063,0.000056,0.000570,-0.000185,0.014915,WAIT_APPROACH_CONFIRM
9.066000,0.407457,-0.202752,-0.096060,0.001673,0.000466,0.000991,0.014952,WAIT_APPROACH_CONFIRM
9.067000,0.407452,-0.202752,-0.096063,0.000080,0.000263,0.000020,0.015020,WAIT_APPROACH_CONFIRM
9.068000,0.407452,-0.202753,-0.096062,0.000802,-0.000213,0.000619,0.015133,WAIT_APPROACH_CONFIRM
9.069000,0.407452,-0.202753,-0.096062,0.000049,-0.000029,0.000272,0.015327,WAIT_APPROACH_CONFIRM
9.070000,0.407453,-0.202752,-0.096061,0.000394,0.000493,0.000681,0.015636,WAIT_APPROACH_CONFIRM
9.071000,0.407450,-0.202754,-0.096062,-0.000733,-0.000641,0.000317,0.016105,WAIT_APPROACH_CONFIRM
9.072000,0.407450,-0.202753,-0.096062,-0.000919,-0.000371,0.000066,0.016782,WAIT_APPROACH_CONFIRM
9.073000,0.407451,-0.202752,-0.096063,-0.001003,0.000083,-0.000242,0.017702,WAIT_APPROACH_CONFIRM
9.074000,0.407452,-0.202754,-0.096062,-0.000360,-0.000709,0.000339,0.018860,WAIT_APPROACH_CONFIRM
9.075000,0.407454,-0.202753,-0.096061,-0.000017,-0.000294,0.000330,0.020219,WAIT_APPROACH_CONFIRM
