t,x,y,z,vx,vy,vz,Fz,phase
0.000000,0.554499,-0.000000,0.264962,0.000000,0.000000,0.000000,-0.068864,WAIT_USER_CONFIRM
0.002000,0.554499,-0.000000,0.264962,0.000000,0.000000,0.000000,-8.380134,WAIT_USER_CONFIRM
0.004000,0.554499,-0.000000,0.264962,0.000000,0.000000,0.000000,-8.380134,WAIT_USER_CONFIRM
0.006000,0.554499,-0.000000,0.264962,0.000000,0.000000,0.000000,-8.380134,WAIT_USER_CONFIRM
0.008000,0.554499,-0.000000,0.264962,0.000000,0.000000,0.000000,-8.380134,WAIT_USER_CONFIRM
0.010000,0.554499,-0.000000,0.264962,0.000000,0.000000,0.000000,-8.380134,WAIT_USER_CONFIRM
0.012000,0.554499,-0.000000,0.264962,0.000000,0.000000,0.000000,-8.380134,WAIT_USER_CONFIRM
0.014000,0.554499,-0.000000,0.264962,0.000000,0.000000,0.000000,-8.380134,WAIT_USER_CONFIRM
0.016000,0.554499,-0.000000,0.264962,0.000000,0.000000,0.000000,-8.380134,WAIT_USER_CONFIRM
0.018000,0.554499,-0.000000,0.264962,0.000000,0.000000,0.000000,-8.380134,WAIT_USER_CONFIRM
0.020000,0.554499,-0.000000,0.264962,0.000000,0.000000,0.000000,-8.380134,WAIT_USER_CONFIRM
0.022000,0.554499,-0.000000,0.264962,0.000000,0.000000,0.000000,-8.380134,WAIT_USER_CONFIRM
0.024000,0.554499,-0.000000,0.264962,0.000000,0.000000,0.000000,-8.380134,WAIT_USER_CONFIRM
0.026000,0.554499,-0.000000,0.264962,0.000000,0.000000,0.000000,-8.380134,WAIT_USER_CONFIRM
0.028000,0.554499,-0.000000,0.264962,0.000000,0.000000,0.000000,-8.380134,WAIT_USER_CONFIRM
0.030000,0.554499,-0.000000,0.264962,0.000000,0.000000,0.000000,-8.380134,WAIT_USER_CONFIRM
0.032000,0.554499,-0.000000,0.264962,0.000000,0.000000,0.000000,-8.380134,WAIT_USER_CONFIRM
0.034000,0.554499,-0.000000,0.264962,0.000000,0.000000,0.000000,-8.380134,WAIT_USER_CONFIRM
0.036000,0.554499,-0.000000,0.264962,0.000000,0.000000,0.000000,-8.380134,WAIT_USER_CONFIRM
0.038000,0.554499,-0.000000,0.264962,0.000000,0.000000,0.000000,-8.380134,WAIT_USER_CONFIRM
0.040000,0.554499,-0.000000,0.264962,0.000000,0.000000,0.000000,-8.380134,WAIT_USER_CONFIRM
0.042000,0.554499,-0.000000,0.264962,0.000000,0.000000,0.000000,-8.380134,WAIT_USER_CONFIRM
0.044000,0.554499,-0.000000,0.264962,0.000000,0.000000,0.000000,-8.380134,WAIT_USER_CONFIRM
0.046000,0.554499,-0.000000,0.264962,0.000000,0.000000,0.000000,-8.380134,WAIT_USER_CONFIRM
0.048000,0.554499,-0.000000,0.264962,0.000000,0.000000,0.000000,-8.380134,WAIT_USER_CONFIRM
0.050000,0.554499,-0.000000,0.264962,0.000000,0.000000,0.000000,-8.380134,WAIT_USER_CONFIRM
0.052000,0.554499,-0.000000,0.264962,0.000000,0.000000,0.000000,-8.380134,WAIT_USER_CONFIRM
0.054000,0.554499,-0.000000,0.264962,0.000000,0.000000,0.000000,-8.380134,WAIT_USER_CONFIRM
0.056000,0.554499,-0.000000,0.264962,0.000000,0.000000,0.000000,-8.380134,WAIT_USER_CONFIRM
0.058000,0.554499,-0.000000,0.264962,0.000000,0.000000,0.000000,-8.380134,WAIT_USER_CONFIRM
0.060000,0.554499,-0.000000,0.264962,0.000000,0.000000,0.000000,-8.380134,WAIT_USER_CONFIRM
0.062000,0.554499,-0.000000,0.264962,0.000000,0.000000,0.000000,-8.380134,WAIT_USER_CONFIRM
0.064000,0.554499,-0.000000,0.264962,0.000000,0.000000,0.000000,-8.380134,WAIT_USER_CONFIRM
0.066000,0.554499,-0.000000,0.264962,0.000000,0.000000,0.000000,-8.380134,WAIT_USER_CONFIRM
0.068000,0.554499,-0.000000,0.264962,0.000000,0.000000,0.000000,-8.380134,WAIT_USER_CONFIRM
0.070000,0.554499,-0.000000,0.264962,0.000000,0.000000,0.000000,-8.380134,WAIT_USER_CONFIRM
0.072000,0.554499,-0.000000,0.264962,0.000000,0.000000,0.000000,-8.380134,WAIT_USER_CONFIRM
0.074000,0.554499,-0.000000,0.264962,0.000000,0.000000,0.000000,-8.380134,WAIT_USER_CONFIRM
0.076000,0.554499,-0.000000,0.264962,0.000000,0.000000,0.000000,-8.380134,WAIT_USER_CONFIRM
0.078000,0.554499,-0.000000,0.264962,0.000000,0.000000,0.000000,-8.380134,WAIT_USER_CONFIRM
0.080000,0.554499,-0.000000,0.264962,0.000000,0.000000,0.000000,-8.380134,WAIT_USER_CONFIRM
0.082000,0.554499,-0.000000,0.264962,0.000000,0.000000,0.000000,-8.380134,WAIT_USER_CONFIRM
0.084000,0.554499,-0.000000,0.264962,0.000000,0.000000,0.000000,-8.380134,WAIT_USER_CONFIRM
0.086000,0.554499,-0.000000,0.264962,0.000000,0.000000,0.000000,-8.380134,WAIT_USER_CONFIRM
0.088000,0.554499,-0.000000,0.264962,0.000000,0.000000,0.000000,-8.380134,WAIT_USER_CONFIRM
0.090000,0.554499,-0.000000,0.264962,0.000000,0.000000,0.000000,-8.380134,WAIT_USER_CONFIRM
0.092000,0.554499,-0.000000,0.264962,0.000000,0.000000,0.000000,-8.380134,WAIT_USER_CONFIRM
0.094000,0.554499,-0.000000,0.264962,0.000000,0.000000,0.000000,-8.380134,WAIT_USER_CONFIRM
0.096000,0.554499,-0.000000,0.264962,0.000000,0.000000,0.000000,-8.380134,WAIT_USER_CONFIRM
0.098000,0.554499,-0.000000,0.264962,0.000000,0.000000,0.000000,-8.380134,WAIT_USER_CONFIRM
0.100000,0.554499,-0.000000,0.264962,0.000000,0.000000,0.000000,-8.380134,WAIT_USER_CONFIRM
0.102000,0.554499,-0.000000,0.264962,0.000000,0.000000,0.000000,-8.380134,WAIT_USER_CONFIRM
0.104000,0.554499,-0.000000,0.264962,0.000000,0.000000,0.000000,-8.380134,WAIT_USER_CONFIRM
0.106000,0.554499,-0.000000,0.264962,0.000000,0.000000,0.000000,-8.380134,WAIT_USER_CONFIRM
0.108000,0.554499,-0.000000,0.264962,0.000000,0.000000,0.000000,-8.380134,WAIT_USER_CONFIRM
0.110000,0.554499,-0.000000,0.264962,0.000000,0.000000,0.000000,-8.380134,WAIT_USER_CONFIRM
0.112000,0.554499,-0.000000,0.264962,0.000000,0.000000,0.000000,-8.380134,WAIT_USER_CONFIRM
0.114000,0.554499,-0.000000,0.264962,0.000000,0.000000,0.000000,-8.380134,WAIT_USER_CONFIRM
0.116000,0.554499,-0.000000,0.264962,0.000000,0.000000,0.000000,-8.380134,WAIT_USER_CONFIRM
0.118000,0.554499,-0.000000,0.264962,0.000000,0.000000,0.000000,-8.380134,WAIT_USER_CONFIRM
0.120000,0.554499,-0.000000,0.264962,0.000000,0.000000,0.000000,-8.380134,WAIT_USER_CONFIRM
0.122000,0.554499,-0.000000,0.264962,0.000000,0.000000,0.000000,-8.380134,WAIT_USER_CONFIRM
0.124000,0.554499,-0.000000,0.264962,0.000000,0.000000,0.000000,-8.380134,WAIT_USER_CONFIRM
0.126000,0.554499,-0.000000,0.264962,0.000000,0.000000,0.000000,-8.380134,WAIT_USER_CONFIRM
0.128000,0.554499,-0.000000,0.264962,0.000000,0.000000,0.000000,-8.380134,WAIT_USER_CONFIRM
0.130000,0.554499,-0.000000,0.264962,0.000000,0.000000,0.000000,-8.380134,WAIT_USER_CONFIRM
0.132000,0.554499,-0.000000,0.264962,0.000000,0.000000,0.000000,-8.380134,WAIT_USER_CONFIRM
0.134000,0.554499,-0.000000,0.264962,0.000000,0.000000,0.000000,-8.380134,WAIT_USER_CONFIRM
0.136000,0.554499,-0.000000,0.264962,0.000000,0.000000,0.000000,-8.380134,WAIT_USER_CONFIRM
0.138000,0.554499,-0.000000,0.264962,0.000000,0.000000,0.000000,-8.380134,WAIT_USER_CONFIRM
0.140000,0.554499,-0.000000,0.264962,0.000000,0.000000,0.000000,-8.380134,WAIT_USER_CONFIRM
0.142000,0.554499,-0.000000,0.264962,0.000000,0.000000,0.000000,-8.380134,WAIT_USER_CONFIRM
0.144000,0.554499,-0.000000,0.264962,0.000000,0.000000,0.000000,-8.380134,WAIT_USER_CONFIRM
0.146000,0.554499,-0.000000,0.264962,0.000000,0.000000,0.000000,-8.380134,WAIT_USER_CONFIRM
0.148000,0.554499,-0.000000,0.264962,0.000000,0.000000,0.000000,-8.380134,WAIT_USER_CONFIRM
0.150000,0.554499,-0.000000,0.264962,0.000000,0.000000,0.000000,-8.380134,WAIT_USER_CONFIRM
0.152000,0.554499,-0.000000,0.264962,0.000000,0.000000,0.000000,-8.380134,WAIT_USER_CONFIRM
0.154000,0.554499,-0.000000,0.264962,0.000000,0.000000,0.000000,-8.380134,WAIT_USER_CONFIRM
0.156000,0.554499,-0.000000,0.264962,0.000000,0.000000,0.000000,-8.380134,WAIT_USER_CONFIRM
0.158000,0.554499,-0.000000,0.264962,0.000000,0.000000,0.000000,-8.380134,WAIT_USER_CONFIRM
0.160000,0.554499,-0.000000,0.264962,0.000000,0.000000,0.000000,-8.380134,WAIT_USER_CONFIRM
0.162000,0.554499,-0.000000,0.264962,0.000000,0.000000,0.000000,-8.380134,WAIT_USER_CONFIRM
0.164000,0.554499,-0.000000,0.264962,0.000000,0.000000,0.000000,-8.380134,WAIT_USER_CONFIRM
0.166000,0.554499,-0.000000,0.264962,0.000000,0.000000,0.000000,-8.380134,WAIT_USER_CONFIRM
0.168000,0.554499,-0.000000,0.264962,0.000000,0.000000,0.000000,-8.380134,WAIT_USER_CONFIRM
0.170000,0.554499,-0.000000,0.264962,0.000000,0.000000,0.000000,-8.380134,WAIT_USER_CONFIRM
0.172000,0.554499,-0.000000,0.264962,0.000000,0.000000,0.000000,-8.380134,WAIT_USER_CONFIRM
0.174000,0.554499,-0.000000,0.264962,0.000000,0.000000,0.000000,-8.380134,WAIT_USER_CONFIRM
0.176000,0.554499,-0.000000,0.264962,0.000000,0.000000,0.000000,-8.380134,WAIT_USER_CONFIRM
0.178000,0.554499,-0.000000,0.264962,0.000000,0.000000,0.000000,-8.380134,WAIT_USER_CONFIRM
0.180000,0.554499,-0.000000,0.264962,0.000000,0.000000,0.000000,-8.380134,WAIT_USER_CONFIRM
0.182000,0.554499,-0.000000,0.264962,0.000000,0.000000,0.000000,-8.380134,WAIT_USER_CONFIRM
0.184000,0.554499,-0.000000,0.264962,0.000000,0.000000,0.000000,-8.380134,WAIT_USER_CONFIRM
0.186000,0.554499,-0.000000,0.264962,0.000000,0.000000,0.000000,-8.380134,WAIT_USER_CONFIRM
0.188000,0.554499,-0.000000,0.264962,0.000000,0.000000,0.000000,-8.380134,WAIT_USER_CONFIRM
0.190000,0.554499,-0.000000,0.264962,0.000000,0.000000,0.000000,-8.380134,WAIT_USER_CONFIRM
0.192000,0.554499,-0.000000,0.264962,0.000000,0.000000,0.000000,-8.380134,WAIT_USER_CONFIRM
0.194000,0.554499,-0.000000,0.264962,0.000000,0.000000,0.000000,-8.380134,WAIT_USER_CONFIRM
0.196000,0.554499,-0.000000,0.264962,0.000000,0.000000,0.000000,-8.380134,WAIT_USER_CONFIRM
0.198000,0.554499,-0.000000,0.264962,0.000000,0.000000,0.000000,-8.380134,WAIT_USER_CONFIRM
0.200000,0.554499,-0.000000,0.264962,0.000000,0.000000,0.000000,-8.380134,WAIT_USER_CONFIRM
0.202000,0.554499,-0.000000,0.264962,0.000000,0.000000,0.000000,-8.380134,WAIT_USER_CONFIRM
0.204000,0.554499,-0.000000,0.264962,0.000000,0.000000,0.000000,-8.380134,WAIT_USER_CONFIRM
0.206000,0.554499,-0.000000,0.264962,0.000000,0.000000,0.000000,-8.380134,WAIT_USER_CONFIRM
0.208000,0.554499,-0.000000,0.264962,0.000000,0.000000,0.000000,-8.380134,WAIT_USER_CONFIRM
0.210000,0.554499,-0.000000,0.264962,0.000000,0.000000,0.000000,-8.380134,WAIT_USER_CONFIRM
0.212000,0.554499,-0.000000,0.264962,0.000000,0.000000,0.000000,-8.380134,WAIT_USER_CONFIRM
0.214000,0.554499,-0.000000,0.264962,0.000000,0.000000,0.000000,-8.380134,WAIT_USER_CONFIRM
0.216000,0.554499,-0.000000,0.264962,0.000000,0.000000,0.000000,-8.380134,WAIT_USER_CONFIRM
0.218000,0.554499,-0.000000,0.264962,0.000000,0.000000,0.000000,-8.380134,WAIT_USER_CONFIRM
0.220000,0.554499,-0.000000,0.264962,0.000000,0.000000,0.000000,-8.380134,WAIT_USER_CONFIRM
0.222000,0.554499,-0.000000,0.264962,0.000000,0.000000,0.000000,-8.380134,WAIT_USER_CONFIRM
0.224000,0.554499,-0.000000,0.264962,0.000000,0.000000,0.000000,-8.380134,WAIT_USER_CONFIRM
0.226000,0.554499,-0.000000,0.264962,0.000000,0.000000,0.000000,-8.380134,WAIT_USER_CONFIRM
0.228000,0.554499,-0.000000,0.264962,0.000000,0.000000,0.000000,-8.380134,WAIT_USER_CONFIRM
0.230000,0.554499,-0.000000,0.264962,0.000000,0.000000,0.000000,-8.380134,WAIT_USER_CONFIRM
0.232000,0.554499,-0.000000,0.264962,0.000000,0.000000,0.000000,-8.380134,WAIT_USER_CONFIRM
0.234000,0.554499,-0.000000,0.264962,0.000000,0.000000,0.000000,-8.380134,WAIT_USER_CONFIRM
0.236000,0.554499,-0.000000,0.264962,0.000000,0.000000,0.000000,-8.380134,WAIT_USER_CONFIRM
0.238000,0.554499,-0.000000,0.264962,0.000000,0.000000,0.000000,-8.380134,WAIT_USER_CONFIRM
0.240000,0.554499,-0.000000,0.264962,0.000000,0.000000,0.000000,-8.380134,WAIT_USER_CONFIRM
0.242000,0.554499,-0.000000,0.264962,0.000000,0.000000,0.000000,-8.380134,WAIT_USER_CONFIRM
0.244000,0.554499,-0.000000,0.264962,0.000000,0.000000,0.000000,-8.380134,WAIT_USER_CONFIRM
0.246000,0.554499,-0.000000,0.264962,0.000000,0.000000,0.000000,-8.380134,WAIT_USER_CONFIRM
0.248000,0.554499,-0.000000,0.264962,0.000000,0.000000,0.000000,-8.380134,WAIT_USER_CONFIRM
0.250000,0.554499,-0.000000,0.264962,0.000000,0.000000,0.000000,-8.380134,WAIT_USER_CONFIRM
0.252000,0.554499,-0.000000,0.264962,0.000000,0.000000,0.000000,-8.380134,WAIT_USER_CONFIRM
0.254000,0.554499,-0.000000,0.264962,0.000000,0.000000,0.000000,-8.380134,WAIT_USER_CONFIRM
0.256000,0.554499,-0.000000,0.264962,0.000000,0.000000,0.000000,-8.380134,WAIT_USER_CONFIRM
0.258000,0.554499,-0.000000,0.264962,0.000000,0.000000,0.000000,-8.380134,WAIT_USER_CONFIRM
0.260000,0.554499,-0.000000,0.264962,0.000000,0.000000,0.000000,-8.380134,WAIT_USER_CONFIRM
0.262000,0.554499,-0.000000,0.264962,0.000000,0.000000,0.000000,-8.380134,WAIT_USER_CONFIRM
0.264000,0.554499,-0.000000,0.264962,0.000000,0.000000,0.000000,-8.380134,WAIT_USER_CONFIRM
0.266000,0.554499,-0.000000,0.264962,0.000000,0.000000,0.000000,-8.380134,WAIT_USER_CONFIRM
0.268000,0.554499,-0.000000,0.264962,0.000000,0.000000,0.000000,-8.380134,WAIT_USER_CONFIRM
0.270000,0.554499,-0.000000,0.264962,0.000000,0.000000,0.000000,-8.380134,WAIT_USER_CONFIRM
0.272000,0.554499,-0.000000,0.264962,0.000000,0.000000,0.000000,-8.380134,WAIT_USER_CONFIRM
0.274000,0.554499,-0.000000,0.264962,0.000000,0.000000,0.000000,-8.380134,WAIT_USER_CONFIRM
0.276000,0.554499,-0.000000,0.264962,0.000000,0.000000,0.000000,-8.380134,WAIT_USER_CONFIRM
0.278000,0.554499,-0.000000,0.264962,0.000000,0.000000,0.000000,-8.380134,WAIT_USER_CONFIRM
0.280000,0.554499,-0.000000,0.264962,0.000000,0.000000,0.000000,-8.380134,WAIT_USER_CONFIRM
0.282000,0.554499,-0.000000,0.264962,0.000000,0.000000,0.000000,-8.380134,WAIT_USER_CONFIRM
0.284000,0.554499,-0.000000,0.264962,0.000000,0.000000,0.000000,-8.380134,WAIT_USER_CONFIRM
0.286000,0.554499,-0.000000,0.264962,0.000000,0.000000,0.000000,-8.380134,WAIT_USER_CONFIRM
0.288000,0.554499,-0.000000,0.264962,0.000000,0.000000,0.000000,-8.380134,WAIT_USER_CONFIRM
0.290000,0.554499,-0.000000,0.264962,0.000000,0.000000,0.000000,-8.380134,WAIT_USER_CONFIRM
0.292000,0.554499,-0.000000,0.264962,0.000000,0.000000,0.000000,-8.380134,WAIT_USER_CONFIRM
0.294000,0.554499,-0.000000,0.264962,0.000000,0.000000,0.000000,-8.380134,WAIT_USER_CONFIRM
0.296000,0.554499,-0.000000,0.264962,0.000000,0.000000,0.000000,-8.380134,WAIT_USER_CONFIRM
0.298000,0.554499,-0.000000,0.264962,0.000000,0.000000,0.000000,-8.380134,WAIT_USER_CONFIRM
0.300000,0.554499,-0.000000,0.264962,0.000000,0.000000,0.000000,-8.380134,WAIT_USER_CONFIRM
0.302000,0.554499,-0.000000,0.264962,0.000000,0.000000,0.000000,-8.380134,WAIT_USER_CONFIRM
0.304000,0.554499,-0.000000,0.264962,0.000000,0.000000,0.000000,-8.380134,WAIT_USER_CONFIRM
0.306000,0.554499,-0.000000,0.264962,0.000000,0.000000,0.000000,-8.380134,WAIT_USER_CONFIRM
0.308000,0.554499,-0.000000,0.264962,0.000000,0.000000,0.000000,-8.380134,WAIT_USER_CONFIRM
0.310000,0.554499,-0.000000,0.264962,0.000000,0.000000,0.000000,-8.380134,WAIT_USER_CONFIRM
0.312000,0.554499,-0.000000,0.264962,0.000000,0.000000,0.000000,-8.380134,WAIT_USER_CONFIRM
0.314000,0.554499,-0.000000,0.264962,0.000000,0.000000,0.000000,-8.380134,WAIT_USER_CONFIRM
0.316000,0.554499,-0.000000,0.264962,0.000000,0.000000,0.000000,-8.380134,WAIT_USER_CONFIRM
0.318000,0.554499,-0.000000,0.264962,0.000000,0.000000,0.000000,-8.380134,WAIT_USER_CONFIRM
0.320000,0.554499,-0.000000,0.264962,0.000000,0.000000,0.000000,-8.380134,WAIT_USER_CONFIRM
0.322000,0.554499,-0.000000,0.264962,0.000000,0.000000,0.000000,-8.380134,WAIT_USER_CONFIRM
0.324000,0.554499,-0.000000,0.264962,0.000000,0.000000,0.000000,-8.380134,WAIT_USER_CONFIRM
0.326000,0.554499,-0.000000,0.264962,0.000000,0.000000,0.000000,-8.380134,WAIT_USER_CONFIRM
0.328000,0.554499,-0.000000,0.264962,0.000000,0.000000,0.000000,-8.380134,WAIT_USER_CONFIRM
0.330000,0.554499,-0.000000,0.264962,0.000000,0.000000,0.000000,-8.380134,WAIT_USER_CONFIRM
0.332000,0.554499,-0.000000,0.264962,0.000000,0.000000,0.000000,-8.380134,WAIT_USER_CONFIRM
0.334000,0.554499,-0.000000,0.264962,0.000000,0.000000,0.000000,-8.380134,WAIT_USER_CONFIRM
0.336000,0.554499,-0.000000,0.264962,0.000000,0.000000,0.000000,-8.380134,WAIT_USER_CONFIRM
0.338000,0.554499,-0.000000,0.264962,0.000000,0.000000,0.000000,-8.380134,WAIT_USER_CONFIRM
0.340000,0.554499,-0.000000,0.264962,0.000000,0.000000,0.000000,-8.380134,WAIT_USER_CONFIRM
0.342000,0.554499,-0.000000,0.264962,0.000000,0.000000,0.000000,-8.380134,WAIT_USER_CONFIRM
0.344000,0.554499,-0.000000,0.264962,0.000000,0.000000,0.000000,-8.380134,WAIT_USER_CONFIRM
0.346000,0.554499,-0.000000,0.264962,0.000000,0.000000,0.000000,-8.380134,WAIT_USER_CONFIRM
0.348000,0.554499,-0.000000,0.264962,0.000000,0.000000,0.000000,-8.380134,WAIT_USER_CONFIRM
0.350000,0.554499,-0.000000,0.264962,0.000000,0.000000,0.000000,-8.380134,WAIT_USER_CONFIRM
0.352000,0.554499,-0.000000,0.264962,0.000000,0.000000,0.000000,-8.380134,WAIT_USER_CONFIRM
0.354000,0.554499,-0.000000,0.264962,0.000000,0.000000,0.000000,-8.380134,WAIT_USER_CONFIRM
0.356000,0.554499,-0.000000,0.264962,0.000000,0.000000,0.000000,-8.380134,WAIT_USER_CONFIRM
0.358000,0.554499,-0.000000,0.264962,0.000000,0.000000,0.000000,-8.380134,WAIT_USER_CONFIRM
0.360000,0.554499,-0.000000,0.264962,0.000000,0.000000,0.000000,-8.380134,WAIT_USER_CONFIRM
0.362000,0.554499,-0.000000,0.264962,0.000000,0.000000,0.000000,-8.380134,WAIT_USER_CONFIRM
0.364000,0.554499,-0.000000,0.264962,0.000000,0.000000,0.000000,-8.380134,WAIT_USER_CONFIRM
0.366000,0.554499,-0.000000,0.264962,0.000000,0.000000,0.000000,-8.380134,WAIT_USER_CONFIRM
0.368000,0.554499,-0.000000,0.264962,0.000000,0.000000,0.000000,-8.380134,WAIT_USER_CONFIRM
0.370000,0.554499,-0.000000,0.264962,0.000000,0.000000,0.000000,-8.380134,WAIT_USER_CONFIRM
0.372000,0.554499,-0.000000,0.264962,0.000000,0.000000,0.000000,-8.380134,WAIT_USER_CONFIRM
0.374000,0.554499,-0.000000,0.264962,0.000000,0.000000,0.000000,-8.380134,WAIT_USER_CONFIRM
0.376000,0.554499,-0.000000,0.264962,0.000000,0.000000,0.000000,-8.380134,WAIT_USER_CONFIRM
0.378000,0.554499,-0.000000,0.264962,0.000000,0.000000,0.000000,-8.380134,WAIT_USER_CONFIRM
0.380000,0.554499,-0.000000,0.264962,0.000000,0.000000,0.000000,-8.380134,WAIT_USER_CONFIRM
0.382000,0.554499,-0.000000,0.264962,0.000000,0.000000,0.000000,-8.380134,WAIT_USER_CONFIRM
0.384000,0.554499,-0.000000,0.264962,0.000000,0.000000,0.000000,-8.380134,WAIT_USER_CONFIRM
0.386000,0.554499,-0.000000,0.264962,0.000000,0.000000,0.000000,-8.380134,WAIT_USER_CONFIRM
0.388000,0.554499,-0.000000,0.264962,0.000000,0.000000,0.000000,-8.380134,WAIT_USER_CONFIRM
0.390000,0.554499,-0.000000,0.264962,0.000000,0.000000,0.000000,-8.380134,WAIT_USER_CONFIRM
0.392000,0.554499,-0.000000,0.264962,0.000000,0.000000,0.000000,-8.380134,WAIT_USER_CONFIRM
0.394000,0.554499,-0.000000,0.264962,0.000000,0.000000,0.000000,-8.380134,WAIT_USER_CONFIRM
0.396000,0.554499,-0.000000,0.264962,0.000000,0.000000,0.000000,-8.380134,WAIT_USER_CONFIRM
0.398000,0.554499,-0.000000,0.264962,0.000000,0.000000,0.000000,-8.380134,WAIT_USER_CONFIRM
0.400000,0.554499,-0.000000,0.264962,0.000000,0.000000,0.000000,-8.380134,WAIT_USER_CONFIRM
0.402000,0.554499,-0.000000,0.264962,0.000000,0.000000,0.000000,-8.380134,WAIT_USER_CONFIRM
0.404000,0.554499,-0.000000,0.264962,0.000000,0.000000,0.000000,-8.380134,WAIT_USER_CONFIRM
0.406000,0.554499,-0.000000,0.264962,0.000000,0.000000,0.000000,-8.380134,WAIT_USER_CONFIRM
0.408000,0.554499,-0.000000,0.264962,0.000000,0.000000,0.000000,-8.380134,WAIT_USER_CONFIRM
0.410000,0.554499,-0.000000,0.264962,0.000000,0.000000,0.000000,-8.380134,WAIT_USER_CONFIRM
0.412000,0.554499,-0.000000,0.264962,0.000000,0.000000,0.000000,-8.380134,WAIT_USER_CONFIRM
0.414000,0.554499,-0.000000,0.264962,0.000000,0.000000,0.000000,-8.380134,WAIT_USER_CONFIRM
0.416000,0.554499,-0.000000,0.264962,0.000000,0.000000,0.000000,-8.380134,WAIT_USER_CONFIRM
0.418000,0.554499,-0.000000,0.264962,0.000000,0.000000,0.000000,-8.380134,WAIT_USER_CONFIRM
0.420000,0.554499,-0.000000,0.264962,0.000000,0.000000,0.000000,-8.380134,WAIT_USER_CONFIRM
0.422000,0.554499,-0.000000,0.264962,0.000000,0.000000,0.000000,-8.380134,WAIT_USER_CONFIRM
0.424000,0.554499,-0.000000,0.264962,0.000000,0.000000,0.000000,-8.380134,WAIT_USER_CONFIRM
0.426000,0.554499,-0.000000,0.264962,0.000000,0.000000,0.000000,-8.380134,WAIT_USER_CONFIRM
0.428000,0.554499,-0.000000,0.264962,0.000000,0.000000,0.000000,-8.380134,WAIT_USER_CONFIRM
0.430000,0.554499,-0.000000,0.264962,0.000000,0.000000,0.000000,-8.380134,WAIT_USER_CONFIRM
0.432000,0.554499,-0.000000,0.264962,0.000000,0.000000,0.000000,-8.380134,WAIT_USER_CONFIRM
0.434000,0.554499,-0.000000,0.264962,0.000000,0.000000,0.000000,-8.380134,WAIT_USER_CONFIRM
0.436000,0.554499,-0.000000,0.264962,0.000000,0.000000,0.000000,-8.380134,WAIT_USER_CONFIRM
0.438000,0.554499,-0.000000,0.264962,0.000000,0.000000,0.000000,-8.380134,WAIT_USER_CONFIRM
0.440000,0.554499,-0.000000,0.264962,0.000000,0.000000,0.000000,-8.380134,WAIT_USER_CONFIRM
0.442000,0.554499,-0.000000,0.264962,0.000000,0.000000,0.000000,-8.380134,WAIT_USER_CONFIRM
0.444000,0.554499,-0.000000,0.264962,0.000000,0.000000,0.000000,-8.380134,WAIT_USER_CONFIRM
0.446000,0.554499,-0.000000,0.264962,0.000000,0.000000,0.000000,-8.380134,WAIT_USER_CONFIRM
0.448000,0.554499,-0.000000,0.264962,0.000000,0.000000,0.000000,-8.380134,WAIT_USER_CONFIRM
0.450000,0.554499,-0.000000,0.264962,0.000000,0.000000,0.000000,-8.380134,WAIT_USER_CONFIRM
0.452000,0.554499,-0.000000,0.264962,0.000000,0.000000,0.000000,-8.380134,WAIT_USER_CONFIRM
0.454000,0.554499,-0.000000,0.264962,0.000000,0.000000,0.000000,-8.380134,WAIT_USER_CONFIRM
0.456000,0.554499,-0.000000,0.264962,0.000000,0.000000,0.000000,-8.380134,WAIT_USER_CONFIRM
0.458000,0.554499,-0.000000,0.264962,0.000000,0.000000,0.000000,-8.380134,WAIT_USER_CONFIRM
0.460000,0.554499,-0.000000,0.264962,0.000000,0.000000,0.000000,-8.380134,WAIT_USER_CONFIRM
0.462000,0.554499,-0.000000,0.264962,0.000000,0.000000,0.000000,-8.380134,WAIT_USER_CONFIRM
0.464000,0.554499,-0.000000,0.264962,0.000000,0.000000,0.000000,-8.380134,WAIT_USER_CONFIRM
0.466000,0.554499,-0.000000,0.264962,0.000000,0.000000,0.000000,-8.380134,WAIT_USER_CONFIRM
0.468000,0.554499,-0.000000,0.264962,0.000000,0.000000,0.000000,-8.380134,WAIT_USER_CONFIRM
0.470000,0.554499,-0.000000,0.264962,0.000000,0.000000,0.000000,-8.380134,WAIT_USER_CONFIRM
0.472000,0.554499,-0.000000,0.264962,0.000000,0.000000,0.000000,-8.380134,WAIT_USER_CONFIRM
0.474000,0.554499,-0.000000,0.264962,0.000000,0.000000,0.000000,-8.380134,WAIT_USER_CONFIRM
0.476000,0.554499,-0.000000,0.264962,0.000000,0.000000,0.000000,-8.380134,WAIT_USER_CONFIRM
0.478000,0.554499,-0.000000,0.264962,0.000000,0.000000,0.000000,-8.380134,WAIT_USER_CONFIRM
0.480000,0.554499,-0.000000,0.264962,0.000000,0.000000,0.000000,-8.380134,WAIT_USER_CONFIRM
0.482000,0.554499,-0.000000,0.264962,0.000000,0.000000,0.000000,-8.380134,WAIT_USER_CONFIRM
0.484000,0.554499,-0.000000,0.264962,0.000000,0.000000,0.000000,-8.380134,WAIT_USER_CONFIRM
0.486000,0.554499,-0.000000,0.264962,0.000000,0.000000,0.000000,-8.380134,WAIT_USER_CONFIRM
0.488000,0.554499,-0.000000,0.264962,0.000000,0.000000,0.000000,-8.380134,WAIT_USER_CONFIRM
0.490000,0.554499,-0.000000,0.264962,0.000000,0.000000,0.000000,-8.380134,WAIT_USER_CONFIRM
0.492000,0.554499,-0.000000,0.264962,0.000000,0.000000,0.000000,-8.380134,WAIT_USER_CONFIRM
0.494000,0.554499,-0.000000,0.264962,0.000000,0.000000,0.000000,-8.380134,WAIT_USER_CONFIRM
0.496000,0.554499,-0.000000,0.264962,0.000000,0.000000,0.000000,-8.380134,WAIT_USER_CONFIRM
0.498000,0.554499,-0.000000,0.264962,0.000000,0.000000,0.000000,-8.380134,WAIT_USER_CONFIRM
0.500000,0.554499,-0.000000,0.264962,0.000000,0.000000,0.000000,-8.380134,WAIT_USER_CONFIRM
0.502000,0.554499,-0.000000,0.264962,0.000000,0.000000,0.000000,-8.380134,WAIT_USER_CONFIRM
0.504000,0.554499,-0.000000,0.264962,0.000000,0.000000,0.000000,-8.380134,WAIT_USER_CONFIRM
0.506000,0.554499,-0.000000,0.264962,0.000000,0.000000,0.000000,-8.380134,WAIT_USER_CONFIRM
0.508000,0.554499,-0.000000,0.264962,0.000000,0.000000,0.000000,-8.380134,WAIT_USER_CONFIRM
0.510000,0.554499,-0.000000,0.264962,0.000000,0.000000,0.000000,-8.380134,WAIT_USER_CONFIRM
0.512000,0.554499,-0.000000,0.264962,0.000000,0.000000,0.000000,-8.380134,WAIT_USER_CONFIRM
0.514000,0.554499,-0.000000,0.264962,0.000000,0.000000,0.000000,-8.380134,WAIT_USER_CONFIRM
0.516000,0.554499,-0.000000,0.264962,0.000000,0.000000,0.000000,-8.380134,WAIT_USER_CONFIRM
0.518000,0.554499,-0.000000,0.264962,0.000000,0.000000,0.000000,-8.380134,WAIT_USER_CONFIRM
0.520000,0.554499,-0.000000,0.264962,0.000000,0.000000,0.000000,-8.380134,WAIT_USER_CONFIRM
0.522000,0.554499,-0.000000,0.264962,0.000000,0.000000,0.000000,-8.380134,WAIT_USER_CONFIRM
0.524000,0.554499,-0.000000,0.264962,0.000000,0.000000,0.000000,-8.380134,WAIT_USER_CONFIRM
0.526000,0.554499,-0.000000,0.264962,0.000000,0.000000,0.000000,-8.380134,WAIT_USER_CONFIRM
0.528000,0.554499,-0.000000,0.264962,0.000000,0.000000,0.000000,-8.380134,WAIT_USER_CONFIRM
0.530000,0.554499,-0.000000,0.264962,0.000000,0.000000,0.000000,-8.380134,WAIT_USER_CONFIRM
0.532000,0.554499,-0.000000,0.264962,0.000000,0.000000,0.000000,-8.380134,WAIT_USER_CONFIRM
0.534000,0.554499,-0.000000,0.264962,0.000000,0.000000,0.000000,-8.380134,WAIT_USER_CONFIRM
0.536000,0.554499,-0.000000,0.264962,0.000000,0.000000,0.000000,-8.380134,WAIT_USER_CONFIRM
0.538000,0.554499,-0.000000,0.264962,0.000000,0.000000,0.000000,-8.380134,WAIT_USER_CONFIRM
0.540000,0.554499,-0.000000,0.264962,0.000000,0.000000,0.000000,-8.380134,WAIT_USER_CONFIRM
0.542000,0.554499,-0.000000,0.264962,0.000000,0.000000,0.000000,-8.380134,WAIT_USER_CONFIRM
0.544000,0.554499,-0.000000,0.264962,0.000000,0.000000,0.000000,-8.380134,WAIT_USER_CONFIRM
0.546000,0.554499,-0.000000,0.264962,0.000000,0.000000,0.000000,-8.380134,WAIT_USER_CONFIRM
0.548000,0.554499,-0.000000,0.264962,0.000000,0.000000,0.000000,-8.380134,WAIT_USER_CONFIRM
0.550000,0.554499,-0.000000,0.264962,0.000000,0.000000,0.000000,-8.380134,WAIT_USER_CONFIRM
0.552000,0.554499,-0.000000,0.264962,0.000000,0.000000,0.000000,-8.380134,WAIT_USER_CONFIRM
0.554000,0.554499,-0.000000,0.264962,0.000000,0.000000,0.000000,-8.380134,WAIT_USER_CONFIRM
0.556000,0.554499,-0.000000,0.264962,0.000000,0.000000,0.000000,-8.380134,WAIT_USER_CONFIRM
0.558000,0.554499,-0.000000,0.264962,0.000000,0.000000,0.000000,-8.380134,WAIT_USER_CONFIRM
0.560000,0.554499,-0.000000,0.264962,0.000000,0.000000,0.000000,-8.380134,WAIT_USER_CONFIRM
0.562000,0.554499,-0.000000,0.264962,0.000000,0.000000,0.000000,-8.380134,WAIT_USER_CONFIRM
0.564000,0.554499,-0.000000,0.264962,0.000000,0.000000,0.000000,-8.380134,WAIT_USER_CONFIRM
0.566000,0.554499,-0.000000,0.264962,0.000000,0.000000,0.000000,-8.380134,WAIT_USER_CONFIRM
0.568000,0.554499,-0.000000,0.264962,0.000000,0.000000,0.000000,-8.380134,WAIT_USER_CONFIRM
0.570000,0.554499,-0.000000,0.264962,0.000000,0.000000,0.000000,-8.380134,WAIT_USER_CONFIRM
0.572000,0.554499,-0.000000,0.264962,0.000000,0.000000,0.000000,-8.380134,WAIT_USER_CONFIRM
0.574000,0.554499,-0.000000,0.264962,0.000000,0.000000,0.000000,-8.380134,WAIT_USER_CONFIRM
0.576000,0.554499,-0.000000,0.264962,0.000000,0.000000,0.000000,-8.380134,WAIT_USER_CONFIRM
0.578000,0.554499,-0.000000,0.264962,0.000000,0.000000,0.000000,-8.380134,WAIT_USER_CONFIRM
0.580000,0.554499,-0.000000,0.264962,0.000000,0.000000,0.000000,-8.380134,WAIT_USER_CONFIRM
0.582000,0.554499,-0.000000,0.264962,0.000000,0.000000,0.000000,-8.380134,WAIT_USER_CONFIRM
0.584000,0.554499,-0.000000,0.264962,0.000000,0.000000,0.000000,-8.380134,WAIT_USER_CONFIRM
0.586000,0.554499,-0.000000,0.264962,0.000000,0.000000,0.000000,-8.380134,WAIT_USER_CONFIRM
0.588000,0.554499,-0.000000,0.264962,0.000000,0.000000,0.000000,-8.380134,WAIT_USER_CONFIRM
0.590000,0.554499,-0.000000,0.264962,0.000000,0.000000,0.000000,-8.380134,WAIT_USER_CONFIRM
0.592000,0.554499,-0.000000,0.264962,0.000000,0.000000,0.000000,-8.380134,WAIT_USER_CONFIRM
0.594000,0.554499,-0.000000,0.264962,0.000000,0.000000,0.000000,-8.380134,WAIT_USER_CONFIRM
0.596000,0.554499,-0.000000,0.264962,0.000000,0.000000,0.000000,-8.380134,WAIT_USER_CONFIRM
0.598000,0.554499,-0.000000,0.264962,0.000000,0.000000,0.000000,-8.380134,WAIT_USER_CONFIRM
0.600000,0.554499,-0.000000,0.264962,0.000000,0.000000,0.000000,-8.380134,WAIT_USER_CONFIRM
0.602000,0.554499,-0.000000,0.264962,0.000000,0.000000,0.000000,-8.380134,WAIT_USER_CONFIRM
0.604000,0.554499,-0.000000,0.264962,0.000000,0.000000,0.000000,-8.380134,WAIT_USER_CONFIRM
0.606000,0.554499,-0.000000,0.264962,0.000000,0.000000,0.000000,-8.380134,WAIT_USER_CONFIRM
0.608000,0.554499,-0.000000,0.264962,0.000000,0.000000,0.000000,-8.380134,WAIT_USER_CONFIRM
0.610000,0.554499,-0.000000,0.264962,0.000000,0.000000,0.000000,-8.380134,WAIT_USER_CONFIRM
0.612000,0.554499,-0.000000,0.264962,0.000000,0.000000,0.000000,-8.380134,WAIT_USER_CONFIRM
0.614000,0.554499,-0.000000,0.264962,0.000000,0.000000,0.000000,-8.380134,WAIT_USER_CONFIRM
0.616000,0.554499,-0.000000,0.264962,0.000000,0.000000,0.000000,-8.380134,WAIT_USER_CONFIRM
0.618000,0.554499,-0.000000,0.264962,0.000000,0.000000,0.000000,-8.380134,WAIT_USER_CONFIRM
0.620000,0.554499,-0.000000,0.264962,0.000000,0.000000,0.000000,-8.380134,WAIT_USER_CONFIRM
0.622000,0.554499,-0.000000,0.264962,0.000000,0.000000,0.000000,-8.380134,WAIT_USER_CONFIRM
0.624000,0.554499,-0.000000,0.264962,0.000000,0.000000,0.000000,-8.380134,WAIT_USER_CONFIRM
0.626000,0.554499,-0.000000,0.264962,0.000000,0.000000,0.000000,-8.380134,WAIT_USER_CONFIRM
0.628000,0.554499,-0.000000,0.264962,0.000000,0.000000,0.000000,-8.380134,WAIT_USER_CONFIRM
0.630000,0.554499,-0.000000,0.264962,0.000000,0.000000,0.000000,-8.380134,WAIT_USER_CONFIRM
0.632000,0.554499,-0.000000,0.264962,0.000000,0.000000,0.000000,-8.380134,WAIT_USER_CONFIRM
0.634000,0.554499,-0.000000,0.264962,0.000000,0.000000,0.000000,-8.380134,WAIT_USER_CONFIRM
0.636000,0.554499,-0.000000,0.264962,0.000000,0.000000,0.000000,-8.380134,WAIT_USER_CONFIRM
0.638000,0.554499,-0.000000,0.264962,0.000000,0.000000,0.000000,-8.380134,WAIT_USER_CONFIRM
0.640000,0.554499,-0.000000,0.264962,0.000000,0.000000,0.000000,-8.380134,WAIT_USER_CONFIRM
0.642000,0.554499,-0.000000,0.264962,0.000000,0.000000,0.000000,-8.380134,WAIT_USER_CONFIRM
0.644000,0.554499,-0.000000,0.264962,0.000000,0.000000,0.000000,-8.380134,WAIT_USER_CONFIRM
0.646000,0.554499,-0.000000,0.264962,0.000000,0.000000,0.000000,-8.380134,WAIT_USER_CONFIRM
0.648000,0.554499,-0.000000,0.264962,0.000000,0.000000,0.000000,-8.380134,WAIT_USER_CONFIRM
0.650000,0.554499,-0.000000,0.264962,0.000000,0.000000,0.000000,-8.380134,WAIT_USER_CONFIRM
0.652000,0.554499,-0.000000,0.264962,0.000000,0.000000,0.000000,-8.380134,WAIT_USER_CONFIRM
0.654000,0.554499,-0.000000,0.264962,0.000000,0.000000,0.000000,-8.380134,WAIT_USER_CONFIRM
0.656000,0.554499,-0.000000,0.264962,0.000000,0.000000,0.000000,-8.380134,WAIT_USER_CONFIRM
0.658000,0.554499,-0.000000,0.264962,0.000000,0.000000,0.000000,-8.380134,WAIT_USER_CONFIRM
0.660000,0.554499,-0.000000,0.264962,0.000000,0.000000,0.000000,-8.380134,WAIT_USER_CONFIRM
0.662000,0.554499,-0.000000,0.264962,0.000000,0.000000,0.000000,-8.380134,WAIT_USER_CONFIRM
0.664000,0.554499,-0.000000,0.264962,0.000000,0.000000,0.000000,-8.380134,WAIT_USER_CONFIRM
0.666000,0.554499,-0.000000,0.264962,0.000000,0.000000,0.000000,-8.380134,WAIT_USER_CONFIRM
0.668000,0.554499,-0.000000,0.264962,0.000000,0.000000,0.000000,-8.380134,WAIT_USER_CONFIRM
0.670000,0.554499,-0.000000,0.264962,0.000000,0.000000,0.000000,-8.380134,WAIT_USER_CONFIRM
0.672000,0.554499,-0.000000,0.264962,0.000000,0.000000,0.000000,-8.380134,WAIT_USER_CONFIRM
0.674000,0.554499,-0.000000,0.264962,0.000000,0.000000,0.000000,-8.380134,WAIT_USER_CONFIRM
0.676000,0.554499,-0.000000,0.264962,0.000000,0.000000,0.000000,-8.380134,WAIT_USER_CONFIRM
0.678000,0.554499,-0.000000,0.264962,0.000000,0.000000,0.000000,-8.380134,WAIT_USER_CONFIRM
0.680000,0.554499,-0.000000,0.264962,0.000000,0.000000,0.000000,-8.380134,WAIT_USER_CONFIRM
0.682000,0.554499,-0.000000,0.264962,0.000000,0.000000,0.000000,-8.380134,WAIT_USER_CONFIRM
0.684000,0.554499,-0.000000,0.264962,0.000000,0.000000,0.000000,-8.380134,WAIT_USER_CONFIRM
0.686000,0.554499,-0.000000,0.264962,0.000000,0.000000,0.000000,-8.380134,WAIT_USER_CONFIRM
0.688000,0.554499,-0.000000,0.264962,0.000000,0.000000,0.000000,-8.380134,WAIT_USER_CONFIRM
0.690000,0.554499,-0.000000,0.264962,0.000000,0.000000,0.000000,-8.380134,WAIT_USER_CONFIRM
0.692000,0.554499,-0.000000,0.264962,0.000000,0.000000,0.000000,-8.380134,WAIT_USER_CONFIRM
0.694000,0.554499,-0.000000,0.264962,0.000000,0.000000,0.000000,-8.380134,WAIT_USER_CONFIRM
0.696000,0.554499,-0.000000,0.264962,0.000000,0.000000,0.000000,-8.380134,WAIT_USER_CONFIRM
0.698000,0.554499,-0.000000,0.264962,0.000000,0.000000,0.000000,-8.380134,WAIT_USER_CONFIRM
0.700000,0.554499,-0.000000,0.264962,0.000000,0.000000,0.000000,-8.380134,WAIT_USER_CONFIRM
0.702000,0.554499,-0.000000,0.264962,0.000000,0.000000,0.000000,-8.380134,WAIT_USER_CONFIRM
0.704000,0.554499,-0.000000,0.264962,0.000000,0.000000,0.000000,-8.380134,WAIT_USER_CONFIRM
0.706000,0.554499,-0.000000,0.264962,0.000000,0.000000,0.000000,-8.380134,WAIT_USER_CONFIRM
0.708000,0.554499,-0.000000,0.264962,0.000000,0.000000,0.000000,-8.380134,WAIT_USER_CONFIRM
0.710000,0.554499,-0.000000,0.264962,0.000000,0.000000,0.000000,-8.380134,WAIT_USER_CONFIRM
0.712000,0.554499,-0.000000,0.264962,0.000000,0.000000,0.000000,-8.380134,WAIT_USER_CONFIRM
0.714000,0.554499,-0.000000,0.264962,0.000000,0.000000,0.000000,-8.380134,WAIT_USER_CONFIRM
0.716000,0.554499,-0.000000,0.264962,0.000000,0.000000,0.000000,-8.380134,WAIT_USER_CONFIRM
0.718000,0.554499,-0.000000,0.264962,0.000000,0.000000,0.000000,-8.380134,WAIT_USER_CONFIRM
0.720000,0.554499,-0.000000,0.264962,0.000000,0.000000,0.000000,-8.380134,WAIT_USER_CONFIRM
0.722000,0.554499,-0.000000,0.264962,0.000000,0.000000,0.000000,-8.380134,WAIT_USER_CONFIRM
0.724000,0.554499,-0.000000,0.264962,0.000000,0.000000,0.000000,-8.380134,WAIT_USER_CONFIRM
0.726000,0.554499,-0.000000,0.264962,0.000000,0.000000,0.000000,-8.380134,WAIT_USER_CONFIRM
0.728000,0.554499,-0.000000,0.264962,0.000000,0.000000,0.000000,-8.380134,WAIT_USER_CONFIRM
0.730000,0.554499,-0.000000,0.264962,0.000000,0.000000,0.000000,-8.380134,WAIT_USER_CONFIRM
0.732000,0.554499,-0.000000,0.264962,0.000000,0.000000,0.000000,-8.380134,WAIT_USER_CONFIRM
0.734000,0.554499,-0.000000,0.264962,0.000000,0.000000,0.000000,-8.380134,WAIT_USER_CONFIRM
0.736000,0.554499,-0.000000,0.264962,0.000000,0.000000,0.000000,-8.380134,WAIT_USER_CONFIRM
0.738000,0.554499,-0.000000,0.264962,0.000000,0.000000,0.000000,-8.380134,WAIT_USER_CONFIRM
0.740000,0.554499,-0.000000,0.264962,0.000000,0.000000,0.000000,-8.380134,WAIT_USER_CONFIRM
0.742000,0.554499,-0.000000,0.264962,0.000000,0.000000,0.000000,-8.380134,WAIT_USER_CONFIRM
0.744000,0.554499,-0.000000,0.264962,0.000000,0.000000,0.000000,-8.380134,WAIT_USER_CONFIRM
0.746000,0.554499,-0.000000,0.264962,0.000000,0.000000,0.000000,-8.380134,WAIT_USER_CONFIRM
0.748000,0.554499,-0.000000,0.264962,0.000000,0.000000,0.000000,-8.380134,WAIT_USER_CONFIRM
0.750000,0.554499,-0.000000,0.264962,0.000000,0.000000,0.000000,-8.380134,WAIT_USER_CONFIRM
0.752000,0.554499,-0.000000,0.264962,0.000000,0.000000,0.000000,-8.380134,WAIT_USER_CONFIRM
0.754000,0.554499,-0.000000,0.264962,0.000000,0.000000,0.000000,-8.380134,WAIT_USER_CONFIRM
0.756000,0.554499,-0.000000,0.264962,0.000000,0.000000,0.000000,-8.380134,WAIT_USER_CONFIRM
0.758000,0.554499,-0.000000,0.264962,0.000000,0.000000,0.000000,-8.380134,WAIT_USER_CONFIRM
0.760000,0.554499,-0.000000,0.264962,0.000000,0.000000,0.000000,-8.380134,WAIT_USER_CONFIRM
0.762000,0.554499,-0.000000,0.264962,0.000000,0.000000,0.000000,-8.380134,WAIT_USER_CONFIRM
0.764000,0.554499,-0.000000,0.264962,0.000000,0.000000,0.000000,-8.380134,WAIT_USER_CONFIRM
0.766000,0.554499,-0.000000,0.264962,0.000000,0.000000,0.000000,-8.380134,WAIT_USER_CONFIRM
0.768000,0.554499,-0.000000,0.264962,0.000000,0.000000,0.000000,-8.380134,WAIT_USER_CONFIRM
0.770000,0.554499,-0.000000,0.264962,0.000000,0.000000,0.000000,-8.380134,WAIT_USER_CONFIRM
0.772000,0.554499,-0.000000,0.264962,0.000000,0.000000,0.000000,-8.380134,WAIT_USER_CONFIRM
0.774000,0.554499,-0.000000,0.264962,0.000000,0.000000,0.000000,-8.380134,WAIT_USER_CONFIRM
0.776000,0.554499,-0.000000,0.264962,0.000000,0.000000,0.000000,-8.380134,WAIT_USER_CONFIRM
0.778000,0.554499,-0.000000,0.264962,0.000000,0.000000,0.000000,-8.380134,WAIT_USER_CONFIRM
0.780000,0.554499,-0.000000,0.264962,0.000000,0.000000,0.000000,-8.380134,WAIT_USER_CONFIRM
0.782000,0.554499,-0.000000,0.264962,0.000000,0.000000,0.000000,-8.380134,WAIT_USER_CONFIRM
0.784000,0.554499,-0.000000,0.264962,0.000000,0.000000,0.000000,-8.380134,WAIT_USER_CONFIRM
0.786000,0.554499,-0.000000,0.264962,0.000000,0.000000,0.000000,-8.380134,WAIT_USER_CONFIRM
0.788000,0.554499,-0.000000,0.264962,0.000000,0.000000,0.000000,-8.380134,WAIT_USER_CONFIRM
0.790000,0.554499,-0.000000,0.264962,0.000000,0.000000,0.000000,-8.380134,WAIT_USER_CONFIRM
0.792000,0.554499,-0.000000,0.264962,0.000000,0.000000,0.000000,-8.380134,WAIT_USER_CONFIRM
0.794000,0.554499,-0.000000,0.264962,0.000000,0.000000,0.000000,-8.380134,WAIT_USER_CONFIRM
0.796000,0.554499,-0.000000,0.264962,0.000000,0.000000,0.000000,-8.380134,WAIT_USER_CONFIRM
0.798000,0.554499,-0.000000,0.264962,0.000000,0.000000,0.000000,-8.380134,WAIT_USER_CONFIRM
0.800000,0.554499,-0.000000,0.264962,0.000000,0.000000,0.000000,-8.380134,WAIT_USER_CONFIRM
0.802000,0.554499,-0.000000,0.264962,0.000000,0.000000,0.000000,-8.380134,WAIT_USER_CONFIRM
0.804000,0.554499,-0.000000,0.264962,0.000000,0.000000,0.000000,-8.380134,WAIT_USER_CONFIRM
0.806000,0.554499,-0.000000,0.264962,0.000000,0.000000,0.000000,-8.380134,WAIT_USER_CONFIRM
0.808000,0.554499,-0.000000,0.264962,0.000000,0.000000,0.000000,-8.380134,WAIT_USER_CONFIRM
0.810000,0.554499,-0.000000,0.264962,0.000000,0.000000,0.000000,-8.380134,WAIT_USER_CONFIRM
0.812000,0.554499,-0.000000,0.264962,0.000000,0.000000,0.000000,-8.380134,WAIT_USER_CONFIRM
0.814000,0.554499,-0.000000,0.264962,0.000000,0.000000,0.000000,-8.380134,WAIT_USER_CONFIRM
0.816000,0.554499,-0.000000,0.264962,0.000000,0.000000,0.000000,-8.380134,WAIT_USER_CONFIRM
0.818000,0.554499,-0.000000,0.264962,0.000000,0.000000,0.000000,-8.380134,WAIT_USER_CONFIRM
0.820000,0.554499,-0.000000,0.264962,0.000000,0.000000,0.000000,-8.380134,WAIT_USER_CONFIRM
0.822000,0.554499,-0.000000,0.264962,0.000000,0.000000,0.000000,-8.380134,WAIT_USER_CONFIRM
0.824000,0.554499,-0.000000,0.264962,0.000000,0.000000,0.000000,-8.380134,WAIT_USER_CONFIRM
0.826000,0.554499,-0.000000,0.264962,0.000000,0.000000,0.000000,-8.380134,WAIT_USER_CONFIRM
0.828000,0.554499,-0.000000,0.264962,0.000000,0.000000,0.000000,-8.380134,WAIT_USER_CONFIRM
0.830000,0.554499,-0.000000,0.264962,0.000000,0.000000,0.000000,-8.380134,WAIT_USER_CONFIRM
0.832000,0.554499,-0.000000,0.264962,0.000000,0.000000,0.000000,-8.380134,WAIT_USER_CONFIRM
0.834000,0.554499,-0.000000,0.264962,0.000000,0.000000,0.000000,-8.380134,WAIT_USER_CONFIRM
0.836000,0.554499,-0.000000,0.264962,0.000000,0.000000,0.000000,-8.380134,WAIT_USER_CONFIRM
0.838000,0.554499,-0.000000,0.264962,0.000000,0.000000,0.000000,-8.380134,WAIT_USER_CONFIRM
0.840000,0.554499,-0.000000,0.264962,0.000000,0.000000,0.000000,-8.380134,WAIT_USER_CONFIRM
0.842000,0.554499,-0.000000,0.264962,0.000000,0.000000,0.000000,-8.380134,WAIT_USER_CONFIRM
0.844000,0.554499,-0.000000,0.264962,0.000000,0.000000,0.000000,-8.380134,WAIT_USER_CONFIRM
0.846000,0.554499,-0.000000,0.264962,0.000000,0.000000,0.000000,-8.380134,WAIT_USER_CONFIRM
0.848000,0.554499,-0.000000,0.264962,0.000000,0.000000,0.000000,-8.380134,WAIT_USER_CONFIRM
0.850000,0.554499,-0.000000,0.264962,0.000000,0.000000,0.000000,-8.380134,WAIT_USER_CONFIRM
0.852000,0.554499,-0.000000,0.264962,0.000000,0.000000,0.000000,-8.380134,WAIT_USER_CONFIRM
0.854000,0.554499,-0.000000,0.264962,0.000000,0.000000,0.000000,-8.380134,WAIT_USER_CONFIRM
0.856000,0.554499,-0.000000,0.264962,0.000000,0.000000,0.000000,-8.380134,WAIT_USER_CONFIRM
0.858000,0.554499,-0.000000,0.264962,0.000000,0.000000,0.000000,-8.380134,WAIT_USER_CONFIRM
0.860000,0.554499,-0.000000,0.264962,0.000000,0.000000,0.000000,-8.380134,WAIT_USER_CONFIRM
0.862000,0.554499,-0.000000,0.264962,0.000000,0.000000,0.000000,-8.380134,WAIT_USER_CONFIRM
0.864000,0.554499,-0.000000,0.264962,0.000000,0.000000,0.000000,-8.380134,WAIT_USER_CONFIRM
0.866000,0.554499,-0.000000,0.264962,0.000000,0.000000,0.000000,-8.380134,WAIT_USER_CONFIRM
0.868000,0.554499,-0.000000,0.264962,0.000000,0.000000,0.000000,-8.380134,WAIT_USER_CONFIRM
0.870000,0.554499,-0.000000,0.264962,0.000000,0.000000,0.000000,-8.380134,WAIT_USER_CONFIRM
0.872000,0.554499,-0.000000,0.264962,0.000000,0.000000,0.000000,-8.380134,WAIT_USER_CONFIRM
0.874000,0.554499,-0.000000,0.264962,0.000000,0.000000,0.000000,-8.380134,WAIT_USER_CONFIRM
0.876000,0.554499,-0.000000,0.264962,0.000000,0.000000,0.000000,-8.380134,WAIT_USER_CONFIRM
0.878000,0.554499,-0.000000,0.264962,0.000000,0.000000,0.000000,-8.380134,WAIT_USER_CONFIRM
0.880000,0.554499,-0.000000,0.264962,0.000000,0.000000,0.000000,-8.380134,WAIT_USER_CONFIRM
0.882000,0.554499,-0.000000,0.264962,0.000000,0.000000,0.000000,-8.380134,WAIT_USER_CONFIRM
0.884000,0.554499,-0.000000,0.264962,0.000000,0.000000,0.000000,-8.380134,WAIT_USER_CONFIRM
0.886000,0.554499,-0.000000,0.264962,0.000000,0.000000,0.000000,-8.380134,WAIT_USER_CONFIRM
0.888000,0.554499,-0.000000,0.264962,0.000000,0.000000,0.000000,-8.380134,WAIT_USER_CONFIRM
0.890000,0.554499,-0.000000,0.264962,0.000000,0.000000,0.000000,-8.380134,WAIT_USER_CONFIRM
0.892000,0.554499,-0.000000,0.264962,0.000000,0.000000,0.000000,-8.380134,WAIT_USER_CONFIRM
0.894000,0.554499,-0.000000,0.264962,0.000000,0.000000,0.000000,-8.380134,WAIT_USER_CONFIRM
0.896000,0.554499,-0.000000,0.264962,0.000000,0.000000,0.000000,-8.380134,WAIT_USER_CONFIRM
0.898000,0.554499,-0.000000,0.264962,0.000000,0.000000,0.000000,-8.380134,WAIT_USER_CONFIRM
0.900000,0.554499,-0.000000,0.264962,0.000000,0.000000,0.000000,-8.380134,WAIT_USER_CONFIRM
0.902000,0.554499,-0.000000,0.264962,0.000000,0.000000,0.000000,-8.380134,WAIT_USER_CONFIRM
0.904000,0.554499,-0.000000,0.264962,0.000000,0.000000,0.000000,-8.380134,WAIT_USER_CONFIRM
0.906000,0.554499,-0.000000,0.264962,0.000000,0.000000,0.000000,-8.380134,WAIT_USER_CONFIRM
0.908000,0.554499,-0.000000,0.264962,0.000000,0.000000,0.000000,-8.380134,WAIT_USER_CONFIRM
0.910000,0.554499,-0.000000,0.264962,0.000000,0.000000,0.000000,-8.380134,WAIT_USER_CONFIRM
0.912000,0.554499,-0.000000,0.264962,0.000000,0.000000,0.000000,-8.380134,WAIT_USER_CONFIRM
0.914000,0.554499,-0.000000,0.264962,0.000000,0.000000,0.000000,-8.380134,WAIT_USER_CONFIRM
0.916000,0.554499,-0.000000,0.264962,0.000000,0.000000,0.000000,-8.380134,WAIT_USER_CONFIRM
0.918000,0.554499,-0.000000,0.264962,0.000000,0.000000,0.000000,-8.380134,WAIT_USER_CONFIRM
0.920000,0.554499,-0.000000,0.264962,0.000000,0.000000,0.000000,-8.380134,WAIT_USER_CONFIRM
0.922000,0.554499,-0.000000,0.264962,0.000000,0.000000,0.000000,-8.380134,WAIT_USER_CONFIRM
0.924000,0.554499,-0.000000,0.264962,0.000000,0.000000,0.000000,-8.380134,WAIT_USER_CONFIRM
0.926000,0.554499,-0.000000,0.264962,0.000000,0.000000,0.000000,-8.380134,WAIT_USER_CONFIRM
0.928000,0.554499,-0.000000,0.264962,0.000000,0.000000,0.000000,-8.380134,WAIT_USER_CONFIRM
0.930000,0.554499,-0.000000,0.264962,0.000000,0.000000,0.000000,-8.380134,WAIT_USER_CONFIRM
0.932000,0.554499,-0.000000,0.264962,0.000000,0.000000,0.000000,-8.380134,WAIT_USER_CONFIRM
0.934000,0.554499,-0.000000,0.264962,0.000000,0.000000,0.000000,-8.380134,WAIT_USER_CONFIRM
0.936000,0.554499,-0.000000,0.264962,0.000000,0.000000,0.000000,-8.380134,WAIT_USER_CONFIRM
0.938000,0.554499,-0.000000,0.264962,0.000000,0.000000,0.000000,-8.380134,WAIT_USER_CONFIRM
0.940000,0.554499,-0.000000,0.264962,0.000000,0.000000,0.000000,-8.380134,WAIT_USER_CONFIRM
0.942000,0.554499,-0.000000,0.264962,0.000000,0.000000,0.000000,-8.380134,WAIT_USER_CONFIRM
0.944000,0.554499,-0.000000,0.264962,0.000000,0.000000,0.000000,-8.380134,WAIT_USER_CONFIRM
0.946000,0.554499,-0.000000,0.264962,0.000000,0.000000,0.000000,-8.380134,WAIT_USER_CONFIRM
0.948000,0.554499,-0.000000,0.264962,0.000000,0.000000,0.000000,-8.380134,WAIT_USER_CONFIRM
0.950000,0.554499,-0.000000,0.264962,0.000000,0.000000,0.000000,-8.380134,WAIT_USER_CONFIRM
0.952000,0.554499,-0.000000,0.264962,0.000000,0.000000,0.000000,-8.380134,WAIT_USER_CONFIRM
0.954000,0.554499,-0.000000,0.264962,0.000000,0.000000,0.000000,-8.380134,WAIT_USER_CONFIRM
0.956000,0.554499,-0.000000,0.264962,0.000000,0.000000,0.000000,-8.380134,WAIT_USER_CONFIRM
0.958000,0.554499,-0.000000,0.264962,0.000000,0.000000,0.000000,-8.380134,WAIT_USER_CONFIRM
0.960000,0.554499,-0.000000,0.264962,0.000000,0.000000,0.000000,-8.380134,WAIT_USER_CONFIRM
0.962000,0.554499,-0.000000,0.264962,0.000000,0.000000,0.000000,-8.380134,WAIT_USER_CONFIRM
0.964000,0.554499,-0.000000,0.264962,0.000000,0.000000,0.000000,-8.380134,WAIT_USER_CONFIRM
0.966000,0.554499,-0.000000,0.264962,0.000000,0.000000,0.000000,-8.380134,WAIT_USER_CONFIRM
0.968000,0.554499,-0.000000,0.264962,0.000000,0.000000,0.000000,-8.380134,WAIT_USER_CONFIRM
0.970000,0.554499,-0.000000,0.264962,0.000000,0.000000,0.000000,-8.380134,WAIT_USER_CONFIRM
0.972000,0.554499,-0.000000,0.264962,0.000000,0.000000,0.000000,-8.380134,WAIT_USER_CONFIRM
0.974000,0.554499,-0.000000,0.264962,0.000000,0.000000,0.000000,-8.380134,WAIT_USER_CONFIRM
0.976000,0.554499,-0.000000,0.264962,0.000000,0.000000,0.000000,-8.380134,WAIT_USER_CONFIRM
0.978000,0.554499,-0.000000,0.264962,0.000000,0.000000,0.000000,-8.380134,WAIT_USER_CONFIRM
0.980000,0.554499,-0.000000,0.264962,0.000000,0.000000,0.000000,-8.380134,WAIT_USER_CONFIRM
0.982000,0.554499,-0.000000,0.264962,0.000000,0.000000,0.000000,-8.380134,WAIT_USER_CONFIRM
0.984000,0.554499,-0.000000,0.264962,0.000000,0.000000,0.000000,-8.380134,WAIT_USER_CONFIRM
0.986000,0.554499,-0.000000,0.264962,0.000000,0.000000,0.000000,-8.380134,WAIT_USER_CONFIRM
0.988000,0.554499,-0.000000,0.264962,0.000000,0.000000,0.000000,-8.380134,WAIT_USER_CONFIRM
0.990000,0.554499,-0.000000,0.264962,0.000000,0.000000,0.000000,-8.380134,WAIT_USER_CONFIRM
0.992000,0.554499,-0.000000,0.264962,0.000000,0.000000,0.000000,-8.380134,WAIT_USER_CONFIRM
0.994000,0.554499,-0.000000,0.264962,0.000000,0.000000,0.000000,-8.380134,WAIT_USER_CONFIRM
0.996000,0.554499,-0.000000,0.264962,0.000000,0.000000,0.000000,-8.380134,WAIT_USER_CONFIRM
0.998000,0.554499,-0.000000,0.264962,0.000000,0.000000,0.000000,-8.380134,WAIT_USER_CONFIRM
1.000000,0.554499,-0.000000,0.264962,0.000000,0.000000,0.000000,-8.380134,WAIT_USER_CONFIRM
1.002000,0.554499,-0.000000,0.264962,0.000000,0.000000,0.000000,-8.380134,WAIT_USER_CONFIRM
1.004000,0.554499,-0.000000,0.264962,0.000000,0.000000,0.000000,-8.380134,WAIT_USER_CONFIRM
1.006000,0.554499,-0.000000,0.264962,0.000000,0.000000,0.000000,-8.380134,WAIT_USER_CONFIRM
1.008000,0.554499,-0.000000,0.264962,0.000000,0.000000,0.000000,-8.380134,WAIT_USER_CONFIRM
1.010000,0.554499,-0.000000,0.264962,0.000000,0.000000,0.000000,-8.380134,WAIT_USER_CONFIRM
1.012000,0.554499,-0.000000,0.264962,0.000000,0.000000,0.000000,-8.380134,WAIT_USER_CONFIRM
1.014000,0.554499,-0.000000,0.264962,0.000000,0.000000,0.000000,-8.380134,WAIT_USER_CONFIRM
1.016000,0.554499,-0.000000,0.264962,0.000000,0.000000,0.000000,-8.380134,WAIT_USER_CONFIRM
1.018000,0.554499,-0.000000,0.264962,0.000000,0.000000,0.000000,-8.380134,WAIT_USER_CONFIRM
1.020000,0.554499,-0.000000,0.264962,0.000000,0.000000,0.000000,-8.380134,WAIT_USER_CONFIRM
1.022000,0.554499,-0.000000,0.264962,0.000000,0.000000,0.000000,-8.380134,WAIT_USER_CONFIRM
1.024000,0.554499,-0.000000,0.264962,0.000000,0.000000,0.000000,-8.380134,WAIT_USER_CONFIRM
1.026000,0.554499,-0.000000,0.264962,0.000000,0.000000,0.000000,-8.380134,WAIT_USER_CONFIRM
1.028000,0.554499,-0.000000,0.264962,0.000000,0.000000,0.000000,-8.380134,WAIT_USER_CONFIRM
1.030000,0.554499,-0.000000,0.264962,0.000000,0.000000,0.000000,-8.380134,WAIT_USER_CONFIRM
1.032000,0.554499,-0.000000,0.264962,0.000000,0.000000,0.000000,-8.380134,WAIT_USER_CONFIRM
1.034000,0.554499,-0.000000,0.264962,0.000000,0.000000,0.000000,-8.380134,WAIT_USER_CONFIRM
1.036000,0.554499,-0.000000,0.264962,0.000000,0.000000,0.000000,-8.380134,WAIT_USER_CONFIRM
1.038000,0.554499,-0.000000,0.264962,0.000000,0.000000,0.000000,-8.380134,WAIT_USER_CONFIRM
1.040000,0.554499,-0.000000,0.264962,0.000000,0.000000,0.000000,-8.380134,WAIT_USER_CONFIRM
1.042000,0.554499,-0.000000,0.264962,0.000000,0.000000,0.000000,-8.380134,WAIT_USER_CONFIRM
1.044000,0.554499,-0.000000,0.264962,0.000000,0.000000,0.000000,-8.380134,WAIT_USER_CONFIRM
1.046000,0.554499,-0.000000,0.264962,0.000000,0.000000,0.000000,-8.380134,WAIT_USER_CONFIRM
1.048000,0.554499,-0.000000,0.264962,0.000000,0.000000,0.000000,-8.380134,WAIT_USER_CONFIRM
1.050000,0.554499,-0.000000,0.264962,0.000000,0.000000,0.000000,-8.380134,WAIT_USER_CONFIRM
1.052000,0.554499,-0.000000,0.264962,0.000000,0.000000,0.000000,-8.380134,WAIT_USER_CONFIRM
1.054000,0.554499,-0.000000,0.264962,0.000000,0.000000,0.000000,-8.380134,WAIT_USER_CONFIRM
1.056000,0.554499,-0.000000,0.264962,0.000000,0.000000,0.000000,-8.380134,WAIT_USER_CONFIRM
1.058000,0.554499,-0.000000,0.264962,0.000000,0.000000,0.000000,-8.380134,WAIT_USER_CONFIRM
1.060000,0.554499,-0.000000,0.264962,0.000000,0.000000,0.000000,-8.380134,WAIT_USER_CONFIRM
1.062000,0.554499,-0.000000,0.264962,0.000000,0.000000,0.000000,-8.380134,WAIT_USER_CONFIRM
1.064000,0.554499,-0.000000,0.264962,0.000000,0.000000,0.000000,-8.380134,WAIT_USER_CONFIRM
1.066000,0.554499,-0.000000,0.264962,0.000000,0.000000,0.000000,-8.380134,WAIT_USER_CONFIRM
1.068000,0.554499,-0.000000,0.264962,0.000000,0.000000,0.000000,-8.380134,WAIT_USER_CONFIRM
1.070000,0.554499,-0.000000,0.264962,0.000000,0.000000,0.000000,-8.380134,WAIT_USER_CONFIRM
1.072000,0.554499,-0.000000,0.264962,0.000000,0.000000,0.000000,-8.380134,WAIT_USER_CONFIRM
1.074000,0.554499,-0.000000,0.264962,0.000000,0.000000,0.000000,-8.380134,WAIT_USER_CONFIRM
1.076000,0.554499,-0.000000,0.264962,0.000000,0.000000,0.000000,-8.380134,WAIT_USER_CONFIRM
1.078000,0.554499,-0.000000,0.264962,0.000000,0.000000,0.000000,-8.380134,WAIT_USER_CONFIRM
1.080000,0.554499,-0.000000,0.264962,0.000000,0.000000,0.000000,-8.380134,WAIT_USER_CONFIRM
1.082000,0.554499,-0.000000,0.264962,0.000000,0.000000,0.000000,-8.380134,WAIT_USER_CONFIRM
1.084000,0.554499,-0.000000,0.264962,0.000000,0.000000,0.000000,-8.380134,WAIT_USER_CONFIRM
1.086000,0.554499,-0.000000,0.264962,0.000000,0.000000,0.000000,-8.380134,WAIT_USER_CONFIRM
1.088000,0.554499,-0.000000,0.264962,0.000000,0.000000,0.000000,-8.380134,WAIT_USER_CONFIRM
1.090000,0.554499,-0.000000,0.264962,0.000000,0.000000,0.000000,-8.380134,WAIT_USER_CONFIRM
1.092000,0.554499,-0.000000,0.264962,0.000000,0.000000,0.000000,-8.380134,WAIT_USER_CONFIRM
1.094000,0.554499,-0.000000,0.264962,0.000000,0.000000,0.000000,-8.380134,WAIT_USER_CONFIRM
1.096000,0.554499,-0.000000,0.264962,0.000000,0.000000,0.000000,-8.380134,WAIT_USER_CONFIRM
1.098000,0.554499,-0.000000,0.264962,0.000000,0.000000,0.000000,-8.380134,WAIT_USER_CONFIRM
1.100000,0.554499,-0.000000,0.264962,0.000000,0.000000,0.000000,-8.380134,WAIT_USER_CONFIRM
1.102000,0.554499,-0.000000,0.264962,0.000000,0.000000,0.000000,-8.380134,WAIT_USER_CONFIRM
1.104000,0.554499,-0.000000,0.264962,0.000000,0.000000,0.000000,-8.380134,WAIT_USER_CONFIRM
1.106000,0.554499,-0.000000,0.264962,0.000000,0.000000,0.000000,-8.380134,WAIT_USER_CONFIRM
1.108000,0.554499,-0.000000,0.264962,0.000000,0.000000,0.000000,-8.380134,WAIT_USER_CONFIRM
1.110000,0.554499,-0.000000,0.264962,0.000000,0.000000,0.000000,-8.380134,WAIT_USER_CONFIRM
1.112000,0.554499,-0.000000,0.264962,0.000000,0.000000,0.000000,-8.380134,WAIT_USER_CONFIRM
1.114000,0.554499,-0.000000,0.264962,0.000000,0.000000,0.000000,-8.380134,WAIT_USER_CONFIRM
1.116000,0.554499,-0.000000,0.264962,0.000000,0.000000,0.000000,-8.380134,WAIT_USER_CONFIRM
1.118000,0.554499,-0.000000,0.264962,0.000000,0.000000,0.000000,-8.380134,WAIT_USER_CONFIRM
1.120000,0.554499,-0.000000,0.264962,0.000000,0.000000,0.000000,-8.380134,WAIT_USER_CONFIRM
1.122000,0.554499,-0.000000,0.264962,0.000000,0.000000,0.000000,-8.380134,WAIT_USER_CONFIRM
1.124000,0.554499,-0.000000,0.264962,0.000000,0.000000,0.000000,-8.380134,WAIT_USER_CONFIRM
1.126000,0.554499,-0.000000,0.264962,0.000000,0.000000,0.000000,-8.380134,WAIT_USER_CONFIRM
1.128000,0.554499,-0.000000,0.264962,0.000000,0.000000,0.000000,-8.380134,WAIT_USER_CONFIRM
1.130000,0.554499,-0.000000,0.264962,0.000000,0.000000,0.000000,-8.380134,WAIT_USER_CONFIRM
1.132000,0.554499,-0.000000,0.264962,0.000000,0.000000,0.000000,-8.380134,WAIT_USER_CONFIRM
1.134000,0.554499,-0.000000,0.264962,0.000000,0.000000,0.000000,-8.380134,WAIT_USER_CONFIRM
1.136000,0.554499,-0.000000,0.264962,0.000000,0.000000,0.000000,-8.380134,WAIT_USER_CONFIRM
1.138000,0.554499,-0.000000,0.264962,0.000000,0.000000,0.000000,-8.380134,WAIT_USER_CONFIRM
1.140000,0.554499,-0.000000,0.264962,0.000000,0.000000,0.000000,-8.380134,WAIT_USER_CONFIRM
1.142000,0.554499,-0.000000,0.264962,0.000000,0.000000,0.000000,-8.380134,WAIT_USER_CONFIRM
1.144000,0.554499,-0.000000,0.264962,0.000000,0.000000,0.000000,-8.380134,WAIT_USER_CONFIRM
1.146000,0.554499,-0.000000,0.264962,0.000000,0.000000,0.000000,-8.380134,WAIT_USER_CONFIRM
1.148000,0.554499,-0.000000,0.264962,0.000000,0.000000,0.000000,-8.380134,WAIT_USER_CONFIRM
1.150000,0.554499,-0.000000,0.264962,0.000000,0.000000,0.000000,-8.380134,WAIT_USER_CONFIRM
1.152000,0.554499,-0.000000,0.264962,0.000000,0.000000,0.000000,-8.380134,WAIT_USER_CONFIRM
1.154000,0.554499,-0.000000,0.264962,0.000000,0.000000,0.000000,-8.380134,WAIT_USER_CONFIRM
1.156000,0.554499,-0.000000,0.264962,0.000000,0.000000,0.000000,-8.380134,WAIT_USER_CONFIRM
1.158000,0.554499,-0.000000,0.264962,0.000000,0.000000,0.000000,-8.380134,WAIT_USER_CONFIRM
1.160000,0.554499,-0.000000,0.264962,0.000000,0.000000,0.000000,-8.380134,WAIT_USER_CONFIRM
1.162000,0.554499,-0.000000,0.264962,0.000000,0.000000,0.000000,-8.380134,WAIT_USER_CONFIRM
1.164000,0.554499,-0.000000,0.264962,0.000000,0.000000,0.000000,-8.380134,WAIT_USER_CONFIRM
1.166000,0.554499,-0.000000,0.264962,0.000000,0.000000,0.000000,-8.380134,WAIT_USER_CONFIRM
1.168000,0.554499,-0.000000,0.264962,0.000000,0.000000,0.000000,-8.380134,WAIT_USER_CONFIRM
1.170000,0.554499,-0.000000,0.264962,0.000000,0.000000,0.000000,-8.380134,WAIT_USER_CONFIRM
1.172000,0.554499,-0.000000,0.264962,0.000000,0.000000,0.000000,-8.380134,WAIT_USER_CONFIRM
1.174000,0.554499,-0.000000,0.264962,0.000000,0.000000,0.000000,-8.380134,WAIT_USER_CONFIRM
1.176000,0.554499,-0.000000,0.264962,0.000000,0.000000,0.000000,-8.380134,WAIT_USER_CONFIRM
1.178000,0.554499,-0.000000,0.264962,0.000000,0.000000,0.000000,-8.380134,WAIT_USER_CONFIRM
1.180000,0.554499,-0.000000,0.264962,0.000000,0.000000,0.000000,-8.380134,WAIT_USER_CONFIRM
1.182000,0.554499,-0.000000,0.264962,0.000000,0.000000,0.000000,-8.380134,WAIT_USER_CONFIRM
1.184000,0.554499,-0.000000,0.264962,0.000000,0.000000,0.000000,-8.380134,WAIT_USER_CONFIRM
1.186000,0.554499,-0.000000,0.264962,0.000000,0.000000,0.000000,-8.380134,WAIT_USER_CONFIRM
1.188000,0.554499,-0.000000,0.264962,0.000000,0.000000,0.000000,-8.380134,WAIT_USER_CONFIRM
1.190000,0.554499,-0.000000,0.264962,0.000000,0.000000,0.000000,-8.380134,WAIT_USER_CONFIRM
1.192000,0.554499,-0.000000,0.264962,0.000000,0.000000,0.000000,-8.380134,WAIT_USER_CONFIRM
1.194000,0.554499,-0.000000,0.264962,0.000000,0.000000,0.000000,-8.380134,WAIT_USER_CONFIRM
1.196000,0.554499,-0.000000,0.264962,0.000000,0.000000,0.000000,-8.380134,WAIT_USER_CONFIRM
1.198000,0.554499,-0.000000,0.264962,0.000000,0.000000,0.000000,-8.380134,WAIT_USER_CONFIRM
1.200000,0.554499,-0.000000,0.264962,0.000000,0.000000,0.000000,-8.380134,WAIT_USER_CONFIRM
1.202000,0.554499,-0.000000,0.264962,0.000000,0.000000,0.000000,-8.380134,WAIT_USER_CONFIRM
1.204000,0.554499,-0.000000,0.264962,0.000000,0.000000,0.000000,-8.380134,WAIT_USER_CONFIRM
1.206000,0.554499,-0.000000,0.264962,0.000000,0.000000,0.000000,-8.380134,WAIT_USER_CONFIRM
1.208000,0.554499,-0.000000,0.264962,0.000000,0.000000,0.000000,-8.380134,WAIT_USER_CONFIRM
1.210000,0.554499,-0.000000,0.264962,0.000000,0.000000,0.000000,-8.380134,WAIT_USER_CONFIRM
1.212000,0.554499,-0.000000,0.264962,0.000000,0.000000,0.000000,-8.380134,WAIT_USER_CONFIRM
1.214000,0.554499,-0.000000,0.264962,0.000000,0.000000,0.000000,-8.380134,WAIT_USER_CONFIRM
1.216000,0.554499,-0.000000,0.264962,0.000000,0.000000,0.000000,-8.380134,WAIT_USER_CONFIRM
1.218000,0.554499,-0.000000,0.264962,0.000000,0.000000,0.000000,-8.380134,WAIT_USER_CONFIRM
1.220000,0.554499,-0.000000,0.264962,0.000000,0.000000,0.000000,-8.380134,WAIT_USER_CONFIRM
1.222000,0.554499,-0.000000,0.264962,0.000000,0.000000,0.000000,-8.380134,WAIT_USER_CONFIRM
1.224000,0.554499,-0.000000,0.264962,0.000000,0.000000,0.000000,-8.380134,WAIT_USER_CONFIRM
1.226000,0.554499,-0.000000,0.264962,0.000000,0.000000,0.000000,-8.380134,WAIT_USER_CONFIRM
1.228000,0.554499,-0.000000,0.264962,0.000000,0.000000,0.000000,-8.380134,WAIT_USER_CONFIRM
1.230000,0.554499,-0.000000,0.264962,0.000000,0.000000,0.000000,-8.380134,WAIT_USER_CONFIRM
1.232000,0.554499,-0.000000,0.264962,0.000000,0.000000,0.000000,-8.380134,WAIT_USER_CONFIRM
1.234000,0.554499,-0.000000,0.264962,0.000000,0.000000,0.000000,-8.380134,WAIT_USER_CONFIRM
1.236000,0.554499,-0.000000,0.264962,0.000000,0.000000,0.000000,-8.380134,WAIT_USER_CONFIRM
1.238000,0.554499,-0.000000,0.264962,0.000000,0.000000,0.000000,-8.380134,WAIT_USER_CONFIRM
1.240000,0.554499,-0.000000,0.264962,0.000000,0.000000,0.000000,-8.380134,WAIT_USER_CONFIRM
1.242000,0.554499,-0.000000,0.264962,0.000000,0.000000,0.000000,-8.380134,WAIT_USER_CONFIRM
1.244000,0.554499,-0.000000,0.264962,0.000000,0.000000,0.000000,-8.380134,WAIT_USER_CONFIRM
1.246000,0.554499,-0.000000,0.264962,0.000000,0.000000,0.000000,-8.380134,WAIT_USER_CONFIRM
1.248000,0.554499,-0.000000,0.264962,0.000000,0.000000,0.000000,-8.380134,WAIT_USER_CONFIRM
1.250000,0.554499,-0.000000,0.264962,0.000000,0.000000,0.000000,-8.380134,WAIT_USER_CONFIRM
1.252000,0.554499,-0.000000,0.264962,0.000000,0.000000,0.000000,-8.380134,WAIT_USER_CONFIRM
1.254000,0.554499,-0.000000,0.264962,0.000000,0.000000,0.000000,-8.380134,WAIT_USER_CONFIRM
1.256000,0.554499,-0.000000,0.264962,0.000000,0.000000,0.000000,-8.380134,WAIT_USER_CONFIRM
1.258000,0.554499,-0.000000,0.264962,0.000000,0.000000,0.000000,-8.380134,WAIT_USER_CONFIRM
1.260000,0.554499,-0.000000,0.264962,0.000000,0.000000,0.000000,-8.380134,WAIT_USER_CONFIRM
1.262000,0.554499,-0.000000,0.264962,0.000000,0.000000,0.000000,-8.380134,WAIT_USER_CONFIRM
1.264000,0.554499,-0.000000,0.264962,0.000000,0.000000,0.000000,-8.380134,WAIT_USER_CONFIRM
1.266000,0.554499,-0.000000,0.264962,0.000000,0.000000,0.000000,-8.380134,WAIT_USER_CONFIRM
1.268000,0.554499,-0.000000,0.264962,0.000000,0.000000,0.000000,-8.380134,WAIT_USER_CONFIRM
1.270000,0.554499,-0.000000,0.264962,0.000000,0.000000,0.000000,-8.380134,WAIT_USER_CONFIRM
1.272000,0.554499,-0.000000,0.264962,0.000000,0.000000,0.000000,-8.380134,WAIT_USER_CONFIRM
1.274000,0.554499,-0.000000,0.264962,0.000000,0.000000,0.000000,-8.380134,WAIT_USER_CONFIRM
1.276000,0.554499,-0.000000,0.264962,0.000000,0.000000,0.000000,-8.380134,WAIT_USER_CONFIRM
1.278000,0.554499,-0.000000,0.264962,0.000000,0.000000,0.000000,-8.380134,WAIT_USER_CONFIRM
1.280000,0.554499,-0.000000,0.264962,0.000000,0.000000,0.000000,-8.380134,WAIT_USER_CONFIRM
1.282000,0.554499,-0.000000,0.264962,0.000000,0.000000,0.000000,-8.380134,WAIT_USER_CONFIRM
1.284000,0.554499,-0.000000,0.264962,0.000000,0.000000,0.000000,-8.380134,WAIT_USER_CONFIRM
1.286000,0.554499,-0.000000,0.264962,0.000000,0.000000,0.000000,-8.380134,WAIT_USER_CONFIRM
1.288000,0.554499,-0.000000,0.264962,0.000000,0.000000,0.000000,-8.380134,WAIT_USER_CONFIRM
1.290000,0.554499,-0.000000,0.264962,0.000000,0.000000,0.000000,-8.380134,WAIT_USER_CONFIRM
1.292000,0.554499,-0.000000,0.264962,0.000000,0.000000,0.000000,-8.380134,WAIT_USER_CONFIRM
1.294000,0.554499,-0.000000,0.264962,0.000000,0.000000,0.000000,-8.380134,WAIT_USER_CONFIRM
1.296000,0.554499,-0.000000,0.264962,0.000000,0.000000,0.000000,-8.380134,WAIT_USER_CONFIRM
1.298000,0.554499,-0.000000,0.264962,0.000000,0.000000,0.000000,-8.380134,WAIT_USER_CONFIRM
1.300000,0.554499,-0.000000,0.264962,0.000000,0.000000,0.000000,-8.380134,WAIT_USER_CONFIRM
1.302000,0.554499,-0.000000,0.264962,0.000000,0.000000,0.000000,-8.380134,WAIT_USER_CONFIRM
1.304000,0.554499,-0.000000,0.264962,0.000000,0.000000,0.000000,-8.380134,WAIT_USER_CONFIRM
1.306000,0.554499,-0.000000,0.264962,0.000000,0.000000,0.000000,-8.380134,WAIT_USER_CONFIRM
1.308000,0.554499,-0.000000,0.264962,0.000000,0.000000,0.000000,-8.380134,WAIT_USER_CONFIRM
1.310000,0.554499,-0.000000,0.264962,0.000000,0.000000,0.000000,-8.380134,WAIT_USER_CONFIRM
1.312000,0.554499,-0.000000,0.264962,0.000000,0.000000,0.000000,-8.380134,WAIT_USER_CONFIRM
1.314000,0.554499,-0.000000,0.264962,0.000000,0.000000,0.000000,-8.380134,WAIT_USER_CONFIRM
1.316000,0.554499,-0.000000,0.264962,0.000000,0.000000,0.000000,-8.380134,WAIT_USER_CONFIRM
1.318000,0.554499,-0.000000,0.264962,0.000000,0.000000,0.000000,-8.380134,WAIT_USER_CONFIRM
1.320000,0.554499,-0.000000,0.264962,0.000000,0.000000,0.000000,-8.380134,WAIT_USER_CONFIRM
1.322000,0.554499,-0.000000,0.264962,0.000000,0.000000,0.000000,-8.380134,WAIT_USER_CONFIRM
1.324000,0.554499,-0.000000,0.264962,0.000000,0.000000,0.000000,-8.380134,WAIT_USER_CONFIRM
1.326000,0.554499,-0.000000,0.264962,0.000000,0.000000,0.000000,-8.380134,WAIT_USER_CONFIRM
1.328000,0.554499,-0.000000,0.264962,0.000000,0.000000,0.000000,-8.380134,WAIT_USER_CONFIRM
1.330000,0.554499,-0.000000,0.264962,0.000000,0.000000,0.000000,-8.380134,WAIT_USER_CONFIRM
1.332000,0.554499,-0.000000,0.264962,0.000000,0.000000,0.000000,-8.380134,WAIT_USER_CONFIRM
1.334000,0.554499,-0.000000,0.264962,0.000000,0.000000,0.000000,-8.380134,WAIT_USER_CONFIRM
1.336000,0.554499,-0.000000,0.264962,0.000000,0.000000,0.000000,-8.380134,WAIT_USER_CONFIRM
1.338000,0.554499,-0.000000,0.264962,0.000000,0.000000,0.000000,-8.380134,WAIT_USER_CONFIRM
1.340000,0.554499,-0.000000,0.264962,0.000000,0.000000,0.000000,-8.380134,WAIT_USER_CONFIRM
1.342000,0.554499,-0.000000,0.264962,0.000000,0.000000,0.000000,-8.380134,WAIT_USER_CONFIRM
1.344000,0.554499,-0.000000,0.264962,0.000000,0.000000,0.000000,-8.380134,WAIT_USER_CONFIRM
1.346000,0.554499,-0.000000,0.264962,0.000000,0.000000,0.000000,-8.380134,WAIT_USER_CONFIRM
1.348000,0.554499,-0.000000,0.264962,0.000000,0.000000,0.000000,-8.380134,WAIT_USER_CONFIRM
1.350000,0.554499,-0.000000,0.264962,0.000000,0.000000,0.000000,-8.380134,WAIT_USER_CONFIRM
1.352000,0.554499,-0.000000,0.264962,0.000000,0.000000,0.000000,-8.380134,WAIT_USER_CONFIRM
1.354000,0.554499,-0.000000,0.264962,0.000000,0.000000,0.000000,-8.380134,WAIT_USER_CONFIRM
1.356000,0.554499,-0.000000,0.264962,0.000000,0.000000,0.000000,-8.380134,WAIT_USER_CONFIRM
1.358000,0.554499,-0.000000,0.264962,0.000000,0.000000,0.000000,-8.380134,WAIT_USER_CONFIRM
1.360000,0.554499,-0.000000,0.264962,0.000000,0.000000,0.000000,-8.380134,WAIT_USER_CONFIRM
1.362000,0.554499,-0.000000,0.264962,0.000000,0.000000,0.000000,-8.380134,WAIT_USER_CONFIRM
1.364000,0.554499,-0.000000,0.264962,0.000000,0.000000,0.000000,-8.380134,WAIT_USER_CONFIRM
1.366000,0.554499,-0.000000,0.264962,0.000000,0.000000,0.000000,-8.380134,WAIT_USER_CONFIRM
1.368000,0.554499,-0.000000,0.264962,0.000000,0.000000,0.000000,-8.380134,WAIT_USER_CONFIRM
1.370000,0.554499,-0.000000,0.264962,0.000000,0.000000,0.000000,-8.380134,WAIT_USER_CONFIRM
1.372000,0.554499,-0.000000,0.264962,0.000000,0.000000,0.000000,-8.380134,WAIT_USER_CONFIRM
1.374000,0.554499,-0.000000,0.264962,0.000000,0.000000,0.000000,-8.380134,WAIT_USER_CONFIRM
1.376000,0.554499,-0.000000,0.264962,0.000000,0.000000,0.000000,-8.380134,WAIT_USER_CONFIRM
1.378000,0.554499,-0.000000,0.264962,0.000000,0.000000,0.000000,-8.380134,WAIT_USER_CONFIRM
1.380000,0.554499,-0.000000,0.264962,0.000000,0.000000,0.000000,-8.380134,WAIT_USER_CONFIRM
1.382000,0.554499,-0.000000,0.264962,0.000000,0.000000,0.000000,-8.380134,WAIT_USER_CONFIRM
1.384000,0.554499,-0.000000,0.264962,0.000000,0.000000,0.000000,-8.380134,WAIT_USER_CONFIRM
1.386000,0.554499,-0.000000,0.264962,0.000000,0.000000,0.000000,-8.380134,WAIT_USER_CONFIRM
1.388000,0.554499,-0.000000,0.264962,0.000000,0.000000,0.000000,-8.380134,WAIT_USER_CONFIRM
1.390000,0.554499,-0.000000,0.264962,0.000000,0.000000,0.000000,-8.380134,WAIT_USER_CONFIRM
1.392000,0.554499,-0.000000,0.264962,0.000000,0.000000,0.000000,-8.380134,WAIT_USER_CONFIRM
1.394000,0.554499,-0.000000,0.264962,0.000000,0.000000,0.000000,-8.380134,WAIT_USER_CONFIRM
1.396000,0.554499,-0.000000,0.264962,0.000000,0.000000,0.000000,-8.380134,WAIT_USER_CONFIRM
1.398000,0.554499,-0.000000,0.264962,0.000000,0.000000,0.000000,-8.380134,WAIT_USER_CONFIRM
1.400000,0.554499,-0.000000,0.264962,0.000000,0.000000,0.000000,-8.380134,WAIT_USER_CONFIRM
1.402000,0.554499,-0.000000,0.264962,0.000000,0.000000,0.000000,-8.380134,WAIT_USER_CONFIRM
1.404000,0.554499,-0.000000,0.264962,0.000000,0.000000,0.000000,-8.380134,WAIT_USER_CONFIRM
1.406000,0.554499,-0.000000,0.264962,0.000000,0.000000,0.000000,-8.380134,WAIT_USER_CONFIRM
1.408000,0.554499,-0.000000,0.264962,0.000000,0.000000,0.000000,-8.380134,WAIT_USER_CONFIRM
1.410000,0.554499,-0.000000,0.264962,0.000000,0.000000,0.000000,-8.380134,WAIT_USER_CONFIRM
1.412000,0.554499,-0.000000,0.264962,0.000000,0.000000,0.000000,-8.380134,WAIT_USER_CONFIRM
1.414000,0.554499,-0.000000,0.264962,0.000000,0.000000,0.000000,-8.380134,WAIT_USER_CONFIRM
1.416000,0.554499,-0.000000,0.264962,0.000000,0.000000,0.000000,-8.380134,WAIT_USER_CONFIRM
1.418000,0.554499,-0.000000,0.264962,0.000000,0.000000,0.000000,-8.380134,WAIT_USER_CONFIRM
1.420000,0.554499,-0.000000,0.264962,0.000000,0.000000,0.000000,-8.380134,WAIT_USER_CONFIRM
1.422000,0.554499,-0.000000,0.264962,0.000000,0.000000,0.000000,-8.380134,WAIT_USER_CONFIRM
1.424000,0.554499,-0.000000,0.264962,0.000000,0.000000,0.000000,-8.380134,WAIT_USER_CONFIRM
1.426000,0.554499,-0.000000,0.264962,0.000000,0.000000,0.000000,-8.380134,WAIT_USER_CONFIRM
1.428000,0.554499,-0.000000,0.264962,0.000000,0.000000,0.000000,-8.380134,WAIT_USER_CONFIRM
1.430000,0.554499,-0.000000,0.264962,0.000000,0.000000,0.000000,-8.380134,WAIT_USER_CONFIRM
1.432000,0.554499,-0.000000,0.264962,0.000000,0.000000,0.000000,-8.380134,WAIT_USER_CONFIRM
1.434000,0.554499,-0.000000,0.264962,0.000000,0.000000,0.000000,-8.380134,WAIT_USER_CONFIRM
1.436000,0.554499,-0.000000,0.264962,0.000000,0.000000,0.000000,-8.380134,WAIT_USER_CONFIRM
1.438000,0.554499,-0.000000,0.264962,0.000000,0.000000,0.000000,-8.380134,WAIT_USER_CONFIRM
1.440000,0.554499,-0.000000,0.264962,0.000000,0.000000,0.000000,-8.380134,WAIT_USER_CONFIRM
1.442000,0.554499,-0.000000,0.264962,0.000000,0.000000,0.000000,-8.380134,WAIT_USER_CONFIRM
1.444000,0.554499,-0.000000,0.264962,0.000000,0.000000,0.000000,-8.380134,WAIT_USER_CONFIRM
1.446000,0.554499,-0.000000,0.264962,0.000000,0.000000,0.000000,-8.380134,WAIT_USER_CONFIRM
1.448000,0.554499,-0.000000,0.264962,0.000000,0.000000,0.000000,-8.380134,WAIT_USER_CONFIRM
1.450000,0.554499,-0.000000,0.264962,0.000000,0.000000,0.000000,-8.380134,WAIT_USER_CONFIRM
1.452000,0.554499,-0.000000,0.264962,0.000000,0.000000,0.000000,-8.380134,WAIT_USER_CONFIRM
1.454000,0.554499,-0.000000,0.264962,0.000000,0.000000,0.000000,-8.380134,WAIT_USER_CONFIRM
1.456000,0.554499,-0.000000,0.264962,0.000000,0.000000,0.000000,-8.380134,WAIT_USER_CONFIRM
1.458000,0.554499,-0.000000,0.264962,0.000000,0.000000,0.000000,-8.380134,WAIT_USER_CONFIRM
1.460000,0.554499,-0.000000,0.264962,0.000000,0.000000,0.000000,-8.380134,WAIT_USER_CONFIRM
1.462000,0.554499,-0.000000,0.264962,0.000000,0.000000,0.000000,-8.380134,WAIT_USER_CONFIRM
1.464000,0.554499,-0.000000,0.264962,0.000000,0.000000,0.000000,-8.380134,WAIT_USER_CONFIRM
1.466000,0.554499,-0.000000,0.264962,0.000000,0.000000,0.000000,-8.380134,WAIT_USER_CONFIRM
1.468000,0.554499,-0.000000,0.264962,0.000000,0.000000,0.000000,-8.380134,WAIT_USER_CONFIRM
1.470000,0.554499,-0.000000,0.264962,0.000000,0.000000,0.000000,-8.380134,WAIT_USER_CONFIRM
1.472000,0.554499,-0.000000,0.264962,0.000000,0.000000,0.000000,-8.380134,WAIT_USER_CONFIRM
1.474000,0.554499,-0.000000,0.264962,0.000000,0.000000,0.000000,-8.380134,WAIT_USER_CONFIRM
1.476000,0.554499,-0.000000,0.264962,0.000000,0.000000,0.000000,-8.380134,WAIT_USER_CONFIRM
1.478000,0.554499,-0.000000,0.264962,0.000000,0.000000,0.000000,-8.380134,WAIT_USER_CONFIRM
1.480000,0.554499,-0.000000,0.264962,0.000000,0.000000,0.000000,-8.380134,WAIT_USER_CONFIRM
1.482000,0.554499,-0.000000,0.264962,0.000000,0.000000,0.000000,-8.380134,WAIT_USER_CONFIRM
1.484000,0.554499,-0.000000,0.264962,0.000000,0.000000,0.000000,-8.380134,WAIT_USER_CONFIRM
1.486000,0.554499,-0.000000,0.264962,0.000000,0.000000,0.000000,-8.380134,WAIT_USER_CONFIRM
1.488000,0.554499,-0.000000,0.264962,0.000000,0.000000,0.000000,-8.380134,WAIT_USER_CONFIRM
1.490000,0.554499,-0.000000,0.264962,0.000000,0.000000,0.000000,-8.380134,WAIT_USER_CONFIRM
1.492000,0.554499,-0.000000,0.264962,0.000000,0.000000,0.000000,-8.380134,WAIT_USER_CONFIRM
1.494000,0.554499,-0.000000,0.264962,0.000000,0.000000,0.000000,-8.380134,WAIT_USER_CONFIRM
1.496000,0.554499,-0.000000,0.264962,0.000000,0.000000,0.000000,-8.380134,WAIT_USER_CONFIRM
1.498000,0.554499,-0.000000,0.264962,0.000000,0.000000,0.000000,-8.380134,WAIT_USER_CONFIRM
1.500000,0.554499,-0.000000,0.264962,0.000000,0.000000,0.000000,-8.380134,WAIT_USER_CONFIRM
1.502000,0.554499,-0.000000,0.264962,0.000000,0.000000,0.000000,-8.380134,WAIT_USER_CONFIRM
1.504000,0.554499,-0.000000,0.264962,0.000000,0.000000,0.000000,-8.380134,WAIT_USER_CONFIRM
1.506000,0.554499,-0.000000,0.264962,0.000000,0.000000,0.000000,-8.380134,WAIT_USER_CONFIRM
1.508000,0.554499,-0.000000,0.264962,0.000000,0.000000,0.000000,-8.380134,WAIT_USER_CONFIRM
1.510000,0.554499,-0.000000,0.264962,0.000000,0.000000,0.000000,-8.380134,WAIT_USER_CONFIRM
1.512000,0.554499,-0.000000,0.264962,0.000000,0.000000,0.000000,-8.380134,WAIT_USER_CONFIRM
1.514000,0.554499,-0.000000,0.264962,0.000000,0.000000,0.000000,-8.380134,WAIT_USER_CONFIRM
1.516000,0.554499,-0.000000,0.264962,0.000000,0.000000,0.000000,-8.380134,WAIT_USER_CONFIRM
1.518000,0.554499,-0.000000,0.264962,0.000000,0.000000,0.000000,-8.380134,WAIT_USER_CONFIRM
1.520000,0.554499,-0.000000,0.264962,0.000000,0.000000,0.000000,-8.380134,WAIT_USER_CONFIRM
1.522000,0.554499,-0.000000,0.264962,0.000000,0.000000,0.000000,-8.380134,WAIT_USER_CONFIRM
1.524000,0.554499,-0.000000,0.264962,0.000000,0.000000,0.000000,-8.380134,WAIT_USER_CONFIRM
1.526000,0.554499,-0.000000,0.264962,0.000000,0.000000,0.000000,-8.380134,WAIT_USER_CONFIRM
1.528000,0.554499,-0.000000,0.264962,0.000000,0.000000,0.000000,-8.380134,WAIT_USER_CONFIRM
1.530000,0.554499,-0.000000,0.264962,0.000000,0.000000,0.000000,-8.380134,WAIT_USER_CONFIRM
1.532000,0.554499,-0.000000,0.264962,0.000000,0.000000,0.000000,-8.380134,WAIT_USER_CONFIRM
1.534000,0.554499,-0.000000,0.264962,0.000000,0.000000,0.000000,-8.380134,WAIT_USER_CONFIRM
1.536000,0.554499,-0.000000,0.264962,0.000000,0.000000,0.000000,-8.380134,WAIT_USER_CONFIRM
1.538000,0.554499,-0.000000,0.264962,0.000000,0.000000,0.000000,-8.380134,WAIT_USER_CONFIRM
1.540000,0.554499,-0.000000,0.264962,0.000000,0.000000,0.000000,-8.380134,WAIT_USER_CONFIRM
1.542000,0.554499,-0.000000,0.264962,0.000000,0.000000,0.000000,-8.380134,WAIT_USER_CONFIRM
1.544000,0.554499,-0.000000,0.264962,0.000000,0.000000,0.000000,-8.380134,WAIT_USER_CONFIRM
1.546000,0.554499,-0.000000,0.264962,0.000000,0.000000,0.000000,-8.380134,WAIT_USER_CONFIRM
1.548000,0.554499,-0.000000,0.264962,0.000000,0.000000,0.000000,-8.380134,WAIT_USER_CONFIRM
1.550000,0.554499,-0.000000,0.264962,0.000000,0.000000,0.000000,-8.380134,WAIT_USER_CONFIRM
1.552000,0.554499,-0.000000,0.264962,0.000000,0.000000,0.000000,-8.380134,WAIT_USER_CONFIRM
1.554000,0.554499,-0.000000,0.264962,0.000000,0.000000,0.000000,-8.380134,WAIT_USER_CONFIRM
1.556000,0.554499,-0.000000,0.264962,0.000000,0.000000,0.000000,-8.380134,WAIT_USER_CONFIRM
1.558000,0.554499,-0.000000,0.264962,0.000000,0.000000,0.000000,-8.380134,WAIT_USER_CONFIRM
1.560000,0.554499,-0.000000,0.264962,0.000000,0.000000,0.000000,-8.380134,WAIT_USER_CONFIRM
1.562000,0.554499,-0.000000,0.264962,0.000000,0.000000,0.000000,-8.380134,WAIT_USER_CONFIRM
1.564000,0.554499,-0.000000,0.264962,0.000000,0.000000,0.000000,-8.380134,WAIT_USER_CONFIRM
1.566000,0.554499,-0.000000,0.264962,0.000000,0.000000,0.000000,-8.380134,WAIT_USER_CONFIRM
1.568000,0.554499,-0.000000,0.264962,0.000000,0.000000,0.000000,-8.380134,WAIT_USER_CONFIRM
1.570000,0.554499,-0.000000,0.264962,0.000000,0.000000,0.000000,-8.380134,WAIT_USER_CONFIRM
1.572000,0.554499,-0.000000,0.264962,0.000000,0.000000,0.000000,-8.380134,WAIT_USER_CONFIRM
1.574000,0.554499,-0.000000,0.264962,0.000000,0.000000,0.000000,-8.380134,WAIT_USER_CONFIRM
1.576000,0.554499,-0.000000,0.264962,0.000000,0.000000,0.000000,-8.380134,WAIT_USER_CONFIRM
1.578000,0.554499,-0.000000,0.264962,0.000000,0.000000,0.000000,-8.380134,WAIT_USER_CONFIRM
1.580000,0.554499,-0.000000,0.264962,0.000000,0.000000,0.000000,-8.380134,WAIT_USER_CONFIRM
1.582000,0.554499,-0.000000,0.264962,0.000000,0.000000,0.000000,-8.380134,WAIT_USER_CONFIRM
1.584000,0.554499,-0.000000,0.264962,0.000000,0.000000,0.000000,-8.380134,WAIT_USER_CONFIRM
1.586000,0.554499,-0.000000,0.264962,0.000000,0.000000,0.000000,-8.380134,WAIT_USER_CONFIRM
1.588000,0.554499,-0.000000,0.264962,0.000000,0.000000,0.000000,-8.380134,WAIT_USER_CONFIRM
1.590000,0.554499,-0.000000,0.264962,0.000000,0.000000,0.000000,-8.380134,WAIT_USER_CONFIRM
1.592000,0.554499,-0.000000,0.264962,0.000000,0.000000,0.000000,-8.380134,WAIT_USER_CONFIRM
1.594000,0.554499,-0.000000,0.264962,0.000000,0.000000,0.000000,-8.380134,WAIT_USER_CONFIRM
1.596000,0.554499,-0.000000,0.264962,0.000000,0.000000,0.000000,-8.380134,WAIT_USER_CONFIRM
1.598000,0.554499,-0.000000,0.264962,0.000000,0.000000,0.000000,-8.380134,WAIT_USER_CONFIRM
1.600000,0.554499,-0.000000,0.264962,0.000000,0.000000,0.000000,-8.380134,WAIT_USER_CONFIRM
1.602000,0.554499,-0.000000,0.264962,0.000000,0.000000,0.000000,-8.380134,WAIT_USER_CONFIRM
1.604000,0.554499,-0.000000,0.264962,0.000000,0.000000,0.000000,-8.380134,WAIT_USER_CONFIRM
1.606000,0.554499,-0.000000,0.264962,0.000000,0.000000,0.000000,-8.380134,WAIT_USER_CONFIRM
1.608000,0.554499,-0.000000,0.264962,0.000000,0.000000,0.000000,-8.380134,WAIT_USER_CONFIRM
1.610000,0.554499,-0.000000,0.264962,0.000000,0.000000,0.000000,-8.380134,WAIT_USER_CONFIRM
1.612000,0.554499,-0.000000,0.264962,0.000000,0.000000,0.000000,-8.380134,WAIT_USER_CONFIRM
1.614000,0.554499,-0.000000,0.264962,0.000000,0.000000,0.000000,-8.380134,WAIT_USER_CONFIRM
1.616000,0.554499,-0.000000,0.264962,0.000000,0.000000,0.000000,-8.380134,WAIT_USER_CONFIRM
1.618000,0.554499,-0.000000,0.264962,0.000000,0.000000,0.000000,-8.380134,WAIT_USER_CONFIRM
1.620000,0.554499,-0.000000,0.264962,0.000000,0.000000,0.000000,-8.380134,WAIT_USER_CONFIRM
1.622000,0.554499,-0.000000,0.264962,0.000000,0.000000,0.000000,-8.380134,WAIT_USER_CONFIRM
1.624000,0.554499,-0.000000,0.264962,0.000000,0.000000,0.000000,-8.380134,WAIT_USER_CONFIRM
1.626000,0.554499,-0.000000,0.264962,0.000000,0.000000,0.000000,-8.380134,WAIT_USER_CONFIRM
1.628000,0.554499,-0.000000,0.264962,0.000000,0.000000,0.000000,-8.380134,WAIT_USER_CONFIRM
1.630000,0.554499,-0.000000,0.264962,0.000000,0.000000,0.000000,-8.380134,WAIT_USER_CONFIRM
1.632000,0.554499,-0.000000,0.264962,0.000000,0.000000,0.000000,-8.380134,WAIT_USER_CONFIRM
1.634000,0.554499,-0.000000,0.264962,0.000000,0.000000,0.000000,-8.380134,WAIT_USER_CONFIRM
1.636000,0.554499,-0.000000,0.264962,0.000000,0.000000,0.000000,-8.380134,WAIT_USER_CONFIRM
1.638000,0.554499,-0.000000,0.264962,0.000000,0.000000,0.000000,-8.380134,WAIT_USER_CONFIRM
1.640000,0.554499,-0.000000,0.264962,0.000000,0.000000,0.000000,-8.380134,WAIT_USER_CONFIRM
1.642000,0.554499,-0.000000,0.264962,0.000000,0.000000,0.000000,-8.380134,WAIT_USER_CONFIRM
1.644000,0.554499,-0.000000,0.264962,0.000000,0.000000,0.000000,-8.380134,WAIT_USER_CONFIRM
1.646000,0.554499,-0.000000,0.264962,0.000000,0.000000,0.000000,-8.380134,WAIT_USER_CONFIRM
1.648000,0.554499,-0.000000,0.264962,0.000000,0.000000,0.000000,-8.380134,WAIT_USER_CONFIRM
1.650000,0.554499,-0.000000,0.264962,0.000000,0.000000,0.000000,-8.380134,WAIT_USER_CONFIRM
1.652000,0.554499,-0.000000,0.264962,0.000000,0.000000,0.000000,-8.380134,WAIT_USER_CONFIRM
1.654000,0.554499,-0.000000,0.264962,0.000000,0.000000,0.000000,-8.380134,WAIT_USER_CONFIRM
1.656000,0.554499,-0.000000,0.264962,0.000000,0.000000,0.000000,-8.380134,WAIT_USER_CONFIRM
1.658000,0.554499,-0.000000,0.264962,0.000000,0.000000,0.000000,-8.380134,WAIT_USER_CONFIRM
1.660000,0.554499,-0.000000,0.264962,0.000000,0.000000,0.000000,-8.380134,WAIT_USER_CONFIRM
1.662000,0.554499,-0.000000,0.264962,0.000000,0.000000,0.000000,-8.380134,WAIT_USER_CONFIRM
1.664000,0.554499,-0.000000,0.264962,0.000000,0.000000,0.000000,-8.380134,WAIT_USER_CONFIRM
1.666000,0.554499,-0.000000,0.264962,0.000000,0.000000,0.000000,-8.380134,WAIT_USER_CONFIRM
1.668000,0.554499,-0.000000,0.264962,0.000000,0.000000,0.000000,-8.380134,WAIT_USER_CONFIRM
1.670000,0.554499,-0.000000,0.264962,0.000000,0.000000,0.000000,-8.380134,WAIT_USER_CONFIRM
1.672000,0.554499,-0.000000,0.264962,0.000000,0.000000,0.000000,-8.380134,WAIT_USER_CONFIRM
1.674000,0.554499,-0.000000,0.264962,0.000000,0.000000,0.000000,-8.380134,WAIT_USER_CONFIRM
1.676000,0.554499,-0.000000,0.264962,0.000000,0.000000,0.000000,-8.380134,WAIT_USER_CONFIRM
1.678000,0.554499,-0.000000,0.264962,0.000000,0.000000,0.000000,-8.380134,WAIT_USER_CONFIRM
1.680000,0.554499,-0.000000,0.264962,0.000000,0.000000,0.000000,-8.380134,WAIT_USER_CONFIRM
1.682000,0.554499,-0.000000,0.264962,0.000000,0.000000,0.000000,-8.380134,WAIT_USER_CONFIRM
1.684000,0.554499,-0.000000,0.264962,0.000000,0.000000,0.000000,-8.380134,WAIT_USER_CONFIRM
1.686000,0.554499,-0.000000,0.264962,0.000000,0.000000,0.000000,-8.380134,WAIT_USER_CONFIRM
1.688000,0.554499,-0.000000,0.264962,0.000000,0.000000,0.000000,-8.380134,WAIT_USER_CONFIRM
1.690000,0.554499,-0.000000,0.264962,0.000000,0.000000,0.000000,-8.380134,WAIT_USER_CONFIRM
1.692000,0.554499,-0.000000,0.264962,0.000000,0.000000,0.000000,-8.380134,WAIT_USER_CONFIRM
1.694000,0.554499,-0.000000,0.264962,0.000000,0.000000,0.000000,-8.380134,WAIT_USER_CONFIRM
1.696000,0.554499,-0.000000,0.264962,0.000000,0.000000,0.000000,-8.380134,WAIT_USER_CONFIRM
1.698000,0.554499,-0.000000,0.264962,0.000000,0.000000,0.000000,-8.380134,WAIT_USER_CONFIRM
1.700000,0.554499,-0.000000,0.264962,0.000000,0.000000,0.000000,-8.380134,WAIT_USER_CONFIRM
1.702000,0.554499,-0.000000,0.264962,0.000000,0.000000,0.000000,-8.380134,WAIT_USER_CONFIRM
1.704000,0.554499,-0.000000,0.264962,0.000000,0.000000,0.000000,-8.380134,WAIT_USER_CONFIRM
1.706000,0.554499,-0.000000,0.264962,0.000000,0.000000,0.000000,-8.380134,WAIT_USER_CONFIRM
1.708000,0.554499,-0.000000,0.264962,0.000000,0.000000,0.000000,-8.380134,WAIT_USER_CONFIRM
1.710000,0.554499,-0.000000,0.264962,0.000000,0.000000,0.000000,-8.380134,WAIT_USER_CONFIRM
1.712000,0.554499,-0.000000,0.264962,0.000000,0.000000,0.000000,-8.380134,WAIT_USER_CONFIRM
1.714000,0.554499,-0.000000,0.264962,0.000000,0.000000,0.000000,-8.380134,WAIT_USER_CONFIRM
1.716000,0.554499,-0.000000,0.264962,0.000000,0.000000,0.000000,-8.380134,WAIT_USER_CONFIRM
1.718000,0.554499,-0.000000,0.264962,0.000000,0.000000,0.000000,-8.380134,WAIT_USER_CONFIRM
1.720000,0.554499,-0.000000,0.264962,0.000000,0.000000,0.000000,-8.380134,WAIT_USER_CONFIRM
1.722000,0.554499,-0.000000,0.264962,0.000000,0.000000,0.000000,-8.380134,WAIT_USER_CONFIRM
1.724000,0.554499,-0.000000,0.264962,0.000000,0.000000,0.000000,-8.380134,WAIT_USER_CONFIRM
1.726000,0.554499,-0.000000,0.264962,0.000000,0.000000,0.000000,-8.380134,WAIT_USER_CONFIRM
1.728000,0.554499,-0.000000,0.264962,0.000000,0.000000,0.000000,-8.380134,WAIT_USER_CONFIRM
1.730000,0.554499,-0.000000,0.264962,0.000000,0.000000,0.000000,-8.380134,WAIT_USER_CONFIRM
1.732000,0.554499,-0.000000,0.264962,0.000000,0.000000,0.000000,-8.380134,WAIT_USER_CONFIRM
1.734000,0.554499,-0.000000,0.264962,0.000000,0.000000,0.000000,-8.380134,WAIT_USER_CONFIRM
1.736000,0.554499,-0.000000,0.264962,0.000000,0.000000,0.000000,-8.380134,WAIT_USER_CONFIRM
1.738000,0.554499,-0.000000,0.264962,0.000000,0.000000,0.000000,-8.380134,WAIT_USER_CONFIRM
1.740000,0.554499,-0.000000,0.264962,0.000000,0.000000,0.000000,-8.380134,WAIT_USER_CONFIRM
1.742000,0.554499,-0.000000,0.264962,0.000000,0.000000,0.000000,-8.380134,WAIT_USER_CONFIRM
1.744000,0.554499,-0.000000,0.264962,0.000000,0.000000,0.000000,-8.380134,WAIT_USER_CONFIRM
1.746000,0.554499,-0.000000,0.264962,0.000000,0.000000,0.000000,-8.380134,WAIT_USER_CONFIRM
1.748000,0.554499,-0.000000,0.264962,0.000000,0.000000,0.000000,-8.380134,WAIT_USER_CONFIRM
1.750000,0.554499,-0.000000,0.264962,0.000000,0.000000,0.000000,-8.380134,WAIT_USER_CONFIRM
1.752000,0.554499,-0.000000,0.264962,0.000000,0.000000,0.000000,-8.380134,WAIT_USER_CONFIRM
1.754000,0.554499,-0.000000,0.264962,0.000000,0.000000,0.000000,-8.380134,WAIT_USER_CONFIRM
1.756000,0.554499,-0.000000,0.264962,0.000000,0.000000,0.000000,-8.380134,WAIT_USER_CONFIRM
1.758000,0.554499,-0.000000,0.264962,0.000000,0.000000,0.000000,-8.380134,WAIT_USER_CONFIRM
1.760000,0.554499,-0.000000,0.264962,0.000000,0.000000,0.000000,-8.380134,WAIT_USER_CONFIRM
1.762000,0.554499,-0.000000,0.264962,0.000000,0.000000,0.000000,-8.380134,WAIT_USER_CONFIRM
1.764000,0.554499,-0.000000,0.264962,0.000000,0.000000,0.000000,-8.380134,WAIT_USER_CONFIRM
1.766000,0.554499,-0.000000,0.264962,0.000000,0.000000,0.000000,-8.380134,WAIT_USER_CONFIRM
1.768000,0.554499,-0.000000,0.264962,0.000000,0.000000,0.000000,-8.380134,WAIT_USER_CONFIRM
1.770000,0.554499,-0.000000,0.264962,0.000000,0.000000,0.000000,-8.380134,WAIT_USER_CONFIRM
1.772000,0.554499,-0.000000,0.264962,0.000000,0.000000,0.000000,-8.380134,WAIT_USER_CONFIRM
1.774000,0.554499,-0.000000,0.264962,0.000000,0.000000,0.000000,-8.380134,WAIT_USER_CONFIRM
1.776000,0.554499,-0.000000,0.264962,0.000000,0.000000,0.000000,-8.380134,WAIT_USER_CONFIRM
1.778000,0.554499,-0.000000,0.264962,0.000000,0.000000,0.000000,-8.380134,WAIT_USER_CONFIRM
1.780000,0.554499,-0.000000,0.264962,0.000000,0.000000,0.000000,-8.380134,WAIT_USER_CONFIRM
1.782000,0.554499,-0.000000,0.264962,0.000000,0.000000,0.000000,-8.380134,WAIT_USER_CONFIRM
1.784000,0.554499,-0.000000,0.264962,0.000000,0.000000,0.000000,-8.380134,WAIT_USER_CONFIRM
1.786000,0.554499,-0.000000,0.264962,0.000000,0.000000,0.000000,-8.380134,WAIT_USER_CONFIRM
1.788000,0.554499,-0.000000,0.264962,0.000000,0.000000,0.000000,-8.380134,WAIT_USER_CONFIRM
1.790000,0.554499,-0.000000,0.264962,0.000000,0.000000,0.000000,-8.380134,WAIT_USER_CONFIRM
1.792000,0.554499,-0.000000,0.264962,0.000000,0.000000,0.000000,-8.380134,WAIT_USER_CONFIRM
1.794000,0.554499,-0.000000,0.264962,0.000000,0.000000,0.000000,-8.380134,WAIT_USER_CONFIRM
1.796000,0.554499,-0.000000,0.264962,0.000000,0.000000,0.000000,-8.380134,WAIT_USER_CONFIRM
1.798000,0.554499,-0.000000,0.264962,0.000000,0.000000,0.000000,-8.380134,WAIT_USER_CONFIRM
1.800000,0.554499,-0.000000,0.264962,0.000000,0.000000,0.000000,-8.380134,WAIT_USER_CONFIRM
1.802000,0.554499,-0.000000,0.264962,0.000000,0.000000,0.000000,-8.380134,WAIT_USER_CONFIRM
1.804000,0.554499,-0.000000,0.264962,0.000000,0.000000,0.000000,-8.380134,WAIT_USER_CONFIRM
1.806000,0.554499,-0.000000,0.264962,0.000000,0.000000,0.000000,-8.380134,WAIT_USER_CONFIRM
1.808000,0.554499,-0.000000,0.264962,0.000000,0.000000,0.000000,-8.380134,WAIT_USER_CONFIRM
1.810000,0.554499,-0.000000,0.264962,0.000000,0.000000,0.000000,-8.380134,WAIT_USER_CONFIRM
1.812000,0.554499,-0.000000,0.264962,0.000000,0.000000,0.000000,-8.380134,WAIT_USER_CONFIRM
1.814000,0.554499,-0.000000,0.264962,0.000000,0.000000,0.000000,-8.380134,WAIT_USER_CONFIRM
1.816000,0.554499,-0.000000,0.264962,0.000000,0.000000,0.000000,-8.380134,WAIT_USER_CONFIRM
1.818000,0.554499,-0.000000,0.264962,0.000000,0.000000,0.000000,-8.380134,WAIT_USER_CONFIRM
1.820000,0.554499,-0.000000,0.264962,0.000000,0.000000,0.000000,-8.380134,WAIT_USER_CONFIRM
1.822000,0.554499,-0.000000,0.264962,0.000000,0.000000,0.000000,-8.380134,WAIT_USER_CONFIRM
1.824000,0.554499,-0.000000,0.264962,0.000000,0.000000,0.000000,-8.380134,WAIT_USER_CONFIRM
1.826000,0.554499,-0.000000,0.264962,0.000000,0.000000,0.000000,-8.380134,WAIT_USER_CONFIRM
1.828000,0.554499,-0.000000,0.264962,0.000000,0.000000,0.000000,-8.380134,WAIT_USER_CONFIRM
1.830000,0.554499,-0.000000,0.264962,0.000000,0.000000,0.000000,-8.380134,WAIT_USER_CONFIRM
1.832000,0.554499,-0.000000,0.264962,0.000000,0.000000,0.000000,-8.380134,WAIT_USER_CONFIRM
1.834000,0.554499,-0.000000,0.264962,0.000000,0.000000,0.000000,-8.380134,WAIT_USER_CONFIRM
1.836000,0.554499,-0.000000,0.264962,0.000000,0.000000,0.000000,-8.380134,WAIT_USER_CONFIRM
1.838000,0.554499,-0.000000,0.264962,0.000000,0.000000,0.000000,-8.380134,WAIT_USER_CONFIRM
1.840000,0.554499,-0.000000,0.264962,0.000000,0.000000,0.000000,-8.380134,WAIT_USER_CONFIRM
1.842000,0.554499,-0.000000,0.264962,0.000000,0.000000,0.000000,-8.380134,WAIT_USER_CONFIRM
1.844000,0.554499,-0.000000,0.264962,0.000000,0.000000,0.000000,-8.380134,WAIT_USER_CONFIRM
1.846000,0.554499,-0.000000,0.264962,0.000000,0.000000,0.000000,-8.380134,WAIT_USER_CONFIRM
1.848000,0.554499,-0.000000,0.264962,0.000000,0.000000,0.000000,-8.380134,WAIT_USER_CONFIRM
1.850000,0.554499,-0.000000,0.264962,0.000000,0.000000,0.000000,-8.380134,WAIT_USER_CONFIRM
1.852000,0.554499,-0.000000,0.264962,0.000000,0.000000,0.000000,-8.380134,WAIT_USER_CONFIRM
1.854000,0.554499,-0.000000,0.264962,0.000000,0.000000,0.000000,-8.380134,WAIT_USER_CONFIRM
1.856000,0.554499,-0.000000,0.264962,0.000000,0.000000,0.000000,-8.380134,WAIT_USER_CONFIRM
1.858000,0.554499,-0.000000,0.264962,0.000000,0.000000,0.000000,-8.380134,WAIT_USER_CONFIRM
1.860000,0.554499,-0.000000,0.264962,0.000000,0.000000,0.000000,-8.380134,WAIT_USER_CONFIRM
1.862000,0.554499,-0.000000,0.264962,0.000000,0.000000,0.000000,-8.380134,WAIT_USER_CONFIRM
1.864000,0.554499,-0.000000,0.264962,0.000000,0.000000,0.000000,-8.380134,WAIT_USER_CONFIRM
1.866000,0.554499,-0.000000,0.264962,0.000000,0.000000,0.000000,-8.380134,WAIT_USER_CONFIRM
1.868000,0.554499,-0.000000,0.264962,0.000000,0.000000,0.000000,-8.380134,WAIT_USER_CONFIRM
1.870000,0.554499,-0.000000,0.264962,0.000000,0.000000,0.000000,-8.380134,WAIT_USER_CONFIRM
1.872000,0.554499,-0.000000,0.264962,0.000000,0.000000,0.000000,-8.380134,WAIT_USER_CONFIRM
1.874000,0.554499,-0.000000,0.264962,0.000000,0.000000,0.000000,-8.380134,WAIT_USER_CONFIRM
1.876000,0.554499,-0.000000,0.264962,0.000000,0.000000,0.000000,-8.380134,WAIT_USER_CONFIRM
1.878000,0.554499,-0.000000,0.264962,0.000000,0.000000,0.000000,-8.380134,WAIT_USER_CONFIRM
1.880000,0.554499,-0.000000,0.264962,0.000000,0.000000,0.000000,-8.380134,WAIT_USER_CONFIRM
1.882000,0.554499,-0.000000,0.264962,0.000000,0.000000,0.000000,-8.380134,WAIT_USER_CONFIRM
1.884000,0.554499,-0.000000,0.264962,0.000000,0.000000,0.000000,-8.380134,WAIT_USER_CONFIRM
1.886000,0.554499,-0.000000,0.264962,0.000000,0.000000,0.000000,-8.380134,WAIT_USER_CONFIRM
1.888000,0.554499,-0.000000,0.264962,0.000000,0.000000,0.000000,-8.380134,WAIT_USER_CONFIRM
1.890000,0.554499,-0.000000,0.264962,0.000000,0.000000,0.000000,-8.380134,WAIT_USER_CONFIRM
1.892000,0.554499,-0.000000,0.264962,0.000000,0.000000,0.000000,-8.380134,WAIT_USER_CONFIRM
1.894000,0.554499,-0.000000,0.264962,0.000000,0.000000,0.000000,-8.380134,WAIT_USER_CONFIRM
1.896000,0.554499,-0.000000,0.264962,0.000000,0.000000,0.000000,-8.380134,WAIT_USER_CONFIRM
1.898000,0.554499,-0.000000,0.264962,0.000000,0.000000,0.000000,-8.380134,WAIT_USER_CONFIRM
1.900000,0.554499,-0.000000,0.264962,0.000000,0.000000,0.000000,-8.380134,WAIT_USER_CONFIRM
1.902000,0.554499,-0.000000,0.264962,0.000000,0.000000,0.000000,-8.380134,WAIT_USER_CONFIRM
1.904000,0.554499,-0.000000,0.264962,0.000000,0.000000,0.000000,-8.380134,WAIT_USER_CONFIRM
1.906000,0.554499,-0.000000,0.264962,0.000000,0.000000,0.000000,-8.380134,WAIT_USER_CONFIRM
1.908000,0.554499,-0.000000,0.264962,0.000000,0.000000,0.000000,-8.380134,WAIT_USER_CONFIRM
1.910000,0.554499,-0.000000,0.264962,0.000000,0.000000,0.000000,-8.380134,WAIT_USER_CONFIRM
1.912000,0.554499,-0.000000,0.264962,0.000000,0.000000,0.000000,-8.380134,WAIT_USER_CONFIRM
1.914000,0.554499,-0.000000,0.264962,0.000000,0.000000,0.000000,-8.380134,WAIT_USER_CONFIRM
1.916000,0.554499,-0.000000,0.264962,0.000000,0.000000,0.000000,-8.380134,WAIT_USER_CONFIRM
1.918000,0.554499,-0.000000,0.264962,0.000000,0.000000,0.000000,-8.380134,WAIT_USER_CONFIRM
1.920000,0.554499,-0.000000,0.264962,0.000000,0.000000,0.000000,-8.380134,WAIT_USER_CONFIRM
1.922000,0.554499,-0.000000,0.264962,0.000000,0.000000,0.000000,-8.380134,WAIT_USER_CONFIRM
1.924000,0.554499,-0.000000,0.264962,0.000000,0.000000,0.000000,-8.380134,WAIT_USER_CONFIRM
1.926000,0.554499,-0.000000,0.264962,0.000000,0.000000,0.000000,-8.380134,WAIT_USER_CONFIRM
1.928000,0.554499,-0.000000,0.264962,0.000000,0.000000,0.000000,-8.380134,WAIT_USER_CONFIRM
1.930000,0.554499,-0.000000,0.264962,0.000000,0.000000,0.000000,-8.380134,WAIT_USER_CONFIRM
1.932000,0.554499,-0.000000,0.264962,0.000000,0.000000,0.000000,-8.380134,WAIT_USER_CONFIRM
1.934000,0.554499,-0.000000,0.264962,0.000000,0.000000,0.000000,-8.380134,WAIT_USER_CONFIRM
1.936000,0.554499,-0.000000,0.264962,0.000000,0.000000,0.000000,-8.380134,WAIT_USER_CONFIRM
1.938000,0.554499,-0.000000,0.264962,0.000000,0.000000,0.000000,-8.380134,WAIT_USER_CONFIRM
1.940000,0.554499,-0.000000,0.264962,0.000000,0.000000,0.000000,-8.380134,WAIT_USER_CONFIRM
1.942000,0.554499,-0.000000,0.264962,0.000000,0.000000,0.000000,-8.380134,WAIT_USER_CONFIRM
1.944000,0.554499,-0.000000,0.264962,0.000000,0.000000,0.000000,-8.380134,WAIT_USER_CONFIRM
1.946000,0.554499,-0.000000,0.264962,0.000000,0.000000,0.000000,-8.380134,WAIT_USER_CONFIRM
1.948000,0.554499,-0.000000,0.264962,0.000000,0.000000,0.000000,-8.380134,WAIT_USER_CONFIRM
1.950000,0.554499,-0.000000,0.264962,0.000000,0.000000,0.000000,-8.380134,WAIT_USER_CONFIRM
1.952000,0.554499,-0.000000,0.264962,0.000000,0.000000,0.000000,-8.380134,WAIT_USER_CONFIRM
1.954000,0.554499,-0.000000,0.264962,0.000000,0.000000,0.000000,-8.380134,WAIT_USER_CONFIRM
1.956000,0.554499,-0.000000,0.264962,0.000000,0.000000,0.000000,-8.380134,WAIT_USER_CONFIRM
1.958000,0.554499,-0.000000,0.264962,0.000000,0.000000,0.000000,-8.380134,WAIT_USER_CONFIRM
1.960000,0.554499,-0.000000,0.264962,0.000000,0.000000,0.000000,-8.380134,WAIT_USER_CONFIRM
1.962000,0.554499,-0.000000,0.264962,0.000000,0.000000,0.000000,-8.380134,WAIT_USER_CONFIRM
1.964000,0.554499,-0.000000,0.264962,0.000000,0.000000,0.000000,-8.380134,WAIT_USER_CONFIRM
1.966000,0.554499,-0.000000,0.264962,0.000000,0.000000,0.000000,-8.380134,WAIT_USER_CONFIRM
1.968000,0.554499,-0.000000,0.264962,0.000000,0.000000,0.000000,-8.380134,WAIT_USER_CONFIRM
1.970000,0.554499,-0.000000,0.264962,0.000000,0.000000,0.000000,-8.380134,WAIT_USER_CONFIRM
1.972000,0.554499,-0.000000,0.264962,0.000000,0.000000,0.000000,-8.380134,WAIT_USER_CONFIRM
1.974000,0.554499,-0.000000,0.264962,0.000000,0.000000,0.000000,-8.380134,WAIT_USER_CONFIRM
1.976000,0.554499,-0.000000,0.264962,0.000000,0.000000,0.000000,-8.380134,WAIT_USER_CONFIRM
1.978000,0.554499,-0.000000,0.264962,0.000000,0.000000,0.000000,-8.380134,WAIT_USER_CONFIRM
1.980000,0.554499,-0.000000,0.264962,0.000000,0.000000,0.000000,-8.380134,WAIT_USER_CONFIRM
1.982000,0.554499,-0.000000,0.264962,0.000000,0.000000,0.000000,-8.380134,WAIT_USER_CONFIRM
1.984000,0.554499,-0.000000,0.264962,0.000000,0.000000,0.000000,-8.380134,WAIT_USER_CONFIRM
1.986000,0.554499,-0.000000,0.264962,0.000000,0.000000,0.000000,-8.380134,WAIT_USER_CONFIRM
1.988000,0.554499,-0.000000,0.264962,0.000000,0.000000,0.000000,-8.380134,WAIT_USER_CONFIRM
1.990000,0.554499,-0.000000,0.264962,0.000000,0.000000,0.000000,-8.380134,WAIT_USER_CONFIRM
1.992000,0.554499,-0.000000,0.264962,0.000000,0.000000,0.000000,-8.380134,WAIT_USER_CONFIRM
1.994000,0.554499,-0.000000,0.264962,0.000000,0.000000,0.000000,-8.380134,WAIT_USER_CONFIRM
1.996000,0.554499,-0.000000,0.264962,0.000000,0.000000,0.000000,-8.380134,WAIT_USER_CONFIRM
1.998000,0.554499,-0.000000,0.264962,0.000000,0.000000,0.000000,-8.380134,WAIT_USER_CONFIRM
2.000000,0.554499,-0.000000,0.264962,0.000000,0.000000,0.000000,-8.380134,WAIT_USER_CONFIRM
2.002000,0.554499,-0.000000,0.264962,0.000000,0.000000,0.000000,-8.380134,WAIT_USER_CONFIRM
2.004000,0.554499,-0.000000,0.264962,0.000000,0.000000,0.000000,-8.380134,WAIT_USER_CONFIRM
2.006000,0.554499,-0.000000,0.264962,0.000000,0.000000,0.000000,-8.380134,WAIT_USER_CONFIRM
2.008000,0.554499,-0.000000,0.264962,0.000000,0.000000,0.000000,-8.380134,WAIT_USER_CONFIRM
2.010000,0.554499,-0.000000,0.264962,0.000000,0.000000,0.000000,-8.380134,WAIT_USER_CONFIRM
2.012000,0.554499,-0.000000,0.264962,0.000000,0.000000,0.000000,-8.380134,WAIT_USER_CONFIRM
2.014000,0.554499,-0.000000,0.264962,0.000000,0.000000,0.000000,-8.380134,WAIT_USER_CONFIRM
2.016000,0.554499,-0.000000,0.264962,0.000000,0.000000,0.000000,-8.380134,WAIT_USER_CONFIRM
2.018000,0.554499,-0.000000,0.264962,0.000000,0.000000,0.000000,-8.380134,WAIT_USER_CONFIRM
2.020000,0.554499,-0.000000,0.264962,0.000000,0.000000,0.000000,-8.380134,WAIT_USER_CONFIRM
2.022000,0.554499,-0.000000,0.264962,0.000000,0.000000,0.000000,-8.380134,WAIT_USER_CONFIRM
2.024000,0.554499,-0.000000,0.264962,0.000000,0.000000,0.000000,-8.380134,WAIT_USER_CONFIRM
2.026000,0.554499,-0.000000,0.264962,0.000000,0.000000,0.000000,-8.380134,WAIT_USER_CONFIRM
2.028000,0.554499,-0.000000,0.264962,0.000000,0.000000,0.000000,-8.380134,WAIT_USER_CONFIRM
2.030000,0.554499,-0.000000,0.264962,0.000000,0.000000,0.000000,-8.380134,WAIT_USER_CONFIRM
2.032000,0.554499,-0.000000,0.264962,0.000000,0.000000,0.000000,-8.380134,WAIT_USER_CONFIRM
2.034000,0.554499,-0.000000,0.264962,0.000000,0.000000,0.000000,-8.380134,WAIT_USER_CONFIRM
2.036000,0.554499,-0.000000,0.264962,0.000000,0.000000,0.000000,-8.380134,WAIT_USER_CONFIRM
2.038000,0.554499,-0.000000,0.264962,0.000000,0.000000,0.000000,-8.380134,WAIT_USER_CONFIRM
2.040000,0.554499,-0.000000,0.264962,0.000000,0.000000,0.000000,-8.380134,WAIT_USER_CONFIRM
2.042000,0.554499,-0.000000,0.264962,0.000000,0.000000,0.000000,-8.380134,WAIT_USER_CONFIRM
2.044000,0.554499,-0.000000,0.264962,0.000000,0.000000,0.000000,-8.380134,WAIT_USER_CONFIRM
2.046000,0.554499,-0.000000,0.264962,0.000000,0.000000,0.000000,-8.380134,WAIT_USER_CONFIRM
2.048000,0.554499,-0.000000,0.264962,0.000000,0.000000,0.000000,-8.380134,WAIT_USER_CONFIRM
2.050000,0.554499,-0.000000,0.264962,0.000000,0.000000,0.000000,-8.380134,WAIT_USER_CONFIRM
2.052000,0.554499,-0.000000,0.264962,0.000000,0.000000,0.000000,-8.380134,WAIT_USER_CONFIRM
2.054000,0.554499,-0.000000,0.264962,0.000000,0.000000,0.000000,-8.380134,WAIT_USER_CONFIRM
2.056000,0.554499,-0.000000,0.264962,0.000000,0.000000,0.000000,-8.380134,WAIT_USER_CONFIRM
2.058000,0.554499,-0.000000,0.264962,0.000000,0.000000,0.000000,-8.380134,WAIT_USER_CONFIRM
2.060000,0.554499,-0.000000,0.264962,0.000000,0.000000,0.000000,-8.380134,WAIT_USER_CONFIRM
2.062000,0.554499,-0.000000,0.264962,0.000000,0.000000,0.000000,-8.380134,WAIT_USER_CONFIRM
2.064000,0.554499,-0.000000,0.264962,0.000000,0.000000,0.000000,-8.380134,WAIT_USER_CONFIRM
2.066000,0.554499,-0.000000,0.264962,0.000000,0.000000,0.000000,-8.380134,WAIT_USER_CONFIRM
2.068000,0.554499,-0.000000,0.264962,0.000000,0.000000,0.000000,-8.380134,WAIT_USER_CONFIRM
2.070000,0.554499,-0.000000,0.264962,0.000000,0.000000,0.000000,-8.380134,WAIT_USER_CONFIRM
2.072000,0.554499,-0.000000,0.264962,0.000000,0.000000,0.000000,-8.380134,WAIT_USER_CONFIRM
2.074000,0.554499,-0.000000,0.264962,0.000000,0.000000,0.000000,-8.380134,WAIT_USER_CONFIRM
2.076000,0.554499,-0.000000,0.264962,0.000000,0.000000,0.000000,-8.380134,WAIT_USER_CONFIRM
2.078000,0.554499,-0.000000,0.264962,0.000000,0.000000,0.000000,-8.380134,WAIT_USER_CONFIRM
2.080000,0.554499,-0.000000,0.264962,0.000000,0.000000,0.000000,-8.380134,WAIT_USER_CONFIRM
2.082000,0.554499,-0.000000,0.264962,0.000000,0.000000,0.000000,-8.380134,WAIT_USER_CONFIRM
2.084000,0.554499,-0.000000,0.264962,0.000000,0.000000,0.000000,-8.380134,WAIT_USER_CONFIRM
2.086000,0.554499,-0.000000,0.264962,0.000000,0.000000,0.000000,-8.380134,WAIT_USER_CONFIRM
2.088000,0.554499,-0.000000,0.264962,0.000000,0.000000,0.000000,-8.380134,WAIT_USER_CONFIRM
2.090000,0.554499,-0.000000,0.264962,0.000000,0.000000,0.000000,-8.380134,WAIT_USER_CONFIRM
2.092000,0.554499,-0.000000,0.264962,0.000000,0.000000,0.000000,-8.380134,WAIT_USER_CONFIRM
2.094000,0.554499,-0.000000,0.264962,0.000000,0.000000,0.000000,-8.380134,WAIT_USER_CONFIRM
2.096000,0.554499,-0.000000,0.264962,0.000000,0.000000,0.000000,-8.380134,WAIT_USER_CONFIRM
2.098000,0.554499,-0.000000,0.264962,0.000000,0.000000,0.000000,-8.380134,WAIT_USER_CONFIRM
2.100000,0.554499,-0.000000,0.264962,0.000000,0.000000,0.000000,-8.380134,WAIT_USER_CONFIRM
2.102000,0.554499,-0.000000,0.264962,0.000000,0.000000,0.000000,-8.380134,WAIT_USER_CONFIRM
2.104000,0.554499,-0.000000,0.264962,0.000000,0.000000,0.000000,-8.380134,WAIT_USER_CONFIRM
2.106000,0.554499,-0.000000,0.264962,0.000000,0.000000,0.000000,-8.380134,WAIT_USER_CONFIRM
2.108000,0.554499,-0.000000,0.264962,0.000000,0.000000,0.000000,-8.380134,WAIT_USER_CONFIRM
2.110000,0.554499,-0.000000,0.264962,0.000000,0.000000,0.000000,-8.380134,WAIT_USER_CONFIRM
2.112000,0.554499,-0.000000,0.264962,0.000000,0.000000,0.000000,-8.380134,WAIT_USER_CONFIRM
2.114000,0.554499,-0.000000,0.264962,0.000000,0.000000,0.000000,-8.380134,WAIT_USER_CONFIRM
2.116000,0.554499,-0.000000,0.264962,0.000000,0.000000,0.000000,-8.380134,WAIT_USER_CONFIRM
2.118000,0.554499,-0.000000,0.264962,0.000000,0.000000,0.000000,-8.380134,WAIT_USER_CONFIRM
2.120000,0.554499,-0.000000,0.264962,0.000000,0.000000,0.000000,-8.380134,WAIT_USER_CONFIRM
2.122000,0.554499,-0.000000,0.264962,0.000000,0.000000,0.000000,-8.380134,WAIT_USER_CONFIRM
2.124000,0.554499,-0.000000,0.264962,0.000000,0.000000,0.000000,-8.380134,WAIT_USER_CONFIRM
2.126000,0.554499,-0.000000,0.264962,0.000000,0.000000,0.000000,-8.380134,WAIT_USER_CONFIRM
2.128000,0.554499,-0.000000,0.264962,0.000000,0.000000,0.000000,-8.380134,WAIT_USER_CONFIRM
2.130000,0.554499,-0.000000,0.264962,0.000000,0.000000,0.000000,-8.380134,WAIT_USER_CONFIRM
2.132000,0.554499,-0.000000,0.264962,0.000000,0.000000,0.000000,-8.380134,WAIT_USER_CONFIRM
2.134000,0.554499,-0.000000,0.264962,0.000000,0.000000,0.000000,-8.380134,WAIT_USER_CONFIRM
2.136000,0.554499,-0.000000,0.264962,0.000000,0.000000,0.000000,-8.380134,WAIT_USER_CONFIRM
2.138000,0.554499,-0.000000,0.264962,0.000000,0.000000,0.000000,-8.380134,WAIT_USER_CONFIRM
2.140000,0.554499,-0.000000,0.264962,0.000000,0.000000,0.000000,-8.380134,WAIT_USER_CONFIRM
2.142000,0.554499,-0.000000,0.264962,0.000000,0.000000,0.000000,-8.380134,WAIT_USER_CONFIRM
2.144000,0.554499,-0.000000,0.264962,0.000000,0.000000,0.000000,-8.380134,WAIT_USER_CONFIRM
2.146000,0.554499,-0.000000,0.264962,0.000000,0.000000,0.000000,-8.380134,WAIT_USER_CONFIRM
2.148000,0.554499,-0.000000,0.264962,0.000000,0.000000,0.000000,-8.380134,WAIT_USER_CONFIRM
2.150000,0.554499,-0.000000,0.264962,0.000000,0.000000,0.000000,-8.380134,WAIT_USER_CONFIRM
2.152000,0.554499,-0.000000,0.264962,0.000000,0.000000,0.000000,-8.380134,WAIT_USER_CONFIRM
2.154000,0.554499,-0.000000,0.264962,0.000000,0.000000,0.000000,-8.380134,WAIT_USER_CONFIRM
2.156000,0.554499,-0.000000,0.264962,0.000000,0.000000,0.000000,-8.380134,WAIT_USER_CONFIRM
2.158000,0.554499,-0.000000,0.264962,0.000000,0.000000,0.000000,-8.380134,WAIT_USER_CONFIRM
2.160000,0.554499,-0.000000,0.264962,0.000000,0.000000,0.000000,-8.380134,WAIT_USER_CONFIRM
2.162000,0.554499,-0.000000,0.264962,0.000000,0.000000,0.000000,-8.380134,WAIT_USER_CONFIRM
2.164000,0.554499,-0.000000,0.264962,0.000000,0.000000,0.000000,-8.380134,WAIT_USER_CONFIRM
2.166000,0.554499,-0.000000,0.264962,0.000000,0.000000,0.000000,-8.380134,WAIT_USER_CONFIRM
2.168000,0.554499,-0.000000,0.264962,0.000000,0.000000,0.000000,-8.380134,WAIT_USER_CONFIRM
2.170000,0.554499,-0.000000,0.264962,0.000000,0.000000,0.000000,-8.380134,WAIT_USER_CONFIRM
2.172000,0.554499,-0.000000,0.264962,0.000000,0.000000,0.000000,-8.380134,WAIT_USER_CONFIRM
2.174000,0.554499,-0.000000,0.264962,0.000000,0.000000,0.000000,-8.380134,WAIT_USER_CONFIRM
2.176000,0.554499,-0.000000,0.264962,0.000000,0.000000,0.000000,-8.380134,WAIT_USER_CONFIRM
2.178000,0.554499,-0.000000,0.264962,0.000000,0.000000,0.000000,-8.380134,WAIT_USER_CONFIRM
2.180000,0.554499,-0.000000,0.264962,0.000000,0.000000,0.000000,-8.380134,WAIT_USER_CONFIRM
2.182000,0.554499,-0.000000,0.264962,0.000000,0.000000,0.000000,-8.380134,WAIT_USER_CONFIRM
2.184000,0.554499,-0.000000,0.264962,0.000000,0.000000,0.000000,-8.380134,WAIT_USER_CONFIRM
2.186000,0.554499,-0.000000,0.264962,0.000000,0.000000,0.000000,-8.380134,WAIT_USER_CONFIRM
2.188000,0.554499,-0.000000,0.264962,0.000000,0.000000,0.000000,-8.380134,WAIT_USER_CONFIRM
2.190000,0.554499,-0.000000,0.264962,0.000000,0.000000,0.000000,-8.380134,WAIT_USER_CONFIRM
2.192000,0.554499,-0.000000,0.264962,0.000000,0.000000,0.000000,-8.380134,WAIT_USER_CONFIRM
2.194000,0.554499,-0.000000,0.264962,0.000000,0.000000,0.000000,-8.380134,WAIT_USER_CONFIRM
2.196000,0.554499,-0.000000,0.264962,0.000000,0.000000,0.000000,-8.380134,WAIT_USER_CONFIRM
2.198000,0.554499,-0.000000,0.264962,0.000000,0.000000,0.000000,-8.380134,WAIT_USER_CONFIRM
2.200000,0.554499,-0.000000,0.264962,0.000000,0.000000,0.000000,-8.380134,WAIT_USER_CONFIRM
2.202000,0.554499,-0.000000,0.264962,0.000000,0.000000,0.000000,-8.380134,WAIT_USER_CONFIRM
2.204000,0.554499,-0.000000,0.264962,0.000000,0.000000,0.000000,-8.380134,WAIT_USER_CONFIRM
2.206000,0.554499,-0.000000,0.264962,0.000000,0.000000,0.000000,-8.380134,WAIT_USER_CONFIRM
2.208000,0.554499,-0.000000,0.264962,0.000000,0.000000,0.000000,-8.380134,WAIT_USER_CONFIRM
2.210000,0.554499,-0.000000,0.264962,0.000000,0.000000,0.000000,-8.380134,WAIT_USER_CONFIRM
2.212000,0.554499,-0.000000,0.264962,0.000000,0.000000,0.000000,-8.380134,WAIT_USER_CONFIRM
2.214000,0.554499,-0.000000,0.264962,0.000000,0.000000,0.000000,-8.380134,WAIT_USER_CONFIRM
2.216000,0.554499,-0.000000,0.264962,0.000000,0.000000,0.000000,-8.380134,WAIT_USER_CONFIRM
2.218000,0.554499,-0.000000,0.264962,0.000000,0.000000,0.000000,-8.380134,WAIT_USER_CONFIRM
2.220000,0.554499,-0.000000,0.264962,0.000000,0.000000,0.000000,-8.380134,WAIT_USER_CONFIRM
2.222000,0.554499,-0.000000,0.264962,0.000000,0.000000,0.000000,-8.380134,WAIT_USER_CONFIRM
2.224000,0.554499,-0.000000,0.264962,0.000000,0.000000,0.000000,-8.380134,WAIT_USER_CONFIRM
2.226000,0.554499,-0.000000,0.264962,0.000000,0.000000,0.000000,-8.380134,WAIT_USER_CONFIRM
2.228000,0.554499,-0.000000,0.264962,0.000000,0.000000,0.000000,-8.380134,WAIT_USER_CONFIRM
2.230000,0.554499,-0.000000,0.264962,0.000000,0.000000,0.000000,-8.380134,WAIT_USER_CONFIRM
2.232000,0.554499,-0.000000,0.264962,0.000000,0.000000,0.000000,-8.380134,WAIT_USER_CONFIRM
2.234000,0.554499,-0.000000,0.264962,0.000000,0.000000,0.000000,-8.380134,WAIT_USER_CONFIRM
2.236000,0.554499,-0.000000,0.264962,0.000000,0.000000,0.000000,-8.380134,WAIT_USER_CONFIRM
2.238000,0.554499,-0.000000,0.264962,0.000000,0.000000,0.000000,-8.380134,WAIT_USER_CONFIRM
2.240000,0.554499,-0.000000,0.264962,0.000000,0.000000,0.000000,-8.380134,WAIT_USER_CONFIRM
2.242000,0.554499,-0.000000,0.264962,0.000000,0.000000,0.000000,-8.380134,WAIT_USER_CONFIRM
2.244000,0.554499,-0.000000,0.264962,0.000000,0.000000,0.000000,-8.380134,WAIT_USER_CONFIRM
2.246000,0.554499,-0.000000,0.264962,0.000000,0.000000,0.000000,-8.380134,WAIT_USER_CONFIRM
2.248000,0.554499,-0.000000,0.264962,0.000000,0.000000,0.000000,-8.380134,WAIT_USER_CONFIRM
2.250000,0.554499,-0.000000,0.264962,0.000000,0.000000,0.000000,-8.380134,WAIT_USER_CONFIRM
2.252000,0.554499,-0.000000,0.264962,0.000000,0.000000,0.000000,-8.380134,WAIT_USER_CONFIRM
2.254000,0.554499,-0.000000,0.264962,0.000000,0.000000,0.000000,-8.380134,WAIT_USER_CONFIRM
2.256000,0.554499,-0.000000,0.264962,0.000000,0.000000,0.000000,-8.380134,WAIT_USER_CONFIRM
2.258000,0.554499,-0.000000,0.264962,0.000000,0.000000,0.000000,-8.380134,WAIT_USER_CONFIRM
2.260000,0.554499,-0.000000,0.264962,0.000000,0.000000,0.000000,-8.380134,WAIT_USER_CONFIRM
2.262000,0.554499,-0.000000,0.264962,0.000000,0.000000,0.000000,-8.380134,WAIT_USER_CONFIRM
2.264000,0.554499,-0.000000,0.264962,0.000000,0.000000,0.000000,-8.380134,WAIT_USER_CONFIRM
2.266000,0.554499,-0.000000,0.264962,0.000000,0.000000,0.000000,-8.380134,WAIT_USER_CONFIRM
2.268000,0.554499,-0.000000,0.264962,0.000000,0.000000,0.000000,-8.380134,WAIT_USER_CONFIRM
2.270000,0.554499,-0.000000,0.264962,0.000000,0.000000,0.000000,-8.380134,WAIT_USER_CONFIRM
2.272000,0.554499,-0.000000,0.264962,0.000000,0.000000,0.000000,-8.380134,WAIT_USER_CONFIRM
2.274000,0.554499,-0.000000,0.264962,0.000000,0.000000,0.000000,-8.380134,WAIT_USER_CONFIRM
2.276000,0.554499,-0.000000,0.264962,0.000000,0.000000,0.000000,-8.380134,WAIT_USER_CONFIRM
2.278000,0.554499,-0.000000,0.264962,0.000000,0.000000,0.000000,-8.380134,WAIT_USER_CONFIRM
2.280000,0.554499,-0.000000,0.264962,0.000000,0.000000,0.000000,-8.380134,WAIT_USER_CONFIRM
2.282000,0.554499,-0.000000,0.264962,0.000000,0.000000,0.000000,-8.380134,WAIT_USER_CONFIRM
2.284000,0.554499,-0.000000,0.264962,0.000000,0.000000,0.000000,-8.380134,WAIT_USER_CONFIRM
2.286000,0.554499,-0.000000,0.264962,0.000000,0.000000,0.000000,-8.380134,WAIT_USER_CONFIRM
2.288000,0.554499,-0.000000,0.264962,0.000000,0.000000,0.000000,-8.380134,WAIT_USER_CONFIRM
2.290000,0.554499,-0.000000,0.264962,0.000000,0.000000,0.000000,-8.380134,WAIT_USER_CONFIRM
2.292000,0.554499,-0.000000,0.264962,0.000000,0.000000,0.000000,-8.380134,WAIT_USER_CONFIRM
2.294000,0.554499,-0.000000,0.264962,0.000000,0.000000,0.000000,-8.380134,WAIT_USER_CONFIRM
2.296000,0.554499,-0.000000,0.264962,0.000000,0.000000,0.000000,-8.380134,WAIT_USER_CONFIRM
2.298000,0.554499,-0.000000,0.264962,0.000000,0.000000,0.000000,-8.380134,WAIT_USER_CONFIRM
2.300000,0.554499,-0.000000,0.264962,0.000000,0.000000,0.000000,-8.380134,WAIT_USER_CONFIRM
2.302000,0.554499,-0.000000,0.264962,0.000000,0.000000,0.000000,-8.380134,WAIT_USER_CONFIRM
2.304000,0.554499,-0.000000,0.264962,0.000000,0.000000,0.000000,-8.380134,WAIT_USER_CONFIRM
2.306000,0.554499,-0.000000,0.264962,0.000000,0.000000,0.000000,-8.380134,WAIT_USER_CONFIRM
2.308000,0.554499,-0.000000,0.264962,0.000000,0.000000,0.000000,-8.380134,WAIT_USER_CONFIRM
2.310000,0.554499,-0.000000,0.264962,0.000000,0.000000,0.000000,-8.380134,WAIT_USER_CONFIRM
2.312000,0.554499,-0.000000,0.264962,0.000000,0.000000,0.000000,-8.380134,WAIT_USER_CONFIRM
2.314000,0.554499,-0.000000,0.264962,0.000000,0.000000,0.000000,-8.380134,WAIT_USER_CONFIRM
2.316000,0.554499,-0.000000,0.264962,0.000000,0.000000,0.000000,-8.380134,WAIT_USER_CONFIRM
2.318000,0.554499,-0.000000,0.264962,0.000000,0.000000,0.000000,-8.380134,WAIT_USER_CONFIRM
2.320000,0.554499,-0.000000,0.264962,0.000000,0.000000,0.000000,-8.380134,WAIT_USER_CONFIRM
2.322000,0.554499,-0.000000,0.264962,0.000000,0.000000,0.000000,-8.380134,WAIT_USER_CONFIRM
2.324000,0.554499,-0.000000,0.264962,0.000000,0.000000,0.000000,-8.380134,WAIT_USER_CONFIRM
2.326000,0.554499,-0.000000,0.264962,0.000000,0.000000,0.000000,-8.380134,WAIT_USER_CONFIRM
2.328000,0.554499,-0.000000,0.264962,0.000000,0.000000,0.000000,-8.380134,WAIT_USER_CONFIRM
2.330000,0.554499,-0.000000,0.264962,0.000000,0.000000,0.000000,-8.380134,WAIT_USER_CONFIRM
2.332000,0.554499,-0.000000,0.264962,0.000000,0.000000,0.000000,-8.380134,WAIT_USER_CONFIRM
2.334000,0.554499,-0.000000,0.264962,0.000000,0.000000,0.000000,-8.380134,WAIT_USER_CONFIRM
2.336000,0.554499,-0.000000,0.264962,0.000000,0.000000,0.000000,-8.380134,WAIT_USER_CONFIRM
2.338000,0.554499,-0.000000,0.264962,0.000000,0.000000,0.000000,-8.380134,WAIT_USER_CONFIRM
2.340000,0.554499,-0.000000,0.264962,0.000000,0.000000,0.000000,-8.380134,WAIT_USER_CONFIRM
2.342000,0.554499,-0.000000,0.264962,0.000000,0.000000,0.000000,-8.380134,WAIT_USER_CONFIRM
2.344000,0.554499,-0.000000,0.264962,0.000000,0.000000,0.000000,-8.380134,WAIT_USER_CONFIRM
2.346000,0.554499,-0.000000,0.264962,0.000000,0.000000,0.000000,-8.380134,WAIT_USER_CONFIRM
2.348000,0.554499,-0.000000,0.264962,0.000000,0.000000,0.000000,-8.380134,WAIT_USER_CONFIRM
2.350000,0.554499,-0.000000,0.264962,0.000000,0.000000,0.000000,-8.380134,WAIT_USER_CONFIRM
2.352000,0.554499,-0.000000,0.264962,0.000000,0.000000,0.000000,-8.380134,WAIT_USER_CONFIRM
2.354000,0.554499,-0.000000,0.264962,0.000000,0.000000,0.000000,-8.380134,WAIT_USER_CONFIRM
2.356000,0.554499,-0.000000,0.264962,0.000000,0.000000,0.000000,-8.380134,WAIT_USER_CONFIRM
2.358000,0.554499,-0.000000,0.264962,0.000000,0.000000,0.000000,-8.380134,WAIT_USER_CONFIRM
2.360000,0.554499,-0.000000,0.264962,0.000000,0.000000,0.000000,-8.380134,WAIT_USER_CONFIRM
2.362000,0.554499,-0.000000,0.264962,0.000000,0.000000,0.000000,-8.380134,WAIT_USER_CONFIRM
2.364000,0.554499,-0.000000,0.264962,0.000000,0.000000,0.000000,-8.380134,WAIT_USER_CONFIRM
2.366000,0.554499,-0.000000,0.264962,0.000000,0.000000,0.000000,-8.380134,WAIT_USER_CONFIRM
2.368000,0.554499,-0.000000,0.264962,0.000000,0.000000,0.000000,-8.380134,WAIT_USER_CONFIRM
2.370000,0.554499,-0.000000,0.264962,0.000000,0.000000,0.000000,-8.380134,WAIT_USER_CONFIRM
2.372000,0.554499,-0.000000,0.264962,0.000000,0.000000,0.000000,-8.380134,WAIT_USER_CONFIRM
2.374000,0.554499,-0.000000,0.264962,0.000000,0.000000,0.000000,-8.380134,WAIT_USER_CONFIRM
2.376000,0.554499,-0.000000,0.264962,0.000000,0.000000,0.000000,-8.380134,WAIT_USER_CONFIRM
2.378000,0.554499,-0.000000,0.264962,0.000000,0.000000,0.000000,-8.380134,WAIT_USER_CONFIRM
2.380000,0.554499,-0.000000,0.264962,0.000000,0.000000,0.000000,-8.380134,WAIT_USER_CONFIRM
2.382000,0.554499,-0.000000,0.264962,0.000000,0.000000,0.000000,-8.380134,WAIT_USER_CONFIRM
2.384000,0.554499,-0.000000,0.264962,0.000000,0.000000,0.000000,-8.380134,WAIT_USER_CONFIRM
2.386000,0.554499,-0.000000,0.264962,0.000000,0.000000,0.000000,-8.380134,WAIT_USER_CONFIRM
2.388000,0.554499,-0.000000,0.264962,0.000000,0.000000,0.000000,-8.380134,WAIT_USER_CONFIRM
2.390000,0.554499,-0.000000,0.264962,0.000000,0.000000,0.000000,-8.380134,WAIT_USER_CONFIRM
2.392000,0.554499,-0.000000,0.264962,0.000000,0.000000,0.000000,-8.380134,WAIT_USER_CONFIRM
2.394000,0.554499,-0.000000,0.264962,0.000000,0.000000,0.000000,-8.380134,WAIT_USER_CONFIRM
2.396000,0.554499,-0.000000,0.264962,0.000000,0.000000,0.000000,-8.380134,WAIT_USER_CONFIRM
2.398000,0.554499,-0.000000,0.264962,0.000000,0.000000,0.000000,-8.380134,WAIT_USER_CONFIRM
2.400000,0.554499,-0.000000,0.264962,0.000000,0.000000,0.000000,-8.380134,WAIT_USER_CONFIRM
2.402000,0.554499,-0.000000,0.264962,0.000000,0.000000,0.000000,-8.380134,WAIT_USER_CONFIRM
2.404000,0.554499,-0.000000,0.264962,0.000000,0.000000,0.000000,-8.380134,WAIT_USER_CONFIRM
2.406000,0.554499,-0.000000,0.264962,0.000000,0.000000,0.000000,-8.380134,WAIT_USER_CONFIRM
2.408000,0.554499,-0.000000,0.264962,0.000000,0.000000,0.000000,-8.380134,WAIT_USER_CONFIRM
2.410000,0.554499,-0.000000,0.264962,0.000000,0.000000,0.000000,-8.380134,WAIT_USER_CONFIRM
2.412000,0.554499,-0.000000,0.264962,0.000000,0.000000,0.000000,-8.380134,WAIT_USER_CONFIRM
2.414000,0.554499,-0.000000,0.264962,0.000000,0.000000,0.000000,-8.380134,WAIT_USER_CONFIRM
2.416000,0.554499,-0.000000,0.264962,0.000000,0.000000,0.000000,-8.380134,WAIT_USER_CONFIRM
2.418000,0.554499,-0.000000,0.264962,0.000000,0.000000,0.000000,-8.380134,WAIT_USER_CONFIRM
2.420000,0.554499,-0.000000,0.264962,0.000000,0.000000,0.000000,-8.380134,WAIT_USER_CONFIRM
2.422000,0.554499,-0.000000,0.264962,0.000000,0.000000,0.000000,-8.380134,WAIT_USER_CONFIRM
2.424000,0.554499,-0.000000,0.264962,0.000000,0.000000,0.000000,-8.380134,WAIT_USER_CONFIRM
2.426000,0.554499,-0.000000,0.264962,0.000000,0.000000,0.000000,-8.380134,WAIT_USER_CONFIRM
2.428000,0.554499,-0.000000,0.264962,0.000000,0.000000,0.000000,-8.380134,WAIT_USER_CONFIRM
2.430000,0.554499,-0.000000,0.264962,0.000000,0.000000,0.000000,-8.380134,WAIT_USER_CONFIRM
2.432000,0.554499,-0.000000,0.264962,0.000000,0.000000,0.000000,-8.380134,WAIT_USER_CONFIRM
2.434000,0.554499,-0.000000,0.264962,0.000000,0.000000,0.000000,-8.380134,WAIT_USER_CONFIRM
2.436000,0.554499,-0.000000,0.264962,0.000000,0.000000,0.000000,-8.380134,WAIT_USER_CONFIRM
2.438000,0.554499,-0.000000,0.264962,0.000000,0.000000,0.000000,-8.380134,WAIT_USER_CONFIRM
2.440000,0.554499,-0.000000,0.264962,0.000000,0.000000,0.000000,-8.380134,WAIT_USER_CONFIRM
2.442000,0.554499,-0.000000,0.264962,0.000000,0.000000,0.000000,-8.380134,WAIT_USER_CONFIRM
2.444000,0.554499,-0.000000,0.264962,0.000000,0.000000,0.000000,-8.380134,WAIT_USER_CONFIRM
2.446000,0.554499,-0.000000,0.264962,0.000000,0.000000,0.000000,-8.380134,WAIT_USER_CONFIRM
2.448000,0.554499,-0.000000,0.264962,0.000000,0.000000,0.000000,-8.380134,WAIT_USER_CONFIRM
2.450000,0.554499,-0.000000,0.264962,0.000000,0.000000,0.000000,-8.380134,WAIT_USER_CONFIRM
2.452000,0.554499,-0.000000,0.264962,0.000000,0.000000,0.000000,-8.380134,WAIT_USER_CONFIRM
2.454000,0.554499,-0.000000,0.264962,0.000000,0.000000,0.000000,-8.380134,WAIT_USER_CONFIRM
2.456000,0.554499,-0.000000,0.264962,0.000000,0.000000,0.000000,-8.380134,WAIT_USER_CONFIRM
2.458000,0.554499,-0.000000,0.264962,0.000000,0.000000,0.000000,-8.380134,WAIT_USER_CONFIRM
2.460000,0.554499,-0.000000,0.264962,0.000000,0.000000,0.000000,-8.380134,WAIT_USER_CONFIRM
2.462000,0.554499,-0.000000,0.264962,0.000000,0.000000,0.000000,-8.380134,WAIT_USER_CONFIRM
2.464000,0.554499,-0.000000,0.264962,0.000000,0.000000,0.000000,-8.380134,WAIT_USER_CONFIRM
2.466000,0.554499,-0.000000,0.264962,0.000000,0.000000,0.000000,-8.380134,WAIT_USER_CONFIRM
2.468000,0.554499,-0.000000,0.264962,0.000000,0.000000,0.000000,-8.380134,WAIT_USER_CONFIRM
2.470000,0.554499,-0.000000,0.264962,0.000000,0.000000,0.000000,-8.380134,WAIT_USER_CONFIRM
2.472000,0.554499,-0.000000,0.264962,0.000000,0.000000,0.000000,-8.380134,WAIT_USER_CONFIRM
2.474000,0.554499,-0.000000,0.264962,0.000000,0.000000,0.000000,-8.380134,WAIT_USER_CONFIRM
2.476000,0.554499,-0.000000,0.264962,0.000000,0.000000,0.000000,-8.380134,WAIT_USER_CONFIRM
2.478000,0.554499,-0.000000,0.264962,0.000000,0.000000,0.000000,-8.380134,WAIT_USER_CONFIRM
2.480000,0.554499,-0.000000,0.264962,0.000000,0.000000,0.000000,-8.380134,WAIT_USER_CONFIRM
2.482000,0.554499,-0.000000,0.264962,0.000000,0.000000,0.000000,-8.380134,WAIT_USER_CONFIRM
2.484000,0.554499,-0.000000,0.264962,0.000000,0.000000,0.000000,-8.380134,WAIT_USER_CONFIRM
2.486000,0.554499,-0.000000,0.264962,0.000000,0.000000,0.000000,-8.380134,WAIT_USER_CONFIRM
2.488000,0.554499,-0.000000,0.264962,0.000000,0.000000,0.000000,-8.380134,WAIT_USER_CONFIRM
2.490000,0.554499,-0.000000,0.264962,0.000000,0.000000,0.000000,-8.380134,WAIT_USER_CONFIRM
2.492000,0.554499,-0.000000,0.264962,0.000000,0.000000,0.000000,-8.380134,WAIT_USER_CONFIRM
2.494000,0.554499,-0.000000,0.264962,0.000000,0.000000,0.000000,-8.380134,WAIT_USER_CONFIRM
2.496000,0.554499,-0.000000,0.264962,0.000000,0.000000,0.000000,-8.380134,WAIT_USER_CONFIRM
2.498000,0.554499,-0.000000,0.264962,0.000000,0.000000,0.000000,-8.380134,WAIT_USER_CONFIRM
2.500000,0.554499,-0.000000,0.264962,0.000000,0.000000,0.000000,-8.380134,WAIT_USER_CONFIRM
2.502000,0.554499,-0.000000,0.264962,0.000000,0.000000,0.000000,-8.380134,WAIT_USER_CONFIRM
2.504000,0.554499,-0.000000,0.264962,0.000000,0.000000,0.000000,-8.380134,WAIT_USER_CONFIRM
2.506000,0.554499,-0.000000,0.264962,0.000000,0.000000,0.000000,-8.380134,WAIT_USER_CONFIRM
2.508000,0.554499,-0.000000,0.264962,0.000000,0.000000,0.000000,-8.380134,WAIT_USER_CONFIRM
2.510000,0.554499,-0.000000,0.264962,0.000000,0.000000,0.000000,-8.380134,WAIT_USER_CONFIRM
2.512000,0.554499,-0.000000,0.264962,0.000000,0.000000,0.000000,-8.380134,WAIT_USER_CONFIRM
2.514000,0.554499,-0.000000,0.264962,0.000000,0.000000,0.000000,-8.380134,WAIT_USER_CONFIRM
2.516000,0.554499,-0.000000,0.264962,0.000000,0.000000,0.000000,-8.380134,WAIT_USER_CONFIRM
2.518000,0.554499,-0.000000,0.264962,0.000000,0.000000,0.000000,-8.380134,WAIT_USER_CONFIRM
2.520000,0.554499,-0.000000,0.264962,0.000000,0.000000,0.000000,-8.380134,WAIT_USER_CONFIRM
2.522000,0.554499,-0.000000,0.264962,0.000000,0.000000,0.000000,-8.380134,WAIT_USER_CONFIRM
2.524000,0.554499,-0.000000,0.264962,0.000000,0.000000,0.000000,-8.380134,WAIT_USER_CONFIRM
2.526000,0.554499,-0.000000,0.264962,0.000000,0.000000,0.000000,-8.380134,WAIT_USER_CONFIRM
2.528000,0.554499,-0.000000,0.264962,0.000000,0.000000,0.000000,-8.380134,WAIT_USER_CONFIRM
2.530000,0.554499,-0.000000,0.264962,0.000000,0.000000,0.000000,-8.380134,WAIT_USER_CONFIRM
2.532000,0.554499,-0.000000,0.264962,0.000000,0.000000,0.000000,-8.380134,WAIT_USER_CONFIRM
2.534000,0.554499,-0.000000,0.264962,0.000000,0.000000,0.000000,-8.380134,WAIT_USER_CONFIRM
2.536000,0.554499,-0.000000,0.264962,0.000000,0.000000,0.000000,-8.380134,WAIT_USER_CONFIRM
2.538000,0.554499,-0.000000,0.264962,0.000000,0.000000,0.000000,-8.380134,WAIT_USER_CONFIRM
2.540000,0.554499,-0.000000,0.264962,0.000000,0.000000,0.000000,-8.380134,WAIT_USER_CONFIRM
2.542000,0.554499,-0.000000,0.264962,0.000000,0.000000,0.000000,-8.380134,WAIT_USER_CONFIRM
2.544000,0.554499,-0.000000,0.264962,0.000000,0.000000,0.000000,-8.380134,WAIT_USER_CONFIRM
2.546000,0.554499,-0.000000,0.264962,0.000000,0.000000,0.000000,-8.380134,WAIT_USER_CONFIRM
2.548000,0.554499,-0.000000,0.264962,0.000000,0.000000,0.000000,-8.380134,WAIT_USER_CONFIRM
2.550000,0.554499,-0.000000,0.264962,0.000000,0.000000,0.000000,-8.380134,WAIT_USER_CONFIRM
2.552000,0.554499,-0.000000,0.264962,0.000000,0.000000,0.000000,-8.380134,WAIT_USER_CONFIRM
2.554000,0.554499,-0.000000,0.264962,0.000000,0.000000,0.000000,-8.380134,WAIT_USER_CONFIRM
2.556000,0.554499,-0.000000,0.264962,0.000000,0.000000,0.000000,-8.380134,WAIT_USER_CONFIRM
2.558000,0.554499,-0.000000,0.264962,0.000000,0.000000,0.000000,-8.380134,WAIT_USER_CONFIRM
2.560000,0.554499,-0.000000,0.264962,0.000000,0.000000,0.000000,-8.380134,WAIT_USER_CONFIRM
2.562000,0.554499,-0.000000,0.264962,0.000000,0.000000,0.000000,-8.380134,WAIT_USER_CONFIRM
2.564000,0.554499,-0.000000,0.264962,0.000000,0.000000,0.000000,-8.380134,WAIT_USER_CONFIRM
2.566000,0.554499,-0.000000,0.264962,0.000000,0.000000,0.000000,-8.380134,WAIT_USER_CONFIRM
2.568000,0.554499,-0.000000,0.264962,0.000000,0.000000,0.000000,-8.380134,WAIT_USER_CONFIRM
2.570000,0.554499,-0.000000,0.264962,0.000000,0.000000,0.000000,-8.380134,WAIT_USER_CONFIRM
2.572000,0.554499,-0.000000,0.264962,0.000000,0.000000,0.000000,-8.380134,WAIT_USER_CONFIRM
2.574000,0.554499,-0.000000,0.264962,0.000000,0.000000,0.000000,-8.380134,WAIT_USER_CONFIRM
2.576000,0.554499,-0.000000,0.264962,0.000000,0.000000,0.000000,-8.380134,WAIT_USER_CONFIRM
2.578000,0.554499,-0.000000,0.264962,0.000000,0.000000,0.000000,-8.380134,WAIT_USER_CONFIRM
2.580000,0.554499,-0.000000,0.264962,0.000000,0.000000,0.000000,-8.380134,WAIT_USER_CONFIRM
2.582000,0.554499,-0.000000,0.264962,0.000000,0.000000,0.000000,-8.380134,WAIT_USER_CONFIRM
2.584000,0.554499,-0.000000,0.264962,0.000000,0.000000,0.000000,-8.380134,WAIT_USER_CONFIRM
2.586000,0.554499,-0.000000,0.264962,0.000000,0.000000,0.000000,-8.380134,WAIT_USER_CONFIRM
2.588000,0.554499,-0.000000,0.264962,0.000000,0.000000,0.000000,-8.380134,WAIT_USER_CONFIRM
2.590000,0.554499,-0.000000,0.264962,0.000000,0.000000,0.000000,-8.380134,WAIT_USER_CONFIRM
2.592000,0.554499,-0.000000,0.264962,0.000000,0.000000,0.000000,-8.380134,WAIT_USER_CONFIRM
2.594000,0.554499,-0.000000,0.264962,0.000000,0.000000,0.000000,-8.380134,WAIT_USER_CONFIRM
2.596000,0.554499,-0.000000,0.264962,0.000000,0.000000,0.000000,-8.380134,WAIT_USER_CONFIRM
2.598000,0.554499,-0.000000,0.264962,0.000000,0.000000,0.000000,-8.380134,WAIT_USER_CONFIRM
2.600000,0.554499,-0.000000,0.264962,0.000000,0.000000,0.000000,-8.380134,WAIT_USER_CONFIRM
2.602000,0.554499,-0.000000,0.264962,0.000000,0.000000,0.000000,-8.380134,WAIT_USER_CONFIRM
2.604000,0.554499,-0.000000,0.264962,0.000000,0.000000,0.000000,-8.380134,WAIT_USER_CONFIRM
2.606000,0.554499,-0.000000,0.264962,0.000000,0.000000,0.000000,-8.380134,WAIT_USER_CONFIRM
2.608000,0.554499,-0.000000,0.264962,0.000000,0.000000,0.000000,-8.380134,WAIT_USER_CONFIRM
2.610000,0.554499,-0.000000,0.264962,0.000000,0.000000,0.000000,-8.380134,WAIT_USER_CONFIRM
2.612000,0.554499,-0.000000,0.264962,0.000000,0.000000,0.000000,-8.380134,WAIT_USER_CONFIRM
2.614000,0.554499,-0.000000,0.264962,0.000000,0.000000,0.000000,-8.380134,WAIT_USER_CONFIRM
2.616000,0.554499,-0.000000,0.264962,0.000000,0.000000,0.000000,-8.380134,WAIT_USER_CONFIRM
2.618000,0.554499,-0.000000,0.264962,0.000000,0.000000,0.000000,-8.380134,WAIT_USER_CONFIRM
2.620000,0.554499,-0.000000,0.264962,0.000000,0.000000,0.000000,-8.380134,WAIT_USER_CONFIRM
2.622000,0.554499,-0.000000,0.264962,0.000000,0.000000,0.000000,-8.380134,WAIT_USER_CONFIRM
2.624000,0.554499,-0.000000,0.264962,0.000000,0.000000,0.000000,-8.380134,WAIT_USER_CONFIRM
2.626000,0.554499,-0.000000,0.264962,0.000000,0.000000,0.000000,-8.380134,WAIT_USER_CONFIRM
2.628000,0.554499,-0.000000,0.264962,0.000000,0.000000,0.000000,-8.380134,WAIT_USER_CONFIRM
2.630000,0.554499,-0.000000,0.264962,0.000000,0.000000,0.000000,-8.380134,WAIT_USER_CONFIRM
2.632000,0.554499,-0.000000,0.264962,0.000000,0.000000,0.000000,-8.380134,WAIT_USER_CONFIRM
2.634000,0.554499,-0.000000,0.264962,0.000000,0.000000,0.000000,-8.380134,WAIT_USER_CONFIRM
2.636000,0.554499,-0.000000,0.264962,0.000000,0.000000,0.000000,-8.380134,WAIT_USER_CONFIRM
2.638000,0.554499,-0.000000,0.264962,0.000000,0.000000,0.000000,-8.380134,WAIT_USER_CONFIRM
2.640000,0.554499,-0.000000,0.264962,0.000000,0.000000,0.000000,-8.380134,WAIT_USER_CONFIRM
2.642000,0.554499,-0.000000,0.264962,0.000000,0.000000,0.000000,-8.380134,WAIT_USER_CONFIRM
2.644000,0.554499,-0.000000,0.264962,0.000000,0.000000,0.000000,-8.380134,WAIT_USER_CONFIRM
2.646000,0.554499,-0.000000,0.264962,0.000000,0.000000,0.000000,-8.380134,WAIT_USER_CONFIRM
2.648000,0.554499,-0.000000,0.264962,0.000000,0.000000,0.000000,-8.380134,WAIT_USER_CONFIRM
2.650000,0.554499,-0.000000,0.264962,0.000000,0.000000,0.000000,-8.380134,WAIT_USER_CONFIRM
2.652000,0.554499,-0.000000,0.264962,0.000000,0.000000,0.000000,-8.380134,WAIT_USER_CONFIRM
2.654000,0.554499,-0.000000,0.264962,0.000000,0.000000,0.000000,-8.380134,WAIT_USER_CONFIRM
2.656000,0.554499,-0.000000,0.264962,0.000000,0.000000,0.000000,-8.380134,WAIT_USER_CONFIRM
2.658000,0.554499,-0.000000,0.264962,0.000000,0.000000,0.000000,-8.380134,WAIT_USER_CONFIRM
2.660000,0.554499,-0.000000,0.264962,0.000000,0.000000,0.000000,-8.380134,WAIT_USER_CONFIRM
2.662000,0.554499,-0.000000,0.264962,0.000000,0.000000,0.000000,-8.380134,WAIT_USER_CONFIRM
2.664000,0.554499,-0.000000,0.264962,0.000000,0.000000,0.000000,-8.380134,WAIT_USER_CONFIRM
2.666000,0.554499,-0.000000,0.264962,0.000000,0.000000,0.000000,-8.380134,WAIT_USER_CONFIRM
2.668000,0.554499,-0.000000,0.264962,0.000000,0.000000,0.000000,-8.380134,WAIT_USER_CONFIRM
2.670000,0.554499,-0.000000,0.264962,0.000000,0.000000,0.000000,-8.380134,WAIT_USER_CONFIRM
2.672000,0.554499,-0.000000,0.264962,0.000000,0.000000,0.000000,-8.380134,WAIT_USER_CONFIRM
2.674000,0.554499,-0.000000,0.264962,0.000000,0.000000,0.000000,-8.380134,WAIT_USER_CONFIRM
2.676000,0.554499,-0.000000,0.264962,0.000000,0.000000,0.000000,-8.380134,WAIT_USER_CONFIRM
2.678000,0.554499,-0.000000,0.264962,0.000000,0.000000,0.000000,-8.380134,WAIT_USER_CONFIRM
2.680000,0.554499,-0.000000,0.264962,0.000000,0.000000,0.000000,-8.380134,WAIT_USER_CONFIRM
2.682000,0.554499,-0.000000,0.264962,0.000000,0.000000,0.000000,-8.380134,WAIT_USER_CONFIRM
2.684000,0.554499,-0.000000,0.264962,0.000000,0.000000,0.000000,-8.380134,WAIT_USER_CONFIRM
2.686000,0.554499,-0.000000,0.264962,0.000000,0.000000,0.000000,-8.380134,WAIT_USER_CONFIRM
2.688000,0.554499,-0.000000,0.264962,0.000000,0.000000,0.000000,-8.380134,WAIT_USER_CONFIRM
2.690000,0.554499,-0.000000,0.264962,0.000000,0.000000,0.000000,-8.380134,WAIT_USER_CONFIRM
2.692000,0.554499,-0.000000,0.264962,0.000000,0.000000,0.000000,-8.380134,WAIT_USER_CONFIRM
2.694000,0.554499,-0.000000,0.264962,0.000000,0.000000,0.000000,-8.380134,WAIT_USER_CONFIRM
2.696000,0.554499,-0.000000,0.264962,0.000000,0.000000,0.000000,-8.380134,WAIT_USER_CONFIRM
2.698000,0.554499,-0.000000,0.264962,0.000000,0.000000,0.000000,-8.380134,WAIT_USER_CONFIRM
2.700000,0.554499,-0.000000,0.264962,0.000000,0.000000,0.000000,-8.380134,WAIT_USER_CONFIRM
2.702000,0.554499,-0.000000,0.264962,0.000000,0.000000,0.000000,-8.380134,WAIT_USER_CONFIRM
2.704000,0.554499,-0.000000,0.264962,0.000000,0.000000,0.000000,-8.380134,WAIT_USER_CONFIRM
2.706000,0.554499,-0.000000,0.264962,0.000000,0.000000,0.000000,-8.380134,WAIT_USER_CONFIRM
2.708000,0.554499,-0.000000,0.264962,0.000000,0.000000,0.000000,-8.380134,WAIT_USER_CONFIRM
2.710000,0.554499,-0.000000,0.264962,0.000000,0.000000,0.000000,-8.380134,WAIT_USER_CONFIRM
2.712000,0.554499,-0.000000,0.264962,0.000000,0.000000,0.000000,-8.380134,WAIT_USER_CONFIRM
2.714000,0.554499,-0.000000,0.264962,0.000000,0.000000,0.000000,-8.380134,WAIT_USER_CONFIRM
2.716000,0.554499,-0.000000,0.264962,0.000000,0.000000,0.000000,-8.380134,WAIT_USER_CONFIRM
2.718000,0.554499,-0.000000,0.264962,0.000000,0.000000,0.000000,-8.380134,WAIT_USER_CONFIRM
2.720000,0.554499,-0.000000,0.264962,0.000000,0.000000,0.000000,-8.380134,WAIT_USER_CONFIRM
2.722000,0.554499,-0.000000,0.264962,0.000000,0.000000,0.000000,-8.380134,WAIT_USER_CONFIRM
2.724000,0.554499,-0.000000,0.264962,0.000000,0.000000,0.000000,-8.380134,WAIT_USER_CONFIRM
2.726000,0.554499,-0.000000,0.264962,0.000000,0.000000,0.000000,-8.380134,WAIT_USER_CONFIRM
2.728000,0.554499,-0.000000,0.264962,0.000000,0.000000,0.000000,-8.380134,WAIT_USER_CONFIRM
2.730000,0.554499,-0.000000,0.264962,0.000000,0.000000,0.000000,-8.380134,WAIT_USER_CONFIRM
2.732000,0.554499,-0.000000,0.264962,0.000000,0.000000,0.000000,-8.380134,WAIT_USER_CONFIRM
2.734000,0.554499,-0.000000,0.264962,0.000000,0.000000,0.000000,-8.380134,WAIT_USER_CONFIRM
2.736000,0.554499,-0.000000,0.264962,0.000000,0.000000,0.000000,-8.380134,WAIT_USER_CONFIRM
2.738000,0.554499,-0.000000,0.264962,0.000000,0.000000,0.000000,-8.380134,WAIT_USER_CONFIRM
2.740000,0.554499,-0.000000,0.264962,0.000000,0.000000,0.000000,-8.380134,WAIT_USER_CONFIRM
2.742000,0.554499,-0.000000,0.264962,0.000000,0.000000,0.000000,-8.380134,WAIT_USER_CONFIRM
2.744000,0.554499,-0.000000,0.264962,0.000000,0.000000,0.000000,-8.380134,WAIT_USER_CONFIRM
2.746000,0.554499,-0.000000,0.264962,0.000000,0.000000,0.000000,-8.380134,WAIT_USER_CONFIRM
2.748000,0.554499,-0.000000,0.264962,0.000000,0.000000,0.000000,-8.380134,WAIT_USER_CONFIRM
2.750000,0.554499,-0.000000,0.264962,0.000000,0.000000,0.000000,-8.380134,WAIT_USER_CONFIRM
2.752000,0.554499,-0.000000,0.264962,0.000000,0.000000,0.000000,-8.380134,WAIT_USER_CONFIRM
2.754000,0.554499,-0.000000,0.264962,0.000000,0.000000,0.000000,-8.380134,WAIT_USER_CONFIRM
2.756000,0.554499,-0.000000,0.264962,0.000000,0.000000,0.000000,-8.380134,WAIT_USER_CONFIRM
2.758000,0.554499,-0.000000,0.264962,0.000000,0.000000,0.000000,-8.380134,WAIT_USER_CONFIRM
2.760000,0.554499,-0.000000,0.264962,0.000000,0.000000,0.000000,-8.380134,WAIT_USER_CONFIRM
2.762000,0.554499,-0.000000,0.264962,0.000000,0.000000,0.000000,-8.380134,WAIT_USER_CONFIRM
2.764000,0.554499,-0.000000,0.264962,0.000000,0.000000,0.000000,-8.380134,WAIT_USER_CONFIRM
2.766000,0.554499,-0.000000,0.264962,0.000000,0.000000,0.000000,-8.380134,WAIT_USER_CONFIRM
2.768000,0.554499,-0.000000,0.264962,0.000000,0.000000,0.000000,-8.380134,WAIT_USER_CONFIRM
2.770000,0.554499,-0.000000,0.264962,0.000000,0.000000,0.000000,-8.380134,WAIT_USER_CONFIRM
2.772000,0.554499,-0.000000,0.264962,0.000000,0.000000,0.000000,-8.380134,WAIT_USER_CONFIRM
2.774000,0.554499,-0.000000,0.264962,0.000000,0.000000,0.000000,-8.380134,WAIT_USER_CONFIRM
2.776000,0.554499,-0.000000,0.264962,0.000000,0.000000,0.000000,-8.380134,WAIT_USER_CONFIRM
2.778000,0.554499,-0.000000,0.264962,0.000000,0.000000,0.000000,-8.380134,WAIT_USER_CONFIRM
2.780000,0.554499,-0.000000,0.264962,0.000000,0.000000,0.000000,-8.380134,WAIT_USER_CONFIRM
2.782000,0.554499,-0.000000,0.264962,0.000000,0.000000,0.000000,-8.380134,WAIT_USER_CONFIRM
2.784000,0.554499,-0.000000,0.264962,0.000000,0.000000,0.000000,-8.380134,WAIT_USER_CONFIRM
2.786000,0.554499,-0.000000,0.264962,0.000000,0.000000,0.000000,-8.380134,WAIT_USER_CONFIRM
2.788000,0.554499,-0.000000,0.264962,0.000000,0.000000,0.000000,-8.380134,WAIT_USER_CONFIRM
2.790000,0.554499,-0.000000,0.264962,0.000000,0.000000,0.000000,-8.380134,WAIT_USER_CONFIRM
2.792000,0.554499,-0.000000,0.264962,0.000000,0.000000,0.000000,-8.380134,WAIT_USER_CONFIRM
2.794000,0.554499,-0.000000,0.264962,0.000000,0.000000,0.000000,-8.380134,WAIT_USER_CONFIRM
2.796000,0.554499,-0.000000,0.264962,0.000000,0.000000,0.000000,-8.380134,WAIT_USER_CONFIRM
2.798000,0.554499,-0.000000,0.264962,0.000000,0.000000,0.000000,-8.380134,WAIT_USER_CONFIRM
2.800000,0.554499,-0.000000,0.264962,0.000000,0.000000,0.000000,-8.380134,WAIT_USER_CONFIRM
2.802000,0.554499,-0.000000,0.264962,0.000000,0.000000,0.000000,-8.380134,WAIT_USER_CONFIRM
2.804000,0.554499,-0.000000,0.264962,0.000000,0.000000,0.000000,-8.380134,WAIT_USER_CONFIRM
2.806000,0.554499,-0.000000,0.264962,0.000000,0.000000,0.000000,-8.380134,WAIT_USER_CONFIRM
2.808000,0.554499,-0.000000,0.264962,0.000000,0.000000,0.000000,-8.380134,WAIT_USER_CONFIRM
2.810000,0.554499,-0.000000,0.264962,0.000000,0.000000,0.000000,-8.380134,WAIT_USER_CONFIRM
2.812000,0.554499,-0.000000,0.264962,0.000000,0.000000,0.000000,-8.380134,WAIT_USER_CONFIRM
2.814000,0.554499,-0.000000,0.264962,0.000000,0.000000,0.000000,-8.380134,WAIT_USER_CONFIRM
2.816000,0.554499,-0.000000,0.264962,0.000000,0.000000,0.000000,-8.380134,WAIT_USER_CONFIRM
2.818000,0.554499,-0.000000,0.264962,0.000000,0.000000,0.000000,-8.380134,WAIT_USER_CONFIRM
2.820000,0.554499,-0.000000,0.264962,0.000000,0.000000,0.000000,-8.380134,WAIT_USER_CONFIRM
2.822000,0.554499,-0.000000,0.264962,0.000000,0.000000,0.000000,-8.380134,WAIT_USER_CONFIRM
2.824000,0.554499,-0.000000,0.264962,0.000000,0.000000,0.000000,-8.380134,WAIT_USER_CONFIRM
2.826000,0.554499,-0.000000,0.264962,0.000000,0.000000,0.000000,-8.380134,WAIT_USER_CONFIRM
2.828000,0.554499,-0.000000,0.264962,0.000000,0.000000,0.000000,-8.380134,WAIT_USER_CONFIRM
2.830000,0.554499,-0.000000,0.264962,0.000000,0.000000,0.000000,-8.380134,WAIT_USER_CONFIRM
2.832000,0.554499,-0.000000,0.264962,0.000000,0.000000,0.000000,-8.380134,WAIT_USER_CONFIRM
2.834000,0.554499,-0.000000,0.264962,0.000000,0.000000,0.000000,-8.380134,WAIT_USER_CONFIRM
2.836000,0.554499,-0.000000,0.264962,0.000000,0.000000,0.000000,-8.380134,WAIT_USER_CONFIRM
2.838000,0.554499,-0.000000,0.264962,0.000000,0.000000,0.000000,-8.380134,WAIT_USER_CONFIRM
2.840000,0.554499,-0.000000,0.264962,0.000000,0.000000,0.000000,-8.380134,WAIT_USER_CONFIRM
2.842000,0.554499,-0.000000,0.264962,0.000000,0.000000,0.000000,-8.380134,WAIT_USER_CONFIRM
2.844000,0.554499,-0.000000,0.264962,0.000000,0.000000,0.000000,-8.380134,WAIT_USER_CONFIRM
2.846000,0.554499,-0.000000,0.264962,0.000000,0.000000,0.000000,-8.380134,WAIT_USER_CONFIRM
2.848000,0.554499,-0.000000,0.264962,0.000000,0.000000,0.000000,-8.380134,WAIT_USER_CONFIRM
2.850000,0.554499,-0.000000,0.264962,0.000000,0.000000,0.000000,-8.380134,WAIT_USER_CONFIRM
2.852000,0.554499,-0.000000,0.264962,0.000000,0.000000,0.000000,-8.380134,WAIT_USER_CONFIRM
2.854000,0.554499,-0.000000,0.264962,0.000000,0.000000,0.000000,-8.380134,WAIT_USER_CONFIRM
2.856000,0.554499,-0.000000,0.264962,0.000000,0.000000,0.000000,-8.380134,WAIT_USER_CONFIRM
2.858000,0.554499,-0.000000,0.264962,0.000000,0.000000,0.000000,-8.380134,WAIT_USER_CONFIRM
2.860000,0.554499,-0.000000,0.264962,0.000000,0.000000,0.000000,-8.380134,WAIT_USER_CONFIRM
2.862000,0.554499,-0.000000,0.264962,0.000000,0.000000,0.000000,-8.380134,WAIT_USER_CONFIRM
2.864000,0.554499,-0.000000,0.264962,0.000000,0.000000,0.000000,-8.380134,WAIT_USER_CONFIRM
2.866000,0.554499,-0.000000,0.264962,0.000000,0.000000,0.000000,-8.380134,WAIT_USER_CONFIRM
2.868000,0.554499,-0.000000,0.264962,0.000000,0.000000,0.000000,-8.380134,WAIT_USER_CONFIRM
2.870000,0.554499,-0.000000,0.264962,0.000000,0.000000,0.000000,-8.380134,WAIT_USER_CONFIRM
2.872000,0.554499,-0.000000,0.264962,0.000000,0.000000,0.000000,-8.380134,WAIT_USER_CONFIRM
2.874000,0.554499,-0.000000,0.264962,0.000000,0.000000,0.000000,-8.380134,WAIT_USER_CONFIRM
2.876000,0.554499,-0.000000,0.264962,0.000000,0.000000,0.000000,-8.380134,WAIT_USER_CONFIRM
2.878000,0.554499,-0.000000,0.264962,0.000000,0.000000,0.000000,-8.380134,WAIT_USER_CONFIRM
2.880000,0.554499,-0.000000,0.264962,0.000000,0.000000,0.000000,-8.380134,WAIT_USER_CONFIRM
2.882000,0.554499,-0.000000,0.264962,0.000000,0.000000,0.000000,-8.380134,WAIT_USER_CONFIRM
2.884000,0.554499,-0.000000,0.264962,0.000000,0.000000,0.000000,-8.380134,WAIT_USER_CONFIRM
2.886000,0.554499,-0.000000,0.264962,0.000000,0.000000,0.000000,-8.380134,WAIT_USER_CONFIRM
2.888000,0.554499,-0.000000,0.264962,0.000000,0.000000,0.000000,-8.380134,WAIT_USER_CONFIRM
2.890000,0.554499,-0.000000,0.264962,0.000000,0.000000,0.000000,-8.380134,WAIT_USER_CONFIRM
2.892000,0.554499,-0.000000,0.264962,0.000000,0.000000,0.000000,-8.380134,WAIT_USER_CONFIRM
2.894000,0.554499,-0.000000,0.264962,0.000000,0.000000,0.000000,-8.380134,WAIT_USER_CONFIRM
2.896000,0.554499,-0.000000,0.264962,0.000000,0.000000,0.000000,-8.380134,WAIT_USER_CONFIRM
2.898000,0.554499,-0.000000,0.264962,0.000000,0.000000,0.000000,-8.380134,WAIT_USER_CONFIRM
2.900000,0.554499,-0.000000,0.264962,0.000000,0.000000,0.000000,-8.380134,WAIT_USER_CONFIRM
2.902000,0.554499,-0.000000,0.264962,0.000000,0.000000,0.000000,-8.380134,WAIT_USER_CONFIRM
2.904000,0.554499,-0.000000,0.264962,0.000000,0.000000,0.000000,-8.380134,WAIT_USER_CONFIRM
2.906000,0.554499,-0.000000,0.264962,0.000000,0.000000,0.000000,-8.380134,WAIT_USER_CONFIRM
2.908000,0.554499,-0.000000,0.264962,0.000000,0.000000,0.000000,-8.380134,WAIT_USER_CONFIRM
2.910000,0.554499,-0.000000,0.264962,0.000000,0.000000,0.000000,-8.380134,WAIT_USER_CONFIRM
2.912000,0.554499,-0.000000,0.264962,0.000000,0.000000,0.000000,-8.380134,WAIT_USER_CONFIRM
2.914000,0.554499,-0.000000,0.264962,0.000000,0.000000,0.000000,-8.380134,WAIT_USER_CONFIRM
2.916000,0.554499,-0.000000,0.264962,0.000000,0.000000,0.000000,-8.380134,WAIT_USER_CONFIRM
2.918000,0.554499,-0.000000,0.264962,0.000000,0.000000,0.000000,-8.380134,WAIT_USER_CONFIRM
2.920000,0.554499,-0.000000,0.264962,0.000000,0.000000,0.000000,-8.380134,WAIT_USER_CONFIRM
2.922000,0.554499,-0.000000,0.264962,0.000000,0.000000,0.000000,-8.380134,WAIT_USER_CONFIRM
2.924000,0.554499,-0.000000,0.264962,0.000000,0.000000,0.000000,-8.380134,WAIT_USER_CONFIRM
2.926000,0.554499,-0.000000,0.264962,0.000000,0.000000,0.000000,-8.380134,WAIT_USER_CONFIRM
2.928000,0.554499,-0.000000,0.264962,0.000000,0.000000,0.000000,-8.380134,WAIT_USER_CONFIRM
2.930000,0.554499,-0.000000,0.264962,0.000000,0.000000,0.000000,-8.380134,WAIT_USER_CONFIRM
2.932000,0.554499,-0.000000,0.264962,0.000000,0.000000,0.000000,-8.380134,WAIT_USER_CONFIRM
2.934000,0.554499,-0.000000,0.264962,0.000000,0.000000,0.000000,-8.380134,WAIT_USER_CONFIRM
2.936000,0.554499,-0.000000,0.264962,0.000000,0.000000,0.000000,-8.380134,WAIT_USER_CONFIRM
2.938000,0.554499,-0.000000,0.264962,0.000000,0.000000,0.000000,-8.380134,WAIT_USER_CONFIRM
2.940000,0.554499,-0.000000,0.264962,0.000000,0.000000,0.000000,-8.380134,WAIT_USER_CONFIRM
2.942000,0.554499,-0.000000,0.264962,0.000000,0.000000,0.000000,-8.380134,WAIT_USER_CONFIRM
2.944000,0.554499,-0.000000,0.264962,0.000000,0.000000,0.000000,-8.380134,WAIT_USER_CONFIRM
2.946000,0.554499,-0.000000,0.264962,0.000000,0.000000,0.000000,-8.380134,WAIT_USER_CONFIRM
2.948000,0.554499,-0.000000,0.264962,0.000000,0.000000,0.000000,-8.380134,WAIT_USER_CONFIRM
2.950000,0.554499,-0.000000,0.264962,0.000000,0.000000,0.000000,-8.380134,WAIT_USER_CONFIRM
2.952000,0.554499,-0.000000,0.264962,0.000000,0.000000,0.000000,-8.380134,WAIT_USER_CONFIRM
2.954000,0.554499,-0.000000,0.264962,0.000000,0.000000,0.000000,-8.380134,WAIT_USER_CONFIRM
2.956000,0.554499,-0.000000,0.264962,0.000000,0.000000,0.000000,-8.380134,WAIT_USER_CONFIRM
2.958000,0.554499,-0.000000,0.264962,0.000000,0.000000,0.000000,-8.380134,WAIT_USER_CONFIRM
2.960000,0.554499,-0.000000,0.264962,0.000000,0.000000,0.000000,-8.380134,WAIT_USER_CONFIRM
2.962000,0.554499,-0.000000,0.264962,0.000000,0.000000,0.000000,-8.380134,WAIT_USER_CONFIRM
2.964000,0.554499,-0.000000,0.264962,0.000000,0.000000,0.000000,-8.380134,WAIT_USER_CONFIRM
2.966000,0.554499,-0.000000,0.264962,0.000000,0.000000,0.000000,-8.380134,WAIT_USER_CONFIRM
2.968000,0.554499,-0.000000,0.264962,0.000000,0.000000,0.000000,-8.380134,WAIT_USER_CONFIRM
2.970000,0.554499,-0.000000,0.264962,0.000000,0.000000,0.000000,-8.380134,WAIT_USER_CONFIRM
2.972000,0.554499,-0.000000,0.264962,0.000000,0.000000,0.000000,-8.380134,WAIT_USER_CONFIRM
2.974000,0.554499,-0.000000,0.264962,0.000000,0.000000,0.000000,-8.380134,WAIT_USER_CONFIRM
2.976000,0.554499,-0.000000,0.264962,0.000000,0.000000,0.000000,-8.380134,WAIT_USER_CONFIRM
2.978000,0.554499,-0.000000,0.264962,0.000000,0.000000,0.000000,-8.380134,WAIT_USER_CONFIRM
2.980000,0.554499,-0.000000,0.264962,0.000000,0.000000,0.000000,-8.380134,WAIT_USER_CONFIRM
2.982000,0.554499,-0.000000,0.264962,0.000000,0.000000,0.000000,-8.380134,WAIT_USER_CONFIRM
2.984000,0.554499,-0.000000,0.264962,0.000000,0.000000,0.000000,-8.380134,WAIT_USER_CONFIRM
2.986000,0.554499,-0.000000,0.264962,0.000000,0.000000,0.000000,-8.380134,WAIT_USER_CONFIRM
2.988000,0.554499,-0.000000,0.264962,0.000000,0.000000,0.000000,-8.380134,WAIT_USER_CONFIRM
2.990000,0.554499,-0.000000,0.264962,0.000000,0.000000,0.000000,-8.380134,WAIT_USER_CONFIRM
2.992000,0.554499,-0.000000,0.264962,0.000000,0.000000,0.000000,-8.380134,WAIT_USER_CONFIRM
2.994000,0.554499,-0.000000,0.264962,0.000000,0.000000,0.000000,-8.380134,WAIT_USER_CONFIRM
2.996000,0.554499,-0.000000,0.264962,0.000000,0.000000,0.000000,-8.380134,WAIT_USER_CONFIRM
2.998000,0.554499,-0.000000,0.264962,0.000000,0.000000,0.000000,-8.380134,WAIT_USER_CONFIRM
3.000000,0.554499,-0.000000,0.264962,0.000000,0.000000,0.000000,-8.380134,WAIT_USER_CONFIRM
3.002000,0.554499,-0.000000,0.264962,0.000000,0.000000,0.000000,-8.380134,WAIT_USER_CONFIRM
3.004000,0.554499,-0.000000,0.264962,0.000000,0.000000,0.000000,-8.380134,WAIT_USER_CONFIRM
3.006000,0.554499,-0.000000,0.264962,0.000000,0.000000,0.000000,-8.380134,WAIT_USER_CONFIRM
3.008000,0.554499,-0.000000,0.264962,0.000000,0.000000,0.000000,-8.380134,WAIT_USER_CONFIRM
3.010000,0.554499,-0.000000,0.264962,0.000000,0.000000,0.000000,-8.380134,WAIT_USER_CONFIRM
3.012000,0.554499,-0.000000,0.264962,0.000000,0.000000,0.000000,-8.380134,WAIT_USER_CONFIRM
3.014000,0.554499,-0.000000,0.264962,0.000000,0.000000,0.000000,-8.380134,WAIT_USER_CONFIRM
3.016000,0.554499,-0.000000,0.264962,0.000000,0.000000,0.000000,-8.380134,WAIT_USER_CONFIRM
3.018000,0.554499,-0.000000,0.264962,0.000000,0.000000,0.000000,-8.380134,WAIT_USER_CONFIRM
3.020000,0.554499,-0.000000,0.264962,0.000000,0.000000,0.000000,-8.380134,WAIT_USER_CONFIRM
3.022000,0.554499,-0.000000,0.264962,0.000000,0.000000,0.000000,-8.380134,WAIT_USER_CONFIRM
3.024000,0.554499,-0.000000,0.264962,0.000000,0.000000,0.000000,-8.380134,WAIT_USER_CONFIRM
3.026000,0.554499,-0.000000,0.264962,0.000000,0.000000,0.000000,-8.380134,WAIT_USER_CONFIRM
3.028000,0.554499,-0.000000,0.264962,0.000000,0.000000,0.000000,-8.380134,WAIT_USER_CONFIRM
3.030000,0.554499,-0.000000,0.264962,0.000000,0.000000,0.000000,-8.380134,WAIT_USER_CONFIRM
3.032000,0.554499,-0.000000,0.264962,0.000000,0.000000,0.000000,-8.380134,WAIT_USER_CONFIRM
3.034000,0.554499,-0.000000,0.264962,0.000000,0.000000,0.000000,-8.380134,WAIT_USER_CONFIRM
3.036000,0.554499,-0.000000,0.264962,0.000000,0.000000,0.000000,-8.380134,WAIT_USER_CONFIRM
3.038000,0.554499,-0.000000,0.264962,0.000000,0.000000,0.000000,-8.380134,WAIT_USER_CONFIRM
3.040000,0.554499,-0.000000,0.264962,0.000000,0.000000,0.000000,-8.380134,WAIT_USER_CONFIRM
3.042000,0.554499,-0.000000,0.264962,0.000000,0.000000,0.000000,-8.380134,WAIT_USER_CONFIRM
3.044000,0.554499,-0.000000,0.264962,0.000000,0.000000,0.000000,-8.380134,WAIT_USER_CONFIRM
3.046000,0.554499,-0.000000,0.264962,0.000000,0.000000,0.000000,-8.380134,WAIT_USER_CONFIRM
3.048000,0.554499,-0.000000,0.264962,0.000000,0.000000,0.000000,-8.380134,WAIT_USER_CONFIRM
3.050000,0.554499,-0.000000,0.264962,0.000000,0.000000,0.000000,-8.380134,WAIT_USER_CONFIRM
3.052000,0.554499,-0.000000,0.264962,0.000000,0.000000,0.000000,-8.380134,WAIT_USER_CONFIRM
3.054000,0.554499,-0.000000,0.264962,0.000000,0.000000,0.000000,-8.380134,WAIT_USER_CONFIRM
3.056000,0.554499,-0.000000,0.264962,0.000000,0.000000,0.000000,-8.380134,WAIT_USER_CONFIRM
3.058000,0.554499,-0.000000,0.264962,0.000000,0.000000,0.000000,-8.380134,WAIT_USER_CONFIRM
3.060000,0.554499,-0.000000,0.264962,0.000000,0.000000,0.000000,-8.380134,WAIT_USER_CONFIRM
3.062000,0.554499,-0.000000,0.264962,0.000000,0.000000,0.000000,-8.380134,WAIT_USER_CONFIRM
3.064000,0.554499,-0.000000,0.264962,0.000000,0.000000,0.000000,-8.380134,WAIT_USER_CONFIRM
3.066000,0.554499,-0.000000,0.264962,0.000000,0.000000,0.000000,-8.380134,WAIT_USER_CONFIRM
3.068000,0.554499,-0.000000,0.264962,0.000000,0.000000,0.000000,-8.380134,WAIT_USER_CONFIRM
3.070000,0.554499,-0.000000,0.264962,0.000000,0.000000,0.000000,-8.380134,WAIT_USER_CONFIRM
3.072000,0.554499,-0.000000,0.264962,0.000000,0.000000,0.000000,-8.380134,WAIT_USER_CONFIRM
3.074000,0.554499,-0.000000,0.264962,0.000000,0.000000,0.000000,-8.380134,WAIT_USER_CONFIRM
3.076000,0.554499,-0.000000,0.264962,0.000000,0.000000,0.000000,-8.380134,WAIT_USER_CONFIRM
3.078000,0.554499,-0.000000,0.264962,0.000000,0.000000,0.000000,-8.380134,WAIT_USER_CONFIRM
3.080000,0.554499,-0.000000,0.264962,0.000000,0.000000,0.000000,-8.380134,WAIT_USER_CONFIRM
3.082000,0.554499,-0.000000,0.264962,0.000000,0.000000,0.000000,-8.380134,WAIT_USER_CONFIRM
3.084000,0.554499,-0.000000,0.264962,0.000000,0.000000,0.000000,-8.380134,WAIT_USER_CONFIRM
3.086000,0.554499,-0.000000,0.264962,0.000000,0.000000,0.000000,-8.380134,WAIT_USER_CONFIRM
3.088000,0.554499,-0.000000,0.264962,0.000000,0.000000,0.000000,-8.380134,WAIT_USER_CONFIRM
3.090000,0.554499,-0.000000,0.264962,0.000000,0.000000,0.000000,-8.380134,WAIT_USER_CONFIRM
3.092000,0.554499,-0.000000,0.264962,0.000000,0.000000,0.000000,-8.380134,WAIT_USER_CONFIRM
3.094000,0.554499,-0.000000,0.264962,0.000000,0.000000,0.000000,-8.380134,WAIT_USER_CONFIRM
3.096000,0.554499,-0.000000,0.264962,0.000000,0.000000,0.000000,-8.380134,WAIT_USER_CONFIRM
3.098000,0.554499,-0.000000,0.264962,0.000000,0.000000,0.000000,-8.380134,WAIT_USER_CONFIRM
3.100000,0.554499,-0.000000,0.264962,0.000000,0.000000,0.000000,-8.380134,WAIT_USER_CONFIRM
3.102000,0.554499,-0.000000,0.264962,0.000000,0.000000,0.000000,-8.380134,WAIT_USER_CONFIRM
3.104000,0.554499,-0.000000,0.264962,0.000000,0.000000,0.000000,-8.380134,WAIT_USER_CONFIRM
3.106000,0.554499,-0.000000,0.264962,0.000000,0.000000,0.000000,-8.380134,WAIT_USER_CONFIRM
3.108000,0.554499,-0.000000,0.264962,0.000000,0.000000,0.000000,-8.380134,WAIT_USER_CONFIRM
3.110000,0.554499,-0.000000,0.264962,0.000000,0.000000,0.000000,-8.380134,WAIT_USER_CONFIRM
3.112000,0.554499,-0.000000,0.264962,0.000000,0.000000,0.000000,-8.380134,WAIT_USER_CONFIRM
3.114000,0.554499,-0.000000,0.264962,0.000000,0.000000,0.000000,-8.380134,WAIT_USER_CONFIRM
3.116000,0.554499,-0.000000,0.264962,0.000000,0.000000,0.000000,-8.380134,WAIT_USER_CONFIRM
3.118000,0.554499,-0.000000,0.264962,0.000000,0.000000,0.000000,-8.380134,WAIT_USER_CONFIRM
3.120000,0.554499,-0.000000,0.264962,0.000000,0.000000,0.000000,-8.380134,WAIT_USER_CONFIRM
3.122000,0.554499,-0.000000,0.264962,0.000000,0.000000,0.000000,-8.380134,WAIT_USER_CONFIRM
3.124000,0.554499,-0.000000,0.264962,0.000000,0.000000,0.000000,-8.380134,WAIT_USER_CONFIRM
3.126000,0.554499,-0.000000,0.264962,0.000000,0.000000,0.000000,-8.380134,WAIT_USER_CONFIRM
3.128000,0.554499,-0.000000,0.264962,0.000000,0.000000,0.000000,-8.380134,WAIT_USER_CONFIRM
3.130000,0.554499,-0.000000,0.264962,0.000000,0.000000,0.000000,-8.380134,WAIT_USER_CONFIRM
3.132000,0.554499,-0.000000,0.264962,0.000000,0.000000,0.000000,-8.380134,WAIT_USER_CONFIRM
3.134000,0.554499,-0.000000,0.264962,0.000000,0.000000,0.000000,-8.380134,WAIT_USER_CONFIRM
3.136000,0.554499,-0.000000,0.264962,0.000000,0.000000,0.000000,-8.380134,WAIT_USER_CONFIRM
3.138000,0.554499,-0.000000,0.264962,0.000000,0.000000,0.000000,-8.380134,WAIT_USER_CONFIRM
3.140000,0.554499,-0.000000,0.264962,0.000000,0.000000,0.000000,-8.380134,WAIT_USER_CONFIRM
3.142000,0.554499,-0.000000,0.264962,0.000000,0.000000,0.000000,-8.380134,WAIT_USER_CONFIRM
3.144000,0.554499,-0.000000,0.264962,0.000000,0.000000,0.000000,-8.380134,WAIT_USER_CONFIRM
3.146000,0.554499,-0.000000,0.264962,0.000000,0.000000,0.000000,-8.380134,WAIT_USER_CONFIRM
3.148000,0.554499,-0.000000,0.264962,0.000000,0.000000,0.000000,-8.380134,WAIT_USER_CONFIRM
3.150000,0.554499,-0.000000,0.264962,0.000000,0.000000,0.000000,-8.380134,WAIT_USER_CONFIRM
3.152000,0.554499,-0.000000,0.264962,0.000000,0.000000,0.000000,-8.380134,WAIT_USER_CONFIRM
3.154000,0.554499,-0.000000,0.264962,0.000000,0.000000,0.000000,-8.380134,WAIT_USER_CONFIRM
3.156000,0.554499,-0.000000,0.264962,0.000000,0.000000,0.000000,-8.380134,WAIT_USER_CONFIRM
3.158000,0.554499,-0.000000,0.264962,0.000000,0.000000,0.000000,-8.380134,WAIT_USER_CONFIRM
3.160000,0.554499,-0.000000,0.264962,0.000000,0.000000,0.000000,-8.380134,WAIT_USER_CONFIRM
3.162000,0.554499,-0.000000,0.264962,0.000000,0.000000,0.000000,-8.380134,WAIT_USER_CONFIRM
3.164000,0.554499,-0.000000,0.264962,0.000000,0.000000,0.000000,-8.380134,WAIT_USER_CONFIRM
3.166000,0.554499,-0.000000,0.264962,0.000000,0.000000,0.000000,-8.380134,WAIT_USER_CONFIRM
3.168000,0.554499,-0.000000,0.264962,0.000000,0.000000,0.000000,-8.380134,WAIT_USER_CONFIRM
3.170000,0.554499,-0.000000,0.264962,0.000000,0.000000,0.000000,-8.380134,WAIT_USER_CONFIRM
3.172000,0.554499,-0.000000,0.264962,0.000000,0.000000,0.000000,-8.380134,WAIT_USER_CONFIRM
3.174000,0.554499,-0.000000,0.264962,0.000000,0.000000,0.000000,-8.380134,WAIT_USER_CONFIRM
3.176000,0.554499,-0.000000,0.264962,0.000000,0.000000,0.000000,-8.380134,WAIT_USER_CONFIRM
3.178000,0.554499,-0.000000,0.264962,0.000000,0.000000,0.000000,-8.380134,WAIT_USER_CONFIRM
3.180000,0.554499,-0.000000,0.264962,0.000000,0.000000,0.000000,-8.380134,WAIT_USER_CONFIRM
3.182000,0.554499,-0.000000,0.264962,0.000000,0.000000,0.000000,-8.380134,WAIT_USER_CONFIRM
3.184000,0.554499,-0.000000,0.264962,0.000000,0.000000,0.000000,-8.380134,WAIT_USER_CONFIRM
3.186000,0.554499,-0.000000,0.264962,0.000000,0.000000,0.000000,-8.380134,WAIT_USER_CONFIRM
3.188000,0.554499,-0.000000,0.264962,0.000000,0.000000,0.000000,-8.380134,WAIT_USER_CONFIRM
3.190000,0.554499,-0.000000,0.264962,0.000000,0.000000,0.000000,-8.380134,WAIT_USER_CONFIRM
3.192000,0.554499,-0.000000,0.264962,0.000000,0.000000,0.000000,-8.380134,WAIT_USER_CONFIRM
3.194000,0.554499,-0.000000,0.264962,0.000000,0.000000,0.000000,-8.380134,WAIT_USER_CONFIRM
3.196000,0.554499,-0.000000,0.264962,0.000000,0.000000,0.000000,-8.380134,WAIT_USER_CONFIRM
3.198000,0.554499,-0.000000,0.264962,0.000000,0.000000,0.000000,-8.380134,WAIT_USER_CONFIRM
3.200000,0.554499,-0.000000,0.264962,0.000000,0.000000,0.000000,-8.380134,WAIT_USER_CONFIRM
3.202000,0.554499,-0.000000,0.264962,0.000000,0.000000,0.000000,-8.380134,WAIT_USER_CONFIRM
3.204000,0.554499,-0.000000,0.264962,0.000000,0.000000,0.000000,-8.380134,WAIT_USER_CONFIRM
3.206000,0.554499,-0.000000,0.264962,0.000000,0.000000,0.000000,-8.380134,WAIT_USER_CONFIRM
3.208000,0.554499,-0.000000,0.264962,0.000000,0.000000,0.000000,-8.380134,WAIT_USER_CONFIRM
3.210000,0.554499,-0.000000,0.264962,0.000000,0.000000,0.000000,-8.380134,WAIT_USER_CONFIRM
3.212000,0.554499,-0.000000,0.264962,0.000000,0.000000,0.000000,-8.380134,WAIT_USER_CONFIRM
3.214000,0.554499,-0.000000,0.264962,0.000000,0.000000,0.000000,-8.380134,WAIT_USER_CONFIRM
3.216000,0.554499,-0.000000,0.264962,0.000000,0.000000,0.000000,-8.380134,WAIT_USER_CONFIRM
3.218000,0.554499,-0.000000,0.264962,0.000000,0.000000,0.000000,-8.380134,WAIT_USER_CONFIRM
3.220000,0.554499,-0.000000,0.264962,0.000000,0.000000,0.000000,-8.380134,WAIT_USER_CONFIRM
3.222000,0.554499,-0.000000,0.264962,0.000000,0.000000,0.000000,-8.380134,WAIT_USER_CONFIRM
3.224000,0.554499,-0.000000,0.264962,0.000000,0.000000,0.000000,-8.380134,WAIT_USER_CONFIRM
3.226000,0.554499,-0.000000,0.264962,0.000000,0.000000,0.000000,-8.380134,WAIT_USER_CONFIRM
3.228000,0.554499,-0.000000,0.264962,0.000000,0.000000,0.000000,-8.380134,WAIT_USER_CONFIRM
3.230000,0.554499,-0.000000,0.264962,0.000000,0.000000,0.000000,-8.380134,WAIT_USER_CONFIRM
3.232000,0.554499,-0.000000,0.264962,0.000000,0.000000,0.000000,-8.380134,WAIT_USER_CONFIRM
3.234000,0.554499,-0.000000,0.264962,0.000000,0.000000,0.000000,-8.380134,WAIT_USER_CONFIRM
3.236000,0.554499,-0.000000,0.264962,0.000000,0.000000,0.000000,-8.380134,WAIT_USER_CONFIRM
3.238000,0.554499,-0.000000,0.264962,0.000000,0.000000,0.000000,-8.380134,WAIT_USER_CONFIRM
3.240000,0.554499,-0.000000,0.264962,0.000000,0.000000,0.000000,-8.380134,WAIT_USER_CONFIRM
3.242000,0.554499,-0.000000,0.264962,0.000000,0.000000,0.000000,-8.380134,WAIT_USER_CONFIRM
3.244000,0.554499,-0.000000,0.264962,0.000000,0.000000,0.000000,-8.380134,WAIT_USER_CONFIRM
3.246000,0.554499,-0.000000,0.264962,0.000000,0.000000,0.000000,-8.380134,WAIT_USER_CONFIRM
3.248000,0.554499,-0.000000,0.264962,0.000000,0.000000,0.000000,-8.380134,WAIT_USER_CONFIRM
3.250000,0.554499,-0.000000,0.264962,0.000000,0.000000,0.000000,-8.380134,WAIT_USER_CONFIRM
3.252000,0.554499,-0.000000,0.264962,0.000000,0.000000,0.000000,-8.380134,WAIT_USER_CONFIRM
3.254000,0.554499,-0.000000,0.264962,0.000000,0.000000,0.000000,-8.380134,WAIT_USER_CONFIRM
3.256000,0.554499,-0.000000,0.264962,0.000000,0.000000,0.000000,-8.380134,WAIT_USER_CONFIRM
3.258000,0.554499,-0.000000,0.264962,0.000000,0.000000,0.000000,-8.380134,WAIT_USER_CONFIRM
3.260000,0.554499,-0.000000,0.264962,0.000000,0.000000,0.000000,-8.380134,WAIT_USER_CONFIRM
3.262000,0.554499,-0.000000,0.264962,0.000000,0.000000,0.000000,-8.380134,WAIT_USER_CONFIRM
3.264000,0.554499,-0.000000,0.264962,0.000000,0.000000,0.000000,-8.380134,WAIT_USER_CONFIRM
3.266000,0.554499,-0.000000,0.264962,0.000000,0.000000,0.000000,-8.380134,WAIT_USER_CONFIRM
3.268000,0.554499,-0.000000,0.264962,0.000000,0.000000,0.000000,-8.380134,WAIT_USER_CONFIRM
3.270000,0.554499,-0.000000,0.264962,0.000000,0.000000,0.000000,-8.380134,WAIT_USER_CONFIRM
3.272000,0.554499,-0.000000,0.264962,0.000000,0.000000,0.000000,-8.380134,WAIT_USER_CONFIRM
3.274000,0.554499,-0.000000,0.264962,0.000000,0.000000,0.000000,-8.380134,WAIT_USER_CONFIRM
3.276000,0.554499,-0.000000,0.264962,0.000000,0.000000,0.000000,-8.380134,WAIT_USER_CONFIRM
3.278000,0.554499,-0.000000,0.264962,0.000000,0.000000,0.000000,-8.380134,WAIT_USER_CONFIRM
3.280000,0.554499,-0.000000,0.264962,0.000000,0.000000,0.000000,-8.380134,WAIT_USER_CONFIRM
3.282000,0.554499,-0.000000,0.264962,0.000000,0.000000,0.000000,-8.380134,WAIT_USER_CONFIRM
3.284000,0.554499,-0.000000,0.264962,0.000000,0.000000,0.000000,-8.380134,WAIT_USER_CONFIRM
3.286000,0.554499,-0.000000,0.264962,0.000000,0.000000,0.000000,-8.380134,WAIT_USER_CONFIRM
3.288000,0.554499,-0.000000,0.264962,0.000000,0.000000,0.000000,-8.380134,WAIT_USER_CONFIRM
3.290000,0.554499,-0.000000,0.264962,0.000000,0.000000,0.000000,-8.380134,WAIT_USER_CONFIRM
3.292000,0.554499,-0.000000,0.264962,0.000000,0.000000,0.000000,-8.380134,WAIT_USER_CONFIRM
3.294000,0.554499,-0.000000,0.264962,0.000000,0.000000,0.000000,-8.380134,WAIT_USER_CONFIRM
3.296000,0.554499,-0.000000,0.264962,0.000000,0.000000,0.000000,-8.380134,WAIT_USER_CONFIRM
3.298000,0.554499,-0.000000,0.264962,0.000000,0.000000,0.000000,-8.380134,WAIT_USER_CONFIRM
3.300000,0.554499,-0.000000,0.264962,0.000000,0.000000,0.000000,-8.380134,WAIT_USER_CONFIRM
3.302000,0.554499,-0.000000,0.264962,0.000000,0.000000,0.000000,-8.380134,WAIT_USER_CONFIRM
3.304000,0.554499,-0.000000,0.264962,0.000000,0.000000,0.000000,-8.380134,WAIT_USER_CONFIRM
3.306000,0.554499,-0.000000,0.264962,0.000000,0.000000,0.000000,-8.380134,WAIT_USER_CONFIRM
3.308000,0.554499,-0.000000,0.264962,0.000000,0.000000,0.000000,-8.380134,WAIT_USER_CONFIRM
3.310000,0.554499,-0.000000,0.264962,0.000000,0.000000,0.000000,-8.380134,WAIT_USER_CONFIRM
3.312000,0.554499,-0.000000,0.264962,0.000000,0.000000,0.000000,-8.380134,WAIT_USER_CONFIRM
3.314000,0.554499,-0.000000,0.264962,0.000000,0.000000,0.000000,-8.380134,WAIT_USER_CONFIRM
3.316000,0.554499,-0.000000,0.264962,0.000000,0.000000,0.000000,-8.380134,WAIT_USER_CONFIRM
3.318000,0.554499,-0.000000,0.264962,0.000000,0.000000,0.000000,-8.380134,WAIT_USER_CONFIRM
3.320000,0.554499,-0.000000,0.264962,0.000000,0.000000,0.000000,-8.380134,WAIT_USER_CONFIRM
3.322000,0.554499,-0.000000,0.264962,0.000000,0.000000,0.000000,-8.380134,WAIT_USER_CONFIRM
3.324000,0.554499,-0.000000,0.264962,0.000000,0.000000,0.000000,-8.380134,WAIT_USER_CONFIRM
3.326000,0.554499,-0.000000,0.264962,0.000000,0.000000,0.000000,-8.380134,WAIT_USER_CONFIRM
3.328000,0.554499,-0.000000,0.264962,0.000000,0.000000,0.000000,-8.380134,WAIT_USER_CONFIRM
3.330000,0.554499,-0.000000,0.264962,0.000000,0.000000,0.000000,-8.380134,WAIT_USER_CONFIRM
3.332000,0.554499,-0.000000,0.264962,0.000000,0.000000,0.000000,-8.380134,WAIT_USER_CONFIRM
3.334000,0.554499,-0.000000,0.264962,0.000000,0.000000,0.000000,-8.380134,WAIT_USER_CONFIRM
3.336000,0.554499,-0.000000,0.264962,0.000000,0.000000,0.000000,-8.380134,WAIT_USER_CONFIRM
3.338000,0.554499,-0.000000,0.264962,0.000000,0.000000,0.000000,-8.380134,WAIT_USER_CONFIRM
3.340000,0.554499,-0.000000,0.264962,0.000000,0.000000,0.000000,-8.380134,WAIT_USER_CONFIRM
3.342000,0.554499,-0.000000,0.264962,0.000000,0.000000,0.000000,-8.380134,WAIT_USER_CONFIRM
3.344000,0.554499,-0.000000,0.264962,0.000000,0.000000,0.000000,-8.380134,WAIT_USER_CONFIRM
3.346000,0.554499,-0.000000,0.264962,0.000000,0.000000,0.000000,-8.380134,WAIT_USER_CONFIRM
3.348000,0.554499,-0.000000,0.264962,0.000000,0.000000,0.000000,-8.380134,WAIT_USER_CONFIRM
3.350000,0.554499,-0.000000,0.264962,0.000000,0.000000,0.000000,-8.380134,WAIT_USER_CONFIRM
3.352000,0.554499,-0.000000,0.264962,0.000000,0.000000,0.000000,-8.380134,WAIT_USER_CONFIRM
3.354000,0.554499,-0.000000,0.264962,0.000000,0.000000,0.000000,-8.380134,WAIT_USER_CONFIRM
3.356000,0.554499,-0.000000,0.264962,0.000000,0.000000,0.000000,-8.380134,WAIT_USER_CONFIRM
3.358000,0.554499,-0.000000,0.264962,0.000000,0.000000,0.000000,-8.380134,WAIT_USER_CONFIRM
3.360000,0.554499,-0.000000,0.264962,0.000000,0.000000,0.000000,-8.380134,WAIT_USER_CONFIRM
3.362000,0.554499,-0.000000,0.264962,0.000000,0.000000,0.000000,-8.380134,WAIT_USER_CONFIRM
3.364000,0.554499,-0.000000,0.264962,0.000000,0.000000,0.000000,-8.380134,WAIT_USER_CONFIRM
3.366000,0.554499,-0.000000,0.264962,0.000000,0.000000,0.000000,-8.380134,WAIT_USER_CONFIRM
3.368000,0.554499,-0.000000,0.264962,0.000000,0.000000,0.000000,-8.380134,WAIT_USER_CONFIRM
3.370000,0.554499,-0.000000,0.264962,0.000000,0.000000,0.000000,-8.380134,WAIT_USER_CONFIRM
3.372000,0.554499,-0.000000,0.264962,0.000000,0.000000,0.000000,-8.380134,WAIT_USER_CONFIRM
3.374000,0.554499,-0.000000,0.264962,0.000000,0.000000,0.000000,-8.380134,WAIT_USER_CONFIRM
3.376000,0.554499,-0.000000,0.264962,0.000000,0.000000,0.000000,-8.380134,WAIT_USER_CONFIRM
3.378000,0.554499,-0.000000,0.264962,0.000000,0.000000,0.000000,-8.380134,WAIT_USER_CONFIRM
3.380000,0.554499,-0.000000,0.264962,0.000000,0.000000,0.000000,-8.380134,WAIT_USER_CONFIRM
3.382000,0.554499,-0.000000,0.264962,0.000000,0.000000,0.000000,-8.380134,WAIT_USER_CONFIRM
3.384000,0.554499,-0.000000,0.264962,0.000000,0.000000,0.000000,-8.380134,WAIT_USER_CONFIRM
3.386000,0.554499,-0.000000,0.264962,0.000000,0.000000,0.000000,-8.380134,WAIT_USER_CONFIRM
3.388000,0.554499,-0.000000,0.264962,0.000000,0.000000,0.000000,-8.380134,WAIT_USER_CONFIRM
3.390000,0.554499,-0.000000,0.264962,0.000000,0.000000,0.000000,-8.380134,WAIT_USER_CONFIRM
3.392000,0.554499,-0.000000,0.264962,0.000000,0.000000,0.000000,-8.380134,WAIT_USER_CONFIRM
3.394000,0.554499,-0.000000,0.264962,0.000000,0.000000,0.000000,-8.380134,WAIT_USER_CONFIRM
3.396000,0.554499,-0.000000,0.264962,0.000000,0.000000,0.000000,-8.380134,WAIT_USER_CONFIRM
3.398000,0.554499,-0.000000,0.264962,0.000000,0.000000,0.000000,-8.380134,WAIT_USER_CONFIRM
3.400000,0.554499,-0.000000,0.264962,0.000000,0.000000,0.000000,-8.380134,WAIT_USER_CONFIRM
3.402000,0.554499,-0.000000,0.264962,0.000000,0.000000,0.000000,-8.380134,WAIT_USER_CONFIRM
3.404000,0.554499,-0.000000,0.264962,0.000000,0.000000,0.000000,-8.380134,WAIT_USER_CONFIRM
3.406000,0.554499,-0.000000,0.264962,0.000000,0.000000,0.000000,-8.380134,WAIT_USER_CONFIRM
3.408000,0.554499,-0.000000,0.264962,0.000000,0.000000,0.000000,-8.380134,WAIT_USER_CONFIRM
3.410000,0.554499,-0.000000,0.264962,0.000000,0.000000,0.000000,-8.380134,WAIT_USER_CONFIRM
3.412000,0.554499,-0.000000,0.264962,0.000000,0.000000,0.000000,-8.380134,WAIT_USER_CONFIRM
3.414000,0.554499,-0.000000,0.264962,0.000000,0.000000,0.000000,-8.380134,WAIT_USER_CONFIRM
3.416000,0.554499,-0.000000,0.264962,0.000000,0.000000,0.000000,-8.380134,WAIT_USER_CONFIRM
3.418000,0.554499,-0.000000,0.264962,0.000000,0.000000,0.000000,-8.380134,WAIT_USER_CONFIRM
3.420000,0.554499,-0.000000,0.264962,0.000000,0.000000,0.000000,-8.380134,WAIT_USER_CONFIRM
3.422000,0.554499,-0.000000,0.264962,0.000000,0.000000,0.000000,-8.380134,WAIT_USER_CONFIRM
3.424000,0.554499,-0.000000,0.264962,0.000000,0.000000,0.000000,-8.380134,WAIT_USER_CONFIRM
3.426000,0.554499,-0.000000,0.264962,0.000000,0.000000,0.000000,-8.380134,WAIT_USER_CONFIRM
3.428000,0.554499,-0.000000,0.264962,0.000000,0.000000,0.000000,-8.380134,WAIT_USER_CONFIRM
3.430000,0.554499,-0.000000,0.264962,0.000000,0.000000,0.000000,-8.380134,WAIT_USER_CONFIRM
3.432000,0.554499,-0.000000,0.264962,0.000000,0.000000,0.000000,-8.380134,WAIT_USER_CONFIRM
3.434000,0.554499,-0.000000,0.264962,0.000000,0.000000,0.000000,-8.380134,WAIT_USER_CONFIRM
3.436000,0.554499,-0.000000,0.264962,0.000000,0.000000,0.000000,-8.380134,WAIT_USER_CONFIRM
3.438000,0.554499,-0.000000,0.264962,0.000000,0.000000,0.000000,-8.380134,WAIT_USER_CONFIRM
3.440000,0.554499,-0.000000,0.264962,0.000000,0.000000,0.000000,-8.380134,WAIT_USER_CONFIRM
3.442000,0.554499,-0.000000,0.264962,0.000000,0.000000,0.000000,-8.380134,WAIT_USER_CONFIRM
3.444000,0.554499,-0.000000,0.264962,0.000000,0.000000,0.000000,-8.380134,WAIT_USER_CONFIRM
3.446000,0.554499,-0.000000,0.264962,0.000000,0.000000,0.000000,-8.380134,WAIT_USER_CONFIRM
3.448000,0.554499,-0.000000,0.264962,0.000000,0.000000,0.000000,-8.380134,WAIT_USER_CONFIRM
3.450000,0.554499,-0.000000,0.264962,0.000000,0.000000,0.000000,-8.380134,WAIT_USER_CONFIRM
3.452000,0.554499,-0.000000,0.264962,0.000000,0.000000,0.000000,-8.380134,WAIT_USER_CONFIRM
3.454000,0.554499,-0.000000,0.264962,0.000000,0.000000,0.000000,-8.380134,WAIT_USER_CONFIRM
3.456000,0.554499,-0.000000,0.264962,0.000000,0.000000,0.000000,-8.380134,WAIT_USER_CONFIRM
3.458000,0.554499,-0.000000,0.264962,0.000000,0.000000,0.000000,-8.380134,WAIT_USER_CONFIRM
3.460000,0.554499,-0.000000,0.264962,0.000000,0.000000,0.000000,-8.380134,WAIT_USER_CONFIRM
3.462000,0.554499,-0.000000,0.264962,0.000000,0.000000,0.000000,-8.380134,WAIT_USER_CONFIRM
3.464000,0.554499,-0.000000,0.264962,0.000000,0.000000,0.000000,-8.380134,WAIT_USER_CONFIRM
3.466000,0.554499,-0.000000,0.264962,0.000000,0.000000,0.000000,-8.380134,WAIT_USER_CONFIRM
3.468000,0.554499,-0.000000,0.264962,0.000000,0.000000,0.000000,-8.380134,WAIT_USER_CONFIRM
3.470000,0.554499,-0.000000,0.264962,0.000000,0.000000,0.000000,-8.380134,WAIT_USER_CONFIRM
3.472000,0.554499,-0.000000,0.264962,0.000000,0.000000,0.000000,-8.380134,WAIT_USER_CONFIRM
3.474000,0.554499,-0.000000,0.264962,0.000000,0.000000,0.000000,-8.380134,WAIT_USER_CONFIRM
3.476000,0.554499,-0.000000,0.264962,0.000000,0.000000,0.000000,-8.380134,WAIT_USER_CONFIRM
3.478000,0.554499,-0.000000,0.264962,0.000000,0.000000,0.000000,-8.380134,WAIT_USER_CONFIRM
3.480000,0.554499,-0.000000,0.264962,0.000000,0.000000,0.000000,-8.380134,WAIT_USER_CONFIRM
3.482000,0.554499,-0.000000,0.264962,0.000000,0.000000,0.000000,-8.380134,WAIT_USER_CONFIRM
3.484000,0.554499,-0.000000,0.264962,0.000000,0.000000,0.000000,-8.380134,WAIT_USER_CONFIRM
3.486000,0.554499,-0.000000,0.264962,0.000000,0.000000,0.000000,-8.380134,WAIT_USER_CONFIRM
3.488000,0.554499,-0.000000,0.264962,0.000000,0.000000,0.000000,-8.380134,WAIT_USER_CONFIRM
3.490000,0.554499,-0.000000,0.264962,0.000000,0.000000,0.000000,-8.380134,WAIT_USER_CONFIRM
3.492000,0.554499,-0.000000,0.264962,0.000000,0.000000,0.000000,-8.380134,WAIT_USER_CONFIRM
3.494000,0.554499,-0.000000,0.264962,0.000000,0.000000,0.000000,-8.380134,WAIT_USER_CONFIRM
3.496000,0.554499,-0.000000,0.264962,0.000000,0.000000,0.000000,-8.380134,WAIT_USER_CONFIRM
3.498000,0.554499,-0.000000,0.264962,0.000000,0.000000,0.000000,-8.380134,WAIT_USER_CONFIRM
3.500000,0.554499,-0.000000,0.264962,0.000000,0.000000,0.000000,-8.380134,WAIT_USER_CONFIRM
3.502000,0.554499,-0.000000,0.264962,0.000000,0.000000,0.000000,-8.380134,WAIT_USER_CONFIRM
3.504000,0.554499,-0.000000,0.264962,0.000000,0.000000,0.000000,-8.380134,WAIT_USER_CONFIRM
3.506000,0.554499,-0.000000,0.264962,0.000000,0.000000,0.000000,-8.380134,WAIT_USER_CONFIRM
3.508000,0.554499,-0.000000,0.264962,0.000000,0.000000,0.000000,-8.380134,WAIT_USER_CONFIRM
3.510000,0.554499,-0.000000,0.264962,0.000000,0.000000,0.000000,-8.380134,WAIT_USER_CONFIRM
3.512000,0.554499,-0.000000,0.264962,0.000000,0.000000,0.000000,-8.380134,WAIT_USER_CONFIRM
3.514000,0.554499,-0.000000,0.264962,0.000000,0.000000,0.000000,-8.380134,WAIT_USER_CONFIRM
3.516000,0.554499,-0.000000,0.264962,0.000000,0.000000,0.000000,-8.380134,WAIT_USER_CONFIRM
3.518000,0.554499,-0.000000,0.264962,0.000000,0.000000,0.000000,-8.380134,WAIT_USER_CONFIRM
3.520000,0.554499,-0.000000,0.264962,0.000000,0.000000,0.000000,-8.380134,WAIT_USER_CONFIRM
3.522000,0.554499,-0.000000,0.264962,0.000000,0.000000,0.000000,-8.380134,WAIT_USER_CONFIRM
3.524000,0.554499,-0.000000,0.264962,0.000000,0.000000,0.000000,-8.380134,WAIT_USER_CONFIRM
3.526000,0.554499,-0.000000,0.264962,0.000000,0.000000,0.000000,-8.380134,WAIT_USER_CONFIRM
3.528000,0.554499,-0.000000,0.264962,0.000000,0.000000,0.000000,-8.380134,WAIT_USER_CONFIRM
3.530000,0.554499,-0.000000,0.264962,0.000000,0.000000,0.000000,-8.380134,WAIT_USER_CONFIRM
3.532000,0.554499,-0.000000,0.264962,0.000000,0.000000,0.000000,-8.380134,WAIT_USER_CONFIRM
3.534000,0.554499,-0.000000,0.264962,0.000000,0.000000,0.000000,-8.380134,WAIT_USER_CONFIRM
3.536000,0.554499,-0.000000,0.264962,0.000000,0.000000,0.000000,-8.380134,WAIT_USER_CONFIRM
3.538000,0.554499,-0.000000,0.264962,0.000000,0.000000,0.000000,-8.380134,WAIT_USER_CONFIRM
3.540000,0.554499,-0.000000,0.264962,0.000000,0.000000,0.000000,-8.380134,WAIT_USER_CONFIRM
3.542000,0.554499,-0.000000,0.264962,0.000000,0.000000,0.000000,-8.380134,WAIT_USER_CONFIRM
3.544000,0.554499,-0.000000,0.264962,0.000000,0.000000,0.000000,-8.380134,WAIT_USER_CONFIRM
3.546000,0.554499,-0.000000,0.264962,0.000000,0.000000,0.000000,-8.380134,WAIT_USER_CONFIRM
3.548000,0.554499,-0.000000,0.264962,0.000000,0.000000,0.000000,-8.380134,WAIT_USER_CONFIRM
3.550000,0.554499,-0.000000,0.264962,0.000000,0.000000,0.000000,-8.380134,WAIT_USER_CONFIRM
3.552000,0.554499,-0.000000,0.264962,0.000000,0.000000,0.000000,-8.380134,WAIT_USER_CONFIRM
3.554000,0.554499,-0.000000,0.264962,0.000000,0.000000,0.000000,-8.380134,WAIT_USER_CONFIRM
3.556000,0.554499,-0.000000,0.264962,0.000000,0.000000,0.000000,-8.380134,WAIT_USER_CONFIRM
3.558000,0.554499,-0.000000,0.264962,0.000000,0.000000,0.000000,-8.380134,WAIT_USER_CONFIRM
3.560000,0.554499,-0.000000,0.264962,0.000000,0.000000,0.000000,-8.380134,WAIT_USER_CONFIRM
3.562000,0.554499,-0.000000,0.264962,0.000000,0.000000,0.000000,-8.380134,WAIT_USER_CONFIRM
3.564000,0.554499,-0.000000,0.264962,0.000000,0.000000,0.000000,-8.380134,WAIT_USER_CONFIRM
3.566000,0.554499,-0.000000,0.264962,0.000000,0.000000,0.000000,-8.380134,WAIT_USER_CONFIRM
3.568000,0.554499,-0.000000,0.264962,0.000000,0.000000,0.000000,-8.380134,WAIT_USER_CONFIRM
3.570000,0.554499,-0.000000,0.264962,0.000000,0.000000,0.000000,-8.380134,WAIT_USER_CONFIRM
3.572000,0.554499,-0.000000,0.264962,0.000000,0.000000,0.000000,-8.380134,WAIT_USER_CONFIRM
3.574000,0.554499,-0.000000,0.264962,0.000000,0.000000,0.000000,-8.380134,WAIT_USER_CONFIRM
3.576000,0.554499,-0.000000,0.264962,0.000000,0.000000,0.000000,-8.380134,WAIT_USER_CONFIRM
3.578000,0.554499,-0.000000,0.264962,0.000000,0.000000,0.000000,-8.380134,WAIT_USER_CONFIRM
3.580000,0.554499,-0.000000,0.264962,0.000000,0.000000,0.000000,-8.380134,WAIT_USER_CONFIRM
3.582000,0.554499,-0.000000,0.264962,0.000000,0.000000,0.000000,-8.380134,WAIT_USER_CONFIRM
3.584000,0.554499,-0.000000,0.264962,0.000000,0.000000,0.000000,-8.380134,WAIT_USER_CONFIRM
3.586000,0.554499,-0.000000,0.264962,0.000000,0.000000,0.000000,-8.380134,WAIT_USER_CONFIRM
3.588000,0.554499,-0.000000,0.264962,0.000000,0.000000,0.000000,-8.380134,WAIT_USER_CONFIRM
3.590000,0.554499,-0.000000,0.264962,0.000000,0.000000,0.000000,-8.380134,WAIT_USER_CONFIRM
3.592000,0.554499,-0.000000,0.264962,0.000000,0.000000,0.000000,-8.380134,WAIT_USER_CONFIRM
3.594000,0.554499,-0.000000,0.264962,0.000000,0.000000,0.000000,-8.380134,WAIT_USER_CONFIRM
3.596000,0.554499,-0.000000,0.264962,0.000000,0.000000,0.000000,-8.380134,WAIT_USER_CONFIRM
3.598000,0.554499,-0.000000,0.264962,0.000000,0.000000,0.000000,-8.380134,WAIT_USER_CONFIRM
3.600000,0.554499,-0.000000,0.264962,0.000000,0.000000,0.000000,-8.380134,WAIT_USER_CONFIRM
3.602000,0.554499,-0.000000,0.264962,0.000000,0.000000,0.000000,-8.380134,WAIT_USER_CONFIRM
3.604000,0.554499,-0.000000,0.264962,0.000000,0.000000,0.000000,-8.380134,WAIT_USER_CONFIRM
3.606000,0.554499,-0.000000,0.264962,0.000000,0.000000,0.000000,-8.380134,WAIT_USER_CONFIRM
3.608000,0.554499,-0.000000,0.264962,0.000000,0.000000,0.000000,-8.380134,WAIT_USER_CONFIRM
3.610000,0.554499,-0.000000,0.264962,0.000000,0.000000,0.000000,-8.380134,WAIT_USER_CONFIRM
3.612000,0.554499,-0.000000,0.264962,0.000000,0.000000,0.000000,-8.380134,WAIT_USER_CONFIRM
3.614000,0.554499,-0.000000,0.264962,0.000000,0.000000,0.000000,-8.380134,WAIT_USER_CONFIRM
3.616000,0.554499,-0.000000,0.264962,0.000000,0.000000,0.000000,-8.380134,WAIT_USER_CONFIRM
3.618000,0.554499,-0.000000,0.264962,0.000000,0.000000,0.000000,-8.380134,WAIT_USER_CONFIRM
3.620000,0.554499,-0.000000,0.264962,0.000000,0.000000,0.000000,-8.380134,WAIT_USER_CONFIRM
3.622000,0.554499,-0.000000,0.264962,0.000000,0.000000,0.000000,-8.380134,WAIT_USER_CONFIRM
3.624000,0.554499,-0.000000,0.264962,0.000000,0.000000,0.000000,-8.380134,WAIT_USER_CONFIRM
3.626000,0.554499,-0.000000,0.264962,0.000000,0.000000,0.000000,-8.380134,WAIT_USER_CONFIRM
3.628000,0.554499,-0.000000,0.264962,0.000000,0.000000,0.000000,-8.380134,WAIT_USER_CONFIRM
3.630000,0.554499,-0.000000,0.264962,0.000000,0.000000,0.000000,-8.380134,WAIT_USER_CONFIRM
3.632000,0.554499,-0.000000,0.264962,0.000000,0.000000,0.000000,-8.380134,WAIT_USER_CONFIRM
3.634000,0.554499,-0.000000,0.264962,0.000000,0.000000,0.000000,-8.380134,WAIT_USER_CONFIRM
3.636000,0.554499,-0.000000,0.264962,0.000000,0.000000,0.000000,-8.380134,WAIT_USER_CONFIRM
3.638000,0.554499,-0.000000,0.264962,0.000000,0.000000,0.000000,-8.380134,WAIT_USER_CONFIRM
3.640000,0.554499,-0.000000,0.264962,0.000000,0.000000,0.000000,-8.380134,WAIT_USER_CONFIRM
3.642000,0.554499,-0.000000,0.264962,0.000000,0.000000,0.000000,-8.380134,WAIT_USER_CONFIRM
3.644000,0.554499,-0.000000,0.264962,0.000000,0.000000,0.000000,-8.380134,WAIT_USER_CONFIRM
3.646000,0.554499,-0.000000,0.264962,0.000000,0.000000,0.000000,-8.380134,WAIT_USER_CONFIRM
3.648000,0.554499,-0.000000,0.264962,0.000000,0.000000,0.000000,-8.380134,WAIT_USER_CONFIRM
3.650000,0.554499,-0.000000,0.264962,0.000000,0.000000,0.000000,-8.380134,WAIT_USER_CONFIRM
3.652000,0.554499,-0.000000,0.264962,0.000000,0.000000,0.000000,-8.380134,WAIT_USER_CONFIRM
3.654000,0.554499,-0.000000,0.264962,0.000000,0.000000,0.000000,-8.380134,WAIT_USER_CONFIRM
3.656000,0.554499,-0.000000,0.264962,0.000000,0.000000,0.000000,-8.380134,WAIT_USER_CONFIRM
3.658000,0.554499,-0.000000,0.264962,0.000000,0.000000,0.000000,-8.380134,WAIT_USER_CONFIRM
3.660000,0.554499,-0.000000,0.264962,0.000000,0.000000,0.000000,-8.380134,WAIT_USER_CONFIRM
3.662000,0.554499,-0.000000,0.264962,0.000000,0.000000,0.000000,-8.380134,WAIT_USER_CONFIRM
3.664000,0.554499,-0.000000,0.264962,0.000000,0.000000,0.000000,-8.380134,WAIT_USER_CONFIRM
3.666000,0.554499,-0.000000,0.264962,0.000000,0.000000,0.000000,-8.380134,WAIT_USER_CONFIRM
3.668000,0.554499,-0.000000,0.264962,0.000000,0.000000,0.000000,-8.380134,WAIT_USER_CONFIRM
3.670000,0.554499,-0.000000,0.264962,0.000000,0.000000,0.000000,-8.380134,WAIT_USER_CONFIRM
3.672000,0.554499,-0.000000,0.264962,0.000000,0.000000,0.000000,-8.380134,WAIT_USER_CONFIRM
3.674000,0.554499,-0.000000,0.264962,0.000000,0.000000,0.000000,-8.380134,WAIT_USER_CONFIRM
3.676000,0.554499,-0.000000,0.264962,0.000000,0.000000,0.000000,-8.380134,WAIT_USER_CONFIRM
3.678000,0.554499,-0.000000,0.264962,0.000000,0.000000,0.000000,-8.380134,WAIT_USER_CONFIRM
3.680000,0.554499,-0.000000,0.264962,0.000000,0.000000,0.000000,-8.380134,WAIT_USER_CONFIRM
3.682000,0.554499,-0.000000,0.264962,0.000000,0.000000,0.000000,-8.380134,WAIT_USER_CONFIRM
3.684000,0.554499,-0.000000,0.264962,0.000000,0.000000,0.000000,-8.380134,WAIT_USER_CONFIRM
3.686000,0.554499,-0.000000,0.264962,0.000000,0.000000,0.000000,-8.380134,WAIT_USER_CONFIRM
3.688000,0.554499,-0.000000,0.264962,0.000000,0.000000,0.000000,-8.380134,WAIT_USER_CONFIRM
3.690000,0.554499,-0.000000,0.264962,0.000000,0.000000,0.000000,-8.380134,WAIT_USER_CONFIRM
3.692000,0.554499,-0.000000,0.264962,0.000000,0.000000,0.000000,-8.380134,WAIT_USER_CONFIRM
3.694000,0.554499,-0.000000,0.264962,0.000000,0.000000,0.000000,-8.380134,WAIT_USER_CONFIRM
3.696000,0.554499,-0.000000,0.264962,0.000000,0.000000,0.000000,-8.380134,WAIT_USER_CONFIRM
3.698000,0.554499,-0.000000,0.264962,0.000000,0.000000,0.000000,-8.380134,WAIT_USER_CONFIRM
3.700000,0.554499,-0.000000,0.264962,0.000000,0.000000,0.000000,-8.380134,WAIT_USER_CONFIRM
3.702000,0.554499,-0.000000,0.264962,0.000000,0.000000,0.000000,-8.380134,WAIT_USER_CONFIRM
3.704000,0.554499,-0.000000,0.264962,0.000000,0.000000,0.000000,-8.380134,WAIT_USER_CONFIRM
3.706000,0.554499,-0.000000,0.264962,0.000000,0.000000,0.000000,-8.380134,WAIT_USER_CONFIRM
3.708000,0.554499,-0.000000,0.264962,0.000000,0.000000,0.000000,-8.380134,WAIT_USER_CONFIRM
3.710000,0.554499,-0.000000,0.264962,0.000000,0.000000,0.000000,-8.380134,WAIT_USER_CONFIRM
3.712000,0.554499,-0.000000,0.264962,0.000000,0.000000,0.000000,-8.380134,WAIT_USER_CONFIRM
3.714000,0.554499,-0.000000,0.264962,0.000000,0.000000,0.000000,-8.380134,WAIT_USER_CONFIRM
3.716000,0.554499,-0.000000,0.264962,0.000000,0.000000,0.000000,-8.380134,WAIT_USER_CONFIRM
3.718000,0.554499,-0.000000,0.264962,0.000000,0.000000,0.000000,-8.380134,WAIT_USER_CONFIRM
3.720000,0.554499,-0.000000,0.264962,0.000000,0.000000,0.000000,-8.380134,WAIT_USER_CONFIRM
3.722000,0.554499,-0.000000,0.264962,0.000000,0.000000,0.000000,-8.380134,WAIT_USER_CONFIRM
3.724000,0.554499,-0.000000,0.264962,0.000000,0.000000,0.000000,-8.380134,WAIT_USER_CONFIRM
3.726000,0.554499,-0.000000,0.264962,0.000000,0.000000,0.000000,-8.380134,WAIT_USER_CONFIRM
3.728000,0.554499,-0.000000,0.264962,0.000000,0.000000,0.000000,-8.380134,WAIT_USER_CONFIRM
3.730000,0.554499,-0.000000,0.264962,0.000000,0.000000,0.000000,-8.380134,WAIT_USER_CONFIRM
3.732000,0.554499,-0.000000,0.264962,0.000000,0.000000,0.000000,-8.380134,WAIT_USER_CONFIRM
3.734000,0.554499,-0.000000,0.264962,0.000000,0.000000,0.000000,-8.380134,WAIT_USER_CONFIRM
3.736000,0.554499,-0.000000,0.264962,0.000000,0.000000,0.000000,-8.380134,WAIT_USER_CONFIRM
3.738000,0.554499,-0.000000,0.264962,0.000000,0.000000,0.000000,-8.380134,WAIT_USER_CONFIRM
3.740000,0.554499,-0.000000,0.264962,0.000000,0.000000,0.000000,-8.380134,WAIT_USER_CONFIRM
3.742000,0.554499,-0.000000,0.264962,0.000000,0.000000,0.000000,-8.380134,WAIT_USER_CONFIRM
3.744000,0.554499,-0.000000,0.264962,0.000000,0.000000,0.000000,-8.380134,WAIT_USER_CONFIRM
3.746000,0.554499,-0.000000,0.264962,0.000000,0.000000,0.000000,-8.380134,WAIT_USER_CONFIRM
3.748000,0.554499,-0.000000,0.264962,0.000000,0.000000,0.000000,-8.380134,WAIT_USER_CONFIRM
3.750000,0.554499,-0.000000,0.264962,0.000000,0.000000,0.000000,-8.380134,WAIT_USER_CONFIRM
3.752000,0.554499,-0.000000,0.264962,0.000000,0.000000,0.000000,-8.380134,WAIT_USER_CONFIRM
3.754000,0.554499,-0.000000,0.264962,0.000000,0.000000,0.000000,-8.380134,WAIT_USER_CONFIRM
3.756000,0.554499,-0.000000,0.264962,0.000000,0.000000,0.000000,-8.380134,WAIT_USER_CONFIRM
3.758000,0.554499,-0.000000,0.264962,0.000000,0.000000,0.000000,-8.380134,WAIT_USER_CONFIRM
3.760000,0.554499,-0.000000,0.264962,0.000000,0.000000,0.000000,-8.380134,WAIT_USER_CONFIRM
3.762000,0.554499,-0.000000,0.264962,0.000000,0.000000,0.000000,-8.380134,WAIT_USER_CONFIRM
3.764000,0.554499,-0.000000,0.264962,0.000000,0.000000,0.000000,-8.380134,WAIT_USER_CONFIRM
3.766000,0.554499,-0.000000,0.264962,0.000000,0.000000,0.000000,-8.380134,WAIT_USER_CONFIRM
3.768000,0.554499,-0.000000,0.264962,0.000000,0.000000,0.000000,-8.380134,WAIT_USER_CONFIRM
3.770000,0.554499,-0.000000,0.264962,0.000000,0.000000,0.000000,-8.380134,WAIT_USER_CONFIRM
3.772000,0.554499,-0.000000,0.264962,0.000000,0.000000,0.000000,-8.380134,WAIT_USER_CONFIRM
3.774000,0.554499,-0.000000,0.264962,0.000000,0.000000,0.000000,-8.380134,WAIT_USER_CONFIRM
3.776000,0.554499,-0.000000,0.264962,0.000000,0.000000,0.000000,-8.380134,WAIT_USER_CONFIRM
3.778000,0.554499,-0.000000,0.264962,0.000000,0.000000,0.000000,-8.380134,WAIT_USER_CONFIRM
3.780000,0.554499,-0.000000,0.264962,0.000000,0.000000,0.000000,-8.380134,WAIT_USER_CONFIRM
3.782000,0.554499,-0.000000,0.264962,0.000000,0.000000,0.000000,-8.380134,WAIT_USER_CONFIRM
3.784000,0.554499,-0.000000,0.264962,0.000000,0.000000,0.000000,-8.380134,WAIT_USER_CONFIRM
3.786000,0.554499,-0.000000,0.264962,0.000000,0.000000,0.000000,-8.380134,WAIT_USER_CONFIRM
3.788000,0.554499,-0.000000,0.264962,0.000000,0.000000,0.000000,-8.380134,WAIT_USER_CONFIRM
3.790000,0.554499,-0.000000,0.264962,0.000000,0.000000,0.000000,-8.380134,WAIT_USER_CONFIRM
3.792000,0.554499,-0.000000,0.264962,0.000000,0.000000,0.000000,-8.380134,WAIT_USER_CONFIRM
3.794000,0.554499,-0.000000,0.264962,0.000000,0.000000,0.000000,-8.380134,WAIT_USER_CONFIRM
3.796000,0.554499,-0.000000,0.264962,0.000000,0.000000,0.000000,-8.380134,WAIT_USER_CONFIRM
3.798000,0.554499,-0.000000,0.264962,0.000000,0.000000,0.000000,-8.380134,WAIT_USER_CONFIRM
3.800000,0.554499,-0.000000,0.264962,0.000000,0.000000,0.000000,-8.380134,WAIT_USER_CONFIRM
3.802000,0.554499,-0.000000,0.264962,0.000000,0.000000,0.000000,-8.380134,WAIT_USER_CONFIRM
3.804000,0.554499,-0.000000,0.264962,0.000000,0.000000,0.000000,-8.380134,WAIT_USER_CONFIRM
3.806000,0.554499,-0.000000,0.264962,0.000000,0.000000,0.000000,-8.380134,WAIT_USER_CONFIRM
3.808000,0.554499,-0.000000,0.264962,0.000000,0.000000,0.000000,-8.380134,WAIT_USER_CONFIRM
3.810000,0.554499,-0.000000,0.264962,0.000000,0.000000,0.000000,-8.380134,WAIT_USER_CONFIRM
3.812000,0.554499,-0.000000,0.264962,0.000000,0.000000,0.000000,-8.380134,WAIT_USER_CONFIRM
3.814000,0.554499,-0.000000,0.264962,0.000000,0.000000,0.000000,-8.380134,WAIT_USER_CONFIRM
3.816000,0.554499,-0.000000,0.264962,0.000000,0.000000,0.000000,-8.380134,WAIT_USER_CONFIRM
3.818000,0.554499,-0.000000,0.264962,0.000000,0.000000,0.000000,-8.380134,WAIT_USER_CONFIRM
3.820000,0.554499,-0.000000,0.264962,0.000000,0.000000,0.000000,-8.380134,WAIT_USER_CONFIRM
3.822000,0.554499,-0.000000,0.264962,0.000000,0.000000,0.000000,-8.380134,WAIT_USER_CONFIRM
3.824000,0.554499,-0.000000,0.264962,0.000000,0.000000,0.000000,-8.380134,WAIT_USER_CONFIRM
3.826000,0.554499,-0.000000,0.264962,0.000000,0.000000,0.000000,-8.380134,WAIT_USER_CONFIRM
3.828000,0.554499,-0.000000,0.264962,0.000000,0.000000,0.000000,-8.380134,WAIT_USER_CONFIRM
3.830000,0.554499,-0.000000,0.264962,0.000000,0.000000,0.000000,-8.380134,WAIT_USER_CONFIRM
3.832000,0.554499,-0.000000,0.264962,0.000000,0.000000,0.000000,-8.380134,WAIT_USER_CONFIRM
3.834000,0.554499,-0.000000,0.264962,0.000000,0.000000,0.000000,-8.380134,WAIT_USER_CONFIRM
3.836000,0.554499,-0.000000,0.264962,0.000000,0.000000,0.000000,-8.380134,WAIT_USER_CONFIRM
3.838000,0.554499,-0.000000,0.264962,0.000000,0.000000,0.000000,-8.380134,WAIT_USER_CONFIRM
3.840000,0.554499,-0.000000,0.264962,0.000000,0.000000,0.000000,-8.380134,WAIT_USER_CONFIRM
3.842000,0.554499,-0.000000,0.264962,0.000000,0.000000,0.000000,-8.380134,WAIT_USER_CONFIRM
3.844000,0.554499,-0.000000,0.264962,0.000000,0.000000,0.000000,-8.380134,WAIT_USER_CONFIRM
3.846000,0.554499,-0.000000,0.264962,0.000000,0.000000,0.000000,-8.380134,WAIT_USER_CONFIRM
3.848000,0.554499,-0.000000,0.264962,0.000000,0.000000,0.000000,-8.380134,WAIT_USER_CONFIRM
3.850000,0.554499,-0.000000,0.264962,0.000000,0.000000,0.000000,-8.380134,WAIT_USER_CONFIRM
3.852000,0.554499,-0.000000,0.264962,0.000000,0.000000,0.000000,-8.380134,WAIT_USER_CONFIRM
3.854000,0.554499,-0.000000,0.264962,0.000000,0.000000,0.000000,-8.380134,WAIT_USER_CONFIRM
3.856000,0.554499,-0.000000,0.264962,0.000000,0.000000,0.000000,-8.380134,WAIT_USER_CONFIRM
3.858000,0.554499,-0.000000,0.264962,0.000000,0.000000,0.000000,-8.380134,WAIT_USER_CONFIRM
3.860000,0.554499,-0.000000,0.264962,0.000000,0.000000,0.000000,-8.380134,WAIT_USER_CONFIRM
3.862000,0.554499,-0.000000,0.264962,0.000000,0.000000,0.000000,-8.380134,WAIT_USER_CONFIRM
3.864000,0.554499,-0.000000,0.264962,0.000000,0.000000,0.000000,-8.380134,WAIT_USER_CONFIRM
3.866000,0.554499,-0.000000,0.264962,0.000000,0.000000,0.000000,-8.380134,WAIT_USER_CONFIRM
3.868000,0.554499,-0.000000,0.264962,0.000000,0.000000,0.000000,-8.380134,WAIT_USER_CONFIRM
3.870000,0.554499,-0.000000,0.264962,0.000000,0.000000,0.000000,-8.380134,WAIT_USER_CONFIRM
3.872000,0.554499,-0.000000,0.264962,0.000000,0.000000,0.000000,-8.380134,WAIT_USER_CONFIRM
3.874000,0.554499,-0.000000,0.264962,0.000000,0.000000,0.000000,-8.380134,WAIT_USER_CONFIRM
3.876000,0.554499,-0.000000,0.264962,0.000000,0.000000,0.000000,-8.380134,WAIT_USER_CONFIRM
3.878000,0.554499,-0.000000,0.264962,0.000000,0.000000,0.000000,-8.380134,WAIT_USER_CONFIRM
3.880000,0.554499,-0.000000,0.264962,0.000000,0.000000,0.000000,-8.380134,WAIT_USER_CONFIRM
3.882000,0.554499,-0.000000,0.264962,0.000000,0.000000,0.000000,-8.380134,WAIT_USER_CONFIRM
3.884000,0.554499,-0.000000,0.264962,0.000000,0.000000,0.000000,-8.380134,WAIT_USER_CONFIRM
3.886000,0.554499,-0.000000,0.264962,0.000000,0.000000,0.000000,-8.380134,WAIT_USER_CONFIRM
3.888000,0.554499,-0.000000,0.264962,0.000000,0.000000,0.000000,-8.380134,WAIT_USER_CONFIRM
3.890000,0.554499,-0.000000,0.264962,0.000000,0.000000,0.000000,-8.380134,WAIT_USER_CONFIRM
3.892000,0.554499,-0.000000,0.264962,0.000000,0.000000,0.000000,-8.380134,WAIT_USER_CONFIRM
3.894000,0.554499,-0.000000,0.264962,0.000000,0.000000,0.000000,-8.380134,WAIT_USER_CONFIRM
3.896000,0.554499,-0.000000,0.264962,0.000000,0.000000,0.000000,-8.380134,WAIT_USER_CONFIRM
3.898000,0.554499,-0.000000,0.264962,0.000000,0.000000,0.000000,-8.380134,WAIT_USER_CONFIRM
3.900000,0.554499,-0.000000,0.264962,0.000000,0.000000,0.000000,-8.380134,WAIT_USER_CONFIRM
3.902000,0.554499,-0.000000,0.264962,0.000000,0.000000,0.000000,-8.380134,WAIT_USER_CONFIRM
3.904000,0.554499,-0.000000,0.264962,0.000000,0.000000,0.000000,-8.380134,WAIT_USER_CONFIRM
3.906000,0.554499,-0.000000,0.264962,0.000000,0.000000,0.000000,-8.380134,WAIT_USER_CONFIRM
3.908000,0.554499,-0.000000,0.264962,0.000000,0.000000,0.000000,-8.380134,WAIT_USER_CONFIRM
3.910000,0.554499,-0.000000,0.264962,0.000000,0.000000,0.000000,-8.380134,WAIT_USER_CONFIRM
3.912000,0.554499,-0.000000,0.264962,0.000000,0.000000,0.000000,-8.380134,WAIT_USER_CONFIRM
3.914000,0.554499,-0.000000,0.264962,0.000000,0.000000,0.000000,-8.380134,WAIT_USER_CONFIRM
3.916000,0.554499,-0.000000,0.264962,0.000000,0.000000,0.000000,-8.380134,WAIT_USER_CONFIRM
3.918000,0.554499,-0.000000,0.264962,0.000000,0.000000,0.000000,-8.380134,WAIT_USER_CONFIRM
3.920000,0.554499,-0.000000,0.264962,0.000000,0.000000,0.000000,-8.380134,WAIT_USER_CONFIRM
3.922000,0.554499,-0.000000,0.264962,0.000000,0.000000,0.000000,-8.380134,WAIT_USER_CONFIRM
3.924000,0.554499,-0.000000,0.264962,0.000000,0.000000,0.000000,-8.380134,WAIT_USER_CONFIRM
3.926000,0.554499,-0.000000,0.264962,0.000000,0.000000,0.000000,-8.380134,WAIT_USER_CONFIRM
3.928000,0.554499,-0.000000,0.264962,0.000000,0.000000,0.000000,-8.380134,WAIT_USER_CONFIRM
3.930000,0.554499,-0.000000,0.264962,0.000000,0.000000,0.000000,-8.380134,WAIT_USER_CONFIRM
3.932000,0.554499,-0.000000,0.264962,0.000000,0.000000,0.000000,-8.380134,WAIT_USER_CONFIRM
3.934000,0.554499,-0.000000,0.264962,0.000000,0.000000,0.000000,-8.380134,WAIT_USER_CONFIRM
3.936000,0.554499,-0.000000,0.264962,0.000000,0.000000,0.000000,-8.380134,WAIT_USER_CONFIRM
3.938000,0.554499,-0.000000,0.264962,0.000000,0.000000,0.000000,-8.380134,WAIT_USER_CONFIRM
3.940000,0.554499,-0.000000,0.264962,0.000000,0.000000,0.000000,-8.380134,WAIT_USER_CONFIRM
3.942000,0.554499,-0.000000,0.264962,0.000000,0.000000,0.000000,-8.380134,WAIT_USER_CONFIRM
3.944000,0.554499,-0.000000,0.264962,0.000000,0.000000,0.000000,-8.380134,WAIT_USER_CONFIRM
3.946000,0.554499,-0.000000,0.264962,0.000000,0.000000,0.000000,-8.380134,WAIT_USER_CONFIRM
3.948000,0.554499,-0.000000,0.264962,0.000000,0.000000,0.000000,-8.380134,WAIT_USER_CONFIRM
3.950000,0.554499,-0.000000,0.264962,0.000000,0.000000,0.000000,-8.380134,WAIT_USER_CONFIRM
3.952000,0.554499,-0.000000,0.264962,0.000000,0.000000,0.000000,-8.380134,WAIT_USER_CONFIRM
3.954000,0.554499,-0.000000,0.264962,0.000000,0.000000,0.000000,-8.380134,WAIT_USER_CONFIRM
3.956000,0.554499,-0.000000,0.264962,0.000000,0.000000,0.000000,-8.380134,WAIT_USER_CONFIRM
3.958000,0.554499,-0.000000,0.264962,0.000000,0.000000,0.000000,-8.380134,WAIT_USER_CONFIRM
3.960000,0.554499,-0.000000,0.264962,0.000000,0.000000,0.000000,-8.380134,WAIT_USER_CONFIRM
3.962000,0.554499,-0.000000,0.264962,0.000000,0.000000,0.000000,-8.380134,WAIT_USER_CONFIRM
3.964000,0.554499,-0.000000,0.264962,0.000000,0.000000,0.000000,-8.380134,WAIT_USER_CONFIRM
3.966000,0.554499,-0.000000,0.264962,0.000000,0.000000,0.000000,-8.380134,WAIT_USER_CONFIRM
3.968000,0.554499,-0.000000,0.264962,0.000000,0.000000,0.000000,-8.380134,WAIT_USER_CONFIRM
3.970000,0.554499,-0.000000,0.264962,0.000000,0.000000,0.000000,-8.380134,WAIT_USER_CONFIRM
3.972000,0.554499,-0.000000,0.264962,0.000000,0.000000,0.000000,-8.380134,WAIT_USER_CONFIRM
3.974000,0.554499,-0.000000,0.264962,0.000000,0.000000,0.000000,-8.380134,WAIT_USER_CONFIRM
3.976000,0.554499,-0.000000,0.264962,0.000000,0.000000,0.000000,-8.380134,WAIT_USER_CONFIRM
3.978000,0.554499,-0.000000,0.264962,0.000000,0.000000,0.000000,-8.380134,WAIT_USER_CONFIRM
3.980000,0.554499,-0.000000,0.264962,0.000000,0.000000,0.000000,-8.380134,WAIT_USER_CONFIRM
3.982000,0.554499,-0.000000,0.264962,0.000000,0.000000,0.000000,-8.380134,WAIT_USER_CONFIRM
3.984000,0.554499,-0.000000,0.264962,0.000000,0.000000,0.000000,-8.380134,WAIT_USER_CONFIRM
3.986000,0.554499,-0.000000,0.264962,0.000000,0.000000,0.000000,-8.380134,WAIT_USER_CONFIRM
3.988000,0.554499,-0.000000,0.264962,0.000000,0.000000,0.000000,-8.380134,WAIT_USER_CONFIRM
3.990000,0.554499,-0.000000,0.264962,0.000000,0.000000,0.000000,-8.380134,WAIT_USER_CONFIRM
3.992000,0.554499,-0.000000,0.264962,0.000000,0.000000,0.000000,-8.380134,WAIT_USER_CONFIRM
3.994000,0.554499,-0.000000,0.264962,0.000000,0.000000,0.000000,-8.380134,WAIT_USER_CONFIRM
3.996000,0.554499,-0.000000,0.264962,0.000000,0.000000,0.000000,-8.380134,WAIT_USER_CONFIRM
3.998000,0.554499,-0.000000,0.264962,0.000000,0.000000,0.000000,-8.380134,WAIT_USER_CONFIRM
4.000000,0.554499,-0.000000,0.264962,0.000000,0.000000,0.000000,-8.380134,WAIT_USER_CONFIRM
4.002000,0.554499,-0.000000,0.264962,0.000000,0.000000,0.000000,-8.380134,WAIT_USER_CONFIRM
4.004000,0.554499,-0.000000,0.264962,0.000000,0.000000,0.000000,-8.380134,WAIT_USER_CONFIRM
4.006000,0.554499,-0.000000,0.264962,0.000000,0.000000,0.000000,-8.380134,WAIT_USER_CONFIRM
4.008000,0.554499,-0.000000,0.264962,0.000000,0.000000,0.000000,-8.380134,WAIT_USER_CONFIRM
4.010000,0.554499,-0.000000,0.264962,0.000000,0.000000,0.000000,-8.380134,WAIT_USER_CONFIRM
4.012000,0.554499,-0.000000,0.264962,0.000000,0.000000,0.000000,-8.380134,WAIT_USER_CONFIRM
4.014000,0.554499,-0.000000,0.264962,0.000000,0.000000,0.000000,-8.380134,WAIT_USER_CONFIRM
4.016000,0.554499,-0.000000,0.264962,0.000000,0.000000,0.000000,-8.380134,WAIT_USER_CONFIRM
4.018000,0.554499,-0.000000,0.264962,0.000000,0.000000,0.000000,-8.380134,WAIT_USER_CONFIRM
4.020000,0.554499,-0.000000,0.264962,0.000000,0.000000,0.000000,-8.380134,WAIT_USER_CONFIRM
4.022000,0.554499,-0.000000,0.264962,0.000000,0.000000,0.000000,-8.380134,WAIT_USER_CONFIRM
4.024000,0.554499,-0.000000,0.264962,0.000000,0.000000,0.000000,-8.380134,WAIT_USER_CONFIRM
4.026000,0.554499,-0.000000,0.264962,0.000000,0.000000,0.000000,-8.380134,WAIT_USER_CONFIRM
4.028000,0.554499,-0.000000,0.264962,0.000000,0.000000,0.000000,-8.380134,WAIT_USER_CONFIRM
4.030000,0.554499,-0.000000,0.264962,0.000000,0.000000,0.000000,-8.380134,WAIT_USER_CONFIRM
4.032000,0.554499,-0.000000,0.264962,0.000000,0.000000,0.000000,-8.380134,WAIT_USER_CONFIRM
4.034000,0.554499,-0.000000,0.264962,0.000000,0.000000,0.000000,-8.380134,WAIT_USER_CONFIRM
4.036000,0.554499,-0.000000,0.264962,0.000000,0.000000,0.000000,-8.380134,WAIT_USER_CONFIRM
4.038000,0.554499,-0.000000,0.264962,0.000000,0.000000,0.000000,-8.380134,WAIT_USER_CONFIRM
4.040000,0.554499,-0.000000,0.264962,0.000000,0.000000,0.000000,-8.380134,WAIT_USER_CONFIRM
4.042000,0.554499,-0.000000,0.264962,0.000000,0.000000,0.000000,-8.380134,WAIT_USER_CONFIRM
4.044000,0.554499,-0.000000,0.264962,0.000000,0.000000,0.000000,-8.380134,WAIT_USER_CONFIRM
4.046000,0.554499,-0.000000,0.264962,0.000000,0.000000,0.000000,-8.380134,WAIT_USER_CONFIRM
4.048000,0.554499,-0.000000,0.264962,0.000000,0.000000,0.000000,-8.380134,WAIT_USER_CONFIRM
4.050000,0.554499,-0.000000,0.264962,0.000000,0.000000,0.000000,-8.380134,WAIT_USER_CONFIRM
4.052000,0.554499,-0.000000,0.264962,0.000000,0.000000,0.000000,-8.380134,WAIT_USER_CONFIRM
4.054000,0.554499,-0.000000,0.264962,0.000000,0.000000,0.000000,-8.380134,WAIT_USER_CONFIRM
4.056000,0.554499,-0.000000,0.264962,0.000000,0.000000,0.000000,-8.380134,WAIT_USER_CONFIRM
4.058000,0.554499,-0.000000,0.264962,0.000000,0.000000,0.000000,-8.380134,WAIT_USER_CONFIRM
4.060000,0.554499,-0.000000,0.264962,0.000000,0.000000,0.000000,-8.380134,WAIT_USER_CONFIRM
4.062000,0.554499,-0.000000,0.264962,0.000000,0.000000,0.000000,-8.380134,WAIT_USER_CONFIRM
4.064000,0.554499,-0.000000,0.264962,0.000000,0.000000,0.000000,-8.380134,WAIT_USER_CONFIRM
4.066000,0.554499,-0.000000,0.264962,0.000000,0.000000,0.000000,-8.380134,WAIT_USER_CONFIRM
4.068000,0.554499,-0.000000,0.264962,0.000000,0.000000,0.000000,-8.380134,WAIT_USER_CONFIRM
4.070000,0.554499,-0.000000,0.264962,0.000000,0.000000,0.000000,-8.380134,WAIT_USER_CONFIRM
4.072000,0.554499,-0.000000,0.264962,0.000000,0.000000,0.000000,-8.380134,WAIT_USER_CONFIRM
4.074000,0.554499,-0.000000,0.264962,0.000000,0.000000,0.000000,-8.380134,WAIT_USER_CONFIRM
4.076000,0.554499,-0.000000,0.264962,0.000000,0.000000,0.000000,-8.380134,WAIT_USER_CONFIRM
4.078000,0.554499,-0.000000,0.264962,0.000000,0.000000,0.000000,-8.380134,WAIT_USER_CONFIRM
4.080000,0.554499,-0.000000,0.264962,0.000000,0.000000,0.000000,-8.380134,WAIT_USER_CONFIRM
4.082000,0.554499,-0.000000,0.264962,0.000000,0.000000,0.000000,-8.380134,WAIT_USER_CONFIRM
4.084000,0.554499,-0.000000,0.264962,0.000000,0.000000,0.000000,-8.380134,WAIT_USER_CONFIRM
4.086000,0.554499,-0.000000,0.264962,0.000000,0.000000,0.000000,-8.380134,WAIT_USER_CONFIRM
4.088000,0.554499,-0.000000,0.264962,0.000000,0.000000,0.000000,-8.380134,WAIT_USER_CONFIRM
4.090000,0.554499,-0.000000,0.264962,0.000000,0.000000,0.000000,-8.380134,WAIT_USER_CONFIRM
4.092000,0.554499,-0.000000,0.264962,0.000000,0.000000,0.000000,-8.380134,WAIT_USER_CONFIRM
4.094000,0.554499,-0.000000,0.264962,0.000000,0.000000,0.000000,-8.380134,WAIT_USER_CONFIRM
4.096000,0.554499,-0.000000,0.264962,0.000000,0.000000,0.000000,-8.380134,WAIT_USER_CONFIRM
4.098000,0.554499,-0.000000,0.264962,0.000000,0.000000,0.000000,-8.380134,WAIT_USER_CONFIRM
4.100000,0.554499,-0.000000,0.264962,0.000000,0.000000,0.000000,-8.380134,WAIT_USER_CONFIRM
4.102000,0.554499,-0.000000,0.264962,0.000000,0.000000,0.000000,-8.380134,WAIT_USER_CONFIRM
4.104000,0.554499,-0.000000,0.264962,0.000000,0.000000,0.000000,-8.380134,WAIT_USER_CONFIRM
4.106000,0.554499,-0.000000,0.264962,0.000000,0.000000,0.000000,-8.380134,WAIT_USER_CONFIRM
4.108000,0.554499,-0.000000,0.264962,0.000000,0.000000,0.000000,-8.380134,WAIT_USER_CONFIRM
4.110000,0.554499,-0.000000,0.264962,0.000000,0.000000,0.000000,-8.380134,WAIT_USER_CONFIRM
4.112000,0.554499,-0.000000,0.264962,0.000000,0.000000,0.000000,-8.380134,WAIT_USER_CONFIRM
4.114000,0.554499,-0.000000,0.264962,0.000000,0.000000,0.000000,-8.380134,WAIT_USER_CONFIRM
4.116000,0.554499,-0.000000,0.264962,0.000000,0.000000,0.000000,-8.380134,WAIT_USER_CONFIRM
4.118000,0.554499,-0.000000,0.264962,0.000000,0.000000,0.000000,-8.380134,WAIT_USER_CONFIRM
4.120000,0.554499,-0.000000,0.264962,0.000000,0.000000,0.000000,-8.380134,WAIT_USER_CONFIRM
4.122000,0.554499,-0.000000,0.264962,0.000000,0.000000,0.000000,-8.380134,WAIT_USER_CONFIRM
4.124000,0.554499,-0.000000,0.264962,0.000000,0.000000,0.000000,-8.380134,WAIT_USER_CONFIRM
4.126000,0.554499,-0.000000,0.264962,0.000000,0.000000,0.000000,-8.380134,WAIT_USER_CONFIRM
4.128000,0.554499,-0.000000,0.264962,0.000000,0.000000,0.000000,-8.380134,WAIT_USER_CONFIRM
4.130000,0.554499,-0.000000,0.264962,0.000000,0.000000,0.000000,-8.380134,WAIT_USER_CONFIRM
4.132000,0.554499,-0.000000,0.264962,0.000000,0.000000,0.000000,-8.380134,WAIT_USER_CONFIRM
4.134000,0.554499,-0.000000,0.264962,0.000000,0.000000,0.000000,-8.380134,WAIT_USER_CONFIRM
4.136000,0.554499,-0.000000,0.264962,0.000000,0.000000,0.000000,-8.380134,WAIT_USER_CONFIRM
4.138000,0.554499,-0.000000,0.264962,0.000000,0.000000,0.000000,-8.380134,WAIT_USER_CONFIRM
4.140000,0.554499,-0.000000,0.264962,0.000000,0.000000,0.000000,-8.380134,WAIT_USER_CONFIRM
4.142000,0.554499,-0.000000,0.264962,0.000000,0.000000,0.000000,-8.380134,WAIT_USER_CONFIRM
4.144000,0.554499,-0.000000,0.264962,0.000000,0.000000,0.000000,-8.380134,WAIT_USER_CONFIRM
4.146000,0.554499,-0.000000,0.264962,0.000000,0.000000,0.000000,-8.380134,WAIT_USER_CONFIRM
4.148000,0.554499,-0.000000,0.264962,0.000000,0.000000,0.000000,-8.380134,WAIT_USER_CONFIRM
4.150000,0.554499,-0.000000,0.264962,0.000000,0.000000,0.000000,-8.380134,WAIT_USER_CONFIRM
4.152000,0.554499,-0.000000,0.264962,0.000000,0.000000,0.000000,-8.380134,WAIT_USER_CONFIRM
4.154000,0.554499,-0.000000,0.264962,0.000000,0.000000,0.000000,-8.380134,WAIT_USER_CONFIRM
4.156000,0.554499,-0.000000,0.264962,0.000000,0.000000,0.000000,-8.380134,WAIT_USER_CONFIRM
4.158000,0.554499,-0.000000,0.264962,0.000000,0.000000,0.000000,-8.380134,WAIT_USER_CONFIRM
4.160000,0.554499,-0.000000,0.264962,0.000000,0.000000,0.000000,-8.380134,WAIT_USER_CONFIRM
4.162000,0.554499,-0.000000,0.264962,0.000000,0.000000,0.000000,-8.380134,WAIT_USER_CONFIRM
4.164000,0.554499,-0.000000,0.264962,0.000000,0.000000,0.000000,-8.380134,WAIT_USER_CONFIRM
4.166000,0.554499,-0.000000,0.264962,0.000000,0.000000,0.000000,-8.380134,WAIT_USER_CONFIRM
4.168000,0.554499,-0.000000,0.264962,0.000000,0.000000,0.000000,-8.380134,WAIT_USER_CONFIRM
4.170000,0.554499,-0.000000,0.264962,0.000000,0.000000,0.000000,-8.380134,WAIT_USER_CONFIRM
4.172000,0.554499,-0.000000,0.264962,0.000000,0.000000,0.000000,-8.380134,WAIT_USER_CONFIRM
4.174000,0.554499,-0.000000,0.264962,0.000000,0.000000,0.000000,-8.380134,WAIT_USER_CONFIRM
4.176000,0.554499,-0.000000,0.264962,0.000000,0.000000,0.000000,-8.380134,WAIT_USER_CONFIRM
4.178000,0.554499,-0.000000,0.264962,0.000000,0.000000,0.000000,-8.380134,WAIT_USER_CONFIRM
4.180000,0.554499,-0.000000,0.264962,0.000000,0.000000,0.000000,-8.380134,WAIT_USER_CONFIRM
4.182000,0.554499,-0.000000,0.264962,0.000000,0.000000,0.000000,-8.380134,WAIT_USER_CONFIRM
4.184000,0.554499,-0.000000,0.264962,0.000000,0.000000,0.000000,-8.380134,WAIT_USER_CONFIRM
4.186000,0.554499,-0.000000,0.264962,0.000000,0.000000,0.000000,-8.380134,WAIT_USER_CONFIRM
4.188000,0.554499,-0.000000,0.264962,0.000000,0.000000,0.000000,-8.380134,WAIT_USER_CONFIRM
4.190000,0.554499,-0.000000,0.264962,0.000000,0.000000,0.000000,-8.380134,WAIT_USER_CONFIRM
4.192000,0.554499,-0.000000,0.264962,0.000000,0.000000,0.000000,-8.380134,WAIT_USER_CONFIRM
4.194000,0.554499,-0.000000,0.264962,0.000000,0.000000,0.000000,-8.380134,WAIT_USER_CONFIRM
4.196000,0.554499,-0.000000,0.264962,0.000000,0.000000,0.000000,-8.380134,WAIT_USER_CONFIRM
4.198000,0.554499,-0.000000,0.264962,0.000000,0.000000,0.000000,-8.380134,WAIT_USER_CONFIRM
4.200000,0.554499,-0.000000,0.264962,0.000000,0.000000,0.000000,-8.380134,WAIT_USER_CONFIRM
4.202000,0.554499,-0.000000,0.264962,0.000000,0.000000,0.000000,-8.380134,WAIT_USER_CONFIRM
4.204000,0.554499,-0.000000,0.264962,0.000000,0.000000,0.000000,-8.380134,WAIT_USER_CONFIRM
4.206000,0.554499,-0.000000,0.264962,0.000000,0.000000,0.000000,-8.380134,WAIT_USER_CONFIRM
4.208000,0.554499,-0.000000,0.264962,0.000000,0.000000,0.000000,-8.380134,WAIT_USER_CONFIRM
4.210000,0.554499,-0.000000,0.264962,0.000000,0.000000,0.000000,-8.380134,WAIT_USER_CONFIRM
4.212000,0.554499,-0.000000,0.264962,0.000000,0.000000,0.000000,-8.380134,WAIT_USER_CONFIRM
4.214000,0.554499,-0.000000,0.264962,0.000000,0.000000,0.000000,-8.380134,WAIT_USER_CONFIRM
4.216000,0.554499,-0.000000,0.264962,0.000000,0.000000,0.000000,-8.380134,WAIT_USER_CONFIRM
4.218000,0.554499,-0.000000,0.264962,0.000000,0.000000,0.000000,-8.380134,WAIT_USER_CONFIRM
4.220000,0.554499,-0.000000,0.264962,0.000000,0.000000,0.000000,-8.380134,WAIT_USER_CONFIRM
4.222000,0.554499,-0.000000,0.264962,0.000000,0.000000,0.000000,-8.380134,WAIT_USER_CONFIRM
4.224000,0.554499,-0.000000,0.264962,0.000000,0.000000,0.000000,-8.380134,WAIT_USER_CONFIRM
4.226000,0.554499,-0.000000,0.264962,0.000000,0.000000,0.000000,-8.380134,WAIT_USER_CONFIRM
4.228000,0.554499,-0.000000,0.264962,0.000000,0.000000,0.000000,-8.380134,WAIT_USER_CONFIRM
4.230000,0.554499,-0.000000,0.264962,0.000000,0.000000,0.000000,-8.380134,WAIT_USER_CONFIRM
4.232000,0.554499,-0.000000,0.264962,0.000000,0.000000,0.000000,-8.380134,WAIT_USER_CONFIRM
4.234000,0.554499,-0.000000,0.264962,0.000000,0.000000,0.000000,-8.380134,WAIT_USER_CONFIRM
4.236000,0.554499,-0.000000,0.264962,0.000000,0.000000,0.000000,-8.380134,WAIT_USER_CONFIRM
4.238000,0.554499,-0.000000,0.264962,0.000000,0.000000,0.000000,-8.380134,WAIT_USER_CONFIRM
4.240000,0.554499,-0.000000,0.264962,0.000000,0.000000,0.000000,-8.380134,WAIT_USER_CONFIRM
4.242000,0.554499,-0.000000,0.264962,0.000000,0.000000,0.000000,-8.380134,WAIT_USER_CONFIRM
4.244000,0.554499,-0.000000,0.264962,0.000000,0.000000,0.000000,-8.380134,WAIT_USER_CONFIRM
4.246000,0.554499,-0.000000,0.264962,0.000000,0.000000,0.000000,-8.380134,WAIT_USER_CONFIRM
4.248000,0.554499,-0.000000,0.264962,0.000000,0.000000,0.000000,-8.380134,WAIT_USER_CONFIRM
4.250000,0.554499,-0.000000,0.264962,0.000000,0.000000,0.000000,-8.380134,WAIT_USER_CONFIRM
4.252000,0.554499,-0.000000,0.264962,0.000000,0.000000,0.000000,-8.380134,WAIT_USER_CONFIRM
4.254000,0.554499,-0.000000,0.264962,0.000000,0.000000,0.000000,-8.380134,WAIT_USER_CONFIRM
4.256000,0.554499,-0.000000,0.264962,0.000000,0.000000,0.000000,-8.380134,WAIT_USER_CONFIRM
4.258000,0.554499,-0.000000,0.264962,0.000000,0.000000,0.000000,-8.380134,WAIT_USER_CONFIRM
4.260000,0.554499,-0.000000,0.264962,0.000000,0.000000,0.000000,-8.380134,WAIT_USER_CONFIRM
4.262000,0.554499,-0.000000,0.264962,0.000000,0.000000,0.000000,-8.380134,WAIT_USER_CONFIRM
4.264000,0.554499,-0.000000,0.264962,0.000000,0.000000,0.000000,-8.380134,WAIT_USER_CONFIRM
4.266000,0.554499,-0.000000,0.264962,0.000000,0.000000,0.000000,-8.380134,WAIT_USER_CONFIRM
4.268000,0.554499,-0.000000,0.264962,0.000000,0.000000,0.000000,-8.380134,WAIT_USER_CONFIRM
4.270000,0.554499,-0.000000,0.264962,0.000000,0.000000,0.000000,-8.380134,WAIT_USER_CONFIRM
4.272000,0.554499,-0.000000,0.264962,0.000000,0.000000,0.000000,-8.380134,WAIT_USER_CONFIRM
4.274000,0.554499,-0.000000,0.264962,0.000000,0.000000,0.000000,-8.380134,WAIT_USER_CONFIRM
4.276000,0.554499,-0.000000,0.264962,0.000000,0.000000,0.000000,-8.380134,WAIT_USER_CONFIRM
4.278000,0.554499,-0.000000,0.264962,0.000000,0.000000,0.000000,-8.380134,WAIT_USER_CONFIRM
4.280000,0.554499,-0.000000,0.264962,0.000000,0.000000,0.000000,-8.380134,WAIT_USER_CONFIRM
4.282000,0.554499,-0.000000,0.264962,0.000000,0.000000,0.000000,-8.380134,WAIT_USER_CONFIRM
4.284000,0.554499,-0.000000,0.264962,0.000000,0.000000,0.000000,-8.380134,WAIT_USER_CONFIRM
4.286000,0.554499,-0.000000,0.264962,0.000000,0.000000,0.000000,-8.380134,WAIT_USER_CONFIRM
4.288000,0.554499,-0.000000,0.264962,0.000000,0.000000,0.000000,-8.380134,WAIT_USER_CONFIRM
4.290000,0.554499,-0.000000,0.264962,0.000000,0.000000,0.000000,-8.380134,WAIT_USER_CONFIRM
4.292000,0.554499,-0.000000,0.264962,0.000000,0.000000,0.000000,-8.380134,WAIT_USER_CONFIRM
4.294000,0.554499,-0.000000,0.264962,0.000000,0.000000,0.000000,-8.380134,WAIT_USER_CONFIRM
4.296000,0.554499,-0.000000,0.264962,0.000000,0.000000,0.000000,-8.380134,WAIT_USER_CONFIRM
4.298000,0.554499,-0.000000,0.264962,0.000000,0.000000,0.000000,-8.380134,WAIT_USER_CONFIRM
4.300000,0.554499,-0.000000,0.264962,0.000000,0.000000,0.000000,-8.380134,WAIT_USER_CONFIRM
4.302000,0.554499,-0.000000,0.264962,0.000000,0.000000,0.000000,-8.380134,WAIT_USER_CONFIRM
4.304000,0.554499,-0.000000,0.264962,0.000000,0.000000,0.000000,-8.380134,WAIT_USER_CONFIRM
4.306000,0.554499,-0.000000,0.264962,0.000000,0.000000,0.000000,-8.380134,WAIT_USER_CONFIRM
4.308000,0.554499,-0.000000,0.264962,0.000000,0.000000,0.000000,-8.380134,WAIT_USER_CONFIRM
4.310000,0.554499,-0.000000,0.264962,0.000000,0.000000,0.000000,-8.380134,WAIT_USER_CONFIRM
4.312000,0.554499,-0.000000,0.264962,0.000000,0.000000,0.000000,-8.380134,WAIT_USER_CONFIRM
4.314000,0.554499,-0.000000,0.264962,0.000000,0.000000,0.000000,-8.380134,WAIT_USER_CONFIRM
4.316000,0.554499,-0.000000,0.264962,0.000000,0.000000,0.000000,-8.380134,WAIT_USER_CONFIRM
4.318000,0.554499,-0.000000,0.264962,0.000000,0.000000,0.000000,-8.380134,WAIT_USER_CONFIRM
4.320000,0.554499,-0.000000,0.264962,0.000000,0.000000,0.000000,-8.380134,WAIT_USER_CONFIRM
4.322000,0.554499,-0.000000,0.264962,0.000000,0.000000,0.000000,-8.380134,WAIT_USER_CONFIRM
4.324000,0.554499,-0.000000,0.264962,0.000000,0.000000,0.000000,-8.380134,WAIT_USER_CONFIRM
4.326000,0.554499,-0.000000,0.264962,0.000000,0.000000,0.000000,-8.380134,WAIT_USER_CONFIRM
4.328000,0.554499,-0.000000,0.264962,0.000000,0.000000,0.000000,-8.380134,WAIT_USER_CONFIRM
4.330000,0.554499,-0.000000,0.264962,0.000000,0.000000,0.000000,-8.380134,WAIT_USER_CONFIRM
4.332000,0.554499,-0.000000,0.264962,0.000000,0.000000,0.000000,-8.380134,WAIT_USER_CONFIRM
4.334000,0.554499,-0.000000,0.264962,0.000000,0.000000,0.000000,-8.380134,WAIT_USER_CONFIRM
4.336000,0.554499,-0.000000,0.264962,0.000000,0.000000,0.000000,-8.380134,WAIT_USER_CONFIRM
4.338000,0.554499,-0.000000,0.264962,0.000000,0.000000,0.000000,-8.380134,WAIT_USER_CONFIRM
4.340000,0.554499,-0.000000,0.264962,0.000000,0.000000,0.000000,-8.380134,WAIT_USER_CONFIRM
4.342000,0.554499,-0.000000,0.264962,0.000000,0.000000,0.000000,-8.380134,WAIT_USER_CONFIRM
4.344000,0.554499,-0.000000,0.264962,0.000000,0.000000,0.000000,-8.380134,WAIT_USER_CONFIRM
4.346000,0.554499,-0.000000,0.264962,0.000000,0.000000,0.000000,-8.380134,WAIT_USER_CONFIRM
4.348000,0.554499,-0.000000,0.264962,0.000000,0.000000,0.000000,-8.380134,WAIT_USER_CONFIRM
4.350000,0.554499,-0.000000,0.264962,0.000000,0.000000,0.000000,-8.380134,WAIT_USER_CONFIRM
4.352000,0.554499,-0.000000,0.264962,0.000000,0.000000,0.000000,-8.380134,WAIT_USER_CONFIRM
4.354000,0.554499,-0.000000,0.264962,0.000000,0.000000,0.000000,-8.380134,WAIT_USER_CONFIRM
4.356000,0.554499,-0.000000,0.264962,0.000000,0.000000,0.000000,-8.380134,WAIT_USER_CONFIRM
4.358000,0.554499,-0.000000,0.264962,0.000000,0.000000,0.000000,-8.380134,WAIT_USER_CONFIRM
4.360000,0.554499,-0.000000,0.264962,0.000000,0.000000,0.000000,-8.380134,WAIT_USER_CONFIRM
4.362000,0.554499,-0.000000,0.264962,0.000000,0.000000,0.000000,-8.380134,WAIT_USER_CONFIRM
4.364000,0.554499,-0.000000,0.264962,0.000000,0.000000,0.000000,-8.380134,WAIT_USER_CONFIRM
4.366000,0.554499,-0.000000,0.264962,0.000000,0.000000,0.000000,-8.380134,WAIT_USER_CONFIRM
4.368000,0.554499,-0.000000,0.264962,0.000000,0.000000,0.000000,-8.380134,WAIT_USER_CONFIRM
4.370000,0.554499,-0.000000,0.264962,0.000000,0.000000,0.000000,-8.380134,WAIT_USER_CONFIRM
4.372000,0.554499,-0.000000,0.264962,0.000000,0.000000,0.000000,-8.380134,WAIT_USER_CONFIRM
4.374000,0.554499,-0.000000,0.264962,0.000000,0.000000,0.000000,-8.380134,WAIT_USER_CONFIRM
4.376000,0.554499,-0.000000,0.264962,0.000000,0.000000,0.000000,-8.380134,WAIT_USER_CONFIRM
4.378000,0.554499,-0.000000,0.264962,0.000000,0.000000,0.000000,-8.380134,WAIT_USER_CONFIRM
4.380000,0.554499,-0.000000,0.264962,0.000000,0.000000,0.000000,-8.380134,WAIT_USER_CONFIRM
4.382000,0.554499,-0.000000,0.264962,0.000000,0.000000,0.000000,-8.380134,WAIT_USER_CONFIRM
4.384000,0.554499,-0.000000,0.264962,0.000000,0.000000,0.000000,-8.380134,WAIT_USER_CONFIRM
4.386000,0.554499,-0.000000,0.264962,0.000000,0.000000,0.000000,-8.380134,WAIT_USER_CONFIRM
4.388000,0.554499,-0.000000,0.264962,0.000000,0.000000,0.000000,-8.380134,WAIT_USER_CONFIRM
4.390000,0.554499,-0.000000,0.264962,0.000000,0.000000,0.000000,-8.380134,WAIT_USER_CONFIRM
4.392000,0.554499,-0.000000,0.264962,0.000000,0.000000,0.000000,-8.380134,WAIT_USER_CONFIRM
4.394000,0.554499,-0.000000,0.264962,0.000000,0.000000,0.000000,-8.380134,WAIT_USER_CONFIRM
4.396000,0.554499,-0.000000,0.264962,0.000000,0.000000,0.000000,-8.380134,WAIT_USER_CONFIRM
4.398000,0.554499,-0.000000,0.264962,0.000000,0.000000,0.000000,-8.380134,WAIT_USER_CONFIRM
4.400000,0.554499,-0.000000,0.264962,0.000000,0.000000,0.000000,-8.380134,WAIT_USER_CONFIRM
4.402000,0.554499,-0.000000,0.264962,0.000000,0.000000,0.000000,-8.380134,WAIT_USER_CONFIRM
4.404000,0.554499,-0.000000,0.264962,0.000000,0.000000,0.000000,-8.380134,WAIT_USER_CONFIRM
4.406000,0.554499,-0.000000,0.264962,0.000000,0.000000,0.000000,-8.380134,WAIT_USER_CONFIRM
4.408000,0.554499,-0.000000,0.264962,0.000000,0.000000,0.000000,-8.380134,WAIT_USER_CONFIRM
4.410000,0.554499,-0.000000,0.264962,0.000000,0.000000,0.000000,-8.380134,WAIT_USER_CONFIRM
4.412000,0.554499,-0.000000,0.264962,0.000000,0.000000,0.000000,-8.380134,WAIT_USER_CONFIRM
4.414000,0.554499,-0.000000,0.264962,0.000000,0.000000,0.000000,-8.380134,WAIT_USER_CONFIRM
4.416000,0.554499,-0.000000,0.264962,0.000000,0.000000,0.000000,-8.380134,WAIT_USER_CONFIRM
4.418000,0.554499,-0.000000,0.264962,0.000000,0.000000,0.000000,-8.380134,WAIT_USER_CONFIRM
4.420000,0.554499,-0.000000,0.264962,0.000000,0.000000,0.000000,-8.380134,WAIT_USER_CONFIRM
4.422000,0.554499,-0.000000,0.264962,0.000000,0.000000,0.000000,-8.380134,WAIT_USER_CONFIRM
4.424000,0.554499,-0.000000,0.264962,0.000000,0.000000,0.000000,-8.380134,WAIT_USER_CONFIRM
4.426000,0.554499,-0.000000,0.264962,0.000000,0.000000,0.000000,-8.380134,WAIT_USER_CONFIRM
4.428000,0.554499,-0.000000,0.264962,0.000000,0.000000,0.000000,-8.380134,WAIT_USER_CONFIRM
4.430000,0.554499,-0.000000,0.264962,0.000000,0.000000,0.000000,-8.380134,WAIT_USER_CONFIRM
4.432000,0.554499,-0.000000,0.264962,0.000000,0.000000,0.000000,-8.380134,WAIT_USER_CONFIRM
4.434000,0.554499,-0.000000,0.264962,0.000000,0.000000,0.000000,-8.380134,WAIT_USER_CONFIRM
4.436000,0.554499,-0.000000,0.264962,0.000000,0.000000,0.000000,-8.380134,WAIT_USER_CONFIRM
4.438000,0.554499,-0.000000,0.264962,0.000000,0.000000,0.000000,-8.380134,WAIT_USER_CONFIRM
4.440000,0.554499,-0.000000,0.264962,0.000000,0.000000,0.000000,-8.380134,WAIT_USER_CONFIRM
4.442000,0.554499,-0.000000,0.264962,0.000000,0.000000,0.000000,-8.380134,WAIT_USER_CONFIRM
4.444000,0.554499,-0.000000,0.264962,0.000000,0.000000,0.000000,-8.380134,WAIT_USER_CONFIRM
4.446000,0.554499,-0.000000,0.264962,0.000000,0.000000,0.000000,-8.380134,WAIT_USER_CONFIRM
4.448000,0.554499,-0.000000,0.264962,0.000000,0.000000,0.000000,-8.380134,WAIT_USER_CONFIRM
4.450000,0.554499,-0.000000,0.264962,0.000000,0.000000,0.000000,-8.380134,WAIT_USER_CONFIRM
4.452000,0.554499,-0.000000,0.264962,0.000000,0.000000,0.000000,-8.380134,WAIT_USER_CONFIRM
4.454000,0.554499,-0.000000,0.264962,0.000000,0.000000,0.000000,-8.380134,WAIT_USER_CONFIRM
4.456000,0.554499,-0.000000,0.264962,0.000000,0.000000,0.000000,-8.380134,WAIT_USER_CONFIRM
4.458000,0.554499,-0.000000,0.264962,0.000000,0.000000,0.000000,-8.380134,WAIT_USER_CONFIRM
4.460000,0.554499,-0.000000,0.264962,0.000000,0.000000,0.000000,-8.380134,WAIT_USER_CONFIRM
4.462000,0.554499,-0.000000,0.264962,0.000000,0.000000,0.000000,-8.380134,WAIT_USER_CONFIRM
4.464000,0.554499,-0.000000,0.264962,0.000000,0.000000,0.000000,-8.380134,WAIT_USER_CONFIRM
4.466000,0.554499,-0.000000,0.264962,0.000000,0.000000,0.000000,-8.380134,WAIT_USER_CONFIRM
4.468000,0.554499,-0.000000,0.264962,0.000000,0.000000,0.000000,-8.380134,WAIT_USER_CONFIRM
4.470000,0.554499,-0.000000,0.264962,0.000000,0.000000,0.000000,-8.380134,WAIT_USER_CONFIRM
4.472000,0.554499,-0.000000,0.264962,0.000000,0.000000,0.000000,-8.380134,WAIT_USER_CONFIRM
4.474000,0.554499,-0.000000,0.264962,0.000000,0.000000,0.000000,-8.380134,WAIT_USER_CONFIRM
4.476000,0.554499,-0.000000,0.264962,0.000000,0.000000,0.000000,-8.380134,WAIT_USER_CONFIRM
4.478000,0.554499,-0.000000,0.264962,0.000000,0.000000,0.000000,-8.380134,WAIT_USER_CONFIRM
4.480000,0.554499,-0.000000,0.264962,0.000000,0.000000,0.000000,-8.380134,WAIT_USER_CONFIRM
4.482000,0.554499,-0.000000,0.264962,0.000000,0.000000,0.000000,-8.380134,WAIT_USER_CONFIRM
4.484000,0.554499,-0.000000,0.264962,0.000000,0.000000,0.000000,-8.380134,WAIT_USER_CONFIRM
4.486000,0.554499,-0.000000,0.264962,0.000000,0.000000,0.000000,-8.380134,WAIT_USER_CONFIRM
4.488000,0.554499,-0.000000,0.264962,0.000000,0.000000,0.000000,-8.380134,WAIT_USER_CONFIRM
4.490000,0.554499,-0.000000,0.264962,0.000000,0.000000,0.000000,-8.380134,WAIT_USER_CONFIRM
4.492000,0.554499,-0.000000,0.264962,0.000000,0.000000,0.000000,-8.380134,WAIT_USER_CONFIRM
4.494000,0.554499,-0.000000,0.264962,0.000000,0.000000,0.000000,-8.380134,WAIT_USER_CONFIRM
4.496000,0.554499,-0.000000,0.264962,0.000000,0.000000,0.000000,-8.380134,WAIT_USER_CONFIRM
4.498000,0.554499,-0.000000,0.264962,0.000000,0.000000,0.000000,-8.380134,WAIT_USER_CONFIRM
4.500000,0.554499,-0.000000,0.264962,0.000000,0.000000,0.000000,-8.380134,WAIT_USER_CONFIRM
4.502000,0.554499,-0.000000,0.264962,0.000000,0.000000,0.000000,-8.380134,WAIT_USER_CONFIRM
4.504000,0.554499,-0.000000,0.264962,0.000000,0.000000,0.000000,-8.380134,WAIT_USER_CONFIRM
4.506000,0.554499,-0.000000,0.264962,0.000000,0.000000,0.000000,-8.380134,WAIT_USER_CONFIRM
4.508000,0.554499,-0.000000,0.264962,0.000000,0.000000,0.000000,-8.380134,WAIT_USER_CONFIRM
4.510000,0.554499,-0.000000,0.264962,0.000000,0.000000,0.000000,-8.380134,WAIT_USER_CONFIRM
4.512000,0.554499,-0.000000,0.264962,0.000000,0.000000,0.000000,-8.380134,WAIT_USER_CONFIRM
4.514000,0.554499,-0.000000,0.264962,0.000000,0.000000,0.000000,-8.380134,WAIT_USER_CONFIRM
4.516000,0.554499,-0.000000,0.264962,0.000000,0.000000,0.000000,-8.380134,WAIT_USER_CONFIRM
4.518000,0.554499,-0.000000,0.264962,0.000000,0.000000,0.000000,-8.380134,WAIT_USER_CONFIRM
4.520000,0.554499,-0.000000,0.264962,0.000000,0.000000,0.000000,-8.380134,WAIT_USER_CONFIRM
4.522000,0.554499,-0.000000,0.264962,0.000000,0.000000,0.000000,-8.380134,WAIT_USER_CONFIRM
4.524000,0.554499,-0.000000,0.264962,0.000000,0.000000,0.000000,-8.380134,WAIT_USER_CONFIRM
4.526000,0.554499,-0.000000,0.264962,0.000000,0.000000,0.000000,-8.380134,WAIT_USER_CONFIRM
4.528000,0.554499,-0.000000,0.264962,0.000000,0.000000,0.000000,-8.380134,WAIT_USER_CONFIRM
4.530000,0.554499,-0.000000,0.264962,0.000000,0.000000,0.000000,-8.380134,WAIT_USER_CONFIRM
4.532000,0.554499,-0.000000,0.264962,0.000000,0.000000,0.000000,-8.380134,WAIT_USER_CONFIRM
4.534000,0.554499,-0.000000,0.264962,0.000000,0.000000,0.000000,-8.380134,WAIT_USER_CONFIRM
4.536000,0.554499,-0.000000,0.264962,0.000000,0.000000,0.000000,-8.380134,WAIT_USER_CONFIRM
4.538000,0.554499,-0.000000,0.264962,0.000000,0.000000,0.000000,-8.380134,WAIT_USER_CONFIRM
4.540000,0.554499,-0.000000,0.264962,0.000000,0.000000,0.000000,-8.380134,WAIT_USER_CONFIRM
4.542000,0.554499,-0.000000,0.264962,0.000000,0.000000,0.000000,-8.380134,WAIT_USER_CONFIRM
4.544000,0.554499,-0.000000,0.264962,0.000000,0.000000,0.000000,-8.380134,WAIT_USER_CONFIRM
4.546000,0.554499,-0.000000,0.264962,0.000000,0.000000,0.000000,-8.380134,WAIT_USER_CONFIRM
4.548000,0.554499,-0.000000,0.264962,0.000000,0.000000,0.000000,-8.380134,WAIT_USER_CONFIRM
4.550000,0.554499,-0.000000,0.264962,0.000000,0.000000,0.000000,-8.380134,WAIT_USER_CONFIRM
4.552000,0.554499,-0.000000,0.264962,0.000000,0.000000,0.000000,-8.380134,WAIT_USER_CONFIRM
4.554000,0.554499,-0.000000,0.264962,0.000000,0.000000,0.000000,-8.380134,WAIT_USER_CONFIRM
4.556000,0.554499,-0.000000,0.264962,0.000000,0.000000,0.000000,-8.380134,WAIT_USER_CONFIRM
4.558000,0.554499,-0.000000,0.264962,0.000000,0.000000,0.000000,-8.380134,WAIT_USER_CONFIRM
4.560000,0.554499,-0.000000,0.264962,0.000000,0.000000,0.000000,-8.380134,WAIT_USER_CONFIRM
4.562000,0.554499,-0.000000,0.264962,0.000000,0.000000,0.000000,-8.380134,WAIT_USER_CONFIRM
4.564000,0.554499,-0.000000,0.264962,0.000000,0.000000,0.000000,-8.380134,WAIT_USER_CONFIRM
4.566000,0.554499,-0.000000,0.264962,0.000000,0.000000,0.000000,-8.380134,WAIT_USER_CONFIRM
4.568000,0.554499,-0.000000,0.264962,0.000000,0.000000,0.000000,-8.380134,WAIT_USER_CONFIRM
4.570000,0.554499,-0.000000,0.264962,0.000000,0.000000,0.000000,-8.380134,WAIT_USER_CONFIRM
4.572000,0.554499,-0.000000,0.264962,0.000000,0.000000,0.000000,-8.380134,WAIT_USER_CONFIRM
4.574000,0.554499,-0.000000,0.264962,0.000000,0.000000,0.000000,-8.380134,WAIT_USER_CONFIRM
4.576000,0.554499,-0.000000,0.264962,0.000000,0.000000,0.000000,-8.380134,WAIT_USER_CONFIRM
4.578000,0.554499,-0.000000,0.264962,0.000000,0.000000,0.000000,-8.380134,WAIT_USER_CONFIRM
4.580000,0.554499,-0.000000,0.264962,0.000000,0.000000,0.000000,-8.380134,WAIT_USER_CONFIRM
4.582000,0.554499,-0.000000,0.264962,0.000000,0.000000,0.000000,-8.380134,WAIT_USER_CONFIRM
4.584000,0.554499,-0.000000,0.264962,0.000000,0.000000,0.000000,-8.380134,WAIT_USER_CONFIRM
4.586000,0.554499,-0.000000,0.264962,0.000000,0.000000,0.000000,-8.380134,WAIT_USER_CONFIRM
4.588000,0.554499,-0.000000,0.264962,0.000000,0.000000,0.000000,-8.380134,WAIT_USER_CONFIRM
4.590000,0.554499,-0.000000,0.264962,0.000000,0.000000,0.000000,-8.380134,WAIT_USER_CONFIRM
4.592000,0.554499,-0.000000,0.264962,0.000000,0.000000,0.000000,-8.380134,WAIT_USER_CONFIRM
4.594000,0.554499,-0.000000,0.264962,0.000000,0.000000,0.000000,-8.380134,WAIT_USER_CONFIRM
4.596000,0.554499,-0.000000,0.264962,0.000000,0.000000,0.000000,-8.380134,WAIT_USER_CONFIRM
4.598000,0.554499,-0.000000,0.264962,0.000000,0.000000,0.000000,-8.380134,WAIT_USER_CONFIRM
4.600000,0.554499,-0.000000,0.264962,0.000000,0.000000,0.000000,-8.380134,WAIT_USER_CONFIRM
4.602000,0.554499,-0.000000,0.264962,0.000000,0.000000,0.000000,-8.380134,WAIT_USER_CONFIRM
4.604000,0.554499,-0.000000,0.264962,0.000000,0.000000,0.000000,-8.380134,WAIT_USER_CONFIRM
4.606000,0.554499,-0.000000,0.264962,0.000000,0.000000,0.000000,-8.380134,WAIT_USER_CONFIRM
4.608000,0.554499,-0.000000,0.264962,0.000000,0.000000,0.000000,-8.380134,WAIT_USER_CONFIRM
4.610000,0.554499,-0.000000,0.264962,0.000000,0.000000,0.000000,-8.380134,WAIT_USER_CONFIRM
4.612000,0.554499,-0.000000,0.264962,0.000000,0.000000,0.000000,-8.380134,WAIT_USER_CONFIRM
4.614000,0.554499,-0.000000,0.264962,0.000000,0.000000,0.000000,-8.380134,WAIT_USER_CONFIRM
4.616000,0.554499,-0.000000,0.264962,0.000000,0.000000,0.000000,-8.380134,WAIT_USER_CONFIRM
4.618000,0.554499,-0.000000,0.264962,0.000000,0.000000,0.000000,-8.380134,WAIT_USER_CONFIRM
4.620000,0.554499,-0.000000,0.264962,0.000000,0.000000,0.000000,-8.380134,WAIT_USER_CONFIRM
4.622000,0.554499,-0.000000,0.264962,0.000000,0.000000,0.000000,-8.380134,WAIT_USER_CONFIRM
4.624000,0.554499,-0.000000,0.264962,0.000000,0.000000,0.000000,-8.380134,WAIT_USER_CONFIRM
4.626000,0.554499,-0.000000,0.264962,0.000000,0.000000,0.000000,-8.380134,WAIT_USER_CONFIRM
4.628000,0.554499,-0.000000,0.264962,0.000000,0.000000,0.000000,-8.380134,WAIT_USER_CONFIRM
4.630000,0.554499,-0.000000,0.264962,0.000000,0.000000,0.000000,-8.380134,WAIT_USER_CONFIRM
4.632000,0.554499,-0.000000,0.264962,0.000000,0.000000,0.000000,-8.380134,WAIT_USER_CONFIRM
4.634000,0.554499,-0.000000,0.264962,0.000000,0.000000,0.000000,-8.380134,WAIT_USER_CONFIRM
4.636000,0.554499,-0.000000,0.264962,0.000000,0.000000,0.000000,-8.380134,WAIT_USER_CONFIRM
4.638000,0.554499,-0.000000,0.264962,0.000000,0.000000,0.000000,-8.380134,WAIT_USER_CONFIRM
4.640000,0.554499,-0.000000,0.264962,0.000000,0.000000,0.000000,-8.380134,WAIT_USER_CONFIRM
4.642000,0.554499,-0.000000,0.264962,0.000000,0.000000,0.000000,-8.380134,WAIT_USER_CONFIRM
4.644000,0.554499,-0.000000,0.264962,0.000000,0.000000,0.000000,-8.380134,WAIT_USER_CONFIRM
4.646000,0.554499,-0.000000,0.264962,0.000000,0.000000,0.000000,-8.380134,WAIT_USER_CONFIRM
4.648000,0.554499,-0.000000,0.264962,0.000000,0.000000,0.000000,-8.380134,WAIT_USER_CONFIRM
4.650000,0.554499,-0.000000,0.264962,0.000000,0.000000,0.000000,-8.380134,WAIT_USER_CONFIRM
4.652000,0.554499,-0.000000,0.264962,0.000000,0.000000,0.000000,-8.380134,WAIT_USER_CONFIRM
4.654000,0.554499,-0.000000,0.264962,0.000000,0.000000,0.000000,-8.380134,WAIT_USER_CONFIRM
4.656000,0.554499,-0.000000,0.264962,0.000000,0.000000,0.000000,-8.380134,WAIT_USER_CONFIRM
4.658000,0.554499,-0.000000,0.264962,0.000000,0.000000,0.000000,-8.380134,WAIT_USER_CONFIRM
4.660000,0.554499,-0.000000,0.264962,0.000000,0.000000,0.000000,-8.380134,WAIT_USER_CONFIRM
4.662000,0.554499,-0.000000,0.264962,0.000000,0.000000,0.000000,-8.380134,WAIT_USER_CONFIRM
4.664000,0.554499,-0.000000,0.264962,0.000000,0.000000,0.000000,-8.380134,WAIT_USER_CONFIRM
4.666000,0.554499,-0.000000,0.264962,0.000000,0.000000,0.000000,-8.380134,WAIT_USER_CONFIRM
4.668000,0.554499,-0.000000,0.264962,0.000000,0.000000,0.000000,-8.380134,WAIT_USER_CONFIRM
4.670000,0.554499,-0.000000,0.264962,0.000000,0.000000,0.000000,-8.380134,WAIT_USER_CONFIRM
4.672000,0.554499,-0.000000,0.264962,0.000000,0.000000,0.000000,-8.380134,WAIT_USER_CONFIRM
4.674000,0.554499,-0.000000,0.264962,0.000000,0.000000,0.000000,-8.380134,WAIT_USER_CONFIRM
4.676000,0.554499,-0.000000,0.264962,0.000000,0.000000,0.000000,-8.380134,WAIT_USER_CONFIRM
4.678000,0.554499,-0.000000,0.264962,0.000000,0.000000,0.000000,-8.380134,WAIT_USER_CONFIRM
4.680000,0.554499,-0.000000,0.264962,0.000000,0.000000,0.000000,-8.380134,WAIT_USER_CONFIRM
4.682000,0.554499,-0.000000,0.264962,0.000000,0.000000,0.000000,-8.380134,WAIT_USER_CONFIRM
4.684000,0.554499,-0.000000,0.264962,0.000000,0.000000,0.000000,-8.380134,WAIT_USER_CONFIRM
4.686000,0.554499,-0.000000,0.264962,0.000000,0.000000,0.000000,-8.380134,WAIT_USER_CONFIRM
4.688000,0.554499,-0.000000,0.264962,0.000000,0.000000,0.000000,-8.380134,WAIT_USER_CONFIRM
4.690000,0.554499,-0.000000,0.264962,0.000000,0.000000,0.000000,-8.380134,WAIT_USER_CONFIRM
4.692000,0.554499,-0.000000,0.264962,0.000000,0.000000,0.000000,-8.380134,WAIT_USER_CONFIRM
4.694000,0.554499,-0.000000,0.264962,0.000000,0.000000,0.000000,-8.380134,WAIT_USER_CONFIRM
4.696000,0.554499,-0.000000,0.264962,0.000000,0.000000,0.000000,-8.380134,WAIT_USER_CONFIRM
4.698000,0.554499,-0.000000,0.264962,0.000000,0.000000,0.000000,-8.380134,WAIT_USER_CONFIRM
4.700000,0.554499,-0.000000,0.264962,0.000000,0.000000,0.000000,-8.380134,WAIT_USER_CONFIRM
4.702000,0.554499,-0.000000,0.264962,0.000000,0.000000,0.000000,-8.380134,WAIT_USER_CONFIRM
4.704000,0.554499,-0.000000,0.264962,0.000000,0.000000,0.000000,-8.380134,WAIT_USER_CONFIRM
4.706000,0.554499,-0.000000,0.264962,0.000000,0.000000,0.000000,-8.380134,WAIT_USER_CONFIRM
4.708000,0.554499,-0.000000,0.264962,0.000000,0.000000,0.000000,-8.380134,WAIT_USER_CONFIRM
4.710000,0.554499,-0.000000,0.264962,0.000000,0.000000,0.000000,-8.380134,WAIT_USER_CONFIRM
4.712000,0.554499,-0.000000,0.264962,0.000000,0.000000,0.000000,-8.380134,WAIT_USER_CONFIRM
4.714000,0.554499,-0.000000,0.264962,0.000000,0.000000,0.000000,-8.380134,WAIT_USER_CONFIRM
4.716000,0.554499,-0.000000,0.264962,0.000000,0.000000,0.000000,-8.380134,WAIT_USER_CONFIRM
4.718000,0.554499,-0.000000,0.264962,0.000000,0.000000,0.000000,-8.380134,WAIT_USER_CONFIRM
4.720000,0.554499,-0.000000,0.264962,0.000000,0.000000,0.000000,-8.380134,WAIT_USER_CONFIRM
4.722000,0.554499,-0.000000,0.264962,0.000000,0.000000,0.000000,-8.380134,WAIT_USER_CONFIRM
4.724000,0.554499,-0.000000,0.264962,0.000000,0.000000,0.000000,-8.380134,WAIT_USER_CONFIRM
4.726000,0.554499,-0.000000,0.264962,0.000000,0.000000,0.000000,-8.380134,WAIT_USER_CONFIRM
4.728000,0.554499,-0.000000,0.264962,0.000000,0.000000,0.000000,-8.380134,WAIT_USER_CONFIRM
4.730000,0.554499,-0.000000,0.264962,0.000000,0.000000,0.000000,-8.380134,WAIT_USER_CONFIRM
4.732000,0.554499,-0.000000,0.264962,0.000000,0.000000,0.000000,-8.380134,WAIT_USER_CONFIRM
4.734000,0.554499,-0.000000,0.264962,0.000000,0.000000,0.000000,-8.380134,WAIT_USER_CONFIRM
4.736000,0.554499,-0.000000,0.264962,0.000000,0.000000,0.000000,-8.380134,WAIT_USER_CONFIRM
4.738000,0.554499,-0.000000,0.264962,0.000000,0.000000,0.000000,-8.380134,WAIT_USER_CONFIRM
4.740000,0.554499,-0.000000,0.264962,0.000000,0.000000,0.000000,-8.380134,WAIT_USER_CONFIRM
4.742000,0.554499,-0.000000,0.264962,0.000000,0.000000,0.000000,-8.380134,WAIT_USER_CONFIRM
4.744000,0.554499,-0.000000,0.264962,0.000000,0.000000,0.000000,-8.380134,WAIT_USER_CONFIRM
4.746000,0.554499,-0.000000,0.264962,0.000000,0.000000,0.000000,-8.380134,WAIT_USER_CONFIRM
4.748000,0.554499,-0.000000,0.264962,0.000000,0.000000,0.000000,-8.380134,WAIT_USER_CONFIRM
4.750000,0.554499,-0.000000,0.264962,0.000000,0.000000,0.000000,-8.380134,WAIT_USER_CONFIRM
4.752000,0.554499,-0.000000,0.264962,0.000000,0.000000,0.000000,-8.380134,WAIT_USER_CONFIRM
4.754000,0.554499,-0.000000,0.264962,0.000000,0.000000,0.000000,-8.380134,WAIT_USER_CONFIRM
4.756000,0.554499,-0.000000,0.264962,0.000000,0.000000,0.000000,-8.380134,WAIT_USER_CONFIRM
4.758000,0.554499,-0.000000,0.264962,0.000000,0.000000,0.000000,-8.380134,WAIT_USER_CONFIRM
4.760000,0.554499,-0.000000,0.264962,0.000000,0.000000,0.000000,-8.380134,WAIT_USER_CONFIRM
4.762000,0.554499,-0.000000,0.264962,0.000000,0.000000,0.000000,-8.380134,WAIT_USER_CONFIRM
4.764000,0.554499,-0.000000,0.264962,0.000000,0.000000,0.000000,-8.380134,WAIT_USER_CONFIRM
4.766000,0.554499,-0.000000,0.264962,0.000000,0.000000,0.000000,-8.380134,WAIT_USER_CONFIRM
4.768000,0.554499,-0.000000,0.264962,0.000000,0.000000,0.000000,-8.380134,WAIT_USER_CONFIRM
4.770000,0.554499,-0.000000,0.264962,0.000000,0.000000,0.000000,-8.380134,WAIT_USER_CONFIRM
4.772000,0.554499,-0.000000,0.264962,0.000000,0.000000,0.000000,-8.380134,WAIT_USER_CONFIRM
4.774000,0.554499,-0.000000,0.264962,0.000000,0.000000,0.000000,-8.380134,WAIT_USER_CONFIRM
4.776000,0.554499,-0.000000,0.264962,0.000000,0.000000,0.000000,-8.380134,WAIT_USER_CONFIRM
4.778000,0.554499,-0.000000,0.264962,0.000000,0.000000,0.000000,-8.380134,WAIT_USER_CONFIRM
4.780000,0.554499,-0.000000,0.264962,0.000000,0.000000,0.000000,-8.380134,WAIT_USER_CONFIRM
4.782000,0.554499,-0.000000,0.264962,0.000000,0.000000,0.000000,-8.380134,WAIT_USER_CONFIRM
4.784000,0.554499,-0.000000,0.264962,0.000000,0.000000,0.000000,-8.380134,WAIT_USER_CONFIRM
4.786000,0.554499,-0.000000,0.264962,0.000000,0.000000,0.000000,-8.380134,WAIT_USER_CONFIRM
4.788000,0.554499,-0.000000,0.264962,0.000000,0.000000,0.000000,-8.380134,WAIT_USER_CONFIRM
4.790000,0.554499,-0.000000,0.264962,0.000000,0.000000,0.000000,-8.380134,WAIT_USER_CONFIRM
4.792000,0.554499,-0.000000,0.264962,0.000000,0.000000,0.000000,-8.380134,WAIT_USER_CONFIRM
4.794000,0.554499,-0.000000,0.264962,0.000000,0.000000,0.000000,-8.380134,WAIT_USER_CONFIRM
4.796000,0.554499,-0.000000,0.264962,0.000000,0.000000,0.000000,-8.380134,WAIT_USER_CONFIRM
4.798000,0.554499,-0.000000,0.264962,0.000000,0.000000,0.000000,-8.380134,WAIT_USER_CONFIRM
4.800000,0.554499,-0.000000,0.264962,0.000000,0.000000,0.000000,-8.380134,WAIT_USER_CONFIRM
4.802000,0.554499,-0.000000,0.264962,0.000000,0.000000,0.000000,-8.380134,WAIT_USER_CONFIRM
4.804000,0.554499,-0.000000,0.264962,0.000000,0.000000,0.000000,-8.380134,WAIT_USER_CONFIRM
4.806000,0.554499,-0.000000,0.264962,0.000000,0.000000,0.000000,-8.380134,WAIT_USER_CONFIRM
4.808000,0.554499,-0.000000,0.264962,0.000000,0.000000,0.000000,-8.380134,WAIT_USER_CONFIRM
4.810000,0.554499,-0.000000,0.264962,0.000000,0.000000,0.000000,-8.380134,WAIT_USER_CONFIRM
4.812000,0.554499,-0.000000,0.264962,0.000000,0.000000,0.000000,-8.380134,WAIT_USER_CONFIRM
4.814000,0.554499,-0.000000,0.264962,0.000000,0.000000,0.000000,-8.380134,WAIT_USER_CONFIRM
4.816000,0.554499,-0.000000,0.264962,0.000000,0.000000,0.000000,-8.380134,WAIT_USER_CONFIRM
4.818000,0.554499,-0.000000,0.264962,0.000000,0.000000,0.000000,-8.380134,WAIT_USER_CONFIRM
4.820000,0.554499,-0.000000,0.264962,0.000000,0.000000,0.000000,-8.380134,WAIT_USER_CONFIRM
4.822000,0.554499,-0.000000,0.264962,0.000000,0.000000,0.000000,-8.380134,WAIT_USER_CONFIRM
4.824000,0.554499,-0.000000,0.264962,0.000000,0.000000,0.000000,-8.380134,WAIT_USER_CONFIRM
4.826000,0.554499,-0.000000,0.264962,0.000000,0.000000,0.000000,-8.380134,WAIT_USER_CONFIRM
4.828000,0.554499,-0.000000,0.264962,0.000000,0.000000,0.000000,-8.380134,WAIT_USER_CONFIRM
4.830000,0.554499,-0.000000,0.264962,0.000000,0.000000,0.000000,-8.380134,WAIT_USER_CONFIRM
4.832000,0.554499,-0.000000,0.264962,0.000000,0.000000,0.000000,-8.380134,WAIT_USER_CONFIRM
4.834000,0.554499,-0.000000,0.264962,0.000000,0.000000,0.000000,-8.380134,WAIT_USER_CONFIRM
4.836000,0.554499,-0.000000,0.264962,0.000000,0.000000,0.000000,-8.380134,WAIT_USER_CONFIRM
4.838000,0.554499,-0.000000,0.264962,0.000000,0.000000,0.000000,-8.380134,WAIT_USER_CONFIRM
4.840000,0.554499,-0.000000,0.264962,0.000000,0.000000,0.000000,-8.380134,WAIT_USER_CONFIRM
4.842000,0.554499,-0.000000,0.264962,0.000000,0.000000,0.000000,-8.380134,WAIT_USER_CONFIRM
4.844000,0.554499,-0.000000,0.264962,0.000000,0.000000,0.000000,-8.380134,WAIT_USER_CONFIRM
4.846000,0.554499,-0.000000,0.264962,0.000000,0.000000,0.000000,-8.380134,WAIT_USER_CONFIRM
4.848000,0.554499,-0.000000,0.264962,0.000000,0.000000,0.000000,-8.380134,WAIT_USER_CONFIRM
4.850000,0.554499,-0.000000,0.264962,0.000000,0.000000,0.000000,-8.380134,WAIT_USER_CONFIRM
4.852000,0.554499,-0.000000,0.264962,0.000000,0.000000,0.000000,-8.380134,WAIT_USER_CONFIRM
4.854000,0.554499,-0.000000,0.264962,0.000000,0.000000,0.000000,-8.380134,WAIT_USER_CONFIRM
4.856000,0.554499,-0.000000,0.264962,0.000000,0.000000,0.000000,-8.380134,WAIT_USER_CONFIRM
4.858000,0.554499,-0.000000,0.264962,0.000000,0.000000,0.000000,-8.380134,WAIT_USER_CONFIRM
4.860000,0.554499,-0.000000,0.264962,0.000000,0.000000,0.000000,-8.380134,WAIT_USER_CONFIRM
4.862000,0.554499,-0.000000,0.264962,0.000000,0.000000,0.000000,-8.380134,WAIT_USER_CONFIRM
4.864000,0.554499,-0.000000,0.264962,0.000000,0.000000,0.000000,-8.380134,WAIT_USER_CONFIRM
4.866000,0.554499,-0.000000,0.264962,0.000000,0.000000,0.000000,-8.380134,WAIT_USER_CONFIRM
4.868000,0.554499,-0.000000,0.264962,0.000000,0.000000,0.000000,-8.380134,WAIT_USER_CONFIRM
4.870000,0.554499,-0.000000,0.264962,0.000000,0.000000,0.000000,-8.380134,WAIT_USER_CONFIRM
4.872000,0.554499,-0.000000,0.264962,0.000000,0.000000,0.000000,-8.380134,WAIT_USER_CONFIRM
4.874000,0.554499,-0.000000,0.264962,0.000000,0.000000,0.000000,-8.380134,WAIT_USER_CONFIRM
4.876000,0.554499,-0.000000,0.264962,0.000000,0.000000,0.000000,-8.380134,WAIT_USER_CONFIRM
4.878000,0.554499,-0.000000,0.264962,0.000000,0.000000,0.000000,-8.380134,WAIT_USER_CONFIRM
4.880000,0.554499,-0.000000,0.264962,0.000000,0.000000,0.000000,-8.380134,WAIT_USER_CONFIRM
4.882000,0.554499,-0.000000,0.264962,0.000000,0.000000,0.000000,-8.380134,WAIT_USER_CONFIRM
4.884000,0.554499,-0.000000,0.264962,0.000000,0.000000,0.000000,-8.380134,WAIT_USER_CONFIRM
4.886000,0.554499,-0.000000,0.264962,0.000000,0.000000,0.000000,-8.380134,WAIT_USER_CONFIRM
4.888000,0.554499,-0.000000,0.264962,0.000000,0.000000,0.000000,-8.380134,WAIT_USER_CONFIRM
4.890000,0.554499,-0.000000,0.264962,0.000000,0.000000,0.000000,-8.380134,WAIT_USER_CONFIRM
4.892000,0.554499,-0.000000,0.264962,0.000000,0.000000,0.000000,-8.380134,WAIT_USER_CONFIRM
4.894000,0.554499,-0.000000,0.264962,0.000000,0.000000,0.000000,-8.380134,WAIT_USER_CONFIRM
4.896000,0.554499,-0.000000,0.264962,0.000000,0.000000,0.000000,-8.380134,WAIT_USER_CONFIRM
4.898000,0.554499,-0.000000,0.264962,0.000000,0.000000,0.000000,-8.380134,WAIT_USER_CONFIRM
4.900000,0.554499,-0.000000,0.264962,0.000000,0.000000,0.000000,-8.380134,WAIT_USER_CONFIRM
4.902000,0.554499,-0.000000,0.264962,0.000000,0.000000,0.000000,-8.380134,WAIT_USER_CONFIRM
4.904000,0.554499,-0.000000,0.264962,0.000000,0.000000,0.000000,-8.380134,WAIT_USER_CONFIRM
4.906000,0.554499,-0.000000,0.264962,0.000000,0.000000,0.000000,-8.380134,WAIT_USER_CONFIRM
4.908000,0.554499,-0.000000,0.264962,0.000000,0.000000,0.000000,-8.380134,WAIT_USER_CONFIRM
4.910000,0.554499,-0.000000,0.264962,0.000000,0.000000,0.000000,-8.380134,WAIT_USER_CONFIRM
4.912000,0.554499,-0.000000,0.264962,0.000000,0.000000,0.000000,-8.380134,WAIT_USER_CONFIRM
4.914000,0.554499,-0.000000,0.264962,0.000000,0.000000,0.000000,-8.380134,WAIT_USER_CONFIRM
4.916000,0.554499,-0.000000,0.264962,0.000000,0.000000,0.000000,-8.380134,WAIT_USER_CONFIRM
4.918000,0.554499,-0.000000,0.264962,0.000000,0.000000,0.000000,-8.380134,WAIT_USER_CONFIRM
4.920000,0.554499,-0.000000,0.264962,0.000000,0.000000,0.000000,-8.380134,WAIT_USER_CONFIRM
4.922000,0.554499,-0.000000,0.264962,0.000000,0.000000,0.000000,-8.380134,WAIT_USER_CONFIRM
4.924000,0.554499,-0.000000,0.264962,0.000000,0.000000,0.000000,-8.380134,WAIT_USER_CONFIRM
4.926000,0.554499,-0.000000,0.264962,0.000000,0.000000,0.000000,-8.380134,WAIT_USER_CONFIRM
4.928000,0.554499,-0.000000,0.264962,0.000000,0.000000,0.000000,-8.380134,WAIT_USER_CONFIRM
4.930000,0.554499,-0.000000,0.264962,0.000000,0.000000,0.000000,-8.380134,WAIT_USER_CONFIRM
4.932000,0.554499,-0.000000,0.264962,0.000000,0.000000,0.000000,-8.380134,WAIT_USER_CONFIRM
4.934000,0.554499,-0.000000,0.264962,0.000000,0.000000,0.000000,-8.380134,WAIT_USER_CONFIRM
4.936000,0.554499,-0.000000,0.264962,0.000000,0.000000,0.000000,-8.380134,WAIT_USER_CONFIRM
4.938000,0.554499,-0.000000,0.264962,0.000000,0.000000,0.000000,-8.380134,WAIT_USER_CONFIRM
4.940000,0.554499,-0.000000,0.264962,0.000000,0.000000,0.000000,-8.380134,WAIT_USER_CONFIRM
4.942000,0.554499,-0.000000,0.264962,0.000000,0.000000,0.000000,-8.380134,WAIT_USER_CONFIRM
4.944000,0.554499,-0.000000,0.264962,0.000000,0.000000,0.000000,-8.380134,WAIT_USER_CONFIRM
4.946000,0.554499,-0.000000,0.264962,0.000000,0.000000,0.000000,-8.380134,WAIT_USER_CONFIRM
4.948000,0.554499,-0.000000,0.264962,0.000000,0.000000,0.000000,-8.380134,WAIT_USER_CONFIRM
4.950000,0.554499,-0.000000,0.264962,0.000000,0.000000,0.000000,-8.380134,WAIT_USER_CONFIRM
4.952000,0.554499,-0.000000,0.264962,0.000000,0.000000,0.000000,-8.380134,WAIT_USER_CONFIRM
4.954000,0.554499,-0.000000,0.264962,0.000000,0.000000,0.000000,-8.380134,WAIT_USER_CONFIRM
4.956000,0.554499,-0.000000,0.264962,0.000000,0.000000,0.000000,-8.380134,WAIT_USER_CONFIRM
4.958000,0.554499,-0.000000,0.264962,0.000000,0.000000,0.000000,-8.380134,WAIT_USER_CONFIRM
4.960000,0.554499,-0.000000,0.264962,0.000000,0.000000,0.000000,-8.380134,WAIT_USER_CONFIRM
4.962000,0.554499,-0.000000,0.264962,0.000000,0.000000,0.000000,-8.380134,WAIT_USER_CONFIRM
4.964000,0.554499,-0.000000,0.264962,0.000000,0.000000,0.000000,-8.380134,WAIT_USER_CONFIRM
4.966000,0.554499,-0.000000,0.264962,0.000000,0.000000,0.000000,-8.380134,WAIT_USER_CONFIRM
4.968000,0.554499,-0.000000,0.264962,0.000000,0.000000,0.000000,-8.380134,WAIT_USER_CONFIRM
4.970000,0.554499,-0.000000,0.264962,0.000000,0.000000,0.000000,-8.380134,WAIT_USER_CONFIRM
4.972000,0.554499,-0.000000,0.264962,0.000000,0.000000,0.000000,-8.380134,WAIT_USER_CONFIRM
4.974000,0.554499,-0.000000,0.264962,0.000000,0.000000,0.000000,-8.380134,WAIT_USER_CONFIRM
4.976000,0.554499,-0.000000,0.264962,0.000000,0.000000,0.000000,-8.380134,WAIT_USER_CONFIRM
4.978000,0.554499,-0.000000,0.264962,0.000000,0.000000,0.000000,-8.380134,WAIT_USER_CONFIRM
4.980000,0.554499,-0.000000,0.264962,0.000000,0.000000,0.000000,-8.380134,WAIT_USER_CONFIRM
4.982000,0.554499,-0.000000,0.264962,0.000000,0.000000,0.000000,-8.380134,WAIT_USER_CONFIRM
4.984000,0.554499,-0.000000,0.264962,0.000000,0.000000,0.000000,-8.380134,WAIT_USER_CONFIRM
4.986000,0.554499,-0.000000,0.264962,0.000000,0.000000,0.000000,-8.380134,WAIT_USER_CONFIRM
4.988000,0.554499,-0.000000,0.264962,0.000000,0.000000,0.000000,-8.380134,WAIT_USER_CONFIRM
4.990000,0.554499,-0.000000,0.264962,0.000000,0.000000,0.000000,-8.380134,WAIT_USER_CONFIRM
4.992000,0.554499,-0.000000,0.264962,0.000000,0.000000,0.000000,-8.380134,WAIT_USER_CONFIRM
4.994000,0.554499,-0.000000,0.264962,0.000000,0.000000,0.000000,-8.380134,WAIT_USER_CONFIRM
4.996000,0.554499,-0.000000,0.264962,0.000000,0.000000,0.000000,-8.380134,WAIT_USER_CONFIRM
4.998000,0.554499,-0.000000,0.264962,0.000000,0.000000,0.000000,-8.380134,WAIT_USER_CONFIRM
5.000000,0.554499,-0.000000,0.264962,0.000000,0.000000,0.000000,-8.380134,WAIT_USER_CONFIRM
5.002000,0.554499,-0.000000,0.264962,0.000000,0.000000,0.000000,-8.380134,WAIT_USER_CONFIRM
5.004000,0.554499,-0.000000,0.264962,0.000000,0.000000,0.000000,-8.380134,WAIT_USER_CONFIRM
5.006000,0.554499,-0.000000,0.264962,0.000000,0.000000,0.000000,-8.380134,WAIT_USER_CONFIRM
5.008000,0.554499,-0.000000,0.264962,0.000000,0.000000,0.000000,-8.380134,WAIT_USER_CONFIRM
5.010000,0.554499,-0.000000,0.264962,0.000000,0.000000,0.000000,-8.380134,WAIT_USER_CONFIRM
5.012000,0.554499,-0.000000,0.264962,0.000000,0.000000,0.000000,-8.380134,WAIT_USER_CONFIRM
5.014000,0.554499,-0.000000,0.264962,0.000000,0.000000,0.000000,-8.380134,WAIT_USER_CONFIRM
5.016000,0.554499,-0.000000,0.264962,0.000000,0.000000,0.000000,-8.380134,WAIT_USER_CONFIRM
5.018000,0.554499,-0.000000,0.264962,0.000000,0.000000,0.000000,-8.380134,WAIT_USER_CONFIRM
5.020000,0.554499,-0.000000,0.264962,0.000000,0.000000,0.000000,-8.380134,WAIT_USER_CONFIRM
5.022000,0.554499,-0.000000,0.264962,0.000000,0.000000,0.000000,-8.380134,WAIT_USER_CONFIRM
5.024000,0.554499,-0.000000,0.264962,0.000000,0.000000,0.000000,-8.380134,WAIT_USER_CONFIRM
5.026000,0.554499,-0.000000,0.264962,0.000000,0.000000,0.000000,-8.380134,WAIT_USER_CONFIRM
5.028000,0.554499,-0.000000,0.264962,0.000000,0.000000,0.000000,-8.380134,WAIT_USER_CONFIRM
5.030000,0.554499,-0.000000,0.264962,0.000000,0.000000,0.000000,-8.380134,WAIT_USER_CONFIRM
5.032000,0.554499,-0.000000,0.264962,0.000000,0.000000,0.000000,-8.380134,WAIT_USER_CONFIRM
5.034000,0.554499,-0.000000,0.264962,0.000000,0.000000,0.000000,-8.380134,WAIT_USER_CONFIRM
5.036000,0.554499,-0.000000,0.264962,0.000000,0.000000,0.000000,-8.380134,WAIT_USER_CONFIRM
5.038000,0.554499,-0.000000,0.264962,0.000000,0.000000,0.000000,-8.380134,WAIT_USER_CONFIRM
5.040000,0.554499,-0.000000,0.264962,0.000000,0.000000,0.000000,-8.380134,WAIT_USER_CONFIRM
5.042000,0.554499,-0.000000,0.264962,0.000000,0.000000,0.000000,-8.380134,WAIT_USER_CONFIRM
5.044000,0.554499,-0.000000,0.264962,0.000000,0.000000,0.000000,-8.380134,WAIT_USER_CONFIRM
5.046000,0.554499,-0.000000,0.264962,0.000000,0.000000,0.000000,-8.380134,WAIT_USER_CONFIRM
5.048000,0.554499,-0.000000,0.264962,0.000000,0.000000,0.000000,-8.380134,WAIT_USER_CONFIRM
5.050000,0.554499,-0.000000,0.264962,0.000000,0.000000,0.000000,-8.380134,WAIT_USER_CONFIRM
5.052000,0.554499,-0.000000,0.264962,0.000000,0.000000,0.000000,-8.380134,WAIT_USER_CONFIRM
5.054000,0.554499,-0.000000,0.264962,0.000000,0.000000,0.000000,-8.380134,WAIT_USER_CONFIRM
5.056000,0.554499,-0.000000,0.264962,0.000000,0.000000,0.000000,-8.380134,WAIT_USER_CONFIRM
5.058000,0.554499,-0.000000,0.264962,0.000000,0.000000,0.000000,-8.380134,WAIT_USER_CONFIRM
5.060000,0.554499,-0.000000,0.264962,0.000000,0.000000,0.000000,-8.380134,WAIT_USER_CONFIRM
5.062000,0.554499,-0.000000,0.264962,0.000000,0.000000,0.000000,-8.380134,WAIT_USER_CONFIRM
5.064000,0.554499,-0.000000,0.264962,0.000000,0.000000,0.000000,-8.380134,WAIT_USER_CONFIRM
5.066000,0.554499,-0.000000,0.264962,0.000000,0.000000,0.000000,-8.380134,WAIT_USER_CONFIRM
5.068000,0.554499,-0.000000,0.264962,0.000000,0.000000,0.000000,-8.380134,WAIT_USER_CONFIRM
5.070000,0.554499,-0.000000,0.264962,0.000000,0.000000,0.000000,-8.380134,WAIT_USER_CONFIRM
5.072000,0.554499,-0.000000,0.264962,0.000000,0.000000,0.000000,-8.380134,WAIT_USER_CONFIRM
5.074000,0.554499,-0.000000,0.264962,0.000000,0.000000,0.000000,-8.380134,WAIT_USER_CONFIRM
5.076000,0.554499,-0.000000,0.264962,0.000000,0.000000,0.000000,-8.380134,WAIT_USER_CONFIRM
5.078000,0.554499,-0.000000,0.264962,0.000000,0.000000,0.000000,-8.380134,WAIT_USER_CONFIRM
5.080000,0.554499,-0.000000,0.264962,0.000000,0.000000,0.000000,-8.380134,WAIT_USER_CONFIRM
5.082000,0.554499,-0.000000,0.264962,0.000000,0.000000,0.000000,-8.380134,WAIT_USER_CONFIRM
5.084000,0.554499,-0.000000,0.264962,0.000000,0.000000,0.000000,-8.380134,WAIT_USER_CONFIRM
5.086000,0.554499,-0.000000,0.264962,0.000000,0.000000,0.000000,-8.380134,WAIT_USER_CONFIRM
5.088000,0.554499,-0.000000,0.264962,0.000000,0.000000,0.000000,-8.380134,WAIT_USER_CONFIRM
5.090000,0.554499,-0.000000,0.264962,0.000000,0.000000,0.000000,-8.380134,WAIT_USER_CONFIRM
5.092000,0.554499,-0.000000,0.264962,0.000000,0.000000,0.000000,-8.380134,WAIT_USER_CONFIRM
5.094000,0.554499,-0.000000,0.264962,0.000000,0.000000,0.000000,-8.380134,WAIT_USER_CONFIRM
5.096000,0.554499,-0.000000,0.264962,0.000000,0.000000,0.000000,-8.380134,WAIT_USER_CONFIRM
5.098000,0.554499,-0.000000,0.264962,0.000000,0.000000,0.000000,-8.380134,WAIT_USER_CONFIRM
5.100000,0.554499,-0.000000,0.264962,0.000000,0.000000,0.000000,-8.380134,WAIT_USER_CONFIRM
5.102000,0.554499,-0.000000,0.264962,0.000000,0.000000,0.000000,-8.380134,WAIT_USER_CONFIRM
5.104000,0.554499,-0.000000,0.264962,0.000000,0.000000,0.000000,-8.380134,WAIT_USER_CONFIRM
5.106000,0.554499,-0.000000,0.264962,0.000000,0.000000,0.000000,-8.380134,WAIT_USER_CONFIRM
5.108000,0.554499,-0.000000,0.264962,0.000000,0.000000,0.000000,-8.380134,WAIT_USER_CONFIRM
5.110000,0.554499,-0.000000,0.264962,0.000000,0.000000,0.000000,-8.380134,WAIT_USER_CONFIRM
5.112000,0.554499,-0.000000,0.264962,0.000000,0.000000,0.000000,-8.380134,WAIT_USER_CONFIRM
5.114000,0.554499,-0.000000,0.264962,0.000000,0.000000,0.000000,-8.380134,WAIT_USER_CONFIRM
5.116000,0.554499,-0.000000,0.264962,0.000000,0.000000,0.000000,-8.380134,WAIT_USER_CONFIRM
5.118000,0.554499,-0.000000,0.264962,0.000000,0.000000,0.000000,-8.380134,WAIT_USER_CONFIRM
5.120000,0.554499,-0.000000,0.264962,0.000000,0.000000,0.000000,-8.380134,WAIT_USER_CONFIRM
5.122000,0.554499,-0.000000,0.264962,0.000000,0.000000,0.000000,-8.380134,WAIT_USER_CONFIRM
5.124000,0.554499,-0.000000,0.264962,0.000000,0.000000,0.000000,-8.380134,WAIT_USER_CONFIRM
5.126000,0.554499,-0.000000,0.264962,0.000000,0.000000,0.000000,-8.380134,WAIT_USER_CONFIRM
5.128000,0.554499,-0.000000,0.264962,0.000000,0.000000,0.000000,-8.380134,WAIT_USER_CONFIRM
5.130000,0.554499,-0.000000,0.264962,0.000000,0.000000,0.000000,-8.380134,WAIT_USER_CONFIRM
5.132000,0.554499,-0.000000,0.264962,0.000000,0.000000,0.000000,-8.380134,WAIT_USER_CONFIRM
5.134000,0.554499,-0.000000,0.264962,0.000000,0.000000,0.000000,-8.380134,WAIT_USER_CONFIRM
5.136000,0.554499,-0.000000,0.264962,0.000000,0.000000,0.000000,-8.380134,WAIT_USER_CONFIRM
5.138000,0.554499,-0.000000,0.264962,0.000000,0.000000,0.000000,-8.380134,WAIT_USER_CONFIRM
5.140000,0.554499,-0.000000,0.264962,0.000000,0.000000,0.000000,-8.380134,WAIT_USER_CONFIRM
5.142000,0.554499,-0.000000,0.264962,0.000000,0.000000,0.000000,-8.380134,WAIT_USER_CONFIRM
5.144000,0.554499,-0.000000,0.264962,0.000000,0.000000,0.000000,-8.380134,WAIT_USER_CONFIRM
5.146000,0.554499,-0.000000,0.264962,0.000000,0.000000,0.000000,-8.380134,WAIT_USER_CONFIRM
5.148000,0.554499,-0.000000,0.264962,0.000000,0.000000,0.000000,-8.380134,WAIT_USER_CONFIRM
5.150000,0.554499,-0.000000,0.264962,0.000000,0.000000,0.000000,-8.380134,WAIT_USER_CONFIRM
5.152000,0.554499,-0.000000,0.264962,0.000000,0.000000,0.000000,-8.380134,WAIT_USER_CONFIRM
5.154000,0.554499,-0.000000,0.264962,0.000000,0.000000,0.000000,-8.380134,WAIT_USER_CONFIRM
5.156000,0.554499,-0.000000,0.264962,0.000000,0.000000,0.000000,-8.380134,WAIT_USER_CONFIRM
5.158000,0.554499,-0.000000,0.264962,0.000000,0.000000,0.000000,-8.380134,WAIT_USER_CONFIRM
5.160000,0.554499,-0.000000,0.264962,0.000000,0.000000,0.000000,-8.380134,WAIT_USER_CONFIRM
5.162000,0.554499,-0.000000,0.264962,0.000000,0.000000,0.000000,-8.380134,WAIT_USER_CONFIRM
5.164000,0.554499,-0.000000,0.264962,0.000000,0.000000,0.000000,-8.380134,WAIT_USER_CONFIRM
5.166000,0.554499,-0.000000,0.264962,0.000000,0.000000,0.000000,-8.380134,WAIT_USER_CONFIRM
5.168000,0.554499,-0.000000,0.264962,0.000000,0.000000,0.000000,-8.380134,WAIT_USER_CONFIRM
5.170000,0.554499,-0.000000,0.264962,0.000000,0.000000,0.000000,-8.380134,WAIT_USER_CONFIRM
5.172000,0.554499,-0.000000,0.264962,0.000000,0.000000,0.000000,-8.380134,WAIT_USER_CONFIRM
5.174000,0.554499,-0.000000,0.264962,0.000000,0.000000,0.000000,-8.380134,WAIT_USER_CONFIRM
5.176000,0.554499,-0.000000,0.264962,0.000000,0.000000,0.000000,-8.380134,WAIT_USER_CONFIRM
5.178000,0.554499,-0.000000,0.264962,0.000000,0.000000,0.000000,-8.380134,WAIT_USER_CONFIRM
5.180000,0.554499,-0.000000,0.264962,0.000000,0.000000,0.000000,-8.380134,WAIT_USER_CONFIRM
5.182000,0.554499,-0.000000,0.264962,0.000000,0.000000,0.000000,-8.380134,WAIT_USER_CONFIRM
5.184000,0.554499,-0.000000,0.264962,0.000000,0.000000,0.000000,-8.380134,WAIT_USER_CONFIRM
5.186000,0.554499,-0.000000,0.264962,0.000000,0.000000,0.000000,-8.380134,WAIT_USER_CONFIRM
5.188000,0.554499,-0.000000,0.264962,0.000000,0.000000,0.000000,-8.380134,WAIT_USER_CONFIRM
5.190000,0.554499,-0.000000,0.264962,0.000000,0.000000,0.000000,-8.380134,WAIT_USER_CONFIRM
5.192000,0.554499,-0.000000,0.264962,0.000000,0.000000,0.000000,-8.380134,WAIT_USER_CONFIRM
5.194000,0.554499,-0.000000,0.264962,0.000000,0.000000,0.000000,-8.380134,WAIT_USER_CONFIRM
5.196000,0.554499,-0.000000,0.264962,0.000000,0.000000,0.000000,-8.380134,WAIT_USER_CONFIRM
5.198000,0.554499,-0.000000,0.264962,0.000000,0.000000,0.000000,-8.380134,WAIT_USER_CONFIRM
5.200000,0.554499,-0.000000,0.264962,0.000000,0.000000,0.000000,-8.380134,WAIT_USER_CONFIRM
5.202000,0.554499,-0.000000,0.264962,0.000000,0.000000,0.000000,-8.380134,WAIT_USER_CONFIRM
5.204000,0.554499,-0.000000,0.264962,0.000000,0.000000,0.000000,-8.380134,WAIT_USER_CONFIRM
5.206000,0.554499,-0.000000,0.264962,0.000000,0.000000,0.000000,-8.380134,WAIT_USER_CONFIRM
5.208000,0.554499,-0.000000,0.264962,0.000000,0.000000,0.000000,-8.380134,WAIT_USER_CONFIRM
5.210000,0.554499,-0.000000,0.264962,0.000000,0.000000,0.000000,-8.380134,WAIT_USER_CONFIRM
5.212000,0.554499,-0.000000,0.264962,0.000000,0.000000,0.000000,-8.380134,WAIT_USER_CONFIRM
5.214000,0.554499,-0.000000,0.264962,0.000000,0.000000,0.000000,-8.380134,WAIT_USER_CONFIRM
5.216000,0.554499,-0.000000,0.264962,0.000000,0.000000,0.000000,-8.380134,WAIT_USER_CONFIRM
5.218000,0.554499,-0.000000,0.264962,0.000000,0.000000,0.000000,-8.380134,WAIT_USER_CONFIRM
5.220000,0.554499,-0.000000,0.264962,0.000000,0.000000,0.000000,-8.380134,WAIT_USER_CONFIRM
5.222000,0.554499,-0.000000,0.264962,0.000000,0.000000,0.000000,-8.380134,WAIT_USER_CONFIRM
5.224000,0.554499,-0.000000,0.264962,0.000000,0.000000,0.000000,-8.380134,WAIT_USER_CONFIRM
5.226000,0.554499,-0.000000,0.264962,0.000000,0.000000,0.000000,-8.380134,WAIT_USER_CONFIRM
5.228000,0.554499,-0.000000,0.264962,0.000000,0.000000,0.000000,-8.380134,WAIT_USER_CONFIRM
5.230000,0.554499,-0.000000,0.264962,0.000000,0.000000,0.000000,-8.380134,WAIT_USER_CONFIRM
5.232000,0.554499,-0.000000,0.264962,0.000000,0.000000,0.000000,-8.380134,WAIT_USER_CONFIRM
5.234000,0.554499,-0.000000,0.264962,0.000000,0.000000,0.000000,-8.380134,WAIT_USER_CONFIRM
5.236000,0.554499,-0.000000,0.264962,0.000000,0.000000,0.000000,-8.380134,WAIT_USER_CONFIRM
5.238000,0.554499,-0.000000,0.264962,0.000000,0.000000,0.000000,-8.380134,WAIT_USER_CONFIRM
5.240000,0.554499,-0.000000,0.264962,0.000000,0.000000,0.000000,-8.380134,WAIT_USER_CONFIRM
5.242000,0.554499,-0.000000,0.264962,0.000000,0.000000,0.000000,-8.380134,WAIT_USER_CONFIRM
5.244000,0.554499,-0.000000,0.264962,0.000000,0.000000,0.000000,-8.380134,WAIT_USER_CONFIRM
5.246000,0.554499,-0.000000,0.264962,0.000000,0.000000,0.000000,-8.380134,WAIT_USER_CONFIRM
5.248000,0.554499,-0.000000,0.264962,0.000000,0.000000,0.000000,-8.380134,WAIT_USER_CONFIRM
5.250000,0.554499,-0.000000,0.264962,0.000000,0.000000,0.000000,-8.380134,WAIT_USER_CONFIRM
5.252000,0.554499,-0.000000,0.264962,0.000000,0.000000,0.000000,-8.380134,WAIT_USER_CONFIRM
5.254000,0.554499,-0.000000,0.264962,0.000000,0.000000,0.000000,-8.380134,WAIT_USER_CONFIRM
5.256000,0.554499,-0.000000,0.264962,0.000000,0.000000,0.000000,-8.380134,WAIT_USER_CONFIRM
5.258000,0.554499,-0.000000,0.264962,0.000000,0.000000,0.000000,-8.380134,WAIT_USER_CONFIRM
5.260000,0.554499,-0.000000,0.264962,0.000000,0.000000,0.000000,-8.380134,WAIT_USER_CONFIRM
5.262000,0.554499,-0.000000,0.264962,0.000000,0.000000,0.000000,-8.380134,WAIT_USER_CONFIRM
5.264000,0.554499,-0.000000,0.264962,0.000000,0.000000,0.000000,-8.380134,WAIT_USER_CONFIRM
5.266000,0.554499,-0.000000,0.264962,0.000000,0.000000,0.000000,-8.380134,WAIT_USER_CONFIRM
5.268000,0.554499,-0.000000,0.264962,0.000000,0.000000,0.000000,-8.380134,WAIT_USER_CONFIRM
5.270000,0.554499,-0.000000,0.264962,0.000000,0.000000,0.000000,-8.380134,WAIT_USER_CONFIRM
5.272000,0.554499,-0.000000,0.264962,0.000000,0.000000,0.000000,-8.380134,WAIT_USER_CONFIRM
5.274000,0.554499,-0.000000,0.264962,0.000000,0.000000,0.000000,-8.380134,WAIT_USER_CONFIRM
5.276000,0.554499,-0.000000,0.264962,0.000000,0.000000,0.000000,-8.380134,WAIT_USER_CONFIRM
5.278000,0.554499,-0.000000,0.264962,0.000000,0.000000,0.000000,-8.380134,WAIT_USER_CONFIRM
5.280000,0.554499,-0.000000,0.264962,0.000000,0.000000,0.000000,-8.380134,WAIT_USER_CONFIRM
5.282000,0.554499,-0.000000,0.264962,0.000000,0.000000,0.000000,-8.380134,WAIT_USER_CONFIRM
5.284000,0.554499,-0.000000,0.264962,0.000000,0.000000,0.000000,-8.380134,WAIT_USER_CONFIRM
5.286000,0.554499,-0.000000,0.264962,0.000000,0.000000,0.000000,-8.380134,WAIT_USER_CONFIRM
5.288000,0.554499,-0.000000,0.264962,0.000000,0.000000,0.000000,-8.380134,WAIT_USER_CONFIRM
5.290000,0.554499,-0.000000,0.264962,0.000000,0.000000,0.000000,-8.380134,WAIT_USER_CONFIRM
5.292000,0.554499,-0.000000,0.264962,0.000000,0.000000,0.000000,-8.380134,WAIT_USER_CONFIRM
5.294000,0.554499,-0.000000,0.264962,0.000000,0.000000,0.000000,-8.380134,WAIT_USER_CONFIRM
5.296000,0.554499,-0.000000,0.264962,0.000000,0.000000,0.000000,-8.380134,WAIT_USER_CONFIRM
5.298000,0.554499,-0.000000,0.264962,0.000000,0.000000,0.000000,-8.380134,WAIT_USER_CONFIRM
5.300000,0.554499,-0.000000,0.264962,0.000000,0.000000,0.000000,-8.380134,WAIT_USER_CONFIRM
5.302000,0.554499,-0.000000,0.264962,0.000000,0.000000,0.000000,-8.380134,WAIT_USER_CONFIRM
5.304000,0.554499,-0.000000,0.264962,0.000000,0.000000,0.000000,-8.380134,WAIT_USER_CONFIRM
5.306000,0.554499,-0.000000,0.264962,0.000000,0.000000,0.000000,-8.380134,WAIT_USER_CONFIRM
5.308000,0.554499,-0.000000,0.264962,0.000000,0.000000,0.000000,-8.380134,WAIT_USER_CONFIRM
5.310000,0.554499,-0.000000,0.264962,0.000000,0.000000,0.000000,-8.380134,WAIT_USER_CONFIRM
5.312000,0.554499,-0.000000,0.264962,0.000000,0.000000,0.000000,-8.380134,WAIT_USER_CONFIRM
5.314000,0.554499,-0.000000,0.264962,0.000000,0.000000,0.000000,-8.380134,WAIT_USER_CONFIRM
5.316000,0.554499,-0.000000,0.264962,0.000000,0.000000,0.000000,-8.380134,WAIT_USER_CONFIRM
5.318000,0.554499,-0.000000,0.264962,0.000000,0.000000,0.000000,-8.380134,WAIT_USER_CONFIRM
5.320000,0.554499,-0.000000,0.264962,0.000000,0.000000,0.000000,-8.380134,WAIT_USER_CONFIRM
5.322000,0.554499,-0.000000,0.264962,0.000000,0.000000,0.000000,-8.380134,WAIT_USER_CONFIRM
5.324000,0.554499,-0.000000,0.264962,0.000000,0.000000,0.000000,-8.380134,WAIT_USER_CONFIRM
5.326000,0.554499,-0.000000,0.264962,0.000000,0.000000,0.000000,-8.380134,WAIT_USER_CONFIRM
5.328000,0.554499,-0.000000,0.264962,0.000000,0.000000,0.000000,-8.380134,WAIT_USER_CONFIRM
5.330000,0.554499,-0.000000,0.264962,0.000000,0.000000,0.000000,-8.380134,WAIT_USER_CONFIRM
5.332000,0.554499,-0.000000,0.264962,0.000000,0.000000,0.000000,-8.380134,WAIT_USER_CONFIRM
5.334000,0.554499,-0.000000,0.264962,0.000000,0.000000,0.000000,-8.380134,WAIT_USER_CONFIRM
5.336000,0.554499,-0.000000,0.264962,0.000000,0.000000,0.000000,-8.380134,WAIT_USER_CONFIRM
5.338000,0.554499,-0.000000,0.264962,0.000000,0.000000,0.000000,-8.380134,WAIT_USER_CONFIRM
5.340000,0.554499,-0.000000,0.264962,0.000000,0.000000,0.000000,-8.380134,WAIT_USER_CONFIRM
5.342000,0.554499,-0.000000,0.264962,0.000000,0.000000,0.000000,-8.380134,WAIT_USER_CONFIRM
5.344000,0.554499,-0.000000,0.264962,0.000000,0.000000,0.000000,-8.380134,WAIT_USER_CONFIRM
5.346000,0.554499,-0.000000,0.264962,0.000000,0.000000,0.000000,-8.380134,WAIT_USER_CONFIRM
5.348000,0.554499,-0.000000,0.264962,0.000000,0.000000,0.000000,-8.380134,WAIT_USER_CONFIRM
5.350000,0.554499,-0.000000,0.264962,0.000000,0.000000,0.000000,-8.380134,WAIT_USER_CONFIRM
5.352000,0.554499,-0.000000,0.264962,0.000000,0.000000,0.000000,-8.380134,WAIT_USER_CONFIRM
5.354000,0.554499,-0.000000,0.264962,0.000000,0.000000,0.000000,-8.380134,WAIT_USER_CONFIRM
5.356000,0.554499,-0.000000,0.264962,0.000000,0.000000,0.000000,-8.380134,WAIT_USER_CONFIRM
5.358000,0.554499,-0.000000,0.264962,0.000000,0.000000,0.000000,-8.380134,WAIT_USER_CONFIRM
5.360000,0.554499,-0.000000,0.264962,0.000000,0.000000,0.000000,-8.380134,WAIT_USER_CONFIRM
5.362000,0.554499,-0.000000,0.264962,0.000000,0.000000,0.000000,-8.380134,WAIT_USER_CONFIRM
5.364000,0.554499,-0.000000,0.264962,0.000000,0.000000,0.000000,-8.380134,WAIT_USER_CONFIRM
5.366000,0.554499,-0.000000,0.264962,0.000000,0.000000,0.000000,-8.380134,WAIT_USER_CONFIRM
5.368000,0.554499,-0.000000,0.264962,0.000000,0.000000,0.000000,-8.380134,WAIT_USER_CONFIRM
5.370000,0.554499,-0.000000,0.264962,0.000000,0.000000,0.000000,-8.380134,WAIT_USER_CONFIRM
5.372000,0.554499,-0.000000,0.264962,0.000000,0.000000,0.000000,-8.380134,WAIT_USER_CONFIRM
5.374000,0.554499,-0.000000,0.264962,0.000000,0.000000,0.000000,-8.380134,WAIT_USER_CONFIRM
5.376000,0.554499,-0.000000,0.264962,0.000000,0.000000,0.000000,-8.380134,WAIT_USER_CONFIRM
5.378000,0.554499,-0.000000,0.264962,0.000000,0.000000,0.000000,-8.380134,WAIT_USER_CONFIRM
5.380000,0.554499,-0.000000,0.264962,0.000000,0.000000,0.000000,-8.380134,WAIT_USER_CONFIRM
5.382000,0.554499,-0.000000,0.264962,0.000000,0.000000,0.000000,-8.380134,WAIT_USER_CONFIRM
5.384000,0.554499,-0.000000,0.264962,0.000000,0.000000,0.000000,-8.380134,WAIT_USER_CONFIRM
5.386000,0.554499,-0.000000,0.264962,0.000000,0.000000,0.000000,-8.380134,WAIT_USER_CONFIRM
5.388000,0.554499,-0.000000,0.264962,0.000000,0.000000,0.000000,-8.380134,WAIT_USER_CONFIRM
5.390000,0.554499,-0.000000,0.264962,0.000000,0.000000,0.000000,-8.380134,WAIT_USER_CONFIRM
5.392000,0.554499,-0.000000,0.264962,0.000000,0.000000,0.000000,-8.380134,WAIT_USER_CONFIRM
5.394000,0.554499,-0.000000,0.264962,0.000000,0.000000,0.000000,-8.380134,WAIT_USER_CONFIRM
5.396000,0.554499,-0.000000,0.264962,0.000000,0.000000,0.000000,-8.380134,WAIT_USER_CONFIRM
5.398000,0.554499,-0.000000,0.264962,0.000000,0.000000,0.000000,-8.380134,WAIT_USER_CONFIRM
5.400000,0.554499,-0.000000,0.264962,0.000000,0.000000,0.000000,-8.380134,WAIT_USER_CONFIRM
5.402000,0.554499,-0.000000,0.264962,0.000000,0.000000,0.000000,-8.380134,WAIT_USER_CONFIRM
5.404000,0.554499,-0.000000,0.264962,0.000000,0.000000,0.000000,-8.380134,WAIT_USER_CONFIRM
5.406000,0.554499,-0.000000,0.264962,0.000000,0.000000,0.000000,-8.380134,WAIT_USER_CONFIRM
5.408000,0.554499,-0.000000,0.264962,0.000000,0.000000,0.000000,-8.380134,WAIT_USER_CONFIRM
5.410000,0.554499,-0.000000,0.264962,0.000000,0.000000,0.000000,-8.380134,WAIT_USER_CONFIRM
5.412000,0.554499,-0.000000,0.264962,0.000000,0.000000,0.000000,-8.380134,WAIT_USER_CONFIRM
5.414000,0.554499,-0.000000,0.264962,0.000000,0.000000,0.000000,-8.380134,WAIT_USER_CONFIRM
5.416000,0.554499,-0.000000,0.264962,0.000000,0.000000,0.000000,-8.380134,WAIT_USER_CONFIRM
5.418000,0.554499,-0.000000,0.264962,0.000000,0.000000,0.000000,-8.380134,WAIT_USER_CONFIRM
5.420000,0.554499,-0.000000,0.264962,0.000000,0.000000,0.000000,-8.380134,WAIT_USER_CONFIRM
5.422000,0.554499,-0.000000,0.264962,0.000000,0.000000,0.000000,-8.380134,WAIT_USER_CONFIRM
5.424000,0.554499,-0.000000,0.264962,0.000000,0.000000,0.000000,-8.380134,WAIT_USER_CONFIRM
5.426000,0.554499,-0.000000,0.264962,0.000000,0.000000,0.000000,-8.380134,WAIT_USER_CONFIRM
5.428000,0.554499,-0.000000,0.264962,0.000000,0.000000,0.000000,-8.380134,WAIT_USER_CONFIRM
5.430000,0.554499,-0.000000,0.264962,0.000000,0.000000,0.000000,-8.380134,WAIT_USER_CONFIRM
5.432000,0.554499,-0.000000,0.264962,0.000000,0.000000,0.000000,-8.380134,WAIT_USER_CONFIRM
5.434000,0.554499,-0.000000,0.264962,0.000000,0.000000,0.000000,-8.380134,WAIT_USER_CONFIRM
5.436000,0.554499,-0.000000,0.264962,0.000000,0.000000,0.000000,-8.380134,WAIT_USER_CONFIRM
5.438000,0.554499,-0.000000,0.264962,0.000000,0.000000,0.000000,-8.380134,WAIT_USER_CONFIRM
5.440000,0.554499,-0.000000,0.264962,0.000000,0.000000,0.000000,-8.380134,WAIT_USER_CONFIRM
5.442000,0.554499,-0.000000,0.264962,0.000000,0.000000,0.000000,-8.380134,WAIT_USER_CONFIRM
5.444000,0.554499,-0.000000,0.264962,0.000000,0.000000,0.000000,-8.380134,WAIT_USER_CONFIRM
5.446000,0.554499,-0.000000,0.264962,0.000000,0.000000,0.000000,-8.380134,WAIT_USER_CONFIRM
5.448000,0.554499,-0.000000,0.264962,0.000000,0.000000,0.000000,-8.380134,WAIT_USER_CONFIRM
5.450000,0.554499,-0.000000,0.264962,0.000000,0.000000,0.000000,-8.380134,WAIT_USER_CONFIRM
5.452000,0.554499,-0.000000,0.264962,0.000000,0.000000,0.000000,-8.380134,WAIT_USER_CONFIRM
5.454000,0.554499,-0.000000,0.264962,0.000000,0.000000,0.000000,-8.380134,WAIT_USER_CONFIRM
5.456000,0.554499,-0.000000,0.264962,0.000000,0.000000,0.000000,-8.380134,WAIT_USER_CONFIRM
5.458000,0.554499,-0.000000,0.264962,0.000000,0.000000,0.000000,-8.380134,WAIT_USER_CONFIRM
5.460000,0.554499,-0.000000,0.264962,0.000000,0.000000,0.000000,-8.380134,WAIT_USER_CONFIRM
5.462000,0.554499,-0.000000,0.264962,0.000000,0.000000,0.000000,-8.380134,WAIT_USER_CONFIRM
5.464000,0.554499,-0.000000,0.264962,0.000000,0.000000,0.000000,-8.380134,WAIT_USER_CONFIRM
5.466000,0.554499,-0.000000,0.264962,0.000000,0.000000,0.000000,-8.380134,WAIT_USER_CONFIRM
5.468000,0.554499,-0.000000,0.264962,0.000000,0.000000,0.000000,-8.380134,WAIT_USER_CONFIRM
5.470000,0.554499,-0.000000,0.264962,0.000000,0.000000,0.000000,-8.380134,WAIT_USER_CONFIRM
5.472000,0.554499,-0.000000,0.264962,0.000000,0.000000,0.000000,-8.380134,WAIT_USER_CONFIRM
5.474000,0.554499,-0.000000,0.264962,0.000000,0.000000,0.000000,-8.380134,WAIT_USER_CONFIRM
5.476000,0.554499,-0.000000,0.264962,0.000000,0.000000,0.000000,-8.380134,WAIT_USER_CONFIRM
5.478000,0.554499,-0.000000,0.264962,0.000000,0.000000,0.000000,-8.380134,WAIT_USER_CONFIRM
5.480000,0.554499,-0.000000,0.264962,0.000000,0.000000,0.000000,-8.380134,WAIT_USER_CONFIRM
5.482000,0.554499,-0.000000,0.264962,0.000000,0.000000,0.000000,-8.380134,WAIT_USER_CONFIRM
5.484000,0.554499,-0.000000,0.264962,0.000000,0.000000,0.000000,-8.380134,WAIT_USER_CONFIRM
5.486000,0.554499,-0.000000,0.264962,0.000000,0.000000,0.000000,-8.380134,WAIT_USER_CONFIRM
5.488000,0.554499,-0.000000,0.264962,0.000000,0.000000,0.000000,-8.380134,WAIT_USER_CONFIRM
5.490000,0.554499,-0.000000,0.264962,0.000000,0.000000,0.000000,-8.380134,WAIT_USER_CONFIRM
5.492000,0.554499,-0.000000,0.264962,0.000000,0.000000,0.000000,-8.380134,WAIT_USER_CONFIRM
5.494000,0.554499,-0.000000,0.264962,0.000000,0.000000,0.000000,-8.380134,WAIT_USER_CONFIRM
5.496000,0.554499,-0.000000,0.264962,0.000000,0.000000,0.000000,-8.380134,WAIT_USER_CONFIRM
5.498000,0.554499,-0.000000,0.264962,0.000000,0.000000,0.000000,-8.380134,WAIT_USER_CONFIRM
5.500000,0.554499,-0.000000,0.264962,0.000000,0.000000,0.000000,-8.380134,WAIT_USER_CONFIRM
5.502000,0.554499,-0.000000,0.264962,0.000000,0.000000,0.000000,-8.380134,WAIT_USER_CONFIRM
5.504000,0.554499,-0.000000,0.264962,0.000000,0.000000,0.000000,-8.380134,WAIT_USER_CONFIRM
5.506000,0.554499,-0.000000,0.264962,0.000000,0.000000,0.000000,-8.380134,WAIT_USER_CONFIRM
5.508000,0.554499,-0.000000,0.264962,0.000000,0.000000,0.000000,-8.380134,WAIT_USER_CONFIRM
5.510000,0.554499,-0.000000,0.264962,0.000000,0.000000,0.000000,-8.380134,WAIT_USER_CONFIRM
5.512000,0.554499,-0.000000,0.264962,0.000000,0.000000,0.000000,-8.380134,WAIT_USER_CONFIRM
5.514000,0.554499,-0.000000,0.264962,0.000000,0.000000,0.000000,-8.380134,WAIT_USER_CONFIRM
5.516000,0.554499,-0.000000,0.264962,0.000000,0.000000,0.000000,-8.380134,WAIT_USER_CONFIRM
5.518000,0.554499,-0.000000,0.264962,0.000000,0.000000,0.000000,-8.380134,WAIT_USER_CONFIRM
5.520000,0.554499,-0.000000,0.264962,0.000000,0.000000,0.000000,-8.380134,WAIT_USER_CONFIRM
5.522000,0.554499,-0.000000,0.264962,0.000000,0.000000,0.000000,-8.380134,WAIT_USER_CONFIRM
5.524000,0.554499,-0.000000,0.264962,0.000000,0.000000,0.000000,-8.380134,WAIT_USER_CONFIRM
5.526000,0.554499,-0.000000,0.264962,0.000000,0.000000,0.000000,-8.380134,WAIT_USER_CONFIRM
5.528000,0.554499,-0.000000,0.264962,0.000000,0.000000,0.000000,-8.380134,WAIT_USER_CONFIRM
5.530000,0.554499,-0.000000,0.264962,0.000000,0.000000,0.000000,-8.380134,WAIT_USER_CONFIRM
5.532000,0.554499,-0.000000,0.264962,0.000000,0.000000,0.000000,-8.380134,WAIT_USER_CONFIRM
5.534000,0.554499,-0.000000,0.264962,0.000000,0.000000,0.000000,-8.380134,WAIT_USER_CONFIRM
5.536000,0.554499,-0.000000,0.264962,0.000000,0.000000,0.000000,-8.380134,WAIT_USER_CONFIRM
5.538000,0.554499,-0.000000,0.264962,0.000000,0.000000,0.000000,-8.380134,WAIT_USER_CONFIRM
5.540000,0.554499,-0.000000,0.264962,0.000000,0.000000,0.000000,-8.380134,WAIT_USER_CONFIRM
5.542000,0.554499,-0.000000,0.264962,0.000000,0.000000,0.000000,-8.380134,WAIT_USER_CONFIRM
5.544000,0.554499,-0.000000,0.264962,0.000000,0.000000,0.000000,-8.380134,WAIT_USER_CONFIRM
5.546000,0.554499,-0.000000,0.264962,0.000000,0.000000,0.000000,-8.380134,WAIT_USER_CONFIRM
5.548000,0.554499,-0.000000,0.264962,0.000000,0.000000,0.000000,-8.380134,WAIT_USER_CONFIRM
5.550000,0.554499,-0.000000,0.264962,0.000000,0.000000,0.000000,-8.380134,WAIT_USER_CONFIRM
5.552000,0.554499,-0.000000,0.264962,0.000000,0.000000,0.000000,-8.380134,WAIT_USER_CONFIRM
5.554000,0.554499,-0.000000,0.264962,0.000000,0.000000,0.000000,-8.380134,WAIT_USER_CONFIRM
5.556000,0.554499,-0.000000,0.264962,0.000000,0.000000,0.000000,-8.380134,WAIT_USER_CONFIRM
5.558000,0.554499,-0.000000,0.264962,0.000000,0.000000,0.000000,-8.380134,WAIT_USER_CONFIRM
5.560000,0.554499,-0.000000,0.264962,0.000000,0.000000,0.000000,-8.380134,WAIT_USER_CONFIRM
5.562000,0.554499,-0.000000,0.264962,0.000000,0.000000,0.000000,-8.380134,WAIT_USER_CONFIRM
5.564000,0.554499,-0.000000,0.264962,0.000000,0.000000,0.000000,-8.380134,WAIT_USER_CONFIRM
5.566000,0.554499,-0.000000,0.264962,0.000000,0.000000,0.000000,-8.380134,WAIT_USER_CONFIRM
5.568000,0.554499,-0.000000,0.264962,0.000000,0.000000,0.000000,-8.380134,WAIT_USER_CONFIRM
5.570000,0.554499,-0.000000,0.264962,0.000000,0.000000,0.000000,-8.380134,WAIT_USER_CONFIRM
5.572000,0.554499,-0.000000,0.264962,0.000000,0.000000,0.000000,-8.380134,WAIT_USER_CONFIRM
5.574000,0.554499,-0.000000,0.264962,0.000000,0.000000,0.000000,-8.380134,WAIT_USER_CONFIRM
5.576000,0.554499,-0.000000,0.264962,0.000000,0.000000,0.000000,-8.380134,WAIT_USER_CONFIRM
5.578000,0.554499,-0.000000,0.264962,0.000000,0.000000,0.000000,-8.380134,WAIT_USER_CONFIRM
5.580000,0.554499,-0.000000,0.264962,0.000000,0.000000,0.000000,-8.380134,WAIT_USER_CONFIRM
5.582000,0.554499,-0.000000,0.264962,0.000000,0.000000,0.000000,-8.380134,WAIT_USER_CONFIRM
5.584000,0.554499,-0.000000,0.264962,0.000000,0.000000,0.000000,-8.380134,WAIT_USER_CONFIRM
5.586000,0.554499,-0.000000,0.264962,0.000000,0.000000,0.000000,-8.380134,WAIT_USER_CONFIRM
5.588000,0.554499,-0.000000,0.264962,0.000000,0.000000,0.000000,-8.380134,WAIT_USER_CONFIRM
5.590000,0.554499,-0.000000,0.264962,0.000000,0.000000,0.000000,-8.380134,WAIT_USER_CONFIRM
5.592000,0.554499,-0.000000,0.264962,0.000000,0.000000,0.000000,-8.380134,WAIT_USER_CONFIRM
5.594000,0.554499,-0.000000,0.264962,0.000000,0.000000,0.000000,-8.380134,WAIT_USER_CONFIRM
5.596000,0.554499,-0.000000,0.264962,0.000000,0.000000,0.000000,-8.380134,WAIT_USER_CONFIRM
5.598000,0.554499,-0.000000,0.264962,0.000000,0.000000,0.000000,-8.380134,WAIT_USER_CONFIRM
5.600000,0.554499,-0.000000,0.264962,0.000000,0.000000,0.000000,-8.380134,WAIT_USER_CONFIRM
5.602000,0.554499,-0.000000,0.264962,0.000000,0.000000,0.000000,-8.380134,WAIT_USER_CONFIRM
5.604000,0.554499,-0.000000,0.264962,0.000000,0.000000,0.000000,-8.380134,WAIT_USER_CONFIRM
5.606000,0.554499,-0.000000,0.264962,0.000000,0.000000,0.000000,-8.380134,WAIT_USER_CONFIRM
5.608000,0.554499,-0.000000,0.264962,0.000000,0.000000,0.000000,-8.380134,WAIT_USER_CONFIRM
5.610000,0.554499,-0.000000,0.264962,0.000000,0.000000,0.000000,-8.380134,WAIT_USER_CONFIRM
5.612000,0.554499,-0.000000,0.264962,0.000000,0.000000,0.000000,-8.380134,WAIT_USER_CONFIRM
5.614000,0.554499,-0.000000,0.264962,0.000000,0.000000,0.000000,-8.380134,WAIT_USER_CONFIRM
5.616000,0.554499,-0.000000,0.264962,0.000000,0.000000,0.000000,-8.380134,WAIT_USER_CONFIRM
5.618000,0.554499,-0.000000,0.264962,0.000000,0.000000,0.000000,-8.380134,WAIT_USER_CONFIRM
5.620000,0.554499,-0.000000,0.264962,0.000000,0.000000,0.000000,-8.380134,WAIT_USER_CONFIRM
5.622000,0.554499,-0.000000,0.264962,0.000000,0.000000,0.000000,-8.380134,WAIT_USER_CONFIRM
5.624000,0.554499,-0.000000,0.264962,0.000000,0.000000,0.000000,-8.380134,WAIT_USER_CONFIRM
5.626000,0.554499,-0.000000,0.264962,0.000000,0.000000,0.000000,-8.380134,WAIT_USER_CONFIRM
5.628000,0.554499,-0.000000,0.264962,0.000000,0.000000,0.000000,-8.380134,WAIT_USER_CONFIRM
5.630000,0.554499,-0.000000,0.264962,0.000000,0.000000,0.000000,-8.380134,WAIT_USER_CONFIRM
5.632000,0.554499,-0.000000,0.264962,0.000000,0.000000,0.000000,-8.380134,WAIT_USER_CONFIRM
5.634000,0.554499,-0.000000,0.264962,0.000000,0.000000,0.000000,-8.380134,WAIT_USER_CONFIRM
5.636000,0.554499,-0.000000,0.264962,0.000000,0.000000,0.000000,-8.380134,WAIT_USER_CONFIRM
5.638000,0.554499,-0.000000,0.264962,0.000000,0.000000,0.000000,-8.380134,WAIT_USER_CONFIRM
5.640000,0.554499,-0.000000,0.264962,0.000000,0.000000,0.000000,-8.380134,WAIT_USER_CONFIRM
5.642000,0.554499,-0.000000,0.264962,0.000000,0.000000,0.000000,-8.380134,WAIT_USER_CONFIRM
5.644000,0.554499,-0.000000,0.264962,0.000000,0.000000,0.000000,-8.380134,WAIT_USER_CONFIRM
5.646000,0.554499,-0.000000,0.264962,0.000000,0.000000,0.000000,-8.380134,WAIT_USER_CONFIRM
5.648000,0.554499,-0.000000,0.264962,0.000000,0.000000,0.000000,-8.380134,WAIT_USER_CONFIRM
5.650000,0.554499,-0.000000,0.264962,0.000000,0.000000,0.000000,-8.380134,WAIT_USER_CONFIRM
5.652000,0.554499,-0.000000,0.264962,0.000000,0.000000,0.000000,-8.380134,WAIT_USER_CONFIRM
5.654000,0.554499,-0.000000,0.264962,0.000000,0.000000,0.000000,-8.380134,WAIT_USER_CONFIRM
5.656000,0.554499,-0.000000,0.264962,0.000000,0.000000,0.000000,-8.380134,WAIT_USER_CONFIRM
5.658000,0.554499,-0.000000,0.264962,0.000000,0.000000,0.000000,-8.380134,WAIT_USER_CONFIRM
5.660000,0.554499,-0.000000,0.264962,0.000000,0.000000,0.000000,-8.380134,WAIT_USER_CONFIRM
5.662000,0.554499,-0.000000,0.264962,0.000000,0.000000,0.000000,-8.380134,WAIT_USER_CONFIRM
5.664000,0.554499,-0.000000,0.264962,0.000000,0.000000,0.000000,-8.380134,WAIT_USER_CONFIRM
5.666000,0.554499,-0.000000,0.264962,0.000000,0.000000,0.000000,-8.380134,WAIT_USER_CONFIRM
5.668000,0.554499,-0.000000,0.264962,0.000000,0.000000,0.000000,-8.380134,WAIT_USER_CONFIRM
5.670000,0.554499,-0.000000,0.264962,0.000000,0.000000,0.000000,-8.380134,WAIT_USER_CONFIRM
5.672000,0.554499,-0.000000,0.264962,0.000000,0.000000,0.000000,-8.380134,WAIT_USER_CONFIRM
5.674000,0.554499,-0.000000,0.264962,0.000000,0.000000,0.000000,-8.380134,WAIT_USER_CONFIRM
5.676000,0.554499,-0.000000,0.264962,0.000000,0.000000,0.000000,-8.380134,WAIT_USER_CONFIRM
5.678000,0.554499,-0.000000,0.264962,0.000000,0.000000,0.000000,-8.380134,WAIT_USER_CONFIRM
5.680000,0.554499,-0.000000,0.264962,0.000000,0.000000,0.000000,-8.380134,WAIT_USER_CONFIRM
5.682000,0.554499,-0.000000,0.264962,0.000000,0.000000,0.000000,-8.380134,WAIT_USER_CONFIRM
5.684000,0.554499,-0.000000,0.264962,0.000000,0.000000,0.000000,-8.380134,WAIT_USER_CONFIRM
5.686000,0.554499,-0.000000,0.264962,0.000000,0.000000,0.000000,-8.380134,WAIT_USER_CONFIRM
5.688000,0.554499,-0.000000,0.264962,0.000000,0.000000,0.000000,-8.380134,WAIT_USER_CONFIRM
5.690000,0.554499,-0.000000,0.264962,0.000000,0.000000,0.000000,-8.380134,WAIT_USER_CONFIRM
5.692000,0.554499,-0.000000,0.264962,0.000000,0.000000,0.000000,-8.380134,WAIT_USER_CONFIRM
5.694000,0.554499,-0.000000,0.264962,0.000000,0.000000,0.000000,-8.380134,WAIT_USER_CONFIRM
5.696000,0.554499,-0.000000,0.264962,0.000000,0.000000,0.000000,-8.380134,WAIT_USER_CONFIRM
5.698000,0.554499,-0.000000,0.264962,0.000000,0.000000,0.000000,-8.380134,WAIT_USER_CONFIRM
5.700000,0.554499,-0.000000,0.264962,0.000000,0.000000,0.000000,-8.380134,WAIT_USER_CONFIRM
5.702000,0.554499,-0.000000,0.264962,0.000000,0.000000,0.000000,-8.380134,WAIT_USER_CONFIRM
5.704000,0.554499,-0.000000,0.264962,0.000000,0.000000,0.000000,-8.380134,WAIT_USER_CONFIRM
5.706000,0.554499,-0.000000,0.264962,0.000000,0.000000,0.000000,-8.380134,WAIT_USER_CONFIRM
5.708000,0.554499,-0.000000,0.264962,0.000000,0.000000,0.000000,-8.380134,WAIT_USER_CONFIRM
5.710000,0.554499,-0.000000,0.264962,0.000000,0.000000,0.000000,-8.380134,WAIT_USER_CONFIRM
5.712000,0.554499,-0.000000,0.264962,0.000000,0.000000,0.000000,-8.380134,WAIT_USER_CONFIRM
5.714000,0.554499,-0.000000,0.264962,0.000000,0.000000,0.000000,-8.380134,WAIT_USER_CONFIRM
5.716000,0.554499,-0.000000,0.264962,0.000000,0.000000,0.000000,-8.380134,WAIT_USER_CONFIRM
5.718000,0.554499,-0.000000,0.264962,0.000000,0.000000,0.000000,-8.380134,WAIT_USER_CONFIRM
5.720000,0.554499,-0.000000,0.264962,0.000000,0.000000,0.000000,-8.380134,WAIT_USER_CONFIRM
5.722000,0.554499,-0.000000,0.264962,0.000000,0.000000,0.000000,-8.380134,WAIT_USER_CONFIRM
5.724000,0.554499,-0.000000,0.264962,0.000000,0.000000,0.000000,-8.380134,WAIT_USER_CONFIRM
5.726000,0.554499,-0.000000,0.264962,0.000000,0.000000,0.000000,-8.380134,WAIT_USER_CONFIRM
5.728000,0.554499,-0.000000,0.264962,0.000000,0.000000,0.000000,-8.380134,WAIT_USER_CONFIRM
5.730000,0.554499,-0.000000,0.264962,0.000000,0.000000,0.000000,-8.380134,WAIT_USER_CONFIRM
5.732000,0.554499,-0.000000,0.264962,0.000000,0.000000,0.000000,-8.380134,WAIT_USER_CONFIRM
5.734000,0.554499,-0.000000,0.264962,0.000000,0.000000,0.000000,-8.380134,WAIT_USER_CONFIRM
5.736000,0.554499,-0.000000,0.264962,0.000000,0.000000,0.000000,-8.380134,WAIT_USER_CONFIRM
5.738000,0.554499,-0.000000,0.264962,0.000000,0.000000,0.000000,-8.380134,WAIT_USER_CONFIRM
5.740000,0.554499,-0.000000,0.264962,0.000000,0.000000,0.000000,-8.380134,WAIT_USER_CONFIRM
5.742000,0.554499,-0.000000,0.264962,0.000000,0.000000,0.000000,-8.380134,WAIT_USER_CONFIRM
5.744000,0.554499,-0.000000,0.264962,0.000000,0.000000,0.000000,-8.380134,WAIT_USER_CONFIRM
5.746000,0.554499,-0.000000,0.264962,0.000000,0.000000,0.000000,-8.380134,WAIT_USER_CONFIRM
5.748000,0.554499,-0.000000,0.264962,0.000000,0.000000,0.000000,-8.380134,WAIT_USER_CONFIRM
5.750000,0.554499,-0.000000,0.264962,0.000000,0.000000,0.000000,-8.380134,WAIT_USER_CONFIRM
5.752000,0.554499,-0.000000,0.264962,0.000000,0.000000,0.000000,-8.380134,WAIT_USER_CONFIRM
5.754000,0.554499,-0.000000,0.264962,0.000000,0.000000,0.000000,-8.380134,WAIT_USER_CONFIRM
5.756000,0.554499,-0.000000,0.264962,0.000000,0.000000,0.000000,-8.380134,WAIT_USER_CONFIRM
5.758000,0.554499,-0.000000,0.264962,0.000000,0.000000,0.000000,-8.380134,WAIT_USER_CONFIRM
5.760000,0.554499,-0.000000,0.264962,0.000000,0.000000,0.000000,-8.380134,WAIT_USER_CONFIRM
5.762000,0.554499,-0.000000,0.264962,0.000000,0.000000,0.000000,-8.380134,WAIT_USER_CONFIRM
5.764000,0.554499,-0.000000,0.264962,0.000000,0.000000,0.000000,-8.380134,WAIT_USER_CONFIRM
5.766000,0.554499,-0.000000,0.264962,0.000000,0.000000,0.000000,-8.380134,WAIT_USER_CONFIRM
5.768000,0.554499,-0.000000,0.264962,0.000000,0.000000,0.000000,-8.380134,WAIT_USER_CONFIRM
5.770000,0.554499,-0.000000,0.264962,0.000000,0.000000,0.000000,-8.380134,WAIT_USER_CONFIRM
5.772000,0.554499,-0.000000,0.264962,0.000000,0.000000,0.000000,-8.380134,WAIT_USER_CONFIRM
5.774000,0.554499,-0.000000,0.264962,0.000000,0.000000,0.000000,-8.380134,WAIT_USER_CONFIRM
5.776000,0.554499,-0.000000,0.264962,0.000000,0.000000,0.000000,-8.380134,WAIT_USER_CONFIRM
5.778000,0.554499,-0.000000,0.264962,0.000000,0.000000,0.000000,-8.380134,WAIT_USER_CONFIRM
5.780000,0.554499,-0.000000,0.264962,0.000000,0.000000,0.000000,-8.380134,WAIT_USER_CONFIRM
5.782000,0.554499,-0.000000,0.264962,0.000000,0.000000,0.000000,-8.380134,WAIT_USER_CONFIRM
5.784000,0.554499,-0.000000,0.264962,0.000000,0.000000,0.000000,-8.380134,WAIT_USER_CONFIRM
5.786000,0.554499,-0.000000,0.264962,0.000000,0.000000,0.000000,-8.380134,WAIT_USER_CONFIRM
5.788000,0.554499,-0.000000,0.264962,0.000000,0.000000,0.000000,-8.380134,WAIT_USER_CONFIRM
5.790000,0.554499,-0.000000,0.264962,0.000000,0.000000,0.000000,-8.380134,WAIT_USER_CONFIRM
5.792000,0.554499,-0.000000,0.264962,0.000000,0.000000,0.000000,-8.380134,WAIT_USER_CONFIRM
5.794000,0.554499,-0.000000,0.264962,0.000000,0.000000,0.000000,-8.380134,WAIT_USER_CONFIRM
5.796000,0.554499,-0.000000,0.264962,0.000000,0.000000,0.000000,-8.380134,WAIT_USER_CONFIRM
5.798000,0.554499,-0.000000,0.264962,0.000000,0.000000,0.000000,-8.380134,WAIT_USER_CONFIRM
5.800000,0.554499,-0.000000,0.264962,0.000000,0.000000,0.000000,-8.380134,WAIT_USER_CONFIRM
5.802000,0.554499,-0.000000,0.264962,0.000000,0.000000,0.000000,-8.380134,WAIT_USER_CONFIRM
5.804000,0.554499,-0.000000,0.264962,0.000000,0.000000,0.000000,-8.380134,WAIT_USER_CONFIRM
5.806000,0.554499,-0.000000,0.264962,0.000000,0.000000,0.000000,-8.380134,WAIT_USER_CONFIRM
5.808000,0.554499,-0.000000,0.264962,0.000000,0.000000,0.000000,-8.380134,WAIT_USER_CONFIRM
5.810000,0.554499,-0.000000,0.264962,0.000000,0.000000,0.000000,-8.380134,WAIT_USER_CONFIRM
5.812000,0.554499,-0.000000,0.264962,0.000000,0.000000,0.000000,-8.380134,WAIT_USER_CONFIRM
5.814000,0.554499,-0.000000,0.264962,0.000000,0.000000,0.000000,-8.380134,WAIT_USER_CONFIRM
5.816000,0.554499,-0.000000,0.264962,0.000000,0.000000,0.000000,-8.380134,WAIT_USER_CONFIRM
5.818000,0.554499,-0.000000,0.264962,0.000000,0.000000,0.000000,-8.380134,WAIT_USER_CONFIRM
5.820000,0.554499,-0.000000,0.264962,0.000000,0.000000,0.000000,-8.380134,WAIT_USER_CONFIRM
5.822000,0.554499,-0.000000,0.264962,0.000000,0.000000,0.000000,-8.380134,WAIT_USER_CONFIRM
5.824000,0.554499,-0.000000,0.264962,0.000000,0.000000,0.000000,-8.380134,WAIT_USER_CONFIRM
5.826000,0.554499,-0.000000,0.264962,0.000000,0.000000,0.000000,-8.380134,WAIT_USER_CONFIRM
5.828000,0.554499,-0.000000,0.264962,0.000000,0.000000,0.000000,-8.380134,WAIT_USER_CONFIRM
5.830000,0.554499,-0.000000,0.264962,0.000000,0.000000,0.000000,-8.380134,WAIT_USER_CONFIRM
5.832000,0.554499,-0.000000,0.264962,0.000000,0.000000,0.000000,-8.380134,WAIT_USER_CONFIRM
5.834000,0.554499,-0.000000,0.264962,0.000000,0.000000,0.000000,-8.380134,WAIT_USER_CONFIRM
5.836000,0.554499,-0.000000,0.264962,0.000000,0.000000,0.000000,-8.380134,WAIT_USER_CONFIRM
5.838000,0.554499,-0.000000,0.264962,0.000000,0.000000,0.000000,-8.380134,WAIT_USER_CONFIRM
5.840000,0.554499,-0.000000,0.264962,0.000000,0.000000,0.000000,-8.380134,WAIT_USER_CONFIRM
5.842000,0.554499,-0.000000,0.264962,0.000000,0.000000,0.000000,-8.380134,WAIT_USER_CONFIRM
5.844000,0.554499,-0.000000,0.264962,0.000000,0.000000,0.000000,-8.380134,WAIT_USER_CONFIRM
5.846000,0.554499,-0.000000,0.264962,0.000000,0.000000,0.000000,-8.380134,WAIT_USER_CONFIRM
5.848000,0.554499,-0.000000,0.264962,0.000000,0.000000,0.000000,-8.380134,WAIT_USER_CONFIRM
5.850000,0.554499,-0.000000,0.264962,0.000000,0.000000,0.000000,-8.380134,WAIT_USER_CONFIRM
5.852000,0.554499,-0.000000,0.264962,0.000000,0.000000,0.000000,-8.380134,WAIT_USER_CONFIRM
5.854000,0.554499,-0.000000,0.264962,0.000000,0.000000,0.000000,-8.380134,WAIT_USER_CONFIRM
5.856000,0.554499,-0.000000,0.264962,0.000000,0.000000,0.000000,-8.380134,WAIT_USER_CONFIRM
5.858000,0.554499,-0.000000,0.264962,0.000000,0.000000,0.000000,-8.380134,WAIT_USER_CONFIRM
5.860000,0.554499,-0.000000,0.264962,0.000000,0.000000,0.000000,-8.380134,WAIT_USER_CONFIRM
5.862000,0.554499,-0.000000,0.264962,0.000000,0.000000,0.000000,-8.380134,WAIT_USER_CONFIRM
5.864000,0.554499,-0.000000,0.264962,0.000000,0.000000,0.000000,-8.380134,WAIT_USER_CONFIRM
5.866000,0.554499,-0.000000,0.264962,0.000000,0.000000,0.000000,-8.380134,WAIT_USER_CONFIRM
5.868000,0.554499,-0.000000,0.264962,0.000000,0.000000,0.000000,-8.380134,WAIT_USER_CONFIRM
5.870000,0.554499,-0.000000,0.264962,0.000000,0.000000,0.000000,-8.380134,WAIT_USER_CONFIRM
5.872000,0.554499,-0.000000,0.264962,0.000000,0.000000,0.000000,-8.380134,WAIT_USER_CONFIRM
5.874000,0.554499,-0.000000,0.264962,0.000000,0.000000,0.000000,-8.380134,WAIT_USER_CONFIRM
5.876000,0.554499,-0.000000,0.264962,0.000000,0.000000,0.000000,-8.380134,WAIT_USER_CONFIRM
5.878000,0.554499,-0.000000,0.264962,0.000000,0.000000,0.000000,-8.380134,WAIT_USER_CONFIRM
5.880000,0.554499,-0.000000,0.264962,0.000000,0.000000,0.000000,-8.380134,WAIT_USER_CONFIRM
5.882000,0.554499,-0.000000,0.264962,0.000000,0.000000,0.000000,-8.380134,WAIT_USER_CONFIRM
5.884000,0.554499,-0.000000,0.264962,0.000000,0.000000,0.000000,-8.380134,WAIT_USER_CONFIRM
5.886000,0.554499,-0.000000,0.264962,0.000000,0.000000,0.000000,-8.380134,WAIT_USER_CONFIRM
5.888000,0.554499,-0.000000,0.264962,0.000000,0.000000,0.000000,-8.380134,WAIT_USER_CONFIRM
5.890000,0.554499,-0.000000,0.264962,0.000000,0.000000,0.000000,-8.380134,WAIT_USER_CONFIRM
5.892000,0.554499,-0.000000,0.264962,0.000000,0.000000,0.000000,-8.380134,WAIT_USER_CONFIRM
5.894000,0.554499,-0.000000,0.264962,0.000000,0.000000,0.000000,-8.380134,WAIT_USER_CONFIRM
5.896000,0.554499,-0.000000,0.264962,0.000000,0.000000,0.000000,-8.380134,WAIT_USER_CONFIRM
5.898000,0.554499,-0.000000,0.264962,0.000000,0.000000,0.000000,-8.380134,WAIT_USER_CONFIRM
5.900000,0.554499,-0.000000,0.264962,0.000000,0.000000,0.000000,-8.380134,WAIT_USER_CONFIRM
5.902000,0.554499,-0.000000,0.264962,0.000000,0.000000,0.000000,-8.380134,WAIT_USER_CONFIRM
5.904000,0.554499,-0.000000,0.264962,0.000000,0.000000,0.000000,-8.380134,WAIT_USER_CONFIRM
5.906000,0.554499,-0.000000,0.264962,0.000000,0.000000,0.000000,-8.380134,WAIT_USER_CONFIRM
5.908000,0.554499,-0.000000,0.264962,0.000000,0.000000,0.000000,-8.380134,WAIT_USER_CONFIRM
5.910000,0.554499,-0.000000,0.264962,0.000000,0.000000,0.000000,-8.380134,WAIT_USER_CONFIRM
5.912000,0.554499,-0.000000,0.264962,0.000000,0.000000,0.000000,-8.380134,WAIT_USER_CONFIRM
5.914000,0.554499,-0.000000,0.264962,0.000000,0.000000,0.000000,-8.380134,WAIT_USER_CONFIRM
5.916000,0.554499,-0.000000,0.264962,0.000000,0.000000,0.000000,-8.380134,WAIT_USER_CONFIRM
5.918000,0.554499,-0.000000,0.264962,0.000000,0.000000,0.000000,-8.380134,WAIT_USER_CONFIRM
5.920000,0.554499,-0.000000,0.264962,0.000000,0.000000,0.000000,-8.380134,WAIT_USER_CONFIRM
5.922000,0.554499,-0.000000,0.264962,0.000000,0.000000,0.000000,-8.380134,WAIT_USER_CONFIRM
5.924000,0.554499,-0.000000,0.264962,0.000000,0.000000,0.000000,-8.380134,WAIT_USER_CONFIRM
5.926000,0.554499,-0.000000,0.264962,0.000000,0.000000,0.000000,-8.380134,WAIT_USER_CONFIRM
5.928000,0.554499,-0.000000,0.264962,0.000000,0.000000,0.000000,-8.380134,WAIT_USER_CONFIRM
5.930000,0.554499,-0.000000,0.264962,0.000000,0.000000,0.000000,-8.380134,WAIT_USER_CONFIRM
5.932000,0.554499,-0.000000,0.264962,0.000000,0.000000,0.000000,-8.380134,WAIT_USER_CONFIRM
5.934000,0.554499,-0.000000,0.264962,0.000000,0.000000,0.000000,-8.380134,WAIT_USER_CONFIRM
5.936000,0.554499,-0.000000,0.264962,0.000000,0.000000,0.000000,-8.380134,WAIT_USER_CONFIRM
5.938000,0.554499,-0.000000,0.264962,0.000000,0.000000,0.000000,-8.380134,WAIT_USER_CONFIRM
5.940000,0.554499,-0.000000,0.264962,0.000000,0.000000,0.000000,-8.380134,WAIT_USER_CONFIRM
5.942000,0.554499,-0.000000,0.264962,0.000000,0.000000,0.000000,-8.380134,WAIT_USER_CONFIRM
5.944000,0.554499,-0.000000,0.264962,0.000000,0.000000,0.000000,-8.380134,WAIT_USER_CONFIRM
5.946000,0.554499,-0.000000,0.264962,0.000000,0.000000,0.000000,-8.380134,WAIT_USER_CONFIRM
5.948000,0.554499,-0.000000,0.264962,0.000000,0.000000,0.000000,-8.380134,WAIT_USER_CONFIRM
5.950000,0.554499,-0.000000,0.264962,0.000000,0.000000,0.000000,-8.380134,WAIT_USER_CONFIRM
5.952000,0.554499,-0.000000,0.264962,0.000000,0.000000,0.000000,-8.380134,WAIT_USER_CONFIRM
5.954000,0.554499,-0.000000,0.264962,0.000000,0.000000,0.000000,-8.380134,WAIT_USER_CONFIRM
5.956000,0.554499,-0.000000,0.264962,0.000000,0.000000,0.000000,-8.380134,WAIT_USER_CONFIRM
5.958000,0.554499,-0.000000,0.264962,0.000000,0.000000,0.000000,-8.380134,WAIT_USER_CONFIRM
5.960000,0.554499,-0.000000,0.264962,0.000000,0.000000,0.000000,-8.380134,WAIT_USER_CONFIRM
5.962000,0.554499,-0.000000,0.264962,0.000000,0.000000,0.000000,-8.380134,WAIT_USER_CONFIRM
5.964000,0.554499,-0.000000,0.264962,0.000000,0.000000,0.000000,-8.380134,WAIT_USER_CONFIRM
5.966000,0.554499,-0.000000,0.264962,0.000000,0.000000,0.000000,-8.380134,WAIT_USER_CONFIRM
5.968000,0.554499,-0.000000,0.264962,0.000000,0.000000,0.000000,-8.380134,WAIT_USER_CONFIRM
5.970000,0.554499,-0.000000,0.264962,0.000000,0.000000,0.000000,-8.380134,WAIT_USER_CONFIRM
5.972000,0.554499,-0.000000,0.264962,0.000000,0.000000,0.000000,-8.380134,WAIT_USER_CONFIRM
5.974000,0.554499,-0.000000,0.264962,0.000000,0.000000,0.000000,-8.380134,WAIT_USER_CONFIRM
5.976000,0.554499,-0.000000,0.264962,0.000000,0.000000,0.000000,-8.380134,WAIT_USER_CONFIRM
5.978000,0.554499,-0.000000,0.264962,0.000000,0.000000,0.000000,-8.380134,WAIT_USER_CONFIRM
5.980000,0.554499,-0.000000,0.264962,0.000000,0.000000,0.000000,-8.380134,WAIT_USER_CONFIRM
5.982000,0.554499,-0.000000,0.264962,0.000000,0.000000,0.000000,-8.380134,WAIT_USER_CONFIRM
5.984000,0.554499,-0.000000,0.264962,0.000000,0.000000,0.000000,-8.380134,WAIT_USER_CONFIRM
5.986000,0.554499,-0.000000,0.264962,0.000000,0.000000,0.000000,-8.380134,WAIT_USER_CONFIRM
5.988000,0.554499,-0.000000,0.264962,0.000000,0.000000,0.000000,-8.380134,WAIT_USER_CONFIRM
5.990000,0.554499,-0.000000,0.264962,0.000000,0.000000,0.000000,-8.380134,WAIT_USER_CONFIRM
5.992000,0.554499,-0.000000,0.264962,0.000000,0.000000,0.000000,-8.380134,WAIT_USER_CONFIRM
5.994000,0.554499,-0.000000,0.264962,0.000000,0.000000,0.000000,-8.380134,WAIT_USER_CONFIRM
5.996000,0.554499,-0.000000,0.264962,0.000000,0.000000,0.000000,-8.380134,WAIT_USER_CONFIRM
5.998000,0.554499,-0.000000,0.264962,0.000000,0.000000,0.000000,-8.380134,WAIT_USER_CONFIRM
6.000000,0.554499,-0.000000,0.264962,0.000000,0.000000,0.000000,-8.380134,WAIT_USER_CONFIRM
6.002000,0.554499,-0.000000,0.264962,0.000000,0.000000,0.000000,-8.380134,WAIT_USER_CONFIRM
6.004000,0.554499,-0.000000,0.264962,0.000000,0.000000,0.000000,-8.380134,WAIT_USER_CONFIRM
6.006000,0.554499,-0.000000,0.264962,0.000000,0.000000,0.000000,-8.380134,WAIT_USER_CONFIRM
6.008000,0.554499,-0.000000,0.264962,0.000000,0.000000,0.000000,-8.380134,WAIT_USER_CONFIRM
6.010000,0.554499,-0.000000,0.264962,0.000000,0.000000,0.000000,-8.380134,WAIT_USER_CONFIRM
6.012000,0.554499,-0.000000,0.264962,0.000000,0.000000,0.000000,-8.380134,WAIT_USER_CONFIRM
6.014000,0.554499,-0.000000,0.264962,0.000000,0.000000,0.000000,-8.380134,WAIT_USER_CONFIRM
6.016000,0.554499,-0.000000,0.264962,0.000000,0.000000,0.000000,-8.380134,WAIT_USER_CONFIRM
6.018000,0.554499,-0.000000,0.264962,0.000000,0.000000,0.000000,-8.380134,WAIT_USER_CONFIRM
6.020000,0.554499,-0.000000,0.264962,0.000000,0.000000,0.000000,-8.380134,WAIT_USER_CONFIRM
6.022000,0.554499,-0.000000,0.264962,0.000000,0.000000,0.000000,-8.380134,WAIT_USER_CONFIRM
6.024000,0.554499,-0.000000,0.264962,0.000000,0.000000,0.000000,-8.380134,WAIT_USER_CONFIRM
6.026000,0.554499,-0.000000,0.264962,0.000000,0.000000,0.000000,-8.380134,WAIT_USER_CONFIRM
6.028000,0.554499,-0.000000,0.264962,0.000000,0.000000,0.000000,-8.380134,WAIT_USER_CONFIRM
6.030000,0.554499,-0.000000,0.264962,0.000000,0.000000,0.000000,-8.380134,WAIT_USER_CONFIRM
6.032000,0.554499,-0.000000,0.264962,0.000000,0.000000,0.000000,-8.380134,WAIT_USER_CONFIRM
6.034000,0.554499,-0.000000,0.264962,0.000000,0.000000,0.000000,-8.380134,WAIT_USER_CONFIRM
6.036000,0.554499,-0.000000,0.264962,0.000000,0.000000,0.000000,-8.380134,WAIT_USER_CONFIRM
6.038000,0.554499,-0.000000,0.264962,0.000000,0.000000,0.000000,-8.380134,WAIT_USER_CONFIRM
6.040000,0.554499,-0.000000,0.264962,0.000000,0.000000,0.000000,-8.380134,WAIT_USER_CONFIRM
6.042000,0.554499,-0.000000,0.264962,0.000000,0.000000,0.000000,-8.380134,WAIT_USER_CONFIRM
6.044000,0.554499,-0.000000,0.264962,0.000000,0.000000,0.000000,-8.380134,WAIT_USER_CONFIRM
6.046000,0.554499,-0.000000,0.264962,0.000000,0.000000,0.000000,-8.380134,WAIT_USER_CONFIRM
6.048000,0.554499,-0.000000,0.264962,0.000000,0.000000,0.000000,-8.380134,WAIT_USER_CONFIRM
6.050000,0.554499,-0.000000,0.264962,0.000000,0.000000,0.000000,-8.380134,WAIT_USER_CONFIRM
6.052000,0.554499,-0.000000,0.264962,0.000000,0.000000,0.000000,-8.380134,WAIT_USER_CONFIRM
6.054000,0.554499,-0.000000,0.264962,0.000000,0.000000,0.000000,-8.380134,WAIT_USER_CONFIRM
6.056000,0.554499,-0.000000,0.264962,0.000000,0.000000,0.000000,-8.380134,WAIT_USER_CONFIRM
6.058000,0.554499,-0.000000,0.264962,0.000000,0.000000,0.000000,-8.380134,WAIT_USER_CONFIRM
6.060000,0.554499,-0.000000,0.264962,0.000000,0.000000,0.000000,-8.380134,WAIT_USER_CONFIRM
6.062000,0.554499,-0.000000,0.264962,0.000000,0.000000,0.000000,-8.380134,WAIT_USER_CONFIRM
6.064000,0.554499,-0.000000,0.264962,0.000000,0.000000,0.000000,-8.380134,WAIT_USER_CONFIRM
6.066000,0.554499,-0.000000,0.264962,0.000000,0.000000,0.000000,-8.380134,WAIT_USER_CONFIRM
6.068000,0.554499,-0.000000,0.264962,0.000000,0.000000,0.000000,-8.380134,WAIT_USER_CONFIRM
6.070000,0.554499,-0.000000,0.264962,0.000000,0.000000,0.000000,-8.380134,WAIT_USER_CONFIRM
6.072000,0.554499,-0.000000,0.264962,0.000000,0.000000,0.000000,-8.380134,WAIT_USER_CONFIRM
6.074000,0.554499,-0.000000,0.264962,0.000000,0.000000,0.000000,-8.380134,WAIT_USER_CONFIRM
6.076000,0.554499,-0.000000,0.264962,0.000000,0.000000,0.000000,-8.380134,WAIT_USER_CONFIRM
6.078000,0.554499,-0.000000,0.264962,0.000000,0.000000,0.000000,-8.380134,WAIT_USER_CONFIRM
6.080000,0.554499,-0.000000,0.264962,0.000000,0.000000,0.000000,-8.380134,WAIT_USER_CONFIRM
6.082000,0.554499,-0.000000,0.264962,0.000000,0.000000,0.000000,-8.380134,WAIT_USER_CONFIRM
6.084000,0.554499,-0.000000,0.264962,0.000000,0.000000,0.000000,-8.380134,WAIT_USER_CONFIRM
6.086000,0.554499,-0.000000,0.264962,0.000000,0.000000,0.000000,-8.380134,WAIT_USER_CONFIRM
6.088000,0.554499,-0.000000,0.264962,0.000000,0.000000,0.000000,-8.380134,WAIT_USER_CONFIRM
6.090000,0.554499,-0.000000,0.264962,0.000000,0.000000,0.000000,-8.380134,WAIT_USER_CONFIRM
6.092000,0.554499,-0.000000,0.264962,0.000000,0.000000,0.000000,-8.380134,WAIT_USER_CONFIRM
6.094000,0.554499,-0.000000,0.264962,0.000000,0.000000,0.000000,-8.380134,WAIT_USER_CONFIRM
6.096000,0.554499,-0.000000,0.264962,0.000000,0.000000,0.000000,-8.380134,WAIT_USER_CONFIRM
6.098000,0.554499,-0.000000,0.264962,0.000000,0.000000,0.000000,-8.380134,WAIT_USER_CONFIRM
6.100000,0.554499,-0.000000,0.264962,0.000000,0.000000,0.000000,-8.380134,WAIT_USER_CONFIRM
6.102000,0.554499,-0.000000,0.264962,0.000000,0.000000,0.000000,-8.380134,WAIT_USER_CONFIRM
6.104000,0.554499,-0.000000,0.264962,0.000000,0.000000,0.000000,-8.380134,WAIT_USER_CONFIRM
6.106000,0.554499,-0.000000,0.264962,0.000000,0.000000,0.000000,-8.380134,WAIT_USER_CONFIRM
6.108000,0.554499,-0.000000,0.264962,0.000000,0.000000,0.000000,-8.380134,WAIT_USER_CONFIRM
6.110000,0.554499,-0.000000,0.264962,0.000000,0.000000,0.000000,-8.380134,WAIT_USER_CONFIRM
6.112000,0.554499,-0.000000,0.264962,0.000000,0.000000,0.000000,-8.380134,WAIT_USER_CONFIRM
6.114000,0.554499,-0.000000,0.264962,0.000000,0.000000,0.000000,-8.380134,WAIT_USER_CONFIRM
6.116000,0.554499,-0.000000,0.264962,0.000000,0.000000,0.000000,-8.380134,WAIT_USER_CONFIRM
6.118000,0.554499,-0.000000,0.264962,0.000000,0.000000,0.000000,-8.380134,WAIT_USER_CONFIRM
6.120000,0.554499,-0.000000,0.264962,0.000000,0.000000,0.000000,-8.380134,WAIT_USER_CONFIRM
6.122000,0.554499,-0.000000,0.264962,0.000000,0.000000,0.000000,-8.380134,WAIT_USER_CONFIRM
6.124000,0.554499,-0.000000,0.264962,0.000000,0.000000,0.000000,-8.380134,WAIT_USER_CONFIRM
6.126000,0.554499,-0.000000,0.264962,0.000000,0.000000,0.000000,-8.380134,WAIT_USER_CONFIRM
6.128000,0.554499,-0.000000,0.264962,0.000000,0.000000,0.000000,-8.380134,WAIT_USER_CONFIRM
6.130000,0.554499,-0.000000,0.264962,0.000000,0.000000,0.000000,-8.380134,WAIT_USER_CONFIRM
6.132000,0.554499,-0.000000,0.264962,0.000000,0.000000,0.000000,-8.380134,WAIT_USER_CONFIRM
6.134000,0.554499,-0.000000,0.264962,0.000000,0.000000,0.000000,-8.380134,WAIT_USER_CONFIRM
6.136000,0.554499,-0.000000,0.264962,0.000000,0.000000,0.000000,-8.380134,WAIT_USER_CONFIRM
6.138000,0.554499,-0.000000,0.264962,0.000000,0.000000,0.000000,-8.380134,WAIT_USER_CONFIRM
6.140000,0.554499,-0.000000,0.264962,0.000000,0.000000,0.000000,-8.380134,WAIT_USER_CONFIRM
6.142000,0.554499,-0.000000,0.264962,0.000000,0.000000,0.000000,-8.380134,WAIT_USER_CONFIRM
6.144000,0.554499,-0.000000,0.264962,0.000000,0.000000,0.000000,-8.380134,WAIT_USER_CONFIRM
6.146000,0.554499,-0.000000,0.264962,0.000000,0.000000,0.000000,-8.380134,WAIT_USER_CONFIRM
6.148000,0.554499,-0.000000,0.264962,0.000000,0.000000,0.000000,-8.380134,WAIT_USER_CONFIRM
6.150000,0.554499,-0.000000,0.264962,0.000000,0.000000,0.000000,-8.380134,WAIT_USER_CONFIRM
6.152000,0.554499,-0.000000,0.264962,0.000000,0.000000,0.000000,-8.380134,WAIT_USER_CONFIRM
6.154000,0.554499,-0.000000,0.264962,0.000000,0.000000,0.000000,-8.380134,WAIT_USER_CONFIRM
6.156000,0.554499,-0.000000,0.264962,0.000000,0.000000,0.000000,-8.380134,WAIT_USER_CONFIRM
6.158000,0.554499,-0.000000,0.264962,0.000000,0.000000,0.000000,-8.380134,WAIT_USER_CONFIRM
6.160000,0.554499,-0.000000,0.264962,0.000000,0.000000,0.000000,-8.380134,WAIT_USER_CONFIRM
6.162000,0.554499,-0.000000,0.264962,0.000000,0.000000,0.000000,-8.380134,WAIT_USER_CONFIRM
6.164000,0.554499,-0.000000,0.264962,0.000000,0.000000,0.000000,-8.380134,WAIT_USER_CONFIRM
6.166000,0.554499,-0.000000,0.264962,0.000000,0.000000,0.000000,-8.380134,WAIT_USER_CONFIRM
6.168000,0.554499,-0.000000,0.264962,0.000000,0.000000,0.000000,-8.380134,WAIT_USER_CONFIRM
6.170000,0.554499,-0.000000,0.264962,0.000000,0.000000,0.000000,-8.380134,WAIT_USER_CONFIRM
6.172000,0.554499,-0.000000,0.264962,0.000000,0.000000,0.000000,-8.380134,WAIT_USER_CONFIRM
6.174000,0.554499,-0.000000,0.264962,0.000000,0.000000,0.000000,-8.380134,WAIT_USER_CONFIRM
6.176000,0.554499,-0.000000,0.264962,0.000000,0.000000,0.000000,-8.380134,WAIT_USER_CONFIRM
6.178000,0.554499,-0.000000,0.264962,0.000000,0.000000,0.000000,-8.380134,WAIT_USER_CONFIRM
6.180000,0.554499,-0.000000,0.264962,0.000000,0.000000,0.000000,-8.380134,WAIT_USER_CONFIRM
6.182000,0.554499,-0.000000,0.264962,0.000000,0.000000,0.000000,-8.380134,WAIT_USER_CONFIRM
6.184000,0.554499,-0.000000,0.264962,0.000000,0.000000,0.000000,-8.380134,WAIT_USER_CONFIRM
6.186000,0.554499,-0.000000,0.264962,0.000000,0.000000,0.000000,-8.380134,WAIT_USER_CONFIRM
6.188000,0.554499,-0.000000,0.264962,0.000000,0.000000,0.000000,-8.380134,WAIT_USER_CONFIRM
6.190000,0.554499,-0.000000,0.264962,0.000000,0.000000,0.000000,-8.380134,WAIT_USER_CONFIRM
6.192000,0.554499,-0.000000,0.264962,0.000000,0.000000,0.000000,-8.380134,WAIT_USER_CONFIRM
6.194000,0.554499,-0.000000,0.264962,0.000000,0.000000,0.000000,-8.380134,WAIT_USER_CONFIRM
6.196000,0.554499,-0.000000,0.264962,0.000000,0.000000,0.000000,-8.380134,WAIT_USER_CONFIRM
6.198000,0.554499,-0.000000,0.264962,0.000000,0.000000,0.000000,-8.380134,WAIT_USER_CONFIRM
6.200000,0.554499,-0.000000,0.264962,0.000000,0.000000,0.000000,-8.380134,WAIT_USER_CONFIRM
6.202000,0.554499,-0.000000,0.264962,0.000000,0.000000,0.000000,-8.380134,WAIT_USER_CONFIRM
6.204000,0.554499,-0.000000,0.264962,0.000000,0.000000,0.000000,-8.380134,WAIT_USER_CONFIRM
6.206000,0.554499,-0.000000,0.264962,0.000000,0.000000,0.000000,-8.380134,WAIT_USER_CONFIRM
6.208000,0.554499,-0.000000,0.264962,0.000000,0.000000,0.000000,-8.380134,WAIT_USER_CONFIRM
6.210000,0.554499,-0.000000,0.264962,0.000000,0.000000,0.000000,-8.380134,WAIT_USER_CONFIRM
6.212000,0.554499,-0.000000,0.264962,0.000000,0.000000,0.000000,-8.380134,WAIT_USER_CONFIRM
6.214000,0.554499,-0.000000,0.264962,0.000000,0.000000,0.000000,-8.380134,WAIT_USER_CONFIRM
6.216000,0.554499,-0.000000,0.264962,0.000000,0.000000,0.000000,-8.380134,WAIT_USER_CONFIRM
6.218000,0.554499,-0.000000,0.264962,0.000000,0.000000,0.000000,-8.380134,WAIT_USER_CONFIRM
6.220000,0.554499,-0.000000,0.264962,0.000000,0.000000,0.000000,-8.380134,WAIT_USER_CONFIRM
6.222000,0.554499,-0.000000,0.264962,0.000000,0.000000,0.000000,-8.380134,WAIT_USER_CONFIRM
6.224000,0.554499,-0.000000,0.264962,0.000000,0.000000,0.000000,-8.380134,WAIT_USER_CONFIRM
6.226000,0.554499,-0.000000,0.264962,0.000000,0.000000,0.000000,-8.380134,WAIT_USER_CONFIRM
6.228000,0.554499,-0.000000,0.264962,0.000000,0.000000,0.000000,-8.380134,WAIT_USER_CONFIRM
6.230000,0.554499,-0.000000,0.264962,0.000000,0.000000,0.000000,-8.380134,WAIT_USER_CONFIRM
6.232000,0.554499,-0.000000,0.264962,0.000000,0.000000,0.000000,-8.380134,WAIT_USER_CONFIRM
6.234000,0.554499,-0.000000,0.264962,0.000000,0.000000,0.000000,-8.380134,WAIT_USER_CONFIRM
6.236000,0.554499,-0.000000,0.264962,0.000000,0.000000,0.000000,-8.380134,WAIT_USER_CONFIRM
6.238000,0.554499,-0.000000,0.264962,0.000000,0.000000,0.000000,-8.380134,WAIT_USER_CONFIRM
6.240000,0.554499,-0.000000,0.264962,0.000000,0.000000,0.000000,-8.380134,WAIT_USER_CONFIRM
6.242000,0.554499,-0.000000,0.264962,0.000000,0.000000,0.000000,-8.380134,WAIT_USER_CONFIRM
6.244000,0.554499,-0.000000,0.264962,0.000000,0.000000,0.000000,-8.380134,WAIT_USER_CONFIRM
6.246000,0.554499,-0.000000,0.264962,0.000000,0.000000,0.000000,-8.380134,WAIT_USER_CONFIRM
6.248000,0.554499,-0.000000,0.264962,0.000000,0.000000,0.000000,-8.380134,WAIT_USER_CONFIRM
6.250000,0.554499,-0.000000,0.264962,0.000000,0.000000,0.000000,-8.380134,WAIT_USER_CONFIRM
6.252000,0.554499,-0.000000,0.264962,0.000000,0.000000,0.000000,-8.380134,WAIT_USER_CONFIRM
6.254000,0.554499,-0.000000,0.264962,0.000000,0.000000,0.000000,-8.380134,WAIT_USER_CONFIRM
6.256000,0.554499,-0.000000,0.264962,0.000000,0.000000,0.000000,-8.380134,WAIT_USER_CONFIRM
6.258000,0.554499,-0.000000,0.264962,0.000000,0.000000,0.000000,-8.380134,WAIT_USER_CONFIRM
6.260000,0.554499,-0.000000,0.264962,0.000000,0.000000,0.000000,-8.380134,WAIT_USER_CONFIRM
6.262000,0.554499,-0.000000,0.264962,0.000000,0.000000,0.000000,-8.380134,WAIT_USER_CONFIRM
6.264000,0.554499,-0.000000,0.264962,0.000000,0.000000,0.000000,-8.380134,WAIT_USER_CONFIRM
6.266000,0.554499,-0.000000,0.264962,0.000000,0.000000,0.000000,-8.380134,WAIT_USER_CONFIRM
6.268000,0.554499,-0.000000,0.264962,0.000000,0.000000,0.000000,-8.380134,WAIT_USER_CONFIRM
6.270000,0.554499,-0.000000,0.264962,0.000000,0.000000,0.000000,-8.380134,WAIT_USER_CONFIRM
6.272000,0.554499,-0.000000,0.264962,0.000000,0.000000,0.000000,-8.380134,WAIT_USER_CONFIRM
6.274000,0.554499,-0.000000,0.264962,0.000000,0.000000,0.000000,-8.380134,WAIT_USER_CONFIRM
6.276000,0.554499,-0.000000,0.264962,0.000000,0.000000,0.000000,-8.380134,WAIT_USER_CONFIRM
6.278000,0.554499,-0.000000,0.264962,0.000000,0.000000,0.000000,-8.380134,WAIT_USER_CONFIRM
6.280000,0.554499,-0.000000,0.264962,0.000000,0.000000,0.000000,-8.380134,WAIT_USER_CONFIRM
6.282000,0.554499,-0.000000,0.264962,0.000000,0.000000,0.000000,-8.380134,WAIT_USER_CONFIRM
6.284000,0.554499,-0.000000,0.264962,0.000000,0.000000,0.000000,-8.380134,WAIT_USER_CONFIRM
6.286000,0.554499,-0.000000,0.264962,0.000000,0.000000,0.000000,-8.380134,WAIT_USER_CONFIRM
6.288000,0.554499,-0.000000,0.264962,0.000000,0.000000,0.000000,-8.380134,WAIT_USER_CONFIRM
6.290000,0.554499,-0.000000,0.264962,0.000000,0.000000,0.000000,-8.380134,WAIT_USER_CONFIRM
6.292000,0.554499,-0.000000,0.264962,0.000000,0.000000,0.000000,-8.380134,WAIT_USER_CONFIRM
6.294000,0.554499,-0.000000,0.264962,0.000000,0.000000,0.000000,-8.380134,WAIT_USER_CONFIRM
6.296000,0.554499,-0.000000,0.264962,0.000000,0.000000,0.000000,-8.380134,WAIT_USER_CONFIRM
6.298000,0.554499,-0.000000,0.264962,0.000000,0.000000,0.000000,-8.380134,WAIT_USER_CONFIRM
6.300000,0.554499,-0.000000,0.264962,0.000000,0.000000,0.000000,-8.380134,WAIT_USER_CONFIRM
6.302000,0.554499,-0.000000,0.264962,0.000000,0.000000,0.000000,-8.380134,WAIT_USER_CONFIRM
6.304000,0.554499,-0.000000,0.264962,0.000000,0.000000,0.000000,-8.380134,WAIT_USER_CONFIRM
6.306000,0.554499,-0.000000,0.264962,0.000000,0.000000,0.000000,-8.380134,WAIT_USER_CONFIRM
6.308000,0.554499,-0.000000,0.264962,0.000000,0.000000,0.000000,-8.380134,WAIT_USER_CONFIRM
6.310000,0.554499,-0.000000,0.264962,0.000000,0.000000,0.000000,-8.380134,WAIT_USER_CONFIRM
6.312000,0.554499,-0.000000,0.264962,0.000000,0.000000,0.000000,-8.380134,WAIT_USER_CONFIRM
6.314000,0.554499,-0.000000,0.264962,0.000000,0.000000,0.000000,-8.380134,WAIT_USER_CONFIRM
6.316000,0.554499,-0.000000,0.264962,0.000000,0.000000,0.000000,-8.380134,WAIT_USER_CONFIRM
6.318000,0.554499,-0.000000,0.264962,0.000000,0.000000,0.000000,-8.380134,WAIT_USER_CONFIRM
6.320000,0.554499,-0.000000,0.264962,0.000000,0.000000,0.000000,-8.380134,WAIT_USER_CONFIRM
6.322000,0.554499,-0.000000,0.264962,0.000000,0.000000,0.000000,-8.380134,WAIT_USER_CONFIRM
6.324000,0.554499,-0.000000,0.264962,0.000000,0.000000,0.000000,-8.380134,WAIT_USER_CONFIRM
6.326000,0.554499,-0.000000,0.264962,0.000000,0.000000,0.000000,-8.380134,WAIT_USER_CONFIRM
6.328000,0.554499,-0.000000,0.264962,0.000000,0.000000,0.000000,-8.380134,WAIT_USER_CONFIRM
6.330000,0.554499,-0.000000,0.264962,0.000000,0.000000,0.000000,-8.380134,WAIT_USER_CONFIRM
6.332000,0.554499,-0.000000,0.264962,0.000000,0.000000,0.000000,-8.380134,WAIT_USER_CONFIRM
6.334000,0.554499,-0.000000,0.264962,0.000000,0.000000,0.000000,-8.380134,WAIT_USER_CONFIRM
6.336000,0.554499,-0.000000,0.264962,0.000000,0.000000,0.000000,-8.380134,WAIT_USER_CONFIRM
6.338000,0.554499,-0.000000,0.264962,0.000000,0.000000,0.000000,-8.380134,WAIT_USER_CONFIRM
6.340000,0.554499,-0.000000,0.264962,0.000000,0.000000,0.000000,-8.380134,WAIT_USER_CONFIRM
6.342000,0.554499,-0.000000,0.264962,0.000000,0.000000,0.000000,-8.380134,WAIT_USER_CONFIRM
6.344000,0.554499,-0.000000,0.264962,0.000000,0.000000,0.000000,-8.380134,WAIT_USER_CONFIRM
6.346000,0.554499,-0.000000,0.264962,0.000000,0.000000,0.000000,-8.380134,WAIT_USER_CONFIRM
6.348000,0.554499,-0.000000,0.264962,0.000000,0.000000,0.000000,-8.380134,WAIT_USER_CONFIRM
6.350000,0.554499,-0.000000,0.264962,0.000000,0.000000,0.000000,-8.380134,WAIT_USER_CONFIRM
6.352000,0.554499,-0.000000,0.264962,0.000000,0.000000,0.000000,-8.380134,WAIT_USER_CONFIRM
6.354000,0.554499,-0.000000,0.264962,0.000000,0.000000,0.000000,-8.380134,WAIT_USER_CONFIRM
6.356000,0.554499,-0.000000,0.264962,0.000000,0.000000,0.000000,-8.380134,WAIT_USER_CONFIRM
6.358000,0.554499,-0.000000,0.264962,0.000000,0.000000,0.000000,-8.380134,WAIT_USER_CONFIRM
6.360000,0.554499,-0.000000,0.264962,0.000000,0.000000,0.000000,-8.380134,WAIT_USER_CONFIRM
6.362000,0.554499,-0.000000,0.264962,0.000000,0.000000,0.000000,-8.380134,WAIT_USER_CONFIRM
6.364000,0.554499,-0.000000,0.264962,0.000000,0.000000,0.000000,-8.380134,WAIT_USER_CONFIRM
6.366000,0.554499,-0.000000,0.264962,0.000000,0.000000,0.000000,-8.380134,WAIT_USER_CONFIRM
6.368000,0.554499,-0.000000,0.264962,0.000000,0.000000,0.000000,-8.380134,WAIT_USER_CONFIRM
6.370000,0.554499,-0.000000,0.264962,0.000000,0.000000,0.000000,-8.380134,WAIT_USER_CONFIRM
6.372000,0.554499,-0.000000,0.264962,0.000000,0.000000,0.000000,-8.380134,WAIT_USER_CONFIRM
6.374000,0.554499,-0.000000,0.264962,0.000000,0.000000,0.000000,-8.380134,WAIT_USER_CONFIRM
6.376000,0.554499,-0.000000,0.264962,0.000000,0.000000,0.000000,-8.380134,WAIT_USER_CONFIRM
6.378000,0.554499,-0.000000,0.264962,0.000000,0.000000,0.000000,-8.380134,WAIT_USER_CONFIRM
6.380000,0.554499,-0.000000,0.264962,0.000000,0.000000,0.000000,-8.380134,WAIT_USER_CONFIRM
6.382000,0.554499,-0.000000,0.264962,0.000000,0.000000,0.000000,-8.380134,WAIT_USER_CONFIRM
6.384000,0.554499,-0.000000,0.264962,0.000000,0.000000,0.000000,-8.380134,WAIT_USER_CONFIRM
6.386000,0.554499,-0.000000,0.264962,0.000000,0.000000,0.000000,-8.380134,WAIT_USER_CONFIRM
6.388000,0.554499,-0.000000,0.264962,0.000000,0.000000,0.000000,-8.380134,WAIT_USER_CONFIRM
6.390000,0.554499,-0.000000,0.264962,0.000000,0.000000,0.000000,-8.380134,WAIT_USER_CONFIRM
6.392000,0.554499,-0.000000,0.264962,0.000000,0.000000,0.000000,-8.380134,WAIT_USER_CONFIRM
6.394000,0.554499,-0.000000,0.264962,0.000000,0.000000,0.000000,-8.380134,WAIT_USER_CONFIRM
6.396000,0.554499,-0.000000,0.264962,0.000000,0.000000,0.000000,-8.380134,WAIT_USER_CONFIRM
6.398000,0.554499,-0.000000,0.264962,0.000000,0.000000,0.000000,-8.380134,WAIT_USER_CONFIRM
6.400000,0.554499,-0.000000,0.264962,0.000000,0.000000,0.000000,-8.380134,WAIT_USER_CONFIRM
6.402000,0.554499,-0.000000,0.264962,0.000000,0.000000,0.000000,-8.380134,WAIT_USER_CONFIRM
6.404000,0.554499,-0.000000,0.264962,0.000000,0.000000,0.000000,-8.380134,WAIT_USER_CONFIRM
6.406000,0.554499,-0.000000,0.264962,0.000000,0.000000,0.000000,-8.380134,WAIT_USER_CONFIRM
6.408000,0.554499,-0.000000,0.264962,0.000000,0.000000,0.000000,-8.380134,WAIT_USER_CONFIRM
6.410000,0.554499,-0.000000,0.264962,0.000000,0.000000,0.000000,-8.380134,WAIT_USER_CONFIRM
6.412000,0.554499,-0.000000,0.264962,0.000000,0.000000,0.000000,-8.380134,WAIT_USER_CONFIRM
6.414000,0.554499,-0.000000,0.264962,0.000000,0.000000,0.000000,-8.380134,WAIT_USER_CONFIRM
6.416000,0.554499,-0.000000,0.264962,0.000000,0.000000,0.000000,-8.380134,WAIT_USER_CONFIRM
6.418000,0.554499,-0.000000,0.264962,0.000000,0.000000,0.000000,-8.380134,WAIT_USER_CONFIRM
6.420000,0.554499,-0.000000,0.264962,0.000000,0.000000,0.000000,-8.380134,WAIT_USER_CONFIRM
6.422000,0.554499,-0.000000,0.264962,0.000000,0.000000,0.000000,-8.380134,WAIT_USER_CONFIRM
6.424000,0.554499,-0.000000,0.264962,0.000000,0.000000,0.000000,-8.380134,WAIT_USER_CONFIRM
6.426000,0.554499,-0.000000,0.264962,0.000000,0.000000,0.000000,-8.380134,WAIT_USER_CONFIRM
6.428000,0.554499,-0.000000,0.264962,0.000000,0.000000,0.000000,-8.380134,WAIT_USER_CONFIRM
6.430000,0.554499,-0.000000,0.264962,0.000000,0.000000,0.000000,-8.380134,WAIT_USER_CONFIRM
6.432000,0.554499,-0.000000,0.264962,0.000000,0.000000,0.000000,-8.380134,WAIT_USER_CONFIRM
6.434000,0.554499,-0.000000,0.264962,0.000000,0.000000,0.000000,-8.380134,WAIT_USER_CONFIRM
6.436000,0.554499,-0.000000,0.264962,0.000000,0.000000,0.000000,-8.380134,WAIT_USER_CONFIRM
6.438000,0.554499,-0.000000,0.264962,0.000000,0.000000,0.000000,-8.380134,WAIT_USER_CONFIRM
6.440000,0.554499,-0.000000,0.264962,0.000000,0.000000,0.000000,-8.380134,WAIT_USER_CONFIRM
6.442000,0.554499,-0.000000,0.264962,0.000000,0.000000,0.000000,-8.380134,WAIT_USER_CONFIRM
6.444000,0.554499,-0.000000,0.264962,0.000000,0.000000,0.000000,-8.380134,WAIT_USER_CONFIRM
6.446000,0.554499,-0.000000,0.264962,0.000000,0.000000,0.000000,-8.380134,WAIT_USER_CONFIRM
6.448000,0.554499,-0.000000,0.264962,0.000000,0.000000,0.000000,-8.380134,WAIT_USER_CONFIRM
6.450000,0.554499,-0.000000,0.264962,0.000000,0.000000,0.000000,-8.380134,WAIT_USER_CONFIRM
6.452000,0.554499,-0.000000,0.264962,0.000000,0.000000,0.000000,-8.380134,WAIT_USER_CONFIRM
6.454000,0.554499,-0.000000,0.264962,0.000000,0.000000,0.000000,-8.380134,WAIT_USER_CONFIRM
6.456000,0.554499,-0.000000,0.264962,0.000000,0.000000,0.000000,-8.380134,WAIT_USER_CONFIRM
6.458000,0.554499,-0.000000,0.264962,0.000000,0.000000,0.000000,-8.380134,WAIT_USER_CONFIRM
6.460000,0.554499,-0.000000,0.264962,0.000000,0.000000,0.000000,-8.380134,WAIT_USER_CONFIRM
6.462000,0.554499,-0.000000,0.264962,0.000000,0.000000,0.000000,-8.380134,WAIT_USER_CONFIRM
6.464000,0.554499,-0.000000,0.264962,0.000000,0.000000,0.000000,-8.380134,WAIT_USER_CONFIRM
6.466000,0.554499,-0.000000,0.264962,0.000000,0.000000,0.000000,-8.380134,WAIT_USER_CONFIRM
6.468000,0.554499,-0.000000,0.264962,0.000000,0.000000,0.000000,-8.380134,WAIT_USER_CONFIRM
6.470000,0.554499,-0.000000,0.264962,0.000000,0.000000,0.000000,-8.380134,WAIT_USER_CONFIRM
6.472000,0.554499,-0.000000,0.264962,0.000000,0.000000,0.000000,-8.380134,WAIT_USER_CONFIRM
6.474000,0.554499,-0.000000,0.264962,0.000000,0.000000,0.000000,-8.380134,WAIT_USER_CONFIRM
6.476000,0.554499,-0.000000,0.264962,0.000000,0.000000,0.000000,-8.380134,WAIT_USER_CONFIRM
6.478000,0.554499,-0.000000,0.264962,0.000000,0.000000,0.000000,-8.380134,WAIT_USER_CONFIRM
6.480000,0.554499,-0.000000,0.264962,0.000000,0.000000,0.000000,-8.380134,WAIT_USER_CONFIRM
6.482000,0.554499,-0.000000,0.264962,0.000000,0.000000,0.000000,-8.380134,WAIT_USER_CONFIRM
6.484000,0.554499,-0.000000,0.264962,0.000000,0.000000,0.000000,-8.380134,WAIT_USER_CONFIRM
6.486000,0.554499,-0.000000,0.264962,0.000000,0.000000,0.000000,-8.380134,WAIT_USER_CONFIRM
6.488000,0.554499,-0.000000,0.264962,0.000000,0.000000,0.000000,-8.380134,WAIT_USER_CONFIRM
6.490000,0.554499,-0.000000,0.264962,0.000000,0.000000,0.000000,-8.380134,WAIT_USER_CONFIRM
6.492000,0.554499,-0.000000,0.264962,0.000000,0.000000,0.000000,-8.380134,WAIT_USER_CONFIRM
6.494000,0.554499,-0.000000,0.264962,0.000000,0.000000,0.000000,-8.380134,WAIT_USER_CONFIRM
6.496000,0.554499,-0.000000,0.264962,0.000000,0.000000,0.000000,-8.380134,WAIT_USER_CONFIRM
6.498000,0.554499,-0.000000,0.264962,0.000000,0.000000,0.000000,-8.380134,WAIT_USER_CONFIRM
6.500000,0.554499,-0.000000,0.264962,0.000000,0.000000,0.000000,-8.380134,WAIT_USER_CONFIRM
6.502000,0.554499,-0.000000,0.264962,0.000000,0.000000,0.000000,-8.380134,WAIT_USER_CONFIRM
6.504000,0.554499,-0.000000,0.264962,0.000000,0.000000,0.000000,-8.380134,WAIT_USER_CONFIRM
6.506000,0.554499,-0.000000,0.264962,0.000000,0.000000,0.000000,-8.380134,WAIT_USER_CONFIRM
6.508000,0.554499,-0.000000,0.264962,0.000000,0.000000,0.000000,-8.380134,WAIT_USER_CONFIRM
6.510000,0.554499,-0.000000,0.264962,0.000000,0.000000,0.000000,-8.380134,WAIT_USER_CONFIRM
6.512000,0.554499,-0.000000,0.264962,0.000000,0.000000,0.000000,-8.380134,WAIT_USER_CONFIRM
6.514000,0.554499,-0.000000,0.264962,0.000000,0.000000,0.000000,-8.380134,WAIT_USER_CONFIRM
6.516000,0.554499,-0.000000,0.264962,0.000000,0.000000,0.000000,-8.380134,WAIT_USER_CONFIRM
6.518000,0.554499,-0.000000,0.264962,0.000000,0.000000,0.000000,-8.380134,WAIT_USER_CONFIRM
6.520000,0.554499,-0.000000,0.264962,0.000000,0.000000,0.000000,-8.380134,WAIT_USER_CONFIRM
6.522000,0.554499,-0.000000,0.264962,0.000000,0.000000,0.000000,-8.380134,WAIT_USER_CONFIRM
6.524000,0.554499,-0.000000,0.264962,0.000000,0.000000,0.000000,-8.380134,WAIT_USER_CONFIRM
6.526000,0.554499,-0.000000,0.264962,0.000000,0.000000,0.000000,-8.380134,WAIT_USER_CONFIRM
6.528000,0.554499,-0.000000,0.264962,0.000000,0.000000,0.000000,-8.380134,WAIT_USER_CONFIRM
6.530000,0.554499,-0.000000,0.264962,0.000000,0.000000,0.000000,-8.380134,WAIT_USER_CONFIRM
6.532000,0.554499,-0.000000,0.264962,0.000000,0.000000,0.000000,-8.380134,WAIT_USER_CONFIRM
6.534000,0.554499,-0.000000,0.264962,0.000000,0.000000,0.000000,-8.380134,WAIT_USER_CONFIRM
6.536000,0.554499,-0.000000,0.264962,0.000000,0.000000,0.000000,-8.380134,WAIT_USER_CONFIRM
6.538000,0.554499,-0.000000,0.264962,0.000000,0.000000,0.000000,-8.380134,WAIT_USER_CONFIRM
6.540000,0.554499,-0.000000,0.264962,0.000000,0.000000,0.000000,-8.380134,WAIT_USER_CONFIRM
6.542000,0.554499,-0.000000,0.264962,0.000000,0.000000,0.000000,-8.380134,WAIT_USER_CONFIRM
6.544000,0.554499,-0.000000,0.264962,0.000000,0.000000,0.000000,-8.380134,WAIT_USER_CONFIRM
6.546000,0.554499,-0.000000,0.264962,0.000000,0.000000,0.000000,-8.380134,WAIT_USER_CONFIRM
6.548000,0.554499,-0.000000,0.264962,0.000000,0.000000,0.000000,-8.380134,WAIT_USER_CONFIRM
6.550000,0.554499,-0.000000,0.264962,0.000000,0.000000,0.000000,-8.380134,WAIT_USER_CONFIRM
6.552000,0.554499,-0.000000,0.264962,0.000000,0.000000,0.000000,-8.380134,WAIT_USER_CONFIRM
6.554000,0.554499,-0.000000,0.264962,0.000000,0.000000,0.000000,-8.380134,WAIT_USER_CONFIRM
6.556000,0.554499,-0.000000,0.264962,0.000000,0.000000,0.000000,-8.380134,WAIT_USER_CONFIRM
6.558000,0.554499,-0.000000,0.264962,0.000000,0.000000,0.000000,-8.380134,WAIT_USER_CONFIRM
6.560000,0.554499,-0.000000,0.264962,0.000000,0.000000,0.000000,-8.380134,WAIT_USER_CONFIRM
6.562000,0.554499,-0.000000,0.264962,0.000000,0.000000,0.000000,-8.380134,WAIT_USER_CONFIRM
6.564000,0.554499,-0.000000,0.264962,0.000000,0.000000,0.000000,-8.380134,WAIT_USER_CONFIRM
6.566000,0.554499,-0.000000,0.264962,0.000000,0.000000,0.000000,-8.380134,WAIT_USER_CONFIRM
6.568000,0.554499,-0.000000,0.264962,0.000000,0.000000,0.000000,-8.380134,WAIT_USER_CONFIRM
6.570000,0.554499,-0.000000,0.264962,0.000000,0.000000,0.000000,-8.380134,WAIT_USER_CONFIRM
6.572000,0.554499,-0.000000,0.264962,0.000000,0.000000,0.000000,-8.380134,WAIT_USER_CONFIRM
6.574000,0.554499,-0.000000,0.264962,0.000000,0.000000,0.000000,-8.380134,WAIT_USER_CONFIRM
6.576000,0.554499,-0.000000,0.264962,0.000000,0.000000,0.000000,-8.380134,WAIT_USER_CONFIRM
6.578000,0.554499,-0.000000,0.264962,0.000000,0.000000,0.000000,-8.380134,WAIT_USER_CONFIRM
6.580000,0.554499,-0.000000,0.264962,0.000000,0.000000,0.000000,-8.380134,WAIT_USER_CONFIRM
6.582000,0.554499,-0.000000,0.264962,0.000000,0.000000,0.000000,-8.380134,WAIT_USER_CONFIRM
6.584000,0.554499,-0.000000,0.264962,0.000000,0.000000,0.000000,-8.380134,WAIT_USER_CONFIRM
6.586000,0.554499,-0.000000,0.264962,0.000000,0.000000,0.000000,-8.380134,WAIT_USER_CONFIRM
6.588000,0.554499,-0.000000,0.264962,0.000000,0.000000,0.000000,-8.380134,WAIT_USER_CONFIRM
6.590000,0.554499,-0.000000,0.264962,0.000000,0.000000,0.000000,-8.380134,WAIT_USER_CONFIRM
6.592000,0.554499,-0.000000,0.264962,0.000000,0.000000,0.000000,-8.380134,WAIT_USER_CONFIRM
6.594000,0.554499,-0.000000,0.264962,0.000000,0.000000,0.000000,-8.380134,WAIT_USER_CONFIRM
6.596000,0.554499,-0.000000,0.264962,0.000000,0.000000,0.000000,-8.380134,WAIT_USER_CONFIRM
6.598000,0.554499,-0.000000,0.264962,0.000000,0.000000,0.000000,-8.380134,WAIT_USER_CONFIRM
6.600000,0.554499,-0.000000,0.264962,0.000000,0.000000,0.000000,-8.380134,WAIT_USER_CONFIRM
6.602000,0.554499,-0.000000,0.264962,0.000000,0.000000,0.000000,-8.380134,WAIT_USER_CONFIRM
6.604000,0.554499,-0.000000,0.264962,0.000000,0.000000,0.000000,-8.380134,WAIT_USER_CONFIRM
6.606000,0.554499,-0.000000,0.264962,0.000000,0.000000,0.000000,-8.380134,WAIT_USER_CONFIRM
6.608000,0.554499,-0.000000,0.264962,0.000000,0.000000,0.000000,-8.380134,WAIT_USER_CONFIRM
6.610000,0.554499,-0.000000,0.264962,0.000000,0.000000,0.000000,-8.380134,WAIT_USER_CONFIRM
6.612000,0.554499,-0.000000,0.264962,0.000000,0.000000,0.000000,-8.380134,WAIT_USER_CONFIRM
6.614000,0.554499,-0.000000,0.264962,0.000000,0.000000,0.000000,-8.380134,WAIT_USER_CONFIRM
6.616000,0.554499,-0.000000,0.264962,0.000000,0.000000,0.000000,-8.380134,WAIT_USER_CONFIRM
6.618000,0.554499,-0.000000,0.264962,0.000000,0.000000,0.000000,-8.380134,WAIT_USER_CONFIRM
6.620000,0.554499,-0.000000,0.264962,0.000000,0.000000,0.000000,-8.380134,WAIT_USER_CONFIRM
6.622000,0.554499,-0.000000,0.264962,0.000000,0.000000,0.000000,-8.380134,WAIT_USER_CONFIRM
6.624000,0.554499,-0.000000,0.264962,0.000000,0.000000,0.000000,-8.380134,WAIT_USER_CONFIRM
6.626000,0.554499,-0.000000,0.264962,0.000000,0.000000,0.000000,-8.380134,WAIT_USER_CONFIRM
6.628000,0.554499,-0.000000,0.264962,0.000000,0.000000,0.000000,-8.380134,WAIT_USER_CONFIRM
6.630000,0.554499,-0.000000,0.264962,0.000000,0.000000,0.000000,-8.380134,WAIT_USER_CONFIRM
6.632000,0.554499,-0.000000,0.264962,0.000000,0.000000,0.000000,-8.380134,WAIT_USER_CONFIRM
6.634000,0.554499,-0.000000,0.264962,0.000000,0.000000,0.000000,-8.380134,WAIT_USER_CONFIRM
6.636000,0.554499,-0.000000,0.264962,0.000000,0.000000,0.000000,-8.380134,WAIT_USER_CONFIRM
6.638000,0.554499,-0.000000,0.264962,0.000000,0.000000,0.000000,-8.380134,WAIT_USER_CONFIRM
6.640000,0.554499,-0.000000,0.264962,0.000000,0.000000,0.000000,-8.380134,WAIT_USER_CONFIRM
6.642000,0.554499,-0.000000,0.264962,0.000000,0.000000,0.000000,-8.380134,WAIT_USER_CONFIRM
6.644000,0.554499,-0.000000,0.264962,0.000000,0.000000,0.000000,-8.380134,WAIT_USER_CONFIRM
6.646000,0.554499,-0.000000,0.264962,0.000000,0.000000,0.000000,-8.380134,WAIT_USER_CONFIRM
6.648000,0.554499,-0.000000,0.264962,0.000000,0.000000,0.000000,-8.380134,WAIT_USER_CONFIRM
6.650000,0.554499,-0.000000,0.264962,0.000000,0.000000,0.000000,-8.380134,WAIT_USER_CONFIRM
6.652000,0.554499,-0.000000,0.264962,0.000000,0.000000,0.000000,-8.380134,WAIT_USER_CONFIRM
6.654000,0.554499,-0.000000,0.264962,0.000000,0.000000,0.000000,-8.380134,WAIT_USER_CONFIRM
6.656000,0.554499,-0.000000,0.264962,0.000000,0.000000,0.000000,-8.380134,WAIT_USER_CONFIRM
6.658000,0.554499,-0.000000,0.264962,0.000000,0.000000,0.000000,-8.380134,WAIT_USER_CONFIRM
6.660000,0.554499,-0.000000,0.264962,0.000000,0.000000,0.000000,-8.380134,WAIT_USER_CONFIRM
6.662000,0.554499,-0.000000,0.264962,0.000000,0.000000,0.000000,-8.380134,WAIT_USER_CONFIRM
6.664000,0.554499,-0.000000,0.264962,0.000000,0.000000,0.000000,-8.380134,WAIT_USER_CONFIRM
6.666000,0.554499,-0.000000,0.264962,0.000000,0.000000,0.000000,-8.380134,WAIT_USER_CONFIRM
6.668000,0.554499,-0.000000,0.264962,0.000000,0.000000,0.000000,-8.380134,WAIT_USER_CONFIRM
6.670000,0.554499,-0.000000,0.264962,0.000000,0.000000,0.000000,-8.380134,WAIT_USER_CONFIRM
6.672000,0.554499,-0.000000,0.264962,0.000000,0.000000,0.000000,-8.380134,WAIT_USER_CONFIRM
6.674000,0.554499,-0.000000,0.264962,0.000000,0.000000,0.000000,-8.380134,WAIT_USER_CONFIRM
6.676000,0.554499,-0.000000,0.264962,0.000000,0.000000,0.000000,-8.380134,WAIT_USER_CONFIRM
6.678000,0.554499,-0.000000,0.264962,0.000000,0.000000,0.000000,-8.380134,WAIT_USER_CONFIRM
6.680000,0.554499,-0.000000,0.264962,0.000000,0.000000,0.000000,-8.380134,WAIT_USER_CONFIRM
6.682000,0.554499,-0.000000,0.264962,0.000000,0.000000,0.000000,-8.380134,WAIT_USER_CONFIRM
6.684000,0.554499,-0.000000,0.264962,0.000000,0.000000,0.000000,-8.380134,WAIT_USER_CONFIRM
6.686000,0.554499,-0.000000,0.264962,0.000000,0.000000,0.000000,-8.380134,WAIT_USER_CONFIRM
6.688000,0.554499,-0.000000,0.264962,0.000000,0.000000,0.000000,-8.380134,WAIT_USER_CONFIRM
6.690000,0.554499,-0.000000,0.264962,0.000000,0.000000,0.000000,-8.380134,WAIT_USER_CONFIRM
6.692000,0.554499,-0.000000,0.264962,0.000000,0.000000,0.000000,-8.380134,WAIT_USER_CONFIRM
6.694000,0.554499,-0.000000,0.264962,0.000000,0.000000,0.000000,-8.380134,WAIT_USER_CONFIRM
6.696000,0.554499,-0.000000,0.264962,0.000000,0.000000,0.000000,-8.380134,WAIT_USER_CONFIRM
6.698000,0.554499,-0.000000,0.264962,0.000000,0.000000,0.000000,-8.380134,WAIT_USER_CONFIRM
6.700000,0.554499,-0.000000,0.264962,0.000000,0.000000,0.000000,-8.380134,WAIT_USER_CONFIRM
6.702000,0.554499,-0.000000,0.264962,0.000000,0.000000,0.000000,-8.380134,WAIT_USER_CONFIRM
6.704000,0.554499,-0.000000,0.264962,0.000000,0.000000,0.000000,-8.380134,WAIT_USER_CONFIRM
6.706000,0.554499,-0.000000,0.264962,0.000000,0.000000,0.000000,-8.380134,WAIT_USER_CONFIRM
6.708000,0.554499,-0.000000,0.264962,0.000000,0.000000,0.000000,-8.380134,WAIT_USER_CONFIRM
6.710000,0.554499,-0.000000,0.264962,0.000000,0.000000,0.000000,-8.380134,WAIT_USER_CONFIRM
6.712000,0.554499,-0.000000,0.264962,0.000000,0.000000,0.000000,-8.380134,WAIT_USER_CONFIRM
6.714000,0.554499,-0.000000,0.264962,0.000000,0.000000,0.000000,-8.380134,WAIT_USER_CONFIRM
6.716000,0.554499,-0.000000,0.264962,0.000000,0.000000,0.000000,-8.380134,WAIT_USER_CONFIRM
6.718000,0.554499,-0.000000,0.264962,0.000000,0.000000,0.000000,-8.380134,WAIT_USER_CONFIRM
6.720000,0.554499,-0.000000,0.264962,0.000000,0.000000,0.000000,-8.380134,WAIT_USER_CONFIRM
6.722000,0.554499,-0.000000,0.264962,0.000000,0.000000,0.000000,-8.380134,WAIT_USER_CONFIRM
6.724000,0.554499,-0.000000,0.264962,0.000000,0.000000,0.000000,-8.380134,WAIT_USER_CONFIRM
6.726000,0.554499,-0.000000,0.264962,0.000000,0.000000,0.000000,-8.380134,WAIT_USER_CONFIRM
6.728000,0.554499,-0.000000,0.264962,0.000000,0.000000,0.000000,-8.380134,WAIT_USER_CONFIRM
6.730000,0.554499,-0.000000,0.264962,0.000000,0.000000,0.000000,-8.380134,WAIT_USER_CONFIRM
6.732000,0.554499,-0.000000,0.264962,0.000000,0.000000,0.000000,-8.380134,WAIT_USER_CONFIRM
6.734000,0.554499,-0.000000,0.264962,0.000000,0.000000,0.000000,-8.380134,WAIT_USER_CONFIRM
6.736000,0.554499,-0.000000,0.264962,0.000000,0.000000,0.000000,-8.380134,WAIT_USER_CONFIRM
6.738000,0.554499,-0.000000,0.264962,0.000000,0.000000,0.000000,-8.380134,WAIT_USER_CONFIRM
6.740000,0.554499,-0.000000,0.264962,0.000000,0.000000,0.000000,-8.380134,WAIT_USER_CONFIRM
6.742000,0.554499,-0.000000,0.264962,0.000000,0.000000,0.000000,-8.380134,WAIT_USER_CONFIRM
6.744000,0.554499,-0.000000,0.264962,0.000000,0.000000,0.000000,-8.380134,WAIT_USER_CONFIRM
6.746000,0.554499,-0.000000,0.264962,0.000000,0.000000,0.000000,-8.380134,WAIT_USER_CONFIRM
6.748000,0.554499,-0.000000,0.264962,0.000000,0.000000,0.000000,-8.380134,WAIT_USER_CONFIRM
6.750000,0.554499,-0.000000,0.264962,0.000000,0.000000,0.000000,-8.380134,WAIT_USER_CONFIRM
6.752000,0.554499,-0.000000,0.264962,0.000000,0.000000,0.000000,-8.380134,WAIT_USER_CONFIRM
6.754000,0.554499,-0.000000,0.264962,0.000000,0.000000,0.000000,-8.380134,WAIT_USER_CONFIRM
6.756000,0.554499,-0.000000,0.264962,0.000000,0.000000,0.000000,-8.380134,WAIT_USER_CONFIRM
6.758000,0.554499,-0.000000,0.264962,0.000000,0.000000,0.000000,-8.380134,WAIT_USER_CONFIRM
6.760000,0.554499,-0.000000,0.264962,0.000000,0.000000,0.000000,-8.380134,WAIT_USER_CONFIRM
6.762000,0.554499,-0.000000,0.264962,0.000000,0.000000,0.000000,-8.380134,WAIT_USER_CONFIRM
6.764000,0.554499,-0.000000,0.264962,0.000000,0.000000,0.000000,-8.380134,WAIT_USER_CONFIRM
6.766000,0.554499,-0.000000,0.264962,0.000000,0.000000,0.000000,-8.380134,WAIT_USER_CONFIRM
6.768000,0.554499,-0.000000,0.264962,0.000000,0.000000,0.000000,-8.380134,WAIT_USER_CONFIRM
6.770000,0.554499,-0.000000,0.264962,0.000000,0.000000,0.000000,-8.380134,WAIT_USER_CONFIRM
6.772000,0.554499,-0.000000,0.264962,0.000000,0.000000,0.000000,-8.380134,WAIT_USER_CONFIRM
6.774000,0.554499,-0.000000,0.264962,0.000000,0.000000,0.000000,-8.380134,WAIT_USER_CONFIRM
6.776000,0.554499,-0.000000,0.264962,0.000000,0.000000,0.000000,-8.380134,WAIT_USER_CONFIRM
6.778000,0.554499,-0.000000,0.264962,0.000000,0.000000,0.000000,-8.380134,WAIT_USER_CONFIRM
6.780000,0.554499,-0.000000,0.264962,0.000000,0.000000,0.000000,-8.380134,WAIT_USER_CONFIRM
6.782000,0.554499,-0.000000,0.264962,0.000000,0.000000,0.000000,-8.380134,WAIT_USER_CONFIRM
6.784000,0.554499,-0.000000,0.264962,0.000000,0.000000,0.000000,-8.380134,WAIT_USER_CONFIRM
6.786000,0.554499,-0.000000,0.264962,0.000000,0.000000,0.000000,-8.380134,WAIT_USER_CONFIRM
6.788000,0.554499,-0.000000,0.264962,0.000000,0.000000,0.000000,-8.380134,WAIT_USER_CONFIRM
6.790000,0.554499,-0.000000,0.264962,0.000000,0.000000,0.000000,-8.380134,WAIT_USER_CONFIRM
6.792000,0.554499,-0.000000,0.264962,0.000000,0.000000,0.000000,-8.380134,WAIT_USER_CONFIRM
6.794000,0.554499,-0.000000,0.264962,0.000000,0.000000,0.000000,-8.380134,WAIT_USER_CONFIRM
6.796000,0.554499,-0.000000,0.264962,0.000000,0.000000,0.000000,-8.380134,WAIT_USER_CONFIRM
6.798000,0.554499,-0.000000,0.264962,0.000000,0.000000,0.000000,-8.380134,WAIT_USER_CONFIRM
6.800000,0.554499,-0.000000,0.264962,0.000000,0.000000,0.000000,-8.380134,WAIT_USER_CONFIRM
6.802000,0.554499,-0.000000,0.264962,0.000000,0.000000,0.000000,-8.380134,WAIT_USER_CONFIRM
6.804000,0.554499,-0.000000,0.264962,0.000000,0.000000,0.000000,-8.380134,WAIT_USER_CONFIRM
6.806000,0.554499,-0.000000,0.264962,0.000000,0.000000,0.000000,-8.380134,WAIT_USER_CONFIRM
6.808000,0.554499,-0.000000,0.264962,0.000000,0.000000,0.000000,-8.380134,WAIT_USER_CONFIRM
6.810000,0.554499,-0.000000,0.264962,0.000000,0.000000,0.000000,-8.380134,WAIT_USER_CONFIRM
6.812000,0.554499,-0.000000,0.264962,0.000000,0.000000,0.000000,-8.380134,WAIT_USER_CONFIRM
6.814000,0.554499,-0.000000,0.264962,0.000000,0.000000,0.000000,-8.380134,WAIT_USER_CONFIRM
6.816000,0.554499,-0.000000,0.264962,0.000000,0.000000,0.000000,-8.380134,WAIT_USER_CONFIRM
6.818000,0.554499,-0.000000,0.264962,0.000000,0.000000,0.000000,-8.380134,WAIT_USER_CONFIRM
6.820000,0.554499,-0.000000,0.264962,0.000000,0.000000,0.000000,-8.380134,WAIT_USER_CONFIRM
6.822000,0.554499,-0.000000,0.264962,0.000000,0.000000,0.000000,-8.380134,WAIT_USER_CONFIRM
6.824000,0.554499,-0.000000,0.264962,0.000000,0.000000,0.000000,-8.380134,WAIT_USER_CONFIRM
6.826000,0.554499,-0.000000,0.264962,0.000000,0.000000,0.000000,-8.380134,WAIT_USER_CONFIRM
6.828000,0.554499,-0.000000,0.264962,0.000000,0.000000,0.000000,-8.380134,WAIT_USER_CONFIRM
6.830000,0.554499,-0.000000,0.264962,0.000000,0.000000,0.000000,-8.380134,WAIT_USER_CONFIRM
6.832000,0.554499,-0.000000,0.264962,0.000000,0.000000,0.000000,-8.380134,WAIT_USER_CONFIRM
6.834000,0.554499,-0.000000,0.264962,0.000000,0.000000,0.000000,-8.380134,WAIT_USER_CONFIRM
6.836000,0.554499,-0.000000,0.264962,0.000000,0.000000,0.000000,-8.380134,WAIT_USER_CONFIRM
6.838000,0.554499,-0.000000,0.264962,0.000000,0.000000,0.000000,-8.380134,WAIT_USER_CONFIRM
6.840000,0.554499,-0.000000,0.264962,0.000000,0.000000,0.000000,-8.380134,WAIT_USER_CONFIRM
6.842000,0.554499,-0.000000,0.264962,0.000000,0.000000,0.000000,-8.380134,WAIT_USER_CONFIRM
6.844000,0.554499,-0.000000,0.264962,0.000000,0.000000,0.000000,-8.380134,WAIT_USER_CONFIRM
6.846000,0.554499,-0.000000,0.264962,0.000000,0.000000,0.000000,-8.380134,WAIT_USER_CONFIRM
6.848000,0.554499,-0.000000,0.264962,0.000000,0.000000,0.000000,-8.380134,WAIT_USER_CONFIRM
6.850000,0.554499,-0.000000,0.264962,0.000000,0.000000,0.000000,-8.380134,WAIT_USER_CONFIRM
6.852000,0.554499,-0.000000,0.264962,0.000000,0.000000,0.000000,-8.380134,WAIT_USER_CONFIRM
6.854000,0.554499,-0.000000,0.264962,0.000000,0.000000,0.000000,-8.380134,WAIT_USER_CONFIRM
6.856000,0.554499,-0.000000,0.264962,0.000000,0.000000,0.000000,-8.380134,WAIT_USER_CONFIRM
6.858000,0.554499,-0.000000,0.264962,0.000000,0.000000,0.000000,-8.380134,WAIT_USER_CONFIRM
6.860000,0.554499,-0.000000,0.264962,0.000000,0.000000,0.000000,-8.380134,WAIT_USER_CONFIRM
6.862000,0.554499,-0.000000,0.264962,0.000000,0.000000,0.000000,-8.380134,WAIT_USER_CONFIRM
6.864000,0.554499,-0.000000,0.264962,0.000000,0.000000,0.000000,-8.380134,WAIT_USER_CONFIRM
6.866000,0.554499,-0.000000,0.264962,0.000000,0.000000,0.000000,-8.380134,WAIT_USER_CONFIRM
6.868000,0.554499,-0.000000,0.264962,0.000000,0.000000,0.000000,-8.380134,WAIT_USER_CONFIRM
6.870000,0.554499,-0.000000,0.264962,0.000000,0.000000,0.000000,-8.380134,WAIT_USER_CONFIRM
6.872000,0.554499,-0.000000,0.264962,0.000000,0.000000,0.000000,-8.380134,WAIT_USER_CONFIRM
6.874000,0.554499,-0.000000,0.264962,0.000000,0.000000,0.000000,-8.380134,WAIT_USER_CONFIRM
6.876000,0.554499,-0.000000,0.264962,0.000000,0.000000,0.000000,-8.380134,WAIT_USER_CONFIRM
6.878000,0.554499,-0.000000,0.264962,0.000000,0.000000,0.000000,-8.380134,WAIT_USER_CONFIRM
6.880000,0.554499,-0.000000,0.264962,0.000000,0.000000,0.000000,-8.380134,WAIT_USER_CONFIRM
6.882000,0.554499,-0.000000,0.264962,0.000000,0.000000,0.000000,-8.380134,WAIT_USER_CONFIRM
6.884000,0.554499,-0.000000,0.264962,0.000000,0.000000,0.000000,-8.380134,WAIT_USER_CONFIRM
6.886000,0.554499,-0.000000,0.264962,0.000000,0.000000,0.000000,-8.380134,WAIT_USER_CONFIRM
6.888000,0.554499,-0.000000,0.264962,0.000000,0.000000,0.000000,-8.380134,WAIT_USER_CONFIRM
6.890000,0.554499,-0.000000,0.264962,0.000000,0.000000,0.000000,-8.380134,WAIT_USER_CONFIRM
6.892000,0.554499,-0.000000,0.264962,0.000000,0.000000,0.000000,-8.380134,WAIT_USER_CONFIRM
6.894000,0.554499,-0.000000,0.264962,0.000000,0.000000,0.000000,-8.380134,WAIT_USER_CONFIRM
6.896000,0.554499,-0.000000,0.264962,0.000000,0.000000,0.000000,-8.380134,WAIT_USER_CONFIRM
6.898000,0.554499,-0.000000,0.264962,0.000000,0.000000,0.000000,-8.380134,WAIT_USER_CONFIRM
6.900000,0.554499,-0.000000,0.264962,0.000000,0.000000,0.000000,-8.380134,WAIT_USER_CONFIRM
6.902000,0.554499,-0.000000,0.264962,0.000000,0.000000,0.000000,-8.380134,WAIT_USER_CONFIRM
6.904000,0.554499,-0.000000,0.264962,0.000000,0.000000,0.000000,-8.380134,WAIT_USER_CONFIRM
6.906000,0.554499,-0.000000,0.264962,0.000000,0.000000,0.000000,-8.380134,WAIT_USER_CONFIRM
6.908000,0.554499,-0.000000,0.264962,0.000000,0.000000,0.000000,-8.380134,WAIT_USER_CONFIRM
6.910000,0.554499,-0.000000,0.264962,0.000000,0.000000,0.000000,-8.380134,WAIT_USER_CONFIRM
6.912000,0.554499,-0.000000,0.264962,0.000000,0.000000,0.000000,-8.380134,WAIT_USER_CONFIRM
6.914000,0.554499,-0.000000,0.264962,0.000000,0.000000,0.000000,-8.380134,WAIT_USER_CONFIRM
6.916000,0.554499,-0.000000,0.264962,0.000000,0.000000,0.000000,-8.380134,WAIT_USER_CONFIRM
6.918000,0.554499,-0.000000,0.264962,0.000000,0.000000,0.000000,-8.380134,WAIT_USER_CONFIRM
6.920000,0.554499,-0.000000,0.264962,0.000000,0.000000,0.000000,-8.380134,WAIT_USER_CONFIRM
6.922000,0.554499,-0.000000,0.264962,0.000000,0.000000,0.000000,-8.380134,WAIT_USER_CONFIRM
6.924000,0.554499,-0.000000,0.264962,0.000000,0.000000,0.000000,-8.380134,WAIT_USER_CONFIRM
6.926000,0.554499,-0.000000,0.264962,0.000000,0.000000,0.000000,-8.380134,WAIT_USER_CONFIRM
6.928000,0.554499,-0.000000,0.264962,0.000000,0.000000,0.000000,-8.380134,WAIT_USER_CONFIRM
6.930000,0.554499,-0.000000,0.264962,0.000000,0.000000,0.000000,-8.380134,WAIT_USER_CONFIRM
6.932000,0.554499,-0.000000,0.264962,0.000000,0.000000,0.000000,-8.380134,WAIT_USER_CONFIRM
6.934000,0.554499,-0.000000,0.264962,0.000000,0.000000,0.000000,-8.380134,WAIT_USER_CONFIRM
6.936000,0.554499,-0.000000,0.264962,0.000000,0.000000,0.000000,-8.380134,WAIT_USER_CONFIRM
6.938000,0.554499,-0.000000,0.264962,0.000000,0.000000,0.000000,-8.380134,WAIT_USER_CONFIRM
6.940000,0.554499,-0.000000,0.264962,0.000000,0.000000,0.000000,-8.380134,WAIT_USER_CONFIRM
6.942000,0.554499,-0.000000,0.264962,0.000000,0.000000,0.000000,-8.380134,WAIT_USER_CONFIRM
6.944000,0.554499,-0.000000,0.264962,0.000000,0.000000,0.000000,-8.380134,WAIT_USER_CONFIRM
6.946000,0.554499,-0.000000,0.264962,0.000000,0.000000,0.000000,-8.380134,WAIT_USER_CONFIRM
6.948000,0.554499,-0.000000,0.264962,0.000000,0.000000,0.000000,-8.380134,WAIT_USER_CONFIRM
6.950000,0.554499,-0.000000,0.264962,0.000000,0.000000,0.000000,-8.380134,WAIT_USER_CONFIRM
6.952000,0.554499,-0.000000,0.264962,0.000000,0.000000,0.000000,-8.380134,WAIT_USER_CONFIRM
6.954000,0.554499,-0.000000,0.264962,0.000000,0.000000,0.000000,-8.380134,WAIT_USER_CONFIRM
6.956000,0.554499,-0.000000,0.264962,0.000000,0.000000,0.000000,-8.380134,WAIT_USER_CONFIRM
6.958000,0.554499,-0.000000,0.264962,0.000000,0.000000,0.000000,-8.380134,WAIT_USER_CONFIRM
6.960000,0.554499,-0.000000,0.264962,0.000000,0.000000,0.000000,-8.380134,WAIT_USER_CONFIRM
6.962000,0.554499,-0.000000,0.264962,0.000000,0.000000,0.000000,-8.380134,WAIT_USER_CONFIRM
6.964000,0.554499,-0.000000,0.264962,0.000000,0.000000,0.000000,-8.380134,WAIT_USER_CONFIRM
6.966000,0.554499,-0.000000,0.264962,0.000000,0.000000,0.000000,-8.380134,WAIT_USER_CONFIRM
6.968000,0.554499,-0.000000,0.264962,0.000000,0.000000,0.000000,-8.380134,WAIT_USER_CONFIRM
6.970000,0.554499,-0.000000,0.264962,0.000000,0.000000,0.000000,-8.380134,WAIT_USER_CONFIRM
6.972000,0.554499,-0.000000,0.264962,0.000000,0.000000,0.000000,-8.380134,WAIT_USER_CONFIRM
6.974000,0.554499,-0.000000,0.264962,0.000000,0.000000,0.000000,-8.380134,WAIT_USER_CONFIRM
6.976000,0.554499,-0.000000,0.264962,0.000000,0.000000,0.000000,-8.380134,WAIT_USER_CONFIRM
6.978000,0.554499,-0.000000,0.264962,0.000000,0.000000,0.000000,-8.380134,WAIT_USER_CONFIRM
6.980000,0.554499,-0.000000,0.264962,0.000000,0.000000,0.000000,-8.380134,WAIT_USER_CONFIRM
6.982000,0.554499,-0.000000,0.264962,0.000000,0.000000,0.000000,-8.380134,WAIT_USER_CONFIRM
6.984000,0.554499,-0.000000,0.264962,0.000000,0.000000,0.000000,-8.380134,WAIT_USER_CONFIRM
6.986000,0.554499,-0.000000,0.264962,0.000000,0.000000,0.000000,-8.380134,WAIT_USER_CONFIRM
6.988000,0.554499,-0.000000,0.264962,0.000000,0.000000,0.000000,-8.380134,WAIT_USER_CONFIRM
6.990000,0.554499,-0.000000,0.264962,0.000000,0.000000,0.000000,-8.380134,WAIT_USER_CONFIRM
6.992000,0.554499,-0.000000,0.264962,0.000000,0.000000,0.000000,-8.380134,WAIT_USER_CONFIRM
6.994000,0.554499,-0.000000,0.264962,0.000000,0.000000,0.000000,-8.380134,WAIT_USER_CONFIRM
6.996000,0.554499,-0.000000,0.264962,0.000000,0.000000,0.000000,-8.380134,WAIT_USER_CONFIRM
6.998000,0.554499,-0.000000,0.264962,0.000000,0.000000,0.000000,-8.380134,WAIT_USER_CONFIRM
7.000000,0.554499,-0.000000,0.264962,0.000000,0.000000,0.000000,-8.380134,WAIT_USER_CONFIRM
7.002000,0.554499,-0.000000,0.264962,0.000000,0.000000,0.000000,-8.380134,WAIT_USER_CONFIRM
7.004000,0.554499,-0.000000,0.264962,0.000000,0.000000,0.000000,-8.380134,WAIT_USER_CONFIRM
7.006000,0.554499,-0.000000,0.264962,0.000000,0.000000,0.000000,-8.380134,WAIT_USER_CONFIRM
7.008000,0.554499,-0.000000,0.264962,0.000000,0.000000,0.000000,-8.380134,WAIT_USER_CONFIRM
7.010000,0.554499,-0.000000,0.264962,0.000000,0.000000,0.000000,-8.380134,WAIT_USER_CONFIRM
7.012000,0.554499,-0.000000,0.264962,0.000000,0.000000,0.000000,-8.380134,WAIT_USER_CONFIRM
7.014000,0.554499,-0.000000,0.264962,0.000000,0.000000,0.000000,-8.380134,WAIT_USER_CONFIRM
7.016000,0.554499,-0.000000,0.264962,0.000000,0.000000,0.000000,-8.380134,WAIT_USER_CONFIRM
7.018000,0.554499,-0.000000,0.264962,0.000000,0.000000,0.000000,-8.380134,WAIT_USER_CONFIRM
7.020000,0.554499,-0.000000,0.264962,0.000000,0.000000,0.000000,-8.380134,WAIT_USER_CONFIRM
7.022000,0.554499,-0.000000,0.264962,0.000000,0.000000,0.000000,-8.380134,WAIT_USER_CONFIRM
7.024000,0.554499,-0.000000,0.264962,0.000000,0.000000,0.000000,-8.380134,WAIT_USER_CONFIRM
7.026000,0.554499,-0.000000,0.264962,0.000000,0.000000,0.000000,-8.380134,WAIT_USER_CONFIRM
7.028000,0.554499,-0.000000,0.264962,0.000000,0.000000,0.000000,-8.380134,WAIT_USER_CONFIRM
7.030000,0.554499,-0.000000,0.264962,0.000000,0.000000,0.000000,-8.380134,WAIT_USER_CONFIRM
7.032000,0.554499,-0.000000,0.264962,0.000000,0.000000,0.000000,-8.380134,WAIT_USER_CONFIRM
7.034000,0.554499,-0.000000,0.264962,0.000000,0.000000,0.000000,-8.380134,WAIT_USER_CONFIRM
7.036000,0.554499,-0.000000,0.264962,0.000000,0.000000,0.000000,-8.380134,WAIT_USER_CONFIRM
7.038000,0.554499,-0.000000,0.264962,0.000000,0.000000,0.000000,-8.380134,WAIT_USER_CONFIRM
7.040000,0.554499,-0.000000,0.264962,0.000000,0.000000,0.000000,-8.380134,WAIT_USER_CONFIRM
7.042000,0.554499,-0.000000,0.264962,0.000000,0.000000,0.000000,-8.380134,WAIT_USER_CONFIRM
7.044000,0.554499,-0.000000,0.264962,0.000000,0.000000,0.000000,-8.380134,WAIT_USER_CONFIRM
7.046000,0.554499,-0.000000,0.264962,0.000000,0.000000,0.000000,-8.380134,WAIT_USER_CONFIRM
7.048000,0.554499,-0.000000,0.264962,0.000000,0.000000,0.000000,-8.380134,WAIT_USER_CONFIRM
7.050000,0.554499,-0.000000,0.264962,0.000000,0.000000,0.000000,-8.380134,WAIT_USER_CONFIRM
7.052000,0.554499,-0.000000,0.264962,0.000000,0.000000,0.000000,-8.380134,WAIT_USER_CONFIRM
7.054000,0.554499,-0.000000,0.264962,0.000000,0.000000,0.000000,-8.380134,WAIT_USER_CONFIRM
7.056000,0.554499,-0.000000,0.264962,0.000000,0.000000,0.000000,-8.380134,WAIT_USER_CONFIRM
7.058000,0.554499,-0.000000,0.264962,0.000000,0.000000,0.000000,-8.380134,WAIT_USER_CONFIRM
7.060000,0.554499,-0.000000,0.264962,0.000000,0.000000,0.000000,-8.380134,WAIT_USER_CONFIRM
7.062000,0.554499,-0.000000,0.264962,0.000000,0.000000,0.000000,-8.380134,WAIT_USER_CONFIRM
7.064000,0.554499,-0.000000,0.264962,0.000000,0.000000,0.000000,-8.380134,WAIT_USER_CONFIRM
7.066000,0.554499,-0.000000,0.264962,0.000000,0.000000,0.000000,-8.380134,WAIT_USER_CONFIRM
7.068000,0.554499,-0.000000,0.264962,0.000000,0.000000,0.000000,-8.380134,WAIT_USER_CONFIRM
7.070000,0.554499,-0.000000,0.264962,0.000000,0.000000,0.000000,-8.380134,WAIT_USER_CONFIRM
7.072000,0.554499,-0.000000,0.264962,0.000000,0.000000,0.000000,-8.380134,WAIT_USER_CONFIRM
7.074000,0.554499,-0.000000,0.264962,0.000000,0.000000,0.000000,-8.380134,WAIT_USER_CONFIRM
7.076000,0.554499,-0.000000,0.264962,0.000000,0.000000,0.000000,-8.380134,WAIT_USER_CONFIRM
7.078000,0.554499,-0.000000,0.264962,0.000000,0.000000,0.000000,-8.380134,WAIT_USER_CONFIRM
7.080000,0.554499,-0.000000,0.264962,0.000000,0.000000,0.000000,-8.380134,WAIT_USER_CONFIRM
7.082000,0.554499,-0.000000,0.264962,0.000000,0.000000,0.000000,-8.380134,WAIT_USER_CONFIRM
7.084000,0.554499,-0.000000,0.264962,0.000000,0.000000,0.000000,-8.380134,WAIT_USER_CONFIRM
7.086000,0.554499,-0.000000,0.264962,0.000000,0.000000,0.000000,-8.380134,WAIT_USER_CONFIRM
7.088000,0.554499,-0.000000,0.264962,0.000000,0.000000,0.000000,-8.380134,WAIT_USER_CONFIRM
7.090000,0.554499,-0.000000,0.264962,0.000000,0.000000,0.000000,-8.380134,WAIT_USER_CONFIRM
7.092000,0.554499,-0.000000,0.264962,0.000000,0.000000,0.000000,-8.380134,WAIT_USER_CONFIRM
7.094000,0.554499,-0.000000,0.264962,0.000000,0.000000,0.000000,-8.380134,WAIT_USER_CONFIRM
7.096000,0.554499,-0.000000,0.264962,0.000000,0.000000,0.000000,-8.380134,WAIT_USER_CONFIRM
7.098000,0.554499,-0.000000,0.264962,0.000000,0.000000,0.000000,-8.380134,WAIT_USER_CONFIRM
7.100000,0.554499,-0.000000,0.264962,0.000000,0.000000,0.000000,-8.380134,WAIT_USER_CONFIRM
7.102000,0.554499,-0.000000,0.264962,0.000000,0.000000,0.000000,-8.380134,WAIT_USER_CONFIRM
7.104000,0.554499,-0.000000,0.264962,0.000000,0.000000,0.000000,-8.380134,WAIT_USER_CONFIRM
7.106000,0.554499,-0.000000,0.264962,0.000000,0.000000,0.000000,-8.380134,WAIT_USER_CONFIRM
7.108000,0.554499,-0.000000,0.264962,0.000000,0.000000,0.000000,-8.380134,WAIT_USER_CONFIRM
7.110000,0.554499,-0.000000,0.264962,0.000000,0.000000,0.000000,-8.380134,WAIT_USER_CONFIRM
7.112000,0.554499,-0.000000,0.264962,0.000000,0.000000,0.000000,-8.380134,WAIT_USER_CONFIRM
7.114000,0.554499,-0.000000,0.264962,0.000000,0.000000,0.000000,-8.380134,WAIT_USER_CONFIRM
7.116000,0.554499,-0.000000,0.264962,0.000000,0.000000,0.000000,-8.380134,WAIT_USER_CONFIRM
7.118000,0.554499,-0.000000,0.264962,0.000000,0.000000,0.000000,-8.380134,WAIT_USER_CONFIRM
7.120000,0.554499,-0.000000,0.264962,0.000000,0.000000,0.000000,-8.380134,WAIT_USER_CONFIRM
7.122000,0.554499,-0.000000,0.264962,0.000000,0.000000,0.000000,-8.380134,WAIT_USER_CONFIRM
7.124000,0.554499,-0.000000,0.264962,0.000000,0.000000,0.000000,-8.380134,WAIT_USER_CONFIRM
7.126000,0.554499,-0.000000,0.264962,0.000000,0.000000,0.000000,-8.380134,WAIT_USER_CONFIRM
7.128000,0.554499,-0.000000,0.264962,0.000000,0.000000,0.000000,-8.380134,WAIT_USER_CONFIRM
7.130000,0.554499,-0.000000,0.264962,0.000000,0.000000,0.000000,-8.380134,WAIT_USER_CONFIRM
7.132000,0.554499,-0.000000,0.264962,0.000000,0.000000,0.000000,-8.380134,WAIT_USER_CONFIRM
7.134000,0.554499,-0.000000,0.264962,0.000000,0.000000,0.000000,-8.380134,WAIT_USER_CONFIRM
7.136000,0.554499,-0.000000,0.264962,0.000000,0.000000,0.000000,-8.380134,WAIT_USER_CONFIRM
7.138000,0.554499,-0.000000,0.264962,0.000000,0.000000,0.000000,-8.380134,WAIT_USER_CONFIRM
7.140000,0.554499,-0.000000,0.264962,0.000000,0.000000,0.000000,-8.380134,WAIT_USER_CONFIRM
7.142000,0.554499,-0.000000,0.264962,0.000000,0.000000,0.000000,-8.380134,WAIT_USER_CONFIRM
7.144000,0.554499,-0.000000,0.264962,0.000000,0.000000,0.000000,-8.380134,WAIT_USER_CONFIRM
7.146000,0.554499,-0.000000,0.264962,0.000000,0.000000,0.000000,-8.380134,WAIT_USER_CONFIRM
7.148000,0.554499,-0.000000,0.264962,0.000000,0.000000,0.000000,-8.380134,WAIT_USER_CONFIRM
7.150000,0.554499,-0.000000,0.264962,0.000000,0.000000,0.000000,-8.380134,WAIT_USER_CONFIRM
7.152000,0.554499,-0.000000,0.264962,0.000000,0.000000,0.000000,-8.380134,WAIT_USER_CONFIRM
7.154000,0.554499,-0.000000,0.264962,0.000000,0.000000,0.000000,-8.380134,WAIT_USER_CONFIRM
7.156000,0.554499,-0.000000,0.264962,0.000000,0.000000,0.000000,-8.380134,WAIT_USER_CONFIRM
7.158000,0.554499,-0.000000,0.264962,0.000000,0.000000,0.000000,-8.380134,WAIT_USER_CONFIRM
7.160000,0.554499,-0.000000,0.264962,0.000000,0.000000,0.000000,-8.380134,WAIT_USER_CONFIRM
7.162000,0.554499,-0.000000,0.264962,0.000000,0.000000,0.000000,-8.380134,WAIT_USER_CONFIRM
7.164000,0.554499,-0.000000,0.264962,0.000000,0.000000,0.000000,-8.380134,WAIT_USER_CONFIRM
7.166000,0.554499,-0.000000,0.264962,0.000000,0.000000,0.000000,-8.380134,WAIT_USER_CONFIRM
7.168000,0.554499,-0.000000,0.264962,0.000000,0.000000,0.000000,-8.380134,WAIT_USER_CONFIRM
7.170000,0.554499,-0.000000,0.264962,0.000000,0.000000,0.000000,-8.380134,WAIT_USER_CONFIRM
7.172000,0.554499,-0.000000,0.264962,0.000000,0.000000,0.000000,-8.380134,WAIT_USER_CONFIRM
7.174000,0.554499,-0.000000,0.264962,0.000000,0.000000,0.000000,-8.380134,WAIT_USER_CONFIRM
7.176000,0.554499,-0.000000,0.264962,0.000000,0.000000,0.000000,-8.380134,WAIT_USER_CONFIRM
7.178000,0.554499,-0.000000,0.264962,0.000000,0.000000,0.000000,-8.380134,WAIT_USER_CONFIRM
7.180000,0.554499,-0.000000,0.264962,0.000000,0.000000,0.000000,-8.380134,WAIT_USER_CONFIRM
7.182000,0.554499,-0.000000,0.264962,0.000000,0.000000,0.000000,-8.380134,WAIT_USER_CONFIRM
7.184000,0.554499,-0.000000,0.264962,0.000000,0.000000,0.000000,-8.380134,WAIT_USER_CONFIRM
7.186000,0.554499,-0.000000,0.264962,0.000000,0.000000,0.000000,-8.380134,WAIT_USER_CONFIRM
7.188000,0.554499,-0.000000,0.264962,0.000000,0.000000,0.000000,-8.380134,WAIT_USER_CONFIRM
7.190000,0.554499,-0.000000,0.264962,0.000000,0.000000,0.000000,-8.380134,WAIT_USER_CONFIRM
7.192000,0.554499,-0.000000,0.264962,0.000000,0.000000,0.000000,-8.380134,WAIT_USER_CONFIRM
7.194000,0.554499,-0.000000,0.264962,0.000000,0.000000,0.000000,-8.380134,WAIT_USER_CONFIRM
7.196000,0.554499,-0.000000,0.264962,0.000000,0.000000,0.000000,-8.380134,WAIT_USER_CONFIRM
7.198000,0.554499,-0.000000,0.264962,0.000000,0.000000,0.000000,-8.380134,WAIT_USER_CONFIRM
7.200000,0.554499,-0.000000,0.264962,0.000000,0.000000,0.000000,-8.380134,WAIT_USER_CONFIRM
7.202000,0.554499,-0.000000,0.264962,0.000000,0.000000,0.000000,-8.380134,WAIT_USER_CONFIRM
7.204000,0.554499,-0.000000,0.264962,0.000000,0.000000,0.000000,-8.380134,WAIT_USER_CONFIRM
7.206000,0.554499,-0.000000,0.264962,0.000000,0.000000,0.000000,-8.380134,WAIT_USER_CONFIRM
7.208000,0.554499,-0.000000,0.264962,0.000000,0.000000,0.000000,-8.380134,WAIT_USER_CONFIRM
7.210000,0.554499,-0.000000,0.264962,0.000000,0.000000,0.000000,-8.380134,WAIT_USER_CONFIRM
7.212000,0.554499,-0.000000,0.264962,0.000000,0.000000,0.000000,-8.380134,WAIT_USER_CONFIRM
7.214000,0.554499,-0.000000,0.264962,0.000000,0.000000,0.000000,-8.380134,WAIT_USER_CONFIRM
7.216000,0.554499,-0.000000,0.264962,0.000000,0.000000,0.000000,-8.380134,WAIT_USER_CONFIRM
7.218000,0.554499,-0.000000,0.264962,0.000000,0.000000,0.000000,-8.380134,WAIT_USER_CONFIRM
7.220000,0.554499,-0.000000,0.264962,0.000000,0.000000,0.000000,-8.380134,WAIT_USER_CONFIRM
7.222000,0.554499,-0.000000,0.264962,0.000000,0.000000,0.000000,-8.380134,WAIT_USER_CONFIRM
7.224000,0.554499,-0.000000,0.264962,0.000000,0.000000,0.000000,-8.380134,WAIT_USER_CONFIRM
7.226000,0.554499,-0.000000,0.264962,0.000000,0.000000,0.000000,-8.380134,WAIT_USER_CONFIRM
7.228000,0.554499,-0.000000,0.264962,0.000000,0.000000,0.000000,-8.380134,WAIT_USER_CONFIRM
7.230000,0.554499,-0.000000,0.264962,0.000000,0.000000,0.000000,-8.380134,WAIT_USER_CONFIRM
7.232000,0.554499,-0.000000,0.264962,0.000000,0.000000,0.000000,-8.380134,WAIT_USER_CONFIRM
7.234000,0.554499,-0.000000,0.264962,0.000000,0.000000,0.000000,-8.380134,WAIT_USER_CONFIRM
7.236000,0.554499,-0.000000,0.264962,0.000000,0.000000,0.000000,-8.380134,WAIT_USER_CONFIRM
7.238000,0.554499,-0.000000,0.264962,0.000000,0.000000,0.000000,-8.380134,WAIT_USER_CONFIRM
7.240000,0.554499,-0.000000,0.264962,0.000000,0.000000,0.000000,-8.380134,WAIT_USER_CONFIRM
7.242000,0.554499,-0.000000,0.264962,0.000000,0.000000,0.000000,-8.380134,WAIT_USER_CONFIRM
7.244000,0.554499,-0.000000,0.264962,0.000000,0.000000,0.000000,-8.380134,WAIT_USER_CONFIRM
7.246000,0.554499,-0.000000,0.264962,0.000000,0.000000,0.000000,-8.380134,WAIT_USER_CONFIRM
7.248000,0.554499,-0.000000,0.264962,0.000000,0.000000,0.000000,-8.380134,WAIT_USER_CONFIRM
7.250000,0.554499,-0.000000,0.264962,0.000000,0.000000,0.000000,-8.380134,WAIT_USER_CONFIRM
7.252000,0.554499,-0.000000,0.264962,0.000000,0.000000,0.000000,-8.380134,WAIT_USER_CONFIRM
7.254000,0.554499,-0.000000,0.264962,0.000000,0.000000,0.000000,-8.380134,WAIT_USER_CONFIRM
7.256000,0.554499,-0.000000,0.264962,0.000000,0.000000,0.000000,-8.380134,WAIT_USER_CONFIRM
7.258000,0.554499,-0.000000,0.264962,0.000000,0.000000,0.000000,-8.380134,WAIT_USER_CONFIRM
7.260000,0.554499,-0.000000,0.264962,0.000000,0.000000,0.000000,-8.380134,WAIT_USER_CONFIRM
7.262000,0.554499,-0.000000,0.264962,0.000000,0.000000,0.000000,-8.380134,WAIT_USER_CONFIRM
7.264000,0.554499,-0.000000,0.264962,0.000000,0.000000,0.000000,-8.380134,WAIT_USER_CONFIRM
7.266000,0.554499,-0.000000,0.264962,0.000000,0.000000,0.000000,-8.380134,WAIT_USER_CONFIRM
7.268000,0.554499,-0.000000,0.264962,0.000000,0.000000,0.000000,-8.380134,WAIT_USER_CONFIRM
7.270000,0.554499,-0.000000,0.264962,0.000000,0.000000,0.000000,-8.380134,WAIT_USER_CONFIRM
7.272000,0.554499,-0.000000,0.264962,0.000000,0.000000,0.000000,-8.380134,WAIT_USER_CONFIRM
7.274000,0.554499,-0.000000,0.264962,0.000000,0.000000,0.000000,-8.380134,WAIT_USER_CONFIRM
7.276000,0.554499,-0.000000,0.264962,0.000000,0.000000,0.000000,-8.380134,WAIT_USER_CONFIRM
7.278000,0.554499,-0.000000,0.264962,0.000000,0.000000,0.000000,-8.380134,WAIT_USER_CONFIRM
7.280000,0.554499,-0.000000,0.264962,0.000000,0.000000,0.000000,-8.380134,WAIT_USER_CONFIRM
7.282000,0.554499,-0.000000,0.264962,0.000000,0.000000,0.000000,-8.380134,WAIT_USER_CONFIRM
7.284000,0.554499,-0.000000,0.264962,0.000000,0.000000,0.000000,-8.380134,WAIT_USER_CONFIRM
7.286000,0.554499,-0.000000,0.264962,0.000000,0.000000,0.000000,-8.380134,WAIT_USER_CONFIRM
7.288000,0.554499,-0.000000,0.264962,0.000000,0.000000,0.000000,-8.380134,WAIT_USER_CONFIRM
7.290000,0.554499,-0.000000,0.264962,0.000000,0.000000,0.000000,-8.380134,WAIT_USER_CONFIRM
7.292000,0.554499,-0.000000,0.264962,0.000000,0.000000,0.000000,-8.380134,WAIT_USER_CONFIRM
7.294000,0.554499,-0.000000,0.264962,0.000000,0.000000,0.000000,-8.380134,WAIT_USER_CONFIRM
7.296000,0.554499,-0.000000,0.264962,0.000000,0.000000,0.000000,-8.380134,WAIT_USER_CONFIRM
7.298000,0.554499,-0.000000,0.264962,0.000000,0.000000,0.000000,-8.380134,WAIT_USER_CONFIRM
7.300000,0.554499,-0.000000,0.264962,0.000000,0.000000,0.000000,-8.380134,WAIT_USER_CONFIRM
7.302000,0.554499,-0.000000,0.264962,0.000000,0.000000,0.000000,-8.380134,WAIT_USER_CONFIRM
7.304000,0.554499,-0.000000,0.264962,0.000000,0.000000,0.000000,-8.380134,WAIT_USER_CONFIRM
7.306000,0.554499,-0.000000,0.264962,0.000000,0.000000,0.000000,-8.380134,WAIT_USER_CONFIRM
7.308000,0.554499,-0.000000,0.264962,0.000000,0.000000,0.000000,-8.380134,WAIT_USER_CONFIRM
7.310000,0.554499,-0.000000,0.264962,0.000000,0.000000,0.000000,-8.380134,WAIT_USER_CONFIRM
7.312000,0.554499,-0.000000,0.264962,0.000000,0.000000,0.000000,-8.380134,WAIT_USER_CONFIRM
7.314000,0.554499,-0.000000,0.264962,0.000000,0.000000,0.000000,-8.380134,WAIT_USER_CONFIRM
7.316000,0.554499,-0.000000,0.264962,0.000000,0.000000,0.000000,-8.380134,WAIT_USER_CONFIRM
7.318000,0.554499,-0.000000,0.264962,0.000000,0.000000,0.000000,-8.380134,WAIT_USER_CONFIRM
7.320000,0.554499,-0.000000,0.264962,0.000000,0.000000,0.000000,-8.380134,WAIT_USER_CONFIRM
7.322000,0.554499,-0.000000,0.264962,0.000000,0.000000,0.000000,-8.380134,WAIT_USER_CONFIRM
7.324000,0.554499,-0.000000,0.264962,0.000000,0.000000,0.000000,-8.380134,WAIT_USER_CONFIRM
7.326000,0.554499,-0.000000,0.264962,0.000000,0.000000,0.000000,-8.380134,WAIT_USER_CONFIRM
7.328000,0.554499,-0.000000,0.264962,0.000000,0.000000,0.000000,-8.380134,WAIT_USER_CONFIRM
7.330000,0.554499,-0.000000,0.264962,0.000000,0.000000,0.000000,-8.380134,WAIT_USER_CONFIRM
7.332000,0.554499,-0.000000,0.264962,0.000000,0.000000,0.000000,-8.380134,WAIT_USER_CONFIRM
7.334000,0.554499,-0.000000,0.264962,0.000000,0.000000,0.000000,-8.380134,WAIT_USER_CONFIRM
7.336000,0.554499,-0.000000,0.264962,0.000000,0.000000,0.000000,-8.380134,WAIT_USER_CONFIRM
7.338000,0.554499,-0.000000,0.264962,0.000000,0.000000,0.000000,-8.380134,WAIT_USER_CONFIRM
7.340000,0.554499,-0.000000,0.264962,0.000000,0.000000,0.000000,-8.380134,WAIT_USER_CONFIRM
7.342000,0.554499,-0.000000,0.264962,0.000000,0.000000,0.000000,-8.380134,WAIT_USER_CONFIRM
7.344000,0.554499,-0.000000,0.264962,0.000000,0.000000,0.000000,-8.380134,WAIT_USER_CONFIRM
7.346000,0.554499,-0.000000,0.264962,0.000000,0.000000,0.000000,-8.380134,WAIT_USER_CONFIRM
7.348000,0.554499,-0.000000,0.264962,0.000000,0.000000,0.000000,-8.380134,WAIT_USER_CONFIRM
7.350000,0.554499,-0.000000,0.264962,0.000000,0.000000,0.000000,-8.380134,WAIT_USER_CONFIRM
7.352000,0.554499,-0.000000,0.264962,0.000000,0.000000,0.000000,-8.380134,WAIT_USER_CONFIRM
7.354000,0.554499,-0.000000,0.264962,0.000000,0.000000,0.000000,-8.380134,WAIT_USER_CONFIRM
7.356000,0.554499,-0.000000,0.264962,0.000000,0.000000,0.000000,-8.380134,WAIT_USER_CONFIRM
7.358000,0.554499,-0.000000,0.264962,0.000000,0.000000,0.000000,-8.380134,WAIT_USER_CONFIRM
7.360000,0.554499,-0.000000,0.264962,0.000000,0.000000,0.000000,-8.380134,WAIT_USER_CONFIRM
7.362000,0.554499,-0.000000,0.264962,0.000000,0.000000,0.000000,-8.380134,WAIT_USER_CONFIRM
7.364000,0.554499,-0.000000,0.264962,0.000000,0.000000,0.000000,-8.380134,WAIT_USER_CONFIRM
7.366000,0.554499,-0.000000,0.264962,0.000000,0.000000,0.000000,-8.380134,WAIT_USER_CONFIRM
7.368000,0.554499,-0.000000,0.264962,0.000000,0.000000,0.000000,-8.380134,WAIT_USER_CONFIRM
7.370000,0.554499,-0.000000,0.264962,0.000000,0.000000,0.000000,-8.380134,WAIT_USER_CONFIRM
7.372000,0.554499,-0.000000,0.264962,0.000000,0.000000,0.000000,-8.380134,WAIT_USER_CONFIRM
7.374000,0.554499,-0.000000,0.264962,0.000000,0.000000,0.000000,-8.380134,WAIT_USER_CONFIRM
7.376000,0.554499,-0.000000,0.264962,0.000000,0.000000,0.000000,-8.380134,WAIT_USER_CONFIRM
7.378000,0.554499,-0.000000,0.264962,0.000000,0.000000,0.000000,-8.380134,WAIT_USER_CONFIRM
7.380000,0.554499,-0.000000,0.264962,0.000000,0.000000,0.000000,-8.380134,WAIT_USER_CONFIRM
7.382000,0.554499,-0.000000,0.264962,0.000000,0.000000,0.000000,-8.380134,WAIT_USER_CONFIRM
7.384000,0.554499,-0.000000,0.264962,0.000000,0.000000,0.000000,-8.380134,WAIT_USER_CONFIRM
7.386000,0.554499,-0.000000,0.264962,0.000000,0.000000,0.000000,-8.380134,WAIT_USER_CONFIRM
7.388000,0.554499,-0.000000,0.264962,0.000000,0.000000,0.000000,-8.380134,WAIT_USER_CONFIRM
7.390000,0.554499,-0.000000,0.264962,0.000000,0.000000,0.000000,-8.380134,WAIT_USER_CONFIRM
7.392000,0.554499,-0.000000,0.264962,0.000000,0.000000,0.000000,-8.380134,WAIT_USER_CONFIRM
7.394000,0.554499,-0.000000,0.264962,0.000000,0.000000,0.000000,-8.380134,WAIT_USER_CONFIRM
7.396000,0.554499,-0.000000,0.264962,0.000000,0.000000,0.000000,-8.380134,WAIT_USER_CONFIRM
7.398000,0.554499,-0.000000,0.264962,0.000000,0.000000,0.000000,-8.380134,WAIT_USER_CONFIRM
7.400000,0.554499,-0.000000,0.264962,0.000000,0.000000,0.000000,-8.380134,WAIT_USER_CONFIRM
7.402000,0.554499,-0.000000,0.264962,0.000000,0.000000,0.000000,-8.380134,WAIT_USER_CONFIRM
7.404000,0.554499,-0.000000,0.264962,0.000000,0.000000,0.000000,-8.380134,WAIT_USER_CONFIRM
7.406000,0.554499,-0.000000,0.264962,0.000000,0.000000,0.000000,-8.380134,WAIT_USER_CONFIRM
7.408000,0.554499,-0.000000,0.264962,0.000000,0.000000,0.000000,-8.380134,WAIT_USER_CONFIRM
7.410000,0.554499,-0.000000,0.264962,0.000000,0.000000,0.000000,-8.380134,WAIT_USER_CONFIRM
7.412000,0.554499,-0.000000,0.264962,0.000000,0.000000,0.000000,-8.380134,WAIT_USER_CONFIRM
7.414000,0.554499,-0.000000,0.264962,0.000000,0.000000,0.000000,-8.380134,WAIT_USER_CONFIRM
7.416000,0.554499,-0.000000,0.264962,0.000000,0.000000,0.000000,-8.380134,WAIT_USER_CONFIRM
7.418000,0.554499,-0.000000,0.264962,0.000000,0.000000,0.000000,-8.380134,WAIT_USER_CONFIRM
7.420000,0.554499,-0.000000,0.264962,0.000000,0.000000,0.000000,-8.380134,WAIT_USER_CONFIRM
7.422000,0.554499,-0.000000,0.264962,0.000000,0.000000,0.000000,-8.380134,WAIT_USER_CONFIRM
7.424000,0.554499,-0.000000,0.264962,0.000000,0.000000,0.000000,-8.380134,WAIT_USER_CONFIRM
7.426000,0.554499,-0.000000,0.264962,0.000000,0.000000,0.000000,-8.380134,WAIT_USER_CONFIRM
7.428000,0.554499,-0.000000,0.264962,0.000000,0.000000,0.000000,-8.380134,WAIT_USER_CONFIRM
7.430000,0.554499,-0.000000,0.264962,0.000000,0.000000,0.000000,-8.380134,WAIT_USER_CONFIRM
7.432000,0.554499,-0.000000,0.264962,0.000000,0.000000,0.000000,-8.380134,WAIT_USER_CONFIRM
7.434000,0.554499,-0.000000,0.264962,0.000000,0.000000,0.000000,-8.380134,WAIT_USER_CONFIRM
7.436000,0.554499,-0.000000,0.264962,0.000000,0.000000,0.000000,-8.380134,WAIT_USER_CONFIRM
7.438000,0.554499,-0.000000,0.264962,0.000000,0.000000,0.000000,-8.380134,WAIT_USER_CONFIRM
7.440000,0.554499,-0.000000,0.264962,0.000000,0.000000,0.000000,-8.380134,WAIT_USER_CONFIRM
7.442000,0.554499,-0.000000,0.264962,0.000000,0.000000,0.000000,-8.380134,WAIT_USER_CONFIRM
7.444000,0.554499,-0.000000,0.264962,0.000000,0.000000,0.000000,-8.380134,WAIT_USER_CONFIRM
7.446000,0.554499,-0.000000,0.264962,0.000000,0.000000,0.000000,-8.380134,WAIT_USER_CONFIRM
7.448000,0.554499,-0.000000,0.264962,0.000000,0.000000,0.000000,-8.380134,WAIT_USER_CONFIRM
7.450000,0.554499,-0.000000,0.264962,0.000000,0.000000,0.000000,-8.380134,WAIT_USER_CONFIRM
7.452000,0.554499,-0.000000,0.264962,0.000000,0.000000,0.000000,-8.380134,WAIT_USER_CONFIRM
7.454000,0.554499,-0.000000,0.264962,0.000000,0.000000,0.000000,-8.380134,WAIT_USER_CONFIRM
7.456000,0.554499,-0.000000,0.264962,0.000000,0.000000,0.000000,-8.380134,WAIT_USER_CONFIRM
7.458000,0.554499,-0.000000,0.264962,0.000000,0.000000,0.000000,-8.380134,WAIT_USER_CONFIRM
7.460000,0.554499,-0.000000,0.264962,0.000000,0.000000,0.000000,-8.380134,WAIT_USER_CONFIRM
7.462000,0.554499,-0.000000,0.264962,0.000000,0.000000,0.000000,-8.380134,WAIT_USER_CONFIRM
7.464000,0.554499,-0.000000,0.264962,0.000000,0.000000,0.000000,-8.380134,WAIT_USER_CONFIRM
7.466000,0.554499,-0.000000,0.264962,0.000000,0.000000,0.000000,-8.380134,WAIT_USER_CONFIRM
7.468000,0.554499,-0.000000,0.264962,0.000000,0.000000,0.000000,-8.380134,WAIT_USER_CONFIRM
7.470000,0.554499,-0.000000,0.264962,0.000000,0.000000,0.000000,-8.380134,WAIT_USER_CONFIRM
7.472000,0.554499,-0.000000,0.264962,0.000000,0.000000,0.000000,-8.380134,WAIT_USER_CONFIRM
7.474000,0.554499,-0.000000,0.264962,0.000000,0.000000,0.000000,-8.380134,WAIT_USER_CONFIRM
7.476000,0.554499,-0.000000,0.264962,0.000000,0.000000,0.000000,-8.380134,WAIT_USER_CONFIRM
7.478000,0.554499,-0.000000,0.264962,0.000000,0.000000,0.000000,-8.380134,WAIT_USER_CONFIRM
7.480000,0.554499,-0.000000,0.264962,0.000000,0.000000,0.000000,-8.380134,WAIT_USER_CONFIRM
7.482000,0.554499,-0.000000,0.264962,0.000000,0.000000,0.000000,-8.380134,WAIT_USER_CONFIRM
7.484000,0.554499,-0.000000,0.264962,0.000000,0.000000,0.000000,-8.380134,WAIT_USER_CONFIRM
7.486000,0.554499,-0.000000,0.264962,0.000000,0.000000,0.000000,-8.380134,WAIT_USER_CONFIRM
7.488000,0.554499,-0.000000,0.264962,0.000000,0.000000,0.000000,-8.380134,WAIT_USER_CONFIRM
7.490000,0.554499,-0.000000,0.264962,0.000000,0.000000,0.000000,-8.380134,WAIT_USER_CONFIRM
7.492000,0.554499,-0.000000,0.264962,0.000000,0.000000,0.000000,-8.380134,WAIT_USER_CONFIRM
7.494000,0.554499,-0.000000,0.264962,0.000000,0.000000,0.000000,-8.380134,WAIT_USER_CONFIRM
7.496000,0.554499,-0.000000,0.264962,0.000000,0.000000,0.000000,-8.380134,WAIT_USER_CONFIRM
7.498000,0.554499,-0.000000,0.264962,0.000000,0.000000,0.000000,-8.380134,WAIT_USER_CONFIRM
7.500000,0.554499,-0.000000,0.264962,0.000000,0.000000,0.000000,-8.380134,WAIT_USER_CONFIRM
7.502000,0.554499,-0.000000,0.264962,0.000000,0.000000,0.000000,-8.380134,WAIT_USER_CONFIRM
7.504000,0.554499,-0.000000,0.264962,0.000000,0.000000,0.000000,-8.380134,WAIT_USER_CONFIRM
7.506000,0.554499,-0.000000,0.264962,0.000000,0.000000,0.000000,-8.380134,WAIT_USER_CONFIRM
7.508000,0.554499,-0.000000,0.264962,0.000000,0.000000,0.000000,-8.380134,WAIT_USER_CONFIRM
7.510000,0.554499,-0.000000,0.264962,0.000000,0.000000,0.000000,-8.380134,WAIT_USER_CONFIRM
7.512000,0.554499,-0.000000,0.264962,0.000000,0.000000,0.000000,-8.380134,WAIT_USER_CONFIRM
7.514000,0.554499,-0.000000,0.264962,0.000000,0.000000,0.000000,-8.380134,WAIT_USER_CONFIRM
7.516000,0.554499,-0.000000,0.264962,0.000000,0.000000,0.000000,-8.380134,WAIT_USER_CONFIRM
7.518000,0.554499,-0.000000,0.264962,0.000000,0.000000,0.000000,-8.380134,WAIT_USER_CONFIRM
7.520000,0.554499,-0.000000,0.264962,0.000000,0.000000,0.000000,-8.380134,WAIT_USER_CONFIRM
7.522000,0.554499,-0.000000,0.264962,0.000000,0.000000,0.000000,-8.380134,WAIT_USER_CONFIRM
7.524000,0.554499,-0.000000,0.264962,0.000000,0.000000,0.000000,-8.380134,WAIT_USER_CONFIRM
7.526000,0.554499,-0.000000,0.264962,0.000000,0.000000,0.000000,-8.380134,WAIT_USER_CONFIRM
7.528000,0.554499,-0.000000,0.264962,0.000000,0.000000,0.000000,-8.380134,WAIT_USER_CONFIRM
7.530000,0.554499,-0.000000,0.264962,0.000000,0.000000,0.000000,-8.380134,WAIT_USER_CONFIRM
7.532000,0.554499,-0.000000,0.264962,0.000000,0.000000,0.000000,-8.380134,WAIT_USER_CONFIRM
7.534000,0.554499,-0.000000,0.264962,0.000000,0.000000,0.000000,-8.380134,WAIT_USER_CONFIRM
7.536000,0.554499,-0.000000,0.264962,0.000000,0.000000,0.000000,-8.380134,WAIT_USER_CONFIRM
7.538000,0.554499,-0.000000,0.264962,0.000000,0.000000,0.000000,-8.380134,WAIT_USER_CONFIRM
7.540000,0.554499,-0.000000,0.264962,0.000000,0.000000,0.000000,-8.380134,WAIT_USER_CONFIRM
7.542000,0.554499,-0.000000,0.264962,0.000000,0.000000,0.000000,-8.380134,WAIT_USER_CONFIRM
7.544000,0.554499,-0.000000,0.264962,0.000000,0.000000,0.000000,-8.380134,WAIT_USER_CONFIRM
7.546000,0.554499,-0.000000,0.264962,0.000000,0.000000,0.000000,-8.380134,WAIT_USER_CONFIRM
7.548000,0.554499,-0.000000,0.264962,0.000000,0.000000,0.000000,-8.380134,WAIT_USER_CONFIRM
7.550000,0.554499,-0.000000,0.264962,0.000000,0.000000,0.000000,-8.380134,WAIT_USER_CONFIRM
7.552000,0.554499,-0.000000,0.264962,0.000000,0.000000,0.000000,-8.380134,WAIT_USER_CONFIRM
7.554000,0.554499,-0.000000,0.264962,0.000000,0.000000,0.000000,-8.380134,WAIT_USER_CONFIRM
7.556000,0.554499,-0.000000,0.264962,0.000000,0.000000,0.000000,-8.380134,WAIT_USER_CONFIRM
7.558000,0.554499,-0.000000,0.264962,0.000000,0.000000,0.000000,-8.380134,WAIT_USER_CONFIRM
7.560000,0.554499,-0.000000,0.264962,0.000000,0.000000,0.000000,-8.380134,WAIT_USER_CONFIRM
7.562000,0.554499,-0.000000,0.264962,0.000000,0.000000,0.000000,-8.380134,WAIT_USER_CONFIRM
7.564000,0.554499,-0.000000,0.264962,0.000000,0.000000,0.000000,-8.380134,WAIT_USER_CONFIRM
7.566000,0.554499,-0.000000,0.264962,0.000000,0.000000,0.000000,-8.380134,WAIT_USER_CONFIRM
7.568000,0.554499,-0.000000,0.264962,0.000000,0.000000,0.000000,-8.380134,WAIT_USER_CONFIRM
7.570000,0.554499,-0.000000,0.264962,0.000000,0.000000,0.000000,-8.380134,WAIT_USER_CONFIRM
7.572000,0.554499,-0.000000,0.264962,0.000000,0.000000,0.000000,-8.380134,WAIT_USER_CONFIRM
7.574000,0.554499,-0.000000,0.264962,0.000000,0.000000,0.000000,-8.380134,WAIT_USER_CONFIRM
7.576000,0.554499,-0.000000,0.264962,0.000000,0.000000,0.000000,-8.380134,WAIT_USER_CONFIRM
7.578000,0.554499,-0.000000,0.264962,0.000000,0.000000,0.000000,-8.380134,WAIT_USER_CONFIRM
7.580000,0.554499,-0.000000,0.264962,0.000000,0.000000,0.000000,-8.380134,WAIT_USER_CONFIRM
7.582000,0.554499,-0.000000,0.264962,0.000000,0.000000,0.000000,-8.380134,WAIT_USER_CONFIRM
7.584000,0.554499,-0.000000,0.264962,0.000000,0.000000,0.000000,-8.380134,WAIT_USER_CONFIRM
7.586000,0.554499,-0.000000,0.264962,0.000000,0.000000,0.000000,-8.380134,WAIT_USER_CONFIRM
7.588000,0.554499,-0.000000,0.264962,0.000000,0.000000,0.000000,-8.380134,WAIT_USER_CONFIRM
7.590000,0.554499,-0.000000,0.264962,0.000000,0.000000,0.000000,-8.380134,WAIT_USER_CONFIRM
7.592000,0.554499,-0.000000,0.264962,0.000000,0.000000,0.000000,-8.380134,WAIT_USER_CONFIRM
7.594000,0.554499,-0.000000,0.264962,0.000000,0.000000,0.000000,-8.380134,WAIT_USER_CONFIRM
7.596000,0.554499,-0.000000,0.264962,0.000000,0.000000,0.000000,-8.380134,WAIT_USER_CONFIRM
7.598000,0.554499,-0.000000,0.264962,0.000000,0.000000,0.000000,-8.380134,WAIT_USER_CONFIRM
7.600000,0.554499,-0.000000,0.264962,0.000000,0.000000,0.000000,-8.380134,WAIT_USER_CONFIRM
7.602000,0.554499,-0.000000,0.264962,0.000000,0.000000,0.000000,-8.380134,WAIT_USER_CONFIRM
7.604000,0.554499,-0.000000,0.264962,0.000000,0.000000,0.000000,-8.380134,WAIT_USER_CONFIRM
7.606000,0.554499,-0.000000,0.264962,0.000000,0.000000,0.000000,-8.380134,WAIT_USER_CONFIRM
7.608000,0.554499,-0.000000,0.264962,0.000000,0.000000,0.000000,-8.380134,WAIT_USER_CONFIRM
7.610000,0.554499,-0.000000,0.264962,0.000000,0.000000,0.000000,-8.380134,WAIT_USER_CONFIRM
7.612000,0.554499,-0.000000,0.264962,0.000000,0.000000,0.000000,-8.380134,WAIT_USER_CONFIRM
7.614000,0.554499,-0.000000,0.264962,0.000000,0.000000,0.000000,-8.380134,WAIT_USER_CONFIRM
7.616000,0.554499,-0.000000,0.264962,0.000000,0.000000,0.000000,-8.380134,WAIT_USER_CONFIRM
7.618000,0.554499,-0.000000,0.264962,0.000000,0.000000,0.000000,-8.380134,WAIT_USER_CONFIRM
7.620000,0.554499,-0.000000,0.264962,0.000000,0.000000,0.000000,-8.380134,WAIT_USER_CONFIRM
7.622000,0.554499,-0.000000,0.264962,0.000000,0.000000,0.000000,-8.380134,WAIT_USER_CONFIRM
7.624000,0.554499,-0.000000,0.264962,0.000000,0.000000,0.000000,-8.380134,WAIT_USER_CONFIRM
7.626000,0.554499,-0.000000,0.264962,0.000000,0.000000,0.000000,-8.380134,WAIT_USER_CONFIRM
7.628000,0.554499,-0.000000,0.264962,0.000000,0.000000,0.000000,-8.380134,WAIT_USER_CONFIRM
7.630000,0.554499,-0.000000,0.264962,0.000000,0.000000,0.000000,-8.380134,WAIT_USER_CONFIRM
7.632000,0.554499,-0.000000,0.264962,0.000000,0.000000,0.000000,-8.380134,WAIT_USER_CONFIRM
7.634000,0.554499,-0.000000,0.264962,0.000000,0.000000,0.000000,-8.380134,WAIT_USER_CONFIRM
7.636000,0.554499,-0.000000,0.264962,0.000000,0.000000,0.000000,-8.380134,WAIT_USER_CONFIRM
7.638000,0.554499,-0.000000,0.264962,0.000000,0.000000,0.000000,-8.380134,WAIT_USER_CONFIRM
7.640000,0.554499,-0.000000,0.264962,0.000000,0.000000,0.000000,-8.380134,WAIT_USER_CONFIRM
7.642000,0.554499,-0.000000,0.264962,0.000000,0.000000,0.000000,-8.380134,WAIT_USER_CONFIRM
7.644000,0.554499,-0.000000,0.264962,0.000000,0.000000,0.000000,-8.380134,WAIT_USER_CONFIRM
7.646000,0.554499,-0.000000,0.264962,0.000000,0.000000,0.000000,-8.380134,WAIT_USER_CONFIRM
7.648000,0.554499,-0.000000,0.264962,0.000000,0.000000,0.000000,-8.380134,WAIT_USER_CONFIRM
7.650000,0.554499,-0.000000,0.264962,0.000000,0.000000,0.000000,-8.380134,WAIT_USER_CONFIRM
7.652000,0.554499,-0.000000,0.264962,0.000000,0.000000,0.000000,-8.380134,WAIT_USER_CONFIRM
7.654000,0.554499,-0.000000,0.264962,0.000000,0.000000,0.000000,-8.380134,WAIT_USER_CONFIRM
7.656000,0.554499,-0.000000,0.264962,0.000000,0.000000,0.000000,-8.380134,WAIT_USER_CONFIRM
7.658000,0.554499,-0.000000,0.264962,0.000000,0.000000,0.000000,-8.380134,WAIT_USER_CONFIRM
7.660000,0.554499,-0.000000,0.264962,0.000000,0.000000,0.000000,-8.380134,WAIT_USER_CONFIRM
7.662000,0.554499,-0.000000,0.264962,0.000000,0.000000,0.000000,-8.380134,WAIT_USER_CONFIRM
7.664000,0.554499,-0.000000,0.264962,0.000000,0.000000,0.000000,-8.380134,WAIT_USER_CONFIRM
7.666000,0.554499,-0.000000,0.264962,0.000000,0.000000,0.000000,-8.380134,WAIT_USER_CONFIRM
7.668000,0.554499,-0.000000,0.264962,0.000000,0.000000,0.000000,-8.380134,WAIT_USER_CONFIRM
7.670000,0.554499,-0.000000,0.264962,0.000000,0.000000,0.000000,-8.380134,WAIT_USER_CONFIRM
7.672000,0.554499,-0.000000,0.264962,0.000000,0.000000,0.000000,-8.380134,WAIT_USER_CONFIRM
7.674000,0.554499,-0.000000,0.264962,0.000000,0.000000,0.000000,-8.380134,WAIT_USER_CONFIRM
7.676000,0.554499,-0.000000,0.264962,0.000000,0.000000,0.000000,-8.380134,WAIT_USER_CONFIRM
7.678000,0.554499,-0.000000,0.264962,0.000000,0.000000,0.000000,-8.380134,WAIT_USER_CONFIRM
7.680000,0.554499,-0.000000,0.264962,0.000000,0.000000,0.000000,-8.380134,WAIT_USER_CONFIRM
7.682000,0.554499,-0.000000,0.264962,0.000000,0.000000,0.000000,-8.380134,WAIT_USER_CONFIRM
7.684000,0.554499,-0.000000,0.264962,0.000000,0.000000,0.000000,-8.380134,WAIT_USER_CONFIRM
7.686000,0.554499,-0.000000,0.264962,0.000000,0.000000,0.000000,-8.380134,WAIT_USER_CONFIRM
7.688000,0.554499,-0.000000,0.264962,0.000000,0.000000,0.000000,-8.380134,WAIT_USER_CONFIRM
7.690000,0.554499,-0.000000,0.264962,0.000000,0.000000,0.000000,-8.380134,WAIT_USER_CONFIRM
7.692000,0.554499,-0.000000,0.264962,0.000000,0.000000,0.000000,-8.380134,WAIT_USER_CONFIRM
7.694000,0.554499,-0.000000,0.264962,0.000000,0.000000,0.000000,-8.380134,WAIT_USER_CONFIRM
7.696000,0.554499,-0.000000,0.264962,0.000000,0.000000,0.000000,-8.380134,WAIT_USER_CONFIRM
7.698000,0.554499,-0.000000,0.264962,0.000000,0.000000,0.000000,-8.380134,WAIT_USER_CONFIRM
7.700000,0.554499,-0.000000,0.264962,0.000000,0.000000,0.000000,-8.380134,WAIT_USER_CONFIRM
7.702000,0.554499,-0.000000,0.264962,0.000000,0.000000,0.000000,-8.380134,WAIT_USER_CONFIRM
7.704000,0.554499,-0.000000,0.264962,0.000000,0.000000,0.000000,-8.380134,WAIT_USER_CONFIRM
7.706000,0.554499,-0.000000,0.264962,0.000000,0.000000,0.000000,-8.380134,WAIT_USER_CONFIRM
7.708000,0.554499,-0.000000,0.264962,0.000000,0.000000,0.000000,-8.380134,WAIT_USER_CONFIRM
7.710000,0.554499,-0.000000,0.264962,0.000000,0.000000,0.000000,-8.380134,WAIT_USER_CONFIRM
7.712000,0.554499,-0.000000,0.264962,0.000000,0.000000,0.000000,-8.380134,WAIT_USER_CONFIRM
7.714000,0.554499,-0.000000,0.264962,0.000000,0.000000,0.000000,-8.380134,WAIT_USER_CONFIRM
7.716000,0.554499,-0.000000,0.264962,0.000000,0.000000,0.000000,-8.380134,WAIT_USER_CONFIRM
7.718000,0.554499,-0.000000,0.264962,0.000000,0.000000,0.000000,-8.380134,WAIT_USER_CONFIRM
7.720000,0.554499,-0.000000,0.264962,0.000000,0.000000,0.000000,-8.380134,WAIT_USER_CONFIRM
7.722000,0.554499,-0.000000,0.264962,0.000000,0.000000,0.000000,-8.380134,WAIT_USER_CONFIRM
7.724000,0.554499,-0.000000,0.264962,0.000000,0.000000,0.000000,-8.380134,WAIT_USER_CONFIRM
7.726000,0.554499,-0.000000,0.264962,0.000000,0.000000,0.000000,-8.380134,WAIT_USER_CONFIRM
7.728000,0.554499,-0.000000,0.264962,0.000000,0.000000,0.000000,-8.380134,WAIT_USER_CONFIRM
7.730000,0.554499,-0.000000,0.264962,0.000000,0.000000,0.000000,-8.380134,WAIT_USER_CONFIRM
7.732000,0.554499,-0.000000,0.264962,0.000000,0.000000,0.000000,-8.380134,WAIT_USER_CONFIRM
7.734000,0.554499,-0.000000,0.264962,0.000000,0.000000,0.000000,-8.380134,WAIT_USER_CONFIRM
7.736000,0.554499,-0.000000,0.264962,0.000000,0.000000,0.000000,-8.380134,WAIT_USER_CONFIRM
7.738000,0.554499,-0.000000,0.264962,0.000000,0.000000,0.000000,-8.380134,WAIT_USER_CONFIRM
7.740000,0.554499,-0.000000,0.264962,0.000000,0.000000,0.000000,-8.380134,WAIT_USER_CONFIRM
7.742000,0.554499,-0.000000,0.264962,0.000000,0.000000,0.000000,-8.380134,WAIT_USER_CONFIRM
7.744000,0.554499,-0.000000,0.264962,0.000000,0.000000,0.000000,-8.380134,WAIT_USER_CONFIRM
7.746000,0.554499,-0.000000,0.264962,0.000000,0.000000,0.000000,-8.380134,WAIT_USER_CONFIRM
7.748000,0.554499,-0.000000,0.264962,0.000000,0.000000,0.000000,-8.380134,WAIT_USER_CONFIRM
7.750000,0.554499,-0.000000,0.264962,0.000000,0.000000,0.000000,-8.380134,WAIT_USER_CONFIRM
7.752000,0.554499,-0.000000,0.264962,0.000000,0.000000,0.000000,-8.380134,WAIT_USER_CONFIRM
7.754000,0.554499,-0.000000,0.264962,0.000000,0.000000,0.000000,-8.380134,WAIT_USER_CONFIRM
7.756000,0.554499,-0.000000,0.264962,0.000000,0.000000,0.000000,-8.380134,WAIT_USER_CONFIRM
7.758000,0.554499,-0.000000,0.264962,0.000000,0.000000,0.000000,-8.380134,WAIT_USER_CONFIRM
7.760000,0.554499,-0.000000,0.264962,0.000000,0.000000,0.000000,-8.380134,WAIT_USER_CONFIRM
7.762000,0.554499,-0.000000,0.264962,0.000000,0.000000,0.000000,-8.380134,WAIT_USER_CONFIRM
7.764000,0.554499,-0.000000,0.264962,0.000000,0.000000,0.000000,-8.380134,WAIT_USER_CONFIRM
7.766000,0.554499,-0.000000,0.264962,0.000000,0.000000,0.000000,-8.380134,WAIT_USER_CONFIRM
7.768000,0.554499,-0.000000,0.264962,0.000000,0.000000,0.000000,-8.380134,WAIT_USER_CONFIRM
7.770000,0.554499,-0.000000,0.264962,0.000000,0.000000,0.000000,-8.380134,WAIT_USER_CONFIRM
7.772000,0.554499,-0.000000,0.264962,0.000000,0.000000,0.000000,-8.380134,WAIT_USER_CONFIRM
7.774000,0.554499,-0.000000,0.264962,0.000000,0.000000,0.000000,-8.380134,WAIT_USER_CONFIRM
7.776000,0.554499,-0.000000,0.264962,0.000000,0.000000,0.000000,-8.380134,WAIT_USER_CONFIRM
7.778000,0.554499,-0.000000,0.264962,0.000000,0.000000,0.000000,-8.380134,WAIT_USER_CONFIRM
7.780000,0.554499,-0.000000,0.264962,0.000000,0.000000,0.000000,-8.380134,WAIT_USER_CONFIRM
7.782000,0.554499,-0.000000,0.264962,0.000000,0.000000,0.000000,-8.380134,WAIT_USER_CONFIRM
7.784000,0.554499,-0.000000,0.264962,0.000000,0.000000,0.000000,-8.380134,WAIT_USER_CONFIRM
7.786000,0.554499,-0.000000,0.264962,0.000000,0.000000,0.000000,-8.380134,WAIT_USER_CONFIRM
7.788000,0.554499,-0.000000,0.264962,0.000000,0.000000,0.000000,-8.380134,WAIT_USER_CONFIRM
7.790000,0.554499,-0.000000,0.264962,0.000000,0.000000,0.000000,-8.380134,WAIT_USER_CONFIRM
7.792000,0.554499,-0.000000,0.264962,0.000000,0.000000,0.000000,-8.380134,WAIT_USER_CONFIRM
7.794000,0.554499,-0.000000,0.264962,0.000000,0.000000,0.000000,-8.380134,WAIT_USER_CONFIRM
7.796000,0.554499,-0.000000,0.264962,0.000000,0.000000,0.000000,-8.380134,WAIT_USER_CONFIRM
7.798000,0.554499,-0.000000,0.264962,0.000000,0.000000,0.000000,-8.380134,WAIT_USER_CONFIRM
7.800000,0.554499,-0.000000,0.264962,0.000000,0.000000,0.000000,-8.380134,WAIT_USER_CONFIRM
7.802000,0.554499,-0.000000,0.264962,0.000000,0.000000,0.000000,-8.380134,WAIT_USER_CONFIRM
7.804000,0.554499,-0.000000,0.264962,0.000000,0.000000,0.000000,-8.380134,WAIT_USER_CONFIRM
7.806000,0.554499,-0.000000,0.264962,0.000000,0.000000,0.000000,-8.380134,WAIT_USER_CONFIRM
7.808000,0.554499,-0.000000,0.264962,0.000000,0.000000,0.000000,-8.380134,WAIT_USER_CONFIRM
7.810000,0.554499,-0.000000,0.264962,0.000000,0.000000,0.000000,-8.380134,WAIT_USER_CONFIRM
7.812000,0.554499,-0.000000,0.264962,0.000000,0.000000,0.000000,-8.380134,WAIT_USER_CONFIRM
7.814000,0.554499,-0.000000,0.264962,0.000000,0.000000,0.000000,-8.380134,WAIT_USER_CONFIRM
7.816000,0.554499,-0.000000,0.264962,0.000000,0.000000,0.000000,-8.380134,WAIT_USER_CONFIRM
7.818000,0.554499,-0.000000,0.264962,0.000000,0.000000,0.000000,-8.380134,WAIT_USER_CONFIRM
7.820000,0.554499,-0.000000,0.264962,0.000000,0.000000,0.000000,-8.380134,WAIT_USER_CONFIRM
7.822000,0.554499,-0.000000,0.264962,0.000000,0.000000,0.000000,-8.380134,WAIT_USER_CONFIRM
7.824000,0.554499,-0.000000,0.264962,0.000000,0.000000,0.000000,-8.380134,WAIT_USER_CONFIRM
7.826000,0.554499,-0.000000,0.264962,0.000000,0.000000,0.000000,-8.380134,WAIT_USER_CONFIRM
7.828000,0.554499,-0.000000,0.264962,0.000000,0.000000,0.000000,-8.380134,WAIT_USER_CONFIRM
7.830000,0.554499,-0.000000,0.264962,0.000000,0.000000,0.000000,-8.380134,WAIT_USER_CONFIRM
7.832000,0.554499,-0.000000,0.264962,0.000000,0.000000,0.000000,-8.380134,WAIT_USER_CONFIRM
7.834000,0.554499,-0.000000,0.264962,0.000000,0.000000,0.000000,-8.380134,WAIT_USER_CONFIRM
7.836000,0.554499,-0.000000,0.264962,0.000000,0.000000,0.000000,-8.380134,WAIT_USER_CONFIRM
7.838000,0.554499,-0.000000,0.264962,0.000000,0.000000,0.000000,-8.380134,WAIT_USER_CONFIRM
7.840000,0.554499,-0.000000,0.264962,0.000000,0.000000,0.000000,-8.380134,WAIT_USER_CONFIRM
7.842000,0.554499,-0.000000,0.264962,0.000000,0.000000,0.000000,-8.380134,WAIT_USER_CONFIRM
7.844000,0.554499,-0.000000,0.264962,0.000000,0.000000,0.000000,-8.380134,WAIT_USER_CONFIRM
7.846000,0.554499,-0.000000,0.264962,0.000000,0.000000,0.000000,-8.380134,WAIT_USER_CONFIRM
7.848000,0.554499,-0.000000,0.264962,0.000000,0.000000,0.000000,-8.380134,WAIT_USER_CONFIRM
7.850000,0.554499,-0.000000,0.264962,0.000000,0.000000,0.000000,-8.380134,WAIT_USER_CONFIRM
7.852000,0.554499,-0.000000,0.264962,0.000000,0.000000,0.000000,-8.380134,WAIT_USER_CONFIRM
7.854000,0.554499,-0.000000,0.264962,0.000000,0.000000,0.000000,-8.380134,WAIT_USER_CONFIRM
7.856000,0.554499,-0.000000,0.264962,0.000000,0.000000,0.000000,-8.380134,WAIT_USER_CONFIRM
7.858000,0.554499,-0.000000,0.264962,0.000000,0.000000,0.000000,-8.380134,WAIT_USER_CONFIRM
7.860000,0.554499,-0.000000,0.264962,0.000000,0.000000,0.000000,-8.380134,WAIT_USER_CONFIRM
7.862000,0.554499,-0.000000,0.264962,0.000000,0.000000,0.000000,-8.380134,WAIT_USER_CONFIRM
7.864000,0.554499,-0.000000,0.264962,0.000000,0.000000,0.000000,-8.380134,WAIT_USER_CONFIRM
7.866000,0.554499,-0.000000,0.264962,0.000000,0.000000,0.000000,-8.380134,WAIT_USER_CONFIRM
7.868000,0.554499,-0.000000,0.264962,0.000000,0.000000,0.000000,-8.380134,WAIT_USER_CONFIRM
7.870000,0.554499,-0.000000,0.264962,0.000000,0.000000,0.000000,-8.380134,WAIT_USER_CONFIRM
7.872000,0.554499,-0.000000,0.264962,0.000000,0.000000,0.000000,-8.380134,WAIT_USER_CONFIRM
7.874000,0.554499,-0.000000,0.264962,0.000000,0.000000,0.000000,-8.380134,WAIT_USER_CONFIRM
7.876000,0.554499,-0.000000,0.264962,0.000000,0.000000,0.000000,-8.380134,WAIT_USER_CONFIRM
7.878000,0.554499,-0.000000,0.264962,0.000000,0.000000,0.000000,-8.380134,WAIT_USER_CONFIRM
7.880000,0.554499,-0.000000,0.264962,0.000000,0.000000,0.000000,-8.380134,WAIT_USER_CONFIRM
7.882000,0.554499,-0.000000,0.264962,0.000000,0.000000,0.000000,-8.380134,WAIT_USER_CONFIRM
7.884000,0.554499,-0.000000,0.264962,0.000000,0.000000,0.000000,-8.380134,WAIT_USER_CONFIRM
7.886000,0.554499,-0.000000,0.264962,0.000000,0.000000,0.000000,-8.380134,WAIT_USER_CONFIRM
7.888000,0.554499,-0.000000,0.264962,0.000000,0.000000,0.000000,-8.380134,WAIT_USER_CONFIRM
7.890000,0.554499,-0.000000,0.264962,0.000000,0.000000,0.000000,-8.380134,WAIT_USER_CONFIRM
7.892000,0.554499,-0.000000,0.264962,0.000000,0.000000,0.000000,-8.380134,WAIT_USER_CONFIRM
7.894000,0.554499,-0.000000,0.264962,0.000000,0.000000,0.000000,-8.380134,WAIT_USER_CONFIRM
7.896000,0.554499,-0.000000,0.264962,0.000000,0.000000,0.000000,-8.380134,WAIT_USER_CONFIRM
7.898000,0.554499,-0.000000,0.264962,0.000000,0.000000,0.000000,-8.380134,WAIT_USER_CONFIRM
7.900000,0.554499,-0.000000,0.264962,0.000000,0.000000,0.000000,-8.380134,WAIT_USER_CONFIRM
7.902000,0.554499,-0.000000,0.264962,0.000000,0.000000,0.000000,-8.380134,WAIT_USER_CONFIRM
7.904000,0.554499,-0.000000,0.264962,0.000000,0.000000,0.000000,-8.380134,WAIT_USER_CONFIRM
7.906000,0.554499,-0.000000,0.264962,0.000000,0.000000,0.000000,-8.380134,WAIT_USER_CONFIRM
7.908000,0.554499,-0.000000,0.264962,0.000000,0.000000,0.000000,-8.380134,WAIT_USER_CONFIRM
7.910000,0.554499,-0.000000,0.264962,0.000000,0.000000,0.000000,-8.380134,WAIT_USER_CONFIRM
7.912000,0.554499,-0.000000,0.264962,0.000000,0.000000,0.000000,-8.380134,WAIT_USER_CONFIRM
7.914000,0.554499,-0.000000,0.264962,0.000000,0.000000,0.000000,-8.380134,WAIT_USER_CONFIRM
7.916000,0.554499,-0.000000,0.264962,0.000000,0.000000,0.000000,-8.380134,WAIT_USER_CONFIRM
7.918000,0.554499,-0.000000,0.264962,0.000000,0.000000,0.000000,-8.380134,WAIT_USER_CONFIRM
7.920000,0.554499,-0.000000,0.264962,0.000000,0.000000,0.000000,-8.380134,WAIT_USER_CONFIRM
7.922000,0.554499,-0.000000,0.264962,0.000000,0.000000,0.000000,-8.380134,WAIT_USER_CONFIRM
7.924000,0.554499,-0.000000,0.264962,0.000000,0.000000,0.000000,-8.380134,WAIT_USER_CONFIRM
7.926000,0.554499,-0.000000,0.264962,0.000000,0.000000,0.000000,-8.380134,WAIT_USER_CONFIRM
7.928000,0.554499,-0.000000,0.264962,0.000000,0.000000,0.000000,-8.380134,WAIT_USER_CONFIRM
7.930000,0.554499,-0.000000,0.264962,0.000000,0.000000,0.000000,-8.380134,WAIT_USER_CONFIRM
7.932000,0.554499,-0.000000,0.264962,0.000000,0.000000,0.000000,-8.380134,WAIT_USER_CONFIRM
7.934000,0.554499,-0.000000,0.264962,0.000000,0.000000,0.000000,-8.380134,WAIT_USER_CONFIRM
7.936000,0.554499,-0.000000,0.264962,0.000000,0.000000,0.000000,-8.380134,WAIT_USER_CONFIRM
7.938000,0.554499,-0.000000,0.264962,0.000000,0.000000,0.000000,-8.380134,WAIT_USER_CONFIRM
7.940000,0.554499,-0.000000,0.264962,0.000000,0.000000,0.000000,-8.380134,WAIT_USER_CONFIRM
7.942000,0.554499,-0.000000,0.264962,0.000000,0.000000,0.000000,-8.380134,WAIT_USER_CONFIRM
7.944000,0.554499,-0.000000,0.264962,0.000000,0.000000,0.000000,-8.380134,WAIT_USER_CONFIRM
7.946000,0.554499,-0.000000,0.264962,0.000000,0.000000,0.000000,-8.380134,WAIT_USER_CONFIRM
7.948000,0.554499,-0.000000,0.264962,0.000000,0.000000,0.000000,-8.380134,WAIT_USER_CONFIRM
7.950000,0.554499,-0.000000,0.264962,0.000000,0.000000,0.000000,-8.380134,WAIT_USER_CONFIRM
7.952000,0.554499,-0.000000,0.264962,0.000000,0.000000,0.000000,-8.380134,WAIT_USER_CONFIRM
7.954000,0.554499,-0.000000,0.264962,0.000000,0.000000,0.000000,-8.380134,WAIT_USER_CONFIRM
7.956000,0.554499,-0.000000,0.264962,0.000000,0.000000,0.000000,-8.380134,WAIT_USER_CONFIRM
7.958000,0.554499,-0.000000,0.264962,0.000000,0.000000,0.000000,-8.380134,WAIT_USER_CONFIRM
7.960000,0.554499,-0.000000,0.264962,0.000000,0.000000,0.000000,-8.380134,WAIT_USER_CONFIRM
7.962000,0.554499,-0.000000,0.264962,0.000000,0.000000,0.000000,-8.380134,WAIT_USER_CONFIRM
7.964000,0.554499,-0.000000,0.264962,0.000000,0.000000,0.000000,-8.380134,WAIT_USER_CONFIRM
7.966000,0.554499,-0.000000,0.264962,0.000000,0.000000,0.000000,-8.380134,WAIT_USER_CONFIRM
7.968000,0.554499,-0.000000,0.264962,0.000000,0.000000,0.000000,-8.380134,WAIT_USER_CONFIRM
7.970000,0.554499,-0.000000,0.264962,0.000000,0.000000,0.000000,-8.380134,WAIT_USER_CONFIRM
7.972000,0.554499,-0.000000,0.264962,0.000000,0.000000,0.000000,-8.380134,WAIT_USER_CONFIRM
7.974000,0.554499,-0.000000,0.264962,0.000000,0.000000,0.000000,-8.380134,WAIT_USER_CONFIRM
7.976000,0.554499,-0.000000,0.264962,0.000000,0.000000,0.000000,-8.380134,WAIT_USER_CONFIRM
7.978000,0.554499,-0.000000,0.264962,0.000000,0.000000,0.000000,-8.380134,WAIT_USER_CONFIRM
7.980000,0.554499,-0.000000,0.264962,0.000000,0.000000,0.000000,-8.380134,WAIT_USER_CONFIRM
7.982000,0.554499,-0.000000,0.264962,0.000000,0.000000,0.000000,-8.380134,WAIT_USER_CONFIRM
7.984000,0.554499,-0.000000,0.264962,0.000000,0.000000,0.000000,-8.380134,WAIT_USER_CONFIRM
7.986000,0.554499,-0.000000,0.264962,0.000000,0.000000,0.000000,-8.380134,WAIT_USER_CONFIRM
7.988000,0.554499,-0.000000,0.264962,0.000000,0.000000,0.000000,-8.380134,WAIT_USER_CONFIRM
7.990000,0.554499,-0.000000,0.264962,0.000000,0.000000,0.000000,-8.380134,WAIT_USER_CONFIRM
7.992000,0.554499,-0.000000,0.264962,0.000000,0.000000,0.000000,-8.380134,WAIT_USER_CONFIRM
7.994000,0.554499,-0.000000,0.264962,0.000000,0.000000,0.000000,-8.380134,WAIT_USER_CONFIRM
7.996000,0.554499,-0.000000,0.264962,0.000000,0.000000,0.000000,-8.380134,WAIT_USER_CONFIRM
7.998000,0.554499,-0.000000,0.264962,0.000000,0.000000,0.000000,-8.380134,WAIT_USER_CONFIRM
8.000000,0.554499,-0.000000,0.264962,0.000000,0.000000,0.000000,-8.380134,WAIT_USER_CONFIRM
8.002000,0.554499,-0.000000,0.264962,0.000000,0.000000,0.000000,-8.380134,WAIT_USER_CONFIRM
8.004000,0.554499,-0.000000,0.264962,0.000000,0.000000,0.000000,-8.380134,WAIT_USER_CONFIRM
8.006000,0.554499,-0.000000,0.264962,0.000000,0.000000,0.000000,-8.380134,WAIT_USER_CONFIRM
8.008000,0.554499,-0.000000,0.264962,0.000000,0.000000,0.000000,-8.380134,WAIT_USER_CONFIRM
8.010000,0.554499,-0.000000,0.264962,0.000000,0.000000,0.000000,-8.380134,WAIT_USER_CONFIRM
8.012000,0.554499,-0.000000,0.264962,0.000000,0.000000,0.000000,-8.380134,WAIT_USER_CONFIRM
8.014000,0.554499,-0.000000,0.264962,0.000000,0.000000,0.000000,-8.380134,WAIT_USER_CONFIRM
8.016000,0.554499,-0.000000,0.264962,0.000000,0.000000,0.000000,-8.380134,WAIT_USER_CONFIRM
8.018000,0.554499,-0.000000,0.264962,0.000000,0.000000,0.000000,-8.380134,WAIT_USER_CONFIRM
8.020000,0.554499,-0.000000,0.264962,0.000000,0.000000,0.000000,-8.380134,WAIT_USER_CONFIRM
8.022000,0.554499,-0.000000,0.264962,0.000000,0.000000,0.000000,-8.380134,WAIT_USER_CONFIRM
8.024000,0.554499,-0.000000,0.264962,0.000000,0.000000,0.000000,-8.380134,WAIT_USER_CONFIRM
8.026000,0.554499,-0.000000,0.264962,0.000000,0.000000,0.000000,-8.380134,WAIT_USER_CONFIRM
8.028000,0.554499,-0.000000,0.264962,0.000000,0.000000,0.000000,-8.380134,WAIT_USER_CONFIRM
8.030000,0.554499,-0.000000,0.264962,0.000000,0.000000,0.000000,-8.380134,WAIT_USER_CONFIRM
8.032000,0.554499,-0.000000,0.264962,0.000000,0.000000,0.000000,-8.380134,WAIT_USER_CONFIRM
8.034000,0.554499,-0.000000,0.264962,0.000000,0.000000,0.000000,-8.380134,WAIT_USER_CONFIRM
8.036000,0.554499,-0.000000,0.264962,0.000000,0.000000,0.000000,-8.380134,WAIT_USER_CONFIRM
8.038000,0.554499,-0.000000,0.264962,0.000000,0.000000,0.000000,-8.380134,WAIT_USER_CONFIRM
8.040000,0.554499,-0.000000,0.264962,0.000000,0.000000,0.000000,-8.380134,WAIT_USER_CONFIRM
8.042000,0.554499,-0.000000,0.264962,0.000000,0.000000,0.000000,-8.380134,WAIT_USER_CONFIRM
8.044000,0.554499,-0.000000,0.264962,0.000000,0.000000,0.000000,-8.380134,WAIT_USER_CONFIRM
8.046000,0.554499,-0.000000,0.264962,0.000000,0.000000,0.000000,-8.380134,WAIT_USER_CONFIRM
8.048000,0.554499,-0.000000,0.264962,0.000000,0.000000,0.000000,-8.380134,WAIT_USER_CONFIRM
8.050000,0.554499,-0.000000,0.264962,0.000000,0.000000,0.000000,-8.380134,WAIT_USER_CONFIRM
8.052000,0.554499,-0.000000,0.264962,0.000000,0.000000,0.000000,-8.380134,WAIT_USER_CONFIRM
8.054000,0.554499,-0.000000,0.264962,0.000000,0.000000,0.000000,-8.380134,WAIT_USER_CONFIRM
8.056000,0.554499,-0.000000,0.264962,0.000000,0.000000,0.000000,-8.380134,WAIT_USER_CONFIRM
8.058000,0.554499,-0.000000,0.264962,0.000000,0.000000,0.000000,-8.380134,WAIT_USER_CONFIRM
8.060000,0.554499,-0.000000,0.264962,0.000000,0.000000,0.000000,-8.380134,WAIT_USER_CONFIRM
8.062000,0.554499,-0.000000,0.264962,0.000000,0.000000,0.000000,-8.380134,WAIT_USER_CONFIRM
8.064000,0.554499,-0.000000,0.264962,0.000000,0.000000,0.000000,-8.380134,WAIT_USER_CONFIRM
8.066000,0.554499,-0.000000,0.264962,0.000000,0.000000,0.000000,-8.380134,WAIT_USER_CONFIRM
8.068000,0.554499,-0.000000,0.264962,0.000000,0.000000,0.000000,-8.380134,WAIT_USER_CONFIRM
8.070000,0.554499,-0.000000,0.264962,0.000000,0.000000,0.000000,-8.380134,WAIT_USER_CONFIRM
8.072000,0.554499,-0.000000,0.264962,0.000000,0.000000,0.000000,-8.380134,WAIT_USER_CONFIRM
8.074000,0.554499,-0.000000,0.264962,0.000000,0.000000,0.000000,-8.380134,WAIT_USER_CONFIRM
8.076000,0.554499,-0.000000,0.264962,0.000000,0.000000,0.000000,-8.380134,WAIT_USER_CONFIRM
8.078000,0.554499,-0.000000,0.264962,0.000000,0.000000,0.000000,-8.380134,WAIT_USER_CONFIRM
8.080000,0.554499,-0.000000,0.264962,0.000000,0.000000,0.000000,-8.380134,WAIT_USER_CONFIRM
8.082000,0.554499,-0.000000,0.264962,0.000000,0.000000,0.000000,-8.380134,WAIT_USER_CONFIRM
8.084000,0.554499,-0.000000,0.264962,0.000000,0.000000,0.000000,-8.380134,WAIT_USER_CONFIRM
8.086000,0.554499,-0.000000,0.264962,0.000000,0.000000,0.000000,-8.380134,WAIT_USER_CONFIRM
8.088000,0.554499,-0.000000,0.264962,0.000000,0.000000,0.000000,-8.380134,WAIT_USER_CONFIRM
8.090000,0.554499,-0.000000,0.264962,0.000000,0.000000,0.000000,-8.380134,WAIT_USER_CONFIRM
8.092000,0.554499,-0.000000,0.264962,0.000000,0.000000,0.000000,-8.380134,WAIT_USER_CONFIRM
8.094000,0.554499,-0.000000,0.264962,0.000000,0.000000,0.000000,-8.380134,WAIT_USER_CONFIRM
8.096000,0.554499,-0.000000,0.264962,0.000000,0.000000,0.000000,-8.380134,WAIT_USER_CONFIRM
8.098000,0.554499,-0.000000,0.264962,0.000000,0.000000,0.000000,-8.380134,WAIT_USER_CONFIRM
8.100000,0.554499,-0.000000,0.264962,0.000000,0.000000,0.000000,-8.380134,WAIT_USER_CONFIRM
8.102000,0.554499,-0.000000,0.264962,0.000000,0.000000,0.000000,-8.380134,WAIT_USER_CONFIRM
8.104000,0.554499,-0.000000,0.264962,0.000000,0.000000,0.000000,-8.380134,WAIT_USER_CONFIRM
8.106000,0.554499,-0.000000,0.264962,0.000000,0.000000,0.000000,-8.380134,WAIT_USER_CONFIRM
8.108000,0.554499,-0.000000,0.264962,0.000000,0.000000,0.000000,-8.380134,WAIT_USER_CONFIRM
8.110000,0.554499,-0.000000,0.264962,0.000000,0.000000,0.000000,-8.380134,WAIT_USER_CONFIRM
8.112000,0.554499,-0.000000,0.264962,0.000000,0.000000,0.000000,-8.380134,WAIT_USER_CONFIRM
8.114000,0.554499,-0.000000,0.264962,0.000000,0.000000,0.000000,-8.380134,WAIT_USER_CONFIRM
8.116000,0.554499,-0.000000,0.264962,0.000000,0.000000,0.000000,-8.380134,WAIT_USER_CONFIRM
8.118000,0.554499,-0.000000,0.264962,0.000000,0.000000,0.000000,-8.380134,WAIT_USER_CONFIRM
8.120000,0.554499,-0.000000,0.264962,0.000000,0.000000,0.000000,-8.380134,WAIT_USER_CONFIRM
8.122000,0.554499,-0.000000,0.264962,0.000000,0.000000,0.000000,-8.380134,WAIT_USER_CONFIRM
8.124000,0.554499,-0.000000,0.264962,0.000000,0.000000,0.000000,-8.380134,WAIT_USER_CONFIRM
8.126000,0.554499,-0.000000,0.264962,0.000000,0.000000,0.000000,-8.380134,WAIT_USER_CONFIRM
8.128000,0.554499,-0.000000,0.264962,0.000000,0.000000,0.000000,-8.380134,WAIT_USER_CONFIRM
8.130000,0.554499,-0.000000,0.264962,0.000000,0.000000,0.000000,-8.380134,WAIT_USER_CONFIRM
8.132000,0.554499,-0.000000,0.264962,0.000000,0.000000,0.000000,-8.380134,WAIT_USER_CONFIRM
8.134000,0.554499,-0.000000,0.264962,0.000000,0.000000,0.000000,-8.380134,WAIT_USER_CONFIRM
8.136000,0.554499,-0.000000,0.264962,0.000000,0.000000,0.000000,-8.380134,WAIT_USER_CONFIRM
8.138000,0.554499,-0.000000,0.264962,0.000000,0.000000,0.000000,-8.380134,WAIT_USER_CONFIRM
8.140000,0.554499,-0.000000,0.264962,0.000000,0.000000,0.000000,-8.380134,WAIT_USER_CONFIRM
8.142000,0.554499,-0.000000,0.264962,0.000000,0.000000,0.000000,-8.380134,WAIT_USER_CONFIRM
8.144000,0.554499,-0.000000,0.264962,0.000000,0.000000,0.000000,-8.380134,WAIT_USER_CONFIRM
8.146000,0.554499,-0.000000,0.264962,0.000000,0.000000,0.000000,-8.380134,WAIT_USER_CONFIRM
8.148000,0.554499,-0.000000,0.264962,0.000000,0.000000,0.000000,-8.380134,WAIT_USER_CONFIRM
8.150000,0.554499,-0.000000,0.264962,0.000000,0.000000,0.000000,-8.380134,WAIT_USER_CONFIRM
8.152000,0.554499,-0.000000,0.264962,0.000000,0.000000,0.000000,-8.380134,WAIT_USER_CONFIRM
8.154000,0.554499,-0.000000,0.264962,0.000000,0.000000,0.000000,-8.380134,WAIT_USER_CONFIRM
8.156000,0.554499,-0.000000,0.264962,0.000000,0.000000,0.000000,-8.380134,WAIT_USER_CONFIRM
8.158000,0.554499,-0.000000,0.264962,0.000000,0.000000,0.000000,-8.380134,WAIT_USER_CONFIRM
8.160000,0.554499,-0.000000,0.264962,0.000000,0.000000,0.000000,-8.380134,WAIT_USER_CONFIRM
8.162000,0.554499,-0.000000,0.264962,0.000000,0.000000,0.000000,-8.380134,WAIT_USER_CONFIRM
8.164000,0.554499,-0.000000,0.264962,0.000000,0.000000,0.000000,-8.380134,WAIT_USER_CONFIRM
8.166000,0.554499,-0.000000,0.264962,0.000000,0.000000,0.000000,-8.380134,WAIT_USER_CONFIRM
8.168000,0.554499,-0.000000,0.264962,0.000000,0.000000,0.000000,-8.380134,WAIT_USER_CONFIRM
8.170000,0.554499,-0.000000,0.264962,0.000000,0.000000,0.000000,-8.380134,WAIT_USER_CONFIRM
8.172000,0.554499,-0.000000,0.264962,0.000000,0.000000,0.000000,-8.380134,WAIT_USER_CONFIRM
8.174000,0.554499,-0.000000,0.264962,0.000000,0.000000,0.000000,-8.380134,WAIT_USER_CONFIRM
8.176000,0.554499,-0.000000,0.264962,0.000000,0.000000,0.000000,-8.380134,WAIT_USER_CONFIRM
8.178000,0.554499,-0.000000,0.264962,0.000000,0.000000,0.000000,-8.380134,WAIT_USER_CONFIRM
8.180000,0.554499,-0.000000,0.264962,0.000000,0.000000,0.000000,-8.380134,WAIT_USER_CONFIRM
8.182000,0.554499,-0.000000,0.264962,0.000000,0.000000,0.000000,-8.380134,WAIT_USER_CONFIRM
8.184000,0.554499,-0.000000,0.264962,0.000000,0.000000,0.000000,-8.380134,WAIT_USER_CONFIRM
8.186000,0.554499,-0.000000,0.264962,0.000000,0.000000,0.000000,-8.380134,WAIT_USER_CONFIRM
8.188000,0.554499,-0.000000,0.264962,0.000000,0.000000,0.000000,-8.380134,WAIT_USER_CONFIRM
8.190000,0.554499,-0.000000,0.264962,0.000000,0.000000,0.000000,-8.380134,WAIT_USER_CONFIRM
8.192000,0.554499,-0.000000,0.264962,0.000000,0.000000,0.000000,-8.380134,WAIT_USER_CONFIRM
8.194000,0.554499,-0.000000,0.264962,0.000000,0.000000,0.000000,-8.380134,WAIT_USER_CONFIRM
8.196000,0.554499,-0.000000,0.264962,0.000000,0.000000,0.000000,-8.380134,WAIT_USER_CONFIRM
8.198000,0.554499,-0.000000,0.264962,0.000000,0.000000,0.000000,-8.380134,WAIT_USER_CONFIRM
8.200000,0.554499,-0.000000,0.264962,0.000000,0.000000,0.000000,-8.380134,WAIT_USER_CONFIRM
8.202000,0.554499,-0.000000,0.264962,0.000000,0.000000,0.000000,-8.380134,WAIT_USER_CONFIRM
8.204000,0.554499,-0.000000,0.264962,0.000000,0.000000,0.000000,-8.380134,WAIT_USER_CONFIRM
8.206000,0.554499,-0.000000,0.264962,0.000000,0.000000,0.000000,-8.380134,WAIT_USER_CONFIRM
8.208000,0.554499,-0.000000,0.264962,0.000000,0.000000,0.000000,-8.380134,WAIT_USER_CONFIRM
8.210000,0.554499,-0.000000,0.264962,0.000000,0.000000,0.000000,-8.380134,WAIT_USER_CONFIRM
8.212000,0.554499,-0.000000,0.264962,0.000000,0.000000,0.000000,-8.380134,WAIT_USER_CONFIRM
8.214000,0.554499,-0.000000,0.264962,0.000000,0.000000,0.000000,-8.380134,WAIT_USER_CONFIRM
8.216000,0.554499,-0.000000,0.264962,0.000000,0.000000,0.000000,-8.380134,WAIT_USER_CONFIRM
8.218000,0.554499,-0.000000,0.264962,0.000000,0.000000,0.000000,-8.380134,WAIT_USER_CONFIRM
8.220000,0.554499,-0.000000,0.264962,0.000000,0.000000,0.000000,-8.380134,WAIT_USER_CONFIRM
8.222000,0.554499,-0.000000,0.264962,0.000000,0.000000,0.000000,-8.380134,WAIT_USER_CONFIRM
8.224000,0.554499,-0.000000,0.264962,0.000000,0.000000,0.000000,-8.380134,WAIT_USER_CONFIRM
8.226000,0.554499,-0.000000,0.264962,0.000000,0.000000,0.000000,-8.380134,WAIT_USER_CONFIRM
8.228000,0.554499,-0.000000,0.264962,0.000000,0.000000,0.000000,-8.380134,WAIT_USER_CONFIRM
8.230000,0.554499,-0.000000,0.264962,0.000000,0.000000,0.000000,-8.380134,WAIT_USER_CONFIRM
8.232000,0.554499,-0.000000,0.264962,0.000000,0.000000,0.000000,-8.380134,WAIT_USER_CONFIRM
8.234000,0.554499,-0.000000,0.264962,0.000000,0.000000,0.000000,-8.380134,WAIT_USER_CONFIRM
8.236000,0.554499,-0.000000,0.264962,0.000000,0.000000,0.000000,-8.380134,WAIT_USER_CONFIRM
8.238000,0.554499,-0.000000,0.264962,0.000000,0.000000,0.000000,-8.380134,WAIT_USER_CONFIRM
8.240000,0.554499,-0.000000,0.264962,0.000000,0.000000,0.000000,-8.380134,WAIT_USER_CONFIRM
8.242000,0.554499,-0.000000,0.264962,0.000000,0.000000,0.000000,-8.380134,WAIT_USER_CONFIRM
8.244000,0.554499,-0.000000,0.264962,0.000000,0.000000,0.000000,-8.380134,WAIT_USER_CONFIRM
8.246000,0.554499,-0.000000,0.264962,0.000000,0.000000,0.000000,-8.380134,WAIT_USER_CONFIRM
8.248000,0.554499,-0.000000,0.264962,0.000000,0.000000,0.000000,-8.380134,WAIT_USER_CONFIRM
8.250000,0.554499,-0.000000,0.264962,0.000000,0.000000,0.000000,-8.380134,WAIT_USER_CONFIRM
8.252000,0.554499,-0.000000,0.264962,0.000000,0.000000,0.000000,-8.380134,WAIT_USER_CONFIRM
8.254000,0.554499,-0.000000,0.264962,0.000000,0.000000,0.000000,-8.380134,WAIT_USER_CONFIRM
8.256000,0.554499,-0.000000,0.264962,0.000000,0.000000,0.000000,-8.380134,WAIT_USER_CONFIRM
8.258000,0.554499,-0.000000,0.264962,0.000000,0.000000,0.000000,-8.380134,WAIT_USER_CONFIRM
8.260000,0.554499,-0.000000,0.264962,0.000000,0.000000,0.000000,-8.380134,WAIT_USER_CONFIRM
8.262000,0.554499,-0.000000,0.264962,0.000000,0.000000,0.000000,-8.380134,WAIT_USER_CONFIRM
8.264000,0.554499,-0.000000,0.264962,0.000000,0.000000,0.000000,-8.380134,WAIT_USER_CONFIRM
8.266000,0.554499,-0.000000,0.264962,0.000000,0.000000,0.000000,-8.380134,WAIT_USER_CONFIRM
8.268000,0.554499,-0.000000,0.264962,0.000000,0.000000,0.000000,-8.380134,WAIT_USER_CONFIRM
8.270000,0.554499,-0.000000,0.264962,0.000000,0.000000,0.000000,-8.380134,WAIT_USER_CONFIRM
8.272000,0.554499,-0.000000,0.264962,0.000000,0.000000,0.000000,-8.380134,WAIT_USER_CONFIRM
8.274000,0.554499,-0.000000,0.264962,0.000000,0.000000,0.000000,-8.380134,WAIT_USER_CONFIRM
8.276000,0.554499,-0.000000,0.264962,0.000000,0.000000,0.000000,-8.380134,WAIT_USER_CONFIRM
8.278000,0.554499,-0.000000,0.264962,0.000000,0.000000,0.000000,-8.380134,WAIT_USER_CONFIRM
8.280000,0.554499,-0.000000,0.264962,0.000000,0.000000,0.000000,-8.380134,WAIT_USER_CONFIRM
8.282000,0.554499,-0.000000,0.264962,0.000000,0.000000,0.000000,-8.380134,WAIT_USER_CONFIRM
8.284000,0.554499,-0.000000,0.264962,0.000000,0.000000,0.000000,-8.380134,WAIT_USER_CONFIRM
8.286000,0.554499,-0.000000,0.264962,0.000000,0.000000,0.000000,-8.380134,WAIT_USER_CONFIRM
8.288000,0.554499,-0.000000,0.264962,0.000000,0.000000,0.000000,-8.380134,WAIT_USER_CONFIRM
8.290000,0.554499,-0.000000,0.264962,0.000000,0.000000,0.000000,-8.380134,WAIT_USER_CONFIRM
8.292000,0.554499,-0.000000,0.264962,0.000000,0.000000,0.000000,-8.380134,WAIT_USER_CONFIRM
8.294000,0.554499,-0.000000,0.264962,0.000000,0.000000,0.000000,-8.380134,WAIT_USER_CONFIRM
8.296000,0.554499,-0.000000,0.264962,0.000000,0.000000,0.000000,-8.380134,WAIT_USER_CONFIRM
8.298000,0.554499,-0.000000,0.264962,0.000000,0.000000,0.000000,-8.380134,WAIT_USER_CONFIRM
8.300000,0.554499,-0.000000,0.264962,0.000000,0.000000,0.000000,-8.380134,WAIT_USER_CONFIRM
8.302000,0.554499,-0.000000,0.264962,0.000000,0.000000,0.000000,-8.380134,WAIT_USER_CONFIRM
8.304000,0.554499,-0.000000,0.264962,0.000000,0.000000,0.000000,-8.380134,WAIT_USER_CONFIRM
8.306000,0.554499,-0.000000,0.264962,0.000000,0.000000,0.000000,-8.380134,WAIT_USER_CONFIRM
8.308000,0.554499,-0.000000,0.264962,0.000000,0.000000,0.000000,-8.380134,WAIT_USER_CONFIRM
8.310000,0.554499,-0.000000,0.264962,0.000000,0.000000,0.000000,-8.380134,WAIT_USER_CONFIRM
8.312000,0.554499,-0.000000,0.264962,0.000000,0.000000,0.000000,-8.380134,WAIT_USER_CONFIRM
8.314000,0.554499,-0.000000,0.264962,0.000000,0.000000,0.000000,-8.380134,WAIT_USER_CONFIRM
8.316000,0.554499,-0.000000,0.264962,0.000000,0.000000,0.000000,-8.380134,WAIT_USER_CONFIRM
8.318000,0.554499,-0.000000,0.264962,0.000000,0.000000,0.000000,-8.380134,WAIT_USER_CONFIRM
8.320000,0.554499,-0.000000,0.264962,0.000000,0.000000,0.000000,-8.380134,WAIT_USER_CONFIRM
8.322000,0.554499,-0.000000,0.264962,0.000000,0.000000,0.000000,-8.380134,WAIT_USER_CONFIRM
8.324000,0.554499,-0.000000,0.264962,0.000000,0.000000,0.000000,-8.380134,WAIT_USER_CONFIRM
8.326000,0.554499,-0.000000,0.264962,0.000000,0.000000,0.000000,-8.380134,WAIT_USER_CONFIRM
8.328000,0.554499,-0.000000,0.264962,0.000000,0.000000,0.000000,-8.380134,WAIT_USER_CONFIRM
8.330000,0.554499,-0.000000,0.264962,0.000000,0.000000,0.000000,-8.380134,WAIT_USER_CONFIRM
8.332000,0.554499,-0.000000,0.264962,0.000000,0.000000,0.000000,-8.380134,WAIT_USER_CONFIRM
8.334000,0.554499,-0.000000,0.264962,0.000000,0.000000,0.000000,-8.380134,WAIT_USER_CONFIRM
8.336000,0.554499,-0.000000,0.264962,0.000000,0.000000,0.000000,-8.380134,WAIT_USER_CONFIRM
8.338000,0.554499,-0.000000,0.264962,0.000000,0.000000,0.000000,-8.380134,WAIT_USER_CONFIRM
8.340000,0.554499,-0.000000,0.264962,0.000000,0.000000,0.000000,-8.380134,WAIT_USER_CONFIRM
8.342000,0.554499,-0.000000,0.264962,0.000000,0.000000,0.000000,-8.380134,WAIT_USER_CONFIRM
8.344000,0.554499,-0.000000,0.264962,0.000000,0.000000,0.000000,-8.380134,WAIT_USER_CONFIRM
8.346000,0.554499,-0.000000,0.264962,0.000000,0.000000,0.000000,-8.380134,WAIT_USER_CONFIRM
8.348000,0.554499,-0.000000,0.264962,0.000000,0.000000,0.000000,-8.380134,WAIT_USER_CONFIRM
8.350000,0.554499,-0.000000,0.264962,0.000000,0.000000,0.000000,-8.380134,WAIT_USER_CONFIRM
8.352000,0.554499,-0.000000,0.264962,0.000000,0.000000,0.000000,-8.380134,WAIT_USER_CONFIRM
8.354000,0.554499,-0.000000,0.264962,0.000000,0.000000,0.000000,-8.380134,WAIT_USER_CONFIRM
8.356000,0.554499,-0.000000,0.264962,0.000000,0.000000,0.000000,-8.380134,WAIT_USER_CONFIRM
8.358000,0.554499,-0.000000,0.264962,0.000000,0.000000,0.000000,-8.380134,WAIT_USER_CONFIRM
8.360000,0.554499,-0.000000,0.264962,0.000000,0.000000,0.000000,-8.380134,WAIT_USER_CONFIRM
8.362000,0.554499,-0.000000,0.264962,0.000000,0.000000,0.000000,-8.380134,WAIT_USER_CONFIRM
8.364000,0.554499,-0.000000,0.264962,0.000000,0.000000,0.000000,-8.380134,WAIT_USER_CONFIRM
8.366000,0.554499,-0.000000,0.264962,0.000000,0.000000,0.000000,-8.380134,WAIT_USER_CONFIRM
8.368000,0.554499,-0.000000,0.264962,0.000000,0.000000,0.000000,-8.380134,WAIT_USER_CONFIRM
8.370000,0.554499,-0.000000,0.264962,0.000000,0.000000,0.000000,-8.380134,WAIT_USER_CONFIRM
8.372000,0.554499,-0.000000,0.264962,0.000000,0.000000,0.000000,-8.380134,WAIT_USER_CONFIRM
8.374000,0.554499,-0.000000,0.264962,0.000000,0.000000,0.000000,-8.380134,WAIT_USER_CONFIRM
8.376000,0.554499,-0.000000,0.264962,0.000000,0.000000,0.000000,-8.380134,WAIT_USER_CONFIRM
8.378000,0.554499,-0.000000,0.264962,0.000000,0.000000,0.000000,-8.380134,WAIT_USER_CONFIRM
8.380000,0.554499,-0.000000,0.264962,0.000000,0.000000,0.000000,-8.380134,WAIT_USER_CONFIRM
8.382000,0.554499,-0.000000,0.264962,0.000000,0.000000,0.000000,-8.380134,WAIT_USER_CONFIRM
8.384000,0.554499,-0.000000,0.264962,0.000000,0.000000,0.000000,-8.380134,WAIT_USER_CONFIRM
8.386000,0.554499,-0.000000,0.264962,0.000000,0.000000,0.000000,-8.380134,WAIT_USER_CONFIRM
8.388000,0.554499,-0.000000,0.264962,0.000000,0.000000,0.000000,-8.380134,WAIT_USER_CONFIRM
8.390000,0.554499,-0.000000,0.264962,0.000000,0.000000,0.000000,-8.380134,WAIT_USER_CONFIRM
8.392000,0.554499,-0.000000,0.264962,0.000000,0.000000,0.000000,-8.380134,WAIT_USER_CONFIRM
8.394000,0.554499,-0.000000,0.264962,0.000000,0.000000,0.000000,-8.380134,WAIT_USER_CONFIRM
8.396000,0.554499,-0.000000,0.264962,0.000000,0.000000,0.000000,-8.380134,WAIT_USER_CONFIRM
8.398000,0.554499,-0.000000,0.264962,0.000000,0.000000,0.000000,-8.380134,WAIT_USER_CONFIRM
8.400000,0.554499,-0.000000,0.264962,0.000000,0.000000,0.000000,-8.380134,WAIT_USER_CONFIRM
8.402000,0.554499,-0.000000,0.264962,0.000000,0.000000,0.000000,-8.380134,WAIT_USER_CONFIRM
8.404000,0.554499,-0.000000,0.264962,0.000000,0.000000,0.000000,-8.380134,WAIT_USER_CONFIRM
8.406000,0.554499,-0.000000,0.264962,0.000000,0.000000,0.000000,-8.380134,WAIT_USER_CONFIRM
8.408000,0.554499,-0.000000,0.264962,0.000000,0.000000,0.000000,-8.380134,WAIT_USER_CONFIRM
8.410000,0.554499,-0.000000,0.264962,0.000000,0.000000,0.000000,-8.380134,WAIT_USER_CONFIRM
8.412000,0.554499,-0.000000,0.264962,0.000000,0.000000,0.000000,-8.380134,WAIT_USER_CONFIRM
8.414000,0.554499,-0.000000,0.264962,0.000000,0.000000,0.000000,-8.380134,WAIT_USER_CONFIRM
8.416000,0.554499,-0.000000,0.264962,0.000000,0.000000,0.000000,-8.380134,WAIT_USER_CONFIRM
8.418000,0.554499,-0.000000,0.264962,0.000000,0.000000,0.000000,-8.380134,WAIT_USER_CONFIRM
8.420000,0.554499,-0.000000,0.264962,0.000000,0.000000,0.000000,-8.380134,WAIT_USER_CONFIRM
8.422000,0.554499,-0.000000,0.264962,0.000000,0.000000,0.000000,-8.380134,WAIT_USER_CONFIRM
8.424000,0.554499,-0.000000,0.264962,0.000000,0.000000,0.000000,-8.380134,WAIT_USER_CONFIRM
8.426000,0.554499,-0.000000,0.264962,0.000000,0.000000,0.000000,-8.380134,WAIT_USER_CONFIRM
8.428000,0.554499,-0.000000,0.264962,0.000000,0.000000,0.000000,-8.380134,WAIT_USER_CONFIRM
8.430000,0.554499,-0.000000,0.264962,0.000000,0.000000,0.000000,-8.380134,WAIT_USER_CONFIRM
8.432000,0.554499,-0.000000,0.264962,0.000000,0.000000,0.000000,-8.380134,WAIT_USER_CONFIRM
8.434000,0.554499,-0.000000,0.264962,0.000000,0.000000,0.000000,-8.380134,WAIT_USER_CONFIRM
8.436000,0.554499,-0.000000,0.264962,0.000000,0.000000,0.000000,-8.380134,WAIT_USER_CONFIRM
8.438000,0.554499,-0.000000,0.264962,0.000000,0.000000,0.000000,-8.380134,WAIT_USER_CONFIRM
8.440000,0.554499,-0.000000,0.264962,0.000000,0.000000,0.000000,-8.380134,WAIT_USER_CONFIRM
8.442000,0.554499,-0.000000,0.264962,0.000000,0.000000,0.000000,-8.380134,WAIT_USER_CONFIRM
8.444000,0.554499,-0.000000,0.264962,0.000000,0.000000,0.000000,-8.380134,WAIT_USER_CONFIRM
8.446000,0.554499,-0.000000,0.264962,0.000000,0.000000,0.000000,-8.380134,WAIT_USER_CONFIRM
8.448000,0.554499,-0.000000,0.264962,0.000000,0.000000,0.000000,-8.380134,WAIT_USER_CONFIRM
8.450000,0.554499,-0.000000,0.264962,0.000000,0.000000,0.000000,-8.380134,WAIT_USER_CONFIRM
8.452000,0.554499,-0.000000,0.264962,0.000000,0.000000,0.000000,-8.380134,WAIT_USER_CONFIRM
8.454000,0.554499,-0.000000,0.264962,0.000000,0.000000,0.000000,-8.380134,WAIT_USER_CONFIRM
8.456000,0.554499,-0.000000,0.264962,0.000000,0.000000,0.000000,-8.380134,WAIT_USER_CONFIRM
8.458000,0.554499,-0.000000,0.264962,0.000000,0.000000,0.000000,-8.380134,WAIT_USER_CONFIRM
8.460000,0.554499,-0.000000,0.264962,0.000000,0.000000,0.000000,-8.380134,WAIT_USER_CONFIRM
8.462000,0.554499,-0.000000,0.264962,0.000000,0.000000,0.000000,-8.380134,WAIT_USER_CONFIRM
8.464000,0.554499,-0.000000,0.264962,0.000000,0.000000,0.000000,-8.380134,WAIT_USER_CONFIRM
8.466000,0.554499,-0.000000,0.264962,0.000000,0.000000,0.000000,-8.380134,WAIT_USER_CONFIRM
8.468000,0.554499,-0.000000,0.264962,0.000000,0.000000,0.000000,-8.380134,WAIT_USER_CONFIRM
8.470000,0.554499,-0.000000,0.264962,0.000000,0.000000,0.000000,-8.380134,WAIT_USER_CONFIRM
8.472000,0.554499,-0.000000,0.264962,0.000000,0.000000,0.000000,-8.380134,WAIT_USER_CONFIRM
8.474000,0.554499,-0.000000,0.264962,0.000000,0.000000,0.000000,-8.380134,WAIT_USER_CONFIRM
8.476000,0.554499,-0.000000,0.264962,0.000000,0.000000,0.000000,-8.380134,WAIT_USER_CONFIRM
8.478000,0.554499,-0.000000,0.264962,0.000000,0.000000,0.000000,-8.380134,WAIT_USER_CONFIRM
8.480000,0.554499,-0.000000,0.264962,0.000000,0.000000,0.000000,-8.380134,WAIT_USER_CONFIRM
8.482000,0.554499,-0.000000,0.264962,0.000000,0.000000,0.000000,-8.380134,WAIT_USER_CONFIRM
8.484000,0.554499,-0.000000,0.264962,0.000000,0.000000,0.000000,-8.380134,WAIT_USER_CONFIRM
8.486000,0.554499,-0.000000,0.264962,0.000000,0.000000,0.000000,-8.380134,WAIT_USER_CONFIRM
8.488000,0.554499,-0.000000,0.264962,0.000000,0.000000,0.000000,-8.380134,WAIT_USER_CONFIRM
8.490000,0.554499,-0.000000,0.264962,0.000000,0.000000,0.000000,-8.380134,WAIT_USER_CONFIRM
8.492000,0.554499,-0.000000,0.264962,0.000000,0.000000,0.000000,-8.380134,WAIT_USER_CONFIRM
8.494000,0.554499,-0.000000,0.264962,0.000000,0.000000,0.000000,-8.380134,WAIT_USER_CONFIRM
8.496000,0.554499,-0.000000,0.264962,0.000000,0.000000,0.000000,-8.380134,WAIT_USER_CONFIRM
8.498000,0.554499,-0.000000,0.264962,0.000000,0.000000,0.000000,-8.380134,WAIT_USER_CONFIRM
8.500000,0.554499,-0.000000,0.264962,0.000000,0.000000,0.000000,-8.380134,WAIT_USER_CONFIRM
8.502000,0.554499,-0.000000,0.264962,0.000000,0.000000,0.000000,-8.380134,WAIT_USER_CONFIRM
8.504000,0.554499,-0.000000,0.264962,0.000000,0.000000,0.000000,-8.380134,WAIT_USER_CONFIRM
8.506000,0.554499,-0.000000,0.264962,0.000000,0.000000,0.000000,-8.380134,WAIT_USER_CONFIRM
8.508000,0.554499,-0.000000,0.264962,0.000000,0.000000,0.000000,-8.380134,WAIT_USER_CONFIRM
8.510000,0.554499,-0.000000,0.264962,0.000000,0.000000,0.000000,-8.380134,WAIT_USER_CONFIRM
8.512000,0.554499,-0.000000,0.264962,0.000000,0.000000,0.000000,-8.380134,WAIT_USER_CONFIRM
8.514000,0.554499,-0.000000,0.264962,0.000000,0.000000,0.000000,-8.380134,WAIT_USER_CONFIRM
8.516000,0.554499,-0.000000,0.264962,0.000000,0.000000,0.000000,-8.380134,WAIT_USER_CONFIRM
8.518000,0.554499,-0.000000,0.264962,0.000000,0.000000,0.000000,-8.380134,WAIT_USER_CONFIRM
8.520000,0.554499,-0.000000,0.264962,0.000000,0.000000,0.000000,-8.380134,WAIT_USER_CONFIRM
8.522000,0.554499,-0.000000,0.264962,0.000000,0.000000,0.000000,-8.380134,WAIT_USER_CONFIRM
8.524000,0.554499,-0.000000,0.264962,0.000000,0.000000,0.000000,-8.380134,WAIT_USER_CONFIRM
8.526000,0.554499,-0.000000,0.264962,0.000000,0.000000,0.000000,-8.380134,WAIT_USER_CONFIRM
8.528000,0.554499,-0.000000,0.264962,0.000000,0.000000,0.000000,-8.380134,WAIT_USER_CONFIRM
8.530000,0.554499,-0.000000,0.264962,0.000000,0.000000,0.000000,-8.380134,WAIT_USER_CONFIRM
8.532000,0.554499,-0.000000,0.264962,0.000000,0.000000,0.000000,-8.380134,WAIT_USER_CONFIRM
8.534000,0.554499,-0.000000,0.264962,0.000000,0.000000,0.000000,-8.380134,WAIT_USER_CONFIRM
8.536000,0.554499,-0.000000,0.264962,0.000000,0.000000,0.000000,-8.380134,WAIT_USER_CONFIRM
8.538000,0.554499,-0.000000,0.264962,0.000000,0.000000,0.000000,-8.380134,WAIT_USER_CONFIRM
8.540000,0.554499,-0.000000,0.264962,0.000000,0.000000,0.000000,-8.380134,WAIT_USER_CONFIRM
8.542000,0.554499,-0.000000,0.264962,0.000000,0.000000,0.000000,-8.380134,WAIT_USER_CONFIRM
8.544000,0.554499,-0.000000,0.264962,0.000000,0.000000,0.000000,-8.380134,WAIT_USER_CONFIRM
8.546000,0.554499,-0.000000,0.264962,0.000000,0.000000,0.000000,-8.380134,WAIT_USER_CONFIRM
8.548000,0.554499,-0.000000,0.264962,0.000000,0.000000,0.000000,-8.380134,WAIT_USER_CONFIRM
8.550000,0.554499,-0.000000,0.264962,0.000000,0.000000,0.000000,-8.380134,WAIT_USER_CONFIRM
8.552000,0.554499,-0.000000,0.264962,0.000000,0.000000,0.000000,-8.380134,WAIT_USER_CONFIRM
8.554000,0.554499,-0.000000,0.264962,0.000000,0.000000,0.000000,-8.380134,WAIT_USER_CONFIRM
8.556000,0.554499,-0.000000,0.264962,0.000000,0.000000,0.000000,-8.380134,WAIT_USER_CONFIRM
8.558000,0.554499,-0.000000,0.264962,0.000000,0.000000,0.000000,-8.380134,WAIT_USER_CONFIRM
8.560000,0.554499,-0.000000,0.264962,0.000000,0.000000,0.000000,-8.380134,WAIT_USER_CONFIRM
8.562000,0.554499,-0.000000,0.264962,0.000000,0.000000,0.000000,-8.380134,WAIT_USER_CONFIRM
8.564000,0.554499,-0.000000,0.264962,0.000000,0.000000,0.000000,-8.380134,WAIT_USER_CONFIRM
8.566000,0.554499,-0.000000,0.264962,0.000000,0.000000,0.000000,-8.380134,WAIT_USER_CONFIRM
8.568000,0.554499,-0.000000,0.264962,0.000000,0.000000,0.000000,-8.380134,WAIT_USER_CONFIRM
8.570000,0.554499,-0.000000,0.264962,0.000000,0.000000,0.000000,-8.380134,WAIT_USER_CONFIRM
8.572000,0.554499,-0.000000,0.264962,0.000000,0.000000,0.000000,-8.380134,WAIT_USER_CONFIRM
8.574000,0.554499,-0.000000,0.264962,0.000000,0.000000,0.000000,-8.380134,WAIT_USER_CONFIRM
8.576000,0.554499,-0.000000,0.264962,0.000000,0.000000,0.000000,-8.380134,WAIT_USER_CONFIRM
8.578000,0.554499,-0.000000,0.264962,0.000000,0.000000,0.000000,-8.380134,WAIT_USER_CONFIRM
8.580000,0.554499,-0.000000,0.264962,0.000000,0.000000,0.000000,-8.380134,WAIT_USER_CONFIRM
8.582000,0.554499,-0.000000,0.264962,0.000000,0.000000,0.000000,-8.380134,WAIT_USER_CONFIRM
8.584000,0.554499,-0.000000,0.264962,0.000000,0.000000,0.000000,-8.380134,WAIT_USER_CONFIRM
8.586000,0.554499,-0.000000,0.264962,0.000000,0.000000,0.000000,-8.380134,WAIT_USER_CONFIRM
8.588000,0.554499,-0.000000,0.264962,0.000000,0.000000,0.000000,-8.380134,WAIT_USER_CONFIRM
8.590000,0.554499,-0.000000,0.264962,0.000000,0.000000,0.000000,-8.380134,WAIT_USER_CONFIRM
8.592000,0.554499,-0.000000,0.264962,0.000000,0.000000,0.000000,-8.380134,WAIT_USER_CONFIRM
8.594000,0.554499,-0.000000,0.264962,0.000000,0.000000,0.000000,-8.380134,WAIT_USER_CONFIRM
8.596000,0.554499,-0.000000,0.264962,0.000000,0.000000,0.000000,-8.380134,WAIT_USER_CONFIRM
8.598000,0.554499,-0.000000,0.264962,0.000000,0.000000,0.000000,-8.380134,WAIT_USER_CONFIRM
8.600000,0.554499,-0.000000,0.264962,0.000000,0.000000,0.000000,-8.380134,WAIT_USER_CONFIRM
8.602000,0.554499,-0.000000,0.264962,0.000000,0.000000,0.000000,-8.380134,WAIT_USER_CONFIRM
8.604000,0.554499,-0.000000,0.264962,0.000000,0.000000,0.000000,-8.380134,WAIT_USER_CONFIRM
8.606000,0.554499,-0.000000,0.264962,0.000000,0.000000,0.000000,-8.380134,WAIT_USER_CONFIRM
8.608000,0.554499,-0.000000,0.264962,0.000000,0.000000,0.000000,-8.380134,WAIT_USER_CONFIRM
8.610000,0.554499,-0.000000,0.264962,0.000000,0.000000,0.000000,-8.380134,WAIT_USER_CONFIRM
8.612000,0.554499,-0.000000,0.264962,0.000000,0.000000,0.000000,-8.380134,WAIT_USER_CONFIRM
8.614000,0.554499,-0.000000,0.264962,0.000000,0.000000,0.000000,-8.380134,WAIT_USER_CONFIRM
8.616000,0.554499,-0.000000,0.264962,0.000000,0.000000,0.000000,-8.380134,WAIT_USER_CONFIRM
8.618000,0.554499,-0.000000,0.264962,0.000000,0.000000,0.000000,-8.380134,WAIT_USER_CONFIRM
8.620000,0.554499,-0.000000,0.264962,0.000000,0.000000,0.000000,-8.380134,WAIT_USER_CONFIRM
8.622000,0.554499,-0.000000,0.264962,0.000000,0.000000,0.000000,-8.380134,WAIT_USER_CONFIRM
8.624000,0.554499,-0.000000,0.264962,0.000000,0.000000,0.000000,-8.380134,WAIT_USER_CONFIRM
8.626000,0.554499,-0.000000,0.264962,0.000000,0.000000,0.000000,-8.380134,WAIT_USER_CONFIRM
8.628000,0.554499,-0.000000,0.264962,0.000000,0.000000,0.000000,-8.380134,WAIT_USER_CONFIRM
8.630000,0.554499,-0.000000,0.264962,0.000000,0.000000,0.000000,-8.380134,WAIT_USER_CONFIRM
8.632000,0.554499,-0.000000,0.264962,0.000000,0.000000,0.000000,-8.380134,WAIT_USER_CONFIRM
8.634000,0.554499,-0.000000,0.264962,0.000000,0.000000,0.000000,-8.380134,WAIT_USER_CONFIRM
8.636000,0.554499,-0.000000,0.264962,0.000000,0.000000,0.000000,-8.380134,WAIT_USER_CONFIRM
8.638000,0.554499,-0.000000,0.264962,0.000000,0.000000,0.000000,-8.380134,WAIT_USER_CONFIRM
8.640000,0.554499,-0.000000,0.264962,0.000000,0.000000,0.000000,-8.380134,WAIT_USER_CONFIRM
8.642000,0.554499,-0.000000,0.264962,0.000000,0.000000,0.000000,-8.380134,WAIT_USER_CONFIRM
8.644000,0.554499,-0.000000,0.264962,0.000000,0.000000,0.000000,-8.380134,WAIT_USER_CONFIRM
8.646000,0.554499,-0.000000,0.264962,0.000000,0.000000,0.000000,-8.380134,WAIT_USER_CONFIRM
8.648000,0.554499,-0.000000,0.264962,0.000000,0.000000,0.000000,-8.380134,WAIT_USER_CONFIRM
8.650000,0.554499,-0.000000,0.264962,0.000000,0.000000,0.000000,-8.380134,WAIT_USER_CONFIRM
8.652000,0.554499,-0.000000,0.264962,0.000000,0.000000,0.000000,-8.380134,WAIT_USER_CONFIRM
8.654000,0.554499,-0.000000,0.264962,0.000000,0.000000,0.000000,-8.380134,WAIT_USER_CONFIRM
8.656000,0.554499,-0.000000,0.264962,0.000000,0.000000,0.000000,-8.380134,WAIT_USER_CONFIRM
8.658000,0.554499,-0.000000,0.264962,0.000000,0.000000,0.000000,-8.380134,WAIT_USER_CONFIRM
8.660000,0.554499,-0.000000,0.264962,0.000000,0.000000,0.000000,-8.380134,WAIT_USER_CONFIRM
8.662000,0.554499,-0.000000,0.264962,0.000000,0.000000,0.000000,-8.380134,WAIT_USER_CONFIRM
8.664000,0.554499,-0.000000,0.264962,0.000000,0.000000,0.000000,-8.380134,WAIT_USER_CONFIRM
8.666000,0.554499,-0.000000,0.264962,0.000000,0.000000,0.000000,-8.380134,WAIT_USER_CONFIRM
8.668000,0.554499,-0.000000,0.264962,0.000000,0.000000,0.000000,-8.380134,WAIT_USER_CONFIRM
8.670000,0.554499,-0.000000,0.264962,0.000000,0.000000,0.000000,-8.380134,WAIT_USER_CONFIRM
8.672000,0.554499,-0.000000,0.264962,0.000000,0.000000,0.000000,-8.380134,WAIT_USER_CONFIRM
8.674000,0.554499,-0.000000,0.264962,0.000000,0.000000,0.000000,-8.380134,WAIT_USER_CONFIRM
8.676000,0.554499,-0.000000,0.264962,0.000000,0.000000,0.000000,-8.380134,WAIT_USER_CONFIRM
8.678000,0.554499,-0.000000,0.264962,0.000000,0.000000,0.000000,-8.380134,WAIT_USER_CONFIRM
8.680000,0.554499,-0.000000,0.264962,0.000000,0.000000,0.000000,-8.380134,WAIT_USER_CONFIRM
8.682000,0.554499,-0.000000,0.264962,0.000000,0.000000,0.000000,-8.380134,WAIT_USER_CONFIRM
8.684000,0.554499,-0.000000,0.264962,0.000000,0.000000,0.000000,-8.380134,WAIT_USER_CONFIRM
8.686000,0.554499,-0.000000,0.264962,0.000000,0.000000,0.000000,-8.380134,WAIT_USER_CONFIRM
8.688000,0.554499,-0.000000,0.264962,0.000000,0.000000,0.000000,-8.380134,WAIT_USER_CONFIRM
8.690000,0.554499,-0.000000,0.264962,0.000000,0.000000,0.000000,-8.380134,WAIT_USER_CONFIRM
8.692000,0.554499,-0.000000,0.264962,0.000000,0.000000,0.000000,-8.380134,WAIT_USER_CONFIRM
8.694000,0.554499,-0.000000,0.264962,0.000000,0.000000,0.000000,-8.380134,WAIT_USER_CONFIRM
8.696000,0.554499,-0.000000,0.264962,0.000000,0.000000,0.000000,-8.380134,WAIT_USER_CONFIRM
8.698000,0.554499,-0.000000,0.264962,0.000000,0.000000,0.000000,-8.380134,WAIT_USER_CONFIRM
8.700000,0.554499,-0.000000,0.264962,0.000000,0.000000,0.000000,-8.380134,WAIT_USER_CONFIRM
8.702000,0.554499,-0.000000,0.264962,0.000000,0.000000,0.000000,-8.380134,WAIT_USER_CONFIRM
8.704000,0.554499,-0.000000,0.264962,0.000000,0.000000,0.000000,-8.380134,WAIT_USER_CONFIRM
8.706000,0.554499,-0.000000,0.264962,0.000000,0.000000,0.000000,-8.380134,WAIT_USER_CONFIRM
8.708000,0.554499,-0.000000,0.264962,0.000000,0.000000,0.000000,-8.380134,WAIT_USER_CONFIRM
8.710000,0.554499,-0.000000,0.264962,0.000000,0.000000,0.000000,-8.380134,WAIT_USER_CONFIRM
8.712000,0.554499,-0.000000,0.264962,0.000000,0.000000,0.000000,-8.380134,WAIT_USER_CONFIRM
8.714000,0.554499,-0.000000,0.264962,0.000000,0.000000,0.000000,-8.380134,WAIT_USER_CONFIRM
8.716000,0.554499,-0.000000,0.264962,0.000000,0.000000,0.000000,-8.380134,WAIT_USER_CONFIRM
8.718000,0.554499,-0.000000,0.264962,0.000000,0.000000,0.000000,-8.380134,WAIT_USER_CONFIRM
8.720000,0.554499,-0.000000,0.264962,0.000000,0.000000,0.000000,-8.380134,WAIT_USER_CONFIRM
8.722000,0.554499,-0.000000,0.264962,0.000000,0.000000,0.000000,-8.380134,WAIT_USER_CONFIRM
8.724000,0.554499,-0.000000,0.264962,0.000000,0.000000,0.000000,-8.380134,WAIT_USER_CONFIRM
8.726000,0.554499,-0.000000,0.264962,0.000000,0.000000,0.000000,-8.380134,WAIT_USER_CONFIRM
8.728000,0.554499,-0.000000,0.264962,0.000000,0.000000,0.000000,-8.380134,WAIT_USER_CONFIRM
8.730000,0.554499,-0.000000,0.264962,0.000000,0.000000,0.000000,-8.380134,WAIT_USER_CONFIRM
8.732000,0.554499,-0.000000,0.264962,0.000000,0.000000,0.000000,-8.380134,WAIT_USER_CONFIRM
8.734000,0.554499,-0.000000,0.264962,0.000000,0.000000,0.000000,-8.380134,WAIT_USER_CONFIRM
8.736000,0.554499,-0.000000,0.264962,0.000000,0.000000,0.000000,-8.380134,WAIT_USER_CONFIRM
8.738000,0.554499,-0.000000,0.264962,0.000000,0.000000,0.000000,-8.380134,WAIT_USER_CONFIRM
8.740000,0.554499,-0.000000,0.264962,0.000000,0.000000,0.000000,-8.380134,WAIT_USER_CONFIRM
8.742000,0.554499,-0.000000,0.264962,0.000000,0.000000,0.000000,-8.380134,WAIT_USER_CONFIRM
8.744000,0.554499,-0.000000,0.264962,0.000000,0.000000,0.000000,-8.380134,WAIT_USER_CONFIRM
8.746000,0.554499,-0.000000,0.264962,0.000000,0.000000,0.000000,-8.380134,WAIT_USER_CONFIRM
8.748000,0.554499,-0.000000,0.264962,0.000000,0.000000,0.000000,-8.380134,WAIT_USER_CONFIRM
8.750000,0.554499,-0.000000,0.264962,0.000000,0.000000,0.000000,-8.380134,WAIT_USER_CONFIRM
8.752000,0.554499,-0.000000,0.264962,0.000000,0.000000,0.000000,-8.380134,WAIT_USER_CONFIRM
8.754000,0.554499,-0.000000,0.264962,0.000000,0.000000,0.000000,-8.380134,WAIT_USER_CONFIRM
8.756000,0.554499,-0.000000,0.264962,0.000000,0.000000,0.000000,-8.380134,WAIT_USER_CONFIRM
8.758000,0.554499,-0.000000,0.264962,0.000000,0.000000,0.000000,-8.380134,WAIT_USER_CONFIRM
8.760000,0.554499,-0.000000,0.264962,0.000000,0.000000,0.000000,-8.380134,WAIT_USER_CONFIRM
8.762000,0.554499,-0.000000,0.264962,0.000000,0.000000,0.000000,-8.380134,WAIT_USER_CONFIRM
8.764000,0.554499,-0.000000,0.264962,0.000000,0.000000,0.000000,-8.380134,WAIT_USER_CONFIRM
8.766000,0.554499,-0.000000,0.264962,0.000000,0.000000,0.000000,-8.380134,WAIT_USER_CONFIRM
8.768000,0.554499,-0.000000,0.264962,0.000000,0.000000,0.000000,-8.380134,WAIT_USER_CONFIRM
8.770000,0.554499,-0.000000,0.264962,0.000000,0.000000,0.000000,-8.380134,WAIT_USER_CONFIRM
8.772000,0.554499,-0.000000,0.264962,0.000000,0.000000,0.000000,-8.380134,WAIT_USER_CONFIRM
8.774000,0.554499,-0.000000,0.264962,0.000000,0.000000,0.000000,-8.380134,WAIT_USER_CONFIRM
8.776000,0.554499,-0.000000,0.264962,0.000000,0.000000,0.000000,-8.380134,WAIT_USER_CONFIRM
8.778000,0.554499,-0.000000,0.264962,0.000000,0.000000,0.000000,-8.380134,WAIT_USER_CONFIRM
8.780000,0.554499,-0.000000,0.264962,0.000000,0.000000,0.000000,-8.380134,WAIT_USER_CONFIRM
8.782000,0.554499,-0.000000,0.264962,0.000000,0.000000,0.000000,-8.380134,WAIT_USER_CONFIRM
8.784000,0.554499,-0.000000,0.264962,0.000000,0.000000,0.000000,-8.380134,WAIT_USER_CONFIRM
8.786000,0.554499,-0.000000,0.264962,0.000000,0.000000,0.000000,-8.380134,WAIT_USER_CONFIRM
8.788000,0.554499,-0.000000,0.264962,0.000000,0.000000,0.000000,-8.380134,WAIT_USER_CONFIRM
8.790000,0.554499,-0.000000,0.264962,0.000000,0.000000,0.000000,-8.380134,WAIT_USER_CONFIRM
8.792000,0.554499,-0.000000,0.264962,0.000000,0.000000,0.000000,-8.380134,WAIT_USER_CONFIRM
8.794000,0.554499,-0.000000,0.264962,0.000000,0.000000,0.000000,-8.380134,WAIT_USER_CONFIRM
8.796000,0.554499,-0.000000,0.264962,0.000000,0.000000,0.000000,-8.380134,WAIT_USER_CONFIRM
8.798000,0.554499,-0.000000,0.264962,0.000000,0.000000,0.000000,-8.380134,WAIT_USER_CONFIRM
8.800000,0.554499,-0.000000,0.264962,0.000000,0.000000,0.000000,-8.380134,WAIT_USER_CONFIRM
8.802000,0.554499,-0.000000,0.264962,0.000000,0.000000,0.000000,-8.380134,WAIT_USER_CONFIRM
8.804000,0.554499,-0.000000,0.264962,0.000000,0.000000,0.000000,-8.380134,WAIT_USER_CONFIRM
8.806000,0.554499,-0.000000,0.264962,0.000000,0.000000,0.000000,-8.380134,WAIT_USER_CONFIRM
8.808000,0.554499,-0.000000,0.264962,0.000000,0.000000,0.000000,-8.380134,WAIT_USER_CONFIRM
8.810000,0.554499,-0.000000,0.264962,0.000000,0.000000,0.000000,-8.380134,WAIT_USER_CONFIRM
8.812000,0.554499,-0.000000,0.264962,0.000000,0.000000,0.000000,-8.380134,WAIT_USER_CONFIRM
8.814000,0.554499,-0.000000,0.264962,0.000000,0.000000,0.000000,-8.380134,WAIT_USER_CONFIRM
8.816000,0.554499,-0.000000,0.264962,0.000000,0.000000,0.000000,-8.380134,WAIT_USER_CONFIRM
8.818000,0.554499,-0.000000,0.264962,0.000000,0.000000,0.000000,-8.380134,WAIT_USER_CONFIRM
8.820000,0.554499,-0.000000,0.264962,0.000000,0.000000,0.000000,-8.380134,WAIT_USER_CONFIRM
8.822000,0.554499,-0.000000,0.264962,0.000000,0.000000,0.000000,-8.380134,WAIT_USER_CONFIRM
8.824000,0.554499,-0.000000,0.264962,0.000000,0.000000,0.000000,-8.380134,WAIT_USER_CONFIRM
8.826000,0.554499,-0.000000,0.264962,0.000000,0.000000,0.000000,-8.380134,WAIT_USER_CONFIRM
8.828000,0.554499,-0.000000,0.264962,0.000000,0.000000,0.000000,-8.380134,WAIT_USER_CONFIRM
8.830000,0.554499,-0.000000,0.264962,0.000000,0.000000,0.000000,-8.380134,WAIT_USER_CONFIRM
8.832000,0.554499,-0.000000,0.264962,0.000000,0.000000,0.000000,-8.380134,WAIT_USER_CONFIRM
8.834000,0.554499,-0.000000,0.264962,0.000000,0.000000,0.000000,-8.380134,WAIT_USER_CONFIRM
8.836000,0.554499,-0.000000,0.264962,0.000000,0.000000,0.000000,-8.380134,WAIT_USER_CONFIRM
8.838000,0.554499,-0.000000,0.264962,0.000000,0.000000,0.000000,-8.380134,WAIT_USER_CONFIRM
8.840000,0.554499,-0.000000,0.264962,0.000000,0.000000,0.000000,-8.380134,WAIT_USER_CONFIRM
8.842000,0.554499,-0.000000,0.264962,0.000000,0.000000,0.000000,-8.380134,WAIT_USER_CONFIRM
8.844000,0.554499,-0.000000,0.264962,0.000000,0.000000,0.000000,-8.380134,WAIT_USER_CONFIRM
8.846000,0.554499,-0.000000,0.264962,0.000000,0.000000,0.000000,-8.380134,WAIT_USER_CONFIRM
8.848000,0.554499,-0.000000,0.264962,0.000000,0.000000,0.000000,-8.380134,WAIT_USER_CONFIRM
8.850000,0.554499,-0.000000,0.264962,0.000000,0.000000,0.000000,-8.380134,WAIT_USER_CONFIRM
8.852000,0.554499,-0.000000,0.264962,0.000000,0.000000,0.000000,-8.380134,WAIT_USER_CONFIRM
8.854000,0.554499,-0.000000,0.264962,0.000000,0.000000,0.000000,-8.380134,WAIT_USER_CONFIRM
8.856000,0.554499,-0.000000,0.264962,0.000000,0.000000,0.000000,-8.380134,WAIT_USER_CONFIRM
8.858000,0.554499,-0.000000,0.264962,0.000000,0.000000,0.000000,-8.380134,WAIT_USER_CONFIRM
8.860000,0.554499,-0.000000,0.264962,0.000000,0.000000,0.000000,-8.380134,WAIT_USER_CONFIRM
8.862000,0.554499,-0.000000,0.264962,0.000000,0.000000,0.000000,-8.380134,WAIT_USER_CONFIRM
8.864000,0.554499,-0.000000,0.264962,0.000000,0.000000,0.000000,-8.380134,WAIT_USER_CONFIRM
8.866000,0.554499,-0.000000,0.264962,0.000000,0.000000,0.000000,-8.380134,WAIT_USER_CONFIRM
8.868000,0.554499,-0.000000,0.264962,0.000000,0.000000,0.000000,-8.380134,WAIT_USER_CONFIRM
8.870000,0.554499,-0.000000,0.264962,0.000000,0.000000,0.000000,-8.380134,WAIT_USER_CONFIRM
8.872000,0.554499,-0.000000,0.264962,0.000000,0.000000,0.000000,-8.380134,WAIT_USER_CONFIRM
8.874000,0.554499,-0.000000,0.264962,0.000000,0.000000,0.000000,-8.380134,WAIT_USER_CONFIRM
8.876000,0.554499,-0.000000,0.264962,0.000000,0.000000,0.000000,-8.380134,WAIT_USER_CONFIRM
8.878000,0.554499,-0.000000,0.264962,0.000000,0.000000,0.000000,-8.380134,WAIT_USER_CONFIRM
8.880000,0.554499,-0.000000,0.264962,0.000000,0.000000,0.000000,-8.380134,WAIT_USER_CONFIRM
8.882000,0.554499,-0.000000,0.264962,0.000000,0.000000,0.000000,-8.380134,WAIT_USER_CONFIRM
8.884000,0.554499,-0.000000,0.264962,0.000000,0.000000,0.000000,-8.380134,WAIT_USER_CONFIRM
8.886000,0.554499,-0.000000,0.264962,0.000000,0.000000,0.000000,-8.380134,WAIT_USER_CONFIRM
8.888000,0.554499,-0.000000,0.264962,0.000000,0.000000,0.000000,-8.380134,WAIT_USER_CONFIRM
8.890000,0.554499,-0.000000,0.264962,0.000000,0.000000,0.000000,-8.380134,WAIT_USER_CONFIRM
8.892000,0.554499,-0.000000,0.264962,0.000000,0.000000,0.000000,-8.380134,WAIT_USER_CONFIRM
8.894000,0.554499,-0.000000,0.264962,0.000000,0.000000,0.000000,-8.380134,WAIT_USER_CONFIRM
8.896000,0.554499,-0.000000,0.264962,0.000000,0.000000,0.000000,-8.380134,WAIT_USER_CONFIRM
8.898000,0.554499,-0.000000,0.264962,0.000000,0.000000,0.000000,-8.380134,WAIT_USER_CONFIRM
8.900000,0.554499,-0.000000,0.264962,0.000000,0.000000,0.000000,-8.380134,WAIT_USER_CONFIRM
8.902000,0.554499,-0.000000,0.264962,0.000000,0.000000,0.000000,-8.380134,WAIT_USER_CONFIRM
8.904000,0.554499,-0.000000,0.264962,0.000000,0.000000,0.000000,-8.380134,WAIT_USER_CONFIRM
8.906000,0.554499,-0.000000,0.264962,0.000000,0.000000,0.000000,-8.380134,WAIT_USER_CONFIRM
8.908000,0.554499,-0.000000,0.264962,0.000000,0.000000,0.000000,-8.380134,WAIT_USER_CONFIRM
8.910000,0.554499,-0.000000,0.264962,0.000000,0.000000,0.000000,-8.380134,WAIT_USER_CONFIRM
8.912000,0.554499,-0.000000,0.264962,0.000000,0.000000,0.000000,-8.380134,WAIT_USER_CONFIRM
8.914000,0.554499,-0.000000,0.264962,0.000000,0.000000,0.000000,-8.380134,WAIT_USER_CONFIRM
8.916000,0.554499,-0.000000,0.264962,0.000000,0.000000,0.000000,-8.380134,WAIT_USER_CONFIRM
8.918000,0.554499,-0.000000,0.264962,0.000000,0.000000,0.000000,-8.380134,WAIT_USER_CONFIRM
8.920000,0.554499,-0.000000,0.264962,0.000000,0.000000,0.000000,-8.380134,WAIT_USER_CONFIRM
8.922000,0.554499,-0.000000,0.264962,0.000000,0.000000,0.000000,-8.380134,WAIT_USER_CONFIRM
8.924000,0.554499,-0.000000,0.264962,0.000000,0.000000,0.000000,-8.380134,WAIT_USER_CONFIRM
8.926000,0.554499,-0.000000,0.264962,0.000000,0.000000,0.000000,-8.380134,WAIT_USER_CONFIRM
8.928000,0.554499,-0.000000,0.264962,0.000000,0.000000,0.000000,-8.380134,WAIT_USER_CONFIRM
8.930000,0.554499,-0.000000,0.264962,0.000000,0.000000,0.000000,-8.380134,WAIT_USER_CONFIRM
8.932000,0.554499,-0.000000,0.264962,0.000000,0.000000,0.000000,-8.380134,WAIT_USER_CONFIRM
8.934000,0.554499,-0.000000,0.264962,0.000000,0.000000,0.000000,-8.380134,WAIT_USER_CONFIRM
8.936000,0.554499,-0.000000,0.264962,0.000000,0.000000,0.000000,-8.380134,WAIT_USER_CONFIRM
8.938000,0.554499,-0.000000,0.264962,0.000000,0.000000,0.000000,-8.380134,WAIT_USER_CONFIRM
8.940000,0.554499,-0.000000,0.264962,0.000000,0.000000,0.000000,-8.380134,WAIT_USER_CONFIRM
8.942000,0.554499,-0.000000,0.264962,0.000000,0.000000,0.000000,-8.380134,WAIT_USER_CONFIRM
8.944000,0.554499,-0.000000,0.264962,0.000000,0.000000,0.000000,-8.380134,WAIT_USER_CONFIRM
8.946000,0.554499,-0.000000,0.264962,0.000000,0.000000,0.000000,-8.380134,WAIT_USER_CONFIRM
8.948000,0.554499,-0.000000,0.264962,0.000000,0.000000,0.000000,-8.380134,WAIT_USER_CONFIRM
8.950000,0.554499,-0.000000,0.264962,0.000000,0.000000,0.000000,-8.380134,WAIT_USER_CONFIRM
8.952000,0.554499,-0.000000,0.264962,0.000000,0.000000,0.000000,-8.380134,WAIT_USER_CONFIRM
8.954000,0.554499,-0.000000,0.264962,0.000000,0.000000,0.000000,-8.380134,WAIT_USER_CONFIRM
8.956000,0.554499,-0.000000,0.264962,0.000000,0.000000,0.000000,-8.380134,WAIT_USER_CONFIRM
8.958000,0.554499,-0.000000,0.264962,0.000000,0.000000,0.000000,-8.380134,WAIT_USER_CONFIRM
8.960000,0.554499,-0.000000,0.264962,0.000000,0.000000,0.000000,-8.380134,WAIT_USER_CONFIRM
8.962000,0.554499,-0.000000,0.264962,0.000000,0.000000,0.000000,-8.380134,WAIT_USER_CONFIRM
8.964000,0.554499,-0.000000,0.264962,0.000000,0.000000,0.000000,-8.380134,WAIT_USER_CONFIRM
8.966000,0.554499,-0.000000,0.264962,0.000000,0.000000,0.000000,-8.380134,WAIT_USER_CONFIRM
8.968000,0.554499,-0.000000,0.264962,0.000000,0.000000,0.000000,-8.380134,WAIT_USER_CONFIRM
8.970000,0.554499,-0.000000,0.264962,0.000000,0.000000,0.000000,-8.380134,WAIT_USER_CONFIRM
8.972000,0.554499,-0.000000,0.264962,0.000000,0.000000,0.000000,-8.380134,WAIT_USER_CONFIRM
8.974000,0.554499,-0.000000,0.264962,0.000000,0.000000,0.000000,-8.380134,WAIT_USER_CONFIRM
8.976000,0.554499,-0.000000,0.264962,0.000000,0.000000,0.000000,-8.380134,WAIT_USER_CONFIRM
8.978000,0.554499,-0.000000,0.264962,0.000000,0.000000,0.000000,-8.380134,WAIT_USER_CONFIRM
8.980000,0.554499,-0.000000,0.264962,0.000000,0.000000,0.000000,-8.380134,WAIT_USER_CONFIRM
8.982000,0.554499,-0.000000,0.264962,0.000000,0.000000,0.000000,-8.380134,WAIT_USER_CONFIRM
8.984000,0.554499,-0.000000,0.264962,0.000000,0.000000,0.000000,-8.380134,WAIT_USER_CONFIRM
8.986000,0.554499,-0.000000,0.264962,0.000000,0.000000,0.000000,-8.380134,WAIT_USER_CONFIRM
8.988000,0.554499,-0.000000,0.264962,0.000000,0.000000,0.000000,-8.380134,WAIT_USER_CONFIRM
8.990000,0.554499,-0.000000,0.264962,0.000000,0.000000,0.000000,-8.380134,WAIT_USER_CONFIRM
8.992000,0.554499,-0.000000,0.264962,0.000000,0.000000,0.000000,-8.380134,WAIT_USER_CONFIRM
8.994000,0.554499,-0.000000,0.264962,0.000000,0.000000,0.000000,-8.380134,WAIT_USER_CONFIRM
8.996000,0.554499,-0.000000,0.264962,0.000000,0.000000,0.000000,-8.380134,WAIT_USER_CONFIRM
8.998000,0.554499,-0.000000,0.264962,0.000000,0.000000,0.000000,-8.380134,WAIT_USER_CONFIRM
9.000000,0.554499,-0.000000,0.264962,0.000000,0.000000,0.000000,-8.380134,WAIT_USER_CONFIRM
9.002000,0.554499,-0.000000,0.264962,0.000000,0.000000,0.000000,-8.380134,WAIT_USER_CONFIRM
9.004000,0.554499,-0.000000,0.264962,0.000000,0.000000,0.000000,-8.380134,WAIT_USER_CONFIRM
9.006000,0.554499,-0.000000,0.264962,0.000000,0.000000,0.000000,-8.380134,WAIT_USER_CONFIRM
9.008000,0.554499,-0.000000,0.264962,0.000000,0.000000,0.000000,-8.380134,WAIT_USER_CONFIRM
9.010000,0.554499,-0.000000,0.264962,0.000000,0.000000,0.000000,-8.380134,WAIT_USER_CONFIRM
9.012000,0.554499,-0.000000,0.264962,0.000000,0.000000,0.000000,-8.380134,WAIT_USER_CONFIRM
9.014000,0.554499,-0.000000,0.264962,0.000000,0.000000,0.000000,-8.380134,WAIT_USER_CONFIRM
9.016000,0.554499,-0.000000,0.264962,0.000000,0.000000,0.000000,-8.380134,WAIT_USER_CONFIRM
9.018000,0.554499,-0.000000,0.264962,0.000000,0.000000,0.000000,-8.380134,WAIT_USER_CONFIRM
9.020000,0.554499,-0.000000,0.264962,0.000000,0.000000,0.000000,-8.380134,WAIT_USER_CONFIRM
9.022000,0.554499,-0.000000,0.264962,0.000000,0.000000,0.000000,-8.380134,WAIT_USER_CONFIRM
9.024000,0.554499,-0.000000,0.264962,0.000000,0.000000,0.000000,-8.380134,WAIT_USER_CONFIRM
9.026000,0.554499,-0.000000,0.264962,0.000000,0.000000,0.000000,-8.380134,WAIT_USER_CONFIRM
9.028000,0.554499,-0.000000,0.264962,0.000000,0.000000,0.000000,-8.380134,WAIT_USER_CONFIRM
9.030000,0.554499,-0.000000,0.264962,0.000000,0.000000,0.000000,-8.380134,WAIT_USER_CONFIRM
9.032000,0.554499,-0.000000,0.264962,0.000000,0.000000,0.000000,-8.380134,WAIT_USER_CONFIRM
9.034000,0.554499,-0.000000,0.264962,0.000000,0.000000,0.000000,-8.380134,WAIT_USER_CONFIRM
9.036000,0.554499,-0.000000,0.264962,0.000000,0.000000,0.000000,-8.380134,WAIT_USER_CONFIRM
9.038000,0.554499,-0.000000,0.264962,0.000000,0.000000,0.000000,-8.380134,WAIT_USER_CONFIRM
9.040000,0.554499,-0.000000,0.264962,0.000000,0.000000,0.000000,-8.380134,WAIT_USER_CONFIRM
9.042000,0.554499,-0.000000,0.264962,0.000000,0.000000,0.000000,-8.380134,WAIT_USER_CONFIRM
9.044000,0.554499,-0.000000,0.264962,0.000000,0.000000,0.000000,-8.380134,WAIT_USER_CONFIRM
9.046000,0.554499,-0.000000,0.264962,0.000000,0.000000,0.000000,-8.380134,WAIT_USER_CONFIRM
9.048000,0.554499,-0.000000,0.264962,0.000000,0.000000,0.000000,-8.380134,WAIT_USER_CONFIRM
9.050000,0.554499,-0.000000,0.264962,0.000000,0.000000,0.000000,-8.380134,WAIT_USER_CONFIRM
9.052000,0.554499,-0.000000,0.264962,0.000000,0.000000,0.000000,-8.380134,WAIT_USER_CONFIRM
9.054000,0.554499,-0.000000,0.264962,0.000000,0.000000,0.000000,-8.380134,WAIT_USER_CONFIRM
9.056000,0.554499,-0.000000,0.264962,0.000000,0.000000,0.000000,-8.380134,WAIT_USER_CONFIRM
9.058000,0.554499,-0.000000,0.264962,0.000000,0.000000,0.000000,-8.380134,WAIT_USER_CONFIRM
9.060000,0.554499,-0.000000,0.264962,0.000000,0.000000,0.000000,-8.380134,WAIT_USER_CONFIRM
9.062000,0.554499,-0.000000,0.264962,0.000000,0.000000,0.000000,-8.380134,WAIT_USER_CONFIRM
9.064000,0.554499,-0.000000,0.264962,0.000000,0.000000,0.000000,-8.380134,WAIT_USER_CONFIRM
9.066000,0.554499,-0.000000,0.264962,0.000000,0.000000,0.000000,-8.380134,WAIT_USER_CONFIRM
9.068000,0.554499,-0.000000,0.264962,0.000000,0.000000,0.000000,-8.380134,WAIT_USER_CONFIRM
9.070000,0.554499,-0.000000,0.264962,0.000000,0.000000,0.000000,-8.380134,WAIT_USER_CONFIRM
9.072000,0.554499,-0.000000,0.264962,0.000000,0.000000,0.000000,-8.380134,WAIT_USER_CONFIRM
9.074000,0.554499,-0.000000,0.264962,0.000000,0.000000,0.000000,-8.380134,WAIT_USER_CONFIRM
9.076000,0.554499,-0.000000,0.264962,0.000000,0.000000,0.000000,-8.380134,WAIT_USER_CONFIRM
9.078000,0.554499,-0.000000,0.264962,0.000000,0.000000,0.000000,-8.380134,WAIT_USER_CONFIRM
9.080000,0.554499,-0.000000,0.264962,0.000000,0.000000,0.000000,-8.380134,WAIT_USER_CONFIRM
9.082000,0.554499,-0.000000,0.264962,0.000000,0.000000,0.000000,-8.380134,WAIT_USER_CONFIRM
9.084000,0.554499,-0.000000,0.264962,0.000000,0.000000,0.000000,-8.380134,WAIT_USER_CONFIRM
9.086000,0.554499,-0.000000,0.264962,0.000000,0.000000,0.000000,-8.380134,WAIT_USER_CONFIRM
9.088000,0.554499,-0.000000,0.264962,0.000000,0.000000,0.000000,-8.380134,WAIT_USER_CONFIRM
9.090000,0.554499,-0.000000,0.264962,0.000000,0.000000,0.000000,-8.380134,WAIT_USER_CONFIRM
9.092000,0.554499,-0.000000,0.264962,0.000000,0.000000,0.000000,-8.380134,WAIT_USER_CONFIRM
9.094000,0.554499,-0.000000,0.264962,0.000000,0.000000,0.000000,-8.380134,WAIT_USER_CONFIRM
9.096000,0.554499,-0.000000,0.264962,0.000000,0.000000,0.000000,-8.380134,WAIT_USER_CONFIRM
9.098000,0.554499,-0.000000,0.264962,0.000000,0.000000,0.000000,-8.380134,WAIT_USER_CONFIRM
9.100000,0.554499,-0.000000,0.264962,0.000000,0.000000,0.000000,-8.380134,WAIT_USER_CONFIRM
9.102000,0.554499,-0.000000,0.264962,0.000000,0.000000,0.000000,-8.380134,WAIT_USER_CONFIRM
9.104000,0.554499,-0.000000,0.264962,0.000000,0.000000,0.000000,-8.380134,WAIT_USER_CONFIRM
9.106000,0.554499,-0.000000,0.264962,0.000000,0.000000,0.000000,-8.380134,WAIT_USER_CONFIRM
9.108000,0.554499,-0.000000,0.264962,0.000000,0.000000,0.000000,-8.380134,WAIT_USER_CONFIRM
9.110000,0.554499,-0.000000,0.264962,0.000000,0.000000,0.000000,-8.380134,WAIT_USER_CONFIRM
9.112000,0.554499,-0.000000,0.264962,0.000000,0.000000,0.000000,-8.380134,WAIT_USER_CONFIRM
9.114000,0.554499,-0.000000,0.264962,0.000000,0.000000,0.000000,-8.380134,WAIT_USER_CONFIRM
9.116000,0.554499,-0.000000,0.264962,0.000000,0.000000,0.000000,-8.380134,WAIT_USER_CONFIRM
9.118000,0.554499,-0.000000,0.264962,0.000000,0.000000,0.000000,-8.380134,WAIT_USER_CONFIRM
9.120000,0.554499,-0.000000,0.264962,0.000000,0.000000,0.000000,-8.380134,WAIT_USER_CONFIRM
9.122000,0.554499,-0.000000,0.264962,0.000000,0.000000,0.000000,-8.380134,WAIT_USER_CONFIRM
9.124000,0.554499,-0.000000,0.264962,0.000000,0.000000,0.000000,-8.380134,WAIT_USER_CONFIRM
9.126000,0.554499,-0.000000,0.264962,0.000000,0.000000,0.000000,-8.380134,WAIT_USER_CONFIRM
9.128000,0.554499,-0.000000,0.264962,0.000000,0.000000,0.000000,-8.380134,WAIT_USER_CONFIRM
9.130000,0.554499,-0.000000,0.264962,0.000000,0.000000,0.000000,-8.380134,WAIT_USER_CONFIRM
9.132000,0.554499,-0.000000,0.264962,0.000000,0.000000,0.000000,-8.380134,WAIT_USER_CONFIRM
9.134000,0.554499,-0.000000,0.264962,0.000000,0.000000,0.000000,-8.380134,WAIT_USER_CONFIRM
9.136000,0.554499,-0.000000,0.264962,0.000000,0.000000,0.000000,-8.380134,WAIT_USER_CONFIRM
9.138000,0.554499,-0.000000,0.264962,0.000000,0.000000,0.000000,-8.380134,WAIT_USER_CONFIRM
9.140000,0.554499,-0.000000,0.264962,0.000000,0.000000,0.000000,-8.380134,WAIT_USER_CONFIRM
9.142000,0.554499,-0.000000,0.264962,0.000000,0.000000,0.000000,-8.380134,WAIT_USER_CONFIRM
9.144000,0.554499,-0.000000,0.264962,0.000000,0.000000,0.000000,-8.380134,WAIT_USER_CONFIRM
9.146000,0.554499,-0.000000,0.264962,0.000000,0.000000,0.000000,-8.380134,WAIT_USER_CONFIRM
9.148000,0.554499,-0.000000,0.264962,0.000000,0.000000,0.000000,-8.380134,WAIT_USER_CONFIRM
9.150000,0.554499,-0.000000,0.264962,0.000000,0.000000,0.000000,-8.380134,WAIT_USER_CONFIRM
9.152000,0.554499,-0.000000,0.264962,0.000000,0.000000,0.000000,-8.380134,WAIT_USER_CONFIRM
9.154000,0.554499,-0.000000,0.264962,0.000000,0.000000,0.000000,-8.380134,WAIT_USER_CONFIRM
9.156000,0.554499,-0.000000,0.264962,0.000000,0.000000,0.000000,-8.380134,WAIT_USER_CONFIRM
9.158000,0.554499,-0.000000,0.264962,0.000000,0.000000,0.000000,-8.380134,WAIT_USER_CONFIRM
9.160000,0.554499,-0.000000,0.264962,0.000000,0.000000,0.000000,-8.380134,WAIT_USER_CONFIRM
9.162000,0.554499,-0.000000,0.264962,0.000000,0.000000,0.000000,-8.380134,WAIT_USER_CONFIRM
9.164000,0.554499,-0.000000,0.264962,0.000000,0.000000,0.000000,-8.380134,WAIT_USER_CONFIRM
9.166000,0.554499,-0.000000,0.264962,0.000000,0.000000,0.000000,-8.380134,WAIT_USER_CONFIRM
9.168000,0.554499,-0.000000,0.264962,0.000000,0.000000,0.000000,-8.380134,WAIT_USER_CONFIRM
9.170000,0.554499,-0.000000,0.264962,0.000000,0.000000,0.000000,-8.380134,WAIT_USER_CONFIRM
9.172000,0.554499,-0.000000,0.264962,0.000000,0.000000,0.000000,-8.380134,WAIT_USER_CONFIRM
9.174000,0.554499,-0.000000,0.264962,0.000000,0.000000,0.000000,-8.380134,WAIT_USER_CONFIRM
9.176000,0.554499,-0.000000,0.264962,0.000000,0.000000,0.000000,-8.380134,WAIT_USER_CONFIRM
9.178000,0.554499,-0.000000,0.264962,0.000000,0.000000,0.000000,-8.380134,WAIT_USER_CONFIRM
9.180000,0.554499,-0.000000,0.264962,0.000000,0.000000,0.000000,-8.380134,WAIT_USER_CONFIRM
9.182000,0.554499,-0.000000,0.264962,0.000000,0.000000,0.000000,-8.380134,WAIT_USER_CONFIRM
9.184000,0.554499,-0.000000,0.264962,0.000000,0.000000,0.000000,-8.380134,WAIT_USER_CONFIRM
9.186000,0.554499,-0.000000,0.264962,0.000000,0.000000,0.000000,-8.380134,WAIT_USER_CONFIRM
9.188000,0.554499,-0.000000,0.264962,0.000000,0.000000,0.000000,-8.380134,WAIT_USER_CONFIRM
9.190000,0.554499,-0.000000,0.264962,0.000000,0.000000,0.000000,-8.380134,WAIT_USER_CONFIRM
9.192000,0.554499,-0.000000,0.264962,0.000000,0.000000,0.000000,-8.380134,WAIT_USER_CONFIRM
9.194000,0.554499,-0.000000,0.264962,0.000000,0.000000,0.000000,-8.380134,WAIT_USER_CONFIRM
9.196000,0.554499,-0.000000,0.264962,0.000000,0.000000,0.000000,-8.380134,WAIT_USER_CONFIRM
9.198000,0.554499,-0.000000,0.264962,0.000000,0.000000,0.000000,-8.380134,WAIT_USER_CONFIRM
9.200000,0.554499,-0.000000,0.264962,0.000000,0.000000,0.000000,-8.380134,WAIT_USER_CONFIRM
9.202000,0.554499,-0.000000,0.264962,0.000000,0.000000,0.000000,-8.380134,WAIT_USER_CONFIRM
9.204000,0.554499,-0.000000,0.264962,0.000000,0.000000,0.000000,-8.380134,WAIT_USER_CONFIRM
9.206000,0.554499,-0.000000,0.264962,0.000000,0.000000,0.000000,-8.380134,WAIT_USER_CONFIRM
9.208000,0.554499,-0.000000,0.264962,0.000000,0.000000,0.000000,-8.380134,WAIT_USER_CONFIRM
9.210000,0.554499,-0.000000,0.264962,0.000000,0.000000,0.000000,-8.380134,WAIT_USER_CONFIRM
9.212000,0.554499,-0.000000,0.264962,0.000000,0.000000,0.000000,-8.380134,WAIT_USER_CONFIRM
9.214000,0.554499,-0.000000,0.264962,0.000000,0.000000,0.000000,-8.380134,WAIT_USER_CONFIRM
9.216000,0.554499,-0.000000,0.264962,0.000000,0.000000,0.000000,-8.380134,WAIT_USER_CONFIRM
9.218000,0.554499,-0.000000,0.264962,0.000000,0.000000,0.000000,-8.380134,WAIT_USER_CONFIRM
9.220000,0.554499,-0.000000,0.264962,0.000000,0.000000,0.000000,-8.380134,WAIT_USER_CONFIRM
9.222000,0.554499,-0.000000,0.264962,0.000000,0.000000,0.000000,-8.380134,WAIT_USER_CONFIRM
9.224000,0.554499,-0.000000,0.264962,0.000000,0.000000,0.000000,-8.380134,WAIT_USER_CONFIRM
9.226000,0.554499,-0.000000,0.264962,0.000000,0.000000,0.000000,-8.380134,WAIT_USER_CONFIRM
9.228000,0.554499,-0.000000,0.264962,0.000000,0.000000,0.000000,-8.380134,WAIT_USER_CONFIRM
9.230000,0.554499,-0.000000,0.264962,0.000000,0.000000,0.000000,-8.380134,WAIT_USER_CONFIRM
9.232000,0.554499,-0.000000,0.264962,0.000000,0.000000,0.000000,-8.380134,WAIT_USER_CONFIRM
9.234000,0.554499,-0.000000,0.264962,0.000000,0.000000,0.000000,-8.380134,WAIT_USER_CONFIRM
9.236000,0.554499,-0.000000,0.264962,0.000000,0.000000,0.000000,-8.380134,WAIT_USER_CONFIRM
9.238000,0.554499,-0.000000,0.264962,0.000000,0.000000,0.000000,-8.380134,WAIT_USER_CONFIRM
9.240000,0.554499,-0.000000,0.264962,0.000000,0.000000,0.000000,-8.380134,WAIT_USER_CONFIRM
9.242000,0.554499,-0.000000,0.264962,0.000000,0.000000,0.000000,-8.380134,WAIT_USER_CONFIRM
9.244000,0.554499,-0.000000,0.264962,0.000000,0.000000,0.000000,-8.380134,WAIT_USER_CONFIRM
9.246000,0.554499,-0.000000,0.264962,0.000000,0.000000,0.000000,-8.380134,WAIT_USER_CONFIRM
9.248000,0.554499,-0.000000,0.264962,0.000000,0.000000,0.000000,-8.380134,WAIT_USER_CONFIRM
9.250000,0.554499,-0.000000,0.264962,0.000000,0.000000,0.000000,-8.380134,WAIT_USER_CONFIRM
9.252000,0.554499,-0.000000,0.264962,0.000000,0.000000,0.000000,-8.380134,WAIT_USER_CONFIRM
9.254000,0.554499,-0.000000,0.264962,0.000000,0.000000,0.000000,-8.380134,WAIT_USER_CONFIRM
9.256000,0.554499,-0.000000,0.264962,0.000000,0.000000,0.000000,-8.380134,WAIT_USER_CONFIRM
9.258000,0.554499,-0.000000,0.264962,0.000000,0.000000,0.000000,-8.380134,WAIT_USER_CONFIRM
9.260000,0.554499,-0.000000,0.264962,0.000000,0.000000,0.000000,-8.380134,WAIT_USER_CONFIRM
9.262000,0.554499,-0.000000,0.264962,0.000000,0.000000,0.000000,-8.380134,WAIT_USER_CONFIRM
9.264000,0.554499,-0.000000,0.264962,0.000000,0.000000,0.000000,-8.380134,WAIT_USER_CONFIRM
9.266000,0.554499,-0.000000,0.264962,0.000000,0.000000,0.000000,-8.380134,WAIT_USER_CONFIRM
9.268000,0.554499,-0.000000,0.264962,0.000000,0.000000,0.000000,-8.380134,WAIT_USER_CONFIRM
9.270000,0.554499,-0.000000,0.264962,0.000000,0.000000,0.000000,-8.380134,WAIT_USER_CONFIRM
9.272000,0.554499,-0.000000,0.264962,0.000000,0.000000,0.000000,-8.380134,WAIT_USER_CONFIRM
9.274000,0.554499,-0.000000,0.264962,0.000000,0.000000,0.000000,-8.380134,WAIT_USER_CONFIRM
9.276000,0.554499,-0.000000,0.264962,0.000000,0.000000,0.000000,-8.380134,WAIT_USER_CONFIRM
9.278000,0.554499,-0.000000,0.264962,0.000000,0.000000,0.000000,-8.380134,WAIT_USER_CONFIRM
9.280000,0.554499,-0.000000,0.264962,0.000000,0.000000,0.000000,-8.380134,WAIT_USER_CONFIRM
9.282000,0.554499,-0.000000,0.264962,0.000000,0.000000,0.000000,-8.380134,WAIT_USER_CONFIRM
9.284000,0.554499,-0.000000,0.264962,0.000000,0.000000,0.000000,-8.380134,WAIT_USER_CONFIRM
9.286000,0.554499,-0.000000,0.264962,0.000000,0.000000,0.000000,-8.380134,WAIT_USER_CONFIRM
9.288000,0.554499,-0.000000,0.264962,0.000000,0.000000,0.000000,-8.380134,WAIT_USER_CONFIRM
9.290000,0.554499,-0.000000,0.264962,0.000000,0.000000,0.000000,-8.380134,WAIT_USER_CONFIRM
9.292000,0.554499,-0.000000,0.264962,0.000000,0.000000,0.000000,-8.380134,WAIT_USER_CONFIRM
9.294000,0.554499,-0.000000,0.264962,0.000000,0.000000,0.000000,-8.380134,WAIT_USER_CONFIRM
9.296000,0.554499,-0.000000,0.264962,0.000000,0.000000,0.000000,-8.380134,WAIT_USER_CONFIRM
9.298000,0.554499,-0.000000,0.264962,0.000000,0.000000,0.000000,-8.380134,WAIT_USER_CONFIRM
9.300000,0.554499,-0.000000,0.264962,0.000000,0.000000,0.000000,-8.380134,WAIT_USER_CONFIRM
9.302000,0.554499,-0.000000,0.264962,0.000000,0.000000,0.000000,-8.380134,WAIT_USER_CONFIRM
9.304000,0.554499,-0.000000,0.264962,0.000000,0.000000,0.000000,-8.380134,WAIT_USER_CONFIRM
9.306000,0.554499,-0.000000,0.264962,0.000000,0.000000,0.000000,-8.380134,WAIT_USER_CONFIRM
9.308000,0.554499,-0.000000,0.264962,0.000000,0.000000,0.000000,-8.380134,WAIT_USER_CONFIRM
9.310000,0.554499,-0.000000,0.264962,0.000000,0.000000,0.000000,-8.380134,WAIT_USER_CONFIRM
9.312000,0.554499,-0.000000,0.264962,0.000000,0.000000,0.000000,-8.380134,WAIT_USER_CONFIRM
9.314000,0.554499,-0.000000,0.264962,0.000000,0.000000,0.000000,-8.380134,WAIT_USER_CONFIRM
9.316000,0.554499,-0.000000,0.264962,0.000000,0.000000,0.000000,-8.380134,WAIT_USER_CONFIRM
9.318000,0.554499,-0.000000,0.264962,0.000000,0.000000,0.000000,-8.380134,WAIT_USER_CONFIRM
9.320000,0.554499,-0.000000,0.264962,0.000000,0.000000,0.000000,-8.380134,WAIT_USER_CONFIRM
9.322000,0.554499,-0.000000,0.264962,0.000000,0.000000,0.000000,-8.380134,WAIT_USER_CONFIRM
9.324000,0.554499,-0.000000,0.264962,0.000000,0.000000,0.000000,-8.380134,WAIT_USER_CONFIRM
9.326000,0.554499,-0.000000,0.264962,0.000000,0.000000,0.000000,-8.380134,WAIT_USER_CONFIRM
9.328000,0.554499,-0.000000,0.264962,0.000000,0.000000,0.000000,-8.380134,WAIT_USER_CONFIRM
9.330000,0.554499,-0.000000,0.264962,0.000000,0.000000,0.000000,-8.380134,WAIT_USER_CONFIRM
9.332000,0.554499,-0.000000,0.264962,0.000000,0.000000,0.000000,-8.380134,WAIT_USER_CONFIRM
9.334000,0.554499,-0.000000,0.264962,0.000000,0.000000,0.000000,-8.380134,WAIT_USER_CONFIRM
9.336000,0.554499,-0.000000,0.264962,0.000000,0.000000,0.000000,-8.380134,WAIT_USER_CONFIRM
9.338000,0.554499,-0.000000,0.264962,0.000000,0.000000,0.000000,-8.380134,WAIT_USER_CONFIRM
9.340000,0.554499,-0.000000,0.264962,0.000000,0.000000,0.000000,-8.380134,WAIT_USER_CONFIRM
9.342000,0.554499,-0.000000,0.264962,0.000000,0.000000,0.000000,-8.380134,WAIT_USER_CONFIRM
9.344000,0.554499,-0.000000,0.264962,0.000000,0.000000,0.000000,-8.380134,WAIT_USER_CONFIRM
9.346000,0.554499,-0.000000,0.264962,0.000000,0.000000,0.000000,-8.380134,WAIT_USER_CONFIRM
9.348000,0.554499,-0.000000,0.264962,0.000000,0.000000,0.000000,-8.380134,WAIT_USER_CONFIRM
9.350000,0.554499,-0.000000,0.264962,0.000000,0.000000,0.000000,-8.380134,WAIT_USER_CONFIRM
9.352000,0.554499,-0.000000,0.264962,0.000000,0.000000,0.000000,-8.380134,WAIT_USER_CONFIRM
9.354000,0.554499,-0.000000,0.264962,0.000000,0.000000,0.000000,-8.380134,WAIT_USER_CONFIRM
9.356000,0.554499,-0.000000,0.264962,0.000000,0.000000,0.000000,-8.380134,WAIT_USER_CONFIRM
9.358000,0.554499,-0.000000,0.264962,0.000000,0.000000,0.000000,-8.380134,WAIT_USER_CONFIRM
9.360000,0.554499,-0.000000,0.264962,0.000000,0.000000,0.000000,-8.380134,WAIT_USER_CONFIRM
9.362000,0.554499,-0.000000,0.264962,0.000000,0.000000,0.000000,-8.380134,WAIT_USER_CONFIRM
9.364000,0.554499,-0.000000,0.264962,0.000000,0.000000,0.000000,-8.380134,WAIT_USER_CONFIRM
9.366000,0.554499,-0.000000,0.264962,0.000000,0.000000,0.000000,-8.380134,WAIT_USER_CONFIRM
9.368000,0.554499,-0.000000,0.264962,0.000000,0.000000,0.000000,-8.380134,WAIT_USER_CONFIRM
9.370000,0.554499,-0.000000,0.264962,0.000000,0.000000,0.000000,-8.380134,WAIT_USER_CONFIRM
9.372000,0.554499,-0.000000,0.264962,0.000000,0.000000,0.000000,-8.380134,WAIT_USER_CONFIRM
9.374000,0.554499,-0.000000,0.264962,0.000000,0.000000,0.000000,-8.380134,WAIT_USER_CONFIRM
9.376000,0.554499,-0.000000,0.264962,0.000000,0.000000,0.000000,-8.380134,WAIT_USER_CONFIRM
9.378000,0.554499,-0.000000,0.264962,0.000000,0.000000,0.000000,-8.380134,WAIT_USER_CONFIRM
9.380000,0.554499,-0.000000,0.264962,0.000000,0.000000,0.000000,-8.380134,WAIT_USER_CONFIRM
9.382000,0.554499,-0.000000,0.264962,0.000000,0.000000,0.000000,-8.380134,WAIT_USER_CONFIRM
9.384000,0.554499,-0.000000,0.264962,0.000000,0.000000,0.000000,-8.380134,WAIT_USER_CONFIRM
9.386000,0.554499,-0.000000,0.264962,0.000000,0.000000,0.000000,-8.380134,WAIT_USER_CONFIRM
9.388000,0.554499,-0.000000,0.264962,0.000000,0.000000,0.000000,-8.380134,WAIT_USER_CONFIRM
9.390000,0.554499,-0.000000,0.264962,0.000000,0.000000,0.000000,-8.380134,WAIT_USER_CONFIRM
9.392000,0.554499,-0.000000,0.264962,0.000000,0.000000,0.000000,-8.380134,WAIT_USER_CONFIRM
9.394000,0.554499,-0.000000,0.264962,0.000000,0.000000,0.000000,-8.380134,WAIT_USER_CONFIRM
9.396000,0.554499,-0.000000,0.264962,0.000000,0.000000,0.000000,-8.380134,WAIT_USER_CONFIRM
9.398000,0.554499,-0.000000,0.264962,0.000000,0.000000,0.000000,-8.380134,WAIT_USER_CONFIRM
9.400000,0.554499,-0.000000,0.264962,0.000000,0.000000,0.000000,-8.380134,WAIT_USER_CONFIRM
9.402000,0.554499,-0.000000,0.264962,0.000000,0.000000,0.000000,-8.380134,WAIT_USER_CONFIRM
9.404000,0.554499,-0.000000,0.264962,0.000000,0.000000,0.000000,-8.380134,WAIT_USER_CONFIRM
9.406000,0.554499,-0.000000,0.264962,0.000000,0.000000,0.000000,-8.380134,WAIT_USER_CONFIRM
9.408000,0.554499,-0.000000,0.264962,0.000000,0.000000,0.000000,-8.380134,WAIT_USER_CONFIRM
9.410000,0.554499,-0.000000,0.264962,0.000000,0.000000,0.000000,-8.380134,WAIT_USER_CONFIRM
9.412000,0.554499,-0.000000,0.264962,0.000000,0.000000,0.000000,-8.380134,WAIT_USER_CONFIRM
9.414000,0.554499,-0.000000,0.264962,0.000000,0.000000,0.000000,-8.380134,WAIT_USER_CONFIRM
9.416000,0.554499,-0.000000,0.264962,0.000000,0.000000,0.000000,-8.380134,WAIT_USER_CONFIRM
9.418000,0.554499,-0.000000,0.264962,0.000000,0.000000,0.000000,-8.380134,WAIT_USER_CONFIRM
9.420000,0.554499,-0.000000,0.264962,0.000000,0.000000,0.000000,-8.380134,WAIT_USER_CONFIRM
9.422000,0.554499,-0.000000,0.264962,0.000000,0.000000,0.000000,-8.380134,WAIT_USER_CONFIRM
9.424000,0.554499,-0.000000,0.264962,0.000000,0.000000,0.000000,-8.380134,WAIT_USER_CONFIRM
9.426000,0.554499,-0.000000,0.264962,0.000000,0.000000,0.000000,-8.380134,WAIT_USER_CONFIRM
9.428000,0.554499,-0.000000,0.264962,0.000000,0.000000,0.000000,-8.380134,WAIT_USER_CONFIRM
9.430000,0.554499,-0.000000,0.264962,0.000000,0.000000,0.000000,-8.380134,WAIT_USER_CONFIRM
9.432000,0.554499,-0.000000,0.264962,0.000000,0.000000,0.000000,-8.380134,WAIT_USER_CONFIRM
9.434000,0.554499,-0.000000,0.264962,0.000000,0.000000,0.000000,-8.380134,WAIT_USER_CONFIRM
9.436000,0.554499,-0.000000,0.264962,0.000000,0.000000,0.000000,-8.380134,WAIT_USER_CONFIRM
9.438000,0.554499,-0.000000,0.264962,0.000000,0.000000,0.000000,-8.380134,WAIT_USER_CONFIRM
9.440000,0.554499,-0.000000,0.264962,0.000000,0.000000,0.000000,-8.380134,WAIT_USER_CONFIRM
9.442000,0.554499,-0.000000,0.264962,0.000000,0.000000,0.000000,-8.380134,WAIT_USER_CONFIRM
9.444000,0.554499,-0.000000,0.264962,0.000000,0.000000,0.000000,-8.380134,WAIT_USER_CONFIRM
9.446000,0.554499,-0.000000,0.264962,0.000000,0.000000,0.000000,-8.380134,WAIT_USER_CONFIRM
9.448000,0.554499,-0.000000,0.264962,0.000000,0.000000,0.000000,-8.380134,WAIT_USER_CONFIRM
9.450000,0.554499,-0.000000,0.264962,0.000000,0.000000,0.000000,-8.380134,WAIT_USER_CONFIRM
9.452000,0.554499,-0.000000,0.264962,0.000000,0.000000,0.000000,-8.380134,WAIT_USER_CONFIRM
9.454000,0.554499,-0.000000,0.264962,0.000000,0.000000,0.000000,-8.380134,WAIT_USER_CONFIRM
9.456000,0.554499,-0.000000,0.264962,0.000000,0.000000,0.000000,-8.380134,WAIT_USER_CONFIRM
9.458000,0.554499,-0.000000,0.264962,0.000000,0.000000,0.000000,-8.380134,WAIT_USER_CONFIRM
9.460000,0.554499,-0.000000,0.264962,0.000000,0.000000,0.000000,-8.380134,WAIT_USER_CONFIRM
9.462000,0.554499,-0.000000,0.264962,0.000000,0.000000,0.000000,-8.380134,WAIT_USER_CONFIRM
9.464000,0.554499,-0.000000,0.264962,0.000000,0.000000,0.000000,-8.380134,WAIT_USER_CONFIRM
9.466000,0.554499,-0.000000,0.264962,0.000000,0.000000,0.000000,-8.380134,WAIT_USER_CONFIRM
9.468000,0.554499,-0.000000,0.264962,0.000000,0.000000,0.000000,-8.380134,WAIT_USER_CONFIRM
9.470000,0.554499,-0.000000,0.264962,0.000000,0.000000,0.000000,-8.380134,WAIT_USER_CONFIRM
9.472000,0.554499,-0.000000,0.264962,0.000000,0.000000,0.000000,-8.380134,WAIT_USER_CONFIRM
9.474000,0.554499,-0.000000,0.264962,0.000000,0.000000,0.000000,-8.380134,WAIT_USER_CONFIRM
9.476000,0.554499,-0.000000,0.264962,0.000000,0.000000,0.000000,-8.380134,WAIT_USER_CONFIRM
9.478000,0.554499,-0.000000,0.264962,0.000000,0.000000,0.000000,-8.380134,WAIT_USER_CONFIRM
9.480000,0.554499,-0.000000,0.264962,0.000000,0.000000,0.000000,-8.380134,WAIT_USER_CONFIRM
9.482000,0.554499,-0.000000,0.264962,0.000000,0.000000,0.000000,-8.380134,WAIT_USER_CONFIRM
9.484000,0.554499,-0.000000,0.264962,0.000000,0.000000,0.000000,-8.380134,WAIT_USER_CONFIRM
9.486000,0.554499,-0.000000,0.264962,0.000000,0.000000,0.000000,-8.380134,WAIT_USER_CONFIRM
9.488000,0.554499,-0.000000,0.264962,0.000000,0.000000,0.000000,-8.380134,WAIT_USER_CONFIRM
9.490000,0.554499,-0.000000,0.264962,0.000000,0.000000,0.000000,-8.380134,WAIT_USER_CONFIRM
9.492000,0.554499,-0.000000,0.264962,0.000000,0.000000,0.000000,-8.380134,WAIT_USER_CONFIRM
9.494000,0.554499,-0.000000,0.264962,0.000000,0.000000,0.000000,-8.380134,WAIT_USER_CONFIRM
9.496000,0.554499,-0.000000,0.264962,0.000000,0.000000,0.000000,-8.380134,WAIT_USER_CONFIRM
9.498000,0.554499,-0.000000,0.264962,0.000000,0.000000,0.000000,-8.380134,WAIT_USER_CONFIRM
9.500000,0.554499,-0.000000,0.264962,0.000000,0.000000,0.000000,-8.380134,WAIT_USER_CONFIRM
9.502000,0.554499,-0.000000,0.264962,0.000000,0.000000,0.000000,-8.380134,WAIT_USER_CONFIRM
9.504000,0.554499,-0.000000,0.264962,0.000000,0.000000,0.000000,-8.380134,WAIT_USER_CONFIRM
9.506000,0.554499,-0.000000,0.264962,0.000000,0.000000,0.000000,-8.380134,WAIT_USER_CONFIRM
9.508000,0.554499,-0.000000,0.264962,0.000000,0.000000,0.000000,-8.380134,WAIT_USER_CONFIRM
9.510000,0.554499,-0.000000,0.264962,0.000000,0.000000,0.000000,-8.380134,WAIT_USER_CONFIRM
9.512000,0.554499,-0.000000,0.264962,0.000000,0.000000,0.000000,-8.380134,WAIT_USER_CONFIRM
9.514000,0.554499,-0.000000,0.264962,0.000000,0.000000,0.000000,-8.380134,WAIT_USER_CONFIRM
9.516000,0.554499,-0.000000,0.264962,0.000000,0.000000,0.000000,-8.380134,WAIT_USER_CONFIRM
9.518000,0.554499,-0.000000,0.264962,0.000000,0.000000,0.000000,-8.380134,WAIT_USER_CONFIRM
9.520000,0.554499,-0.000000,0.264962,0.000000,0.000000,0.000000,-8.380134,WAIT_USER_CONFIRM
9.522000,0.554499,-0.000000,0.264962,0.000000,0.000000,0.000000,-8.380134,WAIT_USER_CONFIRM
9.524000,0.554499,-0.000000,0.264962,0.000000,0.000000,0.000000,-8.380134,WAIT_USER_CONFIRM
9.526000,0.554499,-0.000000,0.264962,0.000000,0.000000,0.000000,-8.380134,WAIT_USER_CONFIRM
9.528000,0.554499,-0.000000,0.264962,0.000000,0.000000,0.000000,-8.380134,WAIT_USER_CONFIRM
9.530000,0.554499,-0.000000,0.264962,0.000000,0.000000,0.000000,-8.380134,WAIT_USER_CONFIRM
9.532000,0.554499,-0.000000,0.264962,0.000000,0.000000,0.000000,-8.380134,WAIT_USER_CONFIRM
9.534000,0.554499,-0.000000,0.264962,0.000000,0.000000,0.000000,-8.380134,WAIT_USER_CONFIRM
9.536000,0.554499,-0.000000,0.264962,0.000000,0.000000,0.000000,-8.380134,WAIT_USER_CONFIRM
9.538000,0.554499,-0.000000,0.264962,0.000000,0.000000,0.000000,-8.380134,WAIT_USER_CONFIRM
9.540000,0.554499,-0.000000,0.264962,0.000000,0.000000,0.000000,-8.380134,WAIT_USER_CONFIRM
9.542000,0.554499,-0.000000,0.264962,0.000000,0.000000,0.000000,-8.380134,WAIT_USER_CONFIRM
9.544000,0.554499,-0.000000,0.264962,0.000000,0.000000,0.000000,-8.380134,WAIT_USER_CONFIRM
9.546000,0.554499,-0.000000,0.264962,0.000000,0.000000,0.000000,-8.380134,WAIT_USER_CONFIRM
9.548000,0.554499,-0.000000,0.264962,0.000000,0.000000,0.000000,-8.380134,WAIT_USER_CONFIRM
9.550000,0.554499,-0.000000,0.264962,0.000000,0.000000,0.000000,-8.380134,WAIT_USER_CONFIRM
9.552000,0.554499,-0.000000,0.264962,0.000000,0.000000,0.000000,-8.380134,WAIT_USER_CONFIRM
9.554000,0.554499,-0.000000,0.264962,0.000000,0.000000,0.000000,-8.380134,WAIT_USER_CONFIRM
9.556000,0.554499,-0.000000,0.264962,0.000000,0.000000,0.000000,-8.380134,WAIT_USER_CONFIRM
9.558000,0.554499,-0.000000,0.264962,0.000000,0.000000,0.000000,-8.380134,WAIT_USER_CONFIRM
9.560000,0.554499,-0.000000,0.264962,0.000000,0.000000,0.000000,-8.380134,WAIT_USER_CONFIRM
9.562000,0.554499,-0.000000,0.264962,0.000000,0.000000,0.000000,-8.380134,WAIT_USER_CONFIRM
9.564000,0.554499,-0.000000,0.264962,0.000000,0.000000,0.000000,-8.380134,WAIT_USER_CONFIRM
9.566000,0.554499,-0.000000,0.264962,0.000000,0.000000,0.000000,-8.380134,WAIT_USER_CONFIRM
9.568000,0.554499,-0.000000,0.264962,0.000000,0.000000,0.000000,-8.380134,WAIT_USER_CONFIRM
9.570000,0.554499,-0.000000,0.264962,0.000000,0.000000,0.000000,-8.380134,WAIT_USER_CONFIRM
9.572000,0.554499,-0.000000,0.264962,0.000000,0.000000,0.000000,-8.380134,WAIT_USER_CONFIRM
9.574000,0.554499,-0.000000,0.264962,0.000000,0.000000,0.000000,-8.380134,WAIT_USER_CONFIRM
9.576000,0.554499,-0.000000,0.264962,0.000000,0.000000,0.000000,-8.380134,WAIT_USER_CONFIRM
9.578000,0.554499,-0.000000,0.264962,0.000000,0.000000,0.000000,-8.380134,WAIT_USER_CONFIRM
9.580000,0.554499,-0.000000,0.264962,0.000000,0.000000,0.000000,-8.380134,WAIT_USER_CONFIRM
9.582000,0.554499,-0.000000,0.264962,0.000000,0.000000,0.000000,-8.380134,WAIT_USER_CONFIRM
9.584000,0.554499,-0.000000,0.264962,0.000000,0.000000,0.000000,-8.380134,WAIT_USER_CONFIRM
9.586000,0.554499,-0.000000,0.264962,0.000000,0.000000,0.000000,-8.380134,WAIT_USER_CONFIRM
9.588000,0.554499,-0.000000,0.264962,0.000000,0.000000,0.000000,-8.380134,WAIT_USER_CONFIRM
9.590000,0.554499,-0.000000,0.264962,0.000000,0.000000,0.000000,-8.380134,WAIT_USER_CONFIRM
9.592000,0.554499,-0.000000,0.264962,0.000000,0.000000,0.000000,-8.380134,WAIT_USER_CONFIRM
9.594000,0.554499,-0.000000,0.264962,0.000000,0.000000,0.000000,-8.380134,WAIT_USER_CONFIRM
9.596000,0.554499,-0.000000,0.264962,0.000000,0.000000,0.000000,-8.380134,WAIT_USER_CONFIRM
9.598000,0.554499,-0.000000,0.264962,0.000000,0.000000,0.000000,-8.380134,WAIT_USER_CONFIRM
9.600000,0.554499,-0.000000,0.264962,0.000000,0.000000,0.000000,-8.380134,WAIT_USER_CONFIRM
9.602000,0.554499,-0.000000,0.264962,0.000000,0.000000,0.000000,-8.380134,WAIT_USER_CONFIRM
9.604000,0.554499,-0.000000,0.264962,0.000000,0.000000,0.000000,-8.380134,WAIT_USER_CONFIRM
9.606000,0.554499,-0.000000,0.264962,0.000000,0.000000,0.000000,-8.380134,WAIT_USER_CONFIRM
9.608000,0.554499,-0.000000,0.264962,0.000000,0.000000,0.000000,-8.380134,WAIT_USER_CONFIRM
9.610000,0.554499,-0.000000,0.264962,0.000000,0.000000,0.000000,-8.380134,WAIT_USER_CONFIRM
9.612000,0.554499,-0.000000,0.264962,0.000000,0.000000,0.000000,-8.380134,WAIT_USER_CONFIRM
9.614000,0.554499,-0.000000,0.264962,0.000000,0.000000,0.000000,-8.380134,WAIT_USER_CONFIRM
9.616000,0.554499,-0.000000,0.264962,0.000000,0.000000,0.000000,-8.380134,WAIT_USER_CONFIRM
9.618000,0.554499,-0.000000,0.264962,0.000000,0.000000,0.000000,-8.380134,WAIT_USER_CONFIRM
9.620000,0.554499,-0.000000,0.264962,0.000000,0.000000,0.000000,-8.380134,WAIT_USER_CONFIRM
9.622000,0.554499,-0.000000,0.264962,0.000000,0.000000,0.000000,-8.380134,WAIT_USER_CONFIRM
9.624000,0.554499,-0.000000,0.264962,0.000000,0.000000,0.000000,-8.380134,WAIT_USER_CONFIRM
9.626000,0.554499,-0.000000,0.264962,0.000000,0.000000,0.000000,-8.380134,WAIT_USER_CONFIRM
9.628000,0.554499,-0.000000,0.264962,0.000000,0.000000,0.000000,-8.380134,WAIT_USER_CONFIRM
9.630000,0.554499,-0.000000,0.264962,0.000000,0.000000,0.000000,-8.380134,WAIT_USER_CONFIRM
9.632000,0.554499,-0.000000,0.264962,0.000000,0.000000,0.000000,-8.380134,WAIT_USER_CONFIRM
9.634000,0.554499,-0.000000,0.264962,0.000000,0.000000,0.000000,-8.380134,WAIT_USER_CONFIRM
9.636000,0.554499,-0.000000,0.264962,0.000000,0.000000,0.000000,-8.380134,WAIT_USER_CONFIRM
9.638000,0.554499,-0.000000,0.264962,0.000000,0.000000,0.000000,-8.380134,WAIT_USER_CONFIRM
9.640000,0.554499,-0.000000,0.264962,0.000000,0.000000,0.000000,-8.380134,WAIT_USER_CONFIRM
9.642000,0.554499,-0.000000,0.264962,0.000000,0.000000,0.000000,-8.380134,WAIT_USER_CONFIRM
9.644000,0.554499,-0.000000,0.264962,0.000000,0.000000,0.000000,-8.380134,WAIT_USER_CONFIRM
9.646000,0.554499,-0.000000,0.264962,0.000000,0.000000,0.000000,-8.380134,WAIT_USER_CONFIRM
9.648000,0.554499,-0.000000,0.264962,0.000000,0.000000,0.000000,-8.380134,WAIT_USER_CONFIRM
9.650000,0.554499,-0.000000,0.264962,0.000000,0.000000,0.000000,-8.380134,WAIT_USER_CONFIRM
9.652000,0.554499,-0.000000,0.264962,0.000000,0.000000,0.000000,-8.380134,WAIT_USER_CONFIRM
9.654000,0.554499,-0.000000,0.264962,0.000000,0.000000,0.000000,-8.380134,WAIT_USER_CONFIRM
9.656000,0.554499,-0.000000,0.264962,0.000000,0.000000,0.000000,-8.380134,WAIT_USER_CONFIRM
9.658000,0.554499,-0.000000,0.264962,0.000000,0.000000,0.000000,-8.380134,WAIT_USER_CONFIRM
9.660000,0.554499,-0.000000,0.264962,0.000000,0.000000,0.000000,-8.380134,WAIT_USER_CONFIRM
9.662000,0.554499,-0.000000,0.264962,0.000000,0.000000,0.000000,-8.380134,WAIT_USER_CONFIRM
9.664000,0.554499,-0.000000,0.264962,0.000000,0.000000,0.000000,-8.380134,WAIT_USER_CONFIRM
9.666000,0.554499,-0.000000,0.264962,0.000000,0.000000,0.000000,-8.380134,WAIT_USER_CONFIRM
9.668000,0.554499,-0.000000,0.264962,0.000000,0.000000,0.000000,-8.380134,WAIT_USER_CONFIRM
9.670000,0.554499,-0.000000,0.264962,0.000000,0.000000,0.000000,-8.380134,WAIT_USER_CONFIRM
9.672000,0.554499,-0.000000,0.264962,0.000000,0.000000,0.000000,-8.380134,WAIT_USER_CONFIRM
9.674000,0.554499,-0.000000,0.264962,0.000000,0.000000,0.000000,-8.380134,WAIT_USER_CONFIRM
9.676000,0.554499,-0.000000,0.264962,0.000000,0.000000,0.000000,-8.380134,WAIT_USER_CONFIRM
9.678000,0.554499,-0.000000,0.264962,0.000000,0.000000,0.000000,-8.380134,WAIT_USER_CONFIRM
9.680000,0.554499,-0.000000,0.264962,0.000000,0.000000,0.000000,-8.380134,WAIT_USER_CONFIRM
9.682000,0.554499,-0.000000,0.264962,0.000000,0.000000,0.000000,-8.380134,WAIT_USER_CONFIRM
9.684000,0.554499,-0.000000,0.264962,0.000000,0.000000,0.000000,-8.380134,WAIT_USER_CONFIRM
9.686000,0.554499,-0.000000,0.264962,0.000000,0.000000,0.000000,-8.380134,WAIT_USER_CONFIRM
9.688000,0.554499,-0.000000,0.264962,0.000000,0.000000,0.000000,-8.380134,WAIT_USER_CONFIRM
9.690000,0.554499,-0.000000,0.264962,0.000000,0.000000,0.000000,-8.380134,WAIT_USER_CONFIRM
9.692000,0.554499,-0.000000,0.264962,0.000000,0.000000,0.000000,-8.380134,WAIT_USER_CONFIRM
9.694000,0.554499,-0.000000,0.264962,0.000000,0.000000,0.000000,-8.380134,WAIT_USER_CONFIRM
9.696000,0.554499,-0.000000,0.264962,0.000000,0.000000,0.000000,-8.380134,WAIT_USER_CONFIRM
9.698000,0.554499,-0.000000,0.264962,0.000000,0.000000,0.000000,-8.380134,WAIT_USER_CONFIRM
9.700000,0.554499,-0.000000,0.264962,0.000000,0.000000,0.000000,-8.380134,WAIT_USER_CONFIRM
9.702000,0.554499,-0.000000,0.264962,0.000000,0.000000,0.000000,-8.380134,WAIT_USER_CONFIRM
9.704000,0.554499,-0.000000,0.264962,0.000000,0.000000,0.000000,-8.380134,WAIT_USER_CONFIRM
9.706000,0.554499,-0.000000,0.264962,0.000000,0.000000,0.000000,-8.380134,WAIT_USER_CONFIRM
9.708000,0.554499,-0.000000,0.264962,0.000000,0.000000,0.000000,-8.380134,WAIT_USER_CONFIRM
9.710000,0.554499,-0.000000,0.264962,0.000000,0.000000,0.000000,-8.380134,WAIT_USER_CONFIRM
9.712000,0.554499,-0.000000,0.264962,0.000000,0.000000,0.000000,-8.380134,WAIT_USER_CONFIRM
9.714000,0.554499,-0.000000,0.264962,0.000000,0.000000,0.000000,-8.380134,WAIT_USER_CONFIRM
9.716000,0.554499,-0.000000,0.264962,0.000000,0.000000,0.000000,-8.380134,WAIT_USER_CONFIRM
9.718000,0.554499,-0.000000,0.264962,0.000000,0.000000,0.000000,-8.380134,WAIT_USER_CONFIRM
9.720000,0.554499,-0.000000,0.264962,0.000000,0.000000,0.000000,-8.380134,WAIT_USER_CONFIRM
9.722000,0.554499,-0.000000,0.264962,0.000000,0.000000,0.000000,-8.380134,WAIT_USER_CONFIRM
9.724000,0.554499,-0.000000,0.264962,0.000000,0.000000,0.000000,-8.380134,WAIT_USER_CONFIRM
9.726000,0.554499,-0.000000,0.264962,0.000000,0.000000,0.000000,-8.380134,WAIT_USER_CONFIRM
9.728000,0.554499,-0.000000,0.264962,0.000000,0.000000,0.000000,-8.380134,WAIT_USER_CONFIRM
9.730000,0.554499,-0.000000,0.264962,0.000000,0.000000,0.000000,-8.380134,WAIT_USER_CONFIRM
9.732000,0.554499,-0.000000,0.264962,0.000000,0.000000,0.000000,-8.380134,WAIT_USER_CONFIRM
9.734000,0.554499,-0.000000,0.264962,0.000000,0.000000,0.000000,-8.380134,WAIT_USER_CONFIRM
9.736000,0.554499,-0.000000,0.264962,0.000000,0.000000,0.000000,-8.380134,WAIT_USER_CONFIRM
9.738000,0.554499,-0.000000,0.264962,0.000000,0.000000,0.000000,-8.380134,WAIT_USER_CONFIRM
9.740000,0.554499,-0.000000,0.264962,0.000000,0.000000,0.000000,-8.380134,WAIT_USER_CONFIRM
9.742000,0.554499,-0.000000,0.264962,0.000000,0.000000,0.000000,-8.380134,WAIT_USER_CONFIRM
9.744000,0.554499,-0.000000,0.264962,0.000000,0.000000,0.000000,-8.380134,WAIT_USER_CONFIRM
9.746000,0.554499,-0.000000,0.264962,0.000000,0.000000,0.000000,-8.380134,WAIT_USER_CONFIRM
9.748000,0.554499,-0.000000,0.264962,0.000000,0.000000,0.000000,-8.380134,WAIT_USER_CONFIRM
9.750000,0.554499,-0.000000,0.264962,0.000000,0.000000,0.000000,-8.380134,WAIT_USER_CONFIRM
9.752000,0.554499,-0.000000,0.264962,0.000000,0.000000,0.000000,-8.380134,WAIT_USER_CONFIRM
9.754000,0.554499,-0.000000,0.264962,0.000000,0.000000,0.000000,-8.380134,WAIT_USER_CONFIRM
9.756000,0.554499,-0.000000,0.264962,0.000000,0.000000,0.000000,-8.380134,WAIT_USER_CONFIRM
9.758000,0.554499,-0.000000,0.264962,0.000000,0.000000,0.000000,-8.380134,WAIT_USER_CONFIRM
9.760000,0.554499,-0.000000,0.264962,0.000000,0.000000,0.000000,-8.380134,WAIT_USER_CONFIRM
9.762000,0.554499,-0.000000,0.264962,0.000000,0.000000,0.000000,-8.380134,WAIT_USER_CONFIRM
9.764000,0.554499,-0.000000,0.264962,0.000000,0.000000,0.000000,-8.380134,WAIT_USER_CONFIRM
9.766000,0.554499,-0.000000,0.264962,0.000000,0.000000,0.000000,-8.380134,WAIT_USER_CONFIRM
9.768000,0.554499,-0.000000,0.264962,0.000000,0.000000,0.000000,-8.380134,WAIT_USER_CONFIRM
9.770000,0.554499,-0.000000,0.264962,0.000000,0.000000,0.000000,-8.380134,WAIT_USER_CONFIRM
9.772000,0.554499,-0.000000,0.264962,0.000000,0.000000,0.000000,-8.380134,WAIT_USER_CONFIRM
9.774000,0.554499,-0.000000,0.264962,0.000000,0.000000,0.000000,-8.380134,WAIT_USER_CONFIRM
9.776000,0.554499,-0.000000,0.264962,0.000000,0.000000,0.000000,-8.380134,WAIT_USER_CONFIRM
9.778000,0.554499,-0.000000,0.264962,0.000000,0.000000,0.000000,-8.380134,WAIT_USER_CONFIRM
9.780000,0.554499,-0.000000,0.264962,0.000000,0.000000,0.000000,-8.380134,WAIT_USER_CONFIRM
9.782000,0.554499,-0.000000,0.264962,0.000000,0.000000,0.000000,-8.380134,WAIT_USER_CONFIRM
9.784000,0.554499,-0.000000,0.264962,0.000000,0.000000,0.000000,-8.380134,WAIT_USER_CONFIRM
9.786000,0.554499,-0.000000,0.264962,0.000000,0.000000,0.000000,-8.380134,WAIT_USER_CONFIRM
9.788000,0.554499,-0.000000,0.264962,0.000000,0.000000,0.000000,-8.380134,WAIT_USER_CONFIRM
9.790000,0.554499,-0.000000,0.264962,0.000000,0.000000,0.000000,-8.380134,WAIT_USER_CONFIRM
9.792000,0.554499,-0.000000,0.264962,0.000000,0.000000,0.000000,-8.380134,WAIT_USER_CONFIRM
9.794000,0.554499,-0.000000,0.264962,0.000000,0.000000,0.000000,-8.380134,WAIT_USER_CONFIRM
9.796000,0.554499,-0.000000,0.264962,0.000000,0.000000,0.000000,-8.380134,WAIT_USER_CONFIRM
9.798000,0.554499,-0.000000,0.264962,0.000000,0.000000,0.000000,-8.380134,WAIT_USER_CONFIRM
9.800000,0.554499,-0.000000,0.264962,0.000000,0.000000,0.000000,-8.380134,WAIT_USER_CONFIRM
9.802000,0.554499,-0.000000,0.264962,0.000000,0.000000,0.000000,-8.380134,WAIT_USER_CONFIRM
9.804000,0.554499,-0.000000,0.264962,0.000000,0.000000,0.000000,-8.380134,WAIT_USER_CONFIRM
9.806000,0.554499,-0.000000,0.264962,0.000000,0.000000,0.000000,-8.380134,WAIT_USER_CONFIRM
9.808000,0.554499,-0.000000,0.264962,0.000000,0.000000,0.000000,-8.380134,WAIT_USER_CONFIRM
9.810000,0.554499,-0.000000,0.264962,0.000000,0.000000,0.000000,-8.380134,WAIT_USER_CONFIRM
9.812000,0.554499,-0.000000,0.264962,0.000000,0.000000,0.000000,-8.380134,WAIT_USER_CONFIRM
9.814000,0.554499,-0.000000,0.264962,0.000000,0.000000,0.000000,-8.380134,WAIT_USER_CONFIRM
9.816000,0.554499,-0.000000,0.264962,0.000000,0.000000,0.000000,-8.380134,WAIT_USER_CONFIRM
9.818000,0.554499,-0.000000,0.264962,0.000000,0.000000,0.000000,-8.380134,WAIT_USER_CONFIRM
9.820000,0.554499,-0.000000,0.264962,0.000000,0.000000,0.000000,-8.380134,WAIT_USER_CONFIRM
9.822000,0.554499,-0.000000,0.264962,0.000000,0.000000,0.000000,-8.380134,WAIT_USER_CONFIRM
9.824000,0.554499,-0.000000,0.264962,0.000000,0.000000,0.000000,-8.380134,WAIT_USER_CONFIRM
9.826000,0.554499,-0.000000,0.264962,0.000000,0.000000,0.000000,-8.380134,WAIT_USER_CONFIRM
9.828000,0.554499,-0.000000,0.264962,0.000000,0.000000,0.000000,-8.380134,WAIT_USER_CONFIRM
9.830000,0.554499,-0.000000,0.264962,0.000000,0.000000,0.000000,-8.380134,WAIT_USER_CONFIRM
9.832000,0.554499,-0.000000,0.264962,0.000000,0.000000,0.000000,-8.380134,WAIT_USER_CONFIRM
9.834000,0.554499,-0.000000,0.264962,0.000000,0.000000,0.000000,-8.380134,WAIT_USER_CONFIRM
9.836000,0.554499,-0.000000,0.264962,0.000000,0.000000,0.000000,-8.380134,WAIT_USER_CONFIRM
9.838000,0.554499,-0.000000,0.264962,0.000000,0.000000,0.000000,-8.380134,WAIT_USER_CONFIRM
9.840000,0.554499,-0.000000,0.264962,0.000000,0.000000,0.000000,-8.380134,WAIT_USER_CONFIRM
9.842000,0.554499,-0.000000,0.264962,0.000000,0.000000,0.000000,-8.380134,WAIT_USER_CONFIRM
9.844000,0.554499,-0.000000,0.264962,0.000000,0.000000,0.000000,-8.380134,WAIT_USER_CONFIRM
9.846000,0.554499,-0.000000,0.264962,0.000000,0.000000,0.000000,-8.380134,WAIT_USER_CONFIRM
9.848000,0.554499,-0.000000,0.264962,0.000000,0.000000,0.000000,-8.380134,WAIT_USER_CONFIRM
9.850000,0.554499,-0.000000,0.264962,0.000000,0.000000,0.000000,-8.380134,WAIT_USER_CONFIRM
9.852000,0.554499,-0.000000,0.264962,0.000000,0.000000,0.000000,-8.380134,WAIT_USER_CONFIRM
9.854000,0.554499,-0.000000,0.264962,0.000000,0.000000,0.000000,-8.380134,WAIT_USER_CONFIRM
9.856000,0.554499,-0.000000,0.264962,0.000000,0.000000,0.000000,-8.380134,WAIT_USER_CONFIRM
9.858000,0.554499,-0.000000,0.264962,0.000000,0.000000,0.000000,-8.380134,WAIT_USER_CONFIRM
9.860000,0.554499,-0.000000,0.264962,0.000000,0.000000,0.000000,-8.380134,WAIT_USER_CONFIRM
9.862000,0.554499,-0.000000,0.264962,0.000000,0.000000,0.000000,-8.380134,WAIT_USER_CONFIRM
9.864000,0.554499,-0.000000,0.264962,0.000000,0.000000,0.000000,-8.380134,WAIT_USER_CONFIRM
9.866000,0.554499,-0.000000,0.264962,0.000000,0.000000,0.000000,-8.380134,WAIT_USER_CONFIRM
9.868000,0.554499,-0.000000,0.264962,0.000000,0.000000,0.000000,-8.380134,WAIT_USER_CONFIRM
9.870000,0.554499,-0.000000,0.264962,0.000000,0.000000,0.000000,-8.380134,WAIT_USER_CONFIRM
9.872000,0.554499,-0.000000,0.264962,0.000000,0.000000,0.000000,-8.380134,WAIT_USER_CONFIRM
9.874000,0.554499,-0.000000,0.264962,0.000000,0.000000,0.000000,-8.380134,WAIT_USER_CONFIRM
9.876000,0.554499,-0.000000,0.264962,0.000000,0.000000,0.000000,-8.380134,WAIT_USER_CONFIRM
9.878000,0.554499,-0.000000,0.264962,0.000000,0.000000,0.000000,-8.380134,WAIT_USER_CONFIRM
9.880000,0.554499,-0.000000,0.264962,0.000000,0.000000,0.000000,-8.380134,WAIT_USER_CONFIRM
9.882000,0.554499,-0.000000,0.264962,0.000000,0.000000,0.000000,-8.380134,WAIT_USER_CONFIRM
9.884000,0.554499,-0.000000,0.264962,0.000000,0.000000,0.000000,-8.380134,WAIT_USER_CONFIRM
9.886000,0.554499,-0.000000,0.264962,0.000000,0.000000,0.000000,-8.380134,WAIT_USER_CONFIRM
9.888000,0.554499,-0.000000,0.264962,0.000000,0.000000,0.000000,-8.380134,WAIT_USER_CONFIRM
9.890000,0.554499,-0.000000,0.264962,0.000000,0.000000,0.000000,-8.380134,WAIT_USER_CONFIRM
9.892000,0.554499,-0.000000,0.264962,0.000000,0.000000,0.000000,-8.380134,WAIT_USER_CONFIRM
9.894000,0.554499,-0.000000,0.264962,0.000000,0.000000,0.000000,-8.380134,WAIT_USER_CONFIRM
9.896000,0.554499,-0.000000,0.264962,0.000000,0.000000,0.000000,-8.380134,WAIT_USER_CONFIRM
9.898000,0.554499,-0.000000,0.264962,0.000000,0.000000,0.000000,-8.380134,WAIT_USER_CONFIRM
9.900000,0.554499,-0.000000,0.264962,0.000000,0.000000,0.000000,-8.380134,WAIT_USER_CONFIRM
9.902000,0.554499,-0.000000,0.264962,0.000000,0.000000,0.000000,-8.380134,WAIT_USER_CONFIRM
9.904000,0.554499,-0.000000,0.264962,0.000000,0.000000,0.000000,-8.380134,WAIT_USER_CONFIRM
9.906000,0.554499,-0.000000,0.264962,0.000000,0.000000,0.000000,-8.380134,WAIT_USER_CONFIRM
9.908000,0.554499,-0.000000,0.264962,0.000000,0.000000,0.000000,-8.380134,WAIT_USER_CONFIRM
9.910000,0.554499,-0.000000,0.264962,0.000000,0.000000,0.000000,-8.380134,WAIT_USER_CONFIRM
9.912000,0.554499,-0.000000,0.264962,0.000000,0.000000,0.000000,-8.380134,WAIT_USER_CONFIRM
9.914000,0.554499,-0.000000,0.264962,0.000000,0.000000,0.000000,-8.380134,WAIT_USER_CONFIRM
9.916000,0.554499,-0.000000,0.264962,0.000000,0.000000,0.000000,-8.380134,WAIT_USER_CONFIRM
9.918000,0.554499,-0.000000,0.264962,0.000000,0.000000,0.000000,-8.380134,WAIT_USER_CONFIRM
9.920000,0.554499,-0.000000,0.264962,0.000000,0.000000,0.000000,-8.380134,WAIT_USER_CONFIRM
9.922000,0.554499,-0.000000,0.264962,0.000000,0.000000,0.000000,-8.380134,WAIT_USER_CONFIRM
9.924000,0.554499,-0.000000,0.264962,0.000000,0.000000,0.000000,-8.380134,WAIT_USER_CONFIRM
9.926000,0.554499,-0.000000,0.264962,0.000000,0.000000,0.000000,-8.380134,WAIT_USER_CONFIRM
9.928000,0.554499,-0.000000,0.264962,0.000000,0.000000,0.000000,-8.380134,WAIT_USER_CONFIRM
9.930000,0.554499,-0.000000,0.264962,0.000000,0.000000,0.000000,-8.380134,WAIT_USER_CONFIRM
9.932000,0.554499,-0.000000,0.264962,0.000000,0.000000,0.000000,-8.380134,WAIT_USER_CONFIRM
9.934000,0.554499,-0.000000,0.264962,0.000000,0.000000,0.000000,-8.380134,WAIT_USER_CONFIRM
9.936000,0.554499,-0.000000,0.264962,0.000000,0.000000,0.000000,-8.380134,WAIT_USER_CONFIRM
9.938000,0.554499,-0.000000,0.264962,0.000000,0.000000,0.000000,-8.380134,WAIT_USER_CONFIRM
9.940000,0.554499,-0.000000,0.264962,0.000000,0.000000,0.000000,-8.380134,WAIT_USER_CONFIRM
9.942000,0.554499,-0.000000,0.264962,0.000000,0.000000,0.000000,-8.380134,WAIT_USER_CONFIRM
9.944000,0.554499,-0.000000,0.264962,0.000000,0.000000,0.000000,-8.380134,WAIT_USER_CONFIRM
9.946000,0.554499,-0.000000,0.264962,0.000000,0.000000,0.000000,-8.380134,WAIT_USER_CONFIRM
9.948000,0.554499,-0.000000,0.264962,0.000000,0.000000,0.000000,-8.380134,WAIT_USER_CONFIRM
9.950000,0.554499,-0.000000,0.264962,0.000000,0.000000,0.000000,-8.380134,WAIT_USER_CONFIRM
9.952000,0.554499,-0.000000,0.264962,0.000000,0.000000,0.000000,-8.380134,WAIT_USER_CONFIRM
9.954000,0.554499,-0.000000,0.264962,0.000000,0.000000,0.000000,-8.380134,WAIT_USER_CONFIRM
9.956000,0.554499,-0.000000,0.264962,0.000000,0.000000,0.000000,-8.380134,WAIT_USER_CONFIRM
9.958000,0.554499,-0.000000,0.264962,0.000000,0.000000,0.000000,-8.380134,WAIT_USER_CONFIRM
9.960000,0.554499,-0.000000,0.264962,0.000000,0.000000,0.000000,-8.380134,WAIT_USER_CONFIRM
9.962000,0.554499,-0.000000,0.264962,0.000000,0.000000,0.000000,-8.380134,WAIT_USER_CONFIRM
9.964000,0.554499,-0.000000,0.264962,0.000000,0.000000,0.000000,-8.380134,WAIT_USER_CONFIRM
9.966000,0.554499,-0.000000,0.264962,0.000000,0.000000,0.000000,-8.380134,WAIT_USER_CONFIRM
9.968000,0.554499,-0.000000,0.264962,0.000000,0.000000,0.000000,-8.380134,WAIT_USER_CONFIRM
9.970000,0.554499,-0.000000,0.264962,0.000000,0.000000,0.000000,-8.380134,WAIT_USER_CONFIRM
9.972000,0.554499,-0.000000,0.264962,0.000000,0.000000,0.000000,-8.380134,WAIT_USER_CONFIRM
9.974000,0.554499,-0.000000,0.264962,0.000000,0.000000,0.000000,-8.380134,WAIT_USER_CONFIRM
9.976000,0.554499,-0.000000,0.264962,0.000000,0.000000,0.000000,-8.380134,WAIT_USER_CONFIRM
9.978000,0.554499,-0.000000,0.264962,0.000000,0.000000,0.000000,-8.380134,WAIT_USER_CONFIRM
9.980000,0.554499,-0.000000,0.264962,0.000000,0.000000,0.000000,-8.380134,WAIT_USER_CONFIRM
9.982000,0.554499,-0.000000,0.264962,0.000000,0.000000,0.000000,-8.380134,WAIT_USER_CONFIRM
9.984000,0.554499,-0.000000,0.264962,0.000000,0.000000,0.000000,-8.380134,WAIT_USER_CONFIRM
9.986000,0.554499,-0.000000,0.264962,0.000000,0.000000,0.000000,-8.380134,WAIT_USER_CONFIRM
9.988000,0.554499,-0.000000,0.264962,0.000000,0.000000,0.000000,-8.380134,WAIT_USER_CONFIRM
9.990000,0.554499,-0.000000,0.264962,0.000000,0.000000,0.000000,-8.380134,WAIT_USER_CONFIRM
9.992000,0.554499,-0.000000,0.264962,0.000000,0.000000,0.000000,-8.380134,WAIT_USER_CONFIRM
9.994000,0.554499,-0.000000,0.264962,0.000000,0.000000,0.000000,-8.380134,WAIT_USER_CONFIRM
9.996000,0.554499,-0.000000,0.264962,0.000000,0.000000,0.000000,-8.380134,WAIT_USER_CONFIRM
9.998000,0.554499,-0.000000,0.264962,0.000000,0.000000,0.000000,-8.380134,WAIT_USER_CONFIRM
10.000000,0.554499,-0.000000,0.264962,0.000000,0.000000,0.000000,-8.380134,WAIT_USER_CONFIRM
10.002000,0.554499,-0.000000,0.264962,0.000000,0.000000,0.000000,-8.380134,WAIT_USER_CONFIRM
10.004000,0.554499,-0.000000,0.264962,0.000000,0.000000,0.000000,-8.380134,WAIT_USER_CONFIRM
10.006000,0.554499,-0.000000,0.264962,0.000000,0.000000,0.000000,-8.380134,WAIT_USER_CONFIRM
10.008000,0.554499,-0.000000,0.264962,0.000000,0.000000,0.000000,-8.380134,WAIT_USER_CONFIRM
10.010000,0.554499,-0.000000,0.264962,0.000000,0.000000,0.000000,-8.380134,WAIT_USER_CONFIRM
10.012000,0.554499,-0.000000,0.264962,0.000000,0.000000,0.000000,-8.380134,WAIT_USER_CONFIRM
10.014000,0.554499,-0.000000,0.264962,0.000000,0.000000,0.000000,-8.380134,WAIT_USER_CONFIRM
10.016000,0.554499,-0.000000,0.264962,0.000000,0.000000,0.000000,-8.380134,WAIT_USER_CONFIRM
10.018000,0.554499,-0.000000,0.264962,0.000000,0.000000,0.000000,-8.380134,WAIT_USER_CONFIRM
10.020000,0.554499,-0.000000,0.264962,0.000000,0.000000,0.000000,-8.380134,WAIT_USER_CONFIRM
10.022000,0.554499,-0.000000,0.264962,0.000000,0.000000,0.000000,-8.380134,WAIT_USER_CONFIRM
10.024000,0.554499,-0.000000,0.264962,0.000000,0.000000,0.000000,-8.380134,WAIT_USER_CONFIRM
10.026000,0.554499,-0.000000,0.264962,0.000000,0.000000,0.000000,-8.380134,WAIT_USER_CONFIRM
10.028000,0.554499,-0.000000,0.264962,0.000000,0.000000,0.000000,-8.380134,WAIT_USER_CONFIRM
10.030000,0.554499,-0.000000,0.264962,0.000000,0.000000,0.000000,-8.380134,WAIT_USER_CONFIRM
10.032000,0.554499,-0.000000,0.264962,0.000000,0.000000,0.000000,-8.380134,WAIT_USER_CONFIRM
10.034000,0.554499,-0.000000,0.264962,0.000000,0.000000,0.000000,-8.380134,WAIT_USER_CONFIRM
10.036000,0.554499,-0.000000,0.264962,0.000000,0.000000,0.000000,-8.380134,WAIT_USER_CONFIRM
10.038000,0.554499,-0.000000,0.264962,0.000000,0.000000,0.000000,-8.380134,WAIT_USER_CONFIRM
10.040000,0.554499,-0.000000,0.264962,0.000000,0.000000,0.000000,-8.380134,WAIT_USER_CONFIRM
10.042000,0.554499,-0.000000,0.264962,0.000000,0.000000,0.000000,-8.380134,WAIT_USER_CONFIRM
10.044000,0.554499,-0.000000,0.264962,0.000000,0.000000,0.000000,-8.380134,WAIT_USER_CONFIRM
10.046000,0.554499,-0.000000,0.264962,0.000000,0.000000,0.000000,-8.380134,WAIT_USER_CONFIRM
10.048000,0.554499,-0.000000,0.264962,0.000000,0.000000,0.000000,-8.380134,WAIT_USER_CONFIRM
10.050000,0.554499,-0.000000,0.264962,0.000000,0.000000,0.000000,-8.380134,WAIT_USER_CONFIRM
10.052000,0.554499,-0.000000,0.264962,0.000000,0.000000,0.000000,-8.380134,WAIT_USER_CONFIRM
10.054000,0.554499,-0.000000,0.264962,0.000000,0.000000,0.000000,-8.380134,WAIT_USER_CONFIRM
10.056000,0.554499,-0.000000,0.264962,0.000000,0.000000,0.000000,-8.380134,WAIT_USER_CONFIRM
10.058000,0.554499,-0.000000,0.264962,0.000000,0.000000,0.000000,-8.380134,WAIT_USER_CONFIRM
10.060000,0.554499,-0.000000,0.264962,0.000000,0.000000,0.000000,-8.380134,WAIT_USER_CONFIRM
10.062000,0.554499,-0.000000,0.264962,0.000000,0.000000,0.000000,-8.380134,WAIT_USER_CONFIRM
10.064000,0.554499,-0.000000,0.264962,0.000000,0.000000,0.000000,-8.380134,WAIT_USER_CONFIRM
10.066000,0.554499,-0.000000,0.264962,0.000000,0.000000,0.000000,-8.380134,WAIT_USER_CONFIRM
10.068000,0.554499,-0.000000,0.264962,0.000000,0.000000,0.000000,-8.380134,WAIT_USER_CONFIRM
10.070000,0.554499,-0.000000,0.264962,0.000000,0.000000,0.000000,-8.380134,WAIT_USER_CONFIRM
10.072000,0.554499,-0.000000,0.264962,0.000000,0.000000,0.000000,-8.380134,WAIT_USER_CONFIRM
10.074000,0.554499,-0.000000,0.264962,0.000000,0.000000,0.000000,-8.380134,WAIT_USER_CONFIRM
10.076000,0.554499,-0.000000,0.264962,0.000000,0.000000,0.000000,-8.380134,WAIT_USER_CONFIRM
10.078000,0.554499,-0.000000,0.264962,0.000000,0.000000,0.000000,-8.380134,WAIT_USER_CONFIRM
10.080000,0.554499,-0.000000,0.264962,0.000000,0.000000,0.000000,-8.380134,WAIT_USER_CONFIRM
10.082000,0.554499,-0.000000,0.264962,0.000000,0.000000,0.000000,-8.380134,WAIT_USER_CONFIRM
10.084000,0.554499,-0.000000,0.264962,0.000000,0.000000,0.000000,-8.380134,WAIT_USER_CONFIRM
10.086000,0.554499,-0.000000,0.264962,0.000000,0.000000,0.000000,-8.380134,WAIT_USER_CONFIRM
10.088000,0.554499,-0.000000,0.264962,0.000000,0.000000,0.000000,-8.380134,WAIT_USER_CONFIRM
10.090000,0.554499,-0.000000,0.264962,0.000000,0.000000,0.000000,-8.380134,WAIT_USER_CONFIRM
10.092000,0.554499,-0.000000,0.264962,0.000000,0.000000,0.000000,-8.380134,WAIT_USER_CONFIRM
10.094000,0.554499,-0.000000,0.264962,0.000000,0.000000,0.000000,-8.380134,WAIT_USER_CONFIRM
10.096000,0.554499,-0.000000,0.264962,0.000000,0.000000,0.000000,-8.380134,WAIT_USER_CONFIRM
10.098000,0.554499,-0.000000,0.264962,0.000000,0.000000,0.000000,-8.380134,WAIT_USER_CONFIRM
10.100000,0.554499,-0.000000,0.264962,0.000000,0.000000,0.000000,-8.380134,WAIT_USER_CONFIRM
10.102000,0.554499,-0.000000,0.264962,0.000000,0.000000,0.000000,-8.380134,WAIT_USER_CONFIRM
10.104000,0.554499,-0.000000,0.264962,0.000000,0.000000,0.000000,-8.380134,WAIT_USER_CONFIRM
10.106000,0.554499,-0.000000,0.264962,0.000000,0.000000,0.000000,-8.380134,WAIT_USER_CONFIRM
10.108000,0.554499,-0.000000,0.264962,0.000000,0.000000,0.000000,-8.380134,WAIT_USER_CONFIRM
10.110000,0.554499,-0.000000,0.264962,0.000000,0.000000,0.000000,-8.380134,WAIT_USER_CONFIRM
10.112000,0.554499,-0.000000,0.264962,0.000000,0.000000,0.000000,-8.380134,WAIT_USER_CONFIRM
10.114000,0.554499,-0.000000,0.264962,0.000000,0.000000,0.000000,-8.380134,WAIT_USER_CONFIRM
10.116000,0.554499,-0.000000,0.264962,0.000000,0.000000,0.000000,-8.380134,WAIT_USER_CONFIRM
10.118000,0.554499,-0.000000,0.264962,0.000000,0.000000,0.000000,-8.380134,WAIT_USER_CONFIRM
10.120000,0.554499,-0.000000,0.264962,0.000000,0.000000,0.000000,-8.380134,WAIT_USER_CONFIRM
10.122000,0.554499,-0.000000,0.264962,0.000000,0.000000,0.000000,-8.380134,WAIT_USER_CONFIRM
10.124000,0.554499,-0.000000,0.264962,0.000000,0.000000,0.000000,-8.380134,WAIT_USER_CONFIRM
10.126000,0.554499,-0.000000,0.264962,0.000000,0.000000,0.000000,-8.380134,WAIT_USER_CONFIRM
10.128000,0.554499,-0.000000,0.264962,0.000000,0.000000,0.000000,-8.380134,WAIT_USER_CONFIRM
10.130000,0.554499,-0.000000,0.264962,0.000000,0.000000,0.000000,-8.380134,WAIT_USER_CONFIRM
10.132000,0.554499,-0.000000,0.264962,0.000000,0.000000,0.000000,-8.380134,WAIT_USER_CONFIRM
10.134000,0.554499,-0.000000,0.264962,0.000000,0.000000,0.000000,-8.380134,WAIT_USER_CONFIRM
10.136000,0.554499,-0.000000,0.264962,0.000000,0.000000,0.000000,-8.380134,WAIT_USER_CONFIRM
10.138000,0.554499,-0.000000,0.264962,0.000000,0.000000,0.000000,-8.380134,WAIT_USER_CONFIRM
10.140000,0.554499,-0.000000,0.264962,0.000000,0.000000,0.000000,-8.380134,WAIT_USER_CONFIRM
10.142000,0.554499,-0.000000,0.264962,0.000000,0.000000,0.000000,-8.380134,WAIT_USER_CONFIRM
10.144000,0.554499,-0.000000,0.264962,0.000000,0.000000,0.000000,-8.380134,WAIT_USER_CONFIRM
10.146000,0.554499,-0.000000,0.264962,0.000000,0.000000,0.000000,-8.380134,WAIT_USER_CONFIRM
10.148000,0.554499,-0.000000,0.264962,0.000000,0.000000,0.000000,-8.380134,WAIT_USER_CONFIRM
10.150000,0.554499,-0.000000,0.264962,0.000000,0.000000,0.000000,-8.380134,WAIT_USER_CONFIRM
10.152000,0.554499,-0.000000,0.264962,0.000000,0.000000,0.000000,-8.380134,WAIT_USER_CONFIRM
10.154000,0.554499,-0.000000,0.264962,0.000000,0.000000,0.000000,-8.380134,WAIT_USER_CONFIRM
10.156000,0.554499,-0.000000,0.264962,0.000000,0.000000,0.000000,-8.380134,WAIT_USER_CONFIRM
10.158000,0.554499,-0.000000,0.264962,0.000000,0.000000,0.000000,-8.380134,WAIT_USER_CONFIRM
10.160000,0.554499,-0.000000,0.264962,0.000000,0.000000,0.000000,-8.380134,WAIT_USER_CONFIRM
10.162000,0.554499,-0.000000,0.264962,0.000000,0.000000,0.000000,-8.380134,WAIT_USER_CONFIRM
10.164000,0.554499,-0.000000,0.264962,0.000000,0.000000,0.000000,-8.380134,WAIT_USER_CONFIRM
10.166000,0.554499,-0.000000,0.264962,0.000000,0.000000,0.000000,-8.380134,WAIT_USER_CONFIRM
10.168000,0.554499,-0.000000,0.264962,0.000000,0.000000,0.000000,-8.380134,WAIT_USER_CONFIRM
10.170000,0.554499,-0.000000,0.264962,0.000000,0.000000,0.000000,-8.380134,WAIT_USER_CONFIRM
10.172000,0.554499,-0.000000,0.264962,0.000000,0.000000,0.000000,-8.380134,WAIT_USER_CONFIRM
10.174000,0.554499,-0.000000,0.264962,0.000000,0.000000,0.000000,-8.380134,WAIT_USER_CONFIRM
10.176000,0.554499,-0.000000,0.264962,0.000000,0.000000,0.000000,-8.380134,WAIT_USER_CONFIRM
10.178000,0.554499,-0.000000,0.264962,0.000000,0.000000,0.000000,-8.380134,WAIT_USER_CONFIRM
10.180000,0.554499,-0.000000,0.264962,0.000000,0.000000,0.000000,-8.380134,WAIT_USER_CONFIRM
10.182000,0.554499,-0.000000,0.264962,0.000000,0.000000,0.000000,-8.380134,WAIT_USER_CONFIRM
10.184000,0.554499,-0.000000,0.264962,0.000000,0.000000,0.000000,-8.380134,WAIT_USER_CONFIRM
10.186000,0.554499,-0.000000,0.264962,0.000000,0.000000,0.000000,-8.380134,WAIT_USER_CONFIRM
10.188000,0.554499,-0.000000,0.264962,0.000000,0.000000,0.000000,-8.380134,WAIT_USER_CONFIRM
10.190000,0.554499,-0.000000,0.264962,0.000000,0.000000,0.000000,-8.380134,WAIT_USER_CONFIRM
10.192000,0.554499,-0.000000,0.264962,0.000000,0.000000,0.000000,-8.380134,WAIT_USER_CONFIRM
10.194000,0.554499,-0.000000,0.264962,0.000000,0.000000,0.000000,-8.380134,WAIT_USER_CONFIRM
10.196000,0.554499,-0.000000,0.264962,0.000000,0.000000,0.000000,-8.380134,WAIT_USER_CONFIRM
10.198000,0.554499,-0.000000,0.264962,0.000000,0.000000,0.000000,-8.380134,WAIT_USER_CONFIRM
10.200000,0.554499,-0.000000,0.264962,0.000000,0.000000,0.000000,-8.380134,WAIT_USER_CONFIRM
10.202000,0.554499,-0.000000,0.264962,0.000000,0.000000,0.000000,-8.380134,WAIT_USER_CONFIRM
10.204000,0.554499,-0.000000,0.264962,0.000000,0.000000,0.000000,-8.380134,WAIT_USER_CONFIRM
10.206000,0.554499,-0.000000,0.264962,0.000000,0.000000,0.000000,-8.380134,WAIT_USER_CONFIRM
10.208000,0.554499,-0.000000,0.264962,0.000000,0.000000,0.000000,-8.380134,WAIT_USER_CONFIRM
10.210000,0.554499,-0.000000,0.264962,0.000000,0.000000,0.000000,-8.380134,WAIT_USER_CONFIRM
10.212000,0.554499,-0.000000,0.264962,0.000000,0.000000,0.000000,-8.380134,WAIT_USER_CONFIRM
10.214000,0.554499,-0.000000,0.264962,0.000000,0.000000,0.000000,-8.380134,WAIT_USER_CONFIRM
10.216000,0.554499,-0.000000,0.264962,0.000000,0.000000,0.000000,-8.380134,WAIT_USER_CONFIRM
10.218000,0.554499,-0.000000,0.264962,0.000000,0.000000,0.000000,-8.380134,WAIT_USER_CONFIRM
10.220000,0.554499,-0.000000,0.264962,0.000000,0.000000,0.000000,-8.380134,WAIT_USER_CONFIRM
10.222000,0.554499,-0.000000,0.264962,0.000000,0.000000,0.000000,-8.380134,WAIT_USER_CONFIRM
10.224000,0.554499,-0.000000,0.264962,0.000000,0.000000,0.000000,-8.380134,WAIT_USER_CONFIRM
10.226000,0.554499,-0.000000,0.264962,0.000000,0.000000,0.000000,-8.380134,WAIT_USER_CONFIRM
10.228000,0.554499,-0.000000,0.264962,0.000000,0.000000,0.000000,-8.380134,WAIT_USER_CONFIRM
10.230000,0.554499,-0.000000,0.264962,0.000000,0.000000,0.000000,-8.380134,WAIT_USER_CONFIRM
10.232000,0.554499,-0.000000,0.264962,0.000000,0.000000,0.000000,-8.380134,WAIT_USER_CONFIRM
10.234000,0.554499,-0.000000,0.264962,0.000000,0.000000,0.000000,-8.380134,WAIT_USER_CONFIRM
10.236000,0.554499,-0.000000,0.264962,0.000000,0.000000,0.000000,-8.380134,WAIT_USER_CONFIRM
10.238000,0.554499,-0.000000,0.264962,0.000000,0.000000,0.000000,-8.380134,WAIT_USER_CONFIRM
10.240000,0.554499,-0.000000,0.264962,0.000000,0.000000,0.000000,-8.380134,WAIT_USER_CONFIRM
10.242000,0.554499,-0.000000,0.264962,0.000000,0.000000,0.000000,-8.380134,WAIT_USER_CONFIRM
10.244000,0.554499,-0.000000,0.264962,0.000000,0.000000,0.000000,-8.380134,WAIT_USER_CONFIRM
10.246000,0.554499,-0.000000,0.264962,0.000000,0.000000,0.000000,-8.380134,WAIT_USER_CONFIRM
10.248000,0.554499,-0.000000,0.264962,0.000000,0.000000,0.000000,-8.380134,WAIT_USER_CONFIRM
10.250000,0.554499,-0.000000,0.264962,0.000000,0.000000,0.000000,-8.380134,WAIT_USER_CONFIRM
10.252000,0.554499,-0.000000,0.264962,0.000000,0.000000,0.000000,-8.380134,WAIT_USER_CONFIRM
10.254000,0.554499,-0.000000,0.264962,0.000000,0.000000,0.000000,-8.380134,WAIT_USER_CONFIRM
10.256000,0.554499,-0.000000,0.264962,0.000000,0.000000,0.000000,-8.380134,WAIT_USER_CONFIRM
10.258000,0.554499,-0.000000,0.264962,0.000000,0.000000,0.000000,-8.380134,WAIT_USER_CONFIRM
10.260000,0.554499,-0.000000,0.264962,0.000000,0.000000,0.000000,-8.380134,WAIT_USER_CONFIRM
10.262000,0.554499,-0.000000,0.264962,0.000000,0.000000,0.000000,-8.380134,WAIT_USER_CONFIRM
10.264000,0.554499,-0.000000,0.264962,0.000000,0.000000,0.000000,-8.380134,WAIT_USER_CONFIRM
10.266000,0.554499,-0.000000,0.264962,0.000000,0.000000,0.000000,-8.380134,WAIT_USER_CONFIRM
10.268000,0.554499,-0.000000,0.264962,0.000000,0.000000,0.000000,-8.380134,WAIT_USER_CONFIRM
10.270000,0.554499,-0.000000,0.264962,0.000000,0.000000,0.000000,-8.380134,WAIT_USER_CONFIRM
10.272000,0.554499,-0.000000,0.264962,0.000000,0.000000,0.000000,-8.380134,WAIT_USER_CONFIRM
10.274000,0.554499,-0.000000,0.264962,0.000000,0.000000,0.000000,-8.380134,WAIT_USER_CONFIRM
10.276000,0.554499,-0.000000,0.264962,0.000000,0.000000,0.000000,-8.380134,WAIT_USER_CONFIRM
10.278000,0.554499,-0.000000,0.264962,0.000000,0.000000,0.000000,-8.380134,WAIT_USER_CONFIRM
10.280000,0.554499,-0.000000,0.264962,0.000000,0.000000,0.000000,-8.380134,WAIT_USER_CONFIRM
10.282000,0.554499,-0.000000,0.264962,0.000000,0.000000,0.000000,-8.380134,WAIT_USER_CONFIRM
10.284000,0.554499,-0.000000,0.264962,0.000000,0.000000,0.000000,-8.380134,WAIT_USER_CONFIRM
10.286000,0.554499,-0.000000,0.264962,0.000000,0.000000,0.000000,-8.380134,WAIT_USER_CONFIRM
10.288000,0.554499,-0.000000,0.264962,0.000000,0.000000,0.000000,-8.380134,WAIT_USER_CONFIRM
10.290000,0.554499,-0.000000,0.264962,0.000000,0.000000,0.000000,-8.380134,WAIT_USER_CONFIRM
10.292000,0.554499,-0.000000,0.264962,0.000000,0.000000,0.000000,-8.380134,WAIT_USER_CONFIRM
10.294000,0.554499,-0.000000,0.264962,0.000000,0.000000,0.000000,-8.380134,WAIT_USER_CONFIRM
10.296000,0.554499,-0.000000,0.264962,0.000000,0.000000,0.000000,-8.380134,WAIT_USER_CONFIRM
10.298000,0.554499,-0.000000,0.264962,0.000000,0.000000,0.000000,-8.380134,WAIT_USER_CONFIRM
10.300000,0.554499,-0.000000,0.264962,0.000000,0.000000,0.000000,-8.380134,WAIT_USER_CONFIRM
10.302000,0.554499,-0.000000,0.264962,0.000000,0.000000,0.000000,-8.380134,WAIT_USER_CONFIRM
10.304000,0.554499,-0.000000,0.264962,0.000000,0.000000,0.000000,-8.380134,WAIT_USER_CONFIRM
10.306000,0.554499,-0.000000,0.264962,0.000000,0.000000,0.000000,-8.380134,WAIT_USER_CONFIRM
10.308000,0.554499,-0.000000,0.264962,0.000000,0.000000,0.000000,-8.380134,WAIT_USER_CONFIRM
10.310000,0.554499,-0.000000,0.264962,0.000000,0.000000,0.000000,-8.380134,WAIT_USER_CONFIRM
10.312000,0.554499,-0.000000,0.264962,0.000000,0.000000,0.000000,-8.380134,WAIT_USER_CONFIRM
10.314000,0.554499,-0.000000,0.264962,0.000000,0.000000,0.000000,-8.380134,WAIT_USER_CONFIRM
10.316000,0.554499,-0.000000,0.264962,0.000000,0.000000,0.000000,-8.380134,WAIT_USER_CONFIRM
10.318000,0.554499,-0.000000,0.264962,0.000000,0.000000,0.000000,-8.380134,WAIT_USER_CONFIRM
10.320000,0.554499,-0.000000,0.264962,0.000000,0.000000,0.000000,-8.380134,WAIT_USER_CONFIRM
10.322000,0.554499,-0.000000,0.264962,0.000000,0.000000,0.000000,-8.380134,WAIT_USER_CONFIRM
10.324000,0.554499,-0.000000,0.264962,0.000000,0.000000,0.000000,-8.380134,WAIT_USER_CONFIRM
10.326000,0.554499,-0.000000,0.264962,0.000000,0.000000,0.000000,-8.380134,WAIT_USER_CONFIRM
10.328000,0.554499,-0.000000,0.264962,0.000000,0.000000,0.000000,-8.380134,WAIT_USER_CONFIRM
10.330000,0.554499,-0.000000,0.264962,0.000000,0.000000,0.000000,-8.380134,WAIT_USER_CONFIRM
10.332000,0.554499,-0.000000,0.264962,0.000000,0.000000,0.000000,-8.380134,WAIT_USER_CONFIRM
10.334000,0.554499,-0.000000,0.264962,0.000000,0.000000,0.000000,-8.380134,WAIT_USER_CONFIRM
10.336000,0.554499,-0.000000,0.264962,0.000000,0.000000,0.000000,-8.380134,WAIT_USER_CONFIRM
10.338000,0.554499,-0.000000,0.264962,0.000000,0.000000,0.000000,-8.380134,WAIT_USER_CONFIRM
10.340000,0.554499,-0.000000,0.264962,0.000000,0.000000,0.000000,-8.380134,WAIT_USER_CONFIRM
10.342000,0.554499,-0.000000,0.264962,0.000000,0.000000,0.000000,-8.380134,WAIT_USER_CONFIRM
10.344000,0.554499,-0.000000,0.264962,0.000000,0.000000,0.000000,-8.380134,WAIT_USER_CONFIRM
10.346000,0.554499,-0.000000,0.264962,0.000000,0.000000,0.000000,-8.380134,WAIT_USER_CONFIRM
10.348000,0.554499,-0.000000,0.264962,0.000000,0.000000,0.000000,-8.380134,WAIT_USER_CONFIRM
10.350000,0.554499,-0.000000,0.264962,0.000000,0.000000,0.000000,-8.380134,WAIT_USER_CONFIRM
10.352000,0.554499,-0.000000,0.264962,0.000000,0.000000,0.000000,-8.380134,WAIT_USER_CONFIRM
10.354000,0.554499,-0.000000,0.264962,0.000000,0.000000,0.000000,-8.380134,WAIT_USER_CONFIRM
10.356000,0.554499,-0.000000,0.264962,0.000000,0.000000,0.000000,-8.380134,WAIT_USER_CONFIRM
10.358000,0.554499,-0.000000,0.264962,0.000000,0.000000,0.000000,-8.380134,WAIT_USER_CONFIRM
10.360000,0.554499,-0.000000,0.264962,0.000000,0.000000,0.000000,-8.380134,WAIT_USER_CONFIRM
10.362000,0.554499,-0.000000,0.264962,0.000000,0.000000,0.000000,-8.380134,WAIT_USER_CONFIRM
10.364000,0.554499,-0.000000,0.264962,0.000000,0.000000,0.000000,-8.380134,WAIT_USER_CONFIRM
10.366000,0.554499,-0.000000,0.264962,0.000000,0.000000,0.000000,-8.380134,WAIT_USER_CONFIRM
10.368000,0.554499,-0.000000,0.264962,0.000000,0.000000,0.000000,-8.380134,WAIT_USER_CONFIRM
10.370000,0.554499,-0.000000,0.264962,0.000000,0.000000,0.000000,-8.380134,WAIT_USER_CONFIRM
10.372000,0.554499,-0.000000,0.264962,0.000000,0.000000,0.000000,-8.380134,WAIT_USER_CONFIRM
10.374000,0.554499,-0.000000,0.264962,0.000000,0.000000,0.000000,-8.380134,WAIT_USER_CONFIRM
10.376000,0.554499,-0.000000,0.264962,0.000000,0.000000,0.000000,-8.380134,WAIT_USER_CONFIRM
10.378000,0.554499,-0.000000,0.264962,0.000000,0.000000,0.000000,-8.380134,WAIT_USER_CONFIRM
10.380000,0.554499,-0.000000,0.264962,0.000000,0.000000,0.000000,-8.380134,WAIT_USER_CONFIRM
10.382000,0.554499,-0.000000,0.264962,0.000000,0.000000,0.000000,-8.380134,WAIT_USER_CONFIRM
10.384000,0.554499,-0.000000,0.264962,0.000000,0.000000,0.000000,-8.380134,WAIT_USER_CONFIRM
10.386000,0.554499,-0.000000,0.264962,0.000000,0.000000,0.000000,-8.380134,WAIT_USER_CONFIRM
10.388000,0.554499,-0.000000,0.264962,0.000000,0.000000,0.000000,-8.380134,WAIT_USER_CONFIRM
10.390000,0.554499,-0.000000,0.264962,0.000000,0.000000,0.000000,-8.380134,WAIT_USER_CONFIRM
10.392000,0.554499,-0.000000,0.264962,0.000000,0.000000,0.000000,-8.380134,WAIT_USER_CONFIRM
10.394000,0.554499,-0.000000,0.264962,0.000000,0.000000,0.000000,-8.380134,WAIT_USER_CONFIRM
10.396000,0.554499,-0.000000,0.264962,0.000000,0.000000,0.000000,-8.380134,WAIT_USER_CONFIRM
10.398000,0.554499,-0.000000,0.264962,0.000000,0.000000,0.000000,-8.380134,WAIT_USER_CONFIRM
10.400000,0.554499,-0.000000,0.264962,0.000000,0.000000,0.000000,-8.380134,WAIT_USER_CONFIRM
10.402000,0.554499,-0.000000,0.264962,0.000000,0.000000,0.000000,-8.380134,WAIT_USER_CONFIRM
10.404000,0.554499,-0.000000,0.264962,0.000000,0.000000,0.000000,-8.380134,WAIT_USER_CONFIRM
10.406000,0.554499,-0.000000,0.264962,0.000000,0.000000,0.000000,-8.380134,WAIT_USER_CONFIRM
10.408000,0.554499,-0.000000,0.264962,0.000000,0.000000,0.000000,-8.380134,WAIT_USER_CONFIRM
10.410000,0.554499,-0.000000,0.264962,0.000000,0.000000,0.000000,-8.380134,WAIT_USER_CONFIRM
10.412000,0.554499,-0.000000,0.264962,0.000000,0.000000,0.000000,-8.380134,WAIT_USER_CONFIRM
10.414000,0.554499,-0.000000,0.264962,0.000000,0.000000,0.000000,-8.380134,WAIT_USER_CONFIRM
10.416000,0.554499,-0.000000,0.264962,0.000000,0.000000,0.000000,-8.380134,WAIT_USER_CONFIRM
10.418000,0.554499,-0.000000,0.264962,0.000000,0.000000,0.000000,-8.380134,WAIT_USER_CONFIRM
10.420000,0.554499,-0.000000,0.264962,0.000000,0.000000,0.000000,-8.380134,WAIT_USER_CONFIRM
10.422000,0.554499,-0.000000,0.264962,0.000000,0.000000,0.000000,-8.380134,WAIT_USER_CONFIRM
10.424000,0.554499,-0.000000,0.264962,0.000000,0.000000,0.000000,-8.380134,WAIT_USER_CONFIRM
10.426000,0.554499,-0.000000,0.264962,0.000000,0.000000,0.000000,-8.380134,WAIT_USER_CONFIRM
10.428000,0.554499,-0.000000,0.264962,0.000000,0.000000,0.000000,-8.380134,WAIT_USER_CONFIRM
10.430000,0.554499,-0.000000,0.264962,0.000000,0.000000,0.000000,-8.380134,WAIT_USER_CONFIRM
10.432000,0.554499,-0.000000,0.264962,0.000000,0.000000,0.000000,-8.380134,WAIT_USER_CONFIRM
10.434000,0.554499,-0.000000,0.264962,0.000000,0.000000,0.000000,-8.380134,WAIT_USER_CONFIRM
10.436000,0.554499,-0.000000,0.264962,0.000000,0.000000,0.000000,-8.380134,WAIT_USER_CONFIRM
10.438000,0.554499,-0.000000,0.264962,0.000000,0.000000,0.000000,-8.380134,WAIT_USER_CONFIRM
10.440000,0.554499,-0.000000,0.264962,0.000000,0.000000,0.000000,-8.380134,WAIT_USER_CONFIRM
10.442000,0.554499,-0.000000,0.264962,0.000000,0.000000,0.000000,-8.380134,WAIT_USER_CONFIRM
10.444000,0.554499,-0.000000,0.264962,0.000000,0.000000,0.000000,-8.380134,WAIT_USER_CONFIRM
10.446000,0.554499,-0.000000,0.264962,0.000000,0.000000,0.000000,-8.380134,WAIT_USER_CONFIRM
10.448000,0.554499,-0.000000,0.264962,0.000000,0.000000,0.000000,-8.380134,WAIT_USER_CONFIRM
10.450000,0.554499,-0.000000,0.264962,0.000000,0.000000,0.000000,-8.380134,WAIT_USER_CONFIRM
10.452000,0.554499,-0.000000,0.264962,0.000000,0.000000,0.000000,-8.380134,WAIT_USER_CONFIRM
10.454000,0.554499,-0.000000,0.264962,0.000000,0.000000,0.000000,-8.380134,WAIT_USER_CONFIRM
10.456000,0.554499,-0.000000,0.264962,0.000000,0.000000,0.000000,-8.380134,WAIT_USER_CONFIRM
10.458000,0.554499,-0.000000,0.264962,0.000000,0.000000,0.000000,-8.380134,WAIT_USER_CONFIRM
10.460000,0.554499,-0.000000,0.264962,0.000000,0.000000,0.000000,-8.380134,WAIT_USER_CONFIRM
10.462000,0.554499,-0.000000,0.264962,0.000000,0.000000,0.000000,-8.380134,WAIT_USER_CONFIRM
10.464000,0.554499,-0.000000,0.264962,0.000000,0.000000,0.000000,-8.380134,WAIT_USER_CONFIRM
10.466000,0.554499,-0.000000,0.264962,0.000000,0.000000,0.000000,-8.380134,WAIT_USER_CONFIRM
10.468000,0.554499,-0.000000,0.264962,0.000000,0.000000,0.000000,-8.380134,WAIT_USER_CONFIRM
10.470000,0.554499,-0.000000,0.264962,0.000000,0.000000,0.000000,-8.380134,WAIT_USER_CONFIRM
10.472000,0.554499,-0.000000,0.264962,0.000000,0.000000,0.000000,-8.380134,WAIT_USER_CONFIRM
10.474000,0.554499,-0.000000,0.264962,0.000000,0.000000,0.000000,-8.380134,WAIT_USER_CONFIRM
10.476000,0.554499,-0.000000,0.264962,0.000000,0.000000,0.000000,-8.380134,WAIT_USER_CONFIRM
10.478000,0.554499,-0.000000,0.264962,0.000000,0.000000,0.000000,-8.380134,WAIT_USER_CONFIRM
10.480000,0.554499,-0.000000,0.264962,0.000000,0.000000,0.000000,-8.380134,WAIT_USER_CONFIRM
10.482000,0.554499,-0.000000,0.264962,0.000000,0.000000,0.000000,-8.380134,WAIT_USER_CONFIRM
10.484000,0.554499,-0.000000,0.264962,0.000000,0.000000,0.000000,-8.380134,WAIT_USER_CONFIRM
10.486000,0.554499,-0.000000,0.264962,0.000000,0.000000,0.000000,-8.380134,WAIT_USER_CONFIRM
10.488000,0.554499,-0.000000,0.264962,0.000000,0.000000,0.000000,-8.380134,WAIT_USER_CONFIRM
10.490000,0.554499,-0.000000,0.264962,0.000000,0.000000,0.000000,-8.380134,WAIT_USER_CONFIRM
10.492000,0.554499,-0.000000,0.264962,0.000000,0.000000,0.000000,-8.380134,WAIT_USER_CONFIRM
10.494000,0.554499,-0.000000,0.264962,0.000000,0.000000,0.000000,-8.380134,WAIT_USER_CONFIRM
10.496000,0.554499,-0.000000,0.264962,0.000000,0.000000,0.000000,-8.380134,WAIT_USER_CONFIRM
10.498000,0.554499,-0.000000,0.264962,0.000000,0.000000,0.000000,-8.380134,WAIT_USER_CONFIRM
10.500000,0.554499,-0.000000,0.264962,0.000000,0.000000,0.000000,-8.380134,WAIT_USER_CONFIRM
10.502000,0.554499,-0.000000,0.264962,0.000000,0.000000,0.000000,-8.380134,WAIT_USER_CONFIRM
10.504000,0.554499,-0.000000,0.264962,0.000000,0.000000,0.000000,-8.380134,WAIT_USER_CONFIRM
10.506000,0.554499,-0.000000,0.264962,0.000000,0.000000,0.000000,-8.380134,WAIT_USER_CONFIRM
10.508000,0.554499,-0.000000,0.264962,0.000000,0.000000,0.000000,-8.380134,WAIT_USER_CONFIRM
10.510000,0.554499,-0.000000,0.264962,0.000000,0.000000,0.000000,-8.380134,WAIT_USER_CONFIRM
10.512000,0.554499,-0.000000,0.264962,0.000000,0.000000,0.000000,-8.380134,WAIT_USER_CONFIRM
10.514000,0.554499,-0.000000,0.264962,0.000000,0.000000,0.000000,-8.380134,WAIT_USER_CONFIRM
10.516000,0.554499,-0.000000,0.264962,0.000000,0.000000,0.000000,-8.380134,WAIT_USER_CONFIRM
10.518000,0.554499,-0.000000,0.264962,0.000000,0.000000,0.000000,-8.380134,WAIT_USER_CONFIRM
10.520000,0.554499,-0.000000,0.264962,0.000000,0.000000,0.000000,-8.380134,WAIT_USER_CONFIRM
10.522000,0.554499,-0.000000,0.264962,0.000000,0.000000,0.000000,-8.380134,WAIT_USER_CONFIRM
10.524000,0.554499,-0.000000,0.264962,0.000000,0.000000,0.000000,-8.380134,WAIT_USER_CONFIRM
10.526000,0.554499,-0.000000,0.264962,0.000000,0.000000,0.000000,-8.380134,WAIT_USER_CONFIRM
10.528000,0.554499,-0.000000,0.264962,0.000000,0.000000,0.000000,-8.380134,WAIT_USER_CONFIRM
10.530000,0.554499,-0.000000,0.264962,0.000000,0.000000,0.000000,-8.380134,WAIT_USER_CONFIRM
10.532000,0.554499,-0.000000,0.264962,0.000000,0.000000,0.000000,-8.380134,WAIT_USER_CONFIRM
10.534000,0.554499,-0.000000,0.264962,0.000000,0.000000,0.000000,-8.380134,WAIT_USER_CONFIRM
10.536000,0.554499,-0.000000,0.264962,0.000000,0.000000,0.000000,-8.380134,WAIT_USER_CONFIRM
10.538000,0.554499,-0.000000,0.264962,0.000000,0.000000,0.000000,-8.380134,WAIT_USER_CONFIRM
10.540000,0.554499,-0.000000,0.264962,0.000000,0.000000,0.000000,-8.380134,WAIT_USER_CONFIRM
10.542000,0.554499,-0.000000,0.264962,0.000000,0.000000,0.000000,-8.380134,WAIT_USER_CONFIRM
10.544000,0.554499,-0.000000,0.264962,0.000000,0.000000,0.000000,-8.380134,WAIT_USER_CONFIRM
10.546000,0.554499,-0.000000,0.264962,0.000000,0.000000,0.000000,-8.380134,WAIT_USER_CONFIRM
10.548000,0.554499,-0.000000,0.264962,0.000000,0.000000,0.000000,-8.380134,WAIT_USER_CONFIRM
10.550000,0.554499,-0.000000,0.264962,0.000000,0.000000,0.000000,-8.380134,WAIT_USER_CONFIRM
10.552000,0.554499,-0.000000,0.264962,0.000000,0.000000,0.000000,-8.380134,WAIT_USER_CONFIRM
10.554000,0.554499,-0.000000,0.264962,0.000000,0.000000,0.000000,-8.380134,WAIT_USER_CONFIRM
10.556000,0.554499,-0.000000,0.264962,0.000000,0.000000,0.000000,-8.380134,WAIT_USER_CONFIRM
10.558000,0.554499,-0.000000,0.264962,0.000000,0.000000,0.000000,-8.380134,WAIT_USER_CONFIRM
10.560000,0.554499,-0.000000,0.264962,0.000000,0.000000,0.000000,-8.380134,WAIT_USER_CONFIRM
10.562000,0.554499,-0.000000,0.264962,0.000000,0.000000,0.000000,-8.380134,WAIT_USER_CONFIRM
10.564000,0.554499,-0.000000,0.264962,0.000000,0.000000,0.000000,-8.380134,WAIT_USER_CONFIRM
10.566000,0.554499,-0.000000,0.264962,0.000000,0.000000,0.000000,-8.380134,WAIT_USER_CONFIRM
10.568000,0.554499,-0.000000,0.264962,0.000000,0.000000,0.000000,-8.380134,WAIT_USER_CONFIRM
10.570000,0.554499,-0.000000,0.264962,0.000000,0.000000,0.000000,-8.380134,WAIT_USER_CONFIRM
10.572000,0.554499,-0.000000,0.264962,0.000000,0.000000,0.000000,-8.380134,WAIT_USER_CONFIRM
10.574000,0.554499,-0.000000,0.264962,0.000000,0.000000,0.000000,-8.380134,WAIT_USER_CONFIRM
10.576000,0.554499,-0.000000,0.264962,0.000000,0.000000,0.000000,-8.380134,WAIT_USER_CONFIRM
10.578000,0.554499,-0.000000,0.264962,0.000000,0.000000,0.000000,-8.380134,WAIT_USER_CONFIRM
10.580000,0.554499,-0.000000,0.264962,0.000000,0.000000,0.000000,-8.380134,WAIT_USER_CONFIRM
10.582000,0.554499,-0.000000,0.264962,0.000000,0.000000,0.000000,-8.380134,WAIT_USER_CONFIRM
10.584000,0.554499,-0.000000,0.264962,0.000000,0.000000,0.000000,-8.380134,WAIT_USER_CONFIRM
10.586000,0.554499,-0.000000,0.264962,0.000000,0.000000,0.000000,-8.380134,WAIT_USER_CONFIRM
10.588000,0.554499,-0.000000,0.264962,0.000000,0.000000,0.000000,-8.380134,WAIT_USER_CONFIRM
10.590000,0.554499,-0.000000,0.264962,0.000000,0.000000,0.000000,-8.380134,WAIT_USER_CONFIRM
10.592000,0.554499,-0.000000,0.264962,0.000000,0.000000,0.000000,-8.380134,WAIT_USER_CONFIRM
10.594000,0.554499,-0.000000,0.264962,0.000000,0.000000,0.000000,-8.380134,WAIT_USER_CONFIRM
10.596000,0.554499,-0.000000,0.264962,0.000000,0.000000,0.000000,-8.380134,WAIT_USER_CONFIRM
10.598000,0.554499,-0.000000,0.264962,0.000000,0.000000,0.000000,-8.380134,WAIT_USER_CONFIRM
10.600000,0.554499,-0.000000,0.264962,0.000000,0.000000,0.000000,-8.380134,WAIT_USER_CONFIRM
10.602000,0.554499,-0.000000,0.264962,0.000000,0.000000,0.000000,-8.380134,WAIT_USER_CONFIRM
10.604000,0.554499,-0.000000,0.264962,0.000000,0.000000,0.000000,-8.380134,WAIT_USER_CONFIRM
10.606000,0.554499,-0.000000,0.264962,0.000000,0.000000,0.000000,-8.380134,WAIT_USER_CONFIRM
10.608000,0.554499,-0.000000,0.264962,0.000000,0.000000,0.000000,-8.380134,WAIT_USER_CONFIRM
10.610000,0.554499,-0.000000,0.264962,0.000000,0.000000,0.000000,-8.380134,WAIT_USER_CONFIRM
10.612000,0.554499,-0.000000,0.264962,0.000000,0.000000,0.000000,-8.380134,WAIT_USER_CONFIRM
10.614000,0.554499,-0.000000,0.264962,0.000000,0.000000,0.000000,-8.380134,WAIT_USER_CONFIRM
10.616000,0.554499,-0.000000,0.264962,0.000000,0.000000,0.000000,-8.380134,WAIT_USER_CONFIRM
10.618000,0.554499,-0.000000,0.264962,0.000000,0.000000,0.000000,-8.380134,WAIT_USER_CONFIRM
10.620000,0.554499,-0.000000,0.264962,0.000000,0.000000,0.000000,-8.380134,WAIT_USER_CONFIRM
10.622000,0.554499,-0.000000,0.264962,0.000000,0.000000,0.000000,-8.380134,WAIT_USER_CONFIRM
10.624000,0.554499,-0.000000,0.264962,0.000000,0.000000,0.000000,-8.380134,WAIT_USER_CONFIRM
10.626000,0.554499,-0.000000,0.264962,0.000000,0.000000,0.000000,-8.380134,WAIT_USER_CONFIRM
10.628000,0.554499,-0.000000,0.264962,0.000000,0.000000,0.000000,-8.380134,WAIT_USER_CONFIRM
10.630000,0.554499,-0.000000,0.264962,0.000000,0.000000,0.000000,-8.380134,WAIT_USER_CONFIRM
10.632000,0.554499,-0.000000,0.264962,0.000000,0.000000,0.000000,-8.380134,WAIT_USER_CONFIRM
10.634000,0.554499,-0.000000,0.264962,0.000000,0.000000,0.000000,-8.380134,WAIT_USER_CONFIRM
10.636000,0.554499,-0.000000,0.264962,0.000000,0.000000,0.000000,-8.380134,WAIT_USER_CONFIRM
10.638000,0.554499,-0.000000,0.264962,0.000000,0.000000,0.000000,-8.380134,WAIT_USER_CONFIRM
10.640000,0.554499,-0.000000,0.264962,0.000000,0.000000,0.000000,-8.380134,WAIT_USER_CONFIRM
10.642000,0.554499,-0.000000,0.264962,0.000000,0.000000,0.000000,-8.380134,WAIT_USER_CONFIRM
10.644000,0.554499,-0.000000,0.264962,0.000000,0.000000,0.000000,-8.380134,WAIT_USER_CONFIRM
10.646000,0.554499,-0.000000,0.264962,0.000000,0.000000,0.000000,-8.380134,WAIT_USER_CONFIRM
10.648000,0.554499,-0.000000,0.264962,0.000000,0.000000,0.000000,-8.380134,WAIT_USER_CONFIRM
10.650000,0.554499,-0.000000,0.264962,0.000000,0.000000,0.000000,-8.380134,WAIT_USER_CONFIRM
10.652000,0.554499,-0.000000,0.264962,0.000000,0.000000,0.000000,-8.380134,WAIT_USER_CONFIRM
10.654000,0.554499,-0.000000,0.264962,0.000000,0.000000,0.000000,-8.380134,WAIT_USER_CONFIRM
10.656000,0.554499,-0.000000,0.264962,0.000000,0.000000,0.000000,-8.380134,WAIT_USER_CONFIRM
10.658000,0.554499,-0.000000,0.264962,0.000000,0.000000,0.000000,-8.380134,WAIT_USER_CONFIRM
10.660000,0.554499,-0.000000,0.264962,0.000000,0.000000,0.000000,-8.380134,WAIT_USER_CONFIRM
10.662000,0.554499,-0.000000,0.264962,0.000000,0.000000,0.000000,-8.380134,WAIT_USER_CONFIRM
10.664000,0.554499,-0.000000,0.264962,0.000000,0.000000,0.000000,-8.380134,WAIT_USER_CONFIRM
10.666000,0.554499,-0.000000,0.264962,0.000000,0.000000,0.000000,-8.380134,WAIT_USER_CONFIRM
10.668000,0.554499,-0.000000,0.264962,0.000000,0.000000,0.000000,-8.380134,WAIT_USER_CONFIRM
10.670000,0.554499,-0.000000,0.264962,0.000000,0.000000,0.000000,-8.380134,WAIT_USER_CONFIRM
10.672000,0.554499,-0.000000,0.264962,0.000000,0.000000,0.000000,-8.380134,WAIT_USER_CONFIRM
10.674000,0.554499,-0.000000,0.264962,0.000000,0.000000,0.000000,-8.380134,WAIT_USER_CONFIRM
10.676000,0.554499,-0.000000,0.264962,0.000000,0.000000,0.000000,-8.380134,WAIT_USER_CONFIRM
10.678000,0.554499,-0.000000,0.264962,0.000000,0.000000,0.000000,-8.380134,WAIT_USER_CONFIRM
10.680000,0.554499,-0.000000,0.264962,0.000000,0.000000,0.000000,-8.380134,WAIT_USER_CONFIRM
10.682000,0.554499,-0.000000,0.264962,0.000000,0.000000,0.000000,-8.380134,WAIT_USER_CONFIRM
10.684000,0.554499,-0.000000,0.264962,0.000000,0.000000,0.000000,-8.380134,WAIT_USER_CONFIRM
10.686000,0.554499,-0.000000,0.264962,0.000000,0.000000,0.000000,-8.380134,WAIT_USER_CONFIRM
10.688000,0.554499,-0.000000,0.264962,0.000000,0.000000,0.000000,-8.380134,WAIT_USER_CONFIRM
10.690000,0.554499,-0.000000,0.264962,0.000000,0.000000,0.000000,-8.380134,WAIT_USER_CONFIRM
10.692000,0.554499,-0.000000,0.264962,0.000000,0.000000,0.000000,-8.380134,WAIT_USER_CONFIRM
10.694000,0.554499,-0.000000,0.264962,0.000000,0.000000,0.000000,-8.380134,WAIT_USER_CONFIRM
10.696000,0.554499,-0.000000,0.264962,0.000000,0.000000,0.000000,-8.380134,WAIT_USER_CONFIRM
10.698000,0.554499,-0.000000,0.264962,0.000000,0.000000,0.000000,-8.380134,WAIT_USER_CONFIRM
10.700000,0.554499,-0.000000,0.264962,0.000000,0.000000,0.000000,-8.380134,WAIT_USER_CONFIRM
10.702000,0.554499,-0.000000,0.264962,0.000000,0.000000,0.000000,-8.380134,WAIT_USER_CONFIRM
10.704000,0.554499,-0.000000,0.264962,0.000000,0.000000,0.000000,-8.380134,WAIT_USER_CONFIRM
10.706000,0.554499,-0.000000,0.264962,0.000000,0.000000,0.000000,-8.380134,WAIT_USER_CONFIRM
10.708000,0.554499,-0.000000,0.264962,0.000000,0.000000,0.000000,-8.380134,WAIT_USER_CONFIRM
10.710000,0.554499,-0.000000,0.264962,0.000000,0.000000,0.000000,-8.380134,WAIT_USER_CONFIRM
10.712000,0.554499,-0.000000,0.264962,0.000000,0.000000,0.000000,-8.380134,WAIT_USER_CONFIRM
10.714000,0.554499,-0.000000,0.264962,0.000000,0.000000,0.000000,-8.380134,WAIT_USER_CONFIRM
10.716000,0.554499,-0.000000,0.264962,0.000000,0.000000,0.000000,-8.380134,WAIT_USER_CONFIRM
10.718000,0.554499,-0.000000,0.264962,0.000000,0.000000,0.000000,-8.380134,WAIT_USER_CONFIRM
10.720000,0.554499,-0.000000,0.264962,0.000000,0.000000,0.000000,-8.380134,WAIT_USER_CONFIRM
10.722000,0.554499,-0.000000,0.264962,0.000000,0.000000,0.000000,-8.380134,WAIT_USER_CONFIRM
10.724000,0.554499,-0.000000,0.264962,0.000000,0.000000,0.000000,-8.380134,WAIT_USER_CONFIRM
10.726000,0.554499,-0.000000,0.264962,0.000000,0.000000,0.000000,-8.380134,WAIT_USER_CONFIRM
10.728000,0.554499,-0.000000,0.264962,0.000000,0.000000,0.000000,-8.380134,WAIT_USER_CONFIRM
10.730000,0.554499,-0.000000,0.264962,0.000000,0.000000,0.000000,-8.380134,WAIT_USER_CONFIRM
10.732000,0.554499,-0.000000,0.264962,0.000000,0.000000,0.000000,-8.380134,WAIT_USER_CONFIRM
10.734000,0.554499,-0.000000,0.264962,0.000000,0.000000,0.000000,-8.380134,WAIT_USER_CONFIRM
10.736000,0.554499,-0.000000,0.264962,0.000000,0.000000,0.000000,-8.380134,WAIT_USER_CONFIRM
10.738000,0.554499,-0.000000,0.264962,0.000000,0.000000,0.000000,-8.380134,WAIT_USER_CONFIRM
10.740000,0.554499,-0.000000,0.264962,0.000000,0.000000,0.000000,-8.380134,WAIT_USER_CONFIRM
10.742000,0.554499,-0.000000,0.264962,0.000000,0.000000,0.000000,-8.380134,WAIT_USER_CONFIRM
10.744000,0.554499,-0.000000,0.264962,0.000000,0.000000,0.000000,-8.380134,WAIT_USER_CONFIRM
10.746000,0.554499,-0.000000,0.264962,0.000000,0.000000,0.000000,-8.380134,WAIT_USER_CONFIRM
10.748000,0.554499,-0.000000,0.264962,0.000000,0.000000,0.000000,-8.380134,WAIT_USER_CONFIRM
10.750000,0.554499,-0.000000,0.264962,0.000000,0.000000,0.000000,-8.380134,WAIT_USER_CONFIRM
10.752000,0.554499,-0.000000,0.264962,0.000000,0.000000,0.000000,-8.380134,WAIT_USER_CONFIRM
10.754000,0.554499,-0.000000,0.264962,0.000000,0.000000,0.000000,-8.380134,WAIT_USER_CONFIRM
10.756000,0.554499,-0.000000,0.264962,0.000000,0.000000,0.000000,-8.380134,WAIT_USER_CONFIRM
10.758000,0.554499,-0.000000,0.264962,0.000000,0.000000,0.000000,-8.380134,WAIT_USER_CONFIRM
10.760000,0.554499,-0.000000,0.264962,0.000000,0.000000,0.000000,-8.380134,WAIT_USER_CONFIRM
10.762000,0.554499,-0.000000,0.264962,0.000000,0.000000,0.000000,-8.380134,WAIT_USER_CONFIRM
10.764000,0.554499,-0.000000,0.264962,0.000000,0.000000,0.000000,-8.380134,WAIT_USER_CONFIRM
10.766000,0.554499,-0.000000,0.264962,0.000000,0.000000,0.000000,-8.380134,WAIT_USER_CONFIRM
10.768000,0.554499,-0.000000,0.264962,0.000000,0.000000,0.000000,-8.380134,WAIT_USER_CONFIRM
10.770000,0.554499,-0.000000,0.264962,0.000000,0.000000,0.000000,-8.380134,WAIT_USER_CONFIRM
10.772000,0.554499,-0.000000,0.264962,0.000000,0.000000,0.000000,-8.380134,WAIT_USER_CONFIRM
10.774000,0.554499,-0.000000,0.264962,0.000000,0.000000,0.000000,-8.380134,WAIT_USER_CONFIRM
10.776000,0.554499,-0.000000,0.264962,0.000000,0.000000,0.000000,-8.380134,WAIT_USER_CONFIRM
10.778000,0.554499,-0.000000,0.264962,0.000000,0.000000,0.000000,-8.380134,WAIT_USER_CONFIRM
10.780000,0.554499,-0.000000,0.264962,0.000000,0.000000,0.000000,-8.380134,WAIT_USER_CONFIRM
10.782000,0.554499,-0.000000,0.264962,0.000000,0.000000,0.000000,-8.380134,WAIT_USER_CONFIRM
10.784000,0.554499,-0.000000,0.264962,0.000000,0.000000,0.000000,-8.380134,WAIT_USER_CONFIRM
10.786000,0.554499,-0.000000,0.264962,0.000000,0.000000,0.000000,-8.380134,WAIT_USER_CONFIRM
10.788000,0.554499,-0.000000,0.264962,0.000000,0.000000,0.000000,-8.380134,WAIT_USER_CONFIRM
10.790000,0.554499,-0.000000,0.264962,0.000000,0.000000,0.000000,-8.380134,WAIT_USER_CONFIRM
10.792000,0.554499,-0.000000,0.264962,0.000000,0.000000,0.000000,-8.380134,WAIT_USER_CONFIRM
10.794000,0.554499,-0.000000,0.264962,0.000000,0.000000,0.000000,-8.380134,WAIT_USER_CONFIRM
10.796000,0.554499,-0.000000,0.264962,0.000000,0.000000,0.000000,-8.380134,WAIT_USER_CONFIRM
10.798000,0.554499,-0.000000,0.264962,0.000000,0.000000,0.000000,-8.380134,WAIT_USER_CONFIRM
10.800000,0.554499,-0.000000,0.264962,0.000000,0.000000,0.000000,-8.380134,WAIT_USER_CONFIRM
10.802000,0.554499,-0.000000,0.264962,0.000000,0.000000,0.000000,-8.380134,WAIT_USER_CONFIRM
10.804000,0.554499,-0.000000,0.264962,0.000000,0.000000,0.000000,-8.380134,WAIT_USER_CONFIRM
10.806000,0.554499,-0.000000,0.264962,0.000000,0.000000,0.000000,-8.380134,WAIT_USER_CONFIRM
10.808000,0.554499,-0.000000,0.264962,0.000000,0.000000,0.000000,-8.380134,WAIT_USER_CONFIRM
10.810000,0.554499,-0.000000,0.264962,0.000000,0.000000,0.000000,-8.380134,WAIT_USER_CONFIRM
10.812000,0.554499,-0.000000,0.264962,0.000000,0.000000,0.000000,-8.380134,WAIT_USER_CONFIRM
10.814000,0.554499,-0.000000,0.264962,0.000000,0.000000,0.000000,-8.380134,WAIT_USER_CONFIRM
10.816000,0.554499,-0.000000,0.264962,0.000000,0.000000,0.000000,-8.380134,WAIT_USER_CONFIRM
10.818000,0.554499,-0.000000,0.264962,0.000000,0.000000,0.000000,-8.380134,WAIT_USER_CONFIRM
10.820000,0.554499,-0.000000,0.264962,0.000000,0.000000,0.000000,-8.380134,WAIT_USER_CONFIRM
10.822000,0.554499,-0.000000,0.264962,0.000000,0.000000,0.000000,-8.380134,WAIT_USER_CONFIRM
10.824000,0.554499,-0.000000,0.264962,0.000000,0.000000,0.000000,-8.380134,WAIT_USER_CONFIRM
10.826000,0.554499,-0.000000,0.264962,0.000000,0.000000,0.000000,-8.380134,WAIT_USER_CONFIRM
10.828000,0.554499,-0.000000,0.264962,0.000000,0.000000,0.000000,-8.380134,WAIT_USER_CONFIRM
10.830000,0.554499,-0.000000,0.264962,0.000000,0.000000,0.000000,-8.380134,WAIT_USER_CONFIRM
10.832000,0.554499,-0.000000,0.264962,0.000000,0.000000,0.000000,-8.380134,WAIT_USER_CONFIRM
10.834000,0.554499,-0.000000,0.264962,0.000000,0.000000,0.000000,-8.380134,WAIT_USER_CONFIRM
10.836000,0.554499,-0.000000,0.264962,0.000000,0.000000,0.000000,-8.380134,WAIT_USER_CONFIRM
10.838000,0.554499,-0.000000,0.264962,0.000000,0.000000,0.000000,-8.380134,WAIT_USER_CONFIRM
10.840000,0.554499,-0.000000,0.264962,0.000000,0.000000,0.000000,-8.380134,WAIT_USER_CONFIRM
10.842000,0.554499,-0.000000,0.264962,0.000000,0.000000,0.000000,-8.380134,WAIT_USER_CONFIRM
10.844000,0.554499,-0.000000,0.264962,0.000000,0.000000,0.000000,-8.380134,WAIT_USER_CONFIRM
10.846000,0.554499,-0.000000,0.264962,0.000000,0.000000,0.000000,-8.380134,WAIT_USER_CONFIRM
10.848000,0.554499,-0.000000,0.264962,0.000000,0.000000,0.000000,-8.380134,WAIT_USER_CONFIRM
10.850000,0.554499,-0.000000,0.264962,0.000000,0.000000,0.000000,-8.380134,WAIT_USER_CONFIRM
10.852000,0.554499,-0.000000,0.264962,0.000000,0.000000,0.000000,-8.380134,WAIT_USER_CONFIRM
10.854000,0.554499,-0.000000,0.264962,0.000000,0.000000,0.000000,-8.380134,WAIT_USER_CONFIRM
10.856000,0.554499,-0.000000,0.264962,0.000000,0.000000,0.000000,-8.380134,WAIT_USER_CONFIRM
10.858000,0.554499,-0.000000,0.264962,0.000000,0.000000,0.000000,-8.380134,WAIT_USER_CONFIRM
10.860000,0.554499,-0.000000,0.264962,0.000000,0.000000,0.000000,-8.380134,WAIT_USER_CONFIRM
10.862000,0.554499,-0.000000,0.264962,0.000000,0.000000,0.000000,-8.380134,WAIT_USER_CONFIRM
10.864000,0.554499,-0.000000,0.264962,0.000000,0.000000,0.000000,-8.380134,WAIT_USER_CONFIRM
10.866000,0.554499,-0.000000,0.264962,0.000000,0.000000,0.000000,-8.380134,WAIT_USER_CONFIRM
10.868000,0.554499,-0.000000,0.264962,0.000000,0.000000,0.000000,-8.380134,WAIT_USER_CONFIRM
10.870000,0.554499,-0.000000,0.264962,0.000000,0.000000,0.000000,-8.380134,WAIT_USER_CONFIRM
10.872000,0.554499,-0.000000,0.264962,0.000000,0.000000,0.000000,-8.380134,WAIT_USER_CONFIRM
10.874000,0.554499,-0.000000,0.264962,0.000000,0.000000,0.000000,-8.380134,WAIT_USER_CONFIRM
10.876000,0.554499,-0.000000,0.264962,0.000000,0.000000,0.000000,-8.380134,WAIT_USER_CONFIRM
10.878000,0.554499,-0.000000,0.264962,0.000000,0.000000,0.000000,-8.380134,WAIT_USER_CONFIRM
10.880000,0.554499,-0.000000,0.264962,0.000000,0.000000,0.000000,-8.380134,WAIT_USER_CONFIRM
10.882000,0.554499,-0.000000,0.264962,0.000000,0.000000,0.000000,-8.380134,WAIT_USER_CONFIRM
10.884000,0.554499,-0.000000,0.264962,0.000000,0.000000,0.000000,-8.380134,WAIT_USER_CONFIRM
10.886000,0.554499,-0.000000,0.264962,0.000000,0.000000,0.000000,-8.380134,WAIT_USER_CONFIRM
10.888000,0.554499,-0.000000,0.264962,0.000000,0.000000,0.000000,-8.380134,WAIT_USER_CONFIRM
10.890000,0.554499,-0.000000,0.264962,0.000000,0.000000,0.000000,-8.380134,WAIT_USER_CONFIRM
10.892000,0.554499,-0.000000,0.264962,0.000000,0.000000,0.000000,-8.380134,WAIT_USER_CONFIRM
10.894000,0.554499,-0.000000,0.264962,0.000000,0.000000,0.000000,-8.380134,WAIT_USER_CONFIRM
10.896000,0.554499,-0.000000,0.264962,0.000000,0.000000,0.000000,-8.380134,WAIT_USER_CONFIRM
10.898000,0.554499,-0.000000,0.264962,0.000000,0.000000,0.000000,-8.380134,WAIT_USER_CONFIRM
10.900000,0.554499,-0.000000,0.264962,0.000000,0.000000,0.000000,-8.380134,WAIT_USER_CONFIRM
10.902000,0.554499,-0.000000,0.264962,0.000000,0.000000,0.000000,-8.380134,WAIT_USER_CONFIRM
10.904000,0.554499,-0.000000,0.264962,0.000000,0.000000,0.000000,-8.380134,WAIT_USER_CONFIRM
10.906000,0.554499,-0.000000,0.264962,0.000000,0.000000,0.000000,-8.380134,WAIT_USER_CONFIRM
10.908000,0.554499,-0.000000,0.264962,0.000000,0.000000,0.000000,-8.380134,WAIT_USER_CONFIRM
10.910000,0.554499,-0.000000,0.264962,0.000000,0.000000,0.000000,-8.380134,WAIT_USER_CONFIRM
10.912000,0.554499,-0.000000,0.264962,0.000000,0.000000,0.000000,-8.380134,WAIT_USER_CONFIRM
10.914000,0.554499,-0.000000,0.264962,0.000000,0.000000,0.000000,-8.380134,WAIT_USER_CONFIRM
10.916000,0.554499,-0.000000,0.264962,0.000000,0.000000,0.000000,-8.380134,WAIT_USER_CONFIRM
10.918000,0.554499,-0.000000,0.264962,0.000000,0.000000,0.000000,-8.380134,WAIT_USER_CONFIRM
10.920000,0.554499,-0.000000,0.264962,0.000000,0.000000,0.000000,-8.380134,WAIT_USER_CONFIRM
10.922000,0.554499,-0.000000,0.264962,0.000000,0.000000,0.000000,-8.380134,WAIT_USER_CONFIRM
10.924000,0.554499,-0.000000,0.264962,0.000000,0.000000,0.000000,-8.380134,WAIT_USER_CONFIRM
10.926000,0.554499,-0.000000,0.264962,0.000000,0.000000,0.000000,-8.380134,WAIT_USER_CONFIRM
10.928000,0.554499,-0.000000,0.264962,0.000000,0.000000,0.000000,-8.380134,WAIT_USER_CONFIRM
10.930000,0.554499,-0.000000,0.264962,0.000000,0.000000,0.000000,-8.380134,WAIT_USER_CONFIRM
10.932000,0.554499,-0.000000,0.264962,0.000000,0.000000,0.000000,-8.380134,WAIT_USER_CONFIRM
10.934000,0.554499,-0.000000,0.264962,0.000000,0.000000,0.000000,-8.380134,WAIT_USER_CONFIRM
10.936000,0.554499,-0.000000,0.264962,0.000000,0.000000,0.000000,-8.380134,WAIT_USER_CONFIRM
10.938000,0.554499,-0.000000,0.264962,0.000000,0.000000,0.000000,-8.380134,WAIT_USER_CONFIRM
10.940000,0.554499,-0.000000,0.264962,0.000000,0.000000,0.000000,-8.380134,WAIT_USER_CONFIRM
10.942000,0.554499,-0.000000,0.264962,0.000000,0.000000,0.000000,-8.380134,WAIT_USER_CONFIRM
10.944000,0.554499,-0.000000,0.264962,0.000000,0.000000,0.000000,-8.380134,WAIT_USER_CONFIRM
10.946000,0.554499,-0.000000,0.264962,0.000000,0.000000,0.000000,-8.380134,WAIT_USER_CONFIRM
10.948000,0.554499,-0.000000,0.264962,0.000000,0.000000,0.000000,-8.380134,WAIT_USER_CONFIRM
10.950000,0.554499,-0.000000,0.264962,0.000000,0.000000,0.000000,-8.380134,WAIT_USER_CONFIRM
10.952000,0.554499,-0.000000,0.264962,0.000000,0.000000,0.000000,-8.380134,WAIT_USER_CONFIRM
10.954000,0.554499,-0.000000,0.264962,0.000000,0.000000,0.000000,-8.380134,WAIT_USER_CONFIRM
10.956000,0.554499,-0.000000,0.264962,0.000000,0.000000,0.000000,-8.380134,WAIT_USER_CONFIRM
10.958000,0.554499,-0.000000,0.264962,0.000000,0.000000,0.000000,-8.380134,WAIT_USER_CONFIRM
10.960000,0.554499,-0.000000,0.264962,0.000000,0.000000,0.000000,-8.380134,WAIT_USER_CONFIRM
10.962000,0.554499,-0.000000,0.264962,0.000000,0.000000,0.000000,-8.380134,WAIT_USER_CONFIRM
10.964000,0.554499,-0.000000,0.264962,0.000000,0.000000,0.000000,-8.380134,WAIT_USER_CONFIRM
10.966000,0.554499,-0.000000,0.264962,0.000000,0.000000,0.000000,-8.380134,WAIT_USER_CONFIRM
10.968000,0.554499,-0.000000,0.264962,0.000000,0.000000,0.000000,-8.380134,WAIT_USER_CONFIRM
10.970000,0.554499,-0.000000,0.264962,0.000000,0.000000,0.000000,-8.380134,WAIT_USER_CONFIRM
10.972000,0.554499,-0.000000,0.264962,0.000000,0.000000,0.000000,-8.380134,WAIT_USER_CONFIRM
10.974000,0.554499,-0.000000,0.264962,0.000000,0.000000,0.000000,-8.380134,WAIT_USER_CONFIRM
10.976000,0.554499,-0.000000,0.264962,0.000000,0.000000,0.000000,-8.380134,WAIT_USER_CONFIRM
10.978000,0.554499,-0.000000,0.264962,0.000000,0.000000,0.000000,-8.380134,WAIT_USER_CONFIRM
10.980000,0.554499,-0.000000,0.264962,0.000000,0.000000,0.000000,-8.380134,WAIT_USER_CONFIRM
10.982000,0.554499,-0.000000,0.264962,0.000000,0.000000,0.000000,-8.380134,WAIT_USER_CONFIRM
10.984000,0.554499,-0.000000,0.264962,0.000000,0.000000,0.000000,-8.380134,WAIT_USER_CONFIRM
10.986000,0.554499,-0.000000,0.264962,0.000000,0.000000,0.000000,-8.380134,WAIT_USER_CONFIRM
10.988000,0.554499,-0.000000,0.264962,0.000000,0.000000,0.000000,-8.380134,WAIT_USER_CONFIRM
10.990000,0.554499,-0.000000,0.264962,0.000000,0.000000,0.000000,-8.380134,WAIT_USER_CONFIRM
10.992000,0.554499,-0.000000,0.264962,0.000000,0.000000,0.000000,-8.380134,WAIT_USER_CONFIRM
10.994000,0.554499,-0.000000,0.264962,0.000000,0.000000,0.000000,-8.380134,WAIT_USER_CONFIRM
10.996000,0.554499,-0.000000,0.264962,0.000000,0.000000,0.000000,-8.380134,WAIT_USER_CONFIRM
10.998000,0.554499,-0.000000,0.264962,0.000000,0.000000,0.000000,-8.380134,WAIT_USER_CONFIRM
11.000000,0.554499,-0.000000,0.264962,0.000000,0.000000,0.000000,-8.380134,WAIT_USER_CONFIRM
11.002000,0.554499,-0.000000,0.264962,0.000000,0.000000,0.000000,-8.380134,WAIT_USER_CONFIRM
11.004000,0.554499,-0.000000,0.264962,0.000000,0.000000,0.000000,-8.380134,WAIT_USER_CONFIRM
11.006000,0.554499,-0.000000,0.264962,0.000000,0.000000,0.000000,-8.380134,WAIT_USER_CONFIRM
11.008000,0.554499,-0.000000,0.264962,0.000000,0.000000,0.000000,-8.380134,WAIT_USER_CONFIRM
11.010000,0.554499,-0.000000,0.264962,0.000000,0.000000,0.000000,-8.380134,WAIT_USER_CONFIRM
11.012000,0.554499,-0.000000,0.264962,0.000000,0.000000,0.000000,-8.380134,WAIT_USER_CONFIRM
11.014000,0.554499,-0.000000,0.264962,0.000000,0.000000,0.000000,-8.380134,WAIT_USER_CONFIRM
11.016000,0.554499,-0.000000,0.264962,0.000000,0.000000,0.000000,-8.380134,WAIT_USER_CONFIRM
11.018000,0.554499,-0.000000,0.264962,0.000000,0.000000,0.000000,-8.380134,WAIT_USER_CONFIRM
11.020000,0.554499,-0.000000,0.264962,0.000000,0.000000,0.000000,-8.380134,WAIT_USER_CONFIRM
11.022000,0.554499,-0.000000,0.264962,0.000000,0.000000,0.000000,-8.380134,WAIT_USER_CONFIRM
11.024000,0.554499,-0.000000,0.264962,0.000000,0.000000,0.000000,-8.380134,WAIT_USER_CONFIRM
11.026000,0.554499,-0.000000,0.264962,0.000000,0.000000,0.000000,-8.380134,WAIT_USER_CONFIRM
11.028000,0.554499,-0.000000,0.264962,0.000000,0.000000,0.000000,-8.380134,WAIT_USER_CONFIRM
11.030000,0.554499,-0.000000,0.264962,0.000000,0.000000,0.000000,-8.380134,WAIT_USER_CONFIRM
11.032000,0.554499,-0.000000,0.264962,0.000000,0.000000,0.000000,-8.380134,WAIT_USER_CONFIRM
11.034000,0.554499,-0.000000,0.264962,0.000000,0.000000,0.000000,-8.380134,WAIT_USER_CONFIRM
11.036000,0.554499,-0.000000,0.264962,0.000000,0.000000,0.000000,-8.380134,WAIT_USER_CONFIRM
11.038000,0.554499,-0.000000,0.264962,0.000000,0.000000,0.000000,-8.380134,WAIT_USER_CONFIRM
11.040000,0.554499,-0.000000,0.264962,0.000000,0.000000,0.000000,-8.380134,WAIT_USER_CONFIRM
11.042000,0.554499,-0.000000,0.264962,0.000000,0.000000,0.000000,-8.380134,WAIT_USER_CONFIRM
11.044000,0.554499,-0.000000,0.264962,0.000000,0.000000,0.000000,-8.380134,WAIT_USER_CONFIRM
11.046000,0.554499,-0.000000,0.264962,0.000000,0.000000,0.000000,-8.380134,WAIT_USER_CONFIRM
11.048000,0.554499,-0.000000,0.264962,0.000000,0.000000,0.000000,-8.380134,WAIT_USER_CONFIRM
11.050000,0.554499,-0.000000,0.264962,0.000000,0.000000,0.000000,-8.380134,WAIT_USER_CONFIRM
11.052000,0.554499,-0.000000,0.264962,0.000000,0.000000,0.000000,-8.380134,WAIT_USER_CONFIRM
11.054000,0.554499,-0.000000,0.264962,0.000000,0.000000,0.000000,-8.380134,WAIT_USER_CONFIRM
11.056000,0.554499,-0.000000,0.264962,0.000000,0.000000,0.000000,-8.380134,WAIT_USER_CONFIRM
11.058000,0.554499,-0.000000,0.264962,0.000000,0.000000,0.000000,-8.380134,WAIT_USER_CONFIRM
11.060000,0.554499,-0.000000,0.264962,0.000000,0.000000,0.000000,-8.380134,WAIT_USER_CONFIRM
11.062000,0.554499,-0.000000,0.264962,0.000000,0.000000,0.000000,-8.380134,WAIT_USER_CONFIRM
11.064000,0.554499,-0.000000,0.264962,0.000000,0.000000,0.000000,-8.380134,WAIT_USER_CONFIRM
11.066000,0.554499,-0.000000,0.264962,0.000000,0.000000,0.000000,-8.380134,WAIT_USER_CONFIRM
11.068000,0.554499,-0.000000,0.264962,0.000000,0.000000,0.000000,-8.380134,WAIT_USER_CONFIRM
11.070000,0.554499,-0.000000,0.264962,0.000000,0.000000,0.000000,-8.380134,WAIT_USER_CONFIRM
11.072000,0.554499,-0.000000,0.264962,0.000000,0.000000,0.000000,-8.380134,WAIT_USER_CONFIRM
11.074000,0.554499,-0.000000,0.264962,0.000000,0.000000,0.000000,-8.380134,WAIT_USER_CONFIRM
11.076000,0.554499,-0.000000,0.264962,0.000000,0.000000,0.000000,-8.380134,WAIT_USER_CONFIRM
11.078000,0.554499,-0.000000,0.264962,0.000000,0.000000,0.000000,-8.380134,WAIT_USER_CONFIRM
11.080000,0.554499,-0.000000,0.264962,0.000000,0.000000,0.000000,-8.380134,WAIT_USER_CONFIRM
11.082000,0.554499,-0.000000,0.264962,0.000000,0.000000,0.000000,-8.380134,WAIT_USER_CONFIRM
11.084000,0.554499,-0.000000,0.264962,0.000000,0.000000,0.000000,-8.380134,WAIT_USER_CONFIRM
11.086000,0.554499,-0.000000,0.264962,0.000000,0.000000,0.000000,-8.380134,WAIT_USER_CONFIRM
11.088000,0.554499,-0.000000,0.264962,0.000000,0.000000,0.000000,-8.380134,WAIT_USER_CONFIRM
11.090000,0.554499,-0.000000,0.264962,0.000000,0.000000,0.000000,-8.380134,WAIT_USER_CONFIRM
11.092000,0.554499,-0.000000,0.264962,0.000000,0.000000,0.000000,-8.380134,WAIT_USER_CONFIRM
11.094000,0.554499,-0.000000,0.264962,0.000000,0.000000,0.000000,-8.380134,WAIT_USER_CONFIRM
11.096000,0.554499,-0.000000,0.264962,0.000000,0.000000,0.000000,-8.380134,WAIT_USER_CONFIRM
11.098000,0.554499,-0.000000,0.264962,0.000000,0.000000,0.000000,-8.380134,WAIT_USER_CONFIRM
11.100000,0.554499,-0.000000,0.264962,0.000000,0.000000,0.000000,-8.380134,WAIT_USER_CONFIRM
11.102000,0.554499,-0.000000,0.264962,0.000000,0.000000,0.000000,-8.380134,WAIT_USER_CONFIRM
11.104000,0.554499,-0.000000,0.264962,0.000000,0.000000,0.000000,-8.380134,WAIT_USER_CONFIRM
11.106000,0.554499,-0.000000,0.264962,0.000000,0.000000,0.000000,-8.380134,WAIT_USER_CONFIRM
11.108000,0.554499,-0.000000,0.264962,0.000000,0.000000,0.000000,-8.380134,WAIT_USER_CONFIRM
11.110000,0.554499,-0.000000,0.264962,0.000000,0.000000,0.000000,-8.380134,WAIT_USER_CONFIRM
11.112000,0.554499,-0.000000,0.264962,0.000000,0.000000,0.000000,-8.380134,WAIT_USER_CONFIRM
11.114000,0.554499,-0.000000,0.264962,0.000000,0.000000,0.000000,-8.380134,WAIT_USER_CONFIRM
11.116000,0.554499,-0.000000,0.264962,0.000000,0.000000,0.000000,-8.380134,WAIT_USER_CONFIRM
11.118000,0.554499,-0.000000,0.264962,0.000000,0.000000,0.000000,-8.380134,WAIT_USER_CONFIRM
11.120000,0.554499,-0.000000,0.264962,0.000000,0.000000,0.000000,-8.380134,WAIT_USER_CONFIRM
11.122000,0.554499,-0.000000,0.264962,0.000000,0.000000,0.000000,-8.380134,WAIT_USER_CONFIRM
11.124000,0.554499,-0.000000,0.264962,0.000000,0.000000,0.000000,-8.380134,WAIT_USER_CONFIRM
11.126000,0.554499,-0.000000,0.264962,0.000000,0.000000,0.000000,-8.380134,WAIT_USER_CONFIRM
11.128000,0.554499,-0.000000,0.264962,0.000000,0.000000,0.000000,-8.380134,WAIT_USER_CONFIRM
11.130000,0.554499,-0.000000,0.264962,0.000000,0.000000,0.000000,-8.380134,WAIT_USER_CONFIRM
11.132000,0.554499,-0.000000,0.264962,0.000000,0.000000,0.000000,-8.380134,WAIT_USER_CONFIRM
11.134000,0.554499,-0.000000,0.264962,0.000000,0.000000,0.000000,-8.380134,WAIT_USER_CONFIRM
11.136000,0.554499,-0.000000,0.264962,0.000000,0.000000,0.000000,-8.380134,WAIT_USER_CONFIRM
11.138000,0.554499,-0.000000,0.264962,0.000000,0.000000,0.000000,-8.380134,WAIT_USER_CONFIRM
11.140000,0.554499,-0.000000,0.264962,0.000000,0.000000,0.000000,-8.380134,WAIT_USER_CONFIRM
11.142000,0.554499,-0.000000,0.264962,0.000000,0.000000,0.000000,-8.380134,WAIT_USER_CONFIRM
11.144000,0.554499,-0.000000,0.264962,0.000000,0.000000,0.000000,-8.380134,WAIT_USER_CONFIRM
11.146000,0.554499,-0.000000,0.264962,0.000000,0.000000,0.000000,-8.380134,WAIT_USER_CONFIRM
11.148000,0.554499,-0.000000,0.264962,0.000000,0.000000,0.000000,-8.380134,WAIT_USER_CONFIRM
11.150000,0.554499,-0.000000,0.264962,0.000000,0.000000,0.000000,-8.380134,WAIT_USER_CONFIRM
11.152000,0.554499,-0.000000,0.264962,0.000000,0.000000,0.000000,-8.380134,WAIT_USER_CONFIRM
11.154000,0.554499,-0.000000,0.264962,0.000000,0.000000,0.000000,-8.380134,WAIT_USER_CONFIRM
11.156000,0.554499,-0.000000,0.264962,0.000000,0.000000,0.000000,-8.380134,WAIT_USER_CONFIRM
11.158000,0.554499,-0.000000,0.264962,0.000000,0.000000,0.000000,-8.380134,WAIT_USER_CONFIRM
11.160000,0.554499,-0.000000,0.264962,0.000000,0.000000,0.000000,-8.380134,WAIT_USER_CONFIRM
11.162000,0.554499,-0.000000,0.264962,0.000000,0.000000,0.000000,-8.380134,WAIT_USER_CONFIRM
11.164000,0.554499,-0.000000,0.264962,0.000000,0.000000,0.000000,-8.380134,WAIT_USER_CONFIRM
11.166000,0.554499,-0.000000,0.264962,0.000000,0.000000,0.000000,-8.380134,WAIT_USER_CONFIRM
11.168000,0.554499,-0.000000,0.264962,0.000000,0.000000,0.000000,-8.380134,WAIT_USER_CONFIRM
11.170000,0.554499,-0.000000,0.264962,0.000000,0.000000,0.000000,-8.380134,WAIT_USER_CONFIRM
11.172000,0.554499,-0.000000,0.264962,0.000000,0.000000,0.000000,-8.380134,WAIT_USER_CONFIRM
11.174000,0.554499,-0.000000,0.264962,0.000000,0.000000,0.000000,-8.380134,WAIT_USER_CONFIRM
11.176000,0.554499,-0.000000,0.264962,0.000000,0.000000,0.000000,-8.380134,WAIT_USER_CONFIRM
11.178000,0.554499,-0.000000,0.264962,0.000000,0.000000,0.000000,-8.380134,WAIT_USER_CONFIRM
11.180000,0.554499,-0.000000,0.264962,0.000000,0.000000,0.000000,-8.380134,WAIT_USER_CONFIRM
11.182000,0.554499,-0.000000,0.264962,0.000000,0.000000,0.000000,-8.380134,WAIT_USER_CONFIRM
11.184000,0.554499,-0.000000,0.264962,0.000000,0.000000,0.000000,-8.380134,WAIT_USER_CONFIRM
11.186000,0.554499,-0.000000,0.264962,0.000000,0.000000,0.000000,-8.380134,WAIT_USER_CONFIRM
11.188000,0.554499,-0.000000,0.264962,0.000000,0.000000,0.000000,-8.380134,WAIT_USER_CONFIRM
11.190000,0.554499,-0.000000,0.264962,0.000000,0.000000,0.000000,-8.380134,WAIT_USER_CONFIRM
11.192000,0.554499,-0.000000,0.264962,0.000000,0.000000,0.000000,-8.380134,WAIT_USER_CONFIRM
11.194000,0.554499,-0.000000,0.264962,0.000000,0.000000,0.000000,-8.380134,WAIT_USER_CONFIRM
11.196000,0.554499,-0.000000,0.264962,0.000000,0.000000,0.000000,-8.380134,WAIT_USER_CONFIRM
11.198000,0.554499,-0.000000,0.264962,0.000000,0.000000,0.000000,-8.380134,WAIT_USER_CONFIRM
11.200000,0.554499,-0.000000,0.264962,0.000000,0.000000,0.000000,-8.380134,WAIT_USER_CONFIRM
11.202000,0.554499,-0.000000,0.264962,0.000000,0.000000,0.000000,-8.380134,WAIT_USER_CONFIRM
11.204000,0.554499,-0.000000,0.264962,0.000000,0.000000,0.000000,-8.380134,WAIT_USER_CONFIRM
11.206000,0.554499,-0.000000,0.264962,0.000000,0.000000,0.000000,-8.380134,WAIT_USER_CONFIRM
11.208000,0.554499,-0.000000,0.264962,0.000000,0.000000,0.000000,-8.380134,WAIT_USER_CONFIRM
11.210000,0.554499,-0.000000,0.264962,0.000000,0.000000,0.000000,-8.380134,WAIT_USER_CONFIRM
11.212000,0.554499,-0.000000,0.264962,0.000000,0.000000,0.000000,-8.380134,WAIT_USER_CONFIRM
11.214000,0.554499,-0.000000,0.264962,0.000000,0.000000,0.000000,-8.380134,WAIT_USER_CONFIRM
11.216000,0.554499,-0.000000,0.264962,0.000000,0.000000,0.000000,-8.380134,WAIT_USER_CONFIRM
11.218000,0.554499,-0.000000,0.264962,0.000000,0.000000,0.000000,-8.380134,WAIT_USER_CONFIRM
11.220000,0.554499,-0.000000,0.264962,0.000000,0.000000,0.000000,-8.380134,WAIT_USER_CONFIRM
11.222000,0.554499,-0.000000,0.264962,0.000000,0.000000,0.000000,-8.380134,WAIT_USER_CONFIRM
11.224000,0.554499,-0.000000,0.264962,0.000000,0.000000,0.000000,-8.380134,WAIT_USER_CONFIRM
11.226000,0.554499,-0.000000,0.264962,0.000000,0.000000,0.000000,-8.380134,WAIT_USER_CONFIRM
11.228000,0.554499,-0.000000,0.264962,0.000000,0.000000,0.000000,-8.380134,WAIT_USER_CONFIRM
11.230000,0.554499,-0.000000,0.264962,0.000000,0.000000,0.000000,-8.380134,WAIT_USER_CONFIRM
11.232000,0.554499,-0.000000,0.264962,0.000000,0.000000,0.000000,-8.380134,WAIT_USER_CONFIRM
11.234000,0.554499,-0.000000,0.264962,0.000000,0.000000,0.000000,-8.380134,WAIT_USER_CONFIRM
11.236000,0.554499,-0.000000,0.264962,0.000000,0.000000,0.000000,-8.380134,WAIT_USER_CONFIRM
11.238000,0.554499,-0.000000,0.264962,0.000000,0.000000,0.000000,-8.380134,WAIT_USER_CONFIRM
11.240000,0.554499,-0.000000,0.264962,0.000000,0.000000,0.000000,-8.380134,WAIT_USER_CONFIRM
11.242000,0.554499,-0.000000,0.264962,0.000000,0.000000,0.000000,-8.380134,WAIT_USER_CONFIRM
11.244000,0.554499,-0.000000,0.264962,0.000000,0.000000,0.000000,-8.380134,WAIT_USER_CONFIRM
11.246000,0.554499,-0.000000,0.264962,0.000000,0.000000,0.000000,-8.380134,WAIT_USER_CONFIRM
11.248000,0.554499,-0.000000,0.264962,0.000000,0.000000,0.000000,-8.380134,WAIT_USER_CONFIRM
11.250000,0.554499,-0.000000,0.264962,0.000000,0.000000,0.000000,-8.380134,WAIT_USER_CONFIRM
11.252000,0.554499,-0.000000,0.264962,0.000000,0.000000,0.000000,-8.380134,WAIT_USER_CONFIRM
11.254000,0.554499,-0.000000,0.264962,0.000000,0.000000,0.000000,-8.380134,WAIT_USER_CONFIRM
11.256000,0.554499,-0.000000,0.264962,0.000000,0.000000,0.000000,-8.380134,WAIT_USER_CONFIRM
11.258000,0.554499,-0.000000,0.264962,0.000000,0.000000,0.000000,-8.380134,WAIT_USER_CONFIRM
11.260000,0.554499,-0.000000,0.264962,0.000000,0.000000,0.000000,-8.380134,WAIT_USER_CONFIRM
11.262000,0.554499,-0.000000,0.264962,0.000000,0.000000,0.000000,-8.380134,WAIT_USER_CONFIRM
11.264000,0.554499,-0.000000,0.264962,0.000000,0.000000,0.000000,-8.380134,WAIT_USER_CONFIRM
11.266000,0.554499,-0.000000,0.264962,0.000000,0.000000,0.000000,-8.380134,WAIT_USER_CONFIRM
11.268000,0.554499,-0.000000,0.264962,0.000000,0.000000,0.000000,-8.380134,WAIT_USER_CONFIRM
11.270000,0.554499,-0.000000,0.264962,0.000000,0.000000,0.000000,-8.380134,WAIT_USER_CONFIRM
11.272000,0.554499,-0.000000,0.264962,0.000000,0.000000,0.000000,-8.380134,WAIT_USER_CONFIRM
11.274000,0.554499,-0.000000,0.264962,0.000000,0.000000,0.000000,-8.380134,WAIT_USER_CONFIRM
11.276000,0.554499,-0.000000,0.264962,0.000000,0.000000,0.000000,-8.380134,WAIT_USER_CONFIRM
11.278000,0.554499,-0.000000,0.264962,0.000000,0.000000,0.000000,-8.380134,WAIT_USER_CONFIRM
11.280000,0.554499,-0.000000,0.264962,0.000000,0.000000,0.000000,-8.380134,WAIT_USER_CONFIRM
11.282000,0.554499,-0.000000,0.264962,0.000000,0.000000,0.000000,-8.380134,WAIT_USER_CONFIRM
11.284000,0.554499,-0.000000,0.264962,0.000000,0.000000,0.000000,-8.380134,WAIT_USER_CONFIRM
11.286000,0.554499,-0.000000,0.264962,0.000000,0.000000,0.000000,-8.380134,WAIT_USER_CONFIRM
11.288000,0.554499,-0.000000,0.264962,0.000000,0.000000,0.000000,-8.380134,WAIT_USER_CONFIRM
11.290000,0.554499,-0.000000,0.264962,0.000000,0.000000,0.000000,-8.380134,WAIT_USER_CONFIRM
11.292000,0.554499,-0.000000,0.264962,0.000000,0.000000,0.000000,-8.380134,WAIT_USER_CONFIRM
11.294000,0.554499,-0.000000,0.264962,0.000000,0.000000,0.000000,-8.380134,WAIT_USER_CONFIRM
11.296000,0.554499,-0.000000,0.264962,0.000000,0.000000,0.000000,-8.380134,WAIT_USER_CONFIRM
11.298000,0.554499,-0.000000,0.264962,0.000000,0.000000,0.000000,-8.380134,WAIT_USER_CONFIRM
11.300000,0.554499,-0.000000,0.264962,0.000000,0.000000,0.000000,-8.380134,WAIT_USER_CONFIRM
11.302000,0.554499,-0.000000,0.264962,0.000000,0.000000,0.000000,-8.380134,WAIT_USER_CONFIRM
11.304000,0.554499,-0.000000,0.264962,0.000000,0.000000,0.000000,-8.380134,WAIT_USER_CONFIRM
11.306000,0.554499,-0.000000,0.264962,0.000000,0.000000,0.000000,-8.380134,WAIT_USER_CONFIRM
11.308000,0.554499,-0.000000,0.264962,0.000000,0.000000,0.000000,-8.380134,WAIT_USER_CONFIRM
11.310000,0.554499,-0.000000,0.264962,0.000000,0.000000,0.000000,-8.380134,WAIT_USER_CONFIRM
11.312000,0.554499,-0.000000,0.264962,0.000000,0.000000,0.000000,-8.380134,WAIT_USER_CONFIRM
11.314000,0.554499,-0.000000,0.264962,0.000000,0.000000,0.000000,-8.380134,WAIT_USER_CONFIRM
11.316000,0.554499,-0.000000,0.264962,0.000000,0.000000,0.000000,-8.380134,WAIT_USER_CONFIRM
11.318000,0.554499,-0.000000,0.264962,0.000000,0.000000,0.000000,-8.380134,WAIT_USER_CONFIRM
11.320000,0.554499,-0.000000,0.264962,0.000000,0.000000,0.000000,-8.380134,WAIT_USER_CONFIRM
11.322000,0.554499,-0.000000,0.264962,0.000000,0.000000,0.000000,-8.380134,WAIT_USER_CONFIRM
11.324000,0.554499,-0.000000,0.264962,0.000000,0.000000,0.000000,-8.380134,WAIT_USER_CONFIRM
11.326000,0.554499,-0.000000,0.264962,0.000000,0.000000,0.000000,-8.380134,WAIT_USER_CONFIRM
11.328000,0.554499,-0.000000,0.264962,0.000000,0.000000,0.000000,-8.380134,WAIT_USER_CONFIRM
11.330000,0.554499,-0.000000,0.264962,0.000000,0.000000,0.000000,-8.380134,WAIT_USER_CONFIRM
11.332000,0.554499,-0.000000,0.264962,0.000000,0.000000,0.000000,-8.380134,WAIT_USER_CONFIRM
11.334000,0.554499,-0.000000,0.264962,0.000000,0.000000,0.000000,-8.380134,WAIT_USER_CONFIRM
11.336000,0.554499,-0.000000,0.264962,0.000000,0.000000,0.000000,-8.380134,WAIT_USER_CONFIRM
11.338000,0.554499,-0.000000,0.264962,0.000000,0.000000,0.000000,-8.380134,WAIT_USER_CONFIRM
11.340000,0.554499,-0.000000,0.264962,0.000000,0.000000,0.000000,-8.380134,WAIT_USER_CONFIRM
11.342000,0.554499,-0.000000,0.264962,0.000000,0.000000,0.000000,-8.380134,WAIT_USER_CONFIRM
11.344000,0.554499,-0.000000,0.264962,0.000000,0.000000,0.000000,-8.380134,WAIT_USER_CONFIRM
11.346000,0.554499,-0.000000,0.264962,0.000000,0.000000,0.000000,-8.380134,WAIT_USER_CONFIRM
11.348000,0.554499,-0.000000,0.264962,0.000000,0.000000,0.000000,-8.380134,WAIT_USER_CONFIRM
11.350000,0.554499,-0.000000,0.264962,0.000000,0.000000,0.000000,-8.380134,WAIT_USER_CONFIRM
11.352000,0.554499,-0.000000,0.264962,0.000000,0.000000,0.000000,-8.380134,WAIT_USER_CONFIRM
11.354000,0.554499,-0.000000,0.264962,0.000000,0.000000,0.000000,-8.380134,WAIT_USER_CONFIRM
11.356000,0.554499,-0.000000,0.264962,0.000000,0.000000,0.000000,-8.380134,WAIT_USER_CONFIRM
11.358000,0.554499,-0.000000,0.264962,0.000000,0.000000,0.000000,-8.380134,WAIT_USER_CONFIRM
11.360000,0.554499,-0.000000,0.264962,0.000000,0.000000,0.000000,-8.380134,WAIT_USER_CONFIRM
11.362000,0.554499,-0.000000,0.264962,0.000000,0.000000,0.000000,-8.380134,WAIT_USER_CONFIRM
11.364000,0.554499,-0.000000,0.264962,0.000000,0.000000,0.000000,-8.380134,WAIT_USER_CONFIRM
11.366000,0.554499,-0.000000,0.264962,0.000000,0.000000,0.000000,-8.380134,WAIT_USER_CONFIRM
11.368000,0.554499,-0.000000,0.264962,0.000000,0.000000,0.000000,-8.380134,WAIT_USER_CONFIRM
11.370000,0.554499,-0.000000,0.264962,0.000000,0.000000,0.000000,-8.380134,WAIT_USER_CONFIRM
11.372000,0.554499,-0.000000,0.264962,0.000000,0.000000,0.000000,-8.380134,WAIT_USER_CONFIRM
11.374000,0.554499,-0.000000,0.264962,0.000000,0.000000,0.000000,-8.380134,WAIT_USER_CONFIRM
11.376000,0.554499,-0.000000,0.264962,0.000000,0.000000,0.000000,-8.380134,WAIT_USER_CONFIRM
11.378000,0.554499,-0.000000,0.264962,0.000000,0.000000,0.000000,-8.380134,WAIT_USER_CONFIRM
11.380000,0.554499,-0.000000,0.264962,0.000000,0.000000,0.000000,-8.380134,WAIT_USER_CONFIRM
11.382000,0.554499,-0.000000,0.264962,0.000000,0.000000,0.000000,-8.380134,WAIT_USER_CONFIRM
11.384000,0.554499,-0.000000,0.264962,0.000000,0.000000,0.000000,-8.380134,WAIT_USER_CONFIRM
11.386000,0.554499,-0.000000,0.264962,0.000000,0.000000,0.000000,-8.380134,WAIT_USER_CONFIRM
11.388000,0.554499,-0.000000,0.264962,0.000000,0.000000,0.000000,-8.380134,WAIT_USER_CONFIRM
11.390000,0.554499,-0.000000,0.264962,0.000000,0.000000,0.000000,-8.380134,WAIT_USER_CONFIRM
11.392000,0.554499,-0.000000,0.264962,0.000000,0.000000,0.000000,-8.380134,WAIT_USER_CONFIRM
11.394000,0.554499,-0.000000,0.264962,0.000000,0.000000,0.000000,-8.380134,WAIT_USER_CONFIRM
11.396000,0.554499,-0.000000,0.264962,0.000000,0.000000,0.000000,-8.380134,WAIT_USER_CONFIRM
11.398000,0.554499,-0.000000,0.264962,0.000000,0.000000,0.000000,-8.380134,WAIT_USER_CONFIRM
11.400000,0.554499,-0.000000,0.264962,0.000000,0.000000,0.000000,-8.380134,WAIT_USER_CONFIRM
11.402000,0.554499,-0.000000,0.264962,0.000000,0.000000,0.000000,-8.380134,WAIT_USER_CONFIRM
11.404000,0.554499,-0.000000,0.264962,0.000000,0.000000,0.000000,-8.380134,WAIT_USER_CONFIRM
11.406000,0.554499,-0.000000,0.264962,0.000000,0.000000,0.000000,-8.380134,WAIT_USER_CONFIRM
11.408000,0.554499,-0.000000,0.264962,0.000000,0.000000,0.000000,-8.380134,WAIT_USER_CONFIRM
11.410000,0.554499,-0.000000,0.264962,0.000000,0.000000,0.000000,-8.380134,WAIT_USER_CONFIRM
11.412000,0.554499,-0.000000,0.264962,0.000000,0.000000,0.000000,-8.380134,WAIT_USER_CONFIRM
11.414000,0.554499,-0.000000,0.264962,0.000000,0.000000,0.000000,-8.380134,WAIT_USER_CONFIRM
11.416000,0.554499,-0.000000,0.264962,0.000000,0.000000,0.000000,-8.380134,WAIT_USER_CONFIRM
11.418000,0.554499,-0.000000,0.264962,0.000000,0.000000,0.000000,-8.380134,WAIT_USER_CONFIRM
11.420000,0.554499,-0.000000,0.264962,0.000000,0.000000,0.000000,-8.380134,WAIT_USER_CONFIRM
11.422000,0.554499,-0.000000,0.264962,0.000000,0.000000,0.000000,-8.380134,WAIT_USER_CONFIRM
11.424000,0.554499,-0.000000,0.264962,0.000000,0.000000,0.000000,-8.380134,WAIT_USER_CONFIRM
11.426000,0.554499,-0.000000,0.264962,0.000000,0.000000,0.000000,-8.380134,WAIT_USER_CONFIRM
11.428000,0.554499,-0.000000,0.264962,0.000000,0.000000,0.000000,-8.380134,WAIT_USER_CONFIRM
11.430000,0.554499,-0.000000,0.264962,0.000000,0.000000,0.000000,-8.380134,WAIT_USER_CONFIRM
11.432000,0.554499,-0.000000,0.264962,0.000000,0.000000,0.000000,-8.380134,WAIT_USER_CONFIRM
11.434000,0.554499,-0.000000,0.264962,0.000000,0.000000,0.000000,-8.380134,WAIT_USER_CONFIRM
11.436000,0.554499,-0.000000,0.264962,0.000000,0.000000,0.000000,-8.380134,WAIT_USER_CONFIRM
11.438000,0.554499,-0.000000,0.264962,0.000000,0.000000,0.000000,-8.380134,WAIT_USER_CONFIRM
11.440000,0.554499,-0.000000,0.264962,0.000000,0.000000,0.000000,-8.380134,WAIT_USER_CONFIRM
11.442000,0.554499,-0.000000,0.264962,0.000000,0.000000,0.000000,-8.380134,WAIT_USER_CONFIRM
11.444000,0.554499,-0.000000,0.264962,0.000000,0.000000,0.000000,-8.380134,WAIT_USER_CONFIRM
11.446000,0.554499,-0.000000,0.264962,0.000000,0.000000,0.000000,-8.380134,WAIT_USER_CONFIRM
11.448000,0.554499,-0.000000,0.264962,0.000000,0.000000,0.000000,-8.380134,WAIT_USER_CONFIRM
11.450000,0.554499,-0.000000,0.264962,0.000000,0.000000,0.000000,-8.380134,WAIT_USER_CONFIRM
11.452000,0.554499,-0.000000,0.264962,0.000000,0.000000,0.000000,-8.380134,WAIT_USER_CONFIRM
11.454000,0.554499,-0.000000,0.264962,0.000000,0.000000,0.000000,-8.380134,WAIT_USER_CONFIRM
11.456000,0.554499,-0.000000,0.264962,0.000000,0.000000,0.000000,-8.380134,WAIT_USER_CONFIRM
11.458000,0.554499,-0.000000,0.264962,0.000000,0.000000,0.000000,-8.380134,WAIT_USER_CONFIRM
11.460000,0.554499,-0.000000,0.264962,0.000000,0.000000,0.000000,-8.380134,WAIT_USER_CONFIRM
11.462000,0.554499,-0.000000,0.264962,0.000000,0.000000,0.000000,-8.380134,WAIT_USER_CONFIRM
11.464000,0.554499,-0.000000,0.264962,0.000000,0.000000,0.000000,-8.380134,WAIT_USER_CONFIRM
11.466000,0.554499,-0.000000,0.264962,0.000000,0.000000,0.000000,-8.380134,WAIT_USER_CONFIRM
11.468000,0.554499,-0.000000,0.264962,0.000000,0.000000,0.000000,-8.380134,WAIT_USER_CONFIRM
11.470000,0.554499,-0.000000,0.264962,0.000000,0.000000,0.000000,-8.380134,WAIT_USER_CONFIRM
11.472000,0.554499,-0.000000,0.264962,0.000000,0.000000,0.000000,-8.380134,WAIT_USER_CONFIRM
11.474000,0.554499,-0.000000,0.264962,0.000000,0.000000,0.000000,-8.380134,WAIT_USER_CONFIRM
11.476000,0.554499,-0.000000,0.264962,0.000000,0.000000,0.000000,-8.380134,WAIT_USER_CONFIRM
11.478000,0.554499,-0.000000,0.264962,0.000000,0.000000,0.000000,-8.380134,WAIT_USER_CONFIRM
11.480000,0.554499,-0.000000,0.264962,0.000000,0.000000,0.000000,-8.380134,WAIT_USER_CONFIRM
11.482000,0.554499,-0.000000,0.264962,0.000000,0.000000,0.000000,-8.380134,WAIT_USER_CONFIRM
11.484000,0.554499,-0.000000,0.264962,0.000000,0.000000,0.000000,-8.380134,WAIT_USER_CONFIRM
11.486000,0.554499,-0.000000,0.264962,0.000000,0.000000,0.000000,-8.380134,WAIT_USER_CONFIRM
11.488000,0.554499,-0.000000,0.264962,0.000000,0.000000,0.000000,-8.380134,WAIT_USER_CONFIRM
11.490000,0.554499,-0.000000,0.264962,0.000000,0.000000,0.000000,-8.380134,WAIT_USER_CONFIRM
11.492000,0.554499,-0.000000,0.264962,0.000000,0.000000,0.000000,-8.380134,WAIT_USER_CONFIRM
11.494000,0.554499,-0.000000,0.264962,0.000000,0.000000,0.000000,-8.380134,WAIT_USER_CONFIRM
11.496000,0.554499,-0.000000,0.264962,0.000000,0.000000,0.000000,-8.380134,WAIT_USER_CONFIRM
11.498000,0.554499,-0.000000,0.264962,0.000000,0.000000,0.000000,-8.380134,WAIT_USER_CONFIRM
11.500000,0.554499,-0.000000,0.264962,0.000000,0.000000,0.000000,-8.380134,WAIT_USER_CONFIRM
11.502000,0.554499,-0.000000,0.264962,0.000000,0.000000,0.000000,-8.380134,WAIT_USER_CONFIRM
11.504000,0.554499,-0.000000,0.264962,0.000000,0.000000,0.000000,-8.380134,WAIT_USER_CONFIRM
11.506000,0.554499,-0.000000,0.264962,0.000000,0.000000,0.000000,-8.380134,WAIT_USER_CONFIRM
11.508000,0.554499,-0.000000,0.264962,0.000000,0.000000,0.000000,-8.380134,WAIT_USER_CONFIRM
11.510000,0.554499,-0.000000,0.264962,0.000000,0.000000,0.000000,-8.380134,WAIT_USER_CONFIRM
11.512000,0.554499,-0.000000,0.264962,0.000000,0.000000,0.000000,-8.380134,WAIT_USER_CONFIRM
11.514000,0.554499,-0.000000,0.264962,0.000000,0.000000,0.000000,-8.380134,WAIT_USER_CONFIRM
11.516000,0.554499,-0.000000,0.264962,0.000000,0.000000,0.000000,-8.380134,WAIT_USER_CONFIRM
11.518000,0.554499,-0.000000,0.264962,0.000000,0.000000,0.000000,-8.380134,WAIT_USER_CONFIRM
11.520000,0.554499,-0.000000,0.264962,0.000000,0.000000,0.000000,-8.380134,WAIT_USER_CONFIRM
11.522000,0.554499,-0.000000,0.264962,0.000000,0.000000,0.000000,-8.380134,WAIT_USER_CONFIRM
11.524000,0.554499,-0.000000,0.264962,0.000000,0.000000,0.000000,-8.380134,WAIT_USER_CONFIRM
11.526000,0.554499,-0.000000,0.264962,0.000000,0.000000,0.000000,-8.380134,WAIT_USER_CONFIRM
11.528000,0.554499,-0.000000,0.264962,0.000000,0.000000,0.000000,-8.380134,WAIT_USER_CONFIRM
11.530000,0.554499,-0.000000,0.264962,0.000000,0.000000,0.000000,-8.380134,WAIT_USER_CONFIRM
11.532000,0.554499,-0.000000,0.264962,0.000000,0.000000,0.000000,-8.380134,WAIT_USER_CONFIRM
11.534000,0.554499,-0.000000,0.264962,0.000000,0.000000,0.000000,-8.380134,WAIT_USER_CONFIRM
11.536000,0.554499,-0.000000,0.264962,0.000000,0.000000,0.000000,-8.380134,WAIT_USER_CONFIRM
11.538000,0.554499,-0.000000,0.264962,0.000000,0.000000,0.000000,-8.380134,WAIT_USER_CONFIRM
11.540000,0.554499,-0.000000,0.264962,0.000000,0.000000,0.000000,-8.380134,WAIT_USER_CONFIRM
11.542000,0.554499,-0.000000,0.264962,0.000000,0.000000,0.000000,-8.380134,WAIT_USER_CONFIRM
11.544000,0.554499,-0.000000,0.264962,0.000000,0.000000,0.000000,-8.380134,WAIT_USER_CONFIRM
11.546000,0.554499,-0.000000,0.264962,0.000000,0.000000,0.000000,-8.380134,WAIT_USER_CONFIRM
11.548000,0.554499,-0.000000,0.264962,0.000000,0.000000,0.000000,-8.380134,WAIT_USER_CONFIRM
11.550000,0.554499,-0.000000,0.264962,0.000000,0.000000,0.000000,-8.380134,WAIT_USER_CONFIRM
11.552000,0.554499,-0.000000,0.264962,0.000000,0.000000,0.000000,-8.380134,WAIT_USER_CONFIRM
11.554000,0.554499,-0.000000,0.264962,0.000000,0.000000,0.000000,-8.380134,WAIT_USER_CONFIRM
11.556000,0.554499,-0.000000,0.264962,0.000000,0.000000,0.000000,-8.380134,WAIT_USER_CONFIRM
11.558000,0.554499,-0.000000,0.264962,0.000000,0.000000,0.000000,-8.380134,WAIT_USER_CONFIRM
11.560000,0.554499,-0.000000,0.264962,0.000000,0.000000,0.000000,-8.380134,WAIT_USER_CONFIRM
11.562000,0.554499,-0.000000,0.264962,0.000000,0.000000,0.000000,-8.380134,WAIT_USER_CONFIRM
11.564000,0.554499,-0.000000,0.264962,0.000000,0.000000,0.000000,-8.380134,WAIT_USER_CONFIRM
11.566000,0.554499,-0.000000,0.264962,0.000000,0.000000,0.000000,-8.380134,WAIT_USER_CONFIRM
11.568000,0.554499,-0.000000,0.264962,0.000000,0.000000,0.000000,-8.380134,WAIT_USER_CONFIRM
11.570000,0.554499,-0.000000,0.264962,0.000000,0.000000,0.000000,-8.380134,WAIT_USER_CONFIRM
11.572000,0.554499,-0.000000,0.264962,0.000000,0.000000,0.000000,-8.380134,WAIT_USER_CONFIRM
11.574000,0.554499,-0.000000,0.264962,0.000000,0.000000,0.000000,-8.380134,WAIT_USER_CONFIRM
11.576000,0.554499,-0.000000,0.264962,0.000000,0.000000,0.000000,-8.380134,WAIT_USER_CONFIRM
11.578000,0.554499,-0.000000,0.264962,0.000000,0.000000,0.000000,-8.380134,WAIT_USER_CONFIRM
11.580000,0.554499,-0.000000,0.264962,0.000000,0.000000,0.000000,-8.380134,WAIT_USER_CONFIRM
11.582000,0.554499,-0.000000,0.264962,0.000000,0.000000,0.000000,-8.380134,WAIT_USER_CONFIRM
11.584000,0.554499,-0.000000,0.264962,0.000000,0.000000,0.000000,-8.380134,WAIT_USER_CONFIRM
11.586000,0.554499,-0.000000,0.264962,0.000000,0.000000,0.000000,-8.380134,WAIT_USER_CONFIRM
11.588000,0.554499,-0.000000,0.264962,0.000000,0.000000,0.000000,-8.380134,WAIT_USER_CONFIRM
11.590000,0.554499,-0.000000,0.264962,0.000000,0.000000,0.000000,-8.380134,WAIT_USER_CONFIRM
11.592000,0.554499,-0.000000,0.264962,0.000000,0.000000,0.000000,-8.380134,WAIT_USER_CONFIRM
11.594000,0.554499,-0.000000,0.264962,0.000000,0.000000,0.000000,-8.380134,WAIT_USER_CONFIRM
11.596000,0.554499,-0.000000,0.264962,0.000000,0.000000,0.000000,-8.380134,WAIT_USER_CONFIRM
11.598000,0.554499,-0.000000,0.264962,0.000000,0.000000,0.000000,-8.380134,WAIT_USER_CONFIRM
11.600000,0.554499,-0.000000,0.264962,0.000000,0.000000,0.000000,-8.380134,WAIT_USER_CONFIRM
11.602000,0.554499,-0.000000,0.264962,0.000000,0.000000,0.000000,-8.380134,WAIT_USER_CONFIRM
11.604000,0.554499,-0.000000,0.264962,0.000000,0.000000,0.000000,-8.380134,WAIT_USER_CONFIRM
11.606000,0.554499,-0.000000,0.264962,0.000000,0.000000,0.000000,-8.380134,WAIT_USER_CONFIRM
11.608000,0.554499,-0.000000,0.264962,0.000000,0.000000,0.000000,-8.380134,WAIT_USER_CONFIRM
11.610000,0.554499,-0.000000,0.264962,0.000000,0.000000,0.000000,-8.380134,WAIT_USER_CONFIRM
11.612000,0.554499,-0.000000,0.264962,0.000000,0.000000,0.000000,-8.380134,WAIT_USER_CONFIRM
11.614000,0.554499,-0.000000,0.264962,0.000000,0.000000,0.000000,-8.380134,WAIT_USER_CONFIRM
11.616000,0.554499,-0.000000,0.264962,0.000000,0.000000,0.000000,-8.380134,WAIT_USER_CONFIRM
11.618000,0.554499,-0.000000,0.264962,0.000000,0.000000,0.000000,-8.380134,WAIT_USER_CONFIRM
11.620000,0.554499,-0.000000,0.264962,0.000000,0.000000,0.000000,-8.380134,WAIT_USER_CONFIRM
11.622000,0.554499,-0.000000,0.264962,0.000000,0.000000,0.000000,-8.380134,WAIT_USER_CONFIRM
11.624000,0.554499,-0.000000,0.264962,0.000000,0.000000,0.000000,-8.380134,WAIT_USER_CONFIRM
11.626000,0.554499,-0.000000,0.264962,0.000000,0.000000,0.000000,-8.380134,WAIT_USER_CONFIRM
11.628000,0.554499,-0.000000,0.264962,0.000000,0.000000,0.000000,-8.380134,WAIT_USER_CONFIRM
11.630000,0.554499,-0.000000,0.264962,0.000000,0.000000,0.000000,-8.380134,WAIT_USER_CONFIRM
11.632000,0.554499,-0.000000,0.264962,0.000000,0.000000,0.000000,-8.380134,WAIT_USER_CONFIRM
11.634000,0.554499,-0.000000,0.264962,0.000000,0.000000,0.000000,-8.380134,WAIT_USER_CONFIRM
11.636000,0.554499,-0.000000,0.264962,0.000000,0.000000,0.000000,-8.380134,WAIT_USER_CONFIRM
11.638000,0.554499,-0.000000,0.264962,0.000000,0.000000,0.000000,-8.380134,WAIT_USER_CONFIRM
11.640000,0.554499,-0.000000,0.264962,0.000000,0.000000,0.000000,-8.380134,WAIT_USER_CONFIRM
11.642000,0.554499,-0.000000,0.264962,0.000000,0.000000,0.000000,-8.380134,WAIT_USER_CONFIRM
11.644000,0.554499,-0.000000,0.264962,0.000000,0.000000,0.000000,-8.380134,WAIT_USER_CONFIRM
11.646000,0.554499,-0.000000,0.264962,0.000000,0.000000,0.000000,-8.380134,WAIT_USER_CONFIRM
11.648000,0.554499,-0.000000,0.264962,0.000000,0.000000,0.000000,-8.380134,WAIT_USER_CONFIRM
11.650000,0.554499,-0.000000,0.264962,0.000000,0.000000,0.000000,-8.380134,WAIT_USER_CONFIRM
11.652000,0.554499,-0.000000,0.264962,0.000000,0.000000,0.000000,-8.380134,WAIT_USER_CONFIRM
11.654000,0.554499,-0.000000,0.264962,0.000000,0.000000,0.000000,-8.380134,WAIT_USER_CONFIRM
11.656000,0.554499,-0.000000,0.264962,0.000000,0.000000,0.000000,-8.380134,WAIT_USER_CONFIRM
11.658000,0.554499,-0.000000,0.264962,0.000000,0.000000,0.000000,-8.380134,WAIT_USER_CONFIRM
11.660000,0.554499,-0.000000,0.264962,0.000000,0.000000,0.000000,-8.380134,WAIT_USER_CONFIRM
11.662000,0.554499,-0.000000,0.264962,0.000000,0.000000,0.000000,-8.380134,WAIT_USER_CONFIRM
11.664000,0.554499,-0.000000,0.264962,0.000000,0.000000,0.000000,-8.380134,WAIT_USER_CONFIRM
11.666000,0.554499,-0.000000,0.264962,0.000000,0.000000,0.000000,-8.380134,WAIT_USER_CONFIRM
11.668000,0.554499,-0.000000,0.264962,0.000000,0.000000,0.000000,-8.380134,WAIT_USER_CONFIRM
11.670000,0.554499,-0.000000,0.264962,0.000000,0.000000,0.000000,-8.380134,WAIT_USER_CONFIRM
11.672000,0.554499,-0.000000,0.264962,0.000000,0.000000,0.000000,-8.380134,WAIT_USER_CONFIRM
11.674000,0.554499,-0.000000,0.264962,0.000000,0.000000,0.000000,-8.380134,WAIT_USER_CONFIRM
11.676000,0.554499,-0.000000,0.264962,0.000000,0.000000,0.000000,-8.380134,WAIT_USER_CONFIRM
11.678000,0.554499,-0.000000,0.264962,0.000000,0.000000,0.000000,-8.380134,WAIT_USER_CONFIRM
11.680000,0.554499,-0.000000,0.264962,0.000000,0.000000,0.000000,-8.380134,WAIT_USER_CONFIRM
11.682000,0.554499,-0.000000,0.264962,0.000000,0.000000,0.000000,-8.380134,WAIT_USER_CONFIRM
11.684000,0.554499,-0.000000,0.264962,0.000000,0.000000,0.000000,-8.380134,WAIT_USER_CONFIRM
11.686000,0.554499,-0.000000,0.264962,0.000000,0.000000,0.000000,-8.380134,WAIT_USER_CONFIRM
11.688000,0.554499,-0.000000,0.264962,0.000000,0.000000,0.000000,-8.380134,WAIT_USER_CONFIRM
11.690000,0.554499,-0.000000,0.264962,0.000000,0.000000,0.000000,-8.380134,WAIT_USER_CONFIRM
11.692000,0.554499,-0.000000,0.264962,0.000000,0.000000,0.000000,-8.380134,WAIT_USER_CONFIRM
11.694000,0.554499,-0.000000,0.264962,0.000000,0.000000,0.000000,-8.380134,WAIT_USER_CONFIRM
11.696000,0.554499,-0.000000,0.264962,0.000000,0.000000,0.000000,-8.380134,WAIT_USER_CONFIRM
11.698000,0.554499,-0.000000,0.264962,0.000000,0.000000,0.000000,-8.380134,WAIT_USER_CONFIRM
11.700000,0.554499,-0.000000,0.264962,0.000000,0.000000,0.000000,-8.380134,WAIT_USER_CONFIRM
11.702000,0.554499,-0.000000,0.264962,0.000000,0.000000,0.000000,-8.380134,WAIT_USER_CONFIRM
11.704000,0.554499,-0.000000,0.264962,0.000000,0.000000,0.000000,-8.380134,WAIT_USER_CONFIRM
11.706000,0.554499,-0.000000,0.264962,0.000000,0.000000,0.000000,-8.380134,WAIT_USER_CONFIRM
11.708000,0.554499,-0.000000,0.264962,0.000000,0.000000,0.000000,-8.380134,WAIT_USER_CONFIRM
11.710000,0.554499,-0.000000,0.264962,0.000000,0.000000,0.000000,-8.380134,WAIT_USER_CONFIRM
11.712000,0.554499,-0.000000,0.264962,0.000000,0.000000,0.000000,-8.380134,WAIT_USER_CONFIRM
11.714000,0.554499,-0.000000,0.264962,0.000000,0.000000,0.000000,-8.380134,WAIT_USER_CONFIRM
11.716000,0.554499,-0.000000,0.264962,0.000000,0.000000,0.000000,-8.380134,WAIT_USER_CONFIRM
11.718000,0.554499,-0.000000,0.264962,0.000000,0.000000,0.000000,-8.380134,WAIT_USER_CONFIRM
11.720000,0.554499,-0.000000,0.264962,0.000000,0.000000,0.000000,-8.380134,WAIT_USER_CONFIRM
11.722000,0.554499,-0.000000,0.264962,0.000000,0.000000,0.000000,-8.380134,WAIT_USER_CONFIRM
11.724000,0.554499,-0.000000,0.264962,0.000000,0.000000,0.000000,-8.380134,WAIT_USER_CONFIRM
11.726000,0.554499,-0.000000,0.264962,0.000000,0.000000,0.000000,-8.380134,WAIT_USER_CONFIRM
11.728000,0.554499,-0.000000,0.264962,0.000000,0.000000,0.000000,-8.380134,WAIT_USER_CONFIRM
11.730000,0.554499,-0.000000,0.264962,0.000000,0.000000,0.000000,-8.380134,WAIT_USER_CONFIRM
11.732000,0.554499,-0.000000,0.264962,0.000000,0.000000,0.000000,-8.380134,WAIT_USER_CONFIRM
11.734000,0.554499,-0.000000,0.264962,0.000000,0.000000,0.000000,-8.380134,WAIT_USER_CONFIRM
11.736000,0.554499,-0.000000,0.264962,0.000000,0.000000,0.000000,-8.380134,WAIT_USER_CONFIRM
11.738000,0.554499,-0.000000,0.264962,0.000000,0.000000,0.000000,-8.380134,WAIT_USER_CONFIRM
11.740000,0.554499,-0.000000,0.264962,0.000000,0.000000,0.000000,-8.380134,WAIT_USER_CONFIRM
11.742000,0.554499,-0.000000,0.264962,0.000000,0.000000,0.000000,-8.380134,WAIT_USER_CONFIRM
11.744000,0.554499,-0.000000,0.264962,0.000000,0.000000,0.000000,-8.380134,WAIT_USER_CONFIRM
11.746000,0.554499,-0.000000,0.264962,0.000000,0.000000,0.000000,-8.380134,WAIT_USER_CONFIRM
11.748000,0.554499,-0.000000,0.264962,0.000000,0.000000,0.000000,-8.380134,WAIT_USER_CONFIRM
11.750000,0.554499,-0.000000,0.264962,0.000000,0.000000,0.000000,-8.380134,WAIT_USER_CONFIRM
11.752000,0.554499,-0.000000,0.264962,0.000000,0.000000,0.000000,-8.380134,WAIT_USER_CONFIRM
11.754000,0.554499,-0.000000,0.264962,0.000000,0.000000,0.000000,-8.380134,WAIT_USER_CONFIRM
11.756000,0.554499,-0.000000,0.264962,0.000000,0.000000,0.000000,-8.380134,WAIT_USER_CONFIRM
11.758000,0.554499,-0.000000,0.264962,0.000000,0.000000,0.000000,-8.380134,WAIT_USER_CONFIRM
11.760000,0.554499,-0.000000,0.264962,0.000000,0.000000,0.000000,-8.380134,WAIT_USER_CONFIRM
11.762000,0.554499,-0.000000,0.264962,0.000000,0.000000,0.000000,-8.380134,WAIT_USER_CONFIRM
11.764000,0.554499,-0.000000,0.264962,0.000000,0.000000,0.000000,-8.380134,WAIT_USER_CONFIRM
11.766000,0.554499,-0.000000,0.264962,0.000000,0.000000,0.000000,-8.380134,WAIT_USER_CONFIRM
11.768000,0.554499,-0.000000,0.264962,0.000000,0.000000,0.000000,-8.380134,WAIT_USER_CONFIRM
11.770000,0.554499,-0.000000,0.264962,0.000000,0.000000,0.000000,-8.380134,WAIT_USER_CONFIRM
11.772000,0.554499,-0.000000,0.264962,0.000000,0.000000,0.000000,-8.380134,WAIT_USER_CONFIRM
11.774000,0.554499,-0.000000,0.264962,0.000000,0.000000,0.000000,-8.380134,WAIT_USER_CONFIRM
11.776000,0.554499,-0.000000,0.264962,0.000000,0.000000,0.000000,-8.380134,WAIT_USER_CONFIRM
11.778000,0.554499,-0.000000,0.264962,0.000000,0.000000,0.000000,-8.380134,WAIT_USER_CONFIRM
11.780000,0.554499,-0.000000,0.264962,0.000000,0.000000,0.000000,-8.380134,WAIT_USER_CONFIRM
11.782000,0.554499,-0.000000,0.264962,0.000000,0.000000,0.000000,-8.380134,WAIT_USER_CONFIRM
11.784000,0.554499,-0.000000,0.264962,0.000000,0.000000,0.000000,-8.380134,WAIT_USER_CONFIRM
11.786000,0.554499,-0.000000,0.264962,0.000000,0.000000,0.000000,-8.380134,WAIT_USER_CONFIRM
11.788000,0.554499,-0.000000,0.264962,0.000000,0.000000,0.000000,-8.380134,WAIT_USER_CONFIRM
11.790000,0.554499,-0.000000,0.264962,0.000000,0.000000,0.000000,-8.380134,WAIT_USER_CONFIRM
11.792000,0.554499,-0.000000,0.264962,0.000000,0.000000,0.000000,-8.380134,WAIT_USER_CONFIRM
11.794000,0.554499,-0.000000,0.264962,0.000000,0.000000,0.000000,-8.380134,WAIT_USER_CONFIRM
11.796000,0.554499,-0.000000,0.264962,0.000000,0.000000,0.000000,-8.380134,WAIT_USER_CONFIRM
11.798000,0.554499,-0.000000,0.264962,0.000000,0.000000,0.000000,-8.380134,WAIT_USER_CONFIRM
11.800000,0.554499,-0.000000,0.264962,0.000000,0.000000,0.000000,-8.380134,WAIT_USER_CONFIRM
11.802000,0.554499,-0.000000,0.264962,0.000000,0.000000,0.000000,-8.380134,WAIT_USER_CONFIRM
11.804000,0.554499,-0.000000,0.264962,0.000000,0.000000,0.000000,-8.380134,WAIT_USER_CONFIRM
11.806000,0.554499,-0.000000,0.264962,0.000000,0.000000,0.000000,-8.380134,WAIT_USER_CONFIRM
11.808000,0.554499,-0.000000,0.264962,0.000000,0.000000,0.000000,-8.380134,WAIT_USER_CONFIRM
11.810000,0.554499,-0.000000,0.264962,0.000000,0.000000,0.000000,-8.380134,WAIT_USER_CONFIRM
11.812000,0.554499,-0.000000,0.264962,0.000000,0.000000,0.000000,-8.380134,WAIT_USER_CONFIRM
11.814000,0.554499,-0.000000,0.264962,0.000000,0.000000,0.000000,-8.380134,WAIT_USER_CONFIRM
11.816000,0.554499,-0.000000,0.264962,0.000000,0.000000,0.000000,-8.380134,WAIT_USER_CONFIRM
11.818000,0.554499,-0.000000,0.264962,0.000000,0.000000,0.000000,-8.380134,WAIT_USER_CONFIRM
11.820000,0.554499,-0.000000,0.264962,0.000000,0.000000,0.000000,-8.380134,WAIT_USER_CONFIRM
11.822000,0.554499,-0.000000,0.264962,0.000000,0.000000,0.000000,-8.380134,WAIT_USER_CONFIRM
11.824000,0.554499,-0.000000,0.264962,0.000000,0.000000,0.000000,-8.380134,WAIT_USER_CONFIRM
11.826000,0.554499,-0.000000,0.264962,0.000000,0.000000,0.000000,-8.380134,WAIT_USER_CONFIRM
11.828000,0.554499,-0.000000,0.264962,0.000000,0.000000,0.000000,-8.380134,WAIT_USER_CONFIRM
11.830000,0.554499,-0.000000,0.264962,0.000000,0.000000,0.000000,-8.380134,WAIT_USER_CONFIRM
11.832000,0.554499,-0.000000,0.264962,0.000000,0.000000,0.000000,-8.380134,WAIT_USER_CONFIRM
11.834000,0.554499,-0.000000,0.264962,0.000000,0.000000,0.000000,-8.380134,WAIT_USER_CONFIRM
11.836000,0.554499,-0.000000,0.264962,0.000000,0.000000,0.000000,-8.380134,WAIT_USER_CONFIRM
11.838000,0.554499,-0.000000,0.264962,0.000000,0.000000,0.000000,-8.380134,WAIT_USER_CONFIRM
11.840000,0.554499,-0.000000,0.264962,0.000000,0.000000,0.000000,-8.380134,WAIT_USER_CONFIRM
11.842000,0.554499,-0.000000,0.264962,0.000000,0.000000,0.000000,-8.380134,WAIT_USER_CONFIRM
11.844000,0.554499,-0.000000,0.264962,0.000000,0.000000,0.000000,-8.380134,WAIT_USER_CONFIRM
11.846000,0.554499,-0.000000,0.264962,0.000000,0.000000,0.000000,-8.380134,WAIT_USER_CONFIRM
11.848000,0.554499,-0.000000,0.264962,0.000000,0.000000,0.000000,-8.380134,WAIT_USER_CONFIRM
11.850000,0.554499,-0.000000,0.264962,0.000000,0.000000,0.000000,-8.380134,WAIT_USER_CONFIRM
11.852000,0.554499,-0.000000,0.264962,0.000000,0.000000,0.000000,-8.380134,WAIT_USER_CONFIRM
11.854000,0.554499,-0.000000,0.264962,0.000000,0.000000,0.000000,-8.380134,WAIT_USER_CONFIRM
11.856000,0.554499,-0.000000,0.264962,0.000000,0.000000,0.000000,-8.380134,WAIT_USER_CONFIRM
11.858000,0.554499,-0.000000,0.264962,0.000000,0.000000,0.000000,-8.380134,WAIT_USER_CONFIRM
11.860000,0.554499,-0.000000,0.264962,0.000000,0.000000,0.000000,-8.380134,WAIT_USER_CONFIRM
11.862000,0.554499,-0.000000,0.264962,0.000000,0.000000,0.000000,-8.380134,WAIT_USER_CONFIRM
11.864000,0.554499,-0.000000,0.264962,0.000000,0.000000,0.000000,-8.380134,WAIT_USER_CONFIRM
11.866000,0.554499,-0.000000,0.264962,0.000000,0.000000,0.000000,-8.380134,WAIT_USER_CONFIRM
11.868000,0.554499,-0.000000,0.264962,0.000000,0.000000,0.000000,-8.380134,WAIT_USER_CONFIRM
11.870000,0.554499,-0.000000,0.264962,0.000000,0.000000,0.000000,-8.380134,WAIT_USER_CONFIRM
11.872000,0.554499,-0.000000,0.264962,0.000000,0.000000,0.000000,-8.380134,WAIT_USER_CONFIRM
11.874000,0.554499,-0.000000,0.264962,0.000000,0.000000,0.000000,-8.380134,WAIT_USER_CONFIRM
11.876000,0.554499,-0.000000,0.264962,0.000000,0.000000,0.000000,-8.380134,WAIT_USER_CONFIRM
11.878000,0.554499,-0.000000,0.264962,0.000000,0.000000,0.000000,-8.380134,WAIT_USER_CONFIRM
11.880000,0.554499,-0.000000,0.264962,0.000000,0.000000,0.000000,-8.380134,WAIT_USER_CONFIRM
11.882000,0.554499,-0.000000,0.264962,0.000000,0.000000,0.000000,-8.380134,WAIT_USER_CONFIRM
11.884000,0.554499,-0.000000,0.264962,0.000000,0.000000,0.000000,-8.380134,WAIT_USER_CONFIRM
11.886000,0.554499,-0.000000,0.264962,0.000000,0.000000,0.000000,-8.380134,WAIT_USER_CONFIRM
11.888000,0.554499,-0.000000,0.264962,0.000000,0.000000,0.000000,-8.380134,WAIT_USER_CONFIRM
11.890000,0.554499,-0.000000,0.264962,0.000000,0.000000,0.000000,-8.380134,WAIT_USER_CONFIRM
11.892000,0.554499,-0.000000,0.264962,0.000000,0.000000,0.000000,-8.380134,WAIT_USER_CONFIRM
11.894000,0.554499,-0.000000,0.264962,0.000000,0.000000,0.000000,-8.380134,WAIT_USER_CONFIRM
11.896000,0.554499,-0.000000,0.264962,0.000000,0.000000,0.000000,-8.380134,WAIT_USER_CONFIRM
11.898000,0.554499,-0.000000,0.264962,0.000000,0.000000,0.000000,-8.380134,WAIT_USER_CONFIRM
11.900000,0.554499,-0.000000,0.264962,0.000000,0.000000,0.000000,-8.380134,WAIT_USER_CONFIRM
11.902000,0.554499,-0.000000,0.264962,0.000000,0.000000,0.000000,-8.380134,WAIT_USER_CONFIRM
11.904000,0.554499,-0.000000,0.264962,0.000000,0.000000,0.000000,-8.380134,WAIT_USER_CONFIRM
11.906000,0.554499,-0.000000,0.264962,0.000000,0.000000,0.000000,-8.380134,WAIT_USER_CONFIRM
11.908000,0.554499,-0.000000,0.264962,0.000000,0.000000,0.000000,-8.380134,WAIT_USER_CONFIRM
11.910000,0.554499,-0.000000,0.264962,0.000000,0.000000,0.000000,-8.380134,WAIT_USER_CONFIRM
11.912000,0.554499,-0.000000,0.264962,0.000000,0.000000,0.000000,-8.380134,WAIT_USER_CONFIRM
11.914000,0.554499,-0.000000,0.264962,0.000000,0.000000,0.000000,-8.380134,WAIT_USER_CONFIRM
11.916000,0.554499,-0.000000,0.264962,0.000000,0.000000,0.000000,-8.380134,WAIT_USER_CONFIRM
11.918000,0.554499,-0.000000,0.264962,0.000000,0.000000,0.000000,-8.380134,WAIT_USER_CONFIRM
11.920000,0.554499,-0.000000,0.264962,0.000000,0.000000,0.000000,-8.380134,WAIT_USER_CONFIRM
11.922000,0.554499,-0.000000,0.264962,0.000000,0.000000,0.000000,-8.380134,WAIT_USER_CONFIRM
11.924000,0.554499,-0.000000,0.264962,0.000000,0.000000,0.000000,-8.380134,WAIT_USER_CONFIRM
11.926000,0.554499,-0.000000,0.264962,0.000000,0.000000,0.000000,-8.380134,WAIT_USER_CONFIRM
11.928000,0.554499,-0.000000,0.264962,0.000000,0.000000,0.000000,-8.380134,WAIT_USER_CONFIRM
11.930000,0.554499,-0.000000,0.264962,0.000000,0.000000,0.000000,-8.380134,WAIT_USER_CONFIRM
11.932000,0.554499,-0.000000,0.264962,0.000000,0.000000,0.000000,-8.380134,WAIT_USER_CONFIRM
11.934000,0.554499,-0.000000,0.264962,0.000000,0.000000,0.000000,-8.380134,WAIT_USER_CONFIRM
11.936000,0.554499,-0.000000,0.264962,0.000000,0.000000,0.000000,-8.380134,WAIT_USER_CONFIRM
11.938000,0.554499,-0.000000,0.264962,0.000000,0.000000,0.000000,-8.380134,WAIT_USER_CONFIRM
11.940000,0.554499,-0.000000,0.264962,0.000000,0.000000,0.000000,-8.380134,WAIT_USER_CONFIRM
11.942000,0.554499,-0.000000,0.264962,0.000000,0.000000,0.000000,-8.380134,WAIT_USER_CONFIRM
11.944000,0.554499,-0.000000,0.264962,0.000000,0.000000,0.000000,-8.380134,WAIT_USER_CONFIRM
11.946000,0.554499,-0.000000,0.264962,0.000000,0.000000,0.000000,-8.380134,WAIT_USER_CONFIRM
11.948000,0.554499,-0.000000,0.264962,0.000000,0.000000,0.000000,-8.380134,WAIT_USER_CONFIRM
11.950000,0.554499,-0.000000,0.264962,0.000000,0.000000,0.000000,-8.380134,WAIT_USER_CONFIRM
11.952000,0.554499,-0.000000,0.264962,0.000000,0.000000,0.000000,-8.380134,WAIT_USER_CONFIRM
11.954000,0.554499,-0.000000,0.264962,0.000000,0.000000,0.000000,-8.380134,WAIT_USER_CONFIRM
11.956000,0.554499,-0.000000,0.264962,0.000000,0.000000,0.000000,-8.380134,WAIT_USER_CONFIRM
11.958000,0.554499,-0.000000,0.264962,0.000000,0.000000,0.000000,-8.380134,WAIT_USER_CONFIRM
11.960000,0.554499,-0.000000,0.264962,0.000000,0.000000,0.000000,-8.380134,WAIT_USER_CONFIRM
11.962000,0.554499,-0.000000,0.264962,0.000000,0.000000,0.000000,-8.380134,WAIT_USER_CONFIRM
11.964000,0.554499,-0.000000,0.264962,0.000000,0.000000,0.000000,-8.380134,WAIT_USER_CONFIRM
11.966000,0.554499,-0.000000,0.264962,0.000000,0.000000,0.000000,-8.380134,WAIT_USER_CONFIRM
11.968000,0.554499,-0.000000,0.264962,0.000000,0.000000,0.000000,-8.380134,WAIT_USER_CONFIRM
11.970000,0.554499,-0.000000,0.264962,0.000000,0.000000,0.000000,-8.380134,WAIT_USER_CONFIRM
11.972000,0.554499,-0.000000,0.264962,0.000000,0.000000,0.000000,-8.380134,WAIT_USER_CONFIRM
11.974000,0.554499,-0.000000,0.264962,0.000000,0.000000,0.000000,-8.380134,WAIT_USER_CONFIRM
11.976000,0.554499,-0.000000,0.264962,0.000000,0.000000,0.000000,-8.380134,WAIT_USER_CONFIRM
11.978000,0.554499,-0.000000,0.264962,0.000000,0.000000,0.000000,-8.380134,WAIT_USER_CONFIRM
11.980000,0.554499,-0.000000,0.264962,0.000000,0.000000,0.000000,-8.380134,WAIT_USER_CONFIRM
11.982000,0.554499,-0.000000,0.264962,0.000000,0.000000,0.000000,-8.380134,WAIT_USER_CONFIRM
11.984000,0.554499,-0.000000,0.264962,0.000000,0.000000,0.000000,-8.380134,WAIT_USER_CONFIRM
11.986000,0.554499,-0.000000,0.264962,0.000000,0.000000,0.000000,-8.380134,WAIT_USER_CONFIRM
11.988000,0.554499,-0.000000,0.264962,0.000000,0.000000,0.000000,-8.380134,WAIT_USER_CONFIRM
11.990000,0.554499,-0.000000,0.264962,0.000000,0.000000,0.000000,-8.380134,WAIT_USER_CONFIRM
11.992000,0.554499,-0.000000,0.264962,0.000000,0.000000,0.000000,-8.380134,WAIT_USER_CONFIRM
11.994000,0.554499,-0.000000,0.264962,0.000000,0.000000,0.000000,-8.380134,WAIT_USER_CONFIRM
11.996000,0.554499,-0.000000,0.264962,0.000000,0.000000,0.000000,-8.380134,WAIT_USER_CONFIRM
11.998000,0.554499,-0.000000,0.264962,0.000000,0.000000,0.000000,-8.380134,WAIT_USER_CONFIRM
12.000000,0.554499,-0.000000,0.264962,0.000000,0.000000,0.000000,-8.380134,WAIT_USER_CONFIRM
12.002000,0.554499,-0.000000,0.264962,0.000000,0.000000,0.000000,-8.380134,WAIT_USER_CONFIRM
12.004000,0.554499,-0.000000,0.264962,0.000000,0.000000,0.000000,-8.380134,WAIT_USER_CONFIRM
12.006000,0.554499,-0.000000,0.264962,0.000000,0.000000,0.000000,-8.380134,WAIT_USER_CONFIRM
12.008000,0.554499,-0.000000,0.264962,0.000000,0.000000,0.000000,-8.380134,WAIT_USER_CONFIRM
12.010000,0.554499,-0.000000,0.264962,0.000000,0.000000,0.000000,-8.380134,WAIT_USER_CONFIRM
12.012000,0.554499,-0.000000,0.264962,0.000000,0.000000,0.000000,-8.380134,WAIT_USER_CONFIRM
12.014000,0.554499,-0.000000,0.264962,0.000000,0.000000,0.000000,-8.380134,WAIT_USER_CONFIRM
12.016000,0.554499,-0.000000,0.264962,0.000000,0.000000,0.000000,-8.380134,WAIT_USER_CONFIRM
12.018000,0.554499,-0.000000,0.264962,0.000000,0.000000,0.000000,-8.380134,WAIT_USER_CONFIRM
12.020000,0.554499,-0.000000,0.264962,0.000000,0.000000,0.000000,-8.380134,WAIT_USER_CONFIRM
12.022000,0.554499,-0.000000,0.264962,0.000000,0.000000,0.000000,-8.380134,WAIT_USER_CONFIRM
12.024000,0.554499,-0.000000,0.264962,0.000000,0.000000,0.000000,-8.380134,WAIT_USER_CONFIRM
12.026000,0.554499,-0.000000,0.264962,0.000000,0.000000,0.000000,-8.380134,WAIT_USER_CONFIRM
12.028000,0.554499,-0.000000,0.264962,0.000000,0.000000,0.000000,-8.380134,WAIT_USER_CONFIRM
12.030000,0.554499,-0.000000,0.264962,0.000000,0.000000,0.000000,-8.380134,WAIT_USER_CONFIRM
12.032000,0.554499,-0.000000,0.264962,0.000000,0.000000,0.000000,-8.380134,WAIT_USER_CONFIRM
12.034000,0.554499,-0.000000,0.264962,0.000000,0.000000,0.000000,-8.380134,WAIT_USER_CONFIRM
12.036000,0.554499,-0.000000,0.264962,0.000000,0.000000,0.000000,-8.380134,WAIT_USER_CONFIRM
12.038000,0.554499,-0.000000,0.264962,0.000000,0.000000,0.000000,-8.380134,WAIT_USER_CONFIRM
12.040000,0.554499,-0.000000,0.264962,0.000000,0.000000,0.000000,-8.380134,WAIT_USER_CONFIRM
12.042000,0.554499,-0.000000,0.264962,0.000000,0.000000,0.000000,-8.380134,WAIT_USER_CONFIRM
12.044000,0.554499,-0.000000,0.264962,0.000000,0.000000,0.000000,-8.380134,WAIT_USER_CONFIRM
12.046000,0.554499,-0.000000,0.264962,0.000000,0.000000,0.000000,-8.380134,WAIT_USER_CONFIRM
12.048000,0.554499,-0.000000,0.264962,0.000000,0.000000,0.000000,-8.380134,WAIT_USER_CONFIRM
12.050000,0.554499,-0.000000,0.264962,0.000000,0.000000,0.000000,-8.380134,WAIT_USER_CONFIRM
12.052000,0.554499,-0.000000,0.264962,0.000000,0.000000,0.000000,-8.380134,WAIT_USER_CONFIRM
12.054000,0.554499,-0.000000,0.264962,0.000000,0.000000,0.000000,-8.380134,WAIT_USER_CONFIRM
12.056000,0.554499,-0.000000,0.264962,0.000000,0.000000,0.000000,-8.380134,WAIT_USER_CONFIRM
12.058000,0.554499,-0.000000,0.264962,0.000000,0.000000,0.000000,-8.380134,WAIT_USER_CONFIRM
12.060000,0.554499,-0.000000,0.264962,0.000000,0.000000,0.000000,-8.380134,WAIT_USER_CONFIRM
12.062000,0.554499,-0.000000,0.264962,0.000000,0.000000,0.000000,-8.380134,WAIT_USER_CONFIRM
12.064000,0.554499,-0.000000,0.264962,0.000000,0.000000,0.000000,-8.380134,WAIT_USER_CONFIRM
12.066000,0.554499,-0.000000,0.264962,0.000000,0.000000,0.000000,-8.380134,WAIT_USER_CONFIRM
12.068000,0.554499,-0.000000,0.264962,0.000000,0.000000,0.000000,-8.380134,WAIT_USER_CONFIRM
12.070000,0.554499,-0.000000,0.264962,0.000000,0.000000,0.000000,-8.380134,WAIT_USER_CONFIRM
12.072000,0.554499,-0.000000,0.264962,0.000000,0.000000,0.000000,-8.380134,WAIT_USER_CONFIRM
12.074000,0.554499,-0.000000,0.264962,0.000000,0.000000,0.000000,-8.380134,WAIT_USER_CONFIRM
12.076000,0.554499,-0.000000,0.264962,0.000000,0.000000,0.000000,-8.380134,WAIT_USER_CONFIRM
12.078000,0.554499,-0.000000,0.264962,0.000000,0.000000,0.000000,-8.380134,WAIT_USER_CONFIRM
12.080000,0.554499,-0.000000,0.264962,0.000000,0.000000,0.000000,-8.380134,WAIT_USER_CONFIRM
12.082000,0.554499,-0.000000,0.264962,0.000000,0.000000,0.000000,-8.380134,WAIT_USER_CONFIRM
12.084000,0.554499,-0.000000,0.264962,0.000000,0.000000,0.000000,-8.380134,WAIT_USER_CONFIRM
12.086000,0.554499,-0.000000,0.264962,0.000000,0.000000,0.000000,-8.380134,WAIT_USER_CONFIRM
12.088000,0.554499,-0.000000,0.264962,0.000000,0.000000,0.000000,-8.380134,WAIT_USER_CONFIRM
12.090000,0.554499,-0.000000,0.264962,0.000000,0.000000,0.000000,-8.380134,WAIT_USER_CONFIRM
12.092000,0.554499,-0.000000,0.264962,0.000000,0.000000,0.000000,-8.380134,WAIT_USER_CONFIRM
12.094000,0.554499,-0.000000,0.264962,0.000000,0.000000,0.000000,-8.380134,WAIT_USER_CONFIRM
12.096000,0.554499,-0.000000,0.264962,0.000000,0.000000,0.000000,-8.380134,WAIT_USER_CONFIRM
12.098000,0.554499,-0.000000,0.264962,0.000000,0.000000,0.000000,-8.380134,WAIT_USER_CONFIRM
12.100000,0.554499,-0.000000,0.264962,0.000000,0.000000,0.000000,-8.380134,WAIT_USER_CONFIRM
12.102000,0.554499,-0.000000,0.264962,0.000000,0.000000,0.000000,-8.380134,WAIT_USER_CONFIRM
12.104000,0.554499,-0.000000,0.264962,0.000000,0.000000,0.000000,-8.380134,WAIT_USER_CONFIRM
12.106000,0.554499,-0.000000,0.264962,0.000000,0.000000,0.000000,-8.380134,WAIT_USER_CONFIRM
12.108000,0.554499,-0.000000,0.264962,0.000000,0.000000,0.000000,-8.380134,WAIT_USER_CONFIRM
12.110000,0.554499,-0.000000,0.264962,0.000000,0.000000,0.000000,-8.380134,WAIT_USER_CONFIRM
12.112000,0.554499,-0.000000,0.264962,0.000000,0.000000,0.000000,-8.380134,WAIT_USER_CONFIRM
12.114000,0.554499,-0.000000,0.264962,0.000000,0.000000,0.000000,-8.380134,WAIT_USER_CONFIRM
12.116000,0.554499,-0.000000,0.264962,0.000000,0.000000,0.000000,-8.380134,WAIT_USER_CONFIRM
12.118000,0.554499,-0.000000,0.264962,0.000000,0.000000,0.000000,-8.380134,WAIT_USER_CONFIRM
12.120000,0.554499,-0.000000,0.264962,0.000000,0.000000,0.000000,-8.380134,WAIT_USER_CONFIRM
12.122000,0.554499,-0.000000,0.264962,0.000000,0.000000,0.000000,-8.380134,WAIT_USER_CONFIRM
12.124000,0.554499,-0.000000,0.264962,0.000000,0.000000,0.000000,-8.380134,WAIT_USER_CONFIRM
12.126000,0.554499,-0.000000,0.264962,0.000000,0.000000,0.000000,-8.380134,WAIT_USER_CONFIRM
12.128000,0.554499,-0.000000,0.264962,0.000000,0.000000,0.000000,-8.380134,WAIT_USER_CONFIRM
12.130000,0.554499,-0.000000,0.264962,0.000000,0.000000,0.000000,-8.380134,WAIT_USER_CONFIRM
12.132000,0.554499,-0.000000,0.264962,0.000000,0.000000,0.000000,-8.380134,WAIT_USER_CONFIRM
12.134000,0.554499,-0.000000,0.264962,0.000000,0.000000,0.000000,-8.380134,WAIT_USER_CONFIRM
12.136000,0.554499,-0.000000,0.264962,0.000000,0.000000,0.000000,-8.380134,WAIT_USER_CONFIRM
12.138000,0.554499,-0.000000,0.264962,0.000000,0.000000,0.000000,-8.380134,WAIT_USER_CONFIRM
12.140000,0.554499,-0.000000,0.264962,0.000000,0.000000,0.000000,-8.380134,WAIT_USER_CONFIRM
12.142000,0.554499,-0.000000,0.264962,0.000000,0.000000,0.000000,-8.380134,WAIT_USER_CONFIRM
12.144000,0.554499,-0.000000,0.264962,0.000000,0.000000,0.000000,-8.380134,WAIT_USER_CONFIRM
12.146000,0.554499,-0.000000,0.264962,0.000000,0.000000,0.000000,-8.380134,WAIT_USER_CONFIRM
12.148000,0.554499,-0.000000,0.264962,0.000000,0.000000,0.000000,-8.380134,WAIT_USER_CONFIRM
12.150000,0.554499,-0.000000,0.264962,0.000000,0.000000,0.000000,-8.380134,WAIT_USER_CONFIRM
12.152000,0.554499,-0.000000,0.264962,0.000000,0.000000,0.000000,-8.380134,WAIT_USER_CONFIRM
12.154000,0.554499,-0.000000,0.264962,0.000000,0.000000,0.000000,-8.380134,WAIT_USER_CONFIRM
12.156000,0.554499,-0.000000,0.264962,0.000000,0.000000,0.000000,-8.380134,WAIT_USER_CONFIRM
12.158000,0.554499,-0.000000,0.264962,0.000000,0.000000,0.000000,-8.380134,WAIT_USER_CONFIRM
12.160000,0.554499,-0.000000,0.264962,0.000000,0.000000,0.000000,-8.380134,WAIT_USER_CONFIRM
12.162000,0.554499,-0.000000,0.264962,0.000000,0.000000,0.000000,-8.380134,WAIT_USER_CONFIRM
12.164000,0.554499,-0.000000,0.264962,0.000000,0.000000,0.000000,-8.380134,WAIT_USER_CONFIRM
12.166000,0.554499,-0.000000,0.264962,0.000000,0.000000,0.000000,-8.380134,WAIT_USER_CONFIRM
12.168000,0.554499,-0.000000,0.264962,0.000000,0.000000,0.000000,-8.380134,WAIT_USER_CONFIRM
12.170000,0.554499,-0.000000,0.264962,0.000000,0.000000,0.000000,-8.380134,WAIT_USER_CONFIRM
12.172000,0.554499,-0.000000,0.264962,0.000000,0.000000,0.000000,-8.380134,WAIT_USER_CONFIRM
12.174000,0.554499,-0.000000,0.264962,0.000000,0.000000,0.000000,-8.380134,WAIT_USER_CONFIRM
12.176000,0.554499,-0.000000,0.264962,0.000000,0.000000,0.000000,-8.380134,WAIT_USER_CONFIRM
12.178000,0.554499,-0.000000,0.264962,0.000000,0.000000,0.000000,-8.380134,WAIT_USER_CONFIRM
12.180000,0.554499,-0.000000,0.264962,0.000000,0.000000,0.000000,-8.380134,WAIT_USER_CONFIRM
12.182000,0.554499,-0.000000,0.264962,0.000000,0.000000,0.000000,-8.380134,WAIT_USER_CONFIRM
12.184000,0.554499,-0.000000,0.264962,0.000000,0.000000,0.000000,-8.380134,WAIT_USER_CONFIRM
12.186000,0.554499,-0.000000,0.264962,0.000000,0.000000,0.000000,-8.380134,WAIT_USER_CONFIRM
12.188000,0.554499,-0.000000,0.264962,0.000000,0.000000,0.000000,-8.380134,WAIT_USER_CONFIRM
12.190000,0.554499,-0.000000,0.264962,0.000000,0.000000,0.000000,-8.380134,WAIT_USER_CONFIRM
12.192000,0.554499,-0.000000,0.264962,0.000000,0.000000,0.000000,-8.380134,WAIT_USER_CONFIRM
12.194000,0.554499,-0.000000,0.264962,0.000000,0.000000,0.000000,-8.380134,WAIT_USER_CONFIRM
12.196000,0.554499,-0.000000,0.264962,0.000000,0.000000,0.000000,-8.380134,WAIT_USER_CONFIRM
12.198000,0.554499,-0.000000,0.264962,0.000000,0.000000,0.000000,-8.380134,WAIT_USER_CONFIRM
12.200000,0.554499,-0.000000,0.264962,0.000000,0.000000,0.000000,-8.380134,WAIT_USER_CONFIRM
12.202000,0.554499,-0.000000,0.264962,0.000000,0.000000,0.000000,-8.380134,WAIT_USER_CONFIRM
12.204000,0.554499,-0.000000,0.264962,0.000000,0.000000,0.000000,-8.380134,WAIT_USER_CONFIRM
12.206000,0.554499,-0.000000,0.264962,0.000000,0.000000,0.000000,-8.380134,WAIT_USER_CONFIRM
12.208000,0.554499,-0.000000,0.264962,0.000000,0.000000,0.000000,-8.380134,WAIT_USER_CONFIRM
12.210000,0.554499,-0.000000,0.264962,0.000000,0.000000,0.000000,-8.380134,WAIT_USER_CONFIRM
12.212000,0.554499,-0.000000,0.264962,0.000000,0.000000,0.000000,-8.380134,WAIT_USER_CONFIRM
12.214000,0.554499,-0.000000,0.264962,0.000000,0.000000,0.000000,-8.380134,WAIT_USER_CONFIRM
12.216000,0.554499,-0.000000,0.264962,0.000000,0.000000,0.000000,-8.380134,WAIT_USER_CONFIRM
12.218000,0.554499,-0.000000,0.264962,0.000000,0.000000,0.000000,-8.380134,WAIT_USER_CONFIRM
12.220000,0.554499,-0.000000,0.264962,0.000000,0.000000,0.000000,-8.380134,WAIT_USER_CONFIRM
12.222000,0.554499,-0.000000,0.264962,0.000000,0.000000,0.000000,-8.380134,WAIT_USER_CONFIRM
12.224000,0.554499,-0.000000,0.264962,0.000000,0.000000,0.000000,-8.380134,WAIT_USER_CONFIRM
12.226000,0.554499,-0.000000,0.264962,0.000000,0.000000,0.000000,-8.380134,WAIT_USER_CONFIRM
12.228000,0.554499,-0.000000,0.264962,0.000000,0.000000,0.000000,-8.380134,WAIT_USER_CONFIRM
12.230000,0.554499,-0.000000,0.264962,0.000000,0.000000,0.000000,-8.380134,WAIT_USER_CONFIRM
12.232000,0.554499,-0.000000,0.264962,0.000000,0.000000,0.000000,-8.380134,WAIT_USER_CONFIRM
12.234000,0.554499,-0.000000,0.264962,0.000000,0.000000,0.000000,-8.380134,WAIT_USER_CONFIRM
12.236000,0.554499,-0.000000,0.264962,0.000000,0.000000,0.000000,-8.380134,WAIT_USER_CONFIRM
12.238000,0.554499,-0.000000,0.264962,0.000000,0.000000,0.000000,-8.380134,WAIT_USER_CONFIRM
12.240000,0.554499,-0.000000,0.264962,0.000000,0.000000,0.000000,-8.380134,WAIT_USER_CONFIRM
12.242000,0.554499,-0.000000,0.264962,0.000000,0.000000,0.000000,-8.380134,WAIT_USER_CONFIRM
12.244000,0.554499,-0.000000,0.264962,0.000000,0.000000,0.000000,-8.380134,WAIT_USER_CONFIRM
12.246000,0.554499,-0.000000,0.264962,0.000000,0.000000,0.000000,-8.380134,WAIT_USER_CONFIRM
12.248000,0.554499,-0.000000,0.264962,0.000000,0.000000,0.000000,-8.380134,WAIT_USER_CONFIRM
12.250000,0.554499,-0.000000,0.264962,0.000000,0.000000,0.000000,-8.380134,WAIT_USER_CONFIRM
12.252000,0.554499,-0.000000,0.264962,0.000000,0.000000,0.000000,-8.380134,WAIT_USER_CONFIRM
12.254000,0.554499,-0.000000,0.264962,0.000000,0.000000,0.000000,-8.380134,WAIT_USER_CONFIRM
12.256000,0.554499,-0.000000,0.264962,0.000000,0.000000,0.000000,-8.380134,WAIT_USER_CONFIRM
12.258000,0.554499,-0.000000,0.264962,0.000000,0.000000,0.000000,-8.380134,WAIT_USER_CONFIRM
12.260000,0.554499,-0.000000,0.264962,0.000000,0.000000,0.000000,-8.380134,WAIT_USER_CONFIRM
12.262000,0.554499,-0.000000,0.264962,0.000000,0.000000,0.000000,-8.380134,WAIT_USER_CONFIRM
12.264000,0.554499,-0.000000,0.264962,0.000000,0.000000,0.000000,-8.380134,WAIT_USER_CONFIRM
12.266000,0.554499,-0.000000,0.264962,0.000000,0.000000,0.000000,-8.380134,WAIT_USER_CONFIRM
12.268000,0.554499,-0.000000,0.264962,0.000000,0.000000,0.000000,-8.380134,WAIT_USER_CONFIRM
12.270000,0.554499,-0.000000,0.264962,0.000000,0.000000,0.000000,-8.380134,WAIT_USER_CONFIRM
12.272000,0.554499,-0.000000,0.264962,0.000000,0.000000,0.000000,-8.380134,WAIT_USER_CONFIRM
12.274000,0.554499,-0.000000,0.264962,0.000000,0.000000,0.000000,-8.380134,WAIT_USER_CONFIRM
12.276000,0.554499,-0.000000,0.264962,0.000000,0.000000,0.000000,-8.380134,WAIT_USER_CONFIRM
12.278000,0.554499,-0.000000,0.264962,0.000000,0.000000,0.000000,-8.380134,WAIT_USER_CONFIRM
12.280000,0.554499,-0.000000,0.264962,0.000000,0.000000,0.000000,-8.380134,WAIT_USER_CONFIRM
12.282000,0.554499,-0.000000,0.264962,0.000000,0.000000,0.000000,-8.380134,WAIT_USER_CONFIRM
12.284000,0.554499,-0.000000,0.264962,0.000000,0.000000,0.000000,-8.380134,WAIT_USER_CONFIRM
12.286000,0.554499,-0.000000,0.264962,0.000000,0.000000,0.000000,-8.380134,WAIT_USER_CONFIRM
12.288000,0.554499,-0.000000,0.264962,0.000000,0.000000,0.000000,-8.380134,WAIT_USER_CONFIRM
12.290000,0.554499,-0.000000,0.264962,0.000000,0.000000,0.000000,-8.380134,WAIT_USER_CONFIRM
12.292000,0.554499,-0.000000,0.264962,0.000000,0.000000,0.000000,-8.380134,WAIT_USER_CONFIRM
12.294000,0.554499,-0.000000,0.264962,0.000000,0.000000,0.000000,-8.380134,WAIT_USER_CONFIRM
12.296000,0.554499,-0.000000,0.264962,0.000000,0.000000,0.000000,-8.380134,WAIT_USER_CONFIRM
12.298000,0.554499,-0.000000,0.264962,0.000000,0.000000,0.000000,-8.380134,WAIT_USER_CONFIRM
12.300000,0.554499,-0.000000,0.264962,0.000000,0.000000,0.000000,-8.380134,WAIT_USER_CONFIRM
12.302000,0.554499,-0.000000,0.264962,0.000000,0.000000,0.000000,-8.380134,WAIT_USER_CONFIRM
12.304000,0.554499,-0.000000,0.264962,0.000000,0.000000,0.000000,-8.380134,WAIT_USER_CONFIRM
12.306000,0.554499,-0.000000,0.264962,0.000000,0.000000,0.000000,-8.380134,WAIT_USER_CONFIRM
12.308000,0.554499,-0.000000,0.264962,0.000000,0.000000,0.000000,-8.380134,WAIT_USER_CONFIRM
12.310000,0.554499,-0.000000,0.264962,0.000000,0.000000,0.000000,-8.380134,WAIT_USER_CONFIRM
12.312000,0.554499,-0.000000,0.264962,0.000000,0.000000,0.000000,-8.380134,WAIT_USER_CONFIRM
12.314000,0.554499,-0.000000,0.264962,0.000000,0.000000,0.000000,-8.380134,WAIT_USER_CONFIRM
12.316000,0.554499,-0.000000,0.264962,0.000000,0.000000,0.000000,-8.380134,WAIT_USER_CONFIRM
12.318000,0.554499,-0.000000,0.264962,0.000000,0.000000,0.000000,-8.380134,WAIT_USER_CONFIRM
12.320000,0.554499,-0.000000,0.264962,0.000000,0.000000,0.000000,-8.380134,WAIT_USER_CONFIRM
12.322000,0.554499,-0.000000,0.264962,0.000000,0.000000,0.000000,-8.380134,WAIT_USER_CONFIRM
12.324000,0.554499,-0.000000,0.264962,0.000000,0.000000,0.000000,-8.380134,WAIT_USER_CONFIRM
12.326000,0.554499,-0.000000,0.264962,0.000000,0.000000,0.000000,-8.380134,WAIT_USER_CONFIRM
12.328000,0.554499,-0.000000,0.264962,0.000000,0.000000,0.000000,-8.380134,WAIT_USER_CONFIRM
12.330000,0.554499,-0.000000,0.264962,0.000000,0.000000,0.000000,-8.380134,WAIT_USER_CONFIRM
12.332000,0.554499,-0.000000,0.264962,0.000000,0.000000,0.000000,-8.380134,WAIT_USER_CONFIRM
12.334000,0.554499,-0.000000,0.264962,0.000000,0.000000,0.000000,-8.380134,WAIT_USER_CONFIRM
12.336000,0.554499,-0.000000,0.264962,0.000000,0.000000,0.000000,-8.380134,WAIT_USER_CONFIRM
12.338000,0.554499,-0.000000,0.264962,0.000000,0.000000,0.000000,-8.380134,WAIT_USER_CONFIRM
12.340000,0.554499,-0.000000,0.264962,0.000000,0.000000,0.000000,-8.380134,WAIT_USER_CONFIRM
12.342000,0.554499,-0.000000,0.264962,0.000000,0.000000,0.000000,-8.380134,WAIT_USER_CONFIRM
12.344000,0.554499,-0.000000,0.264962,0.000000,0.000000,0.000000,-8.380134,WAIT_USER_CONFIRM
12.346000,0.554499,-0.000000,0.264962,0.000000,0.000000,0.000000,-8.380134,WAIT_USER_CONFIRM
12.348000,0.554499,-0.000000,0.264962,0.000000,0.000000,0.000000,-8.380134,WAIT_USER_CONFIRM
12.350000,0.554499,-0.000000,0.264962,0.000000,0.000000,0.000000,-8.380134,WAIT_USER_CONFIRM
12.352000,0.554499,-0.000000,0.264962,0.000000,0.000000,0.000000,-8.380134,WAIT_USER_CONFIRM
12.354000,0.554499,-0.000000,0.264962,0.000000,0.000000,0.000000,-8.380134,WAIT_USER_CONFIRM
12.356000,0.554499,-0.000000,0.264962,0.000000,0.000000,0.000000,-8.380134,WAIT_USER_CONFIRM
12.358000,0.554499,-0.000000,0.264962,0.000000,0.000000,0.000000,-8.380134,WAIT_USER_CONFIRM
12.360000,0.554499,-0.000000,0.264962,0.000000,0.000000,0.000000,-8.380134,WAIT_USER_CONFIRM
12.362000,0.554499,-0.000000,0.264962,0.000000,0.000000,0.000000,-8.380134,WAIT_USER_CONFIRM
12.364000,0.554499,-0.000000,0.264962,0.000000,0.000000,0.000000,-8.380134,WAIT_USER_CONFIRM
12.366000,0.554499,-0.000000,0.264962,0.000000,0.000000,0.000000,-8.380134,WAIT_USER_CONFIRM
12.368000,0.554499,-0.000000,0.264962,0.000000,0.000000,0.000000,-8.380134,WAIT_USER_CONFIRM
12.370000,0.554499,-0.000000,0.264962,0.000000,0.000000,0.000000,-8.380134,WAIT_USER_CONFIRM
12.372000,0.554499,-0.000000,0.264962,0.000000,0.000000,0.000000,-8.380134,WAIT_USER_CONFIRM
12.374000,0.554499,-0.000000,0.264962,0.000000,0.000000,0.000000,-8.380134,WAIT_USER_CONFIRM
12.376000,0.554499,-0.000000,0.264962,0.000000,0.000000,0.000000,-8.380134,WAIT_USER_CONFIRM
12.378000,0.554499,-0.000000,0.264962,0.000000,0.000000,0.000000,-8.380134,WAIT_USER_CONFIRM
12.380000,0.554499,-0.000000,0.264962,0.000000,0.000000,0.000000,-8.380134,WAIT_USER_CONFIRM
12.382000,0.554499,-0.000000,0.264962,0.000000,0.000000,0.000000,-8.380134,WAIT_USER_CONFIRM
12.384000,0.554499,-0.000000,0.264962,0.000000,0.000000,0.000000,-8.380134,WAIT_USER_CONFIRM
12.386000,0.554499,-0.000000,0.264962,0.000000,0.000000,0.000000,-8.380134,WAIT_USER_CONFIRM
12.388000,0.554499,-0.000000,0.264962,0.000000,0.000000,0.000000,-8.380134,WAIT_USER_CONFIRM
12.390000,0.554499,-0.000000,0.264962,0.000000,0.000000,0.000000,-8.380134,WAIT_USER_CONFIRM
12.392000,0.554499,-0.000000,0.264962,0.000000,0.000000,0.000000,-8.380134,WAIT_USER_CONFIRM
12.394000,0.554499,-0.000000,0.264962,0.000000,0.000000,0.000000,-8.380134,WAIT_USER_CONFIRM
12.396000,0.554499,-0.000000,0.264962,0.000000,0.000000,0.000000,-8.380134,WAIT_USER_CONFIRM
12.398000,0.554499,-0.000000,0.264962,0.000000,0.000000,0.000000,-8.380134,WAIT_USER_CONFIRM
12.400000,0.554499,-0.000000,0.264962,0.000000,0.000000,0.000000,-8.380134,WAIT_USER_CONFIRM
12.402000,0.554499,-0.000000,0.264962,0.000000,0.000000,0.000000,-8.380134,WAIT_USER_CONFIRM
12.404000,0.554499,-0.000000,0.264962,0.000000,0.000000,0.000000,-8.380134,WAIT_USER_CONFIRM
12.406000,0.554499,-0.000000,0.264962,0.000000,0.000000,0.000000,-8.380134,WAIT_USER_CONFIRM
12.408000,0.554499,-0.000000,0.264962,0.000000,0.000000,0.000000,-8.380134,WAIT_USER_CONFIRM
12.410000,0.554499,-0.000000,0.264962,0.000000,0.000000,0.000000,-8.380134,WAIT_USER_CONFIRM
12.412000,0.554499,-0.000000,0.264962,0.000000,0.000000,0.000000,-8.380134,WAIT_USER_CONFIRM
12.414000,0.554499,-0.000000,0.264962,0.000000,0.000000,0.000000,-8.380134,WAIT_USER_CONFIRM
12.416000,0.554499,-0.000000,0.264962,0.000000,0.000000,0.000000,-8.380134,WAIT_USER_CONFIRM
12.418000,0.554499,-0.000000,0.264962,0.000000,0.000000,0.000000,-8.380134,WAIT_USER_CONFIRM
12.420000,0.554499,-0.000000,0.264962,0.000000,0.000000,0.000000,-8.380134,WAIT_USER_CONFIRM
12.422000,0.554499,-0.000000,0.264962,0.000000,0.000000,0.000000,-8.380134,WAIT_USER_CONFIRM
12.424000,0.554499,-0.000000,0.264962,0.000000,0.000000,0.000000,-8.380134,WAIT_USER_CONFIRM
12.426000,0.554499,-0.000000,0.264962,0.000000,0.000000,0.000000,-8.380134,WAIT_USER_CONFIRM
12.428000,0.554499,-0.000000,0.264962,0.000000,0.000000,0.000000,-8.380134,WAIT_USER_CONFIRM
12.430000,0.554499,-0.000000,0.264962,0.000000,0.000000,0.000000,-8.380134,WAIT_USER_CONFIRM
12.432000,0.554499,-0.000000,0.264962,0.000000,0.000000,0.000000,-8.380134,WAIT_USER_CONFIRM
12.434000,0.554499,-0.000000,0.264962,0.000000,0.000000,0.000000,-8.380134,WAIT_USER_CONFIRM
12.436000,0.554499,-0.000000,0.264962,0.000000,0.000000,0.000000,-8.380134,WAIT_USER_CONFIRM
12.438000,0.554499,-0.000000,0.264962,0.000000,0.000000,0.000000,-8.380134,WAIT_USER_CONFIRM
12.440000,0.554499,-0.000000,0.264962,0.000000,0.000000,0.000000,-8.380134,WAIT_USER_CONFIRM
12.442000,0.554499,-0.000000,0.264962,0.000000,0.000000,0.000000,-8.380134,WAIT_USER_CONFIRM
12.444000,0.554499,-0.000000,0.264962,0.000000,0.000000,0.000000,-8.380134,WAIT_USER_CONFIRM
12.446000,0.554499,-0.000000,0.264962,0.000000,0.000000,0.000000,-8.380134,WAIT_USER_CONFIRM
12.448000,0.554499,-0.000000,0.264962,0.000000,0.000000,0.000000,-8.380134,WAIT_USER_CONFIRM
12.450000,0.554499,-0.000000,0.264962,0.000000,0.000000,0.000000,-8.380134,WAIT_USER_CONFIRM
12.452000,0.554499,-0.000000,0.264962,0.000000,0.000000,0.000000,-8.380134,WAIT_USER_CONFIRM
12.454000,0.554499,-0.000000,0.264962,0.000000,0.000000,0.000000,-8.380134,WAIT_USER_CONFIRM
12.456000,0.554499,-0.000000,0.264962,0.000000,0.000000,0.000000,-8.380134,WAIT_USER_CONFIRM
12.458000,0.554499,-0.000000,0.264962,0.000000,0.000000,0.000000,-8.380134,WAIT_USER_CONFIRM
12.460000,0.554499,-0.000000,0.264962,0.000000,0.000000,0.000000,-8.380134,WAIT_USER_CONFIRM
12.462000,0.554499,-0.000000,0.264962,0.000000,0.000000,0.000000,-8.380134,WAIT_USER_CONFIRM
12.464000,0.554499,-0.000000,0.264962,0.000000,0.000000,0.000000,-8.380134,WAIT_USER_CONFIRM
12.466000,0.554499,-0.000000,0.264962,0.000000,0.000000,0.000000,-8.380134,WAIT_USER_CONFIRM
12.468000,0.554499,-0.000000,0.264962,0.000000,0.000000,0.000000,-8.380134,WAIT_USER_CONFIRM
12.470000,0.554499,-0.000000,0.264962,0.000000,0.000000,0.000000,-8.380134,WAIT_USER_CONFIRM
12.472000,0.554499,-0.000000,0.264962,0.000000,0.000000,0.000000,-8.380134,WAIT_USER_CONFIRM
12.474000,0.554499,-0.000000,0.264962,0.000000,0.000000,0.000000,-8.380134,WAIT_USER_CONFIRM
12.476000,0.554499,-0.000000,0.264962,0.000000,0.000000,0.000000,-8.380134,WAIT_USER_CONFIRM
12.478000,0.554499,-0.000000,0.264962,0.000000,0.000000,0.000000,-8.380134,WAIT_USER_CONFIRM
12.480000,0.554499,-0.000000,0.264962,0.000000,0.000000,0.000000,-8.380134,WAIT_USER_CONFIRM
12.482000,0.554499,-0.000000,0.264962,0.000000,0.000000,0.000000,-8.380134,WAIT_USER_CONFIRM
12.484000,0.554499,-0.000000,0.264962,0.000000,0.000000,0.000000,-8.380134,WAIT_USER_CONFIRM
12.486000,0.554499,-0.000000,0.264962,0.000000,0.000000,0.000000,-8.380134,WAIT_USER_CONFIRM
12.488000,0.554499,-0.000000,0.264962,0.000000,0.000000,0.000000,-8.380134,WAIT_USER_CONFIRM
12.490000,0.554499,-0.000000,0.264962,0.000000,0.000000,0.000000,-8.380134,WAIT_USER_CONFIRM
12.492000,0.554499,-0.000000,0.264962,0.000000,0.000000,0.000000,-8.380134,WAIT_USER_CONFIRM
12.494000,0.554499,-0.000000,0.264962,0.000000,0.000000,0.000000,-8.380134,WAIT_USER_CONFIRM
12.496000,0.554499,-0.000000,0.264962,0.000000,0.000000,0.000000,-8.380134,WAIT_USER_CONFIRM
12.498000,0.554499,-0.000000,0.264962,0.000000,0.000000,0.000000,-8.380134,WAIT_USER_CONFIRM
12.500000,0.554499,-0.000000,0.264962,0.000000,0.000000,0.000000,-8.380134,WAIT_USER_CONFIRM
12.502000,0.554499,-0.000000,0.264962,0.000000,0.000000,0.000000,-8.380134,WAIT_USER_CONFIRM
12.504000,0.554499,-0.000000,0.264962,0.000000,0.000000,0.000000,-8.380134,WAIT_USER_CONFIRM
12.506000,0.554499,-0.000000,0.264962,0.000000,0.000000,0.000000,-8.380134,WAIT_USER_CONFIRM
12.508000,0.554499,-0.000000,0.264962,0.000000,0.000000,0.000000,-8.380134,WAIT_USER_CONFIRM
12.510000,0.554499,-0.000000,0.264962,0.000000,0.000000,0.000000,-8.380134,WAIT_USER_CONFIRM
12.512000,0.554499,-0.000000,0.264962,0.000000,0.000000,0.000000,-8.380134,WAIT_USER_CONFIRM
12.514000,0.554499,-0.000000,0.264962,0.000000,0.000000,0.000000,-8.380134,WAIT_USER_CONFIRM
12.516000,0.554499,-0.000000,0.264962,0.000000,0.000000,0.000000,-8.380134,WAIT_USER_CONFIRM
12.518000,0.554499,-0.000000,0.264962,0.000000,0.000000,0.000000,-8.380134,WAIT_USER_CONFIRM
12.520000,0.554499,-0.000000,0.264962,0.000000,0.000000,0.000000,-8.380134,WAIT_USER_CONFIRM
12.522000,0.554499,-0.000000,0.264962,0.000000,0.000000,0.000000,-8.380134,WAIT_USER_CONFIRM
12.524000,0.554499,-0.000000,0.264962,0.000000,0.000000,0.000000,-8.380134,WAIT_USER_CONFIRM
12.526000,0.554499,-0.000000,0.264962,0.000000,0.000000,0.000000,-8.380134,WAIT_USER_CONFIRM
12.528000,0.554499,-0.000000,0.264962,0.000000,0.000000,0.000000,-8.380134,WAIT_USER_CONFIRM
12.530000,0.554499,-0.000000,0.264962,0.000000,0.000000,0.000000,-8.380134,WAIT_USER_CONFIRM
12.532000,0.554499,-0.000000,0.264962,0.000000,0.000000,0.000000,-8.380134,WAIT_USER_CONFIRM
12.534000,0.554499,-0.000000,0.264962,0.000000,0.000000,0.000000,-8.380134,WAIT_USER_CONFIRM
12.536000,0.554499,-0.000000,0.264962,0.000000,0.000000,0.000000,-8.380134,WAIT_USER_CONFIRM
12.538000,0.554499,-0.000000,0.264962,0.000000,0.000000,0.000000,-8.380134,WAIT_USER_CONFIRM
12.540000,0.554499,-0.000000,0.264962,0.000000,0.000000,0.000000,-8.380134,WAIT_USER_CONFIRM
12.542000,0.554499,-0.000000,0.264962,0.000000,0.000000,0.000000,-8.380134,WAIT_USER_CONFIRM
12.544000,0.554499,-0.000000,0.264962,0.000000,0.000000,0.000000,-8.380134,WAIT_USER_CONFIRM
12.546000,0.554499,-0.000000,0.264962,0.000000,0.000000,0.000000,-8.380134,WAIT_USER_CONFIRM
12.548000,0.554499,-0.000000,0.264962,0.000000,0.000000,0.000000,-8.380134,WAIT_USER_CONFIRM
12.550000,0.554499,-0.000000,0.264962,0.000000,0.000000,0.000000,-8.380134,WAIT_USER_CONFIRM
12.552000,0.554499,-0.000000,0.264962,0.000000,0.000000,0.000000,-8.380134,WAIT_USER_CONFIRM
12.554000,0.554499,-0.000000,0.264962,0.000000,0.000000,0.000000,-8.380134,WAIT_USER_CONFIRM
12.556000,0.554499,-0.000000,0.264962,0.000000,0.000000,0.000000,-8.380134,WAIT_USER_CONFIRM
12.558000,0.554499,-0.000000,0.264962,0.000000,0.000000,0.000000,-8.380134,WAIT_USER_CONFIRM
12.560000,0.554499,-0.000000,0.264962,0.000000,0.000000,0.000000,-8.380134,WAIT_USER_CONFIRM
12.562000,0.554499,-0.000000,0.264962,0.000000,0.000000,0.000000,-8.380134,WAIT_USER_CONFIRM
12.564000,0.554499,-0.000000,0.264962,0.000000,0.000000,0.000000,-8.380134,WAIT_USER_CONFIRM
12.566000,0.554499,-0.000000,0.264962,0.000000,0.000000,0.000000,-8.380134,WAIT_USER_CONFIRM
12.568000,0.554499,-0.000000,0.264962,0.000000,0.000000,0.000000,-8.380134,WAIT_USER_CONFIRM
12.570000,0.554499,-0.000000,0.264962,0.000000,0.000000,0.000000,-8.380134,WAIT_USER_CONFIRM
12.572000,0.554499,-0.000000,0.264962,0.000000,0.000000,0.000000,-8.380134,WAIT_USER_CONFIRM
12.574000,0.554499,-0.000000,0.264962,0.000000,0.000000,0.000000,-8.380134,WAIT_USER_CONFIRM
12.576000,0.554499,-0.000000,0.264962,0.000000,0.000000,0.000000,-8.380134,WAIT_USER_CONFIRM
12.578000,0.554499,-0.000000,0.264962,0.000000,0.000000,0.000000,-8.380134,WAIT_USER_CONFIRM
12.580000,0.554499,-0.000000,0.264962,0.000000,0.000000,0.000000,-8.380134,WAIT_USER_CONFIRM
12.582000,0.554499,-0.000000,0.264962,0.000000,0.000000,0.000000,-8.380134,WAIT_USER_CONFIRM
12.584000,0.554499,-0.000000,0.264962,0.000000,0.000000,0.000000,-8.380134,WAIT_USER_CONFIRM
12.586000,0.554499,-0.000000,0.264962,0.000000,0.000000,0.000000,-8.380134,WAIT_USER_CONFIRM
12.588000,0.554499,-0.000000,0.264962,0.000000,0.000000,0.000000,-8.380134,WAIT_USER_CONFIRM
12.590000,0.554499,-0.000000,0.264962,0.000000,0.000000,0.000000,-8.380134,WAIT_USER_CONFIRM
12.592000,0.554499,-0.000000,0.264962,0.000000,0.000000,0.000000,-8.380134,WAIT_USER_CONFIRM
12.594000,0.554499,-0.000000,0.264962,0.000000,0.000000,0.000000,-8.380134,WAIT_USER_CONFIRM
12.596000,0.554499,-0.000000,0.264962,0.000000,0.000000,0.000000,-8.380134,WAIT_USER_CONFIRM
12.598000,0.554499,-0.000000,0.264962,0.000000,0.000000,0.000000,-8.380134,WAIT_USER_CONFIRM
12.600000,0.554499,-0.000000,0.264962,0.000000,0.000000,0.000000,-8.380134,WAIT_USER_CONFIRM
12.602000,0.554499,-0.000000,0.264962,0.000000,0.000000,0.000000,-8.380134,WAIT_USER_CONFIRM
12.604000,0.554499,-0.000000,0.264962,0.000000,0.000000,0.000000,-8.380134,WAIT_USER_CONFIRM
12.606000,0.554499,-0.000000,0.264962,0.000000,0.000000,0.000000,-8.380134,WAIT_USER_CONFIRM
12.608000,0.554499,-0.000000,0.264962,0.000000,0.000000,0.000000,-8.380134,WAIT_USER_CONFIRM
12.610000,0.554499,-0.000000,0.264962,0.000000,0.000000,0.000000,-8.380134,WAIT_USER_CONFIRM
12.612000,0.554499,-0.000000,0.264962,0.000000,0.000000,0.000000,-8.380134,WAIT_USER_CONFIRM
12.614000,0.554499,-0.000000,0.264962,0.000000,0.000000,0.000000,-8.380134,WAIT_USER_CONFIRM
12.616000,0.554499,-0.000000,0.264962,0.000000,0.000000,0.000000,-8.380134,WAIT_USER_CONFIRM
12.618000,0.554499,-0.000000,0.264962,0.000000,0.000000,0.000000,-8.380134,WAIT_USER_CONFIRM
12.620000,0.554499,-0.000000,0.264962,0.000000,0.000000,0.000000,-8.380134,WAIT_USER_CONFIRM
12.622000,0.554499,-0.000000,0.264962,0.000000,0.000000,0.000000,-8.380134,WAIT_USER_CONFIRM
12.624000,0.554499,-0.000000,0.264962,0.000000,0.000000,0.000000,-8.380134,WAIT_USER_CONFIRM
12.626000,0.554499,-0.000000,0.264962,0.000000,0.000000,0.000000,-8.380134,WAIT_USER_CONFIRM
12.628000,0.554499,-0.000000,0.264962,0.000000,0.000000,0.000000,-8.380134,WAIT_USER_CONFIRM
12.630000,0.554499,-0.000000,0.264962,0.000000,0.000000,0.000000,-8.380134,WAIT_USER_CONFIRM
12.632000,0.554499,-0.000000,0.264962,0.000000,0.000000,0.000000,-8.380134,WAIT_USER_CONFIRM
12.634000,0.554499,-0.000000,0.264962,0.000000,0.000000,0.000000,-8.380134,WAIT_USER_CONFIRM
12.636000,0.554499,-0.000000,0.264962,0.000000,0.000000,0.000000,-8.380134,WAIT_USER_CONFIRM
12.638000,0.554499,-0.000000,0.264962,0.000000,0.000000,0.000000,-8.380134,WAIT_USER_CONFIRM
12.640000,0.554499,-0.000000,0.264962,0.000000,0.000000,0.000000,-8.380134,WAIT_USER_CONFIRM
12.642000,0.554499,-0.000000,0.264962,0.000000,0.000000,0.000000,-8.380134,WAIT_USER_CONFIRM
12.644000,0.554499,-0.000000,0.264962,0.000000,0.000000,0.000000,-8.380134,WAIT_USER_CONFIRM
12.646000,0.554499,-0.000000,0.264962,0.000000,0.000000,0.000000,-8.380134,WAIT_USER_CONFIRM
12.648000,0.554499,-0.000000,0.264962,0.000000,0.000000,0.000000,-8.380134,WAIT_USER_CONFIRM
12.650000,0.554499,-0.000000,0.264962,0.000000,0.000000,0.000000,-8.380134,WAIT_USER_CONFIRM
12.652000,0.554499,-0.000000,0.264962,0.000000,0.000000,0.000000,-8.380134,WAIT_USER_CONFIRM
12.654000,0.554499,-0.000000,0.264962,0.000000,0.000000,0.000000,-8.380134,WAIT_USER_CONFIRM
12.656000,0.554499,-0.000000,0.264962,0.000000,0.000000,0.000000,-8.380134,WAIT_USER_CONFIRM
12.658000,0.554499,-0.000000,0.264962,0.000000,0.000000,0.000000,-8.380134,WAIT_USER_CONFIRM
12.660000,0.554499,-0.000000,0.264962,0.000000,0.000000,0.000000,-8.380134,WAIT_USER_CONFIRM
12.662000,0.554499,-0.000000,0.264962,0.000000,0.000000,0.000000,-8.380134,WAIT_USER_CONFIRM
12.664000,0.554499,-0.000000,0.264962,0.000000,0.000000,0.000000,-8.380134,WAIT_USER_CONFIRM
12.666000,0.554499,-0.000000,0.264962,0.000000,0.000000,0.000000,-8.380134,WAIT_USER_CONFIRM
12.668000,0.554499,-0.000000,0.264962,0.000000,0.000000,0.000000,-8.380134,WAIT_USER_CONFIRM
12.670000,0.554499,-0.000000,0.264962,0.000000,0.000000,0.000000,-8.380134,WAIT_USER_CONFIRM
12.672000,0.554499,-0.000000,0.264962,0.000000,0.000000,0.000000,-8.380134,WAIT_USER_CONFIRM
12.674000,0.554499,-0.000000,0.264962,0.000000,0.000000,0.000000,-8.380134,WAIT_USER_CONFIRM
12.676000,0.554499,-0.000000,0.264962,0.000000,0.000000,0.000000,-8.380134,WAIT_USER_CONFIRM
12.678000,0.554499,-0.000000,0.264962,0.000000,0.000000,0.000000,-8.380134,WAIT_USER_CONFIRM
12.680000,0.554499,-0.000000,0.264962,0.000000,0.000000,0.000000,-8.380134,WAIT_USER_CONFIRM
12.682000,0.554499,-0.000000,0.264962,0.000000,0.000000,0.000000,-8.380134,WAIT_USER_CONFIRM
12.684000,0.554499,-0.000000,0.264962,0.000000,0.000000,0.000000,-8.380134,WAIT_USER_CONFIRM
12.686000,0.554499,-0.000000,0.264962,0.000000,0.000000,0.000000,-8.380134,WAIT_USER_CONFIRM
12.688000,0.554499,-0.000000,0.264962,0.000000,0.000000,0.000000,-8.380134,WAIT_USER_CONFIRM
12.690000,0.554499,-0.000000,0.264962,0.000000,0.000000,0.000000,-8.380134,WAIT_USER_CONFIRM
12.692000,0.554499,-0.000000,0.264962,0.000000,0.000000,0.000000,-8.380134,WAIT_USER_CONFIRM
12.694000,0.554499,-0.000000,0.264962,0.000000,0.000000,0.000000,-8.380134,WAIT_USER_CONFIRM
12.696000,0.554499,-0.000000,0.264962,0.000000,0.000000,0.000000,-8.380134,WAIT_USER_CONFIRM
12.698000,0.554499,-0.000000,0.264962,0.000000,0.000000,0.000000,-8.380134,WAIT_USER_CONFIRM
12.700000,0.554499,-0.000000,0.264962,0.000000,0.000000,0.000000,-8.380134,WAIT_USER_CONFIRM
12.702000,0.554499,-0.000000,0.264962,0.000000,0.000000,0.000000,-8.380134,WAIT_USER_CONFIRM
12.704000,0.554499,-0.000000,0.264962,0.000000,0.000000,0.000000,-8.380134,WAIT_USER_CONFIRM
12.706000,0.554499,-0.000000,0.264962,0.000000,0.000000,0.000000,-8.380134,WAIT_USER_CONFIRM
12.708000,0.554499,-0.000000,0.264962,0.000000,0.000000,0.000000,-8.380134,WAIT_USER_CONFIRM
12.710000,0.554499,-0.000000,0.264962,0.000000,0.000000,0.000000,-8.380134,WAIT_USER_CONFIRM
12.712000,0.554499,-0.000000,0.264962,0.000000,0.000000,0.000000,-8.380134,WAIT_USER_CONFIRM
12.714000,0.554499,-0.000000,0.264962,0.000000,0.000000,0.000000,-8.380134,WAIT_USER_CONFIRM
12.716000,0.554499,-0.000000,0.264962,0.000000,0.000000,0.000000,-8.380134,WAIT_USER_CONFIRM
12.718000,0.554499,-0.000000,0.264962,0.000000,0.000000,0.000000,-8.380134,WAIT_USER_CONFIRM
12.720000,0.554499,-0.000000,0.264962,0.000000,0.000000,0.000000,-8.380134,WAIT_USER_CONFIRM
12.722000,0.554499,-0.000000,0.264962,0.000000,0.000000,0.000000,-8.380134,WAIT_USER_CONFIRM
12.724000,0.554499,-0.000000,0.264962,0.000000,0.000000,0.000000,-8.380134,WAIT_USER_CONFIRM
12.726000,0.554499,-0.000000,0.264962,0.000000,0.000000,0.000000,-8.380134,WAIT_USER_CONFIRM
12.728000,0.554499,-0.000000,0.264962,0.000000,0.000000,0.000000,-8.380134,WAIT_USER_CONFIRM
12.730000,0.554499,-0.000000,0.264962,0.000000,0.000000,0.000000,-8.380134,WAIT_USER_CONFIRM
12.732000,0.554499,-0.000000,0.264962,0.000000,0.000000,0.000000,-8.380134,WAIT_USER_CONFIRM
12.734000,0.554499,-0.000000,0.264962,0.000000,0.000000,0.000000,-8.380134,WAIT_USER_CONFIRM
12.736000,0.554499,-0.000000,0.264962,0.000000,0.000000,0.000000,-8.380134,WAIT_USER_CONFIRM
12.738000,0.554499,-0.000000,0.264962,0.000000,0.000000,0.000000,-8.380134,WAIT_USER_CONFIRM
12.740000,0.554499,-0.000000,0.264962,0.000000,0.000000,0.000000,-8.380134,WAIT_USER_CONFIRM
12.742000,0.554499,-0.000000,0.264962,0.000000,0.000000,0.000000,-8.380134,WAIT_USER_CONFIRM
12.744000,0.554499,-0.000000,0.264962,0.000000,0.000000,0.000000,-8.380134,WAIT_USER_CONFIRM
12.746000,0.554499,-0.000000,0.264962,0.000000,0.000000,0.000000,-8.380134,WAIT_USER_CONFIRM
12.748000,0.554499,-0.000000,0.264962,0.000000,0.000000,0.000000,-8.380134,WAIT_USER_CONFIRM
12.750000,0.554499,-0.000000,0.264962,0.000000,0.000000,0.000000,-8.380134,WAIT_USER_CONFIRM
12.752000,0.554499,-0.000000,0.264962,0.000000,0.000000,0.000000,-8.380134,WAIT_USER_CONFIRM
12.754000,0.554499,-0.000000,0.264962,0.000000,0.000000,0.000000,-8.380134,WAIT_USER_CONFIRM
12.756000,0.554499,-0.000000,0.264962,0.000000,0.000000,0.000000,-8.380134,WAIT_USER_CONFIRM
12.758000,0.554499,-0.000000,0.264962,0.000000,0.000000,0.000000,-8.380134,WAIT_USER_CONFIRM
12.760000,0.554499,-0.000000,0.264962,0.000000,0.000000,0.000000,-8.380134,WAIT_USER_CONFIRM
12.762000,0.554499,-0.000000,0.264962,0.000000,0.000000,0.000000,-8.380134,WAIT_USER_CONFIRM
12.764000,0.554499,-0.000000,0.264962,0.000000,0.000000,0.000000,-8.380134,WAIT_USER_CONFIRM
12.766000,0.554499,-0.000000,0.264962,0.000000,0.000000,0.000000,-8.380134,WAIT_USER_CONFIRM
12.768000,0.554499,-0.000000,0.264962,0.000000,0.000000,0.000000,-8.380134,WAIT_USER_CONFIRM
12.770000,0.554499,-0.000000,0.264962,0.000000,0.000000,0.000000,-8.380134,WAIT_USER_CONFIRM
12.772000,0.554499,-0.000000,0.264962,0.000000,0.000000,0.000000,-8.380134,WAIT_USER_CONFIRM
12.774000,0.554499,-0.000000,0.264962,0.000000,0.000000,0.000000,-8.380134,WAIT_USER_CONFIRM
12.776000,0.554499,-0.000000,0.264962,0.000000,0.000000,0.000000,-8.380134,WAIT_USER_CONFIRM
12.778000,0.554499,-0.000000,0.264962,0.000000,0.000000,0.000000,-8.380134,WAIT_USER_CONFIRM
12.780000,0.554499,-0.000000,0.264962,0.000000,0.000000,0.000000,-8.380134,WAIT_USER_CONFIRM
12.782000,0.554499,-0.000000,0.264962,0.000000,0.000000,0.000000,-8.380134,WAIT_USER_CONFIRM
12.784000,0.554499,-0.000000,0.264962,0.000000,0.000000,0.000000,-8.380134,WAIT_USER_CONFIRM
12.786000,0.554499,-0.000000,0.264962,0.000000,0.000000,0.000000,-8.380134,WAIT_USER_CONFIRM
12.788000,0.554499,-0.000000,0.264962,0.000000,0.000000,0.000000,-8.380134,WAIT_USER_CONFIRM
12.790000,0.554499,-0.000000,0.264962,0.000000,0.000000,0.000000,-8.380134,WAIT_USER_CONFIRM
12.792000,0.554499,-0.000000,0.264962,0.000000,0.000000,0.000000,-8.380134,WAIT_USER_CONFIRM
12.794000,0.554499,-0.000000,0.264962,0.000000,0.000000,0.000000,-8.380134,WAIT_USER_CONFIRM
12.796000,0.554499,-0.000000,0.264962,0.000000,0.000000,0.000000,-8.380134,WAIT_USER_CONFIRM
12.798000,0.554499,-0.000000,0.264962,0.000000,0.000000,0.000000,-8.380134,WAIT_USER_CONFIRM
12.800000,0.554499,-0.000000,0.264962,0.000000,0.000000,0.000000,-8.380134,WAIT_USER_CONFIRM
12.802000,0.554499,-0.000000,0.264962,0.000000,0.000000,0.000000,-8.380134,WAIT_USER_CONFIRM
12.804000,0.554499,-0.000000,0.264962,0.000000,0.000000,0.000000,-8.380134,WAIT_USER_CONFIRM
12.806000,0.554499,-0.000000,0.264962,0.000000,0.000000,0.000000,-8.380134,WAIT_USER_CONFIRM
12.808000,0.554499,-0.000000,0.264962,0.000000,0.000000,0.000000,-8.380134,WAIT_USER_CONFIRM
12.810000,0.554499,-0.000000,0.264962,0.000000,0.000000,0.000000,-8.380134,WAIT_USER_CONFIRM
12.812000,0.554499,-0.000000,0.264962,0.000000,0.000000,0.000000,-8.380134,WAIT_USER_CONFIRM
12.814000,0.554499,-0.000000,0.264962,0.000000,0.000000,0.000000,-8.380134,WAIT_USER_CONFIRM
12.816000,0.554499,-0.000000,0.264962,0.000000,0.000000,0.000000,-8.380134,WAIT_USER_CONFIRM
12.818000,0.554499,-0.000000,0.264962,0.000000,0.000000,0.000000,-8.380134,WAIT_USER_CONFIRM
12.820000,0.554499,-0.000000,0.264962,0.000000,0.000000,0.000000,-8.380134,WAIT_USER_CONFIRM
12.822000,0.554499,-0.000000,0.264962,0.000000,0.000000,0.000000,-8.380134,WAIT_USER_CONFIRM
12.824000,0.554499,-0.000000,0.264962,0.000000,0.000000,0.000000,-8.380134,WAIT_USER_CONFIRM
12.826000,0.554499,-0.000000,0.264962,0.000000,0.000000,0.000000,-8.380134,WAIT_USER_CONFIRM
12.828000,0.554499,-0.000000,0.264962,0.000000,0.000000,0.000000,-8.380134,WAIT_USER_CONFIRM
12.830000,0.554499,-0.000000,0.264962,0.000000,0.000000,0.000000,-8.380134,WAIT_USER_CONFIRM
12.832000,0.554499,-0.000000,0.264962,0.000000,0.000000,0.000000,-8.380134,WAIT_USER_CONFIRM
12.834000,0.554499,-0.000000,0.264962,0.000000,0.000000,0.000000,-8.380134,WAIT_USER_CONFIRM
12.836000,0.554499,-0.000000,0.264962,0.000000,0.000000,0.000000,-8.380134,WAIT_USER_CONFIRM
12.838000,0.554499,-0.000000,0.264962,0.000000,0.000000,0.000000,-8.380134,WAIT_USER_CONFIRM
12.840000,0.554499,-0.000000,0.264962,0.000000,0.000000,0.000000,-8.380134,WAIT_USER_CONFIRM
12.842000,0.554499,-0.000000,0.264962,0.000000,0.000000,0.000000,-8.380134,WAIT_USER_CONFIRM
12.844000,0.554499,-0.000000,0.264962,0.000000,0.000000,0.000000,-8.380134,WAIT_USER_CONFIRM
12.846000,0.554499,-0.000000,0.264962,0.000000,0.000000,0.000000,-8.380134,WAIT_USER_CONFIRM
12.848000,0.554499,-0.000000,0.264962,0.000000,0.000000,0.000000,-8.380134,WAIT_USER_CONFIRM
12.850000,0.554499,-0.000000,0.264962,0.000000,0.000000,0.000000,-8.380134,WAIT_USER_CONFIRM
12.852000,0.554499,-0.000000,0.264962,0.000000,0.000000,0.000000,-8.380134,WAIT_USER_CONFIRM
12.854000,0.554499,-0.000000,0.264962,0.000000,0.000000,0.000000,-8.380134,WAIT_USER_CONFIRM
12.856000,0.554499,-0.000000,0.264962,0.000000,0.000000,0.000000,-8.380134,WAIT_USER_CONFIRM
12.858000,0.554499,-0.000000,0.264962,0.000000,0.000000,0.000000,-8.380134,WAIT_USER_CONFIRM
12.860000,0.554499,-0.000000,0.264962,0.000000,0.000000,0.000000,-8.380134,WAIT_USER_CONFIRM
12.862000,0.554499,-0.000000,0.264962,0.000000,0.000000,0.000000,-8.380134,WAIT_USER_CONFIRM
12.864000,0.554499,-0.000000,0.264962,0.000000,0.000000,0.000000,-8.380134,WAIT_USER_CONFIRM
12.866000,0.554499,-0.000000,0.264962,0.000000,0.000000,0.000000,-8.380134,WAIT_USER_CONFIRM
12.868000,0.554499,-0.000000,0.264962,0.000000,0.000000,0.000000,-8.380134,WAIT_USER_CONFIRM
12.870000,0.554499,-0.000000,0.264962,0.000000,0.000000,0.000000,-8.380134,WAIT_USER_CONFIRM
12.872000,0.554499,-0.000000,0.264962,0.000000,0.000000,0.000000,-8.380134,WAIT_USER_CONFIRM
12.874000,0.554499,-0.000000,0.264962,0.000000,0.000000,0.000000,-8.380134,WAIT_USER_CONFIRM
12.876000,0.554499,-0.000000,0.264962,0.000000,0.000000,0.000000,-8.380134,WAIT_USER_CONFIRM
12.878000,0.554499,-0.000000,0.264962,0.000000,0.000000,0.000000,-8.380134,WAIT_USER_CONFIRM
12.880000,0.554499,-0.000000,0.264962,0.000000,0.000000,0.000000,-8.380134,WAIT_USER_CONFIRM
12.882000,0.554499,-0.000000,0.264962,0.000000,0.000000,0.000000,-8.380134,WAIT_USER_CONFIRM
12.884000,0.554499,-0.000000,0.264962,0.000000,0.000000,0.000000,-8.380134,WAIT_USER_CONFIRM
12.886000,0.554499,-0.000000,0.264962,0.000000,0.000000,0.000000,-8.380134,WAIT_USER_CONFIRM
12.888000,0.554499,-0.000000,0.264962,0.000000,0.000000,0.000000,-8.380134,WAIT_USER_CONFIRM
12.890000,0.554499,-0.000000,0.264962,0.000000,0.000000,0.000000,-8.380134,WAIT_USER_CONFIRM
12.892000,0.554499,-0.000000,0.264962,0.000000,0.000000,0.000000,-8.380134,WAIT_USER_CONFIRM
12.894000,0.554499,-0.000000,0.264962,0.000000,0.000000,0.000000,-8.380134,WAIT_USER_CONFIRM
12.896000,0.554499,-0.000000,0.264962,0.000000,0.000000,0.000000,-8.380134,WAIT_USER_CONFIRM
12.898000,0.554499,-0.000000,0.264962,0.000000,0.000000,0.000000,-8.380134,WAIT_USER_CONFIRM
12.900000,0.554499,-0.000000,0.264962,0.000000,0.000000,0.000000,-8.380134,WAIT_USER_CONFIRM
12.902000,0.554499,-0.000000,0.264962,0.000000,0.000000,0.000000,-8.380134,WAIT_USER_CONFIRM
12.904000,0.554499,-0.000000,0.264962,0.000000,0.000000,0.000000,-8.380134,WAIT_USER_CONFIRM
12.906000,0.554499,-0.000000,0.264962,0.000000,0.000000,0.000000,-8.380134,WAIT_USER_CONFIRM
12.908000,0.554499,-0.000000,0.264962,0.000000,0.000000,0.000000,-8.380134,WAIT_USER_CONFIRM
12.910000,0.554499,-0.000000,0.264962,0.000000,0.000000,0.000000,-8.380134,WAIT_USER_CONFIRM
12.912000,0.554499,-0.000000,0.264962,0.000000,0.000000,0.000000,-8.380134,WAIT_USER_CONFIRM
12.914000,0.554499,-0.000000,0.264962,0.000000,0.000000,0.000000,-8.380134,WAIT_USER_CONFIRM
12.916000,0.554499,-0.000000,0.264962,0.000000,0.000000,0.000000,-8.380134,WAIT_USER_CONFIRM
12.918000,0.554499,-0.000000,0.264962,0.000000,0.000000,0.000000,-8.380134,WAIT_USER_CONFIRM
12.920000,0.554499,-0.000000,0.264962,0.000000,0.000000,0.000000,-8.380134,WAIT_USER_CONFIRM
12.922000,0.554499,-0.000000,0.264962,0.000000,0.000000,0.000000,-8.380134,WAIT_USER_CONFIRM
12.924000,0.554499,-0.000000,0.264962,0.000000,0.000000,0.000000,-8.380134,WAIT_USER_CONFIRM
12.926000,0.554499,-0.000000,0.264962,0.000000,0.000000,0.000000,-8.380134,WAIT_USER_CONFIRM
12.928000,0.554499,-0.000000,0.264962,0.000000,0.000000,0.000000,-8.380134,WAIT_USER_CONFIRM
12.930000,0.554499,-0.000000,0.264962,0.000000,0.000000,0.000000,-8.380134,WAIT_USER_CONFIRM
12.932000,0.554499,-0.000000,0.264962,0.000000,0.000000,0.000000,-8.380134,WAIT_USER_CONFIRM
12.934000,0.554499,-0.000000,0.264962,0.000000,0.000000,0.000000,-8.380134,WAIT_USER_CONFIRM
12.936000,0.554499,-0.000000,0.264962,0.000000,0.000000,0.000000,-8.380134,WAIT_USER_CONFIRM
12.938000,0.554499,-0.000000,0.264962,0.000000,0.000000,0.000000,-8.380134,WAIT_USER_CONFIRM
12.940000,0.554499,-0.000000,0.264962,0.000000,0.000000,0.000000,-8.380134,WAIT_USER_CONFIRM
12.942000,0.554499,-0.000000,0.264962,0.000000,0.000000,0.000000,-8.380134,WAIT_USER_CONFIRM
12.944000,0.554499,-0.000000,0.264962,0.000000,0.000000,0.000000,-8.380134,WAIT_USER_CONFIRM
12.946000,0.554499,-0.000000,0.264962,0.000000,0.000000,0.000000,-8.380134,WAIT_USER_CONFIRM
12.948000,0.554499,-0.000000,0.264962,0.000000,0.000000,0.000000,-8.380134,WAIT_USER_CONFIRM
12.950000,0.554499,-0.000000,0.264962,0.000000,0.000000,0.000000,-8.380134,WAIT_USER_CONFIRM
12.952000,0.554499,-0.000000,0.264962,0.000000,0.000000,0.000000,-8.380134,WAIT_USER_CONFIRM
12.954000,0.554499,-0.000000,0.264962,0.000000,0.000000,0.000000,-8.380134,WAIT_USER_CONFIRM
12.956000,0.554499,-0.000000,0.264962,0.000000,0.000000,0.000000,-8.380134,WAIT_USER_CONFIRM
12.958000,0.554499,-0.000000,0.264962,0.000000,0.000000,0.000000,-8.380134,WAIT_USER_CONFIRM
12.960000,0.554499,-0.000000,0.264962,0.000000,0.000000,0.000000,-8.380134,WAIT_USER_CONFIRM
12.962000,0.554499,-0.000000,0.264962,0.000000,0.000000,0.000000,-8.380134,WAIT_USER_CONFIRM
12.964000,0.554499,-0.000000,0.264962,0.000000,0.000000,0.000000,-8.380134,WAIT_USER_CONFIRM
12.966000,0.554499,-0.000000,0.264962,0.000000,0.000000,0.000000,-8.380134,WAIT_USER_CONFIRM
12.968000,0.554499,-0.000000,0.264962,0.000000,0.000000,0.000000,-8.380134,WAIT_USER_CONFIRM
12.970000,0.554499,-0.000000,0.264962,0.000000,0.000000,0.000000,-8.380134,WAIT_USER_CONFIRM
12.972000,0.554499,-0.000000,0.264962,0.000000,0.000000,0.000000,-8.380134,WAIT_USER_CONFIRM
12.974000,0.554499,-0.000000,0.264962,0.000000,0.000000,0.000000,-8.380134,WAIT_USER_CONFIRM
12.976000,0.554499,-0.000000,0.264962,0.000000,0.000000,0.000000,-8.380134,WAIT_USER_CONFIRM
12.978000,0.554499,-0.000000,0.264962,0.000000,0.000000,0.000000,-8.380134,WAIT_USER_CONFIRM
12.980000,0.554499,-0.000000,0.264962,0.000000,0.000000,0.000000,-8.380134,WAIT_USER_CONFIRM
12.982000,0.554499,-0.000000,0.264962,0.000000,0.000000,0.000000,-8.380134,WAIT_USER_CONFIRM
12.984000,0.554499,-0.000000,0.264962,0.000000,0.000000,0.000000,-8.380134,WAIT_USER_CONFIRM
12.986000,0.554499,-0.000000,0.264962,0.000000,0.000000,0.000000,-8.380134,WAIT_USER_CONFIRM
12.988000,0.554499,-0.000000,0.264962,0.000000,0.000000,0.000000,-8.380134,WAIT_USER_CONFIRM
12.990000,0.554499,-0.000000,0.264962,0.000000,0.000000,0.000000,-8.380134,WAIT_USER_CONFIRM
12.992000,0.554499,-0.000000,0.264962,0.000000,0.000000,0.000000,-8.380134,WAIT_USER_CONFIRM
12.994000,0.554499,-0.000000,0.264962,0.000000,0.000000,0.000000,-8.380134,WAIT_USER_CONFIRM
12.996000,0.554499,-0.000000,0.264962,0.000000,0.000000,0.000000,-8.380134,WAIT_USER_CONFIRM
12.998000,0.554499,-0.000000,0.264962,0.000000,0.000000,0.000000,-8.380134,WAIT_USER_CONFIRM
13.000000,0.554499,-0.000000,0.264962,0.000000,0.000000,0.000000,-8.380134,WAIT_USER_CONFIRM
13.002000,0.554499,-0.000000,0.264962,0.000000,0.000000,0.000000,-8.380134,WAIT_USER_CONFIRM
13.004000,0.554499,-0.000000,0.264962,0.000000,0.000000,0.000000,-8.380134,WAIT_USER_CONFIRM
13.006000,0.554499,-0.000000,0.264962,0.000000,0.000000,0.000000,-8.380134,WAIT_USER_CONFIRM
13.008000,0.554499,-0.000000,0.264962,0.000000,0.000000,0.000000,-8.380134,WAIT_USER_CONFIRM
13.010000,0.554499,-0.000000,0.264962,0.000000,0.000000,0.000000,-8.380134,WAIT_USER_CONFIRM
13.012000,0.554499,-0.000000,0.264962,0.000000,0.000000,0.000000,-8.380134,WAIT_USER_CONFIRM
13.014000,0.554499,-0.000000,0.264962,0.000000,0.000000,0.000000,-8.380134,WAIT_USER_CONFIRM
13.016000,0.554499,-0.000000,0.264962,0.000000,0.000000,0.000000,-8.380134,WAIT_USER_CONFIRM
13.018000,0.554499,-0.000000,0.264962,0.000000,0.000000,0.000000,-8.380134,WAIT_USER_CONFIRM
13.020000,0.554499,-0.000000,0.264962,0.000000,0.000000,0.000000,-8.380134,WAIT_USER_CONFIRM
13.022000,0.554499,-0.000000,0.264962,0.000000,0.000000,0.000000,-8.380134,WAIT_USER_CONFIRM
13.024000,0.554499,-0.000000,0.264962,0.000000,0.000000,0.000000,-8.380134,WAIT_USER_CONFIRM
13.026000,0.554499,-0.000000,0.264962,0.000000,0.000000,0.000000,-8.380134,WAIT_USER_CONFIRM
13.028000,0.554499,-0.000000,0.264962,0.000000,0.000000,0.000000,-8.380134,WAIT_USER_CONFIRM
13.030000,0.554499,-0.000000,0.264962,0.000000,0.000000,0.000000,-8.380134,WAIT_USER_CONFIRM
13.032000,0.554499,-0.000000,0.264962,0.000000,0.000000,0.000000,-8.380134,WAIT_USER_CONFIRM
13.034000,0.554499,-0.000000,0.264962,0.000000,0.000000,0.000000,-8.380134,WAIT_USER_CONFIRM
13.036000,0.554499,-0.000000,0.264962,0.000000,0.000000,0.000000,-8.380134,WAIT_USER_CONFIRM
13.038000,0.554499,-0.000000,0.264962,0.000000,0.000000,0.000000,-8.380134,WAIT_USER_CONFIRM
13.040000,0.554499,-0.000000,0.264962,0.000000,0.000000,0.000000,-8.380134,WAIT_USER_CONFIRM
13.042000,0.554499,-0.000000,0.264962,0.000000,0.000000,0.000000,-8.380134,WAIT_USER_CONFIRM
13.044000,0.554499,-0.000000,0.264962,0.000000,0.000000,0.000000,-8.380134,WAIT_USER_CONFIRM
13.046000,0.554499,-0.000000,0.264962,0.000000,0.000000,0.000000,-8.380134,WAIT_USER_CONFIRM
13.048000,0.554499,-0.000000,0.264962,0.000000,0.000000,0.000000,-8.380134,WAIT_USER_CONFIRM
13.050000,0.554499,-0.000000,0.264962,0.000000,0.000000,0.000000,-8.380134,WAIT_USER_CONFIRM
13.052000,0.554499,-0.000000,0.264962,0.000000,0.000000,0.000000,-8.380134,WAIT_USER_CONFIRM
13.054000,0.554499,-0.000000,0.264962,0.000000,0.000000,0.000000,-8.380134,WAIT_USER_CONFIRM
13.056000,0.554499,-0.000000,0.264962,0.000000,0.000000,0.000000,-8.380134,WAIT_USER_CONFIRM
13.058000,0.554499,-0.000000,0.264962,0.000000,0.000000,0.000000,-8.380134,WAIT_USER_CONFIRM
13.060000,0.554499,-0.000000,0.264962,0.000000,0.000000,0.000000,-8.380134,WAIT_USER_CONFIRM
13.062000,0.554499,-0.000000,0.264962,0.000000,0.000000,0.000000,-8.380134,WAIT_USER_CONFIRM
13.064000,0.554499,-0.000000,0.264962,0.000000,0.000000,0.000000,-8.380134,WAIT_USER_CONFIRM
13.066000,0.554499,-0.000000,0.264962,0.000000,0.000000,0.000000,-8.380134,WAIT_USER_CONFIRM
13.068000,0.554499,-0.000000,0.264962,0.000000,0.000000,0.000000,-8.380134,WAIT_USER_CONFIRM
13.070000,0.554499,-0.000000,0.264962,0.000000,0.000000,0.000000,-8.380134,WAIT_USER_CONFIRM
13.072000,0.554499,-0.000000,0.264962,0.000000,0.000000,0.000000,-8.380134,WAIT_USER_CONFIRM
13.074000,0.554499,-0.000000,0.264962,0.000000,0.000000,0.000000,-8.380134,WAIT_USER_CONFIRM
13.076000,0.554499,-0.000000,0.264962,0.000000,0.000000,0.000000,-8.380134,WAIT_USER_CONFIRM
13.078000,0.554499,-0.000000,0.264962,0.000000,0.000000,0.000000,-8.380134,WAIT_USER_CONFIRM
13.080000,0.554499,-0.000000,0.264962,0.000000,0.000000,0.000000,-8.380134,WAIT_USER_CONFIRM
13.082000,0.554499,-0.000000,0.264962,0.000000,0.000000,0.000000,-8.380134,WAIT_USER_CONFIRM
13.084000,0.554499,-0.000000,0.264962,0.000000,0.000000,0.000000,-8.380134,WAIT_USER_CONFIRM
13.086000,0.554499,-0.000000,0.264962,0.000000,0.000000,0.000000,-8.380134,WAIT_USER_CONFIRM
13.088000,0.554499,-0.000000,0.264962,0.000000,0.000000,0.000000,-8.380134,WAIT_USER_CONFIRM
13.090000,0.554499,-0.000000,0.264962,0.000000,0.000000,0.000000,-8.380134,WAIT_USER_CONFIRM
13.092000,0.554499,-0.000000,0.264962,0.000000,0.000000,0.000000,-8.380134,WAIT_USER_CONFIRM
13.094000,0.554499,-0.000000,0.264962,0.000000,0.000000,0.000000,-8.380134,WAIT_USER_CONFIRM
13.096000,0.554499,-0.000000,0.264962,0.000000,0.000000,0.000000,-8.380134,WAIT_USER_CONFIRM
13.098000,0.554499,-0.000000,0.264962,0.000000,0.000000,0.000000,-8.380134,WAIT_USER_CONFIRM
13.100000,0.554499,-0.000000,0.264962,0.000000,0.000000,0.000000,-8.380134,WAIT_USER_CONFIRM
13.102000,0.554499,-0.000000,0.264962,0.000000,0.000000,0.000000,-8.380134,WAIT_USER_CONFIRM
13.104000,0.554499,-0.000000,0.264962,0.000000,0.000000,0.000000,-8.380134,WAIT_USER_CONFIRM
13.106000,0.554499,-0.000000,0.264962,0.000000,0.000000,0.000000,-8.380134,WAIT_USER_CONFIRM
13.108000,0.554499,-0.000000,0.264962,0.000000,0.000000,0.000000,-8.380134,WAIT_USER_CONFIRM
13.110000,0.554499,-0.000000,0.264962,0.000000,0.000000,0.000000,-8.380134,WAIT_USER_CONFIRM
13.112000,0.554499,-0.000000,0.264962,0.000000,0.000000,0.000000,-8.380134,WAIT_USER_CONFIRM
13.114000,0.554499,-0.000000,0.264962,0.000000,0.000000,0.000000,-8.380134,WAIT_USER_CONFIRM
13.116000,0.554499,-0.000000,0.264962,0.000000,0.000000,0.000000,-8.380134,WAIT_USER_CONFIRM
13.118000,0.554499,-0.000000,0.264962,0.000000,0.000000,0.000000,-8.380134,WAIT_USER_CONFIRM
13.120000,0.554499,-0.000000,0.264962,0.000000,0.000000,0.000000,-8.380134,WAIT_USER_CONFIRM
13.122000,0.554499,-0.000000,0.264962,0.000000,0.000000,0.000000,-8.380134,WAIT_USER_CONFIRM
13.124000,0.554499,-0.000000,0.264962,0.000000,0.000000,0.000000,-8.380134,WAIT_USER_CONFIRM
13.126000,0.554499,-0.000000,0.264962,0.000000,0.000000,0.000000,-8.380134,WAIT_USER_CONFIRM
13.128000,0.554499,-0.000000,0.264962,0.000000,0.000000,0.000000,-8.380134,WAIT_USER_CONFIRM
13.130000,0.554499,-0.000000,0.264962,0.000000,0.000000,0.000000,-8.380134,WAIT_USER_CONFIRM
13.132000,0.554499,-0.000000,0.264962,0.000000,0.000000,0.000000,-8.380134,WAIT_USER_CONFIRM
13.134000,0.554499,-0.000000,0.264962,0.000000,0.000000,0.000000,-8.380134,WAIT_USER_CONFIRM
13.136000,0.554499,-0.000000,0.264962,0.000000,0.000000,0.000000,-8.380134,WAIT_USER_CONFIRM
13.138000,0.554499,-0.000000,0.264962,0.000000,0.000000,0.000000,-8.380134,WAIT_USER_CONFIRM
13.140000,0.554499,-0.000000,0.264962,0.000000,0.000000,0.000000,-8.380134,WAIT_USER_CONFIRM
13.142000,0.554499,-0.000000,0.264962,0.000000,0.000000,0.000000,-8.380134,WAIT_USER_CONFIRM
13.144000,0.554499,-0.000000,0.264962,0.000000,0.000000,0.000000,-8.380134,WAIT_USER_CONFIRM
13.146000,0.554499,-0.000000,0.264962,0.000000,0.000000,0.000000,-8.380134,WAIT_USER_CONFIRM
13.148000,0.554499,-0.000000,0.264962,0.000000,0.000000,0.000000,-8.380134,WAIT_USER_CONFIRM
13.150000,0.554499,-0.000000,0.264962,0.000000,0.000000,0.000000,-8.380134,WAIT_USER_CONFIRM
13.152000,0.554499,-0.000000,0.264962,0.000000,0.000000,0.000000,-8.380134,WAIT_USER_CONFIRM
13.154000,0.554499,-0.000000,0.264962,0.000000,0.000000,0.000000,-8.380134,WAIT_USER_CONFIRM
13.156000,0.554499,-0.000000,0.264962,0.000000,0.000000,0.000000,-8.380134,WAIT_USER_CONFIRM
13.158000,0.554499,-0.000000,0.264962,0.000000,0.000000,0.000000,-8.380134,WAIT_USER_CONFIRM
13.160000,0.554499,-0.000000,0.264962,0.000000,0.000000,0.000000,-8.380134,WAIT_USER_CONFIRM
13.162000,0.554499,-0.000000,0.264962,0.000000,0.000000,0.000000,-8.380134,WAIT_USER_CONFIRM
13.164000,0.554499,-0.000000,0.264962,0.000000,0.000000,0.000000,-8.380134,WAIT_USER_CONFIRM
13.166000,0.554499,-0.000000,0.264962,0.000000,0.000000,0.000000,-8.380134,WAIT_USER_CONFIRM
13.168000,0.554499,-0.000000,0.264962,0.000000,0.000000,0.000000,-8.380134,WAIT_USER_CONFIRM
13.170000,0.554499,-0.000000,0.264962,0.000000,0.000000,0.000000,-8.380134,WAIT_USER_CONFIRM
13.172000,0.554499,-0.000000,0.264962,0.000000,0.000000,0.000000,-8.380134,WAIT_USER_CONFIRM
13.174000,0.554499,-0.000000,0.264962,0.000000,0.000000,0.000000,-8.380134,WAIT_USER_CONFIRM
13.176000,0.554499,-0.000000,0.264962,0.000000,0.000000,0.000000,-8.380134,WAIT_USER_CONFIRM
13.178000,0.554499,-0.000000,0.264962,0.000000,0.000000,0.000000,-8.380134,WAIT_USER_CONFIRM
13.180000,0.554499,-0.000000,0.264962,0.000000,0.000000,0.000000,-8.380134,WAIT_USER_CONFIRM
13.182000,0.554499,-0.000000,0.264962,0.000000,0.000000,0.000000,-8.380134,WAIT_USER_CONFIRM
13.184000,0.554499,-0.000000,0.264962,0.000000,0.000000,0.000000,-8.380134,WAIT_USER_CONFIRM
13.186000,0.554499,-0.000000,0.264962,0.000000,0.000000,0.000000,-8.380134,WAIT_USER_CONFIRM
13.188000,0.554499,-0.000000,0.264962,0.000000,0.000000,0.000000,-8.380134,WAIT_USER_CONFIRM
13.190000,0.554499,-0.000000,0.264962,0.000000,0.000000,0.000000,-8.380134,WAIT_USER_CONFIRM
13.192000,0.554499,-0.000000,0.264962,0.000000,0.000000,0.000000,-8.380134,WAIT_USER_CONFIRM
13.194000,0.554499,-0.000000,0.264962,0.000000,0.000000,0.000000,-8.380134,WAIT_USER_CONFIRM
13.196000,0.554499,-0.000000,0.264962,0.000000,0.000000,0.000000,-8.380134,WAIT_USER_CONFIRM
13.198000,0.554499,-0.000000,0.264962,0.000000,0.000000,0.000000,-8.380134,WAIT_USER_CONFIRM
13.200000,0.554499,-0.000000,0.264962,0.000000,0.000000,0.000000,-8.380134,WAIT_USER_CONFIRM
13.202000,0.554499,-0.000000,0.264962,0.000000,0.000000,0.000000,-8.380134,WAIT_USER_CONFIRM
13.204000,0.554499,-0.000000,0.264962,0.000000,0.000000,0.000000,-8.380134,WAIT_USER_CONFIRM
13.206000,0.554499,-0.000000,0.264962,0.000000,0.000000,0.000000,-8.380134,WAIT_USER_CONFIRM
13.208000,0.554499,-0.000000,0.264962,0.000000,0.000000,0.000000,-8.380134,WAIT_USER_CONFIRM
13.210000,0.554499,-0.000000,0.264962,0.000000,0.000000,0.000000,-8.380134,WAIT_USER_CONFIRM
13.212000,0.554499,-0.000000,0.264962,0.000000,0.000000,0.000000,-8.380134,WAIT_USER_CONFIRM
13.214000,0.554499,-0.000000,0.264962,0.000000,0.000000,0.000000,-8.380134,WAIT_USER_CONFIRM
13.216000,0.554499,-0.000000,0.264962,0.000000,0.000000,0.000000,-8.380134,WAIT_USER_CONFIRM
13.218000,0.554499,-0.000000,0.264962,0.000000,0.000000,0.000000,-8.380134,WAIT_USER_CONFIRM
13.220000,0.554499,-0.000000,0.264962,0.000000,0.000000,0.000000,-8.380134,WAIT_USER_CONFIRM
13.222000,0.554499,-0.000000,0.264962,0.000000,0.000000,0.000000,-8.380134,WAIT_USER_CONFIRM
13.224000,0.554499,-0.000000,0.264962,0.000000,0.000000,0.000000,-8.380134,WAIT_USER_CONFIRM
13.226000,0.554499,-0.000000,0.264962,0.000000,0.000000,0.000000,-8.380134,WAIT_USER_CONFIRM
13.228000,0.554499,-0.000000,0.264962,0.000000,0.000000,0.000000,-8.380134,WAIT_USER_CONFIRM
13.230000,0.554499,-0.000000,0.264962,0.000000,0.000000,0.000000,-8.380134,WAIT_USER_CONFIRM
13.232000,0.554499,-0.000000,0.264962,0.000000,0.000000,0.000000,-8.380134,WAIT_USER_CONFIRM
13.234000,0.554499,-0.000000,0.264962,0.000000,0.000000,0.000000,-8.380134,WAIT_USER_CONFIRM
13.236000,0.554499,-0.000000,0.264962,0.000000,0.000000,0.000000,-8.380134,WAIT_USER_CONFIRM
13.238000,0.554499,-0.000000,0.264962,0.000000,0.000000,0.000000,-8.380134,WAIT_USER_CONFIRM
13.240000,0.554499,-0.000000,0.264962,0.000000,0.000000,0.000000,-8.380134,WAIT_USER_CONFIRM
13.242000,0.554499,-0.000000,0.264962,0.000000,0.000000,0.000000,-8.380134,WAIT_USER_CONFIRM
13.244000,0.554499,-0.000000,0.264962,0.000000,0.000000,0.000000,-8.380134,WAIT_USER_CONFIRM
13.246000,0.554499,-0.000000,0.264962,0.000000,0.000000,0.000000,-8.380134,WAIT_USER_CONFIRM
13.248000,0.554499,-0.000000,0.264962,0.000000,0.000000,0.000000,-8.380134,WAIT_USER_CONFIRM
13.250000,0.554499,-0.000000,0.264962,0.000000,0.000000,0.000000,-8.380134,WAIT_USER_CONFIRM
13.252000,0.554499,-0.000000,0.264962,0.000000,0.000000,0.000000,-8.380134,WAIT_USER_CONFIRM
13.254000,0.554499,-0.000000,0.264962,0.000000,0.000000,0.000000,-8.380134,WAIT_USER_CONFIRM
13.256000,0.554499,-0.000000,0.264962,0.000000,0.000000,0.000000,-8.380134,WAIT_USER_CONFIRM
13.258000,0.554499,-0.000000,0.264962,0.000000,0.000000,0.000000,-8.380134,WAIT_USER_CONFIRM
13.260000,0.554499,-0.000000,0.264962,0.000000,0.000000,0.000000,-8.380134,WAIT_USER_CONFIRM
13.262000,0.554499,-0.000000,0.264962,0.000000,0.000000,0.000000,-8.380134,WAIT_USER_CONFIRM
13.264000,0.554499,-0.000000,0.264962,0.000000,0.000000,0.000000,-8.380134,WAIT_USER_CONFIRM
13.266000,0.554499,-0.000000,0.264962,0.000000,0.000000,0.000000,-8.380134,WAIT_USER_CONFIRM
13.268000,0.554499,-0.000000,0.264962,0.000000,0.000000,0.000000,-8.380134,WAIT_USER_CONFIRM
13.270000,0.554499,-0.000000,0.264962,0.000000,0.000000,0.000000,-8.380134,WAIT_USER_CONFIRM
13.272000,0.554499,-0.000000,0.264962,0.000000,0.000000,0.000000,-8.380134,WAIT_USER_CONFIRM
13.274000,0.554499,-0.000000,0.264962,0.000000,0.000000,0.000000,-8.380134,WAIT_USER_CONFIRM
13.276000,0.554499,-0.000000,0.264962,0.000000,0.000000,0.000000,-8.380134,WAIT_USER_CONFIRM
13.278000,0.554499,-0.000000,0.264962,0.000000,0.000000,0.000000,-8.380134,WAIT_USER_CONFIRM
13.280000,0.554499,-0.000000,0.264962,0.000000,0.000000,0.000000,-8.380134,WAIT_USER_CONFIRM
13.282000,0.554499,-0.000000,0.264962,0.000000,0.000000,0.000000,-8.380134,WAIT_USER_CONFIRM
13.284000,0.554499,-0.000000,0.264962,0.000000,0.000000,0.000000,-8.380134,WAIT_USER_CONFIRM
13.286000,0.554499,-0.000000,0.264962,0.000000,0.000000,0.000000,-8.380134,WAIT_USER_CONFIRM
13.288000,0.554499,-0.000000,0.264962,0.000000,0.000000,0.000000,-8.380134,WAIT_USER_CONFIRM
13.290000,0.554499,-0.000000,0.264962,0.000000,0.000000,0.000000,-8.380134,WAIT_USER_CONFIRM
13.292000,0.554499,-0.000000,0.264962,0.000000,0.000000,0.000000,-8.380134,WAIT_USER_CONFIRM
13.294000,0.554499,-0.000000,0.264962,0.000000,0.000000,0.000000,-8.380134,WAIT_USER_CONFIRM
13.296000,0.554499,-0.000000,0.264962,0.000000,0.000000,0.000000,-8.380134,WAIT_USER_CONFIRM
13.298000,0.554499,-0.000000,0.264962,0.000000,0.000000,0.000000,-8.380134,WAIT_USER_CONFIRM
13.300000,0.554499,-0.000000,0.264962,0.000000,0.000000,0.000000,-8.380134,WAIT_USER_CONFIRM
13.302000,0.554499,-0.000000,0.264962,0.000000,0.000000,0.000000,-8.380134,WAIT_USER_CONFIRM
13.304000,0.554499,-0.000000,0.264962,0.000000,0.000000,0.000000,-8.380134,WAIT_USER_CONFIRM
13.306000,0.554499,-0.000000,0.264962,0.000000,0.000000,0.000000,-8.380134,WAIT_USER_CONFIRM
13.308000,0.554499,-0.000000,0.264962,0.000000,0.000000,0.000000,-8.380134,WAIT_USER_CONFIRM
13.310000,0.554499,-0.000000,0.264962,0.000000,0.000000,0.000000,-8.380134,WAIT_USER_CONFIRM
13.312000,0.554499,-0.000000,0.264962,0.000000,0.000000,0.000000,-8.380134,WAIT_USER_CONFIRM
13.314000,0.554499,-0.000000,0.264962,0.000000,0.000000,0.000000,-8.380134,WAIT_USER_CONFIRM
13.316000,0.554499,-0.000000,0.264962,0.000000,0.000000,0.000000,-8.380134,WAIT_USER_CONFIRM
13.318000,0.554499,-0.000000,0.264962,0.000000,0.000000,0.000000,-8.380134,WAIT_USER_CONFIRM
13.320000,0.554499,-0.000000,0.264962,0.000000,0.000000,0.000000,-8.380134,WAIT_USER_CONFIRM
13.322000,0.554499,-0.000000,0.264962,0.000000,0.000000,0.000000,-8.380134,WAIT_USER_CONFIRM
13.324000,0.554499,-0.000000,0.264962,0.000000,0.000000,0.000000,-8.380134,WAIT_USER_CONFIRM
13.326000,0.554499,-0.000000,0.264962,0.000000,0.000000,0.000000,-8.380134,WAIT_USER_CONFIRM
13.328000,0.554499,-0.000000,0.264962,0.000000,0.000000,0.000000,-8.380134,WAIT_USER_CONFIRM
13.330000,0.554499,-0.000000,0.264962,0.000000,0.000000,0.000000,-8.380134,WAIT_USER_CONFIRM
13.332000,0.554499,-0.000000,0.264962,0.000000,0.000000,0.000000,-8.380134,WAIT_USER_CONFIRM
13.334000,0.554499,-0.000000,0.264962,0.000000,0.000000,0.000000,-8.380134,WAIT_USER_CONFIRM
13.336000,0.554499,-0.000000,0.264962,0.000000,0.000000,0.000000,-8.380134,WAIT_USER_CONFIRM
13.338000,0.554499,-0.000000,0.264962,0.000000,0.000000,0.000000,-8.380134,WAIT_USER_CONFIRM
13.340000,0.554499,-0.000000,0.264962,0.000000,0.000000,0.000000,-8.380134,WAIT_USER_CONFIRM
13.342000,0.554499,-0.000000,0.264962,0.000000,0.000000,0.000000,-8.380134,WAIT_USER_CONFIRM
13.344000,0.554499,-0.000000,0.264962,0.000000,0.000000,0.000000,-8.380134,WAIT_USER_CONFIRM
13.346000,0.554499,-0.000000,0.264962,0.000000,0.000000,0.000000,-8.380134,WAIT_USER_CONFIRM
13.348000,0.554499,-0.000000,0.264962,0.000000,0.000000,0.000000,-8.380134,WAIT_USER_CONFIRM
13.350000,0.554499,-0.000000,0.264962,0.000000,0.000000,0.000000,-8.380134,WAIT_USER_CONFIRM
13.352000,0.554499,-0.000000,0.264962,0.000000,0.000000,0.000000,-8.380134,WAIT_USER_CONFIRM
13.354000,0.554499,-0.000000,0.264962,0.000000,0.000000,0.000000,-8.380134,WAIT_USER_CONFIRM
13.356000,0.554499,-0.000000,0.264962,0.000000,0.000000,0.000000,-8.380134,WAIT_USER_CONFIRM
13.358000,0.554499,-0.000000,0.264962,0.000000,0.000000,0.000000,-8.380134,WAIT_USER_CONFIRM
13.360000,0.554499,-0.000000,0.264962,0.000000,0.000000,0.000000,-8.380134,WAIT_USER_CONFIRM
13.362000,0.554499,-0.000000,0.264962,0.000000,0.000000,0.000000,-8.380134,WAIT_USER_CONFIRM
13.364000,0.554499,-0.000000,0.264962,0.000000,0.000000,0.000000,-8.380134,WAIT_USER_CONFIRM
13.366000,0.554499,-0.000000,0.264962,0.000000,0.000000,0.000000,-8.380134,WAIT_USER_CONFIRM
13.368000,0.554499,-0.000000,0.264962,0.000000,0.000000,0.000000,-8.380134,WAIT_USER_CONFIRM
13.370000,0.554499,-0.000000,0.264962,0.000000,0.000000,0.000000,-8.380134,WAIT_USER_CONFIRM
13.372000,0.554499,-0.000000,0.264962,0.000000,0.000000,0.000000,-8.380134,WAIT_USER_CONFIRM
13.374000,0.554499,-0.000000,0.264962,0.000000,0.000000,0.000000,-8.380134,WAIT_USER_CONFIRM
13.376000,0.554499,-0.000000,0.264962,0.000000,0.000000,0.000000,-8.380134,WAIT_USER_CONFIRM
13.378000,0.554499,-0.000000,0.264962,0.000000,0.000000,0.000000,-8.380134,WAIT_USER_CONFIRM
13.380000,0.554499,-0.000000,0.264962,0.000000,0.000000,0.000000,-8.380134,WAIT_USER_CONFIRM
13.382000,0.554499,-0.000000,0.264962,0.000000,0.000000,0.000000,-8.380134,WAIT_USER_CONFIRM
13.384000,0.554499,-0.000000,0.264962,0.000000,0.000000,0.000000,-8.380134,WAIT_USER_CONFIRM
13.386000,0.554499,-0.000000,0.264962,0.000000,0.000000,0.000000,-8.380134,WAIT_USER_CONFIRM
13.388000,0.554499,-0.000000,0.264962,0.000000,0.000000,0.000000,-8.380134,WAIT_USER_CONFIRM
13.390000,0.554499,-0.000000,0.264962,0.000000,0.000000,0.000000,-8.380134,WAIT_USER_CONFIRM
13.392000,0.554499,-0.000000,0.264962,0.000000,0.000000,0.000000,-8.380134,WAIT_USER_CONFIRM
13.394000,0.554499,-0.000000,0.264962,0.000000,0.000000,0.000000,-8.380134,WAIT_USER_CONFIRM
13.396000,0.554499,-0.000000,0.264962,0.000000,0.000000,0.000000,-8.380134,WAIT_USER_CONFIRM
13.398000,0.554499,-0.000000,0.264962,0.000000,0.000000,0.000000,-8.380134,WAIT_USER_CONFIRM
13.400000,0.554499,-0.000000,0.264962,0.000000,0.000000,0.000000,-8.380134,WAIT_USER_CONFIRM
13.402000,0.554499,-0.000000,0.264962,0.000000,0.000000,0.000000,-8.380134,WAIT_USER_CONFIRM
13.404000,0.554499,-0.000000,0.264962,0.000000,0.000000,0.000000,-8.380134,WAIT_USER_CONFIRM
13.406000,0.554499,-0.000000,0.264962,0.000000,0.000000,0.000000,-8.380134,WAIT_USER_CONFIRM
13.408000,0.554499,-0.000000,0.264962,0.000000,0.000000,0.000000,-8.380134,WAIT_USER_CONFIRM
13.410000,0.554499,-0.000000,0.264962,0.000000,0.000000,0.000000,-8.380134,WAIT_USER_CONFIRM
13.412000,0.554499,-0.000000,0.264962,0.000000,0.000000,0.000000,-8.380134,WAIT_USER_CONFIRM
13.414000,0.554499,-0.000000,0.264962,0.000000,0.000000,0.000000,-8.380134,WAIT_USER_CONFIRM
13.416000,0.554499,-0.000000,0.264962,0.000000,0.000000,0.000000,-8.380134,WAIT_USER_CONFIRM
13.418000,0.554499,-0.000000,0.264962,0.000000,0.000000,0.000000,-8.380134,WAIT_USER_CONFIRM
13.420000,0.554499,-0.000000,0.264962,0.000000,0.000000,0.000000,-8.380134,WAIT_USER_CONFIRM
13.422000,0.554499,-0.000000,0.264962,0.000000,0.000000,0.000000,-8.380134,WAIT_USER_CONFIRM
13.424000,0.554499,-0.000000,0.264962,0.000000,0.000000,0.000000,-8.380134,WAIT_USER_CONFIRM
13.426000,0.554499,-0.000000,0.264962,0.000000,0.000000,0.000000,-8.380134,WAIT_USER_CONFIRM
13.428000,0.554499,-0.000000,0.264962,0.000000,0.000000,0.000000,-8.380134,WAIT_USER_CONFIRM
13.430000,0.554499,-0.000000,0.264962,0.000000,0.000000,0.000000,-8.380134,WAIT_USER_CONFIRM
13.432000,0.554499,-0.000000,0.264962,0.000000,0.000000,0.000000,-8.380134,WAIT_USER_CONFIRM
13.434000,0.554499,-0.000000,0.264962,0.000000,0.000000,0.000000,-8.380134,WAIT_USER_CONFIRM
13.436000,0.554499,-0.000000,0.264962,0.000000,0.000000,0.000000,-8.380134,WAIT_USER_CONFIRM
13.438000,0.554499,-0.000000,0.264962,0.000000,0.000000,0.000000,-8.380134,WAIT_USER_CONFIRM
13.440000,0.554499,-0.000000,0.264962,0.000000,0.000000,0.000000,-8.380134,WAIT_USER_CONFIRM
13.442000,0.554499,-0.000000,0.264962,0.000000,0.000000,0.000000,-8.380134,WAIT_USER_CONFIRM
13.444000,0.554499,-0.000000,0.264962,0.000000,0.000000,0.000000,-8.380134,WAIT_USER_CONFIRM
13.446000,0.554499,-0.000000,0.264962,0.000000,0.000000,0.000000,-8.380134,WAIT_USER_CONFIRM
13.448000,0.554499,-0.000000,0.264962,0.000000,0.000000,0.000000,-8.380134,WAIT_USER_CONFIRM
13.450000,0.554499,-0.000000,0.264962,0.000000,0.000000,0.000000,-8.380134,WAIT_USER_CONFIRM
13.452000,0.554499,-0.000000,0.264962,0.000000,0.000000,0.000000,-8.380134,WAIT_USER_CONFIRM
13.454000,0.554499,-0.000000,0.264962,0.000000,0.000000,0.000000,-8.380134,WAIT_USER_CONFIRM
13.456000,0.554499,-0.000000,0.264962,0.000000,0.000000,0.000000,-8.380134,WAIT_USER_CONFIRM
13.458000,0.554499,-0.000000,0.264962,0.000000,0.000000,0.000000,-8.380134,WAIT_USER_CONFIRM
13.460000,0.554499,-0.000000,0.264962,0.000000,0.000000,0.000000,-8.380134,WAIT_USER_CONFIRM
13.462000,0.554499,-0.000000,0.264962,0.000000,0.000000,0.000000,-8.380134,WAIT_USER_CONFIRM
13.464000,0.554499,-0.000000,0.264962,0.000000,0.000000,0.000000,-8.380134,WAIT_USER_CONFIRM
13.466000,0.554499,-0.000000,0.264962,0.000000,0.000000,0.000000,-8.380134,WAIT_USER_CONFIRM
13.468000,0.554499,-0.000000,0.264962,0.000000,0.000000,0.000000,-8.380134,WAIT_USER_CONFIRM
13.470000,0.554499,-0.000000,0.264962,0.000000,0.000000,0.000000,-8.380134,WAIT_USER_CONFIRM
13.472000,0.554499,-0.000000,0.264962,0.000000,0.000000,0.000000,-8.380134,WAIT_USER_CONFIRM
13.474000,0.554499,-0.000000,0.264962,0.000000,0.000000,0.000000,-8.380134,WAIT_USER_CONFIRM
13.476000,0.554499,-0.000000,0.264962,0.000000,0.000000,0.000000,-8.380134,WAIT_USER_CONFIRM
13.478000,0.554499,-0.000000,0.264962,0.000000,0.000000,0.000000,-8.380134,WAIT_USER_CONFIRM
13.480000,0.554499,-0.000000,0.264962,0.000000,0.000000,0.000000,-8.380134,WAIT_USER_CONFIRM
13.482000,0.554499,-0.000000,0.264962,0.000000,0.000000,0.000000,-8.380134,WAIT_USER_CONFIRM
13.484000,0.554499,-0.000000,0.264962,0.000000,0.000000,0.000000,-8.380134,WAIT_USER_CONFIRM
13.486000,0.554499,-0.000000,0.264962,0.000000,0.000000,0.000000,-8.380134,WAIT_USER_CONFIRM
13.488000,0.554499,-0.000000,0.264962,0.000000,0.000000,0.000000,-8.380134,WAIT_USER_CONFIRM
13.490000,0.554499,-0.000000,0.264962,0.000000,0.000000,0.000000,-8.380134,WAIT_USER_CONFIRM
13.492000,0.554499,-0.000000,0.264962,0.000000,0.000000,0.000000,-8.380134,WAIT_USER_CONFIRM
13.494000,0.554499,-0.000000,0.264962,0.000000,0.000000,0.000000,-8.380134,WAIT_USER_CONFIRM
13.496000,0.554499,-0.000000,0.264962,0.000000,0.000000,0.000000,-8.380134,WAIT_USER_CONFIRM
13.498000,0.554499,-0.000000,0.264962,0.000000,0.000000,0.000000,-8.380134,WAIT_USER_CONFIRM
13.500000,0.554499,-0.000000,0.264962,0.000000,0.000000,0.000000,-8.380134,WAIT_USER_CONFIRM
13.502000,0.554499,-0.000000,0.264962,0.000000,0.000000,0.000000,-8.380134,WAIT_USER_CONFIRM
13.504000,0.554499,-0.000000,0.264962,0.000000,0.000000,0.000000,-8.380134,WAIT_USER_CONFIRM
13.506000,0.554499,-0.000000,0.264962,0.000000,0.000000,0.000000,-8.380134,WAIT_USER_CONFIRM
13.508000,0.554499,-0.000000,0.264962,0.000000,0.000000,0.000000,-8.380134,WAIT_USER_CONFIRM
13.510000,0.554499,-0.000000,0.264962,0.000000,0.000000,0.000000,-8.380134,WAIT_USER_CONFIRM
13.512000,0.554499,-0.000000,0.264962,0.000000,0.000000,0.000000,-8.380134,WAIT_USER_CONFIRM
13.514000,0.554499,-0.000000,0.264962,0.000000,0.000000,0.000000,-8.380134,WAIT_USER_CONFIRM
13.516000,0.554499,-0.000000,0.264962,0.000000,0.000000,0.000000,-8.380134,WAIT_USER_CONFIRM
13.518000,0.554499,-0.000000,0.264962,0.000000,0.000000,0.000000,-8.380134,WAIT_USER_CONFIRM
13.520000,0.554499,-0.000000,0.264962,0.000000,0.000000,0.000000,-8.380134,WAIT_USER_CONFIRM
13.522000,0.554499,-0.000000,0.264962,0.000000,0.000000,0.000000,-8.380134,WAIT_USER_CONFIRM
13.524000,0.554499,-0.000000,0.264962,0.000000,0.000000,0.000000,-8.380134,WAIT_USER_CONFIRM
13.526000,0.554499,-0.000000,0.264962,0.000000,0.000000,0.000000,-8.380134,WAIT_USER_CONFIRM
13.528000,0.554499,-0.000000,0.264962,0.000000,0.000000,0.000000,-8.380134,WAIT_USER_CONFIRM
13.530000,0.554499,-0.000000,0.264962,0.000000,0.000000,0.000000,-8.380134,WAIT_USER_CONFIRM
13.532000,0.554499,-0.000000,0.264962,0.000000,0.000000,0.000000,-8.380134,WAIT_USER_CONFIRM
13.534000,0.554499,-0.000000,0.264962,0.000000,0.000000,0.000000,-8.380134,WAIT_USER_CONFIRM
13.536000,0.554499,-0.000000,0.264962,0.000000,0.000000,0.000000,-8.380134,WAIT_USER_CONFIRM
13.538000,0.554499,-0.000000,0.264962,0.000000,0.000000,0.000000,-8.380134,WAIT_USER_CONFIRM
13.540000,0.554499,-0.000000,0.264962,0.000000,0.000000,0.000000,-8.380134,WAIT_USER_CONFIRM
13.542000,0.554499,-0.000000,0.264962,0.000000,0.000000,0.000000,-8.380134,WAIT_USER_CONFIRM
13.544000,0.554499,-0.000000,0.264962,0.000000,0.000000,0.000000,-8.380134,WAIT_USER_CONFIRM
13.546000,0.554499,-0.000000,0.264962,0.000000,0.000000,0.000000,-8.380134,WAIT_USER_CONFIRM
13.548000,0.554499,-0.000000,0.264962,0.000000,0.000000,0.000000,-8.380134,WAIT_USER_CONFIRM
13.550000,0.554499,-0.000000,0.264962,0.000000,0.000000,0.000000,-8.380134,WAIT_USER_CONFIRM
13.552000,0.554499,-0.000000,0.264962,0.000000,0.000000,0.000000,-8.380134,WAIT_USER_CONFIRM
13.554000,0.554499,-0.000000,0.264962,0.000000,0.000000,0.000000,-8.380134,WAIT_USER_CONFIRM
13.556000,0.554499,-0.000000,0.264962,0.000000,0.000000,0.000000,-8.380134,WAIT_USER_CONFIRM
13.558000,0.554499,-0.000000,0.264962,0.000000,0.000000,0.000000,-8.380134,WAIT_USER_CONFIRM
13.560000,0.554499,-0.000000,0.264962,0.000000,0.000000,0.000000,-8.380134,WAIT_USER_CONFIRM
13.562000,0.554499,-0.000000,0.264962,0.000000,0.000000,0.000000,-8.380134,WAIT_USER_CONFIRM
13.564000,0.554499,-0.000000,0.264962,0.000000,0.000000,0.000000,-8.380134,WAIT_USER_CONFIRM
13.566000,0.554499,-0.000000,0.264962,0.000000,0.000000,0.000000,-8.380134,WAIT_USER_CONFIRM
13.568000,0.554499,-0.000000,0.264962,0.000000,0.000000,0.000000,-8.380134,WAIT_USER_CONFIRM
13.570000,0.554499,-0.000000,0.264962,0.000000,0.000000,0.000000,-8.380134,WAIT_USER_CONFIRM
13.572000,0.554499,-0.000000,0.264962,0.000000,0.000000,0.000000,-8.380134,WAIT_USER_CONFIRM
13.574000,0.554499,-0.000000,0.264962,0.000000,0.000000,0.000000,-8.380134,WAIT_USER_CONFIRM
13.576000,0.554499,-0.000000,0.264962,0.000000,0.000000,0.000000,-8.380134,WAIT_USER_CONFIRM
13.578000,0.554499,-0.000000,0.264962,0.000000,0.000000,0.000000,-8.380134,WAIT_USER_CONFIRM
13.580000,0.554499,-0.000000,0.264962,0.000000,0.000000,0.000000,-8.380134,WAIT_USER_CONFIRM
13.582000,0.554499,-0.000000,0.264962,0.000000,0.000000,0.000000,-8.380134,WAIT_USER_CONFIRM
13.584000,0.554499,-0.000000,0.264962,0.000000,0.000000,0.000000,-8.380134,WAIT_USER_CONFIRM
13.586000,0.554499,-0.000000,0.264962,0.000000,0.000000,0.000000,-8.380134,WAIT_USER_CONFIRM
13.588000,0.554499,-0.000000,0.264962,0.000000,0.000000,0.000000,-8.380134,WAIT_USER_CONFIRM
13.590000,0.554499,-0.000000,0.264962,0.000000,0.000000,0.000000,-8.380134,WAIT_USER_CONFIRM
13.592000,0.554499,-0.000000,0.264962,0.000000,0.000000,0.000000,-8.380134,WAIT_USER_CONFIRM
13.594000,0.554499,-0.000000,0.264962,0.000000,0.000000,0.000000,-8.380134,WAIT_USER_CONFIRM
13.596000,0.554499,-0.000000,0.264962,0.000000,0.000000,0.000000,-8.380134,WAIT_USER_CONFIRM
13.598000,0.554499,-0.000000,0.264962,0.000000,0.000000,0.000000,-8.380134,WAIT_USER_CONFIRM
13.600000,0.554499,-0.000000,0.264962,0.000000,0.000000,0.000000,-8.380134,WAIT_USER_CONFIRM
13.602000,0.554499,-0.000000,0.264962,0.000000,0.000000,0.000000,-8.380134,WAIT_USER_CONFIRM
13.604000,0.554499,-0.000000,0.264962,0.000000,0.000000,0.000000,-8.380134,WAIT_USER_CONFIRM
13.606000,0.554499,-0.000000,0.264962,0.000000,0.000000,0.000000,-8.380134,WAIT_USER_CONFIRM
13.608000,0.554499,-0.000000,0.264962,0.000000,0.000000,0.000000,-8.380134,WAIT_USER_CONFIRM
13.610000,0.554499,-0.000000,0.264962,0.000000,0.000000,0.000000,-8.380134,WAIT_USER_CONFIRM
13.612000,0.554499,-0.000000,0.264962,0.000000,0.000000,0.000000,-8.380134,WAIT_USER_CONFIRM
13.614000,0.554499,-0.000000,0.264962,0.000000,0.000000,0.000000,-8.380134,WAIT_USER_CONFIRM
13.616000,0.554499,-0.000000,0.264962,0.000000,0.000000,0.000000,-8.380134,WAIT_USER_CONFIRM
13.618000,0.554499,-0.000000,0.264962,0.000000,0.000000,0.000000,-8.380134,WAIT_USER_CONFIRM
13.620000,0.554499,-0.000000,0.264962,0.000000,0.000000,0.000000,-8.380134,WAIT_USER_CONFIRM
13.622000,0.554499,-0.000000,0.264962,0.000000,0.000000,0.000000,-8.380134,WAIT_USER_CONFIRM
13.624000,0.554499,-0.000000,0.264962,0.000000,0.000000,0.000000,-8.380134,WAIT_USER_CONFIRM
13.626000,0.554499,-0.000000,0.264962,0.000000,0.000000,0.000000,-8.380134,WAIT_USER_CONFIRM
13.628000,0.554499,-0.000000,0.264962,0.000000,0.000000,0.000000,-8.380134,WAIT_USER_CONFIRM
13.630000,0.554499,-0.000000,0.264962,0.000000,0.000000,0.000000,-8.380134,WAIT_USER_CONFIRM
13.632000,0.554499,-0.000000,0.264962,0.000000,0.000000,0.000000,-8.380134,WAIT_USER_CONFIRM
13.634000,0.554499,-0.000000,0.264962,0.000000,0.000000,0.000000,-8.380134,WAIT_USER_CONFIRM
13.636000,0.554499,-0.000000,0.264962,0.000000,0.000000,0.000000,-8.380134,WAIT_USER_CONFIRM
13.638000,0.554499,-0.000000,0.264962,0.000000,0.000000,0.000000,-8.380134,WAIT_USER_CONFIRM
13.640000,0.554499,-0.000000,0.264962,0.000000,0.000000,0.000000,-8.380134,WAIT_USER_CONFIRM
13.642000,0.554499,-0.000000,0.264962,0.000000,0.000000,0.000000,-8.380134,WAIT_USER_CONFIRM
13.644000,0.554499,-0.000000,0.264962,0.000000,0.000000,0.000000,-8.380134,WAIT_USER_CONFIRM
13.646000,0.554499,-0.000000,0.264962,0.000000,0.000000,0.000000,-8.380134,WAIT_USER_CONFIRM
13.648000,0.554499,-0.000000,0.264962,0.000000,0.000000,0.000000,-8.380134,WAIT_USER_CONFIRM
13.650000,0.554499,-0.000000,0.264962,0.000000,0.000000,0.000000,-8.380134,WAIT_USER_CONFIRM
13.652000,0.554499,-0.000000,0.264962,0.000000,0.000000,0.000000,-8.380134,WAIT_USER_CONFIRM
13.654000,0.554499,-0.000000,0.264962,0.000000,0.000000,0.000000,-8.380134,WAIT_USER_CONFIRM
13.656000,0.554499,-0.000000,0.264962,0.000000,0.000000,0.000000,-8.380134,WAIT_USER_CONFIRM
13.658000,0.554499,-0.000000,0.264962,0.000000,0.000000,0.000000,-8.380134,WAIT_USER_CONFIRM
13.660000,0.554499,-0.000000,0.264962,0.000000,0.000000,0.000000,-8.380134,WAIT_USER_CONFIRM
13.662000,0.554499,-0.000000,0.264962,0.000000,0.000000,0.000000,-8.380134,WAIT_USER_CONFIRM
13.664000,0.554499,-0.000000,0.264962,0.000000,0.000000,0.000000,-8.380134,WAIT_USER_CONFIRM
13.666000,0.554499,-0.000000,0.264962,0.000000,0.000000,0.000000,-8.380134,WAIT_USER_CONFIRM
13.668000,0.554499,-0.000000,0.264962,0.000000,0.000000,0.000000,-8.380134,WAIT_USER_CONFIRM
13.670000,0.554499,-0.000000,0.264962,0.000000,0.000000,0.000000,-8.380134,WAIT_USER_CONFIRM
13.672000,0.554499,-0.000000,0.264962,0.000000,0.000000,0.000000,-8.380134,WAIT_USER_CONFIRM
13.674000,0.554499,-0.000000,0.264962,0.000000,0.000000,0.000000,-8.380134,WAIT_USER_CONFIRM
13.676000,0.554499,-0.000000,0.264962,0.000000,0.000000,0.000000,-8.380134,WAIT_USER_CONFIRM
13.678000,0.554499,-0.000000,0.264962,0.000000,0.000000,0.000000,-8.380134,WAIT_USER_CONFIRM
13.680000,0.554499,-0.000000,0.264962,0.000000,0.000000,0.000000,-8.380134,WAIT_USER_CONFIRM
13.682000,0.554499,-0.000000,0.264962,0.000000,0.000000,0.000000,-8.380134,WAIT_USER_CONFIRM
13.684000,0.554499,-0.000000,0.264962,0.000000,0.000000,0.000000,-8.380134,WAIT_USER_CONFIRM
13.686000,0.554499,-0.000000,0.264962,0.000000,0.000000,0.000000,-8.380134,WAIT_USER_CONFIRM
13.688000,0.554499,-0.000000,0.264962,0.000000,0.000000,0.000000,-8.380134,WAIT_USER_CONFIRM
13.690000,0.554499,-0.000000,0.264962,0.000000,0.000000,0.000000,-8.380134,WAIT_USER_CONFIRM
13.692000,0.554499,-0.000000,0.264962,0.000000,0.000000,0.000000,-8.380134,WAIT_USER_CONFIRM
13.694000,0.554499,-0.000000,0.264962,0.000000,0.000000,0.000000,-8.380134,WAIT_USER_CONFIRM
13.696000,0.554499,-0.000000,0.264962,0.000000,0.000000,0.000000,-8.380134,WAIT_USER_CONFIRM
13.698000,0.554499,-0.000000,0.264962,0.000000,0.000000,0.000000,-8.380134,WAIT_USER_CONFIRM
13.700000,0.554499,-0.000000,0.264962,0.000000,0.000000,0.000000,-8.380134,WAIT_USER_CONFIRM
13.702000,0.554499,-0.000000,0.264962,0.000000,0.000000,0.000000,-8.380134,WAIT_USER_CONFIRM
13.704000,0.554499,-0.000000,0.264962,0.000000,0.000000,0.000000,-8.380134,WAIT_USER_CONFIRM
13.706000,0.554499,-0.000000,0.264962,0.000000,0.000000,0.000000,-8.380134,WAIT_USER_CONFIRM
13.708000,0.554499,-0.000000,0.264962,0.000000,0.000000,0.000000,-8.380134,WAIT_USER_CONFIRM
13.710000,0.554499,-0.000000,0.264962,0.000000,0.000000,0.000000,-8.380134,WAIT_USER_CONFIRM
13.712000,0.554499,-0.000000,0.264962,0.000000,0.000000,0.000000,-8.380134,WAIT_USER_CONFIRM
13.714000,0.554499,-0.000000,0.264962,0.000000,0.000000,0.000000,-8.380134,WAIT_USER_CONFIRM
13.716000,0.554499,-0.000000,0.264962,0.000000,0.000000,0.000000,-8.380134,WAIT_USER_CONFIRM
13.718000,0.554499,-0.000000,0.264962,0.000000,0.000000,0.000000,-8.380134,WAIT_USER_CONFIRM
13.720000,0.554499,-0.000000,0.264962,0.000000,0.000000,0.000000,-8.380134,WAIT_USER_CONFIRM
13.722000,0.554499,-0.000000,0.264962,0.000000,0.000000,0.000000,-8.380134,WAIT_USER_CONFIRM
13.724000,0.554499,-0.000000,0.264962,0.000000,0.000000,0.000000,-8.380134,WAIT_USER_CONFIRM
13.726000,0.554499,-0.000000,0.264962,0.000000,0.000000,0.000000,-8.380134,WAIT_USER_CONFIRM
13.728000,0.554499,-0.000000,0.264962,0.000000,0.000000,0.000000,-8.380134,WAIT_USER_CONFIRM
13.730000,0.554499,-0.000000,0.264962,0.000000,0.000000,0.000000,-8.380134,WAIT_USER_CONFIRM
13.732000,0.554499,-0.000000,0.264962,0.000000,0.000000,0.000000,-8.380134,WAIT_USER_CONFIRM
13.734000,0.554499,-0.000000,0.264962,0.000000,0.000000,0.000000,-8.380134,WAIT_USER_CONFIRM
13.736000,0.554499,-0.000000,0.264962,0.000000,0.000000,0.000000,-8.380134,WAIT_USER_CONFIRM
13.738000,0.554499,-0.000000,0.264962,0.000000,0.000000,0.000000,-8.380134,WAIT_USER_CONFIRM
13.740000,0.554499,-0.000000,0.264962,0.000000,0.000000,0.000000,-8.380134,WAIT_USER_CONFIRM
13.742000,0.554499,-0.000000,0.264962,0.000000,0.000000,0.000000,-8.380134,WAIT_USER_CONFIRM
13.744000,0.554499,-0.000000,0.264962,0.000000,0.000000,0.000000,-8.380134,WAIT_USER_CONFIRM
13.746000,0.554499,-0.000000,0.264962,0.000000,0.000000,0.000000,-8.380134,WAIT_USER_CONFIRM
13.748000,0.554499,-0.000000,0.264962,0.000000,0.000000,0.000000,-8.380134,WAIT_USER_CONFIRM
13.750000,0.554499,-0.000000,0.264962,0.000000,0.000000,0.000000,-8.380134,WAIT_USER_CONFIRM
13.752000,0.554499,-0.000000,0.264962,0.000000,0.000000,0.000000,-8.380134,WAIT_USER_CONFIRM
13.754000,0.554499,-0.000000,0.264962,0.000000,0.000000,0.000000,-8.380134,WAIT_USER_CONFIRM
13.756000,0.554499,-0.000000,0.264962,0.000000,0.000000,0.000000,-8.380134,WAIT_USER_CONFIRM
13.758000,0.554499,-0.000000,0.264962,0.000000,0.000000,0.000000,-8.380134,WAIT_USER_CONFIRM
13.760000,0.554499,-0.000000,0.264962,0.000000,0.000000,0.000000,-8.380134,WAIT_USER_CONFIRM
13.762000,0.554499,-0.000000,0.264962,0.000000,0.000000,0.000000,-8.380134,WAIT_USER_CONFIRM
13.764000,0.554499,-0.000000,0.264962,0.000000,0.000000,0.000000,-8.380134,WAIT_USER_CONFIRM
13.766000,0.554499,-0.000000,0.264962,0.000000,0.000000,0.000000,-8.380134,WAIT_USER_CONFIRM
13.768000,0.554499,-0.000000,0.264962,0.000000,0.000000,0.000000,-8.380134,WAIT_USER_CONFIRM
13.770000,0.554499,-0.000000,0.264962,0.000000,0.000000,0.000000,-8.380134,WAIT_USER_CONFIRM
13.772000,0.554499,-0.000000,0.264962,0.000000,0.000000,0.000000,-8.380134,WAIT_USER_CONFIRM
13.774000,0.554499,-0.000000,0.264962,0.000000,0.000000,0.000000,-8.380134,WAIT_USER_CONFIRM
13.776000,0.554499,-0.000000,0.264962,0.000000,0.000000,0.000000,-8.380134,WAIT_USER_CONFIRM
13.778000,0.554499,-0.000000,0.264962,0.000000,0.000000,0.000000,-8.380134,WAIT_USER_CONFIRM
13.780000,0.554499,-0.000000,0.264962,0.000000,0.000000,0.000000,-8.380134,WAIT_USER_CONFIRM
13.782000,0.554499,-0.000000,0.264962,0.000000,0.000000,0.000000,-8.380134,WAIT_USER_CONFIRM
13.784000,0.554499,-0.000000,0.264962,0.000000,0.000000,0.000000,-8.380134,WAIT_USER_CONFIRM
13.786000,0.554499,-0.000000,0.264962,0.000000,0.000000,0.000000,-8.380134,WAIT_USER_CONFIRM
13.788000,0.554499,-0.000000,0.264962,0.000000,0.000000,0.000000,-8.380134,WAIT_USER_CONFIRM
13.790000,0.554499,-0.000000,0.264962,0.000000,0.000000,0.000000,-8.380134,WAIT_USER_CONFIRM
13.792000,0.554499,-0.000000,0.264962,0.000000,0.000000,0.000000,-8.380134,WAIT_USER_CONFIRM
13.794000,0.554499,-0.000000,0.264962,0.000000,0.000000,0.000000,-8.380134,WAIT_USER_CONFIRM
13.796000,0.554499,-0.000000,0.264962,0.000000,0.000000,0.000000,-8.380134,WAIT_USER_CONFIRM
13.798000,0.554499,-0.000000,0.264962,0.000000,0.000000,0.000000,-8.380134,WAIT_USER_CONFIRM
13.800000,0.554499,-0.000000,0.264962,0.000000,0.000000,0.000000,-8.380134,WAIT_USER_CONFIRM
13.802000,0.554499,-0.000000,0.264962,0.000000,0.000000,0.000000,-8.380134,WAIT_USER_CONFIRM
13.804000,0.554499,-0.000000,0.264962,0.000000,0.000000,0.000000,-8.380134,WAIT_USER_CONFIRM
13.806000,0.554499,-0.000000,0.264962,0.000000,0.000000,0.000000,-8.380134,WAIT_USER_CONFIRM
13.808000,0.554499,-0.000000,0.264962,0.000000,0.000000,0.000000,-8.380134,WAIT_USER_CONFIRM
13.810000,0.554499,-0.000000,0.264962,0.000000,0.000000,0.000000,-8.380134,WAIT_USER_CONFIRM
13.812000,0.554499,-0.000000,0.264962,0.000000,0.000000,0.000000,-8.380134,WAIT_USER_CONFIRM
13.814000,0.554499,-0.000000,0.264962,0.000000,0.000000,0.000000,-8.380134,WAIT_USER_CONFIRM
13.816000,0.554499,-0.000000,0.264962,0.000000,0.000000,0.000000,-8.380134,WAIT_USER_CONFIRM
13.818000,0.554499,-0.000000,0.264962,0.000000,0.000000,0.000000,-8.380134,WAIT_USER_CONFIRM
13.820000,0.554499,-0.000000,0.264962,0.000000,0.000000,0.000000,-8.380134,WAIT_USER_CONFIRM
13.822000,0.554499,-0.000000,0.264962,0.000000,0.000000,0.000000,-8.380134,WAIT_USER_CONFIRM
13.824000,0.554499,-0.000000,0.264962,0.000000,0.000000,0.000000,-8.380134,WAIT_USER_CONFIRM
13.826000,0.554499,-0.000000,0.264962,0.000000,0.000000,0.000000,-8.380134,WAIT_USER_CONFIRM
13.828000,0.554499,-0.000000,0.264962,0.000000,0.000000,0.000000,-8.380134,WAIT_USER_CONFIRM
13.830000,0.554499,-0.000000,0.264962,0.000000,0.000000,0.000000,-8.380134,WAIT_USER_CONFIRM
13.832000,0.554499,-0.000000,0.264962,0.000000,0.000000,0.000000,-8.380134,WAIT_USER_CONFIRM
13.834000,0.554499,-0.000000,0.264962,0.000000,0.000000,0.000000,-8.380134,WAIT_USER_CONFIRM
13.836000,0.554499,-0.000000,0.264962,0.000000,0.000000,0.000000,-8.380134,WAIT_USER_CONFIRM
13.838000,0.554499,-0.000000,0.264962,0.000000,0.000000,0.000000,-8.380134,WAIT_USER_CONFIRM
13.840000,0.554499,-0.000000,0.264962,0.000000,0.000000,0.000000,-8.380134,WAIT_USER_CONFIRM
13.842000,0.554499,-0.000000,0.264962,0.000000,0.000000,0.000000,-8.380134,WAIT_USER_CONFIRM
13.844000,0.554499,-0.000000,0.264962,0.000000,0.000000,0.000000,-8.380134,WAIT_USER_CONFIRM
13.846000,0.554499,-0.000000,0.264962,0.000000,0.000000,0.000000,-8.380134,WAIT_USER_CONFIRM
13.848000,0.554499,-0.000000,0.264962,0.000000,0.000000,0.000000,-8.380134,WAIT_USER_CONFIRM
13.850000,0.554499,-0.000000,0.264962,0.000000,0.000000,0.000000,-8.380134,WAIT_USER_CONFIRM
13.852000,0.554499,-0.000000,0.264962,0.000000,0.000000,0.000000,-8.380134,WAIT_USER_CONFIRM
13.854000,0.554499,-0.000000,0.264962,0.000000,0.000000,0.000000,-8.380134,WAIT_USER_CONFIRM
13.856000,0.554499,-0.000000,0.264962,0.000000,0.000000,0.000000,-8.380134,WAIT_USER_CONFIRM
13.858000,0.554499,-0.000000,0.264962,0.000000,0.000000,0.000000,-8.380134,WAIT_USER_CONFIRM
13.860000,0.554499,-0.000000,0.264962,0.000000,0.000000,0.000000,-8.380134,WAIT_USER_CONFIRM
13.862000,0.554499,-0.000000,0.264962,0.000000,0.000000,0.000000,-8.380134,WAIT_USER_CONFIRM
13.864000,0.554499,-0.000000,0.264962,0.000000,0.000000,0.000000,-8.380134,WAIT_USER_CONFIRM
13.866000,0.554499,-0.000000,0.264962,0.000000,0.000000,0.000000,-8.380134,WAIT_USER_CONFIRM
13.868000,0.554499,-0.000000,0.264962,0.000000,0.000000,0.000000,-8.380134,WAIT_USER_CONFIRM
13.870000,0.554499,-0.000000,0.264962,0.000000,0.000000,0.000000,-8.380134,WAIT_USER_CONFIRM
13.872000,0.554499,-0.000000,0.264962,0.000000,0.000000,0.000000,-8.380134,WAIT_USER_CONFIRM
13.874000,0.554499,-0.000000,0.264962,0.000000,0.000000,0.000000,-8.380134,WAIT_USER_CONFIRM
13.876000,0.554499,-0.000000,0.264962,0.000000,0.000000,0.000000,-8.380134,WAIT_USER_CONFIRM
13.878000,0.554499,-0.000000,0.264962,0.000000,0.000000,0.000000,-8.380134,WAIT_USER_CONFIRM
13.880000,0.554499,-0.000000,0.264962,0.000000,0.000000,0.000000,-8.380134,WAIT_USER_CONFIRM
13.882000,0.554499,-0.000000,0.264962,0.000000,0.000000,0.000000,-8.380134,WAIT_USER_CONFIRM
13.884000,0.554499,-0.000000,0.264962,0.000000,0.000000,0.000000,-8.380134,WAIT_USER_CONFIRM
13.886000,0.554499,-0.000000,0.264962,0.000000,0.000000,0.000000,-8.380134,WAIT_USER_CONFIRM
13.888000,0.554499,-0.000000,0.264962,0.000000,0.000000,0.000000,-8.380134,WAIT_USER_CONFIRM
13.890000,0.554499,-0.000000,0.264962,0.000000,0.000000,0.000000,-8.380134,WAIT_USER_CONFIRM
13.892000,0.554499,-0.000000,0.264962,0.000000,0.000000,0.000000,-8.380134,WAIT_USER_CONFIRM
13.894000,0.554499,-0.000000,0.264962,0.000000,0.000000,0.000000,-8.380134,WAIT_USER_CONFIRM
13.896000,0.554499,-0.000000,0.264962,0.000000,0.000000,0.000000,-8.380134,WAIT_USER_CONFIRM
13.898000,0.554499,-0.000000,0.264962,0.000000,0.000000,0.000000,-8.380134,WAIT_USER_CONFIRM
13.900000,0.554499,-0.000000,0.264962,0.000000,0.000000,0.000000,-8.380134,WAIT_USER_CONFIRM
13.902000,0.554499,-0.000000,0.264962,0.000000,0.000000,0.000000,-8.380134,WAIT_USER_CONFIRM
13.904000,0.554499,-0.000000,0.264962,0.000000,0.000000,0.000000,-8.380134,WAIT_USER_CONFIRM
13.906000,0.554499,-0.000000,0.264962,0.000000,0.000000,0.000000,-8.380134,WAIT_USER_CONFIRM
13.908000,0.554499,-0.000000,0.264962,0.000000,0.000000,0.000000,-8.380134,WAIT_USER_CONFIRM
13.910000,0.554499,-0.000000,0.264962,0.000000,0.000000,0.000000,-8.380134,WAIT_USER_CONFIRM
13.912000,0.554499,-0.000000,0.264962,0.000000,0.000000,0.000000,-8.380134,WAIT_USER_CONFIRM
13.914000,0.554499,-0.000000,0.264962,0.000000,0.000000,0.000000,-8.380134,WAIT_USER_CONFIRM
13.916000,0.554499,-0.000000,0.264962,0.000000,0.000000,0.000000,-8.380134,WAIT_USER_CONFIRM
13.918000,0.554499,-0.000000,0.264962,0.000000,0.000000,0.000000,-8.380134,WAIT_USER_CONFIRM
13.920000,0.554499,-0.000000,0.264962,0.000000,0.000000,0.000000,-8.380134,WAIT_USER_CONFIRM
13.922000,0.554499,-0.000000,0.264962,0.000000,0.000000,0.000000,-8.380134,WAIT_USER_CONFIRM
13.924000,0.554499,-0.000000,0.264962,0.000000,0.000000,0.000000,-8.380134,WAIT_USER_CONFIRM
13.926000,0.554499,-0.000000,0.264962,0.000000,0.000000,0.000000,-8.380134,WAIT_USER_CONFIRM
13.928000,0.554499,-0.000000,0.264962,0.000000,0.000000,0.000000,-8.380134,WAIT_USER_CONFIRM
13.930000,0.554499,-0.000000,0.264962,0.000000,0.000000,0.000000,-8.380134,WAIT_USER_CONFIRM
13.932000,0.554499,-0.000000,0.264962,0.000000,0.000000,0.000000,-8.380134,WAIT_USER_CONFIRM
13.934000,0.554499,-0.000000,0.264962,0.000000,0.000000,0.000000,-8.380134,WAIT_USER_CONFIRM
13.936000,0.554499,-0.000000,0.264962,0.000000,0.000000,0.000000,-8.380134,WAIT_USER_CONFIRM
13.938000,0.554499,-0.000000,0.264962,0.000000,0.000000,0.000000,-8.380134,WAIT_USER_CONFIRM
13.940000,0.554499,-0.000000,0.264962,0.000000,0.000000,0.000000,-8.380134,WAIT_USER_CONFIRM
13.942000,0.554499,-0.000000,0.264962,0.000000,0.000000,0.000000,-8.380134,WAIT_USER_CONFIRM
13.944000,0.554499,-0.000000,0.264962,0.000000,0.000000,0.000000,-8.380134,WAIT_USER_CONFIRM
13.946000,0.554499,-0.000000,0.264962,0.000000,0.000000,0.000000,-8.380134,WAIT_USER_CONFIRM
13.948000,0.554499,-0.000000,0.264962,0.000000,0.000000,0.000000,-8.380134,WAIT_USER_CONFIRM
13.950000,0.554499,-0.000000,0.264962,0.000000,0.000000,0.000000,-8.380134,WAIT_USER_CONFIRM
13.952000,0.554499,-0.000000,0.264962,0.000000,0.000000,0.000000,-8.380134,WAIT_USER_CONFIRM
13.954000,0.554499,-0.000000,0.264962,0.000000,0.000000,0.000000,-8.380134,WAIT_USER_CONFIRM
13.956000,0.554499,-0.000000,0.264962,0.000000,0.000000,0.000000,-8.380134,WAIT_USER_CONFIRM
13.958000,0.554499,-0.000000,0.264962,0.000000,0.000000,0.000000,-8.380134,WAIT_USER_CONFIRM
13.960000,0.554499,-0.000000,0.264962,0.000000,0.000000,0.000000,-8.380134,WAIT_USER_CONFIRM
13.962000,0.554499,-0.000000,0.264962,0.000000,0.000000,0.000000,-8.380134,WAIT_USER_CONFIRM
13.964000,0.554499,-0.000000,0.264962,0.000000,0.000000,0.000000,-8.380134,WAIT_USER_CONFIRM
13.966000,0.554499,-0.000000,0.264962,0.000000,0.000000,0.000000,-8.380134,WAIT_USER_CONFIRM
13.968000,0.554499,-0.000000,0.264962,0.000000,0.000000,0.000000,-8.380134,WAIT_USER_CONFIRM
13.970000,0.554499,-0.000000,0.264962,0.000000,0.000000,0.000000,-8.380134,WAIT_USER_CONFIRM
13.972000,0.554499,-0.000000,0.264962,0.000000,0.000000,0.000000,-8.380134,WAIT_USER_CONFIRM
13.974000,0.554499,-0.000000,0.264962,0.000000,0.000000,0.000000,-8.380134,WAIT_USER_CONFIRM
13.976000,0.554499,-0.000000,0.264962,0.000000,0.000000,0.000000,-8.380134,WAIT_USER_CONFIRM
13.978000,0.554499,-0.000000,0.264962,0.000000,0.000000,0.000000,-8.380134,WAIT_USER_CONFIRM
13.980000,0.554499,-0.000000,0.264962,0.000000,0.000000,0.000000,-8.380134,WAIT_USER_CONFIRM
13.982000,0.554499,-0.000000,0.264962,0.000000,0.000000,0.000000,-8.380134,WAIT_USER_CONFIRM
13.984000,0.554499,-0.000000,0.264962,0.000000,0.000000,0.000000,-8.380134,WAIT_USER_CONFIRM
13.986000,0.554499,-0.000000,0.264962,0.000000,0.000000,0.000000,-8.380134,WAIT_USER_CONFIRM
13.988000,0.554499,-0.000000,0.264962,0.000000,0.000000,0.000000,-8.380134,WAIT_USER_CONFIRM
13.990000,0.554499,-0.000000,0.264962,0.000000,0.000000,0.000000,-8.380134,WAIT_USER_CONFIRM
13.992000,0.554499,-0.000000,0.264962,0.000000,0.000000,0.000000,-8.380134,WAIT_USER_CONFIRM
13.994000,0.554499,-0.000000,0.264962,0.000000,0.000000,0.000000,-8.380134,WAIT_USER_CONFIRM
13.996000,0.554499,-0.000000,0.264962,0.000000,0.000000,0.000000,-8.380134,WAIT_USER_CONFIRM
13.998000,0.554499,-0.000000,0.264962,0.000000,0.000000,0.000000,-8.380134,WAIT_USER_CONFIRM
14.000000,0.554499,-0.000000,0.264962,0.000000,0.000000,0.000000,-8.380134,WAIT_USER_CONFIRM
14.002000,0.554499,-0.000000,0.264962,0.000000,0.000000,0.000000,-8.380134,WAIT_USER_CONFIRM
14.004000,0.554499,-0.000000,0.264962,0.000000,0.000000,0.000000,-8.380134,WAIT_USER_CONFIRM
14.006000,0.554499,-0.000000,0.264962,0.000000,0.000000,0.000000,-8.380134,WAIT_USER_CONFIRM
14.008000,0.554499,-0.000000,0.264962,0.000000,0.000000,0.000000,-8.380134,WAIT_USER_CONFIRM
14.010000,0.554499,-0.000000,0.264962,0.000000,0.000000,0.000000,-8.380134,WAIT_USER_CONFIRM
14.012000,0.554499,-0.000000,0.264962,0.000000,0.000000,0.000000,-8.380134,WAIT_USER_CONFIRM
14.014000,0.554499,-0.000000,0.264962,0.000000,0.000000,0.000000,-8.380134,WAIT_USER_CONFIRM
14.016000,0.554499,-0.000000,0.264962,0.000000,0.000000,0.000000,-8.380134,WAIT_USER_CONFIRM
14.018000,0.554499,-0.000000,0.264962,0.000000,0.000000,0.000000,-8.380134,WAIT_USER_CONFIRM
14.020000,0.554499,-0.000000,0.264962,0.000000,0.000000,0.000000,-8.380134,WAIT_USER_CONFIRM
14.022000,0.554499,-0.000000,0.264962,0.000000,0.000000,0.000000,-8.380134,WAIT_USER_CONFIRM
14.024000,0.554499,-0.000000,0.264962,0.000000,0.000000,0.000000,-8.380134,WAIT_USER_CONFIRM
14.026000,0.554499,-0.000000,0.264962,0.000000,0.000000,0.000000,-8.380134,WAIT_USER_CONFIRM
14.028000,0.554499,-0.000000,0.264962,0.000000,0.000000,0.000000,-8.380134,WAIT_USER_CONFIRM
14.030000,0.554499,-0.000000,0.264962,0.000000,0.000000,0.000000,-8.380134,WAIT_USER_CONFIRM
14.032000,0.554499,-0.000000,0.264962,0.000000,0.000000,0.000000,-8.380134,WAIT_USER_CONFIRM
14.034000,0.554499,-0.000000,0.264962,0.000000,0.000000,0.000000,-8.380134,WAIT_USER_CONFIRM
14.036000,0.554499,-0.000000,0.264962,0.000000,0.000000,0.000000,-8.380134,WAIT_USER_CONFIRM
14.038000,0.554499,-0.000000,0.264962,0.000000,0.000000,0.000000,-8.380134,WAIT_USER_CONFIRM
14.040000,0.554499,-0.000000,0.264962,0.000000,0.000000,0.000000,-8.380134,WAIT_USER_CONFIRM
14.042000,0.554499,-0.000000,0.264962,0.000000,0.000000,0.000000,-8.380134,WAIT_USER_CONFIRM
14.044000,0.554499,-0.000000,0.264962,0.000000,0.000000,0.000000,-8.380134,WAIT_USER_CONFIRM
14.046000,0.554499,-0.000000,0.264962,0.000000,0.000000,0.000000,-8.380134,WAIT_USER_CONFIRM
14.048000,0.554499,-0.000000,0.264962,0.000000,0.000000,0.000000,-8.380134,WAIT_USER_CONFIRM
14.050000,0.554499,-0.000000,0.264962,0.000000,0.000000,0.000000,-8.380134,WAIT_USER_CONFIRM
14.052000,0.554499,-0.000000,0.264962,0.000000,0.000000,0.000000,-8.380134,WAIT_USER_CONFIRM
14.054000,0.554499,-0.000000,0.264962,0.000000,0.000000,0.000000,-8.380134,WAIT_USER_CONFIRM
14.056000,0.554499,-0.000000,0.264962,0.000000,0.000000,0.000000,-8.380134,WAIT_USER_CONFIRM
14.058000,0.554499,-0.000000,0.264962,0.000000,0.000000,0.000000,-8.380134,WAIT_USER_CONFIRM
14.060000,0.554499,-0.000000,0.264962,0.000000,0.000000,0.000000,-8.380134,WAIT_USER_CONFIRM
14.062000,0.554499,-0.000000,0.264962,0.000000,0.000000,0.000000,-8.380134,WAIT_USER_CONFIRM
14.064000,0.554499,-0.000000,0.264962,0.000000,0.000000,0.000000,-8.380134,WAIT_USER_CONFIRM
14.066000,0.554499,-0.000000,0.264962,0.000000,0.000000,0.000000,-8.380134,WAIT_USER_CONFIRM
14.068000,0.554499,-0.000000,0.264962,0.000000,0.000000,0.000000,-8.380134,WAIT_USER_CONFIRM
14.070000,0.554499,-0.000000,0.264962,0.000000,0.000000,0.000000,-8.380134,WAIT_USER_CONFIRM
14.072000,0.554499,-0.000000,0.264962,0.000000,0.000000,0.000000,-8.380134,WAIT_USER_CONFIRM
14.074000,0.554499,-0.000000,0.264962,0.000000,0.000000,0.000000,-8.380134,WAIT_USER_CONFIRM
14.076000,0.554499,-0.000000,0.264962,0.000000,0.000000,0.000000,-8.380134,WAIT_USER_CONFIRM
14.078000,0.554499,-0.000000,0.264962,0.000000,0.000000,0.000000,-8.380134,WAIT_USER_CONFIRM
14.080000,0.554499,-0.000000,0.264962,0.000000,0.000000,0.000000,-8.380134,WAIT_USER_CONFIRM
14.082000,0.554499,-0.000000,0.264962,0.000000,0.000000,0.000000,-8.380134,WAIT_USER_CONFIRM
14.084000,0.554499,-0.000000,0.264962,0.000000,0.000000,0.000000,-8.380134,WAIT_USER_CONFIRM
14.086000,0.554499,-0.000000,0.264962,0.000000,0.000000,0.000000,-8.380134,WAIT_USER_CONFIRM
14.088000,0.554499,-0.000000,0.264962,0.000000,0.000000,0.000000,-8.380134,WAIT_USER_CONFIRM
14.090000,0.554499,-0.000000,0.264962,0.000000,0.000000,0.000000,-8.380134,WAIT_USER_CONFIRM
14.092000,0.554499,-0.000000,0.264962,0.000000,0.000000,0.000000,-8.380134,WAIT_USER_CONFIRM
14.094000,0.554499,-0.000000,0.264962,0.000000,0.000000,0.000000,-8.380134,WAIT_USER_CONFIRM
14.096000,0.554499,-0.000000,0.264962,0.000000,0.000000,0.000000,-8.380134,WAIT_USER_CONFIRM
14.098000,0.554499,-0.000000,0.264962,0.000000,0.000000,0.000000,-8.380134,WAIT_USER_CONFIRM
14.100000,0.554499,-0.000000,0.264962,0.000000,0.000000,0.000000,-8.380134,WAIT_USER_CONFIRM
14.102000,0.554499,-0.000000,0.264962,0.000000,0.000000,0.000000,-8.380134,WAIT_USER_CONFIRM
14.104000,0.554499,-0.000000,0.264962,0.000000,0.000000,0.000000,-8.380134,WAIT_USER_CONFIRM
14.106000,0.554499,-0.000000,0.264962,0.000000,0.000000,0.000000,-8.380134,WAIT_USER_CONFIRM
14.108000,0.554499,-0.000000,0.264962,0.000000,0.000000,0.000000,-8.380134,WAIT_USER_CONFIRM
14.110000,0.554499,-0.000000,0.264962,0.000000,0.000000,0.000000,-8.380134,WAIT_USER_CONFIRM
14.112000,0.554499,-0.000000,0.264962,0.000000,0.000000,0.000000,-8.380134,WAIT_USER_CONFIRM
14.114000,0.554499,-0.000000,0.264962,0.000000,0.000000,0.000000,-8.380134,WAIT_USER_CONFIRM
14.116000,0.554499,-0.000000,0.264962,0.000000,0.000000,0.000000,-8.380134,WAIT_USER_CONFIRM
14.118000,0.554499,-0.000000,0.264962,0.000000,0.000000,0.000000,-8.380134,WAIT_USER_CONFIRM
14.120000,0.554499,-0.000000,0.264962,0.000000,0.000000,0.000000,-8.380134,WAIT_USER_CONFIRM
14.122000,0.554499,-0.000000,0.264962,0.000000,0.000000,0.000000,-8.380134,WAIT_USER_CONFIRM
14.124000,0.554499,-0.000000,0.264962,0.000000,0.000000,0.000000,-8.380134,WAIT_USER_CONFIRM
14.126000,0.554499,-0.000000,0.264962,0.000000,0.000000,0.000000,-8.380134,WAIT_USER_CONFIRM
14.128000,0.554499,-0.000000,0.264962,0.000000,0.000000,0.000000,-8.380134,WAIT_USER_CONFIRM
14.130000,0.554499,-0.000000,0.264962,0.000000,0.000000,0.000000,-8.380134,WAIT_USER_CONFIRM
14.132000,0.554499,-0.000000,0.264962,0.000000,0.000000,0.000000,-8.380134,WAIT_USER_CONFIRM
14.134000,0.554499,-0.000000,0.264962,0.000000,0.000000,0.000000,-8.380134,WAIT_USER_CONFIRM
14.136000,0.554499,-0.000000,0.264962,0.000000,0.000000,0.000000,-8.380134,WAIT_USER_CONFIRM
14.138000,0.554499,-0.000000,0.264962,0.000000,0.000000,0.000000,-8.380134,WAIT_USER_CONFIRM
14.140000,0.554499,-0.000000,0.264962,0.000000,0.000000,0.000000,-8.380134,WAIT_USER_CONFIRM
14.142000,0.554499,-0.000000,0.264962,0.000000,0.000000,0.000000,-8.380134,WAIT_USER_CONFIRM
14.144000,0.554499,-0.000000,0.264962,0.000000,0.000000,0.000000,-8.380134,WAIT_USER_CONFIRM
14.146000,0.554499,-0.000000,0.264962,0.000000,0.000000,0.000000,-8.380134,WAIT_USER_CONFIRM
14.148000,0.554499,-0.000000,0.264962,0.000000,0.000000,0.000000,-8.380134,WAIT_USER_CONFIRM
14.150000,0.554499,-0.000000,0.264962,0.000000,0.000000,0.000000,-8.380134,WAIT_USER_CONFIRM
14.152000,0.554499,-0.000000,0.264962,0.000000,0.000000,0.000000,-8.380134,WAIT_USER_CONFIRM
14.154000,0.554499,-0.000000,0.264962,0.000000,0.000000,0.000000,-8.380134,WAIT_USER_CONFIRM
14.156000,0.554499,-0.000000,0.264962,0.000000,0.000000,0.000000,-8.380134,WAIT_USER_CONFIRM
14.158000,0.554499,-0.000000,0.264962,0.000000,0.000000,0.000000,-8.380134,WAIT_USER_CONFIRM
14.160000,0.554499,-0.000000,0.264962,0.000000,0.000000,0.000000,-8.380134,WAIT_USER_CONFIRM
14.162000,0.554499,-0.000000,0.264962,0.000000,0.000000,0.000000,-8.380134,WAIT_USER_CONFIRM
14.164000,0.554499,-0.000000,0.264962,0.000000,0.000000,0.000000,-8.380134,WAIT_USER_CONFIRM
14.166000,0.554499,-0.000000,0.264962,0.000000,0.000000,0.000000,-8.380134,WAIT_USER_CONFIRM
14.168000,0.554499,-0.000000,0.264962,0.000000,0.000000,0.000000,-8.380134,WAIT_USER_CONFIRM
14.170000,0.554499,-0.000000,0.264962,0.000000,0.000000,0.000000,-8.380134,WAIT_USER_CONFIRM
14.172000,0.554499,-0.000000,0.264962,0.000000,0.000000,0.000000,-8.380134,WAIT_USER_CONFIRM
14.174000,0.554499,-0.000000,0.264962,0.000000,0.000000,0.000000,-8.380134,WAIT_USER_CONFIRM
14.176000,0.554499,-0.000000,0.264962,0.000000,0.000000,0.000000,-8.380134,WAIT_USER_CONFIRM
14.178000,0.554499,-0.000000,0.264962,0.000000,0.000000,0.000000,-8.380134,WAIT_USER_CONFIRM
14.180000,0.554499,-0.000000,0.264962,0.000000,0.000000,0.000000,-8.380134,WAIT_USER_CONFIRM
14.182000,0.554499,-0.000000,0.264962,0.000000,0.000000,0.000000,-8.380134,WAIT_USER_CONFIRM
14.184000,0.554499,-0.000000,0.264962,0.000000,0.000000,0.000000,-8.380134,WAIT_USER_CONFIRM
14.186000,0.554499,-0.000000,0.264962,0.000000,0.000000,0.000000,-8.380134,WAIT_USER_CONFIRM
14.188000,0.554499,-0.000000,0.264962,0.000000,0.000000,0.000000,-8.380134,WAIT_USER_CONFIRM
14.190000,0.554499,-0.000000,0.264962,0.000000,0.000000,0.000000,-8.380134,WAIT_USER_CONFIRM
14.192000,0.554499,-0.000000,0.264962,0.000000,0.000000,0.000000,-8.380134,WAIT_USER_CONFIRM
14.194000,0.554499,-0.000000,0.264962,0.000000,0.000000,0.000000,-8.380134,WAIT_USER_CONFIRM
14.196000,0.554499,-0.000000,0.264962,0.000000,0.000000,0.000000,-8.380134,WAIT_USER_CONFIRM
14.198000,0.554499,-0.000000,0.264962,0.000000,0.000000,0.000000,-8.380134,WAIT_USER_CONFIRM
14.200000,0.554499,-0.000000,0.264962,0.000000,0.000000,0.000000,-8.380134,WAIT_USER_CONFIRM
14.202000,0.554499,-0.000000,0.264962,0.000000,0.000000,0.000000,-8.380134,WAIT_USER_CONFIRM
14.204000,0.554499,-0.000000,0.264962,0.000000,0.000000,0.000000,-8.380134,WAIT_USER_CONFIRM
14.206000,0.554499,-0.000000,0.264962,0.000000,0.000000,0.000000,-8.380134,WAIT_USER_CONFIRM
14.208000,0.554499,-0.000000,0.264962,0.000000,0.000000,0.000000,-8.380134,WAIT_USER_CONFIRM
14.210000,0.554499,-0.000000,0.264962,0.000000,0.000000,0.000000,-8.380134,WAIT_USER_CONFIRM
14.212000,0.554499,-0.000000,0.264962,0.000000,0.000000,0.000000,-8.380134,WAIT_USER_CONFIRM
14.214000,0.554499,-0.000000,0.264962,0.000000,0.000000,0.000000,-8.380134,WAIT_USER_CONFIRM
14.216000,0.554499,-0.000000,0.264962,0.000000,0.000000,0.000000,-8.380134,WAIT_USER_CONFIRM
14.218000,0.554499,-0.000000,0.264962,0.000000,0.000000,0.000000,-8.380134,WAIT_USER_CONFIRM
14.220000,0.554499,-0.000000,0.264962,0.000000,0.000000,0.000000,-8.380134,WAIT_USER_CONFIRM
14.222000,0.554499,-0.000000,0.264962,0.000000,0.000000,0.000000,-8.380134,WAIT_USER_CONFIRM
14.224000,0.554499,-0.000000,0.264962,0.000000,0.000000,0.000000,-8.380134,WAIT_USER_CONFIRM
14.226000,0.554499,-0.000000,0.264962,0.000000,0.000000,0.000000,-8.380134,WAIT_USER_CONFIRM
14.228000,0.554499,-0.000000,0.264962,0.000000,0.000000,0.000000,-8.380134,WAIT_USER_CONFIRM
14.230000,0.554499,-0.000000,0.264962,0.000000,0.000000,0.000000,-8.380134,WAIT_USER_CONFIRM
14.232000,0.554499,-0.000000,0.264962,0.000000,0.000000,0.000000,-8.380134,WAIT_USER_CONFIRM
14.234000,0.554499,-0.000000,0.264962,0.000000,0.000000,0.000000,-8.380134,WAIT_USER_CONFIRM
14.236000,0.554499,-0.000000,0.264962,0.000000,0.000000,0.000000,-8.380134,WAIT_USER_CONFIRM
14.238000,0.554499,-0.000000,0.264962,0.000000,0.000000,0.000000,-8.380134,WAIT_USER_CONFIRM
14.240000,0.554499,-0.000000,0.264962,0.000000,0.000000,0.000000,-8.380134,WAIT_USER_CONFIRM
14.242000,0.554499,-0.000000,0.264962,0.000000,0.000000,0.000000,-8.380134,WAIT_USER_CONFIRM
14.244000,0.554499,-0.000000,0.264962,0.000000,0.000000,0.000000,-8.380134,WAIT_USER_CONFIRM
14.246000,0.554499,-0.000000,0.264962,0.000000,0.000000,0.000000,-8.380134,WAIT_USER_CONFIRM
14.248000,0.554499,-0.000000,0.264962,0.000000,0.000000,0.000000,-8.380134,WAIT_USER_CONFIRM
14.250000,0.554499,-0.000000,0.264962,0.000000,0.000000,0.000000,-8.380134,WAIT_USER_CONFIRM
14.252000,0.554499,-0.000000,0.264962,0.000000,0.000000,0.000000,-8.380134,WAIT_USER_CONFIRM
14.254000,0.554499,-0.000000,0.264962,0.000000,0.000000,0.000000,-8.380134,WAIT_USER_CONFIRM
14.256000,0.554499,-0.000000,0.264962,0.000000,0.000000,0.000000,-8.380134,WAIT_USER_CONFIRM
14.258000,0.554499,-0.000000,0.264962,0.000000,0.000000,0.000000,-8.380134,WAIT_USER_CONFIRM
14.260000,0.554499,-0.000000,0.264962,0.000000,0.000000,0.000000,-8.380134,WAIT_USER_CONFIRM
14.262000,0.554499,-0.000000,0.264962,0.000000,0.000000,0.000000,-8.380134,WAIT_USER_CONFIRM
14.264000,0.554499,-0.000000,0.264962,0.000000,0.000000,0.000000,-8.380134,WAIT_USER_CONFIRM
14.266000,0.554499,-0.000000,0.264962,0.000000,0.000000,0.000000,-8.380134,WAIT_USER_CONFIRM
14.268000,0.554499,-0.000000,0.264962,0.000000,0.000000,0.000000,-8.380134,WAIT_USER_CONFIRM
14.270000,0.554499,-0.000000,0.264962,0.000000,0.000000,0.000000,-8.380134,WAIT_USER_CONFIRM
14.272000,0.554499,-0.000000,0.264962,0.000000,0.000000,0.000000,-8.380134,WAIT_USER_CONFIRM
14.274000,0.554499,-0.000000,0.264962,0.000000,0.000000,0.000000,-8.380134,WAIT_USER_CONFIRM
14.276000,0.554499,-0.000000,0.264962,0.000000,0.000000,0.000000,-8.380134,WAIT_USER_CONFIRM
14.278000,0.554499,-0.000000,0.264962,0.000000,0.000000,0.000000,-8.380134,WAIT_USER_CONFIRM
14.280000,0.554499,-0.000000,0.264962,0.000000,0.000000,0.000000,-8.380134,WAIT_USER_CONFIRM
14.282000,0.554499,-0.000000,0.264962,0.000000,0.000000,0.000000,-8.380134,WAIT_USER_CONFIRM
14.284000,0.554499,-0.000000,0.264962,0.000000,0.000000,0.000000,-8.380134,WAIT_USER_CONFIRM
14.286000,0.554499,-0.000000,0.264962,0.000000,0.000000,0.000000,-8.380134,WAIT_USER_CONFIRM
14.288000,0.554499,-0.000000,0.264962,0.000000,0.000000,0.000000,-8.380134,WAIT_USER_CONFIRM
14.290000,0.554499,-0.000000,0.264962,0.000000,0.000000,0.000000,-8.380134,WAIT_USER_CONFIRM
14.292000,0.554499,-0.000000,0.264962,0.000000,0.000000,0.000000,-8.380134,WAIT_USER_CONFIRM
14.294000,0.554499,-0.000000,0.264962,0.000000,0.000000,0.000000,-8.380134,WAIT_USER_CONFIRM
14.296000,0.554499,-0.000000,0.264962,0.000000,0.000000,0.000000,-8.380134,WAIT_USER_CONFIRM
14.298000,0.554499,-0.000000,0.264962,0.000000,0.000000,0.000000,-8.380134,WAIT_USER_CONFIRM
14.300000,0.554499,-0.000000,0.264962,0.000000,0.000000,0.000000,-8.380134,WAIT_USER_CONFIRM
14.302000,0.554499,-0.000000,0.264962,0.000000,0.000000,0.000000,-8.380134,WAIT_USER_CONFIRM
14.304000,0.554499,-0.000000,0.264962,0.000000,0.000000,0.000000,-8.380134,WAIT_USER_CONFIRM
14.306000,0.554499,-0.000000,0.264962,0.000000,0.000000,0.000000,-8.380134,WAIT_USER_CONFIRM
14.308000,0.554499,-0.000000,0.264962,0.000000,0.000000,0.000000,-8.380134,WAIT_USER_CONFIRM
14.310000,0.554499,-0.000000,0.264962,0.000000,0.000000,0.000000,-8.380134,WAIT_USER_CONFIRM
14.312000,0.554499,-0.000000,0.264962,0.000000,0.000000,0.000000,-8.380134,WAIT_USER_CONFIRM
14.314000,0.554499,-0.000000,0.264962,0.000000,0.000000,0.000000,-8.380134,WAIT_USER_CONFIRM
14.316000,0.554499,-0.000000,0.264962,0.000000,0.000000,0.000000,-8.380134,WAIT_USER_CONFIRM
14.318000,0.554499,-0.000000,0.264962,0.000000,0.000000,0.000000,-8.380134,WAIT_USER_CONFIRM
14.320000,0.554499,-0.000000,0.264962,0.000000,0.000000,0.000000,-8.380134,WAIT_USER_CONFIRM
14.322000,0.554499,-0.000000,0.264962,0.000000,0.000000,0.000000,-8.380134,WAIT_USER_CONFIRM
14.324000,0.554499,-0.000000,0.264962,0.000000,0.000000,0.000000,-8.380134,WAIT_USER_CONFIRM
14.326000,0.554499,-0.000000,0.264962,0.000000,0.000000,0.000000,-8.380134,WAIT_USER_CONFIRM
14.328000,0.554499,-0.000000,0.264962,0.000000,0.000000,0.000000,-8.380134,WAIT_USER_CONFIRM
14.330000,0.554499,-0.000000,0.264962,0.000000,0.000000,0.000000,-8.380134,WAIT_USER_CONFIRM
14.332000,0.554499,-0.000000,0.264962,0.000000,0.000000,0.000000,-8.380134,WAIT_USER_CONFIRM
14.334000,0.554499,-0.000000,0.264962,0.000000,0.000000,0.000000,-8.380134,WAIT_USER_CONFIRM
14.336000,0.554499,-0.000000,0.264962,0.000000,0.000000,0.000000,-8.380134,WAIT_USER_CONFIRM
14.338000,0.554499,-0.000000,0.264962,0.000000,0.000000,0.000000,-8.380134,WAIT_USER_CONFIRM
14.340000,0.554499,-0.000000,0.264962,0.000000,0.000000,0.000000,-8.380134,WAIT_USER_CONFIRM
14.342000,0.554499,-0.000000,0.264962,0.000000,0.000000,0.000000,-8.380134,WAIT_USER_CONFIRM
14.344000,0.554499,-0.000000,0.264962,0.000000,0.000000,0.000000,-8.380134,WAIT_USER_CONFIRM
14.346000,0.554499,-0.000000,0.264962,0.000000,0.000000,0.000000,-8.380134,WAIT_USER_CONFIRM
14.348000,0.554499,-0.000000,0.264962,0.000000,0.000000,0.000000,-8.380134,WAIT_USER_CONFIRM
14.350000,0.554499,-0.000000,0.264962,0.000000,0.000000,0.000000,-8.380134,WAIT_USER_CONFIRM
14.352000,0.554499,-0.000000,0.264962,0.000000,0.000000,0.000000,-8.380134,WAIT_USER_CONFIRM
14.354000,0.554499,-0.000000,0.264962,0.000000,0.000000,0.000000,-8.380134,WAIT_USER_CONFIRM
14.356000,0.554499,-0.000000,0.264962,0.000000,0.000000,0.000000,-8.380134,WAIT_USER_CONFIRM
14.358000,0.554499,-0.000000,0.264962,0.000000,0.000000,0.000000,-8.380134,WAIT_USER_CONFIRM
14.360000,0.554499,-0.000000,0.264962,0.000000,0.000000,0.000000,-8.380134,WAIT_USER_CONFIRM
14.362000,0.554499,-0.000000,0.264962,0.000000,0.000000,0.000000,-8.380134,WAIT_USER_CONFIRM
14.364000,0.554499,-0.000000,0.264962,0.000000,0.000000,0.000000,-8.380134,WAIT_USER_CONFIRM
14.366000,0.554499,-0.000000,0.264962,0.000000,0.000000,0.000000,-8.380134,WAIT_USER_CONFIRM
14.368000,0.554499,-0.000000,0.264962,0.000000,0.000000,0.000000,-8.380134,WAIT_USER_CONFIRM
14.370000,0.554499,-0.000000,0.264962,0.000000,0.000000,0.000000,-8.380134,WAIT_USER_CONFIRM
14.372000,0.554499,-0.000000,0.264962,0.000000,0.000000,0.000000,-8.380134,WAIT_USER_CONFIRM
14.374000,0.554499,-0.000000,0.264962,0.000000,0.000000,0.000000,-8.380134,WAIT_USER_CONFIRM
14.376000,0.554499,-0.000000,0.264962,0.000000,0.000000,0.000000,-8.380134,WAIT_USER_CONFIRM
14.378000,0.554499,-0.000000,0.264962,0.000000,0.000000,0.000000,-8.380134,WAIT_USER_CONFIRM
14.380000,0.554499,-0.000000,0.264962,0.000000,0.000000,0.000000,-8.380134,WAIT_USER_CONFIRM
14.382000,0.554499,-0.000000,0.264962,0.000000,0.000000,0.000000,-8.380134,WAIT_USER_CONFIRM
14.384000,0.554499,-0.000000,0.264962,0.000000,0.000000,0.000000,-8.380134,WAIT_USER_CONFIRM
14.386000,0.554499,-0.000000,0.264962,0.000000,0.000000,0.000000,-8.380134,WAIT_USER_CONFIRM
14.388000,0.554499,-0.000000,0.264962,0.000000,0.000000,0.000000,-8.380134,WAIT_USER_CONFIRM
14.390000,0.554499,-0.000000,0.264962,0.000000,0.000000,0.000000,-8.380134,WAIT_USER_CONFIRM
14.392000,0.554499,-0.000000,0.264962,0.000000,0.000000,0.000000,-8.380134,WAIT_USER_CONFIRM
14.394000,0.554499,-0.000000,0.264962,0.000000,0.000000,0.000000,-8.380134,WAIT_USER_CONFIRM
14.396000,0.554499,-0.000000,0.264962,0.000000,0.000000,0.000000,-8.380134,WAIT_USER_CONFIRM
14.398000,0.554499,-0.000000,0.264962,0.000000,0.000000,0.000000,-8.380134,WAIT_USER_CONFIRM
14.400000,0.554499,-0.000000,0.264962,0.000000,0.000000,0.000000,-8.380134,WAIT_USER_CONFIRM
14.402000,0.554499,-0.000000,0.264962,0.000000,0.000000,0.000000,-8.380134,WAIT_USER_CONFIRM
14.404000,0.554499,-0.000000,0.264962,0.000000,0.000000,0.000000,-8.380134,WAIT_USER_CONFIRM
14.406000,0.554499,-0.000000,0.264962,0.000000,0.000000,0.000000,-8.380134,WAIT_USER_CONFIRM
14.408000,0.554499,-0.000000,0.264962,0.000000,0.000000,0.000000,-8.380134,WAIT_USER_CONFIRM
14.410000,0.554499,-0.000000,0.264962,0.000000,0.000000,0.000000,-8.380134,WAIT_USER_CONFIRM
14.412000,0.554499,-0.000000,0.264962,0.000000,0.000000,0.000000,-8.380134,WAIT_USER_CONFIRM
14.414000,0.554499,-0.000000,0.264962,0.000000,0.000000,0.000000,-8.380134,WAIT_USER_CONFIRM
14.416000,0.554499,-0.000000,0.264962,0.000000,0.000000,0.000000,-8.380134,WAIT_USER_CONFIRM
14.418000,0.554499,-0.000000,0.264962,0.000000,0.000000,0.000000,-8.380134,WAIT_USER_CONFIRM
14.420000,0.554499,-0.000000,0.264962,0.000000,0.000000,0.000000,-8.380134,WAIT_USER_CONFIRM
14.422000,0.554499,-0.000000,0.264962,0.000000,0.000000,0.000000,-8.380134,WAIT_USER_CONFIRM
14.424000,0.554499,-0.000000,0.264962,0.000000,0.000000,0.000000,-8.380134,WAIT_USER_CONFIRM
14.426000,0.554499,-0.000000,0.264962,0.000000,0.000000,0.000000,-8.380134,WAIT_USER_CONFIRM
14.428000,0.554499,-0.000000,0.264962,0.000000,0.000000,0.000000,-8.380134,WAIT_USER_CONFIRM
14.430000,0.554499,-0.000000,0.264962,0.000000,0.000000,0.000000,-8.380134,WAIT_USER_CONFIRM
14.432000,0.554499,-0.000000,0.264962,0.000000,0.000000,0.000000,-8.380134,WAIT_USER_CONFIRM
14.434000,0.554499,-0.000000,0.264962,0.000000,0.000000,0.000000,-8.380134,WAIT_USER_CONFIRM
14.436000,0.554499,-0.000000,0.264962,0.000000,0.000000,0.000000,-8.380134,WAIT_USER_CONFIRM
14.438000,0.554499,-0.000000,0.264962,0.000000,0.000000,0.000000,-8.380134,WAIT_USER_CONFIRM
14.440000,0.554499,-0.000000,0.264962,0.000000,0.000000,0.000000,-8.380134,WAIT_USER_CONFIRM
14.442000,0.554499,-0.000000,0.264962,0.000000,0.000000,0.000000,-8.380134,WAIT_USER_CONFIRM
14.444000,0.554499,-0.000000,0.264962,0.000000,0.000000,0.000000,-8.380134,WAIT_USER_CONFIRM
14.446000,0.554499,-0.000000,0.264962,0.000000,0.000000,0.000000,-8.380134,WAIT_USER_CONFIRM
14.448000,0.554499,-0.000000,0.264962,0.000000,0.000000,0.000000,-8.380134,WAIT_USER_CONFIRM
14.450000,0.554499,-0.000000,0.264962,0.000000,0.000000,0.000000,-8.380134,WAIT_USER_CONFIRM
14.452000,0.554499,-0.000000,0.264962,0.000000,0.000000,0.000000,-8.380134,WAIT_USER_CONFIRM
14.454000,0.554499,-0.000000,0.264962,0.000000,0.000000,0.000000,-8.380134,WAIT_USER_CONFIRM
14.456000,0.554499,-0.000000,0.264962,0.000000,0.000000,0.000000,-8.380134,WAIT_USER_CONFIRM
14.458000,0.554499,-0.000000,0.264962,0.000000,0.000000,0.000000,-8.380134,WAIT_USER_CONFIRM
14.460000,0.554499,-0.000000,0.264962,0.000000,0.000000,0.000000,-8.380134,WAIT_USER_CONFIRM
14.462000,0.554499,-0.000000,0.264962,0.000000,0.000000,0.000000,-8.380134,WAIT_USER_CONFIRM
14.464000,0.554499,-0.000000,0.264962,0.000000,0.000000,0.000000,-8.380134,WAIT_USER_CONFIRM
14.466000,0.554499,-0.000000,0.264962,0.000000,0.000000,0.000000,-8.380134,WAIT_USER_CONFIRM
14.468000,0.554499,-0.000000,0.264962,0.000000,0.000000,0.000000,-8.380134,WAIT_USER_CONFIRM
14.470000,0.554499,-0.000000,0.264962,0.000000,0.000000,0.000000,-8.380134,WAIT_USER_CONFIRM
14.472000,0.554499,-0.000000,0.264962,0.000000,0.000000,0.000000,-8.380134,WAIT_USER_CONFIRM
14.474000,0.554499,-0.000000,0.264962,0.000000,0.000000,0.000000,-8.380134,WAIT_USER_CONFIRM
14.476000,0.554499,-0.000000,0.264962,0.000000,0.000000,0.000000,-8.380134,WAIT_USER_CONFIRM
14.478000,0.554499,-0.000000,0.264962,0.000000,0.000000,0.000000,-8.380134,WAIT_USER_CONFIRM
14.480000,0.554499,-0.000000,0.264962,0.000000,0.000000,0.000000,-8.380134,WAIT_USER_CONFIRM
14.482000,0.554499,-0.000000,0.264962,0.000000,0.000000,0.000000,-8.380134,WAIT_USER_CONFIRM
14.484000,0.554499,-0.000000,0.264962,0.000000,0.000000,0.000000,-8.380134,WAIT_USER_CONFIRM
14.486000,0.554499,-0.000000,0.264962,0.000000,0.000000,0.000000,-8.380134,WAIT_USER_CONFIRM
14.488000,0.554499,-0.000000,0.264962,0.000000,0.000000,0.000000,-8.380134,WAIT_USER_CONFIRM
14.490000,0.554499,-0.000000,0.264962,0.000000,0.000000,0.000000,-8.380134,WAIT_USER_CONFIRM
14.492000,0.554499,-0.000000,0.264962,0.000000,0.000000,0.000000,-8.380134,WAIT_USER_CONFIRM
14.494000,0.554499,-0.000000,0.264962,0.000000,0.000000,0.000000,-8.380134,WAIT_USER_CONFIRM
14.496000,0.554499,-0.000000,0.264962,0.000000,0.000000,0.000000,-8.380134,WAIT_USER_CONFIRM
14.498000,0.554499,-0.000000,0.264962,0.000000,0.000000,0.000000,-8.380134,WAIT_USER_CONFIRM
14.500000,0.554499,-0.000000,0.264962,0.000000,0.000000,0.000000,-8.380134,WAIT_USER_CONFIRM
14.502000,0.554499,-0.000000,0.264962,0.000000,0.000000,0.000000,-8.380134,WAIT_USER_CONFIRM
14.504000,0.554499,-0.000000,0.264962,0.000000,0.000000,0.000000,-8.380134,WAIT_USER_CONFIRM
14.506000,0.554499,-0.000000,0.264962,0.000000,0.000000,0.000000,-8.380134,WAIT_USER_CONFIRM
14.508000,0.554499,-0.000000,0.264962,0.000000,0.000000,0.000000,-8.380134,WAIT_USER_CONFIRM
14.510000,0.554499,-0.000000,0.264962,0.000000,0.000000,0.000000,-8.380134,WAIT_USER_CONFIRM
14.512000,0.554499,-0.000000,0.264962,0.000000,0.000000,0.000000,-8.380134,WAIT_USER_CONFIRM
14.514000,0.554499,-0.000000,0.264962,0.000000,0.000000,0.000000,-8.380134,WAIT_USER_CONFIRM
14.516000,0.554499,-0.000000,0.264962,0.000000,0.000000,0.000000,-8.380134,WAIT_USER_CONFIRM
14.518000,0.554499,-0.000000,0.264962,0.000000,0.000000,0.000000,-8.380134,WAIT_USER_CONFIRM
14.520000,0.554499,-0.000000,0.264962,0.000000,0.000000,0.000000,-8.380134,WAIT_USER_CONFIRM
14.522000,0.554499,-0.000000,0.264962,0.000000,0.000000,0.000000,-8.380134,WAIT_USER_CONFIRM
14.524000,0.554499,-0.000000,0.264962,0.000000,0.000000,0.000000,-8.380134,WAIT_USER_CONFIRM
14.526000,0.554499,-0.000000,0.264962,0.000000,0.000000,0.000000,-8.380134,WAIT_USER_CONFIRM
14.528000,0.554499,-0.000000,0.264962,0.000000,0.000000,0.000000,-8.380134,WAIT_USER_CONFIRM
14.530000,0.554499,-0.000000,0.264962,0.000000,0.000000,0.000000,-8.380134,WAIT_USER_CONFIRM
14.532000,0.554499,-0.000000,0.264962,0.000000,0.000000,0.000000,-8.380134,WAIT_USER_CONFIRM
14.534000,0.554499,-0.000000,0.264962,0.000000,0.000000,0.000000,-8.380134,WAIT_USER_CONFIRM
14.536000,0.554499,-0.000000,0.264962,0.000000,0.000000,0.000000,-8.380134,WAIT_USER_CONFIRM
14.538000,0.554499,-0.000000,0.264962,0.000000,0.000000,0.000000,-8.380134,WAIT_USER_CONFIRM
14.540000,0.554499,-0.000000,0.264962,0.000000,0.000000,0.000000,-8.380134,WAIT_USER_CONFIRM
14.542000,0.554499,-0.000000,0.264962,0.000000,0.000000,0.000000,-8.380134,WAIT_USER_CONFIRM
14.544000,0.554499,-0.000000,0.264962,0.000000,0.000000,0.000000,-8.380134,WAIT_USER_CONFIRM
14.546000,0.554499,-0.000000,0.264962,0.000000,0.000000,0.000000,-8.380134,WAIT_USER_CONFIRM
14.548000,0.554499,-0.000000,0.264962,0.000000,0.000000,0.000000,-8.380134,WAIT_USER_CONFIRM
14.550000,0.554499,-0.000000,0.264962,0.000000,0.000000,0.000000,-8.380134,WAIT_USER_CONFIRM
14.552000,0.554499,-0.000000,0.264962,0.000000,0.000000,0.000000,-8.380134,WAIT_USER_CONFIRM
14.554000,0.554499,-0.000000,0.264962,0.000000,0.000000,0.000000,-8.380134,WAIT_USER_CONFIRM
14.556000,0.554499,-0.000000,0.264962,0.000000,0.000000,0.000000,-8.380134,WAIT_USER_CONFIRM
14.558000,0.554499,-0.000000,0.264962,0.000000,0.000000,0.000000,-8.380134,WAIT_USER_CONFIRM
14.560000,0.554499,-0.000000,0.264962,0.000000,0.000000,0.000000,-8.380134,WAIT_USER_CONFIRM
14.562000,0.554499,-0.000000,0.264962,0.000000,0.000000,0.000000,-8.380134,WAIT_USER_CONFIRM
14.564000,0.554499,-0.000000,0.264962,0.000000,0.000000,0.000000,-8.380134,WAIT_USER_CONFIRM
14.566000,0.554499,-0.000000,0.264962,0.000000,0.000000,0.000000,-8.380134,WAIT_USER_CONFIRM
14.568000,0.554499,-0.000000,0.264962,0.000000,0.000000,0.000000,-8.380134,WAIT_USER_CONFIRM
14.570000,0.554499,-0.000000,0.264962,0.000000,0.000000,0.000000,-8.380134,WAIT_USER_CONFIRM
14.572000,0.554499,-0.000000,0.264962,0.000000,0.000000,0.000000,-8.380134,WAIT_USER_CONFIRM
14.574000,0.554499,-0.000000,0.264962,0.000000,0.000000,0.000000,-8.380134,WAIT_USER_CONFIRM
14.576000,0.554499,-0.000000,0.264962,0.000000,0.000000,0.000000,-8.380134,WAIT_USER_CONFIRM
14.578000,0.554499,-0.000000,0.264962,0.000000,0.000000,0.000000,-8.380134,WAIT_USER_CONFIRM
14.580000,0.554499,-0.000000,0.264962,0.000000,0.000000,0.000000,-8.380134,WAIT_USER_CONFIRM
14.582000,0.554499,-0.000000,0.264962,0.000000,0.000000,0.000000,-8.380134,WAIT_USER_CONFIRM
14.584000,0.554499,-0.000000,0.264962,0.000000,0.000000,0.000000,-8.380134,WAIT_USER_CONFIRM
14.586000,0.554499,-0.000000,0.264962,0.000000,0.000000,0.000000,-8.380134,WAIT_USER_CONFIRM
14.588000,0.554499,-0.000000,0.264962,0.000000,0.000000,0.000000,-8.380134,WAIT_USER_CONFIRM
14.590000,0.554499,-0.000000,0.264962,0.000000,0.000000,0.000000,-8.380134,WAIT_USER_CONFIRM
14.592000,0.554499,-0.000000,0.264962,0.000000,0.000000,0.000000,-8.380134,WAIT_USER_CONFIRM
14.594000,0.554499,-0.000000,0.264962,0.000000,0.000000,0.000000,-8.380134,WAIT_USER_CONFIRM
14.596000,0.554499,-0.000000,0.264962,0.000000,0.000000,0.000000,-8.380134,WAIT_USER_CONFIRM
14.598000,0.554499,-0.000000,0.264962,0.000000,0.000000,0.000000,-8.380134,WAIT_USER_CONFIRM
14.600000,0.554499,-0.000000,0.264962,0.000000,0.000000,0.000000,-8.380134,WAIT_USER_CONFIRM
14.602000,0.554499,-0.000000,0.264962,0.000000,0.000000,0.000000,-8.380134,WAIT_USER_CONFIRM
14.604000,0.554499,-0.000000,0.264962,0.000000,0.000000,0.000000,-8.380134,WAIT_USER_CONFIRM
14.606000,0.554499,-0.000000,0.264962,0.000000,0.000000,0.000000,-8.380134,WAIT_USER_CONFIRM
14.608000,0.554499,-0.000000,0.264962,0.000000,0.000000,0.000000,-8.380134,WAIT_USER_CONFIRM
14.610000,0.554499,-0.000000,0.264962,0.000000,0.000000,0.000000,-8.380134,WAIT_USER_CONFIRM
14.612000,0.554499,-0.000000,0.264962,0.000000,0.000000,0.000000,-8.380134,WAIT_USER_CONFIRM
14.614000,0.554499,-0.000000,0.264962,0.000000,0.000000,0.000000,-8.380134,WAIT_USER_CONFIRM
14.616000,0.554499,-0.000000,0.264962,0.000000,0.000000,0.000000,-8.380134,WAIT_USER_CONFIRM
14.618000,0.554499,-0.000000,0.264962,0.000000,0.000000,0.000000,-8.380134,WAIT_USER_CONFIRM
14.620000,0.554499,-0.000000,0.264962,0.000000,0.000000,0.000000,-8.380134,WAIT_USER_CONFIRM
14.622000,0.554499,-0.000000,0.264962,0.000000,0.000000,0.000000,-8.380134,WAIT_USER_CONFIRM
14.624000,0.554499,-0.000000,0.264962,0.000000,0.000000,0.000000,-8.380134,WAIT_USER_CONFIRM
14.626000,0.554499,-0.000000,0.264962,0.000000,0.000000,0.000000,-8.380134,WAIT_USER_CONFIRM
14.628000,0.554499,-0.000000,0.264962,0.000000,0.000000,0.000000,-8.380134,WAIT_USER_CONFIRM
14.630000,0.554499,-0.000000,0.264962,0.000000,0.000000,0.000000,-8.380134,WAIT_USER_CONFIRM
14.632000,0.554499,-0.000000,0.264962,0.000000,0.000000,0.000000,-8.380134,WAIT_USER_CONFIRM
14.634000,0.554499,-0.000000,0.264962,0.000000,0.000000,0.000000,-8.380134,WAIT_USER_CONFIRM
14.636000,0.554499,-0.000000,0.264962,0.000000,0.000000,0.000000,-8.380134,WAIT_USER_CONFIRM
14.638000,0.554499,-0.000000,0.264962,0.000000,0.000000,0.000000,-8.380134,WAIT_USER_CONFIRM
14.640000,0.554499,-0.000000,0.264962,0.000000,0.000000,0.000000,-8.380134,WAIT_USER_CONFIRM
14.642000,0.554499,-0.000000,0.264962,0.000000,0.000000,0.000000,-8.380134,WAIT_USER_CONFIRM
14.644000,0.554499,-0.000000,0.264962,0.000000,0.000000,0.000000,-8.380134,WAIT_USER_CONFIRM
14.646000,0.554499,-0.000000,0.264962,0.000000,0.000000,0.000000,-8.380134,WAIT_USER_CONFIRM
14.648000,0.554499,-0.000000,0.264962,0.000000,0.000000,0.000000,-8.380134,WAIT_USER_CONFIRM
14.650000,0.554499,-0.000000,0.264962,0.000000,0.000000,0.000000,-8.380134,WAIT_USER_CONFIRM
14.652000,0.554499,-0.000000,0.264962,0.000000,0.000000,0.000000,-8.380134,WAIT_USER_CONFIRM
14.654000,0.554499,-0.000000,0.264962,0.000000,0.000000,0.000000,-8.380134,WAIT_USER_CONFIRM
14.656000,0.554499,-0.000000,0.264962,0.000000,0.000000,0.000000,-8.380134,WAIT_USER_CONFIRM
14.658000,0.554499,-0.000000,0.264962,0.000000,0.000000,0.000000,-8.380134,WAIT_USER_CONFIRM
14.660000,0.554499,-0.000000,0.264962,0.000000,0.000000,0.000000,-8.380134,WAIT_USER_CONFIRM
14.662000,0.554499,-0.000000,0.264962,0.000000,0.000000,0.000000,-8.380134,WAIT_USER_CONFIRM
14.664000,0.554499,-0.000000,0.264962,0.000000,0.000000,0.000000,-8.380134,WAIT_USER_CONFIRM
14.666000,0.554499,-0.000000,0.264962,0.000000,0.000000,0.000000,-8.380134,WAIT_USER_CONFIRM
14.668000,0.554499,-0.000000,0.264962,0.000000,0.000000,0.000000,-8.380134,WAIT_USER_CONFIRM
14.670000,0.554499,-0.000000,0.264962,0.000000,0.000000,0.000000,-8.380134,WAIT_USER_CONFIRM
14.672000,0.554499,-0.000000,0.264962,0.000000,0.000000,0.000000,-8.380134,WAIT_USER_CONFIRM
14.674000,0.554499,-0.000000,0.264962,0.000000,0.000000,0.000000,-8.380134,WAIT_USER_CONFIRM
14.676000,0.554499,-0.000000,0.264962,0.000000,0.000000,0.000000,-8.380134,WAIT_USER_CONFIRM
14.678000,0.554499,-0.000000,0.264962,0.000000,0.000000,0.000000,-8.380134,WAIT_USER_CONFIRM
14.680000,0.554499,-0.000000,0.264962,0.000000,0.000000,0.000000,-8.380134,WAIT_USER_CONFIRM
14.682000,0.554499,-0.000000,0.264962,0.000000,0.000000,0.000000,-8.380134,WAIT_USER_CONFIRM
14.684000,0.554499,-0.000000,0.264962,0.000000,0.000000,0.000000,-8.380134,WAIT_USER_CONFIRM
14.686000,0.554499,-0.000000,0.264962,0.000000,0.000000,0.000000,-8.380134,WAIT_USER_CONFIRM
14.688000,0.554499,-0.000000,0.264962,0.000000,0.000000,0.000000,-8.380134,WAIT_USER_CONFIRM
14.690000,0.554499,-0.000000,0.264962,0.000000,0.000000,0.000000,-8.380134,WAIT_USER_CONFIRM
14.692000,0.554499,-0.000000,0.264962,0.000000,0.000000,0.000000,-8.380134,WAIT_USER_CONFIRM
14.694000,0.554499,-0.000000,0.264962,0.000000,0.000000,0.000000,-8.380134,WAIT_USER_CONFIRM
14.696000,0.554499,-0.000000,0.264962,0.000000,0.000000,0.000000,-8.380134,WAIT_USER_CONFIRM
14.698000,0.554499,-0.000000,0.264962,0.000000,0.000000,0.000000,-8.380134,WAIT_USER_CONFIRM
14.700000,0.554499,-0.000000,0.264962,0.000000,0.000000,0.000000,-8.380134,WAIT_USER_CONFIRM
14.702000,0.554499,-0.000000,0.264962,0.000000,0.000000,0.000000,-8.380134,WAIT_USER_CONFIRM
14.704000,0.554499,-0.000000,0.264962,0.000000,0.000000,0.000000,-8.380134,WAIT_USER_CONFIRM
14.706000,0.554499,-0.000000,0.264962,0.000000,0.000000,0.000000,-8.380134,WAIT_USER_CONFIRM
14.708000,0.554499,-0.000000,0.264962,0.000000,0.000000,0.000000,-8.380134,WAIT_USER_CONFIRM
14.710000,0.554499,-0.000000,0.264962,0.000000,0.000000,0.000000,-8.380134,WAIT_USER_CONFIRM
14.712000,0.554499,-0.000000,0.264962,0.000000,0.000000,0.000000,-8.380134,WAIT_USER_CONFIRM
14.714000,0.554499,-0.000000,0.264962,0.000000,0.000000,0.000000,-8.380134,WAIT_USER_CONFIRM
14.716000,0.554499,-0.000000,0.264962,0.000000,0.000000,0.000000,-8.380134,WAIT_USER_CONFIRM
14.718000,0.554499,-0.000000,0.264962,0.000000,0.000000,0.000000,-8.380134,WAIT_USER_CONFIRM
14.720000,0.554499,-0.000000,0.264962,0.000000,0.000000,0.000000,-8.380134,WAIT_USER_CONFIRM
14.722000,0.554499,-0.000000,0.264962,0.000000,0.000000,0.000000,-8.380134,WAIT_USER_CONFIRM
14.724000,0.554499,-0.000000,0.264962,0.000000,0.000000,0.000000,-8.380134,WAIT_USER_CONFIRM
14.726000,0.554499,-0.000000,0.264962,0.000000,0.000000,0.000000,-8.380134,WAIT_USER_CONFIRM
14.728000,0.554499,-0.000000,0.264962,0.000000,0.000000,0.000000,-8.380134,WAIT_USER_CONFIRM
14.730000,0.554499,-0.000000,0.264962,0.000000,0.000000,0.000000,-8.380134,WAIT_USER_CONFIRM
14.732000,0.554499,-0.000000,0.264962,0.000000,0.000000,0.000000,-8.380134,WAIT_USER_CONFIRM
14.734000,0.554499,-0.000000,0.264962,0.000000,0.000000,0.000000,-8.380134,WAIT_USER_CONFIRM
14.736000,0.554499,-0.000000,0.264962,0.000000,0.000000,0.000000,-8.380134,WAIT_USER_CONFIRM
14.738000,0.554499,-0.000000,0.264962,0.000000,0.000000,0.000000,-8.380134,WAIT_USER_CONFIRM
14.740000,0.554499,-0.000000,0.264962,0.000000,0.000000,0.000000,-8.380134,WAIT_USER_CONFIRM
14.742000,0.554499,-0.000000,0.264962,0.000000,0.000000,0.000000,-8.380134,WAIT_USER_CONFIRM
14.744000,0.554499,-0.000000,0.264962,0.000000,0.000000,0.000000,-8.380134,WAIT_USER_CONFIRM
14.746000,0.554499,-0.000000,0.264962,0.000000,0.000000,0.000000,-8.380134,WAIT_USER_CONFIRM
14.748000,0.554499,-0.000000,0.264962,0.000000,0.000000,0.000000,-8.380134,WAIT_USER_CONFIRM
14.750000,0.554499,-0.000000,0.264962,0.000000,0.000000,0.000000,-8.380134,WAIT_USER_CONFIRM
14.752000,0.554499,-0.000000,0.264962,0.000000,0.000000,0.000000,-8.380134,WAIT_USER_CONFIRM
14.754000,0.554499,-0.000000,0.264962,0.000000,0.000000,0.000000,-8.380134,WAIT_USER_CONFIRM
14.756000,0.554499,-0.000000,0.264962,0.000000,0.000000,0.000000,-8.380134,WAIT_USER_CONFIRM
14.758000,0.554499,-0.000000,0.264962,0.000000,0.000000,0.000000,-8.380134,WAIT_USER_CONFIRM
14.760000,0.554499,-0.000000,0.264962,0.000000,0.000000,0.000000,-8.380134,WAIT_USER_CONFIRM
14.762000,0.554499,-0.000000,0.264962,0.000000,0.000000,0.000000,-8.380134,WAIT_USER_CONFIRM
14.764000,0.554499,-0.000000,0.264962,0.000000,0.000000,0.000000,-8.380134,WAIT_USER_CONFIRM
14.766000,0.554499,-0.000000,0.264962,0.000000,0.000000,0.000000,-8.380134,WAIT_USER_CONFIRM
14.768000,0.554499,-0.000000,0.264962,0.000000,0.000000,0.000000,-8.380134,WAIT_USER_CONFIRM
14.770000,0.554499,-0.000000,0.264962,0.000000,0.000000,0.000000,-8.380134,WAIT_USER_CONFIRM
14.772000,0.554499,-0.000000,0.264962,0.000000,0.000000,0.000000,-8.380134,WAIT_USER_CONFIRM
14.774000,0.554499,-0.000000,0.264962,0.000000,0.000000,0.000000,-8.380134,WAIT_USER_CONFIRM
14.776000,0.554499,-0.000000,0.264962,0.000000,0.000000,0.000000,-8.380134,WAIT_USER_CONFIRM
14.778000,0.554499,-0.000000,0.264962,0.000000,0.000000,0.000000,-8.380134,WAIT_USER_CONFIRM
14.780000,0.554499,-0.000000,0.264962,0.000000,0.000000,0.000000,-8.380134,WAIT_USER_CONFIRM
14.782000,0.554499,-0.000000,0.264962,0.000000,0.000000,0.000000,-8.380134,WAIT_USER_CONFIRM
14.784000,0.554499,-0.000000,0.264962,0.000000,0.000000,0.000000,-8.380134,WAIT_USER_CONFIRM
14.786000,0.554499,-0.000000,0.264962,0.000000,0.000000,0.000000,-8.380134,WAIT_USER_CONFIRM
14.788000,0.554499,-0.000000,0.264962,0.000000,0.000000,0.000000,-8.380134,WAIT_USER_CONFIRM
14.790000,0.554499,-0.000000,0.264962,0.000000,0.000000,0.000000,-8.380134,WAIT_USER_CONFIRM
14.792000,0.554499,-0.000000,0.264962,0.000000,0.000000,0.000000,-8.380134,WAIT_USER_CONFIRM
14.794000,0.554499,-0.000000,0.264962,0.000000,0.000000,0.000000,-8.380134,WAIT_USER_CONFIRM
14.796000,0.554499,-0.000000,0.264962,0.000000,0.000000,0.000000,-8.380134,WAIT_USER_CONFIRM
14.798000,0.554499,-0.000000,0.264962,0.000000,0.000000,0.000000,-8.380134,WAIT_USER_CONFIRM
14.800000,0.554499,-0.000000,0.264962,0.000000,0.000000,0.000000,-8.380134,WAIT_USER_CONFIRM
14.802000,0.554499,-0.000000,0.264962,0.000000,0.000000,0.000000,-8.380134,WAIT_USER_CONFIRM
14.804000,0.554499,-0.000000,0.264962,0.000000,0.000000,0.000000,-8.380134,WAIT_USER_CONFIRM
14.806000,0.554499,-0.000000,0.264962,0.000000,0.000000,0.000000,-8.380134,WAIT_USER_CONFIRM
14.808000,0.554499,-0.000000,0.264962,0.000000,0.000000,0.000000,-8.380134,WAIT_USER_CONFIRM
14.810000,0.554499,-0.000000,0.264962,0.000000,0.000000,0.000000,-8.380134,WAIT_USER_CONFIRM
14.812000,0.554499,-0.000000,0.264962,0.000000,0.000000,0.000000,-8.380134,WAIT_USER_CONFIRM
14.814000,0.554499,-0.000000,0.264962,0.000000,0.000000,0.000000,-8.380134,WAIT_USER_CONFIRM
14.816000,0.554499,-0.000000,0.264962,0.000000,0.000000,0.000000,-8.380134,WAIT_USER_CONFIRM
14.818000,0.554499,-0.000000,0.264962,0.000000,0.000000,0.000000,-8.380134,WAIT_USER_CONFIRM
14.820000,0.554499,-0.000000,0.264962,0.000000,0.000000,0.000000,-8.380134,WAIT_USER_CONFIRM
14.822000,0.554499,-0.000000,0.264962,0.000000,0.000000,0.000000,-8.380134,WAIT_USER_CONFIRM
14.824000,0.554499,-0.000000,0.264962,0.000000,0.000000,0.000000,-8.380134,WAIT_USER_CONFIRM
14.826000,0.554499,-0.000000,0.264962,0.000000,0.000000,0.000000,-8.380134,WAIT_USER_CONFIRM
14.828000,0.554499,-0.000000,0.264962,0.000000,0.000000,0.000000,-8.380134,WAIT_USER_CONFIRM
14.830000,0.554499,-0.000000,0.264962,0.000000,0.000000,0.000000,-8.380134,WAIT_USER_CONFIRM
14.832000,0.554499,-0.000000,0.264962,0.000000,0.000000,0.000000,-8.380134,WAIT_USER_CONFIRM
14.834000,0.554499,-0.000000,0.264962,0.000000,0.000000,0.000000,-8.380134,WAIT_USER_CONFIRM
14.836000,0.554499,-0.000000,0.264962,0.000000,0.000000,0.000000,-8.380134,WAIT_USER_CONFIRM
14.838000,0.554499,-0.000000,0.264962,0.000000,0.000000,0.000000,-8.380134,WAIT_USER_CONFIRM
14.840000,0.554499,-0.000000,0.264962,0.000000,0.000000,0.000000,-8.380134,WAIT_USER_CONFIRM
14.842000,0.554499,-0.000000,0.264962,0.000000,0.000000,0.000000,-8.380134,WAIT_USER_CONFIRM
14.844000,0.554499,-0.000000,0.264962,0.000000,0.000000,0.000000,-8.380134,WAIT_USER_CONFIRM
14.846000,0.554499,-0.000000,0.264962,0.000000,0.000000,0.000000,-8.380134,WAIT_USER_CONFIRM
14.848000,0.554499,-0.000000,0.264962,0.000000,0.000000,0.000000,-8.380134,WAIT_USER_CONFIRM
14.850000,0.554499,-0.000000,0.264962,0.000000,0.000000,0.000000,-8.380134,WAIT_USER_CONFIRM
14.852000,0.554499,-0.000000,0.264962,0.000000,0.000000,0.000000,-8.380134,WAIT_USER_CONFIRM
14.854000,0.554499,-0.000000,0.264962,0.000000,0.000000,0.000000,-8.380134,WAIT_USER_CONFIRM
14.856000,0.554499,-0.000000,0.264962,0.000000,0.000000,0.000000,-8.380134,WAIT_USER_CONFIRM
14.858000,0.554499,-0.000000,0.264962,0.000000,0.000000,0.000000,-8.380134,WAIT_USER_CONFIRM
14.860000,0.554499,-0.000000,0.264962,0.000000,0.000000,0.000000,-8.380134,WAIT_USER_CONFIRM
14.862000,0.554499,-0.000000,0.264962,0.000000,0.000000,0.000000,-8.380134,WAIT_USER_CONFIRM
14.864000,0.554499,-0.000000,0.264962,0.000000,0.000000,0.000000,-8.380134,WAIT_USER_CONFIRM
14.866000,0.554499,-0.000000,0.264962,0.000000,0.000000,0.000000,-8.380134,WAIT_USER_CONFIRM
14.868000,0.554499,-0.000000,0.264962,0.000000,0.000000,0.000000,-8.380134,WAIT_USER_CONFIRM
14.870000,0.554499,-0.000000,0.264962,0.000000,0.000000,0.000000,-8.380134,WAIT_USER_CONFIRM
14.872000,0.554499,-0.000000,0.264962,0.000000,0.000000,0.000000,-8.380134,WAIT_USER_CONFIRM
14.874000,0.554499,-0.000000,0.264962,0.000000,0.000000,0.000000,-8.380134,WAIT_USER_CONFIRM
14.876000,0.554499,-0.000000,0.264962,0.000000,0.000000,0.000000,-8.380134,WAIT_USER_CONFIRM
14.878000,0.554499,-0.000000,0.264962,0.000000,0.000000,0.000000,-8.380134,WAIT_USER_CONFIRM
14.880000,0.554499,-0.000000,0.264962,0.000000,0.000000,0.000000,-8.380134,WAIT_USER_CONFIRM
14.882000,0.554499,-0.000000,0.264962,0.000000,0.000000,0.000000,-8.380134,WAIT_USER_CONFIRM
14.884000,0.554499,-0.000000,0.264962,0.000000,0.000000,0.000000,-8.380134,WAIT_USER_CONFIRM
14.886000,0.554499,-0.000000,0.264962,0.000000,0.000000,0.000000,-8.380134,WAIT_USER_CONFIRM
14.888000,0.554499,-0.000000,0.264962,0.000000,0.000000,0.000000,-8.380134,WAIT_USER_CONFIRM
14.890000,0.554499,-0.000000,0.264962,0.000000,0.000000,0.000000,-8.380134,WAIT_USER_CONFIRM
14.892000,0.554499,-0.000000,0.264962,0.000000,0.000000,0.000000,-8.380134,WAIT_USER_CONFIRM
14.894000,0.554499,-0.000000,0.264962,0.000000,0.000000,0.000000,-8.380134,WAIT_USER_CONFIRM
14.896000,0.554499,-0.000000,0.264962,0.000000,0.000000,0.000000,-8.380134,WAIT_USER_CONFIRM
14.898000,0.554499,-0.000000,0.264962,0.000000,0.000000,0.000000,-8.380134,WAIT_USER_CONFIRM
14.900000,0.554499,-0.000000,0.264962,0.000000,0.000000,0.000000,-8.380134,WAIT_USER_CONFIRM
14.902000,0.554499,-0.000000,0.264962,0.000000,0.000000,0.000000,-8.380134,WAIT_USER_CONFIRM
14.904000,0.554499,-0.000000,0.264962,0.000000,0.000000,0.000000,-8.380134,WAIT_USER_CONFIRM
14.906000,0.554499,-0.000000,0.264962,0.000000,0.000000,0.000000,-8.380134,WAIT_USER_CONFIRM
14.908000,0.554499,-0.000000,0.264962,0.000000,0.000000,0.000000,-8.380134,WAIT_USER_CONFIRM
14.910000,0.554499,-0.000000,0.264962,0.000000,0.000000,0.000000,-8.380134,WAIT_USER_CONFIRM
14.912000,0.554499,-0.000000,0.264962,0.000000,0.000000,0.000000,-8.380134,WAIT_USER_CONFIRM
14.914000,0.554499,-0.000000,0.264962,0.000000,0.000000,0.000000,-8.380134,WAIT_USER_CONFIRM
14.916000,0.554499,-0.000000,0.264962,0.000000,0.000000,0.000000,-8.380134,WAIT_USER_CONFIRM
14.918000,0.554499,-0.000000,0.264962,0.000000,0.000000,0.000000,-8.380134,WAIT_USER_CONFIRM
14.920000,0.554499,-0.000000,0.264962,0.000000,0.000000,0.000000,-8.380134,WAIT_USER_CONFIRM
14.922000,0.554499,-0.000000,0.264962,0.000000,0.000000,0.000000,-8.380134,WAIT_USER_CONFIRM
14.924000,0.554499,-0.000000,0.264962,0.000000,0.000000,0.000000,-8.380134,WAIT_USER_CONFIRM
14.926000,0.554499,-0.000000,0.264962,0.000000,0.000000,0.000000,-8.380134,WAIT_USER_CONFIRM
14.928000,0.554499,-0.000000,0.264962,0.000000,0.000000,0.000000,-8.380134,WAIT_USER_CONFIRM
14.930000,0.554499,-0.000000,0.264962,0.000000,0.000000,0.000000,-8.380134,WAIT_USER_CONFIRM
14.932000,0.554499,-0.000000,0.264962,0.000000,0.000000,0.000000,-8.380134,WAIT_USER_CONFIRM
14.934000,0.554499,-0.000000,0.264962,0.000000,0.000000,0.000000,-8.380134,WAIT_USER_CONFIRM
14.936000,0.554499,-0.000000,0.264962,0.000000,0.000000,0.000000,-8.380134,WAIT_USER_CONFIRM
14.938000,0.554499,-0.000000,0.264962,0.000000,0.000000,0.000000,-8.380134,WAIT_USER_CONFIRM
14.940000,0.554499,-0.000000,0.264962,0.000000,0.000000,0.000000,-8.380134,WAIT_USER_CONFIRM
14.942000,0.554499,-0.000000,0.264962,0.000000,0.000000,0.000000,-8.380134,WAIT_USER_CONFIRM
14.944000,0.554499,-0.000000,0.264962,0.000000,0.000000,0.000000,-8.380134,WAIT_USER_CONFIRM
14.946000,0.554499,-0.000000,0.264962,0.000000,0.000000,0.000000,-8.380134,WAIT_USER_CONFIRM
14.948000,0.554499,-0.000000,0.264962,0.000000,0.000000,0.000000,-8.380134,WAIT_USER_CONFIRM
14.950000,0.554499,-0.000000,0.264962,0.000000,0.000000,0.000000,-8.380134,WAIT_USER_CONFIRM
14.952000,0.554499,-0.000000,0.264962,0.000000,0.000000,0.000000,-8.380134,WAIT_USER_CONFIRM
14.954000,0.554499,-0.000000,0.264962,0.000000,0.000000,0.000000,-8.380134,WAIT_USER_CONFIRM
14.956000,0.554499,-0.000000,0.264962,0.000000,0.000000,0.000000,-8.380134,WAIT_USER_CONFIRM
14.958000,0.554499,-0.000000,0.264962,0.000000,0.000000,0.000000,-8.380134,WAIT_USER_CONFIRM
14.960000,0.554499,-0.000000,0.264962,0.000000,0.000000,0.000000,-8.380134,WAIT_USER_CONFIRM
14.962000,0.554499,-0.000000,0.264962,0.000000,0.000000,0.000000,-8.380134,WAIT_USER_CONFIRM
14.964000,0.554499,-0.000000,0.264962,0.000000,0.000000,0.000000,-8.380134,WAIT_USER_CONFIRM
14.966000,0.554499,-0.000000,0.264962,0.000000,0.000000,0.000000,-8.380134,WAIT_USER_CONFIRM
14.968000,0.554499,-0.000000,0.264962,0.000000,0.000000,0.000000,-8.380134,WAIT_USER_CONFIRM
14.970000,0.554499,-0.000000,0.264962,0.000000,0.000000,0.000000,-8.380134,WAIT_USER_CONFIRM
14.972000,0.554499,-0.000000,0.264962,0.000000,0.000000,0.000000,-8.380134,WAIT_USER_CONFIRM
14.974000,0.554499,-0.000000,0.264962,0.000000,0.000000,0.000000,-8.380134,WAIT_USER_CONFIRM
14.976000,0.554499,-0.000000,0.264962,0.000000,0.000000,0.000000,-8.380134,WAIT_USER_CONFIRM
14.978000,0.554499,-0.000000,0.264962,0.000000,0.000000,0.000000,-8.380134,WAIT_USER_CONFIRM
14.980000,0.554499,-0.000000,0.264962,0.000000,0.000000,0.000000,-8.380134,WAIT_USER_CONFIRM
14.982000,0.554499,-0.000000,0.264962,0.000000,0.000000,0.000000,-8.380134,WAIT_USER_CONFIRM
14.984000,0.554499,-0.000000,0.264962,0.000000,0.000000,0.000000,-8.380134,WAIT_USER_CONFIRM
14.986000,0.554499,-0.000000,0.264962,0.000000,0.000000,0.000000,-8.380134,WAIT_USER_CONFIRM
14.988000,0.554499,-0.000000,0.264962,0.000000,0.000000,0.000000,-8.380134,WAIT_USER_CONFIRM
14.990000,0.554499,-0.000000,0.264962,0.000000,0.000000,0.000000,-8.380134,WAIT_USER_CONFIRM
14.992000,0.554499,-0.000000,0.264962,0.000000,0.000000,0.000000,-8.380134,WAIT_USER_CONFIRM
14.994000,0.554499,-0.000000,0.264962,0.000000,0.000000,0.000000,-8.380134,WAIT_USER_CONFIRM
14.996000,0.554499,-0.000000,0.264962,0.000000,0.000000,0.000000,-8.380134,WAIT_USER_CONFIRM
14.998000,0.554499,-0.000000,0.264962,0.000000,0.000000,0.000000,-8.380134,WAIT_USER_CONFIRM
15.000000,0.554499,-0.000000,0.264962,0.000000,0.000000,0.000000,-8.380134,WAIT_USER_CONFIRM
15.002000,0.554499,-0.000000,0.264962,0.000000,0.000000,0.000000,-8.380134,WAIT_USER_CONFIRM
15.004000,0.554499,-0.000000,0.264962,0.000000,0.000000,0.000000,-8.380134,WAIT_USER_CONFIRM
15.006000,0.554499,-0.000000,0.264962,0.000000,0.000000,0.000000,-8.380134,WAIT_USER_CONFIRM
15.008000,0.554499,-0.000000,0.264962,0.000000,0.000000,0.000000,-8.380134,WAIT_USER_CONFIRM
15.010000,0.554499,-0.000000,0.264962,0.000000,0.000000,0.000000,-8.380134,WAIT_USER_CONFIRM
15.012000,0.554499,-0.000000,0.264962,0.000000,0.000000,0.000000,-8.380134,WAIT_USER_CONFIRM
15.014000,0.554499,-0.000000,0.264962,0.000000,0.000000,0.000000,-8.380134,WAIT_USER_CONFIRM
15.016000,0.554499,-0.000000,0.264962,0.000000,0.000000,0.000000,-8.380134,WAIT_USER_CONFIRM
15.018000,0.554499,-0.000000,0.264962,0.000000,0.000000,0.000000,-8.380134,WAIT_USER_CONFIRM
15.020000,0.554499,-0.000000,0.264962,0.000000,0.000000,0.000000,-8.380134,WAIT_USER_CONFIRM
15.022000,0.554499,-0.000000,0.264962,0.000000,0.000000,0.000000,-8.380134,WAIT_USER_CONFIRM
15.024000,0.554499,-0.000000,0.264962,0.000000,0.000000,0.000000,-8.380134,WAIT_USER_CONFIRM
15.026000,0.554499,-0.000000,0.264962,0.000000,0.000000,0.000000,-8.380134,WAIT_USER_CONFIRM
15.028000,0.554499,-0.000000,0.264962,0.000000,0.000000,0.000000,-8.380134,WAIT_USER_CONFIRM
15.030000,0.554499,-0.000000,0.264962,0.000000,0.000000,0.000000,-8.380134,WAIT_USER_CONFIRM
15.032000,0.554499,-0.000000,0.264962,0.000000,0.000000,0.000000,-8.380134,WAIT_USER_CONFIRM
15.034000,0.554499,-0.000000,0.264962,0.000000,0.000000,0.000000,-8.380134,WAIT_USER_CONFIRM
15.036000,0.554499,-0.000000,0.264962,0.000000,0.000000,0.000000,-8.380134,WAIT_USER_CONFIRM
15.038000,0.554499,-0.000000,0.264962,0.000000,0.000000,0.000000,-8.380134,WAIT_USER_CONFIRM
15.040000,0.554499,-0.000000,0.264962,0.000000,0.000000,0.000000,-8.380134,WAIT_USER_CONFIRM
15.042000,0.554499,-0.000000,0.264962,0.000000,0.000000,0.000000,-8.380134,WAIT_USER_CONFIRM
15.044000,0.554499,-0.000000,0.264962,0.000000,0.000000,0.000000,-8.380134,WAIT_USER_CONFIRM
15.046000,0.554499,-0.000000,0.264962,0.000000,0.000000,0.000000,-8.380134,WAIT_USER_CONFIRM
15.048000,0.554499,-0.000000,0.264962,0.000000,0.000000,0.000000,-8.380134,WAIT_USER_CONFIRM
15.050000,0.554499,-0.000000,0.264962,0.000000,0.000000,0.000000,-8.380134,WAIT_USER_CONFIRM
15.052000,0.554499,-0.000000,0.264962,0.000000,0.000000,0.000000,-8.380134,WAIT_USER_CONFIRM
15.054000,0.554499,-0.000000,0.264962,0.000000,0.000000,0.000000,-8.380134,WAIT_USER_CONFIRM
15.056000,0.554499,-0.000000,0.264962,0.000000,0.000000,0.000000,-8.380134,WAIT_USER_CONFIRM
15.058000,0.554499,-0.000000,0.264962,0.000000,0.000000,0.000000,-8.380134,WAIT_USER_CONFIRM
15.060000,0.554499,-0.000000,0.264962,0.000000,0.000000,0.000000,-8.380134,WAIT_USER_CONFIRM
15.062000,0.554499,-0.000000,0.264962,0.000000,0.000000,0.000000,-8.380134,WAIT_USER_CONFIRM
15.064000,0.554499,-0.000000,0.264962,0.000000,0.000000,0.000000,-8.380134,WAIT_USER_CONFIRM
15.066000,0.554499,-0.000000,0.264962,0.000000,0.000000,0.000000,-8.380134,WAIT_USER_CONFIRM
15.068000,0.554499,-0.000000,0.264962,0.000000,0.000000,0.000000,-8.380134,WAIT_USER_CONFIRM
15.070000,0.554499,-0.000000,0.264962,0.000000,0.000000,0.000000,-8.380134,WAIT_USER_CONFIRM
15.072000,0.554499,-0.000000,0.264962,0.000000,0.000000,0.000000,-8.380134,WAIT_USER_CONFIRM
15.074000,0.554499,-0.000000,0.264962,0.000000,0.000000,0.000000,-8.380134,WAIT_USER_CONFIRM
15.076000,0.554499,-0.000000,0.264962,0.000000,0.000000,0.000000,-8.380134,WAIT_USER_CONFIRM
15.078000,0.554499,-0.000000,0.264962,0.000000,0.000000,0.000000,-8.380134,WAIT_USER_CONFIRM
15.080000,0.554499,-0.000000,0.264962,0.000000,0.000000,0.000000,-8.380134,WAIT_USER_CONFIRM
15.082000,0.554499,-0.000000,0.264962,0.000000,0.000000,0.000000,-8.380134,WAIT_USER_CONFIRM
15.084000,0.554499,-0.000000,0.264962,0.000000,0.000000,0.000000,-8.380134,WAIT_USER_CONFIRM
15.086000,0.554499,-0.000000,0.264962,0.000000,0.000000,0.000000,-8.380134,WAIT_USER_CONFIRM
15.088000,0.554499,-0.000000,0.264962,0.000000,0.000000,0.000000,-8.380134,WAIT_USER_CONFIRM
15.090000,0.554499,-0.000000,0.264962,0.000000,0.000000,0.000000,-8.380134,WAIT_USER_CONFIRM
15.092000,0.554499,-0.000000,0.264962,0.000000,0.000000,0.000000,-8.380134,WAIT_USER_CONFIRM
15.094000,0.554499,-0.000000,0.264962,0.000000,0.000000,0.000000,-8.380134,WAIT_USER_CONFIRM
15.096000,0.554499,-0.000000,0.264962,0.000000,0.000000,0.000000,-8.380134,WAIT_USER_CONFIRM
15.098000,0.554499,-0.000000,0.264962,0.000000,0.000000,0.000000,-8.380134,WAIT_USER_CONFIRM
15.100000,0.554499,-0.000000,0.264962,0.000000,0.000000,0.000000,-8.380134,WAIT_USER_CONFIRM
15.102000,0.554499,-0.000000,0.264962,0.000000,0.000000,0.000000,-8.380134,WAIT_USER_CONFIRM
15.104000,0.554499,-0.000000,0.264962,0.000000,0.000000,0.000000,-8.380134,WAIT_USER_CONFIRM
15.106000,0.554499,-0.000000,0.264962,0.000000,0.000000,0.000000,-8.380134,WAIT_USER_CONFIRM
15.108000,0.554499,-0.000000,0.264962,0.000000,0.000000,0.000000,-8.380134,WAIT_USER_CONFIRM
15.110000,0.554499,-0.000000,0.264962,0.000000,0.000000,0.000000,-8.380134,WAIT_USER_CONFIRM
15.112000,0.554499,-0.000000,0.264962,0.000000,0.000000,0.000000,-8.380134,WAIT_USER_CONFIRM
15.114000,0.554499,-0.000000,0.264962,0.000000,0.000000,0.000000,-8.380134,WAIT_USER_CONFIRM
15.116000,0.554499,-0.000000,0.264962,0.000000,0.000000,0.000000,-8.380134,WAIT_USER_CONFIRM
15.118000,0.554499,-0.000000,0.264962,0.000000,0.000000,0.000000,-8.380134,WAIT_USER_CONFIRM
15.120000,0.554499,-0.000000,0.264962,0.000000,0.000000,0.000000,-8.380134,WAIT_USER_CONFIRM
15.122000,0.554499,-0.000000,0.264962,0.000000,0.000000,0.000000,-8.380134,WAIT_USER_CONFIRM
15.124000,0.554499,-0.000000,0.264962,0.000000,0.000000,0.000000,-8.380134,WAIT_USER_CONFIRM
15.126000,0.554499,-0.000000,0.264962,0.000000,0.000000,0.000000,-8.380134,WAIT_USER_CONFIRM
15.128000,0.554499,-0.000000,0.264962,0.000000,0.000000,0.000000,-8.380134,WAIT_USER_CONFIRM
15.130000,0.554499,-0.000000,0.264962,0.000000,0.000000,0.000000,-8.380134,WAIT_USER_CONFIRM
15.132000,0.554499,-0.000000,0.264962,0.000000,0.000000,0.000000,-8.380134,WAIT_USER_CONFIRM
15.134000,0.554499,-0.000000,0.264962,0.000000,0.000000,0.000000,-8.380134,WAIT_USER_CONFIRM
15.136000,0.554499,-0.000000,0.264962,0.000000,0.000000,0.000000,-8.380134,WAIT_USER_CONFIRM
15.138000,0.554499,-0.000000,0.264962,0.000000,0.000000,0.000000,-8.380134,WAIT_USER_CONFIRM
15.140000,0.554499,-0.000000,0.264962,0.000000,0.000000,0.000000,-8.380134,WAIT_USER_CONFIRM
15.142000,0.554499,-0.000000,0.264962,0.000000,0.000000,0.000000,-8.380134,WAIT_USER_CONFIRM
15.144000,0.554499,-0.000000,0.264962,0.000000,0.000000,0.000000,-8.380134,WAIT_USER_CONFIRM
15.146000,0.554499,-0.000000,0.264962,0.000000,0.000000,0.000000,-8.380134,WAIT_USER_CONFIRM
15.148000,0.554499,-0.000000,0.264962,0.000000,0.000000,0.000000,-8.380134,WAIT_USER_CONFIRM
15.150000,0.554499,-0.000000,0.264962,0.000000,0.000000,0.000000,-8.380134,WAIT_USER_CONFIRM
15.152000,0.554499,-0.000000,0.264962,0.000000,0.000000,0.000000,-8.380134,WAIT_USER_CONFIRM
15.154000,0.554499,-0.000000,0.264962,0.000000,0.000000,0.000000,-8.380134,WAIT_USER_CONFIRM
15.156000,0.554499,-0.000000,0.264962,0.000000,0.000000,0.000000,-8.380134,WAIT_USER_CONFIRM
15.158000,0.554499,-0.000000,0.264962,0.000000,0.000000,0.000000,-8.380134,WAIT_USER_CONFIRM
15.160000,0.554499,-0.000000,0.264962,0.000000,0.000000,0.000000,-8.380134,WAIT_USER_CONFIRM
15.162000,0.554499,-0.000000,0.264962,0.000000,0.000000,0.000000,-8.380134,WAIT_USER_CONFIRM
15.164000,0.554499,-0.000000,0.264962,0.000000,0.000000,0.000000,-8.380134,WAIT_USER_CONFIRM
15.166000,0.554499,-0.000000,0.264962,0.000000,0.000000,0.000000,-8.380134,WAIT_USER_CONFIRM
15.168000,0.554499,-0.000000,0.264962,0.000000,0.000000,0.000000,-8.380134,WAIT_USER_CONFIRM
15.170000,0.554499,-0.000000,0.264962,0.000000,0.000000,0.000000,-8.380134,WAIT_USER_CONFIRM
15.172000,0.554499,-0.000000,0.264962,0.000000,0.000000,0.000000,-8.380134,WAIT_USER_CONFIRM
15.174000,0.554499,-0.000000,0.264962,0.000000,0.000000,0.000000,-8.380134,WAIT_USER_CONFIRM
15.176000,0.554499,-0.000000,0.264962,0.000000,0.000000,0.000000,-8.380134,WAIT_USER_CONFIRM
15.178000,0.554499,-0.000000,0.264962,0.000000,0.000000,0.000000,-8.380134,WAIT_USER_CONFIRM
15.180000,0.554499,-0.000000,0.264962,0.000000,0.000000,0.000000,-8.380134,WAIT_USER_CONFIRM
15.182000,0.554499,-0.000000,0.264962,0.000000,0.000000,0.000000,-8.380134,WAIT_USER_CONFIRM
15.184000,0.554499,-0.000000,0.264962,0.000000,0.000000,0.000000,-8.380134,WAIT_USER_CONFIRM
15.186000,0.554499,-0.000000,0.264962,0.000000,0.000000,0.000000,-8.380134,WAIT_USER_CONFIRM
15.188000,0.554499,-0.000000,0.264962,0.000000,0.000000,0.000000,-8.380134,WAIT_USER_CONFIRM
15.190000,0.554499,-0.000000,0.264962,0.000000,0.000000,0.000000,-8.380134,WAIT_USER_CONFIRM
15.192000,0.554499,-0.000000,0.264962,0.000000,0.000000,0.000000,-8.380134,WAIT_USER_CONFIRM
15.194000,0.554499,-0.000000,0.264962,0.000000,0.000000,0.000000,-8.380134,WAIT_USER_CONFIRM
15.196000,0.554499,-0.000000,0.264962,0.000000,0.000000,0.000000,-8.380134,WAIT_USER_CONFIRM
15.198000,0.554499,-0.000000,0.264962,0.000000,0.000000,0.000000,-8.380134,WAIT_USER_CONFIRM
15.200000,0.554499,-0.000000,0.264962,0.000000,0.000000,0.000000,-8.380134,WAIT_USER_CONFIRM
15.202000,0.554499,-0.000000,0.264962,0.000000,0.000000,0.000000,-8.380134,WAIT_USER_CONFIRM
15.204000,0.554499,-0.000000,0.264962,0.000000,0.000000,0.000000,-8.380134,WAIT_USER_CONFIRM
15.206000,0.554499,-0.000000,0.264962,0.000000,0.000000,0.000000,-8.380134,WAIT_USER_CONFIRM
15.208000,0.554499,-0.000000,0.264962,0.000000,0.000000,0.000000,-8.380134,WAIT_USER_CONFIRM
15.210000,0.554499,-0.000000,0.264962,0.000000,0.000000,0.000000,-8.380134,WAIT_USER_CONFIRM
15.212000,0.554499,-0.000000,0.264962,0.000000,0.000000,0.000000,-8.380134,WAIT_USER_CONFIRM
15.214000,0.554499,-0.000000,0.264962,0.000000,0.000000,0.000000,-8.380134,WAIT_USER_CONFIRM
15.216000,0.554499,-0.000000,0.264962,0.000000,0.000000,0.000000,-8.380134,WAIT_USER_CONFIRM
15.218000,0.554499,-0.000000,0.264962,0.000000,0.000000,0.000000,-8.380134,WAIT_USER_CONFIRM
15.220000,0.554499,-0.000000,0.264962,0.000000,0.000000,0.000000,-8.380134,WAIT_USER_CONFIRM
15.222000,0.554499,-0.000000,0.264962,0.000000,0.000000,0.000000,-8.380134,WAIT_USER_CONFIRM
15.224000,0.554499,-0.000000,0.264962,0.000000,0.000000,0.000000,-8.380134,WAIT_USER_CONFIRM
15.226000,0.554499,-0.000000,0.264962,0.000000,0.000000,0.000000,-8.380134,WAIT_USER_CONFIRM
15.228000,0.554499,-0.000000,0.264962,0.000000,0.000000,0.000000,-8.380134,WAIT_USER_CONFIRM
15.230000,0.554499,-0.000000,0.264962,0.000000,0.000000,0.000000,-8.380134,WAIT_USER_CONFIRM
15.232000,0.554499,-0.000000,0.264962,0.000000,0.000000,0.000000,-8.380134,WAIT_USER_CONFIRM
15.234000,0.554499,-0.000000,0.264962,0.000000,0.000000,0.000000,-8.380134,WAIT_USER_CONFIRM
15.236000,0.554499,-0.000000,0.264962,0.000000,0.000000,0.000000,-8.380134,WAIT_USER_CONFIRM
15.238000,0.554499,-0.000000,0.264962,0.000000,0.000000,0.000000,-8.380134,WAIT_USER_CONFIRM
15.240000,0.554499,-0.000000,0.264962,0.000000,0.000000,0.000000,-8.380134,WAIT_USER_CONFIRM
15.242000,0.554499,-0.000000,0.264962,0.000000,0.000000,0.000000,-8.380134,WAIT_USER_CONFIRM
15.244000,0.554499,-0.000000,0.264962,0.000000,0.000000,0.000000,-8.380134,WAIT_USER_CONFIRM
15.246000,0.554499,-0.000000,0.264962,0.000000,0.000000,0.000000,-8.380134,WAIT_USER_CONFIRM
15.248000,0.554499,-0.000000,0.264962,0.000000,0.000000,0.000000,-8.380134,WAIT_USER_CONFIRM
15.250000,0.554499,-0.000000,0.264962,0.000000,0.000000,0.000000,-8.380134,WAIT_USER_CONFIRM
15.252000,0.554499,-0.000000,0.264962,0.000000,0.000000,0.000000,-8.380134,WAIT_USER_CONFIRM
15.254000,0.554499,-0.000000,0.264962,0.000000,0.000000,0.000000,-8.380134,WAIT_USER_CONFIRM
15.256000,0.554499,-0.000000,0.264962,0.000000,0.000000,0.000000,-8.380134,WAIT_USER_CONFIRM
15.258000,0.554499,-0.000000,0.264962,0.000000,0.000000,0.000000,-8.380134,WAIT_USER_CONFIRM
15.260000,0.554499,-0.000000,0.264962,0.000000,0.000000,0.000000,-8.380134,WAIT_USER_CONFIRM
15.262000,0.554499,-0.000000,0.264962,0.000000,0.000000,0.000000,-8.380134,WAIT_USER_CONFIRM
15.264000,0.554499,-0.000000,0.264962,0.000000,0.000000,0.000000,-8.380134,WAIT_USER_CONFIRM
15.266000,0.554499,-0.000000,0.264962,0.000000,0.000000,0.000000,-8.380134,WAIT_USER_CONFIRM
15.268000,0.554499,-0.000000,0.264962,0.000000,0.000000,0.000000,-8.380134,WAIT_USER_CONFIRM
15.270000,0.554499,-0.000000,0.264962,0.000000,0.000000,0.000000,-8.380134,WAIT_USER_CONFIRM
15.272000,0.554499,-0.000000,0.264962,0.000000,0.000000,0.000000,-8.380134,WAIT_USER_CONFIRM
15.274000,0.554499,-0.000000,0.264962,0.000000,0.000000,0.000000,-8.380134,WAIT_USER_CONFIRM
15.276000,0.554499,-0.000000,0.264962,0.000000,0.000000,0.000000,-8.380134,WAIT_USER_CONFIRM
15.278000,0.554499,-0.000000,0.264962,0.000000,0.000000,0.000000,-8.380134,WAIT_USER_CONFIRM
15.280000,0.554499,-0.000000,0.264962,0.000000,0.000000,0.000000,-8.380134,WAIT_USER_CONFIRM
15.282000,0.554499,-0.000000,0.264962,0.000000,0.000000,0.000000,-8.380134,WAIT_USER_CONFIRM
15.284000,0.554499,-0.000000,0.264962,0.000000,0.000000,0.000000,-8.380134,WAIT_USER_CONFIRM
15.286000,0.554499,-0.000000,0.264962,0.000000,0.000000,0.000000,-8.380134,WAIT_USER_CONFIRM
15.288000,0.554499,-0.000000,0.264962,0.000000,0.000000,0.000000,-8.380134,WAIT_USER_CONFIRM
15.290000,0.554499,-0.000000,0.264962,0.000000,0.000000,0.000000,-8.380134,WAIT_USER_CONFIRM
15.292000,0.554499,-0.000000,0.264962,0.000000,0.000000,0.000000,-8.380134,WAIT_USER_CONFIRM
15.294000,0.554499,-0.000000,0.264962,0.000000,0.000000,0.000000,-8.380134,WAIT_USER_CONFIRM
15.296000,0.554499,-0.000000,0.264962,0.000000,0.000000,0.000000,-8.380134,WAIT_USER_CONFIRM
15.298000,0.554499,-0.000000,0.264962,0.000000,0.000000,0.000000,-8.380134,WAIT_USER_CONFIRM
15.300000,0.554499,-0.000000,0.264962,0.000000,0.000000,0.000000,-8.380134,WAIT_USER_CONFIRM
15.302000,0.554499,-0.000000,0.264962,0.000000,0.000000,0.000000,-8.380134,WAIT_USER_CONFIRM
15.304000,0.554499,-0.000000,0.264962,0.000000,0.000000,0.000000,-8.380134,WAIT_USER_CONFIRM
15.306000,0.554499,-0.000000,0.264962,0.000000,0.000000,0.000000,-8.380134,WAIT_USER_CONFIRM
15.308000,0.554499,-0.000000,0.264962,0.000000,0.000000,0.000000,-8.380134,WAIT_USER_CONFIRM
15.310000,0.554499,-0.000000,0.264962,0.000000,0.000000,0.000000,-8.380134,WAIT_USER_CONFIRM
15.312000,0.554499,-0.000000,0.264962,0.000000,0.000000,0.000000,-8.380134,WAIT_USER_CONFIRM
15.314000,0.554499,-0.000000,0.264962,0.000000,0.000000,0.000000,-8.380134,WAIT_USER_CONFIRM
15.316000,0.554499,-0.000000,0.264962,0.000000,0.000000,0.000000,-8.380134,WAIT_USER_CONFIRM
15.318000,0.554499,-0.000000,0.264962,0.000000,0.000000,0.000000,-8.380134,WAIT_USER_CONFIRM
15.320000,0.554499,-0.000000,0.264962,0.000000,0.000000,0.000000,-8.380134,WAIT_USER_CONFIRM
15.322000,0.554499,-0.000000,0.264962,0.000000,0.000000,0.000000,-8.380134,WAIT_USER_CONFIRM
15.324000,0.554499,-0.000000,0.264962,0.000000,0.000000,0.000000,-8.380134,WAIT_USER_CONFIRM
15.326000,0.554499,-0.000000,0.264962,0.000000,0.000000,0.000000,-8.380134,WAIT_USER_CONFIRM
15.328000,0.554499,-0.000000,0.264962,0.000000,0.000000,0.000000,-8.380134,WAIT_USER_CONFIRM
15.330000,0.554499,-0.000000,0.264962,0.000000,0.000000,0.000000,-8.380134,WAIT_USER_CONFIRM
15.332000,0.554499,-0.000000,0.264962,0.000000,0.000000,0.000000,-8.380134,WAIT_USER_CONFIRM
15.334000,0.554499,-0.000000,0.264962,0.000000,0.000000,0.000000,-8.380134,WAIT_USER_CONFIRM
15.336000,0.554499,-0.000000,0.264962,0.000000,0.000000,0.000000,-8.380134,WAIT_USER_CONFIRM
15.338000,0.554499,-0.000000,0.264962,0.000000,0.000000,0.000000,-8.380134,WAIT_USER_CONFIRM
15.340000,0.554499,-0.000000,0.264962,0.000000,0.000000,0.000000,-8.380134,WAIT_USER_CONFIRM
15.342000,0.554499,-0.000000,0.264962,0.000000,0.000000,0.000000,-8.380134,WAIT_USER_CONFIRM
15.344000,0.554499,-0.000000,0.264962,0.000000,0.000000,0.000000,-8.380134,WAIT_USER_CONFIRM
15.346000,0.554499,-0.000000,0.264962,0.000000,0.000000,0.000000,-8.380134,WAIT_USER_CONFIRM
15.348000,0.554499,-0.000000,0.264962,0.000000,0.000000,0.000000,-8.380134,WAIT_USER_CONFIRM
15.350000,0.554499,-0.000000,0.264962,0.000000,0.000000,0.000000,-8.380134,WAIT_USER_CONFIRM
15.352000,0.554499,-0.000000,0.264962,0.000000,0.000000,0.000000,-8.380134,WAIT_USER_CONFIRM
15.354000,0.554499,-0.000000,0.264962,0.000000,0.000000,0.000000,-8.380134,WAIT_USER_CONFIRM
15.356000,0.554499,-0.000000,0.264962,0.000000,0.000000,0.000000,-8.380134,WAIT_USER_CONFIRM
15.358000,0.554499,-0.000000,0.264962,0.000000,0.000000,0.000000,-8.380134,WAIT_USER_CONFIRM
15.360000,0.554499,-0.000000,0.264962,0.000000,0.000000,0.000000,-8.380134,WAIT_USER_CONFIRM
15.362000,0.554499,-0.000000,0.264962,0.000000,0.000000,0.000000,-8.380134,WAIT_USER_CONFIRM
15.364000,0.554499,-0.000000,0.264962,0.000000,0.000000,0.000000,-8.380134,WAIT_USER_CONFIRM
15.366000,0.554499,-0.000000,0.264962,0.000000,0.000000,0.000000,-8.380134,WAIT_USER_CONFIRM
15.368000,0.554499,-0.000000,0.264962,0.000000,0.000000,0.000000,-8.380134,WAIT_USER_CONFIRM
15.370000,0.554499,-0.000000,0.264962,0.000000,0.000000,0.000000,-8.380134,WAIT_USER_CONFIRM
15.372000,0.554499,-0.000000,0.264962,0.000000,0.000000,0.000000,-8.380134,WAIT_USER_CONFIRM
15.374000,0.554499,-0.000000,0.264962,0.000000,0.000000,0.000000,-8.380134,WAIT_USER_CONFIRM
15.376000,0.554499,-0.000000,0.264962,0.000000,0.000000,0.000000,-8.380134,WAIT_USER_CONFIRM
15.378000,0.554499,-0.000000,0.264962,0.000000,0.000000,0.000000,-8.380134,WAIT_USER_CONFIRM
15.380000,0.554499,-0.000000,0.264962,0.000000,0.000000,0.000000,-8.380134,WAIT_USER_CONFIRM
15.382000,0.554499,-0.000000,0.264962,0.000000,0.000000,0.000000,-8.380134,WAIT_USER_CONFIRM
15.384000,0.554499,-0.000000,0.264962,0.000000,0.000000,0.000000,-8.380134,WAIT_USER_CONFIRM
15.386000,0.554499,-0.000000,0.264962,0.000000,0.000000,0.000000,-8.380134,WAIT_USER_CONFIRM
15.388000,0.554499,-0.000000,0.264962,0.000000,0.000000,0.000000,-8.380134,WAIT_USER_CONFIRM
15.390000,0.554499,-0.000000,0.264962,0.000000,0.000000,0.000000,-8.380134,WAIT_USER_CONFIRM
15.392000,0.554499,-0.000000,0.264962,0.000000,0.000000,0.000000,-8.380134,WAIT_USER_CONFIRM
15.394000,0.554499,-0.000000,0.264962,0.000000,0.000000,0.000000,-8.380134,WAIT_USER_CONFIRM
15.396000,0.554499,-0.000000,0.264962,0.000000,0.000000,0.000000,-8.380134,WAIT_USER_CONFIRM
15.398000,0.554499,-0.000000,0.264962,0.000000,0.000000,0.000000,-8.380134,WAIT_USER_CONFIRM
15.400000,0.554499,-0.000000,0.264962,0.000000,0.000000,0.000000,-8.380134,WAIT_USER_CONFIRM
15.402000,0.554499,-0.000000,0.264962,0.000000,0.000000,0.000000,-8.380134,WAIT_USER_CONFIRM
15.404000,0.554499,-0.000000,0.264962,0.000000,0.000000,0.000000,-8.380134,WAIT_USER_CONFIRM
15.406000,0.554499,-0.000000,0.264962,0.000000,0.000000,0.000000,-8.380134,WAIT_USER_CONFIRM
15.408000,0.554499,-0.000000,0.264962,0.000000,0.000000,0.000000,-8.380134,WAIT_USER_CONFIRM
15.410000,0.554499,-0.000000,0.264962,0.000000,0.000000,0.000000,-8.380134,WAIT_USER_CONFIRM
15.412000,0.554499,-0.000000,0.264962,0.000000,0.000000,0.000000,-8.380134,WAIT_USER_CONFIRM
15.414000,0.554499,-0.000000,0.264962,0.000000,0.000000,0.000000,-8.380134,WAIT_USER_CONFIRM
15.416000,0.554499,-0.000000,0.264962,0.000000,0.000000,0.000000,-8.380134,WAIT_USER_CONFIRM
15.418000,0.554499,-0.000000,0.264962,0.000000,0.000000,0.000000,-8.380134,WAIT_USER_CONFIRM
15.420000,0.554499,-0.000000,0.264962,0.000000,0.000000,0.000000,-8.380134,WAIT_USER_CONFIRM
15.422000,0.554499,-0.000000,0.264962,0.000000,0.000000,0.000000,-8.380134,WAIT_USER_CONFIRM
15.424000,0.554499,-0.000000,0.264962,0.000000,0.000000,0.000000,-8.380134,WAIT_USER_CONFIRM
15.426000,0.554499,-0.000000,0.264962,0.000000,0.000000,0.000000,-8.380134,WAIT_USER_CONFIRM
15.428000,0.554499,-0.000000,0.264962,0.000000,0.000000,0.000000,-8.380134,WAIT_USER_CONFIRM
15.430000,0.554499,-0.000000,0.264962,0.000000,0.000000,0.000000,-8.380134,WAIT_USER_CONFIRM
15.432000,0.554499,-0.000000,0.264962,0.000000,0.000000,0.000000,-8.380134,WAIT_USER_CONFIRM
15.434000,0.554499,-0.000000,0.264962,0.000000,0.000000,0.000000,-8.380134,WAIT_USER_CONFIRM
15.436000,0.554499,-0.000000,0.264962,0.000000,0.000000,0.000000,-8.380134,WAIT_USER_CONFIRM
15.438000,0.554499,-0.000000,0.264962,0.000000,0.000000,0.000000,-8.380134,WAIT_USER_CONFIRM
15.440000,0.554499,-0.000000,0.264962,0.000000,0.000000,0.000000,-8.380134,WAIT_USER_CONFIRM
15.442000,0.554499,-0.000000,0.264962,0.000000,0.000000,0.000000,-8.380134,WAIT_USER_CONFIRM
15.444000,0.554499,-0.000000,0.264962,0.000000,0.000000,0.000000,-8.380134,WAIT_USER_CONFIRM
15.446000,0.554499,-0.000000,0.264962,0.000000,0.000000,0.000000,-8.380134,WAIT_USER_CONFIRM
15.448000,0.554499,-0.000000,0.264962,0.000000,0.000000,0.000000,-8.380134,WAIT_USER_CONFIRM
15.450000,0.554499,-0.000000,0.264962,0.000000,0.000000,0.000000,-8.380134,WAIT_USER_CONFIRM
15.452000,0.554499,-0.000000,0.264962,0.000000,0.000000,0.000000,-8.380134,WAIT_USER_CONFIRM
15.454000,0.554499,-0.000000,0.264962,0.000000,0.000000,0.000000,-8.380134,WAIT_USER_CONFIRM
15.456000,0.554499,-0.000000,0.264962,0.000000,0.000000,0.000000,-8.380134,WAIT_USER_CONFIRM
15.458000,0.554499,-0.000000,0.264962,0.000000,0.000000,0.000000,-8.380134,WAIT_USER_CONFIRM
15.460000,0.554499,-0.000000,0.264962,0.000000,0.000000,0.000000,-8.380134,WAIT_USER_CONFIRM
15.462000,0.554499,-0.000000,0.264962,0.000000,0.000000,0.000000,-8.380134,WAIT_USER_CONFIRM
15.464000,0.554499,-0.000000,0.264962,0.000000,0.000000,0.000000,-8.380134,WAIT_USER_CONFIRM
15.466000,0.554499,-0.000000,0.264962,0.000000,0.000000,0.000000,-8.380134,WAIT_USER_CONFIRM
15.468000,0.554499,-0.000000,0.264962,0.000000,0.000000,0.000000,-8.380134,WAIT_USER_CONFIRM
15.470000,0.554499,-0.000000,0.264962,0.000000,0.000000,0.000000,-8.380134,WAIT_USER_CONFIRM
15.472000,0.554499,-0.000000,0.264962,0.000000,0.000000,0.000000,-8.380134,WAIT_USER_CONFIRM
15.474000,0.554499,-0.000000,0.264962,0.000000,0.000000,0.000000,-8.380134,WAIT_USER_CONFIRM
15.476000,0.554499,-0.000000,0.264962,0.000000,0.000000,0.000000,-8.380134,WAIT_USER_CONFIRM
15.478000,0.554499,-0.000000,0.264962,0.000000,0.000000,0.000000,-8.380134,WAIT_USER_CONFIRM
15.480000,0.554499,-0.000000,0.264962,0.000000,0.000000,0.000000,-8.380134,WAIT_USER_CONFIRM
15.482000,0.554499,-0.000000,0.264962,0.000000,0.000000,0.000000,-8.380134,WAIT_USER_CONFIRM
15.484000,0.554499,-0.000000,0.264962,0.000000,0.000000,0.000000,-8.380134,WAIT_USER_CONFIRM
15.486000,0.554499,-0.000000,0.264962,0.000000,0.000000,0.000000,-8.380134,WAIT_USER_CONFIRM
15.488000,0.554499,-0.000000,0.264962,0.000000,0.000000,0.000000,-8.380134,WAIT_USER_CONFIRM
15.490000,0.554499,-0.000000,0.264962,0.000000,0.000000,0.000000,-8.380134,WAIT_USER_CONFIRM
15.492000,0.554499,-0.000000,0.264962,0.000000,0.000000,0.000000,-8.380134,WAIT_USER_CONFIRM
15.494000,0.554499,-0.000000,0.264962,0.000000,0.000000,0.000000,-8.380134,WAIT_USER_CONFIRM
15.496000,0.554499,-0.000000,0.264962,0.000000,0.000000,0.000000,-8.380134,WAIT_USER_CONFIRM
15.498000,0.554499,-0.000000,0.264962,0.000000,0.000000,0.000000,-8.380134,WAIT_USER_CONFIRM
15.500000,0.554499,-0.000000,0.264962,0.000000,0.000000,0.000000,-8.380134,WAIT_USER_CONFIRM
15.502000,0.554499,-0.000000,0.264962,0.000000,0.000000,0.000000,-8.380134,WAIT_USER_CONFIRM
15.504000,0.554499,-0.000000,0.264962,0.000000,0.000000,0.000000,-8.380134,WAIT_USER_CONFIRM
15.506000,0.554499,-0.000000,0.264962,0.000000,0.000000,0.000000,-8.380134,WAIT_USER_CONFIRM
15.508000,0.554499,-0.000000,0.264962,0.000000,0.000000,0.000000,-8.380134,WAIT_USER_CONFIRM
15.510000,0.554499,-0.000000,0.264962,0.000000,0.000000,0.000000,-8.380134,WAIT_USER_CONFIRM
15.512000,0.554499,-0.000000,0.264962,0.000000,0.000000,0.000000,-8.380134,WAIT_USER_CONFIRM
15.514000,0.554499,-0.000000,0.264962,0.000000,0.000000,0.000000,-8.380134,WAIT_USER_CONFIRM
15.516000,0.554499,-0.000000,0.264962,0.000000,0.000000,0.000000,-8.380134,WAIT_USER_CONFIRM
15.518000,0.554499,-0.000000,0.264962,0.000000,0.000000,0.000000,-8.380134,WAIT_USER_CONFIRM
15.520000,0.554499,-0.000000,0.264962,0.000000,0.000000,0.000000,-8.380134,WAIT_USER_CONFIRM
15.522000,0.554499,-0.000000,0.264962,0.000000,0.000000,0.000000,-8.380134,WAIT_USER_CONFIRM
15.524000,0.554499,-0.000000,0.264962,0.000000,0.000000,0.000000,-8.380134,WAIT_USER_CONFIRM
15.526000,0.554499,-0.000000,0.264962,0.000000,0.000000,0.000000,-8.380134,WAIT_USER_CONFIRM
15.528000,0.554499,-0.000000,0.264962,0.000000,0.000000,0.000000,-8.380134,WAIT_USER_CONFIRM
15.530000,0.554499,-0.000000,0.264962,0.000000,0.000000,0.000000,-8.380134,WAIT_USER_CONFIRM
15.532000,0.554499,-0.000000,0.264962,0.000000,0.000000,0.000000,-8.380134,WAIT_USER_CONFIRM
15.534000,0.554499,-0.000000,0.264962,0.000000,0.000000,0.000000,-8.380134,WAIT_USER_CONFIRM
15.536000,0.554499,-0.000000,0.264962,0.000000,0.000000,0.000000,-8.380134,WAIT_USER_CONFIRM
15.538000,0.554499,-0.000000,0.264962,0.000000,0.000000,0.000000,-8.380134,WAIT_USER_CONFIRM
15.540000,0.554499,-0.000000,0.264962,0.000000,0.000000,0.000000,-8.380134,WAIT_USER_CONFIRM
15.542000,0.554499,-0.000000,0.264962,0.000000,0.000000,0.000000,-8.380134,WAIT_USER_CONFIRM
15.544000,0.554499,-0.000000,0.264962,0.000000,0.000000,0.000000,-8.380134,WAIT_USER_CONFIRM
15.546000,0.554499,-0.000000,0.264962,0.000000,0.000000,0.000000,-8.380134,WAIT_USER_CONFIRM
15.548000,0.554499,-0.000000,0.264962,0.000000,0.000000,0.000000,-8.380134,WAIT_USER_CONFIRM
15.550000,0.554499,-0.000000,0.264962,0.000000,0.000000,0.000000,-8.380134,WAIT_USER_CONFIRM
15.552000,0.554499,-0.000000,0.264962,0.000000,0.000000,0.000000,-8.380134,WAIT_USER_CONFIRM
15.554000,0.554499,-0.000000,0.264962,0.000000,0.000000,0.000000,-8.380134,WAIT_USER_CONFIRM
15.556000,0.554499,-0.000000,0.264962,0.000000,0.000000,0.000000,-8.380134,WAIT_USER_CONFIRM
15.558000,0.554499,-0.000000,0.264962,0.000000,0.000000,0.000000,-8.380134,WAIT_USER_CONFIRM
15.560000,0.554499,-0.000000,0.264962,0.000000,0.000000,0.000000,-8.380134,WAIT_USER_CONFIRM
15.562000,0.554499,-0.000000,0.264962,0.000000,0.000000,0.000000,-8.380134,WAIT_USER_CONFIRM
15.564000,0.554499,-0.000000,0.264962,0.000000,0.000000,0.000000,-8.380134,WAIT_USER_CONFIRM
15.566000,0.554499,-0.000000,0.264962,0.000000,0.000000,0.000000,-8.380134,WAIT_USER_CONFIRM
15.568000,0.554499,-0.000000,0.264962,0.000000,0.000000,0.000000,-8.380134,WAIT_USER_CONFIRM
15.570000,0.554499,-0.000000,0.264962,0.000000,0.000000,0.000000,-8.380134,WAIT_USER_CONFIRM
15.572000,0.554499,-0.000000,0.264962,0.000000,0.000000,0.000000,-8.380134,WAIT_USER_CONFIRM
15.574000,0.554499,-0.000000,0.264962,0.000000,0.000000,0.000000,-8.380134,WAIT_USER_CONFIRM
15.576000,0.554499,-0.000000,0.264962,0.000000,0.000000,0.000000,-8.380134,WAIT_USER_CONFIRM
15.578000,0.554499,-0.000000,0.264962,0.000000,0.000000,0.000000,-8.380134,WAIT_USER_CONFIRM
15.580000,0.554499,-0.000000,0.264962,0.000000,0.000000,0.000000,-8.380134,WAIT_USER_CONFIRM
15.582000,0.554499,-0.000000,0.264962,0.000000,0.000000,0.000000,-8.380134,WAIT_USER_CONFIRM
15.584000,0.554499,-0.000000,0.264962,0.000000,0.000000,0.000000,-8.380134,WAIT_USER_CONFIRM
15.586000,0.554499,-0.000000,0.264962,0.000000,0.000000,0.000000,-8.380134,WAIT_USER_CONFIRM
15.588000,0.554499,-0.000000,0.264962,0.000000,0.000000,0.000000,-8.380134,WAIT_USER_CONFIRM
15.590000,0.554499,-0.000000,0.264962,0.000000,0.000000,0.000000,-8.380134,WAIT_USER_CONFIRM
15.592000,0.554499,-0.000000,0.264962,0.000000,0.000000,0.000000,-8.380134,WAIT_USER_CONFIRM
15.594000,0.554499,-0.000000,0.264962,0.000000,0.000000,0.000000,-8.380134,WAIT_USER_CONFIRM
15.596000,0.554499,-0.000000,0.264962,0.000000,0.000000,0.000000,-8.380134,WAIT_USER_CONFIRM
15.598000,0.554499,-0.000000,0.264962,0.000000,0.000000,0.000000,-8.380134,WAIT_USER_CONFIRM
15.600000,0.554499,-0.000000,0.264962,0.000000,0.000000,0.000000,-8.380134,WAIT_USER_CONFIRM
15.602000,0.554499,-0.000000,0.264962,0.000000,0.000000,0.000000,-8.380134,WAIT_USER_CONFIRM
15.604000,0.554499,-0.000000,0.264962,0.000000,0.000000,0.000000,-8.380134,WAIT_USER_CONFIRM
15.606000,0.554499,-0.000000,0.264962,0.000000,0.000000,0.000000,-8.380134,WAIT_USER_CONFIRM
15.608000,0.554499,-0.000000,0.264962,0.000000,0.000000,0.000000,-8.380134,WAIT_USER_CONFIRM
15.610000,0.554499,-0.000000,0.264962,0.000000,0.000000,0.000000,-8.380134,WAIT_USER_CONFIRM
15.612000,0.554499,-0.000000,0.264962,0.000000,0.000000,0.000000,-8.380134,WAIT_USER_CONFIRM
15.614000,0.554499,-0.000000,0.264962,0.000000,0.000000,0.000000,-8.380134,WAIT_USER_CONFIRM
15.616000,0.554499,-0.000000,0.264962,0.000000,0.000000,0.000000,-8.380134,WAIT_USER_CONFIRM
15.618000,0.554499,-0.000000,0.264962,0.000000,0.000000,0.000000,-8.380134,WAIT_USER_CONFIRM
15.620000,0.554499,-0.000000,0.264962,0.000000,0.000000,0.000000,-8.380134,WAIT_USER_CONFIRM
15.622000,0.554499,-0.000000,0.264962,0.000000,0.000000,0.000000,-8.380134,WAIT_USER_CONFIRM
15.624000,0.554499,-0.000000,0.264962,0.000000,0.000000,0.000000,-8.380134,WAIT_USER_CONFIRM
15.626000,0.554499,-0.000000,0.264962,0.000000,0.000000,0.000000,-8.380134,WAIT_USER_CONFIRM
15.628000,0.554499,-0.000000,0.264962,0.000000,0.000000,0.000000,-8.380134,WAIT_USER_CONFIRM
15.630000,0.554499,-0.000000,0.264962,0.000000,0.000000,0.000000,-8.380134,WAIT_USER_CONFIRM
15.632000,0.554499,-0.000000,0.264962,0.000000,0.000000,0.000000,-8.380134,WAIT_USER_CONFIRM
15.634000,0.554499,-0.000000,0.264962,0.000000,0.000000,0.000000,-8.380134,WAIT_USER_CONFIRM
15.636000,0.554499,-0.000000,0.264962,0.000000,0.000000,0.000000,-8.380134,WAIT_USER_CONFIRM
15.638000,0.554499,-0.000000,0.264962,0.000000,0.000000,0.000000,-8.380134,WAIT_USER_CONFIRM
15.640000,0.554499,-0.000000,0.264962,0.000000,0.000000,0.000000,-8.380134,WAIT_USER_CONFIRM
15.642000,0.554499,-0.000000,0.264962,0.000000,0.000000,0.000000,-8.380134,WAIT_USER_CONFIRM
15.644000,0.554499,-0.000000,0.264962,0.000000,0.000000,0.000000,-8.380134,WAIT_USER_CONFIRM
15.646000,0.554499,-0.000000,0.264962,0.000000,0.000000,0.000000,-8.380134,WAIT_USER_CONFIRM
15.648000,0.554499,-0.000000,0.264962,0.000000,0.000000,0.000000,-8.380134,WAIT_USER_CONFIRM
15.650000,0.554499,-0.000000,0.264962,0.000000,0.000000,0.000000,-8.380134,WAIT_USER_CONFIRM
15.652000,0.554499,-0.000000,0.264962,0.000000,0.000000,0.000000,-8.380134,WAIT_USER_CONFIRM
15.654000,0.554499,-0.000000,0.264962,0.000000,0.000000,0.000000,-8.380134,WAIT_USER_CONFIRM
15.656000,0.554499,-0.000000,0.264962,0.000000,0.000000,0.000000,-8.380134,WAIT_USER_CONFIRM
15.658000,0.554499,-0.000000,0.264962,0.000000,0.000000,0.000000,-8.380134,WAIT_USER_CONFIRM
15.660000,0.554499,-0.000000,0.264962,0.000000,0.000000,0.000000,-8.380134,WAIT_USER_CONFIRM
15.662000,0.554499,-0.000000,0.264962,0.000000,0.000000,0.000000,-8.380134,WAIT_USER_CONFIRM
15.664000,0.554499,-0.000000,0.264962,0.000000,0.000000,0.000000,-8.380134,WAIT_USER_CONFIRM
15.666000,0.554499,-0.000000,0.264962,0.000000,0.000000,0.000000,-8.380134,WAIT_USER_CONFIRM
15.668000,0.554499,-0.000000,0.264962,0.000000,0.000000,0.000000,-8.380134,WAIT_USER_CONFIRM
15.670000,0.554499,-0.000000,0.264962,0.000000,0.000000,0.000000,-8.380134,WAIT_USER_CONFIRM
15.672000,0.554499,-0.000000,0.264962,0.000000,0.000000,0.000000,-8.380134,WAIT_USER_CONFIRM
15.674000,0.554499,-0.000000,0.264962,0.000000,0.000000,0.000000,-8.380134,WAIT_USER_CONFIRM
15.676000,0.554499,-0.000000,0.264962,0.000000,0.000000,0.000000,-8.380134,WAIT_USER_CONFIRM
15.678000,0.554499,-0.000000,0.264962,0.000000,0.000000,0.000000,-8.380134,WAIT_USER_CONFIRM
15.680000,0.554499,-0.000000,0.264962,0.000000,0.000000,0.000000,-8.380134,WAIT_USER_CONFIRM
15.682000,0.554499,-0.000000,0.264962,0.000000,0.000000,0.000000,-8.380134,WAIT_USER_CONFIRM
15.684000,0.554499,-0.000000,0.264962,0.000000,0.000000,0.000000,-8.380134,WAIT_USER_CONFIRM
15.686000,0.554499,-0.000000,0.264962,0.000000,0.000000,0.000000,-8.380134,WAIT_USER_CONFIRM
15.688000,0.554499,-0.000000,0.264962,0.000000,0.000000,0.000000,-8.380134,WAIT_USER_CONFIRM
15.690000,0.554499,-0.000000,0.264962,0.000000,0.000000,0.000000,-8.380134,WAIT_USER_CONFIRM
15.692000,0.554499,-0.000000,0.264962,0.000000,0.000000,0.000000,-8.380134,WAIT_USER_CONFIRM
15.694000,0.554499,-0.000000,0.264962,0.000000,0.000000,0.000000,-8.380134,WAIT_USER_CONFIRM
15.696000,0.554499,-0.000000,0.264962,0.000000,0.000000,0.000000,-8.380134,WAIT_USER_CONFIRM
15.698000,0.554499,-0.000000,0.264962,0.000000,0.000000,0.000000,-8.380134,WAIT_USER_CONFIRM
15.700000,0.554499,-0.000000,0.264962,0.000000,0.000000,0.000000,-8.380134,WAIT_USER_CONFIRM
15.702000,0.554499,-0.000000,0.264962,0.000000,0.000000,0.000000,-8.380134,WAIT_USER_CONFIRM
15.704000,0.554499,-0.000000,0.264962,0.000000,0.000000,0.000000,-8.380134,WAIT_USER_CONFIRM
15.706000,0.554499,-0.000000,0.264962,0.000000,0.000000,0.000000,-8.380134,WAIT_USER_CONFIRM
15.708000,0.554499,-0.000000,0.264962,0.000000,0.000000,0.000000,-8.380134,WAIT_USER_CONFIRM
15.710000,0.554499,-0.000000,0.264962,0.000000,0.000000,0.000000,-8.380134,WAIT_USER_CONFIRM
15.712000,0.554499,-0.000000,0.264962,0.000000,0.000000,0.000000,-8.380134,WAIT_USER_CONFIRM
15.714000,0.554499,-0.000000,0.264962,0.000000,0.000000,0.000000,-8.380134,WAIT_USER_CONFIRM
15.716000,0.554499,-0.000000,0.264962,0.000000,0.000000,0.000000,-8.380134,WAIT_USER_CONFIRM
15.718000,0.554499,-0.000000,0.264962,0.000000,0.000000,0.000000,-8.380134,WAIT_USER_CONFIRM
15.720000,0.554499,-0.000000,0.264962,0.000000,0.000000,0.000000,-8.380134,WAIT_USER_CONFIRM
15.722000,0.554499,-0.000000,0.264962,0.000000,0.000000,0.000000,-8.380134,WAIT_USER_CONFIRM
15.724000,0.554499,-0.000000,0.264962,0.000000,0.000000,0.000000,-8.380134,WAIT_USER_CONFIRM
15.726000,0.554499,-0.000000,0.264962,0.000000,0.000000,0.000000,-8.380134,WAIT_USER_CONFIRM
15.728000,0.554499,-0.000000,0.264962,0.000000,0.000000,0.000000,-8.380134,WAIT_USER_CONFIRM
15.730000,0.554499,-0.000000,0.264962,0.000000,0.000000,0.000000,-8.380134,WAIT_USER_CONFIRM
15.732000,0.554499,-0.000000,0.264962,0.000000,0.000000,0.000000,-8.380134,WAIT_USER_CONFIRM
15.734000,0.554499,-0.000000,0.264962,0.000000,0.000000,0.000000,-8.380134,WAIT_USER_CONFIRM
15.736000,0.554499,-0.000000,0.264962,0.000000,0.000000,0.000000,-8.380134,WAIT_USER_CONFIRM
15.738000,0.554499,-0.000000,0.264962,0.000000,0.000000,0.000000,-8.380134,WAIT_USER_CONFIRM
15.740000,0.554499,-0.000000,0.264962,0.000000,0.000000,0.000000,-8.380134,WAIT_USER_CONFIRM
15.742000,0.554499,-0.000000,0.264962,0.000000,0.000000,0.000000,-8.380134,WAIT_USER_CONFIRM
15.744000,0.554499,-0.000000,0.264962,0.000000,0.000000,0.000000,-8.380134,WAIT_USER_CONFIRM
15.746000,0.554499,-0.000000,0.264962,0.000000,0.000000,0.000000,-8.380134,WAIT_USER_CONFIRM
15.748000,0.554499,-0.000000,0.264962,0.000000,0.000000,0.000000,-8.380134,WAIT_USER_CONFIRM
15.750000,0.554499,-0.000000,0.264962,0.000000,0.000000,0.000000,-8.380134,WAIT_USER_CONFIRM
15.752000,0.554499,-0.000000,0.264962,0.000000,0.000000,0.000000,-8.380134,WAIT_USER_CONFIRM
15.754000,0.554499,-0.000000,0.264962,0.000000,0.000000,0.000000,-8.380134,WAIT_USER_CONFIRM
15.756000,0.554499,-0.000000,0.264962,0.000000,0.000000,0.000000,-8.380134,WAIT_USER_CONFIRM
15.758000,0.554499,-0.000000,0.264962,0.000000,0.000000,0.000000,-8.380134,WAIT_USER_CONFIRM
15.760000,0.554499,-0.000000,0.264962,0.000000,0.000000,0.000000,-8.380134,WAIT_USER_CONFIRM
15.762000,0.554499,-0.000000,0.264962,0.000000,0.000000,0.000000,-8.380134,WAIT_USER_CONFIRM
15.764000,0.554499,-0.000000,0.264962,0.000000,0.000000,0.000000,-8.380134,WAIT_USER_CONFIRM
15.766000,0.554499,-0.000000,0.264962,0.000000,0.000000,0.000000,-8.380134,WAIT_USER_CONFIRM
15.768000,0.554499,-0.000000,0.264962,0.000000,0.000000,0.000000,-8.380134,WAIT_USER_CONFIRM
15.770000,0.554499,-0.000000,0.264962,0.000000,0.000000,0.000000,-8.380134,WAIT_USER_CONFIRM
15.772000,0.554499,-0.000000,0.264962,0.000000,0.000000,0.000000,-8.380134,WAIT_USER_CONFIRM
15.774000,0.554499,-0.000000,0.264962,0.000000,0.000000,0.000000,-8.380134,WAIT_USER_CONFIRM
15.776000,0.554499,-0.000000,0.264962,0.000000,0.000000,0.000000,-8.380134,WAIT_USER_CONFIRM
15.778000,0.554499,-0.000000,0.264962,0.000000,0.000000,0.000000,-8.380134,WAIT_USER_CONFIRM
15.780000,0.554499,-0.000000,0.264962,0.000000,0.000000,0.000000,-8.380134,WAIT_USER_CONFIRM
15.782000,0.554499,-0.000000,0.264962,0.000000,0.000000,0.000000,-8.380134,WAIT_USER_CONFIRM
15.784000,0.554499,-0.000000,0.264962,0.000000,0.000000,0.000000,-8.380134,WAIT_USER_CONFIRM
15.786000,0.554499,-0.000000,0.264962,0.000000,0.000000,0.000000,-8.380134,WAIT_USER_CONFIRM
15.788000,0.554499,-0.000000,0.264962,0.000000,0.000000,0.000000,-8.380134,WAIT_USER_CONFIRM
15.790000,0.554499,-0.000000,0.264962,0.000000,0.000000,0.000000,-8.380134,WAIT_USER_CONFIRM
15.792000,0.554499,-0.000000,0.264962,0.000000,0.000000,0.000000,-8.380134,WAIT_USER_CONFIRM
15.794000,0.554499,-0.000000,0.264962,0.000000,0.000000,0.000000,-8.380134,WAIT_USER_CONFIRM
15.796000,0.554499,-0.000000,0.264962,0.000000,0.000000,0.000000,-8.380134,WAIT_USER_CONFIRM
15.798000,0.554499,-0.000000,0.264962,0.000000,0.000000,0.000000,-8.380134,WAIT_USER_CONFIRM
15.800000,0.554499,-0.000000,0.264962,0.000000,0.000000,0.000000,-8.380134,WAIT_USER_CONFIRM
15.802000,0.554499,-0.000000,0.264962,0.000000,0.000000,0.000000,-8.380134,WAIT_USER_CONFIRM
15.804000,0.554499,-0.000000,0.264962,0.000000,0.000000,0.000000,-8.380134,WAIT_USER_CONFIRM
15.806000,0.554499,-0.000000,0.264962,0.000000,0.000000,0.000000,-8.380134,WAIT_USER_CONFIRM
15.808000,0.554499,-0.000000,0.264962,0.000000,0.000000,0.000000,-8.380134,WAIT_USER_CONFIRM
15.810000,0.554499,-0.000000,0.264962,0.000000,0.000000,0.000000,-8.380134,WAIT_USER_CONFIRM
15.812000,0.554499,-0.000000,0.264962,0.000000,0.000000,0.000000,-8.380134,WAIT_USER_CONFIRM
15.814000,0.554499,-0.000000,0.264962,0.000000,0.000000,0.000000,-8.380134,WAIT_USER_CONFIRM
15.816000,0.554499,-0.000000,0.264962,0.000000,0.000000,0.000000,-8.380134,WAIT_USER_CONFIRM
15.818000,0.554499,-0.000000,0.264962,0.000000,0.000000,0.000000,-8.380134,WAIT_USER_CONFIRM
15.820000,0.554499,-0.000000,0.264962,0.000000,0.000000,0.000000,-8.380134,WAIT_USER_CONFIRM
15.822000,0.554499,-0.000000,0.264962,0.000000,0.000000,0.000000,-8.380134,WAIT_USER_CONFIRM
15.824000,0.554499,-0.000000,0.264962,0.000000,0.000000,0.000000,-8.380134,WAIT_USER_CONFIRM
15.826000,0.554499,-0.000000,0.264962,0.000000,0.000000,0.000000,-8.380134,WAIT_USER_CONFIRM
15.828000,0.554499,-0.000000,0.264962,0.000000,0.000000,0.000000,-8.380134,WAIT_USER_CONFIRM
15.830000,0.554499,-0.000000,0.264962,0.000000,0.000000,0.000000,-8.380134,WAIT_USER_CONFIRM
15.832000,0.554499,-0.000000,0.264962,0.000000,0.000000,0.000000,-8.380134,WAIT_USER_CONFIRM
15.834000,0.554499,-0.000000,0.264962,0.000000,0.000000,0.000000,-8.380134,WAIT_USER_CONFIRM
15.836000,0.554499,-0.000000,0.264962,0.000000,0.000000,0.000000,-8.380134,WAIT_USER_CONFIRM
15.838000,0.554499,-0.000000,0.264962,0.000000,0.000000,0.000000,-8.380134,WAIT_USER_CONFIRM
15.840000,0.554499,-0.000000,0.264962,0.000000,0.000000,0.000000,-8.380134,WAIT_USER_CONFIRM
15.842000,0.554499,-0.000000,0.264962,0.000000,0.000000,0.000000,-8.380134,WAIT_USER_CONFIRM
15.844000,0.554499,-0.000000,0.264962,0.000000,0.000000,0.000000,-8.380134,WAIT_USER_CONFIRM
15.846000,0.554499,-0.000000,0.264962,0.000000,0.000000,0.000000,-8.380134,WAIT_USER_CONFIRM
15.848000,0.554499,-0.000000,0.264962,0.000000,0.000000,0.000000,-8.380134,WAIT_USER_CONFIRM
15.850000,0.554499,-0.000000,0.264962,0.000000,0.000000,0.000000,-8.380134,WAIT_USER_CONFIRM
15.852000,0.554499,-0.000000,0.264962,0.000000,0.000000,0.000000,-8.380134,WAIT_USER_CONFIRM
15.854000,0.554499,-0.000000,0.264962,0.000000,0.000000,0.000000,-8.380134,WAIT_USER_CONFIRM
15.856000,0.554499,-0.000000,0.264962,0.000000,0.000000,0.000000,-8.380134,WAIT_USER_CONFIRM
15.858000,0.554499,-0.000000,0.264962,0.000000,0.000000,0.000000,-8.380134,WAIT_USER_CONFIRM
15.860000,0.554499,-0.000000,0.264962,0.000000,0.000000,0.000000,-8.380134,WAIT_USER_CONFIRM
15.862000,0.554499,-0.000000,0.264962,0.000000,0.000000,0.000000,-8.380134,WAIT_USER_CONFIRM
15.864000,0.554499,-0.000000,0.264962,0.000000,0.000000,0.000000,-8.380134,WAIT_USER_CONFIRM
15.866000,0.554499,-0.000000,0.264962,0.000000,0.000000,0.000000,-8.380134,WAIT_USER_CONFIRM
15.868000,0.554499,-0.000000,0.264962,0.000000,0.000000,0.000000,-8.380134,WAIT_USER_CONFIRM
15.870000,0.554499,-0.000000,0.264962,0.000000,0.000000,0.000000,-8.380134,WAIT_USER_CONFIRM
15.872000,0.554499,-0.000000,0.264962,0.000000,0.000000,0.000000,-8.380134,WAIT_USER_CONFIRM
15.874000,0.554499,-0.000000,0.264962,0.000000,0.000000,0.000000,-8.380134,WAIT_USER_CONFIRM
15.876000,0.554499,-0.000000,0.264962,0.000000,0.000000,0.000000,-8.380134,WAIT_USER_CONFIRM
15.878000,0.554499,-0.000000,0.264962,0.000000,0.000000,0.000000,-8.380134,WAIT_USER_CONFIRM
15.880000,0.554499,-0.000000,0.264962,0.000000,0.000000,0.000000,-8.380134,WAIT_USER_CONFIRM
15.882000,0.554499,-0.000000,0.264962,0.000000,0.000000,0.000000,-8.380134,WAIT_USER_CONFIRM
15.884000,0.554499,-0.000000,0.264962,0.000000,0.000000,0.000000,-8.380134,WAIT_USER_CONFIRM
15.886000,0.554499,-0.000000,0.264962,0.000000,0.000000,0.000000,-8.380134,WAIT_USER_CONFIRM
15.888000,0.554499,-0.000000,0.264962,0.000000,0.000000,0.000000,-8.380134,WAIT_USER_CONFIRM
15.890000,0.554499,-0.000000,0.264962,0.000000,0.000000,0.000000,-8.380134,WAIT_USER_CONFIRM
15.892000,0.554499,-0.000000,0.264962,0.000000,0.000000,0.000000,-8.380134,WAIT_USER_CONFIRM
15.894000,0.554499,-0.000000,0.264962,0.000000,0.000000,0.000000,-8.380134,WAIT_USER_CONFIRM
15.896000,0.554499,-0.000000,0.264962,0.000000,0.000000,0.000000,-8.380134,WAIT_USER_CONFIRM
15.898000,0.554499,-0.000000,0.264962,0.000000,0.000000,0.000000,-8.380134,WAIT_USER_CONFIRM
15.900000,0.554499,-0.000000,0.264962,0.000000,0.000000,0.000000,-8.380134,WAIT_USER_CONFIRM
15.902000,0.554499,-0.000000,0.264962,0.000000,0.000000,0.000000,-8.380134,WAIT_USER_CONFIRM
15.904000,0.554499,-0.000000,0.264962,0.000000,0.000000,0.000000,-8.380134,WAIT_USER_CONFIRM
15.906000,0.554499,-0.000000,0.264962,0.000000,0.000000,0.000000,-8.380134,WAIT_USER_CONFIRM
15.908000,0.554499,-0.000000,0.264962,0.000000,0.000000,0.000000,-8.380134,WAIT_USER_CONFIRM
15.910000,0.554499,-0.000000,0.264962,0.000000,0.000000,0.000000,-8.380134,WAIT_USER_CONFIRM
15.912000,0.554499,-0.000000,0.264962,0.000000,0.000000,0.000000,-8.380134,WAIT_USER_CONFIRM
15.914000,0.554499,-0.000000,0.264962,0.000000,0.000000,0.000000,-8.380134,WAIT_USER_CONFIRM
15.916000,0.554499,-0.000000,0.264962,0.000000,0.000000,0.000000,-8.380134,WAIT_USER_CONFIRM
15.918000,0.554499,-0.000000,0.264962,0.000000,0.000000,0.000000,-8.380134,WAIT_USER_CONFIRM
15.920000,0.554499,-0.000000,0.264962,0.000000,0.000000,0.000000,-8.380134,WAIT_USER_CONFIRM
15.922000,0.554499,-0.000000,0.264962,0.000000,0.000000,0.000000,-8.380134,WAIT_USER_CONFIRM
15.924000,0.554499,-0.000000,0.264962,0.000000,0.000000,0.000000,-8.380134,WAIT_USER_CONFIRM
15.926000,0.554499,-0.000000,0.264962,0.000000,0.000000,0.000000,-8.380134,WAIT_USER_CONFIRM
15.928000,0.554499,-0.000000,0.264962,0.000000,0.000000,0.000000,-8.380134,WAIT_USER_CONFIRM
15.930000,0.554499,-0.000000,0.264962,0.000000,0.000000,0.000000,-8.380134,WAIT_USER_CONFIRM
15.932000,0.554499,-0.000000,0.264962,0.000000,0.000000,0.000000,-8.380134,WAIT_USER_CONFIRM
15.934000,0.554499,-0.000000,0.264962,0.000000,0.000000,0.000000,-8.380134,WAIT_USER_CONFIRM
15.936000,0.554499,-0.000000,0.264962,0.000000,0.000000,0.000000,-8.380134,WAIT_USER_CONFIRM
15.938000,0.554499,-0.000000,0.264962,0.000000,0.000000,0.000000,-8.380134,WAIT_USER_CONFIRM
15.940000,0.554499,-0.000000,0.264962,0.000000,0.000000,0.000000,-8.380134,WAIT_USER_CONFIRM
15.942000,0.554499,-0.000000,0.264962,0.000000,0.000000,0.000000,-8.380134,WAIT_USER_CONFIRM
15.944000,0.554499,-0.000000,0.264962,0.000000,0.000000,0.000000,-8.380134,WAIT_USER_CONFIRM
15.946000,0.554499,-0.000000,0.264962,0.000000,0.000000,0.000000,-8.380134,WAIT_USER_CONFIRM
15.948000,0.554499,-0.000000,0.264962,0.000000,0.000000,0.000000,-8.380134,WAIT_USER_CONFIRM
15.950000,0.554499,-0.000000,0.264962,0.000000,0.000000,0.000000,-8.380134,WAIT_USER_CONFIRM
15.952000,0.554499,-0.000000,0.264962,0.000000,0.000000,0.000000,-8.380134,WAIT_USER_CONFIRM
15.954000,0.554499,-0.000000,0.264962,0.000000,0.000000,0.000000,-8.380134,WAIT_USER_CONFIRM
15.956000,0.554499,-0.000000,0.264962,0.000000,0.000000,0.000000,-8.380134,WAIT_USER_CONFIRM
15.958000,0.554499,-0.000000,0.264962,0.000000,0.000000,0.000000,-8.380134,WAIT_USER_CONFIRM
15.960000,0.554499,-0.000000,0.264962,0.000000,0.000000,0.000000,-8.380134,WAIT_USER_CONFIRM
15.962000,0.554499,-0.000000,0.264962,0.000000,0.000000,0.000000,-8.380134,WAIT_USER_CONFIRM
15.964000,0.554499,-0.000000,0.264962,0.000000,0.000000,0.000000,-8.380134,WAIT_USER_CONFIRM
15.966000,0.554499,-0.000000,0.264962,0.000000,0.000000,0.000000,-8.380134,WAIT_USER_CONFIRM
15.968000,0.554499,-0.000000,0.264962,0.000000,0.000000,0.000000,-8.380134,WAIT_USER_CONFIRM
15.970000,0.554499,-0.000000,0.264962,0.000000,0.000000,0.000000,-8.380134,WAIT_USER_CONFIRM
15.972000,0.554499,-0.000000,0.264962,0.000000,0.000000,0.000000,-8.380134,WAIT_USER_CONFIRM
15.974000,0.554499,-0.000000,0.264962,0.000000,0.000000,0.000000,-8.380134,WAIT_USER_CONFIRM
15.976000,0.554499,-0.000000,0.264962,0.000000,0.000000,0.000000,-8.380134,WAIT_USER_CONFIRM
15.978000,0.554499,-0.000000,0.264962,0.000000,0.000000,0.000000,-8.380134,WAIT_USER_CONFIRM
15.980000,0.554499,-0.000000,0.264962,0.000000,0.000000,0.000000,-8.380134,WAIT_USER_CONFIRM
15.982000,0.554499,-0.000000,0.264962,0.000000,0.000000,0.000000,-8.380134,WAIT_USER_CONFIRM
15.984000,0.554499,-0.000000,0.264962,0.000000,0.000000,0.000000,-8.380134,WAIT_USER_CONFIRM
15.986000,0.554499,-0.000000,0.264962,0.000000,0.000000,0.000000,-8.380134,WAIT_USER_CONFIRM
15.988000,0.554499,-0.000000,0.264962,0.000000,0.000000,0.000000,-8.380134,WAIT_USER_CONFIRM
15.990000,0.554499,-0.000000,0.264962,0.000000,0.000000,0.000000,-8.380134,WAIT_USER_CONFIRM
15.992000,0.554499,-0.000000,0.264962,0.000000,0.000000,0.000000,-8.380134,WAIT_USER_CONFIRM
15.994000,0.554499,-0.000000,0.264962,0.000000,0.000000,0.000000,-8.380134,WAIT_USER_CONFIRM
15.996000,0.554499,-0.000000,0.264962,0.000000,0.000000,0.000000,-8.380134,WAIT_USER_CONFIRM
15.998000,0.554499,-0.000000,0.264962,0.000000,0.000000,0.000000,-8.380134,WAIT_USER_CONFIRM
16.000000,0.554499,-0.000000,0.264962,0.000000,0.000000,0.000000,-8.380134,WAIT_USER_CONFIRM
16.002000,0.554499,-0.000000,0.264962,0.000000,0.000000,0.000000,-8.380134,WAIT_USER_CONFIRM
16.004000,0.554499,-0.000000,0.264962,0.000000,0.000000,0.000000,-8.380134,WAIT_USER_CONFIRM
16.006000,0.554499,-0.000000,0.264962,0.000000,0.000000,0.000000,-8.380134,WAIT_USER_CONFIRM
16.008000,0.554499,-0.000000,0.264962,0.000000,0.000000,0.000000,-8.380134,WAIT_USER_CONFIRM
16.010000,0.554499,-0.000000,0.264962,0.000000,0.000000,0.000000,-8.380134,WAIT_USER_CONFIRM
16.012000,0.554499,-0.000000,0.264962,0.000000,0.000000,0.000000,-8.380134,WAIT_USER_CONFIRM
16.014000,0.554499,-0.000000,0.264962,0.000000,0.000000,0.000000,-8.380134,WAIT_USER_CONFIRM
16.016000,0.554499,-0.000000,0.264962,0.000000,0.000000,0.000000,-8.380134,WAIT_USER_CONFIRM
16.018000,0.554499,-0.000000,0.264962,0.000000,0.000000,0.000000,-8.380134,WAIT_USER_CONFIRM
16.020000,0.554499,-0.000000,0.264962,0.000000,0.000000,0.000000,-8.380134,WAIT_USER_CONFIRM
16.022000,0.554499,-0.000000,0.264962,0.000000,0.000000,0.000000,-8.380134,WAIT_USER_CONFIRM
16.024000,0.554499,-0.000000,0.264962,0.000000,0.000000,0.000000,-8.380134,WAIT_USER_CONFIRM
16.026000,0.554499,-0.000000,0.264962,0.000000,0.000000,0.000000,-8.380134,WAIT_USER_CONFIRM
16.028000,0.554499,-0.000000,0.264962,0.000000,0.000000,0.000000,-8.380134,WAIT_USER_CONFIRM
16.030000,0.554499,-0.000000,0.264962,0.000000,0.000000,0.000000,-8.380134,WAIT_USER_CONFIRM
16.032000,0.554499,-0.000000,0.264962,0.000000,0.000000,0.000000,-8.380134,WAIT_USER_CONFIRM
16.034000,0.554499,-0.000000,0.264962,0.000000,0.000000,0.000000,-8.380134,WAIT_USER_CONFIRM
16.036000,0.554499,-0.000000,0.264962,0.000000,0.000000,0.000000,-8.380134,WAIT_USER_CONFIRM
16.038000,0.554499,-0.000000,0.264962,0.000000,0.000000,0.000000,-8.380134,WAIT_USER_CONFIRM
16.040000,0.554499,-0.000000,0.264962,0.000000,0.000000,0.000000,-8.380134,WAIT_USER_CONFIRM
16.042000,0.554499,-0.000000,0.264962,0.000000,0.000000,0.000000,-8.380134,WAIT_USER_CONFIRM
16.044000,0.554499,-0.000000,0.264962,0.000000,0.000000,0.000000,-8.380134,WAIT_USER_CONFIRM
16.046000,0.554499,-0.000000,0.264962,0.000000,0.000000,0.000000,-8.380134,WAIT_USER_CONFIRM
16.048000,0.554499,-0.000000,0.264962,0.000000,0.000000,0.000000,-8.380134,WAIT_USER_CONFIRM
16.050000,0.554499,-0.000000,0.264962,0.000000,0.000000,0.000000,-8.380134,WAIT_USER_CONFIRM
16.052000,0.554499,-0.000000,0.264962,0.000000,0.000000,0.000000,-8.380134,WAIT_USER_CONFIRM
16.054000,0.554499,-0.000000,0.264962,0.000000,0.000000,0.000000,-8.380134,WAIT_USER_CONFIRM
16.056000,0.554499,-0.000000,0.264962,0.000000,0.000000,0.000000,-8.380134,WAIT_USER_CONFIRM
16.058000,0.554499,-0.000000,0.264962,0.000000,0.000000,0.000000,-8.380134,WAIT_USER_CONFIRM
16.060000,0.554499,-0.000000,0.264962,0.000000,0.000000,0.000000,-8.380134,WAIT_USER_CONFIRM
16.062000,0.554499,-0.000000,0.264962,0.000000,0.000000,0.000000,-8.380134,WAIT_USER_CONFIRM
16.064000,0.554499,-0.000000,0.264962,0.000000,0.000000,0.000000,-8.380134,WAIT_USER_CONFIRM
16.066000,0.554499,-0.000000,0.264962,0.000000,0.000000,0.000000,-8.380134,WAIT_USER_CONFIRM
16.068000,0.554499,-0.000000,0.264962,0.000000,0.000000,0.000000,-8.380134,WAIT_USER_CONFIRM
16.070000,0.554499,-0.000000,0.264962,0.000000,0.000000,0.000000,-8.380134,WAIT_USER_CONFIRM
16.072000,0.554499,-0.000000,0.264962,0.000000,0.000000,0.000000,-8.380134,WAIT_USER_CONFIRM
16.074000,0.554499,-0.000000,0.264962,0.000000,0.000000,0.000000,-8.380134,WAIT_USER_CONFIRM
16.076000,0.554499,-0.000000,0.264962,0.000000,0.000000,0.000000,-8.380134,WAIT_USER_CONFIRM
16.078000,0.554499,-0.000000,0.264962,0.000000,0.000000,0.000000,-8.380134,WAIT_USER_CONFIRM
16.080000,0.554499,-0.000000,0.264962,0.000000,0.000000,0.000000,-8.380134,WAIT_USER_CONFIRM
16.082000,0.554499,-0.000000,0.264962,0.000000,0.000000,0.000000,-8.380134,WAIT_USER_CONFIRM
16.084000,0.554499,-0.000000,0.264962,0.000000,0.000000,0.000000,-8.380134,WAIT_USER_CONFIRM
16.086000,0.554499,-0.000000,0.264962,0.000000,0.000000,0.000000,-8.380134,WAIT_USER_CONFIRM
16.088000,0.554499,-0.000000,0.264962,0.000000,0.000000,0.000000,-8.380134,WAIT_USER_CONFIRM
16.090000,0.554499,-0.000000,0.264962,0.000000,0.000000,0.000000,-8.380134,WAIT_USER_CONFIRM
16.092000,0.554499,-0.000000,0.264962,0.000000,0.000000,0.000000,-8.380134,WAIT_USER_CONFIRM
16.094000,0.554499,-0.000000,0.264962,0.000000,0.000000,0.000000,-8.380134,WAIT_USER_CONFIRM
16.096000,0.554499,-0.000000,0.264962,0.000000,0.000000,0.000000,-8.380134,WAIT_USER_CONFIRM
16.098000,0.554499,-0.000000,0.264962,0.000000,0.000000,0.000000,-8.380134,WAIT_USER_CONFIRM
16.100000,0.554499,-0.000000,0.264962,0.000000,0.000000,0.000000,-8.380134,WAIT_USER_CONFIRM
16.102000,0.554499,-0.000000,0.264962,0.000000,0.000000,0.000000,-8.380134,WAIT_USER_CONFIRM
16.104000,0.554499,-0.000000,0.264962,0.000000,0.000000,0.000000,-8.380134,WAIT_USER_CONFIRM
16.106000,0.554499,-0.000000,0.264962,0.000000,0.000000,0.000000,-8.380134,WAIT_USER_CONFIRM
16.108000,0.554499,-0.000000,0.264962,0.000000,0.000000,0.000000,-8.380134,WAIT_USER_CONFIRM
16.110000,0.554499,-0.000000,0.264962,0.000000,0.000000,0.000000,-8.380134,WAIT_USER_CONFIRM
16.112000,0.554499,-0.000000,0.264962,0.000000,0.000000,0.000000,-8.380134,WAIT_USER_CONFIRM
16.114000,0.554499,-0.000000,0.264962,0.000000,0.000000,0.000000,-8.380134,WAIT_USER_CONFIRM
16.116000,0.554499,-0.000000,0.264962,0.000000,0.000000,0.000000,-8.380134,WAIT_USER_CONFIRM
16.118000,0.554499,-0.000000,0.264962,0.000000,0.000000,0.000000,-8.380134,WAIT_USER_CONFIRM
16.120000,0.554499,-0.000000,0.264962,0.000000,0.000000,0.000000,-8.380134,WAIT_USER_CONFIRM
16.122000,0.554499,-0.000000,0.264962,0.000000,0.000000,0.000000,-8.380134,WAIT_USER_CONFIRM
16.124000,0.554499,-0.000000,0.264962,0.000000,0.000000,0.000000,-8.380134,WAIT_USER_CONFIRM
16.126000,0.554499,-0.000000,0.264962,0.000000,0.000000,0.000000,-8.380134,WAIT_USER_CONFIRM
16.128000,0.554499,-0.000000,0.264962,0.000000,0.000000,0.000000,-8.380134,WAIT_USER_CONFIRM
16.130000,0.554499,-0.000000,0.264962,0.000000,0.000000,0.000000,-8.380134,WAIT_USER_CONFIRM
16.132000,0.554499,-0.000000,0.264962,0.000000,0.000000,0.000000,-8.380134,WAIT_USER_CONFIRM
16.134000,0.554499,-0.000000,0.264962,0.000000,0.000000,0.000000,-8.380134,WAIT_USER_CONFIRM
16.136000,0.554499,-0.000000,0.264962,0.000000,0.000000,0.000000,-8.380134,WAIT_USER_CONFIRM
16.138000,0.554499,-0.000000,0.264962,0.000000,0.000000,0.000000,-8.380134,WAIT_USER_CONFIRM
16.140000,0.554499,-0.000000,0.264962,0.000000,0.000000,0.000000,-8.380134,WAIT_USER_CONFIRM
16.142000,0.554499,-0.000000,0.264962,0.000000,0.000000,0.000000,-8.380134,WAIT_USER_CONFIRM
16.144000,0.554499,-0.000000,0.264962,0.000000,0.000000,0.000000,-8.380134,WAIT_USER_CONFIRM
16.146000,0.554499,-0.000000,0.264962,0.000000,0.000000,0.000000,-8.380134,WAIT_USER_CONFIRM
16.148000,0.554499,-0.000000,0.264962,0.000000,0.000000,0.000000,-8.380134,WAIT_USER_CONFIRM
16.150000,0.554499,-0.000000,0.264962,0.000000,0.000000,0.000000,-8.380134,WAIT_USER_CONFIRM
16.152000,0.554499,-0.000000,0.264962,0.000000,0.000000,0.000000,-8.380134,WAIT_USER_CONFIRM
16.154000,0.554499,-0.000000,0.264962,0.000000,0.000000,0.000000,-8.380134,WAIT_USER_CONFIRM
16.156000,0.554499,-0.000000,0.264962,0.000000,0.000000,0.000000,-8.380134,WAIT_USER_CONFIRM
16.158000,0.554499,-0.000000,0.264962,0.000000,0.000000,0.000000,-8.380134,WAIT_USER_CONFIRM
16.160000,0.554499,-0.000000,0.264962,0.000000,0.000000,0.000000,-8.380134,WAIT_USER_CONFIRM
16.162000,0.554499,-0.000000,0.264962,0.000000,0.000000,0.000000,-8.380134,WAIT_USER_CONFIRM
16.164000,0.554499,-0.000000,0.264962,0.000000,0.000000,0.000000,-8.380134,WAIT_USER_CONFIRM
16.166000,0.554499,-0.000000,0.264962,0.000000,0.000000,0.000000,-8.380134,WAIT_USER_CONFIRM
16.168000,0.554499,-0.000000,0.264962,0.000000,0.000000,0.000000,-8.380134,WAIT_USER_CONFIRM
16.170000,0.554499,-0.000000,0.264962,0.000000,0.000000,0.000000,-8.380134,WAIT_USER_CONFIRM
16.172000,0.554499,-0.000000,0.264962,0.000000,0.000000,0.000000,-8.380134,WAIT_USER_CONFIRM
16.174000,0.554499,-0.000000,0.264962,0.000000,0.000000,0.000000,-8.380134,WAIT_USER_CONFIRM
16.176000,0.554499,-0.000000,0.264962,0.000000,0.000000,0.000000,-8.380134,WAIT_USER_CONFIRM
16.178000,0.554499,-0.000000,0.264962,0.000000,0.000000,0.000000,-8.380134,WAIT_USER_CONFIRM
16.180000,0.554499,-0.000000,0.264962,0.000000,0.000000,0.000000,-8.380134,WAIT_USER_CONFIRM
16.182000,0.554499,-0.000000,0.264962,0.000000,0.000000,0.000000,-8.380134,WAIT_USER_CONFIRM
16.184000,0.554499,-0.000000,0.264962,0.000000,0.000000,0.000000,-8.380134,WAIT_USER_CONFIRM
16.186000,0.554499,-0.000000,0.264962,0.000000,0.000000,0.000000,-8.380134,WAIT_USER_CONFIRM
16.188000,0.554499,-0.000000,0.264962,0.000000,0.000000,0.000000,-8.380134,WAIT_USER_CONFIRM
16.190000,0.554499,-0.000000,0.264962,0.000000,0.000000,0.000000,-8.380134,WAIT_USER_CONFIRM
16.192000,0.554499,-0.000000,0.264962,0.000000,0.000000,0.000000,-8.380134,WAIT_USER_CONFIRM
16.194000,0.554499,-0.000000,0.264962,0.000000,0.000000,0.000000,-8.380134,WAIT_USER_CONFIRM
16.196000,0.554499,-0.000000,0.264962,0.000000,0.000000,0.000000,-8.380134,WAIT_USER_CONFIRM
16.198000,0.554499,-0.000000,0.264962,0.000000,0.000000,0.000000,-8.380134,WAIT_USER_CONFIRM
16.200000,0.554499,-0.000000,0.264962,0.000000,0.000000,0.000000,-8.380134,WAIT_USER_CONFIRM
16.202000,0.554499,-0.000000,0.264962,0.000000,0.000000,0.000000,-8.380134,WAIT_USER_CONFIRM
16.204000,0.554499,-0.000000,0.264962,0.000000,0.000000,0.000000,-8.380134,WAIT_USER_CONFIRM
16.206000,0.554499,-0.000000,0.264962,0.000000,0.000000,0.000000,-8.380134,WAIT_USER_CONFIRM
16.208000,0.554499,-0.000000,0.264962,0.000000,0.000000,0.000000,-8.380134,WAIT_USER_CONFIRM
16.210000,0.554499,-0.000000,0.264962,0.000000,0.000000,0.000000,-8.380134,WAIT_USER_CONFIRM
16.212000,0.554499,-0.000000,0.264962,0.000000,0.000000,0.000000,-8.380134,WAIT_USER_CONFIRM
16.214000,0.554499,-0.000000,0.264962,0.000000,0.000000,0.000000,-8.380134,WAIT_USER_CONFIRM
16.216000,0.554499,-0.000000,0.264962,0.000000,0.000000,0.000000,-8.380134,WAIT_USER_CONFIRM
16.218000,0.554499,-0.000000,0.264962,0.000000,0.000000,0.000000,-8.380134,WAIT_USER_CONFIRM
16.220000,0.554499,-0.000000,0.264962,0.000000,0.000000,0.000000,-8.380134,WAIT_USER_CONFIRM
16.222000,0.554499,-0.000000,0.264962,0.000000,0.000000,0.000000,-8.380134,WAIT_USER_CONFIRM
16.224000,0.554499,-0.000000,0.264962,0.000000,0.000000,0.000000,-8.380134,WAIT_USER_CONFIRM
16.226000,0.554499,-0.000000,0.264962,0.000000,0.000000,0.000000,-8.380134,WAIT_USER_CONFIRM
16.228000,0.554499,-0.000000,0.264962,0.000000,0.000000,0.000000,-8.380134,WAIT_USER_CONFIRM
16.230000,0.554499,-0.000000,0.264962,0.000000,0.000000,0.000000,-8.380134,WAIT_USER_CONFIRM
16.232000,0.554499,-0.000000,0.264962,0.000000,0.000000,0.000000,-8.380134,WAIT_USER_CONFIRM
16.234000,0.554499,-0.000000,0.264962,0.000000,0.000000,0.000000,-8.380134,WAIT_USER_CONFIRM
16.236000,0.554499,-0.000000,0.264962,0.000000,0.000000,0.000000,-8.380134,WAIT_USER_CONFIRM
16.238000,0.554499,-0.000000,0.264962,0.000000,0.000000,0.000000,-8.380134,WAIT_USER_CONFIRM
16.240000,0.554499,-0.000000,0.264962,0.000000,0.000000,0.000000,-8.380134,WAIT_USER_CONFIRM
16.242000,0.554499,-0.000000,0.264962,0.000000,0.000000,0.000000,-8.380134,WAIT_USER_CONFIRM
16.244000,0.554499,-0.000000,0.264962,0.000000,0.000000,0.000000,-8.380134,WAIT_USER_CONFIRM
16.246000,0.554499,-0.000000,0.264962,0.000000,0.000000,0.000000,-8.380134,WAIT_USER_CONFIRM
16.248000,0.554499,-0.000000,0.264962,0.000000,0.000000,0.000000,-8.380134,WAIT_USER_CONFIRM
16.250000,0.554499,-0.000000,0.264962,0.000000,0.000000,0.000000,-8.380134,WAIT_USER_CONFIRM
16.252000,0.554499,-0.000000,0.264962,0.000000,0.000000,0.000000,-8.380134,WAIT_USER_CONFIRM
16.254000,0.554499,-0.000000,0.264962,0.000000,0.000000,0.000000,-8.380134,WAIT_USER_CONFIRM
16.256000,0.554499,-0.000000,0.264962,0.000000,0.000000,0.000000,-8.380134,WAIT_USER_CONFIRM
16.258000,0.554499,-0.000000,0.264962,0.000000,0.000000,0.000000,-8.380134,WAIT_USER_CONFIRM
16.260000,0.554499,-0.000000,0.264962,0.000000,0.000000,0.000000,-8.380134,WAIT_USER_CONFIRM
16.262000,0.554499,-0.000000,0.264962,0.000000,0.000000,0.000000,-8.380134,WAIT_USER_CONFIRM
16.264000,0.554499,-0.000000,0.264962,0.000000,0.000000,0.000000,-8.380134,WAIT_USER_CONFIRM
16.266000,0.554499,-0.000000,0.264962,0.000000,0.000000,0.000000,-8.380134,WAIT_USER_CONFIRM
16.268000,0.554499,-0.000000,0.264962,0.000000,0.000000,0.000000,-8.380134,WAIT_USER_CONFIRM
16.270000,0.554499,-0.000000,0.264962,0.000000,0.000000,0.000000,-8.380134,WAIT_USER_CONFIRM
16.272000,0.554499,-0.000000,0.264962,0.000000,0.000000,0.000000,-8.380134,WAIT_USER_CONFIRM
16.274000,0.554499,-0.000000,0.264962,0.000000,0.000000,0.000000,-8.380134,WAIT_USER_CONFIRM
16.276000,0.554499,-0.000000,0.264962,0.000000,0.000000,0.000000,-8.380134,WAIT_USER_CONFIRM
16.278000,0.554499,-0.000000,0.264962,0.000000,0.000000,0.000000,-8.380134,WAIT_USER_CONFIRM
16.280000,0.554499,-0.000000,0.264962,0.000000,0.000000,0.000000,-8.380134,WAIT_USER_CONFIRM
16.282000,0.554499,-0.000000,0.264962,0.000000,0.000000,0.000000,-8.380134,WAIT_USER_CONFIRM
16.284000,0.554499,-0.000000,0.264962,0.000000,0.000000,0.000000,-8.380134,WAIT_USER_CONFIRM
16.286000,0.554499,-0.000000,0.264962,0.000000,0.000000,0.000000,-8.380134,WAIT_USER_CONFIRM
16.288000,0.554499,-0.000000,0.264962,0.000000,0.000000,0.000000,-8.380134,WAIT_USER_CONFIRM
16.290000,0.554499,-0.000000,0.264962,0.000000,0.000000,0.000000,-8.380134,WAIT_USER_CONFIRM
16.292000,0.554499,-0.000000,0.264962,0.000000,0.000000,0.000000,-8.380134,WAIT_USER_CONFIRM
16.294000,0.554499,-0.000000,0.264962,0.000000,0.000000,0.000000,-8.380134,WAIT_USER_CONFIRM
16.296000,0.554499,-0.000000,0.264962,0.000000,0.000000,0.000000,-8.380134,WAIT_USER_CONFIRM
16.298000,0.554499,-0.000000,0.264962,0.000000,0.000000,0.000000,-8.380134,WAIT_USER_CONFIRM
16.300000,0.554499,-0.000000,0.264962,0.000000,0.000000,0.000000,-8.380134,WAIT_USER_CONFIRM
16.302000,0.554499,-0.000000,0.264962,0.000000,0.000000,0.000000,-8.380134,WAIT_USER_CONFIRM
16.304000,0.554499,-0.000000,0.264962,0.000000,0.000000,0.000000,-8.380134,WAIT_USER_CONFIRM
16.306000,0.554499,-0.000000,0.264962,0.000000,0.000000,0.000000,-8.380134,WAIT_USER_CONFIRM
16.308000,0.554499,-0.000000,0.264962,0.000000,0.000000,0.000000,-8.380134,WAIT_USER_CONFIRM
16.310000,0.554499,-0.000000,0.264962,0.000000,0.000000,0.000000,-8.380134,WAIT_USER_CONFIRM
16.312000,0.554499,-0.000000,0.264962,0.000000,0.000000,0.000000,-8.380134,WAIT_USER_CONFIRM
16.314000,0.554499,-0.000000,0.264962,0.000000,0.000000,0.000000,-8.380134,WAIT_USER_CONFIRM
16.316000,0.554499,-0.000000,0.264962,0.000000,0.000000,0.000000,-8.380134,WAIT_USER_CONFIRM
16.318000,0.554499,-0.000000,0.264962,0.000000,0.000000,0.000000,-8.380134,WAIT_USER_CONFIRM
16.320000,0.554499,-0.000000,0.264962,0.000000,0.000000,0.000000,-8.380134,WAIT_USER_CONFIRM
16.322000,0.554499,-0.000000,0.264962,0.000000,0.000000,0.000000,-8.380134,WAIT_USER_CONFIRM
16.324000,0.554499,-0.000000,0.264962,0.000000,0.000000,0.000000,-8.380134,WAIT_USER_CONFIRM
16.326000,0.554499,-0.000000,0.264962,0.000000,0.000000,0.000000,-8.380134,WAIT_USER_CONFIRM
16.328000,0.554499,-0.000000,0.264962,0.000000,0.000000,0.000000,-8.380134,WAIT_USER_CONFIRM
16.330000,0.554499,-0.000000,0.264962,0.000000,0.000000,0.000000,-8.380134,WAIT_USER_CONFIRM
16.332000,0.554499,-0.000000,0.264962,0.000000,0.000000,0.000000,-8.380134,WAIT_USER_CONFIRM
16.334000,0.554499,-0.000000,0.264962,0.000000,0.000000,0.000000,-8.380134,WAIT_USER_CONFIRM
16.336000,0.554499,-0.000000,0.264962,0.000000,0.000000,0.000000,-8.380134,WAIT_USER_CONFIRM
16.338000,0.554499,-0.000000,0.264962,0.000000,0.000000,0.000000,-8.380134,WAIT_USER_CONFIRM
16.340000,0.554499,-0.000000,0.264962,0.000000,0.000000,0.000000,-8.380134,WAIT_USER_CONFIRM
16.342000,0.554499,-0.000000,0.264962,0.000000,0.000000,0.000000,-8.380134,WAIT_USER_CONFIRM
16.344000,0.554499,-0.000000,0.264962,0.000000,0.000000,0.000000,-8.380134,WAIT_USER_CONFIRM
16.346000,0.554499,-0.000000,0.264962,0.000000,0.000000,0.000000,-8.380134,WAIT_USER_CONFIRM
16.348000,0.554499,-0.000000,0.264962,0.000000,0.000000,0.000000,-8.380134,WAIT_USER_CONFIRM
16.350000,0.554499,-0.000000,0.264962,0.000000,0.000000,0.000000,-8.380134,WAIT_USER_CONFIRM
16.352000,0.554499,-0.000000,0.264962,0.000000,0.000000,0.000000,-8.380134,WAIT_USER_CONFIRM
16.354000,0.554499,-0.000000,0.264962,0.000000,0.000000,0.000000,-8.380134,WAIT_USER_CONFIRM
16.356000,0.554499,-0.000000,0.264962,0.000000,0.000000,0.000000,-8.380134,WAIT_USER_CONFIRM
16.358000,0.554499,-0.000000,0.264962,0.000000,0.000000,0.000000,-8.380134,WAIT_USER_CONFIRM
16.360000,0.554499,-0.000000,0.264962,0.000000,0.000000,0.000000,-8.380134,WAIT_USER_CONFIRM
16.362000,0.554499,-0.000000,0.264962,0.000000,0.000000,0.000000,-8.380134,WAIT_USER_CONFIRM
16.364000,0.554499,-0.000000,0.264962,0.000000,0.000000,0.000000,-8.380134,WAIT_USER_CONFIRM
16.366000,0.554499,-0.000000,0.264962,0.000000,0.000000,0.000000,-8.380134,WAIT_USER_CONFIRM
16.368000,0.554499,-0.000000,0.264962,0.000000,0.000000,0.000000,-8.380134,WAIT_USER_CONFIRM
16.370000,0.554499,-0.000000,0.264962,0.000000,0.000000,0.000000,-8.380134,WAIT_USER_CONFIRM
16.372000,0.554499,-0.000000,0.264962,0.000000,0.000000,0.000000,-8.380134,WAIT_USER_CONFIRM
16.374000,0.554499,-0.000000,0.264962,0.000000,0.000000,0.000000,-8.380134,WAIT_USER_CONFIRM
16.376000,0.554499,-0.000000,0.264962,0.000000,0.000000,0.000000,-8.380134,WAIT_USER_CONFIRM
16.378000,0.554499,-0.000000,0.264962,0.000000,0.000000,0.000000,-8.380134,WAIT_USER_CONFIRM
16.380000,0.554499,-0.000000,0.264962,0.000000,0.000000,0.000000,-8.380134,WAIT_USER_CONFIRM
16.382000,0.554499,-0.000000,0.264962,0.000000,0.000000,0.000000,-8.380134,WAIT_USER_CONFIRM
16.384000,0.554499,-0.000000,0.264962,0.000000,0.000000,0.000000,-8.380134,WAIT_USER_CONFIRM
16.386000,0.554499,-0.000000,0.264962,0.000000,0.000000,0.000000,-8.380134,WAIT_USER_CONFIRM
16.388000,0.554499,-0.000000,0.264962,0.000000,0.000000,0.000000,-8.380134,WAIT_USER_CONFIRM
16.390000,0.554499,-0.000000,0.264962,0.000000,0.000000,0.000000,-8.380134,WAIT_USER_CONFIRM
16.392000,0.554499,-0.000000,0.264962,0.000000,0.000000,0.000000,-8.380134,WAIT_USER_CONFIRM
16.394000,0.554499,-0.000000,0.264962,0.000000,0.000000,0.000000,-8.380134,WAIT_USER_CONFIRM
16.396000,0.554499,-0.000000,0.264962,0.000000,0.000000,0.000000,-8.380134,WAIT_USER_CONFIRM
16.398000,0.554499,-0.000000,0.264962,0.000000,0.000000,0.000000,-8.380134,WAIT_USER_CONFIRM
16.400000,0.554499,-0.000000,0.264962,0.000000,0.000000,0.000000,-8.380134,WAIT_USER_CONFIRM
16.402000,0.554499,-0.000000,0.264962,0.000000,0.000000,0.000000,-8.380134,WAIT_USER_CONFIRM
16.404000,0.554499,-0.000000,0.264962,0.000000,0.000000,0.000000,-8.380134,WAIT_USER_CONFIRM
16.406000,0.554499,-0.000000,0.264962,0.000000,0.000000,0.000000,-8.380134,WAIT_USER_CONFIRM
16.408000,0.554499,-0.000000,0.264962,0.000000,0.000000,0.000000,-8.380134,WAIT_USER_CONFIRM
16.410000,0.554499,-0.000000,0.264962,0.000000,0.000000,0.000000,-8.380134,WAIT_USER_CONFIRM
16.412000,0.554499,-0.000000,0.264962,0.000000,0.000000,0.000000,-8.380134,WAIT_USER_CONFIRM
16.414000,0.554499,-0.000000,0.264962,0.000000,0.000000,0.000000,-8.380134,WAIT_USER_CONFIRM
16.416000,0.554499,-0.000000,0.264962,0.000000,0.000000,0.000000,-8.380134,WAIT_USER_CONFIRM
16.418000,0.554499,-0.000000,0.264962,0.000000,0.000000,0.000000,-8.380134,WAIT_USER_CONFIRM
16.420000,0.554499,-0.000000,0.264962,0.000000,0.000000,0.000000,-8.380134,WAIT_USER_CONFIRM
16.422000,0.554499,-0.000000,0.264962,0.000000,0.000000,0.000000,-8.380134,WAIT_USER_CONFIRM
16.424000,0.554499,-0.000000,0.264962,0.000000,0.000000,0.000000,-8.380134,WAIT_USER_CONFIRM
16.426000,0.554499,-0.000000,0.264962,0.000000,0.000000,0.000000,-8.380134,WAIT_USER_CONFIRM
16.428000,0.554499,-0.000000,0.264962,0.000000,0.000000,0.000000,-8.380134,WAIT_USER_CONFIRM
16.430000,0.554499,-0.000000,0.264962,0.000000,0.000000,0.000000,-8.380134,WAIT_USER_CONFIRM
16.432000,0.554499,-0.000000,0.264962,0.000000,0.000000,0.000000,-8.380134,WAIT_USER_CONFIRM
16.434000,0.554499,-0.000000,0.264962,0.000000,0.000000,0.000000,-8.380134,WAIT_USER_CONFIRM
16.436000,0.554499,-0.000000,0.264962,0.000000,0.000000,0.000000,-8.380134,WAIT_USER_CONFIRM
16.438000,0.554499,-0.000000,0.264962,0.000000,0.000000,0.000000,-8.380134,WAIT_USER_CONFIRM
16.440000,0.554499,-0.000000,0.264962,0.000000,0.000000,0.000000,-8.380134,WAIT_USER_CONFIRM
16.442000,0.554499,-0.000000,0.264962,0.000000,0.000000,0.000000,-8.380134,WAIT_USER_CONFIRM
16.444000,0.554499,-0.000000,0.264962,0.000000,0.000000,0.000000,-8.380134,WAIT_USER_CONFIRM
16.446000,0.554499,-0.000000,0.264962,0.000000,0.000000,0.000000,-8.380134,WAIT_USER_CONFIRM
16.448000,0.554499,-0.000000,0.264962,0.000000,0.000000,0.000000,-8.380134,WAIT_USER_CONFIRM
16.450000,0.554499,-0.000000,0.264962,0.000000,0.000000,0.000000,-8.380134,WAIT_USER_CONFIRM
16.452000,0.554499,-0.000000,0.264962,0.000000,0.000000,0.000000,-8.380134,WAIT_USER_CONFIRM
16.454000,0.554499,-0.000000,0.264962,0.000000,0.000000,0.000000,-8.380134,WAIT_USER_CONFIRM
16.456000,0.554499,-0.000000,0.264962,0.000000,0.000000,0.000000,-8.380134,WAIT_USER_CONFIRM
16.458000,0.554499,-0.000000,0.264962,0.000000,0.000000,0.000000,-8.380134,WAIT_USER_CONFIRM
16.460000,0.554499,-0.000000,0.264962,0.000000,0.000000,0.000000,-8.380134,WAIT_USER_CONFIRM
16.462000,0.554499,-0.000000,0.264962,0.000000,0.000000,0.000000,-8.380134,WAIT_USER_CONFIRM
16.464000,0.554499,-0.000000,0.264962,0.000000,0.000000,0.000000,-8.380134,WAIT_USER_CONFIRM
16.466000,0.554499,-0.000000,0.264962,0.000000,0.000000,0.000000,-8.380134,WAIT_USER_CONFIRM
16.468000,0.554499,-0.000000,0.264962,0.000000,0.000000,0.000000,-8.380134,WAIT_USER_CONFIRM
16.470000,0.554499,-0.000000,0.264962,0.000000,0.000000,0.000000,-8.380134,WAIT_USER_CONFIRM
16.472000,0.554499,-0.000000,0.264962,0.000000,0.000000,0.000000,-8.380134,WAIT_USER_CONFIRM
16.474000,0.554499,-0.000000,0.264962,0.000000,0.000000,0.000000,-8.380134,WAIT_USER_CONFIRM
16.476000,0.554499,-0.000000,0.264962,0.000000,0.000000,0.000000,-8.380134,WAIT_USER_CONFIRM
16.478000,0.554499,-0.000000,0.264962,0.000000,0.000000,0.000000,-8.380134,WAIT_USER_CONFIRM
16.480000,0.554499,-0.000000,0.264962,0.000000,0.000000,0.000000,-8.380134,WAIT_USER_CONFIRM
16.482000,0.554499,-0.000000,0.264962,0.000000,0.000000,0.000000,-8.380134,WAIT_USER_CONFIRM
16.484000,0.554499,-0.000000,0.264962,0.000000,0.000000,0.000000,-8.380134,WAIT_USER_CONFIRM
16.486000,0.554499,-0.000000,0.264962,0.000000,0.000000,0.000000,-8.380134,WAIT_USER_CONFIRM
16.488000,0.554499,-0.000000,0.264962,0.000000,0.000000,0.000000,-8.380134,WAIT_USER_CONFIRM
16.490000,0.554499,-0.000000,0.264962,0.000000,0.000000,0.000000,-8.380134,WAIT_USER_CONFIRM
16.492000,0.554499,-0.000000,0.264962,0.000000,0.000000,0.000000,-8.380134,WAIT_USER_CONFIRM
16.494000,0.554499,-0.000000,0.264962,0.000000,0.000000,0.000000,-8.380134,WAIT_USER_CONFIRM
16.496000,0.554499,-0.000000,0.264962,0.000000,0.000000,0.000000,-8.380134,WAIT_USER_CONFIRM
16.498000,0.554499,-0.000000,0.264962,0.000000,0.000000,0.000000,-8.380134,WAIT_USER_CONFIRM
16.500000,0.554499,-0.000000,0.264962,0.000000,0.000000,0.000000,-8.380134,WAIT_USER_CONFIRM
16.502000,0.554499,-0.000000,0.264962,0.000000,0.000000,0.000000,-8.380134,WAIT_USER_CONFIRM
16.504000,0.554499,-0.000000,0.264962,0.000000,0.000000,0.000000,-8.380134,WAIT_USER_CONFIRM
16.506000,0.554499,-0.000000,0.264962,0.000000,0.000000,0.000000,-8.380134,WAIT_USER_CONFIRM
16.508000,0.554499,-0.000000,0.264962,0.000000,0.000000,0.000000,-8.380134,WAIT_USER_CONFIRM
16.510000,0.554499,-0.000000,0.264962,0.000000,0.000000,0.000000,-8.380134,WAIT_USER_CONFIRM
16.512000,0.554499,-0.000000,0.264962,0.000000,0.000000,0.000000,-8.380134,WAIT_USER_CONFIRM
16.514000,0.554499,-0.000000,0.264962,0.000000,0.000000,0.000000,-8.380134,WAIT_USER_CONFIRM
16.516000,0.554499,-0.000000,0.264962,0.000000,0.000000,0.000000,-8.380134,WAIT_USER_CONFIRM
16.518000,0.554499,-0.000000,0.264962,0.000000,0.000000,0.000000,-8.380134,WAIT_USER_CONFIRM
16.520000,0.554499,-0.000000,0.264962,0.000000,0.000000,0.000000,-8.380134,WAIT_USER_CONFIRM
16.522000,0.554499,-0.000000,0.264962,0.000000,0.000000,0.000000,-8.380134,WAIT_USER_CONFIRM
16.524000,0.554499,-0.000000,0.264962,0.000000,0.000000,0.000000,-8.380134,WAIT_USER_CONFIRM
16.526000,0.554499,-0.000000,0.264962,0.000000,0.000000,0.000000,-8.380134,WAIT_USER_CONFIRM
16.528000,0.554499,-0.000000,0.264962,0.000000,0.000000,0.000000,-8.380134,WAIT_USER_CONFIRM
16.530000,0.554499,-0.000000,0.264962,0.000000,0.000000,0.000000,-8.380134,WAIT_USER_CONFIRM
16.532000,0.554499,-0.000000,0.264962,0.000000,0.000000,0.000000,-8.380134,WAIT_USER_CONFIRM
16.534000,0.554499,-0.000000,0.264962,0.000000,0.000000,0.000000,-8.380134,WAIT_USER_CONFIRM
16.536000,0.554499,-0.000000,0.264962,0.000000,0.000000,0.000000,-8.380134,WAIT_USER_CONFIRM
16.538000,0.554499,-0.000000,0.264962,0.000000,0.000000,0.000000,-8.380134,WAIT_USER_CONFIRM
16.540000,0.554499,-0.000000,0.264962,0.000000,0.000000,0.000000,-8.380134,WAIT_USER_CONFIRM
16.542000,0.554499,-0.000000,0.264962,0.000000,0.000000,0.000000,-8.380134,WAIT_USER_CONFIRM
16.544000,0.554499,-0.000000,0.264962,0.000000,0.000000,0.000000,-8.380134,WAIT_USER_CONFIRM
16.546000,0.554499,-0.000000,0.264962,0.000000,0.000000,0.000000,-8.380134,WAIT_USER_CONFIRM
16.548000,0.554499,-0.000000,0.264962,0.000000,0.000000,0.000000,-8.380134,WAIT_USER_CONFIRM
16.550000,0.554499,-0.000000,0.264962,0.000000,0.000000,0.000000,-8.380134,WAIT_USER_CONFIRM
16.552000,0.554499,-0.000000,0.264962,0.000000,0.000000,0.000000,-8.380134,WAIT_USER_CONFIRM
16.554000,0.554499,-0.000000,0.264962,0.000000,0.000000,0.000000,-8.380134,WAIT_USER_CONFIRM
16.556000,0.554499,-0.000000,0.264962,0.000000,0.000000,0.000000,-8.380134,WAIT_USER_CONFIRM
16.558000,0.554499,-0.000000,0.264962,0.000000,0.000000,0.000000,-8.380134,WAIT_USER_CONFIRM
16.560000,0.554499,-0.000000,0.264962,0.000000,0.000000,0.000000,-8.380134,WAIT_USER_CONFIRM
16.562000,0.554499,-0.000000,0.264962,0.000000,0.000000,0.000000,-8.380134,WAIT_USER_CONFIRM
16.564000,0.554499,-0.000000,0.264962,0.000000,0.000000,0.000000,-8.380134,WAIT_USER_CONFIRM
16.566000,0.554499,-0.000000,0.264962,0.000000,0.000000,0.000000,-8.380134,WAIT_USER_CONFIRM
16.568000,0.554499,-0.000000,0.264962,0.000000,0.000000,0.000000,-8.380134,WAIT_USER_CONFIRM
16.570000,0.554499,-0.000000,0.264962,0.000000,0.000000,0.000000,-8.380134,WAIT_USER_CONFIRM
16.572000,0.554499,-0.000000,0.264962,0.000000,0.000000,0.000000,-8.380134,WAIT_USER_CONFIRM
16.574000,0.554499,-0.000000,0.264962,0.000000,0.000000,0.000000,-8.380134,WAIT_USER_CONFIRM
16.576000,0.554499,-0.000000,0.264962,0.000000,0.000000,0.000000,-8.380134,WAIT_USER_CONFIRM
16.578000,0.554499,-0.000000,0.264962,0.000000,0.000000,0.000000,-8.380134,WAIT_USER_CONFIRM
16.580000,0.554499,-0.000000,0.264962,0.000000,0.000000,0.000000,-8.380134,WAIT_USER_CONFIRM
16.582000,0.554499,-0.000000,0.264962,0.000000,0.000000,0.000000,-8.380134,WAIT_USER_CONFIRM
16.584000,0.554499,-0.000000,0.264962,0.000000,0.000000,0.000000,-8.380134,WAIT_USER_CONFIRM
16.586000,0.554499,-0.000000,0.264962,0.000000,0.000000,0.000000,-8.380134,WAIT_USER_CONFIRM
16.588000,0.554499,-0.000000,0.264962,0.000000,0.000000,0.000000,-8.380134,WAIT_USER_CONFIRM
16.590000,0.554499,-0.000000,0.264962,0.000000,0.000000,0.000000,-8.380134,WAIT_USER_CONFIRM
16.592000,0.554499,-0.000000,0.264962,0.000000,0.000000,0.000000,-8.380134,WAIT_USER_CONFIRM
16.594000,0.554499,-0.000000,0.264962,0.000000,0.000000,0.000000,-8.380134,WAIT_USER_CONFIRM
16.596000,0.554499,-0.000000,0.264962,0.000000,0.000000,0.000000,-8.380134,WAIT_USER_CONFIRM
16.598000,0.554499,-0.000000,0.264962,0.000000,0.000000,0.000000,-8.380134,WAIT_USER_CONFIRM
16.600000,0.554499,-0.000000,0.264962,0.000000,0.000000,0.000000,-8.380134,WAIT_USER_CONFIRM
16.602000,0.554499,-0.000000,0.264962,0.000000,0.000000,0.000000,-8.380134,WAIT_USER_CONFIRM
16.604000,0.554499,-0.000000,0.264962,0.000000,0.000000,0.000000,-8.380134,WAIT_USER_CONFIRM
16.606000,0.554499,-0.000000,0.264962,0.000000,0.000000,0.000000,-8.380134,WAIT_USER_CONFIRM
16.608000,0.554499,-0.000000,0.264962,0.000000,0.000000,0.000000,-8.380134,WAIT_USER_CONFIRM
16.610000,0.554499,-0.000000,0.264962,0.000000,0.000000,0.000000,-8.380134,WAIT_USER_CONFIRM
16.612000,0.554499,-0.000000,0.264962,0.000000,0.000000,0.000000,-8.380134,WAIT_USER_CONFIRM
16.614000,0.554499,-0.000000,0.264962,0.000000,0.000000,0.000000,-8.380134,WAIT_USER_CONFIRM
16.616000,0.554499,-0.000000,0.264962,0.000000,0.000000,0.000000,-8.380134,WAIT_USER_CONFIRM
16.618000,0.554499,-0.000000,0.264962,0.000000,0.000000,0.000000,-8.380134,WAIT_USER_CONFIRM
16.620000,0.554499,-0.000000,0.264962,0.000000,0.000000,0.000000,-8.380134,WAIT_USER_CONFIRM
16.622000,0.554499,-0.000000,0.264962,0.000000,0.000000,0.000000,-8.380134,WAIT_USER_CONFIRM
16.624000,0.554499,-0.000000,0.264962,0.000000,0.000000,0.000000,-8.380134,WAIT_USER_CONFIRM
16.626000,0.554499,-0.000000,0.264962,0.000000,0.000000,0.000000,-8.380134,WAIT_USER_CONFIRM
16.628000,0.554499,-0.000000,0.264962,0.000000,0.000000,0.000000,-8.380134,WAIT_USER_CONFIRM
16.630000,0.554499,-0.000000,0.264962,0.000000,0.000000,0.000000,-8.380134,WAIT_USER_CONFIRM
16.632000,0.554499,-0.000000,0.264962,0.000000,0.000000,0.000000,-8.380134,WAIT_USER_CONFIRM
16.634000,0.554499,-0.000000,0.264962,0.000000,0.000000,0.000000,-8.380134,WAIT_USER_CONFIRM
16.636000,0.554499,-0.000000,0.264962,0.000000,0.000000,0.000000,-8.380134,WAIT_USER_CONFIRM
16.638000,0.554499,-0.000000,0.264962,0.000000,0.000000,0.000000,-8.380134,WAIT_USER_CONFIRM
16.640000,0.554499,-0.000000,0.264962,0.000000,0.000000,0.000000,-8.380134,WAIT_USER_CONFIRM
16.642000,0.554499,-0.000000,0.264962,0.000000,0.000000,0.000000,-8.380134,WAIT_USER_CONFIRM
16.644000,0.554499,-0.000000,0.264962,0.000000,0.000000,0.000000,-8.380134,WAIT_USER_CONFIRM
16.646000,0.554499,-0.000000,0.264962,0.000000,0.000000,0.000000,-8.380134,WAIT_USER_CONFIRM
16.648000,0.554499,-0.000000,0.264962,0.000000,0.000000,0.000000,-8.380134,WAIT_USER_CONFIRM
16.650000,0.554499,-0.000000,0.264962,0.000000,0.000000,0.000000,-8.380134,WAIT_USER_CONFIRM
16.652000,0.554499,-0.000000,0.264962,0.000000,0.000000,0.000000,-8.380134,WAIT_USER_CONFIRM
16.654000,0.554499,-0.000000,0.264962,0.000000,0.000000,0.000000,-8.380134,WAIT_USER_CONFIRM
16.656000,0.554499,-0.000000,0.264962,0.000000,0.000000,0.000000,-8.380134,WAIT_USER_CONFIRM
16.658000,0.554499,-0.000000,0.264962,0.000000,0.000000,0.000000,-8.380134,WAIT_USER_CONFIRM
16.660000,0.554499,-0.000000,0.264962,0.000000,0.000000,0.000000,-8.380134,WAIT_USER_CONFIRM
16.662000,0.554499,-0.000000,0.264962,0.000000,0.000000,0.000000,-8.380134,WAIT_USER_CONFIRM
16.664000,0.554499,-0.000000,0.264962,0.000000,0.000000,0.000000,-8.380134,WAIT_USER_CONFIRM
16.666000,0.554499,-0.000000,0.264962,0.000000,0.000000,0.000000,-8.380134,WAIT_USER_CONFIRM
16.668000,0.554499,-0.000000,0.264962,0.000000,0.000000,0.000000,-8.380134,WAIT_USER_CONFIRM
16.670000,0.554499,-0.000000,0.264962,0.000000,0.000000,0.000000,-8.380134,WAIT_USER_CONFIRM
16.672000,0.554499,-0.000000,0.264962,0.000000,0.000000,0.000000,-8.380134,WAIT_USER_CONFIRM
16.674000,0.554499,-0.000000,0.264962,0.000000,0.000000,0.000000,-8.380134,WAIT_USER_CONFIRM
16.676000,0.554499,-0.000000,0.264962,0.000000,0.000000,0.000000,-8.380134,WAIT_USER_CONFIRM
16.678000,0.554499,-0.000000,0.264962,0.000000,0.000000,0.000000,-8.380134,WAIT_USER_CONFIRM
16.680000,0.554499,-0.000000,0.264962,0.000000,0.000000,0.000000,-8.380134,WAIT_USER_CONFIRM
16.682000,0.554499,-0.000000,0.264962,0.000000,0.000000,0.000000,-8.380134,WAIT_USER_CONFIRM
16.684000,0.554499,-0.000000,0.264962,0.000000,0.000000,0.000000,-8.380134,WAIT_USER_CONFIRM
16.686000,0.554499,-0.000000,0.264962,0.000000,0.000000,0.000000,-8.380134,WAIT_USER_CONFIRM
16.688000,0.554499,-0.000000,0.264962,0.000000,0.000000,0.000000,-8.380134,WAIT_USER_CONFIRM
16.690000,0.554499,-0.000000,0.264962,0.000000,0.000000,0.000000,-8.380134,WAIT_USER_CONFIRM
16.692000,0.554499,-0.000000,0.264962,0.000000,0.000000,0.000000,-8.380134,WAIT_USER_CONFIRM
16.694000,0.554499,-0.000000,0.264962,0.000000,0.000000,0.000000,-8.380134,WAIT_USER_CONFIRM
16.696000,0.554499,-0.000000,0.264962,0.000000,0.000000,0.000000,-8.380134,WAIT_USER_CONFIRM
16.698000,0.554499,-0.000000,0.264962,0.000000,0.000000,0.000000,-8.380134,WAIT_USER_CONFIRM
16.700000,0.554499,-0.000000,0.264962,0.000000,0.000000,0.000000,-8.380134,WAIT_USER_CONFIRM
16.702000,0.554499,-0.000000,0.264962,0.000000,0.000000,0.000000,-8.380134,WAIT_USER_CONFIRM
16.704000,0.554499,-0.000000,0.264962,0.000000,0.000000,0.000000,-8.380134,WAIT_USER_CONFIRM
16.706000,0.554499,-0.000000,0.264962,0.000000,0.000000,0.000000,-8.380134,WAIT_USER_CONFIRM
16.708000,0.554499,-0.000000,0.264962,0.000000,0.000000,0.000000,-8.380134,WAIT_USER_CONFIRM
16.710000,0.554499,-0.000000,0.264962,0.000000,0.000000,0.000000,-8.380134,WAIT_USER_CONFIRM
16.712000,0.554499,-0.000000,0.264962,0.000000,0.000000,0.000000,-8.380134,WAIT_USER_CONFIRM
16.714000,0.554499,-0.000000,0.264962,0.000000,0.000000,0.000000,-8.380134,WAIT_USER_CONFIRM
16.716000,0.554499,-0.000000,0.264962,0.000000,0.000000,0.000000,-8.380134,WAIT_USER_CONFIRM
16.718000,0.554499,-0.000000,0.264962,0.000000,0.000000,0.000000,-8.380134,WAIT_USER_CONFIRM
16.720000,0.554499,-0.000000,0.264962,0.000000,0.000000,0.000000,-8.380134,WAIT_USER_CONFIRM
16.722000,0.554499,-0.000000,0.264962,0.000000,0.000000,0.000000,-8.380134,WAIT_USER_CONFIRM
16.724000,0.554499,-0.000000,0.264962,0.000000,0.000000,0.000000,-8.380134,WAIT_USER_CONFIRM
16.726000,0.554499,-0.000000,0.264962,0.000000,0.000000,0.000000,-8.380134,WAIT_USER_CONFIRM
16.728000,0.554499,-0.000000,0.264962,0.000000,0.000000,0.000000,-8.380134,WAIT_USER_CONFIRM
16.730000,0.554499,-0.000000,0.264962,0.000000,0.000000,0.000000,-8.380134,WAIT_USER_CONFIRM
16.732000,0.554499,-0.000000,0.264962,0.000000,0.000000,0.000000,-8.380134,WAIT_USER_CONFIRM
16.734000,0.554499,-0.000000,0.264962,0.000000,0.000000,0.000000,-8.380134,WAIT_USER_CONFIRM
16.736000,0.554499,-0.000000,0.264962,0.000000,0.000000,0.000000,-8.380134,WAIT_USER_CONFIRM
16.738000,0.554499,-0.000000,0.264962,0.000000,0.000000,0.000000,-8.380134,WAIT_USER_CONFIRM
16.740000,0.554499,-0.000000,0.264962,0.000000,0.000000,0.000000,-8.380134,WAIT_USER_CONFIRM
16.742000,0.554499,-0.000000,0.264962,0.000000,0.000000,0.000000,-8.380134,WAIT_USER_CONFIRM
16.744000,0.554499,-0.000000,0.264962,0.000000,0.000000,0.000000,-8.380134,WAIT_USER_CONFIRM
16.746000,0.554499,-0.000000,0.264962,0.000000,0.000000,0.000000,-8.380134,WAIT_USER_CONFIRM
16.748000,0.554499,-0.000000,0.264962,0.000000,0.000000,0.000000,-8.380134,WAIT_USER_CONFIRM
16.750000,0.554499,-0.000000,0.264962,0.000000,0.000000,0.000000,-8.380134,WAIT_USER_CONFIRM
16.752000,0.554499,-0.000000,0.264962,0.000000,0.000000,0.000000,-8.380134,WAIT_USER_CONFIRM
16.754000,0.554499,-0.000000,0.264962,0.000000,0.000000,0.000000,-8.380134,WAIT_USER_CONFIRM
16.756000,0.554499,-0.000000,0.264962,0.000000,0.000000,0.000000,-8.380134,WAIT_USER_CONFIRM
16.758000,0.554499,-0.000000,0.264962,0.000000,0.000000,0.000000,-8.380134,WAIT_USER_CONFIRM
16.760000,0.554499,-0.000000,0.264962,0.000000,0.000000,0.000000,-8.380134,WAIT_USER_CONFIRM
16.762000,0.554499,-0.000000,0.264962,0.000000,0.000000,0.000000,-8.380134,WAIT_USER_CONFIRM
16.764000,0.554499,-0.000000,0.264962,0.000000,0.000000,0.000000,-8.380134,WAIT_USER_CONFIRM
16.766000,0.554499,-0.000000,0.264962,0.000000,0.000000,0.000000,-8.380134,WAIT_USER_CONFIRM
16.768000,0.554499,-0.000000,0.264962,0.000000,0.000000,0.000000,-8.380134,WAIT_USER_CONFIRM
16.770000,0.554499,-0.000000,0.264962,0.000000,0.000000,0.000000,-8.380134,WAIT_USER_CONFIRM
16.772000,0.554499,-0.000000,0.264962,0.000000,0.000000,0.000000,-8.380134,WAIT_USER_CONFIRM
16.774000,0.554499,-0.000000,0.264962,0.000000,0.000000,0.000000,-8.380134,WAIT_USER_CONFIRM
16.776000,0.554499,-0.000000,0.264962,0.000000,0.000000,0.000000,-8.380134,WAIT_USER_CONFIRM
16.778000,0.554499,-0.000000,0.264962,0.000000,0.000000,0.000000,-8.380134,WAIT_USER_CONFIRM
16.780000,0.554499,-0.000000,0.264962,0.000000,0.000000,0.000000,-8.380134,WAIT_USER_CONFIRM
16.782000,0.554499,-0.000000,0.264962,0.000000,0.000000,0.000000,-8.380134,WAIT_USER_CONFIRM
16.784000,0.554499,-0.000000,0.264962,0.000000,0.000000,0.000000,-8.380134,WAIT_USER_CONFIRM
16.786000,0.554499,-0.000000,0.264962,0.000000,0.000000,0.000000,-8.380134,WAIT_USER_CONFIRM
16.788000,0.554499,-0.000000,0.264962,0.000000,0.000000,0.000000,-8.380134,WAIT_USER_CONFIRM
16.790000,0.554499,-0.000000,0.264962,0.000000,0.000000,0.000000,-8.380134,WAIT_USER_CONFIRM
16.792000,0.554499,-0.000000,0.264962,0.000000,0.000000,0.000000,-8.380134,WAIT_USER_CONFIRM
16.794000,0.554499,-0.000000,0.264962,0.000000,0.000000,0.000000,-8.380134,WAIT_USER_CONFIRM
16.796000,0.554499,-0.000000,0.264962,0.000000,0.000000,0.000000,-8.380134,WAIT_USER_CONFIRM
16.798000,0.554499,-0.000000,0.264962,0.000000,0.000000,0.000000,-8.380134,WAIT_USER_CONFIRM
16.800000,0.554499,-0.000000,0.264962,0.000000,0.000000,0.000000,-8.380134,WAIT_USER_CONFIRM
16.802000,0.554499,-0.000000,0.264962,0.000000,0.000000,0.000000,-8.380134,WAIT_USER_CONFIRM
16.804000,0.554499,-0.000000,0.264962,0.000000,0.000000,0.000000,-8.380134,WAIT_USER_CONFIRM
16.806000,0.554499,-0.000000,0.264962,0.000000,0.000000,0.000000,-8.380134,WAIT_USER_CONFIRM
16.808000,0.554499,-0.000000,0.264962,0.000000,0.000000,0.000000,-8.380134,WAIT_USER_CONFIRM
16.810000,0.554499,-0.000000,0.264962,0.000000,0.000000,0.000000,-8.380134,WAIT_USER_CONFIRM
16.812000,0.554499,-0.000000,0.264962,0.000000,0.000000,0.000000,-8.380134,WAIT_USER_CONFIRM
16.814000,0.554499,-0.000000,0.264962,0.000000,0.000000,0.000000,-8.380134,WAIT_USER_CONFIRM
16.816000,0.554499,-0.000000,0.264962,0.000000,0.000000,0.000000,-8.380134,WAIT_USER_CONFIRM
16.818000,0.554499,-0.000000,0.264962,0.000000,0.000000,0.000000,-8.380134,WAIT_USER_CONFIRM
16.820000,0.554499,-0.000000,0.264962,0.000000,0.000000,0.000000,-8.380134,WAIT_USER_CONFIRM
16.822000,0.554499,-0.000000,0.264962,0.000000,0.000000,0.000000,-8.380134,WAIT_USER_CONFIRM
16.824000,0.554499,-0.000000,0.264962,0.000000,0.000000,0.000000,-8.380134,WAIT_USER_CONFIRM
16.826000,0.554499,-0.000000,0.264962,0.000000,0.000000,0.000000,-8.380134,WAIT_USER_CONFIRM
16.828000,0.554499,-0.000000,0.264962,0.000000,0.000000,0.000000,-8.380134,WAIT_USER_CONFIRM
16.830000,0.554499,-0.000000,0.264962,0.000000,0.000000,0.000000,-8.380134,WAIT_USER_CONFIRM
16.832000,0.554499,-0.000000,0.264962,0.000000,0.000000,0.000000,-8.380134,WAIT_USER_CONFIRM
16.834000,0.554499,-0.000000,0.264962,0.000000,0.000000,0.000000,-8.380134,WAIT_USER_CONFIRM
16.836000,0.554499,-0.000000,0.264962,0.000000,0.000000,0.000000,-8.380134,WAIT_USER_CONFIRM
16.838000,0.554499,-0.000000,0.264962,0.000000,0.000000,0.000000,-8.380134,WAIT_USER_CONFIRM
16.840000,0.554499,-0.000000,0.264962,0.000000,0.000000,0.000000,-8.380134,WAIT_USER_CONFIRM
16.842000,0.554499,-0.000000,0.264962,0.000000,0.000000,0.000000,-8.380134,WAIT_USER_CONFIRM
16.844000,0.554499,-0.000000,0.264962,0.000000,0.000000,0.000000,-8.380134,WAIT_USER_CONFIRM
16.846000,0.554499,-0.000000,0.264962,0.000000,0.000000,0.000000,-8.380134,WAIT_USER_CONFIRM
16.848000,0.554499,-0.000000,0.264962,0.000000,0.000000,0.000000,-8.380134,WAIT_USER_CONFIRM
16.850000,0.554499,-0.000000,0.264962,0.000000,0.000000,0.000000,-8.380134,WAIT_USER_CONFIRM
16.852000,0.554499,-0.000000,0.264962,0.000000,0.000000,0.000000,-8.380134,WAIT_USER_CONFIRM
16.854000,0.554499,-0.000000,0.264962,0.000000,0.000000,0.000000,-8.380134,WAIT_USER_CONFIRM
16.856000,0.554499,-0.000000,0.264962,0.000000,0.000000,0.000000,-8.380134,WAIT_USER_CONFIRM
16.858000,0.554499,-0.000000,0.264962,0.000000,0.000000,0.000000,-8.380134,WAIT_USER_CONFIRM
16.860000,0.554499,-0.000000,0.264962,0.000000,0.000000,0.000000,-8.380134,WAIT_USER_CONFIRM
16.862000,0.554499,-0.000000,0.264962,0.000000,0.000000,0.000000,-8.380134,WAIT_USER_CONFIRM
16.864000,0.554499,-0.000000,0.264962,0.000000,0.000000,0.000000,-8.380134,WAIT_USER_CONFIRM
16.866000,0.554499,-0.000000,0.264962,0.000000,0.000000,0.000000,-8.380134,WAIT_USER_CONFIRM
16.868000,0.554499,-0.000000,0.264962,0.000000,0.000000,0.000000,-8.380134,WAIT_USER_CONFIRM
16.870000,0.554499,-0.000000,0.264962,0.000000,0.000000,0.000000,-8.380134,WAIT_USER_CONFIRM
16.872000,0.554499,-0.000000,0.264962,0.000000,0.000000,0.000000,-8.380134,WAIT_USER_CONFIRM
16.874000,0.554499,-0.000000,0.264962,0.000000,0.000000,0.000000,-8.380134,WAIT_USER_CONFIRM
16.876000,0.554499,-0.000000,0.264962,0.000000,0.000000,0.000000,-8.380134,WAIT_USER_CONFIRM
16.878000,0.554499,-0.000000,0.264962,0.000000,0.000000,0.000000,-8.380134,WAIT_USER_CONFIRM
16.880000,0.554499,-0.000000,0.264962,0.000000,0.000000,0.000000,-8.380134,WAIT_USER_CONFIRM
16.882000,0.554499,-0.000000,0.264962,0.000000,0.000000,0.000000,-8.380134,WAIT_USER_CONFIRM
16.884000,0.554499,-0.000000,0.264962,0.000000,0.000000,0.000000,-8.380134,WAIT_USER_CONFIRM
16.886000,0.554499,-0.000000,0.264962,0.000000,0.000000,0.000000,-8.380134,WAIT_USER_CONFIRM
16.888000,0.554499,-0.000000,0.264962,0.000000,0.000000,0.000000,-8.380134,WAIT_USER_CONFIRM
16.890000,0.554499,-0.000000,0.264962,0.000000,0.000000,0.000000,-8.380134,WAIT_USER_CONFIRM
16.892000,0.554499,-0.000000,0.264962,0.000000,0.000000,0.000000,-8.380134,WAIT_USER_CONFIRM
16.894000,0.554499,-0.000000,0.264962,0.000000,0.000000,0.000000,-8.380134,WAIT_USER_CONFIRM
16.896000,0.554499,-0.000000,0.264962,0.000000,0.000000,0.000000,-8.380134,WAIT_USER_CONFIRM
16.898000,0.554499,-0.000000,0.264962,0.000000,0.000000,0.000000,-8.380134,WAIT_USER_CONFIRM
16.900000,0.554499,-0.000000,0.264962,0.000000,0.000000,0.000000,-8.380134,WAIT_USER_CONFIRM
16.902000,0.554499,-0.000000,0.264962,0.000000,0.000000,0.000000,-8.380134,WAIT_USER_CONFIRM
16.904000,0.554499,-0.000000,0.264962,0.000000,0.000000,0.000000,-8.380134,WAIT_USER_CONFIRM
16.906000,0.554499,-0.000000,0.264962,0.000000,0.000000,0.000000,-8.380134,WAIT_USER_CONFIRM
16.908000,0.554499,-0.000000,0.264962,0.000000,0.000000,0.000000,-8.380134,WAIT_USER_CONFIRM
16.910000,0.554499,-0.000000,0.264962,0.000000,0.000000,0.000000,-8.380134,WAIT_USER_CONFIRM
16.912000,0.554499,-0.000000,0.264962,0.000000,0.000000,0.000000,-8.380134,WAIT_USER_CONFIRM
16.914000,0.554499,-0.000000,0.264962,0.000000,0.000000,0.000000,-8.380134,WAIT_USER_CONFIRM
16.916000,0.554499,-0.000000,0.264962,0.000000,0.000000,0.000000,-8.380134,WAIT_USER_CONFIRM
16.918000,0.554499,-0.000000,0.264962,0.000000,0.000000,0.000000,-8.380134,WAIT_USER_CONFIRM
16.920000,0.554499,-0.000000,0.264962,0.000000,0.000000,0.000000,-8.380134,WAIT_USER_CONFIRM
16.922000,0.554499,-0.000000,0.264962,0.000000,0.000000,0.000000,-8.380134,WAIT_USER_CONFIRM
16.924000,0.554499,-0.000000,0.264962,0.000000,0.000000,0.000000,-8.380134,WAIT_USER_CONFIRM
16.926000,0.554499,-0.000000,0.264962,0.000000,0.000000,0.000000,-8.380134,WAIT_USER_CONFIRM
16.928000,0.554499,-0.000000,0.264962,0.000000,0.000000,0.000000,-8.380134,WAIT_USER_CONFIRM
16.930000,0.554499,-0.000000,0.264962,0.000000,0.000000,0.000000,-8.380134,WAIT_USER_CONFIRM
16.932000,0.554499,-0.000000,0.264962,0.000000,0.000000,0.000000,-8.380134,WAIT_USER_CONFIRM
16.934000,0.554499,-0.000000,0.264962,0.000000,0.000000,0.000000,-8.380134,WAIT_USER_CONFIRM
16.936000,0.554499,-0.000000,0.264962,0.000000,0.000000,0.000000,-8.380134,WAIT_USER_CONFIRM
16.938000,0.554499,-0.000000,0.264962,0.000000,0.000000,0.000000,-8.380134,WAIT_USER_CONFIRM
16.940000,0.554499,-0.000000,0.264962,0.000000,0.000000,0.000000,-8.380134,WAIT_USER_CONFIRM
16.942000,0.554499,-0.000000,0.264962,0.000000,0.000000,0.000000,-8.380134,WAIT_USER_CONFIRM
16.944000,0.554499,-0.000000,0.264962,0.000000,0.000000,0.000000,-8.380134,WAIT_USER_CONFIRM
16.946000,0.554499,-0.000000,0.264962,0.000000,0.000000,0.000000,-8.380134,WAIT_USER_CONFIRM
16.948000,0.554499,-0.000000,0.264962,0.000000,0.000000,0.000000,-8.380134,WAIT_USER_CONFIRM
16.950000,0.554499,-0.000000,0.264962,0.000000,0.000000,0.000000,-8.380134,WAIT_USER_CONFIRM
16.952000,0.554499,-0.000000,0.264962,0.000000,0.000000,0.000000,-8.380134,WAIT_USER_CONFIRM
16.954000,0.554499,-0.000000,0.264962,0.000000,0.000000,0.000000,-8.380134,WAIT_USER_CONFIRM
16.956000,0.554499,-0.000000,0.264962,0.000000,0.000000,0.000000,-8.380134,WAIT_USER_CONFIRM
16.958000,0.554499,-0.000000,0.264962,0.000000,0.000000,0.000000,-8.380134,WAIT_USER_CONFIRM
16.960000,0.554499,-0.000000,0.264962,0.000000,0.000000,0.000000,-8.380134,WAIT_USER_CONFIRM
16.962000,0.554499,-0.000000,0.264962,0.000000,0.000000,0.000000,-8.380134,WAIT_USER_CONFIRM
16.964000,0.554499,-0.000000,0.264962,0.000000,0.000000,0.000000,-8.380134,WAIT_USER_CONFIRM
16.966000,0.554499,-0.000000,0.264962,0.000000,0.000000,0.000000,-8.380134,WAIT_USER_CONFIRM
16.968000,0.554499,-0.000000,0.264962,0.000000,0.000000,0.000000,-8.380134,WAIT_USER_CONFIRM
16.970000,0.554499,-0.000000,0.264962,0.000000,0.000000,0.000000,-8.380134,WAIT_USER_CONFIRM
16.972000,0.554499,-0.000000,0.264962,0.000000,0.000000,0.000000,-8.380134,WAIT_USER_CONFIRM
16.974000,0.554499,-0.000000,0.264962,0.000000,0.000000,0.000000,-8.380134,WAIT_USER_CONFIRM
16.976000,0.554499,-0.000000,0.264962,0.000000,0.000000,0.000000,-8.380134,WAIT_USER_CONFIRM
16.978000,0.554499,-0.000000,0.264962,0.000000,0.000000,0.000000,-8.380134,WAIT_USER_CONFIRM
16.980000,0.554499,-0.000000,0.264962,0.000000,0.000000,0.000000,-8.380134,WAIT_USER_CONFIRM
16.982000,0.554499,-0.000000,0.264962,0.000000,0.000000,0.000000,-8.380134,WAIT_USER_CONFIRM
16.984000,0.554499,-0.000000,0.264962,0.000000,0.000000,0.000000,-8.380134,WAIT_USER_CONFIRM
16.986000,0.554499,-0.000000,0.264962,0.000000,0.000000,0.000000,-8.380134,WAIT_USER_CONFIRM
16.988000,0.554499,-0.000000,0.264962,0.000000,0.000000,0.000000,-8.380134,WAIT_USER_CONFIRM
16.990000,0.554499,-0.000000,0.264962,0.000000,0.000000,0.000000,-8.380134,WAIT_USER_CONFIRM
16.992000,0.554499,-0.000000,0.264962,0.000000,0.000000,0.000000,-8.380134,WAIT_USER_CONFIRM
16.994000,0.554499,-0.000000,0.264962,0.000000,0.000000,0.000000,-8.380134,WAIT_USER_CONFIRM
16.996000,0.554499,-0.000000,0.264962,0.000000,0.000000,0.000000,-8.380134,WAIT_USER_CONFIRM
16.998000,0.554499,-0.000000,0.264962,0.000000,0.000000,0.000000,-8.380134,WAIT_USER_CONFIRM
17.000000,0.554499,-0.000000,0.264962,0.000000,0.000000,0.000000,-8.380134,WAIT_USER_CONFIRM
17.002000,0.554499,-0.000000,0.264962,0.000000,0.000000,0.000000,-8.380134,WAIT_USER_CONFIRM
17.004000,0.554499,-0.000000,0.264962,0.000000,0.000000,0.000000,-8.380134,WAIT_USER_CONFIRM
17.006000,0.554499,-0.000000,0.264962,0.000000,0.000000,0.000000,-8.380134,WAIT_USER_CONFIRM
17.008000,0.554499,-0.000000,0.264962,0.000000,0.000000,0.000000,-8.380134,WAIT_USER_CONFIRM
17.010000,0.554499,-0.000000,0.264962,0.000000,0.000000,0.000000,-8.380134,WAIT_USER_CONFIRM
17.012000,0.554499,-0.000000,0.264962,0.000000,0.000000,0.000000,-8.380134,WAIT_USER_CONFIRM
17.014000,0.554499,-0.000000,0.264962,0.000000,0.000000,0.000000,-8.380134,WAIT_USER_CONFIRM
17.016000,0.554499,-0.000000,0.264962,0.000000,0.000000,0.000000,-8.380134,WAIT_USER_CONFIRM
17.018000,0.554499,-0.000000,0.264962,0.000000,0.000000,0.000000,-8.380134,WAIT_USER_CONFIRM
17.020000,0.554499,-0.000000,0.264962,0.000000,0.000000,0.000000,-8.380134,WAIT_USER_CONFIRM
17.022000,0.554499,-0.000000,0.264962,0.000000,0.000000,0.000000,-8.380134,WAIT_USER_CONFIRM
17.024000,0.554499,-0.000000,0.264962,0.000000,0.000000,0.000000,-8.380134,WAIT_USER_CONFIRM
17.026000,0.554499,-0.000000,0.264962,0.000000,0.000000,0.000000,-8.380134,WAIT_USER_CONFIRM
17.028000,0.554499,-0.000000,0.264962,0.000000,0.000000,0.000000,-8.380134,WAIT_USER_CONFIRM
17.030000,0.554499,-0.000000,0.264962,0.000000,0.000000,0.000000,-8.380134,WAIT_USER_CONFIRM
17.032000,0.554499,-0.000000,0.264962,0.000000,0.000000,0.000000,-8.380134,WAIT_USER_CONFIRM
17.034000,0.554499,-0.000000,0.264962,0.000000,0.000000,0.000000,-8.380134,WAIT_USER_CONFIRM
17.036000,0.554499,-0.000000,0.264962,0.000000,0.000000,0.000000,-8.380134,WAIT_USER_CONFIRM
17.038000,0.554499,-0.000000,0.264962,0.000000,0.000000,0.000000,-8.380134,WAIT_USER_CONFIRM
17.040000,0.554499,-0.000000,0.264962,0.000000,0.000000,0.000000,-8.380134,WAIT_USER_CONFIRM
17.042000,0.554499,-0.000000,0.264962,0.000000,0.000000,0.000000,-8.380134,WAIT_USER_CONFIRM
17.044000,0.554499,-0.000000,0.264962,0.000000,0.000000,0.000000,-8.380134,WAIT_USER_CONFIRM
17.046000,0.554499,-0.000000,0.264962,0.000000,0.000000,0.000000,-8.380134,WAIT_USER_CONFIRM
17.048000,0.554499,-0.000000,0.264962,0.000000,0.000000,0.000000,-8.380134,WAIT_USER_CONFIRM
17.050000,0.554499,-0.000000,0.264962,0.000000,0.000000,0.000000,-8.380134,WAIT_USER_CONFIRM
17.052000,0.554499,-0.000000,0.264962,0.000000,0.000000,0.000000,-8.380134,WAIT_USER_CONFIRM
17.054000,0.554499,-0.000000,0.264962,0.000000,0.000000,0.000000,-8.380134,WAIT_USER_CONFIRM
17.056000,0.554499,-0.000000,0.264962,0.000000,0.000000,0.000000,-8.380134,WAIT_USER_CONFIRM
17.058000,0.554499,-0.000000,0.264962,0.000000,0.000000,0.000000,-8.380134,WAIT_USER_CONFIRM
17.060000,0.554499,-0.000000,0.264962,0.000000,0.000000,0.000000,-8.380134,WAIT_USER_CONFIRM
17.062000,0.554499,-0.000000,0.264962,0.000000,0.000000,0.000000,-8.380134,WAIT_USER_CONFIRM
17.064000,0.554499,-0.000000,0.264962,0.000000,0.000000,0.000000,-8.380134,WAIT_USER_CONFIRM
17.066000,0.554499,-0.000000,0.264962,0.000000,0.000000,0.000000,-8.380134,WAIT_USER_CONFIRM
17.068000,0.554499,-0.000000,0.264962,0.000000,0.000000,0.000000,-8.380134,WAIT_USER_CONFIRM
17.070000,0.554499,-0.000000,0.264962,0.000000,0.000000,0.000000,-8.380134,WAIT_USER_CONFIRM
17.072000,0.554499,-0.000000,0.264962,0.000000,0.000000,0.000000,-8.380134,WAIT_USER_CONFIRM
17.074000,0.554499,-0.000000,0.264962,0.000000,0.000000,0.000000,-8.380134,WAIT_USER_CONFIRM
17.076000,0.554499,-0.000000,0.264962,0.000000,0.000000,0.000000,-8.380134,WAIT_USER_CONFIRM
17.078000,0.554499,-0.000000,0.264962,0.000000,0.000000,0.000000,-8.380134,WAIT_USER_CONFIRM
17.080000,0.554499,-0.000000,0.264962,0.000000,0.000000,0.000000,-8.380134,WAIT_USER_CONFIRM
17.082000,0.554499,-0.000000,0.264962,0.000000,0.000000,0.000000,-8.380134,WAIT_USER_CONFIRM
17.084000,0.554499,-0.000000,0.264962,0.000000,0.000000,0.000000,-8.380134,WAIT_USER_CONFIRM
17.086000,0.554499,-0.000000,0.264962,0.000000,0.000000,0.000000,-8.380134,WAIT_USER_CONFIRM
17.088000,0.554499,-0.000000,0.264962,0.000000,0.000000,0.000000,-8.380134,WAIT_USER_CONFIRM
17.090000,0.554499,-0.000000,0.264962,0.000000,0.000000,0.000000,-8.380134,WAIT_USER_CONFIRM
17.092000,0.554499,-0.000000,0.264962,0.000000,0.000000,0.000000,-8.380134,WAIT_USER_CONFIRM
17.094000,0.554499,-0.000000,0.264962,0.000000,0.000000,0.000000,-8.380134,WAIT_USER_CONFIRM
17.096000,0.554499,-0.000000,0.264962,0.000000,0.000000,0.000000,-8.380134,WAIT_USER_CONFIRM
17.098000,0.554499,-0.000000,0.264962,0.000000,0.000000,0.000000,-8.380134,WAIT_USER_CONFIRM
17.100000,0.554499,-0.000000,0.264962,0.000000,0.000000,0.000000,-8.380134,WAIT_USER_CONFIRM
17.102000,0.554499,-0.000000,0.264962,0.000000,0.000000,0.000000,-8.380134,WAIT_USER_CONFIRM
17.104000,0.554499,-0.000000,0.264962,0.000000,0.000000,0.000000,-8.380134,WAIT_USER_CONFIRM
17.106000,0.554499,-0.000000,0.264962,0.000000,0.000000,0.000000,-8.380134,WAIT_USER_CONFIRM
17.108000,0.554499,-0.000000,0.264962,0.000000,0.000000,0.000000,-8.380134,WAIT_USER_CONFIRM
17.110000,0.554499,-0.000000,0.264962,0.000000,0.000000,0.000000,-8.380134,WAIT_USER_CONFIRM
17.112000,0.554499,-0.000000,0.264962,0.000000,0.000000,0.000000,-8.380134,WAIT_USER_CONFIRM
17.114000,0.554499,-0.000000,0.264962,0.000000,0.000000,0.000000,-8.380134,WAIT_USER_CONFIRM
17.116000,0.554499,-0.000000,0.264962,0.000000,0.000000,0.000000,-8.380134,WAIT_USER_CONFIRM
17.118000,0.554499,-0.000000,0.264962,0.000000,0.000000,0.000000,-8.380134,WAIT_USER_CONFIRM
17.120000,0.554499,-0.000000,0.264962,0.000000,0.000000,0.000000,-8.380134,WAIT_USER_CONFIRM
17.122000,0.554499,-0.000000,0.264962,0.000000,0.000000,0.000000,-8.380134,WAIT_USER_CONFIRM
17.124000,0.554499,-0.000000,0.264962,0.000000,0.000000,0.000000,-8.380134,WAIT_USER_CONFIRM
17.126000,0.554499,-0.000000,0.264962,0.000000,0.000000,0.000000,-8.380134,WAIT_USER_CONFIRM
17.128000,0.554499,-0.000000,0.264962,0.000000,0.000000,0.000000,-8.380134,WAIT_USER_CONFIRM
17.130000,0.554499,-0.000000,0.264962,0.000000,0.000000,0.000000,-8.380134,WAIT_USER_CONFIRM
17.132000,0.554499,-0.000000,0.264962,0.000000,0.000000,0.000000,-8.380134,WAIT_USER_CONFIRM
17.134000,0.554499,-0.000000,0.264962,0.000000,0.000000,0.000000,-8.380134,WAIT_USER_CONFIRM
17.136000,0.554499,-0.000000,0.264962,0.000000,0.000000,0.000000,-8.380134,WAIT_USER_CONFIRM
17.138000,0.554499,-0.000000,0.264962,0.000000,0.000000,0.000000,-8.380134,WAIT_USER_CONFIRM
17.140000,0.554499,-0.000000,0.264962,0.000000,0.000000,0.000000,-8.380134,WAIT_USER_CONFIRM
17.142000,0.554499,-0.000000,0.264962,0.000000,0.000000,0.000000,-8.380134,WAIT_USER_CONFIRM
17.144000,0.554499,-0.000000,0.264962,0.000000,0.000000,0.000000,-8.380134,WAIT_USER_CONFIRM
17.146000,0.554499,-0.000000,0.264962,0.000000,0.000000,0.000000,-8.380134,WAIT_USER_CONFIRM
17.148000,0.554499,-0.000000,0.264962,0.000000,0.000000,0.000000,-8.380134,WAIT_USER_CONFIRM
17.150000,0.554499,-0.000000,0.264962,0.000000,0.000000,0.000000,-8.380134,WAIT_USER_CONFIRM
17.152000,0.554499,-0.000000,0.264962,0.000000,0.000000,0.000000,-8.380134,WAIT_USER_CONFIRM
17.154000,0.554499,-0.000000,0.264962,0.000000,0.000000,0.000000,-8.380134,WAIT_USER_CONFIRM
17.156000,0.554499,-0.000000,0.264962,0.000000,0.000000,0.000000,-8.380134,WAIT_USER_CONFIRM
17.158000,0.554499,-0.000000,0.264962,0.000000,0.000000,0.000000,-8.380134,WAIT_USER_CONFIRM
17.160000,0.554499,-0.000000,0.264962,0.000000,0.000000,0.000000,-8.380134,WAIT_USER_CONFIRM
17.162000,0.554499,-0.000000,0.264962,0.000000,0.000000,0.000000,-8.380134,WAIT_USER_CONFIRM
17.164000,0.554499,-0.000000,0.264962,0.000000,0.000000,0.000000,-8.380134,WAIT_USER_CONFIRM
17.166000,0.554499,-0.000000,0.264962,0.000000,0.000000,0.000000,-8.380134,WAIT_USER_CONFIRM
17.168000,0.554499,-0.000000,0.264962,0.000000,0.000000,0.000000,-8.380134,WAIT_USER_CONFIRM
17.170000,0.554499,-0.000000,0.264962,0.000000,0.000000,0.000000,-8.380134,WAIT_USER_CONFIRM
17.172000,0.554499,-0.000000,0.264962,0.000000,0.000000,0.000000,-8.380134,WAIT_USER_CONFIRM
17.174000,0.554499,-0.000000,0.264962,0.000000,0.000000,0.000000,-8.380134,WAIT_USER_CONFIRM
17.176000,0.554499,-0.000000,0.264962,0.000000,0.000000,0.000000,-8.380134,WAIT_USER_CONFIRM
17.178000,0.554499,-0.000000,0.264962,0.000000,0.000000,0.000000,-8.380134,WAIT_USER_CONFIRM
17.180000,0.554499,-0.000000,0.264962,0.000000,0.000000,0.000000,-8.380134,WAIT_USER_CONFIRM
17.182000,0.554499,-0.000000,0.264962,0.000000,0.000000,0.000000,-8.380134,WAIT_USER_CONFIRM
17.184000,0.554499,-0.000000,0.264962,0.000000,0.000000,0.000000,-8.380134,WAIT_USER_CONFIRM
17.186000,0.554499,-0.000000,0.264962,0.000000,0.000000,0.000000,-8.380134,WAIT_USER_CONFIRM
17.188000,0.554499,-0.000000,0.264962,0.000000,0.000000,0.000000,-8.380134,WAIT_USER_CONFIRM
17.190000,0.554499,-0.000000,0.264962,0.000000,0.000000,0.000000,-8.380134,WAIT_USER_CONFIRM
17.192000,0.554499,-0.000000,0.264962,0.000000,0.000000,0.000000,-8.380134,WAIT_USER_CONFIRM
17.194000,0.554499,-0.000000,0.264962,0.000000,0.000000,0.000000,-8.380134,WAIT_USER_CONFIRM
17.196000,0.554499,-0.000000,0.264962,0.000000,0.000000,0.000000,-8.380134,WAIT_USER_CONFIRM
17.198000,0.554499,-0.000000,0.264962,0.000000,0.000000,0.000000,-8.380134,WAIT_USER_CONFIRM
17.200000,0.554499,-0.000000,0.264962,0.000000,0.000000,0.000000,-8.380134,WAIT_USER_CONFIRM
17.202000,0.554499,-0.000000,0.264962,0.000000,0.000000,0.000000,-8.380134,WAIT_USER_CONFIRM
17.204000,0.554499,-0.000000,0.264962,0.000000,0.000000,0.000000,-8.380134,WAIT_USER_CONFIRM
17.206000,0.554499,-0.000000,0.264962,0.000000,0.000000,0.000000,-8.380134,WAIT_USER_CONFIRM
17.208000,0.554499,-0.000000,0.264962,0.000000,0.000000,0.000000,-8.380134,WAIT_USER_CONFIRM
17.210000,0.554499,-0.000000,0.264962,0.000000,0.000000,0.000000,-8.380134,WAIT_USER_CONFIRM
17.212000,0.554499,-0.000000,0.264962,0.000000,0.000000,0.000000,-8.380134,WAIT_USER_CONFIRM
17.214000,0.554499,-0.000000,0.264962,0.000000,0.000000,0.000000,-8.380134,WAIT_USER_CONFIRM
17.216000,0.554499,-0.000000,0.264962,0.000000,0.000000,0.000000,-8.380134,WAIT_USER_CONFIRM
17.218000,0.554499,-0.000000,0.264962,0.000000,0.000000,0.000000,-8.380134,WAIT_USER_CONFIRM
17.220000,0.554499,-0.000000,0.264962,0.000000,0.000000,0.000000,-8.380134,WAIT_USER_CONFIRM
17.222000,0.554499,-0.000000,0.264962,0.000000,0.000000,0.000000,-8.380134,WAIT_USER_CONFIRM
17.224000,0.554499,-0.000000,0.264962,0.000000,0.000000,0.000000,-8.380134,WAIT_USER_CONFIRM
17.226000,0.554499,-0.000000,0.264962,0.000000,0.000000,0.000000,-8.380134,WAIT_USER_CONFIRM
17.228000,0.554499,-0.000000,0.264962,0.000000,0.000000,0.000000,-8.380134,WAIT_USER_CONFIRM
17.230000,0.554499,-0.000000,0.264962,0.000000,0.000000,0.000000,-8.380134,WAIT_USER_CONFIRM
17.232000,0.554499,-0.000000,0.264962,0.000000,0.000000,0.000000,-8.380134,WAIT_USER_CONFIRM
17.234000,0.554499,-0.000000,0.264962,0.000000,0.000000,0.000000,-8.380134,WAIT_USER_CONFIRM
17.236000,0.554499,-0.000000,0.264962,0.000000,0.000000,0.000000,-8.380134,WAIT_USER_CONFIRM
17.238000,0.554499,-0.000000,0.264962,0.000000,0.000000,0.000000,-8.380134,WAIT_USER_CONFIRM
17.240000,0.554499,-0.000000,0.264962,0.000000,0.000000,0.000000,-8.380134,WAIT_USER_CONFIRM
17.242000,0.554499,-0.000000,0.264962,0.000000,0.000000,0.000000,-8.380134,WAIT_USER_CONFIRM
17.244000,0.554499,-0.000000,0.264962,0.000000,0.000000,0.000000,-8.380134,WAIT_USER_CONFIRM
17.246000,0.554499,-0.000000,0.264962,0.000000,0.000000,0.000000,-8.380134,WAIT_USER_CONFIRM
17.248000,0.554499,-0.000000,0.264962,0.000000,0.000000,0.000000,-8.380134,WAIT_USER_CONFIRM
17.250000,0.554499,-0.000000,0.264962,0.000000,0.000000,0.000000,-8.380134,WAIT_USER_CONFIRM
17.252000,0.554499,-0.000000,0.264962,0.000000,0.000000,0.000000,-8.380134,WAIT_USER_CONFIRM
17.254000,0.554499,-0.000000,0.264962,0.000000,0.000000,0.000000,-8.380134,WAIT_USER_CONFIRM
17.256000,0.554499,-0.000000,0.264962,0.000000,0.000000,0.000000,-8.380134,WAIT_USER_CONFIRM
17.258000,0.554499,-0.000000,0.264962,0.000000,0.000000,0.000000,-8.380134,WAIT_USER_CONFIRM
17.260000,0.554499,-0.000000,0.264962,0.000000,0.000000,0.000000,-8.380134,WAIT_USER_CONFIRM
17.262000,0.554499,-0.000000,0.264962,0.000000,0.000000,0.000000,-8.380134,WAIT_USER_CONFIRM
17.264000,0.554499,-0.000000,0.264962,0.000000,0.000000,0.000000,-8.380134,WAIT_USER_CONFIRM
17.266000,0.554499,-0.000000,0.264962,0.000000,0.000000,0.000000,-8.380134,WAIT_USER_CONFIRM
17.268000,0.554499,-0.000000,0.264962,0.000000,0.000000,0.000000,-8.380134,WAIT_USER_CONFIRM
17.270000,0.554499,-0.000000,0.264962,0.000000,0.000000,0.000000,-8.380134,WAIT_USER_CONFIRM
17.272000,0.554499,-0.000000,0.264962,0.000000,0.000000,0.000000,-8.380134,WAIT_USER_CONFIRM
17.274000,0.554499,-0.000000,0.264962,0.000000,0.000000,0.000000,-8.380134,WAIT_USER_CONFIRM
17.276000,0.554499,-0.000000,0.264962,0.000000,0.000000,0.000000,-8.380134,WAIT_USER_CONFIRM
17.278000,0.554499,-0.000000,0.264962,0.000000,0.000000,0.000000,-8.380134,WAIT_USER_CONFIRM
17.280000,0.554499,-0.000000,0.264962,0.000000,0.000000,0.000000,-8.380134,WAIT_USER_CONFIRM
17.282000,0.554499,-0.000000,0.264962,0.000000,0.000000,0.000000,-8.380134,WAIT_USER_CONFIRM
17.284000,0.554499,-0.000000,0.264962,0.000000,0.000000,0.000000,-8.380134,WAIT_USER_CONFIRM
17.286000,0.554499,-0.000000,0.264962,0.000000,0.000000,0.000000,-8.380134,WAIT_USER_CONFIRM
17.288000,0.554499,-0.000000,0.264962,0.000000,0.000000,0.000000,-8.380134,WAIT_USER_CONFIRM
17.290000,0.554499,-0.000000,0.264962,0.000000,0.000000,0.000000,-8.380134,WAIT_USER_CONFIRM
17.292000,0.554499,-0.000000,0.264962,0.000000,0.000000,0.000000,-8.380134,WAIT_USER_CONFIRM
17.294000,0.554499,-0.000000,0.264962,0.000000,0.000000,0.000000,-8.380134,WAIT_USER_CONFIRM
17.296000,0.554499,-0.000000,0.264962,0.000000,0.000000,0.000000,-8.380134,WAIT_USER_CONFIRM
17.298000,0.554499,-0.000000,0.264962,0.000000,0.000000,0.000000,-8.380134,WAIT_USER_CONFIRM
17.300000,0.554499,-0.000000,0.264962,0.000000,0.000000,0.000000,-8.380134,WAIT_USER_CONFIRM
17.302000,0.554499,-0.000000,0.264962,0.000000,0.000000,0.000000,-8.380134,WAIT_USER_CONFIRM
17.304000,0.554499,-0.000000,0.264962,0.000000,0.000000,0.000000,-8.380134,WAIT_USER_CONFIRM
17.306000,0.554499,-0.000000,0.264962,0.000000,0.000000,0.000000,-8.380134,WAIT_USER_CONFIRM
17.308000,0.554499,-0.000000,0.264962,0.000000,0.000000,0.000000,-8.380134,WAIT_USER_CONFIRM
17.310000,0.554499,-0.000000,0.264962,0.000000,0.000000,0.000000,-8.380134,WAIT_USER_CONFIRM
17.312000,0.554499,-0.000000,0.264962,0.000000,0.000000,0.000000,-8.380134,WAIT_USER_CONFIRM
17.314000,0.554499,-0.000000,0.264962,0.000000,0.000000,0.000000,-8.380134,WAIT_USER_CONFIRM
17.316000,0.554499,-0.000000,0.264962,0.000000,0.000000,0.000000,-8.380134,WAIT_USER_CONFIRM
17.318000,0.554499,-0.000000,0.264962,0.000000,0.000000,0.000000,-8.380134,WAIT_USER_CONFIRM
17.320000,0.554499,-0.000000,0.264962,0.000000,0.000000,0.000000,-8.380134,WAIT_USER_CONFIRM
17.322000,0.554499,-0.000000,0.264962,0.000000,0.000000,0.000000,-8.380134,WAIT_USER_CONFIRM
17.324000,0.554499,-0.000000,0.264962,0.000000,0.000000,0.000000,-8.380134,WAIT_USER_CONFIRM
17.326000,0.554499,-0.000000,0.264962,0.000000,0.000000,0.000000,-8.380134,WAIT_USER_CONFIRM
17.328000,0.554499,-0.000000,0.264962,0.000000,0.000000,0.000000,-8.380134,WAIT_USER_CONFIRM
17.330000,0.554499,-0.000000,0.264962,0.000000,0.000000,0.000000,-8.380134,WAIT_USER_CONFIRM
17.332000,0.554499,-0.000000,0.264962,0.000000,0.000000,0.000000,-8.380134,WAIT_USER_CONFIRM
17.334000,0.554499,-0.000000,0.264962,0.000000,0.000000,0.000000,-8.380134,WAIT_USER_CONFIRM
17.336000,0.554499,-0.000000,0.264962,0.000000,0.000000,0.000000,-8.380134,WAIT_USER_CONFIRM
17.338000,0.554499,-0.000000,0.264962,0.000000,0.000000,0.000000,-8.380134,WAIT_USER_CONFIRM
17.340000,0.554499,-0.000000,0.264962,0.000000,0.000000,0.000000,-8.380134,WAIT_USER_CONFIRM
17.342000,0.554499,-0.000000,0.264962,0.000000,0.000000,0.000000,-8.380134,WAIT_USER_CONFIRM
17.344000,0.554499,-0.000000,0.264962,0.000000,0.000000,0.000000,-8.380134,WAIT_USER_CONFIRM
17.346000,0.554499,-0.000000,0.264962,0.000000,0.000000,0.000000,-8.380134,WAIT_USER_CONFIRM
17.348000,0.554499,-0.000000,0.264962,0.000000,0.000000,0.000000,-8.380134,WAIT_USER_CONFIRM
17.350000,0.554499,-0.000000,0.264962,0.000000,0.000000,0.000000,-8.380134,WAIT_USER_CONFIRM
17.352000,0.554499,-0.000000,0.264962,0.000000,0.000000,0.000000,-8.380134,WAIT_USER_CONFIRM
17.354000,0.554499,-0.000000,0.264962,0.000000,0.000000,0.000000,-8.380134,WAIT_USER_CONFIRM
17.356000,0.554499,-0.000000,0.264962,0.000000,0.000000,0.000000,-8.380134,WAIT_USER_CONFIRM
17.358000,0.554499,-0.000000,0.264962,0.000000,0.000000,0.000000,-8.380134,WAIT_USER_CONFIRM
17.360000,0.554499,-0.000000,0.264962,0.000000,0.000000,0.000000,-8.380134,WAIT_USER_CONFIRM
17.362000,0.554499,-0.000000,0.264962,0.000000,0.000000,0.000000,-8.380134,WAIT_USER_CONFIRM
17.364000,0.554499,-0.000000,0.264962,0.000000,0.000000,0.000000,-8.380134,WAIT_USER_CONFIRM
17.366000,0.554499,-0.000000,0.264962,0.000000,0.000000,0.000000,-8.380134,WAIT_USER_CONFIRM
17.368000,0.554499,-0.000000,0.264962,0.000000,0.000000,0.000000,-8.380134,WAIT_USER_CONFIRM
17.370000,0.554499,-0.000000,0.264962,0.000000,0.000000,0.000000,-8.380134,WAIT_USER_CONFIRM
17.372000,0.554499,-0.000000,0.264962,0.000000,0.000000,0.000000,-8.380134,WAIT_USER_CONFIRM
17.374000,0.554499,-0.000000,0.264962,0.000000,0.000000,0.000000,-8.380134,WAIT_USER_CONFIRM
17.376000,0.554499,-0.000000,0.264962,0.000000,0.000000,0.000000,-8.380134,WAIT_USER_CONFIRM
17.378000,0.554499,-0.000000,0.264962,0.000000,0.000000,0.000000,-8.380134,WAIT_USER_CONFIRM
17.380000,0.554499,-0.000000,0.264962,0.000000,0.000000,0.000000,-8.380134,WAIT_USER_CONFIRM
17.382000,0.554499,-0.000000,0.264962,0.000000,0.000000,0.000000,-8.380134,WAIT_USER_CONFIRM
17.384000,0.554499,-0.000000,0.264962,0.000000,0.000000,0.000000,-8.380134,WAIT_USER_CONFIRM
17.386000,0.554499,-0.000000,0.264962,0.000000,0.000000,0.000000,-8.380134,WAIT_USER_CONFIRM
17.388000,0.554499,-0.000000,0.264962,0.000000,0.000000,0.000000,-8.380134,WAIT_USER_CONFIRM
17.390000,0.554499,-0.000000,0.264962,0.000000,0.000000,0.000000,-8.380134,WAIT_USER_CONFIRM
17.392000,0.554499,-0.000000,0.264962,0.000000,0.000000,0.000000,-8.380134,WAIT_USER_CONFIRM
17.394000,0.554499,-0.000000,0.264962,0.000000,0.000000,0.000000,-8.380134,WAIT_USER_CONFIRM
17.396000,0.554499,-0.000000,0.264962,0.000000,0.000000,0.000000,-8.380134,WAIT_USER_CONFIRM
17.398000,0.554499,-0.000000,0.264962,0.000000,0.000000,0.000000,-8.380134,WAIT_USER_CONFIRM
17.400000,0.554499,-0.000000,0.264962,0.000000,0.000000,0.000000,-8.380134,WAIT_USER_CONFIRM
17.402000,0.554499,-0.000000,0.264962,0.000000,0.000000,0.000000,-8.380134,WAIT_USER_CONFIRM
17.404000,0.554499,-0.000000,0.264962,0.000000,0.000000,0.000000,-8.380134,WAIT_USER_CONFIRM
17.406000,0.554499,-0.000000,0.264962,0.000000,0.000000,0.000000,-8.380134,WAIT_USER_CONFIRM
17.408000,0.554499,-0.000000,0.264962,0.000000,0.000000,0.000000,-8.380134,WAIT_USER_CONFIRM
17.410000,0.554499,-0.000000,0.264962,0.000000,0.000000,0.000000,-8.380134,WAIT_USER_CONFIRM
17.412000,0.554499,-0.000000,0.264962,0.000000,0.000000,0.000000,-8.380134,WAIT_USER_CONFIRM
17.414000,0.554499,-0.000000,0.264962,0.000000,0.000000,0.000000,-8.380134,WAIT_USER_CONFIRM
17.416000,0.554499,-0.000000,0.264962,0.000000,0.000000,0.000000,-8.380134,WAIT_USER_CONFIRM
17.418000,0.554499,-0.000000,0.264962,0.000000,0.000000,0.000000,-8.380134,WAIT_USER_CONFIRM
17.420000,0.554499,-0.000000,0.264962,0.000000,0.000000,0.000000,-8.380134,WAIT_USER_CONFIRM
17.422000,0.554499,-0.000000,0.264962,0.000000,0.000000,0.000000,-8.380134,WAIT_USER_CONFIRM
17.424000,0.554499,-0.000000,0.264962,0.000000,0.000000,0.000000,-8.380134,WAIT_USER_CONFIRM
17.426000,0.554499,-0.000000,0.264962,0.000000,0.000000,0.000000,-8.380134,WAIT_USER_CONFIRM
17.428000,0.554499,-0.000000,0.264962,0.000000,0.000000,0.000000,-8.380134,WAIT_USER_CONFIRM
17.430000,0.554499,-0.000000,0.264962,0.000000,0.000000,0.000000,-8.380134,WAIT_USER_CONFIRM
17.432000,0.554499,-0.000000,0.264962,0.000000,0.000000,0.000000,-8.380134,WAIT_USER_CONFIRM
17.434000,0.554499,-0.000000,0.264962,0.000000,0.000000,0.000000,-8.380134,WAIT_USER_CONFIRM
17.436000,0.554499,-0.000000,0.264962,0.000000,0.000000,0.000000,-8.380134,WAIT_USER_CONFIRM
17.438000,0.554499,-0.000000,0.264962,0.000000,0.000000,0.000000,-8.380134,WAIT_USER_CONFIRM
17.440000,0.554499,-0.000000,0.264962,0.000000,0.000000,0.000000,-8.380134,WAIT_USER_CONFIRM
17.442000,0.554499,-0.000000,0.264962,0.000000,0.000000,0.000000,-8.380134,WAIT_USER_CONFIRM
17.444000,0.554499,-0.000000,0.264962,0.000000,0.000000,0.000000,-8.380134,WAIT_USER_CONFIRM
17.446000,0.554499,-0.000000,0.264962,0.000000,0.000000,0.000000,-8.380134,WAIT_USER_CONFIRM
17.448000,0.554499,-0.000000,0.264962,0.000000,0.000000,0.000000,-8.380134,WAIT_USER_CONFIRM
17.450000,0.554499,-0.000000,0.264962,0.000000,0.000000,0.000000,-8.380134,WAIT_USER_CONFIRM
17.452000,0.554499,-0.000000,0.264962,0.000000,0.000000,0.000000,-8.380134,WAIT_USER_CONFIRM
17.454000,0.554499,-0.000000,0.264962,0.000000,0.000000,0.000000,-8.380134,WAIT_USER_CONFIRM
17.456000,0.554499,-0.000000,0.264962,0.000000,0.000000,0.000000,-8.380134,WAIT_USER_CONFIRM
17.458000,0.554499,-0.000000,0.264962,0.000000,0.000000,0.000000,-8.380134,WAIT_USER_CONFIRM
17.460000,0.554499,-0.000000,0.264962,0.000000,0.000000,0.000000,-8.380134,WAIT_USER_CONFIRM
17.462000,0.554499,-0.000000,0.264962,0.000000,0.000000,0.000000,-8.380134,WAIT_USER_CONFIRM
17.464000,0.554499,-0.000000,0.264962,0.000000,0.000000,0.000000,-8.380134,WAIT_USER_CONFIRM
17.466000,0.554499,-0.000000,0.264962,0.000000,0.000000,0.000000,-8.380134,WAIT_USER_CONFIRM
17.468000,0.554499,-0.000000,0.264962,0.000000,0.000000,0.000000,-8.380134,WAIT_USER_CONFIRM
17.470000,0.554499,-0.000000,0.264962,0.000000,0.000000,0.000000,-8.380134,WAIT_USER_CONFIRM
17.472000,0.554499,-0.000000,0.264962,0.000000,0.000000,0.000000,-8.380134,WAIT_USER_CONFIRM
17.474000,0.554499,-0.000000,0.264962,0.000000,0.000000,0.000000,-8.380134,WAIT_USER_CONFIRM
17.476000,0.554499,-0.000000,0.264962,0.000000,0.000000,0.000000,-8.380134,WAIT_USER_CONFIRM
17.478000,0.554499,-0.000000,0.264962,0.000000,0.000000,0.000000,-8.380134,WAIT_USER_CONFIRM
17.480000,0.554499,-0.000000,0.264962,0.000000,0.000000,0.000000,-8.380134,WAIT_USER_CONFIRM
17.482000,0.554499,-0.000000,0.264962,0.000000,0.000000,0.000000,-8.380134,WAIT_USER_CONFIRM
17.484000,0.554499,-0.000000,0.264962,0.000000,0.000000,0.000000,-8.380134,WAIT_USER_CONFIRM
17.486000,0.554499,-0.000000,0.264962,0.000000,0.000000,0.000000,-8.380134,WAIT_USER_CONFIRM
17.488000,0.554499,-0.000000,0.264962,0.000000,0.000000,0.000000,-8.380134,WAIT_USER_CONFIRM
17.490000,0.554499,-0.000000,0.264962,0.000000,0.000000,0.000000,-8.380134,WAIT_USER_CONFIRM
17.492000,0.554499,-0.000000,0.264962,0.000000,0.000000,0.000000,-8.380134,WAIT_USER_CONFIRM
17.494000,0.554499,-0.000000,0.264962,0.000000,0.000000,0.000000,-8.380134,WAIT_USER_CONFIRM
17.496000,0.554499,-0.000000,0.264962,0.000000,0.000000,0.000000,-8.380134,WAIT_USER_CONFIRM
17.498000,0.554499,-0.000000,0.264962,0.000000,0.000000,0.000000,-8.380134,WAIT_USER_CONFIRM
17.500000,0.554499,-0.000000,0.264962,0.000000,0.000000,0.000000,-8.380134,WAIT_USER_CONFIRM
17.502000,0.554499,-0.000000,0.264962,0.000000,0.000000,0.000000,-8.380134,WAIT_USER_CONFIRM
17.504000,0.554499,-0.000000,0.264962,0.000000,0.000000,0.000000,-8.380134,WAIT_USER_CONFIRM
17.506000,0.554499,-0.000000,0.264962,0.000000,0.000000,0.000000,-8.380134,WAIT_USER_CONFIRM
17.508000,0.554499,-0.000000,0.264962,0.000000,0.000000,0.000000,-8.380134,WAIT_USER_CONFIRM
17.510000,0.554499,-0.000000,0.264962,0.000000,0.000000,0.000000,-8.380134,WAIT_USER_CONFIRM
17.512000,0.554499,-0.000000,0.264962,0.000000,0.000000,0.000000,-8.380134,WAIT_USER_CONFIRM
17.514000,0.554499,-0.000000,0.264962,0.000000,0.000000,0.000000,-8.380134,WAIT_USER_CONFIRM
17.516000,0.554499,-0.000000,0.264962,0.000000,0.000000,0.000000,-8.380134,WAIT_USER_CONFIRM
17.518000,0.554499,-0.000000,0.264962,0.000000,0.000000,0.000000,-8.380134,WAIT_USER_CONFIRM
17.520000,0.554499,-0.000000,0.264962,0.000000,0.000000,0.000000,-8.380134,WAIT_USER_CONFIRM
17.522000,0.554499,-0.000000,0.264962,0.000000,0.000000,0.000000,-8.380134,WAIT_USER_CONFIRM
17.524000,0.554499,-0.000000,0.264962,0.000000,0.000000,0.000000,-8.380134,WAIT_USER_CONFIRM
17.526000,0.554499,-0.000000,0.264962,0.000000,0.000000,0.000000,-8.380134,WAIT_USER_CONFIRM
17.528000,0.554499,-0.000000,0.264962,0.000000,0.000000,0.000000,-8.380134,WAIT_USER_CONFIRM
17.530000,0.554499,-0.000000,0.264962,0.000000,0.000000,0.000000,-8.380134,WAIT_USER_CONFIRM
17.532000,0.554499,-0.000000,0.264962,0.000000,0.000000,0.000000,-8.380134,WAIT_USER_CONFIRM
17.534000,0.554499,-0.000000,0.264962,0.000000,0.000000,0.000000,-8.380134,WAIT_USER_CONFIRM
17.536000,0.554499,-0.000000,0.264962,0.000000,0.000000,0.000000,-8.380134,WAIT_USER_CONFIRM
17.538000,0.554499,-0.000000,0.264962,0.000000,0.000000,0.000000,-8.380134,WAIT_USER_CONFIRM
17.540000,0.554499,-0.000000,0.264962,0.000000,0.000000,0.000000,-8.380134,WAIT_USER_CONFIRM
17.542000,0.554499,-0.000000,0.264962,0.000000,0.000000,0.000000,-8.380134,WAIT_USER_CONFIRM
17.544000,0.554499,-0.000000,0.264962,0.000000,0.000000,0.000000,-8.380134,WAIT_USER_CONFIRM
17.546000,0.554499,-0.000000,0.264962,0.000000,0.000000,0.000000,-8.380134,WAIT_USER_CONFIRM
17.548000,0.554499,-0.000000,0.264962,0.000000,0.000000,0.000000,-8.380134,WAIT_USER_CONFIRM
17.550000,0.554499,-0.000000,0.264962,0.000000,0.000000,0.000000,-8.380134,WAIT_USER_CONFIRM
17.552000,0.554499,-0.000000,0.264962,0.000000,0.000000,0.000000,-8.380134,WAIT_USER_CONFIRM
17.554000,0.554499,-0.000000,0.264962,0.000000,0.000000,0.000000,-8.380134,WAIT_USER_CONFIRM
17.556000,0.554499,-0.000000,0.264962,0.000000,0.000000,0.000000,-8.380134,WAIT_USER_CONFIRM
17.558000,0.554499,-0.000000,0.264962,0.000000,0.000000,0.000000,-8.380134,WAIT_USER_CONFIRM
17.560000,0.554499,-0.000000,0.264962,0.000000,0.000000,0.000000,-8.380134,WAIT_USER_CONFIRM
17.562000,0.554499,-0.000000,0.264962,0.000000,0.000000,0.000000,-8.380134,WAIT_USER_CONFIRM
17.564000,0.554499,-0.000000,0.264962,0.000000,0.000000,0.000000,-8.380134,WAIT_USER_CONFIRM
17.566000,0.554499,-0.000000,0.264962,0.000000,0.000000,0.000000,-8.380134,WAIT_USER_CONFIRM
17.568000,0.554499,-0.000000,0.264962,0.000000,0.000000,0.000000,-8.380134,WAIT_USER_CONFIRM
17.570000,0.554499,-0.000000,0.264962,0.000000,0.000000,0.000000,-8.380134,WAIT_USER_CONFIRM
17.572000,0.554499,-0.000000,0.264962,0.000000,0.000000,0.000000,-8.380134,WAIT_USER_CONFIRM
17.574000,0.554499,-0.000000,0.264962,0.000000,0.000000,0.000000,-8.380134,WAIT_USER_CONFIRM
17.576000,0.554499,-0.000000,0.264962,0.000000,0.000000,0.000000,-8.380134,WAIT_USER_CONFIRM
17.578000,0.554499,-0.000000,0.264962,0.000000,0.000000,0.000000,-8.380134,WAIT_USER_CONFIRM
17.580000,0.554499,-0.000000,0.264962,0.000000,0.000000,0.000000,-8.380134,WAIT_USER_CONFIRM
17.582000,0.554499,-0.000000,0.264962,0.000000,0.000000,0.000000,-8.380134,WAIT_USER_CONFIRM
17.584000,0.554499,-0.000000,0.264962,0.000000,0.000000,0.000000,-8.380134,WAIT_USER_CONFIRM
17.586000,0.554499,-0.000000,0.264962,0.000000,0.000000,0.000000,-8.380134,WAIT_USER_CONFIRM
17.588000,0.554499,-0.000000,0.264962,0.000000,0.000000,0.000000,-8.380134,WAIT_USER_CONFIRM
17.590000,0.554499,-0.000000,0.264962,0.000000,0.000000,0.000000,-8.380134,WAIT_USER_CONFIRM
17.592000,0.554499,-0.000000,0.264962,0.000000,0.000000,0.000000,-8.380134,WAIT_USER_CONFIRM
17.594000,0.554499,-0.000000,0.264962,0.000000,0.000000,0.000000,-8.380134,WAIT_USER_CONFIRM
17.596000,0.554499,-0.000000,0.264962,0.000000,0.000000,0.000000,-8.380134,WAIT_USER_CONFIRM
17.598000,0.554499,-0.000000,0.264962,0.000000,0.000000,0.000000,-8.380134,WAIT_USER_CONFIRM
17.600000,0.554499,-0.000000,0.264962,0.000000,0.000000,0.000000,-8.380134,WAIT_USER_CONFIRM
17.602000,0.554499,-0.000000,0.264962,0.000000,0.000000,0.000000,-8.380134,WAIT_USER_CONFIRM
17.604000,0.554499,-0.000000,0.264962,0.000000,0.000000,0.000000,-8.380134,WAIT_USER_CONFIRM
17.606000,0.554499,-0.000000,0.264962,0.000000,0.000000,0.000000,-8.380134,WAIT_USER_CONFIRM
17.608000,0.554499,-0.000000,0.264962,0.000000,0.000000,0.000000,-8.380134,WAIT_USER_CONFIRM
17.610000,0.554499,-0.000000,0.264962,0.000000,0.000000,0.000000,-8.380134,WAIT_USER_CONFIRM
17.612000,0.554499,-0.000000,0.264962,0.000000,0.000000,0.000000,-8.380134,WAIT_USER_CONFIRM
17.614000,0.554499,-0.000000,0.264962,0.000000,0.000000,0.000000,-8.380134,WAIT_USER_CONFIRM
17.616000,0.554499,-0.000000,0.264962,0.000000,0.000000,0.000000,-8.380134,WAIT_USER_CONFIRM
17.618000,0.554499,-0.000000,0.264962,0.000000,0.000000,0.000000,-8.380134,WAIT_USER_CONFIRM
17.620000,0.554499,-0.000000,0.264962,0.000000,0.000000,0.000000,-8.380134,WAIT_USER_CONFIRM
17.622000,0.554499,-0.000000,0.264962,0.000000,0.000000,0.000000,-8.380134,WAIT_USER_CONFIRM
17.624000,0.554499,-0.000000,0.264962,0.000000,0.000000,0.000000,-8.380134,WAIT_USER_CONFIRM
17.626000,0.554499,-0.000000,0.264962,0.000000,0.000000,0.000000,-8.380134,WAIT_USER_CONFIRM
17.628000,0.554499,-0.000000,0.264962,0.000000,0.000000,0.000000,-8.380134,WAIT_USER_CONFIRM
17.630000,0.554499,-0.000000,0.264962,0.000000,0.000000,0.000000,-8.380134,WAIT_USER_CONFIRM
17.632000,0.554499,-0.000000,0.264962,0.000000,0.000000,0.000000,-8.380134,WAIT_USER_CONFIRM
17.634000,0.554499,-0.000000,0.264962,0.000000,0.000000,0.000000,-8.380134,WAIT_USER_CONFIRM
17.636000,0.554499,-0.000000,0.264962,0.000000,0.000000,0.000000,-8.380134,WAIT_USER_CONFIRM
17.638000,0.554499,-0.000000,0.264962,0.000000,0.000000,0.000000,-8.380134,WAIT_USER_CONFIRM
17.640000,0.554499,-0.000000,0.264962,0.000000,0.000000,0.000000,-8.380134,WAIT_USER_CONFIRM
17.642000,0.554499,-0.000000,0.264962,0.000000,0.000000,0.000000,-8.380134,WAIT_USER_CONFIRM
17.644000,0.554499,-0.000000,0.264962,0.000000,0.000000,0.000000,-8.380134,WAIT_USER_CONFIRM
17.646000,0.554499,-0.000000,0.264962,0.000000,0.000000,0.000000,-8.380134,WAIT_USER_CONFIRM
17.648000,0.554499,-0.000000,0.264962,0.000000,0.000000,0.000000,-8.380134,WAIT_USER_CONFIRM
17.650000,0.554499,-0.000000,0.264962,0.000000,0.000000,0.000000,-8.380134,WAIT_USER_CONFIRM
17.652000,0.554499,-0.000000,0.264962,0.000000,0.000000,0.000000,-8.380134,WAIT_USER_CONFIRM
17.654000,0.554499,-0.000000,0.264962,0.000000,0.000000,0.000000,-8.380134,WAIT_USER_CONFIRM
17.656000,0.554499,-0.000000,0.264962,0.000000,0.000000,0.000000,-8.380134,WAIT_USER_CONFIRM
17.658000,0.554499,-0.000000,0.264962,0.000000,0.000000,0.000000,-8.380134,WAIT_USER_CONFIRM
17.660000,0.554499,-0.000000,0.264962,0.000000,0.000000,0.000000,-8.380134,WAIT_USER_CONFIRM
17.662000,0.554499,-0.000000,0.264962,0.000000,0.000000,0.000000,-8.380134,WAIT_USER_CONFIRM
17.664000,0.554499,-0.000000,0.264962,0.000000,0.000000,0.000000,-8.380134,WAIT_USER_CONFIRM
17.666000,0.554499,-0.000000,0.264962,0.000000,0.000000,0.000000,-8.380134,WAIT_USER_CONFIRM
17.668000,0.554499,-0.000000,0.264962,0.000000,0.000000,0.000000,-8.380134,WAIT_USER_CONFIRM
17.670000,0.554499,-0.000000,0.264962,0.000000,0.000000,0.000000,-8.380134,WAIT_USER_CONFIRM
17.672000,0.554499,-0.000000,0.264962,0.000000,0.000000,0.000000,-8.380134,WAIT_USER_CONFIRM
17.674000,0.554499,-0.000000,0.264962,0.000000,0.000000,0.000000,-8.380134,WAIT_USER_CONFIRM
17.676000,0.554499,-0.000000,0.264962,0.000000,0.000000,0.000000,-8.380134,WAIT_USER_CONFIRM
17.678000,0.554499,-0.000000,0.264962,0.000000,0.000000,0.000000,-8.380134,WAIT_USER_CONFIRM
17.680000,0.554499,-0.000000,0.264962,0.000000,0.000000,0.000000,-8.380134,WAIT_USER_CONFIRM
17.682000,0.554499,-0.000000,0.264962,0.000000,0.000000,0.000000,-8.380134,WAIT_USER_CONFIRM
17.684000,0.554499,-0.000000,0.264962,0.000000,0.000000,0.000000,-8.380134,WAIT_USER_CONFIRM
17.686000,0.554499,-0.000000,0.264962,0.000000,0.000000,0.000000,-8.380134,WAIT_USER_CONFIRM
17.688000,0.554499,-0.000000,0.264962,0.000000,0.000000,0.000000,-8.380134,WAIT_USER_CONFIRM
17.690000,0.554499,-0.000000,0.264962,0.000000,0.000000,0.000000,-8.380134,WAIT_USER_CONFIRM
17.692000,0.554499,-0.000000,0.264962,0.000000,0.000000,0.000000,-8.380134,WAIT_USER_CONFIRM
17.694000,0.554499,-0.000000,0.264962,0.000000,0.000000,0.000000,-8.380134,WAIT_USER_CONFIRM
17.696000,0.554499,-0.000000,0.264962,0.000000,0.000000,0.000000,-8.380134,WAIT_USER_CONFIRM
17.698000,0.554499,-0.000000,0.264962,0.000000,0.000000,0.000000,-8.380134,WAIT_USER_CONFIRM
17.700000,0.554499,-0.000000,0.264962,0.000000,0.000000,0.000000,-8.380134,WAIT_USER_CONFIRM
17.702000,0.554499,-0.000000,0.264962,0.000000,0.000000,0.000000,-8.380134,WAIT_USER_CONFIRM
17.704000,0.554499,-0.000000,0.264962,0.000000,0.000000,0.000000,-8.380134,WAIT_USER_CONFIRM
17.706000,0.554499,-0.000000,0.264962,0.000000,0.000000,0.000000,-8.380134,WAIT_USER_CONFIRM
17.708000,0.554499,-0.000000,0.264962,0.000000,0.000000,0.000000,-8.380134,WAIT_USER_CONFIRM
17.710000,0.554499,-0.000000,0.264962,0.000000,0.000000,0.000000,-8.380134,WAIT_USER_CONFIRM
17.712000,0.554499,-0.000000,0.264962,0.000000,0.000000,0.000000,-8.380134,WAIT_USER_CONFIRM
17.714000,0.554499,-0.000000,0.264962,0.000000,0.000000,0.000000,-8.380134,WAIT_USER_CONFIRM
17.716000,0.554499,-0.000000,0.264962,0.000000,0.000000,0.000000,-8.380134,WAIT_USER_CONFIRM
17.718000,0.554499,-0.000000,0.264962,0.000000,0.000000,0.000000,-8.380134,WAIT_USER_CONFIRM
17.720000,0.554499,-0.000000,0.264962,0.000000,0.000000,0.000000,-8.380134,WAIT_USER_CONFIRM
17.722000,0.554499,-0.000000,0.264962,0.000000,0.000000,0.000000,-8.380134,WAIT_USER_CONFIRM
17.724000,0.554499,-0.000000,0.264962,0.000000,0.000000,0.000000,-8.380134,WAIT_USER_CONFIRM
17.726000,0.554499,-0.000000,0.264962,0.000000,0.000000,0.000000,-8.380134,WAIT_USER_CONFIRM
17.728000,0.554499,-0.000000,0.264962,0.000000,0.000000,0.000000,-8.380134,WAIT_USER_CONFIRM
17.730000,0.554499,-0.000000,0.264962,0.000000,0.000000,0.000000,-8.380134,WAIT_USER_CONFIRM
17.732000,0.554499,-0.000000,0.264962,0.000000,0.000000,0.000000,-8.380134,WAIT_USER_CONFIRM
17.734000,0.554499,-0.000000,0.264962,0.000000,0.000000,0.000000,-8.380134,WAIT_USER_CONFIRM
17.736000,0.554499,-0.000000,0.264962,0.000000,0.000000,0.000000,-8.380134,WAIT_USER_CONFIRM
17.738000,0.554499,-0.000000,0.264962,0.000000,0.000000,0.000000,-8.380134,WAIT_USER_CONFIRM
17.740000,0.554499,-0.000000,0.264962,0.000000,0.000000,0.000000,-8.380134,WAIT_USER_CONFIRM
17.742000,0.554499,-0.000000,0.264962,0.000000,0.000000,0.000000,-8.380134,WAIT_USER_CONFIRM
17.744000,0.554499,-0.000000,0.264962,0.000000,0.000000,0.000000,-8.380134,WAIT_USER_CONFIRM
17.746000,0.554499,-0.000000,0.264962,0.000000,0.000000,0.000000,-8.380134,WAIT_USER_CONFIRM
17.748000,0.554499,-0.000000,0.264962,0.000000,0.000000,0.000000,-8.380134,WAIT_USER_CONFIRM
17.750000,0.554499,-0.000000,0.264962,0.000000,0.000000,0.000000,-8.380134,WAIT_USER_CONFIRM
17.752000,0.554499,-0.000000,0.264962,0.000000,0.000000,0.000000,-8.380134,WAIT_USER_CONFIRM
17.754000,0.554499,-0.000000,0.264962,0.000000,0.000000,0.000000,-8.380134,WAIT_USER_CONFIRM
17.756000,0.554499,-0.000000,0.264962,0.000000,0.000000,0.000000,-8.380134,WAIT_USER_CONFIRM
17.758000,0.554499,-0.000000,0.264962,0.000000,0.000000,0.000000,-8.380134,WAIT_USER_CONFIRM
17.760000,0.554499,-0.000000,0.264962,0.000000,0.000000,0.000000,-8.380134,WAIT_USER_CONFIRM
17.762000,0.554499,-0.000000,0.264962,0.000000,0.000000,0.000000,-8.380134,WAIT_USER_CONFIRM
17.764000,0.554499,-0.000000,0.264962,0.000000,0.000000,0.000000,-8.380134,WAIT_USER_CONFIRM
17.766000,0.554499,-0.000000,0.264962,0.000000,0.000000,0.000000,-8.380134,WAIT_USER_CONFIRM
17.768000,0.554499,-0.000000,0.264962,0.000000,0.000000,0.000000,-8.380134,WAIT_USER_CONFIRM
17.770000,0.554499,-0.000000,0.264962,0.000000,0.000000,0.000000,-8.380134,WAIT_USER_CONFIRM
17.772000,0.554499,-0.000000,0.264962,0.000000,0.000000,0.000000,-8.380134,WAIT_USER_CONFIRM
17.774000,0.554499,-0.000000,0.264962,0.000000,0.000000,0.000000,-8.380134,WAIT_USER_CONFIRM
17.776000,0.554499,-0.000000,0.264962,0.000000,0.000000,0.000000,-8.380134,WAIT_USER_CONFIRM
17.778000,0.554499,-0.000000,0.264962,0.000000,0.000000,0.000000,-8.380134,WAIT_USER_CONFIRM
17.780000,0.554499,-0.000000,0.264962,0.000000,0.000000,0.000000,-8.380134,WAIT_USER_CONFIRM
17.782000,0.554499,-0.000000,0.264962,0.000000,0.000000,0.000000,-8.380134,WAIT_USER_CONFIRM
17.784000,0.554499,-0.000000,0.264962,0.000000,0.000000,0.000000,-8.380134,WAIT_USER_CONFIRM
17.786000,0.554499,-0.000000,0.264962,0.000000,0.000000,0.000000,-8.380134,WAIT_USER_CONFIRM
17.788000,0.554499,-0.000000,0.264962,0.000000,0.000000,0.000000,-8.380134,WAIT_USER_CONFIRM
17.790000,0.554499,-0.000000,0.264962,0.000000,0.000000,0.000000,-8.380134,WAIT_USER_CONFIRM
17.792000,0.554499,-0.000000,0.264962,0.000000,0.000000,0.000000,-8.380134,WAIT_USER_CONFIRM
17.794000,0.554499,-0.000000,0.264962,0.000000,0.000000,0.000000,-8.380134,WAIT_USER_CONFIRM
17.796000,0.554499,-0.000000,0.264962,0.000000,0.000000,0.000000,-8.380134,WAIT_USER_CONFIRM
17.798000,0.554499,-0.000000,0.264962,0.000000,0.000000,0.000000,-8.380134,WAIT_USER_CONFIRM
17.800000,0.554499,-0.000000,0.264962,0.000000,0.000000,0.000000,-8.380134,WAIT_USER_CONFIRM
17.802000,0.554499,-0.000000,0.264962,0.000000,0.000000,0.000000,-8.380134,WAIT_USER_CONFIRM
17.804000,0.554499,-0.000000,0.264962,0.000000,0.000000,0.000000,-8.380134,WAIT_USER_CONFIRM
17.806000,0.554499,-0.000000,0.264962,0.000000,0.000000,0.000000,-8.380134,WAIT_USER_CONFIRM
17.808000,0.554499,-0.000000,0.264962,0.000000,0.000000,0.000000,-8.380134,WAIT_USER_CONFIRM
17.810000,0.554499,-0.000000,0.264962,0.000000,0.000000,0.000000,-8.380134,WAIT_USER_CONFIRM
17.812000,0.554499,-0.000000,0.264962,0.000000,0.000000,0.000000,-8.380134,WAIT_USER_CONFIRM
17.814000,0.554499,-0.000000,0.264962,0.000000,0.000000,0.000000,-8.380134,WAIT_USER_CONFIRM
17.816000,0.554499,-0.000000,0.264962,0.000000,0.000000,0.000000,-8.380134,WAIT_USER_CONFIRM
17.818000,0.554499,-0.000000,0.264962,0.000000,0.000000,0.000000,-8.380134,WAIT_USER_CONFIRM
17.820000,0.554499,-0.000000,0.264962,0.000000,0.000000,0.000000,-8.380134,WAIT_USER_CONFIRM
17.822000,0.554499,-0.000000,0.264962,0.000000,0.000000,0.000000,-8.380134,WAIT_USER_CONFIRM
17.824000,0.554499,-0.000000,0.264962,0.000000,0.000000,0.000000,-8.380134,WAIT_USER_CONFIRM
17.826000,0.554499,-0.000000,0.264962,0.000000,0.000000,0.000000,-8.380134,WAIT_USER_CONFIRM
17.828000,0.554499,-0.000000,0.264962,0.000000,0.000000,0.000000,-8.380134,WAIT_USER_CONFIRM
17.830000,0.554499,-0.000000,0.264962,0.000000,0.000000,0.000000,-8.380134,WAIT_USER_CONFIRM
17.832000,0.554499,-0.000000,0.264962,0.000000,0.000000,0.000000,-8.380134,WAIT_USER_CONFIRM
17.834000,0.554499,-0.000000,0.264962,0.000000,0.000000,0.000000,-8.380134,WAIT_USER_CONFIRM
17.836000,0.554499,-0.000000,0.264962,0.000000,0.000000,0.000000,-8.380134,WAIT_USER_CONFIRM
17.838000,0.554499,-0.000000,0.264962,0.000000,0.000000,0.000000,-8.380134,WAIT_USER_CONFIRM
17.840000,0.554499,-0.000000,0.264962,0.000000,0.000000,0.000000,-8.380134,WAIT_USER_CONFIRM
17.842000,0.554499,-0.000000,0.264962,0.000000,0.000000,0.000000,-8.380134,WAIT_USER_CONFIRM
17.844000,0.554499,-0.000000,0.264962,0.000000,0.000000,0.000000,-8.380134,WAIT_USER_CONFIRM
17.846000,0.554499,-0.000000,0.264962,0.000000,0.000000,0.000000,-8.380134,WAIT_USER_CONFIRM
17.848000,0.554499,-0.000000,0.264962,0.000000,0.000000,0.000000,-8.380134,WAIT_USER_CONFIRM
17.850000,0.554499,-0.000000,0.264962,0.000000,0.000000,0.000000,-8.380134,WAIT_USER_CONFIRM
17.852000,0.554499,-0.000000,0.264962,0.000000,0.000000,0.000000,-8.380134,WAIT_USER_CONFIRM
17.854000,0.554499,-0.000000,0.264962,0.000000,0.000000,0.000000,-8.380134,WAIT_USER_CONFIRM
17.856000,0.554499,-0.000000,0.264962,0.000000,0.000000,0.000000,-8.380134,WAIT_USER_CONFIRM
17.858000,0.554499,-0.000000,0.264962,0.000000,0.000000,0.000000,-8.380134,WAIT_USER_CONFIRM
17.860000,0.554499,-0.000000,0.264962,0.000000,0.000000,0.000000,-8.380134,WAIT_USER_CONFIRM
17.862000,0.554499,-0.000000,0.264962,0.000000,0.000000,0.000000,-8.380134,WAIT_USER_CONFIRM
17.864000,0.554499,-0.000000,0.264962,0.000000,0.000000,0.000000,-8.380134,WAIT_USER_CONFIRM
17.866000,0.554499,-0.000000,0.264962,0.000000,0.000000,0.000000,-8.380134,WAIT_USER_CONFIRM
17.868000,0.554499,-0.000000,0.264962,0.000000,0.000000,0.000000,-8.380134,WAIT_USER_CONFIRM
17.870000,0.554499,-0.000000,0.264962,0.000000,0.000000,0.000000,-8.380134,WAIT_USER_CONFIRM
17.872000,0.554499,-0.000000,0.264962,0.000000,0.000000,0.000000,-8.380134,WAIT_USER_CONFIRM
17.874000,0.554499,-0.000000,0.264962,0.000000,0.000000,0.000000,-8.380134,WAIT_USER_CONFIRM
17.876000,0.554499,-0.000000,0.264962,0.000000,0.000000,0.000000,-8.380134,WAIT_USER_CONFIRM
17.878000,0.554499,-0.000000,0.264962,0.000000,0.000000,0.000000,-8.380134,WAIT_USER_CONFIRM
17.880000,0.554499,-0.000000,0.264962,0.000000,0.000000,0.000000,-8.380134,WAIT_USER_CONFIRM
17.882000,0.554499,-0.000000,0.264962,0.000000,0.000000,0.000000,-8.380134,WAIT_USER_CONFIRM
17.884000,0.554499,-0.000000,0.264962,0.000000,0.000000,0.000000,-8.380134,WAIT_USER_CONFIRM
17.886000,0.554499,-0.000000,0.264962,0.000000,0.000000,0.000000,-8.380134,WAIT_USER_CONFIRM
17.888000,0.554499,-0.000000,0.264962,0.000000,0.000000,0.000000,-8.380134,WAIT_USER_CONFIRM
17.890000,0.554499,-0.000000,0.264962,0.000000,0.000000,0.000000,-8.380134,WAIT_USER_CONFIRM
17.892000,0.554499,-0.000000,0.264962,0.000000,0.000000,0.000000,-8.380134,WAIT_USER_CONFIRM
17.894000,0.554499,-0.000000,0.264962,0.000000,0.000000,0.000000,-8.380134,WAIT_USER_CONFIRM
17.896000,0.554499,-0.000000,0.264962,0.000000,0.000000,0.000000,-8.380134,WAIT_USER_CONFIRM
17.898000,0.554499,-0.000000,0.264962,0.000000,0.000000,0.000000,-8.380134,WAIT_USER_CONFIRM
17.900000,0.554499,-0.000000,0.264962,0.000000,0.000000,0.000000,-8.380134,WAIT_USER_CONFIRM
17.902000,0.554499,-0.000000,0.264962,0.000000,0.000000,0.000000,-8.380134,WAIT_USER_CONFIRM
17.904000,0.554499,-0.000000,0.264962,0.000000,0.000000,0.000000,-8.380134,WAIT_USER_CONFIRM
17.906000,0.554499,-0.000000,0.264962,0.000000,0.000000,0.000000,-8.380134,WAIT_USER_CONFIRM
17.908000,0.554499,-0.000000,0.264962,0.000000,0.000000,0.000000,-8.380134,WAIT_USER_CONFIRM
17.910000,0.554499,-0.000000,0.264962,0.000000,0.000000,0.000000,-8.380134,WAIT_USER_CONFIRM
17.912000,0.554499,-0.000000,0.264962,0.000000,0.000000,0.000000,-8.380134,WAIT_USER_CONFIRM
17.914000,0.554499,-0.000000,0.264962,0.000000,0.000000,0.000000,-8.380134,WAIT_USER_CONFIRM
17.916000,0.554499,-0.000000,0.264962,0.000000,0.000000,0.000000,-8.380134,WAIT_USER_CONFIRM
17.918000,0.554499,-0.000000,0.264962,0.000000,0.000000,0.000000,-8.380134,WAIT_USER_CONFIRM
17.920000,0.554499,-0.000000,0.264962,0.000000,0.000000,0.000000,-8.380134,WAIT_USER_CONFIRM
17.922000,0.554499,-0.000000,0.264962,0.000000,0.000000,0.000000,-8.380134,WAIT_USER_CONFIRM
17.924000,0.554499,-0.000000,0.264962,0.000000,0.000000,0.000000,-8.380134,WAIT_USER_CONFIRM
17.926000,0.554499,-0.000000,0.264962,0.000000,0.000000,0.000000,-8.380134,WAIT_USER_CONFIRM
17.928000,0.554499,-0.000000,0.264962,0.000000,0.000000,0.000000,-8.380134,WAIT_USER_CONFIRM
17.930000,0.554499,-0.000000,0.264962,0.000000,0.000000,0.000000,-8.380134,WAIT_USER_CONFIRM
17.932000,0.554499,-0.000000,0.264962,0.000000,0.000000,0.000000,-8.380134,WAIT_USER_CONFIRM
17.934000,0.554499,-0.000000,0.264962,0.000000,0.000000,0.000000,-8.380134,WAIT_USER_CONFIRM
17.936000,0.554499,-0.000000,0.264962,0.000000,0.000000,0.000000,-8.380134,WAIT_USER_CONFIRM
17.938000,0.554499,-0.000000,0.264962,0.000000,0.000000,0.000000,-8.380134,WAIT_USER_CONFIRM
17.940000,0.554499,-0.000000,0.264962,0.000000,0.000000,0.000000,-8.380134,WAIT_USER_CONFIRM
17.942000,0.554499,-0.000000,0.264962,0.000000,0.000000,0.000000,-8.380134,WAIT_USER_CONFIRM
17.944000,0.554499,-0.000000,0.264962,0.000000,0.000000,0.000000,-8.380134,WAIT_USER_CONFIRM
17.946000,0.554499,-0.000000,0.264962,0.000000,0.000000,0.000000,-8.380134,WAIT_USER_CONFIRM
17.948000,0.554499,-0.000000,0.264962,0.000000,0.000000,0.000000,-8.380134,WAIT_USER_CONFIRM
17.950000,0.554499,-0.000000,0.264962,0.000000,0.000000,0.000000,-8.380134,WAIT_USER_CONFIRM
17.952000,0.554499,-0.000000,0.264962,0.000000,0.000000,0.000000,-8.380134,WAIT_USER_CONFIRM
17.954000,0.554499,-0.000000,0.264962,0.000000,0.000000,0.000000,-8.380134,WAIT_USER_CONFIRM
17.956000,0.554499,-0.000000,0.264962,0.000000,0.000000,0.000000,-8.380134,WAIT_USER_CONFIRM
17.958000,0.554499,-0.000000,0.264962,0.000000,0.000000,0.000000,-8.380134,WAIT_USER_CONFIRM
17.960000,0.554499,-0.000000,0.264962,0.000000,0.000000,0.000000,-8.380134,WAIT_USER_CONFIRM
17.962000,0.554499,-0.000000,0.264962,0.000000,0.000000,0.000000,-8.380134,WAIT_USER_CONFIRM
17.964000,0.554499,-0.000000,0.264962,0.000000,0.000000,0.000000,-8.380134,WAIT_USER_CONFIRM
17.966000,0.554499,-0.000000,0.264962,0.000000,0.000000,0.000000,-8.380134,WAIT_USER_CONFIRM
17.968000,0.554499,-0.000000,0.264962,0.000000,0.000000,0.000000,-8.380134,WAIT_USER_CONFIRM
17.970000,0.554499,-0.000000,0.264962,0.000000,0.000000,0.000000,-8.380134,WAIT_USER_CONFIRM
17.972000,0.554499,-0.000000,0.264962,0.000000,0.000000,0.000000,-8.380134,WAIT_USER_CONFIRM
17.974000,0.554499,-0.000000,0.264962,0.000000,0.000000,0.000000,-8.380134,WAIT_USER_CONFIRM
17.976000,0.554499,-0.000000,0.264962,0.000000,0.000000,0.000000,-8.380134,WAIT_USER_CONFIRM
17.978000,0.554499,-0.000000,0.264962,0.000000,0.000000,0.000000,-8.380134,WAIT_USER_CONFIRM
17.980000,0.554499,-0.000000,0.264962,0.000000,0.000000,0.000000,-8.380134,WAIT_USER_CONFIRM
17.982000,0.554499,-0.000000,0.264962,0.000000,0.000000,0.000000,-8.380134,WAIT_USER_CONFIRM
17.984000,0.554499,-0.000000,0.264962,0.000000,0.000000,0.000000,-8.380134,WAIT_USER_CONFIRM
17.986000,0.554499,-0.000000,0.264962,0.000000,0.000000,0.000000,-8.380134,WAIT_USER_CONFIRM
17.988000,0.554499,-0.000000,0.264962,0.000000,0.000000,0.000000,-8.380134,WAIT_USER_CONFIRM
17.990000,0.554499,-0.000000,0.264962,0.000000,0.000000,0.000000,-8.380134,WAIT_USER_CONFIRM
17.992000,0.554499,-0.000000,0.264962,0.000000,0.000000,0.000000,-8.380134,WAIT_USER_CONFIRM
17.994000,0.554499,-0.000000,0.264962,0.000000,0.000000,0.000000,-8.380134,WAIT_USER_CONFIRM
17.996000,0.554499,-0.000000,0.264962,0.000000,0.000000,0.000000,-8.380134,WAIT_USER_CONFIRM
17.998000,0.554499,-0.000000,0.264962,0.000000,0.000000,0.000000,-8.380134,WAIT_USER_CONFIRM
18.000000,0.554499,-0.000000,0.264962,0.000000,0.000000,0.000000,-8.380134,WAIT_USER_CONFIRM
18.002000,0.554499,-0.000000,0.264962,0.000000,0.000000,0.000000,-8.380134,WAIT_USER_CONFIRM
18.004000,0.554499,-0.000000,0.264962,0.000000,0.000000,0.000000,-8.380134,WAIT_USER_CONFIRM
18.006000,0.554499,-0.000000,0.264962,0.000000,0.000000,0.000000,-8.380134,WAIT_USER_CONFIRM
18.008000,0.554499,-0.000000,0.264962,0.000000,0.000000,0.000000,-8.380134,WAIT_USER_CONFIRM
18.010000,0.554499,-0.000000,0.264962,0.000000,0.000000,0.000000,-8.380134,WAIT_USER_CONFIRM
18.012000,0.554499,-0.000000,0.264962,0.000000,0.000000,0.000000,-8.380134,WAIT_USER_CONFIRM
18.014000,0.554499,-0.000000,0.264962,0.000000,0.000000,0.000000,-8.380134,WAIT_USER_CONFIRM
18.016000,0.554499,-0.000000,0.264962,0.000000,0.000000,0.000000,-8.380134,WAIT_USER_CONFIRM
18.018000,0.554499,-0.000000,0.264962,0.000000,0.000000,0.000000,-8.380134,WAIT_USER_CONFIRM
18.020000,0.554499,-0.000000,0.264962,0.000000,0.000000,0.000000,-8.380134,WAIT_USER_CONFIRM
18.022000,0.554499,-0.000000,0.264962,0.000000,0.000000,0.000000,-8.380134,WAIT_USER_CONFIRM
18.024000,0.554499,-0.000000,0.264962,0.000000,0.000000,0.000000,-8.380134,WAIT_USER_CONFIRM
18.026000,0.554499,-0.000000,0.264962,0.000000,0.000000,0.000000,-8.380134,WAIT_USER_CONFIRM
18.028000,0.554499,-0.000000,0.264962,0.000000,0.000000,0.000000,-8.380134,WAIT_USER_CONFIRM
18.030000,0.554499,-0.000000,0.264962,0.000000,0.000000,0.000000,-8.380134,WAIT_USER_CONFIRM
18.032000,0.554499,-0.000000,0.264962,0.000000,0.000000,0.000000,-8.380134,WAIT_USER_CONFIRM
18.034000,0.554499,-0.000000,0.264962,0.000000,0.000000,0.000000,-8.380134,WAIT_USER_CONFIRM
18.036000,0.554499,-0.000000,0.264962,0.000000,0.000000,0.000000,-8.380134,WAIT_USER_CONFIRM
18.038000,0.554499,-0.000000,0.264962,0.000000,0.000000,0.000000,-8.380134,WAIT_USER_CONFIRM
18.040000,0.554499,-0.000000,0.264962,0.000000,0.000000,0.000000,-8.380134,WAIT_USER_CONFIRM
18.042000,0.554499,-0.000000,0.264962,0.000000,0.000000,0.000000,-8.380134,WAIT_USER_CONFIRM
18.044000,0.554499,-0.000000,0.264962,0.000000,0.000000,0.000000,-8.380134,WAIT_USER_CONFIRM
18.046000,0.554499,-0.000000,0.264962,0.000000,0.000000,0.000000,-8.380134,WAIT_USER_CONFIRM
18.048000,0.554499,-0.000000,0.264962,0.000000,0.000000,0.000000,-8.380134,WAIT_USER_CONFIRM
18.050000,0.554499,-0.000000,0.264962,0.000000,0.000000,0.000000,-8.380134,WAIT_USER_CONFIRM
18.052000,0.554499,-0.000000,0.264962,0.000000,0.000000,0.000000,-8.380134,WAIT_USER_CONFIRM
18.054000,0.554499,-0.000000,0.264962,0.000000,0.000000,0.000000,-8.380134,WAIT_USER_CONFIRM
18.056000,0.554499,-0.000000,0.264962,0.000000,0.000000,0.000000,-8.380134,WAIT_USER_CONFIRM
18.058000,0.554499,-0.000000,0.264962,0.000000,0.000000,0.000000,-8.380134,WAIT_USER_CONFIRM
18.060000,0.554499,-0.000000,0.264962,0.000000,0.000000,0.000000,-8.380134,WAIT_USER_CONFIRM
18.062000,0.554499,-0.000000,0.264962,0.000000,0.000000,0.000000,-8.380134,WAIT_USER_CONFIRM
18.064000,0.554499,-0.000000,0.264962,0.000000,0.000000,0.000000,-8.380134,WAIT_USER_CONFIRM
18.066000,0.554499,-0.000000,0.264962,0.000000,0.000000,0.000000,-8.380134,WAIT_USER_CONFIRM
18.068000,0.554499,-0.000000,0.264962,0.000000,0.000000,0.000000,-8.380134,WAIT_USER_CONFIRM
18.070000,0.554499,-0.000000,0.264962,0.000000,0.000000,0.000000,-8.380134,WAIT_USER_CONFIRM
18.072000,0.554499,-0.000000,0.264962,0.000000,0.000000,0.000000,-8.380134,WAIT_USER_CONFIRM
18.074000,0.554499,-0.000000,0.264962,0.000000,0.000000,0.000000,-8.380134,WAIT_USER_CONFIRM
18.076000,0.554499,-0.000000,0.264962,0.000000,0.000000,0.000000,-8.380134,WAIT_USER_CONFIRM
18.078000,0.554499,-0.000000,0.264962,0.000000,0.000000,0.000000,-8.380134,WAIT_USER_CONFIRM
18.080000,0.554499,-0.000000,0.264962,0.000000,0.000000,0.000000,-8.380134,WAIT_USER_CONFIRM
18.082000,0.554499,-0.000000,0.264962,0.000000,0.000000,0.000000,-8.380134,WAIT_USER_CONFIRM
18.084000,0.554499,-0.000000,0.264962,0.000000,0.000000,0.000000,-8.380134,WAIT_USER_CONFIRM
18.086000,0.554499,-0.000000,0.264962,0.000000,0.000000,0.000000,-8.380134,WAIT_USER_CONFIRM
18.088000,0.554499,-0.000000,0.264962,0.000000,0.000000,0.000000,-8.380134,WAIT_USER_CONFIRM
18.090000,0.554499,-0.000000,0.264962,0.000000,0.000000,0.000000,-8.380134,WAIT_USER_CONFIRM
18.092000,0.554499,-0.000000,0.264962,0.000000,0.000000,0.000000,-8.380134,WAIT_USER_CONFIRM
18.094000,0.554499,-0.000000,0.264962,0.000000,0.000000,0.000000,-8.380134,WAIT_USER_CONFIRM
18.096000,0.554499,-0.000000,0.264962,0.000000,0.000000,0.000000,-8.380134,WAIT_USER_CONFIRM
18.098000,0.554499,-0.000000,0.264962,0.000000,0.000000,0.000000,-8.380134,WAIT_USER_CONFIRM
18.100000,0.554499,-0.000000,0.264962,0.000000,0.000000,0.000000,-8.380134,WAIT_USER_CONFIRM
18.102000,0.554499,-0.000000,0.264962,0.000000,0.000000,0.000000,-8.380134,WAIT_USER_CONFIRM
18.104000,0.554499,-0.000000,0.264962,0.000000,0.000000,0.000000,-8.380134,WAIT_USER_CONFIRM
18.106000,0.554499,-0.000000,0.264962,0.000000,0.000000,0.000000,-8.380134,WAIT_USER_CONFIRM
18.108000,0.554499,-0.000000,0.264962,0.000000,0.000000,0.000000,-8.380134,WAIT_USER_CONFIRM
18.110000,0.554499,-0.000000,0.264962,0.000000,0.000000,0.000000,-8.380134,WAIT_USER_CONFIRM
18.112000,0.554499,-0.000000,0.264962,0.000000,0.000000,0.000000,-8.380134,WAIT_USER_CONFIRM
18.114000,0.554499,-0.000000,0.264962,0.000000,0.000000,0.000000,-8.380134,WAIT_USER_CONFIRM
18.116000,0.554499,-0.000000,0.264962,0.000000,0.000000,0.000000,-8.380134,WAIT_USER_CONFIRM
18.118000,0.554499,-0.000000,0.264962,0.000000,0.000000,0.000000,-8.380134,WAIT_USER_CONFIRM
18.120000,0.554499,-0.000000,0.264962,0.000000,0.000000,0.000000,-8.380134,WAIT_USER_CONFIRM
18.122000,0.554499,-0.000000,0.264962,0.000000,0.000000,0.000000,-8.380134,WAIT_USER_CONFIRM
18.124000,0.554499,-0.000000,0.264962,0.000000,0.000000,0.000000,-8.380134,WAIT_USER_CONFIRM
18.126000,0.554499,-0.000000,0.264962,0.000000,0.000000,0.000000,-8.380134,WAIT_USER_CONFIRM
18.128000,0.554499,-0.000000,0.264962,0.000000,0.000000,0.000000,-8.380134,WAIT_USER_CONFIRM
18.130000,0.554499,-0.000000,0.264962,0.000000,0.000000,0.000000,-8.380134,WAIT_USER_CONFIRM
18.132000,0.554499,-0.000000,0.264962,0.000000,0.000000,0.000000,-8.380134,WAIT_USER_CONFIRM
18.134000,0.554499,-0.000000,0.264962,0.000000,0.000000,0.000000,-8.380134,WAIT_USER_CONFIRM
18.136000,0.554499,-0.000000,0.264962,0.000000,0.000000,0.000000,-8.380134,WAIT_USER_CONFIRM
18.138000,0.554499,-0.000000,0.264962,0.000000,0.000000,0.000000,-8.380134,WAIT_USER_CONFIRM
18.140000,0.554499,-0.000000,0.264962,0.000000,0.000000,0.000000,-8.380134,WAIT_USER_CONFIRM
18.142000,0.554499,-0.000000,0.264962,0.000000,0.000000,0.000000,-8.380134,WAIT_USER_CONFIRM
18.144000,0.554499,-0.000000,0.264962,0.000000,0.000000,0.000000,-8.380134,WAIT_USER_CONFIRM
18.146000,0.554499,-0.000000,0.264962,0.000000,0.000000,0.000000,-8.380134,WAIT_USER_CONFIRM
18.148000,0.554499,-0.000000,0.264962,0.000000,0.000000,0.000000,-8.380134,WAIT_USER_CONFIRM
18.150000,0.554499,-0.000000,0.264962,0.000000,0.000000,0.000000,-8.380134,WAIT_USER_CONFIRM
18.152000,0.554499,-0.000000,0.264962,0.000000,0.000000,0.000000,-8.380134,WAIT_USER_CONFIRM
18.154000,0.554499,-0.000000,0.264962,0.000000,0.000000,0.000000,-8.380134,WAIT_USER_CONFIRM
18.156000,0.554499,-0.000000,0.264962,0.000000,0.000000,0.000000,-8.380134,WAIT_USER_CONFIRM
18.158000,0.554499,-0.000000,0.264962,0.000000,0.000000,0.000000,-8.380134,WAIT_USER_CONFIRM
18.160000,0.554499,-0.000000,0.264962,0.000000,0.000000,0.000000,-8.380134,WAIT_USER_CONFIRM
18.162000,0.554499,-0.000000,0.264962,0.000000,0.000000,0.000000,-8.380134,WAIT_USER_CONFIRM
18.164000,0.554499,-0.000000,0.264962,0.000000,0.000000,0.000000,-8.380134,WAIT_USER_CONFIRM
18.166000,0.554499,-0.000000,0.264962,0.000000,0.000000,0.000000,-8.380134,WAIT_USER_CONFIRM
18.168000,0.554499,-0.000000,0.264962,0.000000,0.000000,0.000000,-8.380134,WAIT_USER_CONFIRM
18.170000,0.554499,-0.000000,0.264962,0.000000,0.000000,0.000000,-8.380134,WAIT_USER_CONFIRM
18.172000,0.554499,-0.000000,0.264962,0.000000,0.000000,0.000000,-8.380134,WAIT_USER_CONFIRM
18.174000,0.554499,-0.000000,0.264962,0.000000,0.000000,0.000000,-8.380134,WAIT_USER_CONFIRM
18.176000,0.554499,-0.000000,0.264962,0.000000,0.000000,0.000000,-8.380134,WAIT_USER_CONFIRM
18.178000,0.554499,-0.000000,0.264962,0.000000,0.000000,0.000000,-8.380134,WAIT_USER_CONFIRM
18.180000,0.554499,-0.000000,0.264962,0.000000,0.000000,0.000000,-8.380134,WAIT_USER_CONFIRM
18.182000,0.554499,-0.000000,0.264962,0.000000,0.000000,0.000000,-8.380134,WAIT_USER_CONFIRM
18.184000,0.554499,-0.000000,0.264962,0.000000,0.000000,0.000000,-8.380134,WAIT_USER_CONFIRM
18.186000,0.554499,-0.000000,0.264962,0.000000,0.000000,0.000000,-8.380134,WAIT_USER_CONFIRM
18.188000,0.554499,-0.000000,0.264962,0.000000,0.000000,0.000000,-8.380134,WAIT_USER_CONFIRM
18.190000,0.554499,-0.000000,0.264962,0.000000,0.000000,0.000000,-8.380134,WAIT_USER_CONFIRM
18.192000,0.554499,-0.000000,0.264962,0.000000,0.000000,0.000000,-8.380134,WAIT_USER_CONFIRM
18.194000,0.554499,-0.000000,0.264962,0.000000,0.000000,0.000000,-8.380134,WAIT_USER_CONFIRM
18.196000,0.554499,-0.000000,0.264962,0.000000,0.000000,0.000000,-8.380134,WAIT_USER_CONFIRM
18.198000,0.554499,-0.000000,0.264962,0.000000,0.000000,0.000000,-8.380134,WAIT_USER_CONFIRM
18.200000,0.554499,-0.000000,0.264962,0.000000,0.000000,0.000000,-8.380134,WAIT_USER_CONFIRM
18.202000,0.554499,-0.000000,0.264962,0.000000,0.000000,0.000000,-8.380134,WAIT_USER_CONFIRM
18.204000,0.554499,-0.000000,0.264962,0.000000,0.000000,0.000000,-8.380134,WAIT_USER_CONFIRM
18.206000,0.554499,-0.000000,0.264962,0.000000,0.000000,0.000000,-8.380134,WAIT_USER_CONFIRM
18.208000,0.554499,-0.000000,0.264962,0.000000,0.000000,0.000000,-8.380134,WAIT_USER_CONFIRM
18.210000,0.554499,-0.000000,0.264962,0.000000,0.000000,0.000000,-8.380134,WAIT_USER_CONFIRM
18.212000,0.554499,-0.000000,0.264962,0.000000,0.000000,0.000000,-8.380134,WAIT_USER_CONFIRM
18.214000,0.554499,-0.000000,0.264962,0.000000,0.000000,0.000000,-8.380134,WAIT_USER_CONFIRM
18.216000,0.554499,-0.000000,0.264962,0.000000,0.000000,0.000000,-8.380134,WAIT_USER_CONFIRM
18.218000,0.554499,-0.000000,0.264962,0.000000,0.000000,0.000000,-8.380134,WAIT_USER_CONFIRM
18.220000,0.554499,-0.000000,0.264962,0.000000,0.000000,0.000000,-8.380134,WAIT_USER_CONFIRM
18.222000,0.554499,-0.000000,0.264962,0.000000,0.000000,0.000000,-8.380134,WAIT_USER_CONFIRM
18.224000,0.554499,-0.000000,0.264962,0.000000,0.000000,0.000000,-8.380134,WAIT_USER_CONFIRM
18.226000,0.554499,-0.000000,0.264962,0.000000,0.000000,0.000000,-8.380134,WAIT_USER_CONFIRM
18.228000,0.554499,-0.000000,0.264962,0.000000,0.000000,0.000000,-8.380134,WAIT_USER_CONFIRM
18.230000,0.554499,-0.000000,0.264962,0.000000,0.000000,0.000000,-8.380134,WAIT_USER_CONFIRM
18.232000,0.554499,-0.000000,0.264962,0.000000,0.000000,0.000000,-8.380134,WAIT_USER_CONFIRM
18.234000,0.554499,-0.000000,0.264962,0.000000,0.000000,0.000000,-8.380134,WAIT_USER_CONFIRM
18.236000,0.554499,-0.000000,0.264962,0.000000,0.000000,0.000000,-8.380134,WAIT_USER_CONFIRM
18.238000,0.554499,-0.000000,0.264962,0.000000,0.000000,0.000000,-8.380134,WAIT_USER_CONFIRM
18.240000,0.554499,-0.000000,0.264962,0.000000,0.000000,0.000000,-8.380134,WAIT_USER_CONFIRM
18.242000,0.554499,-0.000000,0.264962,0.000000,0.000000,0.000000,-8.380134,WAIT_USER_CONFIRM
18.244000,0.554499,-0.000000,0.264962,0.000000,0.000000,0.000000,-8.380134,WAIT_USER_CONFIRM
18.246000,0.554499,-0.000000,0.264962,0.000000,0.000000,0.000000,-8.380134,WAIT_USER_CONFIRM
18.248000,0.554499,-0.000000,0.264962,0.000000,0.000000,0.000000,-8.380134,WAIT_USER_CONFIRM
18.250000,0.554499,-0.000000,0.264962,0.000000,0.000000,0.000000,-8.380134,WAIT_USER_CONFIRM
18.252000,0.554499,-0.000000,0.264962,0.000000,0.000000,0.000000,-8.380134,WAIT_USER_CONFIRM
18.254000,0.554499,-0.000000,0.264962,0.000000,0.000000,0.000000,-8.380134,WAIT_USER_CONFIRM
18.256000,0.554499,-0.000000,0.264962,0.000000,0.000000,0.000000,-8.380134,WAIT_USER_CONFIRM
18.258000,0.554499,-0.000000,0.264962,0.000000,0.000000,0.000000,-8.380134,WAIT_USER_CONFIRM
18.260000,0.554499,-0.000000,0.264962,0.000000,0.000000,0.000000,-8.380134,WAIT_USER_CONFIRM
18.262000,0.554499,-0.000000,0.264962,0.000000,0.000000,0.000000,-8.380134,WAIT_USER_CONFIRM
18.264000,0.554499,-0.000000,0.264962,0.000000,0.000000,0.000000,-8.380134,WAIT_USER_CONFIRM
18.266000,0.554499,-0.000000,0.264962,0.000000,0.000000,0.000000,-8.380134,WAIT_USER_CONFIRM
18.268000,0.554499,-0.000000,0.264962,0.000000,0.000000,0.000000,-8.380134,WAIT_USER_CONFIRM
18.270000,0.554499,-0.000000,0.264962,0.000000,0.000000,0.000000,-8.380134,WAIT_USER_CONFIRM
18.272000,0.554499,-0.000000,0.264962,0.000000,0.000000,0.000000,-8.380134,WAIT_USER_CONFIRM
18.274000,0.554499,-0.000000,0.264962,0.000000,0.000000,0.000000,-8.380134,WAIT_USER_CONFIRM
18.276000,0.554499,-0.000000,0.264962,0.000000,0.000000,0.000000,-8.380134,WAIT_USER_CONFIRM
18.278000,0.554499,-0.000000,0.264962,0.000000,0.000000,0.000000,-8.380134,WAIT_USER_CONFIRM
18.280000,0.554499,-0.000000,0.264962,0.000000,0.000000,0.000000,-8.380134,WAIT_USER_CONFIRM
18.282000,0.554499,-0.000000,0.264962,0.000000,0.000000,0.000000,-8.380134,WAIT_USER_CONFIRM
18.284000,0.554499,-0.000000,0.264962,0.000000,0.000000,0.000000,-8.380134,WAIT_USER_CONFIRM
18.286000,0.554499,-0.000000,0.264962,0.000000,0.000000,0.000000,-8.380134,WAIT_USER_CONFIRM
18.288000,0.554499,-0.000000,0.264962,0.000000,0.000000,0.000000,-8.380134,WAIT_USER_CONFIRM
18.290000,0.554499,-0.000000,0.264962,0.000000,0.000000,0.000000,-8.380134,WAIT_USER_CONFIRM
18.292000,0.554499,-0.000000,0.264962,0.000000,0.000000,0.000000,-8.380134,WAIT_USER_CONFIRM
18.294000,0.554499,-0.000000,0.264962,0.000000,0.000000,0.000000,-8.380134,WAIT_USER_CONFIRM
18.296000,0.554499,-0.000000,0.264962,0.000000,0.000000,0.000000,-8.380134,WAIT_USER_CONFIRM
18.298000,0.554499,-0.000000,0.264962,0.000000,0.000000,0.000000,-8.380134,WAIT_USER_CONFIRM
18.300000,0.554499,-0.000000,0.264962,0.000000,0.000000,0.000000,-8.380134,WAIT_USER_CONFIRM
18.302000,0.554499,-0.000000,0.264962,0.000000,0.000000,0.000000,-8.380134,WAIT_USER_CONFIRM
18.304000,0.554499,-0.000000,0.264962,0.000000,0.000000,0.000000,-8.380134,WAIT_USER_CONFIRM
18.306000,0.554499,-0.000000,0.264962,0.000000,0.000000,0.000000,-8.380134,WAIT_USER_CONFIRM
18.308000,0.554499,-0.000000,0.264962,0.000000,0.000000,0.000000,-8.380134,WAIT_USER_CONFIRM
18.310000,0.554499,-0.000000,0.264962,0.000000,0.000000,0.000000,-8.380134,WAIT_USER_CONFIRM
18.312000,0.554499,-0.000000,0.264962,0.000000,0.000000,0.000000,-8.380134,WAIT_USER_CONFIRM
18.314000,0.554499,-0.000000,0.264962,0.000000,0.000000,0.000000,-8.380134,WAIT_USER_CONFIRM
18.316000,0.554499,-0.000000,0.264962,0.000000,0.000000,0.000000,-8.380134,WAIT_USER_CONFIRM
18.318000,0.554499,-0.000000,0.264962,0.000000,0.000000,0.000000,-8.380134,WAIT_USER_CONFIRM
18.320000,0.554499,-0.000000,0.264962,0.000000,0.000000,0.000000,-8.380134,WAIT_USER_CONFIRM
18.322000,0.554499,-0.000000,0.264962,0.000000,0.000000,0.000000,-8.380134,WAIT_USER_CONFIRM
18.324000,0.554499,-0.000000,0.264962,0.000000,0.000000,0.000000,-8.380134,WAIT_USER_CONFIRM
18.326000,0.554499,-0.000000,0.264962,0.000000,0.000000,0.000000,-8.380134,WAIT_USER_CONFIRM
18.328000,0.554499,-0.000000,0.264962,0.000000,0.000000,0.000000,-8.380134,WAIT_USER_CONFIRM
18.330000,0.554499,-0.000000,0.264962,0.000000,0.000000,0.000000,-8.380134,WAIT_USER_CONFIRM
18.332000,0.554499,-0.000000,0.264962,0.000000,0.000000,0.000000,-8.380134,WAIT_USER_CONFIRM
18.334000,0.554499,-0.000000,0.264962,0.000000,0.000000,0.000000,-8.380134,WAIT_USER_CONFIRM
18.336000,0.554499,-0.000000,0.264962,0.000000,0.000000,0.000000,-8.380134,WAIT_USER_CONFIRM
18.338000,0.554499,-0.000000,0.264962,0.000000,0.000000,0.000000,-8.380134,WAIT_USER_CONFIRM
18.340000,0.554499,-0.000000,0.264962,0.000000,0.000000,0.000000,-8.380134,WAIT_USER_CONFIRM
18.342000,0.554499,-0.000000,0.264962,0.000000,0.000000,0.000000,-8.380134,WAIT_USER_CONFIRM
18.344000,0.554499,-0.000000,0.264962,0.000000,0.000000,0.000000,-8.380134,WAIT_USER_CONFIRM
18.346000,0.554499,-0.000000,0.264962,0.000000,0.000000,0.000000,-8.380134,WAIT_USER_CONFIRM
18.348000,0.554499,-0.000000,0.264962,0.000000,0.000000,0.000000,-8.380134,WAIT_USER_CONFIRM
18.350000,0.554499,-0.000000,0.264962,0.000000,0.000000,0.000000,-8.380134,WAIT_USER_CONFIRM
18.352000,0.554499,-0.000000,0.264962,0.000000,0.000000,0.000000,-8.380134,WAIT_USER_CONFIRM
18.354000,0.554499,-0.000000,0.264962,0.000000,0.000000,0.000000,-8.380134,WAIT_USER_CONFIRM
18.356000,0.554499,-0.000000,0.264962,0.000000,0.000000,0.000000,-8.380134,WAIT_USER_CONFIRM
18.358000,0.554499,-0.000000,0.264962,0.000000,0.000000,0.000000,-8.380134,WAIT_USER_CONFIRM
18.360000,0.554499,-0.000000,0.264962,0.000000,0.000000,0.000000,-8.380134,WAIT_USER_CONFIRM
18.362000,0.554499,-0.000000,0.264962,0.000000,0.000000,0.000000,-8.380134,WAIT_USER_CONFIRM
18.364000,0.554499,-0.000000,0.264962,0.000000,0.000000,0.000000,-8.380134,WAIT_USER_CONFIRM
18.366000,0.554499,-0.000000,0.264962,0.000000,0.000000,0.000000,-8.380134,WAIT_USER_CONFIRM
18.368000,0.554499,-0.000000,0.264962,0.000000,0.000000,0.000000,-8.380134,WAIT_USER_CONFIRM
18.370000,0.554499,-0.000000,0.264962,0.000000,0.000000,0.000000,-8.380134,WAIT_USER_CONFIRM
18.372000,0.554499,-0.000000,0.264962,0.000000,0.000000,0.000000,-8.380134,WAIT_USER_CONFIRM
18.374000,0.554499,-0.000000,0.264962,0.000000,0.000000,0.000000,-8.380134,WAIT_USER_CONFIRM
18.376000,0.554499,-0.000000,0.264962,0.000000,0.000000,0.000000,-8.380134,WAIT_USER_CONFIRM
18.378000,0.554499,-0.000000,0.264962,0.000000,0.000000,0.000000,-8.380134,WAIT_USER_CONFIRM
18.380000,0.554499,-0.000000,0.264962,0.000000,0.000000,0.000000,-8.380134,WAIT_USER_CONFIRM
18.382000,0.554499,-0.000000,0.264962,0.000000,0.000000,0.000000,-8.380134,WAIT_USER_CONFIRM
18.384000,0.554499,-0.000000,0.264962,0.000000,0.000000,0.000000,-8.380134,WAIT_USER_CONFIRM
18.386000,0.554499,-0.000000,0.264962,0.000000,0.000000,0.000000,-8.380134,WAIT_USER_CONFIRM
18.388000,0.554499,-0.000000,0.264962,0.000000,0.000000,0.000000,-8.380134,WAIT_USER_CONFIRM
18.390000,0.554499,-0.000000,0.264962,0.000000,0.000000,0.000000,-8.380134,WAIT_USER_CONFIRM
18.392000,0.554499,-0.000000,0.264962,0.000000,0.000000,0.000000,-8.380134,WAIT_USER_CONFIRM
18.394000,0.554499,-0.000000,0.264962,0.000000,0.000000,0.000000,-8.380134,WAIT_USER_CONFIRM
18.396000,0.554499,-0.000000,0.264962,0.000000,0.000000,0.000000,-8.380134,WAIT_USER_CONFIRM
18.398000,0.554499,-0.000000,0.264962,0.000000,0.000000,0.000000,-8.380134,WAIT_USER_CONFIRM
18.400000,0.554499,-0.000000,0.264962,0.000000,0.000000,0.000000,-8.380134,WAIT_USER_CONFIRM
18.402000,0.554499,-0.000000,0.264962,0.000000,0.000000,0.000000,-8.380134,WAIT_USER_CONFIRM
18.404000,0.554499,-0.000000,0.264962,0.000000,0.000000,0.000000,-8.380134,WAIT_USER_CONFIRM
18.406000,0.554499,-0.000000,0.264962,0.000000,0.000000,0.000000,-8.380134,WAIT_USER_CONFIRM
18.408000,0.554499,-0.000000,0.264962,0.000000,0.000000,0.000000,-8.380134,WAIT_USER_CONFIRM
18.410000,0.554499,-0.000000,0.264962,0.000000,0.000000,0.000000,-8.380134,WAIT_USER_CONFIRM
18.412000,0.554499,-0.000000,0.264962,0.000000,0.000000,0.000000,-8.380134,WAIT_USER_CONFIRM
18.414000,0.554499,-0.000000,0.264962,0.000000,0.000000,0.000000,-8.380134,WAIT_USER_CONFIRM
18.416000,0.554499,-0.000000,0.264962,0.000000,0.000000,0.000000,-8.380134,WAIT_USER_CONFIRM
18.418000,0.554499,-0.000000,0.264962,0.000000,0.000000,0.000000,-8.380134,WAIT_USER_CONFIRM
18.420000,0.554499,-0.000000,0.264962,0.000000,0.000000,0.000000,-8.380134,WAIT_USER_CONFIRM
18.422000,0.554499,-0.000000,0.264962,0.000000,0.000000,0.000000,-8.380134,WAIT_USER_CONFIRM
18.424000,0.554499,-0.000000,0.264962,0.000000,0.000000,0.000000,-8.380134,WAIT_USER_CONFIRM
18.426000,0.554499,-0.000000,0.264962,0.000000,0.000000,0.000000,-8.380134,WAIT_USER_CONFIRM
18.428000,0.554499,-0.000000,0.264962,0.000000,0.000000,0.000000,-8.380134,WAIT_USER_CONFIRM
18.430000,0.554499,-0.000000,0.264962,0.000000,0.000000,0.000000,-8.380134,WAIT_USER_CONFIRM
18.432000,0.554499,-0.000000,0.264962,0.000000,0.000000,0.000000,-8.380134,WAIT_USER_CONFIRM
18.434000,0.554499,-0.000000,0.264962,0.000000,0.000000,0.000000,-8.380134,WAIT_USER_CONFIRM
18.436000,0.554499,-0.000000,0.264962,0.000000,0.000000,0.000000,-8.380134,WAIT_USER_CONFIRM
18.438000,0.554499,-0.000000,0.264962,0.000000,0.000000,0.000000,-8.380134,WAIT_USER_CONFIRM
18.440000,0.554499,-0.000000,0.264962,0.000000,0.000000,0.000000,-8.380134,WAIT_USER_CONFIRM
18.442000,0.554499,-0.000000,0.264962,0.000000,0.000000,0.000000,-8.380134,WAIT_USER_CONFIRM
18.444000,0.554499,-0.000000,0.264962,0.000000,0.000000,0.000000,-8.380134,WAIT_USER_CONFIRM
18.446000,0.554499,-0.000000,0.264962,0.000000,0.000000,0.000000,-8.380134,WAIT_USER_CONFIRM
18.448000,0.554499,-0.000000,0.264962,0.000000,0.000000,0.000000,-8.380134,WAIT_USER_CONFIRM
18.450000,0.554499,-0.000000,0.264962,0.000000,0.000000,0.000000,-8.380134,WAIT_USER_CONFIRM
18.452000,0.554499,-0.000000,0.264962,0.000000,0.000000,0.000000,-8.380134,WAIT_USER_CONFIRM
18.454000,0.554499,-0.000000,0.264962,0.000000,0.000000,0.000000,-8.380134,WAIT_USER_CONFIRM
18.456000,0.554499,-0.000000,0.264962,0.000000,0.000000,0.000000,-8.380134,WAIT_USER_CONFIRM
18.458000,0.554499,-0.000000,0.264962,0.000000,0.000000,0.000000,-8.380134,WAIT_USER_CONFIRM
18.460000,0.554499,-0.000000,0.264962,0.000000,0.000000,0.000000,-8.380134,WAIT_USER_CONFIRM
18.462000,0.554499,-0.000000,0.264962,0.000000,0.000000,0.000000,-8.380134,WAIT_USER_CONFIRM
18.464000,0.554499,-0.000000,0.264962,0.000000,0.000000,0.000000,-8.380134,WAIT_USER_CONFIRM
18.466000,0.554499,-0.000000,0.264962,0.000000,0.000000,0.000000,-8.380134,WAIT_USER_CONFIRM
18.468000,0.554499,-0.000000,0.264962,0.000000,0.000000,0.000000,-8.380134,WAIT_USER_CONFIRM
18.470000,0.554499,-0.000000,0.264962,0.000000,0.000000,0.000000,-8.380134,WAIT_USER_CONFIRM
18.472000,0.554499,-0.000000,0.264962,0.000000,0.000000,0.000000,-8.380134,WAIT_USER_CONFIRM
18.474000,0.554499,-0.000000,0.264962,0.000000,0.000000,0.000000,-8.380134,WAIT_USER_CONFIRM
18.476000,0.554499,-0.000000,0.264962,0.000000,0.000000,0.000000,-8.380134,WAIT_USER_CONFIRM
18.478000,0.554499,-0.000000,0.264962,0.000000,0.000000,0.000000,-8.380134,WAIT_USER_CONFIRM
18.480000,0.554499,-0.000000,0.264962,0.000000,0.000000,0.000000,-8.380134,WAIT_USER_CONFIRM
18.482000,0.554499,-0.000000,0.264962,0.000000,0.000000,0.000000,-8.380134,WAIT_USER_CONFIRM
18.484000,0.554499,-0.000000,0.264962,0.000000,0.000000,0.000000,-8.380134,WAIT_USER_CONFIRM
18.486000,0.554499,-0.000000,0.264962,0.000000,0.000000,0.000000,-8.380134,WAIT_USER_CONFIRM
18.488000,0.554499,-0.000000,0.264962,0.000000,0.000000,0.000000,-8.380134,WAIT_USER_CONFIRM
18.490000,0.554499,-0.000000,0.264962,0.000000,0.000000,0.000000,-8.380134,WAIT_USER_CONFIRM
18.492000,0.554499,-0.000000,0.264962,0.000000,0.000000,0.000000,-8.380134,WAIT_USER_CONFIRM
18.494000,0.554499,-0.000000,0.264962,0.000000,0.000000,0.000000,-8.380134,WAIT_USER_CONFIRM
18.496000,0.554499,-0.000000,0.264962,0.000000,0.000000,0.000000,-8.380134,WAIT_USER_CONFIRM
18.498000,0.554499,-0.000000,0.264962,0.000000,0.000000,0.000000,-8.380134,WAIT_USER_CONFIRM
18.500000,0.554499,-0.000000,0.264962,0.000000,0.000000,0.000000,-8.380134,WAIT_USER_CONFIRM
18.502000,0.554499,-0.000000,0.264962,0.000000,0.000000,0.000000,-8.380134,WAIT_USER_CONFIRM
18.504000,0.554499,-0.000000,0.264962,0.000000,0.000000,0.000000,-8.380134,WAIT_USER_CONFIRM
18.506000,0.554499,-0.000000,0.264962,0.000000,0.000000,0.000000,-8.380134,WAIT_USER_CONFIRM
18.508000,0.554499,-0.000000,0.264962,0.000000,0.000000,0.000000,-8.380134,WAIT_USER_CONFIRM
18.510000,0.554499,-0.000000,0.264962,0.000000,0.000000,0.000000,-8.380134,WAIT_USER_CONFIRM
18.512000,0.554499,-0.000000,0.264962,0.000000,0.000000,0.000000,-8.380134,WAIT_USER_CONFIRM
18.514000,0.554499,-0.000000,0.264962,0.000000,0.000000,0.000000,-8.380134,WAIT_USER_CONFIRM
18.516000,0.554499,-0.000000,0.264962,0.000000,0.000000,0.000000,-8.380134,WAIT_USER_CONFIRM
18.518000,0.554499,-0.000000,0.264962,0.000000,0.000000,0.000000,-8.380134,WAIT_USER_CONFIRM
18.520000,0.554499,-0.000000,0.264962,0.000000,0.000000,0.000000,-8.380134,WAIT_USER_CONFIRM
18.522000,0.554499,-0.000000,0.264962,0.000000,0.000000,0.000000,-8.380134,WAIT_USER_CONFIRM
18.524000,0.554499,-0.000000,0.264962,0.000000,0.000000,0.000000,-8.380134,WAIT_USER_CONFIRM
18.526000,0.554499,-0.000000,0.264962,0.000000,0.000000,0.000000,-8.380134,WAIT_USER_CONFIRM
18.528000,0.554499,-0.000000,0.264962,0.000000,0.000000,0.000000,-8.380134,WAIT_USER_CONFIRM
18.530000,0.554499,-0.000000,0.264962,0.000000,0.000000,0.000000,-8.380134,WAIT_USER_CONFIRM
18.532000,0.554499,-0.000000,0.264962,0.000000,0.000000,0.000000,-8.380134,WAIT_USER_CONFIRM
18.534000,0.554499,-0.000000,0.264962,0.000000,0.000000,0.000000,-8.380134,WAIT_USER_CONFIRM
18.536000,0.554499,-0.000000,0.264962,0.000000,0.000000,0.000000,-8.380134,WAIT_USER_CONFIRM
18.538000,0.554499,-0.000000,0.264962,0.000000,0.000000,0.000000,-8.380134,WAIT_USER_CONFIRM
18.540000,0.554499,-0.000000,0.264962,0.000000,0.000000,0.000000,-8.380134,WAIT_USER_CONFIRM
18.542000,0.554499,-0.000000,0.264962,0.000000,0.000000,0.000000,-8.380134,WAIT_USER_CONFIRM
18.544000,0.554499,-0.000000,0.264962,0.000000,0.000000,0.000000,-8.380134,WAIT_USER_CONFIRM
18.546000,0.554499,-0.000000,0.264962,0.000000,0.000000,0.000000,-8.380134,WAIT_USER_CONFIRM
18.548000,0.554499,-0.000000,0.264962,0.000000,0.000000,0.000000,-8.380134,WAIT_USER_CONFIRM
18.550000,0.554499,-0.000000,0.264962,0.000000,0.000000,0.000000,-8.380134,WAIT_USER_CONFIRM
18.552000,0.554499,-0.000000,0.264962,0.000000,0.000000,0.000000,-8.380134,WAIT_USER_CONFIRM
18.554000,0.554499,-0.000000,0.264962,0.000000,0.000000,0.000000,-8.380134,WAIT_USER_CONFIRM
18.556000,0.554499,-0.000000,0.264962,0.000000,0.000000,0.000000,-8.380134,WAIT_USER_CONFIRM
18.558000,0.554499,-0.000000,0.264962,0.000000,0.000000,0.000000,-8.380134,WAIT_USER_CONFIRM
18.560000,0.554499,-0.000000,0.264962,0.000000,0.000000,0.000000,-8.380134,WAIT_USER_CONFIRM
18.562000,0.554499,-0.000000,0.264962,0.000000,0.000000,0.000000,-8.380134,WAIT_USER_CONFIRM
18.564000,0.554499,-0.000000,0.264962,0.000000,0.000000,0.000000,-8.380134,WAIT_USER_CONFIRM
18.566000,0.554499,-0.000000,0.264962,0.000000,0.000000,0.000000,-8.380134,WAIT_USER_CONFIRM
18.568000,0.554499,-0.000000,0.264962,0.000000,0.000000,0.000000,-8.380134,WAIT_USER_CONFIRM
18.570000,0.554499,-0.000000,0.264962,0.000000,0.000000,0.000000,-8.380134,WAIT_USER_CONFIRM
18.572000,0.554499,-0.000000,0.264962,0.000000,0.000000,0.000000,-8.380134,WAIT_USER_CONFIRM
18.574000,0.554499,-0.000000,0.264962,0.000000,0.000000,0.000000,-8.380134,WAIT_USER_CONFIRM
18.576000,0.554499,-0.000000,0.264962,0.000000,0.000000,0.000000,-8.380134,WAIT_USER_CONFIRM
18.578000,0.554499,-0.000000,0.264962,0.000000,0.000000,0.000000,-8.380134,WAIT_USER_CONFIRM
18.580000,0.554499,-0.000000,0.264962,0.000000,0.000000,0.000000,-8.380134,WAIT_USER_CONFIRM
18.582000,0.554499,-0.000000,0.264962,0.000000,0.000000,0.000000,-8.380134,WAIT_USER_CONFIRM
18.584000,0.554499,-0.000000,0.264962,0.000000,0.000000,0.000000,-8.380134,WAIT_USER_CONFIRM
18.586000,0.554499,-0.000000,0.264962,0.000000,0.000000,0.000000,-8.380134,WAIT_USER_CONFIRM
18.588000,0.554499,-0.000000,0.264962,0.000000,0.000000,0.000000,-8.380134,WAIT_USER_CONFIRM
18.590000,0.554499,-0.000000,0.264962,0.000000,0.000000,0.000000,-8.380134,WAIT_USER_CONFIRM
18.592000,0.554499,-0.000000,0.264962,0.000000,0.000000,0.000000,-8.380134,WAIT_USER_CONFIRM
18.594000,0.554499,-0.000000,0.264962,0.000000,0.000000,0.000000,-8.380134,WAIT_USER_CONFIRM
18.596000,0.554499,-0.000000,0.264962,0.000000,0.000000,0.000000,-8.380134,WAIT_USER_CONFIRM
18.598000,0.554499,-0.000000,0.264962,0.000000,0.000000,0.000000,-8.380134,WAIT_USER_CONFIRM
18.600000,0.554499,-0.000000,0.264962,0.000000,0.000000,0.000000,-8.380134,WAIT_USER_CONFIRM
18.602000,0.554499,-0.000000,0.264962,0.000000,0.000000,0.000000,-8.380134,WAIT_USER_CONFIRM
18.604000,0.554499,-0.000000,0.264962,0.000000,0.000000,0.000000,-8.380134,WAIT_USER_CONFIRM
18.606000,0.554499,-0.000000,0.264962,0.000000,0.000000,0.000000,-8.380134,WAIT_USER_CONFIRM
18.608000,0.554499,-0.000000,0.264962,0.000000,0.000000,0.000000,-8.380134,WAIT_USER_CONFIRM
18.610000,0.554499,-0.000000,0.264962,0.000000,0.000000,0.000000,-8.380134,WAIT_USER_CONFIRM
18.612000,0.554499,-0.000000,0.264962,0.000000,0.000000,0.000000,-8.380134,WAIT_USER_CONFIRM
18.614000,0.554499,-0.000000,0.264962,0.000000,0.000000,0.000000,-8.380134,WAIT_USER_CONFIRM
18.616000,0.554499,-0.000000,0.264962,0.000000,0.000000,0.000000,-8.380134,WAIT_USER_CONFIRM
18.618000,0.554499,-0.000000,0.264962,0.000000,0.000000,0.000000,-8.380134,WAIT_USER_CONFIRM
18.620000,0.554499,-0.000000,0.264962,0.000000,0.000000,0.000000,-8.380134,WAIT_USER_CONFIRM
18.622000,0.554499,-0.000000,0.264962,0.000000,0.000000,0.000000,-8.380134,WAIT_USER_CONFIRM
18.624000,0.554499,-0.000000,0.264962,0.000000,0.000000,0.000000,-8.380134,WAIT_USER_CONFIRM
18.626000,0.554499,-0.000000,0.264962,0.000000,0.000000,0.000000,-8.380134,WAIT_USER_CONFIRM
18.628000,0.554499,-0.000000,0.264962,0.000000,0.000000,0.000000,-8.380134,WAIT_USER_CONFIRM
18.630000,0.554499,-0.000000,0.264962,0.000000,0.000000,0.000000,-8.380134,WAIT_USER_CONFIRM
18.632000,0.554499,-0.000000,0.264962,0.000000,0.000000,0.000000,-8.380134,WAIT_USER_CONFIRM
18.634000,0.554499,-0.000000,0.264962,0.000000,0.000000,0.000000,-8.380134,WAIT_USER_CONFIRM
18.636000,0.554499,-0.000000,0.264962,0.000000,0.000000,0.000000,-8.380134,WAIT_USER_CONFIRM
18.638000,0.554499,-0.000000,0.264962,0.000000,0.000000,0.000000,-8.380134,WAIT_USER_CONFIRM
18.640000,0.554499,-0.000000,0.264962,0.000000,0.000000,0.000000,-8.380134,WAIT_USER_CONFIRM
18.642000,0.554499,-0.000000,0.264962,0.000000,0.000000,0.000000,-8.380134,WAIT_USER_CONFIRM
18.644000,0.554499,-0.000000,0.264962,0.000000,0.000000,0.000000,-8.380134,WAIT_USER_CONFIRM
18.646000,0.554499,-0.000000,0.264962,0.000000,0.000000,0.000000,-8.380134,WAIT_USER_CONFIRM
18.648000,0.554499,-0.000000,0.264962,0.000000,0.000000,0.000000,-8.380134,WAIT_USER_CONFIRM
18.650000,0.554499,-0.000000,0.264962,0.000000,0.000000,0.000000,-8.380134,WAIT_USER_CONFIRM
18.652000,0.554499,-0.000000,0.264962,0.000000,0.000000,0.000000,-8.380134,WAIT_USER_CONFIRM
18.654000,0.554499,-0.000000,0.264962,0.000000,0.000000,0.000000,-8.380134,WAIT_USER_CONFIRM
18.656000,0.554499,-0.000000,0.264962,0.000000,0.000000,0.000000,-8.380134,WAIT_USER_CONFIRM
18.658000,0.554499,-0.000000,0.264962,0.000000,0.000000,0.000000,-8.380134,WAIT_USER_CONFIRM
18.660000,0.554499,-0.000000,0.264962,0.000000,0.000000,0.000000,-8.380134,WAIT_USER_CONFIRM
18.662000,0.554499,-0.000000,0.264962,0.000000,0.000000,0.000000,-8.380134,WAIT_USER_CONFIRM
18.664000,0.554499,-0.000000,0.264962,0.000000,0.000000,0.000000,-8.380134,WAIT_USER_CONFIRM
18.666000,0.554499,-0.000000,0.264962,0.000000,0.000000,0.000000,-8.380134,WAIT_USER_CONFIRM
18.668000,0.554499,-0.000000,0.264962,0.000000,0.000000,0.000000,-8.380134,WAIT_USER_CONFIRM
18.670000,0.554499,-0.000000,0.264962,0.000000,0.000000,0.000000,-8.380134,WAIT_USER_CONFIRM
18.672000,0.554499,-0.000000,0.264962,0.000000,0.000000,0.000000,-8.380134,WAIT_USER_CONFIRM
18.674000,0.554499,-0.000000,0.264962,0.000000,0.000000,0.000000,-8.380134,WAIT_USER_CONFIRM
18.676000,0.554499,-0.000000,0.264962,0.000000,0.000000,0.000000,-8.380134,WAIT_USER_CONFIRM
18.678000,0.554499,-0.000000,0.264962,0.000000,0.000000,0.000000,-8.380134,WAIT_USER_CONFIRM
18.680000,0.554499,-0.000000,0.264962,0.000000,0.000000,0.000000,-8.380134,WAIT_USER_CONFIRM
18.682000,0.554499,-0.000000,0.264962,0.000000,0.000000,0.000000,-8.380134,WAIT_USER_CONFIRM
18.684000,0.554499,-0.000000,0.264962,0.000000,0.000000,0.000000,-8.380134,WAIT_USER_CONFIRM
18.686000,0.554499,-0.000000,0.264962,0.000000,0.000000,0.000000,-8.380134,WAIT_USER_CONFIRM
18.688000,0.554499,-0.000000,0.264962,0.000000,0.000000,0.000000,-8.380134,WAIT_USER_CONFIRM
18.690000,0.554499,-0.000000,0.264962,0.000000,0.000000,0.000000,-8.380134,WAIT_USER_CONFIRM
18.692000,0.554499,-0.000000,0.264962,0.000000,0.000000,0.000000,-8.380134,WAIT_USER_CONFIRM
18.694000,0.554499,-0.000000,0.264962,0.000000,0.000000,0.000000,-8.380134,WAIT_USER_CONFIRM
18.696000,0.554499,-0.000000,0.264962,0.000000,0.000000,0.000000,-8.380134,WAIT_USER_CONFIRM
18.698000,0.554499,-0.000000,0.264962,0.000000,0.000000,0.000000,-8.380134,WAIT_USER_CONFIRM
18.700000,0.554499,-0.000000,0.264962,0.000000,0.000000,0.000000,-8.380134,WAIT_USER_CONFIRM
18.702000,0.554499,-0.000000,0.264962,0.000000,0.000000,0.000000,-8.380134,WAIT_USER_CONFIRM
18.704000,0.554499,-0.000000,0.264962,0.000000,0.000000,0.000000,-8.380134,WAIT_USER_CONFIRM
18.706000,0.554499,-0.000000,0.264962,0.000000,0.000000,0.000000,-8.380134,WAIT_USER_CONFIRM
18.708000,0.554499,-0.000000,0.264962,0.000000,0.000000,0.000000,-8.380134,WAIT_USER_CONFIRM
18.710000,0.554499,-0.000000,0.264962,0.000000,0.000000,0.000000,-8.380134,WAIT_USER_CONFIRM
18.712000,0.554499,-0.000000,0.264962,0.000000,0.000000,0.000000,-8.380134,WAIT_USER_CONFIRM
18.714000,0.554499,-0.000000,0.264962,0.000000,0.000000,0.000000,-8.380134,WAIT_USER_CONFIRM
18.716000,0.554499,-0.000000,0.264962,0.000000,0.000000,0.000000,-8.380134,WAIT_USER_CONFIRM
18.718000,0.554499,-0.000000,0.264962,0.000000,0.000000,0.000000,-8.380134,WAIT_USER_CONFIRM
18.720000,0.554499,-0.000000,0.264962,0.000000,0.000000,0.000000,-8.380134,WAIT_USER_CONFIRM
18.722000,0.554499,-0.000000,0.264962,0.000000,0.000000,0.000000,-8.380134,WAIT_USER_CONFIRM
18.724000,0.554499,-0.000000,0.264962,0.000000,0.000000,0.000000,-8.380134,WAIT_USER_CONFIRM
18.726000,0.554499,-0.000000,0.264962,0.000000,0.000000,0.000000,-8.380134,WAIT_USER_CONFIRM
18.728000,0.554499,-0.000000,0.264962,0.000000,0.000000,0.000000,-8.380134,WAIT_USER_CONFIRM
18.730000,0.554499,-0.000000,0.264962,0.000000,0.000000,0.000000,-8.380134,WAIT_USER_CONFIRM
18.732000,0.554499,-0.000000,0.264962,0.000000,0.000000,0.000000,-8.380134,WAIT_USER_CONFIRM
18.734000,0.554499,-0.000000,0.264962,0.000000,0.000000,0.000000,-8.380134,WAIT_USER_CONFIRM
18.736000,0.554499,-0.000000,0.264962,0.000000,0.000000,0.000000,-8.380134,WAIT_USER_CONFIRM
18.738000,0.554499,-0.000000,0.264962,0.000000,0.000000,0.000000,-8.380134,WAIT_USER_CONFIRM
18.740000,0.554499,-0.000000,0.264962,0.000000,0.000000,0.000000,-8.380134,WAIT_USER_CONFIRM
18.742000,0.554499,-0.000000,0.264962,0.000000,0.000000,0.000000,-8.380134,WAIT_USER_CONFIRM
18.744000,0.554499,-0.000000,0.264962,0.000000,0.000000,0.000000,-8.380134,WAIT_USER_CONFIRM
18.746000,0.554499,-0.000000,0.264962,0.000000,0.000000,0.000000,-8.380134,WAIT_USER_CONFIRM
18.748000,0.554499,-0.000000,0.264962,0.000000,0.000000,0.000000,-8.380134,WAIT_USER_CONFIRM
18.750000,0.554499,-0.000000,0.264962,0.000000,0.000000,0.000000,-8.380134,WAIT_USER_CONFIRM
18.752000,0.554499,-0.000000,0.264962,0.000000,0.000000,0.000000,-8.380134,WAIT_USER_CONFIRM
18.754000,0.554499,-0.000000,0.264962,0.000000,0.000000,0.000000,-8.380134,WAIT_USER_CONFIRM
18.756000,0.554499,-0.000000,0.264962,0.000000,0.000000,0.000000,-8.380134,WAIT_USER_CONFIRM
18.758000,0.554499,-0.000000,0.264962,0.000000,0.000000,0.000000,-8.380134,WAIT_USER_CONFIRM
18.760000,0.554499,-0.000000,0.264962,0.000000,0.000000,0.000000,-8.380134,WAIT_USER_CONFIRM
18.762000,0.554499,-0.000000,0.264962,0.000000,0.000000,0.000000,-8.380134,WAIT_USER_CONFIRM
18.764000,0.554499,-0.000000,0.264962,0.000000,0.000000,0.000000,-8.380134,WAIT_USER_CONFIRM
18.766000,0.554499,-0.000000,0.264962,0.000000,0.000000,0.000000,-8.380134,WAIT_USER_CONFIRM
18.768000,0.554499,-0.000000,0.264962,0.000000,0.000000,0.000000,-8.380134,WAIT_USER_CONFIRM
18.770000,0.554499,-0.000000,0.264962,0.000000,0.000000,0.000000,-8.380134,WAIT_USER_CONFIRM
18.772000,0.554499,-0.000000,0.264962,0.000000,0.000000,0.000000,-8.380134,WAIT_USER_CONFIRM
18.774000,0.554499,-0.000000,0.264962,0.000000,0.000000,0.000000,-8.380134,WAIT_USER_CONFIRM
18.776000,0.554499,-0.000000,0.264962,0.000000,0.000000,0.000000,-8.380134,WAIT_USER_CONFIRM
18.778000,0.554499,-0.000000,0.264962,0.000000,0.000000,0.000000,-8.380134,WAIT_USER_CONFIRM
18.780000,0.554499,-0.000000,0.264962,0.000000,0.000000,0.000000,-8.380134,WAIT_USER_CONFIRM
18.782000,0.554499,-0.000000,0.264962,0.000000,0.000000,0.000000,-8.380134,WAIT_USER_CONFIRM
18.784000,0.554499,-0.000000,0.264962,0.000000,0.000000,0.000000,-8.380134,WAIT_USER_CONFIRM
18.786000,0.554499,-0.000000,0.264962,0.000000,0.000000,0.000000,-8.380134,WAIT_USER_CONFIRM
18.788000,0.554499,-0.000000,0.264962,0.000000,0.000000,0.000000,-8.380134,WAIT_USER_CONFIRM
18.790000,0.554499,-0.000000,0.264962,0.000000,0.000000,0.000000,-8.380134,WAIT_USER_CONFIRM
18.792000,0.554499,-0.000000,0.264962,0.000000,0.000000,0.000000,-8.380134,WAIT_USER_CONFIRM
18.794000,0.554499,-0.000000,0.264962,0.000000,0.000000,0.000000,-8.380134,WAIT_USER_CONFIRM
18.796000,0.554499,-0.000000,0.264962,0.000000,0.000000,0.000000,-8.380134,WAIT_USER_CONFIRM
18.798000,0.554499,-0.000000,0.264962,0.000000,0.000000,0.000000,-8.380134,WAIT_USER_CONFIRM
18.800000,0.554499,-0.000000,0.264962,0.000000,0.000000,0.000000,-8.380134,WAIT_USER_CONFIRM
18.802000,0.554499,-0.000000,0.264962,0.000000,0.000000,0.000000,-8.380134,WAIT_USER_CONFIRM
18.804000,0.554499,-0.000000,0.264962,0.000000,0.000000,0.000000,-8.380134,WAIT_USER_CONFIRM
18.806000,0.554499,-0.000000,0.264962,0.000000,0.000000,0.000000,-8.380134,WAIT_USER_CONFIRM
18.808000,0.554499,-0.000000,0.264962,0.000000,0.000000,0.000000,-8.380134,WAIT_USER_CONFIRM
18.810000,0.554499,-0.000000,0.264962,0.000000,0.000000,0.000000,-8.380134,WAIT_USER_CONFIRM
18.812000,0.554499,-0.000000,0.264962,0.000000,0.000000,0.000000,-8.380134,WAIT_USER_CONFIRM
18.814000,0.554499,-0.000000,0.264962,0.000000,0.000000,0.000000,-8.380134,WAIT_USER_CONFIRM
18.816000,0.554499,-0.000000,0.264962,0.000000,0.000000,0.000000,-8.380134,WAIT_USER_CONFIRM
18.818000,0.554499,-0.000000,0.264962,0.000000,0.000000,0.000000,-8.380134,WAIT_USER_CONFIRM
18.820000,0.554499,-0.000000,0.264962,0.000000,0.000000,0.000000,-8.380134,WAIT_USER_CONFIRM
18.822000,0.554499,-0.000000,0.264962,0.000000,0.000000,0.000000,-8.380134,WAIT_USER_CONFIRM
18.824000,0.554499,-0.000000,0.264962,0.000000,0.000000,0.000000,-8.380134,WAIT_USER_CONFIRM
18.826000,0.554499,-0.000000,0.264962,0.000000,0.000000,0.000000,-8.380134,WAIT_USER_CONFIRM
18.828000,0.554499,-0.000000,0.264962,0.000000,0.000000,0.000000,-8.380134,WAIT_USER_CONFIRM
18.830000,0.554499,-0.000000,0.264962,0.000000,0.000000,0.000000,-8.380134,WAIT_USER_CONFIRM
18.832000,0.554499,-0.000000,0.264962,0.000000,0.000000,0.000000,-8.380134,WAIT_USER_CONFIRM
18.834000,0.554499,-0.000000,0.264962,0.000000,0.000000,0.000000,-8.380134,WAIT_USER_CONFIRM
18.836000,0.554499,-0.000000,0.264962,0.000000,0.000000,0.000000,-8.380134,WAIT_USER_CONFIRM
18.838000,0.554499,-0.000000,0.264962,0.000000,0.000000,0.000000,-8.380134,WAIT_USER_CONFIRM
18.840000,0.554499,-0.000000,0.264962,0.000000,0.000000,0.000000,-8.380134,WAIT_USER_CONFIRM
18.842000,0.554499,-0.000000,0.264962,0.000000,0.000000,0.000000,-8.380134,WAIT_USER_CONFIRM
18.844000,0.554499,-0.000000,0.264962,0.000000,0.000000,0.000000,-8.380134,WAIT_USER_CONFIRM
18.846000,0.554499,-0.000000,0.264962,0.000000,0.000000,0.000000,-8.380134,WAIT_USER_CONFIRM
18.848000,0.554499,-0.000000,0.264962,0.000000,0.000000,0.000000,-8.380134,WAIT_USER_CONFIRM
18.850000,0.554499,-0.000000,0.264962,0.000000,0.000000,0.000000,-8.380134,WAIT_USER_CONFIRM
18.852000,0.554499,-0.000000,0.264962,0.000000,0.000000,0.000000,-8.380134,WAIT_USER_CONFIRM
18.854000,0.554499,-0.000000,0.264962,0.000000,0.000000,0.000000,-8.380134,WAIT_USER_CONFIRM
18.856000,0.554499,-0.000000,0.264962,0.000000,0.000000,0.000000,-8.380134,WAIT_USER_CONFIRM
18.858000,0.554499,-0.000000,0.264962,0.000000,0.000000,0.000000,-8.380134,WAIT_USER_CONFIRM
18.860000,0.554499,-0.000000,0.264962,0.000000,0.000000,0.000000,-8.380134,WAIT_USER_CONFIRM
18.862000,0.554499,-0.000000,0.264962,0.000000,0.000000,0.000000,-8.380134,WAIT_USER_CONFIRM
18.864000,0.554499,-0.000000,0.264962,0.000000,0.000000,0.000000,-8.380134,WAIT_USER_CONFIRM
18.866000,0.554499,-0.000000,0.264962,0.000000,0.000000,0.000000,-8.380134,WAIT_USER_CONFIRM
18.868000,0.554499,-0.000000,0.264962,0.000000,0.000000,0.000000,-8.380134,WAIT_USER_CONFIRM
18.870000,0.554499,-0.000000,0.264962,0.000000,0.000000,0.000000,-8.380134,WAIT_USER_CONFIRM
18.872000,0.554499,-0.000000,0.264962,0.000000,0.000000,0.000000,-8.380134,WAIT_USER_CONFIRM
18.874000,0.554499,-0.000000,0.264962,0.000000,0.000000,0.000000,-8.380134,WAIT_USER_CONFIRM
18.876000,0.554499,-0.000000,0.264962,0.000000,0.000000,0.000000,-8.380134,WAIT_USER_CONFIRM
18.878000,0.554499,-0.000000,0.264962,0.000000,0.000000,0.000000,-8.380134,WAIT_USER_CONFIRM
18.880000,0.554499,-0.000000,0.264962,0.000000,0.000000,0.000000,-8.380134,WAIT_USER_CONFIRM
18.882000,0.554499,-0.000000,0.264962,0.000000,0.000000,0.000000,-8.380134,WAIT_USER_CONFIRM
18.884000,0.554499,-0.000000,0.264962,0.000000,0.000000,0.000000,-8.380134,WAIT_USER_CONFIRM
18.886000,0.554499,-0.000000,0.264962,0.000000,0.000000,0.000000,-8.380134,WAIT_USER_CONFIRM
18.888000,0.554499,-0.000000,0.264962,0.000000,0.000000,0.000000,-8.380134,WAIT_USER_CONFIRM
18.890000,0.554499,-0.000000,0.264962,0.000000,0.000000,0.000000,-8.380134,WAIT_USER_CONFIRM
18.892000,0.554499,-0.000000,0.264962,0.000000,0.000000,0.000000,-8.380134,WAIT_USER_CONFIRM
18.894000,0.554499,-0.000000,0.264962,0.000000,0.000000,0.000000,-8.380134,WAIT_USER_CONFIRM
18.896000,0.554499,-0.000000,0.264962,0.000000,0.000000,0.000000,-8.380134,WAIT_USER_CONFIRM
18.898000,0.554499,-0.000000,0.264962,0.000000,0.000000,0.000000,-8.380134,WAIT_USER_CONFIRM
18.900000,0.554499,-0.000000,0.264962,0.000000,0.000000,0.000000,-8.380134,WAIT_USER_CONFIRM
18.902000,0.554499,-0.000000,0.264962,0.000000,0.000000,0.000000,-8.380134,WAIT_USER_CONFIRM
18.904000,0.554499,-0.000000,0.264962,0.000000,0.000000,0.000000,-8.380134,WAIT_USER_CONFIRM
18.906000,0.554499,-0.000000,0.264962,0.000000,0.000000,0.000000,-8.380134,WAIT_USER_CONFIRM
18.908000,0.554499,-0.000000,0.264962,0.000000,0.000000,0.000000,-8.380134,WAIT_USER_CONFIRM
18.910000,0.554499,-0.000000,0.264962,0.000000,0.000000,0.000000,-8.380134,WAIT_USER_CONFIRM
18.912000,0.554499,-0.000000,0.264962,0.000000,0.000000,0.000000,-8.380134,WAIT_USER_CONFIRM
18.914000,0.554499,-0.000000,0.264962,0.000000,0.000000,0.000000,-8.380134,WAIT_USER_CONFIRM
18.916000,0.554499,-0.000000,0.264962,0.000000,0.000000,0.000000,-8.380134,WAIT_USER_CONFIRM
18.918000,0.554499,-0.000000,0.264962,0.000000,0.000000,0.000000,-8.380134,WAIT_USER_CONFIRM
18.920000,0.554499,-0.000000,0.264962,0.000000,0.000000,0.000000,-8.380134,WAIT_USER_CONFIRM
18.922000,0.554499,-0.000000,0.264962,0.000000,0.000000,0.000000,-8.380134,WAIT_USER_CONFIRM
18.924000,0.554499,-0.000000,0.264962,0.000000,0.000000,0.000000,-8.380134,WAIT_USER_CONFIRM
18.926000,0.554499,-0.000000,0.264962,0.000000,0.000000,0.000000,-8.380134,WAIT_USER_CONFIRM
18.928000,0.554499,-0.000000,0.264962,0.000000,0.000000,0.000000,-8.380134,WAIT_USER_CONFIRM
18.930000,0.554499,-0.000000,0.264962,0.000000,0.000000,0.000000,-8.380134,WAIT_USER_CONFIRM
18.932000,0.554499,-0.000000,0.264962,0.000000,0.000000,0.000000,-8.380134,WAIT_USER_CONFIRM
18.934000,0.554499,-0.000000,0.264962,0.000000,0.000000,0.000000,-8.380134,WAIT_USER_CONFIRM
18.936000,0.554499,-0.000000,0.264962,0.000000,0.000000,0.000000,-8.380134,WAIT_USER_CONFIRM
18.938000,0.554499,-0.000000,0.264962,0.000000,0.000000,0.000000,-8.380134,WAIT_USER_CONFIRM
18.940000,0.554499,-0.000000,0.264962,0.000000,0.000000,0.000000,-8.380134,WAIT_USER_CONFIRM
18.942000,0.554499,-0.000000,0.264962,0.000000,0.000000,0.000000,-8.380134,WAIT_USER_CONFIRM
18.944000,0.554499,-0.000000,0.264962,0.000000,0.000000,0.000000,-8.380134,WAIT_USER_CONFIRM
18.946000,0.554499,-0.000000,0.264962,0.000000,0.000000,0.000000,-8.380134,WAIT_USER_CONFIRM
18.948000,0.554499,-0.000000,0.264962,0.000000,0.000000,0.000000,-8.380134,WAIT_USER_CONFIRM
18.950000,0.554499,-0.000000,0.264962,0.000000,0.000000,0.000000,-8.380134,WAIT_USER_CONFIRM
18.952000,0.554499,-0.000000,0.264962,0.000000,0.000000,0.000000,-8.380134,WAIT_USER_CONFIRM
18.954000,0.554499,-0.000000,0.264962,0.000000,0.000000,0.000000,-8.380134,WAIT_USER_CONFIRM
18.956000,0.554499,-0.000000,0.264962,0.000000,0.000000,0.000000,-8.380134,WAIT_USER_CONFIRM
18.958000,0.554499,-0.000000,0.264962,0.000000,0.000000,0.000000,-8.380134,WAIT_USER_CONFIRM
18.960000,0.554499,-0.000000,0.264962,0.000000,0.000000,0.000000,-8.380134,WAIT_USER_CONFIRM
18.962000,0.554499,-0.000000,0.264962,0.000000,0.000000,0.000000,-8.380134,WAIT_USER_CONFIRM
18.964000,0.554499,-0.000000,0.264962,0.000000,0.000000,0.000000,-8.380134,WAIT_USER_CONFIRM
18.966000,0.554499,-0.000000,0.264962,0.000000,0.000000,0.000000,-8.380134,WAIT_USER_CONFIRM
18.968000,0.554499,-0.000000,0.264962,0.000000,0.000000,0.000000,-8.380134,WAIT_USER_CONFIRM
18.970000,0.554499,-0.000000,0.264962,0.000000,0.000000,0.000000,-8.380134,WAIT_USER_CONFIRM
18.972000,0.554499,-0.000000,0.264962,0.000000,0.000000,0.000000,-8.380134,WAIT_USER_CONFIRM
18.974000,0.554499,-0.000000,0.264962,0.000000,0.000000,0.000000,-8.380134,WAIT_USER_CONFIRM
18.976000,0.554499,-0.000000,0.264962,0.000000,0.000000,0.000000,-8.380134,WAIT_USER_CONFIRM
18.978000,0.554499,-0.000000,0.264962,0.000000,0.000000,0.000000,-8.380134,WAIT_USER_CONFIRM
18.980000,0.554499,-0.000000,0.264962,0.000000,0.000000,0.000000,-8.380134,WAIT_USER_CONFIRM
18.982000,0.554499,-0.000000,0.264962,0.000000,0.000000,0.000000,-8.380134,WAIT_USER_CONFIRM
18.984000,0.554499,-0.000000,0.264962,0.000000,0.000000,0.000000,-8.380134,WAIT_USER_CONFIRM
18.986000,0.554499,-0.000000,0.264962,0.000000,0.000000,0.000000,-8.380134,WAIT_USER_CONFIRM
18.988000,0.554499,-0.000000,0.264962,0.000000,0.000000,0.000000,-8.380134,WAIT_USER_CONFIRM
18.990000,0.554499,-0.000000,0.264962,0.000000,0.000000,0.000000,-8.380134,WAIT_USER_CONFIRM
18.992000,0.554499,-0.000000,0.264962,0.000000,0.000000,0.000000,-8.380134,WAIT_USER_CONFIRM
18.994000,0.554499,-0.000000,0.264962,0.000000,0.000000,0.000000,-8.380134,WAIT_USER_CONFIRM
18.996000,0.554499,-0.000000,0.264962,0.000000,0.000000,0.000000,-8.380134,WAIT_USER_CONFIRM
18.998000,0.554499,-0.000000,0.264962,0.000000,0.000000,0.000000,-8.380134,WAIT_USER_CONFIRM
19.000000,0.554499,-0.000000,0.264962,0.000000,0.000000,0.000000,-8.380134,WAIT_USER_CONFIRM
19.002000,0.554499,-0.000000,0.264962,0.000000,0.000000,0.000000,-8.380134,WAIT_USER_CONFIRM
19.004000,0.554499,-0.000000,0.264962,0.000000,0.000000,0.000000,-8.380134,WAIT_USER_CONFIRM
19.006000,0.554499,-0.000000,0.264962,0.000000,0.000000,0.000000,-8.380134,WAIT_USER_CONFIRM
19.008000,0.554499,-0.000000,0.264962,0.000000,0.000000,0.000000,-8.380134,WAIT_USER_CONFIRM
19.010000,0.554499,-0.000000,0.264962,0.000000,0.000000,0.000000,-8.380134,WAIT_USER_CONFIRM
19.012000,0.554499,-0.000000,0.264962,0.000000,0.000000,0.000000,-8.380134,WAIT_USER_CONFIRM
19.014000,0.554499,-0.000000,0.264962,0.000000,0.000000,0.000000,-8.380134,WAIT_USER_CONFIRM
19.016000,0.554499,-0.000000,0.264962,0.000000,0.000000,0.000000,-8.380134,WAIT_USER_CONFIRM
19.018000,0.554499,-0.000000,0.264962,0.000000,0.000000,0.000000,-8.380134,WAIT_USER_CONFIRM
19.020000,0.554499,-0.000000,0.264962,0.000000,0.000000,0.000000,-8.380134,WAIT_USER_CONFIRM
19.022000,0.554499,-0.000000,0.264962,0.000000,0.000000,0.000000,-8.380134,WAIT_USER_CONFIRM
19.024000,0.554499,-0.000000,0.264962,0.000000,0.000000,0.000000,-8.380134,WAIT_USER_CONFIRM
19.026000,0.554499,-0.000000,0.264962,0.000000,0.000000,0.000000,-8.380134,WAIT_USER_CONFIRM
19.028000,0.554499,-0.000000,0.264962,0.000000,0.000000,0.000000,-8.380134,WAIT_USER_CONFIRM
19.030000,0.554499,-0.000000,0.264962,0.000000,0.000000,0.000000,-8.380134,WAIT_USER_CONFIRM
19.032000,0.554499,-0.000000,0.264962,0.000000,0.000000,0.000000,-8.380134,WAIT_USER_CONFIRM
19.034000,0.554499,-0.000000,0.264962,0.000000,0.000000,0.000000,-8.380134,WAIT_USER_CONFIRM
19.036000,0.554499,-0.000000,0.264962,0.000000,0.000000,0.000000,-8.380134,WAIT_USER_CONFIRM
19.038000,0.554499,-0.000000,0.264962,0.000000,0.000000,0.000000,-8.380134,WAIT_USER_CONFIRM
19.040000,0.554499,-0.000000,0.264962,0.000000,0.000000,0.000000,-8.380134,WAIT_USER_CONFIRM
19.042000,0.554499,-0.000000,0.264962,0.000000,0.000000,0.000000,-8.380134,WAIT_USER_CONFIRM
19.044000,0.554499,-0.000000,0.264962,0.000000,0.000000,0.000000,-8.380134,WAIT_USER_CONFIRM
19.046000,0.554499,-0.000000,0.264962,0.000000,0.000000,0.000000,-8.380134,WAIT_USER_CONFIRM
19.048000,0.554499,-0.000000,0.264962,0.000000,0.000000,0.000000,-8.380134,WAIT_USER_CONFIRM
19.050000,0.554499,-0.000000,0.264962,0.000000,0.000000,0.000000,-8.380134,WAIT_USER_CONFIRM
19.052000,0.554499,-0.000000,0.264962,0.000000,0.000000,0.000000,-8.380134,WAIT_USER_CONFIRM
19.054000,0.554499,-0.000000,0.264962,0.000000,0.000000,0.000000,-8.380134,WAIT_USER_CONFIRM
19.056000,0.554499,-0.000000,0.264962,0.000000,0.000000,0.000000,-8.380134,WAIT_USER_CONFIRM
19.058000,0.554499,-0.000000,0.264962,0.000000,0.000000,0.000000,-8.380134,WAIT_USER_CONFIRM
19.060000,0.554499,-0.000000,0.264962,0.000000,0.000000,0.000000,-8.380134,WAIT_USER_CONFIRM
19.062000,0.554499,-0.000000,0.264962,0.000000,0.000000,0.000000,-8.380134,WAIT_USER_CONFIRM
19.064000,0.554499,-0.000000,0.264962,0.000000,0.000000,0.000000,-8.380134,WAIT_USER_CONFIRM
19.066000,0.554499,-0.000000,0.264962,0.000000,0.000000,0.000000,-8.380134,WAIT_USER_CONFIRM
19.068000,0.554499,-0.000000,0.264962,0.000000,0.000000,0.000000,-8.380134,WAIT_USER_CONFIRM
19.070000,0.554499,-0.000000,0.264962,0.000000,0.000000,0.000000,-8.380134,WAIT_USER_CONFIRM
19.072000,0.554499,-0.000000,0.264962,0.000000,0.000000,0.000000,-8.380134,WAIT_USER_CONFIRM
19.074000,0.554499,-0.000000,0.264962,0.000000,0.000000,0.000000,-8.380134,WAIT_USER_CONFIRM
19.076000,0.554499,-0.000000,0.264962,0.000000,0.000000,0.000000,-8.380134,WAIT_USER_CONFIRM
19.078000,0.554499,-0.000000,0.264962,0.000000,0.000000,0.000000,-8.380134,WAIT_USER_CONFIRM
19.080000,0.554499,-0.000000,0.264962,0.000000,0.000000,0.000000,-8.380134,WAIT_USER_CONFIRM
19.082000,0.554499,-0.000000,0.264962,0.000000,0.000000,0.000000,-8.380134,WAIT_USER_CONFIRM
19.084000,0.554499,-0.000000,0.264962,0.000000,0.000000,0.000000,-8.380134,WAIT_USER_CONFIRM
19.086000,0.554499,-0.000000,0.264962,0.000000,0.000000,0.000000,-8.380134,WAIT_USER_CONFIRM
19.088000,0.554499,-0.000000,0.264962,0.000000,0.000000,0.000000,-8.380134,WAIT_USER_CONFIRM
19.090000,0.554499,-0.000000,0.264962,0.000000,0.000000,0.000000,-8.380134,WAIT_USER_CONFIRM
19.092000,0.554499,-0.000000,0.264962,0.000000,0.000000,0.000000,-8.380134,WAIT_USER_CONFIRM
19.094000,0.554499,-0.000000,0.264962,0.000000,0.000000,0.000000,-8.380134,WAIT_USER_CONFIRM
19.096000,0.554499,-0.000000,0.264962,0.000000,0.000000,0.000000,-8.380134,WAIT_USER_CONFIRM
19.098000,0.554499,-0.000000,0.264962,0.000000,0.000000,0.000000,-8.380134,WAIT_USER_CONFIRM
19.100000,0.554499,-0.000000,0.264962,0.000000,0.000000,0.000000,-8.380134,WAIT_USER_CONFIRM
19.102000,0.554499,-0.000000,0.264962,0.000000,0.000000,0.000000,-8.380134,WAIT_USER_CONFIRM
19.104000,0.554499,-0.000000,0.264962,0.000000,0.000000,0.000000,-8.380134,WAIT_USER_CONFIRM
19.106000,0.554499,-0.000000,0.264962,0.000000,0.000000,0.000000,-8.380134,WAIT_USER_CONFIRM
19.108000,0.554499,-0.000000,0.264962,0.000000,0.000000,0.000000,-8.380134,WAIT_USER_CONFIRM
19.110000,0.554499,-0.000000,0.264962,0.000000,0.000000,0.000000,-8.380134,WAIT_USER_CONFIRM
19.112000,0.554499,-0.000000,0.264962,0.000000,0.000000,0.000000,-8.380134,WAIT_USER_CONFIRM
19.114000,0.554499,-0.000000,0.264962,0.000000,0.000000,0.000000,-8.380134,WAIT_USER_CONFIRM
19.116000,0.554499,-0.000000,0.264962,0.000000,0.000000,0.000000,-8.380134,WAIT_USER_CONFIRM
19.118000,0.554499,-0.000000,0.264962,0.000000,0.000000,0.000000,-8.380134,WAIT_USER_CONFIRM
19.120000,0.554499,-0.000000,0.264962,0.000000,0.000000,0.000000,-8.380134,WAIT_USER_CONFIRM
19.122000,0.554499,-0.000000,0.264962,0.000000,0.000000,0.000000,-8.380134,WAIT_USER_CONFIRM
19.124000,0.554499,-0.000000,0.264962,0.000000,0.000000,0.000000,-8.380134,WAIT_USER_CONFIRM
19.126000,0.554499,-0.000000,0.264962,0.000000,0.000000,0.000000,-8.380134,WAIT_USER_CONFIRM
19.128000,0.554499,-0.000000,0.264962,0.000000,0.000000,0.000000,-8.380134,WAIT_USER_CONFIRM
19.130000,0.554499,-0.000000,0.264962,0.000000,0.000000,0.000000,-8.380134,WAIT_USER_CONFIRM
19.132000,0.554499,-0.000000,0.264962,0.000000,0.000000,0.000000,-8.380134,WAIT_USER_CONFIRM
19.134000,0.554499,-0.000000,0.264962,0.000000,0.000000,0.000000,-8.380134,WAIT_USER_CONFIRM
19.136000,0.554499,-0.000000,0.264962,0.000000,0.000000,0.000000,-8.380134,WAIT_USER_CONFIRM
19.138000,0.554499,-0.000000,0.264962,0.000000,0.000000,0.000000,-8.380134,WAIT_USER_CONFIRM
19.140000,0.554499,-0.000000,0.264962,0.000000,0.000000,0.000000,-8.380134,WAIT_USER_CONFIRM
19.142000,0.554499,-0.000000,0.264962,0.000000,0.000000,0.000000,-8.380134,WAIT_USER_CONFIRM
19.144000,0.554499,-0.000000,0.264962,0.000000,0.000000,0.000000,-8.380134,WAIT_USER_CONFIRM
19.146000,0.554499,-0.000000,0.264962,0.000000,0.000000,0.000000,-8.380134,WAIT_USER_CONFIRM
19.148000,0.554499,-0.000000,0.264962,0.000000,0.000000,0.000000,-8.380134,WAIT_USER_CONFIRM
19.150000,0.554499,-0.000000,0.264962,0.000000,0.000000,0.000000,-8.380134,WAIT_USER_CONFIRM
19.152000,0.554499,-0.000000,0.264962,0.000000,0.000000,0.000000,-8.380134,WAIT_USER_CONFIRM
19.154000,0.554499,-0.000000,0.264962,0.000000,0.000000,0.000000,-8.380134,WAIT_USER_CONFIRM
19.156000,0.554499,-0.000000,0.264962,0.000000,0.000000,0.000000,-8.380134,WAIT_USER_CONFIRM
19.158000,0.554499,-0.000000,0.264962,0.000000,0.000000,0.000000,-8.380134,WAIT_USER_CONFIRM
19.160000,0.554499,-0.000000,0.264962,0.000000,0.000000,0.000000,-8.380134,WAIT_USER_CONFIRM
19.162000,0.554499,-0.000000,0.264962,0.000000,0.000000,0.000000,-8.380134,WAIT_USER_CONFIRM
19.164000,0.554499,-0.000000,0.264962,0.000000,0.000000,0.000000,-8.380134,WAIT_USER_CONFIRM
19.166000,0.554499,-0.000000,0.264962,0.000000,0.000000,0.000000,-8.380134,WAIT_USER_CONFIRM
19.168000,0.554499,-0.000000,0.264962,0.000000,0.000000,0.000000,-8.380134,WAIT_USER_CONFIRM
19.170000,0.554499,-0.000000,0.264962,0.000000,0.000000,0.000000,-8.380134,WAIT_USER_CONFIRM
19.172000,0.554499,-0.000000,0.264962,0.000000,0.000000,0.000000,-8.380134,WAIT_USER_CONFIRM
19.174000,0.554499,-0.000000,0.264962,0.000000,0.000000,0.000000,-8.380134,WAIT_USER_CONFIRM
19.176000,0.554499,-0.000000,0.264962,0.000000,0.000000,0.000000,-8.380134,WAIT_USER_CONFIRM
19.178000,0.554499,-0.000000,0.264962,0.000000,0.000000,0.000000,-8.380134,WAIT_USER_CONFIRM
19.180000,0.554499,-0.000000,0.264962,0.000000,0.000000,0.000000,-8.380134,WAIT_USER_CONFIRM
19.182000,0.554499,-0.000000,0.264962,0.000000,0.000000,0.000000,-8.380134,WAIT_USER_CONFIRM
19.184000,0.554499,-0.000000,0.264962,0.000000,0.000000,0.000000,-8.380134,WAIT_USER_CONFIRM
19.186000,0.554499,-0.000000,0.264962,0.000000,0.000000,0.000000,-8.380134,WAIT_USER_CONFIRM
19.188000,0.554499,-0.000000,0.264962,0.000000,0.000000,0.000000,-8.380134,WAIT_USER_CONFIRM
19.190000,0.554499,-0.000000,0.264962,0.000000,0.000000,0.000000,-8.380134,WAIT_USER_CONFIRM
19.192000,0.554499,-0.000000,0.264962,0.000000,0.000000,0.000000,-8.380134,WAIT_USER_CONFIRM
19.194000,0.554499,-0.000000,0.264962,0.000000,0.000000,0.000000,-8.380134,WAIT_USER_CONFIRM
19.196000,0.554499,-0.000000,0.264962,0.000000,0.000000,0.000000,-8.380134,WAIT_USER_CONFIRM
19.198000,0.554499,-0.000000,0.264962,0.000000,0.000000,0.000000,-8.380134,WAIT_USER_CONFIRM
19.200000,0.554499,-0.000000,0.264962,0.000000,0.000000,0.000000,-8.380134,WAIT_USER_CONFIRM
19.202000,0.554499,-0.000000,0.264962,0.000000,0.000000,0.000000,-8.380134,WAIT_USER_CONFIRM
19.204000,0.554499,-0.000000,0.264962,0.000000,0.000000,0.000000,-8.380134,WAIT_USER_CONFIRM
19.206000,0.554499,-0.000000,0.264962,0.000000,0.000000,0.000000,-8.380134,WAIT_USER_CONFIRM
19.208000,0.554499,-0.000000,0.264962,0.000000,0.000000,0.000000,-8.380134,WAIT_USER_CONFIRM
19.210000,0.554499,-0.000000,0.264962,0.000000,0.000000,0.000000,-8.380134,WAIT_USER_CONFIRM
19.212000,0.554499,-0.000000,0.264962,0.000000,0.000000,0.000000,-8.380134,WAIT_USER_CONFIRM
19.214000,0.554499,-0.000000,0.264962,0.000000,0.000000,0.000000,-8.380134,WAIT_USER_CONFIRM
19.216000,0.554499,-0.000000,0.264962,0.000000,0.000000,0.000000,-8.380134,WAIT_USER_CONFIRM
19.218000,0.554499,-0.000000,0.264962,0.000000,0.000000,0.000000,-8.380134,WAIT_USER_CONFIRM
19.220000,0.554499,-0.000000,0.264962,0.000000,0.000000,0.000000,-8.380134,WAIT_USER_CONFIRM
19.222000,0.554499,-0.000000,0.264962,0.000000,0.000000,0.000000,-8.380134,WAIT_USER_CONFIRM
19.224000,0.554499,-0.000000,0.264962,0.000000,0.000000,0.000000,-8.380134,WAIT_USER_CONFIRM
19.226000,0.554499,-0.000000,0.264962,0.000000,0.000000,0.000000,-8.380134,WAIT_USER_CONFIRM
19.228000,0.554499,-0.000000,0.264962,0.000000,0.000000,0.000000,-8.380134,WAIT_USER_CONFIRM
19.230000,0.554499,-0.000000,0.264962,0.000000,0.000000,0.000000,-8.380134,WAIT_USER_CONFIRM
19.232000,0.554499,-0.000000,0.264962,0.000000,0.000000,0.000000,-8.380134,WAIT_USER_CONFIRM
19.234000,0.554499,-0.000000,0.264962,0.000000,0.000000,0.000000,-8.380134,WAIT_USER_CONFIRM
19.236000,0.554499,-0.000000,0.264962,0.000000,0.000000,0.000000,-8.380134,WAIT_USER_CONFIRM
19.238000,0.554499,-0.000000,0.264962,0.000000,0.000000,0.000000,-8.380134,WAIT_USER_CONFIRM
19.240000,0.554499,-0.000000,0.264962,0.000000,0.000000,0.000000,-8.380134,WAIT_USER_CONFIRM
19.242000,0.554499,-0.000000,0.264962,0.000000,0.000000,0.000000,-8.380134,WAIT_USER_CONFIRM
19.244000,0.554499,-0.000000,0.264962,0.000000,0.000000,0.000000,-8.380134,WAIT_USER_CONFIRM
19.246000,0.554499,-0.000000,0.264962,0.000000,0.000000,0.000000,-8.380134,WAIT_USER_CONFIRM
19.248000,0.554499,-0.000000,0.264962,0.000000,0.000000,0.000000,-8.380134,WAIT_USER_CONFIRM
19.250000,0.554499,-0.000000,0.264962,0.000000,0.000000,0.000000,-8.380134,WAIT_USER_CONFIRM
19.252000,0.554499,-0.000000,0.264962,0.000000,0.000000,0.000000,-8.380134,WAIT_USER_CONFIRM
19.254000,0.554499,-0.000000,0.264962,0.000000,0.000000,0.000000,-8.380134,WAIT_USER_CONFIRM
19.256000,0.554499,-0.000000,0.264962,0.000000,0.000000,0.000000,-8.380134,WAIT_USER_CONFIRM
19.258000,0.554499,-0.000000,0.264962,0.000000,0.000000,0.000000,-8.380134,WAIT_USER_CONFIRM
19.260000,0.554499,-0.000000,0.264962,0.000000,0.000000,0.000000,-8.380134,WAIT_USER_CONFIRM
19.262000,0.554499,-0.000000,0.264962,0.000000,0.000000,0.000000,-8.380134,WAIT_USER_CONFIRM
19.264000,0.554499,-0.000000,0.264962,0.000000,0.000000,0.000000,-8.380134,WAIT_USER_CONFIRM
19.266000,0.554499,-0.000000,0.264962,0.000000,0.000000,0.000000,-8.380134,WAIT_USER_CONFIRM
19.268000,0.554499,-0.000000,0.264962,0.000000,0.000000,0.000000,-8.380134,WAIT_USER_CONFIRM
19.270000,0.554499,-0.000000,0.264962,0.000000,0.000000,0.000000,-8.380134,WAIT_USER_CONFIRM
19.272000,0.554499,-0.000000,0.264962,0.000000,0.000000,0.000000,-8.380134,WAIT_USER_CONFIRM
19.274000,0.554499,-0.000000,0.264962,0.000000,0.000000,0.000000,-8.380134,WAIT_USER_CONFIRM
19.276000,0.554499,-0.000000,0.264962,0.000000,0.000000,0.000000,-8.380134,WAIT_USER_CONFIRM
19.278000,0.554499,-0.000000,0.264962,0.000000,0.000000,0.000000,-8.380134,WAIT_USER_CONFIRM
19.280000,0.554499,-0.000000,0.264962,0.000000,0.000000,0.000000,-8.380134,WAIT_USER_CONFIRM
19.282000,0.554499,-0.000000,0.264962,0.000000,0.000000,0.000000,-8.380134,WAIT_USER_CONFIRM
19.284000,0.554499,-0.000000,0.264962,0.000000,0.000000,0.000000,-8.380134,WAIT_USER_CONFIRM
19.286000,0.554499,-0.000000,0.264962,0.000000,0.000000,0.000000,-8.380134,WAIT_USER_CONFIRM
19.288000,0.554499,-0.000000,0.264962,0.000000,0.000000,0.000000,-8.380134,WAIT_USER_CONFIRM
19.290000,0.554499,-0.000000,0.264962,0.000000,0.000000,0.000000,-8.380134,WAIT_USER_CONFIRM
19.292000,0.554499,-0.000000,0.264962,0.000000,0.000000,0.000000,-8.380134,WAIT_USER_CONFIRM
19.294000,0.554499,-0.000000,0.264962,0.000000,0.000000,0.000000,-8.380134,WAIT_USER_CONFIRM
19.296000,0.554499,-0.000000,0.264962,0.000000,0.000000,0.000000,-8.380134,WAIT_USER_CONFIRM
19.298000,0.554499,-0.000000,0.264962,0.000000,0.000000,0.000000,-8.380134,WAIT_USER_CONFIRM
19.300000,0.554499,-0.000000,0.264962,0.000000,0.000000,0.000000,-8.380134,WAIT_USER_CONFIRM
19.302000,0.554499,-0.000000,0.264962,0.000000,0.000000,0.000000,-8.380134,WAIT_USER_CONFIRM
19.304000,0.554499,-0.000000,0.264962,0.000000,0.000000,0.000000,-8.380134,WAIT_USER_CONFIRM
19.306000,0.554499,-0.000000,0.264962,0.000000,0.000000,0.000000,-8.380134,WAIT_USER_CONFIRM
19.308000,0.554499,-0.000000,0.264962,0.000000,0.000000,0.000000,-8.380134,WAIT_USER_CONFIRM
19.310000,0.554499,-0.000000,0.264962,0.000000,0.000000,0.000000,-8.380134,WAIT_USER_CONFIRM
19.312000,0.554499,-0.000000,0.264962,0.000000,0.000000,0.000000,-8.380134,WAIT_USER_CONFIRM
19.314000,0.554499,-0.000000,0.264962,0.000000,0.000000,0.000000,-8.380134,WAIT_USER_CONFIRM
19.316000,0.554499,-0.000000,0.264962,0.000000,0.000000,0.000000,-8.380134,WAIT_USER_CONFIRM
19.318000,0.554499,-0.000000,0.264962,0.000000,0.000000,0.000000,-8.380134,WAIT_USER_CONFIRM
19.320000,0.554499,-0.000000,0.264962,0.000000,0.000000,0.000000,-8.380134,WAIT_USER_CONFIRM
19.322000,0.554499,-0.000000,0.264962,0.000000,0.000000,0.000000,-8.380134,WAIT_USER_CONFIRM
19.324000,0.554499,-0.000000,0.264962,0.000000,0.000000,0.000000,-8.380134,WAIT_USER_CONFIRM
19.326000,0.554499,-0.000000,0.264962,0.000000,0.000000,0.000000,-8.380134,WAIT_USER_CONFIRM
19.328000,0.554499,-0.000000,0.264962,0.000000,0.000000,0.000000,-8.380134,WAIT_USER_CONFIRM
19.330000,0.554499,-0.000000,0.264962,0.000000,0.000000,0.000000,-8.380134,WAIT_USER_CONFIRM
19.332000,0.554499,-0.000000,0.264962,0.000000,0.000000,0.000000,-8.380134,WAIT_USER_CONFIRM
19.334000,0.554499,-0.000000,0.264962,0.000000,0.000000,0.000000,-8.380134,WAIT_USER_CONFIRM
19.336000,0.554499,-0.000000,0.264962,0.000000,0.000000,0.000000,-8.380134,WAIT_USER_CONFIRM
19.338000,0.554499,-0.000000,0.264962,0.000000,0.000000,0.000000,-8.380134,WAIT_USER_CONFIRM
19.340000,0.554499,-0.000000,0.264962,0.000000,0.000000,0.000000,-8.380134,WAIT_USER_CONFIRM
19.342000,0.554499,-0.000000,0.264962,0.000000,0.000000,0.000000,-8.380134,WAIT_USER_CONFIRM
19.344000,0.554499,-0.000000,0.264962,0.000000,0.000000,0.000000,-8.380134,WAIT_USER_CONFIRM
19.346000,0.554499,-0.000000,0.264962,0.000000,0.000000,0.000000,-8.380134,WAIT_USER_CONFIRM
19.348000,0.554499,-0.000000,0.264962,0.000000,0.000000,0.000000,-8.380134,WAIT_USER_CONFIRM
19.350000,0.554499,-0.000000,0.264962,0.000000,0.000000,0.000000,-8.380134,WAIT_USER_CONFIRM
19.352000,0.554499,-0.000000,0.264962,0.000000,0.000000,0.000000,-8.380134,WAIT_USER_CONFIRM
19.354000,0.554499,-0.000000,0.264962,0.000000,0.000000,0.000000,-8.380134,WAIT_USER_CONFIRM
19.356000,0.554499,-0.000000,0.264962,0.000000,0.000000,0.000000,-8.380134,WAIT_USER_CONFIRM
19.358000,0.554499,-0.000000,0.264962,0.000000,0.000000,0.000000,-8.380134,WAIT_USER_CONFIRM
19.360000,0.554499,-0.000000,0.264962,0.000000,0.000000,0.000000,-8.380134,WAIT_USER_CONFIRM
19.362000,0.554499,-0.000000,0.264962,0.000000,0.000000,0.000000,-8.380134,WAIT_USER_CONFIRM
19.364000,0.554499,-0.000000,0.264962,0.000000,0.000000,0.000000,-8.380134,WAIT_USER_CONFIRM
19.366000,0.554499,-0.000000,0.264962,0.000000,0.000000,0.000000,-8.380134,WAIT_USER_CONFIRM
19.368000,0.554499,-0.000000,0.264962,0.000000,0.000000,0.000000,-8.380134,WAIT_USER_CONFIRM
19.370000,0.554499,-0.000000,0.264962,0.000000,0.000000,0.000000,-8.380134,WAIT_USER_CONFIRM
19.372000,0.554499,-0.000000,0.264962,0.000000,0.000000,0.000000,-8.380134,WAIT_USER_CONFIRM
19.374000,0.554499,-0.000000,0.264962,0.000000,0.000000,0.000000,-8.380134,WAIT_USER_CONFIRM
19.376000,0.554499,-0.000000,0.264962,0.000000,0.000000,0.000000,-8.380134,WAIT_USER_CONFIRM
19.378000,0.554499,-0.000000,0.264962,0.000000,0.000000,0.000000,-8.380134,WAIT_USER_CONFIRM
19.380000,0.554499,-0.000000,0.264962,0.000000,0.000000,0.000000,-8.380134,WAIT_USER_CONFIRM
19.382000,0.554499,-0.000000,0.264962,0.000000,0.000000,0.000000,-8.380134,WAIT_USER_CONFIRM
19.384000,0.554499,-0.000000,0.264962,0.000000,0.000000,0.000000,-8.380134,WAIT_USER_CONFIRM
19.386000,0.554499,-0.000000,0.264962,0.000000,0.000000,0.000000,-8.380134,WAIT_USER_CONFIRM
19.388000,0.554499,-0.000000,0.264962,0.000000,0.000000,0.000000,-8.380134,WAIT_USER_CONFIRM
19.390000,0.554499,-0.000000,0.264962,0.000000,0.000000,0.000000,-8.380134,WAIT_USER_CONFIRM
19.392000,0.554499,-0.000000,0.264962,0.000000,0.000000,0.000000,-8.380134,WAIT_USER_CONFIRM
19.394000,0.554499,-0.000000,0.264962,0.000000,0.000000,0.000000,-8.380134,WAIT_USER_CONFIRM
19.396000,0.554499,-0.000000,0.264962,0.000000,0.000000,0.000000,-8.380134,WAIT_USER_CONFIRM
19.398000,0.554499,-0.000000,0.264962,0.000000,0.000000,0.000000,-8.380134,WAIT_USER_CONFIRM
19.400000,0.554499,-0.000000,0.264962,0.000000,0.000000,0.000000,-8.380134,WAIT_USER_CONFIRM
19.402000,0.554499,-0.000000,0.264962,0.000000,0.000000,0.000000,-8.380134,WAIT_USER_CONFIRM
19.404000,0.554499,-0.000000,0.264962,0.000000,0.000000,0.000000,-8.380134,WAIT_USER_CONFIRM
19.406000,0.554499,-0.000000,0.264962,0.000000,0.000000,0.000000,-8.380134,WAIT_USER_CONFIRM
19.408000,0.554499,-0.000000,0.264962,0.000000,0.000000,0.000000,-8.380134,WAIT_USER_CONFIRM
19.410000,0.554499,-0.000000,0.264962,0.000000,0.000000,0.000000,-8.380134,WAIT_USER_CONFIRM
19.412000,0.554499,-0.000000,0.264962,0.000000,0.000000,0.000000,-8.380134,WAIT_USER_CONFIRM
19.414000,0.554499,-0.000000,0.264962,0.000000,0.000000,0.000000,-8.380134,WAIT_USER_CONFIRM
19.416000,0.554499,-0.000000,0.264962,0.000000,0.000000,0.000000,-8.380134,WAIT_USER_CONFIRM
19.418000,0.554499,-0.000000,0.264962,0.000000,0.000000,0.000000,-8.380134,WAIT_USER_CONFIRM
19.420000,0.554499,-0.000000,0.264962,0.000000,0.000000,0.000000,-8.380134,WAIT_USER_CONFIRM
19.422000,0.554499,-0.000000,0.264962,0.000000,0.000000,0.000000,-8.380134,WAIT_USER_CONFIRM
19.424000,0.554499,-0.000000,0.264962,0.000000,0.000000,0.000000,-8.380134,WAIT_USER_CONFIRM
19.426000,0.554499,-0.000000,0.264962,0.000000,0.000000,0.000000,-8.380134,WAIT_USER_CONFIRM
19.428000,0.554499,-0.000000,0.264962,0.000000,0.000000,0.000000,-8.380134,WAIT_USER_CONFIRM
19.430000,0.554499,-0.000000,0.264962,0.000000,0.000000,0.000000,-8.380134,WAIT_USER_CONFIRM
19.432000,0.554499,-0.000000,0.264962,0.000000,0.000000,0.000000,-8.380134,WAIT_USER_CONFIRM
19.434000,0.554499,-0.000000,0.264962,0.000000,0.000000,0.000000,-8.380134,WAIT_USER_CONFIRM
19.436000,0.554499,-0.000000,0.264962,0.000000,0.000000,0.000000,-8.380134,WAIT_USER_CONFIRM
19.438000,0.554499,-0.000000,0.264962,0.000000,0.000000,0.000000,-8.380134,WAIT_USER_CONFIRM
19.440000,0.554499,-0.000000,0.264962,0.000000,0.000000,0.000000,-8.380134,WAIT_USER_CONFIRM
19.442000,0.554499,-0.000000,0.264962,0.000000,0.000000,0.000000,-8.380134,WAIT_USER_CONFIRM
19.444000,0.554499,-0.000000,0.264962,0.000000,0.000000,0.000000,-8.380134,WAIT_USER_CONFIRM
19.446000,0.554499,-0.000000,0.264962,0.000000,0.000000,0.000000,-8.380134,WAIT_USER_CONFIRM
19.448000,0.554499,-0.000000,0.264962,0.000000,0.000000,0.000000,-8.380134,WAIT_USER_CONFIRM
19.450000,0.554499,-0.000000,0.264962,0.000000,0.000000,0.000000,-8.380134,WAIT_USER_CONFIRM
19.452000,0.554499,-0.000000,0.264962,0.000000,0.000000,0.000000,-8.380134,WAIT_USER_CONFIRM
19.454000,0.554499,-0.000000,0.264962,0.000000,0.000000,0.000000,-8.380134,WAIT_USER_CONFIRM
19.456000,0.554499,-0.000000,0.264962,0.000000,0.000000,0.000000,-8.380134,WAIT_USER_CONFIRM
19.458000,0.554499,-0.000000,0.264962,0.000000,0.000000,0.000000,-8.380134,WAIT_USER_CONFIRM
19.460000,0.554499,-0.000000,0.264962,0.000000,0.000000,0.000000,-8.380134,WAIT_USER_CONFIRM
19.462000,0.554499,-0.000000,0.264962,0.000000,0.000000,0.000000,-8.380134,WAIT_USER_CONFIRM
19.464000,0.554499,-0.000000,0.264962,0.000000,0.000000,0.000000,-8.380134,WAIT_USER_CONFIRM
19.466000,0.554499,-0.000000,0.264962,0.000000,0.000000,0.000000,-8.380134,WAIT_USER_CONFIRM
19.468000,0.554499,-0.000000,0.264962,0.000000,0.000000,0.000000,-8.380134,WAIT_USER_CONFIRM
19.470000,0.554499,-0.000000,0.264962,0.000000,0.000000,0.000000,-8.380134,WAIT_USER_CONFIRM
19.472000,0.554499,-0.000000,0.264962,0.000000,0.000000,0.000000,-8.380134,WAIT_USER_CONFIRM
19.474000,0.554499,-0.000000,0.264962,0.000000,0.000000,0.000000,-8.380134,WAIT_USER_CONFIRM
19.476000,0.554499,-0.000000,0.264962,0.000000,0.000000,0.000000,-8.380134,WAIT_USER_CONFIRM
19.478000,0.554499,-0.000000,0.264962,0.000000,0.000000,0.000000,-8.380134,WAIT_USER_CONFIRM
19.480000,0.554499,-0.000000,0.264962,0.000000,0.000000,0.000000,-8.380134,WAIT_USER_CONFIRM
19.482000,0.554499,-0.000000,0.264962,0.000000,0.000000,0.000000,-8.380134,WAIT_USER_CONFIRM
19.484000,0.554499,-0.000000,0.264962,0.000000,0.000000,0.000000,-8.380134,WAIT_USER_CONFIRM
19.486000,0.554499,-0.000000,0.264962,0.000000,0.000000,0.000000,-8.380134,WAIT_USER_CONFIRM
19.488000,0.554499,-0.000000,0.264962,0.000000,0.000000,0.000000,-8.380134,WAIT_USER_CONFIRM
19.490000,0.554499,-0.000000,0.264962,0.000000,0.000000,0.000000,-8.380134,WAIT_USER_CONFIRM
19.492000,0.554499,-0.000000,0.264962,0.000000,0.000000,0.000000,-8.380134,WAIT_USER_CONFIRM
19.494000,0.554499,-0.000000,0.264962,0.000000,0.000000,0.000000,-8.380134,WAIT_USER_CONFIRM
19.496000,0.554499,-0.000000,0.264962,0.000000,0.000000,0.000000,-8.380134,WAIT_USER_CONFIRM
19.498000,0.554499,-0.000000,0.264962,0.000000,0.000000,0.000000,-8.380134,WAIT_USER_CONFIRM
19.500000,0.554499,-0.000000,0.264962,0.000000,0.000000,0.000000,-8.380134,WAIT_USER_CONFIRM
19.502000,0.554499,-0.000000,0.264962,0.000000,0.000000,0.000000,-8.380134,WAIT_USER_CONFIRM
19.504000,0.554499,-0.000000,0.264962,0.000000,0.000000,0.000000,-8.380134,WAIT_USER_CONFIRM
19.506000,0.554499,-0.000000,0.264962,0.000000,0.000000,0.000000,-8.380134,WAIT_USER_CONFIRM
19.508000,0.554499,-0.000000,0.264962,0.000000,0.000000,0.000000,-8.380134,WAIT_USER_CONFIRM
19.510000,0.554499,-0.000000,0.264962,0.000000,0.000000,0.000000,-8.380134,WAIT_USER_CONFIRM
19.512000,0.554499,-0.000000,0.264962,0.000000,0.000000,0.000000,-8.380134,WAIT_USER_CONFIRM
19.514000,0.554499,-0.000000,0.264962,0.000000,0.000000,0.000000,-8.380134,WAIT_USER_CONFIRM
19.516000,0.554499,-0.000000,0.264962,0.000000,0.000000,0.000000,-8.380134,WAIT_USER_CONFIRM
19.518000,0.554499,-0.000000,0.264962,0.000000,0.000000,0.000000,-8.380134,WAIT_USER_CONFIRM
19.520000,0.554499,-0.000000,0.264962,0.000000,0.000000,0.000000,-8.380134,WAIT_USER_CONFIRM
19.522000,0.554499,-0.000000,0.264962,0.000000,0.000000,0.000000,-8.380134,WAIT_USER_CONFIRM
19.524000,0.554499,-0.000000,0.264962,0.000000,0.000000,0.000000,-8.380134,WAIT_USER_CONFIRM
19.526000,0.554499,-0.000000,0.264962,0.000000,0.000000,0.000000,-8.380134,WAIT_USER_CONFIRM
19.528000,0.554499,-0.000000,0.264962,0.000000,0.000000,0.000000,-8.380134,WAIT_USER_CONFIRM
19.530000,0.554499,-0.000000,0.264962,0.000000,0.000000,0.000000,-8.380134,WAIT_USER_CONFIRM
19.532000,0.554499,-0.000000,0.264962,0.000000,0.000000,0.000000,-8.380134,WAIT_USER_CONFIRM
19.534000,0.554499,-0.000000,0.264962,0.000000,0.000000,0.000000,-8.380134,WAIT_USER_CONFIRM
19.536000,0.554499,-0.000000,0.264962,0.000000,0.000000,0.000000,-8.380134,WAIT_USER_CONFIRM
19.538000,0.554499,-0.000000,0.264962,0.000000,0.000000,0.000000,-8.380134,WAIT_USER_CONFIRM
19.540000,0.554499,-0.000000,0.264962,0.000000,0.000000,0.000000,-8.380134,WAIT_USER_CONFIRM
19.542000,0.554499,-0.000000,0.264962,0.000000,0.000000,0.000000,-8.380134,WAIT_USER_CONFIRM
19.544000,0.554499,-0.000000,0.264962,0.000000,0.000000,0.000000,-8.380134,WAIT_USER_CONFIRM
19.546000,0.554499,-0.000000,0.264962,0.000000,0.000000,0.000000,-8.380134,WAIT_USER_CONFIRM
19.548000,0.554499,-0.000000,0.264962,0.000000,0.000000,0.000000,-8.380134,WAIT_USER_CONFIRM
19.550000,0.554499,-0.000000,0.264962,0.000000,0.000000,0.000000,-8.380134,WAIT_USER_CONFIRM
19.552000,0.554499,-0.000000,0.264962,0.000000,0.000000,0.000000,-8.380134,WAIT_USER_CONFIRM
19.554000,0.554499,-0.000000,0.264962,0.000000,0.000000,0.000000,-8.380134,WAIT_USER_CONFIRM
19.556000,0.554499,-0.000000,0.264962,0.000000,0.000000,0.000000,-8.380134,WAIT_USER_CONFIRM
19.558000,0.554499,-0.000000,0.264962,0.000000,0.000000,0.000000,-8.380134,WAIT_USER_CONFIRM
19.560000,0.554499,-0.000000,0.264962,0.000000,0.000000,0.000000,-8.380134,WAIT_USER_CONFIRM
19.562000,0.554499,-0.000000,0.264962,0.000000,0.000000,0.000000,-8.380134,WAIT_USER_CONFIRM
19.564000,0.554499,-0.000000,0.264962,0.000000,0.000000,0.000000,-8.380134,WAIT_USER_CONFIRM
19.566000,0.554499,-0.000000,0.264962,0.000000,0.000000,0.000000,-8.380134,WAIT_USER_CONFIRM
19.568000,0.554499,-0.000000,0.264962,0.000000,0.000000,0.000000,-8.380134,WAIT_USER_CONFIRM
19.570000,0.554499,-0.000000,0.264962,0.000000,0.000000,0.000000,-8.380134,WAIT_USER_CONFIRM
19.572000,0.554499,-0.000000,0.264962,0.000000,0.000000,0.000000,-8.380134,WAIT_USER_CONFIRM
19.574000,0.554499,-0.000000,0.264962,0.000000,0.000000,0.000000,-8.380134,WAIT_USER_CONFIRM
19.576000,0.554499,-0.000000,0.264962,0.000000,0.000000,0.000000,-8.380134,WAIT_USER_CONFIRM
19.578000,0.554499,-0.000000,0.264962,0.000000,0.000000,0.000000,-8.380134,WAIT_USER_CONFIRM
19.580000,0.554499,-0.000000,0.264962,0.000000,0.000000,0.000000,-8.380134,WAIT_USER_CONFIRM
19.582000,0.554499,-0.000000,0.264962,0.000000,0.000000,0.000000,-8.380134,WAIT_USER_CONFIRM
19.584000,0.554499,-0.000000,0.264962,0.000000,0.000000,0.000000,-8.380134,WAIT_USER_CONFIRM
19.586000,0.554499,-0.000000,0.264962,0.000000,0.000000,0.000000,-8.380134,WAIT_USER_CONFIRM
19.588000,0.554499,-0.000000,0.264962,0.000000,0.000000,0.000000,-8.380134,WAIT_USER_CONFIRM
19.590000,0.554499,-0.000000,0.264962,0.000000,0.000000,0.000000,-8.380134,WAIT_USER_CONFIRM
19.592000,0.554499,-0.000000,0.264962,0.000000,0.000000,0.000000,-8.380134,WAIT_USER_CONFIRM
19.594000,0.554499,-0.000000,0.264962,0.000000,0.000000,0.000000,-8.380134,WAIT_USER_CONFIRM
19.596000,0.554499,-0.000000,0.264962,0.000000,0.000000,0.000000,-8.380134,WAIT_USER_CONFIRM
19.598000,0.554499,-0.000000,0.264962,0.000000,0.000000,0.000000,-8.380134,WAIT_USER_CONFIRM
19.600000,0.554499,-0.000000,0.264962,0.000000,0.000000,0.000000,-8.380134,WAIT_USER_CONFIRM
19.602000,0.554499,-0.000000,0.264962,0.000000,0.000000,0.000000,-8.380134,WAIT_USER_CONFIRM
19.604000,0.554499,-0.000000,0.264962,0.000000,0.000000,0.000000,-8.380134,WAIT_USER_CONFIRM
19.606000,0.554499,-0.000000,0.264962,0.000000,0.000000,0.000000,-8.380134,WAIT_USER_CONFIRM
19.608000,0.554499,-0.000000,0.264962,0.000000,0.000000,0.000000,-8.380134,WAIT_USER_CONFIRM
19.610000,0.554499,-0.000000,0.264962,0.000000,0.000000,0.000000,-8.380134,WAIT_USER_CONFIRM
19.612000,0.554499,-0.000000,0.264962,0.000000,0.000000,0.000000,-8.380134,WAIT_USER_CONFIRM
19.614000,0.554499,-0.000000,0.264962,0.000000,0.000000,0.000000,-8.380134,WAIT_USER_CONFIRM
19.616000,0.554499,-0.000000,0.264962,0.000000,0.000000,0.000000,-8.380134,WAIT_USER_CONFIRM
19.618000,0.554499,-0.000000,0.264962,0.000000,0.000000,0.000000,-8.380134,WAIT_USER_CONFIRM
19.620000,0.554499,-0.000000,0.264962,0.000000,0.000000,0.000000,-8.380134,WAIT_USER_CONFIRM
19.622000,0.554499,-0.000000,0.264962,0.000000,0.000000,0.000000,-8.380134,WAIT_USER_CONFIRM
19.624000,0.554499,-0.000000,0.264962,0.000000,0.000000,0.000000,-8.380134,WAIT_USER_CONFIRM
19.626000,0.554499,-0.000000,0.264962,0.000000,0.000000,0.000000,-8.380134,WAIT_USER_CONFIRM
19.628000,0.554499,-0.000000,0.264962,0.000000,0.000000,0.000000,-8.380134,WAIT_USER_CONFIRM
19.630000,0.554499,-0.000000,0.264962,0.000000,0.000000,0.000000,-8.380134,WAIT_USER_CONFIRM
19.632000,0.554499,-0.000000,0.264962,0.000000,0.000000,0.000000,-8.380134,WAIT_USER_CONFIRM
19.634000,0.554499,-0.000000,0.264962,0.000000,0.000000,0.000000,-8.380134,WAIT_USER_CONFIRM
19.636000,0.554499,-0.000000,0.264962,0.000000,0.000000,0.000000,-8.380134,WAIT_USER_CONFIRM
19.638000,0.554499,-0.000000,0.264962,0.000000,0.000000,0.000000,-8.380134,WAIT_USER_CONFIRM
19.640000,0.554499,-0.000000,0.264962,0.000000,0.000000,0.000000,-8.380134,WAIT_USER_CONFIRM
19.642000,0.554499,-0.000000,0.264962,0.000000,0.000000,0.000000,-8.380134,WAIT_USER_CONFIRM
19.644000,0.554499,-0.000000,0.264962,0.000000,0.000000,0.000000,-8.380134,WAIT_USER_CONFIRM
19.646000,0.554499,-0.000000,0.264962,0.000000,0.000000,0.000000,-8.380134,WAIT_USER_CONFIRM
19.648000,0.554499,-0.000000,0.264962,0.000000,0.000000,0.000000,-8.380134,WAIT_USER_CONFIRM
19.650000,0.554499,-0.000000,0.264962,0.000000,0.000000,0.000000,-8.380134,WAIT_USER_CONFIRM
19.652000,0.554499,-0.000000,0.264962,0.000000,0.000000,0.000000,-8.380134,WAIT_USER_CONFIRM
19.654000,0.554499,-0.000000,0.264962,0.000000,0.000000,0.000000,-8.380134,WAIT_USER_CONFIRM
19.656000,0.554499,-0.000000,0.264962,0.000000,0.000000,0.000000,-8.380134,WAIT_USER_CONFIRM
19.658000,0.554499,-0.000000,0.264962,0.000000,0.000000,0.000000,-8.380134,WAIT_USER_CONFIRM
19.660000,0.554499,-0.000000,0.264962,0.000000,0.000000,0.000000,-8.380134,WAIT_USER_CONFIRM
19.662000,0.554499,-0.000000,0.264962,0.000000,0.000000,0.000000,-8.380134,WAIT_USER_CONFIRM
19.664000,0.554499,-0.000000,0.264962,0.000000,0.000000,0.000000,-8.380134,WAIT_USER_CONFIRM
19.666000,0.554499,-0.000000,0.264962,0.000000,0.000000,0.000000,-8.380134,WAIT_USER_CONFIRM
19.668000,0.554499,-0.000000,0.264962,0.000000,0.000000,0.000000,-8.380134,WAIT_USER_CONFIRM
19.670000,0.554499,-0.000000,0.264962,0.000000,0.000000,0.000000,-8.380134,WAIT_USER_CONFIRM
19.672000,0.554499,-0.000000,0.264962,0.000000,0.000000,0.000000,-8.380134,WAIT_USER_CONFIRM
19.674000,0.554499,-0.000000,0.264962,0.000000,0.000000,0.000000,-8.380134,WAIT_USER_CONFIRM
19.676000,0.554499,-0.000000,0.264962,0.000000,0.000000,0.000000,-8.380134,WAIT_USER_CONFIRM
19.678000,0.554499,-0.000000,0.264962,0.000000,0.000000,0.000000,-8.380134,WAIT_USER_CONFIRM
19.680000,0.554499,-0.000000,0.264962,0.000000,0.000000,0.000000,-8.380134,WAIT_USER_CONFIRM
19.682000,0.554499,-0.000000,0.264962,0.000000,0.000000,0.000000,-8.380134,WAIT_USER_CONFIRM
19.684000,0.554499,-0.000000,0.264962,0.000000,0.000000,0.000000,-8.380134,WAIT_USER_CONFIRM
19.686000,0.554499,-0.000000,0.264962,0.000000,0.000000,0.000000,-8.380134,WAIT_USER_CONFIRM
19.688000,0.554499,-0.000000,0.264962,0.000000,0.000000,0.000000,-8.380134,WAIT_USER_CONFIRM
19.690000,0.554499,-0.000000,0.264962,0.000000,0.000000,0.000000,-8.380134,WAIT_USER_CONFIRM
19.692000,0.554499,-0.000000,0.264962,0.000000,0.000000,0.000000,-8.380134,WAIT_USER_CONFIRM
19.694000,0.554499,-0.000000,0.264962,0.000000,0.000000,0.000000,-8.380134,WAIT_USER_CONFIRM
19.696000,0.554499,-0.000000,0.264962,0.000000,0.000000,0.000000,-8.380134,WAIT_USER_CONFIRM
19.698000,0.554499,-0.000000,0.264962,0.000000,0.000000,0.000000,-8.380134,WAIT_USER_CONFIRM
19.700000,0.554499,-0.000000,0.264962,0.000000,0.000000,0.000000,-8.380134,WAIT_USER_CONFIRM
19.702000,0.554499,-0.000000,0.264962,0.000000,0.000000,0.000000,-8.380134,WAIT_USER_CONFIRM
19.704000,0.554499,-0.000000,0.264962,0.000000,0.000000,0.000000,-8.380134,WAIT_USER_CONFIRM
19.706000,0.554499,-0.000000,0.264962,0.000000,0.000000,0.000000,-8.380134,WAIT_USER_CONFIRM
19.708000,0.554499,-0.000000,0.264962,0.000000,0.000000,0.000000,-8.380134,WAIT_USER_CONFIRM
19.710000,0.554499,-0.000000,0.264962,0.000000,0.000000,0.000000,-8.380134,WAIT_USER_CONFIRM
19.712000,0.554499,-0.000000,0.264962,0.000000,0.000000,0.000000,-8.380134,WAIT_USER_CONFIRM
19.714000,0.554499,-0.000000,0.264962,0.000000,0.000000,0.000000,-8.380134,WAIT_USER_CONFIRM
19.716000,0.554499,-0.000000,0.264962,0.000000,0.000000,0.000000,-8.380134,WAIT_USER_CONFIRM
19.718000,0.554499,-0.000000,0.264962,0.000000,0.000000,0.000000,-8.380134,WAIT_USER_CONFIRM
19.720000,0.554499,-0.000000,0.264962,0.000000,0.000000,0.000000,-8.380134,WAIT_USER_CONFIRM
19.722000,0.554499,-0.000000,0.264962,0.000000,0.000000,0.000000,-8.380134,WAIT_USER_CONFIRM
19.724000,0.554499,-0.000000,0.264962,0.000000,0.000000,0.000000,-8.380134,WAIT_USER_CONFIRM
19.726000,0.554499,-0.000000,0.264962,0.000000,0.000000,0.000000,-8.380134,WAIT_USER_CONFIRM
19.728000,0.554499,-0.000000,0.264962,0.000000,0.000000,0.000000,-8.380134,WAIT_USER_CONFIRM
19.730000,0.554499,-0.000000,0.264962,0.000000,0.000000,0.000000,-8.380134,WAIT_USER_CONFIRM
19.732000,0.554499,-0.000000,0.264962,0.000000,0.000000,0.000000,-8.380134,WAIT_USER_CONFIRM
19.734000,0.554499,-0.000000,0.264962,0.000000,0.000000,0.000000,-8.380134,WAIT_USER_CONFIRM
19.736000,0.554499,-0.000000,0.264962,0.000000,0.000000,0.000000,-8.380134,WAIT_USER_CONFIRM
19.738000,0.554499,-0.000000,0.264962,0.000000,0.000000,0.000000,-8.380134,WAIT_USER_CONFIRM
19.740000,0.554499,-0.000000,0.264962,0.000000,0.000000,0.000000,-8.380134,WAIT_USER_CONFIRM
19.742000,0.554499,-0.000000,0.264962,0.000000,0.000000,0.000000,-8.380134,WAIT_USER_CONFIRM
19.744000,0.554499,-0.000000,0.264962,0.000000,0.000000,0.000000,-8.380134,WAIT_USER_CONFIRM
19.746000,0.554499,-0.000000,0.264962,0.000000,0.000000,0.000000,-8.380134,WAIT_USER_CONFIRM
19.748000,0.554499,-0.000000,0.264962,0.000000,0.000000,0.000000,-8.380134,WAIT_USER_CONFIRM
19.750000,0.554499,-0.000000,0.264962,0.000000,0.000000,0.000000,-8.380134,WAIT_USER_CONFIRM
19.752000,0.554499,-0.000000,0.264962,0.000000,0.000000,0.000000,-8.380134,WAIT_USER_CONFIRM
19.754000,0.554499,-0.000000,0.264962,0.000000,0.000000,0.000000,-8.380134,WAIT_USER_CONFIRM
19.756000,0.554499,-0.000000,0.264962,0.000000,0.000000,0.000000,-8.380134,WAIT_USER_CONFIRM
19.758000,0.554499,-0.000000,0.264962,0.000000,0.000000,0.000000,-8.380134,WAIT_USER_CONFIRM
19.760000,0.554499,-0.000000,0.264962,0.000000,0.000000,0.000000,-8.380134,WAIT_USER_CONFIRM
19.762000,0.554499,-0.000000,0.264962,0.000000,0.000000,0.000000,-8.380134,WAIT_USER_CONFIRM
19.764000,0.554499,-0.000000,0.264962,0.000000,0.000000,0.000000,-8.380134,WAIT_USER_CONFIRM
19.766000,0.554499,-0.000000,0.264962,0.000000,0.000000,0.000000,-8.380134,WAIT_USER_CONFIRM
19.768000,0.554499,-0.000000,0.264962,0.000000,0.000000,0.000000,-8.380134,WAIT_USER_CONFIRM
19.770000,0.554499,-0.000000,0.264962,0.000000,0.000000,0.000000,-8.380134,WAIT_USER_CONFIRM
19.772000,0.554499,-0.000000,0.264962,0.000000,0.000000,0.000000,-8.380134,WAIT_USER_CONFIRM
19.774000,0.554499,-0.000000,0.264962,0.000000,0.000000,0.000000,-8.380134,WAIT_USER_CONFIRM
19.776000,0.554499,-0.000000,0.264962,0.000000,0.000000,0.000000,-8.380134,WAIT_USER_CONFIRM
19.778000,0.554499,-0.000000,0.264962,0.000000,0.000000,0.000000,-8.380134,WAIT_USER_CONFIRM
19.780000,0.554499,-0.000000,0.264962,0.000000,0.000000,0.000000,-8.380134,WAIT_USER_CONFIRM
19.782000,0.554499,-0.000000,0.264962,0.000000,0.000000,0.000000,-8.380134,WAIT_USER_CONFIRM
19.784000,0.554499,-0.000000,0.264962,0.000000,0.000000,0.000000,-8.380134,WAIT_USER_CONFIRM
19.786000,0.554499,-0.000000,0.264962,0.000000,0.000000,0.000000,-8.380134,WAIT_USER_CONFIRM
19.788000,0.554499,-0.000000,0.264962,0.000000,0.000000,0.000000,-8.380134,WAIT_USER_CONFIRM
19.790000,0.554499,-0.000000,0.264962,0.000000,0.000000,0.000000,-8.380134,WAIT_USER_CONFIRM
19.792000,0.554499,-0.000000,0.264962,0.000000,0.000000,0.000000,-8.380134,WAIT_USER_CONFIRM
19.794000,0.554499,-0.000000,0.264962,0.000000,0.000000,0.000000,-8.380134,WAIT_USER_CONFIRM
19.796000,0.554499,-0.000000,0.264962,0.000000,0.000000,0.000000,-8.380134,WAIT_USER_CONFIRM
19.798000,0.554499,-0.000000,0.264962,0.000000,0.000000,0.000000,-8.380134,WAIT_USER_CONFIRM
19.800000,0.554499,-0.000000,0.264962,0.000000,0.000000,0.000000,-8.380134,WAIT_USER_CONFIRM
19.802000,0.554499,-0.000000,0.264962,0.000000,0.000000,0.000000,-8.380134,WAIT_USER_CONFIRM
19.804000,0.554499,-0.000000,0.264962,0.000000,0.000000,0.000000,-8.380134,WAIT_USER_CONFIRM
19.806000,0.554499,-0.000000,0.264962,0.000000,0.000000,0.000000,-8.380134,WAIT_USER_CONFIRM
19.808000,0.554499,-0.000000,0.264962,0.000000,0.000000,0.000000,-8.380134,WAIT_USER_CONFIRM
19.810000,0.554499,-0.000000,0.264962,0.000000,0.000000,0.000000,-8.380134,WAIT_USER_CONFIRM
19.812000,0.554499,-0.000000,0.264962,0.000000,0.000000,0.000000,-8.380134,WAIT_USER_CONFIRM
19.814000,0.554499,-0.000000,0.264962,0.000000,0.000000,0.000000,-8.380134,WAIT_USER_CONFIRM
19.816000,0.554499,-0.000000,0.264962,0.000000,0.000000,0.000000,-8.380134,WAIT_USER_CONFIRM
19.818000,0.554499,-0.000000,0.264962,0.000000,0.000000,0.000000,-8.380134,WAIT_USER_CONFIRM
19.820000,0.554499,-0.000000,0.264962,0.000000,0.000000,0.000000,-8.380134,WAIT_USER_CONFIRM
19.822000,0.554499,-0.000000,0.264962,0.000000,0.000000,0.000000,-8.380134,WAIT_USER_CONFIRM
19.824000,0.554499,-0.000000,0.264962,0.000000,0.000000,0.000000,-8.380134,WAIT_USER_CONFIRM
19.826000,0.554499,-0.000000,0.264962,0.000000,0.000000,0.000000,-8.380134,WAIT_USER_CONFIRM
19.828000,0.554499,-0.000000,0.264962,0.000000,0.000000,0.000000,-8.380134,WAIT_USER_CONFIRM
19.830000,0.554499,-0.000000,0.264962,0.000000,0.000000,0.000000,-8.380134,WAIT_USER_CONFIRM
19.832000,0.554499,-0.000000,0.264962,0.000000,0.000000,0.000000,-8.380134,WAIT_USER_CONFIRM
19.834000,0.554499,-0.000000,0.264962,0.000000,0.000000,0.000000,-8.380134,WAIT_USER_CONFIRM
19.836000,0.554499,-0.000000,0.264962,0.000000,0.000000,0.000000,-8.380134,WAIT_USER_CONFIRM
19.838000,0.554499,-0.000000,0.264962,0.000000,0.000000,0.000000,-8.380134,WAIT_USER_CONFIRM
19.840000,0.554499,-0.000000,0.264962,0.000000,0.000000,0.000000,-8.380134,WAIT_USER_CONFIRM
19.842000,0.554499,-0.000000,0.264962,0.000000,0.000000,0.000000,-8.380134,WAIT_USER_CONFIRM
19.844000,0.554499,-0.000000,0.264962,0.000000,0.000000,0.000000,-8.380134,WAIT_USER_CONFIRM
19.846000,0.554499,-0.000000,0.264962,0.000000,0.000000,0.000000,-8.380134,WAIT_USER_CONFIRM
19.848000,0.554499,-0.000000,0.264962,0.000000,0.000000,0.000000,-8.380134,WAIT_USER_CONFIRM
19.850000,0.554499,-0.000000,0.264962,0.000000,0.000000,0.000000,-8.380134,WAIT_USER_CONFIRM
19.852000,0.554499,-0.000000,0.264962,0.000000,0.000000,0.000000,-8.380134,WAIT_USER_CONFIRM
19.854000,0.554499,-0.000000,0.264962,0.000000,0.000000,0.000000,-8.380134,WAIT_USER_CONFIRM
19.856000,0.554499,-0.000000,0.264962,0.000000,0.000000,0.000000,-8.380134,WAIT_USER_CONFIRM
19.858000,0.554499,-0.000000,0.264962,0.000000,0.000000,0.000000,-8.380134,WAIT_USER_CONFIRM
19.860000,0.554499,-0.000000,0.264962,0.000000,0.000000,0.000000,-8.380134,WAIT_USER_CONFIRM
19.862000,0.554499,-0.000000,0.264962,0.000000,0.000000,0.000000,-8.380134,WAIT_USER_CONFIRM
19.864000,0.554499,-0.000000,0.264962,0.000000,0.000000,0.000000,-8.380134,WAIT_USER_CONFIRM
19.866000,0.554499,-0.000000,0.264962,0.000000,0.000000,0.000000,-8.380134,WAIT_USER_CONFIRM
19.868000,0.554499,-0.000000,0.264962,0.000000,0.000000,0.000000,-8.380134,WAIT_USER_CONFIRM
19.870000,0.554499,-0.000000,0.264962,0.000000,0.000000,0.000000,-8.380134,WAIT_USER_CONFIRM
19.872000,0.554499,-0.000000,0.264962,0.000000,0.000000,0.000000,-8.380134,WAIT_USER_CONFIRM
19.874000,0.554499,-0.000000,0.264962,0.000000,0.000000,0.000000,-8.380134,WAIT_USER_CONFIRM
19.876000,0.554499,-0.000000,0.264962,0.000000,0.000000,0.000000,-8.380134,WAIT_USER_CONFIRM
19.878000,0.554499,-0.000000,0.264962,0.000000,0.000000,0.000000,-8.380134,WAIT_USER_CONFIRM
19.880000,0.554499,-0.000000,0.264962,0.000000,0.000000,0.000000,-8.380134,WAIT_USER_CONFIRM
19.882000,0.554499,-0.000000,0.264962,0.000000,0.000000,0.000000,-8.380134,WAIT_USER_CONFIRM
19.884000,0.554499,-0.000000,0.264962,0.000000,0.000000,0.000000,-8.380134,WAIT_USER_CONFIRM
19.886000,0.554499,-0.000000,0.264962,0.000000,0.000000,0.000000,-8.380134,WAIT_USER_CONFIRM
19.888000,0.554499,-0.000000,0.264962,0.000000,0.000000,0.000000,-8.380134,WAIT_USER_CONFIRM
19.890000,0.554499,-0.000000,0.264962,0.000000,0.000000,0.000000,-8.380134,WAIT_USER_CONFIRM
19.892000,0.554499,-0.000000,0.264962,0.000000,0.000000,0.000000,-8.380134,WAIT_USER_CONFIRM
19.894000,0.554499,-0.000000,0.264962,0.000000,0.000000,0.000000,-8.380134,WAIT_USER_CONFIRM
19.896000,0.554499,-0.000000,0.264962,0.000000,0.000000,0.000000,-8.380134,WAIT_USER_CONFIRM
19.898000,0.554499,-0.000000,0.264962,0.000000,0.000000,0.000000,-8.380134,WAIT_USER_CONFIRM
19.900000,0.554499,-0.000000,0.264962,0.000000,0.000000,0.000000,-8.380134,WAIT_USER_CONFIRM
19.902000,0.554499,-0.000000,0.264962,0.000000,0.000000,0.000000,-8.380134,WAIT_USER_CONFIRM
19.904000,0.554499,-0.000000,0.264962,0.000000,0.000000,0.000000,-8.380134,WAIT_USER_CONFIRM
19.906000,0.554499,-0.000000,0.264962,0.000000,0.000000,0.000000,-8.380134,WAIT_USER_CONFIRM
19.908000,0.554499,-0.000000,0.264962,0.000000,0.000000,0.000000,-8.380134,WAIT_USER_CONFIRM
19.910000,0.554499,-0.000000,0.264962,0.000000,0.000000,0.000000,-8.380134,WAIT_USER_CONFIRM
19.912000,0.554499,-0.000000,0.264962,0.000000,0.000000,0.000000,-8.380134,WAIT_USER_CONFIRM
19.914000,0.554499,-0.000000,0.264962,0.000000,0.000000,0.000000,-8.380134,WAIT_USER_CONFIRM
19.916000,0.554499,-0.000000,0.264962,0.000000,0.000000,0.000000,-8.380134,WAIT_USER_CONFIRM
19.918000,0.554499,-0.000000,0.264962,0.000000,0.000000,0.000000,-8.380134,WAIT_USER_CONFIRM
19.920000,0.554499,-0.000000,0.264962,0.000000,0.000000,0.000000,-8.380134,WAIT_USER_CONFIRM
19.922000,0.554499,-0.000000,0.264962,0.000000,0.000000,0.000000,-8.380134,WAIT_USER_CONFIRM
19.924000,0.554499,-0.000000,0.264962,0.000000,0.000000,0.000000,-8.380134,WAIT_USER_CONFIRM
19.926000,0.554499,-0.000000,0.264962,0.000000,0.000000,0.000000,-8.380134,WAIT_USER_CONFIRM
19.928000,0.554499,-0.000000,0.264962,0.000000,0.000000,0.000000,-8.380134,WAIT_USER_CONFIRM
19.930000,0.554499,-0.000000,0.264962,0.000000,0.000000,0.000000,-8.380134,WAIT_USER_CONFIRM
19.932000,0.554499,-0.000000,0.264962,0.000000,0.000000,0.000000,-8.380134,WAIT_USER_CONFIRM
19.934000,0.554499,-0.000000,0.264962,0.000000,0.000000,0.000000,-8.380134,WAIT_USER_CONFIRM
19.936000,0.554499,-0.000000,0.264962,0.000000,0.000000,0.000000,-8.380134,WAIT_USER_CONFIRM
19.938000,0.554499,-0.000000,0.264962,0.000000,0.000000,0.000000,-8.380134,WAIT_USER_CONFIRM
19.940000,0.554499,-0.000000,0.264962,0.000000,0.000000,0.000000,-8.380134,WAIT_USER_CONFIRM
19.942000,0.554499,-0.000000,0.264962,0.000000,0.000000,0.000000,-8.380134,WAIT_USER_CONFIRM
19.944000,0.554499,-0.000000,0.264962,0.000000,0.000000,0.000000,-8.380134,WAIT_USER_CONFIRM
19.946000,0.554499,-0.000000,0.264962,0.000000,0.000000,0.000000,-8.380134,WAIT_USER_CONFIRM
19.948000,0.554499,-0.000000,0.264962,0.000000,0.000000,0.000000,-8.380134,WAIT_USER_CONFIRM
19.950000,0.554499,-0.000000,0.264962,0.000000,0.000000,0.000000,-8.380134,WAIT_USER_CONFIRM
19.952000,0.554499,-0.000000,0.264962,0.000000,0.000000,0.000000,-8.380134,WAIT_USER_CONFIRM
19.954000,0.554499,-0.000000,0.264962,0.000000,0.000000,0.000000,-8.380134,WAIT_USER_CONFIRM
19.956000,0.554499,-0.000000,0.264962,0.000000,0.000000,0.000000,-8.380134,WAIT_USER_CONFIRM
19.958000,0.554499,-0.000000,0.264962,0.000000,0.000000,0.000000,-8.380134,WAIT_USER_CONFIRM
19.960000,0.554499,-0.000000,0.264962,0.000000,0.000000,0.000000,-8.380134,WAIT_USER_CONFIRM
19.962000,0.554499,-0.000000,0.264962,0.000000,0.000000,0.000000,-8.380134,WAIT_USER_CONFIRM
19.964000,0.554499,-0.000000,0.264962,0.000000,0.000000,0.000000,-8.380134,WAIT_USER_CONFIRM
19.966000,0.554499,-0.000000,0.264962,0.000000,0.000000,0.000000,-8.380134,WAIT_USER_CONFIRM
19.968000,0.554499,-0.000000,0.264962,0.000000,0.000000,0.000000,-8.380134,WAIT_USER_CONFIRM
19.970000,0.554499,-0.000000,0.264962,0.000000,0.000000,0.000000,-8.380134,WAIT_USER_CONFIRM
19.972000,0.554499,-0.000000,0.264962,0.000000,0.000000,0.000000,-8.380134,WAIT_USER_CONFIRM
19.974000,0.554499,-0.000000,0.264962,0.000000,0.000000,0.000000,-8.380134,WAIT_USER_CONFIRM
19.976000,0.554499,-0.000000,0.264962,0.000000,0.000000,0.000000,-8.380134,WAIT_USER_CONFIRM
19.978000,0.554499,-0.000000,0.264962,0.000000,0.000000,0.000000,-8.380134,WAIT_USER_CONFIRM
19.980000,0.554499,-0.000000,0.264962,0.000000,0.000000,0.000000,-8.380134,WAIT_USER_CONFIRM
19.982000,0.554499,-0.000000,0.264962,0.000000,0.000000,0.000000,-8.380134,WAIT_USER_CONFIRM
19.984000,0.554499,-0.000000,0.264962,0.000000,0.000000,0.000000,-8.380134,WAIT_USER_CONFIRM
19.986000,0.554499,-0.000000,0.264962,0.000000,0.000000,0.000000,-8.380134,WAIT_USER_CONFIRM
19.988000,0.554499,-0.000000,0.264962,0.000000,0.000000,0.000000,-8.380134,WAIT_USER_CONFIRM
19.990000,0.554499,-0.000000,0.264962,0.000000,0.000000,0.000000,-8.380134,WAIT_USER_CONFIRM
19.992000,0.554499,-0.000000,0.264962,0.000000,0.000000,0.000000,-8.380134,WAIT_USER_CONFIRM
19.994000,0.554499,-0.000000,0.264962,0.000000,0.000000,0.000000,-8.380134,WAIT_USER_CONFIRM
19.996000,0.554499,-0.000000,0.264962,0.000000,0.000000,0.000000,-8.380134,WAIT_USER_CONFIRM
19.998000,0.554499,-0.000000,0.264962,0.000000,0.000000,0.000000,-8.380134,WAIT_USER_CONFIRM
20.000000,0.554499,-0.000000,0.264962,0.000000,0.000000,0.000000,-8.380134,WAIT_USER_CONFIRM
20.002000,0.554499,-0.000000,0.264962,0.000000,0.000000,0.000000,-8.380134,WAIT_USER_CONFIRM
20.004000,0.554499,-0.000000,0.264962,0.000000,0.000000,0.000000,-8.380134,WAIT_USER_CONFIRM
20.006000,0.554499,-0.000000,0.264962,0.000000,0.000000,0.000000,-8.380134,WAIT_USER_CONFIRM
20.008000,0.554499,-0.000000,0.264962,0.000000,0.000000,0.000000,-8.380134,WAIT_USER_CONFIRM
20.010000,0.554499,-0.000000,0.264962,0.000000,0.000000,0.000000,-8.380134,WAIT_USER_CONFIRM
20.012000,0.554499,-0.000000,0.264962,0.000000,0.000000,0.000000,-8.380134,WAIT_USER_CONFIRM
20.014000,0.554499,-0.000000,0.264962,0.000000,0.000000,0.000000,-8.380134,WAIT_USER_CONFIRM
20.016000,0.554499,-0.000000,0.264962,0.000000,0.000000,0.000000,-8.380134,WAIT_USER_CONFIRM
20.018000,0.554499,-0.000000,0.264962,0.000000,0.000000,0.000000,-8.380134,WAIT_USER_CONFIRM
20.020000,0.554499,-0.000000,0.264962,0.000000,0.000000,0.000000,-8.380134,WAIT_USER_CONFIRM
20.022000,0.554499,-0.000000,0.264962,0.000000,0.000000,0.000000,-8.380134,WAIT_USER_CONFIRM
20.024000,0.554499,-0.000000,0.264962,0.000000,0.000000,0.000000,-8.380134,WAIT_USER_CONFIRM
20.026000,0.554499,-0.000000,0.264962,0.000000,0.000000,0.000000,-8.380134,WAIT_USER_CONFIRM
20.028000,0.554499,-0.000000,0.264962,0.000000,0.000000,0.000000,-8.380134,WAIT_USER_CONFIRM
20.030000,0.554499,-0.000000,0.264962,0.000000,0.000000,0.000000,-8.380134,WAIT_USER_CONFIRM
20.032000,0.554499,-0.000000,0.264962,0.000000,0.000000,0.000000,-8.380134,WAIT_USER_CONFIRM
20.034000,0.554499,-0.000000,0.264962,0.000000,0.000000,0.000000,-8.380134,WAIT_USER_CONFIRM
20.036000,0.554499,-0.000000,0.264962,0.000000,0.000000,0.000000,-8.380134,WAIT_USER_CONFIRM
20.038000,0.554499,-0.000000,0.264962,0.000000,0.000000,0.000000,-8.380134,WAIT_USER_CONFIRM
20.040000,0.554499,-0.000000,0.264962,0.000000,0.000000,0.000000,-8.380134,WAIT_USER_CONFIRM
20.042000,0.554499,-0.000000,0.264962,0.000000,0.000000,0.000000,-8.380134,WAIT_USER_CONFIRM
20.044000,0.554499,-0.000000,0.264962,0.000000,0.000000,0.000000,-8.380134,WAIT_USER_CONFIRM
20.046000,0.554499,-0.000000,0.264962,0.000000,0.000000,0.000000,-8.380134,WAIT_USER_CONFIRM
20.048000,0.554499,-0.000000,0.264962,0.000000,0.000000,0.000000,-8.380134,WAIT_USER_CONFIRM
20.050000,0.554499,-0.000000,0.264962,0.000000,0.000000,0.000000,-8.380134,WAIT_USER_CONFIRM
20.052000,0.554499,-0.000000,0.264962,0.000000,0.000000,0.000000,-8.380134,WAIT_USER_CONFIRM
20.054000,0.554499,-0.000000,0.264962,0.000000,0.000000,0.000000,-8.380134,WAIT_USER_CONFIRM
20.056000,0.554499,-0.000000,0.264962,0.000000,0.000000,0.000000,-8.380134,WAIT_USER_CONFIRM
20.058000,0.554499,-0.000000,0.264962,0.000000,0.000000,0.000000,-8.380134,WAIT_USER_CONFIRM
20.060000,0.554499,-0.000000,0.264962,0.000000,0.000000,0.000000,-8.380134,WAIT_USER_CONFIRM
20.062000,0.554499,-0.000000,0.264962,0.000000,0.000000,0.000000,-8.380134,WAIT_USER_CONFIRM
20.064000,0.554499,-0.000000,0.264962,0.000000,0.000000,0.000000,-8.380134,WAIT_USER_CONFIRM
20.066000,0.554499,-0.000000,0.264962,0.000000,0.000000,0.000000,-8.380134,WAIT_USER_CONFIRM
20.068000,0.554499,-0.000000,0.264962,0.000000,0.000000,0.000000,-8.380134,WAIT_USER_CONFIRM
20.070000,0.554499,-0.000000,0.264962,0.000000,0.000000,0.000000,-8.380134,WAIT_USER_CONFIRM
20.072000,0.554499,-0.000000,0.264962,0.000000,0.000000,0.000000,-8.380134,WAIT_USER_CONFIRM
20.074000,0.554499,-0.000000,0.264962,0.000000,0.000000,0.000000,-8.380134,WAIT_USER_CONFIRM
20.076000,0.554499,-0.000000,0.264962,0.000000,0.000000,0.000000,-8.380134,WAIT_USER_CONFIRM
20.078000,0.554499,-0.000000,0.264962,0.000000,0.000000,0.000000,-8.380134,WAIT_USER_CONFIRM
20.080000,0.554499,-0.000000,0.264962,0.000000,0.000000,0.000000,-8.380134,WAIT_USER_CONFIRM
20.082000,0.554499,-0.000000,0.264962,0.000000,0.000000,0.000000,-8.380134,WAIT_USER_CONFIRM
20.084000,0.554499,-0.000000,0.264962,0.000000,0.000000,0.000000,-8.380134,WAIT_USER_CONFIRM
20.086000,0.554499,-0.000000,0.264962,0.000000,0.000000,0.000000,-8.380134,WAIT_USER_CONFIRM
20.088000,0.554499,-0.000000,0.264962,0.000000,0.000000,0.000000,-8.380134,WAIT_USER_CONFIRM
20.090000,0.554499,-0.000000,0.264962,0.000000,0.000000,0.000000,-8.380134,WAIT_USER_CONFIRM
20.092000,0.554499,-0.000000,0.264962,0.000000,0.000000,0.000000,-8.380134,WAIT_USER_CONFIRM
20.094000,0.554499,-0.000000,0.264962,0.000000,0.000000,0.000000,-8.380134,WAIT_USER_CONFIRM
20.096000,0.554499,-0.000000,0.264962,0.000000,0.000000,0.000000,-8.380134,WAIT_USER_CONFIRM
20.098000,0.554499,-0.000000,0.264962,0.000000,0.000000,0.000000,-8.380134,WAIT_USER_CONFIRM
20.100000,0.554499,-0.000000,0.264962,0.000000,0.000000,0.000000,-8.380134,WAIT_USER_CONFIRM
20.102000,0.554499,-0.000000,0.264962,0.000000,0.000000,0.000000,-8.380134,WAIT_USER_CONFIRM
20.104000,0.554499,-0.000000,0.264962,0.000000,0.000000,0.000000,-8.380134,WAIT_USER_CONFIRM
20.106000,0.554499,-0.000000,0.264962,0.000000,0.000000,0.000000,-8.380134,WAIT_USER_CONFIRM
20.108000,0.554499,-0.000000,0.264962,0.000000,0.000000,0.000000,-8.380134,WAIT_USER_CONFIRM
20.110000,0.554499,-0.000000,0.264962,0.000000,0.000000,0.000000,-8.380134,WAIT_USER_CONFIRM
20.112000,0.554499,-0.000000,0.264962,0.000000,0.000000,0.000000,-8.380134,WAIT_USER_CONFIRM
20.114000,0.554499,-0.000000,0.264962,0.000000,0.000000,0.000000,-8.380134,WAIT_USER_CONFIRM
20.116000,0.554499,-0.000000,0.264962,0.000000,0.000000,0.000000,-8.380134,WAIT_USER_CONFIRM
20.118000,0.554499,-0.000000,0.264962,0.000000,0.000000,0.000000,-8.380134,WAIT_USER_CONFIRM
20.120000,0.554499,-0.000000,0.264962,0.000000,0.000000,0.000000,-8.380134,WAIT_USER_CONFIRM
20.122000,0.554499,-0.000000,0.264962,0.000000,0.000000,0.000000,-8.380134,WAIT_USER_CONFIRM
20.124000,0.554499,-0.000000,0.264962,0.000000,0.000000,0.000000,-8.380134,WAIT_USER_CONFIRM
20.126000,0.554499,-0.000000,0.264962,0.000000,0.000000,0.000000,-8.380134,WAIT_USER_CONFIRM
20.128000,0.554499,-0.000000,0.264962,0.000000,0.000000,0.000000,-8.380134,WAIT_USER_CONFIRM
20.130000,0.554499,-0.000000,0.264962,0.000000,0.000000,0.000000,-8.380134,WAIT_USER_CONFIRM
20.132000,0.554499,-0.000000,0.264962,0.000000,0.000000,0.000000,-8.380134,WAIT_USER_CONFIRM
20.134000,0.554499,-0.000000,0.264962,0.000000,0.000000,0.000000,-8.380134,WAIT_USER_CONFIRM
20.136000,0.554499,-0.000000,0.264962,0.000000,0.000000,0.000000,-8.380134,WAIT_USER_CONFIRM
20.138000,0.554499,-0.000000,0.264962,0.000000,0.000000,0.000000,-8.380134,WAIT_USER_CONFIRM
20.140000,0.554499,-0.000000,0.264962,0.000000,0.000000,0.000000,-8.380134,WAIT_USER_CONFIRM
20.142000,0.554499,-0.000000,0.264962,0.000000,0.000000,0.000000,-8.380134,WAIT_USER_CONFIRM
20.144000,0.554499,-0.000000,0.264962,0.000000,0.000000,0.000000,-8.380134,WAIT_USER_CONFIRM
20.146000,0.554499,-0.000000,0.264962,0.000000,0.000000,0.000000,-8.380134,WAIT_USER_CONFIRM
20.148000,0.554499,-0.000000,0.264962,0.000000,0.000000,0.000000,-8.380134,WAIT_USER_CONFIRM
20.150000,0.554499,-0.000000,0.264962,0.000000,0.000000,0.000000,-8.380134,WAIT_USER_CONFIRM
20.152000,0.554499,-0.000000,0.264962,0.000000,0.000000,0.000000,-8.380134,WAIT_USER_CONFIRM
20.154000,0.554499,-0.000000,0.264962,0.000000,0.000000,0.000000,-8.380134,WAIT_USER_CONFIRM
20.156000,0.554499,-0.000000,0.264962,0.000000,0.000000,0.000000,-8.380134,WAIT_USER_CONFIRM
20.158000,0.554499,-0.000000,0.264962,0.000000,0.000000,0.000000,-8.380134,WAIT_USER_CONFIRM
20.160000,0.554499,-0.000000,0.264962,0.000000,0.000000,0.000000,-8.380134,WAIT_USER_CONFIRM
20.162000,0.554499,-0.000000,0.264962,0.000000,0.000000,0.000000,-8.380134,WAIT_USER_CONFIRM
20.164000,0.554499,-0.000000,0.264962,0.000000,0.000000,0.000000,-8.380134,WAIT_USER_CONFIRM
20.166000,0.554499,-0.000000,0.264962,0.000000,0.000000,0.000000,-8.380134,WAIT_USER_CONFIRM
20.168000,0.554499,-0.000000,0.264962,0.000000,0.000000,0.000000,-8.380134,WAIT_USER_CONFIRM
20.170000,0.554499,-0.000000,0.264962,0.000000,0.000000,0.000000,-8.380134,WAIT_USER_CONFIRM
20.172000,0.554499,-0.000000,0.264962,0.000000,0.000000,0.000000,-8.380134,WAIT_USER_CONFIRM
20.174000,0.554499,-0.000000,0.264962,0.000000,0.000000,0.000000,-8.380134,WAIT_USER_CONFIRM
20.176000,0.554499,-0.000000,0.264962,0.000000,0.000000,0.000000,-8.380134,WAIT_USER_CONFIRM
20.178000,0.554499,-0.000000,0.264962,0.000000,0.000000,0.000000,-8.380134,WAIT_USER_CONFIRM
20.180000,0.554499,-0.000000,0.264962,0.000000,0.000000,0.000000,-8.380134,WAIT_USER_CONFIRM
20.182000,0.554499,-0.000000,0.264962,0.000000,0.000000,0.000000,-8.380134,WAIT_USER_CONFIRM
20.184000,0.554499,-0.000000,0.264962,0.000000,0.000000,0.000000,-8.380134,WAIT_USER_CONFIRM
20.186000,0.554499,-0.000000,0.264962,0.000000,0.000000,0.000000,-8.380134,WAIT_USER_CONFIRM
20.188000,0.554499,-0.000000,0.264962,0.000000,0.000000,0.000000,-8.380134,WAIT_USER_CONFIRM
20.190000,0.554499,-0.000000,0.264962,0.000000,0.000000,0.000000,-8.380134,WAIT_USER_CONFIRM
20.192000,0.554499,-0.000000,0.264962,0.000000,0.000000,0.000000,-8.380134,WAIT_USER_CONFIRM
20.194000,0.554499,-0.000000,0.264962,0.000000,0.000000,0.000000,-8.380134,WAIT_USER_CONFIRM
20.196000,0.554499,-0.000000,0.264962,0.000000,0.000000,0.000000,-8.380134,WAIT_USER_CONFIRM
20.198000,0.554499,-0.000000,0.264962,0.000000,0.000000,0.000000,-8.380134,WAIT_USER_CONFIRM
20.200000,0.554499,-0.000000,0.264962,0.000000,0.000000,0.000000,-8.380134,WAIT_USER_CONFIRM
20.202000,0.554499,-0.000000,0.264962,0.000000,0.000000,0.000000,-8.380134,WAIT_USER_CONFIRM
20.204000,0.554499,-0.000000,0.264962,0.000000,0.000000,0.000000,-8.380134,WAIT_USER_CONFIRM
20.206000,0.554499,-0.000000,0.264962,0.000000,0.000000,0.000000,-8.380134,WAIT_USER_CONFIRM
20.208000,0.554499,-0.000000,0.264962,0.000000,0.000000,0.000000,-8.380134,WAIT_USER_CONFIRM
20.210000,0.554499,-0.000000,0.264962,0.000000,0.000000,0.000000,-8.380134,WAIT_USER_CONFIRM
20.212000,0.554499,-0.000000,0.264962,0.000000,0.000000,0.000000,-8.380134,WAIT_USER_CONFIRM
20.214000,0.554499,-0.000000,0.264962,0.000000,0.000000,0.000000,-8.380134,WAIT_USER_CONFIRM
20.216000,0.554499,-0.000000,0.264962,0.000000,0.000000,0.000000,-8.380134,WAIT_USER_CONFIRM
20.218000,0.554499,-0.000000,0.264962,0.000000,0.000000,0.000000,-8.380134,WAIT_USER_CONFIRM
20.220000,0.554499,-0.000000,0.264962,0.000000,0.000000,0.000000,-8.380134,WAIT_USER_CONFIRM
20.222000,0.554499,-0.000000,0.264962,0.000000,0.000000,0.000000,-8.380134,WAIT_USER_CONFIRM
20.224000,0.554499,-0.000000,0.264962,0.000000,0.000000,0.000000,-8.380134,WAIT_USER_CONFIRM
20.226000,0.554499,-0.000000,0.264962,0.000000,0.000000,0.000000,-8.380134,WAIT_USER_CONFIRM
20.228000,0.554499,-0.000000,0.264962,0.000000,0.000000,0.000000,-8.380134,WAIT_USER_CONFIRM
20.230000,0.554499,-0.000000,0.264962,0.000000,0.000000,0.000000,-8.380134,WAIT_USER_CONFIRM
20.232000,0.554499,-0.000000,0.264962,0.000000,0.000000,0.000000,-8.380134,WAIT_USER_CONFIRM
20.234000,0.554499,-0.000000,0.264962,0.000000,0.000000,0.000000,-8.380134,WAIT_USER_CONFIRM
20.236000,0.554499,-0.000000,0.264962,0.000000,0.000000,0.000000,-8.380134,WAIT_USER_CONFIRM
20.238000,0.554499,-0.000000,0.264962,0.000000,0.000000,0.000000,-8.380134,WAIT_USER_CONFIRM
20.240000,0.554499,-0.000000,0.264962,0.000000,0.000000,0.000000,-8.380134,WAIT_USER_CONFIRM
20.242000,0.554499,-0.000000,0.264962,0.000000,0.000000,0.000000,-8.380134,WAIT_USER_CONFIRM
20.244000,0.554499,-0.000000,0.264962,0.000000,0.000000,0.000000,-8.380134,WAIT_USER_CONFIRM
20.246000,0.554499,-0.000000,0.264962,0.000000,0.000000,0.000000,-8.380134,WAIT_USER_CONFIRM
20.248000,0.554499,-0.000000,0.264962,0.000000,0.000000,0.000000,-8.380134,WAIT_USER_CONFIRM
20.250000,0.554499,-0.000000,0.264962,0.000000,0.000000,0.000000,-8.380134,WAIT_USER_CONFIRM
20.252000,0.554499,-0.000000,0.264962,0.000000,0.000000,0.000000,-8.380134,WAIT_USER_CONFIRM
20.254000,0.554499,-0.000000,0.264962,0.000000,0.000000,0.000000,-8.380134,WAIT_USER_CONFIRM
20.256000,0.554499,-0.000000,0.264962,0.000000,0.000000,0.000000,-8.380134,WAIT_USER_CONFIRM
20.258000,0.554499,-0.000000,0.264962,0.000000,0.000000,0.000000,-8.380134,WAIT_USER_CONFIRM
20.260000,0.554499,-0.000000,0.264962,0.000000,0.000000,0.000000,-8.380134,WAIT_USER_CONFIRM
20.262000,0.554499,-0.000000,0.264962,0.000000,0.000000,0.000000,-8.380134,WAIT_USER_CONFIRM
20.264000,0.554499,-0.000000,0.264962,0.000000,0.000000,0.000000,-8.380134,WAIT_USER_CONFIRM
20.266000,0.554499,-0.000000,0.264962,0.000000,0.000000,0.000000,-8.380134,WAIT_USER_CONFIRM
20.268000,0.554499,-0.000000,0.264962,0.000000,0.000000,0.000000,-8.380134,WAIT_USER_CONFIRM
20.270000,0.554499,-0.000000,0.264962,0.000000,0.000000,0.000000,-8.380134,WAIT_USER_CONFIRM
20.272000,0.554499,-0.000000,0.264962,0.000000,0.000000,0.000000,-8.380134,WAIT_USER_CONFIRM
20.274000,0.554499,-0.000000,0.264962,0.000000,0.000000,0.000000,-8.380134,WAIT_USER_CONFIRM
20.276000,0.554499,-0.000000,0.264962,0.000000,0.000000,0.000000,-8.380134,WAIT_USER_CONFIRM
20.278000,0.554499,-0.000000,0.264962,0.000000,0.000000,0.000000,-8.380134,WAIT_USER_CONFIRM
20.280000,0.554499,-0.000000,0.264962,0.000000,0.000000,0.000000,-8.380134,WAIT_USER_CONFIRM
20.282000,0.554499,-0.000000,0.264962,0.000000,0.000000,0.000000,-8.380134,WAIT_USER_CONFIRM
20.284000,0.554499,-0.000000,0.264962,0.000000,0.000000,0.000000,-8.380134,WAIT_USER_CONFIRM
20.286000,0.554499,-0.000000,0.264962,0.000000,0.000000,0.000000,-8.380134,WAIT_USER_CONFIRM
20.288000,0.554499,-0.000000,0.264962,0.000000,0.000000,0.000000,-8.380134,WAIT_USER_CONFIRM
20.290000,0.554499,-0.000000,0.264962,0.000000,0.000000,0.000000,-8.380134,WAIT_USER_CONFIRM
20.292000,0.554499,-0.000000,0.264962,0.000000,0.000000,0.000000,-8.380134,WAIT_USER_CONFIRM
20.294000,0.554499,-0.000000,0.264962,0.000000,0.000000,0.000000,-8.380134,WAIT_USER_CONFIRM
20.296000,0.554499,-0.000000,0.264962,0.000000,0.000000,0.000000,-8.380134,WAIT_USER_CONFIRM
20.298000,0.554499,-0.000000,0.264962,0.000000,0.000000,0.000000,-8.380134,WAIT_USER_CONFIRM
20.300000,0.554499,-0.000000,0.264962,0.000000,0.000000,0.000000,-8.380134,WAIT_USER_CONFIRM
20.302000,0.554499,-0.000000,0.264962,0.000000,0.000000,0.000000,-8.380134,WAIT_USER_CONFIRM
20.304000,0.554499,-0.000000,0.264962,0.000000,0.000000,0.000000,-8.380134,WAIT_USER_CONFIRM
20.306000,0.554499,-0.000000,0.264962,0.000000,0.000000,0.000000,-8.380134,WAIT_USER_CONFIRM
20.308000,0.554499,-0.000000,0.264962,0.000000,0.000000,0.000000,-8.380134,WAIT_USER_CONFIRM
20.310000,0.554499,-0.000000,0.264962,0.000000,0.000000,0.000000,-8.380134,WAIT_USER_CONFIRM
20.312000,0.554499,-0.000000,0.264962,0.000000,0.000000,0.000000,-8.380134,WAIT_USER_CONFIRM
20.314000,0.554499,-0.000000,0.264962,0.000000,0.000000,0.000000,-8.380134,WAIT_USER_CONFIRM
20.316000,0.554499,-0.000000,0.264962,0.000000,0.000000,0.000000,-8.380134,WAIT_USER_CONFIRM
20.318000,0.554499,-0.000000,0.264962,0.000000,0.000000,0.000000,-8.380134,WAIT_USER_CONFIRM
20.320000,0.554499,-0.000000,0.264962,0.000000,0.000000,0.000000,-8.380134,WAIT_USER_CONFIRM
20.322000,0.554499,-0.000000,0.264962,0.000000,0.000000,0.000000,-8.380134,WAIT_USER_CONFIRM
20.324000,0.554499,-0.000000,0.264962,0.000000,0.000000,0.000000,-8.380134,WAIT_USER_CONFIRM
20.326000,0.554499,-0.000000,0.264962,0.000000,0.000000,0.000000,-8.380134,WAIT_USER_CONFIRM
20.328000,0.554499,-0.000000,0.264962,0.000000,0.000000,0.000000,-8.380134,WAIT_USER_CONFIRM
20.330000,0.554499,-0.000000,0.264962,0.000000,0.000000,0.000000,-8.380134,WAIT_USER_CONFIRM
20.332000,0.554499,-0.000000,0.264962,0.000000,0.000000,0.000000,-8.380134,WAIT_USER_CONFIRM
20.334000,0.554499,-0.000000,0.264962,0.000000,0.000000,0.000000,-8.380134,WAIT_USER_CONFIRM
20.336000,0.554499,-0.000000,0.264962,0.000000,0.000000,0.000000,-8.380134,WAIT_USER_CONFIRM
20.338000,0.554499,-0.000000,0.264962,0.000000,0.000000,0.000000,-8.380134,WAIT_USER_CONFIRM
20.340000,0.554499,-0.000000,0.264962,0.000000,0.000000,0.000000,-8.380134,WAIT_USER_CONFIRM
20.342000,0.554499,-0.000000,0.264962,0.000000,0.000000,0.000000,-8.380134,WAIT_USER_CONFIRM
20.344000,0.554499,-0.000000,0.264962,0.000000,0.000000,0.000000,-8.380134,WAIT_USER_CONFIRM
20.346000,0.554499,-0.000000,0.264962,0.000000,0.000000,0.000000,-8.380134,WAIT_USER_CONFIRM
20.348000,0.554499,-0.000000,0.264962,0.000000,0.000000,0.000000,-8.380134,WAIT_USER_CONFIRM
20.350000,0.554499,-0.000000,0.264962,0.000000,0.000000,0.000000,-8.380134,WAIT_USER_CONFIRM
20.352000,0.554499,-0.000000,0.264962,0.000000,0.000000,0.000000,-8.380134,WAIT_USER_CONFIRM
20.354000,0.554499,-0.000000,0.264962,0.000000,0.000000,0.000000,-8.380134,WAIT_USER_CONFIRM
20.356000,0.554499,-0.000000,0.264962,0.000000,0.000000,0.000000,-8.380134,WAIT_USER_CONFIRM
20.358000,0.554499,-0.000000,0.264962,0.000000,0.000000,0.000000,-8.380134,WAIT_USER_CONFIRM
20.360000,0.554499,-0.000000,0.264962,0.000000,0.000000,0.000000,-8.380134,WAIT_USER_CONFIRM
20.362000,0.554499,-0.000000,0.264962,0.000000,0.000000,0.000000,-8.380134,WAIT_USER_CONFIRM
20.364000,0.554499,-0.000000,0.264962,0.000000,0.000000,0.000000,-8.380134,WAIT_USER_CONFIRM
20.366000,0.554499,-0.000000,0.264962,0.000000,0.000000,0.000000,-8.380134,WAIT_USER_CONFIRM
20.368000,0.554499,-0.000000,0.264962,0.000000,0.000000,0.000000,-8.380134,WAIT_USER_CONFIRM
20.370000,0.554499,-0.000000,0.264962,0.000000,0.000000,0.000000,-8.380134,WAIT_USER_CONFIRM
20.372000,0.554499,-0.000000,0.264962,0.000000,0.000000,0.000000,-8.380134,WAIT_USER_CONFIRM
20.374000,0.554499,-0.000000,0.264962,0.000000,0.000000,0.000000,-8.380134,WAIT_USER_CONFIRM
20.376000,0.554499,-0.000000,0.264962,0.000000,0.000000,0.000000,-8.380134,WAIT_USER_CONFIRM
20.378000,0.554499,-0.000000,0.264962,0.000000,0.000000,0.000000,-8.380134,WAIT_USER_CONFIRM
20.380000,0.554499,-0.000000,0.264962,0.000000,0.000000,0.000000,-8.380134,WAIT_USER_CONFIRM
20.382000,0.554499,-0.000000,0.264962,0.000000,0.000000,0.000000,-8.380134,WAIT_USER_CONFIRM
20.384000,0.554499,-0.000000,0.264962,0.000000,0.000000,0.000000,-8.380134,WAIT_USER_CONFIRM
20.386000,0.554499,-0.000000,0.264962,0.000000,0.000000,0.000000,-8.380134,WAIT_USER_CONFIRM
20.388000,0.554499,-0.000000,0.264962,0.000000,0.000000,0.000000,-8.380134,WAIT_USER_CONFIRM
20.390000,0.554499,-0.000000,0.264962,0.000000,0.000000,0.000000,-8.380134,WAIT_USER_CONFIRM
20.392000,0.554499,-0.000000,0.264962,0.000000,0.000000,0.000000,-8.380134,WAIT_USER_CONFIRM
20.394000,0.554499,-0.000000,0.264962,0.000000,0.000000,0.000000,-8.380134,WAIT_USER_CONFIRM
20.396000,0.554499,-0.000000,0.264962,0.000000,0.000000,0.000000,-8.380134,WAIT_USER_CONFIRM
20.398000,0.554499,-0.000000,0.264962,0.000000,0.000000,0.000000,-8.380134,WAIT_USER_CONFIRM
20.400000,0.554499,-0.000000,0.264962,0.000000,0.000000,0.000000,-8.380134,WAIT_USER_CONFIRM
20.402000,0.554499,-0.000000,0.264962,0.000000,0.000000,0.000000,-8.380134,WAIT_USER_CONFIRM
20.404000,0.554499,-0.000000,0.264962,0.000000,0.000000,0.000000,-8.380134,WAIT_USER_CONFIRM
20.406000,0.554499,-0.000000,0.264962,0.000000,0.000000,0.000000,-8.380134,WAIT_USER_CONFIRM
20.408000,0.554499,-0.000000,0.264962,0.000000,0.000000,0.000000,-8.380134,WAIT_USER_CONFIRM
20.410000,0.554499,-0.000000,0.264962,0.000000,0.000000,0.000000,-8.380134,WAIT_USER_CONFIRM
20.412000,0.554499,-0.000000,0.264962,0.000000,0.000000,0.000000,-8.380134,WAIT_USER_CONFIRM
20.414000,0.554499,-0.000000,0.264962,0.000000,0.000000,0.000000,-8.380134,WAIT_USER_CONFIRM
20.416000,0.554499,-0.000000,0.264962,0.000000,0.000000,0.000000,-8.380134,WAIT_USER_CONFIRM
20.418000,0.554499,-0.000000,0.264962,0.000000,0.000000,0.000000,-8.380134,WAIT_USER_CONFIRM
20.420000,0.554499,-0.000000,0.264962,0.000000,0.000000,0.000000,-8.380134,WAIT_USER_CONFIRM
20.422000,0.554499,-0.000000,0.264962,0.000000,0.000000,0.000000,-8.380134,WAIT_USER_CONFIRM
20.424000,0.554499,-0.000000,0.264962,0.000000,0.000000,0.000000,-8.380134,WAIT_USER_CONFIRM
20.426000,0.554499,-0.000000,0.264962,0.000000,0.000000,0.000000,-8.380134,WAIT_USER_CONFIRM
20.428000,0.554499,-0.000000,0.264962,0.000000,0.000000,0.000000,-8.380134,WAIT_USER_CONFIRM
20.430000,0.554499,-0.000000,0.264962,0.000000,0.000000,0.000000,-8.380134,WAIT_USER_CONFIRM
20.432000,0.554499,-0.000000,0.264962,0.000000,0.000000,0.000000,-8.380134,WAIT_USER_CONFIRM
20.434000,0.554499,-0.000000,0.264962,0.000000,0.000000,0.000000,-8.380134,WAIT_USER_CONFIRM
20.436000,0.554499,-0.000000,0.264962,0.000000,0.000000,0.000000,-8.380134,WAIT_USER_CONFIRM
20.438000,0.554499,-0.000000,0.264962,0.000000,0.000000,0.000000,-8.380134,WAIT_USER_CONFIRM
20.440000,0.554499,-0.000000,0.264962,0.000000,0.000000,0.000000,-8.380134,WAIT_USER_CONFIRM
20.442000,0.554499,-0.000000,0.264962,0.000000,0.000000,0.000000,-8.380134,WAIT_USER_CONFIRM
20.444000,0.554499,-0.000000,0.264962,0.000000,0.000000,0.000000,-8.380134,WAIT_USER_CONFIRM
20.446000,0.554499,-0.000000,0.264962,0.000000,0.000000,0.000000,-8.380134,WAIT_USER_CONFIRM
20.448000,0.554499,-0.000000,0.264962,0.000000,0.000000,0.000000,-8.380134,WAIT_USER_CONFIRM
20.450000,0.554499,-0.000000,0.264962,0.000000,0.000000,0.000000,-8.380134,WAIT_USER_CONFIRM
20.452000,0.554499,-0.000000,0.264962,0.000000,0.000000,0.000000,-8.380134,WAIT_USER_CONFIRM
20.454000,0.554499,-0.000000,0.264962,0.000000,0.000000,0.000000,-8.380134,WAIT_USER_CONFIRM
20.456000,0.554499,-0.000000,0.264962,0.000000,0.000000,0.000000,-8.380134,WAIT_USER_CONFIRM
20.458000,0.554499,-0.000000,0.264962,0.000000,0.000000,0.000000,-8.380134,WAIT_USER_CONFIRM
20.460000,0.554499,-0.000000,0.264962,0.000000,0.000000,0.000000,-8.380134,WAIT_USER_CONFIRM
20.462000,0.554499,-0.000000,0.264962,0.000000,0.000000,0.000000,-8.380134,WAIT_USER_CONFIRM
20.464000,0.554499,-0.000000,0.264962,0.000000,0.000000,0.000000,-8.380134,WAIT_USER_CONFIRM
20.466000,0.554499,-0.000000,0.264962,0.000000,0.000000,0.000000,-8.380134,WAIT_USER_CONFIRM
20.468000,0.554499,-0.000000,0.264962,0.000000,0.000000,0.000000,-8.380134,WAIT_USER_CONFIRM
20.470000,0.554499,-0.000000,0.264962,0.000000,0.000000,0.000000,-8.380134,WAIT_USER_CONFIRM
20.472000,0.554499,-0.000000,0.264962,0.000000,0.000000,0.000000,-8.380134,WAIT_USER_CONFIRM
20.474000,0.554499,-0.000000,0.264962,0.000000,0.000000,0.000000,-8.380134,WAIT_USER_CONFIRM
20.476000,0.554499,-0.000000,0.264962,0.000000,0.000000,0.000000,-8.380134,WAIT_USER_CONFIRM
20.478000,0.554499,-0.000000,0.264962,0.000000,0.000000,0.000000,-8.380134,WAIT_USER_CONFIRM
20.480000,0.554499,-0.000000,0.264962,0.000000,0.000000,0.000000,-8.380134,WAIT_USER_CONFIRM
20.482000,0.554499,-0.000000,0.264962,0.000000,0.000000,0.000000,-8.380134,WAIT_USER_CONFIRM
20.484000,0.554499,-0.000000,0.264962,0.000000,0.000000,0.000000,-8.380134,WAIT_USER_CONFIRM
20.486000,0.554499,-0.000000,0.264962,0.000000,0.000000,0.000000,-8.380134,WAIT_USER_CONFIRM
20.488000,0.554499,-0.000000,0.264962,0.000000,0.000000,0.000000,-8.380134,WAIT_USER_CONFIRM
20.490000,0.554499,-0.000000,0.264962,0.000000,0.000000,0.000000,-8.380134,WAIT_USER_CONFIRM
20.492000,0.554499,-0.000000,0.264962,0.000000,0.000000,0.000000,-8.380134,WAIT_USER_CONFIRM
20.494000,0.554499,-0.000000,0.264962,0.000000,0.000000,0.000000,-8.380134,WAIT_USER_CONFIRM
20.496000,0.554499,-0.000000,0.264962,0.000000,0.000000,0.000000,-8.380134,WAIT_USER_CONFIRM
20.498000,0.554499,-0.000000,0.264962,0.000000,0.000000,0.000000,-8.380134,WAIT_USER_CONFIRM
20.500000,0.554499,-0.000000,0.264962,0.000000,0.000000,0.000000,-8.380134,WAIT_USER_CONFIRM
20.502000,0.554499,-0.000000,0.264962,0.000000,0.000000,0.000000,-8.380134,WAIT_USER_CONFIRM
20.504000,0.554499,-0.000000,0.264962,0.000000,0.000000,0.000000,-8.380134,WAIT_USER_CONFIRM
20.506000,0.554499,-0.000000,0.264962,0.000000,0.000000,0.000000,-8.380134,WAIT_USER_CONFIRM
20.508000,0.554499,-0.000000,0.264962,0.000000,0.000000,0.000000,-8.380134,WAIT_USER_CONFIRM
20.510000,0.554499,-0.000000,0.264962,0.000000,0.000000,0.000000,-8.380134,WAIT_USER_CONFIRM
20.512000,0.554499,-0.000000,0.264962,0.000000,0.000000,0.000000,-8.380134,WAIT_USER_CONFIRM
20.514000,0.554499,-0.000000,0.264962,0.000000,0.000000,0.000000,-8.380134,WAIT_USER_CONFIRM
20.516000,0.554499,-0.000000,0.264962,0.000000,0.000000,0.000000,-8.380134,WAIT_USER_CONFIRM
20.518000,0.554499,-0.000000,0.264962,0.000000,0.000000,0.000000,-8.380134,WAIT_USER_CONFIRM
20.520000,0.554499,-0.000000,0.264962,0.000000,0.000000,0.000000,-8.380134,WAIT_USER_CONFIRM
