t,x,y,z,vx,vy,vz,Fz,phase
0.000000,0.554499,-0.000000,0.264962,0.000000,0.000000,0.000000,-0.068864,WAIT_USER_CONFIRM
0.002000,0.554499,-0.000000,0.264962,0.000000,0.000000,0.000000,-8.380134,WAIT_USER_CONFIRM
0.004000,0.554499,-0.000000,0.264962,0.000000,0.000000,0.000000,-8.380134,WAIT_USER_CONFIRM
0.006000,0.554499,-0.000000,0.264962,0.000000,0.000000,0.000000,-8.380134,WAIT_USER_CONFIRM
0.008000,0.554499,-0.000000,0.264962,0.000000,0.000000,0.000000,-8.380134,WAIT_USER_CONFIRM
0.010000,0.554499,-0.000000,0.264962,0.000000,0.000000,0.000000,-8.380134,WAIT_USER_CONFIRM
0.012000,0.554499,-0.000000,0.264962,0.000000,0.000000,0.000000,-8.380134,WAIT_USER_CONFIRM
0.014000,0.554499,-0.000000,0.264962,0.000000,0.000000,0.000000,-8.380134,WAIT_USER_CONFIRM
0.016000,0.554499,-0.000000,0.264962,0.000000,0.000000,0.000000,-8.380134,WAIT_USER_CONFIRM
0.018000,0.554499,-0.000000,0.264962,0.000000,0.000000,0.000000,-8.380134,WAIT_USER_CONFIRM
0.020000,0.554499,-0.000000,0.264962,0.000000,0.000000,0.000000,-8.380134,WAIT_USER_CONFIRM
0.022000,0.554499,-0.000000,0.264962,0.000000,0.000000,0.000000,-8.380134,WAIT_USER_CONFIRM
0.024000,0.554499,-0.000000,0.264962,0.000000,0.000000,0.000000,-8.380134,WAIT_USER_CONFIRM
0.026000,0.554499,-0.000000,0.264962,0.000000,0.000000,0.000000,-8.380134,WAIT_USER_CONFIRM
0.028000,0.554499,-0.000000,0.264962,0.000000,0.000000,0.000000,-8.380134,WAIT_USER_CONFIRM
0.030000,0.554499,-0.000000,0.264962,0.000000,0.000000,0.000000,-8.380134,WAIT_USER_CONFIRM
0.032000,0.554499,-0.000000,0.264962,0.000000,0.000000,0.000000,-8.380134,WAIT_USER_CONFIRM
0.034000,0.554499,-0.000000,0.264962,0.000000,0.000000,0.000000,-8.380134,WAIT_USER_CONFIRM
0.036000,0.554499,-0.000000,0.264962,0.000000,0.000000,0.000000,-8.380134,WAIT_USER_CONFIRM
0.038000,0.554499,-0.000000,0.264962,0.000000,0.000000,0.000000,-8.380134,WAIT_USER_CONFIRM
0.040000,0.554499,-0.000000,0.264962,0.000000,0.000000,0.000000,-8.380134,WAIT_USER_CONFIRM
0.042000,0.554499,-0.000000,0.264962,0.000000,0.000000,0.000000,-8.380134,WAIT_USER_CONFIRM
0.044000,0.554499,-0.000000,0.264962,0.000000,0.000000,0.000000,-8.380134,WAIT_USER_CONFIRM
0.046000,0.554499,-0.000000,0.264962,0.000000,0.000000,0.000000,-8.380134,WAIT_USER_CONFIRM
0.048000,0.554499,-0.000000,0.264962,0.000000,0.000000,0.000000,-8.380134,WAIT_USER_CONFIRM
0.050000,0.554499,-0.000000,0.264962,0.000000,0.000000,0.000000,-8.380134,WAIT_USER_CONFIRM
0.052000,0.554499,-0.000000,0.264962,0.000000,0.000000,0.000000,-8.380134,WAIT_USER_CONFIRM
0.054000,0.554499,-0.000000,0.264962,0.000000,0.000000,0.000000,-8.380134,WAIT_USER_CONFIRM
0.056000,0.554499,-0.000000,0.264962,0.000000,0.000000,0.000000,-8.380134,WAIT_USER_CONFIRM
0.058000,0.554499,-0.000000,0.264962,0.000000,0.000000,0.000000,-8.380134,WAIT_USER_CONFIRM
0.060000,0.554499,-0.000000,0.264962,0.000000,0.000000,0.000000,-8.380134,WAIT_USER_CONFIRM
0.062000,0.554499,-0.000000,0.264962,0.000000,0.000000,0.000000,-8.380134,WAIT_USER_CONFIRM
0.064000,0.554499,-0.000000,0.264962,0.000000,0.000000,0.000000,-8.380134,WAIT_USER_CONFIRM
0.066000,0.554499,-0.000000,0.264962,0.000000,0.000000,0.000000,-8.380134,WAIT_USER_CONFIRM
0.068000,0.554499,-0.000000,0.264962,0.000000,0.000000,0.000000,-8.380134,WAIT_USER_CONFIRM
0.070000,0.554499,-0.000000,0.264962,0.000000,0.000000,0.000000,-8.380134,WAIT_USER_CONFIRM
0.072000,0.554499,-0.000000,0.264962,0.000000,0.000000,0.000000,-8.380134,WAIT_USER_CONFIRM
0.074000,0.554499,-0.000000,0.264962,0.000000,0.000000,0.000000,-8.380134,WAIT_USER_CONFIRM
0.076000,0.554499,-0.000000,0.264962,0.000000,0.000000,0.000000,-8.380134,WAIT_USER_CONFIRM
0.078000,0.554499,-0.000000,0.264962,0.000000,0.000000,0.000000,-8.380134,WAIT_USER_CONFIRM
0.080000,0.554499,-0.000000,0.264962,0.000000,0.000000,0.000000,-8.380134,WAIT_USER_CONFIRM
0.082000,0.554499,-0.000000,0.264962,0.000000,0.000000,0.000000,-8.380134,WAIT_USER_CONFIRM
0.084000,0.554499,-0.000000,0.264962,0.000000,0.000000,0.000000,-8.380134,WAIT_USER_CONFIRM
0.086000,0.554499,-0.000000,0.264962,0.000000,0.000000,0.000000,-8.380134,WAIT_USER_CONFIRM
0.088000,0.554499,-0.000000,0.264962,0.000000,0.000000,0.000000,-8.380134,WAIT_USER_CONFIRM
0.090000,0.554499,-0.000000,0.264962,0.000000,0.000000,0.000000,-8.380134,WAIT_USER_CONFIRM
0.092000,0.554499,-0.000000,0.264962,0.000000,0.000000,0.000000,-8.380134,WAIT_USER_CONFIRM
0.094000,0.554499,-0.000000,0.264962,0.000000,0.000000,0.000000,-8.380134,WAIT_USER_CONFIRM
0.096000,0.554499,-0.000000,0.264962,0.000000,0.000000,0.000000,-8.380134,WAIT_USER_CONFIRM
0.098000,0.554499,-0.000000,0.264962,0.000000,0.000000,0.000000,-8.380134,WAIT_USER_CONFIRM
0.100000,0.554499,-0.000000,0.264962,0.000000,0.000000,0.000000,-8.380134,WAIT_USER_CONFIRM
0.102000,0.554499,-0.000000,0.264962,0.000000,0.000000,0.000000,-8.380134,WAIT_USER_CONFIRM
0.104000,0.554499,-0.000000,0.264962,0.000000,0.000000,0.000000,-8.380134,WAIT_USER_CONFIRM
0.106000,0.554499,-0.000000,0.264962,0.000000,0.000000,0.000000,-8.380134,WAIT_USER_CONFIRM
0.108000,0.554499,-0.000000,0.264962,0.000000,0.000000,0.000000,-8.380134,WAIT_USER_CONFIRM
0.110000,0.554499,-0.000000,0.264962,0.000000,0.000000,0.000000,-8.380134,WAIT_USER_CONFIRM
0.112000,0.554499,-0.000000,0.264962,0.000000,0.000000,0.000000,-8.380134,WAIT_USER_CONFIRM
0.114000,0.554499,-0.000000,0.264962,0.000000,0.000000,0.000000,-8.380134,WAIT_USER_CONFIRM
0.116000,0.554499,-0.000000,0.264962,0.000000,0.000000,0.000000,-8.380134,WAIT_USER_CONFIRM
0.118000,0.554499,-0.000000,0.264962,0.000000,0.000000,0.000000,-8.380134,WAIT_USER_CONFIRM
0.120000,0.554499,-0.000000,0.264962,0.000000,0.000000,0.000000,-8.380134,WAIT_USER_CONFIRM
0.122000,0.554499,-0.000000,0.264962,0.000000,0.000000,0.000000,-8.380134,WAIT_USER_CONFIRM
0.124000,0.554499,-0.000000,0.264962,0.000000,0.000000,0.000000,-8.380134,WAIT_USER_CONFIRM
0.126000,0.554499,-0.000000,0.264962,0.000000,0.000000,0.000000,-8.380134,WAIT_USER_CONFIRM
0.128000,0.554499,-0.000000,0.264962,0.000000,0.000000,0.000000,-8.380134,WAIT_USER_CONFIRM
0.130000,0.554499,-0.000000,0.264962,0.000000,0.000000,0.000000,-8.380134,WAIT_USER_CONFIRM
0.132000,0.554499,-0.000000,0.264962,0.000000,0.000000,0.000000,-8.380134,WAIT_USER_CONFIRM
0.134000,0.554499,-0.000000,0.264962,0.000000,0.000000,0.000000,-8.380134,WAIT_USER_CONFIRM
0.136000,0.554499,-0.000000,0.264962,0.000000,0.000000,0.000000,-8.380134,WAIT_USER_CONFIRM
0.138000,0.554499,-0.000000,0.264962,0.000000,0.000000,0.000000,-8.380134,WAIT_USER_CONFIRM
0.140000,0.554499,-0.000000,0.264962,0.000000,0.000000,0.000000,-8.380134,WAIT_USER_CONFIRM
0.142000,0.554499,-0.000000,0.264962,0.000000,0.000000,0.000000,-8.380134,WAIT_USER_CONFIRM
0.144000,0.554499,-0.000000,0.264962,0.000000,0.000000,0.000000,-8.380134,WAIT_USER_CONFIRM
0.146000,0.554499,-0.000000,0.264962,0.000000,0.000000,0.000000,-8.380134,WAIT_USER_CONFIRM
0.148000,0.554499,-0.000000,0.264962,0.000000,0.000000,0.000000,-8.380134,WAIT_USER_CONFIRM
0.150000,0.554499,-0.000000,0.264962,0.000000,0.000000,0.000000,-8.380134,WAIT_USER_CONFIRM
0.152000,0.554499,-0.000000,0.264962,0.000000,0.000000,0.000000,-8.380134,WAIT_USER_CONFIRM
0.154000,0.554499,-0.000000,0.264962,0.000000,0.000000,0.000000,-8.380134,WAIT_USER_CONFIRM
0.156000,0.554499,-0.000000,0.264962,0.000000,0.000000,0.000000,-8.380134,WAIT_USER_CONFIRM
0.158000,0.554499,-0.000000,0.264962,0.000000,0.000000,0.000000,-8.380134,WAIT_USER_CONFIRM
0.160000,0.554499,-0.000000,0.264962,0.000000,0.000000,0.000000,-8.380134,WAIT_USER_CONFIRM
0.162000,0.554499,-0.000000,0.264962,0.000000,0.000000,0.000000,-8.380134,WAIT_USER_CONFIRM
0.164000,0.554499,-0.000000,0.264962,0.000000,0.000000,0.000000,-8.380134,WAIT_USER_CONFIRM
0.166000,0.554499,-0.000000,0.264962,0.000000,0.000000,0.000000,-8.380134,WAIT_USER_CONFIRM
0.168000,0.554499,-0.000000,0.264962,0.000000,0.000000,0.000000,-8.380134,WAIT_USER_CONFIRM
0.170000,0.554499,-0.000000,0.264962,0.000000,0.000000,0.000000,-8.380134,WAIT_USER_CONFIRM
0.172000,0.554499,-0.000000,0.264962,0.000000,0.000000,0.000000,-8.380134,WAIT_USER_CONFIRM
0.174000,0.554499,-0.000000,0.264962,0.000000,0.000000,0.000000,-8.380134,WAIT_USER_CONFIRM
0.176000,0.554499,-0.000000,0.264962,0.000000,0.000000,0.000000,-8.380134,WAIT_USER_CONFIRM
0.178000,0.554499,-0.000000,0.264962,0.000000,0.000000,0.000000,-8.380134,WAIT_USER_CONFIRM
0.180000,0.554499,-0.000000,0.264962,0.000000,0.000000,0.000000,-8.380134,WAIT_USER_CONFIRM
0.182000,0.554499,-0.000000,0.264962,0.000000,0.000000,0.000000,-8.380134,WAIT_USER_CONFIRM
0.184000,0.554499,-0.000000,0.264962,0.000000,0.000000,0.000000,-8.380134,WAIT_USER_CONFIRM
0.186000,0.554499,-0.000000,0.264962,0.000000,0.000000,0.000000,-8.380134,WAIT_USER_CONFIRM
0.188000,0.554499,-0.000000,0.264962,0.000000,0.000000,0.000000,-8.380134,WAIT_USER_CONFIRM
0.190000,0.554499,-0.000000,0.264962,0.000000,0.000000,0.000000,-8.380134,WAIT_USER_CONFIRM
0.192000,0.554499,-0.000000,0.264962,0.000000,0.000000,0.000000,-8.380134,WAIT_USER_CONFIRM
0.194000,0.554499,-0.000000,0.264962,0.000000,0.000000,0.000000,-8.380134,WAIT_USER_CONFIRM
0.196000,0.554499,-0.000000,0.264962,0.000000,0.000000,0.000000,-8.380134,WAIT_USER_CONFIRM
0.198000,0.554499,-0.000000,0.264962,0.000000,0.000000,0.000000,-8.380134,WAIT_USER_CONFIRM
0.200000,0.554499,-0.000000,0.264962,0.000000,0.000000,0.000000,-8.380134,WAIT_USER_CONFIRM
0.202000,0.554499,-0.000000,0.264962,0.000000,0.000000,0.000000,-8.380134,WAIT_USER_CONFIRM
0.204000,0.554499,-0.000000,0.264962,0.000000,0.000000,0.000000,-8.380134,WAIT_USER_CONFIRM
0.206000,0.554499,-0.000000,0.264962,0.000000,0.000000,0.000000,-8.380134,WAIT_USER_CONFIRM
0.208000,0.554499,-0.000000,0.264962,0.000000,0.000000,0.000000,-8.380134,WAIT_USER_CONFIRM
0.210000,0.554499,-0.000000,0.264962,0.000000,0.000000,0.000000,-8.380134,WAIT_USER_CONFIRM
0.212000,0.554499,-0.000000,0.264962,0.000000,0.000000,0.000000,-8.380134,WAIT_USER_CONFIRM
0.214000,0.554499,-0.000000,0.264962,0.000000,0.000000,0.000000,-8.380134,WAIT_USER_CONFIRM
0.216000,0.554499,-0.000000,0.264962,0.000000,0.000000,0.000000,-8.380134,WAIT_USER_CONFIRM
0.218000,0.554499,-0.000000,0.264962,0.000000,0.000000,0.000000,-8.380134,WAIT_USER_CONFIRM
0.220000,0.554499,-0.000000,0.264962,0.000000,0.000000,0.000000,-8.380134,WAIT_USER_CONFIRM
0.222000,0.554499,-0.000000,0.264962,0.000000,0.000000,0.000000,-8.380134,WAIT_USER_CONFIRM
0.224000,0.554499,-0.000000,0.264962,0.000000,0.000000,0.000000,-8.380134,WAIT_USER_CONFIRM
0.226000,0.554499,-0.000000,0.264962,0.000000,0.000000,0.000000,-8.380134,WAIT_USER_CONFIRM
0.228000,0.554499,-0.000000,0.264962,0.000000,0.000000,0.000000,-8.380134,WAIT_USER_CONFIRM
0.230000,0.554499,-0.000000,0.264962,0.000000,0.000000,0.000000,-8.380134,WAIT_USER_CONFIRM
0.232000,0.554499,-0.000000,0.264962,0.000000,0.000000,0.000000,-8.380134,WAIT_USER_CONFIRM
0.234000,0.554499,-0.000000,0.264962,0.000000,0.000000,0.000000,-8.380134,WAIT_USER_CONFIRM
0.236000,0.554499,-0.000000,0.264962,0.000000,0.000000,0.000000,-8.380134,WAIT_USER_CONFIRM
0.238000,0.554499,-0.000000,0.264962,0.000000,0.000000,0.000000,-8.380134,WAIT_USER_CONFIRM
0.240000,0.554499,-0.000000,0.264962,0.000000,0.000000,0.000000,-8.380134,WAIT_USER_CONFIRM
0.242000,0.554499,-0.000000,0.264962,0.000000,0.000000,0.000000,-8.380134,WAIT_USER_CONFIRM
0.244000,0.554499,-0.000000,0.264962,0.000000,0.000000,0.000000,-8.380134,WAIT_USER_CONFIRM
0.246000,0.554499,-0.000000,0.264962,0.000000,0.000000,0.000000,-8.380134,WAIT_USER_CONFIRM
0.248000,0.554499,-0.000000,0.264962,0.000000,0.000000,0.000000,-8.380134,WAIT_USER_CONFIRM
0.250000,0.554499,-0.000000,0.264962,0.000000,0.000000,0.000000,-8.380134,WAIT_USER_CONFIRM
0.252000,0.554499,-0.000000,0.264962,0.000000,0.000000,0.000000,-8.380134,WAIT_USER_CONFIRM
0.254000,0.554499,-0.000000,0.264962,0.000000,0.000000,0.000000,-8.380134,WAIT_USER_CONFIRM
0.256000,0.554499,-0.000000,0.264962,0.000000,0.000000,0.000000,-8.380134,WAIT_USER_CONFIRM
0.258000,0.554499,-0.000000,0.264962,0.000000,0.000000,0.000000,-8.380134,WAIT_USER_CONFIRM
0.260000,0.554499,-0.000000,0.264962,0.000000,0.000000,0.000000,-8.380134,WAIT_USER_CONFIRM
0.262000,0.554499,-0.000000,0.264962,0.000000,0.000000,0.000000,-8.380134,WAIT_USER_CONFIRM
0.264000,0.554499,-0.000000,0.264962,0.000000,0.000000,0.000000,-8.380134,WAIT_USER_CONFIRM
0.266000,0.554499,-0.000000,0.264962,0.000000,0.000000,0.000000,-8.380134,WAIT_USER_CONFIRM
0.268000,0.554499,-0.000000,0.264962,0.000000,0.000000,0.000000,-8.380134,WAIT_USER_CONFIRM
0.270000,0.554499,-0.000000,0.264962,0.000000,0.000000,0.000000,-8.380134,WAIT_USER_CONFIRM
0.272000,0.554499,-0.000000,0.264962,0.000000,0.000000,0.000000,-8.380134,WAIT_USER_CONFIRM
0.274000,0.554499,-0.000000,0.264962,0.000000,0.000000,0.000000,-8.380134,WAIT_USER_CONFIRM
0.276000,0.554499,-0.000000,0.264962,0.000000,0.000000,0.000000,-8.380134,WAIT_USER_CONFIRM
0.278000,0.554499,-0.000000,0.264962,0.000000,0.000000,0.000000,-8.380134,WAIT_USER_CONFIRM
0.280000,0.554499,-0.000000,0.264962,0.000000,0.000000,0.000000,-8.380134,WAIT_USER_CONFIRM
0.282000,0.554499,-0.000000,0.264962,0.000000,0.000000,0.000000,-8.380134,WAIT_USER_CONFIRM
0.284000,0.554499,-0.000000,0.264962,0.000000,0.000000,0.000000,-8.380134,WAIT_USER_CONFIRM
0.286000,0.554499,-0.000000,0.264962,0.000000,0.000000,0.000000,-8.380134,WAIT_USER_CONFIRM
0.288000,0.554499,-0.000000,0.264962,0.000000,0.000000,0.000000,-8.380134,WAIT_USER_CONFIRM
0.290000,0.554499,-0.000000,0.264962,0.000000,0.000000,0.000000,-8.380134,WAIT_USER_CONFIRM
0.292000,0.554499,-0.000000,0.264962,0.000000,0.000000,0.000000,-8.380134,WAIT_USER_CONFIRM
0.294000,0.554499,-0.000000,0.264962,0.000000,0.000000,0.000000,-8.380134,WAIT_USER_CONFIRM
0.296000,0.554499,-0.000000,0.264962,0.000000,0.000000,0.000000,-8.380134,WAIT_USER_CONFIRM
0.298000,0.554499,-0.000000,0.264962,0.000000,0.000000,0.000000,-8.380134,WAIT_USER_CONFIRM
0.300000,0.554499,-0.000000,0.264962,0.000000,0.000000,0.000000,-8.380134,WAIT_USER_CONFIRM
0.302000,0.554499,-0.000000,0.264962,0.000000,0.000000,0.000000,-8.380134,WAIT_USER_CONFIRM
0.304000,0.554499,-0.000000,0.264962,0.000000,0.000000,0.000000,-8.380134,WAIT_USER_CONFIRM
0.306000,0.554499,-0.000000,0.264962,0.000000,0.000000,0.000000,-8.380134,WAIT_USER_CONFIRM
0.308000,0.554499,-0.000000,0.264962,0.000000,0.000000,0.000000,-8.380134,WAIT_USER_CONFIRM
0.310000,0.554499,-0.000000,0.264962,0.000000,0.000000,0.000000,-8.380134,WAIT_USER_CONFIRM
0.312000,0.554499,-0.000000,0.264962,0.000000,0.000000,0.000000,-8.380134,WAIT_USER_CONFIRM
0.314000,0.554499,-0.000000,0.264962,0.000000,0.000000,0.000000,-8.380134,WAIT_USER_CONFIRM
0.316000,0.554499,-0.000000,0.264962,0.000000,0.000000,0.000000,-8.380134,WAIT_USER_CONFIRM
0.318000,0.554499,-0.000000,0.264962,0.000000,0.000000,0.000000,-8.380134,WAIT_USER_CONFIRM
0.320000,0.554499,-0.000000,0.264962,0.000000,0.000000,0.000000,-8.380134,WAIT_USER_CONFIRM
0.322000,0.554499,-0.000000,0.264962,0.000000,0.000000,0.000000,-8.380134,WAIT_USER_CONFIRM
0.324000,0.554499,-0.000000,0.264962,0.000000,0.000000,0.000000,-8.380134,WAIT_USER_CONFIRM
0.326000,0.554499,-0.000000,0.264962,0.000000,0.000000,0.000000,-8.380134,WAIT_USER_CONFIRM
0.328000,0.554499,-0.000000,0.264962,0.000000,0.000000,0.000000,-8.380134,WAIT_USER_CONFIRM
0.330000,0.554499,-0.000000,0.264962,0.000000,0.000000,0.000000,-8.380134,WAIT_USER_CONFIRM
0.332000,0.554499,-0.000000,0.264962,0.000000,0.000000,0.000000,-8.380134,WAIT_USER_CONFIRM
0.334000,0.554499,-0.000000,0.264962,0.000000,0.000000,0.000000,-8.380134,WAIT_USER_CONFIRM
0.336000,0.554499,-0.000000,0.264962,0.000000,0.000000,0.000000,-8.380134,WAIT_USER_CONFIRM
0.338000,0.554499,-0.000000,0.264962,0.000000,0.000000,0.000000,-8.380134,WAIT_USER_CONFIRM
0.340000,0.554499,-0.000000,0.264962,0.000000,0.000000,0.000000,-8.380134,WAIT_USER_CONFIRM
0.342000,0.554499,-0.000000,0.264962,0.000000,0.000000,0.000000,-8.380134,WAIT_USER_CONFIRM
0.344000,0.554499,-0.000000,0.264962,0.000000,0.000000,0.000000,-8.380134,WAIT_USER_CONFIRM
0.346000,0.554499,-0.000000,0.264962,0.000000,0.000000,0.000000,-8.380134,WAIT_USER_CONFIRM
0.348000,0.554499,-0.000000,0.264962,0.000000,0.000000,0.000000,-8.380134,WAIT_USER_CONFIRM
0.350000,0.554499,-0.000000,0.264962,0.000000,0.000000,0.000000,-8.380134,WAIT_USER_CONFIRM
0.352000,0.554499,-0.000000,0.264962,0.000000,0.000000,0.000000,-8.380134,WAIT_USER_CONFIRM
0.354000,0.554499,-0.000000,0.264962,0.000000,0.000000,0.000000,-8.380134,WAIT_USER_CONFIRM
0.356000,0.554499,-0.000000,0.264962,0.000000,0.000000,0.000000,-8.380134,WAIT_USER_CONFIRM
0.358000,0.554499,-0.000000,0.264962,0.000000,0.000000,0.000000,-8.380134,WAIT_USER_CONFIRM
0.360000,0.554499,-0.000000,0.264962,0.000000,0.000000,0.000000,-8.380134,WAIT_USER_CONFIRM
0.362000,0.554499,-0.000000,0.264962,0.000000,0.000000,0.000000,-8.380134,WAIT_USER_CONFIRM
0.364000,0.554499,-0.000000,0.264962,0.000000,0.000000,0.000000,-8.380134,WAIT_USER_CONFIRM
0.366000,0.554499,-0.000000,0.264962,0.000000,0.000000,0.000000,-8.380134,WAIT_USER_CONFIRM
0.368000,0.554499,-0.000000,0.264962,0.000000,0.000000,0.000000,-8.380134,WAIT_USER_CONFIRM
0.370000,0.554499,-0.000000,0.264962,0.000000,0.000000,0.000000,-8.380134,WAIT_USER_CONFIRM
0.372000,0.554499,-0.000000,0.264962,0.000000,0.000000,0.000000,-8.380134,WAIT_USER_CONFIRM
0.374000,0.554499,-0.000000,0.264962,0.000000,0.000000,0.000000,-8.380134,WAIT_USER_CONFIRM
0.376000,0.554499,-0.000000,0.264962,0.000000,0.000000,0.000000,-8.380134,WAIT_USER_CONFIRM
0.378000,0.554499,-0.000000,0.264962,0.000000,0.000000,0.000000,-8.380134,WAIT_USER_CONFIRM
0.380000,0.554499,-0.000000,0.264962,0.000000,0.000000,0.000000,-8.380134,WAIT_USER_CONFIRM
0.382000,0.554499,-0.000000,0.264962,0.000000,0.000000,0.000000,-8.380134,WAIT_USER_CONFIRM
0.384000,0.554499,-0.000000,0.264962,0.000000,0.000000,0.000000,-8.380134,WAIT_USER_CONFIRM
0.386000,0.554499,-0.000000,0.264962,0.000000,0.000000,0.000000,-8.380134,WAIT_USER_CONFIRM
0.388000,0.554499,-0.000000,0.264962,0.000000,0.000000,0.000000,-8.380134,WAIT_USER_CONFIRM
0.390000,0.554499,-0.000000,0.264962,0.000000,0.000000,0.000000,-8.380134,WAIT_USER_CONFIRM
0.392000,0.554499,-0.000000,0.264962,0.000000,0.000000,0.000000,-8.380134,WAIT_USER_CONFIRM
0.394000,0.554499,-0.000000,0.264962,0.000000,0.000000,0.000000,-8.380134,WAIT_USER_CONFIRM
0.396000,0.554499,-0.000000,0.264962,0.000000,0.000000,0.000000,-8.380134,WAIT_USER_CONFIRM
0.398000,0.554499,-0.000000,0.264962,0.000000,0.000000,0.000000,-8.380134,WAIT_USER_CONFIRM
0.400000,0.554499,-0.000000,0.264962,0.000000,0.000000,0.000000,-8.380134,WAIT_USER_CONFIRM
0.402000,0.554499,-0.000000,0.264962,0.000000,0.000000,0.000000,-8.380134,WAIT_USER_CONFIRM
0.404000,0.554499,-0.000000,0.264962,0.000000,0.000000,0.000000,-8.380134,WAIT_USER_CONFIRM
0.406000,0.554499,-0.000000,0.264962,0.000000,0.000000,0.000000,-8.380134,WAIT_USER_CONFIRM
0.408000,0.554499,-0.000000,0.264962,0.000000,0.000000,0.000000,-8.380134,WAIT_USER_CONFIRM
0.410000,0.554499,-0.000000,0.264962,0.000000,0.000000,0.000000,-8.380134,WAIT_USER_CONFIRM
0.412000,0.554499,-0.000000,0.264962,0.000000,0.000000,0.000000,-8.380134,WAIT_USER_CONFIRM
0.414000,0.554499,-0.000000,0.264962,0.000000,0.000000,0.000000,-8.380134,WAIT_USER_CONFIRM
0.416000,0.554499,-0.000000,0.264962,0.000000,0.000000,0.000000,-8.380134,WAIT_USER_CONFIRM
0.418000,0.554499,-0.000000,0.264962,0.000000,0.000000,0.000000,-8.380134,WAIT_USER_CONFIRM
0.420000,0.554499,-0.000000,0.264962,0.000000,0.000000,0.000000,-8.380134,WAIT_USER_CONFIRM
0.422000,0.554499,-0.000000,0.264962,0.000000,0.000000,0.000000,-8.380134,WAIT_USER_CONFIRM
0.424000,0.554499,-0.000000,0.264962,0.000000,0.000000,0.000000,-8.380134,WAIT_USER_CONFIRM
0.426000,0.554499,-0.000000,0.264962,0.000000,0.000000,0.000000,-8.380134,WAIT_USER_CONFIRM
0.428000,0.554499,-0.000000,0.264962,0.000000,0.000000,0.000000,-8.380134,WAIT_USER_CONFIRM
0.430000,0.554499,-0.000000,0.264962,0.000000,0.000000,0.000000,-8.380134,WAIT_USER_CONFIRM
0.432000,0.554499,-0.000000,0.264962,0.000000,0.000000,0.000000,-8.380134,WAIT_USER_CONFIRM
0.434000,0.554499,-0.000000,0.264962,0.000000,0.000000,0.000000,-8.380134,WAIT_USER_CONFIRM
0.436000,0.554499,-0.000000,0.264962,0.000000,0.000000,0.000000,-8.380134,WAIT_USER_CONFIRM
0.438000,0.554499,-0.000000,0.264962,0.000000,0.000000,0.000000,-8.380134,WAIT_USER_CONFIRM
0.440000,0.554499,-0.000000,0.264962,0.000000,0.000000,0.000000,-8.380134,WAIT_USER_CONFIRM
0.442000,0.554499,-0.000000,0.264962,0.000000,0.000000,0.000000,-8.380134,WAIT_USER_CONFIRM
0.444000,0.554499,-0.000000,0.264962,0.000000,0.000000,0.000000,-8.380134,WAIT_USER_CONFIRM
0.446000,0.554499,-0.000000,0.264962,0.000000,0.000000,0.000000,-8.380134,WAIT_USER_CONFIRM
0.448000,0.554499,-0.000000,0.264962,0.000000,0.000000,0.000000,-8.380134,WAIT_USER_CONFIRM
0.450000,0.554499,-0.000000,0.264962,0.000000,0.000000,0.000000,-8.380134,WAIT_USER_CONFIRM
0.452000,0.554499,-0.000000,0.264962,0.000000,0.000000,0.000000,-8.380134,WAIT_USER_CONFIRM
0.454000,0.554499,-0.000000,0.264962,0.000000,0.000000,0.000000,-8.380134,WAIT_USER_CONFIRM
0.456000,0.554499,-0.000000,0.264962,0.000000,0.000000,0.000000,-8.380134,WAIT_USER_CONFIRM
0.458000,0.554499,-0.000000,0.264962,0.000000,0.000000,0.000000,-8.380134,WAIT_USER_CONFIRM
0.460000,0.554499,-0.000000,0.264962,0.000000,0.000000,0.000000,-8.380134,WAIT_USER_CONFIRM
0.462000,0.554499,-0.000000,0.264962,0.000000,0.000000,0.000000,-8.380134,WAIT_USER_CONFIRM
0.464000,0.554499,-0.000000,0.264962,0.000000,0.000000,0.000000,-8.380134,WAIT_USER_CONFIRM
0.466000,0.554499,-0.000000,0.264962,0.000000,0.000000,0.000000,-8.380134,WAIT_USER_CONFIRM
0.468000,0.554499,-0.000000,0.264962,0.000000,0.000000,0.000000,-8.380134,WAIT_USER_CONFIRM
0.470000,0.554499,-0.000000,0.264962,0.000000,0.000000,0.000000,-8.380134,WAIT_USER_CONFIRM
0.472000,0.554499,-0.000000,0.264962,0.000000,0.000000,0.000000,-8.380134,WAIT_USER_CONFIRM
0.474000,0.554499,-0.000000,0.264962,0.000000,0.000000,0.000000,-8.380134,WAIT_USER_CONFIRM
0.476000,0.554499,-0.000000,0.264962,0.000000,0.000000,0.000000,-8.380134,WAIT_USER_CONFIRM
0.478000,0.554499,-0.000000,0.264962,0.000000,0.000000,0.000000,-8.380134,WAIT_USER_CONFIRM
0.480000,0.554499,-0.000000,0.264962,0.000000,0.000000,0.000000,-8.380134,WAIT_USER_CONFIRM
0.482000,0.554499,-0.000000,0.264962,0.000000,0.000000,0.000000,-8.380134,WAIT_USER_CONFIRM
0.484000,0.554499,-0.000000,0.264962,0.000000,0.000000,0.000000,-8.380134,WAIT_USER_CONFIRM
0.486000,0.554499,-0.000000,0.264962,0.000000,0.000000,0.000000,-8.380134,WAIT_USER_CONFIRM
0.488000,0.554499,-0.000000,0.264962,0.000000,0.000000,0.000000,-8.380134,WAIT_USER_CONFIRM
0.490000,0.554499,-0.000000,0.264962,0.000000,0.000000,0.000000,-8.380134,WAIT_USER_CONFIRM
0.492000,0.554499,-0.000000,0.264962,0.000000,0.000000,0.000000,-8.380134,WAIT_USER_CONFIRM
0.494000,0.554499,-0.000000,0.264962,0.000000,0.000000,0.000000,-8.380134,WAIT_USER_CONFIRM
0.496000,0.554499,-0.000000,0.264962,0.000000,0.000000,0.000000,-8.380134,WAIT_USER_CONFIRM
0.498000,0.554499,-0.000000,0.264962,0.000000,0.000000,0.000000,-8.380134,WAIT_USER_CONFIRM
0.500000,0.554499,-0.000000,0.264962,0.000000,0.000000,0.000000,-8.380134,WAIT_USER_CONFIRM
0.502000,0.554499,-0.000000,0.264962,0.000000,0.000000,0.000000,-8.380134,WAIT_USER_CONFIRM
0.504000,0.554499,-0.000000,0.264962,0.000000,0.000000,0.000000,-8.380134,WAIT_USER_CONFIRM
0.506000,0.554499,-0.000000,0.264962,0.000000,0.000000,0.000000,-8.380134,WAIT_USER_CONFIRM
0.508000,0.554499,-0.000000,0.264962,0.000000,0.000000,0.000000,-8.380134,WAIT_USER_CONFIRM
0.510000,0.554499,-0.000000,0.264962,0.000000,0.000000,0.000000,-8.380134,WAIT_USER_CONFIRM
0.512000,0.554499,-0.000000,0.264962,0.000000,0.000000,0.000000,-8.380134,WAIT_USER_CONFIRM
0.514000,0.554499,-0.000000,0.264962,0.000000,0.000000,0.000000,-8.380134,WAIT_USER_CONFIRM
0.516000,0.554499,-0.000000,0.264962,0.000000,0.000000,0.000000,-8.380134,WAIT_USER_CONFIRM
0.518000,0.554499,-0.000000,0.264962,0.000000,0.000000,0.000000,-8.380134,WAIT_USER_CONFIRM
0.520000,0.554499,-0.000000,0.264962,0.000000,0.000000,0.000000,-8.380134,WAIT_USER_CONFIRM
0.522000,0.554499,-0.000000,0.264962,0.000000,0.000000,0.000000,-8.380134,WAIT_USER_CONFIRM
0.524000,0.554499,-0.000000,0.264962,0.000000,0.000000,0.000000,-8.380134,WAIT_USER_CONFIRM
0.526000,0.554499,-0.000000,0.264962,0.000000,0.000000,0.000000,-8.380134,WAIT_USER_CONFIRM
0.528000,0.554499,-0.000000,0.264962,0.000000,0.000000,0.000000,-8.380134,WAIT_USER_CONFIRM
0.530000,0.554499,-0.000000,0.264962,0.000000,0.000000,0.000000,-8.380134,WAIT_USER_CONFIRM
0.532000,0.554499,-0.000000,0.264962,0.000000,0.000000,0.000000,-8.380134,WAIT_USER_CONFIRM
0.534000,0.554499,-0.000000,0.264962,0.000000,0.000000,0.000000,-8.380134,WAIT_USER_CONFIRM
0.536000,0.554499,-0.000000,0.264962,0.000000,0.000000,0.000000,-8.380134,WAIT_USER_CONFIRM
0.538000,0.554499,-0.000000,0.264962,0.000000,0.000000,0.000000,-8.380134,WAIT_USER_CONFIRM
0.540000,0.554499,-0.000000,0.264962,0.000000,0.000000,0.000000,-8.380134,WAIT_USER_CONFIRM
0.542000,0.554499,-0.000000,0.264962,0.000000,0.000000,0.000000,-8.380134,WAIT_USER_CONFIRM
0.544000,0.554499,-0.000000,0.264962,0.000000,0.000000,0.000000,-8.380134,WAIT_USER_CONFIRM
0.546000,0.554499,-0.000000,0.264962,0.000000,0.000000,0.000000,-8.380134,WAIT_USER_CONFIRM
0.548000,0.554499,-0.000000,0.264962,0.000000,0.000000,0.000000,-8.380134,WAIT_USER_CONFIRM
0.550000,0.554499,-0.000000,0.264962,0.000000,0.000000,0.000000,-8.380134,WAIT_USER_CONFIRM
0.552000,0.554499,-0.000000,0.264962,0.000000,0.000000,0.000000,-8.380134,WAIT_USER_CONFIRM
0.554000,0.554499,-0.000000,0.264962,0.000000,0.000000,0.000000,-8.380134,WAIT_USER_CONFIRM
0.556000,0.554499,-0.000000,0.264962,0.000000,0.000000,0.000000,-8.380134,WAIT_USER_CONFIRM
0.558000,0.554499,-0.000000,0.264962,0.000000,0.000000,0.000000,-8.380134,WAIT_USER_CONFIRM
0.560000,0.554499,-0.000000,0.264962,0.000000,0.000000,0.000000,-8.380134,WAIT_USER_CONFIRM
0.562000,0.554499,-0.000000,0.264962,0.000000,0.000000,0.000000,-8.380134,WAIT_USER_CONFIRM
0.564000,0.554499,-0.000000,0.264962,0.000000,0.000000,0.000000,-8.380134,WAIT_USER_CONFIRM
0.566000,0.554499,-0.000000,0.264962,0.000000,0.000000,0.000000,-8.380134,WAIT_USER_CONFIRM
0.568000,0.554499,-0.000000,0.264962,0.000000,0.000000,0.000000,-8.380134,WAIT_USER_CONFIRM
0.570000,0.554499,-0.000000,0.264962,0.000000,0.000000,0.000000,-8.380134,WAIT_USER_CONFIRM
0.572000,0.554499,-0.000000,0.264962,0.000000,0.000000,0.000000,-8.380134,WAIT_USER_CONFIRM
0.574000,0.554499,-0.000000,0.264962,0.000000,0.000000,0.000000,-8.380134,WAIT_USER_CONFIRM
0.576000,0.554499,-0.000000,0.264962,0.000000,0.000000,0.000000,-8.380134,WAIT_USER_CONFIRM
0.578000,0.554499,-0.000000,0.264962,0.000000,0.000000,0.000000,-8.380134,WAIT_USER_CONFIRM
0.580000,0.554499,-0.000000,0.264962,0.000000,0.000000,0.000000,-8.380134,WAIT_USER_CONFIRM
0.582000,0.554499,-0.000000,0.264962,0.000000,0.000000,0.000000,-8.380134,WAIT_USER_CONFIRM
0.584000,0.554499,-0.000000,0.264962,0.000000,0.000000,0.000000,-8.380134,WAIT_USER_CONFIRM
0.586000,0.554499,-0.000000,0.264962,0.000000,0.000000,0.000000,-8.380134,WAIT_USER_CONFIRM
0.588000,0.554499,-0.000000,0.264962,0.000000,0.000000,0.000000,-8.380134,WAIT_USER_CONFIRM
0.590000,0.554499,-0.000000,0.264962,0.000000,0.000000,0.000000,-8.380134,WAIT_USER_CONFIRM
0.592000,0.554499,-0.000000,0.264962,0.000000,0.000000,0.000000,-8.380134,WAIT_USER_CONFIRM
0.594000,0.554499,-0.000000,0.264962,0.000000,0.000000,0.000000,-8.380134,WAIT_USER_CONFIRM
0.596000,0.554499,-0.000000,0.264962,0.000000,0.000000,0.000000,-8.380134,WAIT_USER_CONFIRM
0.598000,0.554499,-0.000000,0.264962,0.000000,0.000000,0.000000,-8.380134,WAIT_USER_CONFIRM
0.600000,0.554499,-0.000000,0.264962,0.000000,0.000000,0.000000,-8.380134,WAIT_USER_CONFIRM
0.602000,0.554499,-0.000000,0.264962,0.000000,0.000000,0.000000,-8.380134,WAIT_USER_CONFIRM
0.604000,0.554499,-0.000000,0.264962,0.000000,0.000000,0.000000,-8.380134,WAIT_USER_CONFIRM
0.606000,0.554499,-0.000000,0.264962,0.000000,0.000000,0.000000,-8.380134,WAIT_USER_CONFIRM
0.608000,0.554499,-0.000000,0.264962,0.000000,0.000000,0.000000,-8.380134,WAIT_USER_CONFIRM
0.610000,0.554499,-0.000000,0.264962,0.000000,0.000000,0.000000,-8.380134,WAIT_USER_CONFIRM
0.612000,0.554499,-0.000000,0.264962,0.000000,0.000000,0.000000,-8.380134,WAIT_USER_CONFIRM
0.614000,0.554499,-0.000000,0.264962,0.000000,0.000000,0.000000,-8.380134,WAIT_USER_CONFIRM
0.616000,0.554499,-0.000000,0.264962,0.000000,0.000000,0.000000,-8.380134,WAIT_USER_CONFIRM
0.618000,0.554499,-0.000000,0.264962,0.000000,0.000000,0.000000,-8.380134,WAIT_USER_CONFIRM
0.620000,0.554499,-0.000000,0.264962,0.000000,0.000000,0.000000,-8.380134,WAIT_USER_CONFIRM
0.622000,0.554499,-0.000000,0.264962,0.000000,0.000000,0.000000,-8.380134,WAIT_USER_CONFIRM
0.624000,0.554499,-0.000000,0.264962,0.000000,0.000000,0.000000,-8.380134,WAIT_USER_CONFIRM
0.626000,0.554499,-0.000000,0.264962,0.000000,0.000000,0.000000,-8.380134,WAIT_USER_CONFIRM
0.628000,0.554499,-0.000000,0.264962,0.000000,0.000000,0.000000,-8.380134,WAIT_USER_CONFIRM
0.630000,0.554499,-0.000000,0.264962,0.000000,0.000000,0.000000,-8.380134,WAIT_USER_CONFIRM
0.632000,0.554499,-0.000000,0.264962,0.000000,0.000000,0.000000,-8.380134,WAIT_USER_CONFIRM
0.634000,0.554499,-0.000000,0.264962,0.000000,0.000000,0.000000,-8.380134,WAIT_USER_CONFIRM
0.636000,0.554499,-0.000000,0.264962,0.000000,0.000000,0.000000,-8.380134,WAIT_USER_CONFIRM
0.638000,0.554499,-0.000000,0.264962,0.000000,0.000000,0.000000,-8.380134,WAIT_USER_CONFIRM
0.640000,0.554499,-0.000000,0.264962,0.000000,0.000000,0.000000,-8.380134,WAIT_USER_CONFIRM
0.642000,0.554499,-0.000000,0.264962,0.000000,0.000000,0.000000,-8.380134,WAIT_USER_CONFIRM
0.644000,0.554499,-0.000000,0.264962,0.000000,0.000000,0.000000,-8.380134,WAIT_USER_CONFIRM
0.646000,0.554499,-0.000000,0.264962,0.000000,0.000000,0.000000,-8.380134,WAIT_USER_CONFIRM
0.648000,0.554499,-0.000000,0.264962,0.000000,0.000000,0.000000,-8.380134,WAIT_USER_CONFIRM
0.650000,0.554499,-0.000000,0.264962,0.000000,0.000000,0.000000,-8.380134,WAIT_USER_CONFIRM
0.652000,0.554499,-0.000000,0.264962,0.000000,0.000000,0.000000,-8.380134,WAIT_USER_CONFIRM
0.654000,0.554499,-0.000000,0.264962,0.000000,0.000000,0.000000,-8.380134,WAIT_USER_CONFIRM
0.656000,0.554499,-0.000000,0.264962,0.000000,0.000000,0.000000,-8.380134,WAIT_USER_CONFIRM
0.658000,0.554499,-0.000000,0.264962,0.000000,0.000000,0.000000,-8.380134,WAIT_USER_CONFIRM
0.660000,0.554499,-0.000000,0.264962,0.000000,0.000000,0.000000,-8.380134,WAIT_USER_CONFIRM
0.662000,0.554499,-0.000000,0.264962,0.000000,0.000000,0.000000,-8.380134,WAIT_USER_CONFIRM
0.664000,0.554499,-0.000000,0.264962,0.000000,0.000000,0.000000,-8.380134,WAIT_USER_CONFIRM
0.666000,0.554499,-0.000000,0.264962,0.000000,0.000000,0.000000,-8.380134,WAIT_USER_CONFIRM
0.668000,0.554499,-0.000000,0.264962,0.000000,0.000000,0.000000,-8.380134,WAIT_USER_CONFIRM
0.670000,0.554499,-0.000000,0.264962,0.000000,0.000000,0.000000,-8.380134,WAIT_USER_CONFIRM
0.672000,0.554499,-0.000000,0.264962,0.000000,0.000000,0.000000,-8.380134,WAIT_USER_CONFIRM
0.674000,0.554499,-0.000000,0.264962,0.000000,0.000000,0.000000,-8.380134,WAIT_USER_CONFIRM
0.676000,0.554499,-0.000000,0.264962,0.000000,0.000000,0.000000,-8.380134,WAIT_USER_CONFIRM
0.678000,0.554499,-0.000000,0.264962,0.000000,0.000000,0.000000,-8.380134,WAIT_USER_CONFIRM
0.680000,0.554499,-0.000000,0.264962,0.000000,0.000000,0.000000,-8.380134,WAIT_USER_CONFIRM
0.682000,0.554499,-0.000000,0.264962,0.000000,0.000000,0.000000,-8.380134,WAIT_USER_CONFIRM
0.684000,0.554499,-0.000000,0.264962,0.000000,0.000000,0.000000,-8.380134,WAIT_USER_CONFIRM
0.686000,0.554499,-0.000000,0.264962,0.000000,0.000000,0.000000,-8.380134,WAIT_USER_CONFIRM
0.688000,0.554499,-0.000000,0.264962,0.000000,0.000000,0.000000,-8.380134,WAIT_USER_CONFIRM
0.690000,0.554499,-0.000000,0.264962,0.000000,0.000000,0.000000,-8.380134,WAIT_USER_CONFIRM
0.692000,0.554499,-0.000000,0.264962,0.000000,0.000000,0.000000,-8.380134,WAIT_USER_CONFIRM
0.694000,0.554499,-0.000000,0.264962,0.000000,0.000000,0.000000,-8.380134,WAIT_USER_CONFIRM
0.696000,0.554499,-0.000000,0.264962,0.000000,0.000000,0.000000,-8.380134,WAIT_USER_CONFIRM
0.698000,0.554499,-0.000000,0.264962,0.000000,0.000000,0.000000,-8.380134,WAIT_USER_CONFIRM
0.700000,0.554499,-0.000000,0.264962,0.000000,0.000000,0.000000,-8.380134,WAIT_USER_CONFIRM
0.702000,0.554499,-0.000000,0.264962,0.000000,0.000000,0.000000,-8.380134,WAIT_USER_CONFIRM
0.704000,0.554499,-0.000000,0.264962,0.000000,0.000000,0.000000,-8.380134,WAIT_USER_CONFIRM
0.706000,0.554499,-0.000000,0.264962,0.000000,0.000000,0.000000,-8.380134,WAIT_USER_CONFIRM
0.708000,0.554499,-0.000000,0.264962,0.000000,0.000000,0.000000,-8.380134,WAIT_USER_CONFIRM
0.710000,0.554499,-0.000000,0.264962,0.000000,0.000000,0.000000,-8.380134,WAIT_USER_CONFIRM
0.712000,0.554499,-0.000000,0.264962,0.000000,0.000000,0.000000,-8.380134,WAIT_USER_CONFIRM
0.714000,0.554499,-0.000000,0.264962,0.000000,0.000000,0.000000,-8.380134,WAIT_USER_CONFIRM
0.716000,0.554499,-0.000000,0.264962,0.000000,0.000000,0.000000,-8.380134,WAIT_USER_CONFIRM
0.718000,0.554499,-0.000000,0.264962,0.000000,0.000000,0.000000,-8.380134,WAIT_USER_CONFIRM
0.720000,0.554499,-0.000000,0.264962,0.000000,0.000000,0.000000,-8.380134,WAIT_USER_CONFIRM
0.722000,0.554499,-0.000000,0.264962,0.000000,0.000000,0.000000,-8.380134,WAIT_USER_CONFIRM
0.724000,0.554499,-0.000000,0.264962,0.000000,0.000000,0.000000,-8.380134,WAIT_USER_CONFIRM
0.726000,0.554499,-0.000000,0.264962,0.000000,0.000000,0.000000,-8.380134,WAIT_USER_CONFIRM
0.728000,0.554499,-0.000000,0.264962,0.000000,0.000000,0.000000,-8.380134,WAIT_USER_CONFIRM
0.730000,0.554499,-0.000000,0.264962,0.000000,0.000000,0.000000,-8.380134,WAIT_USER_CONFIRM
0.732000,0.554499,-0.000000,0.264962,0.000000,0.000000,0.000000,-8.380134,WAIT_USER_CONFIRM
0.734000,0.554499,-0.000000,0.264962,0.000000,0.000000,0.000000,-8.380134,WAIT_USER_CONFIRM
0.736000,0.554499,-0.000000,0.264962,0.000000,0.000000,0.000000,-8.380134,WAIT_USER_CONFIRM
0.738000,0.554499,-0.000000,0.264962,0.000000,0.000000,0.000000,-8.380134,WAIT_USER_CONFIRM
0.740000,0.554499,-0.000000,0.264962,0.000000,0.000000,0.000000,-8.380134,WAIT_USER_CONFIRM
0.742000,0.554499,-0.000000,0.264962,0.000000,0.000000,0.000000,-8.380134,WAIT_USER_CONFIRM
0.744000,0.554499,-0.000000,0.264962,0.000000,0.000000,0.000000,-8.380134,WAIT_USER_CONFIRM
0.746000,0.554499,-0.000000,0.264962,0.000000,0.000000,0.000000,-8.380134,WAIT_USER_CONFIRM
0.748000,0.554499,-0.000000,0.264962,0.000000,0.000000,0.000000,-8.380134,WAIT_USER_CONFIRM
0.750000,0.554499,-0.000000,0.264962,0.000000,0.000000,0.000000,-8.380134,WAIT_USER_CONFIRM
0.752000,0.554499,-0.000000,0.264962,0.000000,0.000000,0.000000,-8.380134,WAIT_USER_CONFIRM
0.754000,0.554499,-0.000000,0.264962,0.000000,0.000000,0.000000,-8.380134,WAIT_USER_CONFIRM
0.756000,0.554499,-0.000000,0.264962,0.000000,0.000000,0.000000,-8.380134,WAIT_USER_CONFIRM
0.758000,0.554499,-0.000000,0.264962,0.000000,0.000000,0.000000,-8.380134,WAIT_USER_CONFIRM
0.760000,0.554499,-0.000000,0.264962,0.000000,0.000000,0.000000,-8.380134,WAIT_USER_CONFIRM
0.762000,0.554499,-0.000000,0.264962,0.000000,0.000000,0.000000,-8.380134,WAIT_USER_CONFIRM
0.764000,0.554499,-0.000000,0.264962,0.000000,0.000000,0.000000,-8.380134,WAIT_USER_CONFIRM
0.766000,0.554499,-0.000000,0.264962,0.000000,0.000000,0.000000,-8.380134,WAIT_USER_CONFIRM
0.768000,0.554499,-0.000000,0.264962,0.000000,0.000000,0.000000,-8.380134,WAIT_USER_CONFIRM
0.770000,0.554499,-0.000000,0.264962,0.000000,0.000000,0.000000,-8.380134,WAIT_USER_CONFIRM
0.772000,0.554499,-0.000000,0.264962,0.000000,0.000000,0.000000,-8.380134,WAIT_USER_CONFIRM
0.774000,0.554499,-0.000000,0.264962,0.000000,0.000000,0.000000,-8.380134,WAIT_USER_CONFIRM
0.776000,0.554499,-0.000000,0.264962,0.000000,0.000000,0.000000,-8.380134,WAIT_USER_CONFIRM
0.778000,0.554499,-0.000000,0.264962,0.000000,0.000000,0.000000,-8.380134,WAIT_USER_CONFIRM
0.780000,0.554499,-0.000000,0.264962,0.000000,0.000000,0.000000,-8.380134,WAIT_USER_CONFIRM
0.782000,0.554499,-0.000000,0.264962,0.000000,0.000000,0.000000,-8.380134,WAIT_USER_CONFIRM
0.784000,0.554499,-0.000000,0.264962,0.000000,0.000000,0.000000,-8.380134,WAIT_USER_CONFIRM
0.786000,0.554499,-0.000000,0.264962,0.000000,0.000000,0.000000,-8.380134,WAIT_USER_CONFIRM
0.788000,0.554499,-0.000000,0.264962,0.000000,0.000000,0.000000,-8.380134,WAIT_USER_CONFIRM
0.790000,0.554499,-0.000000,0.264962,0.000000,0.000000,0.000000,-8.380134,WAIT_USER_CONFIRM
0.792000,0.554499,-0.000000,0.264962,0.000000,0.000000,0.000000,-8.380134,WAIT_USER_CONFIRM
0.794000,0.554499,-0.000000,0.264962,0.000000,0.000000,0.000000,-8.380134,WAIT_USER_CONFIRM
0.796000,0.554499,-0.000000,0.264962,0.000000,0.000000,0.000000,-8.380134,WAIT_USER_CONFIRM
0.798000,0.554499,-0.000000,0.264962,0.000000,0.000000,0.000000,-8.380134,WAIT_USER_CONFIRM
0.800000,0.554499,-0.000000,0.264962,0.000000,0.000000,0.000000,-8.380134,WAIT_USER_CONFIRM
0.802000,0.554499,-0.000000,0.264962,0.000000,0.000000,0.000000,-8.380134,WAIT_USER_CONFIRM
0.804000,0.554499,-0.000000,0.264962,0.000000,0.000000,0.000000,-8.380134,WAIT_USER_CONFIRM
0.806000,0.554499,-0.000000,0.264962,0.000000,0.000000,0.000000,-8.380134,WAIT_USER_CONFIRM
0.808000,0.554499,-0.000000,0.264962,0.000000,0.000000,0.000000,-8.380134,WAIT_USER_CONFIRM
0.810000,0.554499,-0.000000,0.264962,0.000000,0.000000,0.000000,-8.380134,WAIT_USER_CONFIRM
0.812000,0.554499,-0.000000,0.264962,0.000000,0.000000,0.000000,-8.380134,WAIT_USER_CONFIRM
0.814000,0.554499,-0.000000,0.264962,0.000000,0.000000,0.000000,-8.380134,WAIT_USER_CONFIRM
0.816000,0.554499,-0.000000,0.264962,0.000000,0.000000,0.000000,-8.380134,WAIT_USER_CONFIRM
0.818000,0.554499,-0.000000,0.264962,0.000000,0.000000,0.000000,-8.380134,WAIT_USER_CONFIRM
0.820000,0.554499,-0.000000,0.264962,0.000000,0.000000,0.000000,-8.380134,WAIT_USER_CONFIRM
0.822000,0.554499,-0.000000,0.264962,0.000000,0.000000,0.000000,-8.380134,WAIT_USER_CONFIRM
0.824000,0.554499,-0.000000,0.264962,0.000000,0.000000,0.000000,-8.380134,WAIT_USER_CONFIRM
0.826000,0.554499,-0.000000,0.264962,0.000000,0.000000,0.000000,-8.380134,WAIT_USER_CONFIRM
0.828000,0.554499,-0.000000,0.264962,0.000000,0.000000,0.000000,-8.380134,WAIT_USER_CONFIRM
0.830000,0.554499,-0.000000,0.264962,0.000000,0.000000,0.000000,-8.380134,WAIT_USER_CONFIRM
0.832000,0.554499,-0.000000,0.264962,0.000000,0.000000,0.000000,-8.380134,WAIT_USER_CONFIRM
0.834000,0.554499,-0.000000,0.264962,0.000000,0.000000,0.000000,-8.380134,WAIT_USER_CONFIRM
0.836000,0.554499,-0.000000,0.264962,0.000000,0.000000,0.000000,-8.380134,WAIT_USER_CONFIRM
0.838000,0.554499,-0.000000,0.264962,0.000000,0.000000,0.000000,-8.380134,WAIT_USER_CONFIRM
0.840000,0.554499,-0.000000,0.264962,0.000000,0.000000,0.000000,-8.380134,WAIT_USER_CONFIRM
0.842000,0.554499,-0.000000,0.264962,0.000000,0.000000,0.000000,-8.380134,WAIT_USER_CONFIRM
0.844000,0.554499,-0.000000,0.264962,0.000000,0.000000,0.000000,-8.380134,WAIT_USER_CONFIRM
0.846000,0.554499,-0.000000,0.264962,0.000000,0.000000,0.000000,-8.380134,WAIT_USER_CONFIRM
0.848000,0.554499,-0.000000,0.264962,0.000000,0.000000,0.000000,-8.380134,WAIT_USER_CONFIRM
0.850000,0.554499,-0.000000,0.264962,0.000000,0.000000,0.000000,-8.380134,WAIT_USER_CONFIRM
0.852000,0.554499,-0.000000,0.264962,0.000000,0.000000,0.000000,-8.380134,WAIT_USER_CONFIRM
0.854000,0.554499,-0.000000,0.264962,0.000000,0.000000,0.000000,-8.380134,WAIT_USER_CONFIRM
0.856000,0.554499,-0.000000,0.264962,0.000000,0.000000,0.000000,-8.380134,WAIT_USER_CONFIRM
0.858000,0.554499,-0.000000,0.264962,0.000000,0.000000,0.000000,-8.380134,WAIT_USER_CONFIRM
0.860000,0.554499,-0.000000,0.264962,0.000000,0.000000,0.000000,-8.380134,WAIT_USER_CONFIRM
0.862000,0.554499,-0.000000,0.264962,0.000000,0.000000,0.000000,-8.380134,WAIT_USER_CONFIRM
0.864000,0.554499,-0.000000,0.264962,0.000000,0.000000,0.000000,-8.380134,WAIT_USER_CONFIRM
0.866000,0.554499,-0.000000,0.264962,0.000000,0.000000,0.000000,-8.380134,WAIT_USER_CONFIRM
0.868000,0.554499,-0.000000,0.264962,0.000000,0.000000,0.000000,-8.380134,WAIT_USER_CONFIRM
0.870000,0.554499,-0.000000,0.264962,0.000000,0.000000,0.000000,-8.380134,WAIT_USER_CONFIRM
0.872000,0.554499,-0.000000,0.264962,0.000000,0.000000,0.000000,-8.380134,WAIT_USER_CONFIRM
0.874000,0.554499,-0.000000,0.264962,0.000000,0.000000,0.000000,-8.380134,WAIT_USER_CONFIRM
0.876000,0.554499,-0.000000,0.264962,0.000000,0.000000,0.000000,-8.380134,WAIT_USER_CONFIRM
0.878000,0.554499,-0.000000,0.264962,0.000000,0.000000,0.000000,-8.380134,WAIT_USER_CONFIRM
0.880000,0.554499,-0.000000,0.264962,0.000000,0.000000,0.000000,-8.380134,WAIT_USER_CONFIRM
0.882000,0.554499,-0.000000,0.264962,0.000000,0.000000,0.000000,-8.380134,WAIT_USER_CONFIRM
0.884000,0.554499,-0.000000,0.264962,0.000000,0.000000,0.000000,-8.380134,WAIT_USER_CONFIRM
0.886000,0.554499,-0.000000,0.264962,0.000000,0.000000,0.000000,-8.380134,WAIT_USER_CONFIRM
0.888000,0.554499,-0.000000,0.264962,0.000000,0.000000,0.000000,-8.380134,WAIT_USER_CONFIRM
0.890000,0.554499,-0.000000,0.264962,0.000000,0.000000,0.000000,-8.380134,WAIT_USER_CONFIRM
0.892000,0.554499,-0.000000,0.264962,0.000000,0.000000,0.000000,-8.380134,WAIT_USER_CONFIRM
0.894000,0.554499,-0.000000,0.264962,0.000000,0.000000,0.000000,-8.380134,WAIT_USER_CONFIRM
0.896000,0.554499,-0.000000,0.264962,0.000000,0.000000,0.000000,-8.380134,WAIT_USER_CONFIRM
0.898000,0.554499,-0.000000,0.264962,0.000000,0.000000,0.000000,-8.380134,WAIT_USER_CONFIRM
0.900000,0.554499,-0.000000,0.264962,0.000000,0.000000,0.000000,-8.380134,WAIT_USER_CONFIRM
0.902000,0.554499,-0.000000,0.264962,0.000000,0.000000,0.000000,-8.380134,WAIT_USER_CONFIRM
0.904000,0.554499,-0.000000,0.264962,0.000000,0.000000,0.000000,-8.380134,WAIT_USER_CONFIRM
0.906000,0.554499,-0.000000,0.264962,0.000000,0.000000,0.000000,-8.380134,WAIT_USER_CONFIRM
0.908000,0.554499,-0.000000,0.264962,0.000000,0.000000,0.000000,-8.380134,WAIT_USER_CONFIRM
0.910000,0.554499,-0.000000,0.264962,0.000000,0.000000,0.000000,-8.380134,WAIT_USER_CONFIRM
0.912000,0.554499,-0.000000,0.264962,0.000000,0.000000,0.000000,-8.380134,WAIT_USER_CONFIRM
0.914000,0.554499,-0.000000,0.264962,0.000000,0.000000,0.000000,-8.380134,WAIT_USER_CONFIRM
0.916000,0.554499,-0.000000,0.264962,0.000000,0.000000,0.000000,-8.380134,WAIT_USER_CONFIRM
0.918000,0.554499,-0.000000,0.264962,0.000000,0.000000,0.000000,-8.380134,WAIT_USER_CONFIRM
0.920000,0.554499,-0.000000,0.264962,0.000000,0.000000,0.000000,-8.380134,WAIT_USER_CONFIRM
0.922000,0.554499,-0.000000,0.264962,0.000000,0.000000,0.000000,-8.380134,WAIT_USER_CONFIRM
0.924000,0.554499,-0.000000,0.264962,0.000000,0.000000,0.000000,-8.380134,WAIT_USER_CONFIRM
0.926000,0.554499,-0.000000,0.264962,0.000000,0.000000,0.000000,-8.380134,WAIT_USER_CONFIRM
0.928000,0.554499,-0.000000,0.264962,0.000000,0.000000,0.000000,-8.380134,WAIT_USER_CONFIRM
0.930000,0.554499,-0.000000,0.264962,0.000000,0.000000,0.000000,-8.380134,WAIT_USER_CONFIRM
0.932000,0.554499,-0.000000,0.264962,0.000000,0.000000,0.000000,-8.380134,WAIT_USER_CONFIRM
0.934000,0.554499,-0.000000,0.264962,0.000000,0.000000,0.000000,-8.380134,WAIT_USER_CONFIRM
0.936000,0.554499,-0.000000,0.264962,0.000000,0.000000,0.000000,-8.380134,WAIT_USER_CONFIRM
0.938000,0.554499,-0.000000,0.264962,0.000000,0.000000,0.000000,-8.380134,WAIT_USER_CONFIRM
0.940000,0.554499,-0.000000,0.264962,0.000000,0.000000,0.000000,-8.380134,WAIT_USER_CONFIRM
0.942000,0.554499,-0.000000,0.264962,0.000000,0.000000,0.000000,-8.380134,WAIT_USER_CONFIRM
0.944000,0.554499,-0.000000,0.264962,0.000000,0.000000,0.000000,-8.380134,WAIT_USER_CONFIRM
0.946000,0.554499,-0.000000,0.264962,0.000000,0.000000,0.000000,-8.380134,WAIT_USER_CONFIRM
0.948000,0.554499,-0.000000,0.264962,0.000000,0.000000,0.000000,-8.380134,WAIT_USER_CONFIRM
0.950000,0.554499,-0.000000,0.264962,0.000000,0.000000,0.000000,-8.380134,WAIT_USER_CONFIRM
0.952000,0.554499,-0.000000,0.264962,0.000000,0.000000,0.000000,-8.380134,WAIT_USER_CONFIRM
0.954000,0.554499,-0.000000,0.264962,0.000000,0.000000,0.000000,-8.380134,WAIT_USER_CONFIRM
0.956000,0.554499,-0.000000,0.264962,0.000000,0.000000,0.000000,-8.380134,WAIT_USER_CONFIRM
0.958000,0.554499,-0.000000,0.264962,0.000000,0.000000,0.000000,-8.380134,WAIT_USER_CONFIRM
0.960000,0.554499,-0.000000,0.264962,0.000000,0.000000,0.000000,-8.380134,WAIT_USER_CONFIRM
0.962000,0.554499,-0.000000,0.264962,0.000000,0.000000,0.000000,-8.380134,WAIT_USER_CONFIRM
0.964000,0.554499,-0.000000,0.264962,0.000000,0.000000,0.000000,-8.380134,WAIT_USER_CONFIRM
0.966000,0.554499,-0.000000,0.264962,0.000000,0.000000,0.000000,-8.380134,WAIT_USER_CONFIRM
0.968000,0.554499,-0.000000,0.264962,0.000000,0.000000,0.000000,-8.380134,WAIT_USER_CONFIRM
0.970000,0.554499,-0.000000,0.264962,0.000000,0.000000,0.000000,-8.380134,WAIT_USER_CONFIRM
0.972000,0.554499,-0.000000,0.264962,0.000000,0.000000,0.000000,-8.380134,WAIT_USER_CONFIRM
0.974000,0.554499,-0.000000,0.264962,0.000000,0.000000,0.000000,-8.380134,WAIT_USER_CONFIRM
0.976000,0.554499,-0.000000,0.264962,0.000000,0.000000,0.000000,-8.380134,WAIT_USER_CONFIRM
0.978000,0.554499,-0.000000,0.264962,0.000000,0.000000,0.000000,-8.380134,WAIT_USER_CONFIRM
0.980000,0.554499,-0.000000,0.264962,0.000000,0.000000,0.000000,-8.380134,WAIT_USER_CONFIRM
0.982000,0.554499,-0.000000,0.264962,0.000000,0.000000,0.000000,-8.380134,WAIT_USER_CONFIRM
0.984000,0.554499,-0.000000,0.264962,0.000000,0.000000,0.000000,-8.380134,WAIT_USER_CONFIRM
0.986000,0.554499,-0.000000,0.264962,0.000000,0.000000,0.000000,-8.380134,WAIT_USER_CONFIRM
0.988000,0.554499,-0.000000,0.264962,0.000000,0.000000,0.000000,-8.380134,WAIT_USER_CONFIRM
0.990000,0.554499,-0.000000,0.264962,0.000000,0.000000,0.000000,-8.380134,WAIT_USER_CONFIRM
0.992000,0.554499,-0.000000,0.264962,0.000000,0.000000,0.000000,-8.380134,WAIT_USER_CONFIRM
0.994000,0.554499,-0.000000,0.264962,0.000000,0.000000,0.000000,-8.380134,WAIT_USER_CONFIRM
0.996000,0.554499,-0.000000,0.264962,0.000000,0.000000,0.000000,-8.380134,WAIT_USER_CONFIRM
0.998000,0.554499,-0.000000,0.264962,0.000000,0.000000,0.000000,-8.380134,WAIT_USER_CONFIRM
1.000000,0.554499,-0.000000,0.264962,0.000000,0.000000,0.000000,-8.380134,WAIT_USER_CONFIRM
1.002000,0.554499,-0.000000,0.264962,0.000000,0.000000,0.000000,-8.380134,WAIT_USER_CONFIRM
1.004000,0.554499,-0.000000,0.264962,0.000000,0.000000,0.000000,-8.380134,WAIT_USER_CONFIRM
1.006000,0.554499,-0.000000,0.264962,0.000000,0.000000,0.000000,-8.380134,WAIT_USER_CONFIRM
1.008000,0.554499,-0.000000,0.264962,0.000000,0.000000,0.000000,-8.380134,WAIT_USER_CONFIRM
1.010000,0.554499,-0.000000,0.264962,0.000000,0.000000,0.000000,-8.380134,WAIT_USER_CONFIRM
1.012000,0.554499,-0.000000,0.264962,0.000000,0.000000,0.000000,-8.380134,WAIT_USER_CONFIRM
1.014000,0.554499,-0.000000,0.264962,0.000000,0.000000,0.000000,-8.380134,WAIT_USER_CONFIRM
1.016000,0.554499,-0.000000,0.264962,0.000000,0.000000,0.000000,-8.380134,WAIT_USER_CONFIRM
1.018000,0.554499,-0.000000,0.264962,0.000000,0.000000,0.000000,-8.380134,WAIT_USER_CONFIRM
1.020000,0.554499,-0.000000,0.264962,0.000000,0.000000,0.000000,-8.380134,WAIT_USER_CONFIRM
1.022000,0.554499,-0.000000,0.264962,0.000000,0.000000,0.000000,-8.380134,WAIT_USER_CONFIRM
1.024000,0.554499,-0.000000,0.264962,0.000000,0.000000,0.000000,-8.380134,WAIT_USER_CONFIRM
1.026000,0.554499,-0.000000,0.264962,0.000000,0.000000,0.000000,-8.380134,WAIT_USER_CONFIRM
1.028000,0.554499,-0.000000,0.264962,0.000000,0.000000,0.000000,-8.380134,WAIT_USER_CONFIRM
1.030000,0.554499,-0.000000,0.264962,0.000000,0.000000,0.000000,-8.380134,WAIT_USER_CONFIRM
1.032000,0.554499,-0.000000,0.264962,0.000000,0.000000,0.000000,-8.380134,WAIT_USER_CONFIRM
1.034000,0.554499,-0.000000,0.264962,0.000000,0.000000,0.000000,-8.380134,WAIT_USER_CONFIRM
1.036000,0.554499,-0.000000,0.264962,0.000000,0.000000,0.000000,-8.380134,WAIT_USER_CONFIRM
1.038000,0.554499,-0.000000,0.264962,0.000000,0.000000,0.000000,-8.380134,WAIT_USER_CONFIRM
1.040000,0.554499,-0.000000,0.264962,0.000000,0.000000,0.000000,-8.380134,WAIT_USER_CONFIRM
1.042000,0.554499,-0.000000,0.264962,0.000000,0.000000,0.000000,-8.380134,WAIT_USER_CONFIRM
1.044000,0.554499,-0.000000,0.264962,0.000000,0.000000,0.000000,-8.380134,WAIT_USER_CONFIRM
1.046000,0.554499,-0.000000,0.264962,0.000000,0.000000,0.000000,-8.380134,WAIT_USER_CONFIRM
1.048000,0.554499,-0.000000,0.264962,0.000000,0.000000,0.000000,-8.380134,WAIT_USER_CONFIRM
1.050000,0.554499,-0.000000,0.264962,0.000000,0.000000,0.000000,-8.380134,WAIT_USER_CONFIRM
1.052000,0.554499,-0.000000,0.264962,0.000000,0.000000,0.000000,-8.380134,WAIT_USER_CONFIRM
1.054000,0.554499,-0.000000,0.264962,0.000000,0.000000,0.000000,-8.380134,WAIT_USER_CONFIRM
1.056000,0.554499,-0.000000,0.264962,0.000000,0.000000,0.000000,-8.380134,WAIT_USER_CONFIRM
1.058000,0.554499,-0.000000,0.264962,0.000000,0.000000,0.000000,-8.380134,WAIT_USER_CONFIRM
1.060000,0.554499,-0.000000,0.264962,0.000000,0.000000,0.000000,-8.380134,WAIT_USER_CONFIRM
1.062000,0.554499,-0.000000,0.264962,0.000000,0.000000,0.000000,-8.380134,WAIT_USER_CONFIRM
1.064000,0.554499,-0.000000,0.264962,0.000000,0.000000,0.000000,-8.380134,WAIT_USER_CONFIRM
1.066000,0.554499,-0.000000,0.264962,0.000000,0.000000,0.000000,-8.380134,WAIT_USER_CONFIRM
1.068000,0.554499,-0.000000,0.264962,0.000000,0.000000,0.000000,-8.380134,WAIT_USER_CONFIRM
1.070000,0.554499,-0.000000,0.264962,0.000000,0.000000,0.000000,-8.380134,WAIT_USER_CONFIRM
1.072000,0.554499,-0.000000,0.264962,0.000000,0.000000,0.000000,-8.380134,WAIT_USER_CONFIRM
1.074000,0.554499,-0.000000,0.264962,0.000000,0.000000,0.000000,-8.380134,WAIT_USER_CONFIRM
1.076000,0.554499,-0.000000,0.264962,0.000000,0.000000,0.000000,-8.380134,WAIT_USER_CONFIRM
1.078000,0.554499,-0.000000,0.264962,0.000000,0.000000,0.000000,-8.380134,WAIT_USER_CONFIRM
1.080000,0.554499,-0.000000,0.264962,0.000000,0.000000,0.000000,-8.380134,WAIT_USER_CONFIRM
1.082000,0.554499,-0.000000,0.264962,0.000000,0.000000,0.000000,-8.380134,WAIT_USER_CONFIRM
1.084000,0.554499,-0.000000,0.264962,0.000000,0.000000,0.000000,-8.380134,WAIT_USER_CONFIRM
1.086000,0.554499,-0.000000,0.264962,0.000000,0.000000,0.000000,-8.380134,WAIT_USER_CONFIRM
1.088000,0.554499,-0.000000,0.264962,0.000000,0.000000,0.000000,-8.380134,WAIT_USER_CONFIRM
1.090000,0.554499,-0.000000,0.264962,0.000000,0.000000,0.000000,-8.380134,WAIT_USER_CONFIRM
1.092000,0.554499,-0.000000,0.264962,0.000000,0.000000,0.000000,-8.380134,WAIT_USER_CONFIRM
1.094000,0.554499,-0.000000,0.264962,0.000000,0.000000,0.000000,-8.380134,WAIT_USER_CONFIRM
1.096000,0.554499,-0.000000,0.264962,0.000000,0.000000,0.000000,-8.380134,WAIT_USER_CONFIRM
1.098000,0.554499,-0.000000,0.264962,0.000000,0.000000,0.000000,-8.380134,WAIT_USER_CONFIRM
1.100000,0.554499,-0.000000,0.264962,0.000000,0.000000,0.000000,-8.380134,WAIT_USER_CONFIRM
1.102000,0.554499,-0.000000,0.264962,0.000000,0.000000,0.000000,-8.380134,WAIT_USER_CONFIRM
1.104000,0.554499,-0.000000,0.264962,0.000000,0.000000,0.000000,-8.380134,WAIT_USER_CONFIRM
1.106000,0.554499,-0.000000,0.264962,0.000000,0.000000,0.000000,-8.380134,WAIT_USER_CONFIRM
1.108000,0.554499,-0.000000,0.264962,0.000000,0.000000,0.000000,-8.380134,WAIT_USER_CONFIRM
1.110000,0.554499,-0.000000,0.264962,0.000000,0.000000,0.000000,-8.380134,WAIT_USER_CONFIRM
1.112000,0.554499,-0.000000,0.264962,0.000000,0.000000,0.000000,-8.380134,WAIT_USER_CONFIRM
1.114000,0.554499,-0.000000,0.264962,0.000000,0.000000,0.000000,-8.380134,WAIT_USER_CONFIRM
1.116000,0.554499,-0.000000,0.264962,0.000000,0.000000,0.000000,-8.380134,WAIT_USER_CONFIRM
1.118000,0.554499,-0.000000,0.264962,0.000000,0.000000,0.000000,-8.380134,WAIT_USER_CONFIRM
1.120000,0.554499,-0.000000,0.264962,0.000000,0.000000,0.000000,-8.380134,WAIT_USER_CONFIRM
1.122000,0.554499,-0.000000,0.264962,0.000000,0.000000,0.000000,-8.380134,WAIT_USER_CONFIRM
1.124000,0.554499,-0.000000,0.264962,0.000000,0.000000,0.000000,-8.380134,WAIT_USER_CONFIRM
1.126000,0.554499,-0.000000,0.264962,0.000000,0.000000,0.000000,-8.380134,WAIT_USER_CONFIRM
1.128000,0.554499,-0.000000,0.264962,0.000000,0.000000,0.000000,-8.380134,WAIT_USER_CONFIRM
1.130000,0.554499,-0.000000,0.264962,0.000000,0.000000,0.000000,-8.380134,WAIT_USER_CONFIRM
1.132000,0.554499,-0.000000,0.264962,0.000000,0.000000,0.000000,-8.380134,WAIT_USER_CONFIRM
1.134000,0.554499,-0.000000,0.264962,0.000000,0.000000,0.000000,-8.380134,WAIT_USER_CONFIRM
1.136000,0.554499,-0.000000,0.264962,0.000000,0.000000,0.000000,-8.380134,WAIT_USER_CONFIRM
1.138000,0.554499,-0.000000,0.264962,0.000000,0.000000,0.000000,-8.380134,WAIT_USER_CONFIRM
1.140000,0.554499,-0.000000,0.264962,0.000000,0.000000,0.000000,-8.380134,WAIT_USER_CONFIRM
1.142000,0.554499,-0.000000,0.264962,0.000000,0.000000,0.000000,-8.380134,WAIT_USER_CONFIRM
1.144000,0.554499,-0.000000,0.264962,0.000000,0.000000,0.000000,-8.380134,WAIT_USER_CONFIRM
1.146000,0.554499,-0.000000,0.264962,0.000000,0.000000,0.000000,-8.380134,WAIT_USER_CONFIRM
1.148000,0.554499,-0.000000,0.264962,0.000000,0.000000,0.000000,-8.380134,WAIT_USER_CONFIRM
1.150000,0.554499,-0.000000,0.264962,0.000000,0.000000,0.000000,-8.380134,WAIT_USER_CONFIRM
1.152000,0.554499,-0.000000,0.264962,0.000000,0.000000,0.000000,-8.380134,WAIT_USER_CONFIRM
1.154000,0.554499,-0.000000,0.264962,0.000000,0.000000,0.000000,-8.380134,WAIT_USER_CONFIRM
1.156000,0.554499,-0.000000,0.264962,0.000000,0.000000,0.000000,-8.380134,WAIT_USER_CONFIRM
1.158000,0.554499,-0.000000,0.264962,0.000000,0.000000,0.000000,-8.380134,WAIT_USER_CONFIRM
1.160000,0.554499,-0.000000,0.264962,0.000000,0.000000,0.000000,-8.380134,WAIT_USER_CONFIRM
1.162000,0.554499,-0.000000,0.264962,0.000000,0.000000,0.000000,-8.380134,WAIT_USER_CONFIRM
1.164000,0.554499,-0.000000,0.264962,0.000000,0.000000,0.000000,-8.380134,WAIT_USER_CONFIRM
1.166000,0.554499,-0.000000,0.264962,0.000000,0.000000,0.000000,-8.380134,WAIT_USER_CONFIRM
1.168000,0.554499,-0.000000,0.264962,0.000000,0.000000,0.000000,-8.380134,WAIT_USER_CONFIRM
1.170000,0.554499,-0.000000,0.264962,0.000000,0.000000,0.000000,-8.380134,WAIT_USER_CONFIRM
1.172000,0.554499,-0.000000,0.264962,0.000000,0.000000,0.000000,-8.380134,WAIT_USER_CONFIRM
1.174000,0.554499,-0.000000,0.264962,0.000000,0.000000,0.000000,-8.380134,WAIT_USER_CONFIRM
1.176000,0.554499,-0.000000,0.264962,0.000000,0.000000,0.000000,-8.380134,WAIT_USER_CONFIRM
1.178000,0.554499,-0.000000,0.264962,0.000000,0.000000,0.000000,-8.380134,WAIT_USER_CONFIRM
1.180000,0.554499,-0.000000,0.264962,0.000000,0.000000,0.000000,-8.380134,WAIT_USER_CONFIRM
1.182000,0.554499,-0.000000,0.264962,0.000000,0.000000,0.000000,-8.380134,WAIT_USER_CONFIRM
1.184000,0.554499,-0.000000,0.264962,0.000000,0.000000,0.000000,-8.380134,WAIT_USER_CONFIRM
1.186000,0.554499,-0.000000,0.264962,0.000000,0.000000,0.000000,-8.380134,WAIT_USER_CONFIRM
1.188000,0.554499,-0.000000,0.264962,0.000000,0.000000,0.000000,-8.380134,WAIT_USER_CONFIRM
1.190000,0.554499,-0.000000,0.264962,0.000000,0.000000,0.000000,-8.380134,WAIT_USER_CONFIRM
1.192000,0.554499,-0.000000,0.264962,0.000000,0.000000,0.000000,-8.380134,WAIT_USER_CONFIRM
1.194000,0.554499,-0.000000,0.264962,0.000000,0.000000,0.000000,-8.380134,WAIT_USER_CONFIRM
1.196000,0.554499,-0.000000,0.264962,0.000000,0.000000,0.000000,-8.380134,WAIT_USER_CONFIRM
1.198000,0.554499,-0.000000,0.264962,0.000000,0.000000,0.000000,-8.380134,WAIT_USER_CONFIRM
1.200000,0.554499,-0.000000,0.264962,0.000000,0.000000,0.000000,-8.380134,WAIT_USER_CONFIRM
1.202000,0.554499,-0.000000,0.264962,0.000000,0.000000,0.000000,-8.380134,WAIT_USER_CONFIRM
1.204000,0.554499,-0.000000,0.264962,0.000000,0.000000,0.000000,-8.380134,WAIT_USER_CONFIRM
1.206000,0.554499,-0.000000,0.264962,0.000000,0.000000,0.000000,-8.380134,WAIT_USER_CONFIRM
1.208000,0.554499,-0.000000,0.264962,0.000000,0.000000,0.000000,-8.380134,WAIT_USER_CONFIRM
1.210000,0.554499,-0.000000,0.264962,0.000000,0.000000,0.000000,-8.380134,WAIT_USER_CONFIRM
1.212000,0.554499,-0.000000,0.264962,0.000000,0.000000,0.000000,-8.380134,WAIT_USER_CONFIRM
1.214000,0.554499,-0.000000,0.264962,0.000000,0.000000,0.000000,-8.380134,WAIT_USER_CONFIRM
1.216000,0.554499,-0.000000,0.264962,0.000000,0.000000,0.000000,-8.380134,WAIT_USER_CONFIRM
1.218000,0.554499,-0.000000,0.264962,0.000000,0.000000,0.000000,-8.380134,WAIT_USER_CONFIRM
1.220000,0.554499,-0.000000,0.264962,0.000000,0.000000,0.000000,-8.380134,WAIT_USER_CONFIRM
1.222000,0.554499,-0.000000,0.264962,0.000000,0.000000,0.000000,-8.380134,WAIT_USER_CONFIRM
1.224000,0.554499,-0.000000,0.264962,0.000000,0.000000,0.000000,-8.380134,WAIT_USER_CONFIRM
1.226000,0.554499,-0.000000,0.264962,0.000000,0.000000,0.000000,-8.380134,WAIT_USER_CONFIRM
1.228000,0.554499,-0.000000,0.264962,0.000000,0.000000,0.000000,-8.380134,WAIT_USER_CONFIRM
1.230000,0.554499,-0.000000,0.264962,0.000000,0.000000,0.000000,-8.380134,WAIT_USER_CONFIRM
1.232000,0.554499,-0.000000,0.264962,0.000000,0.000000,0.000000,-8.380134,WAIT_USER_CONFIRM
1.234000,0.554499,-0.000000,0.264962,0.000000,0.000000,0.000000,-8.380134,WAIT_USER_CONFIRM
1.236000,0.554499,-0.000000,0.264962,0.000000,0.000000,0.000000,-8.380134,WAIT_USER_CONFIRM
1.238000,0.554499,-0.000000,0.264962,0.000000,0.000000,0.000000,-8.380134,WAIT_USER_CONFIRM
1.240000,0.554499,-0.000000,0.264962,0.000000,0.000000,0.000000,-8.380134,WAIT_USER_CONFIRM
1.242000,0.554499,-0.000000,0.264962,0.000000,0.000000,0.000000,-8.380134,WAIT_USER_CONFIRM
1.244000,0.554499,-0.000000,0.264962,0.000000,0.000000,0.000000,-8.380134,WAIT_USER_CONFIRM
1.246000,0.554499,-0.000000,0.264962,0.000000,0.000000,0.000000,-8.380134,WAIT_USER_CONFIRM
1.248000,0.554499,-0.000000,0.264962,0.000000,0.000000,0.000000,-8.380134,WAIT_USER_CONFIRM
1.250000,0.554499,-0.000000,0.264962,0.000000,0.000000,0.000000,-8.380134,WAIT_USER_CONFIRM
1.252000,0.554499,-0.000000,0.264962,0.000000,0.000000,0.000000,-8.380134,WAIT_USER_CONFIRM
1.254000,0.554499,-0.000000,0.264962,0.000000,0.000000,0.000000,-8.380134,WAIT_USER_CONFIRM
1.256000,0.554499,-0.000000,0.264962,0.000000,0.000000,0.000000,-8.380134,WAIT_USER_CONFIRM
1.258000,0.554499,-0.000000,0.264962,0.000000,0.000000,0.000000,-8.380134,WAIT_USER_CONFIRM
1.260000,0.554499,-0.000000,0.264962,0.000000,0.000000,0.000000,-8.380134,WAIT_USER_CONFIRM
1.262000,0.554499,-0.000000,0.264962,0.000000,0.000000,0.000000,-8.380134,WAIT_USER_CONFIRM
1.264000,0.554499,-0.000000,0.264962,0.000000,0.000000,0.000000,-8.380134,WAIT_USER_CONFIRM
1.266000,0.554499,-0.000000,0.264962,0.000000,0.000000,0.000000,-8.380134,WAIT_USER_CONFIRM
1.268000,0.554499,-0.000000,0.264962,0.000000,0.000000,0.000000,-8.380134,WAIT_USER_CONFIRM
1.270000,0.554499,-0.000000,0.264962,0.000000,0.000000,0.000000,-8.380134,WAIT_USER_CONFIRM
1.272000,0.554499,-0.000000,0.264962,0.000000,0.000000,0.000000,-8.380134,WAIT_USER_CONFIRM
1.274000,0.554499,-0.000000,0.264962,0.000000,0.000000,0.000000,-8.380134,WAIT_USER_CONFIRM
1.276000,0.554499,-0.000000,0.264962,0.000000,0.000000,0.000000,-8.380134,WAIT_USER_CONFIRM
1.278000,0.554499,-0.000000,0.264962,0.000000,0.000000,0.000000,-8.380134,WAIT_USER_CONFIRM
1.280000,0.554499,-0.000000,0.264962,0.000000,0.000000,0.000000,-8.380134,WAIT_USER_CONFIRM
1.282000,0.554499,-0.000000,0.264962,0.000000,0.000000,0.000000,-8.380134,WAIT_USER_CONFIRM
1.284000,0.554499,-0.000000,0.264962,0.000000,0.000000,0.000000,-8.380134,WAIT_USER_CONFIRM
1.286000,0.554499,-0.000000,0.264962,0.000000,0.000000,0.000000,-8.380134,WAIT_USER_CONFIRM
1.288000,0.554499,-0.000000,0.264962,0.000000,0.000000,0.000000,-8.380134,WAIT_USER_CONFIRM
1.290000,0.554499,-0.000000,0.264962,0.000000,0.000000,0.000000,-8.380134,WAIT_USER_CONFIRM
1.292000,0.554499,-0.000000,0.264962,0.000000,0.000000,0.000000,-8.380134,WAIT_USER_CONFIRM
1.294000,0.554499,-0.000000,0.264962,0.000000,0.000000,0.000000,-8.380134,WAIT_USER_CONFIRM
1.296000,0.554499,-0.000000,0.264962,0.000000,0.000000,0.000000,-8.380134,WAIT_USER_CONFIRM
1.298000,0.554499,-0.000000,0.264962,0.000000,0.000000,0.000000,-8.380134,WAIT_USER_CONFIRM
1.300000,0.554499,-0.000000,0.264962,0.000000,0.000000,0.000000,-8.380134,WAIT_USER_CONFIRM
1.302000,0.554499,-0.000000,0.264962,0.000000,0.000000,0.000000,-8.380134,WAIT_USER_CONFIRM
1.304000,0.554499,-0.000000,0.264962,0.000000,0.000000,0.000000,-8.380134,WAIT_USER_CONFIRM
1.306000,0.554499,-0.000000,0.264962,0.000000,0.000000,0.000000,-8.380134,WAIT_USER_CONFIRM
1.308000,0.554499,-0.000000,0.264962,0.000000,0.000000,0.000000,-8.380134,WAIT_USER_CONFIRM
1.310000,0.554499,-0.000000,0.264962,0.000000,0.000000,0.000000,-8.380134,WAIT_USER_CONFIRM
1.312000,0.554499,-0.000000,0.264962,0.000000,0.000000,0.000000,-8.380134,WAIT_USER_CONFIRM
1.314000,0.554499,-0.000000,0.264962,0.000000,0.000000,0.000000,-8.380134,WAIT_USER_CONFIRM
1.316000,0.554499,-0.000000,0.264962,0.000000,0.000000,0.000000,-8.380134,WAIT_USER_CONFIRM
1.318000,0.554499,-0.000000,0.264962,0.000000,0.000000,0.000000,-8.380134,WAIT_USER_CONFIRM
1.320000,0.554499,-0.000000,0.264962,0.000000,0.000000,0.000000,-8.380134,WAIT_USER_CONFIRM
1.322000,0.554499,-0.000000,0.264962,0.000000,0.000000,0.000000,-8.380134,WAIT_USER_CONFIRM
1.324000,0.554499,-0.000000,0.264962,0.000000,0.000000,0.000000,-8.380134,WAIT_USER_CONFIRM
1.326000,0.554499,-0.000000,0.264962,0.000000,0.000000,0.000000,-8.380134,WAIT_USER_CONFIRM
1.328000,0.554499,-0.000000,0.264962,0.000000,0.000000,0.000000,-8.380134,WAIT_USER_CONFIRM
1.330000,0.554499,-0.000000,0.264962,0.000000,0.000000,0.000000,-8.380134,WAIT_USER_CONFIRM
1.332000,0.554499,-0.000000,0.264962,0.000000,0.000000,0.000000,-8.380134,WAIT_USER_CONFIRM
1.334000,0.554499,-0.000000,0.264962,0.000000,0.000000,0.000000,-8.380134,WAIT_USER_CONFIRM
1.336000,0.554499,-0.000000,0.264962,0.000000,0.000000,0.000000,-8.380134,WAIT_USER_CONFIRM
1.338000,0.554499,-0.000000,0.264962,0.000000,0.000000,0.000000,-8.380134,WAIT_USER_CONFIRM
1.340000,0.554499,-0.000000,0.264962,0.000000,0.000000,0.000000,-8.380134,WAIT_USER_CONFIRM
1.342000,0.554499,-0.000000,0.264962,0.000000,0.000000,0.000000,-8.380134,WAIT_USER_CONFIRM
1.344000,0.554499,-0.000000,0.264962,0.000000,0.000000,0.000000,-8.380134,WAIT_USER_CONFIRM
1.346000,0.554499,-0.000000,0.264962,0.000000,0.000000,0.000000,-8.380134,WAIT_USER_CONFIRM
1.348000,0.554499,-0.000000,0.264962,0.000000,0.000000,0.000000,-8.380134,WAIT_USER_CONFIRM
1.350000,0.554499,-0.000000,0.264962,0.000000,0.000000,0.000000,-8.380134,WAIT_USER_CONFIRM
1.352000,0.554499,-0.000000,0.264962,0.000000,0.000000,0.000000,-8.380134,WAIT_USER_CONFIRM
1.354000,0.554499,-0.000000,0.264962,0.000000,0.000000,0.000000,-8.380134,WAIT_USER_CONFIRM
1.356000,0.554499,-0.000000,0.264962,0.000000,0.000000,0.000000,-8.380134,WAIT_USER_CONFIRM
1.358000,0.554499,-0.000000,0.264962,0.000000,0.000000,0.000000,-8.380134,WAIT_USER_CONFIRM
1.360000,0.554499,-0.000000,0.264962,0.000000,0.000000,0.000000,-8.380134,WAIT_USER_CONFIRM
1.362000,0.554499,-0.000000,0.264962,0.000000,0.000000,0.000000,-8.380134,WAIT_USER_CONFIRM
1.364000,0.554499,-0.000000,0.264962,0.000000,0.000000,0.000000,-8.380134,WAIT_USER_CONFIRM
1.366000,0.554499,-0.000000,0.264962,0.000000,0.000000,0.000000,-8.380134,WAIT_USER_CONFIRM
1.368000,0.554499,-0.000000,0.264962,0.000000,0.000000,0.000000,-8.380134,WAIT_USER_CONFIRM
1.370000,0.554499,-0.000000,0.264962,0.000000,0.000000,0.000000,-8.380134,WAIT_USER_CONFIRM
1.372000,0.554499,-0.000000,0.264962,0.000000,0.000000,0.000000,-8.380134,WAIT_USER_CONFIRM
1.374000,0.554499,-0.000000,0.264962,0.000000,0.000000,0.000000,-8.380134,WAIT_USER_CONFIRM
1.376000,0.554499,-0.000000,0.264962,0.000000,0.000000,0.000000,-8.380134,WAIT_USER_CONFIRM
1.378000,0.554499,-0.000000,0.264962,0.000000,0.000000,0.000000,-8.380134,WAIT_USER_CONFIRM
1.380000,0.554499,-0.000000,0.264962,0.000000,0.000000,0.000000,-8.380134,WAIT_USER_CONFIRM
1.382000,0.554499,-0.000000,0.264962,0.000000,0.000000,0.000000,-8.380134,WAIT_USER_CONFIRM
1.384000,0.554499,-0.000000,0.264962,0.000000,0.000000,0.000000,-8.380134,WAIT_USER_CONFIRM
1.386000,0.554499,-0.000000,0.264962,0.000000,0.000000,0.000000,-8.380134,WAIT_USER_CONFIRM
1.388000,0.554499,-0.000000,0.264962,0.000000,0.000000,0.000000,-8.380134,WAIT_USER_CONFIRM
1.390000,0.554499,-0.000000,0.264962,0.000000,0.000000,0.000000,-8.380134,WAIT_USER_CONFIRM
1.392000,0.554499,-0.000000,0.264962,0.000000,0.000000,0.000000,-8.380134,WAIT_USER_CONFIRM
1.394000,0.554499,-0.000000,0.264962,0.000000,0.000000,0.000000,-8.380134,WAIT_USER_CONFIRM
1.396000,0.554499,-0.000000,0.264962,0.000000,0.000000,0.000000,-8.380134,WAIT_USER_CONFIRM
1.398000,0.554499,-0.000000,0.264962,0.000000,0.000000,0.000000,-8.380134,WAIT_USER_CONFIRM
1.400000,0.554499,-0.000000,0.264962,0.000000,0.000000,0.000000,-8.380134,WAIT_USER_CONFIRM
1.402000,0.554499,-0.000000,0.264962,0.000000,0.000000,0.000000,-8.380134,WAIT_USER_CONFIRM
1.404000,0.554499,-0.000000,0.264962,0.000000,0.000000,0.000000,-8.380134,WAIT_USER_CONFIRM
1.406000,0.554499,-0.000000,0.264962,0.000000,0.000000,0.000000,-8.380134,WAIT_USER_CONFIRM
1.408000,0.554499,-0.000000,0.264962,0.000000,0.000000,0.000000,-8.380134,WAIT_USER_CONFIRM
1.410000,0.554499,-0.000000,0.264962,0.000000,0.000000,0.000000,-8.380134,WAIT_USER_CONFIRM
1.412000,0.554499,-0.000000,0.264962,0.000000,0.000000,0.000000,-8.380134,WAIT_USER_CONFIRM
1.414000,0.554499,-0.000000,0.264962,0.000000,0.000000,0.000000,-8.380134,WAIT_USER_CONFIRM
1.416000,0.554499,-0.000000,0.264962,0.000000,0.000000,0.000000,-8.380134,WAIT_USER_CONFIRM
1.418000,0.554499,-0.000000,0.264962,0.000000,0.000000,0.000000,-8.380134,WAIT_USER_CONFIRM
1.420000,0.554499,-0.000000,0.264962,0.000000,0.000000,0.000000,-8.380134,WAIT_USER_CONFIRM
1.422000,0.554499,-0.000000,0.264962,0.000000,0.000000,0.000000,-8.380134,WAIT_USER_CONFIRM
1.424000,0.554499,-0.000000,0.264962,0.000000,0.000000,0.000000,-8.380134,WAIT_USER_CONFIRM
1.426000,0.554499,-0.000000,0.264962,0.000000,0.000000,0.000000,-8.380134,WAIT_USER_CONFIRM
1.428000,0.554499,-0.000000,0.264962,0.000000,0.000000,0.000000,-8.380134,WAIT_USER_CONFIRM
1.430000,0.554499,-0.000000,0.264962,0.000000,0.000000,0.000000,-8.380134,WAIT_USER_CONFIRM
1.432000,0.554499,-0.000000,0.264962,0.000000,0.000000,0.000000,-8.380134,WAIT_USER_CONFIRM
1.434000,0.554499,-0.000000,0.264962,0.000000,0.000000,0.000000,-8.380134,WAIT_USER_CONFIRM
1.436000,0.554499,-0.000000,0.264962,0.000000,0.000000,0.000000,-8.380134,WAIT_USER_CONFIRM
1.438000,0.554499,-0.000000,0.264962,0.000000,0.000000,0.000000,-8.380134,WAIT_USER_CONFIRM
1.440000,0.554499,-0.000000,0.264962,0.000000,0.000000,0.000000,-8.380134,WAIT_USER_CONFIRM
1.442000,0.554499,-0.000000,0.264962,0.000000,0.000000,0.000000,-8.380134,WAIT_USER_CONFIRM
1.444000,0.554499,-0.000000,0.264962,0.000000,0.000000,0.000000,-8.380134,WAIT_USER_CONFIRM
1.446000,0.554499,-0.000000,0.264962,0.000000,0.000000,0.000000,-8.380134,WAIT_USER_CONFIRM
1.448000,0.554499,-0.000000,0.264962,0.000000,0.000000,0.000000,-8.380134,WAIT_USER_CONFIRM
1.450000,0.554499,-0.000000,0.264962,0.000000,0.000000,0.000000,-8.380134,WAIT_USER_CONFIRM
1.452000,0.554499,-0.000000,0.264962,0.000000,0.000000,0.000000,-8.380134,WAIT_USER_CONFIRM
1.454000,0.554499,-0.000000,0.264962,0.000000,0.000000,0.000000,-8.380134,WAIT_USER_CONFIRM
1.456000,0.554499,-0.000000,0.264962,0.000000,0.000000,0.000000,-8.380134,WAIT_USER_CONFIRM
1.458000,0.554499,-0.000000,0.264962,0.000000,0.000000,0.000000,-8.380134,WAIT_USER_CONFIRM
1.460000,0.554499,-0.000000,0.264962,0.000000,0.000000,0.000000,-8.380134,WAIT_USER_CONFIRM
1.462000,0.554499,-0.000000,0.264962,0.000000,0.000000,0.000000,-8.380134,WAIT_USER_CONFIRM
1.464000,0.554499,-0.000000,0.264962,0.000000,0.000000,0.000000,-8.380134,WAIT_USER_CONFIRM
1.466000,0.554499,-0.000000,0.264962,0.000000,0.000000,0.000000,-8.380134,WAIT_USER_CONFIRM
1.468000,0.554499,-0.000000,0.264962,0.000000,0.000000,0.000000,-8.380134,WAIT_USER_CONFIRM
1.470000,0.554499,-0.000000,0.264962,0.000000,0.000000,0.000000,-8.380134,WAIT_USER_CONFIRM
1.472000,0.554499,-0.000000,0.264962,0.000000,0.000000,0.000000,-8.380134,WAIT_USER_CONFIRM
1.474000,0.554499,-0.000000,0.264962,0.000000,0.000000,0.000000,-8.380134,WAIT_USER_CONFIRM
1.476000,0.554499,-0.000000,0.264962,0.000000,0.000000,0.000000,-8.380134,WAIT_USER_CONFIRM
1.478000,0.554499,-0.000000,0.264962,0.000000,0.000000,0.000000,-8.380134,WAIT_USER_CONFIRM
1.480000,0.554499,-0.000000,0.264962,0.000000,0.000000,0.000000,-8.380134,WAIT_USER_CONFIRM
1.482000,0.554499,-0.000000,0.264962,0.000000,0.000000,0.000000,-8.380134,WAIT_USER_CONFIRM
1.484000,0.554499,-0.000000,0.264962,0.000000,0.000000,0.000000,-8.380134,WAIT_USER_CONFIRM
1.486000,0.554499,-0.000000,0.264962,0.000000,0.000000,0.000000,-8.380134,WAIT_USER_CONFIRM
1.488000,0.554499,-0.000000,0.264962,0.000000,0.000000,0.000000,-8.380134,WAIT_USER_CONFIRM
1.490000,0.554499,-0.000000,0.264962,0.000000,0.000000,0.000000,-8.380134,WAIT_USER_CONFIRM
1.492000,0.554499,-0.000000,0.264962,0.000000,0.000000,0.000000,-8.380134,WAIT_USER_CONFIRM
1.494000,0.554499,-0.000000,0.264962,0.000000,0.000000,0.000000,-8.380134,WAIT_USER_CONFIRM
1.496000,0.554499,-0.000000,0.264962,0.000000,0.000000,0.000000,-8.380134,WAIT_USER_CONFIRM
1.498000,0.554499,-0.000000,0.264962,0.000000,0.000000,0.000000,-8.380134,WAIT_USER_CONFIRM
1.500000,0.554499,-0.000000,0.264962,0.000000,0.000000,0.000000,-8.380134,WAIT_USER_CONFIRM
1.502000,0.554499,-0.000000,0.264962,0.000000,0.000000,0.000000,-8.380134,WAIT_USER_CONFIRM
1.504000,0.554499,-0.000000,0.264962,0.000000,0.000000,0.000000,-8.380134,WAIT_USER_CONFIRM
1.506000,0.554499,-0.000000,0.264962,0.000000,0.000000,0.000000,-8.380134,WAIT_USER_CONFIRM
1.508000,0.554499,-0.000000,0.264962,0.000000,0.000000,0.000000,-8.380134,WAIT_USER_CONFIRM
1.510000,0.554499,-0.000000,0.264962,0.000000,0.000000,0.000000,-8.380134,WAIT_USER_CONFIRM
1.512000,0.554499,-0.000000,0.264962,0.000000,0.000000,0.000000,-8.380134,WAIT_USER_CONFIRM
1.514000,0.554499,-0.000000,0.264962,0.000000,0.000000,0.000000,-8.380134,WAIT_USER_CONFIRM
1.516000,0.554499,-0.000000,0.264962,0.000000,0.000000,0.000000,-8.380134,WAIT_USER_CONFIRM
1.518000,0.554499,-0.000000,0.264962,0.000000,0.000000,0.000000,-8.380134,WAIT_USER_CONFIRM
1.520000,0.554499,-0.000000,0.264962,0.000000,0.000000,0.000000,-8.380134,WAIT_USER_CONFIRM
1.522000,0.554499,-0.000000,0.264962,0.000000,0.000000,0.000000,-8.380134,WAIT_USER_CONFIRM
1.524000,0.554499,-0.000000,0.264962,0.000000,0.000000,0.000000,-8.380134,WAIT_USER_CONFIRM
1.526000,0.554499,-0.000000,0.264962,0.000000,0.000000,0.000000,-8.380134,WAIT_USER_CONFIRM
1.528000,0.554499,-0.000000,0.264962,0.000000,0.000000,0.000000,-8.380134,WAIT_USER_CONFIRM
1.530000,0.554499,-0.000000,0.264962,0.000000,0.000000,0.000000,-8.380134,WAIT_USER_CONFIRM
1.532000,0.554499,-0.000000,0.264962,0.000000,0.000000,0.000000,-8.380134,WAIT_USER_CONFIRM
1.534000,0.554499,-0.000000,0.264962,0.000000,0.000000,0.000000,-8.380134,WAIT_USER_CONFIRM
1.536000,0.554499,-0.000000,0.264962,0.000000,0.000000,0.000000,-8.380134,WAIT_USER_CONFIRM
1.538000,0.554499,-0.000000,0.264962,0.000000,0.000000,0.000000,-8.380134,WAIT_USER_CONFIRM
1.540000,0.554499,-0.000000,0.264962,0.000000,0.000000,0.000000,-8.380134,WAIT_USER_CONFIRM
1.542000,0.554499,-0.000000,0.264962,0.000000,0.000000,0.000000,-8.380134,WAIT_USER_CONFIRM
1.544000,0.554499,-0.000000,0.264962,0.000000,0.000000,0.000000,-8.380134,WAIT_USER_CONFIRM
1.546000,0.554499,-0.000000,0.264962,0.000000,0.000000,0.000000,-8.380134,WAIT_USER_CONFIRM
1.548000,0.554499,-0.000000,0.264962,0.000000,0.000000,0.000000,-8.380134,WAIT_USER_CONFIRM
1.550000,0.554499,-0.000000,0.264962,0.000000,0.000000,0.000000,-8.380134,WAIT_USER_CONFIRM
1.552000,0.554499,-0.000000,0.264962,0.000000,0.000000,0.000000,-8.380134,WAIT_USER_CONFIRM
1.554000,0.554499,-0.000000,0.264962,0.000000,0.000000,0.000000,-8.380134,WAIT_USER_CONFIRM
1.556000,0.554499,-0.000000,0.264962,0.000000,0.000000,0.000000,-8.380134,WAIT_USER_CONFIRM
1.558000,0.554499,-0.000000,0.264962,0.000000,0.000000,0.000000,-8.380134,WAIT_USER_CONFIRM
1.560000,0.554499,-0.000000,0.264962,0.000000,0.000000,0.000000,-8.380134,WAIT_USER_CONFIRM
1.562000,0.554499,-0.000000,0.264962,0.000000,0.000000,0.000000,-8.380134,WAIT_USER_CONFIRM
1.564000,0.554499,-0.000000,0.264962,0.000000,0.000000,0.000000,-8.380134,WAIT_USER_CONFIRM
1.566000,0.554499,-0.000000,0.264962,0.000000,0.000000,0.000000,-8.380134,WAIT_USER_CONFIRM
1.568000,0.554499,-0.000000,0.264962,0.000000,0.000000,0.000000,-8.380134,WAIT_USER_CONFIRM
1.570000,0.554499,-0.000000,0.264962,0.000000,0.000000,0.000000,-8.380134,WAIT_USER_CONFIRM
1.572000,0.554499,-0.000000,0.264962,0.000000,0.000000,0.000000,-8.380134,WAIT_USER_CONFIRM
1.574000,0.554499,-0.000000,0.264962,0.000000,0.000000,0.000000,-8.380134,WAIT_USER_CONFIRM
1.576000,0.554499,-0.000000,0.264962,0.000000,0.000000,0.000000,-8.380134,WAIT_USER_CONFIRM
1.578000,0.554499,-0.000000,0.264962,0.000000,0.000000,0.000000,-8.380134,WAIT_USER_CONFIRM
1.580000,0.554499,-0.000000,0.264962,0.000000,0.000000,0.000000,-8.380134,WAIT_USER_CONFIRM
1.582000,0.554499,-0.000000,0.264962,0.000000,0.000000,0.000000,-8.380134,WAIT_USER_CONFIRM
1.584000,0.554499,-0.000000,0.264962,0.000000,0.000000,0.000000,-8.380134,WAIT_USER_CONFIRM
1.586000,0.554499,-0.000000,0.264962,0.000000,0.000000,0.000000,-8.380134,WAIT_USER_CONFIRM
1.588000,0.554499,-0.000000,0.264962,0.000000,0.000000,0.000000,-8.380134,WAIT_USER_CONFIRM
1.590000,0.554499,-0.000000,0.264962,0.000000,0.000000,0.000000,-8.380134,WAIT_USER_CONFIRM
1.592000,0.554499,-0.000000,0.264962,0.000000,0.000000,0.000000,-8.380134,WAIT_USER_CONFIRM
1.594000,0.554499,-0.000000,0.264962,0.000000,0.000000,0.000000,-8.380134,WAIT_USER_CONFIRM
1.596000,0.554499,-0.000000,0.264962,0.000000,0.000000,0.000000,-8.380134,WAIT_USER_CONFIRM
1.598000,0.554499,-0.000000,0.264962,0.000000,0.000000,0.000000,-8.380134,WAIT_USER_CONFIRM
1.600000,0.554499,-0.000000,0.264962,0.000000,0.000000,0.000000,-8.380134,WAIT_USER_CONFIRM
1.602000,0.554499,-0.000000,0.264962,0.000000,0.000000,0.000000,-8.380134,WAIT_USER_CONFIRM
1.604000,0.554499,-0.000000,0.264962,0.000000,0.000000,0.000000,-8.380134,WAIT_USER_CONFIRM
1.606000,0.554499,-0.000000,0.264962,0.000000,0.000000,0.000000,-8.380134,WAIT_USER_CONFIRM
1.608000,0.554499,-0.000000,0.264962,0.000000,0.000000,0.000000,-8.380134,WAIT_USER_CONFIRM
1.610000,0.554499,-0.000000,0.264962,0.000000,0.000000,0.000000,-8.380134,WAIT_USER_CONFIRM
1.612000,0.554499,-0.000000,0.264962,0.000000,0.000000,0.000000,-8.380134,WAIT_USER_CONFIRM
1.614000,0.554499,-0.000000,0.264962,0.000000,0.000000,0.000000,-8.380134,WAIT_USER_CONFIRM
1.616000,0.554499,-0.000000,0.264962,0.000000,0.000000,0.000000,-8.380134,WAIT_USER_CONFIRM
1.618000,0.554499,-0.000000,0.264962,0.000000,0.000000,0.000000,-8.380134,WAIT_USER_CONFIRM
1.620000,0.554499,-0.000000,0.264962,0.000000,0.000000,0.000000,-8.380134,WAIT_USER_CONFIRM
1.622000,0.554499,-0.000000,0.264962,0.000000,0.000000,0.000000,-8.380134,WAIT_USER_CONFIRM
1.624000,0.554499,-0.000000,0.264962,0.000000,0.000000,0.000000,-8.380134,WAIT_USER_CONFIRM
1.626000,0.554499,-0.000000,0.264962,0.000000,0.000000,0.000000,-8.380134,WAIT_USER_CONFIRM
1.628000,0.554499,-0.000000,0.264962,0.000000,0.000000,0.000000,-8.380134,WAIT_USER_CONFIRM
1.630000,0.554499,-0.000000,0.264962,0.000000,0.000000,0.000000,-8.380134,WAIT_USER_CONFIRM
1.632000,0.554499,-0.000000,0.264962,0.000000,0.000000,0.000000,-8.380134,WAIT_USER_CONFIRM
1.634000,0.554499,-0.000000,0.264962,0.000000,0.000000,0.000000,-8.380134,WAIT_USER_CONFIRM
1.636000,0.554499,-0.000000,0.264962,0.000000,0.000000,0.000000,-8.380134,WAIT_USER_CONFIRM
1.638000,0.554499,-0.000000,0.264962,0.000000,0.000000,0.000000,-8.380134,WAIT_USER_CONFIRM
1.640000,0.554499,-0.000000,0.264962,0.000000,0.000000,0.000000,-8.380134,WAIT_USER_CONFIRM
1.642000,0.554499,-0.000000,0.264962,0.000000,0.000000,0.000000,-8.380134,WAIT_USER_CONFIRM
1.644000,0.554499,-0.000000,0.264962,0.000000,0.000000,0.000000,-8.380134,WAIT_USER_CONFIRM
1.646000,0.554499,-0.000000,0.264962,0.000000,0.000000,0.000000,-8.380134,WAIT_USER_CONFIRM
1.648000,0.554499,-0.000000,0.264962,0.000000,0.000000,0.000000,-8.380134,WAIT_USER_CONFIRM
1.650000,0.554499,-0.000000,0.264962,0.000000,0.000000,0.000000,-8.380134,WAIT_USER_CONFIRM
1.652000,0.554499,-0.000000,0.264962,0.000000,0.000000,0.000000,-8.380134,WAIT_USER_CONFIRM
1.654000,0.554499,-0.000000,0.264962,0.000000,0.000000,0.000000,-8.380134,WAIT_USER_CONFIRM
1.656000,0.554499,-0.000000,0.264962,0.000000,0.000000,0.000000,-8.380134,WAIT_USER_CONFIRM
1.658000,0.554499,-0.000000,0.264962,0.000000,0.000000,0.000000,-8.380134,WAIT_USER_CONFIRM
1.660000,0.554499,-0.000000,0.264962,0.000000,0.000000,0.000000,-8.380134,WAIT_USER_CONFIRM
1.662000,0.554499,-0.000000,0.264962,0.000000,0.000000,0.000000,-8.380134,WAIT_USER_CONFIRM
1.664000,0.554499,-0.000000,0.264962,0.000000,0.000000,0.000000,-8.380134,WAIT_USER_CONFIRM
1.666000,0.554499,-0.000000,0.264962,0.000000,0.000000,0.000000,-8.380134,WAIT_USER_CONFIRM
1.668000,0.554499,-0.000000,0.264962,0.000000,0.000000,0.000000,-8.380134,WAIT_USER_CONFIRM
1.670000,0.554499,-0.000000,0.264962,0.000000,0.000000,0.000000,-8.380134,WAIT_USER_CONFIRM
1.672000,0.554499,-0.000000,0.264962,0.000000,0.000000,0.000000,-8.380134,WAIT_USER_CONFIRM
1.674000,0.554499,-0.000000,0.264962,0.000000,0.000000,0.000000,-8.380134,WAIT_USER_CONFIRM
1.676000,0.554499,-0.000000,0.264962,0.000000,0.000000,0.000000,-8.380134,WAIT_USER_CONFIRM
1.678000,0.554499,-0.000000,0.264962,0.000000,0.000000,0.000000,-8.380134,WAIT_USER_CONFIRM
1.680000,0.554499,-0.000000,0.264962,0.000000,0.000000,0.000000,-8.380134,WAIT_USER_CONFIRM
1.682000,0.554499,-0.000000,0.264962,0.000000,0.000000,0.000000,-8.380134,WAIT_USER_CONFIRM
1.684000,0.554499,-0.000000,0.264962,0.000000,0.000000,0.000000,-8.380134,WAIT_USER_CONFIRM
1.686000,0.554499,-0.000000,0.264962,0.000000,0.000000,0.000000,-8.380134,WAIT_USER_CONFIRM
1.688000,0.554499,-0.000000,0.264962,0.000000,0.000000,0.000000,-8.380134,WAIT_USER_CONFIRM
1.690000,0.554499,-0.000000,0.264962,0.000000,0.000000,0.000000,-8.380134,WAIT_USER_CONFIRM
1.692000,0.554499,-0.000000,0.264962,0.000000,0.000000,0.000000,-8.380134,WAIT_USER_CONFIRM
1.694000,0.554499,-0.000000,0.264962,0.000000,0.000000,0.000000,-8.380134,WAIT_USER_CONFIRM
1.696000,0.554499,-0.000000,0.264962,0.000000,0.000000,0.000000,-8.380134,WAIT_USER_CONFIRM
1.698000,0.554499,-0.000000,0.264962,0.000000,0.000000,0.000000,-8.380134,WAIT_USER_CONFIRM
1.700000,0.554499,-0.000000,0.264962,0.000000,0.000000,0.000000,-8.380134,WAIT_USER_CONFIRM
1.702000,0.554499,-0.000000,0.264962,0.000000,0.000000,0.000000,-8.380134,WAIT_USER_CONFIRM
1.704000,0.554499,-0.000000,0.264962,0.000000,0.000000,0.000000,-8.380134,WAIT_USER_CONFIRM
1.706000,0.554499,-0.000000,0.264962,0.000000,0.000000,0.000000,-8.380134,WAIT_USER_CONFIRM
1.708000,0.554499,-0.000000,0.264962,0.000000,0.000000,0.000000,-8.380134,WAIT_USER_CONFIRM
1.710000,0.554499,-0.000000,0.264962,0.000000,0.000000,0.000000,-8.380134,WAIT_USER_CONFIRM
1.712000,0.554499,-0.000000,0.264962,0.000000,0.000000,0.000000,-8.380134,WAIT_USER_CONFIRM
1.714000,0.554499,-0.000000,0.264962,0.000000,0.000000,0.000000,-8.380134,WAIT_USER_CONFIRM
1.716000,0.554499,-0.000000,0.264962,0.000000,0.000000,0.000000,-8.380134,WAIT_USER_CONFIRM
1.718000,0.554499,-0.000000,0.264962,0.000000,0.000000,0.000000,-8.380134,WAIT_USER_CONFIRM
1.720000,0.554499,-0.000000,0.264962,0.000000,0.000000,0.000000,-8.380134,WAIT_USER_CONFIRM
1.722000,0.554499,-0.000000,0.264962,0.000000,0.000000,0.000000,-8.380134,WAIT_USER_CONFIRM
1.724000,0.554499,-0.000000,0.264962,0.000000,0.000000,0.000000,-8.380134,WAIT_USER_CONFIRM
1.726000,0.554499,-0.000000,0.264962,0.000000,0.000000,0.000000,-8.380134,WAIT_USER_CONFIRM
1.728000,0.554499,-0.000000,0.264962,0.000000,0.000000,0.000000,-8.380134,WAIT_USER_CONFIRM
1.730000,0.554499,-0.000000,0.264962,0.000000,0.000000,0.000000,-8.380134,WAIT_USER_CONFIRM
1.732000,0.554499,-0.000000,0.264962,0.000000,0.000000,0.000000,-8.380134,WAIT_USER_CONFIRM
1.734000,0.554499,-0.000000,0.264962,0.000000,0.000000,0.000000,-8.380134,WAIT_USER_CONFIRM
1.736000,0.554499,-0.000000,0.264962,0.000000,0.000000,0.000000,-8.380134,WAIT_USER_CONFIRM
1.738000,0.554499,-0.000000,0.264962,0.000000,0.000000,0.000000,-8.380134,WAIT_USER_CONFIRM
1.740000,0.554499,-0.000000,0.264962,0.000000,0.000000,0.000000,-8.380134,WAIT_USER_CONFIRM
1.742000,0.554499,-0.000000,0.264962,0.000000,0.000000,0.000000,-8.380134,WAIT_USER_CONFIRM
1.744000,0.554499,-0.000000,0.264962,0.000000,0.000000,0.000000,-8.380134,WAIT_USER_CONFIRM
1.746000,0.554499,-0.000000,0.264962,0.000000,0.000000,0.000000,-8.380134,WAIT_USER_CONFIRM
1.748000,0.554499,-0.000000,0.264962,0.000000,0.000000,0.000000,-8.380134,WAIT_USER_CONFIRM
1.750000,0.554499,-0.000000,0.264962,0.000000,0.000000,0.000000,-8.380134,WAIT_USER_CONFIRM
1.752000,0.554499,-0.000000,0.264962,0.000000,0.000000,0.000000,-8.380134,WAIT_USER_CONFIRM
1.754000,0.554499,-0.000000,0.264962,0.000000,0.000000,0.000000,-8.380134,WAIT_USER_CONFIRM
1.756000,0.554499,-0.000000,0.264962,0.000000,0.000000,0.000000,-8.380134,WAIT_USER_CONFIRM
1.758000,0.554499,-0.000000,0.264962,0.000000,0.000000,0.000000,-8.380134,WAIT_USER_CONFIRM
1.760000,0.554499,-0.000000,0.264962,0.000000,0.000000,0.000000,-8.380134,WAIT_USER_CONFIRM
1.762000,0.554499,-0.000000,0.264962,0.000000,0.000000,0.000000,-8.380134,WAIT_USER_CONFIRM
1.764000,0.554499,-0.000000,0.264962,0.000000,0.000000,0.000000,-8.380134,WAIT_USER_CONFIRM
1.766000,0.554499,-0.000000,0.264962,0.000000,0.000000,0.000000,-8.380134,WAIT_USER_CONFIRM
1.768000,0.554499,-0.000000,0.264962,0.000000,0.000000,0.000000,-8.380134,WAIT_USER_CONFIRM
1.770000,0.554499,-0.000000,0.264962,0.000000,0.000000,0.000000,-8.380134,WAIT_USER_CONFIRM
1.772000,0.554499,-0.000000,0.264962,0.000000,0.000000,0.000000,-8.380134,WAIT_USER_CONFIRM
1.774000,0.554499,-0.000000,0.264962,0.000000,0.000000,0.000000,-8.380134,WAIT_USER_CONFIRM
1.776000,0.554499,-0.000000,0.264962,0.000000,0.000000,0.000000,-8.380134,WAIT_USER_CONFIRM
1.778000,0.554499,-0.000000,0.264962,0.000000,0.000000,0.000000,-8.380134,WAIT_USER_CONFIRM
1.780000,0.554499,-0.000000,0.264962,0.000000,0.000000,0.000000,-8.380134,WAIT_USER_CONFIRM
1.782000,0.554499,-0.000000,0.264962,0.000000,0.000000,0.000000,-8.380134,WAIT_USER_CONFIRM
1.784000,0.554499,-0.000000,0.264962,0.000000,0.000000,0.000000,-8.380134,WAIT_USER_CONFIRM
1.786000,0.554499,-0.000000,0.264962,0.000000,0.000000,0.000000,-8.380134,WAIT_USER_CONFIRM
1.788000,0.554499,-0.000000,0.264962,0.000000,0.000000,0.000000,-8.380134,WAIT_USER_CONFIRM
1.790000,0.554499,-0.000000,0.264962,0.000000,0.000000,0.000000,-8.380134,WAIT_USER_CONFIRM
1.792000,0.554499,-0.000000,0.264962,0.000000,0.000000,0.000000,-8.380134,WAIT_USER_CONFIRM
1.794000,0.554499,-0.000000,0.264962,0.000000,0.000000,0.000000,-8.380134,WAIT_USER_CONFIRM
1.796000,0.554499,-0.000000,0.264962,0.000000,0.000000,0.000000,-8.380134,WAIT_USER_CONFIRM
1.798000,0.554499,-0.000000,0.264962,0.000000,0.000000,0.000000,-8.380134,WAIT_USER_CONFIRM
1.800000,0.554499,-0.000000,0.264962,0.000000,0.000000,0.000000,-8.380134,WAIT_USER_CONFIRM
1.802000,0.554499,-0.000000,0.264962,0.000000,0.000000,0.000000,-8.380134,WAIT_USER_CONFIRM
1.804000,0.554499,-0.000000,0.264962,0.000000,0.000000,0.000000,-8.380134,WAIT_USER_CONFIRM
1.806000,0.554499,-0.000000,0.264962,0.000000,0.000000,0.000000,-8.380134,WAIT_USER_CONFIRM
1.808000,0.554499,-0.000000,0.264962,0.000000,0.000000,0.000000,-8.380134,WAIT_USER_CONFIRM
1.810000,0.554499,-0.000000,0.264962,0.000000,0.000000,0.000000,-8.380134,WAIT_USER_CONFIRM
1.812000,0.554499,-0.000000,0.264962,0.000000,0.000000,0.000000,-8.380134,WAIT_USER_CONFIRM
1.814000,0.554499,-0.000000,0.264962,0.000000,0.000000,0.000000,-8.380134,WAIT_USER_CONFIRM
1.816000,0.554499,-0.000000,0.264962,0.000000,0.000000,0.000000,-8.380134,WAIT_USER_CONFIRM
1.818000,0.554499,-0.000000,0.264962,0.000000,0.000000,0.000000,-8.380134,WAIT_USER_CONFIRM
1.820000,0.554499,-0.000000,0.264962,0.000000,0.000000,0.000000,-8.380134,WAIT_USER_CONFIRM
1.822000,0.554499,-0.000000,0.264962,0.000000,0.000000,0.000000,-8.380134,WAIT_USER_CONFIRM
1.824000,0.554499,-0.000000,0.264962,0.000000,0.000000,0.000000,-8.380134,WAIT_USER_CONFIRM
1.826000,0.554499,-0.000000,0.264962,0.000000,0.000000,0.000000,-8.380134,WAIT_USER_CONFIRM
1.828000,0.554499,-0.000000,0.264962,0.000000,0.000000,0.000000,-8.380134,WAIT_USER_CONFIRM
1.830000,0.554499,-0.000000,0.264962,0.000000,0.000000,0.000000,-8.380134,WAIT_USER_CONFIRM
1.832000,0.554499,-0.000000,0.264962,0.000000,0.000000,0.000000,-8.380134,WAIT_USER_CONFIRM
1.834000,0.554499,-0.000000,0.264962,0.000000,0.000000,0.000000,-8.380134,WAIT_USER_CONFIRM
1.836000,0.554499,-0.000000,0.264962,0.000000,0.000000,0.000000,-8.380134,WAIT_USER_CONFIRM
1.838000,0.554499,-0.000000,0.264962,0.000000,0.000000,0.000000,-8.380134,WAIT_USER_CONFIRM
1.840000,0.554499,-0.000000,0.264962,0.000000,0.000000,0.000000,-8.380134,WAIT_USER_CONFIRM
1.842000,0.554499,-0.000000,0.264962,0.000000,0.000000,0.000000,-8.380134,WAIT_USER_CONFIRM
1.844000,0.554499,-0.000000,0.264962,0.000000,0.000000,0.000000,-8.380134,WAIT_USER_CONFIRM
1.846000,0.554499,-0.000000,0.264962,0.000000,0.000000,0.000000,-8.380134,WAIT_USER_CONFIRM
1.848000,0.554499,-0.000000,0.264962,0.000000,0.000000,0.000000,-8.380134,WAIT_USER_CONFIRM
1.850000,0.554499,-0.000000,0.264962,0.000000,0.000000,0.000000,-8.380134,WAIT_USER_CONFIRM
1.852000,0.554499,-0.000000,0.264962,0.000000,0.000000,0.000000,-8.380134,WAIT_USER_CONFIRM
1.854000,0.554499,-0.000000,0.264962,0.000000,0.000000,0.000000,-8.380134,WAIT_USER_CONFIRM
1.856000,0.554499,-0.000000,0.264962,0.000000,0.000000,0.000000,-8.380134,WAIT_USER_CONFIRM
1.858000,0.554499,-0.000000,0.264962,0.000000,0.000000,0.000000,-8.380134,WAIT_USER_CONFIRM
1.860000,0.554499,-0.000000,0.264962,0.000000,0.000000,0.000000,-8.380134,WAIT_USER_CONFIRM
1.862000,0.554499,-0.000000,0.264962,0.000000,0.000000,0.000000,-8.380134,WAIT_USER_CONFIRM
1.864000,0.554499,-0.000000,0.264962,0.000000,0.000000,0.000000,-8.380134,WAIT_USER_CONFIRM
1.866000,0.554499,-0.000000,0.264962,0.000000,0.000000,0.000000,-8.380134,WAIT_USER_CONFIRM
1.868000,0.554499,-0.000000,0.264962,0.000000,0.000000,0.000000,-8.380134,WAIT_USER_CONFIRM
1.870000,0.554499,-0.000000,0.264962,0.000000,0.000000,0.000000,-8.380134,WAIT_USER_CONFIRM
1.872000,0.554499,-0.000000,0.264962,0.000000,0.000000,0.000000,-8.380134,WAIT_USER_CONFIRM
1.874000,0.554499,-0.000000,0.264962,0.000000,0.000000,0.000000,-8.380134,WAIT_USER_CONFIRM
1.876000,0.554499,-0.000000,0.264962,0.000000,0.000000,0.000000,-8.380134,WAIT_USER_CONFIRM
1.878000,0.554499,-0.000000,0.264962,0.000000,0.000000,0.000000,-8.380134,WAIT_USER_CONFIRM
1.880000,0.554499,-0.000000,0.264962,0.000000,0.000000,0.000000,-8.380134,WAIT_USER_CONFIRM
1.882000,0.554499,-0.000000,0.264962,0.000000,0.000000,0.000000,-8.380134,WAIT_USER_CONFIRM
1.884000,0.554499,-0.000000,0.264962,0.000000,0.000000,0.000000,-8.380134,WAIT_USER_CONFIRM
1.886000,0.554499,-0.000000,0.264962,0.000000,0.000000,0.000000,-8.380134,WAIT_USER_CONFIRM
1.888000,0.554499,-0.000000,0.264962,0.000000,0.000000,0.000000,-8.380134,WAIT_USER_CONFIRM
1.890000,0.554499,-0.000000,0.264962,0.000000,0.000000,0.000000,-8.380134,WAIT_USER_CONFIRM
1.892000,0.554499,-0.000000,0.264962,0.000000,0.000000,0.000000,-8.380134,WAIT_USER_CONFIRM
1.894000,0.554499,-0.000000,0.264962,0.000000,0.000000,0.000000,-8.380134,WAIT_USER_CONFIRM
1.896000,0.554499,-0.000000,0.264962,0.000000,0.000000,0.000000,-8.380134,WAIT_USER_CONFIRM
1.898000,0.554499,-0.000000,0.264962,0.000000,0.000000,0.000000,-8.380134,WAIT_USER_CONFIRM
1.900000,0.554499,-0.000000,0.264962,0.000000,0.000000,0.000000,-8.380134,WAIT_USER_CONFIRM
1.902000,0.554499,-0.000000,0.264962,0.000000,0.000000,0.000000,-8.380134,WAIT_USER_CONFIRM
1.904000,0.554499,-0.000000,0.264962,0.000000,0.000000,0.000000,-8.380134,WAIT_USER_CONFIRM
1.906000,0.554499,-0.000000,0.264962,0.000000,0.000000,0.000000,-8.380134,WAIT_USER_CONFIRM
1.908000,0.554499,-0.000000,0.264962,0.000000,0.000000,0.000000,-8.380134,WAIT_USER_CONFIRM
1.910000,0.554499,-0.000000,0.264962,0.000000,0.000000,0.000000,-8.380134,WAIT_USER_CONFIRM
1.912000,0.554499,-0.000000,0.264962,0.000000,0.000000,0.000000,-8.380134,WAIT_USER_CONFIRM
1.914000,0.554499,-0.000000,0.264962,0.000000,0.000000,0.000000,-8.380134,WAIT_USER_CONFIRM
1.916000,0.554499,-0.000000,0.264962,0.000000,0.000000,0.000000,-8.380134,WAIT_USER_CONFIRM
1.918000,0.554499,-0.000000,0.264962,0.000000,0.000000,0.000000,-8.380134,WAIT_USER_CONFIRM
1.920000,0.554499,-0.000000,0.264962,0.000000,0.000000,0.000000,-8.380134,WAIT_USER_CONFIRM
1.922000,0.554499,-0.000000,0.264962,0.000000,0.000000,0.000000,-8.380134,WAIT_USER_CONFIRM
1.924000,0.554499,-0.000000,0.264962,0.000000,0.000000,0.000000,-8.380134,WAIT_USER_CONFIRM
1.926000,0.554499,-0.000000,0.264962,0.000000,0.000000,0.000000,-8.380134,WAIT_USER_CONFIRM
1.928000,0.554499,-0.000000,0.264962,0.000000,0.000000,0.000000,-8.380134,WAIT_USER_CONFIRM
1.930000,0.554499,-0.000000,0.264962,0.000000,0.000000,0.000000,-8.380134,WAIT_USER_CONFIRM
1.932000,0.554499,-0.000000,0.264962,0.000000,0.000000,0.000000,-8.380134,WAIT_USER_CONFIRM
1.934000,0.554499,-0.000000,0.264962,0.000000,0.000000,0.000000,-8.380134,WAIT_USER_CONFIRM
1.936000,0.554499,-0.000000,0.264962,0.000000,0.000000,0.000000,-8.380134,WAIT_USER_CONFIRM
1.938000,0.554499,-0.000000,0.264962,0.000000,0.000000,0.000000,-8.380134,WAIT_USER_CONFIRM
1.940000,0.554499,-0.000000,0.264962,0.000000,0.000000,0.000000,-8.380134,WAIT_USER_CONFIRM
1.942000,0.554499,-0.000000,0.264962,0.000000,0.000000,0.000000,-8.380134,WAIT_USER_CONFIRM
1.944000,0.554499,-0.000000,0.264962,0.000000,0.000000,0.000000,-8.380134,WAIT_USER_CONFIRM
1.946000,0.554499,-0.000000,0.264962,0.000000,0.000000,0.000000,-8.380134,WAIT_USER_CONFIRM
1.948000,0.554499,-0.000000,0.264962,0.000000,0.000000,0.000000,-8.380134,WAIT_USER_CONFIRM
1.950000,0.554499,-0.000000,0.264962,0.000000,0.000000,0.000000,-8.380134,WAIT_USER_CONFIRM
1.952000,0.554499,-0.000000,0.264962,0.000000,0.000000,0.000000,-8.380134,WAIT_USER_CONFIRM
1.954000,0.554499,-0.000000,0.264962,0.000000,0.000000,0.000000,-8.380134,WAIT_USER_CONFIRM
1.956000,0.554499,-0.000000,0.264962,0.000000,0.000000,0.000000,-8.380134,WAIT_USER_CONFIRM
1.958000,0.554499,-0.000000,0.264962,0.000000,0.000000,0.000000,-8.380134,WAIT_USER_CONFIRM
1.960000,0.554499,-0.000000,0.264962,0.000000,0.000000,0.000000,-8.380134,WAIT_USER_CONFIRM
1.962000,0.554499,-0.000000,0.264962,0.000000,0.000000,0.000000,-8.380134,WAIT_USER_CONFIRM
1.964000,0.554499,-0.000000,0.264962,0.000000,0.000000,0.000000,-8.380134,WAIT_USER_CONFIRM
1.966000,0.554499,-0.000000,0.264962,0.000000,0.000000,0.000000,-8.380134,WAIT_USER_CONFIRM
1.968000,0.554499,-0.000000,0.264962,0.000000,0.000000,0.000000,-8.380134,WAIT_USER_CONFIRM
1.970000,0.554499,-0.000000,0.264962,0.000000,0.000000,0.000000,-8.380134,WAIT_USER_CONFIRM
1.972000,0.554499,-0.000000,0.264962,0.000000,0.000000,0.000000,-8.380134,WAIT_USER_CONFIRM
1.974000,0.554499,-0.000000,0.264962,0.000000,0.000000,0.000000,-8.380134,WAIT_USER_CONFIRM
1.976000,0.554499,-0.000000,0.264962,0.000000,0.000000,0.000000,-8.380134,WAIT_USER_CONFIRM
1.978000,0.554499,-0.000000,0.264962,0.000000,0.000000,0.000000,-8.380134,WAIT_USER_CONFIRM
1.980000,0.554499,-0.000000,0.264962,0.000000,0.000000,0.000000,-8.380134,WAIT_USER_CONFIRM
1.982000,0.554499,-0.000000,0.264962,0.000000,0.000000,0.000000,-8.380134,WAIT_USER_CONFIRM
1.984000,0.554499,-0.000000,0.264962,0.000000,0.000000,0.000000,-8.380134,WAIT_USER_CONFIRM
1.986000,0.554499,-0.000000,0.264962,0.000000,0.000000,0.000000,-8.380134,WAIT_USER_CONFIRM
1.988000,0.554499,-0.000000,0.264962,0.000000,0.000000,0.000000,-8.380134,WAIT_USER_CONFIRM
1.990000,0.554499,-0.000000,0.264962,0.000000,0.000000,0.000000,-8.380134,WAIT_USER_CONFIRM
1.992000,0.554499,-0.000000,0.264962,0.000000,0.000000,0.000000,-8.380134,WAIT_USER_CONFIRM
1.994000,0.554499,-0.000000,0.264962,0.000000,0.000000,0.000000,-8.380134,WAIT_USER_CONFIRM
1.996000,0.554499,-0.000000,0.264962,0.000000,0.000000,0.000000,-8.380134,WAIT_USER_CONFIRM
1.998000,0.554499,-0.000000,0.264962,0.000000,0.000000,0.000000,-8.380134,WAIT_USER_CONFIRM
2.000000,0.554499,-0.000000,0.264962,0.000000,0.000000,0.000000,-8.380134,WAIT_USER_CONFIRM
2.002000,0.554499,-0.000000,0.264962,0.000000,0.000000,0.000000,-8.380134,WAIT_USER_CONFIRM
2.004000,0.554499,-0.000000,0.264962,0.000000,0.000000,0.000000,-8.380134,WAIT_USER_CONFIRM
2.006000,0.554499,-0.000000,0.264962,0.000000,0.000000,0.000000,-8.380134,WAIT_USER_CONFIRM
2.008000,0.554499,-0.000000,0.264962,0.000000,0.000000,0.000000,-8.380134,WAIT_USER_CONFIRM
2.010000,0.554499,-0.000000,0.264962,0.000000,0.000000,0.000000,-8.380134,WAIT_USER_CONFIRM
2.012000,0.554499,-0.000000,0.264962,0.000000,0.000000,0.000000,-8.380134,WAIT_USER_CONFIRM
2.014000,0.554499,-0.000000,0.264962,0.000000,0.000000,0.000000,-8.380134,WAIT_USER_CONFIRM
2.016000,0.554499,-0.000000,0.264962,0.000000,0.000000,0.000000,-8.380134,WAIT_USER_CONFIRM
2.018000,0.554499,-0.000000,0.264962,0.000000,0.000000,0.000000,-8.380134,WAIT_USER_CONFIRM
2.020000,0.554499,-0.000000,0.264962,0.000000,0.000000,0.000000,-8.380134,WAIT_USER_CONFIRM
2.022000,0.554499,-0.000000,0.264962,0.000000,0.000000,0.000000,-8.380134,WAIT_USER_CONFIRM
2.024000,0.554499,-0.000000,0.264962,0.000000,0.000000,0.000000,-8.380134,WAIT_USER_CONFIRM
2.026000,0.554499,-0.000000,0.264962,0.000000,0.000000,0.000000,-8.380134,WAIT_USER_CONFIRM
2.028000,0.554499,-0.000000,0.264962,0.000000,0.000000,0.000000,-8.380134,WAIT_USER_CONFIRM
2.030000,0.554499,-0.000000,0.264962,0.000000,0.000000,0.000000,-8.380134,WAIT_USER_CONFIRM
2.032000,0.554499,-0.000000,0.264962,0.000000,0.000000,0.000000,-8.380134,WAIT_USER_CONFIRM
2.034000,0.554499,-0.000000,0.264962,0.000000,0.000000,0.000000,-8.380134,WAIT_USER_CONFIRM
2.036000,0.554499,-0.000000,0.264962,0.000000,0.000000,0.000000,-8.380134,WAIT_USER_CONFIRM
2.038000,0.554499,-0.000000,0.264962,0.000000,0.000000,0.000000,-8.380134,WAIT_USER_CONFIRM
2.040000,0.554499,-0.000000,0.264962,0.000000,0.000000,0.000000,-8.380134,WAIT_USER_CONFIRM
2.042000,0.554499,-0.000000,0.264962,0.000000,0.000000,0.000000,-8.380134,WAIT_USER_CONFIRM
2.044000,0.554499,-0.000000,0.264962,0.000000,0.000000,0.000000,-8.380134,WAIT_USER_CONFIRM
2.046000,0.554499,-0.000000,0.264962,0.000000,0.000000,0.000000,-8.380134,WAIT_USER_CONFIRM
2.048000,0.554499,-0.000000,0.264962,0.000000,0.000000,0.000000,-8.380134,WAIT_USER_CONFIRM
2.050000,0.554499,-0.000000,0.264962,0.000000,0.000000,0.000000,-8.380134,WAIT_USER_CONFIRM
2.052000,0.554499,-0.000000,0.264962,0.000000,0.000000,0.000000,-8.380134,WAIT_USER_CONFIRM
2.054000,0.554499,-0.000000,0.264962,0.000000,0.000000,0.000000,-8.380134,WAIT_USER_CONFIRM
2.056000,0.554499,-0.000000,0.264962,0.000000,0.000000,0.000000,-8.380134,WAIT_USER_CONFIRM
2.058000,0.554499,-0.000000,0.264962,0.000000,0.000000,0.000000,-8.380134,WAIT_USER_CONFIRM
2.060000,0.554499,-0.000000,0.264962,0.000000,0.000000,0.000000,-8.380134,WAIT_USER_CONFIRM
2.062000,0.554499,-0.000000,0.264962,0.000000,0.000000,0.000000,-8.380134,WAIT_USER_CONFIRM
2.064000,0.554499,-0.000000,0.264962,0.000000,0.000000,0.000000,-8.380134,WAIT_USER_CONFIRM
2.066000,0.554499,-0.000000,0.264962,0.000000,0.000000,0.000000,-8.380134,WAIT_USER_CONFIRM
2.068000,0.554499,-0.000000,0.264962,0.000000,0.000000,0.000000,-8.380134,WAIT_USER_CONFIRM
2.070000,0.554499,-0.000000,0.264962,0.000000,0.000000,0.000000,-8.380134,WAIT_USER_CONFIRM
2.072000,0.554499,-0.000000,0.264962,0.000000,0.000000,0.000000,-8.380134,WAIT_USER_CONFIRM
2.074000,0.554499,-0.000000,0.264962,0.000000,0.000000,0.000000,-8.380134,WAIT_USER_CONFIRM
2.076000,0.554499,-0.000000,0.264962,0.000000,0.000000,0.000000,-8.380134,WAIT_USER_CONFIRM
2.078000,0.554499,-0.000000,0.264962,0.000000,0.000000,0.000000,-8.380134,WAIT_USER_CONFIRM
2.080000,0.554499,-0.000000,0.264962,0.000000,0.000000,0.000000,-8.380134,WAIT_USER_CONFIRM
2.082000,0.554499,-0.000000,0.264962,0.000000,0.000000,0.000000,-8.380134,WAIT_USER_CONFIRM
2.084000,0.554499,-0.000000,0.264962,0.000000,0.000000,0.000000,-8.380134,WAIT_USER_CONFIRM
2.086000,0.554499,-0.000000,0.264962,0.000000,0.000000,0.000000,-8.380134,WAIT_USER_CONFIRM
2.088000,0.554499,-0.000000,0.264962,0.000000,0.000000,0.000000,-8.380134,WAIT_USER_CONFIRM
2.090000,0.554499,-0.000000,0.264962,0.000000,0.000000,0.000000,-8.380134,WAIT_USER_CONFIRM
2.092000,0.554499,-0.000000,0.264962,0.000000,0.000000,0.000000,-8.380134,WAIT_USER_CONFIRM
2.094000,0.554499,-0.000000,0.264962,0.000000,0.000000,0.000000,-8.380134,WAIT_USER_CONFIRM
2.096000,0.554499,-0.000000,0.264962,0.000000,0.000000,0.000000,-8.380134,WAIT_USER_CONFIRM
2.098000,0.554499,-0.000000,0.264962,0.000000,0.000000,0.000000,-8.380134,WAIT_USER_CONFIRM
2.100000,0.554499,-0.000000,0.264962,0.000000,0.000000,0.000000,-8.380134,WAIT_USER_CONFIRM
2.102000,0.554499,-0.000000,0.264962,0.000000,0.000000,0.000000,-8.380134,WAIT_USER_CONFIRM
2.104000,0.554499,-0.000000,0.264962,0.000000,0.000000,0.000000,-8.380134,WAIT_USER_CONFIRM
2.106000,0.554499,-0.000000,0.264962,0.000000,0.000000,0.000000,-8.380134,WAIT_USER_CONFIRM
2.108000,0.554499,-0.000000,0.264962,0.000000,0.000000,0.000000,-8.380134,WAIT_USER_CONFIRM
2.110000,0.554499,-0.000000,0.264962,0.000000,0.000000,0.000000,-8.380134,WAIT_USER_CONFIRM
2.112000,0.554499,-0.000000,0.264962,0.000000,0.000000,0.000000,-8.380134,WAIT_USER_CONFIRM
2.114000,0.554499,-0.000000,0.264962,0.000000,0.000000,0.000000,-8.380134,WAIT_USER_CONFIRM
2.116000,0.554499,-0.000000,0.264962,0.000000,0.000000,0.000000,-8.380134,WAIT_USER_CONFIRM
2.118000,0.554499,-0.000000,0.264962,0.000000,0.000000,0.000000,-8.380134,WAIT_USER_CONFIRM
2.120000,0.554499,-0.000000,0.264962,0.000000,0.000000,0.000000,-8.380134,WAIT_USER_CONFIRM
2.122000,0.554499,-0.000000,0.264962,0.000000,0.000000,0.000000,-8.380134,WAIT_USER_CONFIRM
2.124000,0.554499,-0.000000,0.264962,0.000000,0.000000,0.000000,-8.380134,WAIT_USER_CONFIRM
2.126000,0.554499,-0.000000,0.264962,0.000000,0.000000,0.000000,-8.380134,WAIT_USER_CONFIRM
2.128000,0.554499,-0.000000,0.264962,0.000000,0.000000,0.000000,-8.380134,WAIT_USER_CONFIRM
2.130000,0.554499,-0.000000,0.264962,0.000000,0.000000,0.000000,-8.380134,WAIT_USER_CONFIRM
2.132000,0.554499,-0.000000,0.264962,0.000000,0.000000,0.000000,-8.380134,WAIT_USER_CONFIRM
2.134000,0.554499,-0.000000,0.264962,0.000000,0.000000,0.000000,-8.380134,WAIT_USER_CONFIRM
2.136000,0.554499,-0.000000,0.264962,0.000000,0.000000,0.000000,-8.380134,WAIT_USER_CONFIRM
2.138000,0.554499,-0.000000,0.264962,0.000000,0.000000,0.000000,-8.380134,WAIT_USER_CONFIRM
2.140000,0.554499,-0.000000,0.264962,0.000000,0.000000,0.000000,-8.380134,WAIT_USER_CONFIRM
2.142000,0.554499,-0.000000,0.264962,0.000000,0.000000,0.000000,-8.380134,WAIT_USER_CONFIRM
2.144000,0.554499,-0.000000,0.264962,0.000000,0.000000,0.000000,-8.380134,WAIT_USER_CONFIRM
2.146000,0.554499,-0.000000,0.264962,0.000000,0.000000,0.000000,-8.380134,WAIT_USER_CONFIRM
2.148000,0.554499,-0.000000,0.264962,0.000000,0.000000,0.000000,-8.380134,WAIT_USER_CONFIRM
2.150000,0.554499,-0.000000,0.264962,0.000000,0.000000,0.000000,-8.380134,WAIT_USER_CONFIRM
2.152000,0.554499,-0.000000,0.264962,0.000000,0.000000,0.000000,-8.380134,WAIT_USER_CONFIRM
2.154000,0.554499,-0.000000,0.264962,0.000000,0.000000,0.000000,-8.380134,WAIT_USER_CONFIRM
2.156000,0.554499,-0.000000,0.264962,0.000000,0.000000,0.000000,-8.380134,WAIT_USER_CONFIRM
2.158000,0.554499,-0.000000,0.264962,0.000000,0.000000,0.000000,-8.380134,WAIT_USER_CONFIRM
2.160000,0.554499,-0.000000,0.264962,0.000000,0.000000,0.000000,-8.380134,WAIT_USER_CONFIRM
2.162000,0.554499,-0.000000,0.264962,0.000000,0.000000,0.000000,-8.380134,WAIT_USER_CONFIRM
2.164000,0.554499,-0.000000,0.264962,0.000000,0.000000,0.000000,-8.380134,WAIT_USER_CONFIRM
2.166000,0.554499,-0.000000,0.264962,0.000000,0.000000,0.000000,-8.380134,WAIT_USER_CONFIRM
2.168000,0.554499,-0.000000,0.264962,0.000000,0.000000,0.000000,-8.380134,WAIT_USER_CONFIRM
2.170000,0.554499,-0.000000,0.264962,0.000000,0.000000,0.000000,-8.380134,WAIT_USER_CONFIRM
2.172000,0.554499,-0.000000,0.264962,0.000000,0.000000,0.000000,-8.380134,WAIT_USER_CONFIRM
2.174000,0.554499,-0.000000,0.264962,0.000000,0.000000,0.000000,-8.380134,WAIT_USER_CONFIRM
2.176000,0.554499,-0.000000,0.264962,0.000000,0.000000,0.000000,-8.380134,WAIT_USER_CONFIRM
2.178000,0.554499,-0.000000,0.264962,0.000000,0.000000,0.000000,-8.380134,WAIT_USER_CONFIRM
2.180000,0.554499,-0.000000,0.264962,0.000000,0.000000,0.000000,-8.380134,WAIT_USER_CONFIRM
2.182000,0.554499,-0.000000,0.264962,0.000000,0.000000,0.000000,-8.380134,WAIT_USER_CONFIRM
2.184000,0.554499,-0.000000,0.264962,0.000000,0.000000,0.000000,-8.380134,WAIT_USER_CONFIRM
2.186000,0.554499,-0.000000,0.264962,0.000000,0.000000,0.000000,-8.380134,WAIT_USER_CONFIRM
2.188000,0.554499,-0.000000,0.264962,0.000000,0.000000,0.000000,-8.380134,WAIT_USER_CONFIRM
2.190000,0.554499,-0.000000,0.264962,0.000000,0.000000,0.000000,-8.380134,WAIT_USER_CONFIRM
2.192000,0.554499,-0.000000,0.264962,0.000000,0.000000,0.000000,-8.380134,WAIT_USER_CONFIRM
2.194000,0.554499,-0.000000,0.264962,0.000000,0.000000,0.000000,-8.380134,WAIT_USER_CONFIRM
2.196000,0.554499,-0.000000,0.264962,0.000000,0.000000,0.000000,-8.380134,WAIT_USER_CONFIRM
2.198000,0.554499,-0.000000,0.264962,0.000000,0.000000,0.000000,-8.380134,WAIT_USER_CONFIRM
2.200000,0.554499,-0.000000,0.264962,0.000000,0.000000,0.000000,-8.380134,WAIT_USER_CONFIRM
2.202000,0.554499,-0.000000,0.264962,0.000000,0.000000,0.000000,-8.380134,WAIT_USER_CONFIRM
2.204000,0.554499,-0.000000,0.264962,0.000000,0.000000,0.000000,-8.380134,WAIT_USER_CONFIRM
2.206000,0.554499,-0.000000,0.264962,0.000000,0.000000,0.000000,-8.380134,WAIT_USER_CONFIRM
2.208000,0.554499,-0.000000,0.264962,0.000000,0.000000,0.000000,-8.380134,WAIT_USER_CONFIRM
2.210000,0.554499,-0.000000,0.264962,0.000000,0.000000,0.000000,-8.380134,WAIT_USER_CONFIRM
2.212000,0.554499,-0.000000,0.264962,0.000000,0.000000,0.000000,-8.380134,WAIT_USER_CONFIRM
2.214000,0.554499,-0.000000,0.264962,0.000000,0.000000,0.000000,-8.380134,WAIT_USER_CONFIRM
2.216000,0.554499,-0.000000,0.264962,0.000000,0.000000,0.000000,-8.380134,WAIT_USER_CONFIRM
2.218000,0.554499,-0.000000,0.264962,0.000000,0.000000,0.000000,-8.380134,WAIT_USER_CONFIRM
2.220000,0.554499,-0.000000,0.264962,0.000000,0.000000,0.000000,-8.380134,WAIT_USER_CONFIRM
2.222000,0.554499,-0.000000,0.264962,0.000000,0.000000,0.000000,-8.380134,WAIT_USER_CONFIRM
2.224000,0.554499,-0.000000,0.264962,0.000000,0.000000,0.000000,-8.380134,WAIT_USER_CONFIRM
2.226000,0.554499,-0.000000,0.264962,0.000000,0.000000,0.000000,-8.380134,WAIT_USER_CONFIRM
2.228000,0.554499,-0.000000,0.264962,0.000000,0.000000,0.000000,-8.380134,WAIT_USER_CONFIRM
2.230000,0.554499,-0.000000,0.264962,0.000000,0.000000,0.000000,-8.380134,WAIT_USER_CONFIRM
2.232000,0.554499,-0.000000,0.264962,0.000000,0.000000,0.000000,-8.380134,WAIT_USER_CONFIRM
2.234000,0.554499,-0.000000,0.264962,0.000000,0.000000,0.000000,-8.380134,WAIT_USER_CONFIRM
2.236000,0.554499,-0.000000,0.264962,0.000000,0.000000,0.000000,-8.380134,WAIT_USER_CONFIRM
2.238000,0.554499,-0.000000,0.264962,0.000000,0.000000,0.000000,-8.380134,WAIT_USER_CONFIRM
2.240000,0.554499,-0.000000,0.264962,0.000000,0.000000,0.000000,-8.380134,WAIT_USER_CONFIRM
2.242000,0.554499,-0.000000,0.264962,0.000000,0.000000,0.000000,-8.380134,WAIT_USER_CONFIRM
2.244000,0.554499,-0.000000,0.264962,0.000000,0.000000,0.000000,-8.380134,WAIT_USER_CONFIRM
2.246000,0.554499,-0.000000,0.264962,0.000000,0.000000,0.000000,-8.380134,WAIT_USER_CONFIRM
2.248000,0.554499,-0.000000,0.264962,0.000000,0.000000,0.000000,-8.380134,WAIT_USER_CONFIRM
2.250000,0.554499,-0.000000,0.264962,0.000000,0.000000,0.000000,-8.380134,WAIT_USER_CONFIRM
2.252000,0.554499,-0.000000,0.264962,0.000000,0.000000,0.000000,-8.380134,WAIT_USER_CONFIRM
2.254000,0.554499,-0.000000,0.264962,0.000000,0.000000,0.000000,-8.380134,WAIT_USER_CONFIRM
2.256000,0.554499,-0.000000,0.264962,0.000000,0.000000,0.000000,-8.380134,WAIT_USER_CONFIRM
2.258000,0.554499,-0.000000,0.264962,0.000000,0.000000,0.000000,-8.380134,WAIT_USER_CONFIRM
2.260000,0.554499,-0.000000,0.264962,0.000000,0.000000,0.000000,-8.380134,WAIT_USER_CONFIRM
2.262000,0.554499,-0.000000,0.264962,0.000000,0.000000,0.000000,-8.380134,WAIT_USER_CONFIRM
2.264000,0.554499,-0.000000,0.264962,0.000000,0.000000,0.000000,-8.380134,WAIT_USER_CONFIRM
2.266000,0.554499,-0.000000,0.264962,0.000000,0.000000,0.000000,-8.380134,WAIT_USER_CONFIRM
2.268000,0.554499,-0.000000,0.264962,0.000000,0.000000,0.000000,-8.380134,WAIT_USER_CONFIRM
2.270000,0.554499,-0.000000,0.264962,0.000000,0.000000,0.000000,-8.380134,WAIT_USER_CONFIRM
2.272000,0.554499,-0.000000,0.264962,0.000000,0.000000,0.000000,-8.380134,WAIT_USER_CONFIRM
2.274000,0.554499,-0.000000,0.264962,0.000000,0.000000,0.000000,-8.380134,WAIT_USER_CONFIRM
2.276000,0.554499,-0.000000,0.264962,0.000000,0.000000,0.000000,-8.380134,WAIT_USER_CONFIRM
2.278000,0.554499,-0.000000,0.264962,0.000000,0.000000,0.000000,-8.380134,WAIT_USER_CONFIRM
2.280000,0.554499,-0.000000,0.264962,0.000000,0.000000,0.000000,-8.380134,WAIT_USER_CONFIRM
2.282000,0.554499,-0.000000,0.264962,0.000000,0.000000,0.000000,-8.380134,WAIT_USER_CONFIRM
2.284000,0.554499,-0.000000,0.264962,0.000000,0.000000,0.000000,-8.380134,WAIT_USER_CONFIRM
2.286000,0.554499,-0.000000,0.264962,0.000000,0.000000,0.000000,-8.380134,WAIT_USER_CONFIRM
2.288000,0.554499,-0.000000,0.264962,0.000000,0.000000,0.000000,-8.380134,WAIT_USER_CONFIRM
2.290000,0.554499,-0.000000,0.264962,0.000000,0.000000,0.000000,-8.380134,WAIT_USER_CONFIRM
2.292000,0.554499,-0.000000,0.264962,0.000000,0.000000,0.000000,-8.380134,WAIT_USER_CONFIRM
2.294000,0.554499,-0.000000,0.264962,0.000000,0.000000,0.000000,-8.380134,WAIT_USER_CONFIRM
2.296000,0.554499,-0.000000,0.264962,0.000000,0.000000,0.000000,-8.380134,WAIT_USER_CONFIRM
2.298000,0.554499,-0.000000,0.264962,0.000000,0.000000,0.000000,-8.380134,WAIT_USER_CONFIRM
2.300000,0.554499,-0.000000,0.264962,0.000000,0.000000,0.000000,-8.380134,WAIT_USER_CONFIRM
2.302000,0.554499,-0.000000,0.264962,0.000000,0.000000,0.000000,-8.380134,WAIT_USER_CONFIRM
2.304000,0.554499,-0.000000,0.264962,0.000000,0.000000,0.000000,-8.380134,WAIT_USER_CONFIRM
2.306000,0.554499,-0.000000,0.264962,0.000000,0.000000,0.000000,-8.380134,WAIT_USER_CONFIRM
2.308000,0.554499,-0.000000,0.264962,0.000000,0.000000,0.000000,-8.380134,WAIT_USER_CONFIRM
2.310000,0.554499,-0.000000,0.264962,0.000000,0.000000,0.000000,-8.380134,WAIT_USER_CONFIRM
2.312000,0.554499,-0.000000,0.264962,0.000000,0.000000,0.000000,-8.380134,WAIT_USER_CONFIRM
2.314000,0.554499,-0.000000,0.264962,0.000000,0.000000,0.000000,-8.380134,WAIT_USER_CONFIRM
2.316000,0.554499,-0.000000,0.264962,0.000000,0.000000,0.000000,-8.380134,WAIT_USER_CONFIRM
2.318000,0.554499,-0.000000,0.264962,0.000000,0.000000,0.000000,-8.380134,WAIT_USER_CONFIRM
2.320000,0.554499,-0.000000,0.264962,0.000000,0.000000,0.000000,-8.380134,WAIT_USER_CONFIRM
2.322000,0.554499,-0.000000,0.264962,0.000000,0.000000,0.000000,-8.380134,WAIT_USER_CONFIRM
2.324000,0.554499,-0.000000,0.264962,0.000000,0.000000,0.000000,-8.380134,WAIT_USER_CONFIRM
2.326000,0.554499,-0.000000,0.264962,0.000000,0.000000,0.000000,-8.380134,WAIT_USER_CONFIRM
2.328000,0.554499,-0.000000,0.264962,0.000000,0.000000,0.000000,-8.380134,WAIT_USER_CONFIRM
2.330000,0.554499,-0.000000,0.264962,0.000000,0.000000,0.000000,-8.380134,WAIT_USER_CONFIRM
2.332000,0.554499,-0.000000,0.264962,0.000000,0.000000,0.000000,-8.380134,WAIT_USER_CONFIRM
2.334000,0.554499,-0.000000,0.264962,0.000000,0.000000,0.000000,-8.380134,WAIT_USER_CONFIRM
2.336000,0.554499,-0.000000,0.264962,0.000000,0.000000,0.000000,-8.380134,WAIT_USER_CONFIRM
2.338000,0.554499,-0.000000,0.264962,0.000000,0.000000,0.000000,-8.380134,WAIT_USER_CONFIRM
2.340000,0.554499,-0.000000,0.264962,0.000000,0.000000,0.000000,-8.380134,WAIT_USER_CONFIRM
2.342000,0.554499,-0.000000,0.264962,0.000000,0.000000,0.000000,-8.380134,WAIT_USER_CONFIRM
2.344000,0.554499,-0.000000,0.264962,0.000000,0.000000,0.000000,-8.380134,WAIT_USER_CONFIRM
2.346000,0.554499,-0.000000,0.264962,0.000000,0.000000,0.000000,-8.380134,WAIT_USER_CONFIRM
2.348000,0.554499,-0.000000,0.264962,0.000000,0.000000,0.000000,-8.380134,WAIT_USER_CONFIRM
2.350000,0.554499,-0.000000,0.264962,0.000000,0.000000,0.000000,-8.380134,WAIT_USER_CONFIRM
2.352000,0.554499,-0.000000,0.264962,0.000000,0.000000,0.000000,-8.380134,WAIT_USER_CONFIRM
2.354000,0.554499,-0.000000,0.264962,0.000000,0.000000,0.000000,-8.380134,WAIT_USER_CONFIRM
2.356000,0.554499,-0.000000,0.264962,0.000000,0.000000,0.000000,-8.380134,WAIT_USER_CONFIRM
2.358000,0.554499,-0.000000,0.264962,0.000000,0.000000,0.000000,-8.380134,WAIT_USER_CONFIRM
2.360000,0.554499,-0.000000,0.264962,0.000000,0.000000,0.000000,-8.380134,WAIT_USER_CONFIRM
2.362000,0.554499,-0.000000,0.264962,0.000000,0.000000,0.000000,-8.380134,WAIT_USER_CONFIRM
2.364000,0.554499,-0.000000,0.264962,0.000000,0.000000,0.000000,-8.380134,WAIT_USER_CONFIRM
2.366000,0.554499,-0.000000,0.264962,0.000000,0.000000,0.000000,-8.380134,WAIT_USER_CONFIRM
2.368000,0.554499,-0.000000,0.264962,0.000000,0.000000,0.000000,-8.380134,WAIT_USER_CONFIRM
2.370000,0.554499,-0.000000,0.264962,0.000000,0.000000,0.000000,-8.380134,WAIT_USER_CONFIRM
2.372000,0.554499,-0.000000,0.264962,0.000000,0.000000,0.000000,-8.380134,WAIT_USER_CONFIRM
2.374000,0.554499,-0.000000,0.264962,0.000000,0.000000,0.000000,-8.380134,WAIT_USER_CONFIRM
2.376000,0.554499,-0.000000,0.264962,0.000000,0.000000,0.000000,-8.380134,WAIT_USER_CONFIRM
2.378000,0.554499,-0.000000,0.264962,0.000000,0.000000,0.000000,-8.380134,WAIT_USER_CONFIRM
2.380000,0.554499,-0.000000,0.264962,0.000000,0.000000,0.000000,-8.380134,WAIT_USER_CONFIRM
2.382000,0.554499,-0.000000,0.264962,0.000000,0.000000,0.000000,-8.380134,WAIT_USER_CONFIRM
2.384000,0.554499,-0.000000,0.264962,0.000000,0.000000,0.000000,-8.380134,WAIT_USER_CONFIRM
2.386000,0.554499,-0.000000,0.264962,0.000000,0.000000,0.000000,-8.380134,WAIT_USER_CONFIRM
2.388000,0.554499,-0.000000,0.264962,0.000000,0.000000,0.000000,-8.380134,WAIT_USER_CONFIRM
2.390000,0.554499,-0.000000,0.264962,0.000000,0.000000,0.000000,-8.380134,WAIT_USER_CONFIRM
2.392000,0.554499,-0.000000,0.264962,0.000000,0.000000,0.000000,-8.380134,WAIT_USER_CONFIRM
2.394000,0.554499,-0.000000,0.264962,0.000000,0.000000,0.000000,-8.380134,WAIT_USER_CONFIRM
2.396000,0.554499,-0.000000,0.264962,0.000000,0.000000,0.000000,-8.380134,WAIT_USER_CONFIRM
2.398000,0.554499,-0.000000,0.264962,0.000000,0.000000,0.000000,-8.380134,WAIT_USER_CONFIRM
2.400000,0.554499,-0.000000,0.264962,0.000000,0.000000,0.000000,-8.380134,WAIT_USER_CONFIRM
2.402000,0.554499,-0.000000,0.264962,0.000000,0.000000,0.000000,-8.380134,WAIT_USER_CONFIRM
2.404000,0.554499,-0.000000,0.264962,0.000000,0.000000,0.000000,-8.380134,WAIT_USER_CONFIRM
2.406000,0.554499,-0.000000,0.264962,0.000000,0.000000,0.000000,-8.380134,WAIT_USER_CONFIRM
2.408000,0.554499,-0.000000,0.264962,0.000000,0.000000,0.000000,-8.380134,WAIT_USER_CONFIRM
2.410000,0.554499,-0.000000,0.264962,0.000000,0.000000,0.000000,-8.380134,WAIT_USER_CONFIRM
2.412000,0.554499,-0.000000,0.264962,0.000000,0.000000,0.000000,-8.380134,WAIT_USER_CONFIRM
2.414000,0.554499,-0.000000,0.264962,0.000000,0.000000,0.000000,-8.380134,WAIT_USER_CONFIRM
2.416000,0.554499,-0.000000,0.264962,0.000000,0.000000,0.000000,-8.380134,WAIT_USER_CONFIRM
2.418000,0.554499,-0.000000,0.264962,0.000000,0.000000,0.000000,-8.380134,WAIT_USER_CONFIRM
2.420000,0.554499,-0.000000,0.264962,0.000000,0.000000,0.000000,-8.380134,WAIT_USER_CONFIRM
2.422000,0.554499,-0.000000,0.264962,0.000000,0.000000,0.000000,-8.380134,WAIT_USER_CONFIRM
2.424000,0.554499,-0.000000,0.264962,0.000000,0.000000,0.000000,-8.380134,WAIT_USER_CONFIRM
2.426000,0.554499,-0.000000,0.264962,0.000000,0.000000,0.000000,-8.380134,WAIT_USER_CONFIRM
2.428000,0.554499,-0.000000,0.264962,0.000000,0.000000,0.000000,-8.380134,WAIT_USER_CONFIRM
2.430000,0.554499,-0.000000,0.264962,0.000000,0.000000,0.000000,-8.380134,WAIT_USER_CONFIRM
2.432000,0.554499,-0.000000,0.264962,0.000000,0.000000,0.000000,-8.380134,WAIT_USER_CONFIRM
2.434000,0.554499,-0.000000,0.264962,0.000000,0.000000,0.000000,-8.380134,WAIT_USER_CONFIRM
2.436000,0.554499,-0.000000,0.264962,0.000000,0.000000,0.000000,-8.380134,WAIT_USER_CONFIRM
2.438000,0.554499,-0.000000,0.264962,0.000000,0.000000,0.000000,-8.380134,WAIT_USER_CONFIRM
2.440000,0.554499,-0.000000,0.264962,0.000000,0.000000,0.000000,-8.380134,WAIT_USER_CONFIRM
2.442000,0.554499,-0.000000,0.264962,0.000000,0.000000,0.000000,-8.380134,WAIT_USER_CONFIRM
2.444000,0.554499,-0.000000,0.264962,0.000000,0.000000,0.000000,-8.380134,WAIT_USER_CONFIRM
2.446000,0.554499,-0.000000,0.264962,0.000000,0.000000,0.000000,-8.380134,WAIT_USER_CONFIRM
2.448000,0.554499,-0.000000,0.264962,0.000000,0.000000,0.000000,-8.380134,WAIT_USER_CONFIRM
2.450000,0.554499,-0.000000,0.264962,0.000000,0.000000,0.000000,-8.380134,WAIT_USER_CONFIRM
2.452000,0.554499,-0.000000,0.264962,0.000000,0.000000,0.000000,-8.380134,WAIT_USER_CONFIRM
2.454000,0.554499,-0.000000,0.264962,0.000000,0.000000,0.000000,-8.380134,WAIT_USER_CONFIRM
2.456000,0.554499,-0.000000,0.264962,0.000000,0.000000,0.000000,-8.380134,WAIT_USER_CONFIRM
2.458000,0.554499,-0.000000,0.264962,0.000000,0.000000,0.000000,-8.380134,WAIT_USER_CONFIRM
